Group	Specie	Mz	Sample	CE	C.FAI	C.COI	FA-CO.ratio	FA_Isomer	1st Pos	1st CF	1st C.FAI	1st rel_FAI	2nd Pos	2nd CF	2nd C.FAI	2nd rel_FAI	3rd Pos	TX.CF	C.FAI with TX.CF
Group-1	PC 33:1:0	253.22	20220709_Ultimate_Neg_MSMS_NCE25_S50_C200_1.mzXML	25.0	3108387.0	0.0	0.0	[9.0..9.0]	[0.0..1.0]	[0.901..0.981]	[2800656.8..3049327.8]	[0.71..0.725]	[0.97..1.0]	[0.979..0.981]	[3043110.8..3049327.8]	[0.727..0.727]	[0.973..1.0]	0.8626638	[2416025.2..2630544.8]
Group-1	PC 33:1:0	253.22	20220709_Ultimate_Neg_MSMS_NCE25_S50_C200_1.mzXML	30.0	3463524.8	0.0	0.0	[9.0..9.0]	[0.0..1.0]	[0.912..0.97]	[3158734.5..3359619.0]	[0.695..0.706]	[0.97..1.0]	[0.968..0.97]	[3352692.0..3359619.0]	[0.707..0.708]	[0.973..1.0]	0.8626638	[2724926.0..2898221.8]
Group-1	PC 33:1:0	253.22	20220709_Ultimate_Neg_MSMS_NCE25_S50_C200_1.mzXML	35.0	3156443.8	0.0	0.0	[9.0..9.0]	[0.0..1.0]	[0.936..0.967]	[2954431.2..3052281.2]	[0.677..0.684]	[0.97..1.0]	[0.966..0.967]	[3049124.8..3052281.2]	[0.684..0.684]	[0.973..1.0]	0.8626638	[2548681.0..2633092.5]
Group-1	PC 33:1:0	269.25	20220709_Ultimate_Neg_MSMS_NCE25_S50_C200_1.mzXML	25.0	1165322.6	0.0	0.0	[0.0..0.0]	[0.0..1.0]	[0.983..0.991]	[1145512.1..1154834.8]	[0.275..0.29]	[0.0..0.03]	[0.983..0.983]	[1145512.1..1145512.1]	[0.273..0.273]	[0.0..0.027]	0.8626638	[988191.8..996234.06]
Group-1	PC 33:1:0	269.25	20220709_Ultimate_Neg_MSMS_NCE25_S50_C200_1.mzXML	30.0	1428648.1	0.0	0.0	[0.0..0.0]	[0.0..1.0]	[0.971..0.977]	[1387217.4..1395789.2]	[0.294..0.305]	[0.0..0.03]	[0.971..0.971]	[1387217.4..1387217.4]	[0.292..0.293]	[0.0..0.027]	0.8626638	[1196702.1..1204096.8]
Group-1	PC 33:1:0	269.25	20220709_Ultimate_Neg_MSMS_NCE25_S50_C200_1.mzXML	35.0	1455620.6	0.0	0.0	[0.0..0.0]	[0.0..1.0]	[0.967..0.97]	[1407585.1..1411952.0]	[0.316..0.323]	[0.0..0.03]	[0.967..0.967]	[1407585.1..1407585.1]	[0.316..0.316]	[0.0..0.027]	0.8626638	[1214272.8..1218040.0]
Group-1	PC 35:1:0	269.25	20220709_Ultimate_Neg_MSMS_NCE25_S50_C200_1.mzXML	25.0	1768616.0	0.0	0.0	[0.0..0.0]	[0.0..0.0]	[0.983..0.983]	[1738549.5..1738549.5]	[0.266..0.266]	[0.0..0.0]	[0.983..0.983]	[1738549.5..1738549.5]	[0.266..0.266]	[0.0..0.0]	0.83740646	[1455872.6..1455872.6]
Group-1	PC 35:1:0	269.25	20220709_Ultimate_Neg_MSMS_NCE25_S50_C200_1.mzXML	30.0	1947653.9	0.0	0.0	[0.0..0.0]	[0.0..0.0]	[0.971..0.971]	[1891172.0..1891172.0]	[0.281..0.281]	[0.0..0.0]	[0.971..0.971]	[1891172.0..1891172.0]	[0.281..0.281]	[0.0..0.0]	0.83740646	[1583679.5..1583679.5]
Group-1	PC 35:1:0	269.25	20220709_Ultimate_Neg_MSMS_NCE25_S50_C200_1.mzXML	35.0	2016385.2	0.0	0.0	[0.0..0.0]	[0.0..0.0]	[0.967..0.967]	[1949844.5..1949844.5]	[0.301..0.301]	[0.0..0.0]	[0.967..0.967]	[1949844.5..1949844.5]	[0.301..0.301]	[0.0..0.0]	0.83740646	[1632812.4..1632812.4]
Group-1	PC 35:1:0	281.25	20220709_Ultimate_Neg_MSMS_NCE25_S50_C200_1.mzXML	25.0	4986808.5	0.0	0.0	[9.0..9.0]	[1.0..1.0]	[0.964..0.964]	[4807283.5..4807283.5]	[0.734..0.734]	[1.0..1.0]	[0.964..0.964]	[4807283.5..4807283.5]	[0.734..0.734]	[1.0..1.0]	0.83740646	[4025650.2..4025650.2]
Group-1	PC 35:1:0	281.25	20220709_Ultimate_Neg_MSMS_NCE25_S50_C200_1.mzXML	30.0	5214993.0	0.0	0.0	[9.0..9.0]	[1.0..1.0]	[0.926..0.926]	[4829083.5..4829083.5]	[0.719..0.719]	[1.0..1.0]	[0.926..0.926]	[4829083.5..4829083.5]	[0.719..0.719]	[1.0..1.0]	0.83740646	[4043906.0..4043906.0]
Group-1	PC 35:1:0	281.25	20220709_Ultimate_Neg_MSMS_NCE25_S50_C200_1.mzXML	35.0	4965309.5	0.0	0.0	[9.0..9.0]	[1.0..1.0]	[0.913..0.913]	[4533327.5..4533327.5]	[0.699..0.699]	[1.0..1.0]	[0.913..0.913]	[4533327.5..4533327.5]	[0.699..0.699]	[1.0..1.0]	0.83740646	[3796237.8..3796237.8]
Group-1	PC 37:3:0	269.25	20220709_Ultimate_Neg_MSMS_NCE25_S50_C200_1.mzXML	25.0	1218143.2	0.0	0.0	[0.0..0.0]	[1.0..1.0]	[0.991..0.991]	[1207180.0..1207180.0]	[0.293..0.295]	[0.0..0.05]	[0.991..0.991]	[1207180.0..1207180.0]	[0.268..0.278]	[0.0..0.046]	0.8170164	[986285.9..986285.9]
Group-1	PC 37:3:0	269.25	20220709_Ultimate_Neg_MSMS_NCE25_S50_C200_1.mzXML	30.0	1587242.8	0.0	0.0	[0.0..0.0]	[0.0..1.0]	[0.971..0.977]	[1541212.8..1550736.1]	[0.267..0.321]	[0.0..0.05]	[0.971..0.971]	[1541212.8..1541212.8]	[0.265..0.308]	[0.0..0.046]	0.8170164	[1259196.1..1266976.9]
Group-1	PC 37:3:0	269.25	20220709_Ultimate_Neg_MSMS_NCE25_S50_C200_1.mzXML	35.0	1422510.5	0.0	0.0	[0.0..0.0]	[0.0..0.0]	[0.967..0.967]	[1375567.6..1375567.6]	[0.256..0.33]	[0.0..0.05]	[0.967..0.967]	[1375567.6..1375567.6]	[0.256..0.332]	[0.0..0.046]	0.8170164	[1123861.4..1123861.4]
Group-1	PC 37:3:0	305.25	20220709_Ultimate_Neg_MSMS_NCE25_S50_C200_1.mzXML	25.0	3205869.0	0.0	0.0	[5.0..11.0]	[0.0..0.0]	[0.901..0.907]	[2888488.0..2907723.2]	[0.705..0.707]	[0.95..1.0]	[0.976..1.029]	[3128928.2..3298839.2]	[0.722..0.732]	[0.954..1.0]	0.8170164	[2359942.0..2375657.5]
Group-1	PC 37:3:0	305.25	20220709_Ultimate_Neg_MSMS_NCE25_S50_C200_1.mzXML	30.0	3517693.5	0.0	0.0	[5.0..11.0]	[0.0..1.0]	[0.925..1.213]	[3253866.5..4266962.5]	[0.679..0.733]	[0.95..1.0]	[0.986..1.213]	[3468445.8..4266962.5]	[0.692..0.735]	[0.954..1.0]	0.8170164	[2658462.2..3486178.2]
Group-1	PC 37:3:0	305.25	20220709_Ultimate_Neg_MSMS_NCE25_S50_C200_1.mzXML	35.0	2541680.5	0.0	0.0	[5.0..11.0]	[1.0..1.0]	[1.099..1.57]	[2793306.5..3990438.5]	[0.67..0.744]	[0.95..1.0]	[1.088..1.57]	[2765348.5..3990438.5]	[0.668..0.744]	[0.954..1.0]	0.8170164	[2282177.5..3260253.8]
Group-1	PC 39:4:0	269.25	20220709_Ultimate_Neg_MSMS_NCE25_S50_C200_1.mzXML	25.0	558349.3	0.0	0.0	[0.0..0.0]	[0.0..0.0]	[0.983..0.983]	[548857.4..548857.4]	[0.267..0.268]	[0.0..0.0]	[0.983..0.983]	[548857.4..548857.4]	[0.267..0.268]	[0.0..0.0]	0.7960887	[436939.12..436939.12]
Group-1	PC 39:4:0	269.25	20220709_Ultimate_Neg_MSMS_NCE25_S50_C200_1.mzXML	30.0	684163.3	0.0	0.0	[0.0..0.0]	[0.0..0.0]	[0.971..0.971]	[664322.56..664322.56]	[0.281..0.283]	[0.0..0.0]	[0.971..0.971]	[664322.56..664322.56]	[0.281..0.283]	[0.0..0.0]	0.7960887	[528859.7..528859.7]
Group-1	PC 39:4:0	269.25	20220709_Ultimate_Neg_MSMS_NCE25_S50_C200_1.mzXML	35.0	689901.8	0.0	0.0	[0.0..0.0]	[0.0..0.0]	[0.967..0.967]	[667135.06..667135.06]	[0.304..0.308]	[0.0..0.0]	[0.967..0.967]	[667135.06..667135.06]	[0.304..0.308]	[0.0..0.0]	0.7960887	[531098.7..531098.7]
Group-1	PC 39:4:0	331.26	20220709_Ultimate_Neg_MSMS_NCE25_S50_C200_1.mzXML	25.0	1438633.9	25337.6	0.017612264	[7.2..7.3]	[1.0..1.0]	[1.044..1.046]	[1501933.8..1504811.0]	[0.732..0.733]	[1.0..1.0]	[1.044..1.046]	[1501933.8..1504811.0]	[0.732..0.733]	[1.0..1.0]	0.7960887	[1195672.5..1197963.0]
Group-1	PC 39:4:0	331.26	20220709_Ultimate_Neg_MSMS_NCE25_S50_C200_1.mzXML	30.0	1364431.2	45326.5	0.033220068	[7.0..7.0]	[1.0..1.0]	[1.231..1.245]	[1679614.8..1698716.9]	[0.717..0.719]	[1.0..1.0]	[1.231..1.245]	[1679614.8..1698716.9]	[0.717..0.719]	[1.0..1.0]	0.7960887	[1337122.2..1352329.2]
Group-1	PC 39:4:0	331.26	20220709_Ultimate_Neg_MSMS_NCE25_S50_C200_1.mzXML	35.0	893552.7	38387.9	0.04296098	[7.0..7.3]	[1.0..1.0]	[1.677..1.711]	[1498487.9..1528868.6]	[0.692..0.696]	[1.0..1.0]	[1.677..1.711]	[1498487.9..1528868.6]	[0.692..0.696]	[1.0..1.0]	0.7960887	[1192929.2..1217115.0]
Group-1	PE 31:1:0	225.19	20220709_Ultimate_Neg_MSMS_NCE25_S50_C200_1.mzXML	25.0	1249340.8	0.0	0.0	[7.0..7.0]	[0.0..1.0]	[0.991..0.995]	[1238096.6..1243094.0]	[0.718..0.718]	[0.98..1.0]	[0.995..0.995]	[1243094.0..1243094.0]	[0.719..0.719]	[0.984..1.0]	0.98769516	[1222862.0..1227797.9]
Group-1	PE 31:1:0	225.19	20220709_Ultimate_Neg_MSMS_NCE25_S50_C200_1.mzXML	30.0	1290632.2	0.0	0.0	[7.0..7.0]	[0.0..1.0]	[0.995..1.05]	[1284179.1..1355163.8]	[0.709..0.719]	[0.98..1.0]	[1.049..1.05]	[1353873.2..1355163.8]	[0.72..0.72]	[0.984..1.0]	0.98769516	[1268377.5..1338488.8]
Group-1	PE 31:1:0	225.19	20220709_Ultimate_Neg_MSMS_NCE25_S50_C200_1.mzXML	35.0	1118670.1	0.0	0.0	[7.0..7.0]	[0.0..1.0]	[0.998..1.112]	[1116432.9..1243961.1]	[0.691..0.713]	[0.98..1.0]	[1.11..1.112]	[1241723.9..1243961.1]	[0.714..0.714]	[0.984..1.0]	0.98769516	[1102695.4..1228654.5]
Group-1	PE 31:1:0	269.25	20220709_Ultimate_Neg_MSMS_NCE25_S50_C200_1.mzXML	25.0	488755.8	0.0	0.0	[0.0..0.0]	[0.0..1.0]	[0.993..0.997]	[485334.5..487289.53]	[0.282..0.282]	[0.0..0.02]	[0.993..0.993]	[485334.5..485334.5]	[0.281..0.281]	[0.0..0.016]	0.98769516	[479362.53..481293.5]
Group-1	PE 31:1:0	269.25	20220709_Ultimate_Neg_MSMS_NCE25_S50_C200_1.mzXML	30.0	536463.5	0.0	0.0	[0.0..0.0]	[0.0..1.0]	[0.982..0.986]	[526807.1..528953.0]	[0.281..0.291]	[0.0..0.02]	[0.982..0.982]	[526807.1..526807.1]	[0.28..0.28]	[0.0..0.016]	0.98769516	[520324.84..522444.3]
Group-1	PE 31:1:0	269.25	20220709_Ultimate_Neg_MSMS_NCE25_S50_C200_1.mzXML	35.0	508045.7	0.0	0.0	[0.0..0.0]	[0.0..1.0]	[0.981..0.984]	[498392.8..499916.97]	[0.287..0.309]	[0.0..0.02]	[0.981..0.981]	[498392.8..498392.8]	[0.286..0.286]	[0.0..0.016]	0.98769516	[492260.16..493765.56]
Group-1	PE 33:1:0	253.22	20220709_Ultimate_Neg_MSMS_NCE25_S50_C200_1.mzXML	25.0	2218809.8	0.0	0.0	[9.0..9.0]	[0.0..1.0]	[0.963..1.008]	[2136713.8..2236560.2]	[0.735..0.743]	[1.0..1.0]	[1.008..1.008]	[2236560.2..2236560.2]	[0.744..0.744]	[1.0..1.0]	0.954019	[2038465.6..2133721.0]
Group-1	PE 33:1:0	253.22	20220709_Ultimate_Neg_MSMS_NCE25_S50_C200_1.mzXML	30.0	2287457.2	0.0	0.0	[9.0..9.0]	[0.0..1.0]	[0.983..0.99]	[2248570.5..2264582.8]	[0.719..0.72]	[1.0..1.0]	[0.99..0.99]	[2264582.8..2264582.8]	[0.721..0.721]	[1.0..1.0]	0.954019	[2145179.0..2160455.0]
Group-1	PE 33:1:0	253.22	20220709_Ultimate_Neg_MSMS_NCE25_S50_C200_1.mzXML	35.0	1988197.1	0.0	0.0	[9.0..9.0]	[0.0..1.0]	[0.984..1.021]	[1956386.0..2029949.2]	[0.703..0.71]	[1.0..1.0]	[1.021..1.021]	[2029949.4..2029949.4]	[0.71..0.71]	[1.0..1.0]	0.954019	[1866429.5..1936610.2]
Group-1	PE 33:1:0	269.25	20220709_Ultimate_Neg_MSMS_NCE25_S50_C200_1.mzXML	25.0	776698.0	0.0	0.0	[0.0..0.0]	[0.0..1.0]	[0.993..0.997]	[771261.06..774367.9]	[0.257..0.265]	[0.0..0.0]	[0.993..0.993]	[771261.06..771261.06]	[0.256..0.256]	[0.0..0.0]	0.954019	[735797.75..738761.7]
Group-1	PE 33:1:0	269.25	20220709_Ultimate_Neg_MSMS_NCE25_S50_C200_1.mzXML	30.0	892927.8	0.0	0.0	[0.0..0.0]	[0.0..1.0]	[0.982..0.986]	[876855.1..880426.8]	[0.28..0.281]	[0.0..0.0]	[0.982..0.982]	[876855.1..876855.1]	[0.279..0.279]	[0.0..0.0]	0.954019	[836536.44..839943.94]
Group-1	PE 33:1:0	269.25	20220709_Ultimate_Neg_MSMS_NCE25_S50_C200_1.mzXML	35.0	844135.7	0.0	0.0	[0.0..0.0]	[0.0..1.0]	[0.981..0.984]	[828097.1..830629.56]	[0.29..0.297]	[0.0..0.0]	[0.981..0.981]	[828097.1..828097.1]	[0.29..0.29]	[0.0..0.0]	0.954019	[790020.4..792436.4]
Group-1	PE 35:1:0	269.25	20220709_Ultimate_Neg_MSMS_NCE25_S50_C200_1.mzXML	25.0	1247317.6	0.0	0.0	[0.0..0.0]	[0.0..0.0]	[0.993..0.993]	[1238586.4..1238586.4]	[0.267..0.267]	[0.0..0.0]	[0.993..0.993]	[1238586.4..1238586.4]	[0.267..0.267]	[0.0..0.0]	0.9227341	[1142885.9..1142885.9]
Group-1	PE 35:1:0	269.25	20220709_Ultimate_Neg_MSMS_NCE25_S50_C200_1.mzXML	30.0	1445914.0	0.0	0.0	[0.0..0.0]	[0.0..0.3]	[0.982..0.983]	[1419887.5..1421333.4]	[0.287..0.288]	[0.0..0.0]	[0.982..0.982]	[1419887.5..1419887.5]	[0.287..0.287]	[0.0..0.0]	0.9227341	[1310178.6..1311512.8]
Group-1	PE 35:1:0	269.25	20220709_Ultimate_Neg_MSMS_NCE25_S50_C200_1.mzXML	35.0	1322146.4	0.0	0.0	[0.0..0.0]	[0.3..0.3]	[0.982..0.982]	[1298347.8..1298347.8]	[0.3..0.3]	[0.0..0.0]	[0.982..0.982]	[1298347.8..1298347.8]	[0.3..0.3]	[0.0..0.0]	0.9227341	[1198029.6..1198029.6]
Group-1	PE 35:1:0	281.25	20220709_Ultimate_Neg_MSMS_NCE25_S50_C200_1.mzXML	25.0	3570405.5	0.0	0.0	[9.0..9.0]	[1.0..1.0]	[0.953..0.953]	[3402596.5..3402596.5]	[0.733..0.733]	[1.0..1.0]	[0.953..0.953]	[3402596.5..3402596.5]	[0.733..0.733]	[1.0..1.0]	0.9227341	[3139691.8..3139691.8]
Group-1	PE 35:1:0	281.25	20220709_Ultimate_Neg_MSMS_NCE25_S50_C200_1.mzXML	30.0	3805388.0	0.0	0.0	[9.0..9.0]	[0.7..1.0]	[0.922..0.926]	[3508567.8..3523789.2]	[0.712..0.713]	[1.0..1.0]	[0.926..0.926]	[3523789.2..3523789.2]	[0.713..0.713]	[1.0..1.0]	0.9227341	[3237475.0..3251520.5]
Group-1	PE 35:1:0	281.25	20220709_Ultimate_Neg_MSMS_NCE25_S50_C200_1.mzXML	35.0	3254265.0	0.0	0.0	[9.0..9.0]	[0.7..0.7]	[0.932..0.932]	[3032975.0..3032975.0]	[0.7..0.7]	[1.0..1.0]	[0.932..0.932]	[3032975.0..3032975.0]	[0.7..0.7]	[1.0..1.0]	0.9227341	[2798629.2..2798629.2]
Group-1	PE 37:3:0	269.25	20220709_Ultimate_Neg_MSMS_NCE25_S50_C200_1.mzXML	25.0	782223.5	0.0	0.0	[0.0..0.0]	[0.0..0.0]	[0.993..0.993]	[776747.94..776747.94]	[0.277..0.277]	[0.0..0.01]	[0.993..0.993]	[776747.94..776747.94]	[0.277..0.28]	[0.0..0.008]	0.897656	[697252.44..697252.44]
Group-1	PE 37:3:0	269.25	20220709_Ultimate_Neg_MSMS_NCE25_S50_C200_1.mzXML	30.0	871621.2	0.0	0.0	[0.0..0.0]	[0.0..0.0]	[0.982..0.982]	[855932.06..855932.06]	[0.298..0.3]	[0.0..0.01]	[0.982..0.982]	[855932.0..855932.0]	[0.298..0.301]	[0.0..0.008]	0.897656	[768332.5..768332.5]
Group-1	PE 37:3:0	269.25	20220709_Ultimate_Neg_MSMS_NCE25_S50_C200_1.mzXML	35.0	832287.5	0.0	0.0	[0.0..0.0]	[0.0..0.0]	[0.981..0.981]	[816474.06..816474.06]	[0.303..0.306]	[0.0..0.01]	[0.981..0.981]	[816474.06..816474.06]	[0.303..0.307]	[0.0..0.008]	0.897656	[732912.8..732912.8]
Group-1	PE 37:3:0	305.25	20220709_Ultimate_Neg_MSMS_NCE25_S50_C200_1.mzXML	25.0	2033770.4	6278.1	0.0030869266	[10.6..10.8]	[1.0..1.0]	[0.995..0.999]	[2023601.5..2031736.6]	[0.723..0.723]	[0.99..1.0]	[0.983..0.999]	[1999196.2..2031736.6]	[0.72..0.723]	[0.992..1.0]	0.897656	[1816498.1..1823800.6]
Group-1	PE 37:3:0	305.25	20220709_Ultimate_Neg_MSMS_NCE25_S50_C200_1.mzXML	30.0	1914584.0	10033.7	0.0052406685	[10.6..10.8]	[1.0..1.0]	[1.045..1.055]	[2000740.2..2019886.0]	[0.7..0.702]	[0.99..1.0]	[1.037..1.055]	[1985423.5..2019886.0]	[0.699..0.702]	[0.992..1.0]	0.897656	[1795976.5..1813162.9]
Group-1	PE 37:3:0	305.25	20220709_Ultimate_Neg_MSMS_NCE25_S50_C200_1.mzXML	35.0	1540783.6	11180.9	0.007256632	[10.6..10.8]	[1.0..1.0]	[1.199..1.219]	[1847399.6..1878215.2]	[0.694..0.697]	[0.99..1.0]	[1.194..1.219]	[1839695.6..1878215.2]	[0.693..0.697]	[0.992..1.0]	0.897656	[1658329.4..1685991.2]
Group-1	PE 39:4:0	269.25	20220709_Ultimate_Neg_MSMS_NCE25_S50_C200_1.mzXML	25.0	410177.9	0.0	0.0	[0.0..0.0]	[0.0..0.7]	[0.993..0.996]	[407306.66..408537.2]	[0.286..0.361]	[0.0..0.17]	[0.993..0.994]	[407306.66..407716.84]	[0.285..0.329]	[0.0..0.168]	0.8720794	[355203.72..356276.84]
Group-1	PE 39:4:0	269.25	20220709_Ultimate_Neg_MSMS_NCE25_S50_C200_1.mzXML	30.0	456657.0	0.0	0.0	[0.0..0.0]	[0.0..0.0]	[0.982..0.982]	[448437.16..448437.16]	[0.306..0.315]	[0.0..0.17]	[0.982..0.982]	[448437.16..448437.16]	[0.306..0.339]	[0.0..0.168]	0.8720794	[391072.8..391072.8]
Group-1	PE 39:4:0	269.25	20220709_Ultimate_Neg_MSMS_NCE25_S50_C200_1.mzXML	35.0	419568.9	0.0	0.0	[0.0..0.0]	[0.0..0.7]	[0.981..0.983]	[411597.1..412436.22]	[0.308..0.346]	[0.0..0.17]	[0.981..0.981]	[411597.1..411597.1]	[0.308..0.337]	[0.0..0.168]	0.8720794	[358945.3..359677.12]
Group-1	PE 39:4:0	331.26	20220709_Ultimate_Neg_MSMS_NCE25_S50_C200_1.mzXML	25.0	919984.3	19864.3	0.021591999	[7.7..7.9]	[0.3..1.0]	[0.785..1.111]	[722187.7..1022102.5]	[0.639..0.714]	[0.83..1.0]	[0.905..1.111]	[832585.75..1022102.5]	[0.671..0.715]	[0.832..1.0]	0.8720794	[629805.0..891354.5]
Group-1	PE 39:4:0	331.26	20220709_Ultimate_Neg_MSMS_NCE25_S50_C200_1.mzXML	30.0	715533.6	27283.5	0.038130283	[7.0..7.2]	[1.0..1.0]	[1.361..1.42]	[973841.25..1016057.7]	[0.685..0.694]	[0.83..1.0]	[1.224..1.42]	[875813.1..1016057.7]	[0.661..0.694]	[0.832..1.0]	0.8720794	[849266.9..886083.0]
Group-1	PE 39:4:0	331.26	20220709_Ultimate_Neg_MSMS_NCE25_S50_C200_1.mzXML	35.0	445277.8	23661.5	0.053138737	[7.0..7.0]	[0.3..1.0]	[1.745..2.079]	[777009.8..925732.56]	[0.654..0.692]	[0.83..1.0]	[1.817..2.079]	[809069.8..925732.56]	[0.663..0.692]	[0.832..1.0]	0.8720794	[677614.2..807312.25]
Group-1	PG 31:1:0	225.19	20220709_Ultimate_Neg_MSMS_NCE25_S50_C200_1.mzXML	25.0	1054655.5	0.0	0.0	[7.0..7.0]	[0.0..1.0]	[0.962..0.97]	[1014578.6..1023015.9]	[0.703..0.704]	[0.95..0.97]	[0.97..0.97]	[1023015.9..1023015.9]	[0.705..0.705]	[0.954..0.967]	0.95060706	[964465.56..972486.06]
Group-1	PG 31:1:0	225.19	20220709_Ultimate_Neg_MSMS_NCE25_S50_C200_1.mzXML	30.0	1284503.8	0.0	0.0	[7.0..7.0]	[0.0..1.0]	[0.999..1.011]	[1283219.2..1298633.4]	[0.698..0.699]	[0.95..0.97]	[1.01..1.011]	[1297348.8..1298633.4]	[0.7..0.7]	[0.954..0.967]	0.95060706	[1219837.4..1234490.1]
Group-1	PG 31:1:0	225.19	20220709_Ultimate_Neg_MSMS_NCE25_S50_C200_1.mzXML	35.0	1174224.6	0.0	0.0	[7.0..7.0]	[0.0..1.0]	[1.028..1.054]	[1207102.9..1237632.8]	[0.696..0.699]	[0.95..0.97]	[1.053..1.053]	[1236458.5..1236458.5]	[0.701..0.701]	[0.954..0.967]	0.95060706	[1147480.6..1176502.5]
Group-1	PG 31:1:0	269.25	20220709_Ultimate_Neg_MSMS_NCE25_S50_C200_1.mzXML	25.0	429110.4	0.0	0.0	[0.0..0.0]	[0.0..1.0]	[0.999..1.004]	[428681.3..430826.8]	[0.296..0.297]	[0.03..0.05]	[0.999..0.999]	[428681.3..428681.3]	[0.295..0.295]	[0.033..0.046]	0.95060706	[407507.47..409547.0]
Group-1	PG 31:1:0	269.25	20220709_Ultimate_Neg_MSMS_NCE25_S50_C200_1.mzXML	30.0	562746.5	0.0	0.0	[0.0..0.0]	[0.0..1.0]	[0.987..0.993]	[555430.8..558807.25]	[0.301..0.302]	[0.03..0.05]	[0.987..0.987]	[555430.8..555430.8]	[0.3..0.3]	[0.033..0.046]	0.95060706	[527996.44..531206.1]
Group-1	PG 31:1:0	269.25	20220709_Ultimate_Neg_MSMS_NCE25_S50_C200_1.mzXML	35.0	537973.9	0.0	0.0	[0.0..0.0]	[0.0..1.0]	[0.981..0.989]	[527752.4..532056.2]	[0.301..0.304]	[0.03..0.05]	[0.981..0.981]	[527752.4..527752.4]	[0.299..0.299]	[0.033..0.046]	0.95060706	[501685.12..505776.34]
Group-1	PG 33:1:0	253.22	20220709_Ultimate_Neg_MSMS_NCE25_S50_C200_1.mzXML	25.0	1934489.9	0.0	0.0	[9.0..9.0]	[0.0..1.0]	[0.969..1.015]	[1874520.6..1963507.2]	[0.711..0.719]	[0.97..1.0]	[1.014..1.015]	[1961572.9..1963507.2]	[0.72..0.72]	[0.965..1.0]	0.9195593	[1723732.9..1805561.2]
Group-1	PG 33:1:0	253.22	20220709_Ultimate_Neg_MSMS_NCE25_S50_C200_1.mzXML	30.0	2369147.8	0.0	0.0	[9.0..9.0]	[0.0..1.0]	[0.977..1.013]	[2314657.2..2399946.8]	[0.711..0.717]	[0.97..1.0]	[1.012..1.013]	[2397577.5..2399946.8]	[0.719..0.719]	[0.965..1.0]	0.9195593	[2128464.5..2206893.2]
Group-1	PG 33:1:0	253.22	20220709_Ultimate_Neg_MSMS_NCE25_S50_C200_1.mzXML	35.0	2095202.9	0.0	0.0	[9.0..9.0]	[0.0..1.0]	[0.99..1.02]	[2074250.9..2137107.0]	[0.701..0.705]	[0.97..1.0]	[1.019..1.02]	[2135011.8..2137107.0]	[0.707..0.707]	[0.965..1.0]	0.9195593	[1907396.6..1965196.5]
Group-1	PG 33:1:0	269.25	20220709_Ultimate_Neg_MSMS_NCE25_S50_C200_1.mzXML	25.0	763997.9	0.0	0.0	[0.0..0.0]	[0.0..1.0]	[0.999..1.004]	[763233.9..767053.8]	[0.281..0.289]	[0.0..0.03]	[0.999..0.999]	[763233.9..763233.9]	[0.28..0.28]	[0.0..0.035]	0.9195593	[701838.8..705351.5]
Group-1	PG 33:1:0	269.25	20220709_Ultimate_Neg_MSMS_NCE25_S50_C200_1.mzXML	30.0	951610.8	0.0	0.0	[0.0..0.0]	[0.0..1.0]	[0.987..0.993]	[939239.9..944949.5]	[0.283..0.289]	[0.0..0.03]	[0.987..0.987]	[939239.9..939239.9]	[0.281..0.281]	[0.0..0.035]	0.9195593	[863686.75..868937.1]
Group-1	PG 33:1:0	269.25	20220709_Ultimate_Neg_MSMS_NCE25_S50_C200_1.mzXML	35.0	902362.5	0.0	0.0	[0.0..0.0]	[0.0..1.0]	[0.981..0.989]	[885217.6..892436.56]	[0.295..0.299]	[0.0..0.03]	[0.981..0.981]	[885217.6..885217.6]	[0.293..0.293]	[0.0..0.035]	0.9195593	[814010.06..820648.3]
Group-1	PG 35:1:0	269.25	20220709_Ultimate_Neg_MSMS_NCE25_S50_C200_1.mzXML	25.0	1174043.1	0.0	0.0	[0.0..0.0]	[0.0..0.0]	[1.004..1.004]	[1178739.2..1178739.2]	[0.295..0.295]	[0.03..0.04]	[1.004..1.004]	[1178739.2..1178739.2]	[0.295..0.295]	[0.031..0.042]	0.8906167	[1049804.9..1049804.9]
Group-1	PG 35:1:0	269.25	20220709_Ultimate_Neg_MSMS_NCE25_S50_C200_1.mzXML	30.0	1437876.0	0.0	0.0	[0.0..0.0]	[0.0..0.0]	[0.993..0.993]	[1427810.9..1427810.9]	[0.298..0.298]	[0.03..0.04]	[0.993..0.993]	[1427810.9..1427810.9]	[0.298..0.298]	[0.031..0.042]	0.8906167	[1271632.1..1271632.1]
Group-1	PG 35:1:0	269.25	20220709_Ultimate_Neg_MSMS_NCE25_S50_C200_1.mzXML	35.0	1411951.5	0.0	0.0	[0.0..0.0]	[0.0..0.0]	[0.989..0.989]	[1396420.1..1396420.1]	[0.302..0.302]	[0.03..0.04]	[0.989..0.989]	[1396420.1..1396420.1]	[0.302..0.302]	[0.031..0.042]	0.8906167	[1243675.1..1243675.1]
Group-1	PG 35:1:0	281.25	20220709_Ultimate_Neg_MSMS_NCE25_S50_C200_1.mzXML	25.0	2934268.8	0.0	0.0	[9.0..9.0]	[1.0..1.0]	[0.958..0.958]	[2811029.5..2811029.5]	[0.705..0.705]	[0.96..0.97]	[0.958..0.958]	[2811029.5..2811029.5]	[0.705..0.705]	[0.958..0.969]	0.8906167	[2503549.8..2503549.8]
Group-1	PG 35:1:0	281.25	20220709_Ultimate_Neg_MSMS_NCE25_S50_C200_1.mzXML	30.0	3590805.0	0.0	0.0	[9.0..9.0]	[1.0..1.0]	[0.937..0.937]	[3364584.2..3364584.2]	[0.702..0.702]	[0.96..0.97]	[0.937..0.937]	[3364584.2..3364584.2]	[0.702..0.702]	[0.958..0.969]	0.8906167	[2996555.0..2996555.0]
Group-1	PG 35:1:0	281.25	20220709_Ultimate_Neg_MSMS_NCE25_S50_C200_1.mzXML	35.0	3452905.0	0.0	0.0	[9.0..9.0]	[1.0..1.0]	[0.936..0.936]	[3231919.0..3231919.0]	[0.698..0.698]	[0.96..0.97]	[0.936..0.936]	[3231919.0..3231919.0]	[0.698..0.698]	[0.958..0.969]	0.8906167	[2878401.2..2878401.2]
Group-1	PG 37:3:0	269.25	20220709_Ultimate_Neg_MSMS_NCE25_S50_C200_1.mzXML	25.0	787673.8	0.0	0.0	[0.0..0.0]	[1.0..1.0]	[0.999..0.999]	[786886.1..786886.1]	[0.28..0.29]	[0.0..0.08]	[0.999..0.999]	[786886.1..786886.1]	[0.283..0.288]	[0.0..0.079]	0.8673628	[682515.75..682515.75]
Group-1	PG 37:3:0	269.25	20220709_Ultimate_Neg_MSMS_NCE25_S50_C200_1.mzXML	30.0	949826.4	0.0	0.0	[0.0..0.0]	[0.0..1.0]	[0.987..0.993]	[937478.6..943177.56]	[0.263..0.302]	[0.0..0.08]	[0.987..0.987]	[937478.6..937478.6]	[0.262..0.299]	[0.0..0.079]	0.8673628	[813134.06..818077.1]
Group-1	PG 37:3:0	269.25	20220709_Ultimate_Neg_MSMS_NCE25_S50_C200_1.mzXML	35.0	947950.1	0.0	0.0	[0.0..0.0]	[0.0..0.0]	[0.989..0.989]	[937522.7..937522.7]	[0.247..0.318]	[0.0..0.08]	[0.989..0.989]	[937522.7..937522.7]	[0.247..0.319]	[0.0..0.079]	0.8673628	[813172.3..813172.3]
Group-1	PG 37:3:0	305.25	20220709_Ultimate_Neg_MSMS_NCE25_S50_C200_1.mzXML	25.0	2024613.1	0.0	0.0	[5.0..11.0]	[0.0..0.0]	[0.95..1.001]	[1923382.5..2026637.9]	[0.71..0.72]	[0.92..1.0]	[0.959..0.984]	[1941604.0..1992219.4]	[0.712..0.717]	[0.921..1.0]	0.8673628	[1668270.4..1757830.2]
Group-1	PG 37:3:0	305.25	20220709_Ultimate_Neg_MSMS_NCE25_S50_C200_1.mzXML	30.0	2234139.0	12230.3	0.0054742787	[10.2..10.3]	[0.0..1.0]	[0.972..1.182]	[2171583.0..2640752.5]	[0.698..0.737]	[0.92..1.0]	[0.982..1.182]	[2193924.5..2640752.5]	[0.701..0.738]	[0.921..1.0]	0.8673628	[1883550.4..2290490.2]
Group-1	PG 37:3:0	305.25	20220709_Ultimate_Neg_MSMS_NCE25_S50_C200_1.mzXML	35.0	1842258.0	15240.2	0.008272566	[10.0..10.1]	[1.0..1.0]	[1.093..1.553]	[2013588.1..2861026.5]	[0.682..0.753]	[0.92..1.0]	[1.088..1.553]	[2004376.9..2861026.5]	[0.681..0.753]	[0.921..1.0]	0.8673628	[1746511.4..2481548.0]
Group-1	PG 39:4:0	269.25	20220709_Ultimate_Neg_MSMS_NCE25_S50_C200_1.mzXML	25.0	366348.7	0.0	0.0	[0.0..0.0]	[0.0..0.0]	[1.004..1.004]	[367814.06..367814.06]	[0.285..0.286]	[0.01..0.11]	[1.004..1.004]	[367814.06..367814.06]	[0.285..0.288]	[0.008..0.111]	0.8435985	[310287.38..310287.38]
Group-1	PG 39:4:0	269.25	20220709_Ultimate_Neg_MSMS_NCE25_S50_C200_1.mzXML	30.0	433515.4	0.0	0.0	[0.0..0.0]	[0.0..0.0]	[0.993..0.993]	[430480.78..430480.78]	[0.294..0.306]	[0.01..0.11]	[0.993..0.993]	[430480.78..430480.78]	[0.294..0.309]	[0.008..0.111]	0.8435985	[363152.94..363152.94]
Group-1	PG 39:4:0	269.25	20220709_Ultimate_Neg_MSMS_NCE25_S50_C200_1.mzXML	35.0	435881.1	0.0	0.0	[0.0..0.0]	[0.0..0.0]	[0.989..0.989]	[431086.4..431086.4]	[0.307..0.332]	[0.01..0.11]	[0.989..0.989]	[431086.4..431086.4]	[0.308..0.333]	[0.008..0.111]	0.8435985	[363663.84..363663.84]
Group-1	PG 39:4:0	331.26	20220709_Ultimate_Neg_MSMS_NCE25_S50_C200_1.mzXML	25.0	926899.2	20622.5	0.022248914	[7.0..7.0]	[1.0..1.0]	[0.989..0.997]	[916703.3..924118.5]	[0.714..0.715]	[0.89..0.99]	[0.98..0.996]	[908361.25..923191.56]	[0.712..0.715]	[0.889..0.992]	0.8435985	[773329.5..779584.94]
Group-1	PG 39:4:0	331.26	20220709_Ultimate_Neg_MSMS_NCE25_S50_C200_1.mzXML	30.0	853535.1	29159.0	0.034162626	[7.0..7.8]	[1.0..1.0]	[1.142..1.213]	[974737.06..1035338.2]	[0.694..0.706]	[0.89..0.99]	[1.13..1.211]	[964494.7..1033631.0]	[0.691..0.706]	[0.889..0.992]	0.8435985	[822286.75..873409.7]
Group-1	PG 39:4:0	331.26	20220709_Ultimate_Neg_MSMS_NCE25_S50_C200_1.mzXML	35.0	577654.0	23595.5	0.040847115	[7.0..8.6]	[1.0..1.0]	[1.501..1.681]	[867058.7..971036.4]	[0.668..0.693]	[0.89..0.99]	[1.493..1.68]	[862437.44..970458.7]	[0.667..0.692]	[0.889..0.992]	0.8435985	[731449.4..819164.8]
Group-1	PI 31:1:0	225.19	20220709_Ultimate_Neg_MSMS_NCE25_S50_C200_1.mzXML	25.0	164922.8	0.0	0.0	[7.0..7.0]	[0.0..1.0]	[0.886..0.909]	[146121.6..149914.81]	[0.405..0.41]	[0.0..0.0]	[0.886..0.886]	[146121.6..146121.6]	[0.404..0.404]	[0.0..0.0]	0.8599466	[125656.766..128918.734]
Group-1	PI 31:1:0	225.19	20220709_Ultimate_Neg_MSMS_NCE25_S50_C200_1.mzXML	30.0	394660.0	0.0	0.0	[7.0..7.0]	[0.0..1.0]	[0.941..0.943]	[371375.06..372164.38]	[0.432..0.433]	[0.0..0.0]	[0.941..0.941]	[371375.06..371375.06]	[0.431..0.431]	[0.0..0.0]	0.8599466	[319362.72..320041.5]
Group-1	PI 31:1:0	225.19	20220709_Ultimate_Neg_MSMS_NCE25_S50_C200_1.mzXML	35.0	527314.2	0.0	0.0	[7.0..7.0]	[0.0..1.0]	[0.977..0.992]	[515185.97..523095.66]	[0.441..0.442]	[0.0..0.0]	[0.977..0.977]	[515185.97..515185.97]	[0.438..0.438]	[0.0..0.0]	0.8599466	[443032.44..449834.34]
Group-1	PI 31:1:0	269.25	20220709_Ultimate_Neg_MSMS_NCE25_S50_C200_1.mzXML	25.0	214253.8	0.0	0.0	[0.0..0.0]	[0.0..1.0]	[1.0..1.005]	[214253.8..215325.06]	[0.59..0.595]	[1.0..1.0]	[1.005..1.005]	[215325.06..215325.06]	[0.596..0.596]	[1.0..1.0]	0.8599466	[184246.83..185168.06]
Group-1	PI 31:1:0	269.25	20220709_Ultimate_Neg_MSMS_NCE25_S50_C200_1.mzXML	30.0	492736.8	0.0	0.0	[0.0..0.0]	[0.0..1.0]	[0.985..0.995]	[485345.78..490273.12]	[0.567..0.568]	[1.0..1.0]	[0.995..0.995]	[490273.12..490273.12]	[0.569..0.569]	[1.0..1.0]	0.8599466	[417371.44..421608.72]
Group-1	PI 31:1:0	269.25	20220709_Ultimate_Neg_MSMS_NCE25_S50_C200_1.mzXML	35.0	669013.3	0.0	0.0	[0.0..0.0]	[0.0..1.0]	[0.977..0.989]	[653626.0..661654.2]	[0.558..0.559]	[1.0..1.0]	[0.989..0.989]	[661654.2..661654.2]	[0.562..0.562]	[1.0..1.0]	0.8599466	[562083.5..568987.3]
Group-1	PI 33:1:0	253.22	20220709_Ultimate_Neg_MSMS_NCE25_S50_C200_1.mzXML	25.0	328275.2	0.0	0.0	[9.0..9.0]	[0.0..1.0]	[0.921..0.937]	[302341.44..307593.84]	[0.464..0.467]	[0.0..0.05]	[0.921..0.922]	[302341.44..302669.72]	[0.463..0.463]	[0.0..0.054]	0.83485824	[252412.25..256797.27]
Group-1	PI 33:1:0	253.22	20220709_Ultimate_Neg_MSMS_NCE25_S50_C200_1.mzXML	30.0	760963.4	0.0	0.0	[9.0..9.0]	[0.0..1.0]	[0.936..0.942]	[712261.7..716827.5]	[0.44..0.441]	[0.0..0.05]	[0.936..0.936]	[712261.7..712261.7]	[0.438..0.438]	[0.0..0.054]	0.83485824	[594637.56..598449.4]
Group-1	PI 33:1:0	253.22	20220709_Ultimate_Neg_MSMS_NCE25_S50_C200_1.mzXML	35.0	1135193.5	0.0	0.0	[9.0..9.0]	[0.0..1.0]	[0.938..0.958]	[1064811.5..1087515.4]	[0.464..0.466]	[0.0..0.05]	[0.938..0.939]	[1064811.5..1065946.8]	[0.461..0.461]	[0.0..0.054]	0.83485824	[888966.7..907921.1]
Group-1	PI 33:1:0	269.25	20220709_Ultimate_Neg_MSMS_NCE25_S50_C200_1.mzXML	25.0	348897.0	0.0	0.0	[0.0..0.0]	[0.0..1.0]	[1.0..1.005]	[348897.0..350641.47]	[0.533..0.536]	[0.95..1.0]	[1.005..1.005]	[350641.47..350641.47]	[0.537..0.537]	[0.946..1.0]	0.83485824	[291279.53..292735.94]
Group-1	PI 33:1:0	269.25	20220709_Ultimate_Neg_MSMS_NCE25_S50_C200_1.mzXML	30.0	917990.7	0.0	0.0	[0.0..0.0]	[0.0..1.0]	[0.985..0.995]	[904220.8..913400.75]	[0.559..0.56]	[0.95..1.0]	[0.995..0.995]	[913400.75..913400.75]	[0.562..0.562]	[0.946..1.0]	0.83485824	[754896.2..762560.1]
Group-1	PI 33:1:0	269.25	20220709_Ultimate_Neg_MSMS_NCE25_S50_C200_1.mzXML	35.0	1260071.1	0.0	0.0	[0.0..0.0]	[0.0..1.0]	[0.977..0.989]	[1231089.5..1246210.4]	[0.534..0.536]	[0.95..1.0]	[0.988..0.989]	[1244950.2..1246210.4]	[0.539..0.539]	[0.946..1.0]	0.83485824	[1027785.2..1040409.0]
Group-1	PI 35:1:0	269.25	20220709_Ultimate_Neg_MSMS_NCE25_S50_C200_1.mzXML	25.0	435605.2	0.0	0.0	[0.0..0.0]	[0.0..0.0]	[1.005..1.005]	[437783.22..437783.22]	[0.525..0.525]	[0.67..0.84]	[1.005..1.005]	[437783.22..437783.22]	[0.525..0.525]	[0.672..0.838]	0.8113026	[355174.66..355174.66]
Group-1	PI 35:1:0	269.25	20220709_Ultimate_Neg_MSMS_NCE25_S50_C200_1.mzXML	30.0	1082093.5	0.0	0.0	[0.0..0.0]	[1.0..1.0]	[0.985..0.985]	[1065862.1..1065862.1]	[0.519..0.519]	[0.67..0.84]	[0.985..0.985]	[1065862.1..1065862.1]	[0.519..0.519]	[0.672..0.838]	0.8113026	[864736.7..864736.7]
Group-1	PI 35:1:0	269.25	20220709_Ultimate_Neg_MSMS_NCE25_S50_C200_1.mzXML	35.0	1491715.9	0.0	0.0	[0.0..0.0]	[0.0..1.0]	[0.977..0.989]	[1457406.4..1475307.0]	[0.513..0.518]	[0.67..0.84]	[0.985..0.987]	[1469340.1..1472323.5]	[0.518..0.519]	[0.672..0.838]	0.8113026	[1182397.6..1196920.5]
Group-1	PI 35:1:0	281.25	20220709_Ultimate_Neg_MSMS_NCE25_S50_C200_1.mzXML	25.0	415263.1	0.0	0.0	[9.0..9.0]	[1.0..1.0]	[0.952..0.952]	[395330.47..395330.47]	[0.475..0.475]	[0.16..0.33]	[0.952..0.952]	[395330.47..395330.47]	[0.475..0.475]	[0.162..0.328]	0.8113026	[320732.66..320732.66]
Group-1	PI 35:1:0	281.25	20220709_Ultimate_Neg_MSMS_NCE25_S50_C200_1.mzXML	30.0	1101202.5	0.0	0.0	[9.0..9.0]	[0.0..0.0]	[0.896..0.896]	[986677.5..986677.5]	[0.481..0.481]	[0.16..0.33]	[0.896..0.896]	[986677.5..986677.5]	[0.481..0.481]	[0.162..0.328]	0.8113026	[800494.0..800494.0]
Group-1	PI 35:1:0	281.25	20220709_Ultimate_Neg_MSMS_NCE25_S50_C200_1.mzXML	35.0	1522853.2	0.0	0.0	[9.0..9.0]	[0.0..1.0]	[0.89..0.919]	[1355339.4..1399502.1]	[0.482..0.487]	[0.16..0.33]	[0.895..0.9]	[1362953.6..1370567.9]	[0.481..0.482]	[0.162..0.328]	0.8113026	[1099590.2..1135419.8]
Group-1	PI 37:3:0	269.25	20220709_Ultimate_Neg_MSMS_NCE25_S50_C200_1.mzXML	25.0	330301.4	0.0	0.0	[0.0..0.0]	[1.0..1.0]	[1.0..1.0]	[330301.4..330301.4]	[0.488..0.505]	[0.17..0.9]	[1.0..1.0]	[330301.4..330301.4]	[0.277..0.348]	[0.169..0.897]	0.7922457	[261679.86..261679.86]
Group-1	PI 37:3:0	269.25	20220709_Ultimate_Neg_MSMS_NCE25_S50_C200_1.mzXML	30.0	743848.9	0.0	0.0	[0.0..0.0]	[0.0..0.0]	[0.995..0.995]	[740129.6..740129.6]	[0.485..0.496]	[0.17..0.9]	[0.995..0.995]	[740129.6..740129.6]	[0.382..0.427]	[0.169..0.897]	0.7922457	[586364.5..586364.5]
Group-1	PI 37:3:0	269.25	20220709_Ultimate_Neg_MSMS_NCE25_S50_C200_1.mzXML	35.0	1015190.2	0.0	0.0	[0.0..0.0]	[0.0..1.0]	[0.977..0.989]	[991840.8..1004023.1]	[0.475..0.53]	[0.17..0.9]	[0.979..0.988]	[993871.2..1003007.9]	[0.419..0.491]	[0.169..0.897]	0.7922457	[785781.6..795433.0]
Group-1	PI 37:3:0	305.25	20220709_Ultimate_Neg_MSMS_NCE25_S50_C200_1.mzXML	25.0	376196.4	0.0	0.0	[5.0..11.0]	[0.0..0.0]	[0.861..0.923]	[323905.1..347229.28]	[0.495..0.512]	[0.1..0.83]	[1.648..2.29]	[619971.7..861489.75]	[0.652..0.723]	[0.103..0.831]	0.7922457	[256612.4..275090.88]
Group-1	PI 37:3:0	305.25	20220709_Ultimate_Neg_MSMS_NCE25_S50_C200_1.mzXML	30.0	806229.3	0.0	0.0	[5.0..11.0]	[1.0..1.0]	[0.934..0.973]	[753018.2..784461.1]	[0.504..0.515]	[0.1..0.83]	[1.231..1.487]	[992468.25..1198863.0]	[0.573..0.618]	[0.103..0.831]	0.7922457	[596575.4..621485.94]
Group-1	PI 37:3:0	305.25	20220709_Ultimate_Neg_MSMS_NCE25_S50_C200_1.mzXML	35.0	917855.0	0.0	0.0	[5.0..11.0]	[0.0..1.0]	[0.958..1.211]	[879305.1..1111522.4]	[0.47..0.525]	[0.1..0.83]	[1.121..1.513]	[1028915.5..1388714.6]	[0.509..0.581]	[0.103..0.831]	0.7922457	[696625.7..880598.8]
Group-1	PI 39:4:0	269.25	20220709_Ultimate_Neg_MSMS_NCE25_S50_C200_1.mzXML	25.0	148201.1	0.0	0.0	[0.0..0.0]	[1.0..1.0]	[1.0..1.0]	[148201.1..148201.1]	[0.457..0.469]	[0.0..1.0]	[1.0..1.0]	[148201.1..148201.1]	[0.459..0.469]	[0.0..1.0]	0.77264845	[114507.34..114507.34]
Group-1	PI 39:4:0	269.25	20220709_Ultimate_Neg_MSMS_NCE25_S50_C200_1.mzXML	30.0	367425.5	0.0	0.0	[0.0..0.0]	[0.0..1.0]	[0.985..0.995]	[361914.12..365588.38]	[0.506..0.523]	[0.0..1.0]	[0.985..0.995]	[361914.12..365588.38]	[0.506..0.523]	[0.0..1.0]	0.77264845	[279632.4..282471.3]
Group-1	PI 39:4:0	269.25	20220709_Ultimate_Neg_MSMS_NCE25_S50_C200_1.mzXML	35.0	466330.7	0.0	0.0	[0.0..0.0]	[0.0..0.0]	[0.989..0.989]	[461201.06..461201.06]	[0.507..0.55]	[0.0..1.0]	[0.989..0.989]	[461201.06..461201.06]	[0.507..0.565]	[0.0..1.0]	0.77264845	[356346.28..356346.28]
Group-1	PI 39:4:0	331.26	20220709_Ultimate_Neg_MSMS_NCE25_S50_C200_1.mzXML	25.0	191322.8	0.0	0.0	[7.0..10.0]	[0.0..0.0]	[0.877..0.92]	[167790.1..176016.97]	[0.531..0.543]	[0.0..1.0]	[0.877..0.912]	[167790.1..174486.39]	[0.531..0.541]	[0.0..1.0]	0.77264845	[129642.76..135999.25]
Group-1	PI 39:4:0	331.26	20220709_Ultimate_Neg_MSMS_NCE25_S50_C200_1.mzXML	30.0	354589.9	0.0	0.0	[7.0..10.0]	[0.0..1.0]	[0.932..1.008]	[330477.78..357426.62]	[0.477..0.494]	[0.0..1.0]	[0.932..1.008]	[330477.78..357426.62]	[0.477..0.494]	[0.0..1.0]	0.77264845	[255343.16..276165.12]
Group-1	PI 39:4:0	331.26	20220709_Ultimate_Neg_MSMS_NCE25_S50_C200_1.mzXML	35.0	338101.7	0.0	0.0	[7.0..10.0]	[1.0..1.0]	[1.116..1.327]	[377321.5..448660.94]	[0.45..0.493]	[0.0..1.0]	[1.049..1.327]	[354668.7..448660.94]	[0.435..0.493]	[0.0..1.0]	0.77264845	[291536.88..346657.2]
Group-1	PS 31:1:0	225.19	20220709_Ultimate_Neg_MSMS_NCE25_S50_C200_1.mzXML	25.0	215620.6	0.0	0.0	[7.0..7.0]	[0.0..1.0]	[0.865..0.917]	[186511.81..197724.08]	[0.252..0.262]	[1.0..1.0]	[0.917..0.917]	[197724.08..197724.08]	[0.264..0.264]	[1.0..1.0]	0.93592954	[174561.92..185055.81]
Group-1	PS 31:1:0	225.19	20220709_Ultimate_Neg_MSMS_NCE25_S50_C200_1.mzXML	30.0	300811.0	0.0	0.0	[7.0..7.0]	[0.0..1.0]	[0.924..0.948]	[277949.38..285168.84]	[0.244..0.248]	[1.0..1.0]	[0.948..0.948]	[285168.84..285168.84]	[0.249..0.249]	[1.0..1.0]	0.93592954	[260141.03..266897.94]
Group-1	PS 31:1:0	225.19	20220709_Ultimate_Neg_MSMS_NCE25_S50_C200_1.mzXML	35.0	342272.7	0.0	0.0	[7.0..7.0]	[0.0..1.0]	[0.962..0.974]	[329266.34..333373.6]	[0.245..0.247]	[1.0..1.0]	[0.974..0.974]	[333373.6..333373.6]	[0.247..0.247]	[1.0..1.0]	0.93592954	[308170.1..312014.2]
Group-1	PS 31:1:0	269.25	20220709_Ultimate_Neg_MSMS_NCE25_S50_C200_1.mzXML	25.0	557923.3	0.0	0.0	[0.0..0.0]	[0.0..1.0]	[0.99..0.997]	[552344.06..556249.5]	[0.738..0.748]	[0.0..0.0]	[0.99..0.99]	[552344.06..552344.06]	[0.736..0.736]	[0.0..0.0]	0.93592954	[516955.16..520610.38]
Group-1	PS 31:1:0	269.25	20220709_Ultimate_Neg_MSMS_NCE25_S50_C200_1.mzXML	30.0	876102.0	0.0	0.0	[0.0..0.0]	[0.0..1.0]	[0.981..0.986]	[859456.06..863836.56]	[0.752..0.756]	[0.0..0.0]	[0.981..0.981]	[859456.06..859456.06]	[0.751..0.751]	[0.0..0.0]	0.93592954	[804390.3..808490.2]
Group-1	PS 31:1:0	269.25	20220709_Ultimate_Neg_MSMS_NCE25_S50_C200_1.mzXML	35.0	1038855.1	0.0	0.0	[0.0..0.0]	[0.0..1.0]	[0.979..0.979]	[1017039.1..1017039.1]	[0.753..0.755]	[0.0..0.0]	[0.979..0.979]	[1017039.1..1017039.1]	[0.753..0.753]	[0.0..0.0]	0.93592954	[951876.94..951876.94]
Group-1	PS 33:1:0	253.22	20220709_Ultimate_Neg_MSMS_NCE25_S50_C200_1.mzXML	25.0	443922.3	0.0	0.0	[9.0..9.0]	[0.0..1.0]	[0.867..0.927]	[384880.62..411515.97]	[0.275..0.287]	[1.0..1.0]	[0.927..0.927]	[411515.97..411515.97]	[0.289..0.289]	[1.0..1.0]	0.90589136	[348660.03..372788.75]
Group-1	PS 33:1:0	253.22	20220709_Ultimate_Neg_MSMS_NCE25_S50_C200_1.mzXML	30.0	616587.6	0.0	0.0	[9.0..9.0]	[0.0..1.0]	[0.913..0.929]	[562944.5..572809.94]	[0.256..0.258]	[1.0..1.0]	[0.929..0.929]	[572809.94..572809.94]	[0.259..0.259]	[1.0..1.0]	0.90589136	[509966.53..518903.53]
Group-1	PS 33:1:0	253.22	20220709_Ultimate_Neg_MSMS_NCE25_S50_C200_1.mzXML	35.0	729647.8	0.0	0.0	[9.0..9.0]	[0.0..1.0]	[0.93..0.939]	[678572.5..685139.3]	[0.249..0.251]	[1.0..1.0]	[0.939..0.939]	[685139.3..685139.3]	[0.251..0.251]	[1.0..1.0]	0.90589136	[614712.94..620661.75]
Group-1	PS 33:1:0	269.25	20220709_Ultimate_Neg_MSMS_NCE25_S50_C200_1.mzXML	25.0	1023682.2	0.0	0.0	[0.0..0.0]	[0.0..1.0]	[0.99..0.997]	[1013445.4..1020611.1]	[0.713..0.725]	[0.0..0.0]	[0.99..0.99]	[1013445.4..1013445.4]	[0.711..0.711]	[0.0..0.0]	0.90589136	[918071.44..924562.8]
Group-1	PS 33:1:0	269.25	20220709_Ultimate_Neg_MSMS_NCE25_S50_C200_1.mzXML	30.0	1667979.0	0.0	0.0	[0.0..0.0]	[0.0..1.0]	[0.981..0.986]	[1636287.4..1644627.2]	[0.742..0.744]	[0.0..0.0]	[0.981..0.981]	[1636287.4..1636287.4]	[0.741..0.741]	[0.0..0.0]	0.90589136	[1482298.6..1489853.6]
Group-1	PS 33:1:0	269.25	20220709_Ultimate_Neg_MSMS_NCE25_S50_C200_1.mzXML	35.0	2086265.6	0.0	0.0	[0.0..0.0]	[0.0..1.0]	[0.979..0.979]	[2042454.0..2042454.0]	[0.749..0.751]	[0.0..0.0]	[0.979..0.979]	[2042454.0..2042454.0]	[0.749..0.749]	[0.0..0.0]	0.90589136	[1850241.4..1850241.4]
Group-1	PS 35:1:0	269.25	20220709_Ultimate_Neg_MSMS_NCE25_S50_C200_1.mzXML	25.0	1384990.4	0.0	0.0	[0.0..0.0]	[0.0..0.0]	[0.99..0.99]	[1371140.5..1371140.5]	[0.691..0.691]	[0.0..0.05]	[0.99..0.99]	[1371140.5..1371140.5]	[0.691..0.691]	[0.0..0.046]	0.8778654	[1203676.8..1203676.8]
Group-1	PS 35:1:0	269.25	20220709_Ultimate_Neg_MSMS_NCE25_S50_C200_1.mzXML	30.0	2318550.0	0.0	0.0	[0.0..0.0]	[1.0..1.0]	[0.986..0.986]	[2286090.2..2286090.2]	[0.728..0.728]	[0.0..0.05]	[0.986..0.986]	[2286090.2..2286090.2]	[0.728..0.728]	[0.0..0.046]	0.8778654	[2006879.5..2006879.5]
Group-1	PS 35:1:0	269.25	20220709_Ultimate_Neg_MSMS_NCE25_S50_C200_1.mzXML	35.0	2760738.5	0.0	0.0	[0.0..0.0]	[0.0..1.0]	[0.979..0.979]	[2702763.0..2702763.0]	[0.744..0.749]	[0.0..0.05]	[0.979..0.979]	[2702763.0..2702763.0]	[0.744..0.745]	[0.0..0.046]	0.8778654	[2372662.0..2372662.0]
Group-1	PS 35:1:0	281.25	20220709_Ultimate_Neg_MSMS_NCE25_S50_C200_1.mzXML	25.0	650916.9	0.0	0.0	[9.0..9.0]	[1.0..1.0]	[0.94..0.94]	[611861.9..611861.9]	[0.309..0.309]	[0.95..1.0]	[0.94..0.94]	[611861.9..611861.9]	[0.309..0.309]	[0.954..1.0]	0.8778654	[537132.3..537132.3]
Group-1	PS 35:1:0	281.25	20220709_Ultimate_Neg_MSMS_NCE25_S50_C200_1.mzXML	30.0	928032.1	0.0	0.0	[9.0..9.0]	[0.0..0.0]	[0.919..0.919]	[852861.56..852861.56]	[0.272..0.272]	[0.95..1.0]	[0.919..0.919]	[852861.56..852861.56]	[0.272..0.272]	[0.954..1.0]	0.8778654	[748697.6..748697.6]
Group-1	PS 35:1:0	281.25	20220709_Ultimate_Neg_MSMS_NCE25_S50_C200_1.mzXML	35.0	991256.3	0.0	0.0	[9.0..9.0]	[0.0..1.0]	[0.916..0.936]	[907990.8..927815.9]	[0.251..0.256]	[0.95..1.0]	[0.935..0.936]	[926824.6..927815.9]	[0.255..0.256]	[0.954..1.0]	0.8778654	[797093.6..814497.44]
Group-1	PS 37:3:0	269.25	20220709_Ultimate_Neg_MSMS_NCE25_S50_C200_1.mzXML	25.0	1099262.8	0.0	0.0	[0.0..0.0]	[1.0..1.0]	[0.997..0.997]	[1095965.0..1095965.0]	[0.74..0.743]	[0.0..0.0]	[0.997..0.997]	[1095965.0..1095965.0]	[0.734..0.735]	[0.0..0.0]	0.8553157	[937396.0..937396.0]
Group-1	PS 37:3:0	269.25	20220709_Ultimate_Neg_MSMS_NCE25_S50_C200_1.mzXML	30.0	1695284.0	0.0	0.0	[0.0..0.0]	[1.0..1.0]	[0.986..0.986]	[1671550.0..1671550.0]	[0.732..0.752]	[0.0..0.0]	[0.986..0.986]	[1671550.0..1671550.0]	[0.731..0.754]	[0.0..0.0]	0.8553157	[1429703.0..1429703.0]
Group-1	PS 37:3:0	269.25	20220709_Ultimate_Neg_MSMS_NCE25_S50_C200_1.mzXML	35.0	1921663.8	0.0	0.0	[0.0..0.0]	[1.0..1.0]	[0.979..0.979]	[1881308.8..1881308.8]	[0.727..0.773]	[0.0..0.0]	[0.979..0.979]	[1881308.8..1881308.8]	[0.729..0.778]	[0.0..0.0]	0.8553157	[1609112.9..1609112.9]
Group-1	PS 37:3:0	305.25	20220709_Ultimate_Neg_MSMS_NCE25_S50_C200_1.mzXML	25.0	418037.6	0.0	0.0	[5.0..11.0]	[0.0..0.0]	[0.905..0.922]	[378324.0..385430.66]	[0.257..0.26]	[1.0..1.0]	[0.945..0.95]	[395045.53..397135.72]	[0.265..0.266]	[1.0..1.0]	0.8553157	[323586.47..329664.9]
Group-1	PS 37:3:0	305.25	20220709_Ultimate_Neg_MSMS_NCE25_S50_C200_1.mzXML	30.0	577134.6	0.0	0.0	[5.0..11.0]	[0.0..0.0]	[0.956..1.063]	[551740.7..613494.06]	[0.248..0.268]	[1.0..1.0]	[0.946..1.067]	[545969.3..615802.7]	[0.246..0.269]	[1.0..1.0]	0.8553157	[471912.47..524731.1]
Group-1	PS 37:3:0	305.25	20220709_Ultimate_Neg_MSMS_NCE25_S50_C200_1.mzXML	35.0	539776.0	0.0	0.0	[5.0..11.0]	[0.0..0.0]	[1.023..1.308]	[552190.9..706027.0]	[0.227..0.273]	[1.0..1.0]	[0.995..1.293]	[537077.1..697930.4]	[0.222..0.271]	[1.0..1.0]	0.8553157	[472297.5..603875.94]
Group-1	PS 39:4:0	269.25	20220709_Ultimate_Neg_MSMS_NCE25_S50_C200_1.mzXML	25.0	484265.2	0.0	0.0	[0.0..0.0]	[1.0..1.0]	[0.997..0.997]	[482812.38..482812.38]	[0.731..0.732]	[0.0..0.0]	[0.997..0.997]	[482812.38..482812.38]	[0.724..0.729]	[0.0..0.0]	0.83224064	[401816.06..401816.06]
Group-1	PS 39:4:0	269.25	20220709_Ultimate_Neg_MSMS_NCE25_S50_C200_1.mzXML	30.0	748245.0	0.0	0.0	[0.0..0.0]	[1.0..1.0]	[0.986..0.986]	[737769.56..737769.56]	[0.738..0.756]	[0.0..0.0]	[0.986..0.986]	[737769.56..737769.56]	[0.737..0.757]	[0.0..0.0]	0.83224064	[614001.8..614001.8]
Group-1	PS 39:4:0	269.25	20220709_Ultimate_Neg_MSMS_NCE25_S50_C200_1.mzXML	35.0	840635.9	0.0	0.0	[0.0..0.0]	[1.0..1.0]	[0.979..0.979]	[822982.5..822982.5]	[0.736..0.773]	[0.0..0.0]	[0.979..0.979]	[822982.5..822982.5]	[0.737..0.773]	[0.0..0.0]	0.83224064	[684919.44..684919.44]
Group-1	PS 39:4:0	331.26	20220709_Ultimate_Neg_MSMS_NCE25_S50_C200_1.mzXML	25.0	191310.3	0.0	0.0	[7.0..10.0]	[0.0..0.0]	[0.923..0.927]	[176579.4..177344.64]	[0.268..0.269]	[1.0..1.0]	[0.939..0.961]	[179640.38..183849.2]	[0.271..0.276]	[1.0..1.0]	0.83224064	[146956.55..147593.42]
Group-1	PS 39:4:0	331.26	20220709_Ultimate_Neg_MSMS_NCE25_S50_C200_1.mzXML	30.0	237081.0	0.0	0.0	[7.0..10.0]	[0.0..0.0]	[1.002..1.107]	[237555.16..262448.66]	[0.244..0.262]	[1.0..1.0]	[1.0..1.111]	[237081.0..263396.97]	[0.243..0.263]	[1.0..1.0]	0.83224064	[197703.05..218420.44]
Group-1	PS 39:4:0	331.26	20220709_Ultimate_Neg_MSMS_NCE25_S50_C200_1.mzXML	35.0	205989.6	0.0	0.0	[7.0..10.0]	[0.0..0.0]	[1.176..1.436]	[242243.77..295801.06]	[0.227..0.264]	[1.0..1.0]	[1.172..1.426]	[241419.81..293741.16]	[0.227..0.263]	[1.0..1.0]	0.83224064	[201605.1..246177.66]
Group-1	PC 33:1:0	253.22	20220709_Ultimate_Neg_MSMS_NCE25_S50_C200_2.mzXML	25.0	3680176.0	0.0	0.0	[9.0..9.0]	[0.0..1.0]	[0.901..0.981]	[3315838.8..3610252.8]	[0.711..0.727]	[1.0..1.0]	[0.981..0.981]	[3610252.8..3610252.8]	[0.728..0.728]	[1.0..1.0]	0.8626638	[2860454.0..3114434.5]
Group-1	PC 33:1:0	253.22	20220709_Ultimate_Neg_MSMS_NCE25_S50_C200_2.mzXML	30.0	3974207.5	0.0	0.0	[9.0..9.0]	[0.0..1.0]	[0.912..0.97]	[3624477.2..3854981.5]	[0.701..0.712]	[1.0..1.0]	[0.97..0.97]	[3854981.5..3854981.5]	[0.713..0.713]	[1.0..1.0]	0.8626638	[3126705.2..3325553.0]
Group-1	PC 33:1:0	253.22	20220709_Ultimate_Neg_MSMS_NCE25_S50_C200_2.mzXML	35.0	3689746.2	0.0	0.0	[9.0..9.0]	[0.0..1.0]	[0.936..0.967]	[3453602.5..3567984.8]	[0.699..0.705]	[1.0..1.0]	[0.967..0.967]	[3567984.8..3567984.8]	[0.706..0.706]	[1.0..1.0]	0.8626638	[2979297.8..3077971.2]
Group-1	PC 33:1:0	269.25	20220709_Ultimate_Neg_MSMS_NCE25_S50_C200_2.mzXML	25.0	1370028.2	0.0	0.0	[0.0..0.0]	[0.0..1.0]	[0.983..0.991]	[1346737.8..1357698.0]	[0.273..0.289]	[0.0..0.0]	[0.983..0.983]	[1346737.8..1346737.8]	[0.272..0.272]	[0.0..0.0]	0.8626638	[1161781.9..1171236.9]
Group-1	PC 33:1:0	269.25	20220709_Ultimate_Neg_MSMS_NCE25_S50_C200_2.mzXML	30.0	1595632.5	0.0	0.0	[0.0..0.0]	[0.0..1.0]	[0.971..0.977]	[1549359.1..1558933.0]	[0.288..0.299]	[0.0..0.0]	[0.971..0.971]	[1549359.1..1549359.1]	[0.287..0.287]	[0.0..0.0]	0.8626638	[1336576.0..1344835.0]
Group-1	PC 33:1:0	269.25	20220709_Ultimate_Neg_MSMS_NCE25_S50_C200_2.mzXML	35.0	1539214.1	0.0	0.0	[0.0..0.0]	[0.0..1.0]	[0.967..0.97]	[1488420.1..1493037.8]	[0.295..0.301]	[0.0..0.0]	[0.967..0.967]	[1488420.1..1488420.1]	[0.294..0.294]	[0.0..0.0]	0.8626638	[1284006.1..1287989.6]
Group-1	PC 35:1:0	269.25	20220709_Ultimate_Neg_MSMS_NCE25_S50_C200_2.mzXML	25.0	2101843.8	0.0	0.0	[0.0..0.0]	[0.0..0.0]	[0.983..0.983]	[2066112.4..2066112.4]	[0.264..0.264]	[0.0..0.0]	[0.983..0.983]	[2066112.4..2066112.4]	[0.264..0.264]	[0.0..0.0]	0.83740646	[1730175.8..1730175.8]
Group-1	PC 35:1:0	269.25	20220709_Ultimate_Neg_MSMS_NCE25_S50_C200_2.mzXML	30.0	2351894.5	0.0	0.0	[0.0..0.0]	[0.0..0.0]	[0.971..0.971]	[2283689.5..2283689.5]	[0.285..0.285]	[0.0..0.0]	[0.971..0.971]	[2283689.5..2283689.5]	[0.285..0.285]	[0.0..0.0]	0.83740646	[1912376.4..1912376.4]
Group-1	PC 35:1:0	269.25	20220709_Ultimate_Neg_MSMS_NCE25_S50_C200_2.mzXML	35.0	2331943.5	0.0	0.0	[0.0..0.0]	[0.0..0.0]	[0.967..0.967]	[2254989.5..2254989.5]	[0.301..0.301]	[0.0..0.0]	[0.967..0.967]	[2254989.5..2254989.5]	[0.301..0.301]	[0.0..0.0]	0.83740646	[1888342.6..1888342.6]
Group-1	PC 35:1:0	281.25	20220709_Ultimate_Neg_MSMS_NCE25_S50_C200_2.mzXML	25.0	5973718.0	0.0	0.0	[9.0..9.0]	[1.0..1.0]	[0.964..0.964]	[5758664.0..5758664.0]	[0.736..0.736]	[1.0..1.0]	[0.964..0.964]	[5758664.0..5758664.0]	[0.736..0.736]	[1.0..1.0]	0.83740646	[4822342.5..4822342.5]
Group-1	PC 35:1:0	281.25	20220709_Ultimate_Neg_MSMS_NCE25_S50_C200_2.mzXML	30.0	6202019.5	0.0	0.0	[9.0..9.0]	[1.0..1.0]	[0.926..0.926]	[5743070.0..5743070.0]	[0.715..0.715]	[1.0..1.0]	[0.926..0.926]	[5743070.0..5743070.0]	[0.715..0.715]	[1.0..1.0]	0.83740646	[4809284.0..4809284.0]
Group-1	PC 35:1:0	281.25	20220709_Ultimate_Neg_MSMS_NCE25_S50_C200_2.mzXML	35.0	5732583.5	0.0	0.0	[9.0..9.0]	[1.0..1.0]	[0.913..0.913]	[5233848.5..5233848.5]	[0.699..0.699]	[1.0..1.0]	[0.913..0.913]	[5233848.5..5233848.5]	[0.699..0.699]	[1.0..1.0]	0.83740646	[4382858.5..4382858.5]
Group-1	PC 37:3:0	269.25	20220709_Ultimate_Neg_MSMS_NCE25_S50_C200_2.mzXML	25.0	1475503.1	0.0	0.0	[0.0..0.0]	[0.0..0.0]	[0.983..0.983]	[1450419.5..1450419.5]	[0.267..0.272]	[0.0..0.05]	[0.983..0.983]	[1450419.5..1450419.5]	[0.267..0.277]	[0.0..0.046]	0.8170164	[1185016.5..1185016.5]
Group-1	PC 37:3:0	269.25	20220709_Ultimate_Neg_MSMS_NCE25_S50_C200_2.mzXML	30.0	1482982.6	0.0	0.0	[0.0..0.0]	[0.0..0.0]	[0.971..0.971]	[1439976.1..1439976.1]	[0.254..0.291]	[0.0..0.05]	[0.971..0.971]	[1439976.1..1439976.1]	[0.254..0.295]	[0.0..0.046]	0.8170164	[1176484.1..1176484.1]
Group-1	PC 37:3:0	269.25	20220709_Ultimate_Neg_MSMS_NCE25_S50_C200_2.mzXML	35.0	1566490.5	0.0	0.0	[0.0..0.0]	[0.0..0.0]	[0.967..0.967]	[1514796.4..1514796.4]	[0.256..0.33]	[0.0..0.05]	[0.967..0.967]	[1514796.4..1514796.4]	[0.256..0.332]	[0.0..0.046]	0.8170164	[1237613.5..1237613.5]
Group-1	PC 37:3:0	305.25	20220709_Ultimate_Neg_MSMS_NCE25_S50_C200_2.mzXML	25.0	3877304.8	0.0	0.0	[5.0..11.0]	[1.0..1.0]	[1.001..1.029]	[3881182.2..3989746.8]	[0.728..0.733]	[0.95..1.0]	[0.976..1.029]	[3784249.5..3989746.8]	[0.723..0.733]	[0.954..1.0]	0.8170164	[3170989.8..3259688.8]
Group-1	PC 37:3:0	305.25	20220709_Ultimate_Neg_MSMS_NCE25_S50_C200_2.mzXML	30.0	3491642.0	0.0	0.0	[5.0..11.0]	[1.0..1.0]	[1.003..1.213]	[3502117.0..4235362.0]	[0.709..0.746]	[0.95..1.0]	[0.986..1.213]	[3442759.0..4235362.0]	[0.705..0.746]	[0.954..1.0]	0.8170164	[2861287.0..3460360.2]
Group-1	PC 37:3:0	305.25	20220709_Ultimate_Neg_MSMS_NCE25_S50_C200_2.mzXML	35.0	2797615.5	0.0	0.0	[5.0..11.0]	[1.0..1.0]	[1.099..1.57]	[3074579.2..4392256.5]	[0.67..0.744]	[0.95..1.0]	[1.088..1.57]	[3043805.8..4392256.5]	[0.668..0.744]	[0.954..1.0]	0.8170164	[2511981.8..3588545.5]
Group-1	PC 39:4:0	269.25	20220709_Ultimate_Neg_MSMS_NCE25_S50_C200_2.mzXML	25.0	689337.3	0.0	0.0	[0.0..0.0]	[0.0..0.0]	[0.983..0.983]	[677618.56..677618.56]	[0.264..0.265]	[0.0..0.0]	[0.983..0.983]	[677618.56..677618.56]	[0.264..0.265]	[0.0..0.0]	0.7960887	[539444.44..539444.44]
Group-1	PC 39:4:0	269.25	20220709_Ultimate_Neg_MSMS_NCE25_S50_C200_2.mzXML	30.0	738267.2	0.0	0.0	[0.0..0.0]	[0.0..0.0]	[0.971..0.971]	[716857.44..716857.44]	[0.278..0.28]	[0.0..0.0]	[0.971..0.971]	[716857.44..716857.44]	[0.278..0.28]	[0.0..0.0]	0.7960887	[570682.1..570682.1]
Group-1	PC 39:4:0	269.25	20220709_Ultimate_Neg_MSMS_NCE25_S50_C200_2.mzXML	35.0	673785.1	0.0	0.0	[0.0..0.0]	[0.0..0.0]	[0.967..0.967]	[651550.25..651550.25]	[0.29..0.294]	[0.0..0.0]	[0.967..0.967]	[651550.25..651550.25]	[0.29..0.294]	[0.0..0.0]	0.7960887	[518691.78..518691.78]
Group-1	PC 39:4:0	331.26	20220709_Ultimate_Neg_MSMS_NCE25_S50_C200_2.mzXML	25.0	1804662.8	32166.8	0.017824272	[7.2..7.3]	[1.0..1.0]	[1.044..1.046]	[1884068.0..1887677.2]	[0.735..0.736]	[1.0..1.0]	[1.044..1.046]	[1884068.0..1887677.2]	[0.735..0.736]	[1.0..1.0]	0.7960887	[1499885.2..1502758.5]
Group-1	PC 39:4:0	331.26	20220709_Ultimate_Neg_MSMS_NCE25_S50_C200_2.mzXML	30.0	1498522.2	44931.7	0.029984005	[7.1..7.3]	[1.0..1.0]	[1.231..1.245]	[1844680.8..1865660.2]	[0.72..0.722]	[1.0..1.0]	[1.231..1.245]	[1844680.8..1865660.2]	[0.72..0.722]	[1.0..1.0]	0.7960887	[1468529.5..1485231.0]
Group-1	PC 39:4:0	331.26	20220709_Ultimate_Neg_MSMS_NCE25_S50_C200_2.mzXML	35.0	931873.9	42862.3	0.045995817	[7.0..7.0]	[1.0..1.0]	[1.677..1.711]	[1562752.5..1594436.1]	[0.706..0.71]	[1.0..1.0]	[1.677..1.711]	[1562752.5..1594436.1]	[0.706..0.71]	[1.0..1.0]	0.7960887	[1244089.6..1269312.6]
Group-1	PE 31:1:0	225.19	20220709_Ultimate_Neg_MSMS_NCE25_S50_C200_2.mzXML	25.0	1316894.8	0.0	0.0	[7.0..7.0]	[0.0..1.0]	[0.991..0.995]	[1305042.8..1310310.2]	[0.72..0.72]	[0.98..1.0]	[0.995..0.995]	[1310310.2..1310310.2]	[0.721..0.721]	[0.982..1.0]	0.98769516	[1288984.4..1294187.1]
Group-1	PE 31:1:0	225.19	20220709_Ultimate_Neg_MSMS_NCE25_S50_C200_2.mzXML	30.0	1405698.2	0.0	0.0	[7.0..7.0]	[0.0..1.0]	[0.995..1.05]	[1398669.8..1475983.1]	[0.71..0.72]	[0.98..1.0]	[1.049..1.05]	[1474577.5..1475983.1]	[0.721..0.721]	[0.982..1.0]	0.98769516	[1381459.4..1457821.4]
Group-1	PE 31:1:0	225.19	20220709_Ultimate_Neg_MSMS_NCE25_S50_C200_2.mzXML	35.0	1159540.2	0.0	0.0	[7.0..7.0]	[0.0..1.0]	[0.998..1.112]	[1157221.2..1289408.8]	[0.69..0.712]	[0.98..1.0]	[1.11..1.112]	[1287089.8..1289408.8]	[0.712..0.712]	[0.982..1.0]	0.98769516	[1142981.8..1273542.8]
Group-1	PE 31:1:0	269.25	20220709_Ultimate_Neg_MSMS_NCE25_S50_C200_2.mzXML	25.0	510659.4	0.0	0.0	[0.0..0.0]	[0.0..1.0]	[0.993..0.997]	[507084.78..509127.4]	[0.28..0.28]	[0.0..0.02]	[0.993..0.993]	[507084.78..507084.78]	[0.279..0.279]	[0.0..0.018]	0.98769516	[500845.16..502862.7]
Group-1	PE 31:1:0	269.25	20220709_Ultimate_Neg_MSMS_NCE25_S50_C200_2.mzXML	30.0	581376.2	0.0	0.0	[0.0..0.0]	[0.0..1.0]	[0.982..0.986]	[570911.44..573236.94]	[0.28..0.29]	[0.0..0.02]	[0.982..0.982]	[570911.44..570911.44]	[0.279..0.279]	[0.0..0.018]	0.98769516	[563886.44..566183.3]
Group-1	PE 31:1:0	269.25	20220709_Ultimate_Neg_MSMS_NCE25_S50_C200_2.mzXML	35.0	530443.3	0.0	0.0	[0.0..0.0]	[0.0..1.0]	[0.981..0.984]	[520364.9..521956.22]	[0.288..0.31]	[0.0..0.02]	[0.981..0.981]	[520364.9..520364.9]	[0.288..0.288]	[0.0..0.018]	0.98769516	[513961.88..515533.62]
Group-1	PE 33:1:0	253.22	20220709_Ultimate_Neg_MSMS_NCE25_S50_C200_2.mzXML	25.0	2454986.2	0.0	0.0	[9.0..9.0]	[0.0..1.0]	[0.963..1.008]	[2364151.8..2474626.2]	[0.727..0.735]	[1.0..1.0]	[1.008..1.008]	[2474626.2..2474626.2]	[0.736..0.736]	[1.0..1.0]	0.954019	[2255445.8..2360840.2]
Group-1	PE 33:1:0	253.22	20220709_Ultimate_Neg_MSMS_NCE25_S50_C200_2.mzXML	30.0	2496787.5	0.0	0.0	[9.0..9.0]	[0.0..1.0]	[0.983..0.99]	[2454342.0..2471819.8]	[0.722..0.723]	[1.0..1.0]	[0.99..0.99]	[2471819.8..2471819.8]	[0.723..0.723]	[1.0..1.0]	0.954019	[2341489.0..2358163.0]
Group-1	PE 33:1:0	253.22	20220709_Ultimate_Neg_MSMS_NCE25_S50_C200_2.mzXML	35.0	2145412.0	0.0	0.0	[9.0..9.0]	[0.0..1.0]	[0.984..1.021]	[2111085.5..2190465.8]	[0.705..0.712]	[1.0..1.0]	[1.021..1.021]	[2190465.8..2190465.8]	[0.712..0.712]	[1.0..1.0]	0.954019	[2014015.8..2089746.0]
Group-1	PE 33:1:0	269.25	20220709_Ultimate_Neg_MSMS_NCE25_S50_C200_2.mzXML	25.0	893454.3	0.0	0.0	[0.0..0.0]	[0.0..1.0]	[0.993..0.997]	[887200.1..890773.94]	[0.265..0.273]	[0.0..0.0]	[0.993..0.993]	[887200.1..887200.1]	[0.264..0.264]	[0.0..0.0]	0.954019	[846405.75..849815.25]
Group-1	PE 33:1:0	269.25	20220709_Ultimate_Neg_MSMS_NCE25_S50_C200_2.mzXML	30.0	962846.4	0.0	0.0	[0.0..0.0]	[0.0..1.0]	[0.982..0.986]	[945515.1..949366.5]	[0.277..0.278]	[0.0..0.0]	[0.982..0.982]	[945515.1..945515.1]	[0.277..0.277]	[0.0..0.0]	0.954019	[902039.44..905713.75]
Group-1	PE 33:1:0	269.25	20220709_Ultimate_Neg_MSMS_NCE25_S50_C200_2.mzXML	35.0	901019.9	0.0	0.0	[0.0..0.0]	[0.0..1.0]	[0.981..0.984]	[883900.5..886603.56]	[0.288..0.295]	[0.0..0.0]	[0.981..0.981]	[883900.5..883900.5]	[0.288..0.288]	[0.0..0.0]	0.954019	[843257.9..845836.6]
Group-1	PE 35:1:0	269.25	20220709_Ultimate_Neg_MSMS_NCE25_S50_C200_2.mzXML	25.0	1435800.5	0.0	0.0	[0.0..0.0]	[0.0..0.0]	[0.993..0.993]	[1425749.9..1425749.9]	[0.27..0.27]	[0.0..0.0]	[0.993..0.993]	[1425749.9..1425749.9]	[0.27..0.27]	[0.0..0.0]	0.9227341	[1315587.9..1315587.9]
Group-1	PE 35:1:0	269.25	20220709_Ultimate_Neg_MSMS_NCE25_S50_C200_2.mzXML	30.0	1644693.1	0.0	0.0	[0.0..0.0]	[0.0..0.0]	[0.982..0.982]	[1615088.6..1615088.6]	[0.284..0.284]	[0.0..0.0]	[0.982..0.982]	[1615088.6..1615088.6]	[0.284..0.284]	[0.0..0.0]	0.9227341	[1490297.2..1490297.2]
Group-1	PE 35:1:0	269.25	20220709_Ultimate_Neg_MSMS_NCE25_S50_C200_2.mzXML	35.0	1483998.5	0.0	0.0	[0.0..0.0]	[0.0..0.0]	[0.981..0.981]	[1455802.5..1455802.5]	[0.299..0.299]	[0.0..0.0]	[0.981..0.981]	[1455802.5..1455802.5]	[0.299..0.299]	[0.0..0.0]	0.9227341	[1343318.6..1343318.6]
Group-1	PE 35:1:0	281.25	20220709_Ultimate_Neg_MSMS_NCE25_S50_C200_2.mzXML	25.0	4042981.5	0.0	0.0	[9.0..9.0]	[1.0..1.0]	[0.953..0.953]	[3852961.5..3852961.5]	[0.73..0.73]	[1.0..1.0]	[0.953..0.953]	[3852961.5..3852961.5]	[0.73..0.73]	[1.0..1.0]	0.9227341	[3555258.8..3555258.8]
Group-1	PE 35:1:0	281.25	20220709_Ultimate_Neg_MSMS_NCE25_S50_C200_2.mzXML	30.0	4390890.0	0.0	0.0	[9.0..9.0]	[1.0..1.0]	[0.926..0.926]	[4065964.2..4065964.2]	[0.716..0.716]	[1.0..1.0]	[0.926..0.926]	[4065964.2..4065964.2]	[0.716..0.716]	[1.0..1.0]	0.9227341	[3751803.5..3751803.5]
Group-1	PE 35:1:0	281.25	20220709_Ultimate_Neg_MSMS_NCE25_S50_C200_2.mzXML	35.0	3688708.5	0.0	0.0	[9.0..9.0]	[1.0..1.0]	[0.925..0.925]	[3412055.5..3412055.5]	[0.701..0.701]	[1.0..1.0]	[0.925..0.925]	[3412055.5..3412055.5]	[0.701..0.701]	[1.0..1.0]	0.9227341	[3148419.8..3148419.8]
Group-1	PE 37:3:0	269.25	20220709_Ultimate_Neg_MSMS_NCE25_S50_C200_2.mzXML	25.0	847217.1	0.0	0.0	[0.0..0.0]	[0.0..1.0]	[0.993..0.997]	[841286.56..844675.44]	[0.257..0.284]	[0.0..0.02]	[0.993..0.993]	[841286.56..841286.56]	[0.256..0.281]	[0.0..0.021]	0.897656	[755186.0..758228.0]
Group-1	PE 37:3:0	269.25	20220709_Ultimate_Neg_MSMS_NCE25_S50_C200_2.mzXML	30.0	923255.9	0.0	0.0	[0.0..0.0]	[0.0..0.0]	[0.982..0.982]	[906637.25..906637.25]	[0.247..0.297]	[0.0..0.02]	[0.982..0.982]	[906637.25..906637.25]	[0.247..0.3]	[0.0..0.021]	0.897656	[813848.4..813848.4]
Group-1	PE 37:3:0	269.25	20220709_Ultimate_Neg_MSMS_NCE25_S50_C200_2.mzXML	35.0	924533.2	0.0	0.0	[0.0..0.0]	[0.0..1.0]	[0.981..0.984]	[906967.06..909740.7]	[0.234..0.311]	[0.0..0.02]	[0.981..0.981]	[906967.06..906967.06]	[0.234..0.317]	[0.0..0.021]	0.897656	[814144.5..816634.25]
Group-1	PE 37:3:0	305.25	20220709_Ultimate_Neg_MSMS_NCE25_S50_C200_2.mzXML	25.0	2225157.0	0.0	0.0	[5.0..11.0]	[0.0..1.0]	[0.952..1.097]	[2118349.5..2440997.5]	[0.716..0.743]	[0.98..1.0]	[0.968..1.097]	[2153952.0..2440997.2]	[0.719..0.744]	[0.979..1.0]	0.897656	[1901549.2..2191176.0]
Group-1	PE 37:3:0	305.25	20220709_Ultimate_Neg_MSMS_NCE25_S50_C200_2.mzXML	30.0	2072503.2	10582.4	0.0051060957	[10.7..10.8]	[1.0..1.0]	[1.035..1.337]	[2145040.8..2770936.8]	[0.703..0.753]	[0.98..1.0]	[1.02..1.337]	[2113953.2..2770936.8]	[0.7..0.753]	[0.979..1.0]	0.897656	[1925508.8..2487348.2]
Group-1	PE 37:3:0	305.25	20220709_Ultimate_Neg_MSMS_NCE25_S50_C200_2.mzXML	35.0	1669235.1	13546.4	0.0081153335	[10.4..10.6]	[0.0..1.0]	[1.204..1.783]	[2009759.1..2976246.2]	[0.689..0.766]	[0.98..1.0]	[1.169..1.783]	[1951335.9..2976246.2]	[0.683..0.766]	[0.979..1.0]	0.897656	[1804072.4..2671645.5]
Group-1	PE 39:4:0	269.25	20220709_Ultimate_Neg_MSMS_NCE25_S50_C200_2.mzXML	25.0	416773.1	0.0	0.0	[0.0..0.0]	[0.0..0.6]	[0.993..0.995]	[413855.66..414689.22]	[0.284..0.366]	[0.0..0.18]	[0.993..0.993]	[413855.66..413855.66]	[0.283..0.327]	[0.0..0.18]	0.8720794	[360915.0..361641.94]
Group-1	PE 39:4:0	269.25	20220709_Ultimate_Neg_MSMS_NCE25_S50_C200_2.mzXML	30.0	515547.4	0.0	0.0	[0.0..0.0]	[0.0..0.6]	[0.982..0.984]	[506267.56..507298.66]	[0.299..0.345]	[0.0..0.18]	[0.982..0.982]	[506267.56..506267.56]	[0.298..0.325]	[0.0..0.18]	0.8720794	[441505.47..442404.7]
Group-1	PE 39:4:0	269.25	20220709_Ultimate_Neg_MSMS_NCE25_S50_C200_2.mzXML	35.0	448699.3	0.0	0.0	[0.0..0.0]	[0.0..0.0]	[0.981..0.981]	[440174.03..440174.03]	[0.299..0.304]	[0.0..0.18]	[0.981..0.981]	[440174.03..440174.03]	[0.299..0.319]	[0.0..0.18]	0.8720794	[383866.7..383866.7]
Group-1	PE 39:4:0	331.26	20220709_Ultimate_Neg_MSMS_NCE25_S50_C200_2.mzXML	25.0	942658.3	24616.5	0.026113916	[7.0..7.1]	[0.4..1.0]	[0.76..1.111]	[716420.3..1047293.3]	[0.634..0.716]	[0.82..1.0]	[0.904..1.111]	[852163.1..1047293.3]	[0.673..0.717]	[0.82..1.0]	0.8720794	[624775.4..913322.94]
Group-1	PE 39:4:0	331.26	20220709_Ultimate_Neg_MSMS_NCE25_S50_C200_2.mzXML	30.0	839296.2	34141.9	0.0406792	[7.0..7.0]	[0.4..1.0]	[1.145..1.42]	[960994.1..1191800.5]	[0.655..0.701]	[0.82..1.0]	[1.253..1.42]	[1051638.1..1191800.5]	[0.675..0.702]	[0.82..1.0]	0.8720794	[838063.1..1039344.6]
Group-1	PE 39:4:0	331.26	20220709_Ultimate_Neg_MSMS_NCE25_S50_C200_2.mzXML	35.0	496205.2	23899.2	0.048163943	[7.0..7.3]	[1.0..1.0]	[2.032..2.079]	[1008289.0..1031610.56]	[0.696..0.701]	[0.82..1.0]	[1.898..2.079]	[941797.44..1031610.56]	[0.681..0.701]	[0.82..1.0]	0.8720794	[879308.0..899646.3]
Group-1	PG 31:1:0	225.19	20220709_Ultimate_Neg_MSMS_NCE25_S50_C200_2.mzXML	25.0	1105993.4	0.0	0.0	[7.0..7.0]	[0.0..1.0]	[0.962..0.97]	[1063965.6..1072813.6]	[0.696..0.697]	[0.94..0.99]	[0.97..0.97]	[1072813.6..1072813.6]	[0.698..0.698]	[0.935..0.991]	0.95060706	[1011413.25..1019824.2]
Group-1	PG 31:1:0	225.19	20220709_Ultimate_Neg_MSMS_NCE25_S50_C200_2.mzXML	30.0	1440122.4	0.0	0.0	[7.0..7.0]	[0.0..1.0]	[0.999..1.011]	[1438682.2..1455963.8]	[0.712..0.713]	[0.94..0.99]	[1.01..1.011]	[1454523.6..1455963.8]	[0.714..0.715]	[0.935..0.991]	0.95060706	[1367621.5..1384049.5]
Group-1	PG 31:1:0	225.19	20220709_Ultimate_Neg_MSMS_NCE25_S50_C200_2.mzXML	35.0	1320469.0	0.0	0.0	[7.0..7.0]	[0.0..1.0]	[1.028..1.054]	[1357442.1..1391774.4]	[0.688..0.692]	[0.94..0.99]	[1.052..1.054]	[1389133.5..1391774.4]	[0.693..0.693]	[0.935..0.991]	0.95060706	[1290394.0..1323030.5]
Group-1	PG 31:1:0	269.25	20220709_Ultimate_Neg_MSMS_NCE25_S50_C200_2.mzXML	25.0	464154.6	0.0	0.0	[0.0..0.0]	[0.0..1.0]	[0.999..1.004]	[463690.44..466011.2]	[0.303..0.304]	[0.01..0.06]	[0.999..0.999]	[463690.44..463690.44]	[0.302..0.302]	[0.009..0.065]	0.95060706	[440787.4..442993.53]
Group-1	PG 31:1:0	269.25	20220709_Ultimate_Neg_MSMS_NCE25_S50_C200_2.mzXML	30.0	588987.9	0.0	0.0	[0.0..0.0]	[0.0..1.0]	[0.987..0.993]	[581331.0..584864.94]	[0.287..0.288]	[0.01..0.06]	[0.987..0.987]	[581331.0..581331.0]	[0.285..0.286]	[0.009..0.065]	0.95060706	[552617.44..555976.75]
Group-1	PG 31:1:0	269.25	20220709_Ultimate_Neg_MSMS_NCE25_S50_C200_2.mzXML	35.0	627521.3	0.0	0.0	[0.0..0.0]	[0.0..1.0]	[0.981..0.989]	[615598.44..620618.56]	[0.308..0.312]	[0.01..0.06]	[0.981..0.981]	[615598.44..615598.44]	[0.307..0.307]	[0.009..0.065]	0.95060706	[585192.2..589964.44]
Group-1	PG 33:1:0	253.22	20220709_Ultimate_Neg_MSMS_NCE25_S50_C200_2.mzXML	25.0	2011251.1	0.0	0.0	[9.0..9.0]	[0.0..1.0]	[0.969..1.015]	[1948902.2..2041419.9]	[0.712..0.721]	[0.96..1.0]	[1.013..1.015]	[2037397.4..2041419.9]	[0.721..0.722]	[0.963..1.0]	0.9195593	[1792131.2..1877206.6]
Group-1	PG 33:1:0	253.22	20220709_Ultimate_Neg_MSMS_NCE25_S50_C200_2.mzXML	30.0	2721455.5	0.0	0.0	[9.0..9.0]	[0.0..1.0]	[0.977..1.013]	[2658862.0..2756834.5]	[0.713..0.719]	[0.96..1.0]	[1.012..1.013]	[2754112.8..2756834.5]	[0.72..0.721]	[0.963..1.0]	0.9195593	[2444981.2..2535072.8]
Group-1	PG 33:1:0	253.22	20220709_Ultimate_Neg_MSMS_NCE25_S50_C200_2.mzXML	35.0	2550801.8	0.0	0.0	[9.0..9.0]	[0.0..1.0]	[0.99..1.02]	[2525293.8..2601817.8]	[0.7..0.704]	[0.96..1.0]	[1.019..1.02]	[2599267.0..2601817.8]	[0.706..0.706]	[0.963..1.0]	0.9195593	[2322157.5..2392525.8]
Group-1	PG 33:1:0	269.25	20220709_Ultimate_Neg_MSMS_NCE25_S50_C200_2.mzXML	25.0	787896.1	0.0	0.0	[0.0..0.0]	[0.0..1.0]	[0.999..1.004]	[787108.25..791047.7]	[0.279..0.288]	[0.0..0.04]	[0.999..0.999]	[787108.25..787108.25]	[0.278..0.279]	[0.0..0.037]	0.9195593	[723792.7..727415.25]
Group-1	PG 33:1:0	269.25	20220709_Ultimate_Neg_MSMS_NCE25_S50_C200_2.mzXML	30.0	1082642.8	0.0	0.0	[0.0..0.0]	[0.0..1.0]	[0.987..0.993]	[1068568.4..1075064.2]	[0.281..0.287]	[0.0..0.04]	[0.987..0.987]	[1068568.4..1068568.4]	[0.279..0.28]	[0.0..0.037]	0.9195593	[982612.0..988585.25]
Group-1	PG 33:1:0	269.25	20220709_Ultimate_Neg_MSMS_NCE25_S50_C200_2.mzXML	35.0	1103889.8	0.0	0.0	[0.0..0.0]	[0.0..1.0]	[0.981..0.989]	[1082915.9..1091747.0]	[0.296..0.3]	[0.0..0.04]	[0.981..0.981]	[1082915.9..1082915.9]	[0.294..0.294]	[0.0..0.037]	0.9195593	[995805.3..1003926.06]
Group-1	PG 35:1:0	269.25	20220709_Ultimate_Neg_MSMS_NCE25_S50_C200_2.mzXML	25.0	1178833.2	0.0	0.0	[0.0..0.0]	[0.0..0.0]	[1.004..1.004]	[1183548.5..1183548.5]	[0.288..0.288]	[0.01..0.05]	[1.004..1.004]	[1183548.5..1183548.5]	[0.288..0.288]	[0.015..0.053]	0.8906167	[1054088.1..1054088.1]
Group-1	PG 35:1:0	269.25	20220709_Ultimate_Neg_MSMS_NCE25_S50_C200_2.mzXML	30.0	1666511.9	0.0	0.0	[0.0..0.0]	[0.0..0.0]	[0.993..0.993]	[1654846.2..1654846.2]	[0.294..0.294]	[0.01..0.05]	[0.993..0.993]	[1654846.2..1654846.2]	[0.294..0.294]	[0.015..0.053]	0.8906167	[1473833.8..1473833.8]
Group-1	PG 35:1:0	269.25	20220709_Ultimate_Neg_MSMS_NCE25_S50_C200_2.mzXML	35.0	1537637.5	0.0	0.0	[0.0..0.0]	[0.0..0.0]	[0.989..0.989]	[1520723.5..1520723.5]	[0.307..0.307]	[0.01..0.05]	[0.989..0.989]	[1520723.5..1520723.5]	[0.307..0.307]	[0.015..0.053]	0.8906167	[1354381.8..1354381.8]
Group-1	PG 35:1:0	281.25	20220709_Ultimate_Neg_MSMS_NCE25_S50_C200_2.mzXML	25.0	3061049.5	0.0	0.0	[9.0..9.0]	[1.0..1.0]	[0.958..0.958]	[2932485.5..2932485.5]	[0.712..0.712]	[0.95..0.99]	[0.958..0.958]	[2932485.5..2932485.5]	[0.712..0.712]	[0.947..0.985]	0.8906167	[2611720.5..2611720.5]
Group-1	PG 35:1:0	281.25	20220709_Ultimate_Neg_MSMS_NCE25_S50_C200_2.mzXML	30.0	4233073.0	0.0	0.0	[9.0..9.0]	[1.0..1.0]	[0.937..0.937]	[3966389.2..3966389.2]	[0.706..0.706]	[0.95..0.99]	[0.937..0.937]	[3966389.2..3966389.2]	[0.706..0.706]	[0.947..0.985]	0.8906167	[3532532.5..3532532.5]
Group-1	PG 35:1:0	281.25	20220709_Ultimate_Neg_MSMS_NCE25_S50_C200_2.mzXML	35.0	3663135.0	0.0	0.0	[9.0..9.0]	[1.0..1.0]	[0.936..0.936]	[3428694.2..3428694.2]	[0.693..0.693]	[0.95..0.99]	[0.936..0.936]	[3428694.2..3428694.2]	[0.693..0.693]	[0.947..0.985]	0.8906167	[3053652.5..3053652.5]
Group-1	PG 37:3:0	269.25	20220709_Ultimate_Neg_MSMS_NCE25_S50_C200_2.mzXML	25.0	870724.2	0.0	0.0	[0.0..0.0]	[1.0..1.0]	[0.999..0.999]	[869853.5..869853.5]	[0.289..0.292]	[0.0..0.07]	[0.999..0.999]	[869853.5..869853.5]	[0.288..0.29]	[0.0..0.067]	0.8673628	[754478.5..754478.5]
Group-1	PG 37:3:0	269.25	20220709_Ultimate_Neg_MSMS_NCE25_S50_C200_2.mzXML	30.0	1074976.8	0.0	0.0	[0.0..0.0]	[0.0..1.0]	[0.987..0.993]	[1061002.0..1067451.9]	[0.283..0.294]	[0.0..0.07]	[0.987..0.987]	[1061002.0..1061002.0]	[0.282..0.292]	[0.0..0.067]	0.8673628	[920273.7..925868.0]
Group-1	PG 37:3:0	269.25	20220709_Ultimate_Neg_MSMS_NCE25_S50_C200_2.mzXML	35.0	1083792.2	0.0	0.0	[0.0..0.0]	[0.0..0.0]	[0.989..0.989]	[1071870.5..1071870.5]	[0.294..0.313]	[0.0..0.07]	[0.989..0.989]	[1071870.5..1071870.5]	[0.294..0.314]	[0.0..0.067]	0.8673628	[929700.6..929700.6]
Group-1	PG 37:3:0	305.25	20220709_Ultimate_Neg_MSMS_NCE25_S50_C200_2.mzXML	25.0	2213893.0	9400.6	0.004246185	[9.1..9.6]	[0.0..0.0]	[0.954..0.966]	[2112054.0..2138620.8]	[0.708..0.711]	[0.93..1.0]	[0.962..0.972]	[2129765.0..2151904.0]	[0.71..0.712]	[0.933..1.0]	0.8673628	[1831917.0..1854960.0]
Group-1	PG 37:3:0	305.25	20220709_Ultimate_Neg_MSMS_NCE25_S50_C200_2.mzXML	30.0	2569071.2	12476.5	0.0048564244	[10.4..10.5]	[0.0..1.0]	[0.991..1.051]	[2545949.5..2700094.0]	[0.706..0.717]	[0.93..1.0]	[0.999..1.051]	[2566502.2..2700094.0]	[0.708..0.718]	[0.933..1.0]	0.8673628	[2208262.0..2341961.0]
Group-1	PG 37:3:0	305.25	20220709_Ultimate_Neg_MSMS_NCE25_S50_C200_2.mzXML	35.0	2077643.8	19596.4	0.009432031	[9.7..9.8]	[1.0..1.0]	[1.131..1.239]	[2349815.2..2574200.5]	[0.687..0.706]	[0.93..1.0]	[1.127..1.239]	[2341504.5..2574200.5]	[0.686..0.706]	[0.933..1.0]	0.8673628	[2038142.2..2232765.8]
Group-1	PG 39:4:0	269.25	20220709_Ultimate_Neg_MSMS_NCE25_S50_C200_2.mzXML	25.0	391624.0	0.0	0.0	[0.0..0.0]	[1.0..1.0]	[0.999..0.999]	[391232.38..391232.38]	[0.28..0.283]	[0.0..0.13]	[0.999..0.999]	[391232.38..391232.38]	[0.28..0.284]	[0.0..0.125]	0.8435985	[330043.03..330043.03]
Group-1	PG 39:4:0	269.25	20220709_Ultimate_Neg_MSMS_NCE25_S50_C200_2.mzXML	30.0	525076.5	0.0	0.0	[0.0..0.0]	[0.0..1.0]	[0.987..0.993]	[518250.5..521400.94]	[0.295..0.308]	[0.0..0.13]	[0.987..0.988]	[518250.5..518775.56]	[0.294..0.308]	[0.0..0.125]	0.8435985	[437195.34..439853.06]
Group-1	PG 39:4:0	269.25	20220709_Ultimate_Neg_MSMS_NCE25_S50_C200_2.mzXML	35.0	507507.1	0.0	0.0	[0.0..0.0]	[0.0..0.0]	[0.989..0.989]	[501924.53..501924.53]	[0.314..0.338]	[0.0..0.13]	[0.989..0.989]	[501924.53..501924.53]	[0.314..0.339]	[0.0..0.125]	0.8435985	[423422.78..423422.78]
Group-1	PG 39:4:0	331.26	20220709_Ultimate_Neg_MSMS_NCE25_S50_C200_2.mzXML	25.0	1009794.8	20368.6	0.020171028	[7.2..7.3]	[0.0..0.0]	[0.981..0.996]	[990608.7..1005755.6]	[0.717..0.72]	[0.87..1.0]	[0.979..0.997]	[988589.06..1006765.44]	[0.716..0.72]	[0.875..1.0]	0.8435985	[835676.0..848453.94]
Group-1	PG 39:4:0	331.26	20220709_Ultimate_Neg_MSMS_NCE25_S50_C200_2.mzXML	30.0	1026884.9	32699.9	0.031843785	[7.0..8.1]	[0.0..1.0]	[1.135..1.213]	[1165514.4..1245611.4]	[0.692..0.705]	[0.87..1.0]	[1.133..1.213]	[1163460.6..1245611.4]	[0.692..0.706]	[0.875..1.0]	0.8435985	[983226.06..1050795.9]
Group-1	PG 39:4:0	331.26	20220709_Ultimate_Neg_MSMS_NCE25_S50_C200_2.mzXML	35.0	650937.9	27014.2	0.041500427	[7.0..8.5]	[1.0..1.0]	[1.512..1.681]	[984218.06..1094226.8]	[0.662..0.686]	[0.87..1.0]	[1.503..1.681]	[978359.6..1094226.6]	[0.661..0.686]	[0.875..1.0]	0.8435985	[830284.8..923087.8]
Group-1	PI 31:1:0	225.19	20220709_Ultimate_Neg_MSMS_NCE25_S50_C200_2.mzXML	25.0	178431.8	0.0	0.0	[7.0..7.0]	[0.0..1.0]	[0.886..0.909]	[158090.56..162194.5]	[0.392..0.397]	[0.0..0.0]	[0.886..0.886]	[158090.56..158090.56]	[0.391..0.391]	[0.0..0.0]	0.8599466	[135949.44..139478.61]
Group-1	PI 31:1:0	225.19	20220709_Ultimate_Neg_MSMS_NCE25_S50_C200_2.mzXML	30.0	456442.0	0.0	0.0	[7.0..7.0]	[0.0..1.0]	[0.941..0.943]	[429511.9..430424.8]	[0.427..0.429]	[0.0..0.0]	[0.941..0.941]	[429511.9..429511.9]	[0.427..0.427]	[0.0..0.0]	0.8599466	[369357.3..370142.38]
Group-1	PI 31:1:0	225.19	20220709_Ultimate_Neg_MSMS_NCE25_S50_C200_2.mzXML	35.0	594525.5	0.0	0.0	[7.0..7.0]	[0.0..1.0]	[0.977..0.992]	[580851.44..589769.4]	[0.442..0.443]	[0.0..0.0]	[0.977..0.977]	[580851.44..580851.44]	[0.439..0.439]	[0.0..0.0]	0.8599466	[499501.2..507170.1]
Group-1	PI 31:1:0	269.25	20220709_Ultimate_Neg_MSMS_NCE25_S50_C200_2.mzXML	25.0	245195.9	0.0	0.0	[0.0..0.0]	[0.0..1.0]	[1.0..1.005]	[245195.9..246421.89]	[0.603..0.608]	[1.0..1.0]	[1.005..1.005]	[246421.89..246421.89]	[0.609..0.609]	[1.0..1.0]	0.8599466	[210855.39..211909.67]
Group-1	PI 31:1:0	269.25	20220709_Ultimate_Neg_MSMS_NCE25_S50_C200_2.mzXML	30.0	579897.5	0.0	0.0	[0.0..0.0]	[0.0..1.0]	[0.985..0.995]	[571199.06..576998.0]	[0.571..0.573]	[1.0..1.0]	[0.995..0.995]	[576998.0..576998.0]	[0.573..0.573]	[1.0..1.0]	0.8599466	[491200.66..496187.47]
Group-1	PI 31:1:0	269.25	20220709_Ultimate_Neg_MSMS_NCE25_S50_C200_2.mzXML	35.0	751155.2	0.0	0.0	[0.0..0.0]	[0.0..1.0]	[0.977..0.989]	[733878.6..742892.5]	[0.557..0.558]	[1.0..1.0]	[0.989..0.989]	[742892.5..742892.5]	[0.561..0.561]	[1.0..1.0]	0.8599466	[631096.44..638847.9]
Group-1	PI 33:1:0	253.22	20220709_Ultimate_Neg_MSMS_NCE25_S50_C200_2.mzXML	25.0	359864.5	0.0	0.0	[9.0..9.0]	[0.0..1.0]	[0.921..0.937]	[331435.22..337193.03]	[0.436..0.439]	[0.0..0.08]	[0.921..0.922]	[331435.22..331795.06]	[0.435..0.435]	[0.0..0.079]	0.83485824	[276701.4..281508.38]
Group-1	PI 33:1:0	253.22	20220709_Ultimate_Neg_MSMS_NCE25_S50_C200_2.mzXML	30.0	891490.9	0.0	0.0	[9.0..9.0]	[0.0..1.0]	[0.936..0.942]	[834435.44..839784.4]	[0.461..0.462]	[0.0..0.08]	[0.936..0.936]	[834435.44..834435.44]	[0.46..0.46]	[0.0..0.079]	0.83485824	[696635.3..701100.9]
Group-1	PI 33:1:0	253.22	20220709_Ultimate_Neg_MSMS_NCE25_S50_C200_2.mzXML	35.0	1213672.1	0.0	0.0	[9.0..9.0]	[0.0..1.0]	[0.938..0.958]	[1138424.5..1162697.9]	[0.458..0.46]	[0.0..0.08]	[0.938..0.94]	[1138424.5..1140851.8]	[0.455..0.456]	[0.0..0.079]	0.83485824	[950423.06..970687.94]
Group-1	PI 33:1:0	269.25	20220709_Ultimate_Neg_MSMS_NCE25_S50_C200_2.mzXML	25.0	428440.5	0.0	0.0	[0.0..0.0]	[0.0..1.0]	[1.0..1.005]	[428440.5..430582.7]	[0.561..0.564]	[0.92..1.0]	[1.005..1.005]	[430582.7..430582.7]	[0.565..0.565]	[0.921..1.0]	0.83485824	[357687.1..359475.53]
Group-1	PI 33:1:0	269.25	20220709_Ultimate_Neg_MSMS_NCE25_S50_C200_2.mzXML	30.0	985398.9	0.0	0.0	[0.0..0.0]	[0.0..1.0]	[0.985..0.995]	[970617.9..980471.9]	[0.538..0.539]	[0.92..1.0]	[0.994..0.995]	[979486.5..980471.9]	[0.54..0.54]	[0.921..1.0]	0.83485824	[810328.4..818555.06]
Group-1	PI 33:1:0	269.25	20220709_Ultimate_Neg_MSMS_NCE25_S50_C200_2.mzXML	35.0	1378192.1	0.0	0.0	[0.0..0.0]	[0.0..1.0]	[0.977..0.989]	[1346493.8..1363032.1]	[0.54..0.542]	[0.92..1.0]	[0.988..0.989]	[1361653.8..1363032.0]	[0.544..0.545]	[0.921..1.0]	0.83485824	[1124131.4..1137938.5]
Group-1	PI 35:1:0	269.25	20220709_Ultimate_Neg_MSMS_NCE25_S50_C200_2.mzXML	25.0	530211.9	0.0	0.0	[0.0..0.0]	[0.0..0.0]	[1.005..1.005]	[532862.94..532862.94]	[0.528..0.528]	[0.67..0.88]	[1.005..1.005]	[532862.94..532862.94]	[0.528..0.528]	[0.672..0.878]	0.8113026	[432313.1..432313.1]
Group-1	PI 35:1:0	269.25	20220709_Ultimate_Neg_MSMS_NCE25_S50_C200_2.mzXML	30.0	1237837.6	0.0	0.0	[0.0..0.0]	[1.0..1.0]	[0.985..0.985]	[1219270.1..1219270.1]	[0.527..0.527]	[0.67..0.88]	[0.985..0.985]	[1219270.1..1219270.1]	[0.527..0.527]	[0.672..0.878]	0.8113026	[989197.0..989197.0]
Group-1	PI 35:1:0	269.25	20220709_Ultimate_Neg_MSMS_NCE25_S50_C200_2.mzXML	35.0	1671361.5	0.0	0.0	[0.0..0.0]	[0.0..1.0]	[0.977..0.989]	[1632920.1..1652976.5]	[0.513..0.518]	[0.67..0.88]	[0.985..0.988]	[1646291.1..1651305.1]	[0.518..0.52]	[0.672..0.878]	0.8113026	[1324792.4..1341064.1]
Group-1	PI 35:1:0	281.25	20220709_Ultimate_Neg_MSMS_NCE25_S50_C200_2.mzXML	25.0	501208.4	0.0	0.0	[9.0..9.0]	[1.0..1.0]	[0.952..0.952]	[477150.4..477150.4]	[0.472..0.472]	[0.12..0.33]	[0.952..0.952]	[477150.4..477150.4]	[0.472..0.472]	[0.122..0.328]	0.8113026	[387113.38..387113.38]
Group-1	PI 35:1:0	281.25	20220709_Ultimate_Neg_MSMS_NCE25_S50_C200_2.mzXML	30.0	1223613.2	0.0	0.0	[9.0..9.0]	[0.0..0.0]	[0.896..0.896]	[1096357.5..1096357.5]	[0.473..0.473]	[0.12..0.33]	[0.896..0.896]	[1096357.5..1096357.5]	[0.473..0.473]	[0.122..0.328]	0.8113026	[889477.7..889477.7]
Group-1	PI 35:1:0	281.25	20220709_Ultimate_Neg_MSMS_NCE25_S50_C200_2.mzXML	35.0	1705132.6	0.0	0.0	[9.0..9.0]	[0.0..1.0]	[0.89..0.919]	[1517568.0..1567016.9]	[0.482..0.487]	[0.12..0.33]	[0.893..0.9]	[1522683.5..1534619.4]	[0.48..0.482]	[0.122..0.328]	0.8113026	[1231206.9..1271324.9]
Group-1	PI 37:3:0	269.25	20220709_Ultimate_Neg_MSMS_NCE25_S50_C200_2.mzXML	25.0	368638.6	0.0	0.0	[0.0..0.0]	[1.0..1.0]	[1.0..1.0]	[368638.6..368638.6]	[0.484..0.501]	[0.09..0.83]	[1.0..1.0]	[368638.6..368638.6]	[0.292..0.333]	[0.09..0.831]	0.7922457	[292052.34..292052.34]
Group-1	PI 37:3:0	269.25	20220709_Ultimate_Neg_MSMS_NCE25_S50_C200_2.mzXML	30.0	901769.8	0.0	0.0	[0.0..0.0]	[0.0..0.0]	[0.995..0.995]	[897260.94..897260.94]	[0.491..0.501]	[0.09..0.83]	[0.995..0.995]	[897260.94..897260.94]	[0.399..0.424]	[0.09..0.831]	0.7922457	[710851.1..710851.1]
Group-1	PI 37:3:0	269.25	20220709_Ultimate_Neg_MSMS_NCE25_S50_C200_2.mzXML	35.0	1073525.2	0.0	0.0	[0.0..0.0]	[0.0..1.0]	[0.977..0.989]	[1048834.1..1061716.5]	[0.469..0.525]	[0.09..0.83]	[0.978..0.987]	[1049907.6..1059569.4]	[0.435..0.466]	[0.09..0.831]	0.7922457	[830934.4..841140.3]
Group-1	PI 37:3:0	305.25	20220709_Ultimate_Neg_MSMS_NCE25_S50_C200_2.mzXML	25.0	425881.5	0.0	0.0	[5.0..11.0]	[0.0..0.0]	[0.861..0.923]	[366683.97..393088.62]	[0.499..0.516]	[0.17..0.91]	[1.73..2.095]	[736775.0..892221.75]	[0.667..0.708]	[0.169..0.91]	0.7922457	[290503.78..311422.75]
Group-1	PI 37:3:0	305.25	20220709_Ultimate_Neg_MSMS_NCE25_S50_C200_2.mzXML	30.0	957528.3	0.0	0.0	[5.0..11.0]	[1.0..1.0]	[0.934..0.973]	[894331.44..931675.06]	[0.499..0.509]	[0.17..0.91]	[1.271..1.41]	[1217018.5..1350114.9]	[0.576..0.601]	[0.169..0.91]	0.7922457	[708530.25..738115.56]
Group-1	PI 37:3:0	305.25	20220709_Ultimate_Neg_MSMS_NCE25_S50_C200_2.mzXML	35.0	990645.0	0.0	0.0	[5.0..11.0]	[0.0..1.0]	[0.958..1.211]	[949037.94..1199671.0]	[0.475..0.531]	[0.17..0.91]	[1.214..1.387]	[1202643.0..1374024.6]	[0.534..0.565]	[0.169..0.91]	0.7922457	[751871.2..950434.25]
Group-1	PI 39:4:0	269.25	20220709_Ultimate_Neg_MSMS_NCE25_S50_C200_2.mzXML	25.0	153362.5	0.0	0.0	[0.0..0.0]	[1.0..1.0]	[1.0..1.0]	[153362.5..153362.5]	[0.461..0.473]	[0.0..1.0]	[1.0..1.0]	[153362.5..153362.5]	[0.464..0.473]	[0.0..1.0]	0.77264845	[118495.3..118495.3]
Group-1	PI 39:4:0	269.25	20220709_Ultimate_Neg_MSMS_NCE25_S50_C200_2.mzXML	30.0	386435.9	0.0	0.0	[0.0..0.0]	[0.0..0.0]	[0.995..0.995]	[384503.72..384503.72]	[0.497..0.514]	[0.0..1.0]	[0.995..0.995]	[384503.72..384503.72]	[0.497..0.516]	[0.0..1.0]	0.77264845	[297086.2..297086.2]
Group-1	PI 39:4:0	269.25	20220709_Ultimate_Neg_MSMS_NCE25_S50_C200_2.mzXML	35.0	518220.6	0.0	0.0	[0.0..0.0]	[0.0..1.0]	[0.977..0.989]	[506301.53..512520.2]	[0.498..0.553]	[0.0..1.0]	[0.977..0.989]	[506301.53..512520.2]	[0.498..0.553]	[0.0..1.0]	0.77264845	[391193.1..395997.94]
Group-1	PI 39:4:0	331.26	20220709_Ultimate_Neg_MSMS_NCE25_S50_C200_2.mzXML	25.0	194572.9	0.0	0.0	[7.0..10.0]	[0.0..0.0]	[0.877..0.92]	[170640.44..179007.08]	[0.527..0.539]	[0.0..1.0]	[0.877..0.912]	[170640.44..177450.48]	[0.527..0.536]	[0.0..1.0]	0.77264845	[131845.06..138309.55]
Group-1	PI 39:4:0	331.26	20220709_Ultimate_Neg_MSMS_NCE25_S50_C200_2.mzXML	30.0	386356.9	0.0	0.0	[7.0..10.0]	[1.0..1.0]	[0.942..1.008]	[363948.2..389447.78]	[0.486..0.503]	[0.0..1.0]	[0.932..1.008]	[360084.62..389447.78]	[0.484..0.503]	[0.0..1.0]	0.77264845	[281204.0..300906.22]
Group-1	PI 39:4:0	331.26	20220709_Ultimate_Neg_MSMS_NCE25_S50_C200_2.mzXML	35.0	389730.5	0.0	0.0	[7.0..10.0]	[0.0..1.0]	[1.049..1.327]	[408827.3..517172.38]	[0.447..0.502]	[0.0..1.0]	[1.049..1.327]	[408827.3..517172.38]	[0.447..0.502]	[0.0..1.0]	0.77264845	[315879.78..399592.44]
Group-1	PS 31:1:0	225.19	20220709_Ultimate_Neg_MSMS_NCE25_S50_C200_2.mzXML	25.0	228618.0	0.0	0.0	[7.0..7.0]	[0.0..1.0]	[0.865..0.917]	[197754.58..209642.7]	[0.251..0.261]	[1.0..1.0]	[0.917..0.917]	[209642.7..209642.7]	[0.263..0.263]	[1.0..1.0]	0.93592954	[185084.34..196210.8]
Group-1	PS 31:1:0	225.19	20220709_Ultimate_Neg_MSMS_NCE25_S50_C200_2.mzXML	30.0	337634.4	0.0	0.0	[7.0..7.0]	[0.0..1.0]	[0.924..0.948]	[311974.2..320077.4]	[0.237..0.241]	[1.0..1.0]	[0.948..0.948]	[320077.4..320077.4]	[0.242..0.242]	[1.0..1.0]	0.93592954	[291985.84..299569.9]
Group-1	PS 31:1:0	225.19	20220709_Ultimate_Neg_MSMS_NCE25_S50_C200_2.mzXML	35.0	366834.7	0.0	0.0	[7.0..7.0]	[0.0..1.0]	[0.962..0.974]	[352894.97..357296.97]	[0.248..0.25]	[1.0..1.0]	[0.974..0.974]	[357296.97..357296.97]	[0.25..0.25]	[1.0..1.0]	0.93592954	[330284.8..334404.78]
Group-1	PS 31:1:0	269.25	20220709_Ultimate_Neg_MSMS_NCE25_S50_C200_2.mzXML	25.0	594779.1	0.0	0.0	[0.0..0.0]	[0.0..1.0]	[0.99..0.997]	[588831.3..592994.75]	[0.739..0.749]	[0.0..0.0]	[0.99..0.99]	[588831.3..588831.3]	[0.737..0.737]	[0.0..0.0]	0.93592954	[551104.7..555001.4]
Group-1	PS 31:1:0	269.25	20220709_Ultimate_Neg_MSMS_NCE25_S50_C200_2.mzXML	30.0	1024044.3	0.0	0.0	[0.0..0.0]	[0.0..1.0]	[0.981..0.986]	[1004587.5..1009707.7]	[0.759..0.763]	[0.0..0.0]	[0.981..0.981]	[1004587.5..1004587.5]	[0.758..0.758]	[0.0..0.0]	0.93592954	[940223.06..945015.25]
Group-1	PS 31:1:0	269.25	20220709_Ultimate_Neg_MSMS_NCE25_S50_C200_2.mzXML	35.0	1094528.0	0.0	0.0	[0.0..0.0]	[0.0..1.0]	[0.979..0.979]	[1071542.9..1071542.9]	[0.75..0.752]	[0.0..0.0]	[0.979..0.979]	[1071542.9..1071542.9]	[0.75..0.75]	[0.0..0.0]	0.93592954	[1002888.6..1002888.6]
Group-1	PS 33:1:0	253.22	20220709_Ultimate_Neg_MSMS_NCE25_S50_C200_2.mzXML	25.0	463493.8	0.0	0.0	[9.0..9.0]	[0.0..1.0]	[0.867..0.927]	[401849.12..429658.75]	[0.276..0.288]	[1.0..1.0]	[0.927..0.927]	[429658.75..429658.75]	[0.29..0.29]	[1.0..1.0]	0.90589136	[364031.66..389224.16]
Group-1	PS 33:1:0	253.22	20220709_Ultimate_Neg_MSMS_NCE25_S50_C200_2.mzXML	30.0	670755.1	0.0	0.0	[9.0..9.0]	[0.0..1.0]	[0.913..0.929]	[612399.44..623131.5]	[0.257..0.259]	[1.0..1.0]	[0.929..0.929]	[623131.5..623131.5]	[0.26..0.26]	[1.0..1.0]	0.90589136	[554767.3..564489.44]
Group-1	PS 33:1:0	253.22	20220709_Ultimate_Neg_MSMS_NCE25_S50_C200_2.mzXML	35.0	791941.2	0.0	0.0	[9.0..9.0]	[0.0..1.0]	[0.93..0.939]	[736505.4..743632.8]	[0.253..0.255]	[1.0..1.0]	[0.939..0.939]	[743632.8..743632.8]	[0.255..0.255]	[1.0..1.0]	0.90589136	[667193.8..673650.5]
Group-1	PS 33:1:0	269.25	20220709_Ultimate_Neg_MSMS_NCE25_S50_C200_2.mzXML	25.0	1064274.2	0.0	0.0	[0.0..0.0]	[0.0..1.0]	[0.99..0.997]	[1053631.5..1061081.4]	[0.712..0.724]	[0.0..0.0]	[0.99..0.99]	[1053631.5..1053631.5]	[0.71..0.71]	[0.0..0.0]	0.90589136	[954475.7..961224.5]
Group-1	PS 33:1:0	269.25	20220709_Ultimate_Neg_MSMS_NCE25_S50_C200_2.mzXML	30.0	1805395.1	0.0	0.0	[0.0..0.0]	[0.0..1.0]	[0.981..0.986]	[1771092.6..1780119.6]	[0.741..0.743]	[0.0..0.0]	[0.981..0.981]	[1771092.6..1771092.6]	[0.74..0.74]	[0.0..0.0]	0.90589136	[1604417.5..1612595.0]
Group-1	PS 33:1:0	269.25	20220709_Ultimate_Neg_MSMS_NCE25_S50_C200_2.mzXML	35.0	2218602.0	0.0	0.0	[0.0..0.0]	[0.0..1.0]	[0.979..0.979]	[2172011.2..2172011.2]	[0.745..0.747]	[0.0..0.0]	[0.979..0.979]	[2172011.2..2172011.2]	[0.745..0.745]	[0.0..0.0]	0.90589136	[1967606.2..1967606.2]
Group-1	PS 35:1:0	269.25	20220709_Ultimate_Neg_MSMS_NCE25_S50_C200_2.mzXML	25.0	1455850.6	0.0	0.0	[0.0..0.0]	[1.0..1.0]	[0.997..0.997]	[1451483.0..1451483.0]	[0.711..0.711]	[0.0..0.0]	[0.997..0.997]	[1451483.0..1451483.0]	[0.711..0.711]	[0.0..0.0]	0.8778654	[1274206.8..1274206.8]
Group-1	PS 35:1:0	269.25	20220709_Ultimate_Neg_MSMS_NCE25_S50_C200_2.mzXML	30.0	2786951.8	0.0	0.0	[0.0..0.0]	[1.0..1.0]	[0.986..0.986]	[2747934.5..2747934.5]	[0.729..0.729]	[0.0..0.0]	[0.986..0.986]	[2747934.5..2747934.5]	[0.729..0.729]	[0.0..0.0]	0.8778654	[2412316.5..2412316.5]
Group-1	PS 35:1:0	269.25	20220709_Ultimate_Neg_MSMS_NCE25_S50_C200_2.mzXML	35.0	3064259.8	0.0	0.0	[0.0..0.0]	[1.0..1.0]	[0.979..0.979]	[2999910.2..2999910.2]	[0.744..0.744]	[0.0..0.0]	[0.979..0.979]	[2999910.2..2999910.2]	[0.744..0.744]	[0.0..0.0]	0.8778654	[2633517.2..2633517.2]
Group-1	PS 35:1:0	281.25	20220709_Ultimate_Neg_MSMS_NCE25_S50_C200_2.mzXML	25.0	664504.0	0.0	0.0	[9.0..9.0]	[0.0..0.0]	[0.888..0.888]	[590079.56..590079.56]	[0.289..0.289]	[1.0..1.0]	[0.888..0.888]	[590079.56..590079.56]	[0.289..0.289]	[1.0..1.0]	0.8778654	[518010.44..518010.44]
Group-1	PS 35:1:0	281.25	20220709_Ultimate_Neg_MSMS_NCE25_S50_C200_2.mzXML	30.0	1108887.8	0.0	0.0	[9.0..9.0]	[0.0..0.0]	[0.919..0.919]	[1019067.9..1019067.9]	[0.271..0.271]	[1.0..1.0]	[0.919..0.919]	[1019067.9..1019067.9]	[0.271..0.271]	[1.0..1.0]	0.8778654	[894604.44..894604.44]
Group-1	PS 35:1:0	281.25	20220709_Ultimate_Neg_MSMS_NCE25_S50_C200_2.mzXML	35.0	1102879.8	0.0	0.0	[9.0..9.0]	[0.0..0.0]	[0.936..0.936]	[1032295.44..1032295.44]	[0.256..0.256]	[1.0..1.0]	[0.936..0.936]	[1032295.44..1032295.44]	[0.256..0.256]	[1.0..1.0]	0.8778654	[906216.44..906216.44]
Group-1	PS 37:3:0	269.25	20220709_Ultimate_Neg_MSMS_NCE25_S50_C200_2.mzXML	25.0	1234265.2	0.0	0.0	[0.0..0.0]	[1.0..1.0]	[0.997..0.997]	[1230562.4..1230562.4]	[0.729..0.733]	[0.0..0.0]	[0.997..0.997]	[1230562.4..1230562.4]	[0.723..0.724]	[0.0..0.0]	0.8553157	[1052519.2..1052519.2]
Group-1	PS 37:3:0	269.25	20220709_Ultimate_Neg_MSMS_NCE25_S50_C200_2.mzXML	30.0	2026231.2	0.0	0.0	[0.0..0.0]	[1.0..1.0]	[0.986..0.986]	[1997863.9..1997863.9]	[0.728..0.748]	[0.0..0.0]	[0.986..0.986]	[1997864.0..1997864.0]	[0.727..0.75]	[0.0..0.0]	0.8553157	[1708804.4..1708804.4]
Group-1	PS 37:3:0	269.25	20220709_Ultimate_Neg_MSMS_NCE25_S50_C200_2.mzXML	35.0	2131140.5	0.0	0.0	[0.0..0.0]	[1.0..1.0]	[0.979..0.979]	[2086386.5..2086386.5]	[0.711..0.758]	[0.0..0.0]	[0.979..0.979]	[2086386.5..2086386.5]	[0.713..0.764]	[0.0..0.0]	0.8553157	[1784519.1..1784519.1]
Group-1	PS 37:3:0	305.25	20220709_Ultimate_Neg_MSMS_NCE25_S50_C200_2.mzXML	25.0	495375.3	0.0	0.0	[5.0..11.0]	[0.0..0.0]	[0.905..0.922]	[448314.66..456736.03]	[0.267..0.271]	[1.0..1.0]	[0.945..0.95]	[468129.66..470606.53]	[0.276..0.277]	[1.0..1.0]	0.8553157	[383450.56..390653.5]
Group-1	PS 37:3:0	305.25	20220709_Ultimate_Neg_MSMS_NCE25_S50_C200_2.mzXML	30.0	703346.9	0.0	0.0	[5.0..11.0]	[0.0..0.0]	[0.956..1.063]	[672399.56..747657.7]	[0.252..0.272]	[1.0..1.0]	[0.946..1.067]	[665366.1..750471.1]	[0.25..0.273]	[1.0..1.0]	0.8553157	[575113.94..639483.4]
Group-1	PS 37:3:0	305.25	20220709_Ultimate_Neg_MSMS_NCE25_S50_C200_2.mzXML	35.0	649519.7	0.0	0.0	[5.0..11.0]	[0.0..0.0]	[1.023..1.308]	[664458.6..849571.75]	[0.242..0.289]	[1.0..1.0]	[0.995..1.293]	[646272.06..839828.94]	[0.236..0.287]	[1.0..1.0]	0.8553157	[568321.9..726652.0]
Group-1	PS 39:4:0	269.25	20220709_Ultimate_Neg_MSMS_NCE25_S50_C200_2.mzXML	25.0	519212.7	0.0	0.0	[0.0..0.0]	[1.0..1.0]	[0.997..0.997]	[517655.03..517655.03]	[0.71..0.711]	[0.0..0.0]	[0.997..0.997]	[517655.03..517655.03]	[0.703..0.707]	[0.0..0.0]	0.83224064	[430813.56..430813.56]
Group-1	PS 39:4:0	269.25	20220709_Ultimate_Neg_MSMS_NCE25_S50_C200_2.mzXML	30.0	927390.6	0.0	0.0	[0.0..0.0]	[1.0..1.0]	[0.986..0.986]	[914407.2..914407.2]	[0.726..0.745]	[0.0..0.0]	[0.986..0.986]	[914407.2..914407.2]	[0.725..0.745]	[0.0..0.0]	0.83224064	[761006.8..761006.8]
Group-1	PS 39:4:0	269.25	20220709_Ultimate_Neg_MSMS_NCE25_S50_C200_2.mzXML	35.0	973629.7	0.0	0.0	[0.0..0.0]	[1.0..1.0]	[0.979..0.979]	[953183.44..953183.44]	[0.741..0.778]	[0.0..0.0]	[0.979..0.979]	[953183.44..953183.44]	[0.743..0.778]	[0.0..0.0]	0.83224064	[793278.0..793278.0]
Group-1	PS 39:4:0	331.26	20220709_Ultimate_Neg_MSMS_NCE25_S50_C200_2.mzXML	25.0	228025.5	0.0	0.0	[7.0..10.0]	[0.0..0.0]	[0.923..0.927]	[210467.53..211379.64]	[0.289..0.29]	[1.0..1.0]	[0.939..0.961]	[214115.95..219132.52]	[0.293..0.297]	[1.0..1.0]	0.83224064	[175159.64..175918.73]
Group-1	PS 39:4:0	331.26	20220709_Ultimate_Neg_MSMS_NCE25_S50_C200_2.mzXML	30.0	312340.0	0.0	0.0	[7.0..10.0]	[0.0..0.0]	[1.002..1.107]	[312964.7..345760.38]	[0.255..0.274]	[1.0..1.0]	[1.0..1.111]	[312340.0..347009.72]	[0.255..0.275]	[1.0..1.0]	0.83224064	[260461.92..287755.84]
Group-1	PS 39:4:0	331.26	20220709_Ultimate_Neg_MSMS_NCE25_S50_C200_2.mzXML	35.0	231603.6	0.0	0.0	[7.0..10.0]	[0.0..0.0]	[1.176..1.436]	[272365.8..332582.75]	[0.222..0.259]	[1.0..1.0]	[1.172..1.426]	[271439.44..330266.72]	[0.222..0.257]	[1.0..1.0]	0.83224064	[226673.9..276788.88]
Group-1	PC 33:1:0	253.22	20220709_Ultimate_Neg_MSMS_NCE25_S50_C200_3.mzXML	25.0	3248515.5	0.0	0.0	[9.0..9.0]	[0.0..1.0]	[0.901..0.981]	[2926912.5..3186793.8]	[0.718..0.733]	[1.0..1.0]	[0.981..0.981]	[3186793.8..3186793.8]	[0.735..0.735]	[1.0..1.0]	0.8626638	[2524941.5..2749131.5]
Group-1	PC 33:1:0	253.22	20220709_Ultimate_Neg_MSMS_NCE25_S50_C200_3.mzXML	30.0	3377783.5	0.0	0.0	[9.0..9.0]	[0.0..1.0]	[0.912..0.97]	[3080538.5..3276450.0]	[0.696..0.708]	[1.0..1.0]	[0.97..0.97]	[3276450.0..3276450.0]	[0.709..0.709]	[1.0..1.0]	0.8626638	[2657469.0..2826474.8]
Group-1	PC 33:1:0	253.22	20220709_Ultimate_Neg_MSMS_NCE25_S50_C200_3.mzXML	35.0	3390310.8	0.0	0.0	[9.0..9.0]	[0.0..1.0]	[0.936..0.967]	[3173330.8..3278430.5]	[0.696..0.702]	[1.0..1.0]	[0.967..0.967]	[3278430.5..3278430.5]	[0.703..0.703]	[1.0..1.0]	0.8626638	[2737517.5..2828183.2]
Group-1	PC 33:1:0	269.25	20220709_Ultimate_Neg_MSMS_NCE25_S50_C200_3.mzXML	25.0	1169512.6	0.0	0.0	[0.0..0.0]	[0.0..1.0]	[0.983..0.991]	[1149630.9..1158987.0]	[0.267..0.282]	[0.0..0.0]	[0.983..0.983]	[1149630.9..1149630.9]	[0.265..0.265]	[0.0..0.0]	0.8626638	[991744.94..999816.1]
Group-1	PC 33:1:0	269.25	20220709_Ultimate_Neg_MSMS_NCE25_S50_C200_3.mzXML	30.0	1382944.1	0.0	0.0	[0.0..0.0]	[0.0..1.0]	[0.971..0.977]	[1342838.8..1351136.4]	[0.292..0.304]	[0.0..0.0]	[0.971..0.971]	[1342838.8..1342838.8]	[0.291..0.291]	[0.0..0.0]	0.8626638	[1158418.4..1165576.5]
Group-1	PC 33:1:0	269.25	20220709_Ultimate_Neg_MSMS_NCE25_S50_C200_3.mzXML	35.0	1434053.4	0.0	0.0	[0.0..0.0]	[0.0..1.0]	[0.967..0.97]	[1386729.6..1391031.9]	[0.298..0.304]	[0.0..0.0]	[0.967..0.967]	[1386729.6..1386729.6]	[0.297..0.297]	[0.0..0.0]	0.8626638	[1196281.5..1199992.9]
Group-1	PC 35:1:0	269.25	20220709_Ultimate_Neg_MSMS_NCE25_S50_C200_3.mzXML	25.0	1776835.5	0.0	0.0	[0.0..0.0]	[0.0..0.0]	[0.983..0.983]	[1746629.2..1746629.2]	[0.265..0.265]	[0.0..0.0]	[0.983..0.983]	[1746629.2..1746629.2]	[0.265..0.265]	[0.0..0.0]	0.83740646	[1462638.6..1462638.6]
Group-1	PC 35:1:0	269.25	20220709_Ultimate_Neg_MSMS_NCE25_S50_C200_3.mzXML	30.0	2175088.2	0.0	0.0	[0.0..0.0]	[0.0..0.0]	[0.971..0.971]	[2112010.8..2112010.8]	[0.288..0.288]	[0.0..0.0]	[0.971..0.971]	[2112010.8..2112010.8]	[0.288..0.288]	[0.0..0.0]	0.83740646	[1768611.5..1768611.5]
Group-1	PC 35:1:0	269.25	20220709_Ultimate_Neg_MSMS_NCE25_S50_C200_3.mzXML	35.0	1904209.8	0.0	0.0	[0.0..0.0]	[0.0..0.0]	[0.967..0.967]	[1841370.9..1841370.9]	[0.299..0.299]	[0.0..0.0]	[0.967..0.967]	[1841370.9..1841370.9]	[0.299..0.299]	[0.0..0.0]	0.83740646	[1541975.8..1541975.8]
Group-1	PC 35:1:0	281.25	20220709_Ultimate_Neg_MSMS_NCE25_S50_C200_3.mzXML	25.0	5019516.5	0.0	0.0	[9.0..9.0]	[1.0..1.0]	[0.964..0.964]	[4838814.0..4838814.0]	[0.735..0.735]	[1.0..1.0]	[0.964..0.964]	[4838814.0..4838814.0]	[0.735..0.735]	[1.0..1.0]	0.83740646	[4052054.0..4052054.0]
Group-1	PC 35:1:0	281.25	20220709_Ultimate_Neg_MSMS_NCE25_S50_C200_3.mzXML	30.0	5648559.5	0.0	0.0	[9.0..9.0]	[1.0..1.0]	[0.926..0.926]	[5230566.0..5230566.0]	[0.712..0.712]	[1.0..1.0]	[0.926..0.926]	[5230566.0..5230566.0]	[0.712..0.712]	[1.0..1.0]	0.83740646	[4380109.5..4380109.5]
Group-1	PC 35:1:0	281.25	20220709_Ultimate_Neg_MSMS_NCE25_S50_C200_3.mzXML	35.0	4718415.5	0.0	0.0	[9.0..9.0]	[1.0..1.0]	[0.913..0.913]	[4307913.5..4307913.5]	[0.701..0.701]	[1.0..1.0]	[0.913..0.913]	[4307913.5..4307913.5]	[0.701..0.701]	[1.0..1.0]	0.83740646	[3607474.2..3607474.2]
Group-1	PC 37:3:0	269.25	20220709_Ultimate_Neg_MSMS_NCE25_S50_C200_3.mzXML	25.0	1045326.4	0.0	0.0	[0.0..0.0]	[1.0..1.0]	[0.991..0.991]	[1035918.44..1035918.44]	[0.288..0.289]	[0.0..0.04]	[0.991..0.991]	[1035918.44..1035918.44]	[0.262..0.272]	[0.0..0.038]	0.8170164	[846362.4..846362.4]
Group-1	PC 37:3:0	269.25	20220709_Ultimate_Neg_MSMS_NCE25_S50_C200_3.mzXML	30.0	1563754.9	0.0	0.0	[0.0..0.0]	[0.0..1.0]	[0.971..0.977]	[1518406.0..1527788.5]	[0.266..0.321]	[0.0..0.04]	[0.971..0.971]	[1518406.0..1518406.0]	[0.265..0.307]	[0.0..0.038]	0.8170164	[1240562.6..1248228.2]
Group-1	PC 37:3:0	269.25	20220709_Ultimate_Neg_MSMS_NCE25_S50_C200_3.mzXML	35.0	1388163.1	0.0	0.0	[0.0..0.0]	[0.0..0.0]	[0.967..0.967]	[1342353.8..1342353.8]	[0.243..0.315]	[0.0..0.04]	[0.967..0.967]	[1342353.8..1342353.8]	[0.243..0.316]	[0.0..0.038]	0.8170164	[1096725.1..1096725.1]
Group-1	PC 37:3:0	305.25	20220709_Ultimate_Neg_MSMS_NCE25_S50_C200_3.mzXML	25.0	2828511.5	0.0	0.0	[5.0..11.0]	[0.0..0.0]	[0.901..0.907]	[2548489.0..2565460.0]	[0.711..0.712]	[0.96..1.0]	[0.981..1.029]	[2774769.8..2910538.5]	[0.728..0.738]	[0.962..1.0]	0.8170164	[2082157.2..2096022.9]
Group-1	PC 37:3:0	305.25	20220709_Ultimate_Neg_MSMS_NCE25_S50_C200_3.mzXML	30.0	3471488.5	0.0	0.0	[5.0..11.0]	[0.0..1.0]	[0.925..1.213]	[3211127.0..4210916.0]	[0.679..0.734]	[0.96..1.0]	[0.989..1.213]	[3433302.2..4210916.0]	[0.693..0.735]	[0.962..1.0]	0.8170164	[2623543.2..3440387.2]
Group-1	PC 37:3:0	305.25	20220709_Ultimate_Neg_MSMS_NCE25_S50_C200_3.mzXML	35.0	2660533.0	0.0	0.0	[5.0..11.0]	[1.0..1.0]	[1.099..1.57]	[2923925.8..4177037.0]	[0.685..0.757]	[0.96..1.0]	[1.09..1.57]	[2899981.0..4177037.0]	[0.684..0.757]	[0.962..1.0]	0.8170164	[2388895.5..3412708.0]
Group-1	PC 39:4:0	269.25	20220709_Ultimate_Neg_MSMS_NCE25_S50_C200_3.mzXML	25.0	598411.0	0.0	0.0	[0.0..0.0]	[0.0..0.0]	[0.983..0.983]	[588238.0..588238.0]	[0.272..0.273]	[0.0..0.0]	[0.983..0.983]	[588238.0..588238.0]	[0.272..0.273]	[0.0..0.0]	0.7960887	[468289.62..468289.62]
Group-1	PC 39:4:0	269.25	20220709_Ultimate_Neg_MSMS_NCE25_S50_C200_3.mzXML	30.0	706906.9	0.0	0.0	[0.0..0.0]	[0.0..0.0]	[0.971..0.971]	[686406.56..686406.56]	[0.277..0.28]	[0.0..0.0]	[0.971..0.971]	[686406.56..686406.56]	[0.277..0.28]	[0.0..0.0]	0.7960887	[546440.5..546440.5]
Group-1	PC 39:4:0	269.25	20220709_Ultimate_Neg_MSMS_NCE25_S50_C200_3.mzXML	35.0	688925.5	0.0	0.0	[0.0..0.0]	[0.0..0.0]	[0.967..0.967]	[666190.94..666190.94]	[0.294..0.299]	[0.0..0.0]	[0.967..0.967]	[666190.94..666190.94]	[0.294..0.299]	[0.0..0.0]	0.7960887	[530347.1..530347.1]
Group-1	PC 39:4:0	331.26	20220709_Ultimate_Neg_MSMS_NCE25_S50_C200_3.mzXML	25.0	1502493.9	27153.5	0.018072287	[7.1..7.2]	[1.0..1.0]	[1.043..1.046]	[1567101.1..1571608.6]	[0.727..0.728]	[1.0..1.0]	[1.043..1.046]	[1567101.1..1571608.6]	[0.727..0.728]	[1.0..1.0]	0.7960887	[1247551.5..1251139.9]
Group-1	PC 39:4:0	331.26	20220709_Ultimate_Neg_MSMS_NCE25_S50_C200_3.mzXML	30.0	1436451.9	41964.7	0.029214134	[7.2..7.4]	[1.0..1.0]	[1.226..1.245]	[1761089.9..1788382.6]	[0.72..0.723]	[1.0..1.0]	[1.226..1.245]	[1761089.9..1788382.6]	[0.72..0.723]	[1.0..1.0]	0.7960887	[1401983.9..1423711.2]
Group-1	PC 39:4:0	331.26	20220709_Ultimate_Neg_MSMS_NCE25_S50_C200_3.mzXML	35.0	936976.9	44629.1	0.047630955	[7.0..7.0]	[1.0..1.0]	[1.665..1.711]	[1560066.5..1603167.4]	[0.701..0.706]	[1.0..1.0]	[1.665..1.711]	[1560066.5..1603167.4]	[0.701..0.706]	[1.0..1.0]	0.7960887	[1241951.2..1276263.4]
Group-1	PE 31:1:0	225.19	20220709_Ultimate_Neg_MSMS_NCE25_S50_C200_3.mzXML	25.0	1229027.0	0.0	0.0	[7.0..7.0]	[0.0..1.0]	[0.991..0.995]	[1217965.8..1222881.9]	[0.727..0.727]	[0.99..1.0]	[0.995..0.995]	[1222881.9..1222881.9]	[0.727..0.727]	[0.989..1.0]	0.98769516	[1202978.9..1207834.5]
Group-1	PE 31:1:0	225.19	20220709_Ultimate_Neg_MSMS_NCE25_S50_C200_3.mzXML	30.0	1239391.0	0.0	0.0	[7.0..7.0]	[0.0..1.0]	[0.995..1.05]	[1233194.0..1301360.5]	[0.711..0.722]	[0.99..1.0]	[1.049..1.05]	[1300121.2..1301360.5]	[0.722..0.722]	[0.989..1.0]	0.98769516	[1218019.8..1285347.5]
Group-1	PE 31:1:0	225.19	20220709_Ultimate_Neg_MSMS_NCE25_S50_C200_3.mzXML	35.0	1083548.1	0.0	0.0	[7.0..7.0]	[0.0..1.0]	[0.998..1.112]	[1081381.0..1204905.5]	[0.693..0.715]	[0.99..1.0]	[1.111..1.112]	[1203821.9..1204905.5]	[0.716..0.716]	[0.989..1.0]	0.98769516	[1068074.9..1190079.4]
Group-1	PE 31:1:0	269.25	20220709_Ultimate_Neg_MSMS_NCE25_S50_C200_3.mzXML	25.0	461570.8	0.0	0.0	[0.0..0.0]	[0.0..1.0]	[0.993..0.997]	[458339.8..460186.1]	[0.273..0.273]	[0.0..0.01]	[0.993..0.993]	[458339.8..458339.8]	[0.273..0.273]	[0.0..0.011]	0.98769516	[452700.0..454523.56]
Group-1	PE 31:1:0	269.25	20220709_Ultimate_Neg_MSMS_NCE25_S50_C200_3.mzXML	30.0	509398.1	0.0	0.0	[0.0..0.0]	[0.0..1.0]	[0.982..0.986]	[500228.94..502266.53]	[0.278..0.289]	[0.0..0.01]	[0.982..0.982]	[500228.94..500228.94]	[0.278..0.278]	[0.0..0.011]	0.98769516	[494073.7..496086.22]
Group-1	PE 31:1:0	269.25	20220709_Ultimate_Neg_MSMS_NCE25_S50_C200_3.mzXML	35.0	487532.6	0.0	0.0	[0.0..0.0]	[0.0..1.0]	[0.981..0.984]	[478269.47..479732.1]	[0.285..0.307]	[0.0..0.01]	[0.981..0.981]	[478269.47..478269.47]	[0.284..0.284]	[0.0..0.011]	0.98769516	[472384.47..473829.06]
Group-1	PE 33:1:0	253.22	20220709_Ultimate_Neg_MSMS_NCE25_S50_C200_3.mzXML	25.0	2206623.0	0.0	0.0	[9.0..9.0]	[0.0..1.0]	[0.963..1.008]	[2124978.0..2224276.0]	[0.724..0.732]	[1.0..1.0]	[1.008..1.008]	[2224276.0..2224276.0]	[0.733..0.733]	[1.0..1.0]	0.954019	[2027269.4..2122001.5]
Group-1	PE 33:1:0	253.22	20220709_Ultimate_Neg_MSMS_NCE25_S50_C200_3.mzXML	30.0	2278370.5	0.0	0.0	[9.0..9.0]	[0.0..1.0]	[0.983..0.99]	[2239638.2..2255586.8]	[0.712..0.712]	[1.0..1.0]	[0.99..0.99]	[2255586.8..2255586.8]	[0.713..0.713]	[1.0..1.0]	0.954019	[2136657.2..2151872.8]
Group-1	PE 33:1:0	253.22	20220709_Ultimate_Neg_MSMS_NCE25_S50_C200_3.mzXML	35.0	2226995.5	0.0	0.0	[9.0..9.0]	[0.0..1.0]	[0.984..1.021]	[2191363.8..2273762.5]	[0.703..0.71]	[1.0..1.0]	[1.021..1.021]	[2273762.5..2273762.5]	[0.71..0.71]	[1.0..1.0]	0.954019	[2090602.5..2169212.5]
Group-1	PE 33:1:0	269.25	20220709_Ultimate_Neg_MSMS_NCE25_S50_C200_3.mzXML	25.0	815622.8	0.0	0.0	[0.0..0.0]	[0.0..1.0]	[0.993..0.997]	[809913.44..813175.94]	[0.268..0.276]	[0.0..0.0]	[0.993..0.993]	[809913.44..809913.44]	[0.267..0.267]	[0.0..0.0]	0.954019	[772672.8..775785.3]
Group-1	PE 33:1:0	269.25	20220709_Ultimate_Neg_MSMS_NCE25_S50_C200_3.mzXML	30.0	923761.4	0.0	0.0	[0.0..0.0]	[0.0..1.0]	[0.982..0.986]	[907133.7..910828.7]	[0.288..0.288]	[0.0..0.0]	[0.982..0.982]	[907133.7..907133.7]	[0.287..0.287]	[0.0..0.0]	0.954019	[865422.8..868947.94]
Group-1	PE 33:1:0	269.25	20220709_Ultimate_Neg_MSMS_NCE25_S50_C200_3.mzXML	35.0	945465.3	0.0	0.0	[0.0..0.0]	[0.0..1.0]	[0.981..0.984]	[927501.5..930337.9]	[0.29..0.297]	[0.0..0.0]	[0.981..0.981]	[927501.5..927501.5]	[0.29..0.29]	[0.0..0.0]	0.954019	[884854.06..887560.0]
Group-1	PE 35:1:0	269.25	20220709_Ultimate_Neg_MSMS_NCE25_S50_C200_3.mzXML	25.0	1386616.6	0.0	0.0	[0.0..0.0]	[0.0..1.0]	[0.993..0.997]	[1376910.2..1382456.8]	[0.269..0.277]	[0.0..0.0]	[0.993..0.993]	[1376910.2..1376910.2]	[0.268..0.268]	[0.0..0.0]	0.9227341	[1270522.0..1275639.9]
Group-1	PE 35:1:0	269.25	20220709_Ultimate_Neg_MSMS_NCE25_S50_C200_3.mzXML	30.0	1315679.6	0.0	0.0	[0.0..0.0]	[1.0..1.0]	[0.986..0.986]	[1297260.1..1297260.1]	[0.291..0.291]	[0.0..0.0]	[0.986..0.986]	[1297260.1..1297260.1]	[0.291..0.291]	[0.0..0.0]	0.9227341	[1197026.1..1197026.1]
Group-1	PE 35:1:0	269.25	20220709_Ultimate_Neg_MSMS_NCE25_S50_C200_3.mzXML	35.0	1477510.6	0.0	0.0	[0.0..0.0]	[0.0..0.0]	[0.981..0.981]	[1449437.9..1449437.9]	[0.296..0.296]	[0.0..0.0]	[0.981..0.981]	[1449437.9..1449437.9]	[0.296..0.296]	[0.0..0.0]	0.9227341	[1337445.8..1337445.8]
Group-1	PE 35:1:0	281.25	20220709_Ultimate_Neg_MSMS_NCE25_S50_C200_3.mzXML	25.0	3944995.8	0.0	0.0	[9.0..9.0]	[0.0..1.0]	[0.91..0.953]	[3589946.2..3759581.0]	[0.723..0.731]	[1.0..1.0]	[0.953..0.953]	[3759581.0..3759581.0]	[0.732..0.732]	[1.0..1.0]	0.9227341	[3312565.8..3469093.5]
Group-1	PE 35:1:0	281.25	20220709_Ultimate_Neg_MSMS_NCE25_S50_C200_3.mzXML	30.0	3463280.8	0.0	0.0	[9.0..9.0]	[0.0..0.0]	[0.913..0.913]	[3161975.2..3161975.2]	[0.709..0.709]	[1.0..1.0]	[0.913..0.913]	[3161975.2..3161975.2]	[0.709..0.709]	[1.0..1.0]	0.9227341	[2917662.5..2917662.5]
Group-1	PE 35:1:0	281.25	20220709_Ultimate_Neg_MSMS_NCE25_S50_C200_3.mzXML	35.0	3726731.8	0.0	0.0	[9.0..9.0]	[1.0..1.0]	[0.925..0.925]	[3447227.0..3447227.0]	[0.704..0.704]	[1.0..1.0]	[0.925..0.925]	[3447227.0..3447227.0]	[0.704..0.704]	[1.0..1.0]	0.9227341	[3180873.8..3180873.8]
Group-1	PE 37:3:0	269.25	20220709_Ultimate_Neg_MSMS_NCE25_S50_C200_3.mzXML	25.0	869494.6	0.0	0.0	[0.0..0.0]	[0.0..0.0]	[0.993..0.993]	[863408.1..863408.1]	[0.276..0.279]	[0.0..0.01]	[0.993..0.993]	[863408.1..863408.1]	[0.276..0.281]	[0.0..0.013]	0.897656	[775043.5..775043.5]
Group-1	PE 37:3:0	269.25	20220709_Ultimate_Neg_MSMS_NCE25_S50_C200_3.mzXML	30.0	903749.2	0.0	0.0	[0.0..0.0]	[0.0..0.0]	[0.982..0.982]	[887481.7..887481.7]	[0.292..0.3]	[0.0..0.01]	[0.982..0.982]	[887481.7..887481.7]	[0.292..0.302]	[0.0..0.013]	0.897656	[796653.25..796653.25]
Group-1	PE 37:3:0	269.25	20220709_Ultimate_Neg_MSMS_NCE25_S50_C200_3.mzXML	35.0	876539.7	0.0	0.0	[0.0..0.0]	[0.0..0.0]	[0.981..0.981]	[859885.44..859885.44]	[0.294..0.308]	[0.0..0.01]	[0.981..0.981]	[859885.44..859885.44]	[0.294..0.309]	[0.0..0.013]	0.897656	[771881.3..771881.3]
Group-1	PE 37:3:0	305.25	20220709_Ultimate_Neg_MSMS_NCE25_S50_C200_3.mzXML	25.0	2238700.5	7390.0	0.003301022	[10.5..10.7]	[1.0..1.0]	[0.997..1.011]	[2231984.2..2263326.2]	[0.721..0.724]	[0.99..1.0]	[0.985..1.011]	[2205120.0..2263326.2]	[0.719..0.724]	[0.987..1.0]	0.897656	[2003554.2..2031688.5]
Group-1	PE 37:3:0	305.25	20220709_Ultimate_Neg_MSMS_NCE25_S50_C200_3.mzXML	30.0	1972412.9	13412.8	0.006800199	[10.2..10.3]	[1.0..1.0]	[1.05..1.09]	[2071033.4..2149930.0]	[0.7..0.708]	[0.99..1.0]	[1.042..1.09]	[2055254.4..2149930.0]	[0.698..0.708]	[0.987..1.0]	0.897656	[1859075.6..1929897.6]
Group-1	PE 37:3:0	305.25	20220709_Ultimate_Neg_MSMS_NCE25_S50_C200_3.mzXML	35.0	1598813.4	16421.7	0.0102711795	[9.9..10.1]	[1.0..1.0]	[1.209..1.29]	[1932965.4..2062469.2]	[0.692..0.706]	[0.99..1.0]	[1.204..1.29]	[1924971.2..2062469.2]	[0.691..0.706]	[0.987..1.0]	0.897656	[1735138.0..1851388.0]
Group-1	PE 39:4:0	269.25	20220709_Ultimate_Neg_MSMS_NCE25_S50_C200_3.mzXML	25.0	425288.7	0.0	0.0	[0.0..0.0]	[0.0..0.0]	[0.993..0.993]	[422311.66..422311.66]	[0.286..0.287]	[0.0..0.02]	[0.993..0.993]	[422311.66..422311.66]	[0.286..0.293]	[0.0..0.018]	0.8720794	[368289.28..368289.28]
Group-1	PE 39:4:0	269.25	20220709_Ultimate_Neg_MSMS_NCE25_S50_C200_3.mzXML	30.0	443496.1	0.0	0.0	[0.0..0.0]	[0.0..0.0]	[0.982..0.982]	[435513.16..435513.16]	[0.29..0.295]	[0.0..0.02]	[0.982..0.982]	[435513.16..435513.16]	[0.29..0.297]	[0.0..0.018]	0.8720794	[379802.03..379802.03]
Group-1	PE 39:4:0	269.25	20220709_Ultimate_Neg_MSMS_NCE25_S50_C200_3.mzXML	35.0	396099.5	0.0	0.0	[0.0..0.0]	[0.0..0.0]	[0.981..0.981]	[388573.62..388573.62]	[0.302..0.31]	[0.0..0.02]	[0.981..0.981]	[388573.62..388573.62]	[0.302..0.312]	[0.0..0.018]	0.8720794	[338867.03..338867.03]
Group-1	PE 39:4:0	331.26	20220709_Ultimate_Neg_MSMS_NCE25_S50_C200_3.mzXML	25.0	949047.7	23001.3	0.024236191	[7.3..7.4]	[1.0..1.0]	[1.103..1.111]	[1046799.6..1054391.9]	[0.713..0.714]	[0.98..1.0]	[1.076..1.111]	[1021175.3..1054391.9]	[0.707..0.714]	[0.982..1.0]	0.8720794	[912892.4..919513.5]
Group-1	PE 39:4:0	331.26	20220709_Ultimate_Neg_MSMS_NCE25_S50_C200_3.mzXML	30.0	752167.0	26597.5	0.035361163	[7.0..7.5]	[1.0..1.0]	[1.387..1.42]	[1043255.6..1068077.1]	[0.705..0.71]	[0.98..1.0]	[1.368..1.42]	[1028964.5..1068077.1]	[0.703..0.71]	[0.982..1.0]	0.8720794	[909801.7..931448.0]
Group-1	PE 39:4:0	331.26	20220709_Ultimate_Neg_MSMS_NCE25_S50_C200_3.mzXML	35.0	432857.8	20163.3	0.046581812	[7.0..7.5]	[1.0..1.0]	[2.001..2.079]	[866148.44..899911.4]	[0.69..0.698]	[0.98..1.0]	[1.984..2.079]	[858789.9..899911.4]	[0.688..0.698]	[0.982..1.0]	0.8720794	[755350.2..784794.2]
Group-1	PG 31:1:0	225.19	20220709_Ultimate_Neg_MSMS_NCE25_S50_C200_3.mzXML	25.0	1116592.6	0.0	0.0	[7.0..7.0]	[0.0..1.0]	[0.962..0.97]	[1074162.1..1083094.9]	[0.702..0.703]	[0.95..0.98]	[0.97..0.97]	[1083094.9..1083094.9]	[0.704..0.704]	[0.949..0.977]	0.95060706	[1021106.1..1029597.7]
Group-1	PG 31:1:0	225.19	20220709_Ultimate_Neg_MSMS_NCE25_S50_C200_3.mzXML	30.0	1313877.2	0.0	0.0	[7.0..7.0]	[0.0..1.0]	[0.999..1.011]	[1312563.4..1328330.0]	[0.706..0.707]	[0.95..0.98]	[1.01..1.011]	[1327016.0..1328330.0]	[0.708..0.709]	[0.949..0.977]	0.95060706	[1247732.0..1262719.9]
Group-1	PG 31:1:0	225.19	20220709_Ultimate_Neg_MSMS_NCE25_S50_C200_3.mzXML	35.0	1244373.4	0.0	0.0	[7.0..7.0]	[0.0..1.0]	[1.028..1.054]	[1279215.9..1311569.5]	[0.694..0.698]	[0.95..0.98]	[1.053..1.053]	[1310325.1..1310325.1]	[0.699..0.699]	[0.949..0.977]	0.95060706	[1216031.6..1246787.2]
Group-1	PG 31:1:0	269.25	20220709_Ultimate_Neg_MSMS_NCE25_S50_C200_3.mzXML	25.0	456208.6	0.0	0.0	[0.0..0.0]	[0.0..1.0]	[0.999..1.004]	[455752.4..458033.4]	[0.297..0.298]	[0.02..0.05]	[0.999..0.999]	[455752.4..455752.4]	[0.296..0.296]	[0.023..0.051]	0.95060706	[433241.47..435409.8]
Group-1	PG 31:1:0	269.25	20220709_Ultimate_Neg_MSMS_NCE25_S50_C200_3.mzXML	30.0	553189.4	0.0	0.0	[0.0..0.0]	[0.0..1.0]	[0.987..0.993]	[545997.94..549317.06]	[0.293..0.294]	[0.02..0.05]	[0.987..0.987]	[545997.94..545997.94]	[0.291..0.292]	[0.023..0.051]	0.95060706	[519029.5..522184.7]
Group-1	PG 31:1:0	269.25	20220709_Ultimate_Neg_MSMS_NCE25_S50_C200_3.mzXML	35.0	574566.9	0.0	0.0	[0.0..0.0]	[0.0..1.0]	[0.981..0.989]	[563650.1..568246.6]	[0.302..0.306]	[0.02..0.05]	[0.981..0.981]	[563650.1..563650.1]	[0.301..0.301]	[0.023..0.051]	0.95060706	[535809.75..540179.25]
Group-1	PG 33:1:0	253.22	20220709_Ultimate_Neg_MSMS_NCE25_S50_C200_3.mzXML	25.0	1938248.2	0.0	0.0	[9.0..9.0]	[0.0..1.0]	[0.969..1.015]	[1878162.5..1967322.0]	[0.701..0.71]	[0.96..0.99]	[1.013..1.015]	[1963445.5..1967322.0]	[0.71..0.711]	[0.96..0.993]	0.9195593	[1727081.9..1809069.2]
Group-1	PG 33:1:0	253.22	20220709_Ultimate_Neg_MSMS_NCE25_S50_C200_3.mzXML	30.0	2529754.8	0.0	0.0	[9.0..9.0]	[0.0..1.0]	[0.977..1.013]	[2471570.5..2562641.5]	[0.708..0.714]	[0.96..0.99]	[1.012..1.013]	[2560111.8..2562641.5]	[0.715..0.715]	[0.96..0.993]	0.9195593	[2272755.5..2356501.0]
Group-1	PG 33:1:0	253.22	20220709_Ultimate_Neg_MSMS_NCE25_S50_C200_3.mzXML	35.0	2240796.8	0.0	0.0	[9.0..9.0]	[0.0..1.0]	[0.99..1.02]	[2218388.8..2285612.8]	[0.708..0.712]	[0.96..0.99]	[1.019..1.02]	[2283372.0..2285612.8]	[0.714..0.714]	[0.96..0.993]	0.9195593	[2039940.1..2101756.2]
Group-1	PG 33:1:0	269.25	20220709_Ultimate_Neg_MSMS_NCE25_S50_C200_3.mzXML	25.0	802071.5	0.0	0.0	[0.0..0.0]	[0.0..1.0]	[0.999..1.004]	[801269.44..805279.75]	[0.29..0.299]	[0.01..0.04]	[0.999..0.999]	[801269.44..801269.44]	[0.289..0.29]	[0.007..0.04]	0.9195593	[736814.75..740502.5]
Group-1	PG 33:1:0	269.25	20220709_Ultimate_Neg_MSMS_NCE25_S50_C200_3.mzXML	30.0	1034000.1	0.0	0.0	[0.0..0.0]	[0.0..1.0]	[0.987..0.993]	[1020558.1..1026762.1]	[0.286..0.292]	[0.01..0.04]	[0.987..0.987]	[1020558.1..1020558.1]	[0.285..0.285]	[0.007..0.04]	0.9195593	[938463.7..944168.6]
Group-1	PG 33:1:0	269.25	20220709_Ultimate_Neg_MSMS_NCE25_S50_C200_3.mzXML	35.0	933797.8	0.0	0.0	[0.0..0.0]	[0.0..1.0]	[0.981..0.989]	[916055.7..923526.06]	[0.288..0.292]	[0.01..0.04]	[0.981..0.981]	[916055.7..916055.7]	[0.286..0.286]	[0.007..0.04]	0.9195593	[842367.5..849236.94]
Group-1	PG 35:1:0	269.25	20220709_Ultimate_Neg_MSMS_NCE25_S50_C200_3.mzXML	25.0	1128651.9	0.0	0.0	[0.0..0.0]	[0.0..0.0]	[1.004..1.004]	[1133166.4..1133166.4]	[0.291..0.291]	[0.02..0.05]	[1.004..1.004]	[1133166.4..1133166.4]	[0.291..0.291]	[0.022..0.053]	0.8906167	[1009217.0..1009217.0]
Group-1	PG 35:1:0	269.25	20220709_Ultimate_Neg_MSMS_NCE25_S50_C200_3.mzXML	30.0	1531773.8	0.0	0.0	[0.0..0.0]	[0.0..0.0]	[0.993..0.993]	[1521051.2..1521051.2]	[0.297..0.297]	[0.02..0.05]	[0.993..0.993]	[1521051.2..1521051.2]	[0.297..0.297]	[0.022..0.053]	0.8906167	[1354673.6..1354673.6]
Group-1	PG 35:1:0	269.25	20220709_Ultimate_Neg_MSMS_NCE25_S50_C200_3.mzXML	35.0	1417535.6	0.0	0.0	[0.0..0.0]	[0.0..0.0]	[0.989..0.989]	[1401942.8..1401942.8]	[0.307..0.307]	[0.02..0.05]	[0.989..0.989]	[1401942.8..1401942.8]	[0.307..0.307]	[0.022..0.053]	0.8906167	[1248593.6..1248593.6]
Group-1	PG 35:1:0	281.25	20220709_Ultimate_Neg_MSMS_NCE25_S50_C200_3.mzXML	25.0	2875760.5	0.0	0.0	[9.0..9.0]	[1.0..1.0]	[0.958..0.958]	[2754978.5..2754978.5]	[0.709..0.709]	[0.95..0.98]	[0.958..0.958]	[2754978.5..2754978.5]	[0.709..0.709]	[0.947..0.978]	0.8906167	[2453629.8..2453629.8]
Group-1	PG 35:1:0	281.25	20220709_Ultimate_Neg_MSMS_NCE25_S50_C200_3.mzXML	30.0	3846682.8	0.0	0.0	[9.0..9.0]	[1.0..1.0]	[0.937..0.937]	[3604341.8..3604341.8]	[0.703..0.703]	[0.95..0.98]	[0.937..0.937]	[3604341.8..3604341.8]	[0.703..0.703]	[0.947..0.978]	0.8906167	[3210087.0..3210087.0]
Group-1	PG 35:1:0	281.25	20220709_Ultimate_Neg_MSMS_NCE25_S50_C200_3.mzXML	35.0	3384198.5	0.0	0.0	[9.0..9.0]	[1.0..1.0]	[0.936..0.936]	[3167609.8..3167609.8]	[0.693..0.693]	[0.95..0.98]	[0.936..0.936]	[3167609.8..3167609.8]	[0.693..0.693]	[0.947..0.978]	0.8906167	[2821126.2..2821126.2]
Group-1	PG 37:3:0	269.25	20220709_Ultimate_Neg_MSMS_NCE25_S50_C200_3.mzXML	25.0	802909.6	0.0	0.0	[0.0..0.0]	[1.0..1.0]	[0.999..0.999]	[802106.75..802106.75]	[0.271..0.282]	[0.0..0.08]	[0.999..0.999]	[802106.75..802106.75]	[0.275..0.28]	[0.0..0.081]	0.8673628	[695717.56..695717.56]
Group-1	PG 37:3:0	269.25	20220709_Ultimate_Neg_MSMS_NCE25_S50_C200_3.mzXML	30.0	968246.6	0.0	0.0	[0.0..0.0]	[0.0..1.0]	[0.987..0.993]	[955659.44..961468.9]	[0.262..0.3]	[0.0..0.08]	[0.987..0.987]	[955659.44..955659.44]	[0.261..0.298]	[0.0..0.081]	0.8673628	[828903.44..833942.4]
Group-1	PG 37:3:0	269.25	20220709_Ultimate_Neg_MSMS_NCE25_S50_C200_3.mzXML	35.0	914552.4	0.0	0.0	[0.0..0.0]	[0.0..0.0]	[0.989..0.989]	[904492.3..904492.3]	[0.248..0.319]	[0.0..0.08]	[0.989..0.989]	[904492.3..904492.3]	[0.248..0.32]	[0.0..0.081]	0.8673628	[784523.0..784523.0]
Group-1	PG 37:3:0	305.25	20220709_Ultimate_Neg_MSMS_NCE25_S50_C200_3.mzXML	25.0	2150275.5	0.0	0.0	[5.0..11.0]	[0.0..0.0]	[0.95..1.001]	[2042761.8..2152426.0]	[0.718..0.729]	[0.92..1.0]	[0.959..0.984]	[2062114.1..2115871.2]	[0.72..0.725]	[0.919..1.0]	0.8673628	[1771815.5..1866934.1]
Group-1	PG 37:3:0	305.25	20220709_Ultimate_Neg_MSMS_NCE25_S50_C200_3.mzXML	30.0	2291783.2	14300.9	0.0062400755	[9.9..10.0]	[0.0..1.0]	[0.972..1.182]	[2227613.2..2708888.0]	[0.7..0.738]	[0.92..1.0]	[0.982..1.182]	[2250531.2..2708888.0]	[0.702..0.739]	[0.919..1.0]	0.8673628	[1932148.9..2349588.5]
Group-1	PG 37:3:0	305.25	20220709_Ultimate_Neg_MSMS_NCE25_S50_C200_3.mzXML	35.0	1763468.2	16647.2	0.009440034	[9.7..9.8]	[1.0..1.0]	[1.093..1.553]	[1927470.9..2738666.2]	[0.681..0.752]	[0.92..1.0]	[1.088..1.553]	[1918653.5..2738666.2]	[0.68..0.752]	[0.919..1.0]	0.8673628	[1671816.5..2375417.0]
Group-1	PG 39:4:0	269.25	20220709_Ultimate_Neg_MSMS_NCE25_S50_C200_3.mzXML	25.0	395251.8	0.0	0.0	[0.0..0.0]	[0.0..0.0]	[1.004..1.004]	[396832.8..396832.8]	[0.286..0.287]	[0.0..0.09]	[1.004..1.004]	[396832.8..396832.8]	[0.286..0.288]	[0.004..0.09]	0.8435985	[334767.56..334767.56]
Group-1	PG 39:4:0	269.25	20220709_Ultimate_Neg_MSMS_NCE25_S50_C200_3.mzXML	30.0	453162.3	0.0	0.0	[0.0..0.0]	[0.0..0.0]	[0.993..0.993]	[449990.16..449990.16]	[0.285..0.295]	[0.0..0.09]	[0.993..0.993]	[449990.16..449990.16]	[0.285..0.296]	[0.004..0.09]	0.8435985	[379611.0..379611.0]
Group-1	PG 39:4:0	269.25	20220709_Ultimate_Neg_MSMS_NCE25_S50_C200_3.mzXML	35.0	452124.4	0.0	0.0	[0.0..0.0]	[0.0..0.0]	[0.989..0.989]	[447151.06..447151.06]	[0.305..0.323]	[0.0..0.09]	[0.989..0.989]	[447151.06..447151.06]	[0.305..0.324]	[0.004..0.09]	0.8435985	[377215.94..377215.94]
Group-1	PG 39:4:0	331.26	20220709_Ultimate_Neg_MSMS_NCE25_S50_C200_3.mzXML	25.0	996036.9	18357.5	0.018430542	[7.6..7.6]	[1.0..1.0]	[0.991..0.997]	[987072.56..993048.75]	[0.713..0.714]	[0.91..1.0]	[0.984..0.997]	[980100.3..993048.75]	[0.712..0.714]	[0.91..0.996]	0.8435985	[832692.9..837734.4]
Group-1	PG 39:4:0	331.26	20220709_Ultimate_Neg_MSMS_NCE25_S50_C200_3.mzXML	30.0	928852.1	33320.6	0.03587288	[7.0..7.6]	[1.0..1.0]	[1.16..1.213]	[1077468.4..1126697.6]	[0.705..0.715]	[0.91..1.0]	[1.15..1.213]	[1068179.9..1126697.6]	[0.704..0.715]	[0.91..0.996]	0.8435985	[908950.75..950480.44]
Group-1	PG 39:4:0	331.26	20220709_Ultimate_Neg_MSMS_NCE25_S50_C200_3.mzXML	35.0	605895.7	27044.8	0.044636067	[7.0..8.2]	[1.0..1.0]	[1.546..1.681]	[936714.75..1018510.6]	[0.677..0.695]	[0.91..1.0]	[1.539..1.681]	[932473.5..1018510.6]	[0.676..0.695]	[0.91..0.996]	0.8435985	[790211.1..859214.06]
Group-1	PI 31:1:0	225.19	20220709_Ultimate_Neg_MSMS_NCE25_S50_C200_3.mzXML	25.0	166445.5	0.0	0.0	[7.0..7.0]	[0.0..1.0]	[0.886..0.909]	[147470.7..151298.95]	[0.389..0.394]	[0.0..0.0]	[0.886..0.886]	[147470.7..147470.7]	[0.387..0.387]	[0.0..0.0]	0.8599466	[126816.945..130109.03]
Group-1	PI 31:1:0	225.19	20220709_Ultimate_Neg_MSMS_NCE25_S50_C200_3.mzXML	30.0	352986.8	0.0	0.0	[7.0..7.0]	[0.0..1.0]	[0.941..0.943]	[332160.6..332866.56]	[0.412..0.414]	[0.0..0.0]	[0.941..0.941]	[332160.6..332160.6]	[0.411..0.411]	[0.0..0.0]	0.8599466	[285640.38..286247.47]
Group-1	PI 31:1:0	225.19	20220709_Ultimate_Neg_MSMS_NCE25_S50_C200_3.mzXML	35.0	562379.5	0.0	0.0	[7.0..7.0]	[0.0..1.0]	[0.977..0.992]	[549444.75..557880.44]	[0.456..0.456]	[0.0..0.0]	[0.977..0.977]	[549444.75..549444.75]	[0.453..0.453]	[0.0..0.0]	0.8599466	[472493.16..479747.4]
Group-1	PI 31:1:0	269.25	20220709_Ultimate_Neg_MSMS_NCE25_S50_C200_3.mzXML	25.0	231958.9	0.0	0.0	[0.0..0.0]	[0.0..1.0]	[1.0..1.005]	[231958.9..233118.7]	[0.606..0.611]	[1.0..1.0]	[1.005..1.005]	[233118.7..233118.7]	[0.613..0.613]	[1.0..1.0]	0.8599466	[199472.28..200469.64]
Group-1	PI 31:1:0	269.25	20220709_Ultimate_Neg_MSMS_NCE25_S50_C200_3.mzXML	30.0	478205.2	0.0	0.0	[0.0..0.0]	[0.0..1.0]	[0.985..0.995]	[471032.12..475814.16]	[0.586..0.588]	[1.0..1.0]	[0.995..0.995]	[475814.16..475814.16]	[0.589..0.589]	[1.0..1.0]	0.8599466	[405062.47..409174.78]
Group-1	PI 31:1:0	269.25	20220709_Ultimate_Neg_MSMS_NCE25_S50_C200_3.mzXML	35.0	672091.2	0.0	0.0	[0.0..0.0]	[0.0..1.0]	[0.977..0.989]	[656633.06..664698.2]	[0.544..0.544]	[1.0..1.0]	[0.989..0.989]	[664698.2..664698.2]	[0.547..0.547]	[1.0..1.0]	0.8599466	[564669.44..571605.0]
Group-1	PI 33:1:0	253.22	20220709_Ultimate_Neg_MSMS_NCE25_S50_C200_3.mzXML	25.0	331168.4	0.0	0.0	[9.0..9.0]	[0.0..1.0]	[0.921..0.937]	[305006.1..310304.78]	[0.424..0.427]	[0.0..0.12]	[0.921..0.923]	[305006.1..305668.44]	[0.423..0.423]	[0.0..0.116]	0.83485824	[254636.88..259060.53]
Group-1	PI 33:1:0	253.22	20220709_Ultimate_Neg_MSMS_NCE25_S50_C200_3.mzXML	30.0	784248.1	0.0	0.0	[9.0..9.0]	[0.0..1.0]	[0.936..0.942]	[734056.25..738761.7]	[0.456..0.457]	[0.0..0.12]	[0.936..0.937]	[734056.25..734840.5]	[0.455..0.455]	[0.0..0.116]	0.83485824	[612832.9..616761.3]
Group-1	PI 33:1:0	253.22	20220709_Ultimate_Neg_MSMS_NCE25_S50_C200_3.mzXML	35.0	1198945.5	0.0	0.0	[9.0..9.0]	[0.0..1.0]	[0.938..0.958]	[1124610.9..1148589.8]	[0.469..0.471]	[0.0..0.12]	[0.938..0.94]	[1124610.9..1127008.8]	[0.466..0.466]	[0.0..0.116]	0.83485824	[938890.6..958909.6]
Group-1	PI 33:1:0	269.25	20220709_Ultimate_Neg_MSMS_NCE25_S50_C200_3.mzXML	25.0	414047.8	0.0	0.0	[0.0..0.0]	[0.0..1.0]	[1.0..1.005]	[414047.8..416118.06]	[0.573..0.576]	[0.88..1.0]	[1.004..1.005]	[415703.97..416118.06]	[0.577..0.577]	[0.884..1.0]	0.83485824	[345671.22..347399.56]
Group-1	PI 33:1:0	269.25	20220709_Ultimate_Neg_MSMS_NCE25_S50_C200_3.mzXML	30.0	884317.7	0.0	0.0	[0.0..0.0]	[0.0..1.0]	[0.985..0.995]	[871052.94..879896.1]	[0.543..0.544]	[0.88..1.0]	[0.994..0.995]	[879011.8..879896.1]	[0.545..0.545]	[0.884..1.0]	0.83485824	[727205.75..734588.56]
Group-1	PI 33:1:0	269.25	20220709_Ultimate_Neg_MSMS_NCE25_S50_C200_3.mzXML	35.0	1304468.8	0.0	0.0	[0.0..0.0]	[0.0..1.0]	[0.977..0.989]	[1274466.0..1290119.6]	[0.529..0.531]	[0.88..1.0]	[0.988..0.989]	[1288815.1..1290119.6]	[0.534..0.534]	[0.884..1.0]	0.83485824	[1063998.4..1077067.0]
Group-1	PI 35:1:0	269.25	20220709_Ultimate_Neg_MSMS_NCE25_S50_C200_3.mzXML	25.0	457297.9	0.0	0.0	[0.0..0.0]	[0.0..0.0]	[1.005..1.005]	[459584.4..459584.4]	[0.531..0.531]	[0.71..0.92]	[1.005..1.005]	[459584.4..459584.4]	[0.531..0.531]	[0.711..0.919]	0.8113026	[372862.0..372862.0]
Group-1	PI 35:1:0	269.25	20220709_Ultimate_Neg_MSMS_NCE25_S50_C200_3.mzXML	30.0	1114813.4	0.0	0.0	[0.0..0.0]	[1.0..1.0]	[0.985..0.985]	[1098091.2..1098091.2]	[0.519..0.519]	[0.71..0.92]	[0.985..0.985]	[1098091.2..1098091.2]	[0.519..0.519]	[0.711..0.919]	0.8113026	[890884.25..890884.25]
Group-1	PI 35:1:0	269.25	20220709_Ultimate_Neg_MSMS_NCE25_S50_C200_3.mzXML	35.0	1425851.8	0.0	0.0	[0.0..0.0]	[0.0..1.0]	[0.977..0.989]	[1393057.1..1410167.4]	[0.518..0.523]	[0.71..0.92]	[0.986..0.988]	[1405889.9..1408741.5]	[0.523..0.524]	[0.711..0.919]	0.8113026	[1130190.9..1144072.5]
Group-1	PI 35:1:0	281.25	20220709_Ultimate_Neg_MSMS_NCE25_S50_C200_3.mzXML	25.0	425904.3	0.0	0.0	[9.0..9.0]	[1.0..1.0]	[0.952..0.952]	[405460.9..405460.9]	[0.469..0.469]	[0.08..0.29]	[0.952..0.952]	[405460.9..405460.9]	[0.469..0.469]	[0.081..0.289]	0.8113026	[328951.5..328951.5]
Group-1	PI 35:1:0	281.25	20220709_Ultimate_Neg_MSMS_NCE25_S50_C200_3.mzXML	30.0	1136253.8	0.0	0.0	[9.0..9.0]	[0.0..0.0]	[0.896..0.896]	[1018083.4..1018083.4]	[0.481..0.481]	[0.08..0.29]	[0.896..0.896]	[1018083.4..1018083.4]	[0.481..0.481]	[0.081..0.289]	0.8113026	[825973.7..825973.7]
Group-1	PI 35:1:0	281.25	20220709_Ultimate_Neg_MSMS_NCE25_S50_C200_3.mzXML	35.0	1430192.8	0.0	0.0	[9.0..9.0]	[0.0..1.0]	[0.89..0.919]	[1272871.5..1314347.1]	[0.477..0.482]	[0.08..0.29]	[0.892..0.898]	[1275732.0..1284313.1]	[0.476..0.477]	[0.081..0.289]	0.8113026	[1032684.0..1066333.2]
Group-1	PI 37:3:0	269.25	20220709_Ultimate_Neg_MSMS_NCE25_S50_C200_3.mzXML	25.0	303209.0	0.0	0.0	[0.0..0.0]	[1.0..1.0]	[1.0..1.0]	[303209.0..303209.0]	[0.498..0.516]	[0.06..0.79]	[1.0..1.0]	[303209.0..303209.0]	[0.284..0.381]	[0.063..0.791]	0.7922457	[240216.02..240216.02]
Group-1	PI 37:3:0	269.25	20220709_Ultimate_Neg_MSMS_NCE25_S50_C200_3.mzXML	30.0	771196.7	0.0	0.0	[0.0..0.0]	[0.0..0.0]	[0.995..0.995]	[767340.7..767340.7]	[0.487..0.497]	[0.06..0.79]	[0.995..0.995]	[767340.7..767340.7]	[0.381..0.439]	[0.063..0.791]	0.7922457	[607922.4..607922.4]
Group-1	PI 37:3:0	269.25	20220709_Ultimate_Neg_MSMS_NCE25_S50_C200_3.mzXML	35.0	1050744.8	0.0	0.0	[0.0..0.0]	[0.0..1.0]	[0.977..0.989]	[1026577.6..1039186.56]	[0.467..0.522]	[0.06..0.79]	[0.978..0.986]	[1027628.4..1036034.3]	[0.442..0.454]	[0.063..0.791]	0.7922457	[813301.7..823291.06]
Group-1	PI 37:3:0	305.25	20220709_Ultimate_Neg_MSMS_NCE25_S50_C200_3.mzXML	25.0	330735.5	0.0	0.0	[5.0..11.0]	[0.0..0.0]	[0.861..0.923]	[284763.28..305268.84]	[0.484..0.502]	[0.21..0.94]	[1.489..2.312]	[492465.16..764660.5]	[0.619..0.716]	[0.209..0.937]	0.7922457	[225602.47..241847.94]
Group-1	PI 37:3:0	305.25	20220709_Ultimate_Neg_MSMS_NCE25_S50_C200_3.mzXML	30.0	831365.1	0.0	0.0	[5.0..11.0]	[1.0..1.0]	[0.934..0.973]	[776495.06..808918.25]	[0.503..0.513]	[0.21..0.94]	[1.178..1.498]	[979348.1..1245385.0]	[0.561..0.619]	[0.209..0.937]	0.7922457	[615174.9..640862.0]
Group-1	PI 37:3:0	305.25	20220709_Ultimate_Neg_MSMS_NCE25_S50_C200_3.mzXML	35.0	981078.5	0.0	0.0	[5.0..11.0]	[0.0..1.0]	[0.958..1.211]	[939873.2..1188086.0]	[0.478..0.533]	[0.21..0.94]	[1.259..1.332]	[1235177.8..1306796.6]	[0.546..0.558]	[0.209..0.937]	0.7922457	[744610.5..941256.0]
Group-1	PI 39:4:0	269.25	20220709_Ultimate_Neg_MSMS_NCE25_S50_C200_3.mzXML	25.0	154868.8	0.0	0.0	[0.0..0.0]	[1.0..1.0]	[1.0..1.0]	[154868.8..154868.8]	[0.479..0.491]	[0.22..1.0]	[1.0..1.0]	[154868.8..154868.8]	[0.253..0.491]	[0.216..1.0]	0.77264845	[119659.13..119659.13]
Group-1	PI 39:4:0	269.25	20220709_Ultimate_Neg_MSMS_NCE25_S50_C200_3.mzXML	30.0	363633.5	0.0	0.0	[0.0..0.0]	[0.0..1.0]	[0.985..0.995]	[358179.0..361815.3]	[0.504..0.521]	[0.22..1.0]	[0.987..0.995]	[358906.25..361815.34]	[0.385..0.522]	[0.216..1.0]	0.77264845	[276746.47..279556.06]
Group-1	PI 39:4:0	269.25	20220709_Ultimate_Neg_MSMS_NCE25_S50_C200_3.mzXML	35.0	457586.2	0.0	0.0	[0.0..0.0]	[0.0..0.0]	[0.989..0.989]	[452552.75..452552.75]	[0.495..0.538]	[0.22..1.0]	[0.989..0.989]	[452552.75..452552.75]	[0.435..0.554]	[0.216..1.0]	0.77264845	[349664.2..349664.2]
Group-1	PI 39:4:0	331.26	20220709_Ultimate_Neg_MSMS_NCE25_S50_C200_3.mzXML	25.0	182860.5	0.0	0.0	[7.0..10.0]	[0.0..0.0]	[0.877..0.92]	[160368.66..168231.66]	[0.509..0.521]	[0.0..0.78]	[0.877..2.501]	[160368.66..457334.1]	[0.509..0.747]	[0.0..0.784]	0.77264845	[123908.586..129983.93]
Group-1	PI 39:4:0	331.26	20220709_Ultimate_Neg_MSMS_NCE25_S50_C200_3.mzXML	30.0	353118.3	0.0	0.0	[7.0..10.0]	[0.0..1.0]	[0.932..1.008]	[329106.25..355943.25]	[0.479..0.496]	[0.0..0.78]	[0.932..1.636]	[329106.25..577701.56]	[0.478..0.615]	[0.0..0.784]	0.77264845	[254283.44..275019.0]
Group-1	PI 39:4:0	331.26	20220709_Ultimate_Neg_MSMS_NCE25_S50_C200_3.mzXML	35.0	347666.7	0.0	0.0	[7.0..10.0]	[1.0..1.0]	[1.116..1.327]	[387996.03..461353.7]	[0.462..0.505]	[0.0..0.78]	[1.049..1.691]	[364702.38..587904.4]	[0.446..0.565]	[0.0..0.784]	0.77264845	[299784.53..356464.22]
Group-1	PS 31:1:0	225.19	20220709_Ultimate_Neg_MSMS_NCE25_S50_C200_3.mzXML	25.0	200879.2	0.0	0.0	[7.0..7.0]	[0.0..1.0]	[0.865..0.917]	[173760.52..184206.23]	[0.252..0.262]	[1.0..1.0]	[0.917..0.917]	[184206.23..184206.23]	[0.263..0.263]	[1.0..1.0]	0.93592954	[162627.6..172404.05]
Group-1	PS 31:1:0	225.19	20220709_Ultimate_Neg_MSMS_NCE25_S50_C200_3.mzXML	30.0	341419.7	0.0	0.0	[7.0..7.0]	[0.0..1.0]	[0.924..0.948]	[315471.8..323665.88]	[0.255..0.259]	[1.0..1.0]	[0.948..0.948]	[323665.88..323665.88]	[0.259..0.259]	[1.0..1.0]	0.93592954	[295259.38..302928.47]
Group-1	PS 31:1:0	225.19	20220709_Ultimate_Neg_MSMS_NCE25_S50_C200_3.mzXML	35.0	360315.3	0.0	0.0	[7.0..7.0]	[0.0..1.0]	[0.962..0.974]	[346623.3..350947.1]	[0.251..0.253]	[1.0..1.0]	[0.974..0.974]	[350947.1..350947.1]	[0.253..0.253]	[1.0..1.0]	0.93592954	[324415.03..328461.78]
Group-1	PS 31:1:0	269.25	20220709_Ultimate_Neg_MSMS_NCE25_S50_C200_3.mzXML	25.0	520297.3	0.0	0.0	[0.0..0.0]	[0.0..1.0]	[0.99..0.997]	[515094.34..518736.4]	[0.738..0.748]	[0.0..0.0]	[0.99..0.99]	[515094.34..515094.34]	[0.737..0.737]	[0.0..0.0]	0.93592954	[482092.0..485500.72]
Group-1	PS 31:1:0	269.25	20220709_Ultimate_Neg_MSMS_NCE25_S50_C200_3.mzXML	30.0	941539.1	0.0	0.0	[0.0..0.0]	[0.0..1.0]	[0.981..0.986]	[923649.9..928357.56]	[0.741..0.745]	[0.0..0.0]	[0.981..0.981]	[923649.9..923649.9]	[0.741..0.741]	[0.0..0.0]	0.93592954	[864471.2..868877.25]
Group-1	PS 31:1:0	269.25	20220709_Ultimate_Neg_MSMS_NCE25_S50_C200_3.mzXML	35.0	1058878.9	0.0	0.0	[0.0..0.0]	[0.0..1.0]	[0.979..0.979]	[1036642.4..1036642.4]	[0.747..0.749]	[0.0..0.0]	[0.979..0.979]	[1036642.4..1036642.4]	[0.747..0.747]	[0.0..0.0]	0.93592954	[970224.2..970224.2]
Group-1	PS 33:1:0	253.22	20220709_Ultimate_Neg_MSMS_NCE25_S50_C200_3.mzXML	25.0	434365.0	0.0	0.0	[9.0..9.0]	[0.0..1.0]	[0.867..0.927]	[376594.44..402656.34]	[0.265..0.277]	[1.0..1.0]	[0.927..0.927]	[402656.34..402656.34]	[0.278..0.278]	[1.0..1.0]	0.90589136	[341153.66..364762.9]
Group-1	PS 33:1:0	253.22	20220709_Ultimate_Neg_MSMS_NCE25_S50_C200_3.mzXML	30.0	648323.7	0.0	0.0	[9.0..9.0]	[0.0..1.0]	[0.913..0.929]	[591919.5..602292.7]	[0.256..0.258]	[1.0..1.0]	[0.929..0.929]	[602292.7..602292.7]	[0.259..0.259]	[1.0..1.0]	0.90589136	[536214.75..545611.75]
Group-1	PS 33:1:0	253.22	20220709_Ultimate_Neg_MSMS_NCE25_S50_C200_3.mzXML	35.0	668863.1	0.0	0.0	[9.0..9.0]	[0.0..1.0]	[0.93..0.939]	[622042.7..628062.5]	[0.25..0.251]	[1.0..1.0]	[0.939..0.939]	[628062.5..628062.5]	[0.251..0.251]	[1.0..1.0]	0.90589136	[563503.1..568956.4]
Group-1	PS 33:1:0	269.25	20220709_Ultimate_Neg_MSMS_NCE25_S50_C200_3.mzXML	25.0	1056554.8	0.0	0.0	[0.0..0.0]	[0.0..1.0]	[0.99..0.997]	[1045989.2..1053385.1]	[0.723..0.735]	[0.0..0.0]	[0.99..0.99]	[1045989.2..1045989.2]	[0.722..0.722]	[0.0..0.0]	0.90589136	[947552.56..954252.44]
Group-1	PS 33:1:0	269.25	20220709_Ultimate_Neg_MSMS_NCE25_S50_C200_3.mzXML	30.0	1753817.8	0.0	0.0	[0.0..0.0]	[0.0..1.0]	[0.981..0.986]	[1720495.2..1729264.2]	[0.742..0.744]	[0.0..0.0]	[0.981..0.981]	[1720495.2..1720495.2]	[0.741..0.741]	[0.0..0.0]	0.90589136	[1558581.8..1566525.6]
Group-1	PS 33:1:0	269.25	20220709_Ultimate_Neg_MSMS_NCE25_S50_C200_3.mzXML	35.0	1911228.8	0.0	0.0	[0.0..0.0]	[0.0..1.0]	[0.979..0.979]	[1871092.9..1871092.9]	[0.749..0.75]	[0.0..0.0]	[0.979..0.979]	[1871092.9..1871092.9]	[0.749..0.749]	[0.0..0.0]	0.90589136	[1695006.9..1695006.9]
Group-1	PS 35:1:0	269.25	20220709_Ultimate_Neg_MSMS_NCE25_S50_C200_3.mzXML	25.0	1360595.1	0.0	0.0	[0.0..0.0]	[1.0..1.0]	[0.997..0.997]	[1356513.2..1356513.2]	[0.721..0.721]	[0.0..0.0]	[0.997..0.997]	[1356513.2..1356513.2]	[0.721..0.721]	[0.0..0.0]	0.8778654	[1190836.1..1190836.1]
Group-1	PS 35:1:0	269.25	20220709_Ultimate_Neg_MSMS_NCE25_S50_C200_3.mzXML	30.0	2575249.0	0.0	0.0	[0.0..0.0]	[1.0..1.0]	[0.986..0.986]	[2539195.5..2539195.5]	[0.729..0.729]	[0.0..0.0]	[0.986..0.986]	[2539195.5..2539195.5]	[0.729..0.729]	[0.0..0.0]	0.8778654	[2229072.0..2229072.0]
Group-1	PS 35:1:0	269.25	20220709_Ultimate_Neg_MSMS_NCE25_S50_C200_3.mzXML	35.0	2451195.0	0.0	0.0	[0.0..0.0]	[1.0..1.0]	[0.979..0.979]	[2399719.8..2399719.8]	[0.743..0.743]	[0.0..0.0]	[0.979..0.979]	[2399719.8..2399719.8]	[0.743..0.743]	[0.0..0.0]	0.8778654	[2106631.0..2106631.0]
Group-1	PS 35:1:0	281.25	20220709_Ultimate_Neg_MSMS_NCE25_S50_C200_3.mzXML	25.0	591388.5	0.0	0.0	[9.0..9.0]	[0.0..0.0]	[0.888..0.888]	[525153.0..525153.0]	[0.279..0.279]	[1.0..1.0]	[0.888..0.888]	[525153.0..525153.0]	[0.279..0.279]	[1.0..1.0]	0.8778654	[461013.66..461013.66]
Group-1	PS 35:1:0	281.25	20220709_Ultimate_Neg_MSMS_NCE25_S50_C200_3.mzXML	30.0	1024865.3	0.0	0.0	[9.0..9.0]	[0.0..0.0]	[0.919..0.919]	[941851.25..941851.25]	[0.271..0.271]	[1.0..1.0]	[0.919..0.919]	[941851.25..941851.25]	[0.271..0.271]	[1.0..1.0]	0.8778654	[826818.56..826818.56]
Group-1	PS 35:1:0	281.25	20220709_Ultimate_Neg_MSMS_NCE25_S50_C200_3.mzXML	35.0	886050.1	0.0	0.0	[9.0..9.0]	[0.0..0.0]	[0.936..0.936]	[829342.94..829342.94]	[0.257..0.257]	[1.0..1.0]	[0.936..0.936]	[829342.94..829342.94]	[0.257..0.257]	[1.0..1.0]	0.8778654	[728051.44..728051.44]
Group-1	PS 37:3:0	269.25	20220709_Ultimate_Neg_MSMS_NCE25_S50_C200_3.mzXML	25.0	1077429.4	0.0	0.0	[0.0..0.0]	[1.0..1.0]	[0.997..0.997]	[1074197.1..1074197.1]	[0.725..0.728]	[0.0..0.0]	[0.997..0.997]	[1074197.1..1074197.1]	[0.718..0.72]	[0.0..0.0]	0.8553157	[918777.6..918777.6]
Group-1	PS 37:3:0	269.25	20220709_Ultimate_Neg_MSMS_NCE25_S50_C200_3.mzXML	30.0	1823602.6	0.0	0.0	[0.0..0.0]	[1.0..1.0]	[0.986..0.986]	[1798072.2..1798072.2]	[0.727..0.747]	[0.0..0.0]	[0.986..0.986]	[1798072.2..1798072.2]	[0.726..0.749]	[0.0..0.0]	0.8553157	[1537919.2..1537919.2]
Group-1	PS 37:3:0	269.25	20220709_Ultimate_Neg_MSMS_NCE25_S50_C200_3.mzXML	35.0	1912371.9	0.0	0.0	[0.0..0.0]	[1.0..1.0]	[0.979..0.979]	[1872212.0..1872212.0]	[0.72..0.767]	[0.0..0.0]	[0.979..0.979]	[1872212.0..1872212.0]	[0.722..0.772]	[0.0..0.0]	0.8553157	[1601332.2..1601332.2]
Group-1	PS 37:3:0	305.25	20220709_Ultimate_Neg_MSMS_NCE25_S50_C200_3.mzXML	25.0	443023.7	0.0	0.0	[5.0..11.0]	[0.0..0.0]	[0.905..0.922]	[400936.44..408467.84]	[0.272..0.275]	[1.0..1.0]	[0.945..0.95]	[418657.38..420872.5]	[0.28..0.282]	[1.0..1.0]	0.8553157	[342927.2..349368.94]
Group-1	PS 37:3:0	305.25	20220709_Ultimate_Neg_MSMS_NCE25_S50_C200_3.mzXML	30.0	636624.8	0.0	0.0	[5.0..11.0]	[0.0..0.0]	[0.956..1.063]	[608613.3..676732.1]	[0.253..0.273]	[1.0..1.0]	[0.946..1.067]	[602247.06..679278.7]	[0.251..0.274]	[1.0..1.0]	0.8553157	[520556.5..578819.6]
Group-1	PS 37:3:0	305.25	20220709_Ultimate_Neg_MSMS_NCE25_S50_C200_3.mzXML	35.0	556916.1	0.0	0.0	[5.0..11.0]	[0.0..0.0]	[1.023..1.308]	[569725.2..728446.25]	[0.233..0.28]	[1.0..1.0]	[0.995..1.293]	[554131.56..720092.56]	[0.228..0.278]	[1.0..1.0]	0.8553157	[487294.9..623051.5]
Group-1	PS 39:4:0	269.25	20220709_Ultimate_Neg_MSMS_NCE25_S50_C200_3.mzXML	25.0	480978.7	0.0	0.0	[0.0..0.0]	[1.0..1.0]	[0.997..0.997]	[479535.75..479535.75]	[0.714..0.715]	[0.0..0.0]	[0.997..0.997]	[479535.75..479535.75]	[0.707..0.711]	[0.0..0.0]	0.83224064	[399089.12..399089.12]
Group-1	PS 39:4:0	269.25	20220709_Ultimate_Neg_MSMS_NCE25_S50_C200_3.mzXML	30.0	810230.1	0.0	0.0	[0.0..0.0]	[1.0..1.0]	[0.986..0.986]	[798886.9..798886.9]	[0.737..0.756]	[0.0..0.0]	[0.986..0.986]	[798886.9..798886.9]	[0.737..0.756]	[0.0..0.0]	0.83224064	[664866.1..664866.1]
Group-1	PS 39:4:0	269.25	20220709_Ultimate_Neg_MSMS_NCE25_S50_C200_3.mzXML	35.0	911194.4	0.0	0.0	[0.0..0.0]	[1.0..1.0]	[0.979..0.979]	[892059.25..892059.25]	[0.729..0.767]	[0.0..0.0]	[0.979..0.979]	[892059.25..892059.25]	[0.73..0.767]	[0.0..0.0]	0.83224064	[742408.0..742408.0]
Group-1	PS 39:4:0	331.26	20220709_Ultimate_Neg_MSMS_NCE25_S50_C200_3.mzXML	25.0	207114.3	0.0	0.0	[7.0..10.0]	[0.0..0.0]	[0.923..0.927]	[191166.48..191994.95]	[0.285..0.286]	[1.0..1.0]	[0.939..0.961]	[194480.33..199036.84]	[0.289..0.293]	[1.0..1.0]	0.83224064	[159096.53..159786.0]
Group-1	PS 39:4:0	331.26	20220709_Ultimate_Neg_MSMS_NCE25_S50_C200_3.mzXML	30.0	257198.9	0.0	0.0	[7.0..10.0]	[0.0..0.0]	[1.002..1.107]	[257713.3..284719.2]	[0.244..0.263]	[1.0..1.0]	[1.0..1.111]	[257198.9..285747.97]	[0.244..0.263]	[1.0..1.0]	0.83224064	[214479.47..236954.88]
Group-1	PS 39:4:0	331.26	20220709_Ultimate_Neg_MSMS_NCE25_S50_C200_3.mzXML	35.0	231008.8	0.0	0.0	[7.0..10.0]	[0.0..0.0]	[1.176..1.436]	[271666.34..331728.62]	[0.233..0.271]	[1.0..1.0]	[1.172..1.426]	[270742.3..329418.53]	[0.233..0.27]	[1.0..1.0]	0.83224064	[226091.77..276078.03]
