Specie,CE,FA_C_x,FA_DB_x,FA_iso_x,sn_x,FA_C_y,FA_DB_y,FA_iso_y,sn_y,norm_Intensity,norm_Intensity_var
PCO160120,10,16,0,0,0,12,0,0,1,1.384580451,0.010249875
PCO160120,11,16,0,0,0,12,0,0,1,1.890480972,0.025617302
PCO160120,12,16,0,0,0,12,0,0,1,2.435847605,0.036316203
PCO160120,13,16,0,0,0,12,0,0,1,3.285083494,0.054932932
PCO160120,14,16,0,0,0,12,0,0,1,4.409150657,0.07400487
PCO160120,15,16,0,0,0,12,0,0,1,6.048975054,0.118249659
PCO160120,16,16,0,0,0,12,0,0,1,8.158105725,0.134748512
PCO160120,17,16,0,0,0,12,0,0,1,10.92559974,0.240968932
PCO160120,18,16,0,0,0,12,0,0,1,14.22800687,0.28017562
PCO160120,19,16,0,0,0,12,0,0,1,17.85871781,0.721817442
PCO160120,20,16,0,0,0,12,0,0,1,22.24832393,0.870923067
PCO160120,21,16,0,0,0,12,0,0,1,26.73749791,0.680078488
PCO160120,22,16,0,0,0,12,0,0,1,30.94567563,0.431447642
PCO160120,23,16,0,0,0,12,0,0,1,35.58396727,0.835545158
PCO160120,24,16,0,0,0,12,0,0,1,38.93436377,0.617460086
PCO160120,25,16,0,0,0,12,0,0,1,41.75799453,2.040530417
PCO160120,26,16,0,0,0,12,0,0,1,43.60289741,1.295090442
PCO160120,27,16,0,0,0,12,0,0,1,46.05702504,2.246999427
PCO160120,28,16,0,0,0,12,0,0,1,46.19892799,2.489410426
PCO160120,29,16,0,0,0,12,0,0,1,46.8079734,2.454075438
PCO160120,30,16,0,0,0,12,0,0,1,46.16949237,1.536834964
PCO160120,31,16,0,0,0,12,0,0,1,45.83638806,1.880206006
PCO160120,32,16,0,0,0,12,0,0,1,45.59542877,1.600681623
PCO160120,33,16,0,0,0,12,0,0,1,44.19863029,1.46308932
PCO160120,34,16,0,0,0,12,0,0,1,43.82514167,2.235408797
PCO160120,35,16,0,0,0,12,0,0,1,41.77376023,2.022682472
PCO160120,36,16,0,0,0,12,0,0,1,40.62083022,0.896581324
PCO160120,37,16,0,0,0,12,0,0,1,39.07345241,1.325311159
PCO160120,38,16,0,0,0,12,0,0,1,37.89290372,0.822103936
PCO160120,39,16,0,0,0,12,0,0,1,36.24581683,0.915298588
PCO160120,40,16,0,0,0,12,0,0,1,35.13904718,0.82564156
PCO160120,41,16,0,0,0,12,0,0,1,33.44709403,0.788215022
PCO160120,42,16,0,0,0,12,0,0,1,31.2712254,0.438884061
PCO160120,43,16,0,0,0,12,0,0,1,29.6181114,0.857764805
PCO160120,44,16,0,0,0,12,0,0,1,27.93816223,1.557305551
PCO160120,45,16,0,0,0,12,0,0,1,26.94235749,0.678595389
PCO160120,46,16,0,0,0,12,0,0,1,24.83925378,0.679187614
PCO160120,47,16,0,0,0,12,0,0,1,22.93872255,0.487609034
PCO160120,48,16,0,0,0,12,0,0,1,21.45719436,0.46563381
PCO160120,49,16,0,0,0,12,0,0,1,19.77785139,0.27932393
PCO160120,50,16,0,0,0,12,0,0,1,18.1622214,0.33871904
PCO160120,51,16,0,0,0,12,0,0,1,16.80758028,0.493287783
PCO160120,52,16,0,0,0,12,0,0,1,15.04214981,0.132633103
PCO160120,53,16,0,0,0,12,0,0,1,13.78713652,0.281611463
PCO160120,54,16,0,0,0,12,0,0,1,12.19339474,0.239693241
PCO160120,55,16,0,0,0,12,0,0,1,11.11447951,0.229510436
PCO160120,56,16,0,0,0,12,0,0,1,9.86806352,0.196522546
PCO160120,57,16,0,0,0,12,0,0,1,8.768998977,0.072604707
PCO160120,58,16,0,0,0,12,0,0,1,7.800653756,0.071744568
PCO160120,59,16,0,0,0,12,0,0,1,6.868605102,0.134479311
PCO160120,60,16,0,0,0,12,0,0,1,6.059828327,0.078151506
PCO160120,61,16,0,0,0,12,0,0,1,5.24769506,0.086972503
PCO160120,62,16,0,0,0,12,0,0,1,4.469575758,0.056055679
PCO160120,63,16,0,0,0,12,0,0,1,3.924490189,0.047778309
PCO160120,64,16,0,0,0,12,0,0,1,3.36607969,0.035610779
PCO160120,65,16,0,0,0,12,0,0,1,2.96251011,0.03950139
PCO160120,66,16,0,0,0,12,0,0,1,2.512260586,0.048628584
PCO160120,67,16,0,0,0,12,0,0,1,2.157093658,0.028734638
PCO160120,68,16,0,0,0,12,0,0,1,1.79589928,0.015978336
PCO160120,69,16,0,0,0,12,0,0,1,1.608049109,0.021040757
PCO160120,70,16,0,0,0,12,0,0,1,1.282833133,0.018918265
PCO160140,10,16,0,0,0,14,0,0,1,1.513633021,0.040081
PCO160140,11,16,0,0,0,14,0,0,1,1.763286661,0.027163868
PCO160140,12,16,0,0,0,14,0,0,1,2.263137203,0.049961832
PCO160140,13,16,0,0,0,14,0,0,1,2.982881794,0.105675163
PCO160140,14,16,0,0,0,14,0,0,1,3.786174211,0.167172984
PCO160140,15,16,0,0,0,14,0,0,1,5.234636004,0.141409554
PCO160140,16,16,0,0,0,14,0,0,1,6.952051764,0.196479467
PCO160140,17,16,0,0,0,14,0,0,1,9.25398007,0.270842956
PCO160140,18,16,0,0,0,14,0,0,1,12.40930144,0.342803783
PCO160140,19,16,0,0,0,14,0,0,1,16.20967356,0.45273283
PCO160140,20,16,0,0,0,14,0,0,1,20.39687127,0.463456505
PCO160140,21,16,0,0,0,14,0,0,1,24.92451832,0.540840634
PCO160140,22,16,0,0,0,14,0,0,1,29.79259338,0.610055501
PCO160140,23,16,0,0,0,14,0,0,1,34.14132123,1.530681981
PCO160140,24,16,0,0,0,14,0,0,1,38.65417019,1.824918665
PCO160140,25,16,0,0,0,14,0,0,1,42.70547433,0.870510012
PCO160140,26,16,0,0,0,14,0,0,1,45.64743756,1.984230268
PCO160140,27,16,0,0,0,14,0,0,1,47.98912067,2.255681366
PCO160140,28,16,0,0,0,14,0,0,1,47.73741334,32.40252932
PCO160140,29,16,0,0,0,14,0,0,1,50.03717257,1.383763523
PCO160140,30,16,0,0,0,14,0,0,1,50.07727988,2.287775495
PCO160140,31,16,0,0,0,14,0,0,1,49.64940505,1.773598544
PCO160140,32,16,0,0,0,14,0,0,1,49.28792534,2.286678598
PCO160140,33,16,0,0,0,14,0,0,1,47.73121202,1.443656975
PCO160140,34,16,0,0,0,14,0,0,1,46.81350356,1.728974434
PCO160140,35,16,0,0,0,14,0,0,1,45.74166706,1.686276318
PCO160140,36,16,0,0,0,14,0,0,1,44.11728066,1.728029062
PCO160140,37,16,0,0,0,14,0,0,1,42.93370639,1.305862717
PCO160140,38,16,0,0,0,14,0,0,1,41.44406859,1.468228134
PCO160140,39,16,0,0,0,14,0,0,1,39.58235618,2.166379809
PCO160140,40,16,0,0,0,14,0,0,1,38.03042969,1.232230886
PCO160140,41,16,0,0,0,14,0,0,1,35.80001218,1.671914345
PCO160140,42,16,0,0,0,14,0,0,1,34.24922789,0.723580668
PCO160140,43,16,0,0,0,14,0,0,1,32.23776475,1.01144738
PCO160140,44,16,0,0,0,14,0,0,1,30.225115,0.8305159
PCO160140,45,16,0,0,0,14,0,0,1,27.76971718,0.794683435
PCO160140,46,16,0,0,0,14,0,0,1,26.015114,0.559880568
PCO160140,47,16,0,0,0,14,0,0,1,24.08223269,1.001444259
PCO160140,48,16,0,0,0,14,0,0,1,21.99920821,0.531805485
PCO160140,49,16,0,0,0,14,0,0,1,20.05779794,0.609122981
PCO160140,50,16,0,0,0,14,0,0,1,17.97278981,0.430965073
PCO160140,51,16,0,0,0,14,0,0,1,16.39982761,0.131161255
PCO160140,52,16,0,0,0,14,0,0,1,14.69766832,0.425935844
PCO160140,53,16,0,0,0,14,0,0,1,13.05912216,0.280261946
PCO160140,54,16,0,0,0,14,0,0,1,11.57155945,0.174251871
PCO160140,55,16,0,0,0,14,0,0,1,9.99526302,0.132483588
PCO160140,56,16,0,0,0,14,0,0,1,8.700023289,0.28741563
PCO160140,57,16,0,0,0,14,0,0,1,7.749206654,0.0865672
PCO160140,58,16,0,0,0,14,0,0,1,6.696669939,0.258457096
PCO160140,59,16,0,0,0,14,0,0,1,5.782014463,0.121126898
PCO160140,60,16,0,0,0,14,0,0,1,5.074689347,0.112153972
PCO160140,61,16,0,0,0,14,0,0,1,4.170076923,0.05636316
PCO160140,62,16,0,0,0,14,0,0,1,3.530859091,0.060533673
PCO160140,63,16,0,0,0,14,0,0,1,2.989193222,0.087021934
PCO160140,64,16,0,0,0,14,0,0,1,2.530405838,0.068584867
PCO160140,65,16,0,0,0,14,0,0,1,2.126306981,0.035391181
PCO160140,66,16,0,0,0,14,0,0,1,1.760137181,0.031278785
PCO160140,67,16,0,0,0,14,0,0,1,1.462008176,0.040186732
PCO160140,68,16,0,0,0,14,0,0,1,1.238040386,0.019179115
PCO160140,69,16,0,0,0,14,0,0,1,1.000074777,0.025221905
PCO160140,70,16,0,0,0,14,0,0,1,0.89047813,0.007979174
PCO160160,10,16,0,0,0,16,0,0,1,1.476505643,0.02553405
PCO160160,11,16,0,0,0,16,0,0,1,1.936777195,0.024655061
PCO160160,12,16,0,0,0,16,0,0,1,2.406674675,0.068426889
PCO160160,13,16,0,0,0,16,0,0,1,3.142618374,0.1009286
PCO160160,14,16,0,0,0,16,0,0,1,4.193399741,0.015467933
PCO160160,15,16,0,0,0,16,0,0,1,5.918520431,0.087609136
PCO160160,16,16,0,0,0,16,0,0,1,8.106603404,0.14497698
PCO160160,17,16,0,0,0,16,0,0,1,10.77624334,0.258642368
PCO160160,18,16,0,0,0,16,0,0,1,14.53257533,0.241507114
PCO160160,19,16,0,0,0,16,0,0,1,18.73335204,0.140919931
PCO160160,20,16,0,0,0,16,0,0,1,23.76285307,0.822841194
PCO160160,21,16,0,0,0,16,0,0,1,28.69627553,0.844131868
PCO160160,22,16,0,0,0,16,0,0,1,34.11042959,0.596260797
PCO160160,23,16,0,0,0,16,0,0,1,38.77947109,0.80190321
PCO160160,24,16,0,0,0,16,0,0,1,43.4011101,2.199920461
PCO160160,25,16,0,0,0,16,0,0,1,47.77052048,1.119125198
PCO160160,26,16,0,0,0,16,0,0,1,50.1646834,1.444902059
PCO160160,27,16,0,0,0,16,0,0,1,52.85323932,0.492604257
PCO160160,28,16,0,0,0,16,0,0,1,54.57587217,2.227271698
PCO160160,29,16,0,0,0,16,0,0,1,54.66159406,1.516180469
PCO160160,30,16,0,0,0,16,0,0,1,54.56448649,2.017495341
PCO160160,31,16,0,0,0,16,0,0,1,54.4137139,2.908493087
PCO160160,32,16,0,0,0,16,0,0,1,53.7416842,0.955011772
PCO160160,33,16,0,0,0,16,0,0,1,52.70288911,1.760772751
PCO160160,34,16,0,0,0,16,0,0,1,52.12489112,1.523690585
PCO160160,35,16,0,0,0,16,0,0,1,50.57669059,1.481169554
PCO160160,36,16,0,0,0,16,0,0,1,49.30212543,1.816236213
PCO160160,37,16,0,0,0,16,0,0,1,47.35611582,2.647747115
PCO160160,38,16,0,0,0,16,0,0,1,46.23742145,0.840427134
PCO160160,39,16,0,0,0,16,0,0,1,44.0641302,1.285265505
PCO160160,40,16,0,0,0,16,0,0,1,41.54587935,1.489856509
PCO160160,41,16,0,0,0,16,0,0,1,39.92118628,1.544653681
PCO160160,42,16,0,0,0,16,0,0,1,37.19964721,1.361167229
PCO160160,43,16,0,0,0,16,0,0,1,35.25942745,0.699793414
PCO160160,44,16,0,0,0,16,0,0,1,33.24880337,0.294009149
PCO160160,45,16,0,0,0,16,0,0,1,30.8837138,1.036495415
PCO160160,46,16,0,0,0,16,0,0,1,27.91967836,0.222439802
PCO160160,47,16,0,0,0,16,0,0,1,26.06922058,0.390924632
PCO160160,48,16,0,0,0,16,0,0,1,23.54624484,0.521795437
PCO160160,49,16,0,0,0,16,0,0,1,21.17924968,0.59717061
PCO160160,50,16,0,0,0,16,0,0,1,19.15092654,0.567838008
PCO160160,51,16,0,0,0,16,0,0,1,16.97703873,0.364729687
PCO160160,52,16,0,0,0,16,0,0,1,14.79348981,0.423765537
PCO160160,53,16,0,0,0,16,0,0,1,13.13472132,0.405231924
PCO160160,54,16,0,0,0,16,0,0,1,11.38221923,0.226781601
PCO160160,55,16,0,0,0,16,0,0,1,9.713589107,0.216357814
PCO160160,56,16,0,0,0,16,0,0,1,8.431515049,0.104560812
PCO160160,57,16,0,0,0,16,0,0,1,7.095939662,0.111680025
PCO160160,58,16,0,0,0,16,0,0,1,6.024569348,0.046974824
PCO160160,59,16,0,0,0,16,0,0,1,5.254379974,0.123353167
PCO160160,60,16,0,0,0,16,0,0,1,4.35798555,0.034966094
PCO160160,61,16,0,0,0,16,0,0,1,3.673190061,0.042933976
PCO160160,62,16,0,0,0,16,0,0,1,3.099571327,0.047024582
PCO160160,63,16,0,0,0,16,0,0,1,2.496176034,0.031454495
PCO160160,64,16,0,0,0,16,0,0,1,2.060889405,0.022257179
PCO160160,65,16,0,0,0,16,0,0,1,1.639676556,0.035976825
PCO160160,66,16,0,0,0,16,0,0,1,1.338462938,0.029645285
PCO160160,67,16,0,0,0,16,0,0,1,1.171960385,0.021758788
PCO160160,68,16,0,0,0,16,0,0,1,0.8245186,0.013952061
PCO160160,69,16,0,0,0,16,0,0,1,0.622658692,0.003680626
PCO160160,70,16,0,0,0,16,0,0,1,0.579533923,0.008581251
PCO160160,10,16,0,0,0,16,0,7,1,1.476505643,0.02553405
PCO160160,11,16,0,0,0,16,0,7,1,1.936777195,0.024655061
PCO160160,12,16,0,0,0,16,0,7,1,2.406674675,0.068426889
PCO160160,13,16,0,0,0,16,0,7,1,3.142618374,0.1009286
PCO160160,14,16,0,0,0,16,0,7,1,4.193399741,0.015467933
PCO160160,15,16,0,0,0,16,0,7,1,5.918520431,0.087609136
PCO160160,16,16,0,0,0,16,0,7,1,8.106603404,0.14497698
PCO160160,17,16,0,0,0,16,0,7,1,10.77624334,0.258642368
PCO160160,18,16,0,0,0,16,0,7,1,14.53257533,0.241507114
PCO160160,19,16,0,0,0,16,0,7,1,18.73335204,0.140919931
PCO160160,20,16,0,0,0,16,0,7,1,23.76285307,0.822841194
PCO160160,21,16,0,0,0,16,0,7,1,28.69627553,0.844131868
PCO160160,22,16,0,0,0,16,0,7,1,34.11042959,0.596260797
PCO160160,23,16,0,0,0,16,0,7,1,38.77947109,0.80190321
PCO160160,24,16,0,0,0,16,0,7,1,43.4011101,2.199920461
PCO160160,25,16,0,0,0,16,0,7,1,47.77052048,1.119125198
PCO160160,26,16,0,0,0,16,0,7,1,50.1646834,1.444902059
PCO160160,27,16,0,0,0,16,0,7,1,52.85323932,0.492604257
PCO160160,28,16,0,0,0,16,0,7,1,54.57587217,2.227271698
PCO160160,29,16,0,0,0,16,0,7,1,54.66159406,1.516180469
PCO160160,30,16,0,0,0,16,0,7,1,54.56448649,2.017495341
PCO160160,31,16,0,0,0,16,0,7,1,54.4137139,2.908493087
PCO160160,32,16,0,0,0,16,0,7,1,53.7416842,0.955011772
PCO160160,33,16,0,0,0,16,0,7,1,52.70288911,1.760772751
PCO160160,34,16,0,0,0,16,0,7,1,52.12489112,1.523690585
PCO160160,35,16,0,0,0,16,0,7,1,50.57669059,1.481169554
PCO160160,36,16,0,0,0,16,0,7,1,49.30212543,1.816236213
PCO160160,37,16,0,0,0,16,0,7,1,47.35611582,2.647747115
PCO160160,38,16,0,0,0,16,0,7,1,46.23742145,0.840427134
PCO160160,39,16,0,0,0,16,0,7,1,44.0641302,1.285265505
PCO160160,40,16,0,0,0,16,0,7,1,41.54587935,1.489856509
PCO160160,41,16,0,0,0,16,0,7,1,39.92118628,1.544653681
PCO160160,42,16,0,0,0,16,0,7,1,37.19964721,1.361167229
PCO160160,43,16,0,0,0,16,0,7,1,35.25942745,0.699793414
PCO160160,44,16,0,0,0,16,0,7,1,33.24880337,0.294009149
PCO160160,45,16,0,0,0,16,0,7,1,30.8837138,1.036495415
PCO160160,46,16,0,0,0,16,0,7,1,27.91967836,0.222439802
PCO160160,47,16,0,0,0,16,0,7,1,26.06922058,0.390924632
PCO160160,48,16,0,0,0,16,0,7,1,23.54624484,0.521795437
PCO160160,49,16,0,0,0,16,0,7,1,21.17924968,0.59717061
PCO160160,50,16,0,0,0,16,0,7,1,19.15092654,0.567838008
PCO160160,51,16,0,0,0,16,0,7,1,16.97703873,0.364729687
PCO160160,52,16,0,0,0,16,0,7,1,14.79348981,0.423765537
PCO160160,53,16,0,0,0,16,0,7,1,13.13472132,0.405231924
PCO160160,54,16,0,0,0,16,0,7,1,11.38221923,0.226781601
PCO160160,55,16,0,0,0,16,0,7,1,9.713589107,0.216357814
PCO160160,56,16,0,0,0,16,0,7,1,8.431515049,0.104560812
PCO160160,57,16,0,0,0,16,0,7,1,7.095939662,0.111680025
PCO160160,58,16,0,0,0,16,0,7,1,6.024569348,0.046974824
PCO160160,59,16,0,0,0,16,0,7,1,5.254379974,0.123353167
PCO160160,60,16,0,0,0,16,0,7,1,4.35798555,0.034966094
PCO160160,61,16,0,0,0,16,0,7,1,3.673190061,0.042933976
PCO160160,62,16,0,0,0,16,0,7,1,3.099571327,0.047024582
PCO160160,63,16,0,0,0,16,0,7,1,2.496176034,0.031454495
PCO160160,64,16,0,0,0,16,0,7,1,2.060889405,0.022257179
PCO160160,65,16,0,0,0,16,0,7,1,1.639676556,0.035976825
PCO160160,66,16,0,0,0,16,0,7,1,1.338462938,0.029645285
PCO160160,67,16,0,0,0,16,0,7,1,1.171960385,0.021758788
PCO160160,68,16,0,0,0,16,0,7,1,0.8245186,0.013952061
PCO160160,69,16,0,0,0,16,0,7,1,0.622658692,0.003680626
PCO160160,70,16,0,0,0,16,0,7,1,0.579533923,0.008581251
PCO160170,10,16,0,0,0,17,0,0,1,1.203537404,0.036163503
PCO160170,11,16,0,0,0,17,0,0,1,1.51127973,0.02091527
PCO160170,12,16,0,0,0,17,0,0,1,1.842109998,0.028721345
PCO160170,13,16,0,0,0,17,0,0,1,2.59698878,0.062886892
PCO160170,14,16,0,0,0,17,0,0,1,3.345481576,0.086045674
PCO160170,15,16,0,0,0,17,0,0,1,4.51252808,0.121469537
PCO160170,16,16,0,0,0,17,0,0,1,6.186646871,0.228883714
PCO160170,17,16,0,0,0,17,0,0,1,8.498398766,0.322621678
PCO160170,18,16,0,0,0,17,0,0,1,11.60732296,0.513848012
PCO160170,19,16,0,0,0,17,0,0,1,15.19613376,0.530124466
PCO160170,20,16,0,0,0,17,0,0,1,19.37354582,0.592752622
PCO160170,21,16,0,0,0,17,0,0,1,24.08149787,0.833980885
PCO160170,22,16,0,0,0,17,0,0,1,29.50407369,0.979144012
PCO160170,23,16,0,0,0,17,0,0,1,34.65523499,1.216714018
PCO160170,24,16,0,0,0,17,0,0,1,39.64887475,2.505836297
PCO160170,25,16,0,0,0,17,0,0,1,44.46875332,1.820366374
PCO160170,26,16,0,0,0,17,0,0,1,47.79603681,1.340357278
PCO160170,27,16,0,0,0,17,0,0,1,49.78450077,2.37908069
PCO160170,28,16,0,0,0,17,0,0,1,52.85905652,2.03632578
PCO160170,29,16,0,0,0,17,0,0,1,53.68101585,4.549177054
PCO160170,30,16,0,0,0,17,0,0,1,53.59935793,5.312390255
PCO160170,31,16,0,0,0,17,0,0,1,52.94709165,3.804415092
PCO160170,32,16,0,0,0,17,0,0,1,53.51097716,5.919945927
PCO160170,33,16,0,0,0,17,0,0,1,52.15036454,3.523043481
PCO160170,34,16,0,0,0,17,0,0,1,50.79380039,5.322988763
PCO160170,35,16,0,0,0,17,0,0,1,50.1977899,1.392209448
PCO160170,36,16,0,0,0,17,0,0,1,48.08649258,1.089248138
PCO160170,37,16,0,0,0,17,0,0,1,47.31069192,2.343423734
PCO160170,38,16,0,0,0,17,0,0,1,45.22391236,1.479550972
PCO160170,39,16,0,0,0,17,0,0,1,43.52726579,1.142967807
PCO160170,40,16,0,0,0,17,0,0,1,41.49731775,0.899784729
PCO160170,41,16,0,0,0,17,0,0,1,39.43206961,1.008780392
PCO160170,42,16,0,0,0,17,0,0,1,37.66422625,1.261421199
PCO160170,43,16,0,0,0,17,0,0,1,34.81538381,2.202885347
PCO160170,44,16,0,0,0,17,0,0,1,31.90763344,2.917830077
PCO160170,45,16,0,0,0,17,0,0,1,29.89647497,1.115732733
PCO160170,46,16,0,0,0,17,0,0,1,27.26616997,1.167213811
PCO160170,47,16,0,0,0,17,0,0,1,25.27720616,0.605475831
PCO160170,48,16,0,0,0,17,0,0,1,22.64657763,0.643511936
PCO160170,49,16,0,0,0,17,0,0,1,20.33283146,0.455939478
PCO160170,50,16,0,0,0,17,0,0,1,17.96155962,0.433476084
PCO160170,51,16,0,0,0,17,0,0,1,15.93973851,0.232795516
PCO160170,52,16,0,0,0,17,0,0,1,13.94991016,0.217929316
PCO160170,53,16,0,0,0,17,0,0,1,12.19384586,0.322154959
PCO160170,54,16,0,0,0,17,0,0,1,10.57650212,0.267591448
PCO160170,55,16,0,0,0,17,0,0,1,8.995696828,0.152472626
PCO160170,56,16,0,0,0,17,0,0,1,7.485196084,0.290302827
PCO160170,57,16,0,0,0,17,0,0,1,6.371625401,0.196428937
PCO160170,58,16,0,0,0,17,0,0,1,5.480755094,0.151838634
PCO160170,59,16,0,0,0,17,0,0,1,4.594114231,0.084804667
PCO160170,60,16,0,0,0,17,0,0,1,3.721093277,0.140811855
PCO160170,61,16,0,0,0,17,0,0,1,3.092511743,0.082985759
PCO160170,62,16,0,0,0,17,0,0,1,2.593917473,0.04229096
PCO160170,63,16,0,0,0,17,0,0,1,2.113549984,0.036885866
PCO160170,64,16,0,0,0,17,0,0,1,1.707966806,0.025868099
PCO160170,65,16,0,0,0,17,0,0,1,1.314205004,0.027386105
PCO160170,66,16,0,0,0,17,0,0,1,1.136516654,0.01840427
PCO160170,67,16,0,0,0,17,0,0,1,0.825081696,0.017355521
PCO160170,68,16,0,0,0,17,0,0,1,0.721387012,0.016916054
PCO160170,69,16,0,0,0,17,0,0,1,0.503991111,0.012763286
PCO160170,70,16,0,0,0,17,0,0,1,0.409865474,0.006099544
PCO160180,10,16,0,0,0,18,0,0,1,1.247718768,0.010235877
PCO160180,11,16,0,0,0,18,0,0,1,1.564828419,0.033566685
PCO160180,12,16,0,0,0,18,0,0,1,1.979589715,0.044484671
PCO160180,13,16,0,0,0,18,0,0,1,2.614656491,0.049907552
PCO160180,14,16,0,0,0,18,0,0,1,3.613387886,0.123622283
PCO160180,15,16,0,0,0,18,0,0,1,4.947267521,0.092250126
PCO160180,16,16,0,0,0,18,0,0,1,6.672735657,0.162749655
PCO160180,17,16,0,0,0,18,0,0,1,9.132237563,0.281105073
PCO160180,18,16,0,0,0,18,0,0,1,12.64939199,0.35118531
PCO160180,19,16,0,0,0,18,0,0,1,16.21570662,0.633142086
PCO160180,20,16,0,0,0,18,0,0,1,20.63984825,1.21653989
PCO160180,21,16,0,0,0,18,0,0,1,25.54019905,1.622298397
PCO160180,22,16,0,0,0,18,0,0,1,30.95476206,2.701359157
PCO160180,23,16,0,0,0,18,0,0,1,35.88675945,4.32136138
PCO160180,24,16,0,0,0,18,0,0,1,41.03049012,7.499779054
PCO160180,25,16,0,0,0,18,0,0,1,45.09541257,10.05907941
PCO160180,26,16,0,0,0,18,0,0,1,49.09905418,10.04009847
PCO160180,27,16,0,0,0,18,0,0,1,51.09789816,6.082359487
PCO160180,28,16,0,0,0,18,0,0,1,53.07411048,12.04656317
PCO160180,29,16,0,0,0,18,0,0,1,54.18497792,7.133756307
PCO160180,30,16,0,0,0,18,0,0,1,54.72934403,10.26263984
PCO160180,31,16,0,0,0,18,0,0,1,54.2514943,8.963654585
PCO160180,32,16,0,0,0,18,0,0,1,54.14455749,19.56781281
PCO160180,33,16,0,0,0,18,0,0,1,53.10252384,13.24572306
PCO160180,34,16,0,0,0,18,0,0,1,52.30416606,21.91537624
PCO160180,35,16,0,0,0,18,0,0,1,52.1954541,20.75614242
PCO160180,36,16,0,0,0,18,0,0,1,49.65401673,18.8337406
PCO160180,37,16,0,0,0,18,0,0,1,48.20838127,17.01754729
PCO160180,38,16,0,0,0,18,0,0,1,46.80269723,14.01068583
PCO160180,39,16,0,0,0,18,0,0,1,45.53003124,19.40839188
PCO160180,40,16,0,0,0,18,0,0,1,42.2745467,11.69432078
PCO160180,41,16,0,0,0,18,0,0,1,40.66663295,17.86810413
PCO160180,42,16,0,0,0,18,0,0,1,38.24567493,8.076349356
PCO160180,43,16,0,0,0,18,0,0,1,36.13769275,13.31504259
PCO160180,44,16,0,0,0,18,0,0,1,33.35133794,7.115061031
PCO160180,45,16,0,0,0,18,0,0,1,30.32444611,6.861570833
PCO160180,46,16,0,0,0,18,0,0,1,28.15049861,6.343786417
PCO160180,47,16,0,0,0,18,0,0,1,25.62107311,5.12840585
PCO160180,48,16,0,0,0,18,0,0,1,23.04211453,3.585274369
PCO160180,49,16,0,0,0,18,0,0,1,20.43243702,3.054945721
PCO160180,50,16,0,0,0,18,0,0,1,18.31254979,2.746254888
PCO160180,51,16,0,0,0,18,0,0,1,15.55074818,1.199918208
PCO160180,52,16,0,0,0,18,0,0,1,13.57912696,0.842863773
PCO160180,53,16,0,0,0,18,0,0,1,11.91661593,0.696748125
PCO160180,54,16,0,0,0,18,0,0,1,10.19501334,0.355981633
PCO160180,55,16,0,0,0,18,0,0,1,8.67643212,0.338062141
PCO160180,56,16,0,0,0,18,0,0,1,7.192503693,0.381051498
PCO160180,57,16,0,0,0,18,0,0,1,6.106515965,0.415782897
PCO160180,58,16,0,0,0,18,0,0,1,5.165435388,0.235560699
PCO160180,59,16,0,0,0,18,0,0,1,4.212448619,0.233555482
PCO160180,60,16,0,0,0,18,0,0,1,3.430617429,0.093309452
PCO160180,61,16,0,0,0,18,0,0,1,2.786233768,0.080215131
PCO160180,62,16,0,0,0,18,0,0,1,2.243654227,0.080950755
PCO160180,63,16,0,0,0,18,0,0,1,1.813178939,0.038367268
PCO160180,64,16,0,0,0,18,0,0,1,1.481667754,0.021691219
PCO160180,65,16,0,0,0,18,0,0,1,1.177246134,0.028121585
PCO160180,66,16,0,0,0,18,0,0,1,0.980984715,0.008225964
PCO160180,67,16,0,0,0,18,0,0,1,0.78054453,0.014727503
PCO160180,68,16,0,0,0,18,0,0,1,0.579875775,0.009745895
PCO160180,69,16,0,0,0,18,0,0,1,0.440355817,0.003009424
PCO160180,70,16,0,0,0,18,0,0,1,0.32587465,0.003711845
PCO160180,10,16,0,0,0,18,0,9,1,1.247718768,0.010235877
PCO160180,11,16,0,0,0,18,0,9,1,1.564828419,0.033566685
PCO160180,12,16,0,0,0,18,0,9,1,1.979589715,0.044484671
PCO160180,13,16,0,0,0,18,0,9,1,2.614656491,0.049907552
PCO160180,14,16,0,0,0,18,0,9,1,3.613387886,0.123622283
PCO160180,15,16,0,0,0,18,0,9,1,4.947267521,0.092250126
PCO160180,16,16,0,0,0,18,0,9,1,6.672735657,0.162749655
PCO160180,17,16,0,0,0,18,0,9,1,9.132237563,0.281105073
PCO160180,18,16,0,0,0,18,0,9,1,12.64939199,0.35118531
PCO160180,19,16,0,0,0,18,0,9,1,16.21570662,0.633142086
PCO160180,20,16,0,0,0,18,0,9,1,20.63984825,1.21653989
PCO160180,21,16,0,0,0,18,0,9,1,25.54019905,1.622298397
PCO160180,22,16,0,0,0,18,0,9,1,30.95476206,2.701359157
PCO160180,23,16,0,0,0,18,0,9,1,35.88675945,4.32136138
PCO160180,24,16,0,0,0,18,0,9,1,41.03049012,7.499779054
PCO160180,25,16,0,0,0,18,0,9,1,45.09541257,10.05907941
PCO160180,26,16,0,0,0,18,0,9,1,49.09905418,10.04009847
PCO160180,27,16,0,0,0,18,0,9,1,51.09789816,6.082359487
PCO160180,28,16,0,0,0,18,0,9,1,53.07411048,12.04656317
PCO160180,29,16,0,0,0,18,0,9,1,54.18497792,7.133756307
PCO160180,30,16,0,0,0,18,0,9,1,54.72934403,10.26263984
PCO160180,31,16,0,0,0,18,0,9,1,54.2514943,8.963654585
PCO160180,32,16,0,0,0,18,0,9,1,54.14455749,19.56781281
PCO160180,33,16,0,0,0,18,0,9,1,53.10252384,13.24572306
PCO160180,34,16,0,0,0,18,0,9,1,52.30416606,21.91537624
PCO160180,35,16,0,0,0,18,0,9,1,52.1954541,20.75614242
PCO160180,36,16,0,0,0,18,0,9,1,49.65401673,18.8337406
PCO160180,37,16,0,0,0,18,0,9,1,48.20838127,17.01754729
PCO160180,38,16,0,0,0,18,0,9,1,46.80269723,14.01068583
PCO160180,39,16,0,0,0,18,0,9,1,45.53003124,19.40839188
PCO160180,40,16,0,0,0,18,0,9,1,42.2745467,11.69432078
PCO160180,41,16,0,0,0,18,0,9,1,40.66663295,17.86810413
PCO160180,42,16,0,0,0,18,0,9,1,38.24567493,8.076349356
PCO160180,43,16,0,0,0,18,0,9,1,36.13769275,13.31504259
PCO160180,44,16,0,0,0,18,0,9,1,33.35133794,7.115061031
PCO160180,45,16,0,0,0,18,0,9,1,30.32444611,6.861570833
PCO160180,46,16,0,0,0,18,0,9,1,28.15049861,6.343786417
PCO160180,47,16,0,0,0,18,0,9,1,25.62107311,5.12840585
PCO160180,48,16,0,0,0,18,0,9,1,23.04211453,3.585274369
PCO160180,49,16,0,0,0,18,0,9,1,20.43243702,3.054945721
PCO160180,50,16,0,0,0,18,0,9,1,18.31254979,2.746254888
PCO160180,51,16,0,0,0,18,0,9,1,15.55074818,1.199918208
PCO160180,52,16,0,0,0,18,0,9,1,13.57912696,0.842863773
PCO160180,53,16,0,0,0,18,0,9,1,11.91661593,0.696748125
PCO160180,54,16,0,0,0,18,0,9,1,10.19501334,0.355981633
PCO160180,55,16,0,0,0,18,0,9,1,8.67643212,0.338062141
PCO160180,56,16,0,0,0,18,0,9,1,7.192503693,0.381051498
PCO160180,57,16,0,0,0,18,0,9,1,6.106515965,0.415782897
PCO160180,58,16,0,0,0,18,0,9,1,5.165435388,0.235560699
PCO160180,59,16,0,0,0,18,0,9,1,4.212448619,0.233555482
PCO160180,60,16,0,0,0,18,0,9,1,3.430617429,0.093309452
PCO160180,61,16,0,0,0,18,0,9,1,2.786233768,0.080215131
PCO160180,62,16,0,0,0,18,0,9,1,2.243654227,0.080950755
PCO160180,63,16,0,0,0,18,0,9,1,1.813178939,0.038367268
PCO160180,64,16,0,0,0,18,0,9,1,1.481667754,0.021691219
PCO160180,65,16,0,0,0,18,0,9,1,1.177246134,0.028121585
PCO160180,66,16,0,0,0,18,0,9,1,0.980984715,0.008225964
PCO160180,67,16,0,0,0,18,0,9,1,0.78054453,0.014727503
PCO160180,68,16,0,0,0,18,0,9,1,0.579875775,0.009745895
PCO160180,69,16,0,0,0,18,0,9,1,0.440355817,0.003009424
PCO160180,70,16,0,0,0,18,0,9,1,0.32587465,0.003711845
PCO160180,10,16,0,0,0,18,0,6,1,1.247718768,0.010235877
PCO160180,11,16,0,0,0,18,0,6,1,1.564828419,0.033566685
PCO160180,12,16,0,0,0,18,0,6,1,1.979589715,0.044484671
PCO160180,13,16,0,0,0,18,0,6,1,2.614656491,0.049907552
PCO160180,14,16,0,0,0,18,0,6,1,3.613387886,0.123622283
PCO160180,15,16,0,0,0,18,0,6,1,4.947267521,0.092250126
PCO160180,16,16,0,0,0,18,0,6,1,6.672735657,0.162749655
PCO160180,17,16,0,0,0,18,0,6,1,9.132237563,0.281105073
PCO160180,18,16,0,0,0,18,0,6,1,12.64939199,0.35118531
PCO160180,19,16,0,0,0,18,0,6,1,16.21570662,0.633142086
PCO160180,20,16,0,0,0,18,0,6,1,20.63984825,1.21653989
PCO160180,21,16,0,0,0,18,0,6,1,25.54019905,1.622298397
PCO160180,22,16,0,0,0,18,0,6,1,30.95476206,2.701359157
PCO160180,23,16,0,0,0,18,0,6,1,35.88675945,4.32136138
PCO160180,24,16,0,0,0,18,0,6,1,41.03049012,7.499779054
PCO160180,25,16,0,0,0,18,0,6,1,45.09541257,10.05907941
PCO160180,26,16,0,0,0,18,0,6,1,49.09905418,10.04009847
PCO160180,27,16,0,0,0,18,0,6,1,51.09789816,6.082359487
PCO160180,28,16,0,0,0,18,0,6,1,53.07411048,12.04656317
PCO160180,29,16,0,0,0,18,0,6,1,54.18497792,7.133756307
PCO160180,30,16,0,0,0,18,0,6,1,54.72934403,10.26263984
PCO160180,31,16,0,0,0,18,0,6,1,54.2514943,8.963654585
PCO160180,32,16,0,0,0,18,0,6,1,54.14455749,19.56781281
PCO160180,33,16,0,0,0,18,0,6,1,53.10252384,13.24572306
PCO160180,34,16,0,0,0,18,0,6,1,52.30416606,21.91537624
PCO160180,35,16,0,0,0,18,0,6,1,52.1954541,20.75614242
PCO160180,36,16,0,0,0,18,0,6,1,49.65401673,18.8337406
PCO160180,37,16,0,0,0,18,0,6,1,48.20838127,17.01754729
PCO160180,38,16,0,0,0,18,0,6,1,46.80269723,14.01068583
PCO160180,39,16,0,0,0,18,0,6,1,45.53003124,19.40839188
PCO160180,40,16,0,0,0,18,0,6,1,42.2745467,11.69432078
PCO160180,41,16,0,0,0,18,0,6,1,40.66663295,17.86810413
PCO160180,42,16,0,0,0,18,0,6,1,38.24567493,8.076349356
PCO160180,43,16,0,0,0,18,0,6,1,36.13769275,13.31504259
PCO160180,44,16,0,0,0,18,0,6,1,33.35133794,7.115061031
PCO160180,45,16,0,0,0,18,0,6,1,30.32444611,6.861570833
PCO160180,46,16,0,0,0,18,0,6,1,28.15049861,6.343786417
PCO160180,47,16,0,0,0,18,0,6,1,25.62107311,5.12840585
PCO160180,48,16,0,0,0,18,0,6,1,23.04211453,3.585274369
PCO160180,49,16,0,0,0,18,0,6,1,20.43243702,3.054945721
PCO160180,50,16,0,0,0,18,0,6,1,18.31254979,2.746254888
PCO160180,51,16,0,0,0,18,0,6,1,15.55074818,1.199918208
PCO160180,52,16,0,0,0,18,0,6,1,13.57912696,0.842863773
PCO160180,53,16,0,0,0,18,0,6,1,11.91661593,0.696748125
PCO160180,54,16,0,0,0,18,0,6,1,10.19501334,0.355981633
PCO160180,55,16,0,0,0,18,0,6,1,8.67643212,0.338062141
PCO160180,56,16,0,0,0,18,0,6,1,7.192503693,0.381051498
PCO160180,57,16,0,0,0,18,0,6,1,6.106515965,0.415782897
PCO160180,58,16,0,0,0,18,0,6,1,5.165435388,0.235560699
PCO160180,59,16,0,0,0,18,0,6,1,4.212448619,0.233555482
PCO160180,60,16,0,0,0,18,0,6,1,3.430617429,0.093309452
PCO160180,61,16,0,0,0,18,0,6,1,2.786233768,0.080215131
PCO160180,62,16,0,0,0,18,0,6,1,2.243654227,0.080950755
PCO160180,63,16,0,0,0,18,0,6,1,1.813178939,0.038367268
PCO160180,64,16,0,0,0,18,0,6,1,1.481667754,0.021691219
PCO160180,65,16,0,0,0,18,0,6,1,1.177246134,0.028121585
PCO160180,66,16,0,0,0,18,0,6,1,0.980984715,0.008225964
PCO160180,67,16,0,0,0,18,0,6,1,0.78054453,0.014727503
PCO160180,68,16,0,0,0,18,0,6,1,0.579875775,0.009745895
PCO160180,69,16,0,0,0,18,0,6,1,0.440355817,0.003009424
PCO160180,70,16,0,0,0,18,0,6,1,0.32587465,0.003711845
PCO1601829,10,16,0,0,0,18,2,9,1,1.48886748,0.025787724
PCO1601829,11,16,0,0,0,18,2,9,1,1.854121797,0.024863479
PCO1601829,12,16,0,0,0,18,2,9,1,2.489092217,0.040363137
PCO1601829,13,16,0,0,0,18,2,9,1,3.498652336,0.052059334
PCO1601829,14,16,0,0,0,18,2,9,1,4.449356233,0.137618463
PCO1601829,15,16,0,0,0,18,2,9,1,6.146513369,0.169773815
PCO1601829,16,16,0,0,0,18,2,9,1,8.546018898,0.197184757
PCO1601829,17,16,0,0,0,18,2,9,1,11.77833802,0.23435821
PCO1601829,18,16,0,0,0,18,2,9,1,15.64960134,0.225521318
PCO1601829,19,16,0,0,0,18,2,9,1,20.58271425,0.341671971
PCO1601829,20,16,0,0,0,18,2,9,1,25.15774825,0.461598821
PCO1601829,21,16,0,0,0,18,2,9,1,31.23843199,0.2616783
PCO1601829,22,16,0,0,0,18,2,9,1,36.34364252,0.828981784
PCO1601829,23,16,0,0,0,18,2,9,1,41.10816849,0.903782293
PCO1601829,24,16,0,0,0,18,2,9,1,45.5099796,1.038008534
PCO1601829,25,16,0,0,0,18,2,9,1,49.36746806,2.028626289
PCO1601829,26,16,0,0,0,18,2,9,1,51.66893744,1.614686808
PCO1601829,27,16,0,0,0,18,2,9,1,53.91294577,1.624293139
PCO1601829,28,16,0,0,0,18,2,9,1,54.47841954,1.771897113
PCO1601829,29,16,0,0,0,18,2,9,1,54.47591497,2.307088285
PCO1601829,30,16,0,0,0,18,2,9,1,54.71327429,3.244741333
PCO1601829,31,16,0,0,0,18,2,9,1,54.10934388,1.863372262
PCO1601829,32,16,0,0,0,18,2,9,1,52.79951503,2.008570142
PCO1601829,33,16,0,0,0,18,2,9,1,51.16938214,3.453095332
PCO1601829,34,16,0,0,0,18,2,9,1,50.53747497,2.620215553
PCO1601829,35,16,0,0,0,18,2,9,1,47.99850728,2.615479249
PCO1601829,36,16,0,0,0,18,2,9,1,46.28158314,1.213120089
PCO1601829,37,16,0,0,0,18,2,9,1,44.36731913,2.271532853
PCO1601829,38,16,0,0,0,18,2,9,1,42.54998292,1.534381068
PCO1601829,39,16,0,0,0,18,2,9,1,39.63273195,0.785052697
PCO1601829,40,16,0,0,0,18,2,9,1,37.42553889,1.09046109
PCO1601829,41,16,0,0,0,18,2,9,1,35.14715053,1.654051164
PCO1601829,42,16,0,0,0,18,2,9,1,32.27189458,0.80148076
PCO1601829,43,16,0,0,0,18,2,9,1,29.29693553,0.705812509
PCO1601829,44,16,0,0,0,18,2,9,1,26.79158143,0.793493594
PCO1601829,45,16,0,0,0,18,2,9,1,24.1545234,0.854147404
PCO1601829,46,16,0,0,0,18,2,9,1,21.38802737,0.400987603
PCO1601829,47,16,0,0,0,18,2,9,1,19.26089521,0.468911625
PCO1601829,48,16,0,0,0,18,2,9,1,16.91517553,0.335375845
PCO1601829,49,16,0,0,0,18,2,9,1,14.53990784,0.270649862
PCO1601829,50,16,0,0,0,18,2,9,1,12.60041309,0.294854419
PCO1601829,51,16,0,0,0,18,2,9,1,10.67375688,0.196446852
PCO1601829,52,16,0,0,0,18,2,9,1,9.164647319,0.218433235
PCO1601829,53,16,0,0,0,18,2,9,1,7.808850158,0.151429791
PCO1601829,54,16,0,0,0,18,2,9,1,6.509825953,0.156182632
PCO1601829,55,16,0,0,0,18,2,9,1,5.411507878,0.07590509
PCO1601829,56,16,0,0,0,18,2,9,1,4.39966463,0.034118181
PCO1601829,57,16,0,0,0,18,2,9,1,3.670239147,0.031266881
PCO1601829,58,16,0,0,0,18,2,9,1,2.945649178,0.063036639
PCO1601829,59,16,0,0,0,18,2,9,1,2.369537506,0.03247235
PCO1601829,60,16,0,0,0,18,2,9,1,1.887229079,0.033612535
PCO1601829,61,16,0,0,0,18,2,9,1,1.518183589,0.028819211
PCO1601829,62,16,0,0,0,18,2,9,1,1.175152243,0.017236064
PCO1601829,63,16,0,0,0,18,2,9,1,0.956672512,0.033071199
PCO1601829,64,16,0,0,0,18,2,9,1,0.701000591,0.007177458
PCO1601829,65,16,0,0,0,18,2,9,1,0.553659587,0.006352923
PCO1601829,66,16,0,0,0,18,2,9,1,0.411412378,0.006069546
PCO1601829,67,16,0,0,0,18,2,9,1,0.329914634,0.005863006
PCO1601829,68,16,0,0,0,18,2,9,1,0.261000182,0.003026769
PCO1601829,69,16,0,0,0,18,2,9,1,0.207686759,0.004812404
PCO1601829,70,16,0,0,0,18,2,9,1,0.163252471,0.004359324
PCO1601839,10,16,0,0,0,18,3,9,1,1.3578403,0.025787724
PCO1601839,11,16,0,0,0,18,3,9,1,1.8781078,0.024863479
PCO1601839,12,16,0,0,0,18,3,9,1,2.59772,0.040363137
PCO1601839,13,16,0,0,0,18,3,9,1,3.5930572,0.052059334
PCO1601839,14,16,0,0,0,18,3,9,1,4.9697657,0.137618463
PCO1601839,15,16,0,0,0,18,3,9,1,6.8739715,0.169773815
PCO1601839,16,16,0,0,0,18,3,9,1,9.507789,0.197184757
PCO1601839,17,16,0,0,0,18,3,9,1,13.150775,0.23435821
PCO1601839,18,16,0,0,0,18,3,9,1,17.876064,0.225521318
PCO1601839,19,16,0,0,0,18,3,9,1,22.857307,0.341671971
PCO1601839,20,16,0,0,0,18,3,9,1,28.058147,0.461598821
PCO1601839,21,16,0,0,0,18,3,9,1,33.559177,0.2616783
PCO1601839,22,16,0,0,0,18,3,9,1,39.093582,0.828981784
PCO1601839,23,16,0,0,0,18,3,9,1,44.194607,0.903782293
PCO1601839,24,16,0,0,0,18,3,9,1,48.3931,1.038008534
PCO1601839,25,16,0,0,0,18,3,9,1,51.324543,2.028626289
PCO1601839,26,16,0,0,0,18,3,9,1,53.075523,1.614686808
PCO1601839,27,16,0,0,0,18,3,9,1,53.854195,1.624293139
PCO1601839,28,16,0,0,0,18,3,9,1,53.86869,1.771897113
PCO1601839,29,16,0,0,0,18,3,9,1,53.303936,2.307088285
PCO1601839,30,16,0,0,0,18,3,9,1,52.252106,3.244741333
PCO1601839,31,16,0,0,0,18,3,9,1,50.782223,1.863372262
PCO1601839,32,16,0,0,0,18,3,9,1,48.963314,2.008570142
PCO1601839,33,16,0,0,0,18,3,9,1,46.862385,3.453095332
PCO1601839,34,16,0,0,0,18,3,9,1,44.52947,2.620215553
PCO1601839,35,16,0,0,0,18,3,9,1,42.006096,2.615479249
PCO1601839,36,16,0,0,0,18,3,9,1,39.33373,1.213120089
PCO1601839,37,16,0,0,0,18,3,9,1,36.553837,2.271532853
PCO1601839,38,16,0,0,0,18,3,9,1,33.707882,1.534381068
PCO1601839,39,16,0,0,0,18,3,9,1,30.837334,0.785052697
PCO1601839,40,16,0,0,0,18,3,9,1,27.983501,1.09046109
PCO1601839,41,16,0,0,0,18,3,9,1,25.185188,1.654051164
PCO1601839,42,16,0,0,0,18,3,9,1,22.479149,0.80148076
PCO1601839,43,16,0,0,0,18,3,9,1,19.902075,0.705812509
PCO1601839,44,16,0,0,0,18,3,9,1,17.490664,0.793493594
PCO1601839,45,16,0,0,0,18,3,9,1,15.280233,0.854147404
PCO1601839,46,16,0,0,0,18,3,9,1,13.255794,0.400987603
PCO1601839,47,16,0,0,0,18,3,9,1,11.338741,0.468911625
PCO1601839,48,16,0,0,0,18,3,9,1,9.426482,0.335375845
PCO1601839,49,16,0,0,0,18,3,9,1,7.8227167,0.270649862
PCO1601839,50,16,0,0,0,18,3,9,1,6.4918065,0.294854419
PCO1601839,51,16,0,0,0,18,3,9,1,5.3873296,0.196446852
PCO1601839,52,16,0,0,0,18,3,9,1,4.470762,0.218433235
PCO1601839,53,16,0,0,0,18,3,9,1,3.7101328,0.151429791
PCO1601839,54,16,0,0,0,18,3,9,1,3.0789132,0.156182632
PCO1601839,55,16,0,0,0,18,3,9,1,2.5550852,0.07590509
PCO1601839,56,16,0,0,0,18,3,9,1,2.1203783,0.034118181
PCO1601839,57,16,0,0,0,18,3,9,1,1.7596298,0.031266881
PCO1601839,58,16,0,0,0,18,3,9,1,1.4602569,0.063036639
PCO1601839,59,16,0,0,0,18,3,9,1,1.2118176,0.03247235
PCO1601839,60,16,0,0,0,18,3,9,1,1.0056462,0.033612535
PCO1601839,61,16,0,0,0,18,3,9,1,0.8345516,0.028819211
PCO1601839,62,16,0,0,0,18,3,9,1,0.692566,0.017236064
PCO1601839,63,16,0,0,0,18,3,9,1,0.57473695,0.033071199
PCO1601839,64,16,0,0,0,18,3,9,1,0.47695464,0.007177458
PCO1601839,65,16,0,0,0,18,3,9,1,0.39580843,0.006352923
PCO1601839,66,16,0,0,0,18,3,9,1,0.32846797,0.006069546
PCO1601839,67,16,0,0,0,18,3,9,1,0.27258438,0.005863006
PCO1601839,68,16,0,0,0,18,3,9,1,0.22620851,0.003026769
PCO1601839,69,16,0,0,0,18,3,9,1,0.18772274,0.004812404
PCO1601839,70,16,0,0,0,18,3,9,1,0.15578473,0.004359324
PCO1601836,10,16,0,0,0,18,3,6,1,1.507026136,0.027565099
PCO1601836,11,16,0,0,0,18,3,6,1,2.018635464,0.024785361
PCO1601836,12,16,0,0,0,18,3,6,1,2.513339937,0.067089028
PCO1601836,13,16,0,0,0,18,3,6,1,3.430285186,0.099814647
PCO1601836,14,16,0,0,0,18,3,6,1,4.578053,0.165474927
PCO1601836,15,16,0,0,0,18,3,6,1,6.710326136,0.141187751
PCO1601836,16,16,0,0,0,18,3,6,1,9.169631256,0.155242185
PCO1601836,17,16,0,0,0,18,3,6,1,12.10043423,0.238456564
PCO1601836,18,16,0,0,0,18,3,6,1,16.14178074,0.331022833
PCO1601836,19,16,0,0,0,18,3,6,1,20.76020614,0.598466398
PCO1601836,20,16,0,0,0,18,3,6,1,25.51800454,0.446927666
PCO1601836,21,16,0,0,0,18,3,6,1,31.02931954,0.878980798
PCO1601836,22,16,0,0,0,18,3,6,1,35.74420589,0.454963344
PCO1601836,23,16,0,0,0,18,3,6,1,40.20266054,1.292025858
PCO1601836,24,16,0,0,0,18,3,6,1,43.50151223,1.042212672
PCO1601836,25,16,0,0,0,18,3,6,1,45.71887061,0.730388568
PCO1601836,26,16,0,0,0,18,3,6,1,47.79869306,1.462057118
PCO1601836,27,16,0,0,0,18,3,6,1,48.03666605,0.757801976
PCO1601836,28,16,0,0,0,18,3,6,1,48.19586063,0.905369103
PCO1601836,29,16,0,0,0,18,3,6,1,47.14157149,2.134315915
PCO1601836,30,16,0,0,0,18,3,6,1,45.22247772,2.41458829
PCO1601836,31,16,0,0,0,18,3,6,1,43.27521934,1.925181832
PCO1601836,32,16,0,0,0,18,3,6,1,41.04881773,1.676234407
PCO1601836,33,16,0,0,0,18,3,6,1,36.51411723,39.91083211
PCO1601836,34,16,0,0,0,18,3,6,1,35.77137621,0.963722839
PCO1601836,35,16,0,0,0,18,3,6,1,33.22270376,0.633756647
PCO1601836,36,16,0,0,0,18,3,6,1,30.8855374,0.852479791
PCO1601836,37,16,0,0,0,18,3,6,1,28.0370084,0.557671178
PCO1601836,38,16,0,0,0,18,3,6,1,25.50824996,0.75094181
PCO1601836,39,16,0,0,0,18,3,6,1,22.90879552,0.919867179
PCO1601836,40,16,0,0,0,18,3,6,1,20.38137906,0.420129637
PCO1601836,41,16,0,0,0,18,3,6,1,18.27858167,0.50447733
PCO1601836,42,16,0,0,0,18,3,6,1,15.97637722,0.456554286
PCO1601836,43,16,0,0,0,18,3,6,1,13.85545371,0.356951428
PCO1601836,44,16,0,0,0,18,3,6,1,11.97959379,0.29140643
PCO1601836,45,16,0,0,0,18,3,6,1,10.49057338,0.447601545
PCO1601836,46,16,0,0,0,18,3,6,1,8.742127284,0.418983268
PCO1601836,47,16,0,0,0,18,3,6,1,7.380742004,0.184423566
PCO1601836,48,16,0,0,0,18,3,6,1,6.468164682,0.154619161
PCO1601836,49,16,0,0,0,18,3,6,1,5.279696524,0.05175936
PCO1601836,50,16,0,0,0,18,3,6,1,4.32240484,0.154212841
PCO1601836,51,16,0,0,0,18,3,6,1,3.625778429,0.020090706
PCO1601836,52,16,0,0,0,18,3,6,1,2.934793078,0.036694739
PCO1601836,53,16,0,0,0,18,3,6,1,2.371467912,0.057155237
PCO1601836,54,16,0,0,0,18,3,6,1,1.963388591,0.023657214
PCO1601836,55,16,0,0,0,18,3,6,1,1.492982114,0.019823971
PCO1601836,56,16,0,0,0,18,3,6,1,1.172691251,0.019321744
PCO1601836,57,16,0,0,0,18,3,6,1,1.00088823,0.015088686
PCO1601836,58,16,0,0,0,18,3,6,1,0.747558546,0.007250609
PCO1601836,59,16,0,0,0,18,3,6,1,0.550920435,0.018637374
PCO1601836,60,16,0,0,0,18,3,6,1,0.448365501,0.008078264
PCO1601836,61,16,0,0,0,18,3,6,1,0.29835792,0.007364219
PCO1601836,62,16,0,0,0,18,3,6,1,0.245938757,0.00346017
PCO1601836,63,16,0,0,0,18,3,6,1,0.204932476,0.004130869
PCO1601836,64,16,0,0,0,18,3,6,1,0.1074206,0.003557472
PCO1601836,65,16,0,0,0,18,3,6,1,0.090646642,0.003185521
PCO1601836,66,16,0,0,0,18,3,6,1,0.038245516,0.003062827
PCO1601836,67,16,0,0,0,18,3,6,1,0.006108105,0.000316386
PCO1601848,10,16,0,0,0,18,4,8,1,0.941154726,0.00961382
PCO1601848,11,16,0,0,0,18,4,8,1,1.285505131,0.01494627
PCO1601848,12,16,0,0,0,18,4,8,1,1.682776835,0.023493122
PCO1601848,13,16,0,0,0,18,4,8,1,2.339972249,0.032582549
PCO1601848,14,16,0,0,0,18,4,8,1,3.264054343,0.07002158
PCO1601848,15,16,0,0,0,18,4,8,1,4.641590119,0.061874888
PCO1601848,16,16,0,0,0,18,4,8,1,6.607925608,0.0987479
PCO1601848,17,16,0,0,0,18,4,8,1,9.12553403,0.162163463
PCO1601848,18,16,0,0,0,18,4,8,1,12.24314705,0.190023317
PCO1601848,19,16,0,0,0,18,4,8,1,15.97412646,0.401190445
PCO1601848,20,16,0,0,0,18,4,8,1,20.3765854,0.326198594
PCO1601848,21,16,0,0,0,18,4,8,1,24.61525825,0.363581816
PCO1601848,22,16,0,0,0,18,4,8,1,28.82166262,1.056139602
PCO1601848,23,16,0,0,0,18,4,8,1,32.53777714,0.634111384
PCO1601848,24,16,0,0,0,18,4,8,1,35.49951121,1.581084738
PCO1601848,25,16,0,0,0,18,4,8,1,37.17379913,1.093324509
PCO1601848,26,16,0,0,0,18,4,8,1,37.90750963,0.933051109
PCO1601848,27,16,0,0,0,18,4,8,1,37.59868171,1.784055851
PCO1601848,28,16,0,0,0,18,4,8,1,36.62740023,1.48110583
PCO1601848,29,16,0,0,0,18,4,8,1,34.67164633,1.345494232
PCO1601848,30,16,0,0,0,18,4,8,1,32.25317904,1.260508289
PCO1601848,31,16,0,0,0,18,4,8,1,29.79564524,2.827529542
PCO1601848,32,16,0,0,0,18,4,8,1,26.83323399,1.406658377
PCO1601848,33,16,0,0,0,18,4,8,1,24.31093622,1.640529861
PCO1601848,34,16,0,0,0,18,4,8,1,21.74974828,1.178678227
PCO1601848,35,16,0,0,0,18,4,8,1,19.23418504,0.981808306
PCO1601848,36,16,0,0,0,18,4,8,1,16.59665964,0.593529282
PCO1601848,37,16,0,0,0,18,4,8,1,14.51787748,0.581825795
PCO1601848,38,16,0,0,0,18,4,8,1,12.54938652,0.533818513
PCO1601848,39,16,0,0,0,18,4,8,1,10.47304762,0.349942628
PCO1601848,40,16,0,0,0,18,4,8,1,8.87034534,0.226652461
PCO1601848,41,16,0,0,0,18,4,8,1,7.509986786,0.259190253
PCO1601848,42,16,0,0,0,18,4,8,1,6.215128947,0.180206531
PCO1601848,43,16,0,0,0,18,4,8,1,5.134476719,0.172096174
PCO1601848,44,16,0,0,0,18,4,8,1,4.202449452,0.065685503
PCO1601848,45,16,0,0,0,18,4,8,1,3.439730236,0.045742364
PCO1601848,46,16,0,0,0,18,4,8,1,2.76276985,0.043182819
PCO1601848,47,16,0,0,0,18,4,8,1,2.297709407,0.040577534
PCO1601848,48,16,0,0,0,18,4,8,1,1.771381301,0.026034167
PCO1601848,49,16,0,0,0,18,4,8,1,1.422169953,0.01340248
PCO1601848,50,16,0,0,0,18,4,8,1,1.116281242,0.013191413
PCO1601848,51,16,0,0,0,18,4,8,1,0.90200004,0.01780553
PCO1601848,52,16,0,0,0,18,4,8,1,0.668214836,0.010367635
PCO1601848,53,16,0,0,0,18,4,8,1,0.520988769,0.01039063
PCO1601848,54,16,0,0,0,18,4,8,1,0.386833573,0.004291778
PCO1601848,55,16,0,0,0,18,4,8,1,0.29723624,0.004040919
PCO1601848,56,16,0,0,0,18,4,8,1,0.243427585,0.003827446
PCO1601848,57,16,0,0,0,18,4,8,1,0.165809215,0.004201615
PCO1601848,58,16,0,0,0,18,4,8,1,0.137437837,0.002836131
PCO1601848,59,16,0,0,0,18,4,8,1,0.077820555,0.002837469
PCO1601848,60,16,0,0,0,18,4,8,1,0.030149483,0.000534814
PCO1601848,61,16,0,0,0,18,4,8,1,0.021912692,0.000566669
PCO1601848,62,16,0,0,0,18,4,8,1,0.00529884,0.000218127
PCO1601848,63,16,0,0,0,18,4,8,1,0.002654646,0.000112754
PCO16020311,10,16,0,0,0,20,3,11,1,1.24139675,0.036904532
PCO16020311,11,16,0,0,0,20,3,11,1,1.55941935,0.073444645
PCO16020311,12,16,0,0,0,20,3,11,1,1.955676621,0.115969929
PCO16020311,13,16,0,0,0,20,3,11,1,2.69914662,0.201799022
PCO16020311,14,16,0,0,0,20,3,11,1,3.506847601,0.352965325
PCO16020311,15,16,0,0,0,20,3,11,1,4.870000227,0.810179626
PCO16020311,16,16,0,0,0,20,3,11,1,6.808622811,1.797535649
PCO16020311,17,16,0,0,0,20,3,11,1,9.181852069,2.260312969
PCO16020311,18,16,0,0,0,20,3,11,1,12.48227125,4.724007939
PCO16020311,19,16,0,0,0,20,3,11,1,16.54819709,6.284956849
PCO16020311,20,16,0,0,0,20,3,11,1,21.11008766,8.379353187
PCO16020311,21,16,0,0,0,20,3,11,1,26.63054661,10.31757113
PCO16020311,22,16,0,0,0,20,3,11,1,32.21654698,12.15566765
PCO16020311,23,16,0,0,0,20,3,11,1,37.57838569,12.78286096
PCO16020311,24,16,0,0,0,20,3,11,1,42.39032651,9.122995014
PCO16020311,25,16,0,0,0,20,3,11,1,46.61545742,7.652253108
PCO16020311,26,16,0,0,0,20,3,11,1,49.72787693,6.341000138
PCO16020311,27,16,0,0,0,20,3,11,1,51.82483332,6.309138072
PCO16020311,28,16,0,0,0,20,3,11,1,53.1120898,3.685034634
PCO16020311,29,16,0,0,0,20,3,11,1,52.89113189,22.53703651
PCO16020311,30,16,0,0,0,20,3,11,1,53.40087943,3.674082084
PCO16020311,31,16,0,0,0,20,3,11,1,52.48418246,3.7233024
PCO16020311,32,16,0,0,0,20,3,11,1,51.29013603,3.368546856
PCO16020311,33,16,0,0,0,20,3,11,1,48.41865785,24.77153361
PCO16020311,34,16,0,0,0,20,3,11,1,47.18507261,7.483273069
PCO16020311,35,16,0,0,0,20,3,11,1,45.45453973,2.604838018
PCO16020311,36,16,0,0,0,20,3,11,1,43.19829791,3.20739253
PCO16020311,37,16,0,0,0,20,3,11,1,40.53767752,2.284456548
PCO16020311,38,16,0,0,0,20,3,11,1,37.33451416,10.546522
PCO16020311,39,16,0,0,0,20,3,11,1,34.63600367,2.621653832
PCO16020311,40,16,0,0,0,20,3,11,1,32.33443529,2.071610838
PCO16020311,41,16,0,0,0,20,3,11,1,29.19238253,1.03977075
PCO16020311,42,16,0,0,0,20,3,11,1,26.13204627,1.290488632
PCO16020311,43,16,0,0,0,20,3,11,1,23.27929508,2.065993333
PCO16020311,44,16,0,0,0,20,3,11,1,20.53727267,1.056071465
PCO16020311,45,16,0,0,0,20,3,11,1,17.94889036,0.90606034
PCO16020311,46,16,0,0,0,20,3,11,1,15.56636925,0.388408785
PCO16020311,47,16,0,0,0,20,3,11,1,13.23985903,0.468611378
PCO16020311,48,16,0,0,0,20,3,11,1,11.1981179,0.459240461
PCO16020311,49,16,0,0,0,20,3,11,1,9.501164462,0.235721221
PCO16020311,50,16,0,0,0,20,3,11,1,7.701721637,0.877385958
PCO16020311,51,16,0,0,0,20,3,11,1,6.359398842,0.307248531
PCO16020311,52,16,0,0,0,20,3,11,1,5.234105537,0.118777528
PCO16020311,53,16,0,0,0,20,3,11,1,4.224484355,0.089174049
PCO16020311,54,16,0,0,0,20,3,11,1,3.478871462,0.051132258
PCO16020311,55,16,0,0,0,20,3,11,1,2.693080631,0.053699974
PCO16020311,56,16,0,0,0,20,3,11,1,2.217706687,0.048082474
PCO16020311,57,16,0,0,0,20,3,11,1,1.69811415,0.032215039
PCO16020311,58,16,0,0,0,20,3,11,1,1.304289249,0.017333757
PCO16020311,59,16,0,0,0,20,3,11,1,0.991143021,0.019407097
PCO16020311,60,16,0,0,0,20,3,11,1,0.800446495,0.01329796
PCO16020311,61,16,0,0,0,20,3,11,1,0.575369531,0.009963613
PCO16020311,62,16,0,0,0,20,3,11,1,0.416817431,0.008615283
PCO16020311,63,16,0,0,0,20,3,11,1,0.322846437,0.006247396
PCO16020311,64,16,0,0,0,20,3,11,1,0.223509136,0.003503344
PCO16020311,65,16,0,0,0,20,3,11,1,0.160857911,0.008445651
PCO16020311,66,16,0,0,0,20,3,11,1,0.089947882,0.003437696
PCO16020311,67,16,0,0,0,20,3,11,1,0.032644102,0.001983953
PCO16020311,68,16,0,0,0,20,3,11,1,0.007048876,0.00040721
PCO16020311,69,16,0,0,0,20,3,11,1,0.003518804,0.000201986
PCO16020311,70,16,0,0,0,20,3,11,1,0.001475148,7.18E-05
PCO1602035,10,16,0,0,0,20,3,5,1,1.585073686,0.030827818
PCO1602035,11,16,0,0,0,20,3,5,1,2.00134703,0.033856928
PCO1602035,12,16,0,0,0,20,3,5,1,2.311606147,0.053600164
PCO1602035,13,16,0,0,0,20,3,5,1,3.019963616,0.016811896
PCO1602035,14,16,0,0,0,20,3,5,1,4.002932333,0.172042842
PCO1602035,15,16,0,0,0,20,3,5,1,5.507751662,0.143143115
PCO1602035,16,16,0,0,0,20,3,5,1,7.297526376,0.206451084
PCO1602035,17,16,0,0,0,20,3,5,1,9.745511287,0.632504303
PCO1602035,18,16,0,0,0,20,3,5,1,12.80071119,1.447416765
PCO1602035,19,16,0,0,0,20,3,5,1,16.87978541,1.667160508
PCO1602035,20,16,0,0,0,20,3,5,1,21.29758538,1.827040038
PCO1602035,21,16,0,0,0,20,3,5,1,26.15508559,3.201613559
PCO1602035,22,16,0,0,0,20,3,5,1,30.4672589,3.984794124
PCO1602035,23,16,0,0,0,20,3,5,1,34.94301783,7.763482221
PCO1602035,24,16,0,0,0,20,3,5,1,39.07189675,9.443968385
PCO1602035,25,16,0,0,0,20,3,5,1,42.21328997,15.01165763
PCO1602035,26,16,0,0,0,20,3,5,1,43.57229674,13.89133884
PCO1602035,27,16,0,0,0,20,3,5,1,44.16919428,10.33405976
PCO1602035,28,16,0,0,0,20,3,5,1,43.2562572,11.6489739
PCO1602035,29,16,0,0,0,20,3,5,1,41.80302453,14.54688265
PCO1602035,30,16,0,0,0,20,3,5,1,40.6871063,11.31734196
PCO1602035,31,16,0,0,0,20,3,5,1,38.61895927,11.55717096
PCO1602035,32,16,0,0,0,20,3,5,1,37.32699071,5.835600355
PCO1602035,33,16,0,0,0,20,3,5,1,35.01332567,5.272884531
PCO1602035,34,16,0,0,0,20,3,5,1,33.29853765,4.903691088
PCO1602035,35,16,0,0,0,20,3,5,1,29.94997712,6.496246766
PCO1602035,36,16,0,0,0,20,3,5,1,27.62241117,1.458353395
PCO1602035,37,16,0,0,0,20,3,5,1,24.80730855,3.106259996
PCO1602035,38,16,0,0,0,20,3,5,1,21.91237769,1.079510886
PCO1602035,39,16,0,0,0,20,3,5,1,19.43397654,1.449117129
PCO1602035,40,16,0,0,0,20,3,5,1,17.63277687,1.393401991
PCO1602035,41,16,0,0,0,20,3,5,1,15.20482079,0.788969788
PCO1602035,42,16,0,0,0,20,3,5,1,13.10314429,0.606957887
PCO1602035,43,16,0,0,0,20,3,5,1,11.27835217,0.369891687
PCO1602035,44,16,0,0,0,20,3,5,1,9.51235374,0.426872457
PCO1602035,45,16,0,0,0,20,3,5,1,8.088633893,0.323096285
PCO1602035,46,16,0,0,0,20,3,5,1,6.681624959,0.101532845
PCO1602035,47,16,0,0,0,20,3,5,1,5.214651948,0.180347353
PCO1602035,48,16,0,0,0,20,3,5,1,4.475611573,0.266442599
PCO1602035,49,16,0,0,0,20,3,5,1,3.901466469,0.079275224
PCO1602035,50,16,0,0,0,20,3,5,1,3.046208354,0.020221371
PCO1602035,51,16,0,0,0,20,3,5,1,2.428882561,0.045624209
PCO1602035,52,16,0,0,0,20,3,5,1,1.971179831,0.033681928
PCO1602035,53,16,0,0,0,20,3,5,1,1.569868103,0.019763384
PCO1602035,54,16,0,0,0,20,3,5,1,1.333897674,0.022340059
PCO1602035,55,16,0,0,0,20,3,5,1,0.977989661,0.017724776
PCO1602035,56,16,0,0,0,20,3,5,1,0.73622439,0.012015248
PCO1602035,57,16,0,0,0,20,3,5,1,0.561515995,0.012115863
PCO1602035,58,16,0,0,0,20,3,5,1,0.442506309,0.005955676
PCO1602035,59,16,0,0,0,20,3,5,1,0.348008813,0.005558274
PCO1602035,60,16,0,0,0,20,3,5,1,0.219493714,0.005548682
PCO1602035,61,16,0,0,0,20,3,5,1,0.186637481,0.004150675
PCO1602035,62,16,0,0,0,20,3,5,1,0.115545774,0.002431512
PCO1602035,63,16,0,0,0,20,3,5,1,0.063523196,0.005677182
PCO1602035,64,16,0,0,0,20,3,5,1,0.026186256,0.000819736
PCO1602035,65,16,0,0,0,20,3,5,1,0.024253179,0.002705479
PCO1602045,10,16,0,0,0,20,4,5,1,1.040523517,0.212922153
PCO1602045,11,16,0,0,0,20,4,5,1,1.458516133,0.302506754
PCO1602045,12,16,0,0,0,20,4,5,1,2.044451567,0.429742706
PCO1602045,13,16,0,0,0,20,4,5,1,2.865818367,0.610434787
PCO1602045,14,16,0,0,0,20,4,5,1,4.017230133,0.867013346
PCO1602045,15,16,0,0,0,20,4,5,1,5.631329333,1.231306974
PCO1602045,16,16,0,0,0,20,4,5,1,7.894076233,1.748477666
PCO1602045,17,16,0,0,0,20,4,5,1,10.92978033,2.3491929
PCO1602045,18,16,0,0,0,20,4,5,1,14.69027767,2.614384803
PCO1602045,19,16,0,0,0,20,4,5,1,18.705541,2.828024622
PCO1602045,20,16,0,0,0,20,4,5,1,22.96866233,3.071787731
PCO1602045,21,16,0,0,0,20,4,5,1,27.394633,3.187623258
PCO1602045,22,16,0,0,0,20,4,5,1,31.61471333,3.105809538
PCO1602045,23,16,0,0,0,20,4,5,1,35.18310333,2.818426944
PCO1602045,24,16,0,0,0,20,4,5,1,37.74763233,2.399465173
PCO1602045,25,16,0,0,0,20,4,5,1,39.214601,1.968935868
PCO1602045,26,16,0,0,0,20,4,5,1,39.61324533,1.571129886
PCO1602045,27,16,0,0,0,20,4,5,1,38.999277,1.258128582
PCO1602045,28,16,0,0,0,20,4,5,1,37.52691267,1.077736979
PCO1602045,29,16,0,0,0,20,4,5,1,35.44665767,0.982342278
PCO1602045,30,16,0,0,0,20,4,5,1,32.99504,0.910331838
PCO1602045,31,16,0,0,0,20,4,5,1,30.31045133,0.839417935
PCO1602045,32,16,0,0,0,20,4,5,1,27.49560633,0.76900243
PCO1602045,33,16,0,0,0,20,4,5,1,24.65266167,0.697539344
PCO1602045,34,16,0,0,0,20,4,5,1,21.88375633,0.622848559
PCO1602045,35,16,0,0,0,20,4,5,1,19.27453933,0.545228527
PCO1602045,36,16,0,0,0,20,4,5,1,16.85272033,0.46895895
PCO1602045,37,16,0,0,0,20,4,5,1,14.628593,0.39979107
PCO1602045,38,16,0,0,0,20,4,5,1,12.612271,0.343305192
PCO1602045,39,16,0,0,0,20,4,5,1,10.8096765,0.305769317
PCO1602045,40,16,0,0,0,20,4,5,1,9.174464333,0.293200209
PCO1602045,41,16,0,0,0,20,4,5,1,7.658324833,0.28801716
PCO1602045,42,16,0,0,0,20,4,5,1,6.274282,0.229982998
PCO1602045,43,16,0,0,0,20,4,5,1,5.142962667,0.185042057
PCO1602045,44,16,0,0,0,20,4,5,1,4.215641,0.149024718
PCO1602045,45,16,0,0,0,20,4,5,1,3.455530867,0.120147044
PCO1602045,46,16,0,0,0,20,4,5,1,2.832479967,0.096981599
PCO1602045,47,16,0,0,0,20,4,5,1,2.3217733,0.078386658
PCO1602045,48,16,0,0,0,20,4,5,1,1.903152933,0.063448991
PCO1602045,49,16,0,0,0,20,4,5,1,1.560013933,0.05143859
PCO1602045,50,16,0,0,0,20,4,5,1,1.278745567,0.041771551
PCO1602045,51,16,0,0,0,20,4,5,1,1.048191767,0.033981363
PCO1602045,52,16,0,0,0,20,4,5,1,0.859207893,0.027695254
PCO1602045,53,16,0,0,0,20,4,5,1,0.70429828,0.022615117
PCO1602045,54,16,0,0,0,20,4,5,1,0.5773191,0.018502895
PCO1602045,55,16,0,0,0,20,4,5,1,0.473234227,0.015168199
PCO1602045,56,16,0,0,0,20,4,5,1,0.3879156,0.012458905
PCO1602045,57,16,0,0,0,20,4,5,1,0.317979583,0.010253327
PCO1602045,58,16,0,0,0,20,4,5,1,0.260652643,0.008454092
PCO1602045,59,16,0,0,0,20,4,5,1,0.213661333,0.006983211
PCO1602045,60,16,0,0,0,20,4,5,1,0.175142127,0.005778188
PCO1602045,61,16,0,0,0,20,4,5,1,0.14356752,0.004788866
PCO1602045,62,16,0,0,0,20,4,5,1,0.117685427,3.97E-03
PCO1602045,63,16,0,0,0,20,4,5,1,0.096469507,3.30E-03
PCO1602048,10,16,0,0,0,20,4,8,1,2.165057673,0.055582218
PCO1602048,11,16,0,0,0,20,4,8,1,2.436602063,0.027496314
PCO1602048,12,16,0,0,0,20,4,8,1,2.89696401,0.111741658
PCO1602048,13,16,0,0,0,20,4,8,1,3.438249596,0.141786358
PCO1602048,14,16,0,0,0,20,4,8,1,4.347336337,0.034879478
PCO1602048,15,16,0,0,0,20,4,8,1,5.488097994,0.106762612
PCO1602048,16,16,0,0,0,20,4,8,1,7.342806777,0.296289555
PCO1602048,17,16,0,0,0,20,4,8,1,9.788436641,0.377995866
PCO1602048,18,16,0,0,0,20,4,8,1,12.8680111,0.191112497
PCO1602048,19,16,0,0,0,20,4,8,1,16.51475162,0.320601962
PCO1602048,20,16,0,0,0,20,4,8,1,20.32653291,0.571205548
PCO1602048,21,16,0,0,0,20,4,8,1,25.25715453,0.475690127
PCO1602048,22,16,0,0,0,20,4,8,1,29.92667291,0.422561484
PCO1602048,23,16,0,0,0,20,4,8,1,35.09273581,0.751395634
PCO1602048,24,16,0,0,0,20,4,8,1,38.44482796,0.571442416
PCO1602048,25,16,0,0,0,20,4,8,1,41.38528812,0.564127341
PCO1602048,26,16,0,0,0,20,4,8,1,42.78797504,2.528858917
PCO1602048,27,16,0,0,0,20,4,8,1,44.04496046,0.38593051
PCO1602048,28,16,0,0,0,20,4,8,1,42.67555129,33.80217921
PCO1602048,29,16,0,0,0,20,4,8,1,42.62356153,0.997890616
PCO1602048,30,16,0,0,0,20,4,8,1,40.96179771,1.643140118
PCO1602048,31,16,0,0,0,20,4,8,1,38.76512909,1.34266428
PCO1602048,32,16,0,0,0,20,4,8,1,36.4187772,0.213933557
PCO1602048,33,16,0,0,0,20,4,8,1,34.21012273,1.075654619
PCO1602048,34,16,0,0,0,20,4,8,1,31.00190431,0.938054975
PCO1602048,35,16,0,0,0,20,4,8,1,28.26603061,0.337285744
PCO1602048,36,16,0,0,0,20,4,8,1,25.47326277,0.451983433
PCO1602048,37,16,0,0,0,20,4,8,1,22.62216241,0.906821276
PCO1602048,38,16,0,0,0,20,4,8,1,19.71708823,0.304760196
PCO1602048,39,16,0,0,0,20,4,8,1,17.19553684,0.212258244
PCO1602048,40,16,0,0,0,20,4,8,1,15.41333378,0.116217309
PCO1602048,41,16,0,0,0,20,4,8,1,13.18264359,0.327263539
PCO1602048,42,16,0,0,0,20,4,8,1,11.25440483,0.369330479
PCO1602048,43,16,0,0,0,20,4,8,1,9.238356502,0.370888412
PCO1602048,44,16,0,0,0,20,4,8,1,7.643427173,0.054438581
PCO1602048,45,16,0,0,0,20,4,8,1,6.242759018,0.177654264
PCO1602048,46,16,0,0,0,20,4,8,1,5.311863291,0.113586595
PCO1602048,47,16,0,0,0,20,4,8,1,4.355324394,0.110304074
PCO1602048,48,16,0,0,0,20,4,8,1,3.617976807,0.081860635
PCO1602048,49,16,0,0,0,20,4,8,1,2.822937983,0.076485119
PCO1602048,50,16,0,0,0,20,4,8,1,2.261322879,0.012612636
PCO1602048,51,16,0,0,0,20,4,8,1,1.730506251,0.03005588
PCO1602048,52,16,0,0,0,20,4,8,1,1.389653809,0.026489673
PCO1602048,53,16,0,0,0,20,4,8,1,1.123018137,0.016067789
PCO1602048,54,16,0,0,0,20,4,8,1,0.833623909,0.006453011
PCO1602048,55,16,0,0,0,20,4,8,1,0.630725639,0.013069006
PCO1602048,56,16,0,0,0,20,4,8,1,0.497609302,0.009995404
PCO1602048,57,16,0,0,0,20,4,8,1,0.307654349,0.006602485
PCO1602048,58,16,0,0,0,20,4,8,1,0.270173047,0.007884119
PCO1602048,59,16,0,0,0,20,4,8,1,0.226873742,0.006343488
PCO1602048,60,16,0,0,0,20,4,8,1,0.0912834,0.0027295
PCO1602048,61,16,0,0,0,20,4,8,1,0.054606301,0.001960699
PCO1602048,62,16,0,0,0,20,4,8,1,0.025323344,0.00096991
PCO1602055,10,16,0,0,0,20,5,5,1,1.148177881,0.035264067
PCO1602055,11,16,0,0,0,20,5,5,1,1.405326024,0.064471762
PCO1602055,12,16,0,0,0,20,5,5,1,2.09150284,0.08822826
PCO1602055,13,16,0,0,0,20,5,5,1,2.984192783,0.124393378
PCO1602055,14,16,0,0,0,20,5,5,1,4.113141806,0.064494372
PCO1602055,15,16,0,0,0,20,5,5,1,6.4497119,0.074834552
PCO1602055,16,16,0,0,0,20,5,5,1,8.653563551,0.700138464
PCO1602055,17,16,0,0,0,20,5,5,1,11.86989924,0.872508639
PCO1602055,18,16,0,0,0,20,5,5,1,15.24796296,0.68105025
PCO1602055,19,16,0,0,0,20,5,5,1,18.88449472,0.895358773
PCO1602055,20,16,0,0,0,20,5,5,1,23.02151377,0.449056172
PCO1602055,21,16,0,0,0,20,5,5,1,26.85014986,1.047687943
PCO1602055,22,16,0,0,0,20,5,5,1,29.71890761,2.195775464
PCO1602055,23,16,0,0,0,20,5,5,1,31.50579855,2.947397236
PCO1602055,24,16,0,0,0,20,5,5,1,31.5430211,0.731334244
PCO1602055,25,16,0,0,0,20,5,5,1,32.14555524,0.663611918
PCO1602055,26,16,0,0,0,20,5,5,1,30.31336056,1.217876594
PCO1602055,27,16,0,0,0,20,5,5,1,28.32733919,1.117700098
PCO1602055,28,16,0,0,0,20,5,5,1,26.01720976,0.58978163
PCO1602055,29,16,0,0,0,20,5,5,1,22.66130411,1.325743867
PCO1602055,30,16,0,0,0,20,5,5,1,20.25915163,1.045333026
PCO1602055,31,16,0,0,0,20,5,5,1,17.56836271,0.676233069
PCO1602055,32,16,0,0,0,20,5,5,1,15.14896255,0.263201209
PCO1602055,33,16,0,0,0,20,5,5,1,12.87874605,1.272410334
PCO1602055,34,16,0,0,0,20,5,5,1,11.01977941,0.153467587
PCO1602055,35,16,0,0,0,20,5,5,1,8.982178172,0.255940221
PCO1602055,36,16,0,0,0,20,5,5,1,7.279466536,0.09247732
PCO1602055,37,16,0,0,0,20,5,5,1,5.857557744,0.254796707
PCO1602055,38,16,0,0,0,20,5,5,1,4.849498556,0.0514869
PCO1602055,39,16,0,0,0,20,5,5,1,4.101534617,0.067282125
PCO1602055,40,16,0,0,0,20,5,5,1,2.982192383,0.04239007
PCO1602055,41,16,0,0,0,20,5,5,1,2.301977961,0.026935991
PCO1602055,42,16,0,0,0,20,5,5,1,1.856924775,0.042065361
PCO1602055,43,16,0,0,0,20,5,5,1,1.486301152,0.021915552
PCO1602055,44,16,0,0,0,20,5,5,1,1.087975254,0.014511575
PCO1602055,45,16,0,0,0,20,5,5,1,0.790718334,0.012880844
PCO1602055,46,16,0,0,0,20,5,5,1,0.611026582,0.01093587
PCO1602055,47,16,0,0,0,20,5,5,1,0.460204254,0.024665888
PCO1602055,48,16,0,0,0,20,5,5,1,0.31678403,0.023462173
PCO1602055,49,16,0,0,0,20,5,5,1,0.22412793,0.009773668
PCO1602055,50,16,0,0,0,20,5,5,1,0.171033436,0.007678676
PCO1602055,51,16,0,0,0,20,5,5,1,0.090224672,0.003193311
PCO1602055,52,16,0,0,0,20,5,5,1,0.037628333,0.003369283
PCO1602055,53,16,0,0,0,20,5,5,1,0.015292424,0.000933637
PCO160220,10,16,0,0,0,22,0,0,1,1.343291678,0.028543307
PCO160220,11,16,0,0,0,22,0,0,1,1.623372917,0.026420436
PCO160220,12,16,0,0,0,22,0,0,1,2.066039052,0.022913654
PCO160220,13,16,0,0,0,22,0,0,1,2.678869791,0.015132726
PCO160220,14,16,0,0,0,22,0,0,1,3.653765474,0.037418094
PCO160220,15,16,0,0,0,22,0,0,1,5.183156619,0.169890364
PCO160220,16,16,0,0,0,22,0,0,1,6.808465869,0.056365777
PCO160220,17,16,0,0,0,22,0,0,1,9.658589247,0.101398938
PCO160220,18,16,0,0,0,22,0,0,1,13.00664558,0.213108202
PCO160220,19,16,0,0,0,22,0,0,1,16.86570598,0.320439216
PCO160220,20,16,0,0,0,22,0,0,1,22.0584261,0.473579573
PCO160220,21,16,0,0,0,22,0,0,1,27.33780764,1.322089952
PCO160220,22,16,0,0,0,22,0,0,1,32.71472835,0.924733224
PCO160220,23,16,0,0,0,22,0,0,1,38.58600258,1.154509217
PCO160220,24,16,0,0,0,22,0,0,1,43.57257121,2.818478541
PCO160220,25,16,0,0,0,22,0,0,1,48.48824762,1.788173969
PCO160220,26,16,0,0,0,22,0,0,1,53.25835855,4.096629263
PCO160220,27,16,0,0,0,22,0,0,1,55.0777597,3.079984811
PCO160220,28,16,0,0,0,22,0,0,1,56.98405944,3.415782887
PCO160220,29,16,0,0,0,22,0,0,1,58.38933037,5.078554797
PCO160220,30,16,0,0,0,22,0,0,1,58.76705507,1.946091298
PCO160220,31,16,0,0,0,22,0,0,1,58.95047582,6.732464398
PCO160220,32,16,0,0,0,22,0,0,1,57.48363641,4.746105382
PCO160220,33,16,0,0,0,22,0,0,1,57.79638249,4.508412673
PCO160220,34,16,0,0,0,22,0,0,1,57.55865273,3.26397703
PCO160220,35,16,0,0,0,22,0,0,1,55.0435996,1.027999455
PCO160220,36,16,0,0,0,22,0,0,1,53.61003987,1.903964628
PCO160220,37,16,0,0,0,22,0,0,1,52.57802225,4.840206934
PCO160220,38,16,0,0,0,22,0,0,1,50.86901445,3.352783428
PCO160220,39,16,0,0,0,22,0,0,1,49.13055771,3.492528309
PCO160220,40,16,0,0,0,22,0,0,1,46.52096601,4.119747051
PCO160220,41,16,0,0,0,22,0,0,1,43.91939832,1.93295739
PCO160220,42,16,0,0,0,22,0,0,1,40.62351764,2.139427477
PCO160220,43,16,0,0,0,22,0,0,1,37.68080209,0.545903199
PCO160220,44,16,0,0,0,22,0,0,1,34.77042656,1.290633728
PCO160220,45,16,0,0,0,22,0,0,1,32.34171196,1.516360178
PCO160220,46,16,0,0,0,22,0,0,1,28.9413362,1.32770738
PCO160220,47,16,0,0,0,22,0,0,1,25.89114976,0.741059427
PCO160220,48,16,0,0,0,22,0,0,1,22.86357231,0.584072766
PCO160220,49,16,0,0,0,22,0,0,1,19.85053131,0.749168554
PCO160220,50,16,0,0,0,22,0,0,1,17.4218072,0.604165271
PCO160220,51,16,0,0,0,22,0,0,1,14.64807335,0.340112935
PCO160220,52,16,0,0,0,22,0,0,1,12.39068976,0.299220603
PCO160220,53,16,0,0,0,22,0,0,1,10.78345968,0.177634854
PCO160220,54,16,0,0,0,22,0,0,1,8.93985091,0.140080553
PCO160220,55,16,0,0,0,22,0,0,1,7.509413761,0.168774893
PCO160220,56,16,0,0,0,22,0,0,1,5.927692525,0.161428628
PCO160220,57,16,0,0,0,22,0,0,1,4.725344661,0.048061332
PCO160220,58,16,0,0,0,22,0,0,1,3.85546265,0.043441578
PCO160220,59,16,0,0,0,22,0,0,1,3.055829903,0.021193697
PCO160220,60,16,0,0,0,22,0,0,1,2.367876818,0.035969654
PCO160220,61,16,0,0,0,22,0,0,1,1.828981793,0.031346076
PCO160220,62,16,0,0,0,22,0,0,1,1.358621029,0.023821731
PCO160220,63,16,0,0,0,22,0,0,1,1.116914852,0.017326161
PCO160220,64,16,0,0,0,22,0,0,1,0.810372539,0.011711368
PCO160220,65,16,0,0,0,22,0,0,1,0.610118887,0.007397555
PCO160220,66,16,0,0,0,22,0,0,1,0.437658198,0.006618011
PCO160220,67,16,0,0,0,22,0,0,1,0.376805925,0.003769217
PCO160220,68,16,0,0,0,22,0,0,1,0.258001216,0.00180674
PCO160220,69,16,0,0,0,22,0,0,1,0.175106413,0.004692693
PCO160220,70,16,0,0,0,22,0,0,1,0.116500819,0.005215345
PCO160220,10,16,0,0,0,22,0,13,1,1.343291678,0.028543307
PCO160220,11,16,0,0,0,22,0,13,1,1.623372917,0.026420436
PCO160220,12,16,0,0,0,22,0,13,1,2.066039052,0.022913654
PCO160220,13,16,0,0,0,22,0,13,1,2.678869791,0.015132726
PCO160220,14,16,0,0,0,22,0,13,1,3.653765474,0.037418094
PCO160220,15,16,0,0,0,22,0,13,1,5.183156619,0.169890364
PCO160220,16,16,0,0,0,22,0,13,1,6.808465869,0.056365777
PCO160220,17,16,0,0,0,22,0,13,1,9.658589247,0.101398938
PCO160220,18,16,0,0,0,22,0,13,1,13.00664558,0.213108202
PCO160220,19,16,0,0,0,22,0,13,1,16.86570598,0.320439216
PCO160220,20,16,0,0,0,22,0,13,1,22.0584261,0.473579573
PCO160220,21,16,0,0,0,22,0,13,1,27.33780764,1.322089952
PCO160220,22,16,0,0,0,22,0,13,1,32.71472835,0.924733224
PCO160220,23,16,0,0,0,22,0,13,1,38.58600258,1.154509217
PCO160220,24,16,0,0,0,22,0,13,1,43.57257121,2.818478541
PCO160220,25,16,0,0,0,22,0,13,1,48.48824762,1.788173969
PCO160220,26,16,0,0,0,22,0,13,1,53.25835855,4.096629263
PCO160220,27,16,0,0,0,22,0,13,1,55.0777597,3.079984811
PCO160220,28,16,0,0,0,22,0,13,1,56.98405944,3.415782887
PCO160220,29,16,0,0,0,22,0,13,1,58.38933037,5.078554797
PCO160220,30,16,0,0,0,22,0,13,1,58.76705507,1.946091298
PCO160220,31,16,0,0,0,22,0,13,1,58.95047582,6.732464398
PCO160220,32,16,0,0,0,22,0,13,1,57.48363641,4.746105382
PCO160220,33,16,0,0,0,22,0,13,1,57.79638249,4.508412673
PCO160220,34,16,0,0,0,22,0,13,1,57.55865273,3.26397703
PCO160220,35,16,0,0,0,22,0,13,1,55.0435996,1.027999455
PCO160220,36,16,0,0,0,22,0,13,1,53.61003987,1.903964628
PCO160220,37,16,0,0,0,22,0,13,1,52.57802225,4.840206934
PCO160220,38,16,0,0,0,22,0,13,1,50.86901445,3.352783428
PCO160220,39,16,0,0,0,22,0,13,1,49.13055771,3.492528309
PCO160220,40,16,0,0,0,22,0,13,1,46.52096601,4.119747051
PCO160220,41,16,0,0,0,22,0,13,1,43.91939832,1.93295739
PCO160220,42,16,0,0,0,22,0,13,1,40.62351764,2.139427477
PCO160220,43,16,0,0,0,22,0,13,1,37.68080209,0.545903199
PCO160220,44,16,0,0,0,22,0,13,1,34.77042656,1.290633728
PCO160220,45,16,0,0,0,22,0,13,1,32.34171196,1.516360178
PCO160220,46,16,0,0,0,22,0,13,1,28.9413362,1.32770738
PCO160220,47,16,0,0,0,22,0,13,1,25.89114976,0.741059427
PCO160220,48,16,0,0,0,22,0,13,1,22.86357231,0.584072766
PCO160220,49,16,0,0,0,22,0,13,1,19.85053131,0.749168554
PCO160220,50,16,0,0,0,22,0,13,1,17.4218072,0.604165271
PCO160220,51,16,0,0,0,22,0,13,1,14.64807335,0.340112935
PCO160220,52,16,0,0,0,22,0,13,1,12.39068976,0.299220603
PCO160220,53,16,0,0,0,22,0,13,1,10.78345968,0.177634854
PCO160220,54,16,0,0,0,22,0,13,1,8.93985091,0.140080553
PCO160220,55,16,0,0,0,22,0,13,1,7.509413761,0.168774893
PCO160220,56,16,0,0,0,22,0,13,1,5.927692525,0.161428628
PCO160220,57,16,0,0,0,22,0,13,1,4.725344661,0.048061332
PCO160220,58,16,0,0,0,22,0,13,1,3.85546265,0.043441578
PCO160220,59,16,0,0,0,22,0,13,1,3.055829903,0.021193697
PCO160220,60,16,0,0,0,22,0,13,1,2.367876818,0.035969654
PCO160220,61,16,0,0,0,22,0,13,1,1.828981793,0.031346076
PCO160220,62,16,0,0,0,22,0,13,1,1.358621029,0.023821731
PCO160220,63,16,0,0,0,22,0,13,1,1.116914852,0.017326161
PCO160220,64,16,0,0,0,22,0,13,1,0.810372539,0.011711368
PCO160220,65,16,0,0,0,22,0,13,1,0.610118887,0.007397555
PCO160220,66,16,0,0,0,22,0,13,1,0.437658198,0.006618011
PCO160220,67,16,0,0,0,22,0,13,1,0.376805925,0.003769217
PCO160220,68,16,0,0,0,22,0,13,1,0.258001216,0.00180674
PCO160220,69,16,0,0,0,22,0,13,1,0.175106413,0.004692693
PCO160220,70,16,0,0,0,22,0,13,1,0.116500819,0.005215345
PCO160220,10,16,0,0,0,22,0,7,1,1.343291678,0.028543307
PCO160220,11,16,0,0,0,22,0,7,1,1.623372917,0.026420436
PCO160220,12,16,0,0,0,22,0,7,1,2.066039052,0.022913654
PCO160220,13,16,0,0,0,22,0,7,1,2.678869791,0.015132726
PCO160220,14,16,0,0,0,22,0,7,1,3.653765474,0.037418094
PCO160220,15,16,0,0,0,22,0,7,1,5.183156619,0.169890364
PCO160220,16,16,0,0,0,22,0,7,1,6.808465869,0.056365777
PCO160220,17,16,0,0,0,22,0,7,1,9.658589247,0.101398938
PCO160220,18,16,0,0,0,22,0,7,1,13.00664558,0.213108202
PCO160220,19,16,0,0,0,22,0,7,1,16.86570598,0.320439216
PCO160220,20,16,0,0,0,22,0,7,1,22.0584261,0.473579573
PCO160220,21,16,0,0,0,22,0,7,1,27.33780764,1.322089952
PCO160220,22,16,0,0,0,22,0,7,1,32.71472835,0.924733224
PCO160220,23,16,0,0,0,22,0,7,1,38.58600258,1.154509217
PCO160220,24,16,0,0,0,22,0,7,1,43.57257121,2.818478541
PCO160220,25,16,0,0,0,22,0,7,1,48.48824762,1.788173969
PCO160220,26,16,0,0,0,22,0,7,1,53.25835855,4.096629263
PCO160220,27,16,0,0,0,22,0,7,1,55.0777597,3.079984811
PCO160220,28,16,0,0,0,22,0,7,1,56.98405944,3.415782887
PCO160220,29,16,0,0,0,22,0,7,1,58.38933037,5.078554797
PCO160220,30,16,0,0,0,22,0,7,1,58.76705507,1.946091298
PCO160220,31,16,0,0,0,22,0,7,1,58.95047582,6.732464398
PCO160220,32,16,0,0,0,22,0,7,1,57.48363641,4.746105382
PCO160220,33,16,0,0,0,22,0,7,1,57.79638249,4.508412673
PCO160220,34,16,0,0,0,22,0,7,1,57.55865273,3.26397703
PCO160220,35,16,0,0,0,22,0,7,1,55.0435996,1.027999455
PCO160220,36,16,0,0,0,22,0,7,1,53.61003987,1.903964628
PCO160220,37,16,0,0,0,22,0,7,1,52.57802225,4.840206934
PCO160220,38,16,0,0,0,22,0,7,1,50.86901445,3.352783428
PCO160220,39,16,0,0,0,22,0,7,1,49.13055771,3.492528309
PCO160220,40,16,0,0,0,22,0,7,1,46.52096601,4.119747051
PCO160220,41,16,0,0,0,22,0,7,1,43.91939832,1.93295739
PCO160220,42,16,0,0,0,22,0,7,1,40.62351764,2.139427477
PCO160220,43,16,0,0,0,22,0,7,1,37.68080209,0.545903199
PCO160220,44,16,0,0,0,22,0,7,1,34.77042656,1.290633728
PCO160220,45,16,0,0,0,22,0,7,1,32.34171196,1.516360178
PCO160220,46,16,0,0,0,22,0,7,1,28.9413362,1.32770738
PCO160220,47,16,0,0,0,22,0,7,1,25.89114976,0.741059427
PCO160220,48,16,0,0,0,22,0,7,1,22.86357231,0.584072766
PCO160220,49,16,0,0,0,22,0,7,1,19.85053131,0.749168554
PCO160220,50,16,0,0,0,22,0,7,1,17.4218072,0.604165271
PCO160220,51,16,0,0,0,22,0,7,1,14.64807335,0.340112935
PCO160220,52,16,0,0,0,22,0,7,1,12.39068976,0.299220603
PCO160220,53,16,0,0,0,22,0,7,1,10.78345968,0.177634854
PCO160220,54,16,0,0,0,22,0,7,1,8.93985091,0.140080553
PCO160220,55,16,0,0,0,22,0,7,1,7.509413761,0.168774893
PCO160220,56,16,0,0,0,22,0,7,1,5.927692525,0.161428628
PCO160220,57,16,0,0,0,22,0,7,1,4.725344661,0.048061332
PCO160220,58,16,0,0,0,22,0,7,1,3.85546265,0.043441578
PCO160220,59,16,0,0,0,22,0,7,1,3.055829903,0.021193697
PCO160220,60,16,0,0,0,22,0,7,1,2.367876818,0.035969654
PCO160220,61,16,0,0,0,22,0,7,1,1.828981793,0.031346076
PCO160220,62,16,0,0,0,22,0,7,1,1.358621029,0.023821731
PCO160220,63,16,0,0,0,22,0,7,1,1.116914852,0.017326161
PCO160220,64,16,0,0,0,22,0,7,1,0.810372539,0.011711368
PCO160220,65,16,0,0,0,22,0,7,1,0.610118887,0.007397555
PCO160220,66,16,0,0,0,22,0,7,1,0.437658198,0.006618011
PCO160220,67,16,0,0,0,22,0,7,1,0.376805925,0.003769217
PCO160220,68,16,0,0,0,22,0,7,1,0.258001216,0.00180674
PCO160220,69,16,0,0,0,22,0,7,1,0.175106413,0.004692693
PCO160220,70,16,0,0,0,22,0,7,1,0.116500819,5.22E-03
PCO160220,10,16,0,0,0,22,0,4,1,1.343291678,0.028543307
PCO160220,11,16,0,0,0,22,0,4,1,1.623372917,0.026420436
PCO160220,12,16,0,0,0,22,0,4,1,2.066039052,0.022913654
PCO160220,13,16,0,0,0,22,0,4,1,2.678869791,0.015132726
PCO160220,14,16,0,0,0,22,0,4,1,3.653765474,0.037418094
PCO160220,15,16,0,0,0,22,0,4,1,5.183156619,0.169890364
PCO160220,16,16,0,0,0,22,0,4,1,6.808465869,0.056365777
PCO160220,17,16,0,0,0,22,0,4,1,9.658589247,0.101398938
PCO160220,18,16,0,0,0,22,0,4,1,13.00664558,0.213108202
PCO160220,19,16,0,0,0,22,0,4,1,16.86570598,0.320439216
PCO160220,20,16,0,0,0,22,0,4,1,22.0584261,0.473579573
PCO160220,21,16,0,0,0,22,0,4,1,27.33780764,1.322089952
PCO160220,22,16,0,0,0,22,0,4,1,32.71472835,0.924733224
PCO160220,23,16,0,0,0,22,0,4,1,38.58600258,1.154509217
PCO160220,24,16,0,0,0,22,0,4,1,43.57257121,2.818478541
PCO160220,25,16,0,0,0,22,0,4,1,48.48824762,1.788173969
PCO160220,26,16,0,0,0,22,0,4,1,53.25835855,4.096629263
PCO160220,27,16,0,0,0,22,0,4,1,55.0777597,3.079984811
PCO160220,28,16,0,0,0,22,0,4,1,56.98405944,3.415782887
PCO160220,29,16,0,0,0,22,0,4,1,58.38933037,5.078554797
PCO160220,30,16,0,0,0,22,0,4,1,58.76705507,1.946091298
PCO160220,31,16,0,0,0,22,0,4,1,58.95047582,6.732464398
PCO160220,32,16,0,0,0,22,0,4,1,57.48363641,4.746105382
PCO160220,33,16,0,0,0,22,0,4,1,57.79638249,4.508412673
PCO160220,34,16,0,0,0,22,0,4,1,57.55865273,3.26397703
PCO160220,35,16,0,0,0,22,0,4,1,55.0435996,1.027999455
PCO160220,36,16,0,0,0,22,0,4,1,53.61003987,1.903964628
PCO160220,37,16,0,0,0,22,0,4,1,52.57802225,4.840206934
PCO160220,38,16,0,0,0,22,0,4,1,50.86901445,3.352783428
PCO160220,39,16,0,0,0,22,0,4,1,49.13055771,3.492528309
PCO160220,40,16,0,0,0,22,0,4,1,46.52096601,4.119747051
PCO160220,41,16,0,0,0,22,0,4,1,43.91939832,1.93295739
PCO160220,42,16,0,0,0,22,0,4,1,40.62351764,2.139427477
PCO160220,43,16,0,0,0,22,0,4,1,37.68080209,0.545903199
PCO160220,44,16,0,0,0,22,0,4,1,34.77042656,1.290633728
PCO160220,45,16,0,0,0,22,0,4,1,32.34171196,1.516360178
PCO160220,46,16,0,0,0,22,0,4,1,28.9413362,1.32770738
PCO160220,47,16,0,0,0,22,0,4,1,25.89114976,0.741059427
PCO160220,48,16,0,0,0,22,0,4,1,22.86357231,0.584072766
PCO160220,49,16,0,0,0,22,0,4,1,19.85053131,0.749168554
PCO160220,50,16,0,0,0,22,0,4,1,17.4218072,0.604165271
PCO160220,51,16,0,0,0,22,0,4,1,14.64807335,0.340112935
PCO160220,52,16,0,0,0,22,0,4,1,12.39068976,0.299220603
PCO160220,53,16,0,0,0,22,0,4,1,10.78345968,0.177634854
PCO160220,54,16,0,0,0,22,0,4,1,8.93985091,0.140080553
PCO160220,55,16,0,0,0,22,0,4,1,7.509413761,0.168774893
PCO160220,56,16,0,0,0,22,0,4,1,5.927692525,0.161428628
PCO160220,57,16,0,0,0,22,0,4,1,4.725344661,0.048061332
PCO160220,58,16,0,0,0,22,0,4,1,3.85546265,0.043441578
PCO160220,59,16,0,0,0,22,0,4,1,3.055829903,0.021193697
PCO160220,60,16,0,0,0,22,0,4,1,2.367876818,0.035969654
PCO160220,61,16,0,0,0,22,0,4,1,1.828981793,0.031346076
PCO160220,62,16,0,0,0,22,0,4,1,1.358621029,0.023821731
PCO160220,63,16,0,0,0,22,0,4,1,1.116914852,0.017326161
PCO160220,64,16,0,0,0,22,0,4,1,0.810372539,0.011711368
PCO160220,65,16,0,0,0,22,0,4,1,0.610118887,0.007397555
PCO160220,66,16,0,0,0,22,0,4,1,0.437658198,0.006618011
PCO160220,67,16,0,0,0,22,0,4,1,0.376805925,0.003769217
PCO160220,68,16,0,0,0,22,0,4,1,0.258001216,0.00180674
PCO160220,69,16,0,0,0,22,0,4,1,0.175106413,0.004692693
PCO160220,70,16,0,0,0,22,0,4,1,0.116500819,5.22E-03
PCO16022313,10,16,0,0,0,22,3,13,1,1.239865791,0.011126897
PCO16022313,11,16,0,0,0,22,3,13,1,1.584942092,0.032932241
PCO16022313,12,16,0,0,0,22,3,13,1,2.102588024,0.030760512
PCO16022313,13,16,0,0,0,22,3,13,1,2.766173071,0.029528473
PCO16022313,14,16,0,0,0,22,3,13,1,3.777620599,0.066010916
PCO16022313,15,16,0,0,0,22,3,13,1,5.067713633,0.080806265
PCO16022313,16,16,0,0,0,22,3,13,1,7.262063073,0.071824085
PCO16022313,17,16,0,0,0,22,3,13,1,9.961453169,0.11681973
PCO16022313,18,16,0,0,0,22,3,13,1,13.41675934,0.199638091
PCO16022313,19,16,0,0,0,22,3,13,1,18.03241738,0.411058982
PCO16022313,20,16,0,0,0,22,3,13,1,22.91764013,0.44932681
PCO16022313,21,16,0,0,0,22,3,13,1,28.66143995,0.508339498
PCO16022313,22,16,0,0,0,22,3,13,1,34.46359085,0.526557087
PCO16022313,23,16,0,0,0,22,3,13,1,40.08585655,1.366539801
PCO16022313,24,16,0,0,0,22,3,13,1,45.00680212,1.272670821
PCO16022313,25,16,0,0,0,22,3,13,1,48.90805934,1.489726449
PCO16022313,26,16,0,0,0,22,3,13,1,52.87900482,1.403794531
PCO16022313,27,16,0,0,0,22,3,13,1,55.01471004,1.185778099
PCO16022313,28,16,0,0,0,22,3,13,1,56.12077119,1.342877031
PCO16022313,29,16,0,0,0,22,3,13,1,56.51729368,2.678271508
PCO16022313,30,16,0,0,0,22,3,13,1,56.26005285,1.229995828
PCO16022313,31,16,0,0,0,22,3,13,1,56.04042814,2.815716125
PCO16022313,32,16,0,0,0,22,3,13,1,54.87074624,1.352319169
PCO16022313,33,16,0,0,0,22,3,13,1,53.90558482,1.189069031
PCO16022313,34,16,0,0,0,22,3,13,1,50.71554442,1.852054314
PCO16022313,35,16,0,0,0,22,3,13,1,49.01741899,1.7432375
PCO16022313,36,16,0,0,0,22,3,13,1,46.93111283,0.808713317
PCO16022313,37,16,0,0,0,22,3,13,1,44.34927395,1.386146534
PCO16022313,38,16,0,0,0,22,3,13,1,40.78486451,8.760215279
PCO16022313,39,16,0,0,0,22,3,13,1,38.0903701,1.878211769
PCO16022313,40,16,0,0,0,22,3,13,1,35.32492115,1.461895546
PCO16022313,41,16,0,0,0,22,3,13,1,31.93361137,0.911048221
PCO16022313,42,16,0,0,0,22,3,13,1,28.47236523,0.433131945
PCO16022313,43,16,0,0,0,22,3,13,1,25.32620819,0.345428603
PCO16022313,44,16,0,0,0,22,3,13,1,22.51862217,0.476197409
PCO16022313,45,16,0,0,0,22,3,13,1,19.45581491,0.351358691
PCO16022313,46,16,0,0,0,22,3,13,1,16.80736857,0.527980708
PCO16022313,47,16,0,0,0,22,3,13,1,14.32941816,0.292063373
PCO16022313,48,16,0,0,0,22,3,13,1,12.16489399,0.231732864
PCO16022313,49,16,0,0,0,22,3,13,1,9.847311487,0.143779307
PCO16022313,50,16,0,0,0,22,3,13,1,8.364059395,0.10357407
PCO16022313,51,16,0,0,0,22,3,13,1,6.70296978,0.129200949
PCO16022313,52,16,0,0,0,22,3,13,1,5.381553802,0.078820068
PCO16022313,53,16,0,0,0,22,3,13,1,4.440249947,0.062257534
PCO16022313,54,16,0,0,0,22,3,13,1,3.373459654,0.039213432
PCO16022313,55,16,0,0,0,22,3,13,1,2.644265528,0.04597222
PCO16022313,56,16,0,0,0,22,3,13,1,2.09474286,0.030378552
PCO16022313,57,16,0,0,0,22,3,13,1,1.534500513,0.016345863
PCO16022313,58,16,0,0,0,22,3,13,1,1.219181367,0.021962313
PCO16022313,59,16,0,0,0,22,3,13,1,0.923442852,0.021468296
PCO16022313,60,16,0,0,0,22,3,13,1,0.681129108,0.013355665
PCO16022313,61,16,0,0,0,22,3,13,1,0.515733858,0.010156258
PCO16022313,62,16,0,0,0,22,3,13,1,0.36003524,0.010582548
PCO16022313,63,16,0,0,0,22,3,13,1,0.271423157,0.00260935
PCO16022313,64,16,0,0,0,22,3,13,1,0.190362304,0.005936865
PCO16022313,65,16,0,0,0,22,3,13,1,0.118834235,0.002962212
PCO16022313,66,16,0,0,0,22,3,13,1,0.084626121,0.004267423
PCO16022313,67,16,0,0,0,22,3,13,1,0.023942568,0.001127598
PCO16022313,68,16,0,0,0,22,3,13,1,0.007058443,0.000391276
PCO16022313,69,16,0,0,0,22,3,13,1,0.003182384,0.000162041
PCO1602247,10,16,0,0,0,22,4,7,1,1.290306415,0.023101875
PCO1602247,11,16,0,0,0,22,4,7,1,1.698774851,0.050255774
PCO1602247,12,16,0,0,0,22,4,7,1,2.171049779,0.016131816
PCO1602247,13,16,0,0,0,22,4,7,1,2.952799505,0.026268929
PCO1602247,14,16,0,0,0,22,4,7,1,4.087637547,0.112239914
PCO1602247,15,16,0,0,0,22,4,7,1,5.775403015,0.104297544
PCO1602247,16,16,0,0,0,22,4,7,1,7.91751733,0.068098228
PCO1602247,17,16,0,0,0,22,4,7,1,10.8577855,0.376469608
PCO1602247,18,16,0,0,0,22,4,7,1,14.92656443,0.344541855
PCO1602247,19,16,0,0,0,22,4,7,1,19.43445293,0.758646643
PCO1602247,20,16,0,0,0,22,4,7,1,24.82346383,0.76641363
PCO1602247,21,16,0,0,0,22,4,7,1,30.20780555,0.631465413
PCO1602247,22,16,0,0,0,22,4,7,1,35.29851438,0.409076047
PCO1602247,23,16,0,0,0,22,4,7,1,39.90153845,0.579941642
PCO1602247,24,16,0,0,0,22,4,7,1,43.6481265,1.2698834
PCO1602247,25,16,0,0,0,22,4,7,1,46.81052967,1.440343625
PCO1602247,26,16,0,0,0,22,4,7,1,48.01057851,1.090021359
PCO1602247,27,16,0,0,0,22,4,7,1,48.75980833,1.164731371
PCO1602247,28,16,0,0,0,22,4,7,1,47.62357947,1.172267488
PCO1602247,29,16,0,0,0,22,4,7,1,46.30335764,0.505322748
PCO1602247,30,16,0,0,0,22,4,7,1,44.61935837,1.172614755
PCO1602247,31,16,0,0,0,22,4,7,1,41.7731661,1.727553139
PCO1602247,32,16,0,0,0,22,4,7,1,39.31654722,0.663102429
PCO1602247,33,16,0,0,0,22,4,7,1,36.33001535,1.392925131
PCO1602247,34,16,0,0,0,22,4,7,1,33.14647778,0.735329219
PCO1602247,35,16,0,0,0,22,4,7,1,30.12060075,0.395906296
PCO1602247,36,16,0,0,0,22,4,7,1,27.07468803,0.263749779
PCO1602247,37,16,0,0,0,22,4,7,1,23.77186226,3.580106601
PCO1602247,38,16,0,0,0,22,4,7,1,20.78668959,4.662622068
PCO1602247,39,16,0,0,0,22,4,7,1,18.605504,0.50644226
PCO1602247,40,16,0,0,0,22,4,7,1,15.68005505,0.14665045
PCO1602247,41,16,0,0,0,22,4,7,1,13.55841551,0.320218156
PCO1602247,42,16,0,0,0,22,4,7,1,11.46214302,0.257622398
PCO1602247,43,16,0,0,0,22,4,7,1,9.674259304,0.264678194
PCO1602247,44,16,0,0,0,22,4,7,1,7.935316018,0.271467267
PCO1602247,45,16,0,0,0,22,4,7,1,6.432799217,0.155537986
PCO1602247,46,16,0,0,0,22,4,7,1,5.266726966,0.168650988
PCO1602247,47,16,0,0,0,22,4,7,1,4.319616973,0.081228969
PCO1602247,48,16,0,0,0,22,4,7,1,3.421040055,0.059607507
PCO1602247,49,16,0,0,0,22,4,7,1,2.671907843,0.032005378
PCO1602247,50,16,0,0,0,22,4,7,1,2.070012156,0.034012794
PCO1602247,51,16,0,0,0,22,4,7,1,1.640667438,0.040278191
PCO1602247,52,16,0,0,0,22,4,7,1,1.270431415,0.021534383
PCO1602247,53,16,0,0,0,22,4,7,1,0.935508753,0.017917831
PCO1602247,54,16,0,0,0,22,4,7,1,0.702136442,0.013276868
PCO1602247,55,16,0,0,0,22,4,7,1,0.498603329,0.00498828
PCO1602247,56,16,0,0,0,22,4,7,1,0.409898165,0.006049657
PCO1602247,57,16,0,0,0,22,4,7,1,0.280869068,0.009670186
PCO1602247,58,16,0,0,0,22,4,7,1,0.188256291,0.004607892
PCO1602247,59,16,0,0,0,22,4,7,1,0.119132251,0.005253698
PCO1602247,60,16,0,0,0,22,4,7,1,0.066086411,0.000944012
PCO1602247,61,16,0,0,0,22,4,7,1,0.046941252,0.003654381
PCO1602247,62,16,0,0,0,22,4,7,1,0.011024286,0.000521198
PCO1602247,63,16,0,0,0,22,4,7,1,0.003223553,0.000155869
PCO1602254,10,16,0,0,0,22,5,4,1,0.993423387,0.030960947
PCO1602254,11,16,0,0,0,22,5,4,1,1.6870179,0.18045028
PCO1602254,12,16,0,0,0,22,5,4,1,2.3284416,0.17768878
PCO1602254,13,16,0,0,0,22,5,4,1,3.2859066,0.21777834
PCO1602254,14,16,0,0,0,22,5,4,1,4.7133255,0.27066097
PCO1602254,15,16,0,0,0,22,5,4,1,6.7872286,0.2538104
PCO1602254,16,16,0,0,0,22,5,4,1,9.5165,0.31163588
PCO1602254,17,16,0,0,0,22,5,4,1,12.761814,0.28914893
PCO1602254,18,16,0,0,0,22,5,4,1,16.634762,0.40313694
PCO1602254,19,16,0,0,0,22,5,4,1,21.065834,0.68360555
PCO1602254,20,16,0,0,0,22,5,4,1,25.186161,0.71630037
PCO1602254,21,16,0,0,0,22,5,4,1,28.455488,0.44225264
PCO1602254,22,16,0,0,0,22,5,4,1,31.096334,0.47018498
PCO1602254,23,16,0,0,0,22,5,4,1,32.767292,0.7292261
PCO1602254,24,16,0,0,0,22,5,4,1,33.189793,0.6784397
PCO1602254,25,16,0,0,0,22,5,4,1,32.717564,0.502601
PCO1602254,26,16,0,0,0,22,5,4,1,31.323074,0.620848
PCO1602254,27,16,0,0,0,22,5,4,1,29.103252,0.71298254
PCO1602254,28,16,0,0,0,22,5,4,1,26.467052,0.49570206
PCO1602254,29,16,0,0,0,22,5,4,1,23.706055,0.6109332
PCO1602254,30,16,0,0,0,22,5,4,1,20.915573,0.49327165
PCO1602254,31,16,0,0,0,22,5,4,1,18.090582,0.34805176
PCO1602254,32,16,0,0,0,22,5,4,1,15.574627,0.40585047
PCO1602254,33,16,0,0,0,22,5,4,1,13.425919,0.44284523
PCO1602254,34,16,0,0,0,22,5,4,1,11.434334,0.3222417
PCO1602254,35,16,0,0,0,22,5,4,1,9.587267,0.28797
PCO1602254,36,16,0,0,0,22,5,4,1,7.8481827,0.31596926
PCO1602254,37,16,0,0,0,22,5,4,1,6.344754,0.337656
PCO1602254,38,16,0,0,0,22,5,4,1,5.1459045,0.19433846
PCO1602254,39,16,0,0,0,22,5,4,1,4.1330748,0.2235266
PCO1602254,40,16,0,0,0,22,5,4,1,3.320243,0.20647648
PCO1602254,41,16,0,0,0,22,5,4,1,2.6457043,0.12987502
PCO1602254,42,16,0,0,0,22,5,4,1,2.065445,0.14623976
PCO1602254,43,16,0,0,0,22,5,4,1,1.6018515,0.14963324
PCO1602254,44,16,0,0,0,22,5,4,1,1.2052985,0.15545243
PCO1602254,45,16,0,0,0,22,5,4,1,0.9049503,0.14175184
PCO1602254,46,16,0,0,0,22,5,4,1,0.6648405,0.10077942
PCO1602254,47,16,0,0,0,22,5,4,1,0.46357977,0.08673791
PCO1602254,48,16,0,0,0,22,5,4,1,0.3080323,0.08750334
PCO1602254,49,16,0,0,0,22,5,4,1,0.17195089,0.063244514
PCO1602254,50,16,0,0,0,22,5,4,1,0.08088032,0.05294245
PCO1602254,51,16,0,0,0,22,5,4,1,0.03188745,0.036281694
PCO1602264,10,16,0,0,0,22,6,4,1,0.812075453,0.02677677
PCO1602264,11,16,0,0,0,22,6,4,1,1.191516698,0.029254859
PCO1602264,12,16,0,0,0,22,6,4,1,1.606009557,0.022462884
PCO1602264,13,16,0,0,0,22,6,4,1,2.437315634,0.034685419
PCO1602264,14,16,0,0,0,22,6,4,1,3.529911055,0.062417422
PCO1602264,15,16,0,0,0,22,6,4,1,5.235340333,0.116688356
PCO1602264,16,16,0,0,0,22,6,4,1,7.53553854,0.102690569
PCO1602264,17,16,0,0,0,22,6,4,1,10.14976711,0.137252736
PCO1602264,18,16,0,0,0,22,6,4,1,13.22099471,0.342736731
PCO1602264,19,16,0,0,0,22,6,4,1,16.59683603,0.433339231
PCO1602264,20,16,0,0,0,22,6,4,1,19.40420292,0.599501396
PCO1602264,21,16,0,0,0,22,6,4,1,22.46370964,0.572553646
PCO1602264,22,16,0,0,0,22,6,4,1,23.99374115,0.385806657
PCO1602264,23,16,0,0,0,22,6,4,1,25.02093979,0.849384342
PCO1602264,24,16,0,0,0,22,6,4,1,24.90479098,0.799210521
PCO1602264,25,16,0,0,0,22,6,4,1,23.77241569,0.928647345
PCO1602264,26,16,0,0,0,22,6,4,1,21.67069508,0.692759235
PCO1602264,27,16,0,0,0,22,6,4,1,19.21805764,0.681979704
PCO1602264,28,16,0,0,0,22,6,4,1,16.60227781,0.168777298
PCO1602264,29,16,0,0,0,22,6,4,1,14.44798541,0.548278185
PCO1602264,30,16,0,0,0,22,6,4,1,11.99717754,0.416233071
PCO1602264,31,16,0,0,0,22,6,4,1,9.830193628,0.090928905
PCO1602264,32,16,0,0,0,22,6,4,1,7.984728448,0.207397614
PCO1602264,33,16,0,0,0,22,6,4,1,6.31748788,0.081737223
PCO1602264,34,16,0,0,0,22,6,4,1,5.014436635,0.14218101
PCO1602264,35,16,0,0,0,22,6,4,1,3.851853072,0.083523572
PCO1602264,36,16,0,0,0,22,6,4,1,2.945412579,0.034471843
PCO1602264,37,16,0,0,0,22,6,4,1,2.294270916,0.030392458
PCO1602264,38,16,0,0,0,22,6,4,1,1.779259122,0.033301594
PCO1602264,39,16,0,0,0,22,6,4,1,1.336025714,0.022528925
PCO1602264,40,16,0,0,0,22,6,4,1,0.911635748,0.016542371
PCO1602264,41,16,0,0,0,22,6,4,1,0.724695396,0.017056889
PCO1602264,42,16,0,0,0,22,6,4,1,0.511635545,0.015543939
PCO1602264,43,16,0,0,0,22,6,4,1,0.353250844,0.009184728
PCO1602264,44,16,0,0,0,22,6,4,1,0.259505762,0.002680844
PCO1602264,45,16,0,0,0,22,6,4,1,0.161188539,0.004451241
PCO1602264,46,16,0,0,0,22,6,4,1,0.114224605,0.004714483
PCO1602264,47,16,0,0,0,22,6,4,1,0.035825792,0.002390874
PCO1602264,48,16,0,0,0,22,6,4,1,0.006180452,0.000316968
PCO160240,10,16,0,0,0,24,0,0,1,0.961395438,0.021770851
PCO160240,11,16,0,0,0,24,0,0,1,1.190341818,0.036594902
PCO160240,12,16,0,0,0,24,0,0,1,1.555959571,0.021703271
PCO160240,13,16,0,0,0,24,0,0,1,1.979217865,0.011685039
PCO160240,14,16,0,0,0,24,0,0,1,2.590548715,0.053054032
PCO160240,15,16,0,0,0,24,0,0,1,3.599123606,0.07642863
PCO160240,16,16,0,0,0,24,0,0,1,4.789723451,0.331581873
PCO160240,17,16,0,0,0,24,0,0,1,6.778899742,0.249671433
PCO160240,18,16,0,0,0,24,0,0,1,9.173897251,0.240974693
PCO160240,19,16,0,0,0,24,0,0,1,12.546788,0.3534692
PCO160240,20,16,0,0,0,24,0,0,1,16.62089393,1.451860302
PCO160240,21,16,0,0,0,24,0,0,1,21.88728722,1.632656014
PCO160240,22,16,0,0,0,24,0,0,1,26.83772852,3.517245511
PCO160240,23,16,0,0,0,24,0,0,1,33.02090413,4.70778238
PCO160240,24,16,0,0,0,24,0,0,1,38.49823154,17.04842308
PCO160240,25,16,0,0,0,24,0,0,1,45.00760437,14.16630896
PCO160240,26,16,0,0,0,24,0,0,1,49.68714242,31.89257066
PCO160240,27,16,0,0,0,24,0,0,1,52.3793968,30.49768845
PCO160240,28,16,0,0,0,24,0,0,1,53.19915289,32.26733907
PCO160240,29,16,0,0,0,24,0,0,1,55.69236732,38.39691162
PCO160240,30,16,0,0,0,24,0,0,1,57.13584542,19.55582175
PCO160240,31,16,0,0,0,24,0,0,1,59.43272454,26.00554873
PCO160240,32,16,0,0,0,24,0,0,1,57.30759973,9.252919937
PCO160240,33,16,0,0,0,24,0,0,1,58.6592397,25.62077507
PCO160240,34,16,0,0,0,24,0,0,1,56.26733616,25.31893247
PCO160240,35,16,0,0,0,24,0,0,1,56.11119048,25.21909661
PCO160240,36,16,0,0,0,24,0,0,1,55.00747933,27.18309034
PCO160240,37,16,0,0,0,24,0,0,1,52.30678421,17.12236579
PCO160240,38,16,0,0,0,24,0,0,1,51.34609128,13.89471204
PCO160240,39,16,0,0,0,24,0,0,1,47.88843351,9.871389597
PCO160240,40,16,0,0,0,24,0,0,1,45.24455073,28.42979925
PCO160240,41,16,0,0,0,24,0,0,1,43.47267474,17.07787142
PCO160240,42,16,0,0,0,24,0,0,1,39.33105437,12.49326009
PCO160240,43,16,0,0,0,24,0,0,1,36.6760887,11.2623907
PCO160240,44,16,0,0,0,24,0,0,1,33.38195374,10.32335276
PCO160240,45,16,0,0,0,24,0,0,1,30.14196627,9.33764616
PCO160240,46,16,0,0,0,24,0,0,1,27.38282604,8.044654126
PCO160240,47,16,0,0,0,24,0,0,1,24.4236618,5.189583484
PCO160240,48,16,0,0,0,24,0,0,1,21.38401851,5.604837671
PCO160240,49,16,0,0,0,24,0,0,1,18.60846243,3.613456585
PCO160240,50,16,0,0,0,24,0,0,1,16.13203199,2.780986581
PCO160240,51,16,0,0,0,24,0,0,1,13.24692285,2.40570722
PCO160240,52,16,0,0,0,24,0,0,1,11.41304672,1.211734422
PCO160240,53,16,0,0,0,24,0,0,1,9.485925848,1.226164778
PCO160240,54,16,0,0,0,24,0,0,1,7.489226213,0.939390093
PCO160240,55,16,0,0,0,24,0,0,1,6.304651862,0.447058653
PCO160240,56,16,0,0,0,24,0,0,1,5.070098259,0.344238028
PCO160240,57,16,0,0,0,24,0,0,1,3.94204985,0.35683047
PCO160240,58,16,0,0,0,24,0,0,1,3.028732738,0.134368196
PCO160240,59,16,0,0,0,24,0,0,1,2.344102611,0.141673486
PCO160240,60,16,0,0,0,24,0,0,1,1.757897371,0.052367135
PCO160240,61,16,0,0,0,24,0,0,1,1.335658349,0.047230792
PCO160240,62,16,0,0,0,24,0,0,1,1.019276637,0.040996748
PCO160240,63,16,0,0,0,24,0,0,1,0.777989608,0.023484286
PCO160240,64,16,0,0,0,24,0,0,1,0.581407233,0.012793316
PCO160240,65,16,0,0,0,24,0,0,1,0.407161536,0.007090676
PCO160240,66,16,0,0,0,24,0,0,1,0.304703525,0.003162919
PCO160240,67,16,0,0,0,24,0,0,1,0.193283403,0.007281166
PCO160240,68,16,0,0,0,24,0,0,1,0.14563989,0.007302354
PCO160240,69,16,0,0,0,24,0,0,1,0.083971725,0.002732587
PCO160240,70,16,0,0,0,24,0,0,1,0.041604284,0.002684115
PCO1602459,10,16,0,0,0,24,5,9,1,2.237641523,0.034760814
PCO1602459,11,16,0,0,0,24,5,9,1,2.465083998,0.006788031
PCO1602459,12,16,0,0,0,24,5,9,1,2.96605185,0.049275115
PCO1602459,13,16,0,0,0,24,5,9,1,3.525817146,0.048523764
PCO1602459,14,16,0,0,0,24,5,9,1,4.366957276,0.030165465
PCO1602459,15,16,0,0,0,24,5,9,1,5.523427995,0.060118686
PCO1602459,16,16,0,0,0,24,5,9,1,7.10186593,0.131533908
PCO1602459,17,16,0,0,0,24,5,9,1,9.528573489,0.117673937
PCO1602459,18,16,0,0,0,24,5,9,1,12.46308896,0.163692521
PCO1602459,19,16,0,0,0,24,5,9,1,16.26903367,0.445934345
PCO1602459,20,16,0,0,0,24,5,9,1,20.68332302,0.899182711
PCO1602459,21,16,0,0,0,24,5,9,1,25.70364846,0.165185979
PCO1602459,22,16,0,0,0,24,5,9,1,30.64090174,0.381057464
PCO1602459,23,16,0,0,0,24,5,9,1,36.00788991,1.263470217
PCO1602459,24,16,0,0,0,24,5,9,1,39.96910786,1.33947158
PCO1602459,25,16,0,0,0,24,5,9,1,43.57810329,2.007526453
PCO1602459,26,16,0,0,0,24,5,9,1,45.56314217,1.136278863
PCO1602459,27,16,0,0,0,24,5,9,1,46.02467625,0.493252015
PCO1602459,28,16,0,0,0,24,5,9,1,45.54038055,1.433626863
PCO1602459,29,16,0,0,0,24,5,9,1,45.26239019,1.464912403
PCO1602459,30,16,0,0,0,24,5,9,1,42.50226014,2.021497527
PCO1602459,31,16,0,0,0,24,5,9,1,39.68322046,0.539955228
PCO1602459,32,16,0,0,0,24,5,9,1,36.90827848,1.672169357
PCO1602459,33,16,0,0,0,24,5,9,1,32.93717766,0.75057985
PCO1602459,34,16,0,0,0,24,5,9,1,30.05380735,0.996292393
PCO1602459,35,16,0,0,0,24,5,9,1,26.78280003,0.525619279
PCO1602459,36,16,0,0,0,24,5,9,1,23.07118862,0.855432397
PCO1602459,37,16,0,0,0,24,5,9,1,20.09312395,0.422467944
PCO1602459,38,16,0,0,0,24,5,9,1,17.03411304,0.413412309
PCO1602459,39,16,0,0,0,24,5,9,1,14.3802669,0.132130728
PCO1602459,40,16,0,0,0,24,5,9,1,11.92369854,0.180536217
PCO1602459,41,16,0,0,0,24,5,9,1,10.07264009,0.118230219
PCO1602459,42,16,0,0,0,24,5,9,1,8.050614367,0.06421051
PCO1602459,43,16,0,0,0,24,5,9,1,6.516747524,0.133574428
PCO1602459,44,16,0,0,0,24,5,9,1,5.267299291,0.160216953
PCO1602459,45,16,0,0,0,24,5,9,1,4.09074584,0.084408187
PCO1602459,46,16,0,0,0,24,5,9,1,3.288147983,0.007713702
PCO1602459,47,16,0,0,0,24,5,9,1,2.402306015,0.038270845
PCO1602459,48,16,0,0,0,24,5,9,1,1.828725567,0.02000343
PCO1602459,49,16,0,0,0,24,5,9,1,1.392493829,0.018137109
PCO1602459,50,16,0,0,0,24,5,9,1,1.099811617,0.009600149
PCO1602459,51,16,0,0,0,24,5,9,1,0.788508804,0.009293124
PCO1602459,52,16,0,0,0,24,5,9,1,0.511784412,0.003158043
PCO1602459,53,16,0,0,0,24,5,9,1,0.454215297,0.009583845
PCO1602459,54,16,0,0,0,24,5,9,1,0.264133378,0.003251413
PCO1602459,55,16,0,0,0,24,5,9,1,0.184960713,0.005066144
PCO1602459,56,16,0,0,0,24,5,9,1,0.154211637,0.006458823
PCO1602459,57,16,0,0,0,24,5,9,1,0.056004262,0.003045912
PCO1602459,58,16,0,0,0,24,5,9,1,0.046576045,0.002277562
PCO1602459,59,16,0,0,0,24,5,9,1,0.014119491,0.000469907
PCO1602459,60,16,0,0,0,24,5,9,1,0.014391972,0.000822125
PCO1602466,10,16,0,0,0,24,6,6,1,0.778894359,0.01025142
PCO1602466,11,16,0,0,0,24,6,6,1,0.990210163,0.009835842
PCO1602466,12,16,0,0,0,24,6,6,1,1.28422167,0.025115401
PCO1602466,13,16,0,0,0,24,6,6,1,1.807746963,0.049665458
PCO1602466,14,16,0,0,0,24,6,6,1,2.611149622,0.030980327
PCO1602466,15,16,0,0,0,24,6,6,1,3.80443931,0.063766337
PCO1602466,16,16,0,0,0,24,6,6,1,5.339916019,0.11735484
PCO1602466,17,16,0,0,0,24,6,6,1,7.570593037,0.104253899
PCO1602466,18,16,0,0,0,24,6,6,1,10.46467301,0.338167622
PCO1602466,19,16,0,0,0,24,6,6,1,13.97665761,0.285250849
PCO1602466,20,16,0,0,0,24,6,6,1,17.6589523,0.575913344
PCO1602466,21,16,0,0,0,24,6,6,1,22.07590268,0.862541702
PCO1602466,22,16,0,0,0,24,6,6,1,25.6346143,1.142952403
PCO1602466,23,16,0,0,0,24,6,6,1,28.61234326,0.919036216
PCO1602466,24,16,0,0,0,24,6,6,1,30.94624342,1.447332847
PCO1602466,25,16,0,0,0,24,6,6,1,32.06183741,2.020778582
PCO1602466,26,16,0,0,0,24,6,6,1,32.13347692,2.811029465
PCO1602466,27,16,0,0,0,24,6,6,1,30.56911168,3.613016736
PCO1602466,28,16,0,0,0,24,6,6,1,29.1653099,3.527440437
PCO1602466,29,16,0,0,0,24,6,6,1,26.46760812,2.215080135
PCO1602466,30,16,0,0,0,24,6,6,1,23.32633527,1.88366744
PCO1602466,31,16,0,0,0,24,6,6,1,20.52884983,2.111269958
PCO1602466,32,16,0,0,0,24,6,6,1,17.2531297,1.174829141
PCO1602466,33,16,0,0,0,24,6,6,1,14.71587659,1.316422421
PCO1602466,34,16,0,0,0,24,6,6,1,12.16976231,0.808908024
PCO1602466,35,16,0,0,0,24,6,6,1,10.0051399,0.432234276
PCO1602466,36,16,0,0,0,24,6,6,1,7.949065633,0.527156532
PCO1602466,37,16,0,0,0,24,6,6,1,6.386629964,0.268625155
PCO1602466,38,16,0,0,0,24,6,6,1,5.040793907,0.266855661
PCO1602466,39,16,0,0,0,24,6,6,1,3.878519215,0.108344931
PCO1602466,40,16,0,0,0,24,6,6,1,2.999993184,0.064874122
PCO1602466,41,16,0,0,0,24,6,6,1,2.256043143,0.049996902
PCO1602466,42,16,0,0,0,24,6,6,1,1.807870192,0.009393208
PCO1602466,43,16,0,0,0,24,6,6,1,1.276902424,0.020456718
PCO1602466,44,16,0,0,0,24,6,6,1,0.908495863,0.017771101
PCO1602466,45,16,0,0,0,24,6,6,1,0.668340997,0.005523138
PCO1602466,46,16,0,0,0,24,6,6,1,0.470031559,0.011105078
PCO1602466,47,16,0,0,0,24,6,6,1,0.35373967,0.004946346
PCO1602466,48,16,0,0,0,24,6,6,1,0.236608176,0.003183672
PCO1602466,49,16,0,0,0,24,6,6,1,0.165601629,0.003687894
PCO1602466,50,16,0,0,0,24,6,6,1,0.097484047,0.002479151
PCO1602466,51,16,0,0,0,24,6,6,1,0.057866652,0.002286718
PCO1602466,52,16,0,0,0,24,6,6,1,0.011013928,0.000379842
PCO1602466,53,16,0,0,0,24,6,6,1,0.002166657,7.04E-05
PCO1811819,10,16,0,0,0,18,1,9,1,1.186930444,0.023845865
PCO1811819,11,16,0,0,0,18,1,9,1,1.401321496,0.035630516
PCO1811819,12,16,0,0,0,18,1,9,1,1.896509957,0.050089607
PCO1811819,13,16,0,0,0,18,1,9,1,2.490059865,0.04876043
PCO1811819,14,16,0,0,0,18,1,9,1,3.307317002,0.0465952
PCO1811819,15,16,0,0,0,18,1,9,1,4.541815466,0.098727813
PCO1811819,16,16,0,0,0,18,1,9,1,6.450458075,0.121498841
PCO1811819,17,16,0,0,0,18,1,9,1,8.896618025,0.1791468
PCO1811819,18,16,0,0,0,18,1,9,1,12.15435213,0.441041952
PCO1811819,19,16,0,0,0,18,1,9,1,16.08516395,1.573026287
PCO1811819,20,16,0,0,0,18,1,9,1,20.94313898,0.974591138
PCO1811819,21,16,0,0,0,18,1,9,1,26.04857453,1.192124311
PCO1811819,22,16,0,0,0,18,1,9,1,31.57165479,1.753374786
PCO1811819,23,16,0,0,0,18,1,9,1,36.9333926,2.126714626
PCO1811819,24,16,0,0,0,18,1,9,1,42.40658188,1.890383203
PCO1811819,25,16,0,0,0,18,1,9,1,46.55548931,2.226126061
PCO1811819,26,16,0,0,0,18,1,9,1,50.1205326,2.357000607
PCO1811819,27,16,0,0,0,18,1,9,1,52.0342468,4.877154889
PCO1811819,28,16,0,0,0,18,1,9,1,54.63080639,6.535584779
PCO1811819,29,16,0,0,0,18,1,9,1,55.16097446,5.575013014
PCO1811819,30,16,0,0,0,18,1,9,1,54.8557702,5.092025237
PCO1811819,31,16,0,0,0,18,1,9,1,54.70206116,1.956317284
PCO1811819,32,16,0,0,0,18,1,9,1,54.10605912,5.626939322
PCO1811819,33,16,0,0,0,18,1,9,1,52.17749309,2.5007588
PCO1811819,34,16,0,0,0,18,1,9,1,50.99096891,5.380385107
PCO1811819,35,16,0,0,0,18,1,9,1,49.52933202,5.255347025
PCO1811819,36,16,0,0,0,18,1,9,1,48.6287796,2.339202648
PCO1811819,37,16,0,0,0,18,1,9,1,46.26394763,4.083273776
PCO1811819,38,16,0,0,0,18,1,9,1,44.42948093,3.138437257
PCO1811819,39,16,0,0,0,18,1,9,1,43.19831753,17.53785783
PCO1811819,40,16,0,0,0,18,1,9,1,40.7573938,4.834614687
PCO1811819,41,16,0,0,0,18,1,9,1,38.80771579,3.249361649
PCO1811819,42,16,0,0,0,18,1,9,1,36.32296857,5.194889158
PCO1811819,43,16,0,0,0,18,1,9,1,33.2279048,2.785543261
PCO1811819,44,16,0,0,0,18,1,9,1,30.59077206,1.276657883
PCO1811819,45,16,0,0,0,18,1,9,1,27.84218248,2.130044901
PCO1811819,46,16,0,0,0,18,1,9,1,25.11314106,1.586779812
PCO1811819,47,16,0,0,0,18,1,9,1,22.67792238,1.118404799
PCO1811819,48,16,0,0,0,18,1,9,1,20.34510293,1.140349398
PCO1811819,49,16,0,0,0,18,1,9,1,17.99070487,0.812871993
PCO1811819,50,16,0,0,0,18,1,9,1,15.92583863,0.563597477
PCO1811819,51,16,0,0,0,18,1,9,1,13.75045972,0.290722125
PCO1811819,52,16,0,0,0,18,1,9,1,11.70001517,0.325108076
PCO1811819,53,16,0,0,0,18,1,9,1,10.14291897,0.290223019
PCO1811819,54,16,0,0,0,18,1,9,1,8.816047133,0.24843463
PCO1811819,55,16,0,0,0,18,1,9,1,7.179045407,0.186335709
PCO1811819,56,16,0,0,0,18,1,9,1,5.984912893,0.165778271
PCO1811819,57,16,0,0,0,18,1,9,1,5.03970681,0.124492896
PCO1811819,58,16,0,0,0,18,1,9,1,4.277724399,0.091524841
PCO1811819,59,16,0,0,0,18,1,9,1,3.458058385,0.058746278
PCO1811819,60,16,0,0,0,18,1,9,1,2.67667651,0.048485221
PCO1811819,61,16,0,0,0,18,1,9,1,2.279418863,0.022137007
PCO1811819,62,16,0,0,0,18,1,9,1,1.759605286,0.012562943
PCO1811819,63,16,0,0,0,18,1,9,1,1.412830185,0.020632868
PCO1811819,64,16,0,0,0,18,1,9,1,1.103017918,0.010567497
PCO1811819,65,16,0,0,0,18,1,9,1,0.873256746,0.026915472
PCO1811819,66,16,0,0,0,18,1,9,1,0.708831148,0.01857072
PCO1811819,67,16,0,0,0,18,1,9,1,0.538053668,0.010709246
PCO1811819,68,16,0,0,0,18,1,9,1,0.429469259,0.009170108
PCO1811819,69,16,0,0,0,18,1,9,1,0.307571118,0.002942457
PCO1811819,70,16,0,0,0,18,1,9,1,0.230795099,0.004036458
PCO16032614,10,16,0,0,0,32,6,14,1,1.585613351,0.073814738
PCO16032614,11,16,0,0,0,32,6,14,1,1.924910478,0.061634609
PCO16032614,12,16,0,0,0,32,6,14,1,2.150756795,0.086690571
PCO16032614,13,16,0,0,0,32,6,14,1,2.55946438,0.05387472
PCO16032614,14,16,0,0,0,32,6,14,1,3.426900588,0.04107802
PCO16032614,15,16,0,0,0,32,6,14,1,4.112135471,0.306450094
PCO16032614,16,16,0,0,0,32,6,14,1,5.817347251,0.269174712
PCO16032614,17,16,0,0,0,32,6,14,1,7.519146175,0.385405995
PCO16032614,18,16,0,0,0,32,6,14,1,10.49102498,0.422015847
PCO16032614,19,16,0,0,0,32,6,14,1,13.93401011,0.721909193
PCO16032614,20,16,0,0,0,32,6,14,1,19.15951051,1.021089931
PCO16032614,21,16,0,0,0,32,6,14,1,24.46150541,1.94526601
PCO16032614,22,16,0,0,0,32,6,14,1,30.40986217,1.655161232
PCO16032614,23,16,0,0,0,32,6,14,1,36.3155937,2.557221164
PCO16032614,24,16,0,0,0,32,6,14,1,41.09351397,2.093380813
PCO16032614,25,16,0,0,0,32,6,14,1,46.28297102,1.498867228
PCO16032614,26,16,0,0,0,32,6,14,1,50.10099069,3.710899296
PCO16032614,27,16,0,0,0,32,6,14,1,52.71879258,1.160903098
PCO16032614,28,16,0,0,0,32,6,14,1,53.15259906,8.302082646
PCO16032614,29,16,0,0,0,32,6,14,1,52.19289196,5.25723231
PCO16032614,30,16,0,0,0,32,6,14,1,50.59958499,4.170193996
PCO16032614,31,16,0,0,0,32,6,14,1,46.31301768,1.274363439
PCO16032614,32,16,0,0,0,32,6,14,1,43.46026994,6.182633158
PCO16032614,33,16,0,0,0,32,6,14,1,40.56235173,1.022115598
PCO16032614,34,16,0,0,0,32,6,14,1,35.60273452,0.955399112
PCO16032614,35,16,0,0,0,32,6,14,1,32.04139065,1.697802559
PCO16032614,36,16,0,0,0,32,6,14,1,27.46113742,0.778201396
PCO16032614,37,16,0,0,0,32,6,14,1,23.90050613,2.667024049
PCO16032614,38,16,0,0,0,32,6,14,1,19.88546091,2.271161687
PCO16032614,39,16,0,0,0,32,6,14,1,16.35697671,1.364143934
PCO16032614,40,16,0,0,0,32,6,14,1,13.01538877,0.094430292
PCO16032614,41,16,0,0,0,32,6,14,1,9.942195481,0.190413195
PCO16032614,42,16,0,0,0,32,6,14,1,8.167376752,0.439916142
PCO16032614,43,16,0,0,0,32,6,14,1,6.461850075,0.327271385
PCO16032614,44,16,0,0,0,32,6,14,1,4.865329695,0.331525515
PCO16032614,45,16,0,0,0,32,6,14,1,3.704674599,0.117187171
PCO16032614,46,16,0,0,0,32,6,14,1,2.420745791,0.077355434
PCO16032614,47,16,0,0,0,32,6,14,1,1.616535671,0.121420277
PCO16032614,48,16,0,0,0,32,6,14,1,1.207689075,0.064514067
PCO16032614,49,16,0,0,0,32,6,14,1,0.83611181,0.064957819
PCO16032614,50,16,0,0,0,32,6,14,1,0.447675358,0.088000493
PCO16032614,51,16,0,0,0,32,6,14,1,0.284589491,0.054720979
PCO16032614,52,16,0,0,0,32,6,14,1,0.068334597,0.010774575
PCO16032614,53,16,0,0,0,32,6,14,1,0.040894353,0.00705823
PCO1601637,10,16,0,0,0,16,3,7,1,1.355620227,0.011700593
PCO1601637,11,16,0,0,0,16,3,7,1,1.792376445,0.03900374
PCO1601637,12,16,0,0,0,16,3,7,1,2.215622118,0.028823713
PCO1601637,13,16,0,0,0,16,3,7,1,3.098539645,0.050746451
PCO1601637,14,16,0,0,0,16,3,7,1,4.0485029,0.086034863
PCO1601637,15,16,0,0,0,16,3,7,1,5.481550991,0.088153138
PCO1601637,16,16,0,0,0,16,3,7,1,7.2876522,0.104826507
PCO1601637,17,16,0,0,0,16,3,7,1,10.03209355,0.127752917
PCO1601637,18,16,0,0,0,16,3,7,1,13.11360682,0.264834017
PCO1601637,19,16,0,0,0,16,3,7,1,17.23839036,0.617176778
PCO1601637,20,16,0,0,0,16,3,7,1,21.63258364,0.252739721
PCO1601637,21,16,0,0,0,16,3,7,1,26.22036109,0.205312846
PCO1601637,22,16,0,0,0,16,3,7,1,30.87779191,0.320412906
PCO1601637,23,16,0,0,0,16,3,7,1,35.28556336,1.374986352
PCO1601637,24,16,0,0,0,16,3,7,1,39.17642655,1.31317444
PCO1601637,25,16,0,0,0,16,3,7,1,41.95491809,0.429212516
PCO1601637,26,16,0,0,0,16,3,7,1,43.01492655,1.480625772
PCO1601637,27,16,0,0,0,16,3,7,1,44.68385127,0.840470217
PCO1601637,28,16,0,0,0,16,3,7,1,44.79782882,1.590616187
PCO1601637,29,16,0,0,0,16,3,7,1,44.22150991,1.243110488
PCO1601637,30,16,0,0,0,16,3,7,1,42.83872045,1.153252531
PCO1601637,31,16,0,0,0,16,3,7,1,41.30722045,1.420941834
PCO1601637,32,16,0,0,0,16,3,7,1,39.92567218,2.267382395
PCO1601637,33,16,0,0,0,16,3,7,1,37.06981645,0.731566761
PCO1601637,34,16,0,0,0,16,3,7,1,34.57299627,0.617581831
PCO1601637,35,16,0,0,0,16,3,7,1,32.78739336,1.374895409
PCO1601637,36,16,0,0,0,16,3,7,1,29.59305536,0.880097528
PCO1601637,37,16,0,0,0,16,3,7,1,27.41902336,0.619138501
PCO1601637,38,16,0,0,0,16,3,7,1,25.00470273,0.94205542
PCO1601637,39,16,0,0,0,16,3,7,1,22.66195673,0.697797868
PCO1601637,40,16,0,0,0,16,3,7,1,20.35425173,0.402825488
PCO1601637,41,16,0,0,0,16,3,7,1,17.90970091,0.328417546
PCO1601637,42,16,0,0,0,16,3,7,1,15.91083864,0.132855994
PCO1601637,43,16,0,0,0,16,3,7,1,14.05135314,0.386610816
PCO1601637,44,16,0,0,0,16,3,7,1,12.22648568,0.131992797
PCO1601637,45,16,0,0,0,16,3,7,1,10.64584968,0.170449514
PCO1601637,46,16,0,0,0,16,3,7,1,9.227535455,0.171557721
PCO1601637,47,16,0,0,0,16,3,7,1,7.936636336,0.127836458
PCO1601637,48,16,0,0,0,16,3,7,1,6.738901209,0.118861947
PCO1601637,49,16,0,0,0,16,3,7,1,5.694699155,0.108281421
PCO1601637,50,16,0,0,0,16,3,7,1,4.856825409,0.082728623
PCO1601637,51,16,0,0,0,16,3,7,1,3.935052682,0.078816778
PCO1601637,52,16,0,0,0,16,3,7,1,3.219637509,0.043770763
PCO1601637,53,16,0,0,0,16,3,7,1,2.718849536,0.044862523
PCO1601637,54,16,0,0,0,16,3,7,1,2.200339645,0.025191569
PCO1601637,55,16,0,0,0,16,3,7,1,1.777778373,0.031973211
PCO1601637,56,16,0,0,0,16,3,7,1,1.441054227,0.027283497
PCO1601637,57,16,0,0,0,16,3,7,1,1.151015082,0.011351664
PCO1601637,58,16,0,0,0,16,3,7,1,0.950905715,0.00605769
PCO1601637,59,16,0,0,0,16,3,7,1,0.718874131,0.012856804
PCO1601637,60,16,0,0,0,16,3,7,1,0.624985062,0.015377743
PCO1601637,61,16,0,0,0,16,3,7,1,0.454762035,0.002315254
PCO1601637,62,16,0,0,0,16,3,7,1,0.433826072,0.003938074
PCO1601637,63,16,0,0,0,16,3,7,1,0.328470385,0.005022773
PCO1601637,64,16,0,0,0,16,3,7,1,0.19668066,0.007379097
PCO1601637,65,16,0,0,0,16,3,7,1,0.183275299,0.005094236
PCO1601637,66,16,0,0,0,16,3,7,1,0.106032695,0.002557141
PCO1601637,67,16,0,0,0,16,3,7,1,0.061834007,0.003094901
PCO1601637,68,16,0,0,0,16,3,7,1,0.029811364,0.001134695
PCO160240,10,16,0,0,0,24,0,9,1,0.961395438,0.021770851
PCO160240,11,16,0,0,0,24,0,9,1,1.190341818,0.036594902
PCO160240,12,16,0,0,0,24,0,9,1,1.555959571,0.021703271
PCO160240,13,16,0,0,0,24,0,9,1,1.979217865,0.011685039
PCO160240,14,16,0,0,0,24,0,9,1,2.590548715,0.053054032
PCO160240,15,16,0,0,0,24,0,9,1,3.599123606,0.07642863
PCO160240,16,16,0,0,0,24,0,9,1,4.789723451,0.331581873
PCO160240,17,16,0,0,0,24,0,9,1,6.778899742,0.249671433
PCO160240,18,16,0,0,0,24,0,9,1,9.173897251,0.240974693
PCO160240,19,16,0,0,0,24,0,9,1,12.546788,0.3534692
PCO160240,20,16,0,0,0,24,0,9,1,16.62089393,1.451860302
PCO160240,21,16,0,0,0,24,0,9,1,21.88728722,1.632656014
PCO160240,22,16,0,0,0,24,0,9,1,26.83772852,3.517245511
PCO160240,23,16,0,0,0,24,0,9,1,33.02090413,4.70778238
PCO160240,24,16,0,0,0,24,0,9,1,38.49823154,17.04842308
PCO160240,25,16,0,0,0,24,0,9,1,45.00760437,14.16630896
PCO160240,26,16,0,0,0,24,0,9,1,49.68714242,31.89257066
PCO160240,27,16,0,0,0,24,0,9,1,52.3793968,30.49768845
PCO160240,28,16,0,0,0,24,0,9,1,53.19915289,32.26733907
PCO160240,29,16,0,0,0,24,0,9,1,55.69236732,38.39691162
PCO160240,30,16,0,0,0,24,0,9,1,57.13584542,19.55582175
PCO160240,31,16,0,0,0,24,0,9,1,59.43272454,26.00554873
PCO160240,32,16,0,0,0,24,0,9,1,57.30759973,9.252919937
PCO160240,33,16,0,0,0,24,0,9,1,58.6592397,25.62077507
PCO160240,34,16,0,0,0,24,0,9,1,56.26733616,25.31893247
PCO160240,35,16,0,0,0,24,0,9,1,56.11119048,25.21909661
PCO160240,36,16,0,0,0,24,0,9,1,55.00747933,27.18309034
PCO160240,37,16,0,0,0,24,0,9,1,52.30678421,17.12236579
PCO160240,38,16,0,0,0,24,0,9,1,51.34609128,13.89471204
PCO160240,39,16,0,0,0,24,0,9,1,47.88843351,9.871389597
PCO160240,40,16,0,0,0,24,0,9,1,45.24455073,28.42979925
PCO160240,41,16,0,0,0,24,0,9,1,43.47267474,17.07787142
PCO160240,42,16,0,0,0,24,0,9,1,39.33105437,12.49326009
PCO160240,43,16,0,0,0,24,0,9,1,36.6760887,11.2623907
PCO160240,44,16,0,0,0,24,0,9,1,33.38195374,10.32335276
PCO160240,45,16,0,0,0,24,0,9,1,30.14196627,9.33764616
PCO160240,46,16,0,0,0,24,0,9,1,27.38282604,8.044654126
PCO160240,47,16,0,0,0,24,0,9,1,24.4236618,5.189583484
PCO160240,48,16,0,0,0,24,0,9,1,21.38401851,5.604837671
PCO160240,49,16,0,0,0,24,0,9,1,18.60846243,3.613456585
PCO160240,50,16,0,0,0,24,0,9,1,16.13203199,2.780986581
PCO160240,51,16,0,0,0,24,0,9,1,13.24692285,2.40570722
PCO160240,52,16,0,0,0,24,0,9,1,11.41304672,1.211734422
PCO160240,53,16,0,0,0,24,0,9,1,9.485925848,1.226164778
PCO160240,54,16,0,0,0,24,0,9,1,7.489226213,0.939390093
PCO160240,55,16,0,0,0,24,0,9,1,6.304651862,0.447058653
PCO160240,56,16,0,0,0,24,0,9,1,5.070098259,0.344238028
PCO160240,57,16,0,0,0,24,0,9,1,3.94204985,0.35683047
PCO160240,58,16,0,0,0,24,0,9,1,3.028732738,0.134368196
PCO160240,59,16,0,0,0,24,0,9,1,2.344102611,0.141673486
PCO160240,60,16,0,0,0,24,0,9,1,1.757897371,0.052367135
PCO160240,61,16,0,0,0,24,0,9,1,1.335658349,0.047230792
PCO160240,62,16,0,0,0,24,0,9,1,1.019276637,0.040996748
PCO160240,63,16,0,0,0,24,0,9,1,0.777989608,0.023484286
PCO160240,64,16,0,0,0,24,0,9,1,0.581407233,0.012793316
PCO160240,65,16,0,0,0,24,0,9,1,0.407161536,0.007090676
PCO160240,66,16,0,0,0,24,0,9,1,0.304703525,0.003162919
PCO160240,67,16,0,0,0,24,0,9,1,0.193283403,0.007281166
PCO160240,68,16,0,0,0,24,0,9,1,0.14563989,0.007302354
PCO160240,69,16,0,0,0,24,0,9,1,0.083971725,0.002732587
PCO160240,70,16,0,0,0,24,0,9,1,0.041604284,0.002684115
PCO160240,10,16,0,0,0,24,0,6,1,0.961395438,0.021770851
PCO160240,11,16,0,0,0,24,0,6,1,1.190341818,0.036594902
PCO160240,12,16,0,0,0,24,0,6,1,1.555959571,0.021703271
PCO160240,13,16,0,0,0,24,0,6,1,1.979217865,0.011685039
PCO160240,14,16,0,0,0,24,0,6,1,2.590548715,0.053054032
PCO160240,15,16,0,0,0,24,0,6,1,3.599123606,0.07642863
PCO160240,16,16,0,0,0,24,0,6,1,4.789723451,0.331581873
PCO160240,17,16,0,0,0,24,0,6,1,6.778899742,0.249671433
PCO160240,18,16,0,0,0,24,0,6,1,9.173897251,0.240974693
PCO160240,19,16,0,0,0,24,0,6,1,12.546788,0.3534692
PCO160240,20,16,0,0,0,24,0,6,1,16.62089393,1.451860302
PCO160240,21,16,0,0,0,24,0,6,1,21.88728722,1.632656014
PCO160240,22,16,0,0,0,24,0,6,1,26.83772852,3.517245511
PCO160240,23,16,0,0,0,24,0,6,1,33.02090413,4.70778238
PCO160240,24,16,0,0,0,24,0,6,1,38.49823154,17.04842308
PCO160240,25,16,0,0,0,24,0,6,1,45.00760437,14.16630896
PCO160240,26,16,0,0,0,24,0,6,1,49.68714242,31.89257066
PCO160240,27,16,0,0,0,24,0,6,1,52.3793968,30.49768845
PCO160240,28,16,0,0,0,24,0,6,1,53.19915289,32.26733907
PCO160240,29,16,0,0,0,24,0,6,1,55.69236732,38.39691162
PCO160240,30,16,0,0,0,24,0,6,1,57.13584542,19.55582175
PCO160240,31,16,0,0,0,24,0,6,1,59.43272454,26.00554873
PCO160240,32,16,0,0,0,24,0,6,1,57.30759973,9.252919937
PCO160240,33,16,0,0,0,24,0,6,1,58.6592397,25.62077507
PCO160240,34,16,0,0,0,24,0,6,1,56.26733616,25.31893247
PCO160240,35,16,0,0,0,24,0,6,1,56.11119048,25.21909661
PCO160240,36,16,0,0,0,24,0,6,1,55.00747933,27.18309034
PCO160240,37,16,0,0,0,24,0,6,1,52.30678421,17.12236579
PCO160240,38,16,0,0,0,24,0,6,1,51.34609128,13.89471204
PCO160240,39,16,0,0,0,24,0,6,1,47.88843351,9.871389597
PCO160240,40,16,0,0,0,24,0,6,1,45.24455073,28.42979925
PCO160240,41,16,0,0,0,24,0,6,1,43.47267474,17.07787142
PCO160240,42,16,0,0,0,24,0,6,1,39.33105437,12.49326009
PCO160240,43,16,0,0,0,24,0,6,1,36.6760887,11.2623907
PCO160240,44,16,0,0,0,24,0,6,1,33.38195374,10.32335276
PCO160240,45,16,0,0,0,24,0,6,1,30.14196627,9.33764616
PCO160240,46,16,0,0,0,24,0,6,1,27.38282604,8.044654126
PCO160240,47,16,0,0,0,24,0,6,1,24.4236618,5.189583484
PCO160240,48,16,0,0,0,24,0,6,1,21.38401851,5.604837671
PCO160240,49,16,0,0,0,24,0,6,1,18.60846243,3.613456585
PCO160240,50,16,0,0,0,24,0,6,1,16.13203199,2.780986581
PCO160240,51,16,0,0,0,24,0,6,1,13.24692285,2.40570722
PCO160240,52,16,0,0,0,24,0,6,1,11.41304672,1.211734422
PCO160240,53,16,0,0,0,24,0,6,1,9.485925848,1.226164778
PCO160240,54,16,0,0,0,24,0,6,1,7.489226213,0.939390093
PCO160240,55,16,0,0,0,24,0,6,1,6.304651862,0.447058653
PCO160240,56,16,0,0,0,24,0,6,1,5.070098259,0.344238028
PCO160240,57,16,0,0,0,24,0,6,1,3.94204985,0.35683047
PCO160240,58,16,0,0,0,24,0,6,1,3.028732738,0.134368196
PCO160240,59,16,0,0,0,24,0,6,1,2.344102611,0.141673486
PCO160240,60,16,0,0,0,24,0,6,1,1.757897371,0.052367135
PCO160240,61,16,0,0,0,24,0,6,1,1.335658349,0.047230792
PCO160240,62,16,0,0,0,24,0,6,1,1.019276637,0.040996748
PCO160240,63,16,0,0,0,24,0,6,1,0.777989608,0.023484286
PCO160240,64,16,0,0,0,24,0,6,1,0.581407233,0.012793316
PCO160240,65,16,0,0,0,24,0,6,1,0.407161536,0.007090676
PCO160240,66,16,0,0,0,24,0,6,1,0.304703525,0.003162919
PCO160240,67,16,0,0,0,24,0,6,1,0.193283403,0.007281166
PCO160240,68,16,0,0,0,24,0,6,1,0.14563989,0.007302354
PCO160240,69,16,0,0,0,24,0,6,1,0.083971725,0.002732587
PCO160240,70,16,0,0,0,24,0,6,1,0.041604284,0.002684115
