Specie,CE,FA_C_x,FA_DB_x,FA_iso_x,sn_x,FA_C_y,FA_DB_y,FA_iso_y,sn_y,norm_Intensity,norm_Intensity_var
PC120120,10,12,0,0,1,12,0,0,1,1.780080728,0.01137009
PC120120,11,12,0,0,1,12,0,0,1,2.262868858,0.037169002
PC120120,12,12,0,0,1,12,0,0,1,3.083406138,0.045547732
PC120120,13,12,0,0,1,12,0,0,1,4.005981372,0.037804349
PC120120,14,12,0,0,1,12,0,0,1,5.399840856,0.18710633
PC120120,15,12,0,0,1,12,0,0,1,7.172088581,0.218383836
PC120120,16,12,0,0,1,12,0,0,1,9.912618222,0.561289588
PC120120,17,12,0,0,1,12,0,0,1,12.73087775,0.369635739
PC120120,18,12,0,0,1,12,0,0,1,16.86763198,1.189000317
PC120120,19,12,0,0,1,12,0,0,1,21.11462148,1.226027964
PC120120,20,12,0,0,1,12,0,0,1,25.21817771,1.315828651
PC120120,21,12,0,0,1,12,0,0,1,30.04527401,2.462432834
PC120120,22,12,0,0,1,12,0,0,1,34.27852699,2.230399286
PC120120,23,12,0,0,1,12,0,0,1,38.46283455,2.162715204
PC120120,24,12,0,0,1,12,0,0,1,41.76063971,4.211876499
PC120120,25,12,0,0,1,12,0,0,1,44.65817811,6.415674288
PC120120,26,12,0,0,1,12,0,0,1,46.52962834,5.885748253
PC120120,27,12,0,0,1,12,0,0,1,46.43140275,6.279263597
PC120120,28,12,0,0,1,12,0,0,1,48.54461374,5.398009936
PC120120,29,12,0,0,1,12,0,0,1,48.81732479,4.637483825
PC120120,30,12,0,0,1,12,0,0,1,47.59718391,6.042822037
PC120120,31,12,0,0,1,12,0,0,1,47.26208358,4.18725632
PC120120,32,12,0,0,1,12,0,0,1,46.60587265,4.818486045
PC120120,33,12,0,0,1,12,0,0,1,46.03064691,4.529359276
PC120120,34,12,0,0,1,12,0,0,1,44.07228031,6.286109951
PC120120,35,12,0,0,1,12,0,0,1,44.02002835,2.912357573
PC120120,36,12,0,0,1,12,0,0,1,42.18276178,5.106008055
PC120120,37,12,0,0,1,12,0,0,1,40.95981111,6.541603058
PC120120,38,12,0,0,1,12,0,0,1,39.89360962,3.086859552
PC120120,39,12,0,0,1,12,0,0,1,38.29730896,2.846158094
PC120120,40,12,0,0,1,12,0,0,1,37.67075304,4.89630681
PC120120,41,12,0,0,1,12,0,0,1,34.90834935,5.124907602
PC120120,42,12,0,0,1,12,0,0,1,32.97798163,3.851186492
PC120120,43,12,0,0,1,12,0,0,1,31.2700695,1.660847371
PC120120,44,12,0,0,1,12,0,0,1,29.73482489,2.756229037
PC120120,45,12,0,0,1,12,0,0,1,28.39525905,2.418306525
PC120120,46,12,0,0,1,12,0,0,1,26.61070789,1.140229489
PC120120,47,12,0,0,1,12,0,0,1,25.2370757,1.33471007
PC120120,48,12,0,0,1,12,0,0,1,22.93710653,2.448838278
PC120120,49,12,0,0,1,12,0,0,1,20.95243505,1.045364232
PC120120,50,12,0,0,1,12,0,0,1,19.67961683,0.637740661
PC120120,51,12,0,0,1,12,0,0,1,17.73749669,0.993383426
PC120120,52,12,0,0,1,12,0,0,1,16.01262285,0.773059843
PC120120,53,12,0,0,1,12,0,0,1,14.90280988,0.743306063
PC120120,54,12,0,0,1,12,0,0,1,13.12544523,0.390597028
PC120120,55,12,0,0,1,12,0,0,1,11.7983232,0.348085089
PC120120,56,12,0,0,1,12,0,0,1,10.75003418,0.364230743
PC120120,57,12,0,0,1,12,0,0,1,9.698500689,0.216647681
PC120120,58,12,0,0,1,12,0,0,1,8.500937192,0.132844347
PC120120,59,12,0,0,1,12,0,0,1,7.506337091,0.205807586
PC120120,60,12,0,0,1,12,0,0,1,6.713616131,0.095073914
PC120120,61,12,0,0,1,12,0,0,1,5.704482497,0.127049442
PC120120,62,12,0,0,1,12,0,0,1,4.993197555,0.13215918
PC120120,63,12,0,0,1,12,0,0,1,4.553447508,0.033137694
PC120120,64,12,0,0,1,12,0,0,1,3.798717798,0.121592449
PC120120,65,12,0,0,1,12,0,0,1,3.24200282,0.042958247
PC120120,66,12,0,0,1,12,0,0,1,2.789451388,0.043243749
PC120120,67,12,0,0,1,12,0,0,1,2.437015912,0.045625883
PC120120,68,12,0,0,1,12,0,0,1,2.045106325,0.030993271
PC120120,69,12,0,0,1,12,0,0,1,1.723967216,0.036017333
PC120120,70,12,0,0,1,12,0,0,1,1.434296026,0.021014986
PC140140,10,14,0,0,1,14,0,0,1,1.545462595,0.038095754
PC140140,11,14,0,0,1,14,0,0,1,2.073784257,0.025128745
PC140140,12,14,0,0,1,14,0,0,1,2.595972331,0.034485041
PC140140,13,14,0,0,1,14,0,0,1,3.48056739,0.043027581
PC140140,14,14,0,0,1,14,0,0,1,4.634217266,0.148012956
PC140140,15,14,0,0,1,14,0,0,1,6.360930319,0.158501488
PC140140,16,14,0,0,1,14,0,0,1,8.829238653,0.218919223
PC140140,17,14,0,0,1,14,0,0,1,11.72360964,0.296420858
PC140140,18,14,0,0,1,14,0,0,1,15.68688158,0.810279169
PC140140,19,14,0,0,1,14,0,0,1,20.4683557,2.887077415
PC140140,20,14,0,0,1,14,0,0,1,24.91111767,1.608427577
PC140140,21,14,0,0,1,14,0,0,1,30.31990231,6.697380805
PC140140,22,14,0,0,1,14,0,0,1,35.53355699,4.607372976
PC140140,23,14,0,0,1,14,0,0,1,39.97568813,5.541348819
PC140140,24,14,0,0,1,14,0,0,1,43.82608785,5.151429885
PC140140,25,14,0,0,1,14,0,0,1,47.33098469,6.088926226
PC140140,26,14,0,0,1,14,0,0,1,50.34422063,14.69731958
PC140140,27,14,0,0,1,14,0,0,1,51.30346958,5.354679697
PC140140,28,14,0,0,1,14,0,0,1,52.36892244,5.881843276
PC140140,29,14,0,0,1,14,0,0,1,52.73619987,14.58531366
PC140140,30,14,0,0,1,14,0,0,1,52.59497785,7.382815978
PC140140,31,14,0,0,1,14,0,0,1,52.51955709,8.308798272
PC140140,32,14,0,0,1,14,0,0,1,51.96184602,5.009308778
PC140140,33,14,0,0,1,14,0,0,1,50.89395603,5.495074527
PC140140,34,14,0,0,1,14,0,0,1,49.13126451,6.633213249
PC140140,35,14,0,0,1,14,0,0,1,48.62568069,7.07735691
PC140140,36,14,0,0,1,14,0,0,1,47.16574871,3.157579573
PC140140,37,14,0,0,1,14,0,0,1,46.04327552,4.036613739
PC140140,38,14,0,0,1,14,0,0,1,44.28564086,5.22350946
PC140140,39,14,0,0,1,14,0,0,1,42.68786288,3.262149422
PC140140,40,14,0,0,1,14,0,0,1,40.52942648,5.067627862
PC140140,41,14,0,0,1,14,0,0,1,38.39891618,4.465231712
PC140140,42,14,0,0,1,14,0,0,1,36.93368538,2.25232205
PC140140,43,14,0,0,1,14,0,0,1,34.46973453,3.682651041
PC140140,44,14,0,0,1,14,0,0,1,32.6884889,3.830358275
PC140140,45,14,0,0,1,14,0,0,1,30.48810426,1.407644659
PC140140,46,14,0,0,1,14,0,0,1,28.61827038,1.488577592
PC140140,47,14,0,0,1,14,0,0,1,26.31314245,1.749504368
PC140140,48,14,0,0,1,14,0,0,1,23.9375004,1.747792512
PC140140,49,14,0,0,1,14,0,0,1,21.95419028,1.418798247
PC140140,50,14,0,0,1,14,0,0,1,20.14509289,1.110068456
PC140140,51,14,0,0,1,14,0,0,1,17.99330804,1.217676774
PC140140,52,14,0,0,1,14,0,0,1,16.34959749,3.03180486
PC140140,53,14,0,0,1,14,0,0,1,14.51104912,1.062076115
PC140140,54,14,0,0,1,14,0,0,1,12.70789169,0.742953203
PC140140,55,14,0,0,1,14,0,0,1,11.46313078,0.513040785
PC140140,56,14,0,0,1,14,0,0,1,10.06611619,0.24197954
PC140140,57,14,0,0,1,14,0,0,1,8.816320528,0.495781273
PC140140,58,14,0,0,1,14,0,0,1,7.523380343,0.359495035
PC140140,59,14,0,0,1,14,0,0,1,6.591768059,0.145737305
PC140140,60,14,0,0,1,14,0,0,1,5.76830707,0.142345458
PC140140,61,14,0,0,1,14,0,0,1,4.844225597,0.10783219
PC140140,62,14,0,0,1,14,0,0,1,4.100193849,0.121781195
PC140140,63,14,0,0,1,14,0,0,1,3.495481133,0.053264913
PC140140,64,14,0,0,1,14,0,0,1,3.039092329,0.076378114
PC140140,65,14,0,0,1,14,0,0,1,2.464807406,0.052706634
PC140140,66,14,0,0,1,14,0,0,1,2.078241434,0.043138626
PC140140,67,14,0,0,1,14,0,0,1,1.739528264,0.032671901
PC140140,68,14,0,0,1,14,0,0,1,1.39093428,0.022964683
PC140140,69,14,0,0,1,14,0,0,1,1.120590396,0.013949623
PC140140,70,14,0,0,1,14,0,0,1,0.980465593,0.017197934
PC170170,10,17,0,0,1,17,0,0,1,1.366354223,0.029907538
PC170170,11,17,0,0,1,17,0,0,1,1.737081455,0.012061698
PC170170,12,17,0,0,1,17,0,0,1,2.23354395,0.032029732
PC170170,13,17,0,0,1,17,0,0,1,2.944109308,0.051827065
PC170170,14,17,0,0,1,17,0,0,1,3.969559529,0.101279667
PC170170,15,17,0,0,1,17,0,0,1,5.471229955,0.099350899
PC170170,16,17,0,0,1,17,0,0,1,7.477721718,0.086413479
PC170170,17,17,0,0,1,17,0,0,1,10.67158892,1.451252901
PC170170,18,17,0,0,1,17,0,0,1,13.99407952,0.716365638
PC170170,19,17,0,0,1,17,0,0,1,18.47672951,0.961527531
PC170170,20,17,0,0,1,17,0,0,1,23.42259328,1.214562472
PC170170,21,17,0,0,1,17,0,0,1,29.04925648,2.458193599
PC170170,22,17,0,0,1,17,0,0,1,34.22062572,3.442543607
PC170170,23,17,0,0,1,17,0,0,1,40.86057223,3.178549074
PC170170,24,17,0,0,1,17,0,0,1,45.87407482,3.368211801
PC170170,25,17,0,0,1,17,0,0,1,49.41385003,5.211600745
PC170170,26,17,0,0,1,17,0,0,1,53.18900155,3.444786908
PC170170,27,17,0,0,1,17,0,0,1,56.71982525,16.53371506
PC170170,28,17,0,0,1,17,0,0,1,57.79045303,6.484880017
PC170170,29,17,0,0,1,17,0,0,1,58.2643758,9.157694766
PC170170,30,17,0,0,1,17,0,0,1,58.80329634,2.82693873
PC170170,31,17,0,0,1,17,0,0,1,57.82037568,9.787532663
PC170170,32,17,0,0,1,17,0,0,1,57.05883213,5.083271775
PC170170,33,17,0,0,1,17,0,0,1,56.98145597,8.777826388
PC170170,34,17,0,0,1,17,0,0,1,55.64196527,3.515504119
PC170170,35,17,0,0,1,17,0,0,1,54.21937404,4.109632772
PC170170,36,17,0,0,1,17,0,0,1,53.45656313,5.500436639
PC170170,37,17,0,0,1,17,0,0,1,50.52577999,5.000751733
PC170170,38,17,0,0,1,17,0,0,1,49.28678376,5.449847003
PC170170,39,17,0,0,1,17,0,0,1,47.57419142,3.210199471
PC170170,40,17,0,0,1,17,0,0,1,44.90685565,2.845985036
PC170170,41,17,0,0,1,17,0,0,1,43.3688016,4.200539467
PC170170,42,17,0,0,1,17,0,0,1,40.55902339,2.516676334
PC170170,43,17,0,0,1,17,0,0,1,37.67110296,2.796921054
PC170170,44,17,0,0,1,17,0,0,1,36.17941419,6.460341792
PC170170,45,17,0,0,1,17,0,0,1,33.09957391,0.912396255
PC170170,46,17,0,0,1,17,0,0,1,29.83130725,0.942712168
PC170170,47,17,0,0,1,17,0,0,1,27.9862271,2.338712376
PC170170,48,17,0,0,1,17,0,0,1,25.1206759,1.877052517
PC170170,49,17,0,0,1,17,0,0,1,22.7237567,0.578018933
PC170170,50,17,0,0,1,17,0,0,1,20.06151289,1.244920504
PC170170,51,17,0,0,1,17,0,0,1,18.01213771,0.853112713
PC170170,52,17,0,0,1,17,0,0,1,15.63251239,0.819228732
PC170170,53,17,0,0,1,17,0,0,1,13.63724717,0.43250376
PC170170,54,17,0,0,1,17,0,0,1,11.85369224,0.327215196
PC170170,55,17,0,0,1,17,0,0,1,10.49970543,0.773352152
PC170170,56,17,0,0,1,17,0,0,1,8.857528131,0.26154733
PC170170,57,17,0,0,1,17,0,0,1,7.293721368,0.30773974
PC170170,58,17,0,0,1,17,0,0,1,6.410689571,0.110088759
PC170170,59,17,0,0,1,17,0,0,1,5.540128012,0.319453597
PC170170,60,17,0,0,1,17,0,0,1,4.45135587,0.140325466
PC170170,61,17,0,0,1,17,0,0,1,3.705735329,0.037843319
PC170170,62,17,0,0,1,17,0,0,1,2.97675041,0.024351713
PC170170,63,17,0,0,1,17,0,0,1,2.613752378,0.038232123
PC170170,64,17,0,0,1,17,0,0,1,2.020263151,0.04172
PC170170,65,17,0,0,1,17,0,0,1,1.662209152,0.01543181
PC170170,66,17,0,0,1,17,0,0,1,1.326763872,0.022850607
PC170170,67,17,0,0,1,17,0,0,1,1.098108238,0.015694441
PC170170,68,17,0,0,1,17,0,0,1,0.809539023,0.010742024
PC170170,69,17,0,0,1,17,0,0,1,0.643106719,0.007173613
PC170170,70,17,0,0,1,17,0,0,1,0.538555691,0.011406274
PC180180,10,18,0,0,1,18,0,0,1,1.228055213,0.027533906
PC180180,11,18,0,0,1,18,0,0,1,1.567443597,0.024291067
PC180180,12,18,0,0,1,18,0,0,1,2.104378006,0.027184853
PC180180,13,18,0,0,1,18,0,0,1,2.779369508,0.03280994
PC180180,14,18,0,0,1,18,0,0,1,3.636540552,0.08101479
PC180180,15,18,0,0,1,18,0,0,1,5.207829079,0.099224102
PC180180,16,18,0,0,1,18,0,0,1,7.064140623,0.159305432
PC180180,17,18,0,0,1,18,0,0,1,9.702468644,0.271802144
PC180180,18,18,0,0,1,18,0,0,1,13.13446092,0.37923764
PC180180,19,18,0,0,1,18,0,0,1,17.71870403,0.457151973
PC180180,20,18,0,0,1,18,0,0,1,22.52945335,0.69398367
PC180180,21,18,0,0,1,18,0,0,1,28.31575645,1.111602244
PC180180,22,18,0,0,1,18,0,0,1,34.19339518,1.114182095
PC180180,23,18,0,0,1,18,0,0,1,40.26050427,2.318245183
PC180180,24,18,0,0,1,18,0,0,1,45.91035692,2.789780418
PC180180,25,18,0,0,1,18,0,0,1,49.56234766,2.826835175
PC180180,26,18,0,0,1,18,0,0,1,53.49840424,3.589750065
PC180180,27,18,0,0,1,18,0,0,1,55.5686022,2.129586089
PC180180,28,18,0,0,1,18,0,0,1,57.66158576,3.109284386
PC180180,29,18,0,0,1,18,0,0,1,58.57034095,4.992966511
PC180180,30,18,0,0,1,18,0,0,1,58.63757843,2.722753432
PC180180,31,18,0,0,1,18,0,0,1,59.54858375,5.491635646
PC180180,32,18,0,0,1,18,0,0,1,58.65172537,3.127337748
PC180180,33,18,0,0,1,18,0,0,1,57.28798673,3.274745239
PC180180,34,18,0,0,1,18,0,0,1,56.24271065,4.409080985
PC180180,35,18,0,0,1,18,0,0,1,55.06592511,4.104189041
PC180180,36,18,0,0,1,18,0,0,1,54.11306921,4.006218239
PC180180,37,18,0,0,1,18,0,0,1,52.20261674,2.851635767
PC180180,38,18,0,0,1,18,0,0,1,50.43294345,2.265635408
PC180180,39,18,0,0,1,18,0,0,1,47.9286358,1.500294722
PC180180,40,18,0,0,1,18,0,0,1,46.12954087,2.733287143
PC180180,41,18,0,0,1,18,0,0,1,43.5892301,1.888189756
PC180180,42,18,0,0,1,18,0,0,1,41.32665011,1.255138958
PC180180,43,18,0,0,1,18,0,0,1,38.77644897,2.599963685
PC180180,44,18,0,0,1,18,0,0,1,35.59307005,2.687385374
PC180180,45,18,0,0,1,18,0,0,1,32.76022392,1.074923912
PC180180,46,18,0,0,1,18,0,0,1,30.4553651,1.672347597
PC180180,47,18,0,0,1,18,0,0,1,27.71183934,1.39270669
PC180180,48,18,0,0,1,18,0,0,1,25.25522791,0.835485745
PC180180,49,18,0,0,1,18,0,0,1,22.61720113,0.716051751
PC180180,50,18,0,0,1,18,0,0,1,19.81657694,1.038918712
PC180180,51,18,0,0,1,18,0,0,1,17.73397529,0.564370869
PC180180,52,18,0,0,1,18,0,0,1,15.54574493,0.419171539
PC180180,53,18,0,0,1,18,0,0,1,13.56481413,0.417157926
PC180180,54,18,0,0,1,18,0,0,1,11.62068919,0.375478495
PC180180,55,18,0,0,1,18,0,0,1,9.851268031,0.177357894
PC180180,56,18,0,0,1,18,0,0,1,8.177921846,0.154286494
PC180180,57,18,0,0,1,18,0,0,1,7.068288416,0.174086617
PC180180,58,18,0,0,1,18,0,0,1,6.007594915,0.235148356
PC180180,59,18,0,0,1,18,0,0,1,4.967363895,0.077219351
PC180180,60,18,0,0,1,18,0,0,1,4.068620909,0.089722559
PC180180,61,18,0,0,1,18,0,0,1,3.262958304,0.062501378
PC180180,62,18,0,0,1,18,0,0,1,2.582325371,0.052170657
PC180180,63,18,0,0,1,18,0,0,1,2.122518443,0.036503126
PC180180,64,18,0,0,1,18,0,0,1,1.75177863,0.022447894
PC180180,65,18,0,0,1,18,0,0,1,1.413076198,0.035223985
PC180180,66,18,0,0,1,18,0,0,1,1.131097213,0.018119788
PC180180,67,18,0,0,1,18,0,0,1,0.865696179,0.012025383
PC180180,68,18,0,0,1,18,0,0,1,0.666731064,0.012927871
PC180180,69,18,0,0,1,18,0,0,1,0.556286709,0.008629129
PC180180,70,18,0,0,1,18,0,0,1,0.398423752,0.007540123
PC182182,10,18,2,9,1,18,2,9,1,1.374277596,0.017173833
PC182182,11,18,2,9,1,18,2,9,1,1.794749735,0.027611397
PC182182,12,18,2,9,1,18,2,9,1,2.368170099,0.040592683
PC182182,13,18,2,9,1,18,2,9,1,3.124233503,0.054929651
PC182182,14,18,2,9,1,18,2,9,1,4.406796508,0.05912293
PC182182,15,18,2,9,1,18,2,9,1,6.196710434,0.234344423
PC182182,16,18,2,9,1,18,2,9,1,8.641991269,0.284452635
PC182182,17,18,2,9,1,18,2,9,1,11.97161894,0.851756203
PC182182,18,18,2,9,1,18,2,9,1,15.93391734,1.045545368
PC182182,19,18,2,9,1,18,2,9,1,21.02454594,2.387603923
PC182182,20,18,2,9,1,18,2,9,1,26.67060121,1.882152172
PC182182,21,18,2,9,1,18,2,9,1,32.70827307,3.349854196
PC182182,22,18,2,9,1,18,2,9,1,38.55693357,1.793338733
PC182182,23,18,2,9,1,18,2,9,1,43.84768386,2.287433305
PC182182,24,18,2,9,1,18,2,9,1,47.95567229,2.4641816
PC182182,25,18,2,9,1,18,2,9,1,51.8094013,3.321004175
PC182182,26,18,2,9,1,18,2,9,1,54.2525487,3.001317298
PC182182,27,18,2,9,1,18,2,9,1,56.03810504,6.100132137
PC182182,28,18,2,9,1,18,2,9,1,56.77396819,4.934603135
PC182182,29,18,2,9,1,18,2,9,1,56.69827709,6.418943725
PC182182,30,18,2,9,1,18,2,9,1,56.78681357,5.156965725
PC182182,31,18,2,9,1,18,2,9,1,55.82475089,5.932429654
PC182182,32,18,2,9,1,18,2,9,1,54.93412741,2.483060792
PC182182,33,18,2,9,1,18,2,9,1,52.80716935,3.353671023
PC182182,34,18,2,9,1,18,2,9,1,51.26638195,2.951432111
PC182182,35,18,2,9,1,18,2,9,1,50.44324236,2.481510474
PC182182,36,18,2,9,1,18,2,9,1,48.51127605,3.752282056
PC182182,37,18,2,9,1,18,2,9,1,46.35116945,1.680504718
PC182182,38,18,2,9,1,18,2,9,1,43.79615231,1.625031146
PC182182,39,18,2,9,1,18,2,9,1,41.33385997,2.624133822
PC182182,40,18,2,9,1,18,2,9,1,38.63602556,0.803551797
PC182182,41,18,2,9,1,18,2,9,1,35.79694364,1.693711325
PC182182,42,18,2,9,1,18,2,9,1,32.94107143,1.515881699
PC182182,43,18,2,9,1,18,2,9,1,30.30921208,1.497832285
PC182182,44,18,2,9,1,18,2,9,1,27.321579,0.838283675
PC182182,45,18,2,9,1,18,2,9,1,24.26874768,1.089349513
PC182182,46,18,2,9,1,18,2,9,1,22.13587533,0.407456787
PC182182,47,18,2,9,1,18,2,9,1,19.37287257,0.489580915
PC182182,48,18,2,9,1,18,2,9,1,17.04965927,0.361653711
PC182182,49,18,2,9,1,18,2,9,1,14.74362377,0.304949949
PC182182,50,18,2,9,1,18,2,9,1,12.73912619,0.138047989
PC182182,51,18,2,9,1,18,2,9,1,11.03360821,0.151463882
PC182182,52,18,2,9,1,18,2,9,1,9.258682499,0.16697961
PC182182,53,18,2,9,1,18,2,9,1,7.928535057,0.168583739
PC182182,54,18,2,9,1,18,2,9,1,6.548130921,0.056982031
PC182182,55,18,2,9,1,18,2,9,1,5.357451277,0.135672063
PC182182,56,18,2,9,1,18,2,9,1,4.386079469,0.103859273
PC182182,57,18,2,9,1,18,2,9,1,3.581931198,0.060161329
PC182182,58,18,2,9,1,18,2,9,1,2.950448222,0.050976161
PC182182,59,18,2,9,1,18,2,9,1,2.463136573,0.055719257
PC182182,60,18,2,9,1,18,2,9,1,1.96686576,0.017252039
PC182182,61,18,2,9,1,18,2,9,1,1.537785443,0.02662906
PC182182,62,18,2,9,1,18,2,9,1,1.176616248,0.018183689
PC182182,63,18,2,9,1,18,2,9,1,1.002410661,0.014956505
PC182182,64,18,2,9,1,18,2,9,1,0.739351277,0.023139321
PC182182,65,18,2,9,1,18,2,9,1,0.561467164,0.003439473
PC182182,66,18,2,9,1,18,2,9,1,0.470949068,0.007581495
PC182182,67,18,2,9,1,18,2,9,1,0.31628342,0.004912993
PC182182,68,18,2,9,1,18,2,9,1,0.238099655,0.003485324
PC182182,69,18,2,9,1,18,2,9,1,0.161265367,0.006178192
PC182182,70,18,2,9,1,18,2,9,1,0.106758175,0.002284271
PC183183,10,18,3,9,1,18,3,9,1,1.455945497,0.030209874
PC183183,11,18,3,9,1,18,3,9,1,1.823620666,0.043929582
PC183183,12,18,3,9,1,18,3,9,1,2.584129956,0.029929051
PC183183,13,18,3,9,1,18,3,9,1,3.281382236,0.064638001
PC183183,14,18,3,9,1,18,3,9,1,4.70212519,0.139514524
PC183183,15,18,3,9,1,18,3,9,1,6.39752546,0.050089913
PC183183,16,18,3,9,1,18,3,9,1,9.268576329,0.199132571
PC183183,17,18,3,9,1,18,3,9,1,12.37702069,0.189204423
PC183183,18,18,3,9,1,18,3,9,1,17.32700038,0.466612567
PC183183,19,18,3,9,1,18,3,9,1,21.54758706,0.893336406
PC183183,20,18,3,9,1,18,3,9,1,27.43979661,0.898870462
PC183183,21,18,3,9,1,18,3,9,1,33.34147843,1.372960206
PC183183,22,18,3,9,1,18,3,9,1,39.30727072,1.04259642
PC183183,23,18,3,9,1,18,3,9,1,43.78092874,2.132456334
PC183183,24,18,3,9,1,18,3,9,1,48.03286956,2.571582077
PC183183,25,18,3,9,1,18,3,9,1,50.4915301,3.119074558
PC183183,26,18,3,9,1,18,3,9,1,52.11882433,3.254689461
PC183183,27,18,3,9,1,18,3,9,1,52.84417781,1.67986222
PC183183,28,18,3,9,1,18,3,9,1,53.15133729,2.467753908
PC183183,29,18,3,9,1,18,3,9,1,52.41829847,2.891357826
PC183183,30,18,3,9,1,18,3,9,1,51.85468258,3.775454408
PC183183,31,18,3,9,1,18,3,9,1,50.27038184,3.481385639
PC183183,32,18,3,9,1,18,3,9,1,48.15747213,2.390333009
PC183183,33,18,3,9,1,18,3,9,1,46.08703713,1.30789691
PC183183,34,18,3,9,1,18,3,9,1,44.27317113,1.646404517
PC183183,35,18,3,9,1,18,3,9,1,40.96138072,1.235646112
PC183183,36,18,3,9,1,18,3,9,1,38.76958436,1.421825638
PC183183,37,18,3,9,1,18,3,9,1,35.81095094,2.615511544
PC183183,38,18,3,9,1,18,3,9,1,33.54578238,0.659994103
PC183183,39,18,3,9,1,18,3,9,1,30.34024459,1.103319305
PC183183,40,18,3,9,1,18,3,9,1,27.41717471,0.664838709
PC183183,41,18,3,9,1,18,3,9,1,24.47334806,1.007089496
PC183183,42,18,3,9,1,18,3,9,1,22.08656703,1.008705305
PC183183,43,18,3,9,1,18,3,9,1,19.45020183,0.457026152
PC183183,44,18,3,9,1,18,3,9,1,16.96109805,0.362482791
PC183183,45,18,3,9,1,18,3,9,1,15.14834574,0.295419561
PC183183,46,18,3,9,1,18,3,9,1,12.95954138,0.423530121
PC183183,47,18,3,9,1,18,3,9,1,11.006331,0.15099838
PC183183,48,18,3,9,1,18,3,9,1,9.386859746,0.276168702
PC183183,49,18,3,9,1,18,3,9,1,8.032809951,0.260714527
PC183183,50,18,3,9,1,18,3,9,1,6.581194812,0.214881885
PC183183,51,18,3,9,1,18,3,9,1,5.324521388,0.094097478
PC183183,52,18,3,9,1,18,3,9,1,4.352526242,0.058665718
PC183183,53,18,3,9,1,18,3,9,1,3.659420718,0.042534494
PC183183,54,18,3,9,1,18,3,9,1,2.931150451,0.088928239
PC183183,55,18,3,9,1,18,3,9,1,2.450305032,0.033278119
PC183183,56,18,3,9,1,18,3,9,1,1.844636811,0.027238062
PC183183,57,18,3,9,1,18,3,9,1,1.539536882,0.023888743
PC183183,58,18,3,9,1,18,3,9,1,1.239741838,0.023765847
PC183183,59,18,3,9,1,18,3,9,1,0.960240566,0.02812113
PC183183,60,18,3,9,1,18,3,9,1,0.737996563,0.01265397
PC183183,61,18,3,9,1,18,3,9,1,0.556742019,0.007582224
PC183183,62,18,3,9,1,18,3,9,1,0.460371638,0.007111451
PC183183,63,18,3,9,1,18,3,9,1,0.326203226,0.008378437
PC183183,64,18,3,9,1,18,3,9,1,0.222545531,0.007829573
PC183183,65,18,3,9,1,18,3,9,1,0.188117852,0.003891156
PC183183,66,18,3,9,1,18,3,9,1,0.112862624,0.004865794
PC183183,67,18,3,9,1,18,3,9,1,0.055657695,0.000837165
PC183183,68,18,3,9,1,18,3,9,1,0.05554653,0.003753197
PC183183,69,18,3,9,1,18,3,9,1,0.011431817,0.000649468
PC200200,10,20,0,0,1,20,0,0,1,1.110547368,0.025519021
PC200200,11,20,0,0,1,20,0,0,1,1.333413756,0.026071229
PC200200,12,20,0,0,1,20,0,0,1,1.71383433,0.060309561
PC200200,13,20,0,0,1,20,0,0,1,2.302465514,0.033671929
PC200200,14,20,0,0,1,20,0,0,1,3.07247356,0.153661839
PC200200,15,20,0,0,1,20,0,0,1,4.2487321,0.167647298
PC200200,16,20,0,0,1,20,0,0,1,5.96674883,0.27158231
PC200200,17,20,0,0,1,20,0,0,1,8.419466416,0.252536031
PC200200,18,20,0,0,1,20,0,0,1,11.27778087,0.602869758
PC200200,19,20,0,0,1,20,0,0,1,15.4121374,0.861561913
PC200200,20,20,0,0,1,20,0,0,1,20.12499212,1.381941261
PC200200,21,20,0,0,1,20,0,0,1,25.89401118,1.231557892
PC200200,22,20,0,0,1,20,0,0,1,31.74494829,2.226648016
PC200200,23,20,0,0,1,20,0,0,1,38.25022075,3.363246238
PC200200,24,20,0,0,1,20,0,0,1,43.98964504,6.186571738
PC200200,25,20,0,0,1,20,0,0,1,49.76030071,9.624770074
PC200200,26,20,0,0,1,20,0,0,1,53.66982848,3.684478394
PC200200,27,20,0,0,1,20,0,0,1,56.47042685,7.156920548
PC200200,28,20,0,0,1,20,0,0,1,59.01721204,7.268832331
PC200200,29,20,0,0,1,20,0,0,1,59.91837641,8.862002539
PC200200,30,20,0,0,1,20,0,0,1,60.26083625,5.806729628
PC200200,31,20,0,0,1,20,0,0,1,61.01374814,8.725048898
PC200200,32,20,0,0,1,20,0,0,1,60.75642488,6.111656522
PC200200,33,20,0,0,1,20,0,0,1,60.18500934,6.161429536
PC200200,34,20,0,0,1,20,0,0,1,59.53758615,4.473583776
PC200200,35,20,0,0,1,20,0,0,1,57.70259388,7.694129045
PC200200,36,20,0,0,1,20,0,0,1,56.906918,6.913911519
PC200200,37,20,0,0,1,20,0,0,1,55.25062599,5.4001045
PC200200,38,20,0,0,1,20,0,0,1,53.20702483,4.577014898
PC200200,39,20,0,0,1,20,0,0,1,51.23050262,4.750102927
PC200200,40,20,0,0,1,20,0,0,1,49.01985686,3.773850769
PC200200,41,20,0,0,1,20,0,0,1,46.71172012,3.636881258
PC200200,42,20,0,0,1,20,0,0,1,43.41079575,3.296388049
PC200200,43,20,0,0,1,20,0,0,1,40.47546974,3.005247902
PC200200,44,20,0,0,1,20,0,0,1,37.42685734,3.676704319
PC200200,45,20,0,0,1,20,0,0,1,34.75394479,1.73068591
PC200200,46,20,0,0,1,20,0,0,1,32.12799955,2.171490228
PC200200,47,20,0,0,1,20,0,0,1,28.62224708,1.896811036
PC200200,48,20,0,0,1,20,0,0,1,25.53076356,1.566176176
PC200200,49,20,0,0,1,20,0,0,1,22.92682368,1.540110542
PC200200,50,20,0,0,1,20,0,0,1,19.94876002,0.714221182
PC200200,51,20,0,0,1,20,0,0,1,17.80215413,0.667379893
PC200200,52,20,0,0,1,20,0,0,1,15.06453733,0.610302777
PC200200,53,20,0,0,1,20,0,0,1,13.13118721,0.460297861
PC200200,54,20,0,0,1,20,0,0,1,11.06472447,0.358225452
PC200200,55,20,0,0,1,20,0,0,1,9.644939262,0.182798111
PC200200,56,20,0,0,1,20,0,0,1,7.869322542,0.261031708
PC200200,57,20,0,0,1,20,0,0,1,6.389389308,0.188112339
PC200200,58,20,0,0,1,20,0,0,1,5.365578105,0.164220935
PC200200,59,20,0,0,1,20,0,0,1,4.385074548,0.14562174
PC200200,60,20,0,0,1,20,0,0,1,3.562057153,0.056381296
PC200200,61,20,0,0,1,20,0,0,1,2.729062793,0.097811032
PC200200,62,20,0,0,1,20,0,0,1,2.322570293,0.070195173
PC200200,63,20,0,0,1,20,0,0,1,1.762292177,0.035595562
PC200200,64,20,0,0,1,20,0,0,1,1.36284665,0.025952511
PC200200,65,20,0,0,1,20,0,0,1,1.083252977,0.033766173
PC200200,66,20,0,0,1,20,0,0,1,0.782247911,0.0147049
PC200200,67,20,0,0,1,20,0,0,1,0.64956894,0.010000815
PC200200,68,20,0,0,1,20,0,0,1,0.49137392,0.015955862
PC200200,69,20,0,0,1,20,0,0,1,0.376600703,0.008274922
PC200200,70,20,0,0,1,20,0,0,1,0.244961971,0.009249405
PC204204,10,20,4,5,1,20,4,5,1,1.312681585,0.011762522
PC204204,11,20,4,5,1,20,4,5,1,1.718004735,0.012429619
PC204204,12,20,4,5,1,20,4,5,1,2.500387886,0.025573107
PC204204,13,20,4,5,1,20,4,5,1,3.524207432,0.058973349
PC204204,14,20,4,5,1,20,4,5,1,4.925899851,0.061601623
PC204204,15,20,4,5,1,20,4,5,1,7.252100895,0.078262687
PC204204,16,20,4,5,1,20,4,5,1,10.37577078,0.12688345
PC204204,17,20,4,5,1,20,4,5,1,14.03322925,0.18874948
PC204204,18,20,4,5,1,20,4,5,1,18.96731714,0.322356435
PC204204,19,20,4,5,1,20,4,5,1,24.30826202,0.663433387
PC204204,20,20,4,5,1,20,4,5,1,29.68067399,0.906274024
PC204204,21,20,4,5,1,20,4,5,1,34.42969254,1.012680495
PC204204,22,20,4,5,1,20,4,5,1,38.6181402,1.65897261
PC204204,23,20,4,5,1,20,4,5,1,41.2933547,0.447177525
PC204204,24,20,4,5,1,20,4,5,1,42.82870495,2.624769353
PC204204,25,20,4,5,1,20,4,5,1,42.98995736,2.248808746
PC204204,26,20,4,5,1,20,4,5,1,42.30650777,1.135478329
PC204204,27,20,4,5,1,20,4,5,1,40.38365522,1.620976936
PC204204,28,20,4,5,1,20,4,5,1,38.50204137,1.086756175
PC204204,29,20,4,5,1,20,4,5,1,35.75274783,1.374896423
PC204204,30,20,4,5,1,20,4,5,1,32.74774608,0.789363409
PC204204,31,20,4,5,1,20,4,5,1,30.15354071,0.76159885
PC204204,32,20,4,5,1,20,4,5,1,27.06435206,0.534156431
PC204204,33,20,4,5,1,20,4,5,1,24.03959263,0.459133064
PC204204,34,20,4,5,1,20,4,5,1,21.70415462,0.73855994
PC204204,35,20,4,5,1,20,4,5,1,18.95790546,0.519920329
PC204204,36,20,4,5,1,20,4,5,1,16.68540069,0.719440991
PC204204,37,20,4,5,1,20,4,5,1,14.34149559,0.279013904
PC204204,38,20,4,5,1,20,4,5,1,12.24427116,0.08896178
PC204204,39,20,4,5,1,20,4,5,1,10.48865623,0.100889237
PC204204,40,20,4,5,1,20,4,5,1,8.884971774,0.183984028
PC204204,41,20,4,5,1,20,4,5,1,7.385938526,0.165393967
PC204204,42,20,4,5,1,20,4,5,1,6.062420684,0.104708008
PC204204,43,20,4,5,1,20,4,5,1,5.108569074,0.089549623
PC204204,44,20,4,5,1,20,4,5,1,4.091687112,0.024524734
PC204204,45,20,4,5,1,20,4,5,1,3.369836014,0.030007242
PC204204,46,20,4,5,1,20,4,5,1,2.599017593,0.028907107
PC204204,47,20,4,5,1,20,4,5,1,2.148261666,0.022371825
PC204204,48,20,4,5,1,20,4,5,1,1.764388701,0.018034403
PC204204,49,20,4,5,1,20,4,5,1,1.350971263,0.013902168
PC204204,50,20,4,5,1,20,4,5,1,1.027394694,0.022114755
PC204204,51,20,4,5,1,20,4,5,1,0.799653144,0.010634949
PC204204,52,20,4,5,1,20,4,5,1,0.643121094,0.006772684
PC204204,53,20,4,5,1,20,4,5,1,0.496829035,0.009668154
PC204204,54,20,4,5,1,20,4,5,1,0.333735178,0.005447116
PC204204,55,20,4,5,1,20,4,5,1,0.293965638,0.002063827
PC204204,56,20,4,5,1,20,4,5,1,0.191553126,0.003136326
PC204204,57,20,4,5,1,20,4,5,1,0.137497369,0.002325284
PC204204,58,20,4,5,1,20,4,5,1,0.103437742,0.003184817
PC204204,59,20,4,5,1,20,4,5,1,0.037592006,0.001005501
PC204204,60,20,4,5,1,20,4,5,1,0.019911405,0.000569439
PC204204,61,20,4,5,1,20,4,5,1,0.018646518,0.002211984
PC220220,10,22,0,0,1,22,0,0,1,0.973285164,0.014047411
PC220220,11,22,0,0,1,22,0,0,1,1.187248789,0.015523487
PC220220,12,22,0,0,1,22,0,0,1,1.497398875,0.037877977
PC220220,13,22,0,0,1,22,0,0,1,2.136433075,0.023324782
PC220220,14,22,0,0,1,22,0,0,1,2.881702099,0.154398053
PC220220,15,22,0,0,1,22,0,0,1,3.963286943,0.076164761
PC220220,16,22,0,0,1,22,0,0,1,5.420189618,0.042293549
PC220220,17,22,0,0,1,22,0,0,1,7.471441922,0.258884272
PC220220,18,22,0,0,1,22,0,0,1,10.87917639,0.283339128
PC220220,19,22,0,0,1,22,0,0,1,15.26933377,2.077332574
PC220220,20,22,0,0,1,22,0,0,1,20.05099405,0.627555735
PC220220,21,22,0,0,1,22,0,0,1,25.42252721,0.763243916
PC220220,22,22,0,0,1,22,0,0,1,31.65827521,1.274782356
PC220220,23,22,0,0,1,22,0,0,1,38.42519149,1.478195684
PC220220,24,22,0,0,1,22,0,0,1,44.38747707,1.734483406
PC220220,25,22,0,0,1,22,0,0,1,49.21398527,1.902231037
PC220220,26,22,0,0,1,22,0,0,1,54.06075584,4.258154317
PC220220,27,22,0,0,1,22,0,0,1,57.55374779,2.749432706
PC220220,28,22,0,0,1,22,0,0,1,59.86151819,2.53523373
PC220220,29,22,0,0,1,22,0,0,1,61.76623869,5.157055797
PC220220,30,22,0,0,1,22,0,0,1,61.66808835,4.92689392
PC220220,31,22,0,0,1,22,0,0,1,62.09573331,3.559110964
PC220220,32,22,0,0,1,22,0,0,1,61.51194223,4.676056391
PC220220,33,22,0,0,1,22,0,0,1,60.55581134,5.178302212
PC220220,34,22,0,0,1,22,0,0,1,59.80754748,4.651523813
PC220220,35,22,0,0,1,22,0,0,1,58.4012886,4.300479231
PC220220,36,22,0,0,1,22,0,0,1,58.48810813,5.710319158
PC220220,37,22,0,0,1,22,0,0,1,55.987341,3.425943667
PC220220,38,22,0,0,1,22,0,0,1,53.88423809,4.686928175
PC220220,39,22,0,0,1,22,0,0,1,51.75282035,3.182624229
PC220220,40,22,0,0,1,22,0,0,1,49.50059434,2.012185915
PC220220,41,22,0,0,1,22,0,0,1,46.4935735,4.586413247
PC220220,42,22,0,0,1,22,0,0,1,43.85283217,1.866813985
PC220220,43,22,0,0,1,22,0,0,1,40.65423178,1.201456231
PC220220,44,22,0,0,1,22,0,0,1,37.4210628,1.785503499
PC220220,45,22,0,0,1,22,0,0,1,34.54652816,1.015828737
PC220220,46,22,0,0,1,22,0,0,1,31.0609041,0.537031054
PC220220,47,22,0,0,1,22,0,0,1,28.06165606,1.003483231
PC220220,48,22,0,0,1,22,0,0,1,24.89753247,0.779766039
PC220220,49,22,0,0,1,22,0,0,1,21.7119396,0.615403592
PC220220,50,22,0,0,1,22,0,0,1,19.25997658,0.358674548
PC220220,51,22,0,0,1,22,0,0,1,16.02976248,0.539114256
PC220220,52,22,0,0,1,22,0,0,1,14.13305905,0.419163536
PC220220,53,22,0,0,1,22,0,0,1,11.61901996,0.302109391
PC220220,54,22,0,0,1,22,0,0,1,9.897227224,0.258774839
PC220220,55,22,0,0,1,22,0,0,1,8.279298814,0.221073437
PC220220,56,22,0,0,1,22,0,0,1,6.511753744,0.10464092
PC220220,57,22,0,0,1,22,0,0,1,5.363570201,0.063304846
PC220220,58,22,0,0,1,22,0,0,1,4.436214236,0.037655469
PC220220,59,22,0,0,1,22,0,0,1,3.467254906,0.064482907
PC220220,60,22,0,0,1,22,0,0,1,2.782323332,0.04102346
PC220220,61,22,0,0,1,22,0,0,1,2.160259038,0.126731181
PC220220,62,22,0,0,1,22,0,0,1,1.603391229,0.040398717
PC220220,63,22,0,0,1,22,0,0,1,1.291732818,0.023603386
PC220220,64,22,0,0,1,22,0,0,1,1.027913437,0.02072349
PC220220,65,22,0,0,1,22,0,0,1,0.727311593,0.005009732
PC220220,66,22,0,0,1,22,0,0,1,0.547588643,0.010863796
PC220220,67,22,0,0,1,22,0,0,1,0.39356618,0.006362323
PC220220,68,22,0,0,1,22,0,0,1,0.30729166,0.003753924
PC220220,69,22,0,0,1,22,0,0,1,0.205574208,0.003654623
PC220220,70,22,0,0,1,22,0,0,1,0.11924951,0.0024736
PC226226,10,22,6,4,1,22,6,4,1,0.928845054,0.015062451
PC226226,11,22,6,4,1,22,6,4,1,1.208618062,0.017008259
PC226226,12,22,6,4,1,22,6,4,1,1.92605747,0.043593517
PC226226,13,22,6,4,1,22,6,4,1,2.887298957,0.046750787
PC226226,14,22,6,4,1,22,6,4,1,4.346918026,0.047989253
PC226226,15,22,6,4,1,22,6,4,1,6.537678732,0.153501776
PC226226,16,22,6,4,1,22,6,4,1,8.985751668,0.157076936
PC226226,17,22,6,4,1,22,6,4,1,12.10340452,0.366339223
PC226226,18,22,6,4,1,22,6,4,1,16.15166166,0.487616312
PC226226,19,22,6,4,1,22,6,4,1,20.14315151,0.589202743
PC226226,20,22,6,4,1,22,6,4,1,22.98799709,0.553700946
PC226226,21,22,6,4,1,22,6,4,1,25.07952634,0.903908218
PC226226,22,22,6,4,1,22,6,4,1,26.13234032,0.630021457
PC226226,23,22,6,4,1,22,6,4,1,25.52218402,0.620903193
PC226226,24,22,6,4,1,22,6,4,1,24.3125203,0.868421095
PC226226,25,22,6,4,1,22,6,4,1,22.49607722,0.301085455
PC226226,26,22,6,4,1,22,6,4,1,20.18593498,0.496071992
PC226226,27,22,6,4,1,22,6,4,1,17.24166239,0.487675744
PC226226,28,22,6,4,1,22,6,4,1,14.36280119,0.46021766
PC226226,29,22,6,4,1,22,6,4,1,12.30452789,0.214943987
PC226226,30,22,6,4,1,22,6,4,1,10.05350575,0.214681875
PC226226,31,22,6,4,1,22,6,4,1,8.212427489,0.167552671
PC226226,32,22,6,4,1,22,6,4,1,6.514263938,0.158054685
PC226226,33,22,6,4,1,22,6,4,1,5.243021236,0.111897457
PC226226,34,22,6,4,1,22,6,4,1,4.316021445,0.074775004
PC226226,35,22,6,4,1,22,6,4,1,3.235944125,0.055573953
PC226226,36,22,6,4,1,22,6,4,1,2.488583224,0.065755232
PC226226,37,22,6,4,1,22,6,4,1,1.858710747,0.029798851
PC226226,38,22,6,4,1,22,6,4,1,1.509165852,0.026192757
PC226226,39,22,6,4,1,22,6,4,1,1.037798387,0.006844961
PC226226,40,22,6,4,1,22,6,4,1,0.754690182,0.009075487
PC226226,41,22,6,4,1,22,6,4,1,0.543815145,0.008387686
PC226226,42,22,6,4,1,22,6,4,1,0.386501961,0.004146165
PC226226,43,22,6,4,1,22,6,4,1,0.281715768,0.001188046
PC226226,44,22,6,4,1,22,6,4,1,0.236448664,0.003824177
PC226226,45,22,6,4,1,22,6,4,1,0.144523461,0.004162878
PC226226,46,22,6,4,1,22,6,4,1,0.065461943,0.001582169
PC226226,47,22,6,4,1,22,6,4,1,0.031401435,0.002004519
PC226226,48,22,6,4,1,22,6,4,1,0.005808985,0.000268902
PC240240,10,24,0,0,1,24,0,0,1,0.860278456,0.013930137
PC240240,11,24,0,0,1,24,0,0,1,1.10720686,0.018161044
PC240240,12,24,0,0,1,24,0,0,1,1.377394077,0.031474333
PC240240,13,24,0,0,1,24,0,0,1,1.892264412,0.03455069
PC240240,14,24,0,0,1,24,0,0,1,2.499343702,0.043980828
PC240240,15,24,0,0,1,24,0,0,1,3.41655987,0.077695687
PC240240,16,24,0,0,1,24,0,0,1,4.928209697,0.103772254
PC240240,17,24,0,0,1,24,0,0,1,6.926698619,0.101402134
PC240240,18,24,0,0,1,24,0,0,1,9.938119571,0.248613042
PC240240,19,24,0,0,1,24,0,0,1,13.75008746,0.27433182
PC240240,20,24,0,0,1,24,0,0,1,18.57197549,0.36982412
PC240240,21,24,0,0,1,24,0,0,1,24.17703565,0.653143077
PC240240,22,24,0,0,1,24,0,0,1,30.84062964,0.982506464
PC240240,23,24,0,0,1,24,0,0,1,37.21971932,0.936592207
PC240240,24,24,0,0,1,24,0,0,1,43.84125734,0.790025316
PC240240,25,24,0,0,1,24,0,0,1,50.00120134,2.135543971
PC240240,26,24,0,0,1,24,0,0,1,54.39257628,1.206741156
PC240240,27,24,0,0,1,24,0,0,1,58.61957759,1.487306341
PC240240,28,24,0,0,1,24,0,0,1,61.15631977,1.875364135
PC240240,29,24,0,0,1,24,0,0,1,62.49904757,1.741570428
PC240240,30,24,0,0,1,24,0,0,1,62.96502829,1.599626949
PC240240,31,24,0,0,1,24,0,0,1,63.75587672,2.108180034
PC240240,32,24,0,0,1,24,0,0,1,63.63667567,2.342609125
PC240240,33,24,0,0,1,24,0,0,1,63.08538841,2.04836326
PC240240,34,24,0,0,1,24,0,0,1,62.32867698,1.998091377
PC240240,35,24,0,0,1,24,0,0,1,61.25940473,3.229815866
PC240240,36,24,0,0,1,24,0,0,1,59.69359687,2.109167756
PC240240,37,24,0,0,1,24,0,0,1,57.76580205,1.443125499
PC240240,38,24,0,0,1,24,0,0,1,55.61454691,1.571033535
PC240240,39,24,0,0,1,24,0,0,1,53.58881173,1.399599113
PC240240,40,24,0,0,1,24,0,0,1,50.91048691,1.027665214
PC240240,41,24,0,0,1,24,0,0,1,48.49468012,1.411515496
PC240240,42,24,0,0,1,24,0,0,1,45.35822478,1.350508624
PC240240,43,24,0,0,1,24,0,0,1,42.22954582,1.406969444
PC240240,44,24,0,0,1,24,0,0,1,38.84718821,1.105535759
PC240240,45,24,0,0,1,24,0,0,1,35.4231272,1.396543306
PC240240,46,24,0,0,1,24,0,0,1,31.6687352,0.713010314
PC240240,47,24,0,0,1,24,0,0,1,28.48053526,0.505477251
PC240240,48,24,0,0,1,24,0,0,1,25.06610828,0.724566864
PC240240,49,24,0,0,1,24,0,0,1,21.78177637,0.330069156
PC240240,50,24,0,0,1,24,0,0,1,18.83648739,0.395774116
PC240240,51,24,0,0,1,24,0,0,1,16.04575936,0.318760937
PC240240,52,24,0,0,1,24,0,0,1,13.69645361,0.296175119
PC240240,53,24,0,0,1,24,0,0,1,11.46155025,0.197502314
PC240240,54,24,0,0,1,24,0,0,1,9.437437405,0.176080339
PC240240,55,24,0,0,1,24,0,0,1,7.606497492,0.112237617
PC240240,56,24,0,0,1,24,0,0,1,6.152840175,0.114430348
PC240240,57,24,0,0,1,24,0,0,1,4.908115375,0.047241448
PC240240,58,24,0,0,1,24,0,0,1,3.819822098,0.024894777
PC240240,59,24,0,0,1,24,0,0,1,3.032991816,0.054602377
PC240240,60,24,0,0,1,24,0,0,1,2.344502499,0.021711951
PC240240,61,24,0,0,1,24,0,0,1,1.799088598,0.028994999
PC240240,62,24,0,0,1,24,0,0,1,1.388473899,0.017167171
PC240240,63,24,0,0,1,24,0,0,1,1.056351543,0.014111295
PC240240,64,24,0,0,1,24,0,0,1,0.741372634,0.015638683
PC240240,65,24,0,0,1,24,0,0,1,0.573708058,0.009233728
PC240240,66,24,0,0,1,24,0,0,1,0.394051,0.006957871
PC240240,67,24,0,0,1,24,0,0,1,0.27763771,0.002787134
PC240240,68,24,0,0,1,24,0,0,1,0.182264302,0.005921711
PC240240,69,24,0,0,1,24,0,0,1,0.15262462,0.004795309
PC240240,70,24,0,0,1,24,0,0,1,0.060198638,0.002328584
PC120130,10,12,0,0,1,13,0,0,0,0.442575437,0.002924545
PC120130,11,12,0,0,1,13,0,0,0,0.604455412,0.012850856
PC120130,12,12,0,0,1,13,0,0,0,0.797452415,0.015910109
PC120130,13,12,0,0,1,13,0,0,0,0.986099711,0.01328578
PC120130,14,12,0,0,1,13,0,0,0,1.387504672,0.013013828
PC120130,15,12,0,0,1,13,0,0,0,1.828262097,0.029258828
PC120130,16,12,0,0,1,13,0,0,0,2.476157054,0.02269709
PC120130,17,12,0,0,1,13,0,0,0,3.338349395,0.061226962
PC120130,18,12,0,0,1,13,0,0,0,4.333555304,0.094753135
PC120130,19,12,0,0,1,13,0,0,0,5.395893496,0.138357227
PC120130,20,12,0,0,1,13,0,0,0,6.667604907,0.181277557
PC120130,21,12,0,0,1,13,0,0,0,7.958186453,0.543202274
PC120130,22,12,0,0,1,13,0,0,0,9.3044531,0.52090867
PC120130,23,12,0,0,1,13,0,0,0,10.45447903,0.361999509
PC120130,24,12,0,0,1,13,0,0,0,11.18895072,0.327435587
PC120130,25,12,0,0,1,13,0,0,0,12.03546657,0.568180675
PC120130,26,12,0,0,1,13,0,0,0,12.98463346,3.446371513
PC120130,27,12,0,0,1,13,0,0,0,13.20733213,0.797452495
PC120130,28,12,0,0,1,13,0,0,0,13.27332465,0.605728292
PC120130,29,12,0,0,1,13,0,0,0,13.53669645,0.457176961
PC120130,30,12,0,0,1,13,0,0,0,13.55983849,0.7741949
PC120130,31,12,0,0,1,13,0,0,0,13.63956916,0.660942989
PC120130,32,12,0,0,1,13,0,0,0,13.42465959,0.662026676
PC120130,33,12,0,0,1,13,0,0,0,13.31140232,0.453843739
PC120130,34,12,0,0,1,13,0,0,0,13.24863851,0.699082336
PC120130,35,12,0,0,1,13,0,0,0,12.90051012,0.979534439
PC120130,36,12,0,0,1,13,0,0,0,12.71248621,0.633798779
PC120130,37,12,0,0,1,13,0,0,0,12.44606933,0.329279028
PC120130,38,12,0,0,1,13,0,0,0,12.02731972,0.695372629
PC120130,39,12,0,0,1,13,0,0,0,11.7453529,0.410834951
PC120130,40,12,0,0,1,13,0,0,0,11.09365179,0.501448276
PC120130,41,12,0,0,1,13,0,0,0,10.6496094,0.424137856
PC120130,42,12,0,0,1,13,0,0,0,10.36006352,0.323536687
PC120130,43,12,0,0,1,13,0,0,0,9.676961466,0.358152881
PC120130,44,12,0,0,1,13,0,0,0,9.330338973,0.172348134
PC120130,45,12,0,0,1,13,0,0,0,8.7804918,0.292623957
PC120130,46,12,0,0,1,13,0,0,0,8.474750179,0.382631032
PC120130,47,12,0,0,1,13,0,0,0,7.758265262,0.296190269
PC120130,48,12,0,0,1,13,0,0,0,7.141256426,0.333285534
PC120130,49,12,0,0,1,13,0,0,0,7.016394737,0.771180255
PC120130,50,12,0,0,1,13,0,0,0,6.25845652,0.195166836
PC120130,51,12,0,0,1,13,0,0,0,5.683526444,0.194747835
PC120130,52,12,0,0,1,13,0,0,0,5.262622118,0.152753724
PC120130,53,12,0,0,1,13,0,0,0,4.757175075,0.126001295
PC120130,54,12,0,0,1,13,0,0,0,4.368947025,0.061726675
PC120130,55,12,0,0,1,13,0,0,0,4.000513258,0.107936457
PC120130,56,12,0,0,1,13,0,0,0,3.512723546,0.065110226
PC120130,57,12,0,0,1,13,0,0,0,3.164054196,0.060923784
PC120130,58,12,0,0,1,13,0,0,0,2.900969242,0.037704679
PC120130,59,12,0,0,1,13,0,0,0,2.521909945,0.060117001
PC120130,60,12,0,0,1,13,0,0,0,2.315974902,0.023785659
PC120130,61,12,0,0,1,13,0,0,0,1.981325828,0.031467692
PC120130,62,12,0,0,1,13,0,0,0,1.78607798,0.047800795
PC120130,63,12,0,0,1,13,0,0,0,1.538056015,0.029222528
PC120130,64,12,0,0,1,13,0,0,0,1.364115217,0.015330684
PC120130,65,12,0,0,1,13,0,0,0,1.169431693,0.026150441
PC120130,66,12,0,0,1,13,0,0,0,0.942295661,0.020625024
PC120130,67,12,0,0,1,13,0,0,0,0.824505342,0.014088701
PC120130,68,12,0,0,1,13,0,0,0,0.781517962,0.010064481
PC120130,69,12,0,0,1,13,0,0,0,0.616616551,0.008903197
PC120130,70,12,0,0,1,13,0,0,0,0.552270122,0.007752977
PC140180,10,14,0,0,1,18,0,0,0,0.386755626,0.005641762
PC140180,11,14,0,0,1,18,0,0,0,0.434359619,0.011824259
PC140180,12,14,0,0,1,18,0,0,0,0.589082694,0.010597966
PC140180,13,14,0,0,1,18,0,0,0,0.794439655,0.013261885
PC140180,14,14,0,0,1,18,0,0,0,1.083086419,0.019201223
PC140180,15,14,0,0,1,18,0,0,0,1.530352705,0.023838433
PC140180,16,14,0,0,1,18,0,0,0,2.099272349,0.028921055
PC140180,17,14,0,0,1,18,0,0,0,2.749679542,0.070659215
PC140180,18,14,0,0,1,18,0,0,0,3.800575639,0.086783692
PC140180,19,14,0,0,1,18,0,0,0,5.019371312,0.085777832
PC140180,20,14,0,0,1,18,0,0,0,6.337107954,0.213824706
PC140180,21,14,0,0,1,18,0,0,0,7.813227147,0.208236027
PC140180,22,14,0,0,1,18,0,0,0,9.183317157,0.167657165
PC140180,23,14,0,0,1,18,0,0,0,10.64610831,0.357610697
PC140180,24,14,0,0,1,18,0,0,0,11.72689429,0.178870971
PC140180,25,14,0,0,1,18,0,0,0,13.03634899,0.443042858
PC140180,26,14,0,0,1,18,0,0,0,13.86080323,0.572952371
PC140180,27,14,0,0,1,18,0,0,0,14.29451157,0.408615855
PC140180,28,14,0,0,1,18,0,0,0,15.01383692,0.415458786
PC140180,29,14,0,0,1,18,0,0,0,15.44571243,0.569782467
PC140180,30,14,0,0,1,18,0,0,0,15.17629536,0.256778805
PC140180,31,14,0,0,1,18,0,0,0,15.28428717,0.361808713
PC140180,32,14,0,0,1,18,0,0,0,15.2906212,0.541808374
PC140180,33,14,0,0,1,18,0,0,0,15.13353954,0.386958678
PC140180,34,14,0,0,1,18,0,0,0,15.14455649,0.280106808
PC140180,35,14,0,0,1,18,0,0,0,14.88157842,0.41811686
PC140180,36,14,0,0,1,18,0,0,0,14.46359319,0.39431509
PC140180,37,14,0,0,1,18,0,0,0,14.16352175,0.57686319
PC140180,38,14,0,0,1,18,0,0,0,13.57781791,0.42394499
PC140180,39,14,0,0,1,18,0,0,0,13.33449148,0.335634574
PC140180,40,14,0,0,1,18,0,0,0,12.56628248,0.346800243
PC140180,41,14,0,0,1,18,0,0,0,12.09131388,0.163510105
PC140180,42,14,0,0,1,18,0,0,0,11.63004487,0.208998226
PC140180,43,14,0,0,1,18,0,0,0,11.00595268,0.169203076
PC140180,44,14,0,0,1,18,0,0,0,10.38809695,0.394060099
PC140180,45,14,0,0,1,18,0,0,0,9.500986474,0.16147035
PC140180,46,14,0,0,1,18,0,0,0,9.062639351,0.193130886
PC140180,47,14,0,0,1,18,0,0,0,8.373458661,0.073513054
PC140180,48,14,0,0,1,18,0,0,0,7.848202303,0.217801656
PC140180,49,14,0,0,1,18,0,0,0,7.173475985,0.177618545
PC140180,50,14,0,0,1,18,0,0,0,6.60534921,0.138047349
PC140180,51,14,0,0,1,18,0,0,0,5.876807151,0.146333769
PC140180,52,14,0,0,1,18,0,0,0,5.3717837,0.142166358
PC140180,53,14,0,0,1,18,0,0,0,4.671859769,0.119726501
PC140180,54,14,0,0,1,18,0,0,0,4.371786776,0.088341217
PC140180,55,14,0,0,1,18,0,0,0,3.842416617,0.117620276
PC140180,56,14,0,0,1,18,0,0,0,3.46684452,0.072384582
PC140180,57,14,0,0,1,18,0,0,0,3.005734823,0.086328322
PC140180,58,14,0,0,1,18,0,0,0,2.583487147,0.065905274
PC140180,59,14,0,0,1,18,0,0,0,2.248487528,0.038700775
PC140180,60,14,0,0,1,18,0,0,0,1.956610721,0.035831876
PC140180,61,14,0,0,1,18,0,0,0,1.678318152,0.017830617
PC140180,62,14,0,0,1,18,0,0,0,1.531191693,0.046298382
PC140180,63,14,0,0,1,18,0,0,0,1.314745586,0.024320275
PC140180,64,14,0,0,1,18,0,0,0,1.087979711,0.030534572
PC140180,65,14,0,0,1,18,0,0,0,0.871132054,0.018323687
PC140180,66,14,0,0,1,18,0,0,0,0.763263658,0.016989378
PC140180,67,14,0,0,1,18,0,0,0,0.626661231,0.021601284
PC140180,68,14,0,0,1,18,0,0,0,0.548455212,0.009609945
PC140180,69,14,0,0,1,18,0,0,0,0.441353265,0.012293336
PC140180,70,14,0,0,1,18,0,0,0,0.344727051,0.002941393
PC160140,10,16,0,0,1,14,0,0,0,0.37839477,0.006577354
PC160140,11,16,0,0,1,14,0,0,0,0.537829291,0.0217098
PC160140,12,16,0,0,1,14,0,0,0,0.619009921,0.02845552
PC160140,13,16,0,0,1,14,0,0,0,0.903623375,0.032906777
PC160140,14,16,0,0,1,14,0,0,0,1.148442742,0.034563428
PC160140,15,16,0,0,1,14,0,0,0,1.654939436,0.079836326
PC160140,16,16,0,0,1,14,0,0,0,2.101792756,0.067522573
PC160140,17,16,0,0,1,14,0,0,0,2.942024974,0.050951689
PC160140,18,16,0,0,1,14,0,0,0,4.010326689,0.07417912
PC160140,19,16,0,0,1,14,0,0,0,5.218409997,0.304076081
PC160140,20,16,0,0,1,14,0,0,0,6.292258951,0.383793107
PC160140,21,16,0,0,1,14,0,0,0,7.800204742,0.346750243
PC160140,22,16,0,0,1,14,0,0,0,9.066933214,0.354616863
PC160140,23,16,0,0,1,14,0,0,0,10.8000227,0.889962427
PC160140,24,16,0,0,1,14,0,0,0,12.17605621,0.671001784
PC160140,25,16,0,0,1,14,0,0,0,12.99170611,0.599242234
PC160140,26,16,0,0,1,14,0,0,0,14.54671497,1.415929081
PC160140,27,16,0,0,1,14,0,0,0,14.94803583,1.115969494
PC160140,28,16,0,0,1,14,0,0,0,15.60041985,1.731161727
PC160140,29,16,0,0,1,14,0,0,0,15.64959475,0.952308707
PC160140,30,16,0,0,1,14,0,0,0,15.92808415,1.493713146
PC160140,31,16,0,0,1,14,0,0,0,16.61143891,0.404284372
PC160140,32,16,0,0,1,14,0,0,0,16.49939023,0.768665185
PC160140,33,16,0,0,1,14,0,0,0,16.33571679,1.087736358
PC160140,34,16,0,0,1,14,0,0,0,15.67705186,0.774244374
PC160140,35,16,0,0,1,14,0,0,0,15.56868149,0.872931134
PC160140,36,16,0,0,1,14,0,0,0,15.66224676,0.876324058
PC160140,37,16,0,0,1,14,0,0,0,15.2435339,1.289586837
PC160140,38,16,0,0,1,14,0,0,0,14.94202279,1.187999496
PC160140,39,16,0,0,1,14,0,0,0,14.24343279,0.973141113
PC160140,40,16,0,0,1,14,0,0,0,13.89284903,1.117085133
PC160140,41,16,0,0,1,14,0,0,0,13.18132862,1.069368781
PC160140,42,16,0,0,1,14,0,0,0,12.45384756,0.515735476
PC160140,43,16,0,0,1,14,0,0,0,11.62522105,0.567632148
PC160140,44,16,0,0,1,14,0,0,0,10.90294783,0.582117904
PC160140,45,16,0,0,1,14,0,0,0,10.50453125,0.870794265
PC160140,46,16,0,0,1,14,0,0,0,9.678151628,0.459355034
PC160140,47,16,0,0,1,14,0,0,0,9.004234411,0.53471282
PC160140,48,16,0,0,1,14,0,0,0,8.163873643,0.377627178
PC160140,49,16,0,0,1,14,0,0,0,7.225240149,0.260047362
PC160140,50,16,0,0,1,14,0,0,0,6.896632941,0.280620007
PC160140,51,16,0,0,1,14,0,0,0,6.177773334,0.155451057
PC160140,52,16,0,0,1,14,0,0,0,5.621318392,0.123331017
PC160140,53,16,0,0,1,14,0,0,0,4.958891938,0.167290699
PC160140,54,16,0,0,1,14,0,0,0,4.296811039,0.11758523
PC160140,55,16,0,0,1,14,0,0,0,3.747072852,0.075154878
PC160140,56,16,0,0,1,14,0,0,0,3.149034276,0.113988876
PC160140,57,16,0,0,1,14,0,0,0,2.829817619,0.145861989
PC160140,58,16,0,0,1,14,0,0,0,2.427580837,0.048716739
PC160140,59,16,0,0,1,14,0,0,0,2.035149998,0.065444703
PC160140,60,16,0,0,1,14,0,0,0,1.73577413,0.030206147
PC160140,61,16,0,0,1,14,0,0,0,1.519459957,0.019168345
PC160140,62,16,0,0,1,14,0,0,0,1.204542182,0.034482535
PC160140,63,16,0,0,1,14,0,0,0,1.012124047,0.024206161
PC160140,64,16,0,0,1,14,0,0,0,0.817077601,0.018274206
PC160140,65,16,0,0,1,14,0,0,0,0.732993442,0.0156468
PC160140,66,16,0,0,1,14,0,0,0,0.58362097,0.009955813
PC160140,67,16,0,0,1,14,0,0,0,0.514285719,0.017513518
PC160140,68,16,0,0,1,14,0,0,0,0.381551294,0.008711543
PC160140,69,16,0,0,1,14,0,0,0,0.318676138,0.006698383
PC160140,70,16,0,0,1,14,0,0,0,0.179799465,0.010484206
PC160180,10,16,0,0,1,18,0,0,0,0.36535947,0.003901136
PC160180,11,16,0,0,1,18,0,0,0,0.491648865,0.007440269
PC160180,12,16,0,0,1,18,0,0,0,0.609784133,0.008409388
PC160180,13,16,0,0,1,18,0,0,0,0.824842329,0.013264723
PC160180,14,16,0,0,1,18,0,0,0,1.113312302,0.027674174
PC160180,15,16,0,0,1,18,0,0,0,1.550816223,0.042047128
PC160180,16,16,0,0,1,18,0,0,0,2.115788133,0.042810063
PC160180,17,16,0,0,1,18,0,0,0,3.050560729,0.062139964
PC160180,18,16,0,0,1,18,0,0,0,4.141248361,0.084440355
PC160180,19,16,0,0,1,18,0,0,0,5.134505373,0.096022229
PC160180,20,16,0,0,1,18,0,0,0,6.740817889,0.180346137
PC160180,21,16,0,0,1,18,0,0,0,8.304960852,0.14948533
PC160180,22,16,0,0,1,18,0,0,0,9.912301243,0.192825008
PC160180,23,16,0,0,1,18,0,0,0,11.35814138,0.78980131
PC160180,24,16,0,0,1,18,0,0,0,13.28075448,0.566681572
PC160180,25,16,0,0,1,18,0,0,0,14.36710459,0.41499113
PC160180,26,16,0,0,1,18,0,0,0,15.20885438,0.428177549
PC160180,27,16,0,0,1,18,0,0,0,15.94875622,0.542776459
PC160180,28,16,0,0,1,18,0,0,0,16.74633997,0.736828315
PC160180,29,16,0,0,1,18,0,0,0,16.8067959,0.584339957
PC160180,30,16,0,0,1,18,0,0,0,17.69082025,1.776682271
PC160180,31,16,0,0,1,18,0,0,0,16.96441513,0.281232408
PC160180,32,16,0,0,1,18,0,0,0,17.4082837,1.044587153
PC160180,33,16,0,0,1,18,0,0,0,17.15886932,0.974553586
PC160180,34,16,0,0,1,18,0,0,0,16.92808149,0.913293028
PC160180,35,16,0,0,1,18,0,0,0,16.5189539,0.670165643
PC160180,36,16,0,0,1,18,0,0,0,16.27140798,0.514363283
PC160180,37,16,0,0,1,18,0,0,0,15.76106871,1.157137494
PC160180,38,16,0,0,1,18,0,0,0,15.76676506,0.731710846
PC160180,39,16,0,0,1,18,0,0,0,14.55594701,0.546976569
PC160180,40,16,0,0,1,18,0,0,0,14.23648078,0.270891048
PC160180,41,16,0,0,1,18,0,0,0,13.68618365,0.517343473
PC160180,42,16,0,0,1,18,0,0,0,13.45773654,2.292021237
PC160180,43,16,0,0,1,18,0,0,0,12.12289242,0.438424829
PC160180,44,16,0,0,1,18,0,0,0,11.29579155,0.313352011
PC160180,45,16,0,0,1,18,0,0,0,10.43827403,0.446871139
PC160180,46,16,0,0,1,18,0,0,0,10.09835962,0.231361461
PC160180,47,16,0,0,1,18,0,0,0,8.951031976,0.131691191
PC160180,48,16,0,0,1,18,0,0,0,8.300854127,0.176164568
PC160180,49,16,0,0,1,18,0,0,0,7.581052347,0.248425619
PC160180,50,16,0,0,1,18,0,0,0,6.887445141,0.21507871
PC160180,51,16,0,0,1,18,0,0,0,6.275875373,0.229988188
PC160180,52,16,0,0,1,18,0,0,0,5.51695603,0.21739284
PC160180,53,16,0,0,1,18,0,0,0,4.894795083,0.140478411
PC160180,54,16,0,0,1,18,0,0,0,4.328383371,0.152068337
PC160180,55,16,0,0,1,18,0,0,0,3.772687463,0.083271495
PC160180,56,16,0,0,1,18,0,0,0,3.37252523,0.057349818
PC160180,57,16,0,0,1,18,0,0,0,2.876926683,0.08989311
PC160180,58,16,0,0,1,18,0,0,0,2.369181541,0.048427019
PC160180,59,16,0,0,1,18,0,0,0,2.058419551,0.038613824
PC160180,60,16,0,0,1,18,0,0,0,1.66215572,0.019626413
PC160180,61,16,0,0,1,18,0,0,0,1.468489268,0.03219677
PC160180,62,16,0,0,1,18,0,0,0,1.213842227,0.03042907
PC160180,63,16,0,0,1,18,0,0,0,1.018431652,0.006791013
PC160180,64,16,0,0,1,18,0,0,0,0.847337068,0.014869251
PC160180,65,16,0,0,1,18,0,0,0,0.729584619,0.013674066
PC160180,66,16,0,0,1,18,0,0,0,0.619936246,0.010480068
PC160180,67,16,0,0,1,18,0,0,0,0.458710215,0.009931265
PC160180,68,16,0,0,1,18,0,0,0,0.369620276,0.005814427
PC160180,69,16,0,0,1,18,0,0,0,0.281620794,0.009547623
PC160180,70,16,0,0,1,18,0,0,0,0.26372196,0.005813613
PC160204,10,16,0,0,1,20,4,5,0,0.358655041,0.005505446
PC160204,11,16,0,0,1,20,4,5,0,0.556561778,0.006759701
PC160204,12,16,0,0,1,20,4,5,0,0.642368682,0.012741639
PC160204,13,16,0,0,1,20,4,5,0,0.940839762,0.019227706
PC160204,14,16,0,0,1,20,4,5,0,1.246082117,0.02253195
PC160204,15,16,0,0,1,20,4,5,0,1.799735649,0.031540607
PC160204,16,16,0,0,1,20,4,5,0,2.369088294,0.031483215
PC160204,17,16,0,0,1,20,4,5,0,3.518889472,0.091264493
PC160204,18,16,0,0,1,20,4,5,0,4.656308654,0.123571773
PC160204,19,16,0,0,1,20,4,5,0,6.048644934,0.220589915
PC160204,20,16,0,0,1,20,4,5,0,7.834787183,0.77121283
PC160204,21,16,0,0,1,20,4,5,0,9.398327687,0.684318101
PC160204,22,16,0,0,1,20,4,5,0,11.0320563,0.343885047
PC160204,23,16,0,0,1,20,4,5,0,12.61262435,0.397307618
PC160204,24,16,0,0,1,20,4,5,0,13.84876706,0.418511695
PC160204,25,16,0,0,1,20,4,5,0,15.17626582,0.459518907
PC160204,26,16,0,0,1,20,4,5,0,15.81354129,1.328807852
PC160204,27,16,0,0,1,20,4,5,0,16.45131989,0.598564504
PC160204,28,16,0,0,1,20,4,5,0,17.05442918,1.190935387
PC160204,29,16,0,0,1,20,4,5,0,17.295899,0.324751633
PC160204,30,16,0,0,1,20,4,5,0,17.26840482,0.516680093
PC160204,31,16,0,0,1,20,4,5,0,17.62866698,0.546689754
PC160204,32,16,0,0,1,20,4,5,0,17.30566236,0.58548097
PC160204,33,16,0,0,1,20,4,5,0,17.17781082,0.542767995
PC160204,34,16,0,0,1,20,4,5,0,17.1526626,2.224047211
PC160204,35,16,0,0,1,20,4,5,0,17.11520957,2.092163471
PC160204,36,16,0,0,1,20,4,5,0,16.36673922,1.082223507
PC160204,37,16,0,0,1,20,4,5,0,16.29073434,1.122214601
PC160204,38,16,0,0,1,20,4,5,0,15.52020373,2.121893993
PC160204,39,16,0,0,1,20,4,5,0,14.65811027,0.478962343
PC160204,40,16,0,0,1,20,4,5,0,14.41017532,1.07965842
PC160204,41,16,0,0,1,20,4,5,0,13.4515715,0.647397851
PC160204,42,16,0,0,1,20,4,5,0,12.65862592,0.313973653
PC160204,43,16,0,0,1,20,4,5,0,11.70577154,0.619346817
PC160204,44,16,0,0,1,20,4,5,0,11.03637048,0.260728688
PC160204,45,16,0,0,1,20,4,5,0,10.39539809,0.302949711
PC160204,46,16,0,0,1,20,4,5,0,9.565503763,0.376901021
PC160204,47,16,0,0,1,20,4,5,0,8.773851927,0.358226321
PC160204,48,16,0,0,1,20,4,5,0,8.080684926,0.204269241
PC160204,49,16,0,0,1,20,4,5,0,7.242231703,0.130938102
PC160204,50,16,0,0,1,20,4,5,0,6.457434587,0.085839914
PC160204,51,16,0,0,1,20,4,5,0,6.070932915,0.142285649
PC160204,52,16,0,0,1,20,4,5,0,5.268620526,0.078007559
PC160204,53,16,0,0,1,20,4,5,0,4.540120748,0.209184038
PC160204,54,16,0,0,1,20,4,5,0,4.029265934,0.102166695
PC160204,55,16,0,0,1,20,4,5,0,3.407764628,0.066837294
PC160204,56,16,0,0,1,20,4,5,0,2.980094532,0.042763434
PC160204,57,16,0,0,1,20,4,5,0,2.531479206,0.033344843
PC160204,58,16,0,0,1,20,4,5,0,2.200683592,0.054503516
PC160204,59,16,0,0,1,20,4,5,0,1.795900149,0.032567956
PC160204,60,16,0,0,1,20,4,5,0,1.538225067,0.035657504
PC160204,61,16,0,0,1,20,4,5,0,1.312903712,0.024469502
PC160204,62,16,0,0,1,20,4,5,0,1.049642971,0.015753984
PC160204,63,16,0,0,1,20,4,5,0,0.912203209,0.029586318
PC160204,64,16,0,0,1,20,4,5,0,0.756757062,0.015809661
PC160204,65,16,0,0,1,20,4,5,0,0.601986361,0.007804082
PC160204,66,16,0,0,1,20,4,5,0,0.477202991,0.012817092
PC160204,67,16,0,0,1,20,4,5,0,0.38949048,0.010733891
PC160204,68,16,0,0,1,20,4,5,0,0.336163129,0.006528036
PC160204,69,16,0,0,1,20,4,5,0,0.213201297,0.00409437
PC160204,70,16,0,0,1,20,4,5,0,0.180335942,0.006849475
PC160226,10,16,0,0,1,22,6,4,0,0.391630329,0.00494706
PC160226,11,16,0,0,1,22,6,4,0,0.53076118,0.009412686
PC160226,12,16,0,0,1,22,6,4,0,0.758076492,0.017323608
PC160226,13,16,0,0,1,22,6,4,0,0.982317667,0.008880296
PC160226,14,16,0,0,1,22,6,4,0,1.452438675,0.019544486
PC160226,15,16,0,0,1,22,6,4,0,1.93443277,0.031976736
PC160226,16,16,0,0,1,22,6,4,0,2.638383871,0.048993
PC160226,17,16,0,0,1,22,6,4,0,3.698818543,0.060245209
PC160226,18,16,0,0,1,22,6,4,0,4.911979255,0.045816017
PC160226,19,16,0,0,1,22,6,4,0,6.557934501,0.23687928
PC160226,20,16,0,0,1,22,6,4,0,8.26434907,0.073650009
PC160226,21,16,0,0,1,22,6,4,0,9.937695756,0.162653789
PC160226,22,16,0,0,1,22,6,4,0,11.46878552,0.197483023
PC160226,23,16,0,0,1,22,6,4,0,13.16086836,0.31347075
PC160226,24,16,0,0,1,22,6,4,0,14.24236976,0.301402931
PC160226,25,16,0,0,1,22,6,4,0,15.51640299,0.363296142
PC160226,26,16,0,0,1,22,6,4,0,16.13103227,0.352863766
PC160226,27,16,0,0,1,22,6,4,0,16.85983136,0.206749347
PC160226,28,16,0,0,1,22,6,4,0,17.1069213,0.484023756
PC160226,29,16,0,0,1,22,6,4,0,17.23000547,0.137963351
PC160226,30,16,0,0,1,22,6,4,0,17.37809099,0.262116839
PC160226,31,16,0,0,1,22,6,4,0,17.63575068,0.53304304
PC160226,32,16,0,0,1,22,6,4,0,17.55775068,0.427348127
PC160226,33,16,0,0,1,22,6,4,0,17.26876746,0.403216297
PC160226,34,16,0,0,1,22,6,4,0,17.2970419,0.382066836
PC160226,35,16,0,0,1,22,6,4,0,16.86943962,0.406227702
PC160226,36,16,0,0,1,22,6,4,0,16.53676471,0.610781729
PC160226,37,16,0,0,1,22,6,4,0,16.03843019,0.276071997
PC160226,38,16,0,0,1,22,6,4,0,15.28569976,0.319914472
PC160226,39,16,0,0,1,22,6,4,0,15.05384536,0.467754995
PC160226,40,16,0,0,1,22,6,4,0,14.03939026,0.20333947
PC160226,41,16,0,0,1,22,6,4,0,13.41916105,0.253235394
PC160226,42,16,0,0,1,22,6,4,0,12.75764689,0.185487769
PC160226,43,16,0,0,1,22,6,4,0,11.82827326,0.180527824
PC160226,44,16,0,0,1,22,6,4,0,10.99989694,0.183430581
PC160226,45,16,0,0,1,22,6,4,0,10.1381501,0.257818252
PC160226,46,16,0,0,1,22,6,4,0,9.428030452,0.166576094
PC160226,47,16,0,0,1,22,6,4,0,8.572209064,0.206980076
PC160226,48,16,0,0,1,22,6,4,0,7.844890723,0.16956101
PC160226,49,16,0,0,1,22,6,4,0,7.140377932,0.084823136
PC160226,50,16,0,0,1,22,6,4,0,6.529278028,0.167755477
PC160226,51,16,0,0,1,22,6,4,0,5.686650225,0.08778189
PC160226,52,16,0,0,1,22,6,4,0,5.01906859,0.098078344
PC160226,53,16,0,0,1,22,6,4,0,4.505274951,0.043778864
PC160226,54,16,0,0,1,22,6,4,0,3.896954499,0.111656506
PC160226,55,16,0,0,1,22,6,4,0,3.438749882,0.0733536
PC160226,56,16,0,0,1,22,6,4,0,2.937504181,0.034493031
PC160226,57,16,0,0,1,22,6,4,0,2.479001258,0.020381749
PC160226,58,16,0,0,1,22,6,4,0,2.091082595,0.043358469
PC160226,59,16,0,0,1,22,6,4,0,1.812224036,0.030595473
PC160226,60,16,0,0,1,22,6,4,0,1.532136481,0.039774313
PC160226,61,16,0,0,1,22,6,4,0,1.317013919,0.017991498
PC160226,62,16,0,0,1,22,6,4,0,1.109981283,0.004445751
PC160226,63,16,0,0,1,22,6,4,0,0.869890676,0.012314997
PC160226,64,16,0,0,1,22,6,4,0,0.718196458,0.017159488
PC160226,65,16,0,0,1,22,6,4,0,0.613921331,0.005314869
PC160226,66,16,0,0,1,22,6,4,0,0.46336924,0.003483899
PC160226,67,16,0,0,1,22,6,4,0,0.40799034,0.005016058
PC160226,68,16,0,0,1,22,6,4,0,0.304456239,0.003892334
PC160226,69,16,0,0,1,22,6,4,0,0.228327286,0.003564071
PC160226,70,16,0,0,1,22,6,4,0,0.213439404,0.002774833
PC170141,10,17,0,0,1,14,1,0,0,0.429764907,0.006585143
PC170141,11,17,0,0,1,14,1,0,0,0.49503606,0.005453516
PC170141,12,17,0,0,1,14,1,0,0,0.623557689,0.017489638
PC170141,13,17,0,0,1,14,1,0,0,0.934235467,0.024293232
PC170141,14,17,0,0,1,14,1,0,0,1.217865725,0.029427848
PC170141,15,17,0,0,1,14,1,0,0,1.624967236,0.026398954
PC170141,16,17,0,0,1,14,1,0,0,2.240232169,0.070418682
PC170141,17,17,0,0,1,14,1,0,0,2.994913489,0.120061422
PC170141,18,17,0,0,1,14,1,0,0,4.006563296,0.117894483
PC170141,19,17,0,0,1,14,1,0,0,5.156601741,0.211346389
PC170141,20,17,0,0,1,14,1,0,0,6.423317057,0.297481078
PC170141,21,17,0,0,1,14,1,0,0,7.818805865,0.313794646
PC170141,22,17,0,0,1,14,1,0,0,9.199831513,0.348298629
PC170141,23,17,0,0,1,14,1,0,0,10.86315441,0.420284907
PC170141,24,17,0,0,1,14,1,0,0,12.04379993,0.865328335
PC170141,25,17,0,0,1,14,1,0,0,13.06341998,0.689761888
PC170141,26,17,0,0,1,14,1,0,0,13.95405254,1.018925531
PC170141,27,17,0,0,1,14,1,0,0,14.60388229,0.862078598
PC170141,28,17,0,0,1,14,1,0,0,15.44069213,1.137904595
PC170141,29,17,0,0,1,14,1,0,0,15.41701168,1.894076269
PC170141,30,17,0,0,1,14,1,0,0,15.85647423,1.412582285
PC170141,31,17,0,0,1,14,1,0,0,16.16089969,1.928528683
PC170141,32,17,0,0,1,14,1,0,0,16.20842752,1.466693213
PC170141,33,17,0,0,1,14,1,0,0,15.78067073,1.257009049
PC170141,34,17,0,0,1,14,1,0,0,16.04218531,1.395876737
PC170141,35,17,0,0,1,14,1,0,0,15.47969094,1.156262481
PC170141,36,17,0,0,1,14,1,0,0,15.29512626,0.898653454
PC170141,37,17,0,0,1,14,1,0,0,15.06140676,1.363951742
PC170141,38,17,0,0,1,14,1,0,0,14.50131786,0.920762821
PC170141,39,17,0,0,1,14,1,0,0,14.2081327,0.944207173
PC170141,40,17,0,0,1,14,1,0,0,13.62620689,0.521933359
PC170141,41,17,0,0,1,14,1,0,0,12.71853811,0.790690691
PC170141,42,17,0,0,1,14,1,0,0,12.26378184,0.702998595
PC170141,43,17,0,0,1,14,1,0,0,11.78091853,0.55967585
PC170141,44,17,0,0,1,14,1,0,0,11.12043788,0.97706949
PC170141,45,17,0,0,1,14,1,0,0,10.12459773,0.687855724
PC170141,46,17,0,0,1,14,1,0,0,9.372297722,0.295738155
PC170141,47,17,0,0,1,14,1,0,0,8.644033198,0.372175032
PC170141,48,17,0,0,1,14,1,0,0,7.835541807,0.382214385
PC170141,49,17,0,0,1,14,1,0,0,7.278076382,0.497749956
PC170141,50,17,0,0,1,14,1,0,0,6.543952038,0.431113124
PC170141,51,17,0,0,1,14,1,0,0,5.833923597,0.200680972
PC170141,52,17,0,0,1,14,1,0,0,5.029076332,0.22334043
PC170141,53,17,0,0,1,14,1,0,0,4.501228408,0.150579195
PC170141,54,17,0,0,1,14,1,0,0,3.845579321,0.100787071
PC170141,55,17,0,0,1,14,1,0,0,3.3299315,0.119216585
PC170141,56,17,0,0,1,14,1,0,0,2.897697835,0.155471143
PC170141,57,17,0,0,1,14,1,0,0,2.534875881,0.111296951
PC170141,58,17,0,0,1,14,1,0,0,2.129409891,0.081889158
PC170141,59,17,0,0,1,14,1,0,0,1.79392026,0.05581216
PC170141,60,17,0,0,1,14,1,0,0,1.511628729,0.052383674
PC170141,61,17,0,0,1,14,1,0,0,1.280959642,0.039198853
PC170141,62,17,0,0,1,14,1,0,0,1.054145724,0.025995531
PC170141,63,17,0,0,1,14,1,0,0,0.814928078,0.02144159
PC170141,64,17,0,0,1,14,1,0,0,0.610879354,0.020726746
PC170141,65,17,0,0,1,14,1,0,0,0.558755052,0.008733051
PC170141,66,17,0,0,1,14,1,0,0,0.444371899,0.009085824
PC170141,67,17,0,0,1,14,1,0,0,0.312391265,0.014673692
PC170141,68,17,0,0,1,14,1,0,0,0.277693304,0.005290144
PC170141,69,17,0,0,1,14,1,0,0,0.199571001,0.012390105
PC170141,70,17,0,0,1,14,1,0,0,0.139037257,0.008864602
PC170204,10,17,0,0,1,20,4,5,0,0.352003709,0.005220661
PC170204,11,17,0,0,1,20,4,5,0,0.461588673,0.006045005
PC170204,12,17,0,0,1,20,4,5,0,0.568405864,0.003025459
PC170204,13,17,0,0,1,20,4,5,0,0.788999053,0.00266295
PC170204,14,17,0,0,1,20,4,5,0,1.063764792,0.021795864
PC170204,15,17,0,0,1,20,4,5,0,1.50805048,0.01284105
PC170204,16,17,0,0,1,20,4,5,0,2.097741855,0.028720288
PC170204,17,17,0,0,1,20,4,5,0,2.8612773,0.068072375
PC170204,18,17,0,0,1,20,4,5,0,3.858685494,0.027699943
PC170204,19,17,0,0,1,20,4,5,0,4.971171112,0.084450242
PC170204,20,17,0,0,1,20,4,5,0,6.388293588,0.133314063
PC170204,21,17,0,0,1,20,4,5,0,7.804880423,0.190303609
PC170204,22,17,0,0,1,20,4,5,0,9.138303505,0.277411819
PC170204,23,17,0,0,1,20,4,5,0,10.34314993,0.257567325
PC170204,24,17,0,0,1,20,4,5,0,11.482121,0.115607467
PC170204,25,17,0,0,1,20,4,5,0,12.71176112,0.419488101
PC170204,26,17,0,0,1,20,4,5,0,13.28357909,0.232173795
PC170204,27,17,0,0,1,20,4,5,0,13.7106482,0.431202191
PC170204,28,17,0,0,1,20,4,5,0,14.44861607,0.495241393
PC170204,29,17,0,0,1,20,4,5,0,14.61641224,0.356060323
PC170204,30,17,0,0,1,20,4,5,0,15.08841368,0.348349913
PC170204,31,17,0,0,1,20,4,5,0,15.07653812,0.563594481
PC170204,32,17,0,0,1,20,4,5,0,15.31971989,0.201191699
PC170204,33,17,0,0,1,20,4,5,0,15.34455783,0.505672479
PC170204,34,17,0,0,1,20,4,5,0,15.21874801,0.231585139
PC170204,35,17,0,0,1,20,4,5,0,14.9929517,0.663483926
PC170204,36,17,0,0,1,20,4,5,0,14.8423876,0.322561427
PC170204,37,17,0,0,1,20,4,5,0,14.05292195,0.42337316
PC170204,38,17,0,0,1,20,4,5,0,13.75153452,0.198382328
PC170204,39,17,0,0,1,20,4,5,0,13.54083547,0.320389497
PC170204,40,17,0,0,1,20,4,5,0,12.62391563,0.218961494
PC170204,41,17,0,0,1,20,4,5,0,11.98787132,0.31677069
PC170204,42,17,0,0,1,20,4,5,0,11.56983296,0.300588708
PC170204,43,17,0,0,1,20,4,5,0,10.97545486,0.289134276
PC170204,44,17,0,0,1,20,4,5,0,10.17546359,0.250352151
PC170204,45,17,0,0,1,20,4,5,0,9.167877919,0.257189276
PC170204,46,17,0,0,1,20,4,5,0,8.720609585,0.078598546
PC170204,47,17,0,0,1,20,4,5,0,8.012542653,0.156821009
PC170204,48,17,0,0,1,20,4,5,0,7.203939904,0.204796913
PC170204,49,17,0,0,1,20,4,5,0,6.513807875,0.262541989
PC170204,50,17,0,0,1,20,4,5,0,5.814976265,0.194248401
PC170204,51,17,0,0,1,20,4,5,0,5.186819921,0.100456646
PC170204,52,17,0,0,1,20,4,5,0,4.56158101,0.074423396
PC170204,53,17,0,0,1,20,4,5,0,4.016264959,0.051313023
PC170204,54,17,0,0,1,20,4,5,0,3.538739621,0.054603037
PC170204,55,17,0,0,1,20,4,5,0,2.923774952,0.040047231
PC170204,56,17,0,0,1,20,4,5,0,2.655935853,0.063073513
PC170204,57,17,0,0,1,20,4,5,0,2.147215687,0.021164188
PC170204,58,17,0,0,1,20,4,5,0,1.907412804,0.049552833
PC170204,59,17,0,0,1,20,4,5,0,1.500610404,0.025535697
PC170204,60,17,0,0,1,20,4,5,0,1.280783898,0.018521236
PC170204,61,17,0,0,1,20,4,5,0,1.104620916,0.031813968
PC170204,62,17,0,0,1,20,4,5,0,0.910257737,0.008654632
PC170204,63,17,0,0,1,20,4,5,0,0.701358405,0.011567467
PC170204,64,17,0,0,1,20,4,5,0,0.587385654,0.007550667
PC170204,65,17,0,0,1,20,4,5,0,0.477117096,0.004253777
PC170204,66,17,0,0,1,20,4,5,0,0.389453076,0.003363056
PC170204,67,17,0,0,1,20,4,5,0,0.317460271,0.006558666
PC170204,68,17,0,0,1,20,4,5,0,0.24282029,0.003518156
PC170204,69,17,0,0,1,20,4,5,0,0.20321335,0.002136268
PC170204,70,17,0,0,1,20,4,5,0,0.151310355,0.004386377
PC180140,10,18,0,0,1,14,0,0,0,0.401223495,0.004725529
PC180140,11,18,0,0,1,14,0,0,0,0.495336391,0.006789049
PC180140,12,18,0,0,1,14,0,0,0,0.648395113,0.007768183
PC180140,13,18,0,0,1,14,0,0,0,0.798056503,0.020013097
PC180140,14,18,0,0,1,14,0,0,0,1.156489708,0.023010492
PC180140,15,18,0,0,1,14,0,0,0,1.547174673,0.023952593
PC180140,16,18,0,0,1,14,0,0,0,2.118195382,0.017041319
PC180140,17,18,0,0,1,14,0,0,0,2.848948813,0.061283745
PC180140,18,18,0,0,1,14,0,0,0,3.688484175,0.133843295
PC180140,19,18,0,0,1,14,0,0,0,4.858467905,0.115216471
PC180140,20,18,0,0,1,14,0,0,0,6.200930909,0.153531666
PC180140,21,18,0,0,1,14,0,0,0,7.69078104,0.245740166
PC180140,22,18,0,0,1,14,0,0,0,9.216214857,0.262231186
PC180140,23,18,0,0,1,14,0,0,0,10.42507671,0.527157378
PC180140,24,18,0,0,1,14,0,0,0,11.85891408,0.457888114
PC180140,25,18,0,0,1,14,0,0,0,12.7934795,0.40782941
PC180140,26,18,0,0,1,14,0,0,0,14.08795652,0.254410758
PC180140,27,18,0,0,1,14,0,0,0,14.87541366,0.429696579
PC180140,28,18,0,0,1,14,0,0,0,15.50150537,0.937381203
PC180140,29,18,0,0,1,14,0,0,0,15.79999948,1.199942771
PC180140,30,18,0,0,1,14,0,0,0,15.88637269,0.609476158
PC180140,31,18,0,0,1,14,0,0,0,16.27774585,1.101293108
PC180140,32,18,0,0,1,14,0,0,0,16.35479891,0.656806858
PC180140,33,18,0,0,1,14,0,0,0,16.32721617,0.657025753
PC180140,34,18,0,0,1,14,0,0,0,16.01841126,0.450792632
PC180140,35,18,0,0,1,14,0,0,0,16.32265669,0.898463084
PC180140,36,18,0,0,1,14,0,0,0,15.67200644,0.528530055
PC180140,37,18,0,0,1,14,0,0,0,15.4506642,0.641010934
PC180140,38,18,0,0,1,14,0,0,0,15.11914358,0.523970989
PC180140,39,18,0,0,1,14,0,0,0,14.56953203,0.471251249
PC180140,40,18,0,0,1,14,0,0,0,14.6059406,3.713070597
PC180140,41,18,0,0,1,14,0,0,0,13.18886942,0.370860265
PC180140,42,18,0,0,1,14,0,0,0,12.88610238,0.355232955
PC180140,43,18,0,0,1,14,0,0,0,11.76536509,0.309505512
PC180140,44,18,0,0,1,14,0,0,0,11.34188585,0.528936751
PC180140,45,18,0,0,1,14,0,0,0,10.45004258,0.266961636
PC180140,46,18,0,0,1,14,0,0,0,9.472401928,0.208977026
PC180140,47,18,0,0,1,14,0,0,0,8.859500456,0.110835095
PC180140,48,18,0,0,1,14,0,0,0,7.948991372,0.213420527
PC180140,49,18,0,0,1,14,0,0,0,7.237770076,0.40305542
PC180140,50,18,0,0,1,14,0,0,0,6.447284509,0.194223336
PC180140,51,18,0,0,1,14,0,0,0,5.901913376,0.112707141
PC180140,52,18,0,0,1,14,0,0,0,5.019627241,0.086226438
PC180140,53,18,0,0,1,14,0,0,0,4.320155167,0.181131242
PC180140,54,18,0,0,1,14,0,0,0,3.840329152,0.076586255
PC180140,55,18,0,0,1,14,0,0,0,3.240666176,0.078644276
PC180140,56,18,0,0,1,14,0,0,0,2.916478727,0.045870768
PC180140,57,18,0,0,1,14,0,0,0,2.481906011,0.071016514
PC180140,58,18,0,0,1,14,0,0,0,2.076904594,0.048608771
PC180140,59,18,0,0,1,14,0,0,0,1.720969098,0.060960775
PC180140,60,18,0,0,1,14,0,0,0,1.43010319,0.03071032
PC180140,61,18,0,0,1,14,0,0,0,1.178377558,0.035328257
PC180140,62,18,0,0,1,14,0,0,0,0.879991095,0.010574219
PC180140,63,18,0,0,1,14,0,0,0,0.809848435,0.020802327
PC180140,64,18,0,0,1,14,0,0,0,0.618176284,0.011453314
PC180140,65,18,0,0,1,14,0,0,0,0.562287837,0.00915638
PC180140,66,18,0,0,1,14,0,0,0,0.448353649,0.010903969
PC180140,67,18,0,0,1,14,0,0,0,0.312279178,0.00460897
PC180140,68,18,0,0,1,14,0,0,0,0.279275672,0.008894457
PC180140,69,18,0,0,1,14,0,0,0,0.16594648,0.006911054
PC180140,70,18,0,0,1,14,0,0,0,0.148629236,0.007074801
PC180226,10,18,0,0,1,22,6,4,0,0.282358043,0.007682226
PC180226,11,18,0,0,1,22,6,4,0,0.430966726,0.006014288
PC180226,12,18,0,0,1,22,6,4,0,0.56282395,0.008566999
PC180226,13,18,0,0,1,22,6,4,0,0.70435079,0.01715379
PC180226,14,18,0,0,1,22,6,4,0,1.081479431,0.030124167
PC180226,15,18,0,0,1,22,6,4,0,1.45856946,0.041375503
PC180226,16,18,0,0,1,22,6,4,0,2.051303707,0.031091158
PC180226,17,18,0,0,1,22,6,4,0,2.876448381,0.037806598
PC180226,18,18,0,0,1,22,6,4,0,4.035995356,0.071408759
PC180226,19,18,0,0,1,22,6,4,0,5.162944878,0.094285827
PC180226,20,18,0,0,1,22,6,4,0,6.499500893,0.094249736
PC180226,21,18,0,0,1,22,6,4,0,7.891692173,0.142581122
PC180226,22,18,0,0,1,22,6,4,0,9.163614023,0.307500625
PC180226,23,18,0,0,1,22,6,4,0,10.72343984,0.396910775
PC180226,24,18,0,0,1,22,6,4,0,11.42852754,0.371690741
PC180226,25,18,0,0,1,22,6,4,0,12.51118674,0.477220329
PC180226,26,18,0,0,1,22,6,4,0,13.32856453,0.50389471
PC180226,27,18,0,0,1,22,6,4,0,13.9631789,0.639847202
PC180226,28,18,0,0,1,22,6,4,0,14.01263673,0.458750879
PC180226,29,18,0,0,1,22,6,4,0,14.63179896,0.979280706
PC180226,30,18,0,0,1,22,6,4,0,14.89141919,0.854385949
PC180226,31,18,0,0,1,22,6,4,0,14.84463565,0.764931897
PC180226,32,18,0,0,1,22,6,4,0,14.85017709,0.513329793
PC180226,33,18,0,0,1,22,6,4,0,14.97186225,0.252468857
PC180226,34,18,0,0,1,22,6,4,0,14.74855657,0.53546545
PC180226,35,18,0,0,1,22,6,4,0,14.42725656,0.270728685
PC180226,36,18,0,0,1,22,6,4,0,14.2312075,0.344317636
PC180226,37,18,0,0,1,22,6,4,0,13.82553615,0.406653271
PC180226,38,18,0,0,1,22,6,4,0,13.06831693,0.539090304
PC180226,39,18,0,0,1,22,6,4,0,13.07759399,0.43847251
PC180226,40,18,0,0,1,22,6,4,0,12.17221342,0.513136781
PC180226,41,18,0,0,1,22,6,4,0,11.59960214,0.284551039
PC180226,42,18,0,0,1,22,6,4,0,10.95961971,0.242626048
PC180226,43,18,0,0,1,22,6,4,0,10.21295382,0.130540201
PC180226,44,18,0,0,1,22,6,4,0,9.576196454,0.316788258
PC180226,45,18,0,0,1,22,6,4,0,8.668409754,0.101261601
PC180226,46,18,0,0,1,22,6,4,0,8.153441663,0.193359123
PC180226,47,18,0,0,1,22,6,4,0,7.34660352,0.168360199
PC180226,48,18,0,0,1,22,6,4,0,6.642466672,0.142627161
PC180226,49,18,0,0,1,22,6,4,0,5.970657162,0.147918654
PC180226,50,18,0,0,1,22,6,4,0,5.108781059,0.074989329
PC180226,51,18,0,0,1,22,6,4,0,4.657233351,0.097915733
PC180226,52,18,0,0,1,22,6,4,0,4.043594245,0.062383389
PC180226,53,18,0,0,1,22,6,4,0,3.476836876,0.083891994
PC180226,54,18,0,0,1,22,6,4,0,2.981704413,0.093871902
PC180226,55,18,0,0,1,22,6,4,0,2.507593999,0.054864748
PC180226,56,18,0,0,1,22,6,4,0,2.159861557,0.029345302
PC180226,57,18,0,0,1,22,6,4,0,1.878907363,0.01776061
PC180226,58,18,0,0,1,22,6,4,0,1.551798958,0.028403422
PC180226,59,18,0,0,1,22,6,4,0,1.342053609,0.039898176
PC180226,60,18,0,0,1,22,6,4,0,0.99659529,0.014982215
PC180226,61,18,0,0,1,22,6,4,0,0.804760896,0.015719285
PC180226,62,18,0,0,1,22,6,4,0,0.702125458,0.00961392
PC180226,63,18,0,0,1,22,6,4,0,0.571152433,0.007161529
PC180226,64,18,0,0,1,22,6,4,0,0.413517237,0.004213657
PC180226,65,18,0,0,1,22,6,4,0,0.321551308,0.010089378
PC180226,66,18,0,0,1,22,6,4,0,0.259857001,0.007300247
PC180226,67,18,0,0,1,22,6,4,0,0.217170566,0.003949811
PC180226,68,18,0,0,1,22,6,4,0,0.144058602,0.003524564
PC180226,69,18,0,0,1,22,6,4,0,0.109662189,0.002662552
PC180226,70,18,0,0,1,22,6,4,0,0.061148052,0.000780432
PC204160,10,20,4,5,1,16,0,0,0,0.486944002,0.006853498
PC204160,11,20,4,5,1,16,0,0,0,0.694484258,0.019324385
PC204160,12,20,4,5,1,16,0,0,0,0.998275603,0.007020211
PC204160,13,20,4,5,1,16,0,0,0,1.364082385,0.026946747
PC204160,14,20,4,5,1,16,0,0,0,1.899804528,0.07608679
PC204160,15,20,4,5,1,16,0,0,0,2.624434521,0.055434689
PC204160,16,20,4,5,1,16,0,0,0,3.724288576,0.064601261
PC204160,17,20,4,5,1,16,0,0,0,5.095567458,0.168835812
PC204160,18,20,4,5,1,16,0,0,0,6.732226375,0.130128899
PC204160,19,20,4,5,1,16,0,0,0,8.103038653,0.608678232
PC204160,20,20,4,5,1,16,0,0,0,10.21680887,0.841753105
PC204160,21,20,4,5,1,16,0,0,0,12.19277488,0.22944407
PC204160,22,20,4,5,1,16,0,0,0,14.00498899,0.345784416
PC204160,23,20,4,5,1,16,0,0,0,14.59912511,1.869664061
PC204160,24,20,4,5,1,16,0,0,0,15.54471096,0.953622832
PC204160,25,20,4,5,1,16,0,0,0,16.01219425,0.278788616
PC204160,26,20,4,5,1,16,0,0,0,15.95143025,1.362055813
PC204160,27,20,4,5,1,16,0,0,0,15.51594869,1.706793003
PC204160,28,20,4,5,1,16,0,0,0,15.26271961,0.516657787
PC204160,29,20,4,5,1,16,0,0,0,14.55961888,0.276450419
PC204160,30,20,4,5,1,16,0,0,0,13.49019431,0.371550929
PC204160,31,20,4,5,1,16,0,0,0,12.48323219,0.342398658
PC204160,32,20,4,5,1,16,0,0,0,11.5185887,0.160918291
PC204160,33,20,4,5,1,16,0,0,0,10.58804682,0.355362672
PC204160,34,20,4,5,1,16,0,0,0,9.431947823,0.343785398
PC204160,35,20,4,5,1,16,0,0,0,8.38666278,0.274876078
PC204160,36,20,4,5,1,16,0,0,0,7.481291336,0.162539088
PC204160,37,20,4,5,1,16,0,0,0,6.49508548,0.137883503
PC204160,38,20,4,5,1,16,0,0,0,5.73329116,0.124362403
PC204160,39,20,4,5,1,16,0,0,0,5.043931963,0.048434436
PC204160,40,20,4,5,1,16,0,0,0,4.133134192,0.075460949
PC204160,41,20,4,5,1,16,0,0,0,3.461623778,0.043450894
PC204160,42,20,4,5,1,16,0,0,0,2.951460739,0.046645098
PC204160,43,20,4,5,1,16,0,0,0,2.544856165,0.054585353
PC204160,44,20,4,5,1,16,0,0,0,2.061704667,0.01247073
PC204160,45,20,4,5,1,16,0,0,0,1.70175629,0.036284924
PC204160,46,20,4,5,1,16,0,0,0,1.350473026,0.022678062
PC204160,47,20,4,5,1,16,0,0,0,1.081680043,0.009829168
PC204160,48,20,4,5,1,16,0,0,0,0.912591246,0.012104373
PC204160,49,20,4,5,1,16,0,0,0,0.617788179,0.010571648
PC204160,50,20,4,5,1,16,0,0,0,0.54591925,0.008287104
PC204160,51,20,4,5,1,16,0,0,0,0.412457424,0.01175734
PC204160,52,20,4,5,1,16,0,0,0,0.337075676,0.009582109
PC204160,53,20,4,5,1,16,0,0,0,0.242293196,0.009601508
PC204160,54,20,4,5,1,16,0,0,0,0.172092495,0.010005022
PC204160,55,20,4,5,1,16,0,0,0,0.112760926,0.002804791
PC204160,56,20,4,5,1,16,0,0,0,0.067903479,0.002252709
PC204160,57,20,4,5,1,16,0,0,0,0.048158062,0.003918723
PC204160,58,20,4,5,1,16,0,0,0,0.008463294,0.00050522
PC210226,10,21,0,0,1,22,6,4,0,0.380861255,0.004572552
PC210226,11,21,0,0,1,22,6,4,0,0.540452544,0.002730239
PC210226,12,21,0,0,1,22,6,4,0,0.669468022,0.004270494
PC210226,13,21,0,0,1,22,6,4,0,0.892644086,0.022809747
PC210226,14,21,0,0,1,22,6,4,0,1.275085155,0.008548149
PC210226,15,21,0,0,1,22,6,4,0,1.801471233,0.014008686
PC210226,16,21,0,0,1,22,6,4,0,2.563193602,0.037205028
PC210226,17,21,0,0,1,22,6,4,0,3.462517028,0.033228381
PC210226,18,21,0,0,1,22,6,4,0,4.708456501,0.083853707
PC210226,19,21,0,0,1,22,6,4,0,6.387588181,0.087000007
PC210226,20,21,0,0,1,22,6,4,0,8.19010534,0.195423754
PC210226,21,21,0,0,1,22,6,4,0,10.27773956,0.202429009
PC210226,22,21,0,0,1,22,6,4,0,12.17015851,0.136453208
PC210226,23,21,0,0,1,22,6,4,0,13.80336916,0.473237305
PC210226,24,21,0,0,1,22,6,4,0,15.74680609,2.128495502
PC210226,25,21,0,0,1,22,6,4,0,16.94566527,0.910967994
PC210226,26,21,0,0,1,22,6,4,0,17.94378306,0.542459413
PC210226,27,21,0,0,1,22,6,4,0,18.99642005,5.420697746
PC210226,28,21,0,0,1,22,6,4,0,19.07470543,0.75933865
PC210226,29,21,0,0,1,22,6,4,0,19.97951973,2.409143722
PC210226,30,21,0,0,1,22,6,4,0,20.07354885,2.290858154
PC210226,31,21,0,0,1,22,6,4,0,19.7656752,0.405810703
PC210226,32,21,0,0,1,22,6,4,0,19.88296253,0.405253349
PC210226,33,21,0,0,1,22,6,4,0,19.77035786,0.762046477
PC210226,34,21,0,0,1,22,6,4,0,19.3103335,0.830953741
PC210226,35,21,0,0,1,22,6,4,0,19.34396057,1.245479454
PC210226,36,21,0,0,1,22,6,4,0,18.66105058,0.43231646
PC210226,37,21,0,0,1,22,6,4,0,18.00906536,0.25568727
PC210226,38,21,0,0,1,22,6,4,0,17.39422644,0.364519694
PC210226,39,21,0,0,1,22,6,4,0,16.78190749,0.493037405
PC210226,40,21,0,0,1,22,6,4,0,15.84904163,0.631467689
PC210226,41,21,0,0,1,22,6,4,0,14.95023262,0.329572625
PC210226,42,21,0,0,1,22,6,4,0,13.89630443,0.507570824
PC210226,43,21,0,0,1,22,6,4,0,12.95378853,0.281120908
PC210226,44,21,0,0,1,22,6,4,0,11.84155619,0.52936887
PC210226,45,21,0,0,1,22,6,4,0,10.7095887,0.181997092
PC210226,46,21,0,0,1,22,6,4,0,9.51875986,0.131567065
PC210226,47,21,0,0,1,22,6,4,0,8.735904164,0.400341289
PC210226,48,21,0,0,1,22,6,4,0,7.806961027,0.088731667
PC210226,49,21,0,0,1,22,6,4,0,6.721537396,0.142801692
PC210226,50,21,0,0,1,22,6,4,0,5.95591699,0.131176023
PC210226,51,21,0,0,1,22,6,4,0,5.030500435,0.135367275
PC210226,52,21,0,0,1,22,6,4,0,4.347360705,0.07737232
PC210226,53,21,0,0,1,22,6,4,0,3.7344086,0.053705866
PC210226,54,21,0,0,1,22,6,4,0,3.132564994,0.056331558
PC210226,55,21,0,0,1,22,6,4,0,2.617768959,0.024119818
PC210226,56,21,0,0,1,22,6,4,0,2.097133848,0.033866809
PC210226,57,21,0,0,1,22,6,4,0,1.700815056,0.013648023
PC210226,58,21,0,0,1,22,6,4,0,1.40733568,0.017790704
PC210226,59,21,0,0,1,22,6,4,0,1.133547096,0.02210837
PC210226,60,21,0,0,1,22,6,4,0,0.87668895,0.021117135
PC210226,61,21,0,0,1,22,6,4,0,0.668074752,0.006844371
PC210226,62,21,0,0,1,22,6,4,0,0.53684926,0.006629776
PC210226,63,21,0,0,1,22,6,4,0,0.382839697,0.005526356
PC210226,64,21,0,0,1,22,6,4,0,0.308221136,0.004470674
PC210226,65,21,0,0,1,22,6,4,0,0.240498667,0.004889608
PC210226,66,21,0,0,1,22,6,4,0,0.169144282,0.00349929
PC210226,67,21,0,0,1,22,6,4,0,0.11367667,0.004885571
PC210226,68,21,0,0,1,22,6,4,0,0.090946351,0.003596207
PC210226,69,21,0,0,1,22,6,4,0,0.031184404,0.00087949
PC210226,70,21,0,0,1,22,6,4,0,0.012310244,0.00055385
PC226160,10,22,6,4,1,16,0,0,0,0.302171094,0.013110993
PC226160,11,22,6,4,1,16,0,0,0,0.484744077,0.010613287
PC226160,12,22,6,4,1,16,0,0,0,0.646766055,0.011609357
PC226160,13,22,6,4,1,16,0,0,0,0.928810437,0.017567218
PC226160,14,22,6,4,1,16,0,0,0,1.423076101,0.032872642
PC226160,15,22,6,4,1,16,0,0,0,2.037701548,0.028749338
PC226160,16,22,6,4,1,16,0,0,0,2.87231583,0.108372302
PC226160,17,22,6,4,1,16,0,0,0,3.858139224,0.078139023
PC226160,18,22,6,4,1,16,0,0,0,4.865256179,0.166552627
PC226160,19,22,6,4,1,16,0,0,0,6.227168726,0.218700555
PC226160,20,22,6,4,1,16,0,0,0,7.391983819,0.283217791
PC226160,21,22,6,4,1,16,0,0,0,7.940763462,0.077006865
PC226160,22,22,6,4,1,16,0,0,0,8.855432703,0.130691359
PC226160,23,22,6,4,1,16,0,0,0,8.767299252,0.208150874
PC226160,24,22,6,4,1,16,0,0,0,8.987196927,0.271958366
PC226160,25,22,6,4,1,16,0,0,0,8.446506879,0.284633109
PC226160,26,22,6,4,1,16,0,0,0,7.721848956,0.213987357
PC226160,27,22,6,4,1,16,0,0,0,6.909921264,0.13280539
PC226160,28,22,6,4,1,16,0,0,0,6.128696487,0.137468649
PC226160,29,22,6,4,1,16,0,0,0,5.483859006,0.108138591
PC226160,30,22,6,4,1,16,0,0,0,4.558873623,0.113146286
PC226160,31,22,6,4,1,16,0,0,0,4.002046054,0.11158584
PC226160,32,22,6,4,1,16,0,0,0,3.247258256,0.084006171
PC226160,33,22,6,4,1,16,0,0,0,2.708051781,0.050456795
PC226160,34,22,6,4,1,16,0,0,0,2.160547167,0.060190643
PC226160,35,22,6,4,1,16,0,0,0,1.769877674,0.04268273
PC226160,36,22,6,4,1,16,0,0,0,1.346136616,0.026383371
PC226160,37,22,6,4,1,16,0,0,0,1.031965538,0.027944147
PC226160,38,22,6,4,1,16,0,0,0,0.806399907,0.013460718
PC226160,39,22,6,4,1,16,0,0,0,0.633213,0.008241118
PC226160,40,22,6,4,1,16,0,0,0,0.482596503,0.012446073
PC226160,41,22,6,4,1,16,0,0,0,0.337907894,0.005777702
PC226160,42,22,6,4,1,16,0,0,0,0.250851569,0.004485332
PC226160,43,22,6,4,1,16,0,0,0,0.151487051,0.011471985
PC226160,44,22,6,4,1,16,0,0,0,0.067999048,0.007054281
PC226160,45,22,6,4,1,16,0,0,0,0.03048735,0.003222022
PC226160,46,22,6,4,1,16,0,0,0,0.009305206,0.000694035
PC120130,10,12,0,0,0,13,0,0,1,1.28916521,0.023994136
PC120130,11,12,0,0,0,13,0,0,1,1.713795777,0.013480325
PC120130,12,12,0,0,0,13,0,0,1,2.095446157,0.0273799
PC120130,13,12,0,0,0,13,0,0,1,2.77520149,0.030525685
PC120130,14,12,0,0,0,13,0,0,1,3.84811197,0.104945571
PC120130,15,12,0,0,0,13,0,0,1,5.094748131,0.044385853
PC120130,16,12,0,0,0,13,0,0,1,6.980519507,0.100170495
PC120130,17,12,0,0,0,13,0,0,1,9.204571621,0.199004643
PC120130,18,12,0,0,0,13,0,0,1,12.0811299,0.331833892
PC120130,19,12,0,0,0,13,0,0,1,15.00085195,0.7627378
PC120130,20,12,0,0,0,13,0,0,1,18.60240977,0.812658854
PC120130,21,12,0,0,0,13,0,0,1,22.47188946,5.253432575
PC120130,22,12,0,0,0,13,0,0,1,25.48915252,1.84501199
PC120130,23,12,0,0,0,13,0,0,1,28.52359607,2.507414782
PC120130,24,12,0,0,0,13,0,0,1,31.01411523,2.363896961
PC120130,25,12,0,0,0,13,0,0,1,33.24576558,2.48117501
PC120130,26,12,0,0,0,13,0,0,1,35.79315113,26.89234992
PC120130,27,12,0,0,0,13,0,0,1,35.71653186,4.876860469
PC120130,28,12,0,0,0,13,0,0,1,35.53309443,4.140427008
PC120130,29,12,0,0,0,13,0,0,1,35.8795738,4.654051193
PC120130,30,12,0,0,0,13,0,0,1,35.68369636,3.87214942
PC120130,31,12,0,0,0,13,0,0,1,35.0053858,3.739737652
PC120130,32,12,0,0,0,13,0,0,1,34.36916825,3.179785647
PC120130,33,12,0,0,0,13,0,0,1,33.67878411,2.602673516
PC120130,34,12,0,0,0,13,0,0,1,32.98483417,3.040305599
PC120130,35,12,0,0,0,13,0,0,1,31.93781821,3.871778475
PC120130,36,12,0,0,0,13,0,0,1,31.05751256,2.35918064
PC120130,37,12,0,0,0,13,0,0,1,29.84404874,1.978967257
PC120130,38,12,0,0,0,13,0,0,1,28.62910616,2.246823719
PC120130,39,12,0,0,0,13,0,0,1,27.89903454,2.582439716
PC120130,40,12,0,0,0,13,0,0,1,26.2535936,1.896965814
PC120130,41,12,0,0,0,13,0,0,1,25.06052234,1.990385928
PC120130,42,12,0,0,0,13,0,0,1,23.95958115,1.730493134
PC120130,43,12,0,0,0,13,0,0,1,22.75154467,1.613354747
PC120130,44,12,0,0,0,13,0,0,1,21.10140321,1.019982487
PC120130,45,12,0,0,0,13,0,0,1,19.97992621,1.271484054
PC120130,46,12,0,0,0,13,0,0,1,18.63769489,1.389918179
PC120130,47,12,0,0,0,13,0,0,1,17.07576905,1.030345821
PC120130,48,12,0,0,0,13,0,0,1,15.69983787,0.541759816
PC120130,49,12,0,0,0,13,0,0,1,14.93417063,2.699306143
PC120130,50,12,0,0,0,13,0,0,1,13.22677119,0.791956401
PC120130,51,12,0,0,0,13,0,0,1,11.99229539,0.361069357
PC120130,52,12,0,0,0,13,0,0,1,10.69672935,0.244995692
PC120130,53,12,0,0,0,13,0,0,1,9.862592237,0.603196579
PC120130,54,12,0,0,0,13,0,0,1,8.700195887,0.227452206
PC120130,55,12,0,0,0,13,0,0,1,7.74968386,0.235917844
PC120130,56,12,0,0,0,13,0,0,1,6.996135587,0.184068986
PC120130,57,12,0,0,0,13,0,0,1,6.024129829,0.133164963
PC120130,58,12,0,0,0,13,0,0,1,5.265233118,0.094532243
PC120130,59,12,0,0,0,13,0,0,1,4.64533702,0.109174485
PC120130,60,12,0,0,0,13,0,0,1,4.062393946,0.086720421
PC120130,61,12,0,0,0,13,0,0,1,3.437831592,0.05536391
PC120130,62,12,0,0,0,13,0,0,1,2.991607711,0.074177245
PC120130,63,12,0,0,0,13,0,0,1,2.478311857,0.101735009
PC120130,64,12,0,0,0,13,0,0,1,2.131498595,0.046764643
PC120130,65,12,0,0,0,13,0,0,1,1.874686112,0.020457609
PC120130,66,12,0,0,0,13,0,0,1,1.539756685,0.027528629
PC120130,67,12,0,0,0,13,0,0,1,1.276483118,0.011336068
PC120130,68,12,0,0,0,13,0,0,1,1.133101946,0.031355523
PC120130,69,12,0,0,0,13,0,0,1,0.937639205,0.008825676
PC120130,70,12,0,0,0,13,0,0,1,0.753621725,0.009762647
PC140180,10,14,0,0,0,18,0,0,1,1.077020811,0.016911968
PC140180,11,14,0,0,0,18,0,0,1,1.435422168,0.024700439
PC140180,12,14,0,0,0,18,0,0,1,1.761856486,0.029109981
PC140180,13,14,0,0,0,18,0,0,1,2.371621988,0.047504464
PC140180,14,14,0,0,0,18,0,0,1,3.167705361,0.076257305
PC140180,15,14,0,0,0,18,0,0,1,4.33458492,0.187374764
PC140180,16,14,0,0,0,18,0,0,1,5.907255145,0.146658479
PC140180,17,14,0,0,0,18,0,0,1,8.360750585,0.296807441
PC140180,18,14,0,0,0,18,0,0,1,10.8150312,0.584854518
PC140180,19,14,0,0,0,18,0,0,1,14.013672,0.682834211
PC140180,20,14,0,0,0,18,0,0,1,18.24106183,0.254908181
PC140180,21,14,0,0,0,18,0,0,1,22.38185962,0.72142356
PC140180,22,14,0,0,0,18,0,0,1,26.51619793,1.302588014
PC140180,23,14,0,0,0,18,0,0,1,30.64728388,2.168882483
PC140180,24,14,0,0,0,18,0,0,1,34.05678874,1.66208525
PC140180,25,14,0,0,0,18,0,0,1,37.23915971,1.885491854
PC140180,26,14,0,0,0,18,0,0,1,39.11440246,1.94951142
PC140180,27,14,0,0,0,18,0,0,1,41.29582041,3.347820584
PC140180,28,14,0,0,0,18,0,0,1,42.069903,3.4021048
PC140180,29,14,0,0,0,18,0,0,1,43.00844202,1.528399053
PC140180,30,14,0,0,0,18,0,0,1,42.25371125,1.857734192
PC140180,31,14,0,0,0,18,0,0,1,42.3600108,2.054522897
PC140180,32,14,0,0,0,18,0,0,1,42.18226935,2.532920764
PC140180,33,14,0,0,0,18,0,0,1,41.20310369,2.533505118
PC140180,34,14,0,0,0,18,0,0,1,40.60980996,2.519398986
PC140180,35,14,0,0,0,18,0,0,1,39.57997461,2.186974829
PC140180,36,14,0,0,0,18,0,0,1,38.12615997,3.04936633
PC140180,37,14,0,0,0,18,0,0,1,37.11064743,3.6332787
PC140180,38,14,0,0,0,18,0,0,1,35.35687324,1.323455519
PC140180,39,14,0,0,0,18,0,0,1,34.38636006,1.532203669
PC140180,40,14,0,0,0,18,0,0,1,32.40326693,1.750103749
PC140180,41,14,0,0,0,18,0,0,1,30.90153558,0.94805191
PC140180,42,14,0,0,0,18,0,0,1,28.49007169,1.280198928
PC140180,43,14,0,0,0,18,0,0,1,27.45321964,0.652069015
PC140180,44,14,0,0,0,18,0,0,1,24.95633438,1.609081795
PC140180,45,14,0,0,0,18,0,0,1,22.81966104,0.787388075
PC140180,46,14,0,0,0,18,0,0,1,21.33890952,0.912838843
PC140180,47,14,0,0,0,18,0,0,1,19.3664619,0.766353917
PC140180,48,14,0,0,0,18,0,0,1,17.20718654,0.447844243
PC140180,49,14,0,0,0,18,0,0,1,15.50497043,0.433678095
PC140180,50,14,0,0,0,18,0,0,1,13.7711108,0.316782336
PC140180,51,14,0,0,0,18,0,0,1,12.16608988,0.548010895
PC140180,52,14,0,0,0,18,0,0,1,10.39931865,0.555159021
PC140180,53,14,0,0,0,18,0,0,1,8.878913977,0.272029015
PC140180,54,14,0,0,0,18,0,0,1,7.719997296,0.255983741
PC140180,55,14,0,0,0,18,0,0,1,6.579638504,0.210628186
PC140180,56,14,0,0,0,18,0,0,1,5.553347534,0.134991835
PC140180,57,14,0,0,0,18,0,0,1,4.618353975,0.07660052
PC140180,58,14,0,0,0,18,0,0,1,3.814192661,0.041128285
PC140180,59,14,0,0,0,18,0,0,1,3.127536791,0.074928731
PC140180,60,14,0,0,0,18,0,0,1,2.604072885,0.049941283
PC140180,61,14,0,0,0,18,0,0,1,2.138868028,0.034750471
PC140180,62,14,0,0,0,18,0,0,1,1.738731732,0.029875447
PC140180,63,14,0,0,0,18,0,0,1,1.387104851,0.029718094
PC140180,64,14,0,0,0,18,0,0,1,1.119797481,0.029250488
PC140180,65,14,0,0,0,18,0,0,1,0.84282782,0.009433929
PC140180,66,14,0,0,0,18,0,0,1,0.711359082,0.011413641
PC140180,67,14,0,0,0,18,0,0,1,0.534739187,0.01661056
PC140180,68,14,0,0,0,18,0,0,1,0.391048579,0.009669428
PC140180,69,14,0,0,0,18,0,0,1,0.325466189,0.005943817
PC140180,70,14,0,0,0,18,0,0,1,0.251530939,0.005538182
PC160140,10,16,0,0,0,14,0,0,1,0.988972356,0.022504101
PC160140,11,16,0,0,0,14,0,0,1,1.183825581,0.035219723
PC160140,12,16,0,0,0,14,0,0,1,1.630788852,0.049414337
PC160140,13,16,0,0,0,14,0,0,1,2.269138109,0.067023713
PC160140,14,16,0,0,0,14,0,0,1,2.892939952,0.144001705
PC160140,15,16,0,0,0,14,0,0,1,4.170574769,0.137469771
PC160140,16,16,0,0,0,14,0,0,1,5.555188977,0.273631353
PC160140,17,16,0,0,0,14,0,0,1,7.522097982,0.219065468
PC160140,18,16,0,0,0,14,0,0,1,10.31048947,0.393694776
PC160140,19,16,0,0,0,14,0,0,1,13.66140006,0.597153225
PC160140,20,16,0,0,0,14,0,0,1,16.78341575,0.996258258
PC160140,21,16,0,0,0,14,0,0,1,20.74518393,1.383635543
PC160140,22,16,0,0,0,14,0,0,1,24.38597748,3.194915252
PC160140,23,16,0,0,0,14,0,0,1,28.4759029,2.922497872
PC160140,24,16,0,0,0,14,0,0,1,31.02421372,2.16773496
PC160140,25,16,0,0,0,14,0,0,1,33.70498361,5.020328442
PC160140,26,16,0,0,0,14,0,0,1,36.65464141,4.571230124
PC160140,27,16,0,0,0,14,0,0,1,37.41746133,6.384538272
PC160140,28,16,0,0,0,14,0,0,1,38.66907647,10.11119414
PC160140,29,16,0,0,0,14,0,0,1,38.37870174,5.88946577
PC160140,30,16,0,0,0,14,0,0,1,38.28481952,4.2769497
PC160140,31,16,0,0,0,14,0,0,1,37.77753694,4.057771831
PC160140,32,16,0,0,0,14,0,0,1,37.81543043,6.594040043
PC160140,33,16,0,0,0,14,0,0,1,36.28449789,4.602456945
PC160140,34,16,0,0,0,14,0,0,1,35.53123112,3.850270279
PC160140,35,16,0,0,0,14,0,0,1,34.51176557,3.124981901
PC160140,36,16,0,0,0,14,0,0,1,33.27171292,3.763896643
PC160140,37,16,0,0,0,14,0,0,1,32.67264594,4.984866024
PC160140,38,16,0,0,0,14,0,0,1,31.18618218,4.023408574
PC160140,39,16,0,0,0,14,0,0,1,29.57823065,3.63220428
PC160140,40,16,0,0,0,14,0,0,1,28.29516465,2.565334391
PC160140,41,16,0,0,0,14,0,0,1,27.13215857,3.222235482
PC160140,42,16,0,0,0,14,0,0,1,25.70864425,2.783194204
PC160140,43,16,0,0,0,14,0,0,1,23.94441645,2.063170581
PC160140,44,16,0,0,0,14,0,0,1,22.4217118,2.219630545
PC160140,45,16,0,0,0,14,0,0,1,21.31386892,1.691408193
PC160140,46,16,0,0,0,14,0,0,1,19.43750216,1.90494891
PC160140,47,16,0,0,0,14,0,0,1,18.1552567,1.421284712
PC160140,48,16,0,0,0,14,0,0,1,16.90569174,1.642164943
PC160140,49,16,0,0,0,14,0,0,1,15.26182963,0.816182512
PC160140,50,16,0,0,0,14,0,0,1,13.78991896,0.859460441
PC160140,51,16,0,0,0,14,0,0,1,12.27343443,0.885123329
PC160140,52,16,0,0,0,14,0,0,1,11.22586589,0.632284795
PC160140,53,16,0,0,0,14,0,0,1,9.779797219,0.762020335
PC160140,54,16,0,0,0,14,0,0,1,8.691023127,0.520333577
PC160140,55,16,0,0,0,14,0,0,1,7.724442496,0.539395636
PC160140,56,16,0,0,0,14,0,0,1,6.54145897,0.227878036
PC160140,57,16,0,0,0,14,0,0,1,5.95258843,0.368032857
PC160140,58,16,0,0,0,14,0,0,1,5.080477609,0.173960776
PC160140,59,16,0,0,0,14,0,0,1,4.347093902,0.178454918
PC160140,60,16,0,0,0,14,0,0,1,3.855968397,0.113992154
PC160140,61,16,0,0,0,14,0,0,1,3.269204011,0.070446434
PC160140,62,16,0,0,0,14,0,0,1,2.827602194,0.0950072
PC160140,63,16,0,0,0,14,0,0,1,2.403782906,0.05699231
PC160140,64,16,0,0,0,14,0,0,1,1.885582272,0.037110394
PC160140,65,16,0,0,0,14,0,0,1,1.587662445,0.041051742
PC160140,66,16,0,0,0,14,0,0,1,1.419924829,0.051518138
PC160140,67,16,0,0,0,14,0,0,1,1.117960706,0.01974739
PC160140,68,16,0,0,0,14,0,0,1,0.922292399,0.01549355
PC160140,69,16,0,0,0,14,0,0,1,0.701932753,0.013281617
PC160140,70,16,0,0,0,14,0,0,1,0.627297448,0.01210128
PC160180,10,16,0,0,0,18,0,0,1,1.039484534,0.025701722
PC160180,11,16,0,0,0,18,0,0,1,1.26412524,0.030022801
PC160180,12,16,0,0,0,18,0,0,1,1.578349082,0.030623819
PC160180,13,16,0,0,0,18,0,0,1,2.109378164,0.039231608
PC160180,14,16,0,0,0,18,0,0,1,2.837220086,0.040099025
PC160180,15,16,0,0,0,18,0,0,1,3.956413516,0.050962098
PC160180,16,16,0,0,0,18,0,0,1,5.586399847,0.231252256
PC160180,17,16,0,0,0,18,0,0,1,7.269041909,0.172102757
PC160180,18,16,0,0,0,18,0,0,1,10.08842037,0.376763034
PC160180,19,16,0,0,0,18,0,0,1,13.29525786,0.540048341
PC160180,20,16,0,0,0,18,0,0,1,17.05841026,0.583839979
PC160180,21,16,0,0,0,18,0,0,1,20.75381868,0.861872108
PC160180,22,16,0,0,0,18,0,0,1,25.10557685,1.087000874
PC160180,23,16,0,0,0,18,0,0,1,28.5871634,1.95101107
PC160180,24,16,0,0,0,18,0,0,1,33.21944184,3.215499481
PC160180,25,16,0,0,0,18,0,0,1,35.8518077,2.195939913
PC160180,26,16,0,0,0,18,0,0,1,38.04434661,2.44526633
PC160180,27,16,0,0,0,18,0,0,1,39.59228605,2.772443917
PC160180,28,16,0,0,0,18,0,0,1,40.31088335,3.247145159
PC160180,29,16,0,0,0,18,0,0,1,40.91969791,2.368469317
PC160180,30,16,0,0,0,18,0,0,1,42.03912788,6.010218489
PC160180,31,16,0,0,0,18,0,0,1,40.58311763,3.248362072
PC160180,32,16,0,0,0,18,0,0,1,40.79796652,3.493454808
PC160180,33,16,0,0,0,18,0,0,1,39.79188746,4.008203088
PC160180,34,16,0,0,0,18,0,0,1,39.602506,2.70049561
PC160180,35,16,0,0,0,18,0,0,1,37.80120916,2.011145812
PC160180,36,16,0,0,0,18,0,0,1,37.31989945,2.876148094
PC160180,37,16,0,0,0,18,0,0,1,35.49707733,2.790510382
PC160180,38,16,0,0,0,18,0,0,1,35.10618309,4.079932017
PC160180,39,16,0,0,0,18,0,0,1,32.43086759,1.575502714
PC160180,40,16,0,0,0,18,0,0,1,31.08851169,1.568513969
PC160180,41,16,0,0,0,18,0,0,1,29.46784134,0.820954652
PC160180,42,16,0,0,0,18,0,0,1,28.7218664,7.91800642
PC160180,43,16,0,0,0,18,0,0,1,25.81151618,1.265757644
PC160180,44,16,0,0,0,18,0,0,1,23.85995601,0.834314592
PC160180,45,16,0,0,0,18,0,0,1,22.1931392,1.419220974
PC160180,46,16,0,0,0,18,0,0,1,20.59174938,1.124718774
PC160180,47,16,0,0,0,18,0,0,1,18.35938904,0.880197527
PC160180,48,16,0,0,0,18,0,0,1,16.67091019,0.452810166
PC160180,49,16,0,0,0,18,0,0,1,14.92434476,0.214928848
PC160180,50,16,0,0,0,18,0,0,1,13.36774255,0.49294436
PC160180,51,16,0,0,0,18,0,0,1,11.70817178,0.379016403
PC160180,52,16,0,0,0,18,0,0,1,10.32516025,0.397572014
PC160180,53,16,0,0,0,18,0,0,1,8.553294146,0.118432324
PC160180,54,16,0,0,0,18,0,0,1,7.469038438,0.213954104
PC160180,55,16,0,0,0,18,0,0,1,6.473647086,0.163729803
PC160180,56,16,0,0,0,18,0,0,1,5.313178891,0.054714982
PC160180,57,16,0,0,0,18,0,0,1,4.477823059,0.137176369
PC160180,58,16,0,0,0,18,0,0,1,3.76503391,0.052137079
PC160180,59,16,0,0,0,18,0,0,1,3.066623326,0.044314919
PC160180,60,16,0,0,0,18,0,0,1,2.552214507,0.048749268
PC160180,61,16,0,0,0,18,0,0,1,2.076561175,0.06073109
PC160180,62,16,0,0,0,18,0,0,1,1.62301647,0.033596294
PC160180,63,16,0,0,0,18,0,0,1,1.333948365,0.046352359
PC160180,64,16,0,0,0,18,0,0,1,1.054864989,0.018706123
PC160180,65,16,0,0,0,18,0,0,1,0.852024885,0.016606552
PC160180,66,16,0,0,0,18,0,0,1,0.652923725,0.013359108
PC160180,67,16,0,0,0,18,0,0,1,0.533765622,0.006194244
PC160180,68,16,0,0,0,18,0,0,1,0.37478537,0.006305551
PC160180,69,16,0,0,0,18,0,0,1,0.303881457,0.004831711
PC160180,70,16,0,0,0,18,0,0,1,0.252139992,0.00545366
PC160204,10,16,0,0,0,20,4,5,1,0.850556551,0.015384669
PC160204,11,16,0,0,0,20,4,5,1,1.099954738,0.024865622
PC160204,12,16,0,0,0,20,4,5,1,1.559520079,0.027167538
PC160204,13,16,0,0,0,20,4,5,1,2.175333907,0.061609943
PC160204,14,16,0,0,0,20,4,5,1,3.10463951,0.066491977
PC160204,15,16,0,0,0,20,4,5,1,4.481671569,0.124819741
PC160204,16,16,0,0,0,20,4,5,1,6.158029443,0.192777182
PC160204,17,16,0,0,0,20,4,5,1,8.593807107,0.557625989
PC160204,18,16,0,0,0,20,4,5,1,11.36506298,0.436642369
PC160204,19,16,0,0,0,20,4,5,1,14.59436806,0.462530596
PC160204,20,16,0,0,0,20,4,5,1,18.9434243,3.380351364
PC160204,21,16,0,0,0,20,4,5,1,22.04961283,2.339674571
PC160204,22,16,0,0,0,20,4,5,1,25.27638874,1.864817895
PC160204,23,16,0,0,0,20,4,5,1,27.87109979,1.332270832
PC160204,24,16,0,0,0,20,4,5,1,29.91553091,1.315185368
PC160204,25,16,0,0,0,20,4,5,1,30.81075151,2.045781268
PC160204,26,16,0,0,0,20,4,5,1,30.13295806,2.271205085
PC160204,27,16,0,0,0,20,4,5,1,29.51337297,1.299464442
PC160204,28,16,0,0,0,20,4,5,1,28.24899709,1.597398181
PC160204,29,16,0,0,0,20,4,5,1,26.61262741,0.90083988
PC160204,30,16,0,0,0,20,4,5,1,24.30347563,1.032736514
PC160204,31,16,0,0,0,20,4,5,1,22.43675087,1.347373785
PC160204,32,16,0,0,0,20,4,5,1,20.02172866,0.527576199
PC160204,33,16,0,0,0,20,4,5,1,18.2854725,0.316675805
PC160204,34,16,0,0,0,20,4,5,1,16.53913629,3.223734445
PC160204,35,16,0,0,0,20,4,5,1,14.52473991,1.281512634
PC160204,36,16,0,0,0,20,4,5,1,12.91170615,0.753258851
PC160204,37,16,0,0,0,20,4,5,1,10.90360976,0.628632917
PC160204,38,16,0,0,0,20,4,5,1,9.543660036,0.730700799
PC160204,39,16,0,0,0,20,4,5,1,8.017730359,0.423653698
PC160204,40,16,0,0,0,20,4,5,1,6.856647423,0.201330493
PC160204,41,16,0,0,0,20,4,5,1,5.702247953,0.129896581
PC160204,42,16,0,0,0,20,4,5,1,4.752242349,0.103600684
PC160204,43,16,0,0,0,20,4,5,1,3.844346176,0.093817692
PC160204,44,16,0,0,0,20,4,5,1,3.173267488,0.075343868
PC160204,45,16,0,0,0,20,4,5,1,2.714653457,0.037572045
PC160204,46,16,0,0,0,20,4,5,1,2.133630049,0.035933682
PC160204,47,16,0,0,0,20,4,5,1,1.75538504,0.039301152
PC160204,48,16,0,0,0,20,4,5,1,1.392955684,0.042034452
PC160204,49,16,0,0,0,20,4,5,1,1.037365581,0.012229721
PC160204,50,16,0,0,0,20,4,5,1,0.833989116,0.038092783
PC160204,51,16,0,0,0,20,4,5,1,0.601961796,0.011449289
PC160204,52,16,0,0,0,20,4,5,1,0.497116903,0.005070435
PC160204,53,16,0,0,0,20,4,5,1,0.378547013,0.007698811
PC160204,54,16,0,0,0,20,4,5,1,0.27086555,0.011568843
PC160204,55,16,0,0,0,20,4,5,1,0.175357862,0.009296437
PC160204,56,16,0,0,0,20,4,5,1,0.129659689,0.005738091
PC160204,57,16,0,0,0,20,4,5,1,0.063589576,0.005604858
PC160204,58,16,0,0,0,20,4,5,1,0.017396365,0.001011979
PC160204,59,16,0,0,0,20,4,5,1,0.007285729,0.0004205
PC160204,60,16,0,0,0,20,4,5,1,0.003307525,0.000175035
PC160226,10,16,0,0,0,22,6,4,1,0.646282542,0.008526756
PC160226,11,16,0,0,0,22,6,4,1,0.853789614,0.00905662
PC160226,12,16,0,0,0,22,6,4,1,1.199522513,0.021372123
PC160226,13,16,0,0,0,22,6,4,1,1.77346577,0.044695666
PC160226,14,16,0,0,0,22,6,4,1,2.555844939,0.029801035
PC160226,15,16,0,0,0,22,6,4,1,3.67521525,0.073712136
PC160226,16,16,0,0,0,22,6,4,1,5.172461634,0.104939063
PC160226,17,16,0,0,0,22,6,4,1,7.348510585,0.039970809
PC160226,18,16,0,0,0,22,6,4,1,9.630585171,0.223331158
PC160226,19,16,0,0,0,22,6,4,1,12.5117449,0.950350472
PC160226,20,16,0,0,0,22,6,4,1,14.59852825,0.441795276
PC160226,21,16,0,0,0,22,6,4,1,16.39283374,0.490148082
PC160226,22,16,0,0,0,22,6,4,1,18.06693407,0.286100048
PC160226,23,16,0,0,0,22,6,4,1,18.62961428,0.564401842
PC160226,24,16,0,0,0,22,6,4,1,18.47282067,0.352327137
PC160226,25,16,0,0,0,22,6,4,1,17.5524244,0.556874135
PC160226,26,16,0,0,0,22,6,4,1,16.06801222,0.222464406
PC160226,27,16,0,0,0,22,6,4,1,14.38655665,0.177778209
PC160226,28,16,0,0,0,22,6,4,1,12.26492142,0.298294153
PC160226,29,16,0,0,0,22,6,4,1,10.38574124,0.152461973
PC160226,30,16,0,0,0,22,6,4,1,8.620466429,0.208497956
PC160226,31,16,0,0,0,22,6,4,1,7.143654367,0.167019792
PC160226,32,16,0,0,0,22,6,4,1,5.763798505,0.106933293
PC160226,33,16,0,0,0,22,6,4,1,4.69093366,0.103637056
PC160226,34,16,0,0,0,22,6,4,1,3.656459829,0.02252928
PC160226,35,16,0,0,0,22,6,4,1,2.831314805,0.0504546
PC160226,36,16,0,0,0,22,6,4,1,2.199416214,0.015865333
PC160226,37,16,0,0,0,22,6,4,1,1.655339901,0.027989432
PC160226,38,16,0,0,0,22,6,4,1,1.229622094,0.019880861
PC160226,39,16,0,0,0,22,6,4,1,0.987442843,0.020880334
PC160226,40,16,0,0,0,22,6,4,1,0.729398268,0.010189588
PC160226,41,16,0,0,0,22,6,4,1,0.520653896,0.004714116
PC160226,42,16,0,0,0,22,6,4,1,0.37887229,0.004634916
PC160226,43,16,0,0,0,22,6,4,1,0.27182523,0.004765854
PC160226,44,16,0,0,0,22,6,4,1,0.170280104,0.004371865
PC160226,45,16,0,0,0,22,6,4,1,0.119185855,0.00456888
PC160226,46,16,0,0,0,22,6,4,1,0.057737305,0.001565136
PC160226,47,16,0,0,0,22,6,4,1,0.017732064,0.000725342
PC160226,48,16,0,0,0,22,6,4,1,0.01247941,0.000479195
PC160226,49,16,0,0,0,22,6,4,1,0.006309187,0.000291475
PC170141,10,17,0,0,0,14,1,8,1,1.049629944,0.020566752
PC170141,11,17,0,0,0,14,1,8,1,1.355850708,0.034402356
PC170141,12,17,0,0,0,14,1,8,1,1.725099519,0.093405
PC170141,13,17,0,0,0,14,1,8,1,2.551936873,0.065776447
PC170141,14,17,0,0,0,14,1,8,1,3.34139077,0.144063619
PC170141,15,17,0,0,0,14,1,8,1,4.617141734,0.193637189
PC170141,16,17,0,0,0,14,1,8,1,6.176545119,0.379510977
PC170141,17,17,0,0,0,14,1,8,1,8.401934137,0.451614632
PC170141,18,17,0,0,0,14,1,8,1,11.38080234,0.678718051
PC170141,19,17,0,0,0,14,1,8,1,14.63348215,0.572468139
PC170141,20,17,0,0,0,14,1,8,1,18.07789414,1.259440503
PC170141,21,17,0,0,0,14,1,8,1,22.59050629,3.05523575
PC170141,22,17,0,0,0,14,1,8,1,26.58496594,1.894097229
PC170141,23,17,0,0,0,14,1,8,1,29.86531265,3.499496331
PC170141,24,17,0,0,0,14,1,8,1,33.45691788,3.913556715
PC170141,25,17,0,0,0,14,1,8,1,36.19743138,5.545906188
PC170141,26,17,0,0,0,14,1,8,1,38.24418137,6.130321403
PC170141,27,17,0,0,0,14,1,8,1,38.56624168,6.593202704
PC170141,28,17,0,0,0,14,1,8,1,38.94067602,7.599907723
PC170141,29,17,0,0,0,14,1,8,1,38.60496073,5.554751267
PC170141,30,17,0,0,0,14,1,8,1,39.2072537,5.531357753
PC170141,31,17,0,0,0,14,1,8,1,38.80518634,12.23759191
PC170141,32,17,0,0,0,14,1,8,1,37.65789288,5.858771828
PC170141,33,17,0,0,0,14,1,8,1,36.45607924,4.763292977
PC170141,34,17,0,0,0,14,1,8,1,35.77172988,4.646473297
PC170141,35,17,0,0,0,14,1,8,1,34.48842748,4.6797641
PC170141,36,17,0,0,0,14,1,8,1,33.42938345,5.205592726
PC170141,37,17,0,0,0,14,1,8,1,32.54726491,4.593586125
PC170141,38,17,0,0,0,14,1,8,1,31.12890781,5.08390942
PC170141,39,17,0,0,0,14,1,8,1,29.52587734,2.617035193
PC170141,40,17,0,0,0,14,1,8,1,28.4562776,2.530662944
PC170141,41,17,0,0,0,14,1,8,1,26.61591288,3.724981443
PC170141,42,17,0,0,0,14,1,8,1,25.1496442,2.08587162
PC170141,43,17,0,0,0,14,1,8,1,23.69672119,1.777495456
PC170141,44,17,0,0,0,14,1,8,1,22.27317847,2.382751634
PC170141,45,17,0,0,0,14,1,8,1,20.31261305,2.232721957
PC170141,46,17,0,0,0,14,1,8,1,18.65181396,1.905016123
PC170141,47,17,0,0,0,14,1,8,1,17.42640229,1.586438006
PC170141,48,17,0,0,0,14,1,8,1,15.98861975,0.81844574
PC170141,49,17,0,0,0,14,1,8,1,14.34586806,1.219026654
PC170141,50,17,0,0,0,14,1,8,1,13.29860578,1.493718077
PC170141,51,17,0,0,0,14,1,8,1,11.56596345,0.832773066
PC170141,52,17,0,0,0,14,1,8,1,10.27168505,0.603580681
PC170141,53,17,0,0,0,14,1,8,1,8.724842771,0.479010426
PC170141,54,17,0,0,0,14,1,8,1,7.983045682,0.367656228
PC170141,55,17,0,0,0,14,1,8,1,6.972854858,0.190728983
PC170141,56,17,0,0,0,14,1,8,1,6.013999708,0.203658406
PC170141,57,17,0,0,0,14,1,8,1,5.379402338,0.134354009
PC170141,58,17,0,0,0,14,1,8,1,4.605171779,0.146878756
PC170141,59,17,0,0,0,14,1,8,1,3.908422566,0.112809589
PC170141,60,17,0,0,0,14,1,8,1,3.309888969,0.17737824
PC170141,61,17,0,0,0,14,1,8,1,2.84375957,0.140857409
PC170141,62,17,0,0,0,14,1,8,1,2.524073407,0.071494909
PC170141,63,17,0,0,0,14,1,8,1,2.064107251,0.091617379
PC170141,64,17,0,0,0,14,1,8,1,1.625994208,0.046456099
PC170141,65,17,0,0,0,14,1,8,1,1.420589667,0.042172846
PC170141,66,17,0,0,0,14,1,8,1,1.123515255,0.019357328
PC170141,67,17,0,0,0,14,1,8,1,0.990738598,0.031462323
PC170141,68,17,0,0,0,14,1,8,1,0.750935949,0.019941469
PC170141,69,17,0,0,0,14,1,8,1,0.650604624,0.01190292
PC170141,70,17,0,0,0,14,1,8,1,0.527596237,0.012299101
PC170204,10,17,0,0,0,20,4,5,1,0.917667511,0.007308429
PC170204,11,17,0,0,0,20,4,5,1,1.267012474,0.009847717
PC170204,12,17,0,0,0,20,4,5,1,1.612667543,0.029630375
PC170204,13,17,0,0,0,20,4,5,1,2.238068246,0.025484496
PC170204,14,17,0,0,0,20,4,5,1,3.181068257,0.025469786
PC170204,15,17,0,0,0,20,4,5,1,4.594300745,0.058025006
PC170204,16,17,0,0,0,20,4,5,1,6.424462561,0.118172959
PC170204,17,17,0,0,0,20,4,5,1,8.866663649,0.165336962
PC170204,18,17,0,0,0,20,4,5,1,12.08467527,0.29517361
PC170204,19,17,0,0,0,20,4,5,1,15.50053364,0.701371399
PC170204,20,17,0,0,0,20,4,5,1,19.33552124,0.392842723
PC170204,21,17,0,0,0,20,4,5,1,23.1049561,0.659807662
PC170204,22,17,0,0,0,20,4,5,1,26.97315854,1.420413333
PC170204,23,17,0,0,0,20,4,5,1,29.81521769,1.335014195
PC170204,24,17,0,0,0,20,4,5,1,31.52142119,1.75550505
PC170204,25,17,0,0,0,20,4,5,1,32.36984972,1.34371213
PC170204,26,17,0,0,0,20,4,5,1,32.61707867,2.209732465
PC170204,27,17,0,0,0,20,4,5,1,31.4613097,0.823481784
PC170204,28,17,0,0,0,20,4,5,1,30.22036439,0.805289451
PC170204,29,17,0,0,0,20,4,5,1,28.17031779,0.727619094
PC170204,30,17,0,0,0,20,4,5,1,26.15818732,1.045523448
PC170204,31,17,0,0,0,20,4,5,1,23.69164693,0.829005134
PC170204,32,17,0,0,0,20,4,5,1,21.59098775,0.796452903
PC170204,33,17,0,0,0,20,4,5,1,19.26941144,0.684105373
PC170204,34,17,0,0,0,20,4,5,1,17.16152092,0.603497704
PC170204,35,17,0,0,0,20,4,5,1,15.40122305,0.529701441
PC170204,36,17,0,0,0,20,4,5,1,13.20950028,0.484281167
PC170204,37,17,0,0,0,20,4,5,1,11.5476351,0.152197817
PC170204,38,17,0,0,0,20,4,5,1,10.03698564,0.235499277
PC170204,39,17,0,0,0,20,4,5,1,8.372746724,0.103185211
PC170204,40,17,0,0,0,20,4,5,1,7.218286127,0.100038994
PC170204,41,17,0,0,0,20,4,5,1,6.003399038,0.125593591
PC170204,42,17,0,0,0,20,4,5,1,5.01204854,0.08378531
PC170204,43,17,0,0,0,20,4,5,1,4.210212165,0.11620751
PC170204,44,17,0,0,0,20,4,5,1,3.3212886,0.030320332
PC170204,45,17,0,0,0,20,4,5,1,2.741483218,0.038301698
PC170204,46,17,0,0,0,20,4,5,1,2.20410093,0.023114532
PC170204,47,17,0,0,0,20,4,5,1,1.802922713,0.029206503
PC170204,48,17,0,0,0,20,4,5,1,1.388067452,0.018086975
PC170204,49,17,0,0,0,20,4,5,1,1.155367253,0.026039826
PC170204,50,17,0,0,0,20,4,5,1,0.893851553,0.020586101
PC170204,51,17,0,0,0,20,4,5,1,0.677398822,0.00788613
PC170204,52,17,0,0,0,20,4,5,1,0.505631852,0.005425047
PC170204,53,17,0,0,0,20,4,5,1,0.382842845,0.007160111
PC170204,54,17,0,0,0,20,4,5,1,0.267728963,0.002600484
PC170204,55,17,0,0,0,20,4,5,1,0.255425627,0.002661371
PC170204,56,17,0,0,0,20,4,5,1,0.185584042,0.004239117
PC170204,57,17,0,0,0,20,4,5,1,0.09569605,0.004311482
PC170204,58,17,0,0,0,20,4,5,1,0.041933599,0.000872945
PC170204,59,17,0,0,0,20,4,5,1,0.022788758,0.000805191
PC170204,60,17,0,0,0,20,4,5,1,0.00388121,0.000210893
PC180140,10,18,0,0,0,14,0,0,1,0.97357138,0.019051218
PC180140,11,18,0,0,0,14,0,0,1,1.253231899,0.018445201
PC180140,12,18,0,0,0,14,0,0,1,1.653359495,0.034588746
PC180140,13,18,0,0,0,14,0,0,1,2.204816841,0.047883581
PC180140,14,18,0,0,0,14,0,0,1,2.912267366,0.069058209
PC180140,15,18,0,0,0,14,0,0,1,4.133613196,0.10256726
PC180140,16,18,0,0,0,14,0,0,1,5.548318536,0.113868916
PC180140,17,18,0,0,0,14,0,0,1,7.709998938,0.128615276
PC180140,18,18,0,0,0,14,0,0,1,10.2395151,0.333843896
PC180140,19,18,0,0,0,14,0,0,1,13.61826309,0.608906198
PC180140,20,18,0,0,0,14,0,0,1,17.39116996,1.177991267
PC180140,21,18,0,0,0,14,0,0,1,21.27696542,0.646045382
PC180140,22,18,0,0,0,14,0,0,1,25.22857457,1.434901673
PC180140,23,18,0,0,0,14,0,0,1,28.88868961,1.772112561
PC180140,24,18,0,0,0,14,0,0,1,32.87820498,1.857665816
PC180140,25,18,0,0,0,14,0,0,1,34.91466962,1.698636343
PC180140,26,18,0,0,0,14,0,0,1,36.54952262,1.118499866
PC180140,27,18,0,0,0,14,0,0,1,37.95045663,3.591349151
PC180140,28,18,0,0,0,14,0,0,1,39.31870814,3.204268812
PC180140,29,18,0,0,0,14,0,0,1,39.37153165,2.786496167
PC180140,30,18,0,0,0,14,0,0,1,38.63415463,3.995777636
PC180140,31,18,0,0,0,14,0,0,1,38.33026521,3.12528899
PC180140,32,18,0,0,0,14,0,0,1,37.92675188,1.71533999
PC180140,33,18,0,0,0,14,0,0,1,36.85376663,2.545769815
PC180140,34,18,0,0,0,14,0,0,1,35.5049443,1.818845516
PC180140,35,18,0,0,0,14,0,0,1,34.9936433,1.050947634
PC180140,36,18,0,0,0,14,0,0,1,34.13637349,2.650774223
PC180140,37,18,0,0,0,14,0,0,1,32.49955442,2.689370327
PC180140,38,18,0,0,0,14,0,0,1,31.82320678,2.775075783
PC180140,39,18,0,0,0,14,0,0,1,30.49272335,1.989536493
PC180140,40,18,0,0,0,14,0,0,1,29.72454364,12.20742558
PC180140,41,18,0,0,0,14,0,0,1,27.54607053,1.436133213
PC180140,42,18,0,0,0,14,0,0,1,25.86692064,1.087086862
PC180140,43,18,0,0,0,14,0,0,1,24.38108551,0.359337191
PC180140,44,18,0,0,0,14,0,0,1,22.90838556,1.265190658
PC180140,45,18,0,0,0,14,0,0,1,21.45485553,1.068836999
PC180140,46,18,0,0,0,14,0,0,1,19.67167811,0.865705033
PC180140,47,18,0,0,0,14,0,0,1,18.47822733,0.697953313
PC180140,48,18,0,0,0,14,0,0,1,16.60138964,0.860425374
PC180140,49,18,0,0,0,14,0,0,1,15.31867632,0.546369412
PC180140,50,18,0,0,0,14,0,0,1,13.74551183,0.463444055
PC180140,51,18,0,0,0,14,0,0,1,12.61592426,0.536039998
PC180140,52,18,0,0,0,14,0,0,1,11.30466951,0.441395755
PC180140,53,18,0,0,0,14,0,0,1,9.786824865,0.188972136
PC180140,54,18,0,0,0,14,0,0,1,8.683556986,0.137436572
PC180140,55,18,0,0,0,14,0,0,1,7.641884779,0.209395934
PC180140,56,18,0,0,0,14,0,0,1,6.624583449,0.152407559
PC180140,57,18,0,0,0,14,0,0,1,5.921877776,0.131473572
PC180140,58,18,0,0,0,14,0,0,1,5.108591258,0.19338209
PC180140,59,18,0,0,0,14,0,0,1,4.526537328,0.068400771
PC180140,60,18,0,0,0,14,0,0,1,3.693754539,0.115185542
PC180140,61,18,0,0,0,14,0,0,1,3.250017777,0.04103508
PC180140,62,18,0,0,0,14,0,0,1,2.794852605,0.029032517
PC180140,63,18,0,0,0,14,0,0,1,2.321656525,0.067145505
PC180140,64,18,0,0,0,14,0,0,1,1.988174582,0.105989155
PC180140,65,18,0,0,0,14,0,0,1,1.652296409,0.028428299
PC180140,66,18,0,0,0,14,0,0,1,1.346668407,0.014882344
PC180140,67,18,0,0,0,14,0,0,1,1.102511908,0.023414206
PC180140,68,18,0,0,0,14,0,0,1,0.942349948,0.017267329
PC180140,69,18,0,0,0,14,0,0,1,0.768915748,0.012022985
PC180140,70,18,0,0,0,14,0,0,1,0.612454676,0.008061165
PC180226,10,18,0,0,0,22,6,4,1,0.628473284,0.019438835
PC180226,11,18,0,0,0,22,6,4,1,0.811923194,0.00836678
PC180226,12,18,0,0,0,22,6,4,1,1.177024663,0.022694231
PC180226,13,18,0,0,0,22,6,4,1,1.795402114,0.032839725
PC180226,14,18,0,0,0,22,6,4,1,2.619922002,0.051391635
PC180226,15,18,0,0,0,22,6,4,1,3.75731547,0.059128809
PC180226,16,18,0,0,0,22,6,4,1,5.392760359,0.087463787
PC180226,17,18,0,0,0,22,6,4,1,7.405551697,0.181491933
PC180226,18,18,0,0,0,22,6,4,1,10.09189542,0.248310366
PC180226,19,18,0,0,0,22,6,4,1,12.8893871,0.718855563
PC180226,20,18,0,0,0,22,6,4,1,15.43919735,0.799104527
PC180226,21,18,0,0,0,22,6,4,1,17.96709676,0.539862224
PC180226,22,18,0,0,0,22,6,4,1,19.03311066,0.6320676
PC180226,23,18,0,0,0,22,6,4,1,20.3814545,1.190925314
PC180226,24,18,0,0,0,22,6,4,1,19.5705596,0.558638185
PC180226,25,18,0,0,0,22,6,4,1,18.51557777,0.400962325
PC180226,26,18,0,0,0,22,6,4,1,16.90652594,0.678690024
PC180226,27,18,0,0,0,22,6,4,1,14.78598039,0.535794839
PC180226,28,18,0,0,0,22,6,4,1,12.77816731,0.462185315
PC180226,29,18,0,0,0,22,6,4,1,11.06195019,0.395403009
PC180226,30,18,0,0,0,22,6,4,1,9.040966692,0.132564112
PC180226,31,18,0,0,0,22,6,4,1,7.325138534,0.171305843
PC180226,32,18,0,0,0,22,6,4,1,5.888859344,0.103500569
PC180226,33,18,0,0,0,22,6,4,1,4.75211849,0.100934017
PC180226,34,18,0,0,0,22,6,4,1,3.736778821,0.093254979
PC180226,35,18,0,0,0,22,6,4,1,2.957191393,0.046120432
PC180226,36,18,0,0,0,22,6,4,1,2.121430066,0.037964239
PC180226,37,18,0,0,0,22,6,4,1,1.676735583,0.013980622
PC180226,38,18,0,0,0,22,6,4,1,1.293953246,0.012452874
PC180226,39,18,0,0,0,22,6,4,1,0.965876034,0.018786951
PC180226,40,18,0,0,0,22,6,4,1,0.757616486,0.008535928
PC180226,41,18,0,0,0,22,6,4,1,0.488696675,0.004938149
PC180226,42,18,0,0,0,22,6,4,1,0.410434201,0.008271938
PC180226,43,18,0,0,0,22,6,4,1,0.270437421,0.010091961
PC180226,44,18,0,0,0,22,6,4,1,0.160755101,0.005815029
PC180226,45,18,0,0,0,22,6,4,1,0.105990995,0.003162606
PC180226,46,18,0,0,0,22,6,4,1,0.052158158,0.00223482
PC180226,47,18,0,0,0,22,6,4,1,0.017876647,0.000878457
PC204160,10,20,4,5,0,16,0,0,1,1.013897342,0.016626804
PC204160,11,20,4,5,0,16,0,0,1,1.283617441,0.023351818
PC204160,12,20,4,5,0,16,0,0,1,1.68016987,0.042828443
PC204160,13,20,4,5,0,16,0,0,1,2.317016865,0.042813432
PC204160,14,20,4,5,0,16,0,0,1,3.174963348,0.068504453
PC204160,15,20,4,5,0,16,0,0,1,4.637849287,0.075920378
PC204160,16,20,4,5,0,16,0,0,1,6.224748465,0.167907008
PC204160,17,20,4,5,0,16,0,0,1,8.789970751,0.71759419
PC204160,18,20,4,5,0,16,0,0,1,11.43697301,0.214971791
PC204160,19,20,4,5,0,16,0,0,1,14.72541103,1.68615798
PC204160,20,20,4,5,0,16,0,0,1,18.20213083,3.020377878
PC204160,21,20,4,5,0,16,0,0,1,22.87554965,0.864733436
PC204160,22,20,4,5,0,16,0,0,1,26.17602436,0.761892541
PC204160,23,20,4,5,0,16,0,0,1,29.19999912,7.76379343
PC204160,24,20,4,5,0,16,0,0,1,32.05860661,4.744743271
PC204160,25,20,4,5,0,16,0,0,1,34.65090413,1.998074841
PC204160,26,20,4,5,0,16,0,0,1,35.67128079,6.235925177
PC204160,27,20,4,5,0,16,0,0,1,36.15406168,7.798905077
PC204160,28,20,4,5,0,16,0,0,1,37.07030016,1.078585981
PC204160,29,20,4,5,0,16,0,0,1,37.11444912,0.637435639
PC204160,30,20,4,5,0,16,0,0,1,36.62602437,1.52531438
PC204160,31,20,4,5,0,16,0,0,1,36.23322792,0.303858129
PC204160,32,20,4,5,0,16,0,0,1,35.42024276,2.490996337
PC204160,33,20,4,5,0,16,0,0,1,34.9669563,1.080812086
PC204160,34,20,4,5,0,16,0,0,1,33.98876003,0.708374168
PC204160,35,20,4,5,0,16,0,0,1,33.1433924,1.05893256
PC204160,36,20,4,5,0,16,0,0,1,31.99979147,0.832596284
PC204160,37,20,4,5,0,16,0,0,1,30.5432378,0.812498596
PC204160,38,20,4,5,0,16,0,0,1,29.2454482,0.82463035
PC204160,39,20,4,5,0,16,0,0,1,28.16448038,1.120530532
PC204160,40,20,4,5,0,16,0,0,1,26.74956806,0.236806285
PC204160,41,20,4,5,0,16,0,0,1,25.60259447,1.049454036
PC204160,42,20,4,5,0,16,0,0,1,23.75299598,0.378739546
PC204160,43,20,4,5,0,16,0,0,1,22.26096677,0.149768245
PC204160,44,20,4,5,0,16,0,0,1,20.47563785,0.506037731
PC204160,45,20,4,5,0,16,0,0,1,19.01573094,0.185028742
PC204160,46,20,4,5,0,16,0,0,1,17.25306979,0.366173446
PC204160,47,20,4,5,0,16,0,0,1,15.59196436,0.329303439
PC204160,48,20,4,5,0,16,0,0,1,14.01805329,0.252912648
PC204160,49,20,4,5,0,16,0,0,1,12.69645171,0.148516293
PC204160,50,20,4,5,0,16,0,0,1,11.47269842,0.238697899
PC204160,51,20,4,5,0,16,0,0,1,9.728875116,0.510353977
PC204160,52,20,4,5,0,16,0,0,1,8.830784145,0.221752359
PC204160,53,20,4,5,0,16,0,0,1,7.47930055,0.51855498
PC204160,54,20,4,5,0,16,0,0,1,6.645950704,0.121624077
PC204160,55,20,4,5,0,16,0,0,1,5.692121815,0.131399261
PC204160,56,20,4,5,0,16,0,0,1,4.787875251,0.092365143
PC204160,57,20,4,5,0,16,0,0,1,4.083569627,0.049224512
PC204160,58,20,4,5,0,16,0,0,1,3.455907179,0.058369184
PC204160,59,20,4,5,0,16,0,0,1,2.863863192,0.021209431
PC204160,60,20,4,5,0,16,0,0,1,2.379152076,0.041047103
PC204160,61,20,4,5,0,16,0,0,1,1.999386233,0.0494107
PC204160,62,20,4,5,0,16,0,0,1,1.686725558,0.019457831
PC204160,63,20,4,5,0,16,0,0,1,1.360740018,0.011172968
PC204160,64,20,4,5,0,16,0,0,1,1.089029114,0.022136592
PC204160,65,20,4,5,0,16,0,0,1,0.890877442,0.009566768
PC204160,66,20,4,5,0,16,0,0,1,0.760032253,0.009635099
PC204160,67,20,4,5,0,16,0,0,1,0.571222526,0.008106436
PC204160,68,20,4,5,0,16,0,0,1,0.437934535,0.007548792
PC204160,69,20,4,5,0,16,0,0,1,0.348593905,0.003679223
PC204160,70,20,4,5,0,16,0,0,1,0.27279709,0.003231035
PC210226,10,21,0,0,0,22,6,4,1,0.433946401,0.005655912
PC210226,11,21,0,0,0,22,6,4,1,0.633735891,0.004335903
PC210226,12,21,0,0,0,22,6,4,1,0.903070607,0.01464324
PC210226,13,21,0,0,0,22,6,4,1,1.342806776,0.007438835
PC210226,14,21,0,0,0,22,6,4,1,1.938735442,0.035670247
PC210226,15,21,0,0,0,22,6,4,1,3.069279403,0.050655745
PC210226,16,21,0,0,0,22,6,4,1,4.357484308,0.041288691
PC210226,17,21,0,0,0,22,6,4,1,6.175364126,0.046386903
PC210226,18,21,0,0,0,22,6,4,1,8.224210427,0.098121834
PC210226,19,21,0,0,0,22,6,4,1,10.79567731,0.30289694
PC210226,20,21,0,0,0,22,6,4,1,13.21779413,0.090318837
PC210226,21,21,0,0,0,22,6,4,1,15.32815767,0.452197745
PC210226,22,21,0,0,0,22,6,4,1,16.90980684,0.648402617
PC210226,23,21,0,0,0,22,6,4,1,17.95224538,0.468803742
PC210226,24,21,0,0,0,22,6,4,1,17.91296485,2.448750129
PC210226,25,21,0,0,0,22,6,4,1,17.26427608,2.219424718
PC210226,26,21,0,0,0,22,6,4,1,16.01883222,0.736872733
PC210226,27,21,0,0,0,22,6,4,1,14.47901229,2.983707031
PC210226,28,21,0,0,0,22,6,4,1,12.20287428,0.426500421
PC210226,29,21,0,0,0,22,6,4,1,10.69171303,0.953598569
PC210226,30,21,0,0,0,22,6,4,1,8.70777034,0.269110072
PC210226,31,21,0,0,0,22,6,4,1,7.336819232,0.229113218
PC210226,32,21,0,0,0,22,6,4,1,5.690327341,0.099182761
PC210226,33,21,0,0,0,22,6,4,1,4.55422443,0.062736506
PC210226,34,21,0,0,0,22,6,4,1,3.568348637,0.062946558
PC210226,35,21,0,0,0,22,6,4,1,2.904189467,0.038319732
PC210226,36,21,0,0,0,22,6,4,1,2.218030347,0.028746353
PC210226,37,21,0,0,0,22,6,4,1,1.775655435,0.033159502
PC210226,38,21,0,0,0,22,6,4,1,1.301742926,0.026855275
PC210226,39,21,0,0,0,22,6,4,1,1.0126752,0.010980633
PC210226,40,21,0,0,0,22,6,4,1,0.684338398,0.012087956
PC210226,41,21,0,0,0,22,6,4,1,0.527825305,0.008594229
PC210226,42,21,0,0,0,22,6,4,1,0.426266859,0.007168986
PC210226,43,21,0,0,0,22,6,4,1,0.264311523,0.004451963
PC210226,44,21,0,0,0,22,6,4,1,0.180462557,0.004262745
PC210226,45,21,0,0,0,22,6,4,1,0.126495908,0.003686629
PC210226,46,21,0,0,0,22,6,4,1,0.068659848,0.000830281
PC210226,47,21,0,0,0,22,6,4,1,0.04630403,0.001121942
PC210226,48,21,0,0,0,22,6,4,1,0.022587385,0.000701203
PC210226,49,21,0,0,0,22,6,4,1,0.005887434,0.000278973
PC226160,10,22,6,4,0,16,0,0,1,1.051985146,0.026693837
PC226160,11,22,6,4,0,16,0,0,1,1.473817927,0.049525845
PC226160,12,22,6,4,0,16,0,0,1,1.816266142,0.031331668
PC226160,13,22,6,4,0,16,0,0,1,2.592108006,0.028882383
PC226160,14,22,6,4,0,16,0,0,1,3.571140944,0.136494776
PC226160,15,22,6,4,0,16,0,0,1,4.986046186,0.187091005
PC226160,16,22,6,4,0,16,0,0,1,6.84983534,0.10544274
PC226160,17,22,6,4,0,16,0,0,1,9.491676953,0.366319331
PC226160,18,22,6,4,0,16,0,0,1,12.89581639,0.339210064
PC226160,19,22,6,4,0,16,0,0,1,16.45101234,0.39309398
PC226160,20,22,6,4,0,16,0,0,1,20.44597765,0.611093012
PC226160,21,22,6,4,0,16,0,0,1,24.58534907,1.241018024
PC226160,22,22,6,4,0,16,0,0,1,28.7696651,1.472316471
PC226160,23,22,6,4,0,16,0,0,1,31.27401147,1.819593501
PC226160,24,22,6,4,0,16,0,0,1,34.73152515,1.51180964
PC226160,25,22,6,4,0,16,0,0,1,36.51037967,2.055989098
PC226160,26,22,6,4,0,16,0,0,1,37.32650345,1.308766183
PC226160,27,22,6,4,0,16,0,0,1,38.28392741,1.792273831
PC226160,28,22,6,4,0,16,0,0,1,38.22780636,2.08887479
PC226160,29,22,6,4,0,16,0,0,1,38.32287849,2.397338133
PC226160,30,22,6,4,0,16,0,0,1,37.76201357,1.69694347
PC226160,31,22,6,4,0,16,0,0,1,36.88162452,1.409237097
PC226160,32,22,6,4,0,16,0,0,1,36.44421718,3.058143017
PC226160,33,22,6,4,0,16,0,0,1,35.25222956,1.201787194
PC226160,34,22,6,4,0,16,0,0,1,34.5865766,1.303416728
PC226160,35,22,6,4,0,16,0,0,1,33.79958007,1.499094809
PC226160,36,22,6,4,0,16,0,0,1,32.19723359,1.23786575
PC226160,37,22,6,4,0,16,0,0,1,31.00920244,1.874065974
PC226160,38,22,6,4,0,16,0,0,1,29.78142297,2.299635042
PC226160,39,22,6,4,0,16,0,0,1,27.85933475,1.178338182
PC226160,40,22,6,4,0,16,0,0,1,27.12581248,1.969314779
PC226160,41,22,6,4,0,16,0,0,1,24.88069894,1.841922725
PC226160,42,22,6,4,0,16,0,0,1,23.1948168,0.9502486
PC226160,43,22,6,4,0,16,0,0,1,21.68991325,0.58325874
PC226160,44,22,6,4,0,16,0,0,1,20.16624555,0.643977286
PC226160,45,22,6,4,0,16,0,0,1,18.41620227,0.325592078
PC226160,46,22,6,4,0,16,0,0,1,16.75908281,0.311954684
PC226160,47,22,6,4,0,16,0,0,1,14.95069634,0.686751247
PC226160,48,22,6,4,0,16,0,0,1,13.62751349,0.35650877
PC226160,49,22,6,4,0,16,0,0,1,12.22042511,0.524727901
PC226160,50,22,6,4,0,16,0,0,1,10.69766219,0.465667427
PC226160,51,22,6,4,0,16,0,0,1,9.473050985,0.169500399
PC226160,52,22,6,4,0,16,0,0,1,8.3110851,0.154211836
PC226160,53,22,6,4,0,16,0,0,1,7.308672449,0.09128706
PC226160,54,22,6,4,0,16,0,0,1,6.303200983,0.143917764
PC226160,55,22,6,4,0,16,0,0,1,5.40043275,0.105249916
PC226160,56,22,6,4,0,16,0,0,1,4.608557905,0.049116411
PC226160,57,22,6,4,0,16,0,0,1,3.950858991,0.070726617
PC226160,58,22,6,4,0,16,0,0,1,3.244380453,0.075065278
PC226160,59,22,6,4,0,16,0,0,1,2.671445443,0.028778417
PC226160,60,22,6,4,0,16,0,0,1,2.251469908,0.063044159
PC226160,61,22,6,4,0,16,0,0,1,1.787061915,0.043713856
PC226160,62,22,6,4,0,16,0,0,1,1.520665662,0.052776235
PC226160,63,22,6,4,0,16,0,0,1,1.260677596,0.016938289
PC226160,64,22,6,4,0,16,0,0,1,1.032441719,0.02184902
PC226160,65,22,6,4,0,16,0,0,1,0.770141435,0.011941839
PC226160,66,22,6,4,0,16,0,0,1,0.640598229,0.009983361
PC226160,67,22,6,4,0,16,0,0,1,0.505204981,0.011073521
PC226160,68,22,6,4,0,16,0,0,1,0.380011321,0.0053449
PC226160,69,22,6,4,0,16,0,0,1,0.31153758,0.006606865
PC226160,70,22,6,4,0,16,0,0,1,0.256856746,0.006160109
