Group	Specie	Mz	Sample	CE	C.FAI	C.COI	FA-CO.ratio	FA_Isomer	1st Pos	1st CF	1st C.FAI	1st rel_FAI	2nd Pos	2nd CF	2nd C.FAI	2nd rel_FAI	3rd Pos	TX.CF	C.FAI with TX.CF
Group-1	PC 24:0:0	199.17	20180509_PC_brain_01.mzXML	25.0	841441.3	0.0	0.0	[0.0..0.0]	[0.5..0.5]	[1.101..1.101]	[926426.9..926426.9]	[0.5..0.5]	[0.5..0.5]	[1.101..1.101]	[926426.9..926426.9]	[0.5..0.5]	[0.5..0.5]	1.004296	[930406.75..930406.75]
Group-1	PC 24:0:0	199.17	20180509_PC_brain_01.mzXML	30.0	915957.4	0.0	0.0	[0.0..0.0]	[0.5..0.5]	[1.156..1.156]	[1058846.8..1058846.8]	[0.5..0.5]	[0.5..0.5]	[1.156..1.156]	[1058846.8..1058846.8]	[0.5..0.5]	[0.5..0.5]	1.004296	[1063395.5..1063395.5]
Group-1	PC 24:0:0	199.17	20180509_PC_brain_01.mzXML	35.0	803916.8	0.0	0.0	[0.0..0.0]	[0.5..0.5]	[1.179..1.179]	[947817.94..947817.94]	[0.5..0.5]	[0.5..0.5]	[1.179..1.179]	[947817.94..947817.94]	[0.5..0.5]	[0.5..0.5]	1.004296	[951889.7..951889.7]
Group-1	PC 25:0:0	199.17	20180509_PC_brain_01.mzXML	25.0	239160.7	0.0	0.0	[0.0..0.0]	[0.0..1.0]	[1.088..1.096]	[260206.86..262120.12]	[0.271..0.271]	[0.0..0.0]	[1.088..1.088]	[260206.86..260206.86]	[0.269..0.269]	[0.0..0.0]	0.98652405	[256700.31..258587.8]
Group-1	PC 25:0:0	199.17	20180509_PC_brain_01.mzXML	30.0	273912.5	0.0	0.0	[0.0..0.0]	[0.0..1.0]	[1.149..1.152]	[314725.47..315547.2]	[0.287..0.288]	[0.0..0.0]	[1.149..1.149]	[314725.47..314725.47]	[0.287..0.287]	[0.0..0.0]	0.98652405	[310484.25..311294.9]
Group-1	PC 25:0:0	199.17	20180509_PC_brain_01.mzXML	35.0	256409.7	0.0	0.0	[0.0..0.0]	[0.0..1.0]	[1.172..1.175]	[300512.2..301281.38]	[0.303..0.303]	[0.0..0.0]	[1.172..1.172]	[300512.2..300512.2]	[0.302..0.302]	[0.0..0.0]	0.98652405	[296462.5..297221.34]
Group-1	PC 25:0:0	213.18	20180509_PC_brain_01.mzXML	25.0	661672.7	0.0	0.0	[0.0..0.0]	[0.0..1.0]	[1.058..1.068]	[700049.7..706666.4]	[0.729..0.729]	[1.0..1.0]	[1.068..1.068]	[706666.4..706666.4]	[0.731..0.731]	[1.0..1.0]	0.98652405	[690615.8..697143.4]
Group-1	PC 25:0:0	213.18	20180509_PC_brain_01.mzXML	30.0	706245.8	0.0	0.0	[0.0..0.0]	[0.0..1.0]	[1.102..1.108]	[778282.9..782520.4]	[0.712..0.713]	[1.0..1.0]	[1.108..1.108]	[782520.4..782520.4]	[0.713..0.713]	[1.0..1.0]	0.98652405	[767794.8..771975.2]
Group-1	PC 25:0:0	213.18	20180509_PC_brain_01.mzXML	35.0	617208.6	0.0	0.0	[0.0..0.0]	[0.0..1.0]	[1.12..1.124]	[691273.7..693742.44]	[0.697..0.697]	[1.0..1.0]	[1.124..1.124]	[693742.44..693742.44]	[0.698..0.698]	[1.0..1.0]	0.98652405	[681958.06..684393.6]
Group-1	PC 30:0:0	227.2	20180509_PC_brain_01.mzXML	25.0	8756.7	0.0	0.0	[0.0..0.0]	[0.0..1.0]	[1.033..1.042]	[9045.671..9124.482]	[0.47..0.472]	[0.38..0.43]	[1.036..1.037]	[9071.941..9080.697]	[0.471..0.471]	[0.381..0.43]	0.9069271	[8203.765..8275.24]
Group-1	PC 30:0:0	227.2	20180509_PC_brain_01.mzXML	30.0	9668.5	0.0	0.0	[0.0..0.0]	[0.0..1.0]	[1.062..1.068]	[10267.947..10325.958]	[0.454..0.455]	[0.38..0.43]	[1.064..1.065]	[10287.284..10296.953]	[0.454..0.455]	[0.381..0.43]	0.9069271	[9312.28..9364.892]
Group-1	PC 30:0:0	227.2	20180509_PC_brain_01.mzXML	35.0	8977.4	0.0	0.0	[0.0..0.0]	[0.0..1.0]	[1.074..1.078]	[9641.729..9677.637]	[0.467..0.468]	[0.38..0.43]	[1.076..1.076]	[9659.683..9659.683]	[0.468..0.468]	[0.381..0.43]	0.9069271	[8744.345..8776.911]
Group-1	PC 30:0:0	255.23	20180509_PC_brain_01.mzXML	25.0	10187.4	0.0	0.0	[0.0..0.0]	[0.0..1.0]	[1.0..1.0]	[10187.4..10187.4]	[0.528..0.53]	[0.57..0.62]	[1.0..1.0]	[10187.4..10187.4]	[0.529..0.529]	[0.57..0.619]	0.9069271	[9239.2295..9239.2295]
Group-1	PC 30:0:0	255.23	20180509_PC_brain_01.mzXML	30.0	12358.6	0.0	0.0	[0.0..0.0]	[0.0..1.0]	[1.0..1.0]	[12358.6..12358.6]	[0.545..0.546]	[0.57..0.62]	[1.0..1.0]	[12358.6..12358.6]	[0.545..0.546]	[0.57..0.619]	0.9069271	[11208.349..11208.349]
Group-1	PC 30:0:0	255.23	20180509_PC_brain_01.mzXML	35.0	10992.3	0.0	0.0	[0.0..0.0]	[0.0..1.0]	[1.0..1.0]	[10992.3..10992.3]	[0.532..0.533]	[0.57..0.62]	[1.0..1.0]	[10992.3..10992.3]	[0.532..0.532]	[0.57..0.619]	0.9069271	[9969.215..9969.215]
Group-1	PC 32:0:0	227.2	20180509_PC_brain_01.mzXML	25.0	1609.2	0.0	0.0	[0.0..0.0]	[0.0..1.0]	[1.033..1.042]	[1662.304..1676.787]	[0.809..0.811]	[1.0..1.0]	[1.042..1.042]	[1676.7865..1676.7865]	[0.813..0.813]	[1.0..1.0]	0.87883294	[1460.8871..1473.6151]
Group-1	PC 32:0:0	227.2	20180509_PC_brain_01.mzXML	30.0	1625.3	0.0	0.0	[0.0..0.0]	[0.0..1.0]	[1.062..1.068]	[1726.069..1735.82]	[0.789..0.791]	[1.0..1.0]	[1.068..1.068]	[1735.8204..1735.8204]	[0.792..0.792]	[1.0..1.0]	0.87883294	[1516.926..1525.4961]
Group-1	PC 32:0:0	227.2	20180509_PC_brain_01.mzXML	35.0	1701.7	0.0	0.0	[0.0..0.0]	[0.0..1.0]	[1.074..1.078]	[1827.626..1834.433]	[0.746..0.747]	[1.0..1.0]	[1.078..1.078]	[1834.4325..1834.4325]	[0.747..0.747]	[1.0..1.0]	0.87883294	[1606.1777..1612.1597]
Group-1	PC 32:0:0	255.23	20180509_PC_brain_01.mzXML	25.0	195936.0	0.0	0.0	[0.0..0.0]	[0.5..0.5]	[1.0..1.0]	[195936.0..195936.0]	[0.5..0.5]	[0.5..0.5]	[1.0..1.0]	[195936.0..195936.0]	[0.5..0.5]	[0.5..0.5]	0.87883294	[172195.02..172195.02]
Group-1	PC 32:0:0	255.23	20180509_PC_brain_01.mzXML	30.0	236234.4	0.0	0.0	[0.0..0.0]	[0.5..0.5]	[1.0..1.0]	[236234.4..236234.4]	[0.5..0.5]	[0.5..0.5]	[1.0..1.0]	[236234.4..236234.4]	[0.5..0.5]	[0.5..0.5]	0.87883294	[207610.58..207610.58]
Group-1	PC 32:0:0	255.23	20180509_PC_brain_01.mzXML	35.0	206866.2	0.0	0.0	[0.0..0.0]	[0.5..0.5]	[1.0..1.0]	[206866.2..206866.2]	[0.5..0.5]	[0.5..0.5]	[1.0..1.0]	[206866.2..206866.2]	[0.5..0.5]	[0.5..0.5]	0.87883294	[181800.83..181800.83]
Group-1	PC 32:0:0	283.26	20180509_PC_brain_01.mzXML	25.0	399.5	0.0	0.0	[0.0..0.0]	[0.0..1.0]	[0.968..0.988]	[386.716..394.706]	[0.189..0.191]	[0.0..0.0]	[0.968..0.968]	[386.716..386.716]	[0.187..0.187]	[0.0..0.0]	0.87883294	[339.85873..346.8806]
Group-1	PC 32:0:0	283.26	20180509_PC_brain_01.mzXML	30.0	483.4	0.0	0.0	[0.0..0.0]	[0.0..1.0]	[0.945..0.958]	[456.813..463.097]	[0.209..0.211]	[0.0..0.0]	[0.945..0.945]	[456.813..456.813]	[0.208..0.208]	[0.0..0.0]	0.87883294	[401.4623..406.98508]
Group-1	PC 32:0:0	283.26	20180509_PC_brain_01.mzXML	35.0	661.9	0.0	0.0	[0.0..0.0]	[0.0..1.0]	[0.937..0.945]	[620.2..625.496]	[0.253..0.254]	[0.0..0.0]	[0.937..0.937]	[620.2003..620.2003]	[0.253..0.253]	[0.0..0.0]	0.87883294	[545.0524..549.70605]
Group-1	PC 32:1:0	227.2	20180509_PC_brain_01.mzXML	25.0	5739.1	0.0	0.0	[0.0..0.0]	[0.0..0.0]	[1.042..1.042]	[5980.143..5980.143]	[0.478..0.478]	[0.37..0.45]	[1.042..1.042]	[5980.1426..5980.1426]	[0.478..0.478]	[0.368..0.445]	0.88078475	[5267.2183..5267.2183]
Group-1	PC 32:1:0	227.2	20180509_PC_brain_01.mzXML	30.0	6100.1	0.0	0.0	[0.0..0.0]	[0.0..0.0]	[1.068..1.068]	[6514.907..6514.907]	[0.449..0.449]	[0.37..0.45]	[1.068..1.068]	[6514.9067..6514.9067]	[0.449..0.449]	[0.368..0.445]	0.88078475	[5738.2305..5738.2305]
Group-1	PC 32:1:0	227.2	20180509_PC_brain_01.mzXML	35.0	5440.9	0.0	0.0	[0.0..0.0]	[0.0..0.0]	[1.078..1.078]	[5865.29..5865.29]	[0.478..0.478]	[0.37..0.45]	[1.078..1.078]	[5865.29..5865.29]	[0.478..0.478]	[0.368..0.445]	0.88078475	[5166.058..5166.058]
Group-1	PC 32:1:0	253.22	20180509_PC_brain_01.mzXML	25.0	124850.7	0.0	0.0	[9.0..9.0]	[0.0..1.0]	[0.901..0.981]	[112490.484..122478.54]	[0.557..0.578]	[0.61..0.69]	[0.95..0.956]	[118608.164..119357.266]	[0.57..0.572]	[0.615..0.694]	0.88078475	[99079.91..107877.23]
Group-1	PC 32:1:0	253.22	20180509_PC_brain_01.mzXML	30.0	145374.3	0.0	0.0	[9.0..9.0]	[0.0..1.0]	[0.912..0.97]	[132581.36..141013.08]	[0.556..0.571]	[0.61..0.69]	[0.947..0.952]	[137669.47..138396.33]	[0.565..0.567]	[0.615..0.694]	0.88078475	[116775.63..124202.164]
Group-1	PC 32:1:0	253.22	20180509_PC_brain_01.mzXML	35.0	121493.5	0.0	0.0	[9.0..9.0]	[0.0..1.0]	[0.936..0.967]	[113717.914..117484.22]	[0.543..0.551]	[0.61..0.69]	[0.955..0.957]	[116026.29..116269.28]	[0.548..0.549]	[0.615..0.694]	0.88078475	[100161.01..103478.305]
Group-1	PC 32:1:0	255.23	20180509_PC_brain_01.mzXML	25.0	89371.1	0.0	0.0	[0.0..0.0]	[0.0..1.0]	[1.0..1.0]	[89371.1..89371.1]	[0.422..0.443]	[0.31..0.39]	[1.0..1.0]	[89371.1..89371.1]	[0.428..0.43]	[0.306..0.385]	0.88078475	[78716.7..78716.7]
Group-1	PC 32:1:0	255.23	20180509_PC_brain_01.mzXML	30.0	105900.6	0.0	0.0	[0.0..0.0]	[0.0..1.0]	[1.0..1.0]	[105900.6..105900.6]	[0.429..0.444]	[0.31..0.39]	[1.0..1.0]	[105900.6..105900.6]	[0.433..0.435]	[0.306..0.385]	0.88078475	[93275.63..93275.63]
Group-1	PC 32:1:0	255.23	20180509_PC_brain_01.mzXML	35.0	95612.6	0.0	0.0	[0.0..0.0]	[0.0..1.0]	[1.0..1.0]	[95612.6..95612.6]	[0.449..0.457]	[0.31..0.39]	[1.0..1.0]	[95612.6..95612.6]	[0.451..0.452]	[0.306..0.385]	0.88078475	[84214.125..84214.125]
Group-1	PC 32:1:0	281.25	20180509_PC_brain_01.mzXML	25.0	6767.2	0.0	0.0	[9.0..9.0]	[1.0..1.0]	[0.964..0.964]	[6523.581..6523.581]	[0.522..0.522]	[0.55..0.63]	[0.964..0.964]	[6523.581..6523.581]	[0.522..0.522]	[0.555..0.632]	0.88078475	[5745.8706..5745.8706]
Group-1	PC 32:1:0	281.25	20180509_PC_brain_01.mzXML	30.0	8648.4	0.0	0.0	[9.0..9.0]	[1.0..1.0]	[0.926..0.926]	[8008.419..8008.419]	[0.551..0.551]	[0.55..0.63]	[0.926..0.926]	[8008.419..8008.419]	[0.551..0.551]	[0.555..0.632]	0.88078475	[7053.6934..7053.6934]
Group-1	PC 32:1:0	281.25	20180509_PC_brain_01.mzXML	35.0	7005.3	0.0	0.0	[9.0..9.0]	[1.0..1.0]	[0.913..0.913]	[6395.839..6395.839]	[0.522..0.522]	[0.55..0.63]	[0.913..0.913]	[6395.839..6395.839]	[0.522..0.522]	[0.555..0.632]	0.88078475	[5633.357..5633.357]
Group-1	PC 32:2:0	253.22	20180509_PC_brain_01.mzXML	25.0	4573.7	0.0	0.0	[9.0..9.0]	[0.5..0.5]	[0.905..0.905]	[4139.199..4139.199]	[0.5..0.5]	[0.5..0.5]	[0.905..0.905]	[4139.1987..4139.1987]	[0.5..0.5]	[0.5..0.5]	0.8827558	[3653.9016..3653.9016]
Group-1	PC 32:2:0	253.22	20180509_PC_brain_01.mzXML	30.0	4382.0	0.0	0.0	[9.0..9.0]	[0.5..0.5]	[0.907..0.907]	[3974.474..3974.474]	[0.5..0.5]	[0.5..0.5]	[0.907..0.907]	[3974.474..3974.474]	[0.5..0.5]	[0.5..0.5]	0.8827558	[3508.4902..3508.4902]
Group-1	PC 32:2:0	253.22	20180509_PC_brain_01.mzXML	35.0	3680.2	0.0	0.0	[9.0..9.0]	[0.5..0.5]	[0.911..0.911]	[3352.662..3352.662]	[0.5..0.5]	[0.5..0.5]	[0.911..0.911]	[3352.662..3352.662]	[0.5..0.5]	[0.5..0.5]	0.8827558	[2959.5823..2959.5823]
Group-1	PC 34:1:0	253.22	20180509_PC_brain_01.mzXML	25.0	36449.9	0.0	0.0	[9.0..9.0]	[0.0..1.0]	[0.901..0.981]	[32841.36..35757.35]	[0.774..0.785]	[1.0..1.0]	[0.981..0.981]	[35757.35..35757.35]	[0.788..0.788]	[1.0..1.0]	0.854385	[28059.166..30550.545]
Group-1	PC 34:1:0	253.22	20180509_PC_brain_01.mzXML	30.0	42814.7	0.0	0.0	[9.0..9.0]	[0.0..1.0]	[0.912..0.97]	[39047.004..41530.258]	[0.728..0.737]	[1.0..1.0]	[0.97..0.97]	[41530.258..41530.258]	[0.74..0.74]	[1.0..1.0]	0.854385	[33361.176..35482.832]
Group-1	PC 34:1:0	253.22	20180509_PC_brain_01.mzXML	35.0	42775.6	0.0	0.0	[9.0..9.0]	[0.0..1.0]	[0.936..0.967]	[40037.96..41364.008]	[0.709..0.714]	[1.0..1.0]	[0.967..0.967]	[41364.008..41364.008]	[0.716..0.716]	[1.0..1.0]	0.854385	[34207.836..35340.785]
Group-1	PC 34:1:0	255.23	20180509_PC_brain_01.mzXML	25.0	1100186.2	0.0	0.0	[0.0..0.0]	[0.0..0.0]	[1.0..1.0]	[1100186.2..1100186.2]	[0.366..0.366]	[0.17..0.21]	[1.0..1.0]	[1100186.2..1100186.2]	[0.366..0.366]	[0.166..0.206]	0.854385	[939982.6..939982.6]
Group-1	PC 34:1:0	255.23	20180509_PC_brain_01.mzXML	30.0	1318546.9	0.0	0.0	[0.0..0.0]	[0.0..0.0]	[1.0..1.0]	[1318546.9..1318546.9]	[0.386..0.386]	[0.17..0.21]	[1.0..1.0]	[1318546.9..1318546.9]	[0.386..0.386]	[0.166..0.206]	0.854385	[1126546.8..1126546.8]
Group-1	PC 34:1:0	255.23	20180509_PC_brain_01.mzXML	35.0	1268445.0	0.0	0.0	[0.0..0.0]	[0.0..0.0]	[1.0..1.0]	[1268445.0..1268445.0]	[0.388..0.388]	[0.17..0.21]	[1.0..1.0]	[1268445.0..1268445.0]	[0.388..0.388]	[0.166..0.206]	0.854385	[1083740.4..1083740.4]
Group-1	PC 34:1:0	281.25	20180509_PC_brain_01.mzXML	25.0	1980958.1	0.0	0.0	[9.0..9.0]	[1.0..1.0]	[0.964..0.964]	[1909643.6..1909643.6]	[0.634..0.634]	[0.79..0.83]	[0.964..0.964]	[1909643.6..1909643.6]	[0.634..0.634]	[0.794..0.834]	0.854385	[1631571.0..1631571.0]
Group-1	PC 34:1:0	281.25	20180509_PC_brain_01.mzXML	30.0	2266939.5	0.0	0.0	[9.0..9.0]	[1.0..1.0]	[0.926..0.926]	[2099186.0..2099186.0]	[0.614..0.614]	[0.79..0.83]	[0.926..0.926]	[2099186.0..2099186.0]	[0.614..0.614]	[0.794..0.834]	0.854385	[1793513.0..1793513.0]
Group-1	PC 34:1:0	281.25	20180509_PC_brain_01.mzXML	35.0	2191408.5	0.0	0.0	[9.0..9.0]	[1.0..1.0]	[0.913..0.913]	[2000755.9..2000755.9]	[0.612..0.612]	[0.79..0.83]	[0.913..0.913]	[2000755.9..2000755.9]	[0.612..0.612]	[0.794..0.834]	0.854385	[1709415.9..1709415.9]
Group-1	PC 34:1:0	283.26	20180509_PC_brain_01.mzXML	25.0	9915.5	0.0	0.0	[0.0..0.0]	[0.0..1.0]	[0.968..0.988]	[9598.204..9796.514]	[0.215..0.226]	[0.0..0.0]	[0.968..0.968]	[9598.204..9598.204]	[0.212..0.212]	[0.0..0.0]	0.854385	[8200.562..8369.994]
Group-1	PC 34:1:0	283.26	20180509_PC_brain_01.mzXML	30.0	15440.3	0.0	0.0	[0.0..0.0]	[0.0..1.0]	[0.945..0.958]	[14591.083..14791.808]	[0.263..0.272]	[0.0..0.0]	[0.945..0.945]	[14591.083..14591.083]	[0.26..0.26]	[0.0..0.0]	0.854385	[12466.403..12637.898]
Group-1	PC 34:1:0	283.26	20180509_PC_brain_01.mzXML	35.0	17551.9	0.0	0.0	[0.0..0.0]	[0.0..1.0]	[0.937..0.945]	[16446.13..16586.545]	[0.286..0.291]	[0.0..0.0]	[0.937..0.937]	[16446.13..16446.13]	[0.284..0.284]	[0.0..0.0]	0.854385	[14051.327..14171.297]
Group-1	PC 34:2:0	253.22	20180509_PC_brain_01.mzXML	25.0	29257.1	0.0	0.0	[9.0..9.0]	[0.19999999..0.19999999]	[0.917..0.917]	[26828.76..26828.76]	[0.496..0.496]	[0.44..0.49]	[0.917..0.917]	[26828.76..26828.76]	[0.496..0.496]	[0.436..0.49]	0.8562302	[22971.596..22971.596]
Group-1	PC 34:2:0	253.22	20180509_PC_brain_01.mzXML	30.0	32219.6	0.0	0.0	[9.0..9.0]	[0.0..0.19999999]	[0.912..0.924]	[29384.275..29770.91]	[0.476..0.476]	[0.44..0.49]	[0.917..0.918]	[29545.373..29577.592]	[0.476..0.476]	[0.436..0.49]	0.8562302	[25159.703..25490.754]
Group-1	PC 34:2:0	253.22	20180509_PC_brain_01.mzXML	35.0	29230.6	0.0	0.0	[9.0..9.0]	[0.0..0.0]	[0.936..0.936]	[27359.842..27359.842]	[0.476..0.476]	[0.44..0.49]	[0.936..0.936]	[27359.842..27359.842]	[0.476..0.476]	[0.436..0.49]	0.8562302	[23426.322..23426.322]
Group-1	PC 34:2:0	255.23	20180509_PC_brain_01.mzXML	25.0	35846.1	0.0	0.0	[0.0..0.0]	[0.0..0.0]	[1.0..1.0]	[35846.1..35846.1]	[0.435..0.435]	[0.34..0.34]	[1.0..1.0]	[35846.1..35846.1]	[0.435..0.435]	[0.337..0.338]	0.8562302	[30692.516..30692.516]
Group-1	PC 34:2:0	255.23	20180509_PC_brain_01.mzXML	30.0	41166.4	0.0	0.0	[0.0..0.0]	[0.0..0.0]	[1.0..1.0]	[41166.4..41166.4]	[0.437..0.437]	[0.34..0.34]	[1.0..1.0]	[41166.4..41166.4]	[0.437..0.437]	[0.337..0.338]	0.8562302	[35247.914..35247.914]
Group-1	PC 34:2:0	255.23	20180509_PC_brain_01.mzXML	35.0	37370.9	0.0	0.0	[0.0..0.0]	[0.0..0.0]	[1.0..1.0]	[37370.9..37370.9]	[0.439..0.439]	[0.34..0.34]	[1.0..1.0]	[37370.9..37370.9]	[0.439..0.439]	[0.337..0.338]	0.8562302	[31998.092..31998.092]
Group-1	PC 34:2:0	279.23	20180509_PC_brain_01.mzXML	25.0	48625.9	0.0	0.0	[9.0..9.0]	[1.0..1.0]	[0.957..0.957]	[46534.984..46534.984]	[0.565..0.565]	[0.66..0.66]	[0.957..0.957]	[46534.984..46534.984]	[0.565..0.565]	[0.662..0.663]	0.8562302	[39844.66..39844.66]
Group-1	PC 34:2:0	279.23	20180509_PC_brain_01.mzXML	30.0	55797.8	0.0	0.0	[9.0..9.0]	[1.0..1.0]	[0.952..0.952]	[53119.508..53119.508]	[0.563..0.563]	[0.66..0.66]	[0.952..0.952]	[53119.508..53119.508]	[0.563..0.563]	[0.662..0.663]	0.8562302	[45482.527..45482.527]
Group-1	PC 34:2:0	279.23	20180509_PC_brain_01.mzXML	35.0	48056.2	0.0	0.0	[9.0..9.0]	[1.0..1.0]	[0.994..0.994]	[47767.863..47767.863]	[0.561..0.561]	[0.66..0.66]	[0.994..0.994]	[47767.863..47767.863]	[0.561..0.561]	[0.662..0.663]	0.8562302	[40900.285..40900.285]
Group-1	PC 34:2:0	281.25	20180509_PC_brain_01.mzXML	25.0	28816.0	0.0	0.0	[9.0..9.0]	[0.8..0.8]	[0.945..0.945]	[27231.12..27231.12]	[0.504..0.504]	[0.51..0.56]	[0.945..0.945]	[27231.12..27231.12]	[0.504..0.504]	[0.51..0.564]	0.8562302	[23316.107..23316.107]
Group-1	PC 34:2:0	281.25	20180509_PC_brain_01.mzXML	30.0	35440.9	0.0	0.0	[9.0..9.0]	[0.8..1.0]	[0.912..0.926]	[32322.1..32818.273]	[0.524..0.524]	[0.51..0.56]	[0.919..0.92]	[32570.188..32605.627]	[0.524..0.524]	[0.51..0.564]	0.8562302	[27675.158..28099.996]
Group-1	PC 34:2:0	281.25	20180509_PC_brain_01.mzXML	35.0	32941.0	0.0	0.0	[9.0..9.0]	[1.0..1.0]	[0.913..0.913]	[30075.133..30075.133]	[0.524..0.524]	[0.51..0.56]	[0.913..0.913]	[30075.133..30075.133]	[0.524..0.524]	[0.51..0.564]	0.8562302	[25751.236..25751.236]
Group-1	PC 34:3:0	253.22	20180509_PC_brain_01.mzXML	25.0	1124.4	0.0	0.0	[9.0..9.0]	[0.0..1.0]	[0.901..0.981]	[1013.085..1103.036]	[0.508..0.512]	[0.51..0.7]	[0.942..0.957]	[1059.1848..1076.0509]	[0.514..0.515]	[0.513..0.704]	0.85807484	[869.3023..946.48785]
Group-1	PC 34:3:0	253.22	20180509_PC_brain_01.mzXML	30.0	1198.3	0.0	0.0	[9.0..9.0]	[1.0..1.0]	[0.97..0.97]	[1162.351..1162.351]	[0.579..0.579]	[0.51..0.7]	[0.97..0.97]	[1162.3511..1162.3511]	[0.579..0.579]	[0.513..0.704]	0.85807484	[997.38416..997.38416]
Group-1	PC 34:3:0	253.22	20180509_PC_brain_01.mzXML	35.0	1087.9	0.0	0.0	[9.0..9.0]	[0.0..0.0]	[0.936..0.936]	[1018.274..1018.274]	[0.505..0.505]	[0.51..0.7]	[0.936..0.936]	[1018.2744..1018.2744]	[0.505..0.505]	[0.513..0.704]	0.85807484	[873.7557..873.7557]
Group-1	PC 34:3:0	255.23	20180509_PC_brain_01.mzXML	25.0	1495.0	0.0	0.0	[0.0..0.0]	[0.0..1.0]	[1.0..1.0]	[1495.0..1495.0]	[0.359..0.388]	[0.15..0.33]	[1.0..1.0]	[1495.0..1495.0]	[0.376..0.397]	[0.146..0.329]	0.85807484	[1282.8219..1282.8219]
Group-1	PC 34:3:0	255.23	20180509_PC_brain_01.mzXML	30.0	1782.3	0.0	0.0	[0.0..0.0]	[0.0..1.0]	[1.0..1.0]	[1782.3..1782.3]	[0.363..0.408]	[0.15..0.33]	[1.0..1.0]	[1782.3..1782.3]	[0.374..0.411]	[0.146..0.329]	0.85807484	[1529.3468..1529.3468]
Group-1	PC 34:3:0	255.23	20180509_PC_brain_01.mzXML	35.0	1569.5	0.0	0.0	[0.0..0.0]	[0.0..0.0]	[1.0..1.0]	[1569.5..1569.5]	[0.388..0.436]	[0.15..0.33]	[1.0..1.0]	[1569.5..1569.5]	[0.395..0.449]	[0.146..0.329]	0.85807484	[1346.7484..1346.7484]
Group-1	PC 34:3:0	277.22	20180509_PC_brain_01.mzXML	25.0	2511.0	0.0	0.0	[6.0..9.0]	[0.0..1.0]	[0.938..1.061]	[2355.318..2664.171]	[0.612..0.641]	[0.67..0.85]	[0.904..0.987]	[2269.9438..2478.357]	[0.603..0.624]	[0.671..0.854]	0.85807484	[2021.0392..2286.058]
Group-1	PC 34:3:0	277.22	20180509_PC_brain_01.mzXML	30.0	2518.5	0.0	0.0	[6.0..9.0]	[0.0..1.0]	[1.028..1.242]	[2589.018..3127.977]	[0.592..0.637]	[0.67..0.85]	[1.015..1.183]	[2556.2773..2979.3855]	[0.589..0.626]	[0.671..0.854]	0.85807484	[2221.5713..2684.0383]
Group-1	PC 34:3:0	277.22	20180509_PC_brain_01.mzXML	35.0	1575.6	0.0	0.0	[6.0..9.0]	[1.0..1.0]	[1.286..1.572]	[2026.222..2476.843]	[0.564..0.612]	[0.67..0.85]	[1.221..1.528]	[1923.8075..2407.5168]	[0.551..0.605]	[0.671..0.854]	0.85807484	[1738.6498..2125.317]
Group-1	PC 34:3:0	279.23	20180509_PC_brain_01.mzXML	25.0	1115.9	0.0	0.0	[9.0..9.0]	[0.0..1.0]	[0.867..0.957]	[967.485..1067.916]	[0.488..0.492]	[0.3..0.49]	[0.894..0.911]	[997.6146..1016.58496]	[0.485..0.486]	[0.296..0.487]	0.85807484	[830.1748..916.3522]
Group-1	PC 34:3:0	279.23	20180509_PC_brain_01.mzXML	30.0	955.8	0.0	0.0	[9.0..9.0]	[0.0..0.0]	[0.883..0.883]	[843.971..843.971]	[0.421..0.421]	[0.3..0.49]	[0.883..0.883]	[843.9714..843.9714]	[0.421..0.421]	[0.296..0.487]	0.85807484	[724.1907..724.1907]
Group-1	PC 34:3:0	279.23	20180509_PC_brain_01.mzXML	35.0	1002.3	0.0	0.0	[9.0..9.0]	[1.0..1.0]	[0.994..0.994]	[996.286..996.286]	[0.495..0.495]	[0.3..0.49]	[0.994..0.994]	[996.2862..996.2862]	[0.495..0.495]	[0.296..0.487]	0.85807484	[854.8881..854.8881]
Group-1	PC 36:1:0	255.23	20180509_PC_brain_01.mzXML	25.0	53174.9	0.0	0.0	[0.0..0.0]	[1.0..1.0]	[1.0..1.0]	[53174.9..53174.9]	[0.565..0.565]	[0.6..0.69]	[1.0..1.0]	[53174.9..53174.9]	[0.565..0.565]	[0.596..0.69]	0.8296408	[44116.066..44116.066]
Group-1	PC 36:1:0	255.23	20180509_PC_brain_01.mzXML	30.0	62411.9	0.0	0.0	[0.0..0.0]	[0.0..1.0]	[1.0..1.0]	[62411.9..62411.9]	[0.537..0.559]	[0.6..0.69]	[1.0..1.0]	[62411.9..62411.9]	[0.55..0.552]	[0.596..0.69]	0.8296408	[51779.457..51779.457]
Group-1	PC 36:1:0	255.23	20180509_PC_brain_01.mzXML	35.0	59097.8	0.0	0.0	[0.0..0.0]	[0.0..0.0]	[1.0..1.0]	[59097.8..59097.8]	[0.571..0.571]	[0.6..0.69]	[1.0..1.0]	[59097.8..59097.8]	[0.571..0.571]	[0.596..0.69]	0.8296408	[49029.945..49029.945]
Group-1	PC 36:1:0	281.25	20180509_PC_brain_01.mzXML	25.0	1166852.2	0.0	0.0	[9.0..9.0]	[0.0..1.0]	[0.869..0.964]	[1013994.6..1124845.5]	[0.747..0.763]	[1.0..1.0]	[0.964..0.964]	[1124845.5..1124845.5]	[0.766..0.766]	[1.0..1.0]	0.8296408	[841251.3..933217.75]
Group-1	PC 36:1:0	281.25	20180509_PC_brain_01.mzXML	30.0	1421243.2	0.0	0.0	[9.0..9.0]	[0.0..1.0]	[0.855..0.926]	[1215163.0..1316071.2]	[0.735..0.747]	[1.0..1.0]	[0.926..0.926]	[1316071.2..1316071.2]	[0.75..0.75]	[1.0..1.0]	0.8296408	[1008148.8..1091866.4]
Group-1	PC 36:1:0	281.25	20180509_PC_brain_01.mzXML	35.0	1261524.0	0.0	0.0	[9.0..9.0]	[0.0..1.0]	[0.868..0.913]	[1095002.8..1151771.4]	[0.709..0.718]	[1.0..1.0]	[0.913..0.913]	[1151771.4..1151771.4]	[0.719..0.719]	[1.0..1.0]	0.8296408	[908459.0..955556.56]
Group-1	PC 36:1:0	283.26	20180509_PC_brain_01.mzXML	25.0	354269.1	0.0	0.0	[0.0..0.0]	[0.0..1.0]	[0.968..0.988]	[342932.47..350017.84]	[0.237..0.253]	[0.0..0.0]	[0.968..0.968]	[342932.47..342932.47]	[0.234..0.234]	[0.0..0.0]	0.8296408	[284510.78..290389.1]
Group-1	PC 36:1:0	283.26	20180509_PC_brain_01.mzXML	30.0	464530.2	0.0	0.0	[0.0..0.0]	[0.0..1.0]	[0.945..0.958]	[438981.03..445019.9]	[0.253..0.265]	[0.0..0.0]	[0.945..0.945]	[438981.03..438981.03]	[0.25..0.25]	[0.0..0.0]	0.8296408	[364196.56..369206.7]
Group-1	PC 36:1:0	283.26	20180509_PC_brain_01.mzXML	35.0	479533.1	0.0	0.0	[0.0..0.0]	[0.0..1.0]	[0.937..0.945]	[449322.5..453158.78]	[0.282..0.291]	[0.0..0.0]	[0.937..0.937]	[449322.5..449322.5]	[0.281..0.281]	[0.0..0.0]	0.8296408	[372776.28..375959.0]
Group-1	PC 36:1:0	309.28	20180509_PC_brain_01.mzXML	25.0	47437.4	0.0	0.0	[11.0..11.0]	[0.0..0.0]	[0.862..0.862]	[40891.035..40891.035]	[0.435..0.435]	[0.31..0.4]	[0.862..0.862]	[40891.035..40891.035]	[0.435..0.435]	[0.31..0.404]	0.8296408	[33924.87..33924.87]
Group-1	PC 36:1:0	309.28	20180509_PC_brain_01.mzXML	30.0	60087.6	0.0	0.0	[11.0..11.0]	[0.0..1.0]	[0.819..0.894]	[49211.746..53718.316]	[0.441..0.463]	[0.31..0.4]	[0.842..0.849]	[50593.76..51014.37]	[0.448..0.45]	[0.31..0.404]	0.8296408	[40828.07..44566.906]
Group-1	PC 36:1:0	309.28	20180509_PC_brain_01.mzXML	35.0	51660.3	0.0	0.0	[11.0..11.0]	[1.0..1.0]	[0.861..0.861]	[44479.52..44479.52]	[0.429..0.429]	[0.31..0.4]	[0.861..0.861]	[44479.52..44479.52]	[0.429..0.429]	[0.31..0.404]	0.8296408	[36902.023..36902.023]
Group-1	PC 36:2:0	253.22	20180509_PC_brain_01.mzXML	25.0	3271.6	0.0	0.0	[9.0..9.0]	[0.0..0.0]	[0.901..0.901]	[2947.712..2947.712]	[0.648..0.648]	[0.54..0.87]	[0.901..0.901]	[2947.7117..2947.7117]	[0.648..0.648]	[0.54..0.869]	0.8313721	[2450.6453..2450.6453]
Group-1	PC 36:2:0	253.22	20180509_PC_brain_01.mzXML	30.0	3311.0	0.0	0.0	[9.0..9.0]	[1.0..1.0]	[0.97..0.97]	[3211.67..3211.67]	[0.587..0.587]	[0.54..0.87]	[0.97..0.97]	[3211.6702..3211.6702]	[0.587..0.587]	[0.54..0.869]	0.8313721	[2670.0928..2670.0928]
Group-1	PC 36:2:0	253.22	20180509_PC_brain_01.mzXML	35.0	2655.8	0.0	0.0	[9.0..9.0]	[0.0..1.0]	[0.936..0.967]	[2485.829..2568.159]	[0.515..0.521]	[0.54..0.87]	[0.953..0.963]	[2530.9775..2557.5354]	[0.521..0.524]	[0.54..0.869]	0.8313721	[2066.6487..2135.0955]
Group-1	PC 36:2:0	255.23	20180509_PC_brain_01.mzXML	25.0	17497.0	0.0	0.0	[0.0..0.0]	[0.0..0.0]	[1.0..1.0]	[17497.0..17497.0]	[0.548..0.548]	[0.62..0.7]	[1.0..1.0]	[17497.0..17497.0]	[0.548..0.548]	[0.62..0.696]	0.8313721	[14546.518..14546.518]
Group-1	PC 36:2:0	255.23	20180509_PC_brain_01.mzXML	30.0	20238.7	0.0	0.0	[0.0..0.0]	[0.0..0.0]	[1.0..1.0]	[20238.7..20238.7]	[0.576..0.576]	[0.62..0.7]	[1.0..1.0]	[20238.7..20238.7]	[0.576..0.576]	[0.62..0.696]	0.8313721	[16825.889..16825.889]
Group-1	PC 36:2:0	255.23	20180509_PC_brain_01.mzXML	35.0	18045.2	0.0	0.0	[0.0..0.0]	[0.0..0.0]	[1.0..1.0]	[18045.2..18045.2]	[0.567..0.567]	[0.62..0.7]	[1.0..1.0]	[18045.2..18045.2]	[0.567..0.567]	[0.62..0.696]	0.8313721	[15002.274..15002.274]
Group-1	PC 36:2:0	279.23	20180509_PC_brain_01.mzXML	25.0	48739.0	0.0	0.0	[9.0..9.0]	[0.0..1.0]	[0.867..0.957]	[42256.71..46643.223]	[0.723..0.738]	[1.0..1.0]	[0.957..0.957]	[46643.223..46643.223]	[0.742..0.742]	[1.0..1.0]	0.8313721	[35131.05..38777.87]
Group-1	PC 36:2:0	279.23	20180509_PC_brain_01.mzXML	30.0	56477.0	0.0	0.0	[9.0..9.0]	[0.0..1.0]	[0.883..0.952]	[49869.19..53766.105]	[0.709..0.722]	[1.0..1.0]	[0.952..0.952]	[53766.105..53766.105]	[0.725..0.725]	[1.0..1.0]	0.8313721	[41459.855..44699.64]
Group-1	PC 36:2:0	279.23	20180509_PC_brain_01.mzXML	35.0	51217.2	0.0	0.0	[9.0..9.0]	[0.0..1.0]	[0.951..0.994]	[48707.555..50909.9]	[0.737..0.744]	[1.0..1.0]	[0.994..0.994]	[50909.9..50909.9]	[0.745..0.745]	[1.0..1.0]	0.8313721	[40494.1..42325.066]
Group-1	PC 36:2:0	281.25	20180509_PC_brain_01.mzXML	25.0	345207.3	0.0	0.0	[9.0..9.0]	[0.5..0.5]	[0.914..0.914]	[315519.47..315519.47]	[0.5..0.5]	[0.5..0.5]	[0.914..0.914]	[315519.47..315519.47]	[0.5..0.5]	[0.5..0.5]	0.8313721	[262314.1..262314.1]
Group-1	PC 36:2:0	281.25	20180509_PC_brain_01.mzXML	30.0	401780.3	0.0	0.0	[9.0..9.0]	[0.5..0.5]	[0.905..0.905]	[363611.16..363611.16]	[0.5..0.5]	[0.5..0.5]	[0.905..0.905]	[363611.16..363611.16]	[0.5..0.5]	[0.5..0.5]	0.8313721	[302296.2..302296.2]
Group-1	PC 36:2:0	281.25	20180509_PC_brain_01.mzXML	35.0	372124.0	0.0	0.0	[9.0..9.0]	[0.5..0.5]	[0.911..0.911]	[339004.97..339004.97]	[0.5..0.5]	[0.5..0.5]	[0.911..0.911]	[339004.97..339004.97]	[0.5..0.5]	[0.5..0.5]	0.8313721	[281839.25..281839.25]
Group-1	PC 36:2:0	283.26	20180509_PC_brain_01.mzXML	25.0	16736.6	0.0	0.0	[0.0..0.0]	[0.0..1.0]	[0.968..0.988]	[16201.028..16535.76]	[0.262..0.277]	[0.0..0.0]	[0.968..0.968]	[16201.028..16201.028]	[0.258..0.258]	[0.0..0.0]	0.8313721	[13469.083..13747.369]
Group-1	PC 36:2:0	283.26	20180509_PC_brain_01.mzXML	30.0	21616.8	0.0	0.0	[0.0..0.0]	[0.0..1.0]	[0.945..0.958]	[20427.877..20708.895]	[0.278..0.291]	[0.0..0.0]	[0.945..0.945]	[20427.877..20427.877]	[0.275..0.275]	[0.0..0.0]	0.8313721	[16983.168..17216.799]
Group-1	PC 36:2:0	283.26	20180509_PC_brain_01.mzXML	35.0	18560.5	0.0	0.0	[0.0..0.0]	[0.0..1.0]	[0.937..0.945]	[17391.188..17539.672]	[0.256..0.263]	[0.0..0.0]	[0.937..0.937]	[17391.188..17391.188]	[0.255..0.255]	[0.0..0.0]	0.8313721	[14458.548..14581.994]
Group-1	PC 36:2:0	307.26	20180509_PC_brain_01.mzXML	25.0	15181.4	0.0	0.0	[11.0..11.0]	[1.0..1.0]	[0.95..0.95]	[14422.33..14422.33]	[0.452..0.452]	[0.3..0.38]	[0.95..0.95]	[14422.33..14422.33]	[0.452..0.452]	[0.304..0.38]	0.8313721	[11990.323..11990.323]
Group-1	PC 36:2:0	307.26	20180509_PC_brain_01.mzXML	30.0	16582.6	0.0	0.0	[11.0..11.0]	[1.0..1.0]	[0.9..0.9]	[14924.339..14924.339]	[0.424..0.424]	[0.3..0.38]	[0.9..0.9]	[14924.339..14924.339]	[0.424..0.424]	[0.304..0.38]	0.8313721	[12407.679..12407.679]
Group-1	PC 36:2:0	307.26	20180509_PC_brain_01.mzXML	35.0	15231.2	0.0	0.0	[11.0..11.0]	[1.0..1.0]	[0.905..0.905]	[13784.235..13784.235]	[0.433..0.433]	[0.3..0.38]	[0.905..0.905]	[13784.235..13784.235]	[0.433..0.433]	[0.304..0.38]	0.8313721	[11459.829..11459.829]
Group-1	PC 36:2:0	309.28	20180509_PC_brain_01.mzXML	25.0	1661.8	0.0	0.0	[11.0..11.0]	[1.0..1.0]	[0.963..0.963]	[1600.314..1600.314]	[0.352..0.352]	[0.13..0.46]	[0.963..0.963]	[1600.3135..1600.3135]	[0.352..0.352]	[0.131..0.46]	0.8313721	[1330.4559..1330.4559]
Group-1	PC 36:2:0	309.28	20180509_PC_brain_01.mzXML	30.0	2760.7	0.0	0.0	[11.0..11.0]	[0.0..0.0]	[0.819..0.819]	[2261.013..2261.013]	[0.413..0.413]	[0.13..0.46]	[0.819..0.819]	[2261.0132..2261.0132]	[0.413..0.413]	[0.131..0.46]	0.8313721	[1879.7434..1879.7434]
Group-1	PC 36:2:0	309.28	20180509_PC_brain_01.mzXML	35.0	2810.5	0.0	0.0	[11.0..11.0]	[0.0..1.0]	[0.813..0.861]	[2284.937..2419.841]	[0.479..0.485]	[0.13..0.46]	[0.819..0.835]	[2301.7996..2346.7673]	[0.476..0.479]	[0.131..0.46]	0.8313721	[1899.6326..2011.7878]
Group-1	PC 36:3:0	255.23	20180509_PC_brain_01.mzXML	25.0	15155.6	0.0	0.0	[0.0..0.0]	[0.0..1.0]	[1.0..1.0]	[15155.6..15155.6]	[0.433..0.465]	[0.19..0.43]	[1.0..1.0]	[15155.6..15155.6]	[0.455..0.479]	[0.193..0.425]	0.8331026	[12626.169..12626.169]
Group-1	PC 36:3:0	255.23	20180509_PC_brain_01.mzXML	30.0	15950.7	0.0	0.0	[0.0..0.0]	[0.0..1.0]	[1.0..1.0]	[15950.7..15950.7]	[0.393..0.459]	[0.19..0.43]	[1.0..1.0]	[15950.7..15950.7]	[0.407..0.465]	[0.193..0.425]	0.8331026	[13288.569..13288.569]
Group-1	PC 36:3:0	255.23	20180509_PC_brain_01.mzXML	35.0	14627.8	0.0	0.0	[0.0..0.0]	[0.0..0.0]	[1.0..1.0]	[14627.8..14627.8]	[0.385..0.472]	[0.19..0.43]	[1.0..1.0]	[14627.8..14627.8]	[0.394..0.488]	[0.193..0.425]	0.8331026	[12186.458..12186.458]
Group-1	PC 36:3:0	279.23	20180509_PC_brain_01.mzXML	25.0	11948.7	0.0	0.0	[9.0..9.0]	[0.0..0.0]	[0.867..0.867]	[10359.522..10359.522]	[0.479..0.479]	[0.45..0.48]	[0.867..0.867]	[10359.522..10359.522]	[0.479..0.479]	[0.448..0.484]	0.8331026	[8630.546..8630.546]
Group-1	PC 36:3:0	279.23	20180509_PC_brain_01.mzXML	30.0	13109.9	0.0	0.0	[9.0..9.0]	[0.0..0.0]	[0.883..0.883]	[11576.042..11576.042]	[0.489..0.489]	[0.45..0.48]	[0.883..0.883]	[11576.042..11576.042]	[0.489..0.489]	[0.448..0.484]	0.8331026	[9644.03..9644.03]
Group-1	PC 36:3:0	279.23	20180509_PC_brain_01.mzXML	35.0	10296.9	0.0	0.0	[9.0..9.0]	[0.0..0.0]	[0.951..0.951]	[9792.352..9792.352]	[0.494..0.494]	[0.45..0.48]	[0.951..0.951]	[9792.352..9792.352]	[0.494..0.494]	[0.448..0.484]	0.8331026	[8158.0337..8158.0337]
Group-1	PC 36:3:0	281.25	20180509_PC_brain_01.mzXML	25.0	11674.6	0.0	0.0	[9.0..9.0]	[1.0..1.0]	[0.964..0.964]	[11254.313..11254.313]	[0.521..0.521]	[0.52..0.55]	[0.964..0.964]	[11254.313..11254.313]	[0.521..0.521]	[0.516..0.552]	0.8331026	[9375.997..9375.997]
Group-1	PC 36:3:0	281.25	20180509_PC_brain_01.mzXML	30.0	13076.9	0.0	0.0	[9.0..9.0]	[1.0..1.0]	[0.926..0.926]	[12109.21..12109.21]	[0.511..0.511]	[0.52..0.55]	[0.926..0.926]	[12109.21..12109.21]	[0.511..0.511]	[0.516..0.552]	0.8331026	[10088.214..10088.214]
Group-1	PC 36:3:0	281.25	20180509_PC_brain_01.mzXML	35.0	11002.6	0.0	0.0	[9.0..9.0]	[1.0..1.0]	[0.913..0.913]	[10045.373..10045.373]	[0.506..0.506]	[0.52..0.55]	[0.913..0.913]	[10045.373..10045.373]	[0.506..0.506]	[0.516..0.552]	0.8331026	[8368.826..8368.826]
Group-1	PC 36:3:0	305.25	20180509_PC_brain_01.mzXML	25.0	19318.4	0.0	0.0	[5.0..11.0]	[0.0..1.0]	[0.901..1.029]	[17405.879..19878.635]	[0.535..0.567]	[0.57..0.81]	[0.853..0.941]	[16478.596..18178.615]	[0.521..0.545]	[0.575..0.807]	0.8331026	[14500.883..16560.941]
Group-1	PC 36:3:0	305.25	20180509_PC_brain_01.mzXML	30.0	20352.6	0.0	0.0	[5.0..11.0]	[0.0..1.0]	[0.925..1.213]	[18826.154..24687.705]	[0.541..0.607]	[0.57..0.81]	[0.901..1.141]	[18337.693..23222.316]	[0.535..0.593]	[0.575..0.807]	0.8331026	[15684.118..20567.39]
Group-1	PC 36:3:0	305.25	20180509_PC_brain_01.mzXML	35.0	14870.2	0.0	0.0	[5.0..11.0]	[1.0..1.0]	[1.099..1.57]	[16342.35..23346.215]	[0.528..0.615]	[0.57..0.81]	[1.034..1.514]	[15375.787..22513.484]	[0.512..0.606]	[0.575..0.807]	0.8331026	[13614.854..19449.793]
Group-1	PC 36:4:0	255.23	20180509_PC_brain_01.mzXML	25.0	54169.5	0.0	0.0	[0.0..0.0]	[0.0..0.0]	[1.0..1.0]	[54169.5..54169.5]	[0.246..0.246]	[0.0..0.0]	[1.0..1.0]	[54169.5..54169.5]	[0.246..0.246]	[0.0..0.0]	0.8348496	[45223.387..45223.387]
Group-1	PC 36:4:0	255.23	20180509_PC_brain_01.mzXML	30.0	61072.9	0.0	0.0	[0.0..0.0]	[0.0..0.0]	[1.0..1.0]	[61072.9..61072.9]	[0.263..0.266]	[0.0..0.0]	[1.0..1.0]	[61072.9..61072.9]	[0.263..0.266]	[0.0..0.0]	0.8348496	[50986.684..50986.684]
Group-1	PC 36:4:0	255.23	20180509_PC_brain_01.mzXML	35.0	60269.4	0.0	0.0	[0.0..0.0]	[0.0..0.0]	[1.0..1.0]	[60269.4..60269.4]	[0.272..0.276]	[0.0..0.0]	[1.0..1.0]	[60269.4..60269.4]	[0.272..0.276]	[0.0..0.0]	0.8348496	[50315.883..50315.883]
Group-1	PC 36:4:0	279.23	20180509_PC_brain_01.mzXML	25.0	420.7	0.0	0.0	[9.0..9.0]	[0.5..0.5]	[0.919..0.919]	[386.623..386.623]	[0.5..0.5]	[0.5..0.5]	[0.919..0.919]	[386.62332..386.62332]	[0.5..0.5]	[0.5..0.5]	0.8348496	[322.7723..322.7723]
Group-1	PC 36:4:0	279.23	20180509_PC_brain_01.mzXML	30.0	552.3	0.0	0.0	[9.0..9.0]	[0.5..0.5]	[0.944..0.944]	[521.371..521.371]	[0.5..0.5]	[0.5..0.5]	[0.944..0.944]	[521.3712..521.3712]	[0.5..0.5]	[0.5..0.5]	0.8348496	[435.26654..435.26654]
Group-1	PC 36:4:0	279.23	20180509_PC_brain_01.mzXML	35.0	582.6	0.0	0.0	[9.0..9.0]	[0.5..0.5]	[1.004..1.004]	[584.93..584.93]	[0.5..0.5]	[0.5..0.5]	[1.004..1.004]	[584.93036..584.93036]	[0.5..0.5]	[0.5..0.5]	0.8348496	[488.32886..488.32886]
Group-1	PC 36:4:0	303.23	20180509_PC_brain_01.mzXML	25.0	138970.3	6877.4	0.049488273	[5.2..5.3]	[1.0..1.0]	[1.192..1.197]	[165652.6..166347.45]	[0.754..0.754]	[1.0..1.0]	[1.192..1.197]	[165652.6..166347.45]	[0.754..0.754]	[1.0..1.0]	0.8348496	[138295.0..138875.1]
Group-1	PC 36:4:0	303.23	20180509_PC_brain_01.mzXML	30.0	103918.2	8871.3	0.085368104	[5.1..5.1]	[1.0..1.0]	[1.624..1.645]	[168763.16..170945.44]	[0.734..0.737]	[1.0..1.0]	[1.624..1.645]	[168763.16..170945.44]	[0.734..0.737]	[1.0..1.0]	0.8348496	[140891.86..142713.73]
Group-1	PC 36:4:0	303.23	20180509_PC_brain_01.mzXML	35.0	62850.6	7496.0	0.11926696	[5.1..5.2]	[1.0..1.0]	[2.516..2.568]	[158132.11..161400.34]	[0.724..0.728]	[1.0..1.0]	[2.516..2.568]	[158132.11..161400.34]	[0.724..0.728]	[1.0..1.0]	0.8348496	[132016.53..134745.02]
Group-1	PC 38:1:0	255.23	20180509_PC_brain_01.mzXML	25.0	2555.4	0.0	0.0	[0.0..0.0]	[0.0..0.0]	[1.0..1.0]	[2555.4..2555.4]	[0.408..0.408]	[0.17..0.35]	[1.0..1.0]	[2555.4..2555.4]	[0.408..0.408]	[0.172..0.345]	0.80639756	[2060.6682..2060.6682]
Group-1	PC 38:1:0	255.23	20180509_PC_brain_01.mzXML	30.0	3536.6	0.0	0.0	[0.0..0.0]	[0.0..0.0]	[1.0..1.0]	[3536.6..3536.6]	[0.44..0.44]	[0.17..0.35]	[1.0..1.0]	[3536.6..3536.6]	[0.44..0.44]	[0.172..0.345]	0.80639756	[2851.9058..2851.9058]
Group-1	PC 38:1:0	255.23	20180509_PC_brain_01.mzXML	35.0	2517.4	0.0	0.0	[0.0..0.0]	[0.0..0.0]	[1.0..1.0]	[2517.4..2517.4]	[0.377..0.377]	[0.17..0.35]	[1.0..1.0]	[2517.4..2517.4]	[0.377..0.377]	[0.172..0.345]	0.80639756	[2030.0251..2030.0251]
Group-1	PC 38:1:0	281.25	20180509_PC_brain_01.mzXML	25.0	6278.0	0.0	0.0	[9.0..9.0]	[0.0..1.0]	[0.869..0.964]	[5455.582..6051.992]	[0.648..0.66]	[0.87..0.95]	[0.952..0.959]	[5976.6562..6020.602]	[0.668..0.669]	[0.869..0.946]	0.80639756	[4399.368..4880.3115]
Group-1	PC 38:1:0	281.25	20180509_PC_brain_01.mzXML	30.0	6697.1	0.0	0.0	[9.0..9.0]	[0.0..1.0]	[0.855..0.926]	[5726.021..6201.515]	[0.66..0.67]	[0.87..0.95]	[0.917..0.922]	[6141.2407..6174.726]	[0.675..0.676]	[0.869..0.946]	0.80639756	[4617.449..5000.8867]
Group-1	PC 38:1:0	281.25	20180509_PC_brain_01.mzXML	35.0	7270.2	0.0	0.0	[9.0..9.0]	[0.0..1.0]	[0.868..0.913]	[6310.534..6637.693]	[0.661..0.667]	[0.87..0.95]	[0.907..0.911]	[6594.072..6623.1523]	[0.671..0.671]	[0.869..0.946]	0.80639756	[5088.799..5352.619]
Group-1	PC 38:1:0	283.26	20180509_PC_brain_01.mzXML	25.0	9000.2	0.0	0.0	[0.0..0.0]	[0.0..0.0]	[0.968..0.968]	[8712.193..8712.193]	[0.234..0.234]	[0.0..0.0]	[0.968..0.968]	[8712.193..8712.193]	[0.234..0.234]	[0.0..0.0]	0.80639756	[7025.4917..7025.4917]
Group-1	PC 38:1:0	283.26	20180509_PC_brain_01.mzXML	30.0	11381.8	0.0	0.0	[0.0..0.0]	[0.0..0.0]	[0.945..0.945]	[10755.801..10755.801]	[0.269..0.269]	[0.0..0.0]	[0.945..0.945]	[10755.801..10755.801]	[0.269..0.269]	[0.0..0.0]	0.80639756	[8673.452..8673.452]
Group-1	PC 38:1:0	283.26	20180509_PC_brain_01.mzXML	35.0	11622.0	0.0	0.0	[0.0..0.0]	[0.0..0.0]	[0.937..0.937]	[10889.813..10889.813]	[0.285..0.285]	[0.0..0.0]	[0.937..0.937]	[10889.813..10889.813]	[0.285..0.285]	[0.0..0.0]	0.80639756	[8781.519..8781.519]
Group-1	PC 38:1:0	309.28	20180509_PC_brain_01.mzXML	25.0	29556.2	0.0	0.0	[11.0..11.0]	[1.0..1.0]	[0.963..0.963]	[28462.62..28462.62]	[0.766..0.766]	[1.0..1.0]	[0.963..0.963]	[28462.62..28462.62]	[0.766..0.766]	[1.0..1.0]	0.80639756	[22952.188..22952.188]
Group-1	PC 38:1:0	309.28	20180509_PC_brain_01.mzXML	30.0	32629.9	0.0	0.0	[11.0..11.0]	[1.0..1.0]	[0.894..0.894]	[29171.13..29171.13]	[0.731..0.731]	[1.0..1.0]	[0.894..0.894]	[29171.13..29171.13]	[0.731..0.731]	[1.0..1.0]	0.80639756	[23523.53..23523.53]
Group-1	PC 38:1:0	309.28	20180509_PC_brain_01.mzXML	35.0	31733.2	0.0	0.0	[11.0..11.0]	[1.0..1.0]	[0.861..0.861]	[27322.285..27322.285]	[0.715..0.715]	[1.0..1.0]	[0.861..0.861]	[27322.285..27322.285]	[0.715..0.715]	[1.0..1.0]	0.80639756	[22032.623..22032.623]
Group-1	PC 38:1:0	311.29	20180509_PC_brain_01.mzXML	25.0	3136.0	0.0	0.0	[0.0..0.0]	[0.0..1.0]	[0.945..0.995]	[2963.52..3120.32]	[0.34..0.352]	[0.05..0.13]	[0.948..0.952]	[2972.928..2985.4722]	[0.331..0.332]	[0.054..0.131]	0.80639756	[2389.7754..2516.2185]
Group-1	PC 38:1:0	311.29	20180509_PC_brain_01.mzXML	30.0	3265.7	0.0	0.0	[0.0..0.0]	[0.0..1.0]	[0.902..0.934]	[2945.662..3050.164]	[0.33..0.34]	[0.05..0.13]	[0.904..0.906]	[2952.1926..2958.724]	[0.324..0.325]	[0.054..0.131]	0.80639756	[2375.374..2459.6445]
Group-1	PC 38:1:0	311.29	20180509_PC_brain_01.mzXML	35.0	3642.8	0.0	0.0	[0.0..0.0]	[0.0..1.0]	[0.888..0.908]	[3234.807..3307.662]	[0.333..0.339]	[0.05..0.13]	[0.889..0.891]	[3238.4492..3245.7349]	[0.329..0.329]	[0.054..0.131]	0.80639756	[2608.54..2667.291]
Group-1	PC 38:1:0	337.31	20180509_PC_brain_01.mzXML	25.0	3897.7	0.0	0.0	[13.0..13.0]	[1.0..1.0]	[0.951..0.951]	[3706.713..3706.713]	[0.592..0.592]	[0.65..0.83]	[0.951..0.951]	[3706.7126..3706.7126]	[0.592..0.592]	[0.655..0.828]	0.80639756	[2989.084..2989.084]
Group-1	PC 38:1:0	337.31	20180509_PC_brain_01.mzXML	30.0	5254.8	0.0	0.0	[13.0..13.0]	[1.0..1.0]	[0.858..0.858]	[4508.618..4508.618]	[0.56..0.56]	[0.65..0.83]	[0.858..0.858]	[4508.618..4508.618]	[0.56..0.56]	[0.655..0.828]	0.80639756	[3635.7385..3635.7385]
Group-1	PC 38:1:0	337.31	20180509_PC_brain_01.mzXML	35.0	5128.8	0.0	0.0	[13.0..13.0]	[1.0..1.0]	[0.812..0.812]	[4164.586..4164.586]	[0.623..0.623]	[0.65..0.83]	[0.812..0.812]	[4164.5854..4164.5854]	[0.623..0.623]	[0.655..0.828]	0.80639756	[3358.3113..3358.3113]
Group-1	PC 38:2:0	253.22	20180509_PC_brain_01.mzXML	25.0	0.0	0.0	0.0	[9.0..9.0]	[0.0..1.0]	[0.901..0.981]	[0.0..0.0]	[0.0..0.0]	[0.0..0.11]	[0.901..0.91]	[0.0..0.0]	[0.0..0.0]	[0.0..0.108]	0.8080254	[0.0..0.0]
Group-1	PC 38:2:0	253.22	20180509_PC_brain_01.mzXML	30.0	385.0	0.0	0.0	[9.0..9.0]	[1.0..1.0]	[0.97..0.97]	[373.45..373.45]	[0.348..0.348]	[0.0..0.11]	[0.97..0.97]	[373.45..373.45]	[0.348..0.348]	[0.0..0.108]	0.8080254	[301.7571..301.7571]
Group-1	PC 38:2:0	253.22	20180509_PC_brain_01.mzXML	35.0	296.3	0.0	0.0	[9.0..9.0]	[0.0..0.0]	[0.936..0.936]	[277.337..277.337]	[0.292..0.292]	[0.0..0.11]	[0.936..0.936]	[277.3368..277.3368]	[0.292..0.292]	[0.0..0.108]	0.8080254	[224.09517..224.09517]
Group-1	PC 38:2:0	255.23	20180509_PC_brain_01.mzXML	25.0	1327.6	0.0	0.0	[0.0..0.0]	[0.0..1.0]	[1.0..1.0]	[1327.6..1327.6]	[0.386..0.416]	[0.22..0.5]	[1.0..1.0]	[1327.6..1327.6]	[0.392..0.4]	[0.216..0.5]	0.8080254	[1072.7345..1072.7345]
Group-1	PC 38:2:0	255.23	20180509_PC_brain_01.mzXML	30.0	1699.9	0.0	0.0	[0.0..0.0]	[1.0..1.0]	[1.0..1.0]	[1699.9..1699.9]	[0.5..0.5]	[0.22..0.5]	[1.0..1.0]	[1699.9..1699.9]	[0.5..0.5]	[0.216..0.5]	0.8080254	[1373.5624..1373.5624]
Group-1	PC 38:2:0	255.23	20180509_PC_brain_01.mzXML	35.0	1750.9	0.0	0.0	[0.0..0.0]	[0.0..0.0]	[1.0..1.0]	[1750.9..1750.9]	[0.484..0.484]	[0.22..0.5]	[1.0..1.0]	[1750.9..1750.9]	[0.484..0.484]	[0.216..0.5]	0.8080254	[1414.7717..1414.7717]
Group-1	PC 38:2:0	281.25	20180509_PC_brain_01.mzXML	25.0	24702.4	0.0	0.0	[9.0..9.0]	[0.0..0.0]	[0.869..0.869]	[21466.387..21466.387]	[0.591..0.591]	[0.73..0.77]	[0.869..0.869]	[21466.387..21466.387]	[0.591..0.591]	[0.727..0.766]	0.8080254	[17345.387..17345.387]
Group-1	PC 38:2:0	281.25	20180509_PC_brain_01.mzXML	30.0	28202.7	0.0	0.0	[9.0..9.0]	[0.0..0.0]	[0.855..0.855]	[24113.309..24113.309]	[0.603..0.603]	[0.73..0.77]	[0.855..0.855]	[24113.309..24113.309]	[0.603..0.603]	[0.727..0.766]	0.8080254	[19484.166..19484.166]
Group-1	PC 38:2:0	281.25	20180509_PC_brain_01.mzXML	35.0	25050.3	0.0	0.0	[9.0..9.0]	[0.0..0.0]	[0.868..0.868]	[21743.66..21743.66]	[0.592..0.592]	[0.73..0.77]	[0.868..0.868]	[21743.66..21743.66]	[0.592..0.592]	[0.727..0.766]	0.8080254	[17569.43..17569.43]
Group-1	PC 38:2:0	283.26	20180509_PC_brain_01.mzXML	25.0	2481.8	0.0	0.0	[0.0..0.0]	[0.0..0.0]	[0.968..0.968]	[2402.382..2402.382]	[0.245..0.245]	[0.0..0.0]	[0.968..0.968]	[2402.3823..2402.3823]	[0.245..0.245]	[0.0..0.0]	0.8080254	[1941.186..1941.186]
Group-1	PC 38:2:0	283.26	20180509_PC_brain_01.mzXML	30.0	3344.7	0.0	0.0	[0.0..0.0]	[0.0..0.0]	[0.945..0.945]	[3160.742..3160.742]	[0.261..0.261]	[0.0..0.0]	[0.945..0.945]	[3160.7415..3160.7415]	[0.261..0.261]	[0.0..0.0]	0.8080254	[2553.9595..2553.9595]
Group-1	PC 38:2:0	283.26	20180509_PC_brain_01.mzXML	35.0	3215.2	0.0	0.0	[0.0..0.0]	[0.0..0.0]	[0.937..0.937]	[3012.642..3012.642]	[0.266..0.266]	[0.0..0.0]	[0.937..0.937]	[3012.6423..3012.6423]	[0.266..0.266]	[0.0..0.0]	0.8080254	[2434.2915..2434.2915]
Group-1	PC 38:2:0	307.26	20180509_PC_brain_01.mzXML	25.0	7802.1	0.0	0.0	[11.0..11.0]	[1.0..1.0]	[0.95..0.95]	[7411.995..7411.995]	[0.755..0.755]	[1.0..1.0]	[0.95..0.95]	[7411.995..7411.995]	[0.755..0.755]	[1.0..1.0]	0.8080254	[5989.0806..5989.0806]
Group-1	PC 38:2:0	307.26	20180509_PC_brain_01.mzXML	30.0	9928.4	0.0	0.0	[11.0..11.0]	[1.0..1.0]	[0.9..0.9]	[8935.561..8935.561]	[0.739..0.739]	[1.0..1.0]	[0.9..0.9]	[8935.561..8935.561]	[0.739..0.739]	[1.0..1.0]	0.8080254	[7220.1597..7220.1597]
Group-1	PC 38:2:0	307.26	20180509_PC_brain_01.mzXML	35.0	9206.8	0.0	0.0	[11.0..11.0]	[1.0..1.0]	[0.905..0.905]	[8332.154..8332.154]	[0.734..0.734]	[1.0..1.0]	[0.905..0.905]	[8332.153..8332.153]	[0.734..0.734]	[1.0..1.0]	0.8080254	[6732.592..6732.592]
Group-1	PC 38:2:0	309.28	20180509_PC_brain_01.mzXML	25.0	15396.8	0.0	0.0	[11.0..11.0]	[1.0..1.0]	[0.963..0.963]	[14827.118..14827.118]	[0.409..0.409]	[0.23..0.27]	[0.963..0.963]	[14827.118..14827.118]	[0.409..0.409]	[0.234..0.273]	0.8080254	[11980.688..11980.688]
Group-1	PC 38:2:0	309.28	20180509_PC_brain_01.mzXML	30.0	17725.0	0.0	0.0	[11.0..11.0]	[1.0..1.0]	[0.894..0.894]	[15846.149..15846.149]	[0.397..0.397]	[0.23..0.27]	[0.894..0.894]	[15846.149..15846.149]	[0.397..0.397]	[0.234..0.273]	0.8080254	[12804.092..12804.092]
Group-1	PC 38:2:0	309.28	20180509_PC_brain_01.mzXML	35.0	17398.3	0.0	0.0	[11.0..11.0]	[1.0..1.0]	[0.861..0.861]	[14979.937..14979.937]	[0.408..0.408]	[0.23..0.27]	[0.861..0.861]	[14979.937..14979.937]	[0.408..0.408]	[0.234..0.273]	0.8080254	[12104.17..12104.17]
Group-1	PC 38:2:0	335.29	20180509_PC_brain_01.mzXML	25.0	2231.7	0.0	0.0	[13.0..13.0]	[0.0..1.0]	[0.836..0.945]	[1865.701..2108.957]	[0.584..0.614]	[0.5..0.78]	[0.891..0.921]	[1988.4446..2055.3958]	[0.6..0.608]	[0.5..0.784]	0.8080254	[1507.5339..1704.0903]
Group-1	PC 38:2:0	335.29	20180509_PC_brain_01.mzXML	30.0	2171.4	0.0	0.0	[13.0..13.0]	[0.0..0.0]	[0.782..0.782]	[1698.035..1698.035]	[0.5..0.5]	[0.5..0.78]	[0.782..0.782]	[1698.0348..1698.0348]	[0.5..0.5]	[0.5..0.784]	0.8080254	[1372.0552..1372.0552]
Group-1	PC 38:2:0	335.29	20180509_PC_brain_01.mzXML	35.0	2207.4	0.0	0.0	[13.0..13.0]	[1.0..1.0]	[0.844..0.844]	[1863.046..1863.046]	[0.516..0.516]	[0.5..0.78]	[0.844..0.844]	[1863.0455..1863.0455]	[0.516..0.516]	[0.5..0.784]	0.8080254	[1505.3881..1505.3881]
Group-1	PC 38:2:0	337.31	20180509_PC_brain_01.mzXML	25.0	974.5	0.0	0.0	[13.0..13.0]	[0.0..1.0]	[0.847..0.951]	[825.402..926.749]	[1.0..1.0]	[0.89..1.0]	[0.94..0.951]	[916.02997..926.74945]	[1.0..1.0]	[0.892..1.0]	0.8080254	[666.9454..748.83716]
Group-1	PC 38:2:0	337.31	20180509_PC_brain_01.mzXML	30.0	893.4	0.0	0.0	[13.0..13.0]	[0.0..0.0]	[0.782..0.782]	[698.639..698.639]	[0.652..0.652]	[0.89..1.0]	[0.782..0.782]	[698.6388..698.6388]	[0.652..0.652]	[0.892..1.0]	0.8080254	[564.51794..564.51794]
Group-1	PC 38:2:0	337.31	20180509_PC_brain_01.mzXML	35.0	827.4	0.0	0.0	[13.0..13.0]	[1.0..1.0]	[0.812..0.812]	[671.849..671.849]	[0.708..0.708]	[0.89..1.0]	[0.812..0.812]	[671.8488..671.8488]	[0.708..0.708]	[0.892..1.0]	0.8080254	[542.8709..542.8709]
Group-1	PC 38:3:0	255.23	20180509_PC_brain_01.mzXML	25.0	1654.8	0.0	0.0	[0.0..0.0]	[0.0..0.0]	[1.0..1.0]	[1654.8..1654.8]	[0.397..0.397]	[0.21..0.44]	[1.0..1.0]	[1654.8..1654.8]	[0.397..0.397]	[0.211..0.444]	0.80966043	[1339.8262..1339.8262]
Group-1	PC 38:3:0	255.23	20180509_PC_brain_01.mzXML	30.0	1975.8	0.0	0.0	[0.0..0.0]	[0.0..0.0]	[1.0..1.0]	[1975.8..1975.8]	[0.388..0.388]	[0.21..0.44]	[1.0..1.0]	[1975.8..1975.8]	[0.388..0.388]	[0.211..0.444]	0.80966043	[1599.7272..1599.7272]
Group-1	PC 38:3:0	255.23	20180509_PC_brain_01.mzXML	35.0	1907.5	0.0	0.0	[0.0..0.0]	[0.0..0.0]	[1.0..1.0]	[1907.5..1907.5]	[0.479..0.479]	[0.21..0.44]	[1.0..1.0]	[1907.5..1907.5]	[0.479..0.479]	[0.211..0.444]	0.80966043	[1544.4272..1544.4272]
Group-1	PC 38:3:0	279.23	20180509_PC_brain_01.mzXML	25.0	748.9	0.0	0.0	[9.0..9.0]	[0.0..1.0]	[0.867..0.957]	[649.296..716.697]	[0.656..0.658]	[0.89..1.0]	[0.947..0.957]	[709.2083..716.6973]	[0.677..0.678]	[0.889..1.0]	0.80966043	[525.70953..580.2815]
Group-1	PC 38:3:0	279.23	20180509_PC_brain_01.mzXML	30.0	796.3	0.0	0.0	[9.0..9.0]	[1.0..1.0]	[0.952..0.952]	[758.078..758.078]	[0.72..0.72]	[0.89..1.0]	[0.952..0.952]	[758.0776..758.0776]	[0.72..0.72]	[0.889..1.0]	0.80966043	[613.78546..613.78546]
Group-1	PC 38:3:0	279.23	20180509_PC_brain_01.mzXML	35.0	1038.5	0.0	0.0	[9.0..9.0]	[0.0..0.0]	[0.951..0.951]	[987.613..987.613]	[0.77..0.77]	[0.89..1.0]	[0.951..0.951]	[987.61346..987.61346]	[0.77..0.77]	[0.889..1.0]	0.80966043	[799.63153..799.63153]
Group-1	PC 38:3:0	281.25	20180509_PC_brain_01.mzXML	25.0	3957.8	0.0	0.0	[9.0..9.0]	[0.0..0.0]	[0.869..0.869]	[3439.328..3439.328]	[0.595..0.595]	[0.74..0.9]	[0.869..0.869]	[3439.3284..3439.3284]	[0.595..0.595]	[0.737..0.9]	0.80966043	[2784.688..2784.688]
Group-1	PC 38:3:0	281.25	20180509_PC_brain_01.mzXML	30.0	5113.9	0.0	0.0	[9.0..9.0]	[1.0..1.0]	[0.926..0.926]	[4735.471..4735.471]	[0.655..0.655]	[0.74..0.9]	[0.926..0.926]	[4735.471..4735.471]	[0.655..0.655]	[0.737..0.9]	0.80966043	[3834.1238..3834.1238]
Group-1	PC 38:3:0	281.25	20180509_PC_brain_01.mzXML	35.0	4827.9	0.0	0.0	[9.0..9.0]	[0.0..1.0]	[0.868..0.913]	[4190.617..4407.873]	[0.599..0.6]	[0.74..0.9]	[0.901..0.908]	[4349.938..4383.733]	[0.607..0.608]	[0.737..0.9]	0.80966043	[3392.9768..3568.88]
Group-1	PC 38:3:0	283.26	20180509_PC_brain_01.mzXML	25.0	4940.9	0.0	0.0	[0.0..0.0]	[0.0..1.0]	[0.968..0.988]	[4782.791..4881.609]	[0.228..0.248]	[0.0..0.0]	[0.968..0.968]	[4782.791..4782.791]	[0.224..0.229]	[0.0..0.0]	0.80966043	[3872.4368..3952.4456]
Group-1	PC 38:3:0	283.26	20180509_PC_brain_01.mzXML	30.0	6725.5	0.0	0.0	[0.0..0.0]	[0.0..1.0]	[0.945..0.958]	[6355.598..6443.029]	[0.23..0.279]	[0.0..0.0]	[0.945..0.945]	[6355.5977..6355.5977]	[0.228..0.263]	[0.0..0.0]	0.80966043	[5145.8755..5216.6655]
Group-1	PC 38:3:0	283.26	20180509_PC_brain_01.mzXML	35.0	5777.8	0.0	0.0	[0.0..0.0]	[0.0..0.0]	[0.937..0.937]	[5413.799..5413.799]	[0.194..0.256]	[0.0..0.0]	[0.937..0.937]	[5413.7983..5413.7983]	[0.194..0.256]	[0.0..0.0]	0.80966043	[4383.338..4383.338]
Group-1	PC 38:3:0	305.25	20180509_PC_brain_01.mzXML	25.0	16095.0	0.0	0.0	[5.0..11.0]	[0.0..1.0]	[0.901..1.029]	[14501.596..16561.756]	[0.752..0.772]	[1.0..1.0]	[1.001..1.029]	[16111.096..16561.756]	[0.771..0.776]	[1.0..1.0]	0.80966043	[11741.368..13409.398]
Group-1	PC 38:3:0	305.25	20180509_PC_brain_01.mzXML	30.0	17745.1	0.0	0.0	[5.0..11.0]	[0.0..1.0]	[0.925..1.213]	[16414.217..21524.807]	[0.721..0.77]	[1.0..1.0]	[1.003..1.213]	[17798.336..21524.807]	[0.737..0.772]	[1.0..1.0]	0.80966043	[13289.942..17427.785]
Group-1	PC 38:3:0	305.25	20180509_PC_brain_01.mzXML	35.0	14302.6	0.0	0.0	[5.0..11.0]	[1.0..1.0]	[1.099..1.57]	[15718.557..22455.082]	[0.744..0.806]	[1.0..1.0]	[1.099..1.57]	[15718.557..22455.082]	[0.744..0.806]	[1.0..1.0]	0.80966043	[12726.693..18180.992]
Group-1	PC 38:3:0	307.26	20180509_PC_brain_01.mzXML	25.0	2459.2	0.0	0.0	[11.0..11.0]	[1.0..1.0]	[0.95..0.95]	[2336.24..2336.24]	[0.405..0.405]	[0.1..0.26]	[0.95..0.95]	[2336.24..2336.24]	[0.405..0.405]	[0.1..0.263]	0.80966043	[1891.561..1891.561]
Group-1	PC 38:3:0	307.26	20180509_PC_brain_01.mzXML	30.0	3020.6	0.0	0.0	[11.0..11.0]	[0.0..0.0]	[0.824..0.824]	[2488.974..2488.974]	[0.345..0.345]	[0.1..0.26]	[0.824..0.824]	[2488.9744..2488.9744]	[0.345..0.345]	[0.1..0.263]	0.80966043	[2015.2241..2015.2241]
Group-1	PC 38:3:0	307.26	20180509_PC_brain_01.mzXML	35.0	3263.6	0.0	0.0	[11.0..11.0]	[0.0..1.0]	[0.855..0.905]	[2790.378..2953.558]	[0.4..0.401]	[0.1..0.26]	[0.86..0.868]	[2806.696..2832.8047]	[0.392..0.393]	[0.1..0.263]	0.80966043	[2259.2588..2391.3792]
Group-1	PC 38:3:0	309.28	20180509_PC_brain_01.mzXML	25.0	390.8	0.0	0.0	[11.0..11.0]	[0.0..1.0]	[0.862..0.963]	[336.87..376.34]	[0.342..0.344]	[0.0..0.11]	[0.862..0.873]	[336.8696..341.1684]	[0.322..0.323]	[0.0..0.111]	0.80966043	[272.74997..304.70792]
Group-1	PC 38:3:0	309.28	20180509_PC_brain_01.mzXML	30.0	360.7	0.0	0.0	[11.0..11.0]	[0.0..0.0]	[0.819..0.819]	[295.413..295.413]	[0.28..0.28]	[0.0..0.11]	[0.819..0.819]	[295.4133..295.4133]	[0.28..0.28]	[0.0..0.111]	0.80966043	[239.18446..239.18446]
Group-1	PC 38:3:0	309.28	20180509_PC_brain_01.mzXML	35.0	342.2	0.0	0.0	[11.0..11.0]	[1.0..1.0]	[0.861..0.861]	[294.634..294.634]	[0.23..0.23]	[0.0..0.11]	[0.861..0.861]	[294.63422..294.63422]	[0.23..0.23]	[0.0..0.111]	0.80966043	[238.55365..238.55365]
Group-1	PC 38:3:0	333.28	20180509_PC_brain_01.mzXML	25.0	2548.6	0.0	0.0	[13.0..13.0]	[1.0..1.0]	[0.988..0.988]	[2518.017..2518.017]	[0.603..0.603]	[0.56..0.79]	[0.988..0.988]	[2518.0168..2518.0168]	[0.603..0.603]	[0.556..0.789]	0.80966043	[2038.7386..2038.7386]
Group-1	PC 38:3:0	333.28	20180509_PC_brain_01.mzXML	30.0	3300.2	0.0	0.0	[13.0..13.0]	[1.0..1.0]	[0.943..0.943]	[3112.089..3112.089]	[0.612..0.612]	[0.56..0.79]	[0.943..0.943]	[3112.0886..3112.0886]	[0.612..0.612]	[0.556..0.789]	0.80966043	[2519.7349..2519.7349]
Group-1	PC 38:3:0	333.28	20180509_PC_brain_01.mzXML	35.0	2084.1	0.0	0.0	[13.0..13.0]	[1.0..1.0]	[0.995..0.995]	[2073.68..2073.68]	[0.521..0.521]	[0.56..0.79]	[0.995..0.995]	[2073.6797..2073.6797]	[0.521..0.521]	[0.556..0.789]	0.80966043	[1678.9763..1678.9763]
Group-1	PC 38:4:0	255.23	20180509_PC_brain_01.mzXML	25.0	13608.7	0.0	0.0	[0.0..0.0]	[0.0..1.0]	[1.0..1.0]	[13608.7..13608.7]	[0.307..0.334]	[0.0..0.15]	[1.0..1.0]	[13608.7..13608.7]	[0.307..0.326]	[0.0..0.154]	0.81129444	[11040.663..11040.663]
Group-1	PC 38:4:0	255.23	20180509_PC_brain_01.mzXML	30.0	16581.9	0.0	0.0	[0.0..0.0]	[0.0..1.0]	[1.0..1.0]	[16581.9..16581.9]	[0.323..0.366]	[0.0..0.15]	[1.0..1.0]	[16581.9..16581.9]	[0.323..0.361]	[0.0..0.154]	0.81129444	[13452.804..13452.804]
Group-1	PC 38:4:0	255.23	20180509_PC_brain_01.mzXML	35.0	15736.7	0.0	0.0	[0.0..0.0]	[0.0..0.0]	[1.0..1.0]	[15736.7..15736.7]	[0.309..0.36]	[0.0..0.15]	[1.0..1.0]	[15736.7..15736.7]	[0.309..0.366]	[0.0..0.154]	0.81129444	[12767.098..12767.098]
Group-1	PC 38:4:0	281.25	20180509_PC_brain_01.mzXML	25.0	2919.1	0.0	0.0	[9.0..9.0]	[0.0..1.0]	[0.869..0.964]	[2536.698..2814.013]	[0.437..0.445]	[0.02..0.41]	[0.871..0.908]	[2542.5361..2650.543]	[0.425..0.458]	[0.025..0.412]	0.81129444	[2058.009..2282.9927]
Group-1	PC 38:4:0	281.25	20180509_PC_brain_01.mzXML	30.0	3429.5	0.0	0.0	[9.0..9.0]	[0.0..1.0]	[0.855..0.926]	[2932.223..3175.717]	[0.419..0.466]	[0.02..0.41]	[0.856..0.884]	[2935.652..3031.678]	[0.41..0.472]	[0.025..0.412]	0.81129444	[2378.8958..2576.4414]
Group-1	PC 38:4:0	281.25	20180509_PC_brain_01.mzXML	35.0	2787.7	0.0	0.0	[9.0..9.0]	[0.0..0.0]	[0.868..0.868]	[2419.724..2419.724]	[0.322..0.404]	[0.02..0.41]	[0.868..0.868]	[2419.7234..2419.7234]	[0.323..0.419]	[0.025..0.412]	0.81129444	[1963.1083..1963.1083]
Group-1	PC 38:4:0	283.26	20180509_PC_brain_01.mzXML	25.0	47667.3	0.0	0.0	[0.0..0.0]	[0.0..0.0]	[0.968..0.968]	[46141.945..46141.945]	[0.221..0.222]	[0.0..0.0]	[0.968..0.968]	[46141.945..46141.945]	[0.221..0.222]	[0.0..0.0]	0.81129444	[37434.703..37434.703]
Group-1	PC 38:4:0	283.26	20180509_PC_brain_01.mzXML	30.0	58273.6	0.0	0.0	[0.0..0.0]	[0.0..0.0]	[0.945..0.945]	[55068.555..55068.555]	[0.227..0.231]	[0.0..0.0]	[0.945..0.945]	[55068.555..55068.555]	[0.227..0.231]	[0.0..0.0]	0.81129444	[44676.81..44676.81]
Group-1	PC 38:4:0	283.26	20180509_PC_brain_01.mzXML	35.0	62895.9	0.0	0.0	[0.0..0.0]	[0.0..0.0]	[0.937..0.937]	[58933.457..58933.457]	[0.259..0.267]	[0.0..0.0]	[0.937..0.937]	[58933.457..58933.457]	[0.259..0.267]	[0.0..0.0]	0.81129444	[47812.387..47812.387]
Group-1	PC 38:4:0	303.23	20180509_PC_brain_01.mzXML	25.0	135889.7	6783.4	0.049918424	[5.1..5.2]	[1.0..1.0]	[1.189..1.2]	[161572.86..163067.66]	[0.778..0.779]	[1.0..1.0]	[1.189..1.2]	[161572.86..163067.66]	[0.778..0.779]	[1.0..1.0]	0.81129444	[131083.16..132295.88]
Group-1	PC 38:4:0	303.23	20180509_PC_brain_01.mzXML	30.0	113502.7	10156.6	0.08948333	[5.0..5.0]	[1.0..1.0]	[1.613..1.656]	[183079.86..187960.48]	[0.769..0.773]	[1.0..1.0]	[1.613..1.656]	[183079.86..187960.48]	[0.769..0.773]	[1.0..1.0]	0.81129444	[148531.67..152491.28]
Group-1	PC 38:4:0	303.23	20180509_PC_brain_01.mzXML	35.0	65022.7	7421.8	0.11414167	[5.3..5.4]	[1.0..1.0]	[2.49..2.594]	[161906.52..168668.89]	[0.733..0.741]	[1.0..1.0]	[2.49..2.594]	[161906.52..168668.89]	[0.733..0.741]	[1.0..1.0]	0.81129444	[131353.86..136840.12]
Group-1	PC 38:4:0	305.25	20180509_PC_brain_01.mzXML	25.0	3516.2	0.0	0.0	[5.0..11.0]	[0.0..1.0]	[0.901..1.029]	[3168.096..3618.17]	[0.555..0.563]	[0.59..0.98]	[0.856..1.019]	[3009.8672..3583.008]	[0.542..0.575]	[0.588..0.975]	0.81129444	[2570.2588..2935.401]
Group-1	PC 38:4:0	305.25	20180509_PC_brain_01.mzXML	30.0	3630.2	0.0	0.0	[5.0..11.0]	[0.0..1.0]	[0.925..1.213]	[3357.935..4403.433]	[0.534..0.581]	[0.59..0.98]	[0.904..1.204]	[3281.7007..4370.7607]	[0.528..0.59]	[0.588..0.975]	0.81129444	[2724.2742..3572.4807]
Group-1	PC 38:4:0	305.25	20180509_PC_brain_01.mzXML	35.0	3243.9	0.0	0.0	[5.0..11.0]	[1.0..1.0]	[1.099..1.57]	[3565.046..5092.923]	[0.596..0.678]	[0.59..0.98]	[1.035..1.564]	[3357.4363..5073.4595]	[0.581..0.677]	[0.588..0.975]	0.81129444	[2892.302..4131.8604]
Group-1	PC 38:4:0	331.26	20180509_PC_brain_01.mzXML	25.0	29415.6	0.0	0.0	[7.0..10.0]	[0.0..1.0]	[0.923..1.046]	[27150.598..30768.717]	[0.666..0.693]	[0.85..1.0]	[0.955..1.046]	[28091.896..30768.717]	[0.674..0.693]	[0.846..1.0]	0.81129444	[22027.129..24962.49]
Group-1	PC 38:4:0	331.26	20180509_PC_brain_01.mzXML	30.0	27912.7	0.0	0.0	[7.0..10.0]	[0.0..1.0]	[1.027..1.245]	[28666.34..34751.312]	[0.634..0.677]	[0.85..1.0]	[1.051..1.245]	[29336.246..34751.312]	[0.639..0.677]	[0.846..1.0]	0.81129444	[23256.844..28193.545]
Group-1	PC 38:4:0	331.26	20180509_PC_brain_01.mzXML	35.0	20534.1	0.0	0.0	[7.0..10.0]	[1.0..1.0]	[1.365..1.711]	[28029.047..35133.844]	[0.64..0.691]	[0.85..1.0]	[1.329..1.711]	[27289.818..35133.844]	[0.634..0.691]	[0.846..1.0]	0.81129444	[22739.81..28503.893]
Group-1	PC 38:5:0	255.23	20180509_PC_brain_01.mzXML	25.0	19768.2	0.0	0.0	[0.0..0.0]	[0.0..0.6]	[1.0..1.0]	[19768.2..19768.2]	[0.392..0.44]	[0.23..0.36]	[1.0..1.0]	[19768.2..19768.2]	[0.417..0.432]	[0.231..0.361]	0.81293565	[16070.273..16070.273]
Group-1	PC 38:5:0	255.23	20180509_PC_brain_01.mzXML	30.0	23842.6	0.0	0.0	[0.0..0.0]	[0.0..0.6]	[1.0..1.0]	[23842.6..23842.6]	[0.404..0.446]	[0.23..0.36]	[1.0..1.0]	[23842.6..23842.6]	[0.421..0.439]	[0.231..0.361]	0.81293565	[19382.5..19382.5]
Group-1	PC 38:5:0	255.23	20180509_PC_brain_01.mzXML	35.0	20640.6	0.0	0.0	[0.0..0.0]	[0.0..0.0]	[1.0..1.0]	[20640.6..20640.6]	[0.404..0.419]	[0.23..0.36]	[1.0..1.0]	[20640.6..20640.6]	[0.415..0.435]	[0.231..0.361]	0.81293565	[16779.479..16779.479]
Group-1	PC 38:5:0	281.25	20180509_PC_brain_01.mzXML	25.0	10908.4	0.0	0.0	[9.0..9.0]	[0.0..0.0]	[0.869..0.869]	[9479.4..9479.4]	[0.223..0.226]	[0.0..0.0]	[0.869..0.869]	[9479.4..9479.4]	[0.223..0.226]	[0.0..0.0]	0.81293565	[7706.142..7706.142]
Group-1	PC 38:5:0	281.25	20180509_PC_brain_01.mzXML	30.0	13967.2	0.0	0.0	[9.0..9.0]	[0.0..0.0]	[0.855..0.855]	[11941.956..11941.956]	[0.247..0.259]	[0.0..0.0]	[0.855..0.855]	[11941.956..11941.956]	[0.247..0.259]	[0.0..0.0]	0.81293565	[9708.042..9708.042]
Group-1	PC 38:5:0	281.25	20180509_PC_brain_01.mzXML	35.0	12660.3	0.0	0.0	[9.0..9.0]	[0.0..0.0]	[0.868..0.868]	[10989.14..10989.14]	[0.261..0.282]	[0.0..0.0]	[0.868..0.868]	[10989.14..10989.14]	[0.261..0.282]	[0.0..0.0]	0.81293565	[8933.463..8933.463]
Group-1	PC 38:5:0	303.23	20180509_PC_brain_01.mzXML	25.0	27651.6	1318.4	0.047678977	[5.4..5.4]	[1.0..1.0]	[1.171..1.197]	[32380.023..33098.965]	[0.774..0.777]	[1.0..1.0]	[1.171..1.197]	[32380.023..33098.965]	[0.774..0.777]	[1.0..1.0]	0.81293565	[26322.875..26907.328]
Group-1	PC 38:5:0	303.23	20180509_PC_brain_01.mzXML	30.0	22185.1	1884.9	0.084962435	[5.1..5.1]	[1.0..1.0]	[1.539..1.645]	[34142.867..36494.49]	[0.741..0.753]	[1.0..1.0]	[1.539..1.645]	[34142.867..36494.49]	[0.741..0.753]	[1.0..1.0]	0.81293565	[27755.955..29667.672]
Group-1	PC 38:5:0	303.23	20180509_PC_brain_01.mzXML	35.0	12147.4	1199.7	0.09876187	[5.9..6.1]	[1.0..1.0]	[2.307..2.568]	[28024.05..31194.525]	[0.718..0.739]	[1.0..1.0]	[2.307..2.568]	[28024.05..31194.525]	[0.718..0.739]	[1.0..1.0]	0.81293565	[22781.75..25359.14]
Group-1	PC 38:5:0	329.25	20180509_PC_brain_01.mzXML	25.0	21758.4	3469.7	0.15946485	[4.5..4.6]	[0.4..1.0]	[1.154..1.411]	[25109.195..30701.104]	[0.56..0.608]	[0.64..0.77]	[1.195..1.27]	[26001.29..27633.168]	[0.568..0.583]	[0.639..0.769]	0.81293565	[20412.16..24958.021]
Group-1	PC 38:5:0	329.25	20180509_PC_brain_01.mzXML	30.0	14917.5	3508.3	0.23518015	[4.8..4.8]	[0.4..1.0]	[1.987..2.362]	[29641.072..35235.137]	[0.554..0.596]	[0.64..0.77]	[2.046..2.198]	[30521.205..32788.664]	[0.561..0.579]	[0.639..0.769]	0.81293565	[24096.285..28643.898]
Group-1	PC 38:5:0	329.25	20180509_PC_brain_01.mzXML	35.0	6393.8	2342.8	0.3664175	[4.4..4.7]	[1.0..1.0]	[4.478..4.771]	[28631.438..30504.818]	[0.581..0.596]	[0.64..0.77]	[4.193..4.556]	[26809.201..29130.154]	[0.565..0.585]	[0.639..0.769]	0.81293565	[23275.514..24798.453]
Group-1	PC 38:6:0	255.23	20180509_PC_brain_01.mzXML	25.0	32242.5	0.0	0.0	[0.0..0.0]	[0.0..0.39999998]	[1.0..1.0]	[32242.5..32242.5]	[0.339..0.349]	[0.1..0.19]	[1.0..1.0]	[32242.5..32242.5]	[0.34..0.341]	[0.099..0.19]	0.81459224	[26264.49..26264.49]
Group-1	PC 38:6:0	255.23	20180509_PC_brain_01.mzXML	30.0	39592.1	0.0	0.0	[0.0..0.0]	[0.0..0.0]	[1.0..1.0]	[39592.1..39592.1]	[0.368..0.368]	[0.1..0.19]	[1.0..1.0]	[39592.1..39592.1]	[0.368..0.368]	[0.099..0.19]	0.81459224	[32251.418..32251.418]
Group-1	PC 38:6:0	255.23	20180509_PC_brain_01.mzXML	35.0	40149.2	0.0	0.0	[0.0..0.0]	[0.39999998..0.39999998]	[1.0..1.0]	[40149.2..40149.2]	[0.384..0.384]	[0.1..0.19]	[1.0..1.0]	[40149.2..40149.2]	[0.384..0.384]	[0.099..0.19]	0.81459224	[32705.227..32705.227]
Group-1	PC 38:6:0	327.23	20180509_PC_brain_01.mzXML	25.0	32367.9	11379.4	0.35156438	[4.0..4.0]	[0.6..1.0]	[1.859..1.942]	[60171.926..62858.465]	[0.651..0.661]	[0.81..0.9]	[1.926..1.934]	[62340.574..62599.52]	[0.659..0.66]	[0.81..0.901]	0.81459224	[49015.586..51204.016]
Group-1	PC 38:6:0	327.23	20180509_PC_brain_01.mzXML	30.0	16218.5	9414.2	0.5804606	[4.0..4.0]	[1.0..1.0]	[4.199..4.199]	[68101.48..68101.48]	[0.632..0.632]	[0.81..0.9]	[4.199..4.199]	[68101.48..68101.48]	[0.632..0.632]	[0.81..0.901]	0.81459224	[55474.934..55474.934]
Group-1	PC 38:6:0	327.23	20180509_PC_brain_01.mzXML	35.0	5922.0	4637.3	0.7830631	[4.0..4.0]	[0.6..0.6]	[10.862..10.862]	[64324.766..64324.766]	[0.616..0.616]	[0.81..0.9]	[10.862..10.862]	[64324.766..64324.766]	[0.616..0.616]	[0.81..0.901]	0.81459224	[52398.453..52398.453]
Group-1	PC 40:2:0	281.25	20180509_PC_brain_01.mzXML	25.0	3295.5	0.0	0.0	[9.0..9.0]	[0.0..0.0]	[0.869..0.869]	[2863.79..2863.79]	[0.518..0.518]	[0.52..0.55]	[0.869..0.869]	[2863.7896..2863.7896]	[0.518..0.518]	[0.516..0.549]	0.7860534	[2251.0916..2251.0916]
Group-1	PC 40:2:0	281.25	20180509_PC_brain_01.mzXML	30.0	4250.5	0.0	0.0	[9.0..9.0]	[0.0..0.0]	[0.855..0.855]	[3634.178..3634.178]	[0.519..0.519]	[0.52..0.55]	[0.855..0.855]	[3634.1775..3634.1775]	[0.519..0.519]	[0.516..0.549]	0.7860534	[2856.6577..2856.6577]
Group-1	PC 40:2:0	281.25	20180509_PC_brain_01.mzXML	35.0	3623.3	0.0	0.0	[9.0..9.0]	[0.0..0.0]	[0.868..0.868]	[3145.025..3145.025]	[0.506..0.506]	[0.52..0.55]	[0.868..0.868]	[3145.0244..3145.0244]	[0.506..0.506]	[0.516..0.549]	0.7860534	[2472.1572..2472.1572]
Group-1	PC 40:2:0	283.26	20180509_PC_brain_01.mzXML	25.0	559.8	0.0	0.0	[0.0..0.0]	[0.0..0.0]	[0.968..0.968]	[541.886..541.886]	[0.206..0.206]	[0.0..0.09]	[0.968..0.968]	[541.8864..541.8864]	[0.206..0.206]	[0.0..0.087]	0.7860534	[425.95163..425.95163]
Group-1	PC 40:2:0	283.26	20180509_PC_brain_01.mzXML	30.0	828.4	0.0	0.0	[0.0..0.0]	[1.0..1.0]	[0.958..0.958]	[793.607..793.607]	[0.34..0.34]	[0.0..0.09]	[0.958..0.958]	[793.60724..793.60724]	[0.34..0.34]	[0.0..0.087]	0.7860534	[623.8177..623.8177]
Group-1	PC 40:2:0	283.26	20180509_PC_brain_01.mzXML	35.0	870.4	0.0	0.0	[0.0..0.0]	[0.0..1.0]	[0.937..0.945]	[815.565..822.528]	[0.284..0.295]	[0.0..0.09]	[0.937..0.938]	[815.5648..816.43524]	[0.282..0.283]	[0.0..0.087]	0.7860534	[641.0775..646.55096]
Group-1	PC 40:2:0	309.28	20180509_PC_brain_01.mzXML	25.0	1394.5	0.0	0.0	[11.0..11.0]	[0.5..0.5]	[0.928..0.928]	[1294.096..1294.096]	[0.5..0.5]	[0.5..0.5]	[0.928..0.928]	[1294.096..1294.096]	[0.5..0.5]	[0.5..0.5]	0.7860534	[1017.2286..1017.2286]
Group-1	PC 40:2:0	309.28	20180509_PC_brain_01.mzXML	30.0	1780.4	0.0	0.0	[11.0..11.0]	[0.5..0.5]	[0.904..0.904]	[1609.482..1609.482]	[0.5..0.5]	[0.5..0.5]	[0.904..0.904]	[1609.4816..1609.4816]	[0.5..0.5]	[0.5..0.5]	0.7860534	[1265.1384..1265.1384]
Group-1	PC 40:2:0	309.28	20180509_PC_brain_01.mzXML	35.0	1561.7	0.0	0.0	[11.0..11.0]	[0.5..0.5]	[0.904..0.904]	[1411.777..1411.777]	[0.5..0.5]	[0.5..0.5]	[0.904..0.904]	[1411.7767..1411.7767]	[0.5..0.5]	[0.5..0.5]	0.7860534	[1109.7319..1109.7319]
Group-1	PC 40:2:0	335.29	20180509_PC_brain_01.mzXML	25.0	2213.9	0.0	0.0	[13.0..13.0]	[1.0..1.0]	[0.945..0.945]	[2092.136..2092.136]	[0.794..0.794]	[0.91..1.0]	[0.945..0.945]	[2092.1355..2092.1355]	[0.794..0.794]	[0.913..1.0]	0.7860534	[1644.5302..1644.5302]
Group-1	PC 40:2:0	335.29	20180509_PC_brain_01.mzXML	30.0	1972.4	0.0	0.0	[13.0..13.0]	[0.0..0.0]	[0.782..0.782]	[1542.417..1542.417]	[0.66..0.66]	[0.91..1.0]	[0.782..0.782]	[1542.4169..1542.4169]	[0.66..0.66]	[0.913..1.0]	0.7860534	[1212.422..1212.422]
Group-1	PC 40:2:0	335.29	20180509_PC_brain_01.mzXML	35.0	2461.7	0.0	0.0	[13.0..13.0]	[0.0..1.0]	[0.791..0.844]	[1947.205..2077.675]	[0.705..0.716]	[0.91..1.0]	[0.839..0.844]	[2065.3662..2077.6748]	[0.717..0.718]	[0.913..1.0]	0.7860534	[1530.6069..1633.1633]
Group-1	PC 40:2:0	337.31	20180509_PC_brain_01.mzXML	25.0	2803.9	0.0	0.0	[13.0..13.0]	[1.0..1.0]	[0.951..0.951]	[2666.509..2666.509]	[0.482..0.482]	[0.45..0.48]	[0.951..0.951]	[2666.5088..2666.5088]	[0.482..0.482]	[0.451..0.484]	0.7860534	[2096.0183..2096.0183]
Group-1	PC 40:2:0	337.31	20180509_PC_brain_01.mzXML	30.0	3933.2	0.0	0.0	[13.0..13.0]	[1.0..1.0]	[0.858..0.858]	[3374.686..3374.686]	[0.481..0.481]	[0.45..0.48]	[0.858..0.858]	[3374.6855..3374.6855]	[0.481..0.481]	[0.451..0.484]	0.7860534	[2652.683..2652.683]
Group-1	PC 40:2:0	337.31	20180509_PC_brain_01.mzXML	35.0	3783.1	0.0	0.0	[13.0..13.0]	[1.0..1.0]	[0.812..0.812]	[3071.877..3071.877]	[0.494..0.494]	[0.45..0.48]	[0.812..0.812]	[3071.8772..3071.8772]	[0.494..0.494]	[0.451..0.484]	0.7860534	[2414.6597..2414.6597]
Group-1	PC 40:3:0	281.25	20180509_PC_brain_01.mzXML	25.0	527.5	0.0	0.0	[9.0..9.0]	[0.0..0.0]	[0.869..0.869]	[458.398..458.398]	[1.0..1.0]	[0.45..1.0]	[0.869..0.869]	[458.39752..458.39752]	[1.0..1.0]	[0.449..1.0]	0.78759354	[361.0309..361.0309]
Group-1	PC 40:3:0	281.25	20180509_PC_brain_01.mzXML	30.0	769.9	0.0	0.0	[9.0..9.0]	[0.0..0.0]	[0.855..0.855]	[658.265..658.265]	[0.518..0.518]	[0.45..1.0]	[0.855..0.855]	[658.2645..658.2645]	[0.518..0.518]	[0.449..1.0]	0.78759354	[518.4449..518.4449]
Group-1	PC 40:3:0	281.25	20180509_PC_brain_01.mzXML	35.0	538.1	0.0	0.0	[9.0..9.0]	[0.0..0.0]	[0.868..0.868]	[467.071..467.071]	[0.481..0.481]	[0.45..1.0]	[0.868..0.868]	[467.07077..467.07077]	[0.481..0.481]	[0.449..1.0]	0.78759354	[367.86194..367.86194]
Group-1	PC 40:3:0	283.26	20180509_PC_brain_01.mzXML	25.0	857.4	0.0	0.0	[0.0..0.0]	[0.0..0.0]	[0.968..0.968]	[829.963..829.963]	[0.193..0.193]	[0.0..0.01]	[0.968..0.968]	[829.9632..829.9632]	[0.193..0.193]	[0.0..0.009]	0.78759354	[653.67365..653.67365]
Group-1	PC 40:3:0	283.26	20180509_PC_brain_01.mzXML	30.0	1204.5	0.0	0.0	[0.0..0.0]	[0.0..0.0]	[0.945..0.945]	[1138.253..1138.253]	[0.243..0.243]	[0.0..0.01]	[0.945..0.945]	[1138.2524..1138.2524]	[0.243..0.243]	[0.0..0.009]	0.78759354	[896.48035..896.48035]
Group-1	PC 40:3:0	283.26	20180509_PC_brain_01.mzXML	35.0	1333.5	0.0	0.0	[0.0..0.0]	[0.0..0.0]	[0.937..0.937]	[1249.49..1249.49]	[0.316..0.316]	[0.0..0.01]	[0.937..0.937]	[1249.4895..1249.4895]	[0.316..0.316]	[0.0..0.009]	0.78759354	[984.08984..984.08984]
Group-1	PC 40:3:0	333.28	20180509_PC_brain_01.mzXML	25.0	3506.1	0.0	0.0	[13.0..13.0]	[1.0..1.0]	[0.988..0.988]	[3464.027..3464.027]	[0.807..0.807]	[0.99..1.0]	[0.988..0.988]	[3464.0269..3464.0269]	[0.807..0.807]	[0.991..1.0]	0.78759354	[2728.245..2728.245]
Group-1	PC 40:3:0	333.28	20180509_PC_brain_01.mzXML	30.0	3753.2	0.0	0.0	[13.0..13.0]	[1.0..1.0]	[0.943..0.943]	[3539.268..3539.268]	[0.757..0.757]	[0.99..1.0]	[0.943..0.943]	[3539.2676..3539.2676]	[0.757..0.757]	[0.991..1.0]	0.78759354	[2787.5044..2787.5044]
Group-1	PC 40:3:0	333.28	20180509_PC_brain_01.mzXML	35.0	2718.9	0.0	0.0	[13.0..13.0]	[1.0..1.0]	[0.995..0.995]	[2705.306..2705.306]	[0.684..0.684]	[0.99..1.0]	[0.995..0.995]	[2705.3054..2705.3054]	[0.684..0.684]	[0.991..1.0]	0.78759354	[2130.681..2130.681]
Group-1	PC 40:3:0	335.29	20180509_PC_brain_01.mzXML	25.0	0.0	0.0	0.0	[13.0..13.0]	[1.0..1.0]	[0.945..0.945]	[0.0..0.0]	[0.0..0.0]	[0.0..0.55]	[0.945..0.945]	[0.0..0.0]	[0.0..0.0]	[0.0..0.551]	0.78759354	[0.0..0.0]
Group-1	PC 40:3:0	335.29	20180509_PC_brain_01.mzXML	30.0	710.0	0.0	0.0	[13.0..13.0]	[1.0..1.0]	[0.862..0.862]	[612.02..612.02]	[0.482..0.482]	[0.0..0.55]	[0.862..0.862]	[612.02..612.02]	[0.482..0.482]	[0.0..0.551]	0.78759354	[482.02298..482.02298]
Group-1	PC 40:3:0	335.29	20180509_PC_brain_01.mzXML	35.0	596.7	0.0	0.0	[13.0..13.0]	[1.0..1.0]	[0.844..0.844]	[503.615..503.615]	[0.519..0.519]	[0.0..0.55]	[0.844..0.844]	[503.6148..503.6148]	[0.519..0.519]	[0.0..0.551]	0.78759354	[396.64377..396.64377]
Group-1	PC 40:4:0	255.23	20180509_PC_brain_01.mzXML	25.0	1258.5	0.0	0.0	[0.0..0.0]	[0.0..1.0]	[1.0..1.0]	[1258.5..1258.5]	[0.337..0.366]	[0.09..0.4]	[1.0..1.0]	[1258.5..1258.5]	[0.339..0.348]	[0.094..0.399]	0.78913254	[993.1233..993.1233]
Group-1	PC 40:4:0	255.23	20180509_PC_brain_01.mzXML	30.0	1995.9	0.0	0.0	[0.0..0.0]	[1.0..1.0]	[1.0..1.0]	[1995.9..1995.9]	[0.461..0.461]	[0.09..0.4]	[1.0..1.0]	[1995.9..1995.9]	[0.461..0.461]	[0.094..0.399]	0.78913254	[1575.0297..1575.0297]
Group-1	PC 40:4:0	255.23	20180509_PC_brain_01.mzXML	35.0	1691.0	0.0	0.0	[0.0..0.0]	[0.0..0.0]	[1.0..1.0]	[1691.0..1691.0]	[0.378..0.378]	[0.09..0.4]	[1.0..1.0]	[1691.0..1691.0]	[0.378..0.378]	[0.094..0.399]	0.78913254	[1334.4231..1334.4231]
Group-1	PC 40:4:0	283.26	20180509_PC_brain_01.mzXML	25.0	8521.6	0.0	0.0	[0.0..0.0]	[0.0..1.0]	[0.968..0.988]	[8248.908..8419.34]	[0.23..0.249]	[0.0..0.0]	[0.968..0.968]	[8248.908..8248.908]	[0.227..0.23]	[0.0..0.0]	0.78913254	[6509.482..6643.975]
Group-1	PC 40:4:0	283.26	20180509_PC_brain_01.mzXML	30.0	10479.2	0.0	0.0	[0.0..0.0]	[0.0..1.0]	[0.945..0.958]	[9902.844..10039.074]	[0.241..0.275]	[0.0..0.0]	[0.945..0.945]	[9902.844..9902.844]	[0.238..0.261]	[0.0..0.0]	0.78913254	[7814.6562..7922.1597]
Group-1	PC 40:4:0	283.26	20180509_PC_brain_01.mzXML	35.0	9905.1	0.0	0.0	[0.0..0.0]	[0.0..0.0]	[0.937..0.937]	[9281.078..9281.078]	[0.252..0.297]	[0.0..0.0]	[0.937..0.937]	[9281.078..9281.078]	[0.252..0.297]	[0.0..0.0]	0.78913254	[7324.001..7324.001]
Group-1	PC 40:4:0	331.26	20180509_PC_brain_01.mzXML	25.0	26925.3	0.0	0.0	[7.0..10.0]	[0.0..1.0]	[0.923..1.046]	[24852.053..28163.865]	[0.751..0.77]	[1.0..1.0]	[1.026..1.046]	[27625.36..28163.865]	[0.77..0.773]	[1.0..1.0]	0.78913254	[19611.562..22225.021]
Group-1	PC 40:4:0	331.26	20180509_PC_brain_01.mzXML	30.0	25451.4	0.0	0.0	[7.0..10.0]	[0.0..1.0]	[1.027..1.245]	[26138.588..31686.994]	[0.725..0.759]	[1.0..1.0]	[1.102..1.245]	[28047.443..31686.994]	[0.739..0.762]	[1.0..1.0]	0.78913254	[20626.809..25005.236]
Group-1	PC 40:4:0	331.26	20180509_PC_brain_01.mzXML	35.0	16115.9	359.5	0.022307161	[9.1..9.5]	[1.0..1.0]	[1.365..1.711]	[21998.205..27574.305]	[0.703..0.748]	[1.0..1.0]	[1.365..1.711]	[21998.205..27574.305]	[0.703..0.748]	[1.0..1.0]	0.78913254	[17359.498..21759.781]
Group-1	PC 40:4:0	359.3	20180509_PC_brain_01.mzXML	25.0	2608.5	0.0	0.0	[9.0..9.0]	[0.0..1.0]	[0.837..0.95]	[2183.315..2478.075]	[0.634..0.663]	[0.6..0.91]	[0.905..0.94]	[2360.6924..2451.99]	[0.652..0.661]	[0.601..0.906]	0.78913254	[1722.9244..1955.5295]
Group-1	PC 40:4:0	359.3	20180509_PC_brain_01.mzXML	30.0	2524.8	0.0	0.0	[9.0..9.0]	[0.0..0.0]	[0.924..0.924]	[2332.915..2332.915]	[0.539..0.539]	[0.6..0.91]	[0.924..0.924]	[2332.9153..2332.9153]	[0.539..0.539]	[0.601..0.906]	0.78913254	[1840.9794..1840.9794]
Group-1	PC 40:4:0	359.3	20180509_PC_brain_01.mzXML	35.0	2237.0	0.0	0.0	[9.0..9.0]	[1.0..1.0]	[1.244..1.244]	[2782.828..2782.828]	[0.622..0.622]	[0.6..0.91]	[1.244..1.244]	[2782.828..2782.828]	[0.622..0.622]	[0.601..0.906]	0.78913254	[2196.02..2196.02]
Group-1	PC 40:5:0	281.25	20180509_PC_brain_01.mzXML	25.0	3192.3	0.0	0.0	[9.0..9.0]	[0.0..1.0]	[0.869..0.964]	[2774.109..3077.377]	[0.466..0.471]	[0.17..0.43]	[0.885..0.91]	[2825.1855..2904.9932]	[0.471..0.489]	[0.169..0.428]	0.7906781	[2193.427..2433.2148]
Group-1	PC 40:5:0	281.25	20180509_PC_brain_01.mzXML	30.0	2773.2	0.0	0.0	[9.0..9.0]	[0.0..1.0]	[0.855..0.926]	[2371.086..2567.983]	[0.442..0.47]	[0.17..0.43]	[0.867..0.886]	[2404.3643..2457.0552]	[0.444..0.482]	[0.169..0.428]	0.7906781	[1874.7657..2030.4481]
Group-1	PC 40:5:0	281.25	20180509_PC_brain_01.mzXML	35.0	2858.2	0.0	0.0	[9.0..9.0]	[0.0..0.0]	[0.868..0.868]	[2480.918..2480.918]	[0.376..0.43]	[0.17..0.43]	[0.868..0.868]	[2480.9175..2480.9175]	[0.383..0.444]	[0.169..0.428]	0.7906781	[1961.607..1961.607]
Group-1	PC 40:5:0	283.26	20180509_PC_brain_01.mzXML	25.0	6182.6	0.0	0.0	[0.0..0.0]	[0.0..0.0]	[0.968..0.968]	[5984.757..5984.757]	[0.235..0.238]	[0.0..0.0]	[0.968..0.968]	[5984.757..5984.757]	[0.235..0.238]	[0.0..0.003]	0.7906781	[4732.016..4732.016]
Group-1	PC 40:5:0	283.26	20180509_PC_brain_01.mzXML	30.0	7551.1	0.0	0.0	[0.0..0.0]	[0.0..0.0]	[0.945..0.945]	[7135.79..7135.79]	[0.249..0.255]	[0.0..0.0]	[0.945..0.945]	[7135.7896..7135.7896]	[0.249..0.255]	[0.0..0.003]	0.7906781	[5642.1123..5642.1123]
Group-1	PC 40:5:0	283.26	20180509_PC_brain_01.mzXML	35.0	8222.7	0.0	0.0	[0.0..0.0]	[0.0..0.0]	[0.937..0.937]	[7704.67..7704.67]	[0.304..0.314]	[0.0..0.0]	[0.937..0.937]	[7704.67..7704.67]	[0.304..0.314]	[0.0..0.003]	0.7906781	[6091.9136..6091.9136]
Group-1	PC 40:5:0	303.23	20180509_PC_brain_01.mzXML	25.0	2158.1	0.0	0.0	[5.0..8.0]	[0.7..0.7]	[0.985..1.053]	[2125.729..2272.479]	[0.72..0.733]	[0.86..1.0]	[1.047..1.2]	[2259.531..2589.7202]	[0.732..0.758]	[0.86..1.0]	0.7906781	[1680.767..1796.7996]
Group-1	PC 40:5:0	303.23	20180509_PC_brain_01.mzXML	30.0	1987.9	0.0	0.0	[5.0..8.0]	[1.0..1.0]	[1.337..1.656]	[2657.822..3291.963]	[0.828..0.856]	[0.86..1.0]	[1.277..1.656]	[2538.5483..3291.9624]	[0.821..0.856]	[0.86..1.0]	0.7906781	[2101.482..2602.8826]
Group-1	PC 40:5:0	303.23	20180509_PC_brain_01.mzXML	35.0	957.0	0.0	0.0	[5.0..8.0]	[0.7..1.0]	[1.723..2.594]	[1648.911..2482.458]	[0.635..0.721]	[0.86..1.0]	[1.765..2.594]	[1689.105..2482.458]	[0.641..0.724]	[0.86..1.0]	0.7906781	[1303.7579..1962.8253]
Group-1	PC 40:5:0	309.28	20180509_PC_brain_01.mzXML	25.0	925.9	0.0	0.0	[11.0..11.0]	[0.3..0.3]	[0.893..0.893]	[826.829..826.829]	[0.267..0.28]	[0.0..0.14]	[0.893..0.893]	[826.82874..826.82874]	[0.242..0.268]	[0.0..0.14]	0.7906781	[653.7554..653.7554]
Group-1	PC 40:5:0	309.28	20180509_PC_brain_01.mzXML	30.0	675.1	0.0	0.0	[11.0..11.0]	[0.0..0.0]	[0.819..0.819]	[552.907..552.907]	[0.144..0.172]	[0.0..0.14]	[0.819..0.819]	[552.90686..552.90686]	[0.144..0.179]	[0.0..0.14]	0.7906781	[437.17136..437.17136]
Group-1	PC 40:5:0	309.28	20180509_PC_brain_01.mzXML	35.0	1163.7	0.0	0.0	[11.0..11.0]	[0.0..0.3]	[0.813..0.827]	[946.088..962.38]	[0.279..0.365]	[0.0..0.14]	[0.813..0.815]	[946.0881..948.41547]	[0.276..0.359]	[0.0..0.14]	0.7906781	[748.05115..760.9327]
Group-1	PC 40:5:0	329.25	20180509_PC_brain_01.mzXML	25.0	13533.1	2375.9	0.17556214	[4.1..4.3]	[1.0..1.0]	[1.418..1.439]	[19189.936..19474.13]	[0.762..0.765]	[1.0..1.0]	[1.418..1.439]	[19189.936..19474.13]	[0.762..0.765]	[0.997..1.0]	0.7906781	[15173.061..15397.769]
Group-1	PC 40:5:0	329.25	20180509_PC_brain_01.mzXML	30.0	8737.1	2395.6	0.27418712	[4.3..4.3]	[1.0..1.0]	[2.388..2.463]	[20864.193..21519.477]	[0.745..0.751]	[1.0..1.0]	[2.388..2.463]	[20864.193..21519.477]	[0.745..0.751]	[0.997..1.0]	0.7906781	[16496.861..17014.979]
Group-1	PC 40:5:0	329.25	20180509_PC_brain_01.mzXML	35.0	3479.4	1477.8	0.42472842	[4.0..4.1]	[1.0..1.0]	[4.845..5.065]	[16857.691..17623.16]	[0.686..0.696]	[1.0..1.0]	[4.845..5.065]	[16857.691..17623.16]	[0.686..0.696]	[0.997..1.0]	0.7906781	[13329.007..13934.247]
Group-1	PC 40:5:0	331.26	20180509_PC_brain_01.mzXML	25.0	3374.7	0.0	0.0	[7.0..10.0]	[0.0..1.0]	[0.923..1.046]	[3114.848..3529.936]	[0.529..0.534]	[0.57..0.83]	[0.874..0.965]	[2949.4878..3256.5854]	[0.511..0.529]	[0.572..0.831]	0.7906781	[2462.842..2791.0432]
Group-1	PC 40:5:0	331.26	20180509_PC_brain_01.mzXML	30.0	2605.2	0.0	0.0	[7.0..10.0]	[0.0..1.0]	[1.027..1.245]	[2675.54..3243.474]	[0.53..0.558]	[0.57..0.83]	[0.993..1.179]	[2586.9634..3071.5308]	[0.518..0.556]	[0.572..0.831]	0.7906781	[2115.491..2564.5437]
Group-1	PC 40:5:0	331.26	20180509_PC_brain_01.mzXML	35.0	2409.8	0.0	0.0	[7.0..10.0]	[1.0..1.0]	[1.365..1.711]	[3289.377..4123.168]	[0.57..0.624]	[0.57..0.83]	[1.289..1.658]	[3106.2324..3995.4485]	[0.556..0.617]	[0.572..0.831]	0.7906781	[2600.8384..3260.0984]
Group-1	PC 40:6:0	281.25	20180509_PC_brain_01.mzXML	25.0	8408.5	0.0	0.0	[9.0..9.0]	[0.0..0.0]	[0.869..0.869]	[7306.987..7306.987]	[0.715..0.746]	[1.0..1.0]	[0.869..0.869]	[7306.987..7306.987]	[0.739..0.762]	[1.0..1.0]	0.79223794	[5788.872..5788.872]
Group-1	PC 40:6:0	281.25	20180509_PC_brain_01.mzXML	30.0	12459.8	0.0	0.0	[9.0..9.0]	[0.0..0.0]	[0.855..0.855]	[10653.129..10653.129]	[0.734..0.799]	[1.0..1.0]	[0.855..0.855]	[10653.129..10653.129]	[0.755..0.809]	[1.0..1.0]	0.79223794	[8439.8125..8439.8125]
Group-1	PC 40:6:0	281.25	20180509_PC_brain_01.mzXML	35.0	10485.7	0.0	0.0	[9.0..9.0]	[0.0..0.0]	[0.868..0.868]	[9101.588..9101.588]	[0.793..0.871]	[1.0..1.0]	[0.868..0.868]	[9101.588..9101.588]	[0.811..0.876]	[1.0..1.0]	0.79223794	[7210.623..7210.623]
Group-1	PC 40:6:0	283.26	20180509_PC_brain_01.mzXML	25.0	15397.2	0.0	0.0	[0.0..0.0]	[0.0..0.0]	[0.968..0.968]	[14904.489..14904.489]	[0.246..0.246]	[0.0..0.06]	[0.968..0.968]	[14904.489..14904.489]	[0.246..0.246]	[0.0..0.057]	0.79223794	[11807.902..11807.902]
Group-1	PC 40:6:0	283.26	20180509_PC_brain_01.mzXML	30.0	21033.5	0.0	0.0	[0.0..0.0]	[0.0..0.0]	[0.945..0.945]	[19876.658..19876.658]	[0.288..0.288]	[0.0..0.06]	[0.945..0.945]	[19876.658..19876.658]	[0.288..0.288]	[0.0..0.057]	0.79223794	[15747.042..15747.042]
Group-1	PC 40:6:0	283.26	20180509_PC_brain_01.mzXML	35.0	19544.9	0.0	0.0	[0.0..0.0]	[0.0..0.0]	[0.937..0.937]	[18313.57..18313.57]	[0.334..0.334]	[0.0..0.06]	[0.937..0.937]	[18313.57..18313.57]	[0.334..0.334]	[0.0..0.057]	0.79223794	[14508.706..14508.706]
Group-1	PC 40:6:0	327.23	20180509_PC_brain_01.mzXML	25.0	23461.2	8375.3	0.35698515	[4.0..4.0]	[1.0..1.0]	[1.942..1.942]	[45561.65..45561.65]	[0.754..0.754]	[0.94..1.0]	[1.942..1.942]	[45561.65..45561.65]	[0.754..0.754]	[0.943..1.0]	0.79223794	[36095.668..36095.668]
Group-1	PC 40:6:0	327.23	20180509_PC_brain_01.mzXML	30.0	11698.6	6997.7	0.59816563	[4.0..4.0]	[1.0..1.0]	[4.199..4.199]	[49122.414..49122.414]	[0.712..0.712]	[0.94..1.0]	[4.199..4.199]	[49122.418..49122.418]	[0.712..0.712]	[0.943..1.0]	0.79223794	[38916.64..38916.64]
Group-1	PC 40:6:0	327.23	20180509_PC_brain_01.mzXML	35.0	3199.4	3011.8	0.94136405	[4.0..4.0]	[1.0..1.0]	[11.439..11.439]	[36597.938..36597.938]	[0.666..0.666]	[0.94..1.0]	[11.439..11.439]	[36597.938..36597.938]	[0.666..0.666]	[0.943..1.0]	0.79223794	[28994.273..28994.273]
Group-1	PC 40:6:0	329.25	20180509_PC_brain_01.mzXML	25.0	2024.0	0.0	0.0	[4.0..7.0]	[1.0..1.0]	[1.231..1.439]	[2491.544..2912.536]	[0.254..0.285]	[0.0..0.0]	[1.125..1.276]	[2277.0..2582.624]	[0.238..0.261]	[0.0..0.0]	0.79223794	[1973.8956..2307.4216]
Group-1	PC 40:6:0	329.25	20180509_PC_brain_01.mzXML	30.0	1568.1	0.0	0.0	[4.0..7.0]	[1.0..1.0]	[1.71..2.463]	[2681.451..3862.23]	[0.201..0.266]	[0.0..0.0]	[1.609..2.201]	[2523.0728..3451.388]	[0.191..0.245]	[0.0..0.0]	0.79223794	[2124.3474..3059.8054]
Group-1	PC 40:6:0	329.25	20180509_PC_brain_01.mzXML	35.0	470.0	0.0	0.0	[4.0..7.0]	[1.0..1.0]	[2.862..5.065]	[1345.14..2380.55]	[0.129..0.207]	[0.0..0.0]	[2.75..4.514]	[1292.5..2121.58]	[0.124..0.189]	[0.0..0.0]	0.79223794	[1065.6709..1885.962]
Group-1	PC 40:7:0	281.25	20180509_PC_brain_01.mzXML	25.0	7611.0	0.0	0.0	[9.0..9.0]	[0.0..0.0]	[0.869..0.869]	[6613.959..6613.959]	[0.401..0.401]	[0.25..0.63]	[0.869..0.869]	[6613.959..6613.959]	[0.401..0.401]	[0.253..0.625]	0.7937967	[5250.139..5250.139]
Group-1	PC 40:7:0	281.25	20180509_PC_brain_01.mzXML	30.0	8623.0	0.0	0.0	[9.0..9.0]	[0.0..0.0]	[0.855..0.855]	[7372.665..7372.665]	[0.433..0.433]	[0.25..0.63]	[0.855..0.855]	[7372.665..7372.665]	[0.433..0.433]	[0.253..0.625]	0.7937967	[5852.3975..5852.3975]
Group-1	PC 40:7:0	281.25	20180509_PC_brain_01.mzXML	35.0	8617.9	0.0	0.0	[9.0..9.0]	[0.0..0.0]	[0.868..0.868]	[7480.338..7480.338]	[0.547..0.547]	[0.25..0.63]	[0.868..0.868]	[7480.3374..7480.3374]	[0.547..0.547]	[0.253..0.625]	0.7937967	[5937.867..5937.867]
Group-1	PC 40:7:0	327.23	20180509_PC_brain_01.mzXML	25.0	5096.4	0.0	0.0	[4.0..4.0]	[1.0..1.0]	[1.942..1.942]	[9897.209..9897.209]	[0.599..0.599]	[0.37..0.75]	[1.942..1.942]	[9897.209..9897.209]	[0.599..0.599]	[0.375..0.747]	0.7937967	[7856.372..7856.372]
Group-1	PC 40:7:0	327.23	20180509_PC_brain_01.mzXML	30.0	2300.7	0.0	0.0	[4.0..4.0]	[1.0..1.0]	[4.199..4.199]	[9660.639..9660.639]	[0.567..0.567]	[0.37..0.75]	[4.199..4.199]	[9660.639..9660.639]	[0.567..0.567]	[0.375..0.747]	0.7937967	[7668.5835..7668.5835]
Group-1	PC 40:7:0	327.23	20180509_PC_brain_01.mzXML	35.0	541.3	0.0	0.0	[4.0..4.0]	[1.0..1.0]	[11.439..11.439]	[6191.931..6191.931]	[0.453..0.453]	[0.37..0.75]	[11.439..11.439]	[6191.9307..6191.9307]	[0.453..0.453]	[0.375..0.747]	0.7937967	[4915.1343..4915.1343]
Group-1	PC 44:0:0	339.32	20180509_PC_brain_01.mzXML	25.0	815784.9	0.0	0.0	[0.0..0.0]	[0.5..0.5]	[0.977..0.977]	[797021.8..797021.8]	[0.5..0.5]	[0.5..0.5]	[0.977..0.977]	[797021.8..797021.8]	[0.5..0.5]	[0.5..0.5]	0.7430324	[592213.0..592213.0]
Group-1	PC 44:0:0	339.32	20180509_PC_brain_01.mzXML	30.0	1034348.9	0.0	0.0	[0.0..0.0]	[0.5..0.5]	[0.907..0.907]	[938154.44..938154.44]	[0.5..0.5]	[0.5..0.5]	[0.907..0.907]	[938154.44..938154.44]	[0.5..0.5]	[0.5..0.5]	0.7430324	[697079.2..697079.2]
Group-1	PC 44:0:0	339.32	20180509_PC_brain_01.mzXML	35.0	972701.5	0.0	0.0	[0.0..0.0]	[0.5..0.5]	[0.88..0.88]	[855977.4..855977.4]	[0.5..0.5]	[0.5..0.5]	[0.88..0.88]	[855977.3..855977.3]	[0.5..0.5]	[0.5..0.5]	0.7430324	[636018.9..636018.9]
Group-1	PC 44:12:0	327.23	20180509_PC_brain_01.mzXML	25.0	346136.5	138975.9	0.40150607	[4.0..4.0]	[0.5..0.5]	[2.062..2.062]	[713733.5..713733.5]	[0.5..0.5]	[0.5..0.5]	[2.062..2.062]	[713733.5..713733.5]	[0.5..0.5]	[0.5..0.5]	0.75972176	[542238.9..542238.9]
Group-1	PC 44:12:0	327.23	20180509_PC_brain_01.mzXML	30.0	154882.4	96189.8	0.6210505	[4.0..4.0]	[0.5..0.5]	[4.625..4.625]	[716331.1..716331.1]	[0.5..0.5]	[0.5..0.5]	[4.625..4.625]	[716331.1..716331.1]	[0.5..0.5]	[0.5..0.5]	0.75972176	[544212.3..544212.3]
Group-1	PC 44:12:0	327.23	20180509_PC_brain_01.mzXML	35.0	50191.1	44748.6	0.8915644	[4.0..4.0]	[0.5..0.5]	[12.705..12.705]	[637677.94..637677.94]	[0.5..0.5]	[0.5..0.5]	[12.705..12.705]	[637677.94..637677.94]	[0.5..0.5]	[0.5..0.5]	0.75972176	[484457.8..484457.8]
Group-1	PC 24:0:0	199.17	20180509_PC_brain_02.mzXML	25.0	683698.8	0.0	0.0	[0.0..0.0]	[0.5..0.5]	[1.101..1.101]	[752752.4..752752.4]	[0.5..0.5]	[0.5..0.5]	[1.101..1.101]	[752752.4..752752.4]	[0.5..0.5]	[0.5..0.5]	1.004296	[755986.1..755986.1]
Group-1	PC 24:0:0	199.17	20180509_PC_brain_02.mzXML	30.0	737627.8	0.0	0.0	[0.0..0.0]	[0.5..0.5]	[1.156..1.156]	[852697.75..852697.75]	[0.5..0.5]	[0.5..0.5]	[1.156..1.156]	[852697.75..852697.75]	[0.5..0.5]	[0.5..0.5]	1.004296	[856360.94..856360.94]
Group-1	PC 24:0:0	199.17	20180509_PC_brain_02.mzXML	35.0	707781.1	0.0	0.0	[0.0..0.0]	[0.5..0.5]	[1.179..1.179]	[834473.94..834473.94]	[0.5..0.5]	[0.5..0.5]	[1.179..1.179]	[834473.94..834473.94]	[0.5..0.5]	[0.5..0.5]	1.004296	[838058.8..838058.8]
Group-1	PC 25:0:0	199.17	20180509_PC_brain_02.mzXML	25.0	189069.6	0.0	0.0	[0.0..0.0]	[0.0..1.0]	[1.088..1.096]	[205707.73..207220.27]	[0.268..0.268]	[0.0..0.0]	[1.088..1.088]	[205707.73..205707.73]	[0.266..0.266]	[0.0..0.0]	0.98652405	[202935.62..204427.78]
Group-1	PC 25:0:0	199.17	20180509_PC_brain_02.mzXML	30.0	216833.2	0.0	0.0	[0.0..0.0]	[0.0..1.0]	[1.149..1.152]	[249141.36..249791.84]	[0.287..0.288]	[0.0..0.0]	[1.149..1.149]	[249141.36..249141.36]	[0.287..0.287]	[0.0..0.0]	0.98652405	[245783.95..246425.66]
Group-1	PC 25:0:0	199.17	20180509_PC_brain_02.mzXML	35.0	204238.3	0.0	0.0	[0.0..0.0]	[0.0..1.0]	[1.172..1.175]	[239367.3..239979.98]	[0.297..0.297]	[0.0..0.0]	[1.172..1.172]	[239367.3..239367.3]	[0.297..0.297]	[0.0..0.0]	0.98652405	[236141.58..236746.02]
Group-1	PC 25:0:0	213.18	20180509_PC_brain_02.mzXML	25.0	530974.4	0.0	0.0	[0.0..0.0]	[0.0..1.0]	[1.058..1.068]	[561770.9..567080.6]	[0.732..0.732]	[1.0..1.0]	[1.068..1.068]	[567080.6..567080.6]	[0.734..0.734]	[1.0..1.0]	0.98652405	[554200.5..559438.7]
Group-1	PC 25:0:0	213.18	20180509_PC_brain_02.mzXML	30.0	559709.6	0.0	0.0	[0.0..0.0]	[0.0..1.0]	[1.102..1.108]	[616800.0..620158.3]	[0.712..0.713]	[1.0..1.0]	[1.108..1.108]	[620158.3..620158.3]	[0.713..0.713]	[1.0..1.0]	0.98652405	[608488.06..611801.06]
Group-1	PC 25:0:0	213.18	20180509_PC_brain_02.mzXML	35.0	504818.1	0.0	0.0	[0.0..0.0]	[0.0..1.0]	[1.12..1.124]	[565396.25..567415.5]	[0.703..0.703]	[1.0..1.0]	[1.124..1.124]	[567415.5..567415.5]	[0.703..0.703]	[1.0..1.0]	0.98652405	[557777.0..559769.06]
Group-1	PC 30:0:0	227.2	20180509_PC_brain_02.mzXML	25.0	7044.3	0.0	0.0	[0.0..0.0]	[0.0..1.0]	[1.033..1.042]	[7276.762..7340.161]	[0.478..0.48]	[0.38..0.45]	[1.036..1.037]	[7297.8945..7304.9385]	[0.478..0.479]	[0.381..0.45]	0.9069271	[6599.4927..6656.9907]
Group-1	PC 30:0:0	227.2	20180509_PC_brain_02.mzXML	30.0	7884.5	0.0	0.0	[0.0..0.0]	[0.0..1.0]	[1.062..1.068]	[8373.339..8420.646]	[0.454..0.456]	[0.38..0.45]	[1.064..1.065]	[8389.108..8396.993]	[0.455..0.455]	[0.381..0.45]	0.9069271	[7594.009..7636.912]
Group-1	PC 30:0:0	227.2	20180509_PC_brain_02.mzXML	35.0	7595.3	0.0	0.0	[0.0..0.0]	[0.0..1.0]	[1.074..1.078]	[8157.352..8187.733]	[0.467..0.468]	[0.38..0.45]	[1.076..1.076]	[8172.5425..8172.5425]	[0.468..0.468]	[0.381..0.45]	0.9069271	[7398.1235..7425.677]
Group-1	PC 30:0:0	255.23	20180509_PC_brain_02.mzXML	25.0	7954.9	0.0	0.0	[0.0..0.0]	[0.0..1.0]	[1.0..1.0]	[7954.9..7954.9]	[0.52..0.522]	[0.55..0.62]	[1.0..1.0]	[7954.9..7954.9]	[0.521..0.522]	[0.55..0.619]	0.9069271	[7214.514..7214.514]
Group-1	PC 30:0:0	255.23	20180509_PC_brain_02.mzXML	30.0	10052.1	0.0	0.0	[0.0..0.0]	[0.0..1.0]	[1.0..1.0]	[10052.1..10052.1]	[0.544..0.546]	[0.55..0.62]	[1.0..1.0]	[10052.1..10052.1]	[0.545..0.545]	[0.55..0.619]	0.9069271	[9116.521..9116.521]
Group-1	PC 30:0:0	255.23	20180509_PC_brain_02.mzXML	35.0	9308.7	0.0	0.0	[0.0..0.0]	[0.0..1.0]	[1.0..1.0]	[9308.7..9308.7]	[0.532..0.533]	[0.55..0.62]	[1.0..1.0]	[9308.7..9308.7]	[0.532..0.532]	[0.55..0.619]	0.9069271	[8442.3125..8442.3125]
Group-1	PC 32:0:0	227.2	20180509_PC_brain_02.mzXML	25.0	1162.2	0.0	0.0	[0.0..0.0]	[0.0..1.0]	[1.033..1.042]	[1200.553..1211.013]	[0.749..0.751]	[1.0..1.0]	[1.042..1.042]	[1211.0125..1211.0125]	[0.753..0.753]	[0.996..1.0]	0.87883294	[1055.0851..1064.2776]
Group-1	PC 32:0:0	227.2	20180509_PC_brain_02.mzXML	30.0	1348.6	0.0	0.0	[0.0..0.0]	[0.0..1.0]	[1.062..1.068]	[1432.213..1440.305]	[0.692..0.694]	[1.0..1.0]	[1.068..1.068]	[1440.3047..1440.3047]	[0.695..0.695]	[0.996..1.0]	0.87883294	[1258.6761..1265.7872]
Group-1	PC 32:0:0	227.2	20180509_PC_brain_02.mzXML	35.0	1564.5	0.0	0.0	[0.0..0.0]	[0.0..1.0]	[1.074..1.078]	[1680.273..1686.531]	[0.716..0.717]	[1.0..1.0]	[1.078..1.078]	[1686.5309..1686.5309]	[0.717..0.717]	[0.996..1.0]	0.87883294	[1476.6792..1482.1788]
Group-1	PC 32:0:0	255.23	20180509_PC_brain_02.mzXML	25.0	154423.4	0.0	0.0	[0.0..0.0]	[0.5..0.5]	[1.0..1.0]	[154423.4..154423.4]	[0.5..0.5]	[0.5..0.5]	[1.0..1.0]	[154423.4..154423.4]	[0.5..0.5]	[0.5..0.5]	0.87883294	[135712.38..135712.38]
Group-1	PC 32:0:0	255.23	20180509_PC_brain_02.mzXML	30.0	191949.6	0.0	0.0	[0.0..0.0]	[0.5..0.5]	[1.0..1.0]	[191949.6..191949.6]	[0.5..0.5]	[0.5..0.5]	[1.0..1.0]	[191949.6..191949.6]	[0.5..0.5]	[0.5..0.5]	0.87883294	[168691.62..168691.62]
Group-1	PC 32:0:0	255.23	20180509_PC_brain_02.mzXML	35.0	178363.7	0.0	0.0	[0.0..0.0]	[0.5..0.5]	[1.0..1.0]	[178363.7..178363.7]	[0.5..0.5]	[0.5..0.5]	[1.0..1.0]	[178363.7..178363.7]	[0.5..0.5]	[0.5..0.5]	0.87883294	[156751.89..156751.89]
Group-1	PC 32:0:0	283.26	20180509_PC_brain_02.mzXML	25.0	411.3	0.0	0.0	[0.0..0.0]	[0.0..1.0]	[0.968..0.988]	[398.138..406.364]	[0.249..0.251]	[0.0..0.0]	[0.968..0.968]	[398.1384..398.1384]	[0.247..0.247]	[0.0..0.004]	0.87883294	[349.89713..357.1264]
Group-1	PC 32:0:0	283.26	20180509_PC_brain_02.mzXML	30.0	669.5	0.0	0.0	[0.0..0.0]	[0.0..1.0]	[0.945..0.958]	[632.678..641.381]	[0.306..0.308]	[0.0..0.0]	[0.945..0.945]	[632.6775..632.6775]	[0.305..0.305]	[0.0..0.004]	0.87883294	[556.0178..563.66675]
Group-1	PC 32:0:0	283.26	20180509_PC_brain_02.mzXML	35.0	709.4	0.0	0.0	[0.0..0.0]	[0.0..1.0]	[0.937..0.945]	[664.708..670.383]	[0.283..0.284]	[0.0..0.0]	[0.937..0.937]	[664.7078..664.7078]	[0.283..0.283]	[0.0..0.004]	0.87883294	[584.1671..589.15466]
Group-1	PC 32:1:0	227.2	20180509_PC_brain_02.mzXML	25.0	4456.2	0.0	0.0	[0.0..0.0]	[0.0..0.0]	[1.042..1.042]	[4643.361..4643.361]	[0.452..0.452]	[0.38..0.43]	[1.042..1.042]	[4643.361..4643.361]	[0.452..0.452]	[0.38..0.428]	0.88078475	[4089.8013..4089.8013]
Group-1	PC 32:1:0	227.2	20180509_PC_brain_02.mzXML	30.0	5012.2	0.0	0.0	[0.0..0.0]	[0.0..0.0]	[1.068..1.068]	[5353.03..5353.03]	[0.472..0.472]	[0.38..0.43]	[1.068..1.068]	[5353.03..5353.03]	[0.472..0.472]	[0.38..0.428]	0.88078475	[4714.8667..4714.8667]
Group-1	PC 32:1:0	227.2	20180509_PC_brain_02.mzXML	35.0	4761.6	0.0	0.0	[0.0..0.0]	[0.0..0.0]	[1.078..1.078]	[5133.005..5133.005]	[0.472..0.472]	[0.38..0.43]	[1.078..1.078]	[5133.005..5133.005]	[0.472..0.472]	[0.38..0.428]	0.88078475	[4521.0723..4521.0723]
Group-1	PC 32:1:0	253.22	20180509_PC_brain_02.mzXML	25.0	109817.7	0.0	0.0	[9.0..9.0]	[0.0..1.0]	[0.901..0.981]	[98945.75..107731.17]	[0.562..0.583]	[0.61..0.71]	[0.95..0.958]	[104326.82..105205.36]	[0.575..0.577]	[0.609..0.707]	0.88078475	[87149.91..94887.97]
Group-1	PC 32:1:0	253.22	20180509_PC_brain_02.mzXML	30.0	111701.7	0.0	0.0	[9.0..9.0]	[0.0..1.0]	[0.912..0.97]	[101871.95..108350.66]	[0.545..0.56]	[0.61..0.71]	[0.947..0.953]	[105781.516..106451.73]	[0.554..0.556]	[0.609..0.707]	0.88078475	[89727.266..95433.6]
Group-1	PC 32:1:0	253.22	20180509_PC_brain_02.mzXML	35.0	102185.2	0.0	0.0	[9.0..9.0]	[0.0..1.0]	[0.936..0.967]	[95645.35..98813.09]	[0.541..0.549]	[0.61..0.71]	[0.955..0.958]	[97586.87..97893.42]	[0.546..0.546]	[0.609..0.707]	0.88078475	[84242.97..87033.07]
Group-1	PC 32:1:0	255.23	20180509_PC_brain_02.mzXML	25.0	76970.1	0.0	0.0	[0.0..0.0]	[0.0..1.0]	[1.0..1.0]	[76970.1..76970.1]	[0.417..0.438]	[0.29..0.39]	[1.0..1.0]	[76970.1..76970.1]	[0.423..0.425]	[0.293..0.391]	0.88078475	[67794.09..67794.09]
Group-1	PC 32:1:0	255.23	20180509_PC_brain_02.mzXML	30.0	85019.4	0.0	0.0	[0.0..0.0]	[0.0..1.0]	[1.0..1.0]	[85019.4..85019.4]	[0.44..0.455]	[0.29..0.39]	[1.0..1.0]	[85019.4..85019.4]	[0.444..0.446]	[0.293..0.391]	0.88078475	[74883.79..74883.79]
Group-1	PC 32:1:0	255.23	20180509_PC_brain_02.mzXML	35.0	81239.4	0.0	0.0	[0.0..0.0]	[0.0..1.0]	[1.0..1.0]	[81239.4..81239.4]	[0.451..0.459]	[0.29..0.39]	[1.0..1.0]	[81239.4..81239.4]	[0.454..0.454]	[0.293..0.391]	0.88078475	[71554.42..71554.42]
Group-1	PC 32:1:0	281.25	20180509_PC_brain_02.mzXML	25.0	5847.3	0.0	0.0	[9.0..9.0]	[1.0..1.0]	[0.964..0.964]	[5636.797..5636.797]	[0.548..0.548]	[0.57..0.62]	[0.964..0.964]	[5636.797..5636.797]	[0.548..0.548]	[0.572..0.62]	0.88078475	[4964.8047..4964.8047]
Group-1	PC 32:1:0	281.25	20180509_PC_brain_02.mzXML	30.0	6466.3	0.0	0.0	[9.0..9.0]	[1.0..1.0]	[0.926..0.926]	[5987.794..5987.794]	[0.528..0.528]	[0.57..0.62]	[0.926..0.926]	[5987.7935..5987.7935]	[0.528..0.528]	[0.572..0.62]	0.88078475	[5273.9575..5273.9575]
Group-1	PC 32:1:0	281.25	20180509_PC_brain_02.mzXML	35.0	6277.7	0.0	0.0	[9.0..9.0]	[1.0..1.0]	[0.913..0.913]	[5731.54..5731.54]	[0.528..0.528]	[0.57..0.62]	[0.913..0.913]	[5731.54..5731.54]	[0.528..0.528]	[0.572..0.62]	0.88078475	[5048.2534..5048.2534]
Group-1	PC 32:2:0	253.22	20180509_PC_brain_02.mzXML	25.0	3052.8	0.0	0.0	[9.0..9.0]	[0.5..0.5]	[0.905..0.905]	[2762.784..2762.784]	[0.5..0.5]	[0.5..0.5]	[0.905..0.905]	[2762.784..2762.784]	[0.5..0.5]	[0.5..0.5]	0.8827558	[2438.8635..2438.8635]
Group-1	PC 32:2:0	253.22	20180509_PC_brain_02.mzXML	30.0	3579.2	0.0	0.0	[9.0..9.0]	[0.5..0.5]	[0.907..0.907]	[3246.335..3246.335]	[0.5..0.5]	[0.5..0.5]	[0.907..0.907]	[3246.3345..3246.3345]	[0.5..0.5]	[0.5..0.5]	0.8827558	[2865.7205..2865.7205]
Group-1	PC 32:2:0	253.22	20180509_PC_brain_02.mzXML	35.0	3287.8	0.0	0.0	[9.0..9.0]	[0.5..0.5]	[0.911..0.911]	[2995.186..2995.186]	[0.5..0.5]	[0.5..0.5]	[0.911..0.911]	[2995.1858..2995.1858]	[0.5..0.5]	[0.5..0.5]	0.8827558	[2644.0178..2644.0178]
Group-1	PC 34:1:0	253.22	20180509_PC_brain_02.mzXML	25.0	32723.1	0.0	0.0	[9.0..9.0]	[0.0..1.0]	[0.901..0.981]	[29483.514..32101.361]	[0.835..0.843]	[1.0..1.0]	[0.981..0.981]	[32101.361..32101.361]	[0.846..0.846]	[1.0..1.0]	0.854385	[25190.273..27426.922]
Group-1	PC 34:1:0	253.22	20180509_PC_brain_02.mzXML	30.0	37758.9	0.0	0.0	[9.0..9.0]	[0.0..1.0]	[0.912..0.97]	[34436.117..36626.133]	[0.699..0.709]	[1.0..1.0]	[0.97..0.97]	[36626.133..36626.133]	[0.711..0.711]	[1.0..1.0]	0.854385	[29421.701..31292.818]
Group-1	PC 34:1:0	253.22	20180509_PC_brain_02.mzXML	35.0	31447.2	0.0	0.0	[9.0..9.0]	[0.0..1.0]	[0.936..0.967]	[29434.578..30409.441]	[0.698..0.703]	[1.0..1.0]	[0.967..0.967]	[30409.441..30409.441]	[0.705..0.705]	[1.0..1.0]	0.854385	[25148.463..25981.371]
Group-1	PC 34:1:0	255.23	20180509_PC_brain_02.mzXML	25.0	900145.3	0.0	0.0	[0.0..0.0]	[0.0..0.0]	[1.0..1.0]	[900145.4..900145.4]	[0.367..0.367]	[0.17..0.2]	[1.0..1.0]	[900145.3..900145.3]	[0.367..0.367]	[0.169..0.201]	0.854385	[769070.7..769070.7]
Group-1	PC 34:1:0	255.23	20180509_PC_brain_02.mzXML	30.0	1062348.0	0.0	0.0	[0.0..0.0]	[0.0..0.0]	[1.0..1.0]	[1062348.0..1062348.0]	[0.378..0.378]	[0.17..0.2]	[1.0..1.0]	[1062348.0..1062348.0]	[0.378..0.378]	[0.169..0.201]	0.854385	[907654.2..907654.2]
Group-1	PC 34:1:0	255.23	20180509_PC_brain_02.mzXML	35.0	966175.6	0.0	0.0	[0.0..0.0]	[0.0..0.0]	[1.0..1.0]	[966175.6..966175.6]	[0.388..0.388]	[0.17..0.2]	[1.0..1.0]	[966175.6..966175.6]	[0.388..0.388]	[0.169..0.201]	0.854385	[825486.0..825486.0]
Group-1	PC 34:1:0	281.25	20180509_PC_brain_02.mzXML	25.0	1609947.2	0.0	0.0	[9.0..9.0]	[1.0..1.0]	[0.964..0.964]	[1551989.1..1551989.1]	[0.633..0.633]	[0.8..0.83]	[0.964..0.964]	[1551989.1..1551989.1]	[0.633..0.633]	[0.799..0.831]	0.854385	[1325996.2..1325996.2]
Group-1	PC 34:1:0	281.25	20180509_PC_brain_02.mzXML	30.0	1886240.6	0.0	0.0	[9.0..9.0]	[1.0..1.0]	[0.926..0.926]	[1746658.9..1746658.9]	[0.622..0.622]	[0.8..0.83]	[0.926..0.926]	[1746658.9..1746658.9]	[0.622..0.622]	[0.799..0.831]	0.854385	[1492319.1..1492319.1]
Group-1	PC 34:1:0	281.25	20180509_PC_brain_02.mzXML	35.0	1667952.2	0.0	0.0	[9.0..9.0]	[1.0..1.0]	[0.913..0.913]	[1522840.4..1522840.4]	[0.612..0.612]	[0.8..0.83]	[0.913..0.913]	[1522840.4..1522840.4]	[0.612..0.612]	[0.799..0.831]	0.854385	[1301092.0..1301092.0]
Group-1	PC 34:1:0	283.26	20180509_PC_brain_02.mzXML	25.0	6033.5	0.0	0.0	[0.0..0.0]	[0.0..1.0]	[0.968..0.988]	[5840.428..5961.098]	[0.157..0.165]	[0.0..0.0]	[0.968..0.968]	[5840.4277..5840.4277]	[0.154..0.154]	[0.0..0.0]	0.854385	[4989.974..5093.0728]
Group-1	PC 34:1:0	283.26	20180509_PC_brain_02.mzXML	30.0	15725.7	0.0	0.0	[0.0..0.0]	[0.0..1.0]	[0.945..0.958]	[14860.786..15065.221]	[0.291..0.301]	[0.0..0.0]	[0.945..0.945]	[14860.786..14860.786]	[0.289..0.289]	[0.0..0.0]	0.854385	[12696.833..12871.499]
Group-1	PC 34:1:0	283.26	20180509_PC_brain_02.mzXML	35.0	13587.3	0.0	0.0	[0.0..0.0]	[0.0..1.0]	[0.937..0.945]	[12731.3..12839.998]	[0.297..0.302]	[0.0..0.0]	[0.937..0.937]	[12731.3..12731.3]	[0.295..0.295]	[0.0..0.0]	0.854385	[10877.432..10970.302]
Group-1	PC 34:2:0	253.22	20180509_PC_brain_02.mzXML	25.0	23795.5	0.0	0.0	[9.0..9.0]	[0.0..0.0]	[0.901..0.901]	[21439.746..21439.746]	[0.474..0.474]	[0.43..0.44]	[0.901..0.901]	[21439.746..21439.746]	[0.474..0.474]	[0.428..0.435]	0.8562302	[18357.357..18357.357]
Group-1	PC 34:2:0	253.22	20180509_PC_brain_02.mzXML	30.0	26174.6	0.0	0.0	[9.0..9.0]	[0.0..0.0]	[0.912..0.912]	[23871.234..23871.234]	[0.473..0.473]	[0.43..0.44]	[0.912..0.912]	[23871.234..23871.234]	[0.473..0.473]	[0.428..0.435]	0.8562302	[20439.271..20439.271]
Group-1	PC 34:2:0	253.22	20180509_PC_brain_02.mzXML	35.0	22985.6	0.0	0.0	[9.0..9.0]	[0.0..0.0]	[0.936..0.936]	[21514.521..21514.521]	[0.473..0.473]	[0.43..0.44]	[0.936..0.936]	[21514.521..21514.521]	[0.473..0.473]	[0.428..0.435]	0.8562302	[18421.383..18421.383]
Group-1	PC 34:2:0	255.23	20180509_PC_brain_02.mzXML	25.0	27695.8	0.0	0.0	[0.0..0.0]	[0.0..0.0]	[1.0..1.0]	[27695.8..27695.8]	[0.423..0.423]	[0.31..0.38]	[1.0..1.0]	[27695.8..27695.8]	[0.423..0.423]	[0.308..0.376]	0.8562302	[23713.98..23713.98]
Group-1	PC 34:2:0	255.23	20180509_PC_brain_02.mzXML	30.0	32775.5	0.0	0.0	[0.0..0.0]	[0.0..0.0]	[1.0..1.0]	[32775.5..32775.5]	[0.452..0.452]	[0.31..0.38]	[1.0..1.0]	[32775.5..32775.5]	[0.452..0.452]	[0.308..0.376]	0.8562302	[28063.373..28063.373]
Group-1	PC 34:2:0	255.23	20180509_PC_brain_02.mzXML	35.0	30045.4	0.0	0.0	[0.0..0.0]	[0.0..0.0]	[1.0..1.0]	[30045.4..30045.4]	[0.449..0.449]	[0.31..0.38]	[1.0..1.0]	[30045.4..30045.4]	[0.449..0.449]	[0.308..0.376]	0.8562302	[25725.78..25725.78]
Group-1	PC 34:2:0	279.23	20180509_PC_brain_02.mzXML	25.0	39470.3	0.0	0.0	[9.0..9.0]	[1.0..1.0]	[0.957..0.957]	[37773.08..37773.08]	[0.577..0.577]	[0.62..0.69]	[0.957..0.957]	[37773.08..37773.08]	[0.577..0.577]	[0.624..0.692]	0.8562302	[32342.451..32342.451]
Group-1	PC 34:2:0	279.23	20180509_PC_brain_02.mzXML	30.0	41793.7	0.0	0.0	[9.0..9.0]	[1.0..1.0]	[0.952..0.952]	[39787.6..39787.6]	[0.548..0.548]	[0.62..0.69]	[0.952..0.952]	[39787.6..39787.6]	[0.548..0.548]	[0.624..0.692]	0.8562302	[34067.348..34067.348]
Group-1	PC 34:2:0	279.23	20180509_PC_brain_02.mzXML	35.0	37120.4	0.0	0.0	[9.0..9.0]	[1.0..1.0]	[0.994..0.994]	[36897.676..36897.676]	[0.551..0.551]	[0.62..0.69]	[0.994..0.994]	[36897.676..36897.676]	[0.551..0.551]	[0.624..0.692]	0.8562302	[31592.904..31592.904]
Group-1	PC 34:2:0	281.25	20180509_PC_brain_02.mzXML	25.0	24707.9	0.0	0.0	[9.0..9.0]	[1.0..1.0]	[0.964..0.964]	[23818.416..23818.416]	[0.526..0.526]	[0.56..0.57]	[0.964..0.964]	[23818.416..23818.416]	[0.526..0.526]	[0.565..0.572]	0.8562302	[20394.047..20394.047]
Group-1	PC 34:2:0	281.25	20180509_PC_brain_02.mzXML	30.0	28720.0	0.0	0.0	[9.0..9.0]	[1.0..1.0]	[0.926..0.926]	[26594.72..26594.72]	[0.527..0.527]	[0.56..0.57]	[0.926..0.926]	[26594.72..26594.72]	[0.527..0.527]	[0.565..0.572]	0.8562302	[22771.203..22771.203]
Group-1	PC 34:2:0	281.25	20180509_PC_brain_02.mzXML	35.0	26277.3	0.0	0.0	[9.0..9.0]	[1.0..1.0]	[0.913..0.913]	[23991.176..23991.176]	[0.527..0.527]	[0.56..0.57]	[0.913..0.913]	[23991.176..23991.176]	[0.527..0.527]	[0.565..0.572]	0.8562302	[20541.969..20541.969]
Group-1	PC 34:3:0	253.22	20180509_PC_brain_02.mzXML	25.0	839.3	0.0	0.0	[9.0..9.0]	[0.0..0.0]	[0.901..0.901]	[756.209..756.209]	[1.0..1.0]	[0.51..1.0]	[0.901..0.901]	[756.2093..756.2093]	[1.0..1.0]	[0.511..1.0]	0.85807484	[648.88416..648.88416]
Group-1	PC 34:3:0	253.22	20180509_PC_brain_02.mzXML	30.0	797.3	0.0	0.0	[9.0..9.0]	[1.0..1.0]	[0.97..0.97]	[773.381..773.381]	[0.562..0.562]	[0.51..1.0]	[0.97..0.97]	[773.381..773.381]	[0.562..0.562]	[0.511..1.0]	0.85807484	[663.6188..663.6188]
Group-1	PC 34:3:0	253.22	20180509_PC_brain_02.mzXML	35.0	735.6	0.0	0.0	[9.0..9.0]	[0.0..1.0]	[0.936..0.967]	[688.522..711.325]	[0.504..0.507]	[0.51..1.0]	[0.952..0.967]	[700.2912..711.3252]	[0.51..0.511]	[0.511..1.0]	0.85807484	[590.80304..610.37024]
Group-1	PC 34:3:0	255.23	20180509_PC_brain_02.mzXML	25.0	1316.7	0.0	0.0	[0.0..0.0]	[0.0..1.0]	[1.0..1.0]	[1316.7..1316.7]	[0.386..0.415]	[0.11..0.29]	[1.0..1.0]	[1316.7..1316.7]	[0.399..0.421]	[0.113..0.288]	0.85807484	[1129.8271..1129.8271]
Group-1	PC 34:3:0	255.23	20180509_PC_brain_02.mzXML	30.0	1533.8	0.0	0.0	[0.0..0.0]	[0.0..1.0]	[1.0..1.0]	[1533.8..1533.8]	[0.36..0.405]	[0.11..0.29]	[1.0..1.0]	[1533.8..1533.8]	[0.369..0.406]	[0.113..0.288]	0.85807484	[1316.1152..1316.1152]
Group-1	PC 34:3:0	255.23	20180509_PC_brain_02.mzXML	35.0	1095.0	0.0	0.0	[0.0..0.0]	[0.0..0.0]	[1.0..1.0]	[1095.0..1095.0]	[0.355..0.402]	[0.11..0.29]	[1.0..1.0]	[1095.0..1095.0]	[0.36..0.413]	[0.113..0.288]	0.85807484	[939.592..939.592]
Group-1	PC 34:3:0	277.22	20180509_PC_brain_02.mzXML	25.0	1975.5	0.0	0.0	[6.0..9.0]	[0.0..1.0]	[0.938..1.061]	[1853.019..2096.005]	[0.585..0.614]	[0.71..0.89]	[0.915..1.005]	[1807.5825..1985.3774]	[0.579..0.601]	[0.712..0.887]	0.85807484	[1590.029..1798.5295]
Group-1	PC 34:3:0	277.22	20180509_PC_brain_02.mzXML	30.0	2195.8	0.0	0.0	[6.0..9.0]	[0.0..1.0]	[1.028..1.242]	[2257.283..2727.184]	[0.595..0.64]	[0.71..0.89]	[1.023..1.197]	[2246.3035..2628.3728]	[0.594..0.631]	[0.712..0.887]	0.85807484	[1936.9172..2340.1277]
Group-1	PC 34:3:0	277.22	20180509_PC_brain_02.mzXML	35.0	1267.3	0.0	0.0	[6.0..9.0]	[1.0..1.0]	[1.286..1.572]	[1629.748..1992.196]	[0.598..0.645]	[0.71..0.89]	[1.227..1.539]	[1554.9772..1950.3749]	[0.587..0.64]	[0.712..0.887]	0.85807484	[1398.4456..1709.4529]
Group-1	PC 34:3:0	279.23	20180509_PC_brain_02.mzXML	25.0	0.0	0.0	0.0	[9.0..9.0]	[1.0..1.0]	[0.957..0.957]	[0.0..0.0]	[0.0..0.0]	[0.0..0.49]	[0.957..0.957]	[0.0..0.0]	[0.0..0.0]	[0.0..0.489]	0.85807484	[0.0..0.0]
Group-1	PC 34:3:0	279.23	20180509_PC_brain_02.mzXML	30.0	681.5	0.0	0.0	[9.0..9.0]	[0.0..0.0]	[0.883..0.883]	[601.765..601.765]	[0.438..0.438]	[0.0..0.49]	[0.883..0.883]	[601.7645..601.7645]	[0.438..0.438]	[0.0..0.489]	0.85807484	[516.359..516.359]
Group-1	PC 34:3:0	279.23	20180509_PC_brain_02.mzXML	35.0	703.5	0.0	0.0	[9.0..9.0]	[0.0..1.0]	[0.951..0.994]	[669.029..699.279]	[0.493..0.496]	[0.0..0.49]	[0.951..0.972]	[669.0285..683.802]	[0.489..0.49]	[0.0..0.489]	0.85807484	[574.0765..600.0337]
Group-1	PC 36:1:0	255.23	20180509_PC_brain_02.mzXML	25.0	40665.7	0.0	0.0	[0.0..0.0]	[0.0..0.0]	[1.0..1.0]	[40665.7..40665.7]	[0.559..0.559]	[0.62..0.66]	[1.0..1.0]	[40665.7..40665.7]	[0.559..0.559]	[0.621..0.66]	0.8296408	[33737.92..33737.92]
Group-1	PC 36:1:0	255.23	20180509_PC_brain_02.mzXML	30.0	46552.2	0.0	0.0	[0.0..0.0]	[0.0..0.0]	[1.0..1.0]	[46552.2..46552.2]	[0.547..0.547]	[0.62..0.66]	[1.0..1.0]	[46552.2..46552.2]	[0.547..0.547]	[0.621..0.66]	0.8296408	[38621.605..38621.605]
Group-1	PC 36:1:0	255.23	20180509_PC_brain_02.mzXML	35.0	46564.0	0.0	0.0	[0.0..0.0]	[0.0..0.0]	[1.0..1.0]	[46564.0..46564.0]	[0.56..0.56]	[0.62..0.66]	[1.0..1.0]	[46564.0..46564.0]	[0.56..0.56]	[0.621..0.66]	0.8296408	[38631.395..38631.395]
Group-1	PC 36:1:0	281.25	20180509_PC_brain_02.mzXML	25.0	859103.6	0.0	0.0	[9.0..9.0]	[0.0..1.0]	[0.869..0.964]	[746561.06..828175.9]	[0.74..0.755]	[1.0..1.0]	[0.964..0.964]	[828175.9..828175.9]	[0.759..0.759]	[1.0..1.0]	0.8296408	[619377.56..687088.5]
Group-1	PC 36:1:0	281.25	20180509_PC_brain_02.mzXML	30.0	1046097.4	0.0	0.0	[9.0..9.0]	[0.0..1.0]	[0.855..0.926]	[894413.25..968686.2]	[0.722..0.735]	[1.0..1.0]	[0.926..0.926]	[968686.2..968686.2]	[0.738..0.738]	[1.0..1.0]	0.8296408	[742041.75..803661.56]
Group-1	PC 36:1:0	281.25	20180509_PC_brain_02.mzXML	35.0	1009670.2	0.0	0.0	[9.0..9.0]	[0.0..1.0]	[0.868..0.913]	[876393.7..921828.9]	[0.714..0.723]	[1.0..1.0]	[0.913..0.913]	[921828.9..921828.9]	[0.725..0.725]	[1.0..1.0]	0.8296408	[727091.94..764786.8]
Group-1	PC 36:1:0	283.26	20180509_PC_brain_02.mzXML	25.0	271472.6	0.0	0.0	[0.0..0.0]	[0.0..1.0]	[0.968..0.988]	[262785.47..268214.9]	[0.245..0.26]	[0.0..0.0]	[0.968..0.968]	[262785.47..262785.47]	[0.241..0.241]	[0.0..0.0]	0.8296408	[218017.55..222522.03]
Group-1	PC 36:1:0	283.26	20180509_PC_brain_02.mzXML	30.0	363780.5	0.0	0.0	[0.0..0.0]	[0.0..1.0]	[0.945..0.958]	[343772.56..348501.72]	[0.265..0.278]	[0.0..0.0]	[0.945..0.945]	[343772.56..343772.56]	[0.262..0.262]	[0.0..0.0]	0.8296408	[285207.75..289131.25]
Group-1	PC 36:1:0	283.26	20180509_PC_brain_02.mzXML	35.0	373829.9	0.0	0.0	[0.0..0.0]	[0.0..1.0]	[0.937..0.945]	[350278.62..353269.25]	[0.277..0.286]	[0.0..0.0]	[0.937..0.937]	[350278.62..350278.62]	[0.275..0.275]	[0.0..0.0]	0.8296408	[290605.4..293086.6]
Group-1	PC 36:1:0	309.28	20180509_PC_brain_02.mzXML	25.0	33360.3	0.0	0.0	[11.0..11.0]	[1.0..1.0]	[0.963..0.963]	[32125.969..32125.969]	[0.441..0.441]	[0.34..0.38]	[0.963..0.963]	[32125.969..32125.969]	[0.441..0.441]	[0.34..0.379]	0.8296408	[26653.016..26653.016]
Group-1	PC 36:1:0	309.28	20180509_PC_brain_02.mzXML	30.0	43087.4	0.0	0.0	[11.0..11.0]	[1.0..1.0]	[0.894..0.894]	[38520.133..38520.133]	[0.453..0.453]	[0.34..0.38]	[0.894..0.894]	[38520.133..38520.133]	[0.453..0.453]	[0.34..0.379]	0.8296408	[31957.873..31957.873]
Group-1	PC 36:1:0	309.28	20180509_PC_brain_02.mzXML	35.0	42547.0	0.0	0.0	[11.0..11.0]	[1.0..1.0]	[0.861..0.861]	[36632.97..36632.97]	[0.44..0.44]	[0.34..0.38]	[0.861..0.861]	[36632.97..36632.97]	[0.44..0.44]	[0.34..0.379]	0.8296408	[30392.203..30392.203]
Group-1	PC 36:2:0	253.22	20180509_PC_brain_02.mzXML	25.0	2283.1	0.0	0.0	[9.0..9.0]	[0.0..0.0]	[0.901..0.901]	[2057.073..2057.073]	[0.54..0.54]	[0.6..0.76]	[0.901..0.901]	[2057.0732..2057.0732]	[0.54..0.54]	[0.6..0.761]	0.8313721	[1710.1932..1710.1932]
Group-1	PC 36:2:0	253.22	20180509_PC_brain_02.mzXML	30.0	2808.9	0.0	0.0	[9.0..9.0]	[0.0..0.0]	[0.912..0.912]	[2561.717..2561.717]	[0.601..0.601]	[0.6..0.76]	[0.912..0.912]	[2561.7168..2561.7168]	[0.601..0.601]	[0.6..0.761]	0.8313721	[2129.7397..2129.7397]
Group-1	PC 36:2:0	253.22	20180509_PC_brain_02.mzXML	35.0	2006.4	0.0	0.0	[9.0..9.0]	[0.0..0.0]	[0.936..0.936]	[1877.99..1877.99]	[0.565..0.565]	[0.6..0.76]	[0.936..0.936]	[1877.9904..1877.9904]	[0.565..0.565]	[0.6..0.761]	0.8313721	[1561.3087..1561.3087]
Group-1	PC 36:2:0	255.23	20180509_PC_brain_02.mzXML	25.0	13111.7	0.0	0.0	[0.0..0.0]	[0.0..0.0]	[1.0..1.0]	[13111.7..13111.7]	[0.524..0.524]	[0.56..0.67]	[1.0..1.0]	[13111.7..13111.7]	[0.524..0.524]	[0.56..0.668]	0.8313721	[10900.701..10900.701]
Group-1	PC 36:2:0	255.23	20180509_PC_brain_02.mzXML	30.0	16509.0	0.0	0.0	[0.0..0.0]	[0.0..0.0]	[1.0..1.0]	[16509.0..16509.0]	[0.565..0.565]	[0.56..0.67]	[1.0..1.0]	[16509.0..16509.0]	[0.565..0.565]	[0.56..0.668]	0.8313721	[13725.122..13725.122]
Group-1	PC 36:2:0	255.23	20180509_PC_brain_02.mzXML	35.0	14843.8	0.0	0.0	[0.0..0.0]	[0.0..0.0]	[1.0..1.0]	[14843.8..14843.8]	[0.558..0.558]	[0.56..0.67]	[1.0..1.0]	[14843.8..14843.8]	[0.558..0.558]	[0.56..0.668]	0.8313721	[12340.721..12340.721]
Group-1	PC 36:2:0	279.23	20180509_PC_brain_02.mzXML	25.0	36215.1	0.0	0.0	[9.0..9.0]	[0.0..1.0]	[0.867..0.957]	[31398.492..34657.85]	[0.72..0.735]	[1.0..1.0]	[0.957..0.957]	[34657.85..34657.85]	[0.739..0.739]	[1.0..1.0]	0.8313721	[26103.83..28813.572]
Group-1	PC 36:2:0	279.23	20180509_PC_brain_02.mzXML	30.0	42352.1	0.0	0.0	[9.0..9.0]	[0.0..1.0]	[0.883..0.952]	[37396.906..40319.203]	[0.713..0.725]	[1.0..1.0]	[0.952..0.952]	[40319.203..40319.203]	[0.728..0.728]	[1.0..1.0]	0.8313721	[31090.744..33520.258]
Group-1	PC 36:2:0	279.23	20180509_PC_brain_02.mzXML	35.0	37168.7	0.0	0.0	[9.0..9.0]	[0.0..1.0]	[0.951..0.994]	[35347.434..36945.688]	[0.718..0.725]	[1.0..1.0]	[0.994..0.994]	[36945.688..36945.688]	[0.727..0.727]	[1.0..1.0]	0.8313721	[29386.87..30715.613]
Group-1	PC 36:2:0	281.25	20180509_PC_brain_02.mzXML	25.0	262930.4	0.0	0.0	[9.0..9.0]	[0.5..0.5]	[0.914..0.914]	[240318.39..240318.39]	[0.5..0.5]	[0.5..0.5]	[0.914..0.914]	[240318.39..240318.39]	[0.5..0.5]	[0.5..0.5]	0.8313721	[199794.0..199794.0]
Group-1	PC 36:2:0	281.25	20180509_PC_brain_02.mzXML	30.0	313728.7	0.0	0.0	[9.0..9.0]	[0.5..0.5]	[0.905..0.905]	[283924.47..283924.47]	[0.5..0.5]	[0.5..0.5]	[0.905..0.905]	[283924.47..283924.47]	[0.5..0.5]	[0.5..0.5]	0.8313721	[236046.86..236046.86]
Group-1	PC 36:2:0	281.25	20180509_PC_brain_02.mzXML	35.0	285742.1	0.0	0.0	[9.0..9.0]	[0.5..0.5]	[0.911..0.911]	[260311.05..260311.05]	[0.5..0.5]	[0.5..0.5]	[0.911..0.911]	[260311.05..260311.05]	[0.5..0.5]	[0.5..0.5]	0.8313721	[216415.34..216415.34]
Group-1	PC 36:2:0	283.26	20180509_PC_brain_02.mzXML	25.0	12636.0	0.0	0.0	[0.0..0.0]	[0.0..1.0]	[0.968..0.988]	[12231.647..12484.368]	[0.265..0.28]	[0.0..0.0]	[0.968..0.968]	[12231.647..12231.647]	[0.261..0.261]	[0.0..0.0]	0.8313721	[10169.051..10379.155]
Group-1	PC 36:2:0	283.26	20180509_PC_brain_02.mzXML	30.0	15960.3	0.0	0.0	[0.0..0.0]	[0.0..1.0]	[0.945..0.958]	[15082.483..15289.967]	[0.275..0.287]	[0.0..0.0]	[0.945..0.945]	[15082.483..15082.483]	[0.272..0.272]	[0.0..0.0]	0.8313721	[12539.155..12711.651]
Group-1	PC 36:2:0	283.26	20180509_PC_brain_02.mzXML	35.0	14799.1	0.0	0.0	[0.0..0.0]	[0.0..1.0]	[0.937..0.945]	[13866.756..13985.149]	[0.275..0.282]	[0.0..0.0]	[0.937..0.937]	[13866.756..13866.756]	[0.273..0.273]	[0.0..0.0]	0.8313721	[11528.435..11626.862]
Group-1	PC 36:2:0	307.26	20180509_PC_brain_02.mzXML	25.0	12545.8	0.0	0.0	[11.0..11.0]	[1.0..1.0]	[0.95..0.95]	[11918.51..11918.51]	[0.476..0.476]	[0.33..0.44]	[0.95..0.95]	[11918.51..11918.51]	[0.476..0.476]	[0.332..0.44]	0.8313721	[9908.716..9908.716]
Group-1	PC 36:2:0	307.26	20180509_PC_brain_02.mzXML	30.0	14132.1	0.0	0.0	[11.0..11.0]	[1.0..1.0]	[0.9..0.9]	[12718.89..12718.89]	[0.435..0.435]	[0.33..0.44]	[0.9..0.9]	[12718.89..12718.89]	[0.435..0.435]	[0.332..0.44]	0.8313721	[10574.13..10574.13]
Group-1	PC 36:2:0	307.26	20180509_PC_brain_02.mzXML	35.0	12967.0	0.0	0.0	[11.0..11.0]	[1.0..1.0]	[0.905..0.905]	[11735.135..11735.135]	[0.442..0.442]	[0.33..0.44]	[0.905..0.905]	[11735.135..11735.135]	[0.442..0.442]	[0.332..0.44]	0.8313721	[9756.263..9756.263]
Group-1	PC 36:2:0	309.28	20180509_PC_brain_02.mzXML	25.0	1821.4	0.0	0.0	[11.0..11.0]	[1.0..1.0]	[0.963..0.963]	[1754.008..1754.008]	[0.46..0.46]	[0.24..0.4]	[0.963..0.963]	[1754.0082..1754.0082]	[0.46..0.46]	[0.239..0.4]	0.8313721	[1458.2334..1458.2334]
Group-1	PC 36:2:0	309.28	20180509_PC_brain_02.mzXML	30.0	1899.2	0.0	0.0	[11.0..11.0]	[1.0..1.0]	[0.894..0.894]	[1697.885..1697.885]	[0.399..0.399]	[0.24..0.4]	[0.894..0.894]	[1697.8848..1697.8848]	[0.399..0.399]	[0.239..0.4]	0.8313721	[1411.574..1411.574]
Group-1	PC 36:2:0	309.28	20180509_PC_brain_02.mzXML	35.0	1677.5	0.0	0.0	[11.0..11.0]	[1.0..1.0]	[0.861..0.861]	[1444.328..1444.328]	[0.435..0.435]	[0.24..0.4]	[0.861..0.861]	[1444.3275..1444.3275]	[0.435..0.435]	[0.239..0.4]	0.8313721	[1200.7736..1200.7736]
Group-1	PC 36:3:0	255.23	20180509_PC_brain_02.mzXML	25.0	11566.3	0.0	0.0	[0.0..0.0]	[0.0..1.0]	[1.0..1.0]	[11566.3..11566.3]	[0.424..0.456]	[0.18..0.44]	[1.0..1.0]	[11566.3..11566.3]	[0.445..0.47]	[0.18..0.438]	0.8331026	[9635.914..9635.914]
Group-1	PC 36:3:0	255.23	20180509_PC_brain_02.mzXML	30.0	13440.0	0.0	0.0	[0.0..0.0]	[0.0..1.0]	[1.0..1.0]	[13440.0..13440.0]	[0.409..0.476]	[0.18..0.44]	[1.0..1.0]	[13440.0..13440.0]	[0.423..0.482]	[0.18..0.438]	0.8331026	[11196.898..11196.898]
Group-1	PC 36:3:0	255.23	20180509_PC_brain_02.mzXML	35.0	12070.2	0.0	0.0	[0.0..0.0]	[0.0..0.0]	[1.0..1.0]	[12070.2..12070.2]	[0.38..0.467]	[0.18..0.44]	[1.0..1.0]	[12070.2..12070.2]	[0.389..0.483]	[0.18..0.438]	0.8331026	[10055.715..10055.715]
Group-1	PC 36:3:0	279.23	20180509_PC_brain_02.mzXML	25.0	8562.2	0.0	0.0	[9.0..9.0]	[0.0..0.0]	[0.867..0.867]	[7423.427..7423.427]	[0.47..0.47]	[0.43..0.5]	[0.867..0.867]	[7423.4272..7423.4272]	[0.47..0.47]	[0.425..0.497]	0.8331026	[6184.4766..6184.4766]
Group-1	PC 36:3:0	279.23	20180509_PC_brain_02.mzXML	30.0	10434.4	0.0	0.0	[9.0..9.0]	[0.0..0.0]	[0.883..0.883]	[9213.576..9213.576]	[0.499..0.499]	[0.43..0.5]	[0.883..0.883]	[9213.576..9213.576]	[0.499..0.499]	[0.425..0.497]	0.8331026	[7675.8535..7675.8535]
Group-1	PC 36:3:0	279.23	20180509_PC_brain_02.mzXML	35.0	8650.0	0.0	0.0	[9.0..9.0]	[0.0..0.0]	[0.951..0.951]	[8226.15..8226.15]	[0.487..0.487]	[0.43..0.5]	[0.951..0.951]	[8226.149..8226.149]	[0.487..0.487]	[0.425..0.497]	0.8331026	[6853.2266..6853.2266]
Group-1	PC 36:3:0	281.25	20180509_PC_brain_02.mzXML	25.0	8679.8	0.0	0.0	[9.0..9.0]	[1.0..1.0]	[0.964..0.964]	[8367.327..8367.327]	[0.53..0.53]	[0.5..0.57]	[0.964..0.964]	[8367.327..8367.327]	[0.53..0.53]	[0.503..0.575]	0.8331026	[6970.842..6970.842]
Group-1	PC 36:3:0	281.25	20180509_PC_brain_02.mzXML	30.0	9990.9	0.0	0.0	[9.0..9.0]	[1.0..1.0]	[0.926..0.926]	[9251.574..9251.574]	[0.501..0.501]	[0.5..0.57]	[0.926..0.926]	[9251.574..9251.574]	[0.501..0.501]	[0.503..0.575]	0.8331026	[7707.5103..7707.5103]
Group-1	PC 36:3:0	281.25	20180509_PC_brain_02.mzXML	35.0	9509.6	0.0	0.0	[9.0..9.0]	[1.0..1.0]	[0.913..0.913]	[8682.265..8682.265]	[0.513..0.513]	[0.5..0.57]	[0.913..0.913]	[8682.265..8682.265]	[0.513..0.513]	[0.503..0.575]	0.8331026	[7233.217..7233.217]
Group-1	PC 36:3:0	305.25	20180509_PC_brain_02.mzXML	25.0	15295.0	0.0	0.0	[5.0..11.0]	[0.0..1.0]	[0.901..1.029]	[13780.795..15738.556]	[0.544..0.576]	[0.56..0.82]	[0.852..0.945]	[13031.34..14453.774]	[0.53..0.555]	[0.562..0.82]	0.8331026	[11480.816..13111.831]
Group-1	PC 36:3:0	305.25	20180509_PC_brain_02.mzXML	30.0	16021.0	0.0	0.0	[5.0..11.0]	[0.0..1.0]	[0.925..1.213]	[14819.425..19433.475]	[0.524..0.591]	[0.56..0.82]	[0.9..1.144]	[14418.899..18328.025]	[0.518..0.577]	[0.562..0.82]	0.8331026	[12346.102..16190.077]
Group-1	PC 36:3:0	305.25	20180509_PC_brain_02.mzXML	35.0	12522.2	0.0	0.0	[5.0..11.0]	[1.0..1.0]	[1.099..1.57]	[13761.897..19659.855]	[0.533..0.62]	[0.56..0.82]	[1.033..1.517]	[12935.433..18996.178]	[0.517..0.611]	[0.562..0.82]	0.8331026	[11465.072..16378.676]
Group-1	PC 36:4:0	255.23	20180509_PC_brain_02.mzXML	25.0	40922.2	0.0	0.0	[0.0..0.0]	[0.0..0.0]	[1.0..1.0]	[40922.2..40922.2]	[0.242..0.244]	[0.0..0.0]	[1.0..1.0]	[40922.2..40922.2]	[0.242..0.244]	[0.0..0.0]	0.8348496	[34163.883..34163.883]
Group-1	PC 36:4:0	255.23	20180509_PC_brain_02.mzXML	30.0	49911.6	0.0	0.0	[0.0..0.0]	[0.0..0.0]	[1.0..1.0]	[49911.6..49911.6]	[0.262..0.267]	[0.0..0.0]	[1.0..1.0]	[49911.6..49911.6]	[0.262..0.267]	[0.0..0.0]	0.8348496	[41668.68..41668.68]
Group-1	PC 36:4:0	255.23	20180509_PC_brain_02.mzXML	35.0	46604.9	0.0	0.0	[0.0..0.0]	[0.0..0.0]	[1.0..1.0]	[46604.9..46604.9]	[0.28..0.288]	[0.0..0.0]	[1.0..1.0]	[46604.9..46604.9]	[0.28..0.288]	[0.0..0.0]	0.8348496	[38908.082..38908.082]
Group-1	PC 36:4:0	279.23	20180509_PC_brain_02.mzXML	25.0	520.5	0.0	0.0	[9.0..9.0]	[0.5..0.5]	[0.919..0.919]	[478.34..478.34]	[0.5..0.5]	[0.5..0.5]	[0.919..0.919]	[478.3395..478.3395]	[0.5..0.5]	[0.5..0.5]	0.8348496	[399.34155..399.34155]
Group-1	PC 36:4:0	279.23	20180509_PC_brain_02.mzXML	30.0	721.4	0.0	0.0	[9.0..9.0]	[0.5..0.5]	[0.944..0.944]	[681.002..681.002]	[0.5..0.5]	[0.5..0.5]	[0.944..0.944]	[681.00165..681.00165]	[0.5..0.5]	[0.5..0.5]	0.8348496	[568.53394..568.53394]
Group-1	PC 36:4:0	279.23	20180509_PC_brain_02.mzXML	35.0	574.4	0.0	0.0	[9.0..9.0]	[0.5..0.5]	[1.004..1.004]	[576.698..576.698]	[0.5..0.5]	[0.5..0.5]	[1.004..1.004]	[576.6976..576.6976]	[0.5..0.5]	[0.5..0.5]	0.8348496	[481.45575..481.45575]
Group-1	PC 36:4:0	303.23	20180509_PC_brain_02.mzXML	25.0	106585.5	5503.9	0.051638354	[5.0..5.1]	[1.0..1.0]	[1.189..1.2]	[126730.17..127902.6]	[0.756..0.758]	[1.0..1.0]	[1.189..1.2]	[126730.164..127902.6]	[0.756..0.758]	[1.0..1.0]	0.8348496	[105800.62..106779.44]
Group-1	PC 36:4:0	303.23	20180509_PC_brain_02.mzXML	30.0	84917.8	7074.6	0.08331116	[5.2..5.2]	[1.0..1.0]	[1.613..1.656]	[136972.4..140623.88]	[0.733..0.738]	[1.0..1.0]	[1.613..1.656]	[136972.4..140623.88]	[0.733..0.738]	[1.0..1.0]	0.8348496	[114351.36..117399.78]
Group-1	PC 36:4:0	303.23	20180509_PC_brain_02.mzXML	35.0	46302.8	5344.9	0.11543362	[5.2..5.4]	[1.0..1.0]	[2.49..2.594]	[115293.98..120109.47]	[0.712..0.72]	[1.0..1.0]	[2.49..2.594]	[115293.98..120109.47]	[0.712..0.72]	[1.0..1.0]	0.8348496	[96253.13..100273.34]
Group-1	PC 38:1:0	255.23	20180509_PC_brain_02.mzXML	25.0	2223.6	0.0	0.0	[0.0..0.0]	[0.0..0.0]	[1.0..1.0]	[2223.6..2223.6]	[0.41..0.41]	[0.28..0.38]	[1.0..1.0]	[2223.6..2223.6]	[0.41..0.41]	[0.276..0.379]	0.80639756	[1793.1057..1793.1057]
Group-1	PC 38:1:0	255.23	20180509_PC_brain_02.mzXML	30.0	3070.1	0.0	0.0	[0.0..0.0]	[0.0..0.0]	[1.0..1.0]	[3070.1..3070.1]	[0.453..0.453]	[0.28..0.38]	[1.0..1.0]	[3070.1..3070.1]	[0.453..0.453]	[0.276..0.379]	0.80639756	[2475.7212..2475.7212]
Group-1	PC 38:1:0	255.23	20180509_PC_brain_02.mzXML	35.0	2319.1	0.0	0.0	[0.0..0.0]	[0.0..0.0]	[1.0..1.0]	[2319.1..2319.1]	[0.438..0.438]	[0.28..0.38]	[1.0..1.0]	[2319.1..2319.1]	[0.438..0.438]	[0.276..0.379]	0.80639756	[1870.1167..1870.1167]
Group-1	PC 38:1:0	281.25	20180509_PC_brain_02.mzXML	25.0	6085.4	0.0	0.0	[9.0..9.0]	[0.0..1.0]	[0.869..0.964]	[5288.213..5866.325]	[0.687..0.698]	[0.91..1.0]	[0.955..0.964]	[5811.5566..5866.325]	[0.707..0.708]	[0.91..0.997]	0.80639756	[4264.4014..4730.5903]
Group-1	PC 38:1:0	281.25	20180509_PC_brain_02.mzXML	30.0	6562.3	0.0	0.0	[9.0..9.0]	[0.0..1.0]	[0.855..0.926]	[5610.767..6076.69]	[0.659..0.669]	[0.91..1.0]	[0.92..0.926]	[6037.316..6076.6895]	[0.675..0.676]	[0.91..0.997]	0.80639756	[4524.509..4900.228]
Group-1	PC 38:1:0	281.25	20180509_PC_brain_02.mzXML	35.0	6805.0	0.0	0.0	[9.0..9.0]	[0.0..1.0]	[0.868..0.913]	[5906.74..6212.965]	[0.679..0.686]	[0.91..1.0]	[0.909..0.913]	[6185.7446..6212.965]	[0.689..0.69]	[0.91..0.997]	0.80639756	[4763.18..5010.1196]
Group-1	PC 38:1:0	283.26	20180509_PC_brain_02.mzXML	25.0	7638.7	0.0	0.0	[0.0..0.0]	[0.0..0.0]	[0.968..0.968]	[7394.262..7394.262]	[0.248..0.248]	[0.0..0.0]	[0.968..0.968]	[7394.2617..7394.2617]	[0.248..0.248]	[0.0..0.0]	0.80639756	[5962.7144..5962.7144]
Group-1	PC 38:1:0	283.26	20180509_PC_brain_02.mzXML	30.0	8576.3	0.0	0.0	[0.0..0.0]	[0.0..0.0]	[0.945..0.945]	[8104.603..8104.603]	[0.243..0.243]	[0.0..0.0]	[0.945..0.945]	[8104.603..8104.603]	[0.243..0.243]	[0.0..0.0]	0.80639756	[6535.532..6535.532]
Group-1	PC 38:1:0	283.26	20180509_PC_brain_02.mzXML	35.0	9525.9	0.0	0.0	[0.0..0.0]	[0.0..0.0]	[0.937..0.937]	[8925.769..8925.769]	[0.289..0.289]	[0.0..0.0]	[0.937..0.937]	[8925.769..8925.769]	[0.289..0.289]	[0.0..0.0]	0.80639756	[7197.718..7197.718]
Group-1	PC 38:1:0	309.28	20180509_PC_brain_02.mzXML	25.0	23230.9	0.0	0.0	[11.0..11.0]	[1.0..1.0]	[0.963..0.963]	[22371.357..22371.357]	[0.752..0.752]	[1.0..1.0]	[0.963..0.963]	[22371.357..22371.357]	[0.752..0.752]	[1.0..1.0]	0.80639756	[18040.209..18040.209]
Group-1	PC 38:1:0	309.28	20180509_PC_brain_02.mzXML	30.0	28229.9	0.0	0.0	[11.0..11.0]	[1.0..1.0]	[0.894..0.894]	[25237.531..25237.531]	[0.757..0.757]	[1.0..1.0]	[0.894..0.894]	[25237.531..25237.531]	[0.757..0.757]	[1.0..1.0]	0.80639756	[20351.484..20351.484]
Group-1	PC 38:1:0	309.28	20180509_PC_brain_02.mzXML	35.0	25563.2	0.0	0.0	[11.0..11.0]	[1.0..1.0]	[0.861..0.861]	[22009.914..22009.914]	[0.711..0.711]	[1.0..1.0]	[0.861..0.861]	[22009.914..22009.914]	[0.711..0.711]	[1.0..1.0]	0.80639756	[17748.742..17748.742]
Group-1	PC 38:1:0	311.29	20180509_PC_brain_02.mzXML	25.0	2548.3	0.0	0.0	[0.0..0.0]	[0.0..1.0]	[0.945..0.995]	[2408.144..2535.559]	[0.302..0.313]	[0.0..0.09]	[0.945..0.949]	[2408.1436..2418.3367]	[0.292..0.293]	[0.003..0.09]	0.80639756	[1941.921..2044.6682]
Group-1	PC 38:1:0	311.29	20180509_PC_brain_02.mzXML	30.0	3222.4	0.0	0.0	[0.0..0.0]	[0.0..1.0]	[0.902..0.934]	[2906.605..3009.722]	[0.331..0.341]	[0.0..0.09]	[0.902..0.905]	[2906.6047..2916.2717]	[0.324..0.325]	[0.003..0.09]	0.80639756	[2343.879..2427.032]
Group-1	PC 38:1:0	311.29	20180509_PC_brain_02.mzXML	35.0	3138.2	0.0	0.0	[0.0..0.0]	[0.0..1.0]	[0.888..0.908]	[2786.722..2849.486]	[0.314..0.321]	[0.0..0.09]	[0.888..0.89]	[2786.7217..2792.9978]	[0.31..0.311]	[0.003..0.09]	0.80639756	[2247.2053..2297.818]
Group-1	PC 38:1:0	337.31	20180509_PC_brain_02.mzXML	25.0	3364.1	0.0	0.0	[13.0..13.0]	[1.0..1.0]	[0.951..0.951]	[3199.259..3199.259]	[0.59..0.59]	[0.62..0.72]	[0.951..0.951]	[3199.259..3199.259]	[0.59..0.59]	[0.621..0.724]	0.80639756	[2579.8748..2579.8748]
Group-1	PC 38:1:0	337.31	20180509_PC_brain_02.mzXML	30.0	4317.3	0.0	0.0	[13.0..13.0]	[1.0..1.0]	[0.858..0.858]	[3704.243..3704.243]	[0.547..0.547]	[0.62..0.72]	[0.858..0.858]	[3704.2432..3704.2432]	[0.547..0.547]	[0.621..0.724]	0.80639756	[2987.0925..2987.0925]
Group-1	PC 38:1:0	337.31	20180509_PC_brain_02.mzXML	35.0	3670.9	0.0	0.0	[13.0..13.0]	[1.0..1.0]	[0.812..0.812]	[2980.771..2980.771]	[0.562..0.562]	[0.62..0.72]	[0.812..0.812]	[2980.7708..2980.7708]	[0.562..0.562]	[0.621..0.724]	0.80639756	[2403.6863..2403.6863]
Group-1	PC 38:2:0	253.22	20180509_PC_brain_02.mzXML	25.0	325.0	0.0	0.0	[9.0..9.0]	[0.0..0.0]	[0.901..0.901]	[292.825..292.825]	[0.353..0.353]	[0.0..0.13]	[0.901..0.901]	[292.825..292.825]	[0.353..0.353]	[0.0..0.134]	0.8080254	[236.61006..236.61006]
Group-1	PC 38:2:0	253.22	20180509_PC_brain_02.mzXML	30.0	0.0	0.0	0.0	[9.0..9.0]	[1.0..1.0]	[0.97..0.97]	[0.0..0.0]	[0.0..0.0]	[0.0..0.13]	[0.97..0.97]	[0.0..0.0]	[0.0..0.0]	[0.0..0.134]	0.8080254	[0.0..0.0]
Group-1	PC 38:2:0	253.22	20180509_PC_brain_02.mzXML	35.0	269.2	0.0	0.0	[9.0..9.0]	[0.0..1.0]	[0.936..0.967]	[251.971..260.316]	[0.235..0.24]	[0.0..0.13]	[0.936..0.94]	[251.9712..253.048]	[0.23..0.23]	[0.0..0.134]	0.8080254	[203.59914..210.34227]
Group-1	PC 38:2:0	255.23	20180509_PC_brain_02.mzXML	25.0	983.1	0.0	0.0	[0.0..0.0]	[0.0..0.0]	[1.0..1.0]	[983.1..983.1]	[0.357..0.357]	[0.14..0.45]	[1.0..1.0]	[983.1..983.1]	[0.357..0.357]	[0.144..0.455]	0.8080254	[794.36975..794.36975]
Group-1	PC 38:2:0	255.23	20180509_PC_brain_02.mzXML	30.0	1730.5	0.0	0.0	[0.0..0.0]	[0.0..0.0]	[1.0..1.0]	[1730.5..1730.5]	[0.469..0.469]	[0.14..0.45]	[1.0..1.0]	[1730.5..1730.5]	[0.469..0.469]	[0.144..0.455]	0.8080254	[1398.288..1398.288]
Group-1	PC 38:2:0	255.23	20180509_PC_brain_02.mzXML	35.0	1587.7	0.0	0.0	[0.0..0.0]	[0.0..0.0]	[1.0..1.0]	[1587.7..1587.7]	[0.483..0.483]	[0.14..0.45]	[1.0..1.0]	[1587.7..1587.7]	[0.483..0.483]	[0.144..0.455]	0.8080254	[1282.902..1282.902]
Group-1	PC 38:2:0	281.25	20180509_PC_brain_02.mzXML	25.0	20399.6	0.0	0.0	[9.0..9.0]	[0.0..0.0]	[0.869..0.869]	[17727.252..17727.252]	[0.595..0.595]	[0.74..0.83]	[0.869..0.869]	[17727.252..17727.252]	[0.595..0.595]	[0.737..0.828]	0.8080254	[14324.07..14324.07]
Group-1	PC 38:2:0	281.25	20180509_PC_brain_02.mzXML	30.0	24784.1	0.0	0.0	[9.0..9.0]	[0.0..0.0]	[0.855..0.855]	[21190.406..21190.406]	[0.619..0.619]	[0.74..0.83]	[0.855..0.855]	[21190.406..21190.406]	[0.619..0.619]	[0.737..0.828]	0.8080254	[17122.385..17122.385]
Group-1	PC 38:2:0	281.25	20180509_PC_brain_02.mzXML	35.0	22843.1	0.0	0.0	[9.0..9.0]	[0.0..0.0]	[0.868..0.868]	[19827.81..19827.81]	[0.623..0.623]	[0.74..0.83]	[0.868..0.868]	[19827.81..19827.81]	[0.623..0.623]	[0.737..0.828]	0.8080254	[16021.374..16021.374]
Group-1	PC 38:2:0	283.26	20180509_PC_brain_02.mzXML	25.0	2219.2	0.0	0.0	[0.0..0.0]	[0.0..0.0]	[0.968..0.968]	[2148.186..2148.186]	[0.245..0.245]	[0.0..0.03]	[0.968..0.968]	[2148.1855..2148.1855]	[0.245..0.245]	[0.0..0.033]	0.8080254	[1735.7885..1735.7885]
Group-1	PC 38:2:0	283.26	20180509_PC_brain_02.mzXML	30.0	3479.2	0.0	0.0	[0.0..0.0]	[0.0..0.0]	[0.945..0.945]	[3287.844..3287.844]	[0.319..0.319]	[0.0..0.03]	[0.945..0.945]	[3287.844..3287.844]	[0.319..0.319]	[0.0..0.033]	0.8080254	[2656.6614..2656.6614]
Group-1	PC 38:2:0	283.26	20180509_PC_brain_02.mzXML	35.0	2833.4	0.0	0.0	[0.0..0.0]	[0.0..0.0]	[0.937..0.937]	[2654.896..2654.896]	[0.289..0.289]	[0.0..0.03]	[0.937..0.937]	[2654.8958..2654.8958]	[0.289..0.289]	[0.0..0.033]	0.8080254	[2145.2231..2145.2231]
Group-1	PC 38:2:0	307.26	20180509_PC_brain_02.mzXML	25.0	6983.1	0.0	0.0	[11.0..11.0]	[1.0..1.0]	[0.95..0.95]	[6633.945..6633.945]	[0.755..0.755]	[0.97..1.0]	[0.95..0.95]	[6633.945..6633.945]	[0.755..0.755]	[0.967..1.0]	0.8080254	[5360.3965..5360.3965]
Group-1	PC 38:2:0	307.26	20180509_PC_brain_02.mzXML	30.0	7783.5	0.0	0.0	[11.0..11.0]	[1.0..1.0]	[0.9..0.9]	[7005.15..7005.15]	[0.681..0.681]	[0.97..1.0]	[0.9..0.9]	[7005.15..7005.15]	[0.681..0.681]	[0.967..1.0]	0.8080254	[5660.339..5660.339]
Group-1	PC 38:2:0	307.26	20180509_PC_brain_02.mzXML	35.0	7229.2	0.0	0.0	[11.0..11.0]	[1.0..1.0]	[0.905..0.905]	[6542.426..6542.426]	[0.711..0.711]	[0.97..1.0]	[0.905..0.905]	[6542.426..6542.426]	[0.711..0.711]	[0.967..1.0]	0.8080254	[5286.4463..5286.4463]
Group-1	PC 38:2:0	309.28	20180509_PC_brain_02.mzXML	25.0	12514.2	0.0	0.0	[11.0..11.0]	[1.0..1.0]	[0.963..0.963]	[12051.175..12051.175]	[0.405..0.405]	[0.17..0.26]	[0.963..0.963]	[12051.175..12051.175]	[0.405..0.405]	[0.172..0.263]	0.8080254	[9737.655..9737.655]
Group-1	PC 38:2:0	309.28	20180509_PC_brain_02.mzXML	30.0	14590.5	0.0	0.0	[11.0..11.0]	[1.0..1.0]	[0.894..0.894]	[13043.907..13043.907]	[0.381..0.381]	[0.17..0.26]	[0.894..0.894]	[13043.907..13043.907]	[0.381..0.381]	[0.172..0.263]	0.8080254	[10539.809..10539.809]
Group-1	PC 38:2:0	309.28	20180509_PC_brain_02.mzXML	35.0	13956.8	0.0	0.0	[11.0..11.0]	[1.0..1.0]	[0.861..0.861]	[12016.805..12016.805]	[0.377..0.377]	[0.17..0.26]	[0.861..0.861]	[12016.805..12016.805]	[0.377..0.377]	[0.172..0.263]	0.8080254	[9709.884..9709.884]
Group-1	PC 38:2:0	335.29	20180509_PC_brain_02.mzXML	25.0	1871.6	0.0	0.0	[13.0..13.0]	[1.0..1.0]	[0.945..0.945]	[1768.662..1768.662]	[0.643..0.643]	[0.55..0.86]	[0.945..0.945]	[1768.662..1768.662]	[0.643..0.643]	[0.545..0.856]	0.8080254	[1429.1239..1429.1239]
Group-1	PC 38:2:0	335.29	20180509_PC_brain_02.mzXML	30.0	2269.3	0.0	0.0	[13.0..13.0]	[1.0..1.0]	[0.862..0.862]	[1956.137..1956.137]	[0.531..0.531]	[0.55..0.86]	[0.862..0.862]	[1956.1366..1956.1366]	[0.531..0.531]	[0.545..0.856]	0.8080254	[1580.608..1580.608]
Group-1	PC 38:2:0	335.29	20180509_PC_brain_02.mzXML	35.0	2016.3	0.0	0.0	[13.0..13.0]	[1.0..1.0]	[0.844..0.844]	[1701.757..1701.757]	[0.517..0.517]	[0.55..0.86]	[0.844..0.844]	[1701.7572..1701.7572]	[0.517..0.517]	[0.545..0.856]	0.8080254	[1375.0631..1375.0631]
Group-1	PC 38:2:0	337.31	20180509_PC_brain_02.mzXML	25.0	565.1	0.0	0.0	[13.0..13.0]	[1.0..1.0]	[0.951..0.951]	[537.41..537.41]	[0.647..0.647]	[0.87..1.0]	[0.951..0.951]	[537.41003..537.41003]	[0.647..0.647]	[0.866..1.0]	0.8080254	[434.241..434.241]
Group-1	PC 38:2:0	337.31	20180509_PC_brain_02.mzXML	30.0	690.7	0.0	0.0	[13.0..13.0]	[0.0..0.0]	[0.782..0.782]	[540.127..540.127]	[1.0..1.0]	[0.87..1.0]	[0.782..0.782]	[540.12744..540.12744]	[1.0..1.0]	[0.866..1.0]	0.8080254	[436.43668..436.43668]
Group-1	PC 38:2:0	337.31	20180509_PC_brain_02.mzXML	35.0	1046.0	0.0	0.0	[13.0..13.0]	[0.0..1.0]	[0.762..0.812]	[797.052..849.352]	[0.76..0.765]	[0.87..1.0]	[0.806..0.812]	[843.076..849.352]	[0.77..0.77]	[0.866..1.0]	0.8080254	[644.03827..686.298]
Group-1	PC 38:3:0	255.23	20180509_PC_brain_02.mzXML	25.0	1395.5	0.0	0.0	[0.0..0.0]	[0.0..1.0]	[1.0..1.0]	[1395.5..1395.5]	[0.363..0.39]	[0.16..0.47]	[1.0..1.0]	[1395.5..1395.5]	[0.367..0.375]	[0.159..0.473]	0.80966043	[1129.8811..1129.8811]
Group-1	PC 38:3:0	255.23	20180509_PC_brain_02.mzXML	30.0	1486.6	0.0	0.0	[0.0..0.0]	[1.0..1.0]	[1.0..1.0]	[1486.6..1486.6]	[0.416..0.416]	[0.16..0.47]	[1.0..1.0]	[1486.6..1486.6]	[0.416..0.416]	[0.159..0.473]	0.80966043	[1203.6412..1203.6412]
Group-1	PC 38:3:0	255.23	20180509_PC_brain_02.mzXML	35.0	1521.2	0.0	0.0	[0.0..0.0]	[0.0..0.0]	[1.0..1.0]	[1521.2..1521.2]	[0.49..0.49]	[0.16..0.47]	[1.0..1.0]	[1521.2..1521.2]	[0.49..0.49]	[0.159..0.473]	0.80966043	[1231.6554..1231.6554]
Group-1	PC 38:3:0	279.23	20180509_PC_brain_02.mzXML	25.0	599.3	0.0	0.0	[9.0..9.0]	[0.0..0.0]	[0.867..0.867]	[519.593..519.593]	[1.0..1.0]	[0.88..1.0]	[0.867..0.867]	[519.5931..519.5931]	[1.0..1.0]	[0.884..1.0]	0.80966043	[420.69397..420.69397]
Group-1	PC 38:3:0	279.23	20180509_PC_brain_02.mzXML	30.0	823.1	0.0	0.0	[9.0..9.0]	[1.0..1.0]	[0.952..0.952]	[783.591..783.591]	[1.0..1.0]	[0.88..1.0]	[0.952..0.952]	[783.5912..783.5912]	[1.0..1.0]	[0.884..1.0]	0.80966043	[634.44275..634.44275]
Group-1	PC 38:3:0	279.23	20180509_PC_brain_02.mzXML	35.0	751.1	0.0	0.0	[9.0..9.0]	[0.0..1.0]	[0.951..0.994]	[714.296..746.593]	[0.644..0.647]	[0.88..1.0]	[0.989..0.994]	[742.8379..746.5934]	[0.655..0.656]	[0.884..1.0]	0.80966043	[578.3373..604.4871]
Group-1	PC 38:3:0	281.25	20180509_PC_brain_02.mzXML	25.0	4104.7	0.0	0.0	[9.0..9.0]	[0.0..0.0]	[0.869..0.869]	[3566.985..3566.985]	[0.623..0.623]	[0.79..0.9]	[0.869..0.869]	[3566.9846..3566.9846]	[0.623..0.623]	[0.791..0.903]	0.80966043	[2888.0461..2888.0461]
Group-1	PC 38:3:0	281.25	20180509_PC_brain_02.mzXML	30.0	3986.0	0.0	0.0	[9.0..9.0]	[1.0..1.0]	[0.926..0.926]	[3691.036..3691.036]	[0.656..0.656]	[0.79..0.9]	[0.926..0.926]	[3691.036..3691.036]	[0.656..0.656]	[0.791..0.903]	0.80966043	[2988.4858..2988.4858]
Group-1	PC 38:3:0	281.25	20180509_PC_brain_02.mzXML	35.0	3861.5	0.0	0.0	[9.0..9.0]	[0.0..1.0]	[0.868..0.913]	[3351.782..3525.55]	[0.609..0.611]	[0.79..0.9]	[0.904..0.908]	[3490.796..3506.242]	[0.618..0.619]	[0.791..0.903]	0.80966043	[2713.8052..2854.4978]
Group-1	PC 38:3:0	283.26	20180509_PC_brain_02.mzXML	25.0	4484.6	0.0	0.0	[0.0..0.0]	[0.0..1.0]	[0.968..0.988]	[4341.093..4430.785]	[0.226..0.247]	[0.0..0.0]	[0.968..0.968]	[4341.093..4341.093]	[0.223..0.228]	[0.0..0.0]	0.80966043	[3514.811..3587.4312]
Group-1	PC 38:3:0	283.26	20180509_PC_brain_02.mzXML	30.0	5584.8	0.0	0.0	[0.0..0.0]	[1.0..1.0]	[0.958..0.958]	[5350.239..5350.239]	[0.25..0.283]	[0.0..0.0]	[0.958..0.958]	[5350.2383..5350.2383]	[0.231..0.267]	[0.0..0.0]	0.80966043	[4331.8765..4331.8765]
Group-1	PC 38:3:0	283.26	20180509_PC_brain_02.mzXML	35.0	5000.7	0.0	0.0	[0.0..0.0]	[0.0..1.0]	[0.937..0.945]	[4685.656..4725.662]	[0.198..0.269]	[0.0..0.0]	[0.937..0.937]	[4685.656..4685.656]	[0.197..0.259]	[0.0..0.0]	0.80966043	[3793.7903..3826.1814]
Group-1	PC 38:3:0	305.25	20180509_PC_brain_02.mzXML	25.0	14725.8	0.0	0.0	[5.0..11.0]	[0.0..1.0]	[0.901..1.029]	[13267.946..15152.849]	[0.753..0.774]	[1.0..1.0]	[1.001..1.029]	[14740.526..15152.849]	[0.772..0.777]	[1.0..1.0]	0.80966043	[10742.531..12268.662]
Group-1	PC 38:3:0	305.25	20180509_PC_brain_02.mzXML	30.0	14647.9	0.0	0.0	[5.0..11.0]	[0.0..0.0]	[0.925..1.094]	[13549.308..16024.803]	[0.717..0.75]	[1.0..1.0]	[1.003..1.213]	[14691.845..17767.904]	[0.733..0.769]	[1.0..1.0]	0.80966043	[10970.339..12974.648]
Group-1	PC 38:3:0	305.25	20180509_PC_brain_02.mzXML	35.0	12189.3	0.0	0.0	[5.0..11.0]	[0.0..1.0]	[1.045..1.57]	[12737.817..19137.201]	[0.731..0.802]	[1.0..1.0]	[1.099..1.57]	[13396.04..19137.201]	[0.741..0.803]	[1.0..1.0]	0.80966043	[10313.307..15494.634]
Group-1	PC 38:3:0	307.26	20180509_PC_brain_02.mzXML	25.0	2276.9	0.0	0.0	[11.0..11.0]	[1.0..1.0]	[0.95..0.95]	[2163.055..2163.055]	[0.377..0.377]	[0.1..0.21]	[0.95..0.95]	[2163.055..2163.055]	[0.377..0.377]	[0.097..0.209]	0.80966043	[1751.34..1751.34]
Group-1	PC 38:3:0	307.26	20180509_PC_brain_02.mzXML	30.0	2343.9	0.0	0.0	[11.0..11.0]	[0.0..0.0]	[0.824..0.824]	[1931.374..1931.374]	[0.344..0.344]	[0.1..0.21]	[0.824..0.824]	[1931.3735..1931.3735]	[0.344..0.344]	[0.097..0.209]	0.80966043	[1563.7567..1563.7567]
Group-1	PC 38:3:0	307.26	20180509_PC_brain_02.mzXML	35.0	2499.6	0.0	0.0	[11.0..11.0]	[0.0..1.0]	[0.855..0.905]	[2137.158..2262.138]	[0.389..0.391]	[0.1..0.21]	[0.86..0.866]	[2149.656..2164.6536]	[0.381..0.382]	[0.097..0.209]	0.80966043	[1730.3723..1831.5636]
Group-1	PC 38:3:0	309.28	20180509_PC_brain_02.mzXML	25.0	0.0	0.0	0.0	[11.0..11.0]	[1.0..1.0]	[0.963..0.963]	[0.0..0.0]	[0.0..0.0]	[0.0..0.12]	[0.963..0.963]	[0.0..0.0]	[0.0..0.0]	[0.0..0.116]	0.80966043	[0.0..0.0]
Group-1	PC 38:3:0	309.28	20180509_PC_brain_02.mzXML	30.0	0.0	0.0	0.0	[11.0..11.0]	[0.0..0.0]	[0.819..0.819]	[0.0..0.0]	[0.0..0.0]	[0.0..0.12]	[0.819..0.819]	[0.0..0.0]	[0.0..0.0]	[0.0..0.116]	0.80966043	[0.0..0.0]
Group-1	PC 38:3:0	309.28	20180509_PC_brain_02.mzXML	35.0	479.2	0.0	0.0	[11.0..11.0]	[0.0..1.0]	[0.813..0.861]	[389.59..412.591]	[0.353..0.356]	[0.0..0.12]	[0.813..0.819]	[389.58963..392.4648]	[0.344..0.345]	[0.0..0.116]	0.80966043	[315.4353..334.05878]
Group-1	PC 38:3:0	333.28	20180509_PC_brain_02.mzXML	25.0	2474.5	0.0	0.0	[13.0..13.0]	[0.0..1.0]	[0.882..0.988]	[2182.509..2444.806]	[0.61..0.637]	[0.53..0.84]	[0.938..0.971]	[2321.081..2402.7395]	[0.625..0.633]	[0.527..0.841]	0.80966043	[1767.0913..1979.4626]
Group-1	PC 38:3:0	333.28	20180509_PC_brain_02.mzXML	30.0	2414.5	0.0	0.0	[13.0..13.0]	[0.0..0.0]	[0.865..0.865]	[2088.543..2088.543]	[0.584..0.584]	[0.53..0.84]	[0.865..0.865]	[2088.5425..2088.5425]	[0.584..0.584]	[0.527..0.841]	0.80966043	[1691.0103..1691.0103]
Group-1	PC 38:3:0	333.28	20180509_PC_brain_02.mzXML	35.0	1590.2	0.0	0.0	[13.0..13.0]	[1.0..1.0]	[0.995..0.995]	[1582.249..1582.249]	[0.51..0.51]	[0.53..0.84]	[0.995..0.995]	[1582.2489..1582.2489]	[0.51..0.51]	[0.527..0.841]	0.80966043	[1281.0844..1281.0844]
Group-1	PC 38:4:0	255.23	20180509_PC_brain_02.mzXML	25.0	11773.0	0.0	0.0	[0.0..0.0]	[0.0..1.0]	[1.0..1.0]	[11773.0..11773.0]	[0.312..0.34]	[0.02..0.17]	[1.0..1.0]	[11773.0..11773.0]	[0.315..0.334]	[0.019..0.17]	0.81129444	[9551.369..9551.369]
Group-1	PC 38:4:0	255.23	20180509_PC_brain_02.mzXML	30.0	14208.5	0.0	0.0	[0.0..0.0]	[0.0..1.0]	[1.0..1.0]	[14208.5..14208.5]	[0.328..0.372]	[0.02..0.17]	[1.0..1.0]	[14208.5..14208.5]	[0.33..0.368]	[0.019..0.17]	0.81129444	[11527.277..11527.277]
Group-1	PC 38:4:0	255.23	20180509_PC_brain_02.mzXML	35.0	13126.2	0.0	0.0	[0.0..0.0]	[0.0..0.0]	[1.0..1.0]	[13126.2..13126.2]	[0.32..0.371]	[0.02..0.17]	[1.0..1.0]	[13126.2..13126.2]	[0.321..0.378]	[0.019..0.17]	0.81129444	[10649.213..10649.213]
Group-1	PC 38:4:0	281.25	20180509_PC_brain_02.mzXML	25.0	2354.9	0.0	0.0	[9.0..9.0]	[0.0..1.0]	[0.869..0.964]	[2046.408..2270.124]	[0.425..0.433]	[0.23..0.46]	[0.891..0.913]	[2098.2158..2150.0237]	[0.438..0.453]	[0.228..0.463]	0.81129444	[1660.2395..1841.7385]
Group-1	PC 38:4:0	281.25	20180509_PC_brain_02.mzXML	30.0	2741.3	0.0	0.0	[9.0..9.0]	[0.0..1.0]	[0.855..0.926]	[2343.812..2538.444]	[0.411..0.458]	[0.23..0.46]	[0.871..0.888]	[2387.6724..2434.2744]	[0.418..0.47]	[0.228..0.463]	0.81129444	[1901.5212..2059.4253]
Group-1	PC 38:4:0	281.25	20180509_PC_brain_02.mzXML	35.0	2821.9	0.0	0.0	[9.0..9.0]	[0.0..0.0]	[0.868..0.868]	[2449.409..2449.409]	[0.398..0.486]	[0.23..0.46]	[0.868..0.868]	[2449.409..2449.409]	[0.408..0.502]	[0.228..0.463]	0.81129444	[1987.1919..1987.1919]
Group-1	PC 38:4:0	283.26	20180509_PC_brain_02.mzXML	25.0	40334.9	0.0	0.0	[0.0..0.0]	[0.0..0.0]	[0.968..0.968]	[39044.18..39044.18]	[0.218..0.22]	[0.0..0.0]	[0.968..0.968]	[39044.18..39044.18]	[0.218..0.22]	[0.0..0.0]	0.81129444	[31676.326..31676.326]
Group-1	PC 38:4:0	283.26	20180509_PC_brain_02.mzXML	30.0	50373.2	0.0	0.0	[0.0..0.0]	[0.0..0.0]	[0.945..0.945]	[47602.67..47602.67]	[0.233..0.238]	[0.0..0.0]	[0.945..0.945]	[47602.67..47602.67]	[0.233..0.238]	[0.0..0.0]	0.81129444	[38619.785..38619.785]
Group-1	PC 38:4:0	283.26	20180509_PC_brain_02.mzXML	35.0	50334.2	0.0	0.0	[0.0..0.0]	[0.0..0.0]	[0.937..0.937]	[47163.145..47163.145]	[0.251..0.258]	[0.0..0.0]	[0.937..0.937]	[47163.145..47163.145]	[0.251..0.258]	[0.0..0.0]	0.81129444	[38263.195..38263.195]
Group-1	PC 38:4:0	303.23	20180509_PC_brain_02.mzXML	25.0	116466.4	5575.9	0.04787561	[5.3..5.4]	[1.0..1.0]	[1.189..1.2]	[138478.55..139759.69]	[0.78..0.782]	[1.0..1.0]	[1.189..1.2]	[138478.55..139759.69]	[0.78..0.782]	[1.0..1.0]	0.81129444	[112346.875..113386.25]
Group-1	PC 38:4:0	303.23	20180509_PC_brain_02.mzXML	30.0	94381.1	8466.3	0.08970334	[5.0..5.0]	[1.0..1.0]	[1.613..1.656]	[152236.72..156295.11]	[0.762..0.767]	[1.0..1.0]	[1.613..1.656]	[152236.72..156295.11]	[0.762..0.767]	[1.0..1.0]	0.81129444	[123508.8..126801.34]
Group-1	PC 38:4:0	303.23	20180509_PC_brain_02.mzXML	35.0	54381.8	6547.2	0.120393224	[5.0..5.2]	[1.0..1.0]	[2.49..2.594]	[135410.69..141066.39]	[0.742..0.749]	[1.0..1.0]	[2.49..2.594]	[135410.69..141066.39]	[0.742..0.749]	[1.0..1.0]	0.81129444	[109857.94..114446.38]
Group-1	PC 38:4:0	305.25	20180509_PC_brain_02.mzXML	25.0	2979.2	0.0	0.0	[5.0..11.0]	[0.0..1.0]	[0.901..1.029]	[2684.259..3065.597]	[0.567..0.575]	[0.54..0.77]	[0.849..0.926]	[2529.3406..2758.7393]	[0.547..0.562]	[0.537..0.772]	0.81129444	[2177.7246..2487.1016]
Group-1	PC 38:4:0	305.25	20180509_PC_brain_02.mzXML	30.0	2996.1	0.0	0.0	[5.0..11.0]	[0.0..1.0]	[0.925..1.213]	[2771.393..3634.27]	[0.542..0.589]	[0.54..0.77]	[0.898..1.129]	[2690.4978..3382.597]	[0.53..0.582]	[0.537..0.772]	0.81129444	[2248.4153..2948.4626]
Group-1	PC 38:4:0	305.25	20180509_PC_brain_02.mzXML	35.0	2359.2	0.0	0.0	[5.0..11.0]	[1.0..1.0]	[1.099..1.57]	[2592.761..3703.944]	[0.514..0.602]	[0.54..0.77]	[1.031..1.504]	[2432.3352..3548.2366]	[0.498..0.592]	[0.537..0.772]	0.81129444	[2103.4922..3004.989]
Group-1	PC 38:4:0	331.26	20180509_PC_brain_02.mzXML	25.0	24772.8	0.0	0.0	[7.0..10.0]	[0.0..1.0]	[0.923..1.046]	[22865.295..25912.35]	[0.66..0.688]	[0.83..0.98]	[0.947..1.035]	[23459.844..25639.848]	[0.666..0.685]	[0.83..0.981]	0.81129444	[18550.486..21022.545]
Group-1	PC 38:4:0	331.26	20180509_PC_brain_02.mzXML	30.0	23371.0	0.0	0.0	[7.0..10.0]	[0.0..1.0]	[1.027..1.245]	[24002.016..29096.895]	[0.628..0.672]	[0.83..0.98]	[1.045..1.236]	[24422.693..28886.555]	[0.632..0.67]	[0.83..0.981]	0.81129444	[19472.701..23606.148]
Group-1	PC 38:4:0	331.26	20180509_PC_brain_02.mzXML	35.0	16304.5	0.0	0.0	[7.0..10.0]	[1.0..1.0]	[1.365..1.711]	[22255.643..27896.998]	[0.629..0.68]	[0.83..0.98]	[1.325..1.704]	[21603.463..27782.867]	[0.622..0.679]	[0.83..0.981]	0.81129444	[18055.879..22632.68]
Group-1	PC 38:5:0	255.23	20180509_PC_brain_02.mzXML	25.0	17592.9	0.0	0.0	[0.0..0.0]	[0.0..0.9]	[1.0..1.0]	[17592.9..17592.9]	[0.412..0.464]	[0.09..0.41]	[1.0..1.0]	[17592.9..17592.9]	[0.424..0.468]	[0.092..0.41]	0.81293565	[14301.8955..14301.8955]
Group-1	PC 38:5:0	255.23	20180509_PC_brain_02.mzXML	30.0	18222.2	0.0	0.0	[0.0..0.0]	[0.0..0.9]	[1.0..1.0]	[18222.2..18222.2]	[0.382..0.446]	[0.09..0.41]	[1.0..1.0]	[18222.2..18222.2]	[0.39..0.446]	[0.092..0.41]	0.81293565	[14813.476..14813.476]
Group-1	PC 38:5:0	255.23	20180509_PC_brain_02.mzXML	35.0	16167.3	0.0	0.0	[0.0..0.0]	[0.0..0.0]	[1.0..1.0]	[16167.3..16167.3]	[0.347..0.4]	[0.09..0.41]	[1.0..1.0]	[16167.3..16167.3]	[0.351..0.417]	[0.092..0.41]	0.81293565	[13142.975..13142.975]
Group-1	PC 38:5:0	281.25	20180509_PC_brain_02.mzXML	25.0	9343.2	0.0	0.0	[9.0..9.0]	[0.0..0.0]	[0.869..0.869]	[8119.241..8119.241]	[0.23..0.236]	[0.0..0.0]	[0.869..0.869]	[8119.241..8119.241]	[0.23..0.236]	[0.0..0.0]	0.81293565	[6600.4204..6600.4204]
Group-1	PC 38:5:0	281.25	20180509_PC_brain_02.mzXML	30.0	11208.1	0.0	0.0	[9.0..9.0]	[0.0..0.0]	[0.855..0.855]	[9582.926..9582.926]	[0.248..0.267]	[0.0..0.0]	[0.855..0.855]	[9582.926..9582.926]	[0.248..0.267]	[0.0..0.0]	0.81293565	[7790.302..7790.302]
Group-1	PC 38:5:0	281.25	20180509_PC_brain_02.mzXML	35.0	10239.0	0.0	0.0	[9.0..9.0]	[0.0..0.0]	[0.868..0.868]	[8887.452..8887.452]	[0.258..0.29]	[0.0..0.0]	[0.868..0.868]	[8887.452..8887.452]	[0.258..0.29]	[0.0..0.0]	0.81293565	[7224.927..7224.927]
Group-1	PC 38:5:0	303.23	20180509_PC_brain_02.mzXML	25.0	22625.2	1082.0	0.047822785	[5.3..5.4]	[1.0..1.0]	[1.16..1.2]	[26245.23..27150.24]	[0.764..0.77]	[1.0..1.0]	[1.16..1.2]	[26245.23..27150.24]	[0.764..0.77]	[1.0..1.0]	0.81293565	[21335.682..22071.396]
Group-1	PC 38:5:0	303.23	20180509_PC_brain_02.mzXML	30.0	17572.3	1565.3	0.089077696	[5.0..5.0]	[1.0..1.0]	[1.496..1.656]	[26288.162..29099.73]	[0.733..0.752]	[1.0..1.0]	[1.496..1.656]	[26288.162..29099.73]	[0.733..0.752]	[1.0..1.0]	0.81293565	[21370.584..23656.207]
Group-1	PC 38:5:0	303.23	20180509_PC_brain_02.mzXML	35.0	9873.1	871.0	0.08821951	[6.3..6.5]	[1.0..1.0]	[2.203..2.594]	[21750.44..25610.822]	[0.71..0.742]	[1.0..1.0]	[2.203..2.594]	[21750.44..25610.822]	[0.71..0.742]	[1.0..1.0]	0.81293565	[17681.707..20819.95]
Group-1	PC 38:5:0	329.25	20180509_PC_brain_02.mzXML	25.0	17502.7	3066.7	0.17521298	[4.1..4.3]	[0.1..1.0]	[1.163..1.432]	[20355.639..25063.865]	[0.536..0.588]	[0.59..0.91]	[1.142..1.368]	[19988.082..23943.693]	[0.532..0.576]	[0.59..0.908]	0.81293565	[16547.824..20375.31]
Group-1	PC 38:5:0	329.25	20180509_PC_brain_02.mzXML	30.0	12084.5	2887.2	0.23891762	[4.8..4.8]	[0.1..1.0]	[1.872..2.438]	[22622.184..29462.01]	[0.554..0.618]	[0.59..0.91]	[1.875..2.363]	[22658.438..28555.672]	[0.554..0.61]	[0.59..0.908]	0.81293565	[18390.379..23950.719]
Group-1	PC 38:5:0	329.25	20180509_PC_brain_02.mzXML	35.0	6106.4	1730.5	0.2833912	[5.2..5.5]	[1.0..1.0]	[3.964..4.992]	[24205.77..30483.148]	[0.6..0.653]	[0.59..0.91]	[3.699..4.895]	[22587.572..29890.828]	[0.583..0.649]	[0.59..0.908]	0.81293565	[19677.732..24780.84]
Group-1	PC 38:6:0	255.23	20180509_PC_brain_02.mzXML	25.0	29370.3	0.0	0.0	[0.0..0.0]	[0.0..0.0]	[1.0..1.0]	[29370.3..29370.3]	[0.334..0.334]	[0.09..0.16]	[1.0..1.0]	[29370.3..29370.3]	[0.334..0.334]	[0.086..0.164]	0.81459224	[23924.818..23924.818]
Group-1	PC 38:6:0	255.23	20180509_PC_brain_02.mzXML	30.0	32734.4	0.0	0.0	[0.0..0.0]	[0.0..0.0]	[1.0..1.0]	[32734.4..32734.4]	[0.37..0.37]	[0.09..0.16]	[1.0..1.0]	[32734.4..32734.4]	[0.37..0.37]	[0.086..0.164]	0.81459224	[26665.19..26665.19]
Group-1	PC 38:6:0	255.23	20180509_PC_brain_02.mzXML	35.0	31872.2	0.0	0.0	[0.0..0.0]	[0.0..0.0]	[1.0..1.0]	[31872.2..31872.2]	[0.37..0.37]	[0.09..0.16]	[1.0..1.0]	[31872.2..31872.2]	[0.37..0.37]	[0.086..0.164]	0.81459224	[25962.846..25962.846]
Group-1	PC 38:6:0	327.23	20180509_PC_brain_02.mzXML	25.0	30189.7	10330.4	0.34218296	[4.0..4.0]	[1.0..1.0]	[1.942..1.942]	[58628.4..58628.4]	[0.666..0.666]	[0.84..0.91]	[1.942..1.942]	[58628.4..58628.4]	[0.666..0.666]	[0.836..0.914]	0.81459224	[47758.24..47758.24]
Group-1	PC 38:6:0	327.23	20180509_PC_brain_02.mzXML	30.0	13269.8	8054.3	0.6069647	[4.0..4.0]	[1.0..1.0]	[4.199..4.199]	[55719.887..55719.887]	[0.63..0.63]	[0.84..0.91]	[4.199..4.199]	[55719.887..55719.887]	[0.63..0.63]	[0.836..0.914]	0.81459224	[45388.99..45388.99]
Group-1	PC 38:6:0	327.23	20180509_PC_brain_02.mzXML	35.0	4750.4	3622.6	0.76258844	[4.0..4.0]	[1.0..1.0]	[11.439..11.439]	[54339.824..54339.824]	[0.63..0.63]	[0.84..0.91]	[11.439..11.439]	[54339.824..54339.824]	[0.63..0.63]	[0.836..0.914]	0.81459224	[44264.8..44264.8]
Group-1	PC 40:2:0	281.25	20180509_PC_brain_02.mzXML	25.0	2928.1	0.0	0.0	[9.0..9.0]	[0.0..0.0]	[0.869..0.869]	[2544.519..2544.519]	[0.494..0.494]	[0.49..0.57]	[0.869..0.869]	[2544.519..2544.519]	[0.494..0.494]	[0.485..0.569]	0.7860534	[2000.1278..2000.1278]
Group-1	PC 40:2:0	281.25	20180509_PC_brain_02.mzXML	30.0	3453.4	0.0	0.0	[9.0..9.0]	[0.0..0.0]	[0.855..0.855]	[2952.657..2952.657]	[0.513..0.513]	[0.49..0.57]	[0.855..0.855]	[2952.657..2952.657]	[0.513..0.513]	[0.485..0.569]	0.7860534	[2320.9463..2320.9463]
Group-1	PC 40:2:0	281.25	20180509_PC_brain_02.mzXML	35.0	3371.8	0.0	0.0	[9.0..9.0]	[0.0..0.0]	[0.868..0.868]	[2926.723..2926.723]	[0.526..0.526]	[0.49..0.57]	[0.868..0.868]	[2926.7224..2926.7224]	[0.526..0.526]	[0.485..0.569]	0.7860534	[2300.56..2300.56]
Group-1	PC 40:2:0	283.26	20180509_PC_brain_02.mzXML	25.0	338.6	0.0	0.0	[0.0..0.0]	[0.0..0.0]	[0.968..0.968]	[327.765..327.765]	[0.147..0.147]	[0.0..0.06]	[0.968..0.968]	[327.7648..327.7648]	[0.147..0.147]	[0.0..0.061]	0.7860534	[257.64062..257.64062]
Group-1	PC 40:2:0	283.26	20180509_PC_brain_02.mzXML	30.0	753.4	0.0	0.0	[0.0..0.0]	[1.0..1.0]	[0.958..0.958]	[721.757..721.757]	[0.33..0.33]	[0.0..0.06]	[0.958..0.958]	[721.7572..721.7572]	[0.33..0.33]	[0.0..0.061]	0.7860534	[567.3397..567.3397]
Group-1	PC 40:2:0	283.26	20180509_PC_brain_02.mzXML	35.0	715.7	0.0	0.0	[0.0..0.0]	[0.0..1.0]	[0.937..0.945]	[670.611..676.337]	[0.283..0.294]	[0.0..0.06]	[0.937..0.937]	[670.6109..670.6109]	[0.281..0.282]	[0.0..0.061]	0.7860534	[527.136..531.6366]
Group-1	PC 40:2:0	309.28	20180509_PC_brain_02.mzXML	25.0	1188.2	0.0	0.0	[11.0..11.0]	[0.5..0.5]	[0.928..0.928]	[1102.65..1102.65]	[0.5..0.5]	[0.5..0.5]	[0.928..0.928]	[1102.6495..1102.6495]	[0.5..0.5]	[0.5..0.5]	0.7860534	[866.74146..866.74146]
Group-1	PC 40:2:0	309.28	20180509_PC_brain_02.mzXML	30.0	1232.7	0.0	0.0	[11.0..11.0]	[0.5..0.5]	[0.904..0.904]	[1114.361..1114.361]	[0.5..0.5]	[0.5..0.5]	[0.904..0.904]	[1114.3607..1114.3607]	[0.5..0.5]	[0.5..0.5]	0.7860534	[875.9471..875.9471]
Group-1	PC 40:2:0	309.28	20180509_PC_brain_02.mzXML	35.0	1209.0	0.0	0.0	[11.0..11.0]	[0.5..0.5]	[0.904..0.904]	[1092.936..1092.936]	[0.5..0.5]	[0.5..0.5]	[0.904..0.904]	[1092.936..1092.936]	[0.5..0.5]	[0.5..0.5]	0.7860534	[859.106..859.106]
Group-1	PC 40:2:0	335.29	20180509_PC_brain_02.mzXML	25.0	2014.6	0.0	0.0	[13.0..13.0]	[1.0..1.0]	[0.945..0.945]	[1903.797..1903.797]	[0.853..0.853]	[0.94..1.0]	[0.945..0.945]	[1903.797..1903.797]	[0.853..0.853]	[0.939..1.0]	0.7860534	[1496.4862..1496.4862]
Group-1	PC 40:2:0	335.29	20180509_PC_brain_02.mzXML	30.0	1874.9	0.0	0.0	[13.0..13.0]	[0.0..0.0]	[0.782..0.782]	[1466.172..1466.172]	[0.67..0.67]	[0.94..1.0]	[0.782..0.782]	[1466.1719..1466.1719]	[0.67..0.67]	[0.939..1.0]	0.7860534	[1152.4894..1152.4894]
Group-1	PC 40:2:0	335.29	20180509_PC_brain_02.mzXML	35.0	2032.4	0.0	0.0	[13.0..13.0]	[0.0..1.0]	[0.791..0.844]	[1607.628..1715.346]	[0.706..0.717]	[0.94..1.0]	[0.841..0.844]	[1709.2484..1715.3456]	[0.718..0.719]	[0.939..1.0]	0.7860534	[1263.6818..1348.3533]
Group-1	PC 40:2:0	337.31	20180509_PC_brain_02.mzXML	25.0	2741.8	0.0	0.0	[13.0..13.0]	[1.0..1.0]	[0.951..0.951]	[2607.452..2607.452]	[0.506..0.506]	[0.43..0.51]	[0.951..0.951]	[2607.4517..2607.4517]	[0.506..0.506]	[0.431..0.515]	0.7860534	[2049.5964..2049.5964]
Group-1	PC 40:2:0	337.31	20180509_PC_brain_02.mzXML	30.0	3263.5	0.0	0.0	[13.0..13.0]	[1.0..1.0]	[0.858..0.858]	[2800.083..2800.083]	[0.487..0.487]	[0.43..0.51]	[0.858..0.858]	[2800.083..2800.083]	[0.487..0.487]	[0.431..0.515]	0.7860534	[2201.015..2201.015]
Group-1	PC 40:2:0	337.31	20180509_PC_brain_02.mzXML	35.0	3248.8	0.0	0.0	[13.0..13.0]	[1.0..1.0]	[0.812..0.812]	[2638.026..2638.026]	[0.474..0.474]	[0.43..0.51]	[0.812..0.812]	[2638.0256..2638.0256]	[0.474..0.474]	[0.431..0.515]	0.7860534	[2073.6292..2073.6292]
Group-1	PC 40:3:0	281.25	20180509_PC_brain_02.mzXML	25.0	549.3	0.0	0.0	[9.0..9.0]	[0.0..0.0]	[0.869..0.869]	[477.342..477.342]	[0.57..0.57]	[0.27..0.67]	[0.869..0.869]	[477.3417..477.3417]	[0.57..0.57]	[0.268..0.674]	0.78759354	[375.95123..375.95123]
Group-1	PC 40:3:0	281.25	20180509_PC_brain_02.mzXML	30.0	635.3	0.0	0.0	[9.0..9.0]	[0.0..0.0]	[0.855..0.855]	[543.182..543.182]	[0.453..0.453]	[0.27..0.67]	[0.855..0.855]	[543.1815..543.1815]	[0.453..0.453]	[0.268..0.674]	0.78759354	[427.80624..427.80624]
Group-1	PC 40:3:0	281.25	20180509_PC_brain_02.mzXML	35.0	316.6	0.0	0.0	[9.0..9.0]	[0.0..0.0]	[0.868..0.868]	[274.809..274.809]	[0.413..0.413]	[0.27..0.67]	[0.868..0.868]	[274.8088..274.8088]	[0.413..0.413]	[0.268..0.674]	0.78759354	[216.43764..216.43764]
Group-1	PC 40:3:0	283.26	20180509_PC_brain_02.mzXML	25.0	806.1	0.0	0.0	[0.0..0.0]	[0.0..0.0]	[0.968..0.968]	[780.305..780.305]	[0.2..0.2]	[0.0..0.26]	[0.968..0.968]	[780.30475..780.30475]	[0.2..0.2]	[0.0..0.262]	0.78759354	[614.563..614.563]
Group-1	PC 40:3:0	283.26	20180509_PC_brain_02.mzXML	30.0	985.4	0.0	0.0	[0.0..0.0]	[0.0..0.0]	[0.945..0.945]	[931.203..931.203]	[0.232..0.232]	[0.0..0.26]	[0.945..0.945]	[931.203..931.203]	[0.232..0.232]	[0.0..0.262]	0.78759354	[733.4095..733.4095]
Group-1	PC 40:3:0	283.26	20180509_PC_brain_02.mzXML	35.0	1589.6	0.0	0.0	[0.0..0.0]	[0.0..0.0]	[0.937..0.937]	[1489.455..1489.455]	[0.411..0.411]	[0.0..0.26]	[0.937..0.937]	[1489.4552..1489.4552]	[0.411..0.411]	[0.0..0.262]	0.78759354	[1173.0852..1173.0852]
Group-1	PC 40:3:0	333.28	20180509_PC_brain_02.mzXML	25.0	3166.0	0.0	0.0	[13.0..13.0]	[1.0..1.0]	[0.988..0.988]	[3128.008..3128.008]	[0.8..0.8]	[0.74..1.0]	[0.988..0.988]	[3128.0078..3128.0078]	[0.8..0.8]	[0.738..1.0]	0.78759354	[2463.5989..2463.5989]
Group-1	PC 40:3:0	333.28	20180509_PC_brain_02.mzXML	30.0	3264.4	0.0	0.0	[13.0..13.0]	[1.0..1.0]	[0.943..0.943]	[3078.329..3078.329]	[0.768..0.768]	[0.74..1.0]	[0.943..0.943]	[3078.329..3078.329]	[0.768..0.768]	[0.738..1.0]	0.78759354	[2424.4722..2424.4722]
Group-1	PC 40:3:0	333.28	20180509_PC_brain_02.mzXML	35.0	2146.2	0.0	0.0	[13.0..13.0]	[1.0..1.0]	[0.995..0.995]	[2135.469..2135.469]	[0.589..0.589]	[0.74..1.0]	[0.995..0.995]	[2135.469..2135.469]	[0.589..0.589]	[0.738..1.0]	0.78759354	[1681.8816..1681.8816]
Group-1	PC 40:3:0	335.29	20180509_PC_brain_02.mzXML	25.0	380.7	0.0	0.0	[13.0..13.0]	[1.0..1.0]	[0.945..0.945]	[359.762..359.762]	[0.43..0.43]	[0.33..0.73]	[0.945..0.945]	[359.7615..359.7615]	[0.43..0.43]	[0.326..0.732]	0.78759354	[283.34586..283.34586]
Group-1	PC 40:3:0	335.29	20180509_PC_brain_02.mzXML	30.0	762.1	0.0	0.0	[13.0..13.0]	[1.0..1.0]	[0.862..0.862]	[656.93..656.93]	[0.547..0.547]	[0.33..0.73]	[0.862..0.862]	[656.9302..656.9302]	[0.547..0.547]	[0.326..0.732]	0.78759354	[517.394..517.394]
Group-1	PC 40:3:0	335.29	20180509_PC_brain_02.mzXML	35.0	462.3	0.0	0.0	[13.0..13.0]	[1.0..1.0]	[0.844..0.844]	[390.181..390.181]	[0.587..0.587]	[0.33..0.73]	[0.844..0.844]	[390.18118..390.18118]	[0.587..0.587]	[0.326..0.732]	0.78759354	[307.3042..307.3042]
Group-1	PC 40:4:0	255.23	20180509_PC_brain_02.mzXML	25.0	1113.3	0.0	0.0	[0.0..0.0]	[0.0..1.0]	[1.0..1.0]	[1113.3..1113.3]	[0.317..0.345]	[0.04..0.25]	[1.0..1.0]	[1113.3..1113.3]	[0.318..0.324]	[0.044..0.247]	0.78913254	[878.54126..878.54126]
Group-1	PC 40:4:0	255.23	20180509_PC_brain_02.mzXML	30.0	1539.0	0.0	0.0	[0.0..0.0]	[1.0..1.0]	[1.0..1.0]	[1539.0..1539.0]	[0.402..0.402]	[0.04..0.25]	[1.0..1.0]	[1539.0..1539.0]	[0.402..0.402]	[0.044..0.247]	0.78913254	[1214.475..1214.475]
Group-1	PC 40:4:0	255.23	20180509_PC_brain_02.mzXML	35.0	1183.5	0.0	0.0	[0.0..0.0]	[0.0..0.0]	[1.0..1.0]	[1183.5..1183.5]	[0.334..0.334]	[0.04..0.25]	[1.0..1.0]	[1183.5..1183.5]	[0.334..0.334]	[0.044..0.247]	0.78913254	[933.93835..933.93835]
Group-1	PC 40:4:0	283.26	20180509_PC_brain_02.mzXML	25.0	7204.6	0.0	0.0	[0.0..0.0]	[0.0..1.0]	[0.968..0.988]	[6974.053..7118.145]	[0.242..0.262]	[0.0..0.06]	[0.968..0.969]	[6974.0527..6981.2573]	[0.239..0.248]	[0.0..0.062]	0.78913254	[5503.452..5617.1597]
Group-1	PC 40:4:0	283.26	20180509_PC_brain_02.mzXML	30.0	9039.0	0.0	0.0	[0.0..0.0]	[0.19999999..1.0]	[0.948..0.958]	[8568.972..8659.362]	[0.263..0.287]	[0.0..0.06]	[0.948..0.949]	[8568.972..8578.011]	[0.249..0.277]	[0.0..0.062]	0.78913254	[6762.0547..6833.3843]
Group-1	PC 40:4:0	283.26	20180509_PC_brain_02.mzXML	35.0	9029.6	0.0	0.0	[0.0..0.0]	[0.0..0.0]	[0.937..0.937]	[8460.734..8460.734]	[0.287..0.336]	[0.0..0.06]	[0.937..0.937]	[8460.734..8460.734]	[0.287..0.338]	[0.0..0.062]	0.78913254	[6676.641..6676.641]
Group-1	PC 40:4:0	331.26	20180509_PC_brain_02.mzXML	25.0	21264.1	0.0	0.0	[7.0..10.0]	[0.0..1.0]	[0.923..1.046]	[19626.764..22242.248]	[0.738..0.758]	[0.94..1.0]	[0.995..1.046]	[21157.78..22242.248]	[0.752..0.761]	[0.938..1.0]	0.78913254	[15488.118..17552.082]
Group-1	PC 40:4:0	331.26	20180509_PC_brain_02.mzXML	30.0	20742.4	566.3	0.027301565	[7.4..7.6]	[0.0..0.8]	[1.027..1.17]	[21302.443..24268.607]	[0.713..0.737]	[0.94..1.0]	[1.08..1.245]	[22401.793..25824.29]	[0.723..0.751]	[0.938..1.0]	0.78913254	[16810.451..19151.148]
Group-1	PC 40:4:0	331.26	20180509_PC_brain_02.mzXML	35.0	12260.2	0.0	0.0	[7.0..10.0]	[1.0..1.0]	[1.365..1.711]	[16735.174..20977.201]	[0.664..0.713]	[0.94..1.0]	[1.35..1.711]	[16551.271..20977.201]	[0.662..0.713]	[0.938..1.0]	0.78913254	[13206.27..16553.793]
Group-1	PC 40:4:0	359.3	20180509_PC_brain_02.mzXML	25.0	2521.9	0.0	0.0	[9.0..9.0]	[0.0..1.0]	[0.837..0.95]	[2110.83..2395.805]	[0.655..0.683]	[0.75..0.96]	[0.922..0.945]	[2325.1917..2383.1953]	[0.676..0.682]	[0.753..0.956]	0.78913254	[1665.7249..1890.6075]
Group-1	PC 40:4:0	359.3	20180509_PC_brain_02.mzXML	30.0	2474.6	0.0	0.0	[9.0..9.0]	[0.0..0.0]	[0.924..0.924]	[2286.531..2286.531]	[0.598..0.598]	[0.75..0.96]	[0.924..0.924]	[2286.5305..2286.5305]	[0.598..0.598]	[0.753..0.956]	0.78913254	[1804.3757..1804.3757]
Group-1	PC 40:4:0	359.3	20180509_PC_brain_02.mzXML	35.0	1898.5	0.0	0.0	[9.0..9.0]	[1.0..1.0]	[1.244..1.244]	[2361.734..2361.734]	[0.666..0.666]	[0.75..0.96]	[1.244..1.244]	[2361.734..2361.734]	[0.666..0.666]	[0.753..0.956]	0.78913254	[1863.7211..1863.7211]
Group-1	PC 40:5:0	281.25	20180509_PC_brain_02.mzXML	25.0	2069.7	0.0	0.0	[9.0..9.0]	[0.0..1.0]	[0.869..0.964]	[1798.569..1995.191]	[0.406..0.411]	[0.27..0.56]	[0.895..0.922]	[1852.3815..1908.2633]	[0.424..0.436]	[0.266..0.556]	0.7906781	[1422.0894..1577.5536]
Group-1	PC 40:5:0	281.25	20180509_PC_brain_02.mzXML	30.0	2426.2	0.0	0.0	[9.0..9.0]	[0.0..1.0]	[0.855..0.926]	[2074.401..2246.661]	[0.429..0.457]	[0.27..0.56]	[0.874..0.895]	[2120.4988..2171.449]	[0.44..0.473]	[0.266..0.556]	0.7906781	[1640.1835..1776.3857]
Group-1	PC 40:5:0	281.25	20180509_PC_brain_02.mzXML	35.0	2639.5	0.0	0.0	[9.0..9.0]	[0.0..0.0]	[0.868..0.868]	[2291.086..2291.086]	[0.465..0.521]	[0.27..0.56]	[0.868..0.868]	[2291.086..2291.086]	[0.477..0.537]	[0.266..0.556]	0.7906781	[1811.5115..1811.5115]
Group-1	PC 40:5:0	283.26	20180509_PC_brain_02.mzXML	25.0	4752.5	0.0	0.0	[0.0..0.0]	[0.0..0.7]	[0.968..0.982]	[4600.42..4666.955]	[0.222..0.258]	[0.0..0.0]	[0.968..0.968]	[4600.42..4600.42]	[0.22..0.226]	[0.0..0.0]	0.7906781	[3637.4512..3690.0588]
Group-1	PC 40:5:0	283.26	20180509_PC_brain_02.mzXML	30.0	5745.7	0.0	0.0	[0.0..0.0]	[0.0..0.0]	[0.945..0.945]	[5429.687..5429.687]	[0.232..0.246]	[0.0..0.0]	[0.945..0.945]	[5429.6865..5429.6865]	[0.232..0.246]	[0.0..0.0]	0.7906781	[4293.1343..4293.1343]
Group-1	PC 40:5:0	283.26	20180509_PC_brain_02.mzXML	35.0	5740.9	0.0	0.0	[0.0..0.0]	[0.0..0.7]	[0.937..0.943]	[5379.223..5413.669]	[0.242..0.281]	[0.0..0.0]	[0.937..0.937]	[5379.223..5379.223]	[0.24..0.262]	[0.0..0.0]	0.7906781	[4253.234..4280.469]
Group-1	PC 40:5:0	303.23	20180509_PC_brain_02.mzXML	25.0	2248.5	0.0	0.0	[5.0..8.0]	[0.0..0.0]	[1.004..1.058]	[2257.494..2378.913]	[1.0..1.0]	[1.0..1.0]	[1.12..1.2]	[2518.32..2698.2002]	[1.0..1.0]	[1.0..1.0]	0.7906781	[1784.951..1880.9543]
Group-1	PC 40:5:0	303.23	20180509_PC_brain_02.mzXML	30.0	1767.4	0.0	0.0	[5.0..8.0]	[0.0..0.0]	[1.229..1.481]	[2172.135..2617.519]	[0.776..0.807]	[1.0..1.0]	[1.337..1.656]	[2363.014..2926.8145]	[0.79..0.823]	[1.0..1.0]	0.7906781	[1717.4592..2069.6152]
Group-1	PC 40:5:0	303.23	20180509_PC_brain_02.mzXML	35.0	866.4	0.0	0.0	[5.0..8.0]	[0.0..0.0]	[1.708..2.348]	[1479.811..2034.307]	[0.787..0.836]	[1.0..1.0]	[1.812..2.594]	[1569.9169..2247.4417]	[0.797..0.849]	[1.0..1.0]	0.7906781	[1170.0543..1608.4822]
Group-1	PC 40:5:0	309.28	20180509_PC_brain_02.mzXML	25.0	0.0	0.0	0.0	[11.0..11.0]	[1.0..1.0]	[0.963..0.963]	[0.0..0.0]	[0.0..0.0]	[0.0..0.0]	[0.963..0.963]	[0.0..0.0]	[0.0..0.0]	[0.0..0.0]	0.7906781	[0.0..0.0]
Group-1	PC 40:5:0	309.28	20180509_PC_brain_02.mzXML	30.0	702.4	0.0	0.0	[11.0..11.0]	[1.0..1.0]	[0.894..0.894]	[627.946..627.946]	[0.193..0.224]	[0.0..0.0]	[0.894..0.894]	[627.9456..627.9456]	[0.177..0.21]	[0.0..0.0]	0.7906781	[496.50284..496.50284]
Group-1	PC 40:5:0	309.28	20180509_PC_brain_02.mzXML	35.0	465.0	0.0	0.0	[11.0..11.0]	[1.0..1.0]	[0.861..0.861]	[400.365..400.365]	[0.164..0.213]	[0.0..0.0]	[0.861..0.861]	[400.365..400.365]	[0.151..0.203]	[0.0..0.0]	0.7906781	[316.55984..316.55984]
Group-1	PC 40:5:0	329.25	20180509_PC_brain_02.mzXML	25.0	11588.0	1909.9	0.16481705	[4.4..4.5]	[0.3..1.0]	[1.142..1.411]	[13233.495..16350.668]	[0.742..0.778]	[1.0..1.0]	[1.362..1.411]	[15782.855..16350.668]	[0.774..0.78]	[1.0..1.0]	0.7906781	[10463.436..12928.115]
Group-1	PC 40:5:0	329.25	20180509_PC_brain_02.mzXML	30.0	7629.3	1754.2	0.22992936	[4.9..4.9]	[1.0..1.0]	[2.187..2.362]	[16685.28..18020.406]	[0.754..0.768]	[1.0..1.0]	[2.187..2.362]	[16685.28..18020.406]	[0.754..0.768]	[1.0..1.0]	0.7906781	[13192.685..14248.341]
Group-1	PC 40:5:0	329.25	20180509_PC_brain_02.mzXML	35.0	3563.6	1141.9	0.3204344	[4.9..5.1]	[0.3..1.0]	[3.869..4.771]	[13787.568..17001.936]	[0.719..0.758]	[1.0..1.0]	[4.257..4.771]	[15170.245..17001.936]	[0.738..0.76]	[1.0..1.0]	0.7906781	[10901.528..13443.058]
Group-1	PC 40:5:0	331.26	20180509_PC_brain_02.mzXML	25.0	2788.0	0.0	0.0	[7.0..10.0]	[0.0..1.0]	[0.923..1.046]	[2573.324..2916.248]	[0.589..0.594]	[0.44..0.73]	[0.86..0.928]	[2397.68..2587.264]	[0.564..0.576]	[0.444..0.734]	0.7906781	[2034.6708..2305.8132]
Group-1	PC 40:5:0	331.26	20180509_PC_brain_02.mzXML	30.0	2400.4	0.0	0.0	[7.0..10.0]	[0.0..1.0]	[1.027..1.245]	[2465.211..2988.498]	[0.543..0.571]	[0.44..0.73]	[0.983..1.15]	[2359.593..2760.4597]	[0.527..0.56]	[0.444..0.734]	0.7906781	[1949.188..2362.9397]
Group-1	PC 40:5:0	331.26	20180509_PC_brain_02.mzXML	35.0	1540.2	0.0	0.0	[7.0..10.0]	[1.0..1.0]	[1.365..1.711]	[2102.373..2635.282]	[0.479..0.535]	[0.44..0.73]	[1.283..1.634]	[1976.0765..2516.6865]	[0.463..0.523]	[0.444..0.734]	0.7906781	[1662.3003..2083.66]
Group-1	PC 40:6:0	281.25	20180509_PC_brain_02.mzXML	25.0	7769.1	0.0	0.0	[9.0..9.0]	[0.0..0.0]	[0.869..0.869]	[6751.348..6751.348]	[0.691..0.724]	[0.98..1.0]	[0.869..0.869]	[6751.348..6751.348]	[0.718..0.741]	[0.976..1.0]	0.79223794	[5348.6743..5348.6743]
Group-1	PC 40:6:0	281.25	20180509_PC_brain_02.mzXML	30.0	8575.7	0.0	0.0	[9.0..9.0]	[0.0..0.0]	[0.855..0.855]	[7332.224..7332.224]	[0.744..0.807]	[0.98..1.0]	[0.855..0.855]	[7332.2236..7332.2236]	[0.765..0.816]	[0.976..1.0]	0.79223794	[5808.8657..5808.8657]
Group-1	PC 40:6:0	281.25	20180509_PC_brain_02.mzXML	35.0	10082.9	0.0	0.0	[9.0..9.0]	[0.0..0.0]	[0.868..0.868]	[8751.957..8751.957]	[0.825..0.893]	[0.98..1.0]	[0.868..0.868]	[8751.957..8751.957]	[0.841..0.897]	[0.976..1.0]	0.79223794	[6933.6323..6933.6323]
Group-1	PC 40:6:0	283.26	20180509_PC_brain_02.mzXML	25.0	14505.9	0.0	0.0	[0.0..0.0]	[0.0..0.0]	[0.968..0.968]	[14041.712..14041.712]	[0.245..0.245]	[0.0..0.0]	[0.968..0.968]	[14041.712..14041.712]	[0.245..0.245]	[0.0..0.0]	0.79223794	[11124.377..11124.377]
Group-1	PC 40:6:0	283.26	20180509_PC_brain_02.mzXML	30.0	16654.7	0.0	0.0	[0.0..0.0]	[0.0..0.0]	[0.945..0.945]	[15738.69..15738.69]	[0.258..0.258]	[0.0..0.0]	[0.945..0.945]	[15738.69..15738.69]	[0.258..0.258]	[0.0..0.0]	0.79223794	[12468.788..12468.788]
Group-1	PC 40:6:0	283.26	20180509_PC_brain_02.mzXML	35.0	18301.3	0.0	0.0	[0.0..0.0]	[0.0..0.0]	[0.937..0.937]	[17148.318..17148.318]	[0.304..0.304]	[0.0..0.0]	[0.937..0.937]	[17148.318..17148.318]	[0.304..0.304]	[0.0..0.0]	0.79223794	[13585.548..13585.548]
Group-1	PC 40:6:0	327.23	20180509_PC_brain_02.mzXML	25.0	22246.6	7539.2	0.33889225	[4.0..4.0]	[1.0..1.0]	[1.942..1.942]	[43202.9..43202.9]	[0.755..0.755]	[1.0..1.0]	[1.942..1.942]	[43202.9..43202.9]	[0.755..0.755]	[1.0..1.0]	0.79223794	[34226.973..34226.973]
Group-1	PC 40:6:0	327.23	20180509_PC_brain_02.mzXML	30.0	10769.1	6164.2	0.572397	[4.0..4.0]	[1.0..1.0]	[4.199..4.199]	[45219.45..45219.45]	[0.742..0.742]	[1.0..1.0]	[4.199..4.199]	[45219.45..45219.45]	[0.742..0.742]	[1.0..1.0]	0.79223794	[35824.562..35824.562]
Group-1	PC 40:6:0	327.23	20180509_PC_brain_02.mzXML	35.0	3439.3	2822.4	0.82063204	[4.0..4.0]	[1.0..1.0]	[11.439..11.439]	[39342.152..39342.152]	[0.696..0.696]	[1.0..1.0]	[11.439..11.439]	[39342.152..39342.152]	[0.696..0.696]	[1.0..1.0]	0.79223794	[31168.346..31168.346]
Group-1	PC 40:6:0	329.25	20180509_PC_brain_02.mzXML	25.0	2094.5	0.0	0.0	[4.0..7.0]	[1.0..1.0]	[1.231..1.439]	[2578.329..3013.986]	[0.276..0.309]	[0.0..0.02]	[1.125..1.267]	[2356.3125..2653.7314]	[0.259..0.282]	[0.0..0.024]	0.79223794	[2042.6504..2387.7937]
Group-1	PC 40:6:0	329.25	20180509_PC_brain_02.mzXML	30.0	1026.4	0.0	0.0	[4.0..7.0]	[1.0..1.0]	[1.71..2.463]	[1755.144..2528.024]	[0.193..0.256]	[0.0..0.02]	[1.609..2.194]	[1651.4777..2251.9216]	[0.184..0.235]	[0.0..0.024]	0.79223794	[1390.4917..2002.7959]
Group-1	PC 40:6:0	329.25	20180509_PC_brain_02.mzXML	35.0	365.6	0.0	0.0	[4.0..7.0]	[1.0..1.0]	[2.862..5.065]	[1046.347..1851.764]	[0.107..0.175]	[0.0..0.02]	[2.75..4.514]	[1005.4..1650.3184]	[0.103..0.159]	[0.0..0.024]	0.79223794	[828.95593..1467.0377]
Group-1	PC 40:7:0	281.25	20180509_PC_brain_02.mzXML	25.0	6328.9	0.0	0.0	[9.0..9.0]	[0.0..0.3]	[0.869..0.897]	[5499.814..5677.024]	[0.432..0.432]	[0.33..0.66]	[0.878..0.887]	[5556.7744..5613.7344]	[0.432..0.432]	[0.331..0.663]	0.7937967	[4365.7344..4506.4023]
Group-1	PC 40:7:0	281.25	20180509_PC_brain_02.mzXML	30.0	8252.9	0.0	0.0	[9.0..9.0]	[0.3..0.3]	[0.877..0.877]	[7237.794..7237.794]	[0.462..0.462]	[0.33..0.66]	[0.877..0.877]	[7237.7935..7237.7935]	[0.462..0.462]	[0.331..0.663]	0.7937967	[5745.337..5745.337]
Group-1	PC 40:7:0	281.25	20180509_PC_brain_02.mzXML	35.0	7442.3	0.0	0.0	[9.0..9.0]	[0.0..0.0]	[0.868..0.868]	[6459.916..6459.916]	[0.561..0.561]	[0.33..0.66]	[0.868..0.868]	[6459.916..6459.916]	[0.561..0.561]	[0.331..0.663]	0.7937967	[5127.8604..5127.8604]
Group-1	PC 40:7:0	327.23	20180509_PC_brain_02.mzXML	25.0	3838.9	0.0	0.0	[4.0..4.0]	[0.7..1.0]	[1.88..1.942]	[7217.132..7455.144]	[0.568..0.568]	[0.34..0.67]	[1.901..1.922]	[7297.749..7378.3657]	[0.568..0.568]	[0.337..0.669]	0.7937967	[5728.9355..5917.8687]
Group-1	PC 40:7:0	327.23	20180509_PC_brain_02.mzXML	30.0	2075.4	0.0	0.0	[4.0..4.0]	[0.7..0.7]	[4.063..4.063]	[8432.351..8432.351]	[0.538..0.538]	[0.34..0.67]	[4.063..4.063]	[8432.351..8432.351]	[0.538..0.538]	[0.337..0.669]	0.7937967	[6693.5723..6693.5723]
Group-1	PC 40:7:0	327.23	20180509_PC_brain_02.mzXML	35.0	441.4	0.0	0.0	[4.0..4.0]	[1.0..1.0]	[11.439..11.439]	[5049.175..5049.175]	[0.439..0.439]	[0.34..0.67]	[11.439..11.439]	[5049.175..5049.175]	[0.439..0.439]	[0.337..0.669]	0.7937967	[4008.0183..4008.0183]
Group-1	PC 44:0:0	339.32	20180509_PC_brain_02.mzXML	25.0	673212.2	0.0	0.0	[0.0..0.0]	[0.5..0.5]	[0.977..0.977]	[657728.3..657728.3]	[0.5..0.5]	[0.5..0.5]	[0.977..0.977]	[657728.3..657728.3]	[0.5..0.5]	[0.5..0.5]	0.7430324	[488713.44..488713.44]
Group-1	PC 44:0:0	339.32	20180509_PC_brain_02.mzXML	30.0	874245.9	0.0	0.0	[0.0..0.0]	[0.5..0.5]	[0.907..0.907]	[792941.0..792941.0]	[0.5..0.5]	[0.5..0.5]	[0.907..0.907]	[792941.0..792941.0]	[0.5..0.5]	[0.5..0.5]	0.7430324	[589180.9..589180.9]
Group-1	PC 44:0:0	339.32	20180509_PC_brain_02.mzXML	35.0	810835.1	0.0	0.0	[0.0..0.0]	[0.5..0.5]	[0.88..0.88]	[713534.9..713534.9]	[0.5..0.5]	[0.5..0.5]	[0.88..0.88]	[713534.9..713534.9]	[0.5..0.5]	[0.5..0.5]	0.7430324	[530179.56..530179.56]
Group-1	PC 44:12:0	327.23	20180509_PC_brain_02.mzXML	25.0	307111.3	123314.9	0.4015316	[4.0..4.0]	[0.5..0.5]	[2.062..2.062]	[633263.56..633263.56]	[0.5..0.5]	[0.5..0.5]	[2.062..2.062]	[633263.56..633263.56]	[0.5..0.5]	[0.5..0.5]	0.75972176	[481104.06..481104.06]
Group-1	PC 44:12:0	327.23	20180509_PC_brain_02.mzXML	30.0	131119.2	81349.6	0.62042475	[4.0..4.0]	[0.5..0.5]	[4.625..4.625]	[606426.3..606426.3]	[0.5..0.5]	[0.5..0.5]	[4.625..4.625]	[606426.3..606426.3]	[0.5..0.5]	[0.5..0.5]	0.75972176	[460715.25..460715.25]
Group-1	PC 44:12:0	327.23	20180509_PC_brain_02.mzXML	35.0	39558.3	38033.5	0.96145433	[4.0..4.0]	[0.5..0.5]	[12.705..12.705]	[502588.22..502588.22]	[0.5..0.5]	[0.5..0.5]	[12.705..12.705]	[502588.22..502588.22]	[0.5..0.5]	[0.5..0.5]	0.75972176	[381827.2..381827.2]
Group-1	PC 24:0:0	199.17	20180509_PC_brain_03.mzXML	25.0	782381.6	0.0	0.0	[0.0..0.0]	[0.5..0.5]	[1.101..1.101]	[861402.1..861402.1]	[0.5..0.5]	[0.5..0.5]	[1.101..1.101]	[861402.1..861402.1]	[0.5..0.5]	[0.5..0.5]	1.004296	[865102.7..865102.7]
Group-1	PC 24:0:0	199.17	20180509_PC_brain_03.mzXML	30.0	819733.7	0.0	0.0	[0.0..0.0]	[0.5..0.5]	[1.156..1.156]	[947612.2..947612.2]	[0.5..0.5]	[0.5..0.5]	[1.156..1.156]	[947612.2..947612.2]	[0.5..0.5]	[0.5..0.5]	1.004296	[951683.0..951683.0]
Group-1	PC 24:0:0	199.17	20180509_PC_brain_03.mzXML	35.0	724495.3	0.0	0.0	[0.0..0.0]	[0.5..0.5]	[1.179..1.179]	[854179.94..854179.94]	[0.5..0.5]	[0.5..0.5]	[1.179..1.179]	[854180.0..854180.0]	[0.5..0.5]	[0.5..0.5]	1.004296	[857849.5..857849.5]
Group-1	PC 25:0:0	199.17	20180509_PC_brain_03.mzXML	25.0	209273.0	0.0	0.0	[0.0..0.0]	[0.0..1.0]	[1.088..1.096]	[227689.03..229363.2]	[0.27..0.27]	[0.0..0.0]	[1.088..1.088]	[227689.03..227689.03]	[0.268..0.268]	[0.0..0.0]	0.98652405	[224620.7..226272.31]
Group-1	PC 25:0:0	199.17	20180509_PC_brain_03.mzXML	30.0	235721.2	0.0	0.0	[0.0..0.0]	[0.0..1.0]	[1.149..1.152]	[270843.7..271550.8]	[0.284..0.284]	[0.0..0.0]	[1.149..1.149]	[270843.7..270843.7]	[0.283..0.283]	[0.0..0.0]	0.98652405	[267193.8..267891.4]
Group-1	PC 25:0:0	199.17	20180509_PC_brain_03.mzXML	35.0	232820.1	0.0	0.0	[0.0..0.0]	[0.0..1.0]	[1.172..1.175]	[272865.16..273563.6]	[0.299..0.3]	[0.0..0.0]	[1.172..1.172]	[272865.16..272865.16]	[0.299..0.299]	[0.0..0.0]	0.98652405	[269188.06..269877.06]
Group-1	PC 25:0:0	213.18	20180509_PC_brain_03.mzXML	25.0	582118.7	0.0	0.0	[0.0..0.0]	[0.0..1.0]	[1.058..1.068]	[615881.56..621702.75]	[0.73..0.73]	[1.0..1.0]	[1.068..1.068]	[621702.75..621702.75]	[0.732..0.732]	[1.0..1.0]	0.98652405	[607581.94..613324.7]
Group-1	PC 25:0:0	213.18	20180509_PC_brain_03.mzXML	30.0	618758.0	0.0	0.0	[0.0..0.0]	[0.0..1.0]	[1.102..1.108]	[681871.3..685583.9]	[0.716..0.716]	[1.0..1.0]	[1.108..1.108]	[685583.9..685583.9]	[0.717..0.717]	[1.0..1.0]	0.98652405	[672682.44..676345.0]
Group-1	PC 25:0:0	213.18	20180509_PC_brain_03.mzXML	35.0	569609.2	0.0	0.0	[0.0..0.0]	[0.0..1.0]	[1.12..1.124]	[637962.3..640240.7]	[0.7..0.701]	[1.0..1.0]	[1.124..1.124]	[640240.7..640240.7]	[0.701..0.701]	[1.0..1.0]	0.98652405	[629365.2..631612.9]
Group-1	PC 30:0:0	227.2	20180509_PC_brain_03.mzXML	25.0	7794.0	0.0	0.0	[0.0..0.0]	[0.0..1.0]	[1.033..1.042]	[8051.202..8121.349]	[0.46..0.462]	[0.36..0.41]	[1.036..1.037]	[8074.584..8082.3774]	[0.461..0.461]	[0.356..0.405]	0.9069271	[7301.853..7365.471]
Group-1	PC 30:0:0	227.2	20180509_PC_brain_03.mzXML	30.0	8967.8	0.0	0.0	[0.0..0.0]	[0.0..1.0]	[1.062..1.068]	[9523.804..9577.609]	[0.455..0.456]	[0.36..0.41]	[1.064..1.064]	[9541.739..9541.739]	[0.456..0.456]	[0.356..0.405]	0.9069271	[8637.3955..8686.194]
Group-1	PC 30:0:0	227.2	20180509_PC_brain_03.mzXML	35.0	8303.9	0.0	0.0	[0.0..0.0]	[0.0..1.0]	[1.074..1.078]	[8918.389..8951.604]	[0.446..0.447]	[0.36..0.41]	[1.075..1.076]	[8926.693..8934.997]	[0.446..0.446]	[0.356..0.405]	0.9069271	[8088.3286..8118.452]
Group-1	PC 30:0:0	255.23	20180509_PC_brain_03.mzXML	25.0	9447.4	0.0	0.0	[0.0..0.0]	[0.0..1.0]	[1.0..1.0]	[9447.4..9447.4]	[0.538..0.54]	[0.59..0.64]	[1.0..1.0]	[9447.4..9447.4]	[0.539..0.539]	[0.595..0.644]	0.9069271	[8568.104..8568.104]
Group-1	PC 30:0:0	255.23	20180509_PC_brain_03.mzXML	30.0	11403.6	0.0	0.0	[0.0..0.0]	[0.0..1.0]	[1.0..1.0]	[11403.6..11403.6]	[0.544..0.545]	[0.59..0.64]	[1.0..1.0]	[11403.6..11403.6]	[0.544..0.544]	[0.595..0.644]	0.9069271	[10342.233..10342.233]
Group-1	PC 30:0:0	255.23	20180509_PC_brain_03.mzXML	35.0	11090.8	0.0	0.0	[0.0..0.0]	[0.0..1.0]	[1.0..1.0]	[11090.8..11090.8]	[0.553..0.554]	[0.59..0.64]	[1.0..1.0]	[11090.8..11090.8]	[0.554..0.554]	[0.595..0.644]	0.9069271	[10058.547..10058.547]
Group-1	PC 32:0:0	227.2	20180509_PC_brain_03.mzXML	25.0	1460.5	0.0	0.0	[0.0..0.0]	[0.0..1.0]	[1.033..1.042]	[1508.697..1521.841]	[0.797..0.799]	[1.0..1.0]	[1.042..1.042]	[1521.8411..1521.8411]	[0.8..0.8]	[1.0..1.0]	0.87883294	[1325.8922..1337.4441]
Group-1	PC 32:0:0	227.2	20180509_PC_brain_03.mzXML	30.0	1384.6	0.0	0.0	[0.0..0.0]	[0.0..1.0]	[1.062..1.068]	[1470.445..1478.753]	[0.718..0.719]	[1.0..1.0]	[1.068..1.068]	[1478.7527..1478.7527]	[0.72..0.72]	[1.0..1.0]	0.87883294	[1292.2756..1299.5765]
Group-1	PC 32:0:0	227.2	20180509_PC_brain_03.mzXML	35.0	1321.6	0.0	0.0	[0.0..0.0]	[0.0..1.0]	[1.074..1.078]	[1419.398..1424.685]	[0.751..0.752]	[1.0..1.0]	[1.078..1.078]	[1424.6847..1424.6847]	[0.753..0.753]	[1.0..1.0]	0.87883294	[1247.4141..1252.0598]
Group-1	PC 32:0:0	255.23	20180509_PC_brain_03.mzXML	25.0	166642.2	0.0	0.0	[0.0..0.0]	[0.5..0.5]	[1.0..1.0]	[166642.2..166642.2]	[0.5..0.5]	[0.5..0.5]	[1.0..1.0]	[166642.2..166642.2]	[0.5..0.5]	[0.5..0.5]	0.87883294	[146450.66..146450.66]
Group-1	PC 32:0:0	255.23	20180509_PC_brain_03.mzXML	30.0	206250.3	0.0	0.0	[0.0..0.0]	[0.5..0.5]	[1.0..1.0]	[206250.3..206250.3]	[0.5..0.5]	[0.5..0.5]	[1.0..1.0]	[206250.3..206250.3]	[0.5..0.5]	[0.5..0.5]	0.87883294	[181259.55..181259.55]
Group-1	PC 32:0:0	255.23	20180509_PC_brain_03.mzXML	35.0	181552.2	0.0	0.0	[0.0..0.0]	[0.5..0.5]	[1.0..1.0]	[181552.2..181552.2]	[0.5..0.5]	[0.5..0.5]	[1.0..1.0]	[181552.2..181552.2]	[0.5..0.5]	[0.5..0.5]	0.87883294	[159554.06..159554.06]
Group-1	PC 32:0:0	283.26	20180509_PC_brain_03.mzXML	25.0	392.5	0.0	0.0	[0.0..0.0]	[0.0..1.0]	[0.968..0.988]	[379.94..387.79]	[0.201..0.203]	[0.0..0.0]	[0.968..0.968]	[379.94..379.94]	[0.2..0.2]	[0.0..0.0]	0.87883294	[333.90378..340.8026]
Group-1	PC 32:0:0	283.26	20180509_PC_brain_03.mzXML	30.0	607.2	0.0	0.0	[0.0..0.0]	[0.0..1.0]	[0.945..0.958]	[573.804..581.698]	[0.281..0.282]	[0.0..0.0]	[0.945..0.945]	[573.804..573.804]	[0.28..0.28]	[0.0..0.0]	0.87883294	[504.27786..511.21503]
Group-1	PC 32:0:0	283.26	20180509_PC_brain_03.mzXML	35.0	499.9	0.0	0.0	[0.0..0.0]	[0.0..1.0]	[0.937..0.945]	[468.406..472.406]	[0.248..0.249]	[0.0..0.0]	[0.937..0.937]	[468.40628..468.40628]	[0.247..0.247]	[0.0..0.0]	0.87883294	[411.65088..415.1655]
Group-1	PC 32:1:0	227.2	20180509_PC_brain_03.mzXML	25.0	4774.5	0.0	0.0	[0.0..0.0]	[0.0..0.0]	[1.042..1.042]	[4975.03..4975.03]	[0.455..0.455]	[0.38..0.4]	[1.042..1.042]	[4975.0293..4975.0293]	[0.455..0.455]	[0.376..0.401]	0.88078475	[4381.9297..4381.9297]
Group-1	PC 32:1:0	227.2	20180509_PC_brain_03.mzXML	30.0	5488.2	0.0	0.0	[0.0..0.0]	[0.0..0.0]	[1.068..1.068]	[5861.398..5861.398]	[0.452..0.452]	[0.38..0.4]	[1.068..1.068]	[5861.3975..5861.3975]	[0.452..0.452]	[0.376..0.401]	0.88078475	[5162.6294..5162.6294]
Group-1	PC 32:1:0	227.2	20180509_PC_brain_03.mzXML	35.0	5143.2	0.0	0.0	[0.0..0.0]	[0.0..0.0]	[1.078..1.078]	[5544.37..5544.37]	[0.463..0.463]	[0.38..0.4]	[1.078..1.078]	[5544.3696..5544.3696]	[0.463..0.463]	[0.376..0.401]	0.88078475	[4883.396..4883.396]
Group-1	PC 32:1:0	253.22	20180509_PC_brain_03.mzXML	25.0	112518.1	0.0	0.0	[9.0..9.0]	[0.0..1.0]	[0.901..0.981]	[101378.81..110380.26]	[0.557..0.578]	[0.63..0.7]	[0.951..0.957]	[107004.71..107679.83]	[0.57..0.572]	[0.628..0.701]	0.88078475	[89292.914..97221.25]
Group-1	PC 32:1:0	253.22	20180509_PC_brain_03.mzXML	30.0	130722.6	0.0	0.0	[9.0..9.0]	[0.0..1.0]	[0.912..0.97]	[119219.016..126800.93]	[0.563..0.578]	[0.63..0.7]	[0.949..0.953]	[124055.75..124578.64]	[0.573..0.574]	[0.628..0.701]	0.88078475	[105006.29..111684.33]
Group-1	PC 32:1:0	253.22	20180509_PC_brain_03.mzXML	35.0	112173.2	0.0	0.0	[9.0..9.0]	[0.0..1.0]	[0.936..0.967]	[104994.12..108471.484]	[0.548..0.556]	[0.63..0.7]	[0.956..0.958]	[107237.58..107461.93]	[0.554..0.554]	[0.628..0.701]	0.88078475	[92477.22..95540.03]
Group-1	PC 32:1:0	255.23	20180509_PC_brain_03.mzXML	25.0	80643.3	0.0	0.0	[0.0..0.0]	[0.0..1.0]	[1.0..1.0]	[80643.3..80643.3]	[0.422..0.443]	[0.3..0.37]	[1.0..1.0]	[80643.3..80643.3]	[0.428..0.43]	[0.299..0.372]	0.88078475	[71029.38..71029.38]
Group-1	PC 32:1:0	255.23	20180509_PC_brain_03.mzXML	30.0	92571.5	0.0	0.0	[0.0..0.0]	[0.0..1.0]	[1.0..1.0]	[92571.51..92571.51]	[0.422..0.437]	[0.3..0.37]	[1.0..1.0]	[92571.5..92571.5]	[0.426..0.427]	[0.299..0.372]	0.88078475	[81535.56..81535.56]
Group-1	PC 32:1:0	255.23	20180509_PC_brain_03.mzXML	35.0	86451.3	0.0	0.0	[0.0..0.0]	[0.0..1.0]	[1.0..1.0]	[86451.3..86451.3]	[0.444..0.452]	[0.3..0.37]	[1.0..1.0]	[86451.3..86451.3]	[0.446..0.446]	[0.299..0.372]	0.88078475	[76144.984..76144.984]
Group-1	PC 32:1:0	281.25	20180509_PC_brain_03.mzXML	25.0	6192.4	0.0	0.0	[9.0..9.0]	[1.0..1.0]	[0.964..0.964]	[5969.474..5969.474]	[0.545..0.545]	[0.6..0.62]	[0.964..0.964]	[5969.4736..5969.4736]	[0.545..0.545]	[0.599..0.624]	0.88078475	[5257.8213..5257.8213]
Group-1	PC 32:1:0	281.25	20180509_PC_brain_03.mzXML	30.0	7677.9	0.0	0.0	[9.0..9.0]	[1.0..1.0]	[0.926..0.926]	[7109.736..7109.736]	[0.548..0.548]	[0.6..0.62]	[0.926..0.926]	[7109.7354..7109.7354]	[0.548..0.548]	[0.599..0.624]	0.88078475	[6262.1465..6262.1465]
Group-1	PC 32:1:0	281.25	20180509_PC_brain_03.mzXML	35.0	7041.2	0.0	0.0	[9.0..9.0]	[1.0..1.0]	[0.913..0.913]	[6428.616..6428.616]	[0.537..0.537]	[0.6..0.62]	[0.913..0.913]	[6428.6157..6428.6157]	[0.537..0.537]	[0.599..0.624]	0.88078475	[5662.2266..5662.2266]
Group-1	PC 32:2:0	253.22	20180509_PC_brain_03.mzXML	25.0	4053.8	0.0	0.0	[9.0..9.0]	[0.5..0.5]	[0.905..0.905]	[3668.689..3668.689]	[0.5..0.5]	[0.5..0.5]	[0.905..0.905]	[3668.689..3668.689]	[0.5..0.5]	[0.5..0.5]	0.8827558	[3238.5566..3238.5566]
Group-1	PC 32:2:0	253.22	20180509_PC_brain_03.mzXML	30.0	3744.6	0.0	0.0	[9.0..9.0]	[0.5..0.5]	[0.907..0.907]	[3396.352..3396.352]	[0.5..0.5]	[0.5..0.5]	[0.907..0.907]	[3396.3523..3396.3523]	[0.5..0.5]	[0.5..0.5]	0.8827558	[2998.15..2998.15]
Group-1	PC 32:2:0	253.22	20180509_PC_brain_03.mzXML	35.0	3359.7	0.0	0.0	[9.0..9.0]	[0.5..0.5]	[0.911..0.911]	[3060.687..3060.687]	[0.5..0.5]	[0.5..0.5]	[0.911..0.911]	[3060.6868..3060.6868]	[0.5..0.5]	[0.5..0.5]	0.8827558	[2701.839..2701.839]
Group-1	PC 34:1:0	253.22	20180509_PC_brain_03.mzXML	25.0	35443.2	0.0	0.0	[9.0..9.0]	[0.0..1.0]	[0.901..0.981]	[31934.324..34769.777]	[0.726..0.739]	[1.0..1.0]	[0.981..0.981]	[34769.777..34769.777]	[0.742..0.742]	[1.0..1.0]	0.854385	[27284.207..29706.777]
Group-1	PC 34:1:0	253.22	20180509_PC_brain_03.mzXML	30.0	37097.6	0.0	0.0	[9.0..9.0]	[0.0..1.0]	[0.912..0.97]	[33833.01..35984.676]	[0.778..0.786]	[1.0..1.0]	[0.97..0.97]	[35984.676..35984.676]	[0.789..0.789]	[1.0..1.0]	0.854385	[28906.418..30744.768]
Group-1	PC 34:1:0	253.22	20180509_PC_brain_03.mzXML	35.0	33141.9	0.0	0.0	[9.0..9.0]	[0.0..1.0]	[0.936..0.967]	[31020.816..32048.217]	[0.703..0.708]	[1.0..1.0]	[0.967..0.967]	[32048.217..32048.217]	[0.71..0.71]	[1.0..1.0]	0.854385	[26503.72..27381.516]
Group-1	PC 34:1:0	255.23	20180509_PC_brain_03.mzXML	25.0	939032.2	0.0	0.0	[0.0..0.0]	[0.0..0.0]	[1.0..1.0]	[939032.2..939032.2]	[0.368..0.368]	[0.17..0.24]	[1.0..1.0]	[939032.2..939032.2]	[0.368..0.368]	[0.171..0.236]	0.854385	[802295.06..802295.06]
Group-1	PC 34:1:0	255.23	20180509_PC_brain_03.mzXML	30.0	1109517.6	0.0	0.0	[0.0..0.0]	[0.0..0.0]	[1.0..1.0]	[1109517.6..1109517.6]	[0.376..0.376]	[0.17..0.24]	[1.0..1.0]	[1109517.6..1109517.6]	[0.376..0.376]	[0.171..0.236]	0.854385	[947955.25..947955.25]
Group-1	PC 34:1:0	255.23	20180509_PC_brain_03.mzXML	35.0	1104861.5	0.0	0.0	[0.0..0.0]	[0.0..0.0]	[1.0..1.0]	[1104861.5..1104861.5]	[0.401..0.401]	[0.17..0.24]	[1.0..1.0]	[1104861.5..1104861.5]	[0.401..0.401]	[0.171..0.236]	0.854385	[943977.1..943977.1]
Group-1	PC 34:1:0	281.25	20180509_PC_brain_03.mzXML	25.0	1672101.4	0.0	0.0	[9.0..9.0]	[1.0..1.0]	[0.964..0.964]	[1611905.8..1611905.8]	[0.632..0.632]	[0.76..0.83]	[0.964..0.964]	[1611905.8..1611905.8]	[0.632..0.632]	[0.764..0.829]	0.854385	[1377188.1..1377188.1]
Group-1	PC 34:1:0	281.25	20180509_PC_brain_03.mzXML	30.0	1985478.9	0.0	0.0	[9.0..9.0]	[1.0..1.0]	[0.926..0.926]	[1838553.4..1838553.4]	[0.624..0.624]	[0.76..0.83]	[0.926..0.926]	[1838553.4..1838553.4]	[0.624..0.624]	[0.764..0.829]	0.854385	[1570832.5..1570832.5]
Group-1	PC 34:1:0	281.25	20180509_PC_brain_03.mzXML	35.0	1805168.6	0.0	0.0	[9.0..9.0]	[1.0..1.0]	[0.913..0.913]	[1648118.9..1648118.9]	[0.599..0.599]	[0.76..0.83]	[0.913..0.913]	[1648118.9..1648118.9]	[0.599..0.599]	[0.764..0.829]	0.854385	[1408128.1..1408128.1]
Group-1	PC 34:1:0	283.26	20180509_PC_brain_03.mzXML	25.0	12460.5	0.0	0.0	[0.0..0.0]	[0.0..1.0]	[0.968..0.988]	[12061.764..12310.974]	[0.261..0.274]	[0.0..0.0]	[0.968..0.968]	[12061.764..12061.764]	[0.258..0.258]	[0.0..0.0]	0.854385	[10305.391..10518.312]
Group-1	PC 34:1:0	283.26	20180509_PC_brain_03.mzXML	30.0	10207.6	0.0	0.0	[0.0..0.0]	[0.0..1.0]	[0.945..0.958]	[9646.182..9778.881]	[0.214..0.222]	[0.0..0.0]	[0.945..0.945]	[9646.182..9646.182]	[0.211..0.211]	[0.0..0.0]	0.854385	[8241.553..8354.929]
Group-1	PC 34:1:0	283.26	20180509_PC_brain_03.mzXML	35.0	14002.2	0.0	0.0	[0.0..0.0]	[0.0..1.0]	[0.937..0.945]	[13120.062..13232.079]	[0.292..0.297]	[0.0..0.0]	[0.937..0.937]	[13120.062..13120.062]	[0.29..0.29]	[0.0..0.0]	0.854385	[11209.584..11305.291]
Group-1	PC 34:2:0	253.22	20180509_PC_brain_03.mzXML	25.0	26270.3	0.0	0.0	[9.0..9.0]	[0.0..0.0]	[0.901..0.901]	[23669.543..23669.543]	[0.465..0.465]	[0.4..0.45]	[0.901..0.901]	[23669.541..23669.541]	[0.465..0.465]	[0.404..0.454]	0.8562302	[20266.576..20266.576]
Group-1	PC 34:2:0	253.22	20180509_PC_brain_03.mzXML	30.0	29058.6	0.0	0.0	[9.0..9.0]	[0.0..0.0]	[0.912..0.912]	[26501.443..26501.443]	[0.482..0.482]	[0.4..0.45]	[0.912..0.912]	[26501.443..26501.443]	[0.482..0.482]	[0.404..0.454]	0.8562302	[22691.334..22691.334]
Group-1	PC 34:2:0	253.22	20180509_PC_brain_03.mzXML	35.0	25608.1	0.0	0.0	[9.0..9.0]	[0.0..0.0]	[0.936..0.936]	[23969.182..23969.182]	[0.464..0.464]	[0.4..0.45]	[0.936..0.936]	[23969.182..23969.182]	[0.464..0.464]	[0.404..0.454]	0.8562302	[20523.137..20523.137]
Group-1	PC 34:2:0	255.23	20180509_PC_brain_03.mzXML	25.0	32408.9	0.0	0.0	[0.0..0.0]	[0.0..0.0]	[1.0..1.0]	[32408.9..32408.9]	[0.437..0.437]	[0.34..0.36]	[1.0..1.0]	[32408.9..32408.9]	[0.437..0.437]	[0.34..0.363]	0.8562302	[27749.479..27749.479]
Group-1	PC 34:2:0	255.23	20180509_PC_brain_03.mzXML	30.0	35620.1	0.0	0.0	[0.0..0.0]	[0.0..0.0]	[1.0..1.0]	[35620.1..35620.1]	[0.447..0.447]	[0.34..0.36]	[1.0..1.0]	[35620.1..35620.1]	[0.447..0.447]	[0.34..0.363]	0.8562302	[30499.006..30499.006]
Group-1	PC 34:2:0	255.23	20180509_PC_brain_03.mzXML	35.0	33241.0	0.0	0.0	[0.0..0.0]	[0.0..0.0]	[1.0..1.0]	[33241.0..33241.0]	[0.44..0.44]	[0.34..0.36]	[1.0..1.0]	[33241.0..33241.0]	[0.44..0.44]	[0.34..0.363]	0.8562302	[28461.947..28461.947]
Group-1	PC 34:2:0	279.23	20180509_PC_brain_03.mzXML	25.0	43645.3	0.0	0.0	[9.0..9.0]	[1.0..1.0]	[0.957..0.957]	[41768.555..41768.555]	[0.563..0.563]	[0.64..0.66]	[0.957..0.957]	[41768.555..41768.555]	[0.563..0.563]	[0.637..0.66]	0.8562302	[35763.5..35763.5]
Group-1	PC 34:2:0	279.23	20180509_PC_brain_03.mzXML	30.0	46366.3	0.0	0.0	[9.0..9.0]	[1.0..1.0]	[0.952..0.952]	[44140.72..44140.72]	[0.553..0.553]	[0.64..0.66]	[0.952..0.952]	[44140.72..44140.72]	[0.553..0.553]	[0.637..0.66]	0.8562302	[37794.617..37794.617]
Group-1	PC 34:2:0	279.23	20180509_PC_brain_03.mzXML	35.0	42497.4	0.0	0.0	[9.0..9.0]	[1.0..1.0]	[0.994..0.994]	[42242.414..42242.414]	[0.56..0.56]	[0.64..0.66]	[0.994..0.994]	[42242.414..42242.414]	[0.56..0.56]	[0.637..0.66]	0.8562302	[36169.23..36169.23]
Group-1	PC 34:2:0	281.25	20180509_PC_brain_03.mzXML	25.0	28228.0	0.0	0.0	[9.0..9.0]	[1.0..1.0]	[0.964..0.964]	[27211.793..27211.793]	[0.535..0.535]	[0.55..0.6]	[0.964..0.964]	[27211.791..27211.791]	[0.535..0.535]	[0.546..0.596]	0.8562302	[23299.559..23299.559]
Group-1	PC 34:2:0	281.25	20180509_PC_brain_03.mzXML	30.0	30750.7	0.0	0.0	[9.0..9.0]	[1.0..1.0]	[0.926..0.926]	[28475.146..28475.146]	[0.518..0.518]	[0.55..0.6]	[0.926..0.926]	[28475.146..28475.146]	[0.518..0.518]	[0.546..0.596]	0.8562302	[24381.281..24381.281]
Group-1	PC 34:2:0	281.25	20180509_PC_brain_03.mzXML	35.0	30385.2	0.0	0.0	[9.0..9.0]	[1.0..1.0]	[0.913..0.913]	[27741.686..27741.686]	[0.536..0.536]	[0.55..0.6]	[0.913..0.913]	[27741.686..27741.686]	[0.536..0.536]	[0.546..0.596]	0.8562302	[23753.27..23753.27]
Group-1	PC 34:3:0	253.22	20180509_PC_brain_03.mzXML	25.0	936.3	0.0	0.0	[9.0..9.0]	[0.0..0.0]	[0.901..0.901]	[843.606..843.606]	[0.589..0.589]	[0.53..0.72]	[0.901..0.901]	[843.6063..843.6063]	[0.589..0.589]	[0.532..0.722]	0.85807484	[723.8774..723.8774]
Group-1	PC 34:3:0	253.22	20180509_PC_brain_03.mzXML	30.0	1003.6	0.0	0.0	[9.0..9.0]	[0.0..0.0]	[0.912..0.912]	[915.283..915.283]	[0.528..0.528]	[0.53..0.72]	[0.912..0.912]	[915.2832..915.2832]	[0.528..0.528]	[0.532..0.722]	0.85807484	[785.3815..785.3815]
Group-1	PC 34:3:0	253.22	20180509_PC_brain_03.mzXML	35.0	878.4	0.0	0.0	[9.0..9.0]	[0.0..0.0]	[0.936..0.936]	[822.182..822.182]	[0.512..0.512]	[0.53..0.72]	[0.936..0.936]	[822.18243..822.18243]	[0.512..0.512]	[0.532..0.722]	0.85807484	[705.4941..705.4941]
Group-1	PC 34:3:0	255.23	20180509_PC_brain_03.mzXML	25.0	1445.0	0.0	0.0	[0.0..0.0]	[0.0..1.0]	[1.0..1.0]	[1445.0..1445.0]	[0.384..0.413]	[0.21..0.43]	[1.0..1.0]	[1445.0..1445.0]	[0.407..0.428]	[0.211..0.431]	0.85807484	[1239.9181..1239.9181]
Group-1	PC 34:3:0	255.23	20180509_PC_brain_03.mzXML	30.0	1610.7	0.0	0.0	[0.0..0.0]	[0.0..1.0]	[1.0..1.0]	[1610.7..1610.7]	[0.421..0.467]	[0.21..0.43]	[1.0..1.0]	[1610.7..1610.7]	[0.437..0.474]	[0.211..0.431]	0.85807484	[1382.1011..1382.1011]
Group-1	PC 34:3:0	255.23	20180509_PC_brain_03.mzXML	35.0	1743.1	0.0	0.0	[0.0..0.0]	[0.0..0.0]	[1.0..1.0]	[1743.1..1743.1]	[0.424..0.474]	[0.21..0.43]	[1.0..1.0]	[1743.1..1743.1]	[0.434..0.489]	[0.211..0.431]	0.85807484	[1495.7102..1495.7102]
Group-1	PC 34:3:0	277.22	20180509_PC_brain_03.mzXML	25.0	2187.6	0.0	0.0	[6.0..9.0]	[0.0..1.0]	[0.938..1.061]	[2051.969..2321.044]	[0.587..0.616]	[0.57..0.79]	[0.884..0.963]	[1933.8385..2106.659]	[0.572..0.593]	[0.569..0.789]	0.85807484	[1760.7429..1991.6293]
Group-1	PC 34:3:0	277.22	20180509_PC_brain_03.mzXML	30.0	1786.1	0.0	0.0	[6.0..9.0]	[0.0..1.0]	[1.028..1.242]	[1836.111..2218.336]	[0.533..0.579]	[0.57..0.79]	[0.999..1.163]	[1784.3138..2077.2341]	[0.526..0.563]	[0.569..0.789]	0.85807484	[1575.5204..1903.4984]
Group-1	PC 34:3:0	277.22	20180509_PC_brain_03.mzXML	35.0	1504.9	0.0	0.0	[6.0..9.0]	[1.0..1.0]	[1.286..1.572]	[1935.301..2365.703]	[0.526..0.576]	[0.57..0.79]	[1.21..1.513]	[1820.9291..2276.9138]	[0.511..0.566]	[0.569..0.789]	0.85807484	[1660.6335..2029.9502]
Group-1	PC 34:3:0	279.23	20180509_PC_brain_03.mzXML	25.0	615.5	0.0	0.0	[9.0..9.0]	[1.0..1.0]	[0.957..0.957]	[589.034..589.034]	[0.411..0.411]	[0.28..0.47]	[0.957..0.957]	[589.0335..589.0335]	[0.411..0.411]	[0.278..0.468]	0.85807484	[505.43484..505.43484]
Group-1	PC 34:3:0	279.23	20180509_PC_brain_03.mzXML	30.0	860.8	0.0	0.0	[9.0..9.0]	[1.0..1.0]	[0.952..0.952]	[819.482..819.482]	[0.472..0.472]	[0.28..0.47]	[0.952..0.952]	[819.4816..819.4816]	[0.472..0.472]	[0.278..0.468]	0.85807484	[703.1765..703.1765]
Group-1	PC 34:3:0	279.23	20180509_PC_brain_03.mzXML	35.0	787.0	0.0	0.0	[9.0..9.0]	[1.0..1.0]	[0.994..0.994]	[782.278..782.278]	[0.488..0.488]	[0.28..0.47]	[0.994..0.994]	[782.278..782.278]	[0.488..0.488]	[0.278..0.468]	0.85807484	[671.2531..671.2531]
Group-1	PC 36:1:0	255.23	20180509_PC_brain_03.mzXML	25.0	44461.2	0.0	0.0	[0.0..0.0]	[0.0..0.0]	[1.0..1.0]	[44461.2..44461.2]	[0.551..0.551]	[0.61..0.63]	[1.0..1.0]	[44461.2..44461.2]	[0.551..0.551]	[0.615..0.627]	0.8296408	[36886.824..36886.824]
Group-1	PC 36:1:0	255.23	20180509_PC_brain_03.mzXML	30.0	54505.6	0.0	0.0	[0.0..0.0]	[0.0..0.0]	[1.0..1.0]	[54505.6..54505.6]	[0.549..0.549]	[0.61..0.63]	[1.0..1.0]	[54505.6..54505.6]	[0.549..0.549]	[0.615..0.627]	0.8296408	[45220.07..45220.07]
Group-1	PC 36:1:0	255.23	20180509_PC_brain_03.mzXML	35.0	46370.2	0.0	0.0	[0.0..0.0]	[0.0..0.0]	[1.0..1.0]	[46370.2..46370.2]	[0.543..0.543]	[0.61..0.63]	[1.0..1.0]	[46370.2..46370.2]	[0.543..0.543]	[0.615..0.627]	0.8296408	[38470.61..38470.61]
Group-1	PC 36:1:0	281.25	20180509_PC_brain_03.mzXML	25.0	1043469.3	0.0	0.0	[9.0..9.0]	[0.0..1.0]	[0.869..0.964]	[906774.9..1005904.4]	[0.746..0.761]	[1.0..1.0]	[0.964..0.964]	[1005904.4..1005904.4]	[0.765..0.765]	[1.0..1.0]	0.8296408	[752297.44..834539.4]
Group-1	PC 36:1:0	281.25	20180509_PC_brain_03.mzXML	30.0	1144545.2	0.0	0.0	[9.0..9.0]	[0.0..1.0]	[0.855..0.926]	[978586.2..1059848.9]	[0.724..0.737]	[1.0..1.0]	[0.926..0.926]	[1059848.9..1059848.9]	[0.74..0.74]	[1.0..1.0]	0.8296408	[811875.06..879293.9]
Group-1	PC 36:1:0	281.25	20180509_PC_brain_03.mzXML	35.0	1002957.3	0.0	0.0	[9.0..9.0]	[0.0..1.0]	[0.868..0.913]	[870566.94..915699.94]	[0.718..0.726]	[1.0..1.0]	[0.913..0.913]	[915700.0..915700.0]	[0.728..0.728]	[1.0..1.0]	0.8296408	[722257.8..759702.1]
Group-1	PC 36:1:0	283.26	20180509_PC_brain_03.mzXML	25.0	319198.7	0.0	0.0	[0.0..0.0]	[0.0..1.0]	[0.968..0.988]	[308984.3..315368.28]	[0.239..0.254]	[0.0..0.0]	[0.968..0.968]	[308984.3..308984.3]	[0.235..0.235]	[0.0..0.0]	0.8296408	[256346.0..261642.4]
Group-1	PC 36:1:0	283.26	20180509_PC_brain_03.mzXML	30.0	394307.7	0.0	0.0	[0.0..0.0]	[0.0..1.0]	[0.945..0.958]	[372620.75..377746.78]	[0.263..0.276]	[0.0..0.0]	[0.945..0.945]	[372620.75..372620.75]	[0.26..0.26]	[0.0..0.0]	0.8296408	[309141.4..313394.12]
Group-1	PC 36:1:0	283.26	20180509_PC_brain_03.mzXML	35.0	365230.5	0.0	0.0	[0.0..0.0]	[0.0..1.0]	[0.937..0.945]	[342220.97..345142.8]	[0.274..0.282]	[0.0..0.0]	[0.937..0.937]	[342220.97..342220.97]	[0.272..0.272]	[0.0..0.0]	0.8296408	[283920.47..286344.56]
Group-1	PC 36:1:0	309.28	20180509_PC_brain_03.mzXML	25.0	37619.7	0.0	0.0	[11.0..11.0]	[1.0..1.0]	[0.963..0.963]	[36227.77..36227.77]	[0.449..0.449]	[0.37..0.39]	[0.963..0.963]	[36227.77..36227.77]	[0.449..0.449]	[0.373..0.385]	0.8296408	[30056.037..30056.037]
Group-1	PC 36:1:0	309.28	20180509_PC_brain_03.mzXML	30.0	50096.4	0.0	0.0	[11.0..11.0]	[1.0..1.0]	[0.894..0.894]	[44786.18..44786.18]	[0.451..0.451]	[0.37..0.39]	[0.894..0.894]	[44786.18..44786.18]	[0.451..0.451]	[0.373..0.385]	0.8296408	[37156.44..37156.44]
Group-1	PC 36:1:0	309.28	20180509_PC_brain_03.mzXML	35.0	45318.4	0.0	0.0	[11.0..11.0]	[1.0..1.0]	[0.861..0.861]	[39019.14..39019.14]	[0.457..0.457]	[0.37..0.39]	[0.861..0.861]	[39019.14..39019.14]	[0.457..0.457]	[0.373..0.385]	0.8296408	[32371.871..32371.871]
Group-1	PC 36:2:0	253.22	20180509_PC_brain_03.mzXML	25.0	2757.6	0.0	0.0	[9.0..9.0]	[0.0..0.0]	[0.901..0.901]	[2484.598..2484.598]	[0.569..0.569]	[0.67..0.87]	[0.901..0.901]	[2484.5977..2484.5977]	[0.569..0.569]	[0.672..0.871]	0.8313721	[2065.6252..2065.6252]
Group-1	PC 36:2:0	253.22	20180509_PC_brain_03.mzXML	30.0	3364.0	0.0	0.0	[9.0..9.0]	[0.0..0.0]	[0.912..0.912]	[3067.968..3067.968]	[0.576..0.576]	[0.67..0.87]	[0.912..0.912]	[3067.968..3067.968]	[0.576..0.576]	[0.672..0.871]	0.8313721	[2550.6228..2550.6228]
Group-1	PC 36:2:0	253.22	20180509_PC_brain_03.mzXML	35.0	2794.4	0.0	0.0	[9.0..9.0]	[0.0..0.0]	[0.936..0.936]	[2615.558..2615.558]	[0.639..0.639]	[0.67..0.87]	[0.936..0.936]	[2615.5583..2615.5583]	[0.639..0.639]	[0.672..0.871]	0.8313721	[2174.5022..2174.5022]
Group-1	PC 36:2:0	255.23	20180509_PC_brain_03.mzXML	25.0	15348.1	0.0	0.0	[0.0..0.0]	[0.0..0.0]	[1.0..1.0]	[15348.1..15348.1]	[0.602..0.602]	[0.72..0.75]	[1.0..1.0]	[15348.1..15348.1]	[0.602..0.602]	[0.719..0.754]	0.8313721	[12759.981..12759.981]
Group-1	PC 36:2:0	255.23	20180509_PC_brain_03.mzXML	30.0	19576.7	0.0	0.0	[0.0..0.0]	[0.0..0.0]	[1.0..1.0]	[19576.7..19576.7]	[0.585..0.585]	[0.72..0.75]	[1.0..1.0]	[19576.7..19576.7]	[0.585..0.585]	[0.719..0.754]	0.8313721	[16275.521..16275.521]
Group-1	PC 36:2:0	255.23	20180509_PC_brain_03.mzXML	35.0	17691.7	0.0	0.0	[0.0..0.0]	[0.0..0.0]	[1.0..1.0]	[17691.7..17691.7]	[0.59..0.59]	[0.72..0.75]	[1.0..1.0]	[17691.7..17691.7]	[0.59..0.59]	[0.719..0.754]	0.8313721	[14708.385..14708.385]
Group-1	PC 36:2:0	279.23	20180509_PC_brain_03.mzXML	25.0	42130.1	0.0	0.0	[9.0..9.0]	[0.0..1.0]	[0.867..0.957]	[36526.797..40318.508]	[0.725..0.74]	[1.0..1.0]	[0.957..0.957]	[40318.508..40318.508]	[0.744..0.744]	[1.0..1.0]	0.8313721	[30367.36..33519.68]
Group-1	PC 36:2:0	279.23	20180509_PC_brain_03.mzXML	30.0	47725.9	0.0	0.0	[9.0..9.0]	[0.0..1.0]	[0.883..0.952]	[42141.97..45435.055]	[0.704..0.717]	[1.0..1.0]	[0.952..0.952]	[45435.055..45435.055]	[0.72..0.72]	[1.0..1.0]	0.8313721	[35035.656..37773.438]
Group-1	PC 36:2:0	279.23	20180509_PC_brain_03.mzXML	35.0	41959.0	0.0	0.0	[9.0..9.0]	[0.0..1.0]	[0.951..0.994]	[39903.008..41707.246]	[0.706..0.713]	[1.0..1.0]	[0.994..0.994]	[41707.246..41707.246]	[0.715..0.715]	[1.0..1.0]	0.8313721	[33174.25..34674.242]
Group-1	PC 36:2:0	281.25	20180509_PC_brain_03.mzXML	25.0	291216.8	0.0	0.0	[9.0..9.0]	[0.5..0.5]	[0.914..0.914]	[266172.16..266172.16]	[0.5..0.5]	[0.5..0.5]	[0.914..0.914]	[266172.16..266172.16]	[0.5..0.5]	[0.5..0.5]	0.8313721	[221288.11..221288.11]
Group-1	PC 36:2:0	281.25	20180509_PC_brain_03.mzXML	30.0	343937.8	0.0	0.0	[9.0..9.0]	[0.5..0.5]	[0.905..0.905]	[311263.72..311263.72]	[0.5..0.5]	[0.5..0.5]	[0.905..0.905]	[311263.72..311263.72]	[0.5..0.5]	[0.5..0.5]	0.8313721	[258775.95..258775.95]
Group-1	PC 36:2:0	281.25	20180509_PC_brain_03.mzXML	35.0	314928.0	0.0	0.0	[9.0..9.0]	[0.5..0.5]	[0.911..0.911]	[286899.4..286899.4]	[0.5..0.5]	[0.5..0.5]	[0.911..0.911]	[286899.4..286899.4]	[0.5..0.5]	[0.5..0.5]	0.8313721	[238520.16..238520.16]
Group-1	PC 36:2:0	283.26	20180509_PC_brain_03.mzXML	25.0	14345.0	0.0	0.0	[0.0..0.0]	[0.0..1.0]	[0.968..0.988]	[13885.96..14172.859]	[0.26..0.275]	[0.0..0.0]	[0.968..0.968]	[13885.96..13885.96]	[0.256..0.256]	[0.0..0.0]	0.8313721	[11544.399..11782.92]
Group-1	PC 36:2:0	283.26	20180509_PC_brain_03.mzXML	30.0	18710.7	0.0	0.0	[0.0..0.0]	[0.0..1.0]	[0.945..0.958]	[17681.611..17924.85]	[0.283..0.296]	[0.0..0.0]	[0.945..0.945]	[17681.611..17681.611]	[0.28..0.28]	[0.0..0.0]	0.8313721	[14699.997..14902.22]
Group-1	PC 36:2:0	283.26	20180509_PC_brain_03.mzXML	35.0	17769.1	0.0	0.0	[0.0..0.0]	[0.0..1.0]	[0.937..0.945]	[16649.646..16791.799]	[0.287..0.294]	[0.0..0.0]	[0.937..0.937]	[16649.646..16649.646]	[0.285..0.285]	[0.0..0.0]	0.8313721	[13842.051..13960.233]
Group-1	PC 36:2:0	307.26	20180509_PC_brain_03.mzXML	25.0	10690.2	0.0	0.0	[11.0..11.0]	[1.0..1.0]	[0.95..0.95]	[10155.69..10155.69]	[0.398..0.398]	[0.25..0.28]	[0.95..0.95]	[10155.69..10155.69]	[0.398..0.398]	[0.246..0.281]	0.8313721	[8443.157..8443.157]
Group-1	PC 36:2:0	307.26	20180509_PC_brain_03.mzXML	30.0	15443.5	0.0	0.0	[11.0..11.0]	[1.0..1.0]	[0.9..0.9]	[13899.149..13899.149]	[0.415..0.415]	[0.25..0.28]	[0.9..0.9]	[13899.149..13899.149]	[0.415..0.415]	[0.246..0.281]	0.8313721	[11555.365..11555.365]
Group-1	PC 36:2:0	307.26	20180509_PC_brain_03.mzXML	35.0	13608.7	0.0	0.0	[11.0..11.0]	[1.0..1.0]	[0.905..0.905]	[12315.873..12315.873]	[0.41..0.41]	[0.25..0.28]	[0.905..0.905]	[12315.873..12315.873]	[0.41..0.41]	[0.246..0.281]	0.8313721	[10239.073..10239.073]
Group-1	PC 36:2:0	309.28	20180509_PC_brain_03.mzXML	25.0	1955.5	0.0	0.0	[11.0..11.0]	[1.0..1.0]	[0.963..0.963]	[1883.147..1883.147]	[0.431..0.431]	[0.13..0.33]	[0.963..0.963]	[1883.1465..1883.1465]	[0.431..0.431]	[0.129..0.328]	0.8313721	[1565.5953..1565.5953]
Group-1	PC 36:2:0	309.28	20180509_PC_brain_03.mzXML	30.0	2526.1	0.0	0.0	[11.0..11.0]	[1.0..1.0]	[0.894..0.894]	[2258.334..2258.334]	[0.424..0.424]	[0.13..0.33]	[0.894..0.894]	[2258.3335..2258.3335]	[0.424..0.424]	[0.129..0.328]	0.8313721	[1877.5155..1877.5155]
Group-1	PC 36:2:0	309.28	20180509_PC_brain_03.mzXML	35.0	1718.3	0.0	0.0	[11.0..11.0]	[1.0..1.0]	[0.861..0.861]	[1479.456..1479.456]	[0.361..0.361]	[0.13..0.33]	[0.861..0.861]	[1479.4563..1479.4563]	[0.361..0.361]	[0.129..0.328]	0.8313721	[1229.9786..1229.9786]
Group-1	PC 36:3:0	255.23	20180509_PC_brain_03.mzXML	25.0	12475.6	0.0	0.0	[0.0..0.0]	[0.0..1.0]	[1.0..1.0]	[12475.6..12475.6]	[0.422..0.454]	[0.22..0.51]	[1.0..1.0]	[12475.6..12475.6]	[0.447..0.471]	[0.221..0.511]	0.8331026	[10393.454..10393.454]
Group-1	PC 36:3:0	255.23	20180509_PC_brain_03.mzXML	30.0	13487.4	0.0	0.0	[0.0..0.0]	[0.0..1.0]	[1.0..1.0]	[13487.4..13487.4]	[0.392..0.458]	[0.22..0.51]	[1.0..1.0]	[13487.4..13487.4]	[0.409..0.467]	[0.221..0.511]	0.8331026	[11236.388..11236.388]
Group-1	PC 36:3:0	255.23	20180509_PC_brain_03.mzXML	35.0	12776.6	0.0	0.0	[0.0..0.0]	[0.0..0.8]	[1.0..1.0]	[12776.6..12776.6]	[0.4..0.504]	[0.22..0.51]	[1.0..1.0]	[12776.6..12776.6]	[0.41..0.504]	[0.221..0.511]	0.8331026	[10644.218..10644.218]
Group-1	PC 36:3:0	279.23	20180509_PC_brain_03.mzXML	25.0	10262.7	0.0	0.0	[9.0..9.0]	[0.0..0.0]	[0.867..0.867]	[8897.761..8897.761]	[0.479..0.479]	[0.45..0.55]	[0.867..0.867]	[8897.761..8897.761]	[0.479..0.479]	[0.448..0.551]	0.8331026	[7412.7476..7412.7476]
Group-1	PC 36:3:0	279.23	20180509_PC_brain_03.mzXML	30.0	11206.1	0.0	0.0	[9.0..9.0]	[0.0..0.0]	[0.883..0.883]	[9894.986..9894.986]	[0.489..0.489]	[0.45..0.55]	[0.883..0.883]	[9894.986..9894.986]	[0.489..0.489]	[0.448..0.551]	0.8331026	[8243.538..8243.538]
Group-1	PC 36:3:0	279.23	20180509_PC_brain_03.mzXML	35.0	9863.8	0.0	0.0	[9.0..9.0]	[0.0..0.0]	[0.951..0.951]	[9380.474..9380.474]	[0.519..0.519]	[0.45..0.55]	[0.951..0.951]	[9380.474..9380.474]	[0.519..0.519]	[0.448..0.551]	0.8331026	[7814.896..7814.896]
Group-1	PC 36:3:0	281.25	20180509_PC_brain_03.mzXML	25.0	10059.4	0.0	0.0	[9.0..9.0]	[1.0..1.0]	[0.964..0.964]	[9697.262..9697.262]	[0.521..0.521]	[0.45..0.55]	[0.964..0.964]	[9697.262..9697.262]	[0.521..0.521]	[0.449..0.552]	0.8331026	[8078.814..8078.814]
Group-1	PC 36:3:0	281.25	20180509_PC_brain_03.mzXML	30.0	11176.9	0.0	0.0	[9.0..9.0]	[1.0..1.0]	[0.926..0.926]	[10349.81..10349.81]	[0.511..0.511]	[0.45..0.55]	[0.926..0.926]	[10349.81..10349.81]	[0.511..0.511]	[0.449..0.552]	0.8331026	[8622.453..8622.453]
Group-1	PC 36:3:0	281.25	20180509_PC_brain_03.mzXML	35.0	9514.6	0.0	0.0	[9.0..9.0]	[1.0..1.0]	[0.913..0.913]	[8686.829..8686.829]	[0.481..0.481]	[0.45..0.55]	[0.913..0.913]	[8686.829..8686.829]	[0.481..0.481]	[0.449..0.552]	0.8331026	[7237.02..7237.02]
Group-1	PC 36:3:0	305.25	20180509_PC_brain_03.mzXML	25.0	16623.8	0.0	0.0	[5.0..11.0]	[0.0..1.0]	[0.901..1.029]	[14978.045..17105.893]	[0.546..0.578]	[0.49..0.78]	[0.843..0.93]	[14013.864..15460.135]	[0.529..0.553]	[0.489..0.779]	0.8331026	[12478.248..14250.962]
Group-1	PC 36:3:0	305.25	20180509_PC_brain_03.mzXML	30.0	17229.9	0.0	0.0	[5.0..11.0]	[0.0..1.0]	[0.925..1.213]	[15937.658..20899.871]	[0.542..0.608]	[0.49..0.78]	[0.894..1.132]	[15403.531..19504.246]	[0.533..0.591]	[0.489..0.779]	0.8331026	[13277.704..17411.736]
Group-1	PC 36:3:0	305.25	20180509_PC_brain_03.mzXML	35.0	12221.8	0.0	0.0	[5.0..11.0]	[0.2..1.0]	[1.028..1.57]	[12564.01..19188.227]	[0.496..0.6]	[0.49..0.78]	[1.028..1.507]	[12564.01..18418.252]	[0.496..0.59]	[0.489..0.779]	0.8331026	[10467.109..15985.761]
Group-1	PC 36:4:0	255.23	20180509_PC_brain_03.mzXML	25.0	44147.6	0.0	0.0	[0.0..0.0]	[0.0..0.0]	[1.0..1.0]	[44147.6..44147.6]	[0.24..0.241]	[0.0..0.0]	[1.0..1.0]	[44147.6..44147.6]	[0.24..0.241]	[0.0..0.0]	0.8348496	[36856.605..36856.605]
Group-1	PC 36:4:0	255.23	20180509_PC_brain_03.mzXML	30.0	55464.6	0.0	0.0	[0.0..0.0]	[0.0..0.0]	[1.0..1.0]	[55464.6..55464.6]	[0.268..0.271]	[0.0..0.0]	[1.0..1.0]	[55464.6..55464.6]	[0.268..0.271]	[0.0..0.0]	0.8348496	[46304.6..46304.6]
Group-1	PC 36:4:0	255.23	20180509_PC_brain_03.mzXML	35.0	52409.7	0.0	0.0	[0.0..0.0]	[0.0..0.0]	[1.0..1.0]	[52409.7..52409.7]	[0.281..0.285]	[0.0..0.0]	[1.0..1.0]	[52409.7..52409.7]	[0.281..0.285]	[0.0..0.0]	0.8348496	[43754.215..43754.215]
Group-1	PC 36:4:0	279.23	20180509_PC_brain_03.mzXML	25.0	0.0	0.0	0.0	[9.0..9.0]	[0.5..0.5]	[0.919..0.919]	[0.0..0.0]	[0.5..0.5]	[0.5..0.5]	[0.919..0.919]	[0.0..0.0]	[0.5..0.5]	[0.5..0.5]	0.8348496	[0.0..0.0]
Group-1	PC 36:4:0	279.23	20180509_PC_brain_03.mzXML	30.0	648.3	0.0	0.0	[9.0..9.0]	[0.5..0.5]	[0.944..0.944]	[611.995..611.995]	[0.5..0.5]	[0.5..0.5]	[0.944..0.944]	[611.9952..611.9952]	[0.5..0.5]	[0.5..0.5]	0.8348496	[510.92392..510.92392]
Group-1	PC 36:4:0	279.23	20180509_PC_brain_03.mzXML	35.0	580.3	0.0	0.0	[9.0..9.0]	[0.5..0.5]	[1.004..1.004]	[582.621..582.621]	[0.5..0.5]	[0.5..0.5]	[1.004..1.004]	[582.62115..582.62115]	[0.5..0.5]	[0.5..0.5]	0.8348496	[486.40103..486.40103]
Group-1	PC 36:4:0	303.23	20180509_PC_brain_03.mzXML	25.0	117139.9	5696.2	0.048627328	[5.3..5.4]	[1.0..1.0]	[1.189..1.194]	[139279.34..139865.05]	[0.759..0.76]	[1.0..1.0]	[1.189..1.194]	[139279.34..139865.05]	[0.759..0.76]	[1.0..1.0]	0.8348496	[116277.3..116766.27]
Group-1	PC 36:4:0	303.23	20180509_PC_brain_03.mzXML	30.0	92624.4	7636.9	0.082450196	[5.2..5.3]	[1.0..1.0]	[1.613..1.634]	[149403.16..151348.27]	[0.729..0.732]	[1.0..1.0]	[1.613..1.634]	[149403.16..151348.27]	[0.729..0.732]	[1.0..1.0]	0.8348496	[124729.17..126353.04]
Group-1	PC 36:4:0	303.23	20180509_PC_brain_03.mzXML	35.0	52828.1	6057.2	0.114658676	[5.2..5.4]	[1.0..1.0]	[2.49..2.542]	[131541.97..134289.03]	[0.715..0.719]	[1.0..1.0]	[2.49..2.542]	[131541.97..134289.03]	[0.715..0.719]	[1.0..1.0]	0.8348496	[109817.766..112111.15]
Group-1	PC 38:1:0	255.23	20180509_PC_brain_03.mzXML	25.0	2174.2	0.0	0.0	[0.0..0.0]	[0.0..0.0]	[1.0..1.0]	[2174.2..2174.2]	[0.349..0.349]	[0.12..0.32]	[1.0..1.0]	[2174.2..2174.2]	[0.349..0.349]	[0.124..0.324]	0.80639756	[1753.2695..1753.2695]
Group-1	PC 38:1:0	255.23	20180509_PC_brain_03.mzXML	30.0	2732.3	0.0	0.0	[0.0..0.0]	[1.0..1.0]	[1.0..1.0]	[2732.3..2732.3]	[0.421..0.421]	[0.12..0.32]	[1.0..1.0]	[2732.3..2732.3]	[0.421..0.421]	[0.124..0.324]	0.80639756	[2203.32..2203.32]
Group-1	PC 38:1:0	255.23	20180509_PC_brain_03.mzXML	35.0	2856.4	0.0	0.0	[0.0..0.0]	[0.0..1.0]	[1.0..1.0]	[2856.4..2856.4]	[0.419..0.434]	[0.12..0.32]	[1.0..1.0]	[2856.4..2856.4]	[0.42..0.424]	[0.124..0.324]	0.80639756	[2303.3938..2303.3938]
Group-1	PC 38:1:0	281.25	20180509_PC_brain_03.mzXML	25.0	7068.7	0.0	0.0	[9.0..9.0]	[0.0..1.0]	[0.869..0.964]	[6142.701..6814.227]	[0.7..0.711]	[1.0..1.0]	[0.964..0.964]	[6814.227..6814.227]	[0.722..0.722]	[0.998..1.0]	0.80639756	[4953.459..5494.976]
Group-1	PC 38:1:0	281.25	20180509_PC_brain_03.mzXML	30.0	8435.8	0.0	0.0	[9.0..9.0]	[0.0..1.0]	[0.855..0.926]	[7212.609..7811.551]	[0.758..0.766]	[1.0..1.0]	[0.926..0.926]	[7811.551..7811.551]	[0.772..0.772]	[0.998..1.0]	0.80639756	[5816.2305..6299.2153]
Group-1	PC 38:1:0	281.25	20180509_PC_brain_03.mzXML	35.0	7401.1	0.0	0.0	[9.0..9.0]	[0.0..1.0]	[0.868..0.913]	[6424.155..6757.204]	[0.711..0.716]	[1.0..1.0]	[0.913..0.913]	[6757.204..6757.204]	[0.721..0.721]	[0.998..1.0]	0.80639756	[5180.4224..5448.993]
Group-1	PC 38:1:0	283.26	20180509_PC_brain_03.mzXML	25.0	8632.4	0.0	0.0	[0.0..0.0]	[0.0..0.0]	[0.968..0.968]	[8356.163..8356.163]	[0.253..0.253]	[0.0..0.0]	[0.968..0.968]	[8356.163..8356.163]	[0.253..0.253]	[0.0..0.0]	0.80639756	[6738.3896..6738.3896]
Group-1	PC 38:1:0	283.26	20180509_PC_brain_03.mzXML	30.0	10702.8	0.0	0.0	[0.0..0.0]	[0.0..0.0]	[0.945..0.945]	[10114.146..10114.146]	[0.272..0.272]	[0.0..0.0]	[0.945..0.945]	[10114.1455..10114.1455]	[0.272..0.272]	[0.0..0.0]	0.80639756	[8156.0225..8156.0225]
Group-1	PC 38:1:0	283.26	20180509_PC_brain_03.mzXML	35.0	10846.2	0.0	0.0	[0.0..0.0]	[0.0..0.0]	[0.937..0.937]	[10162.89..10162.89]	[0.312..0.312]	[0.0..0.0]	[0.937..0.937]	[10162.89..10162.89]	[0.312..0.312]	[0.0..0.0]	0.80639756	[8195.329..8195.329]
Group-1	PC 38:1:0	309.28	20180509_PC_brain_03.mzXML	25.0	25662.5	0.0	0.0	[11.0..11.0]	[1.0..1.0]	[0.963..0.963]	[24712.988..24712.988]	[0.747..0.747]	[1.0..1.0]	[0.963..0.963]	[24712.988..24712.988]	[0.747..0.747]	[1.0..1.0]	0.80639756	[19928.492..19928.492]
Group-1	PC 38:1:0	309.28	20180509_PC_brain_03.mzXML	30.0	30331.2	0.0	0.0	[11.0..11.0]	[1.0..1.0]	[0.894..0.894]	[27116.092..27116.092]	[0.728..0.728]	[1.0..1.0]	[0.894..0.894]	[27116.092..27116.092]	[0.728..0.728]	[1.0..1.0]	0.80639756	[21866.352..21866.352]
Group-1	PC 38:1:0	309.28	20180509_PC_brain_03.mzXML	35.0	25986.4	0.0	0.0	[11.0..11.0]	[1.0..1.0]	[0.861..0.861]	[22374.293..22374.293]	[0.688..0.688]	[1.0..1.0]	[0.861..0.861]	[22374.291..22374.291]	[0.688..0.688]	[1.0..1.0]	0.80639756	[18042.572..18042.572]
Group-1	PC 38:1:0	311.29	20180509_PC_brain_03.mzXML	25.0	2780.9	0.0	0.0	[0.0..0.0]	[0.0..1.0]	[0.945..0.995]	[2627.951..2766.995]	[0.289..0.3]	[0.0..0.0]	[0.945..0.945]	[2627.9504..2627.9504]	[0.278..0.278]	[0.0..0.002]	0.80639756	[2119.1729..2231.2983]
Group-1	PC 38:1:0	311.29	20180509_PC_brain_03.mzXML	30.0	2554.1	0.0	0.0	[0.0..0.0]	[0.0..1.0]	[0.902..0.934]	[2303.798..2385.53]	[0.234..0.242]	[0.0..0.0]	[0.902..0.902]	[2303.7983..2303.7983]	[0.228..0.228]	[0.0..0.002]	0.80639756	[1857.7773..1923.6852]
Group-1	PC 38:1:0	311.29	20180509_PC_brain_03.mzXML	35.0	2944.7	0.0	0.0	[0.0..0.0]	[0.0..1.0]	[0.888..0.908]	[2614.894..2673.788]	[0.284..0.289]	[0.0..0.0]	[0.888..0.888]	[2614.8936..2614.8936]	[0.279..0.279]	[0.0..0.002]	0.80639756	[2108.6438..2156.1357]
Group-1	PC 38:1:0	337.31	20180509_PC_brain_03.mzXML	25.0	4271.9	0.0	0.0	[13.0..13.0]	[1.0..1.0]	[0.951..0.951]	[4062.577..4062.577]	[0.651..0.651]	[0.68..0.88]	[0.951..0.951]	[4062.5767..4062.5767]	[0.651..0.651]	[0.676..0.876]	0.80639756	[3276.052..3276.052]
Group-1	PC 38:1:0	337.31	20180509_PC_brain_03.mzXML	30.0	4799.3	0.0	0.0	[13.0..13.0]	[0.0..0.0]	[0.782..0.782]	[3753.053..3753.053]	[0.579..0.579]	[0.68..0.88]	[0.782..0.782]	[3753.0525..3753.0525]	[0.579..0.579]	[0.676..0.876]	0.80639756	[3026.4524..3026.4524]
Group-1	PC 38:1:0	337.31	20180509_PC_brain_03.mzXML	35.0	4884.0	0.0	0.0	[13.0..13.0]	[0.0..1.0]	[0.762..0.812]	[3721.608..3965.808]	[0.566..0.581]	[0.68..0.88]	[0.796..0.806]	[3887.664..3936.504]	[0.576..0.58]	[0.676..0.876]	0.80639756	[3001.0957..3198.0176]
Group-1	PC 38:2:0	253.22	20180509_PC_brain_03.mzXML	25.0	0.0	0.0	0.0	[9.0..9.0]	[0.0..0.0]	[0.901..0.901]	[0.0..0.0]	[0.0..0.0]	[0.0..0.0]	[0.901..0.901]	[0.0..0.0]	[0.0..0.0]	[0.0..0.0]	0.8080254	[0.0..0.0]
Group-1	PC 38:2:0	253.22	20180509_PC_brain_03.mzXML	30.0	324.5	0.0	0.0	[9.0..9.0]	[0.0..0.0]	[0.912..0.912]	[295.944..295.944]	[0.264..0.264]	[0.0..0.0]	[0.912..0.912]	[295.944..295.944]	[0.264..0.264]	[0.0..0.0]	0.8080254	[239.13028..239.13028]
Group-1	PC 38:2:0	253.22	20180509_PC_brain_03.mzXML	35.0	0.0	0.0	0.0	[9.0..9.0]	[0.0..0.0]	[0.936..0.936]	[0.0..0.0]	[0.0..0.0]	[0.0..0.0]	[0.936..0.936]	[0.0..0.0]	[0.0..0.0]	[0.0..0.0]	0.8080254	[0.0..0.0]
Group-1	PC 38:2:0	255.23	20180509_PC_brain_03.mzXML	25.0	1383.4	0.0	0.0	[0.0..0.0]	[0.0..1.0]	[1.0..1.0]	[1383.4..1383.4]	[0.389..0.418]	[0.22..0.56]	[1.0..1.0]	[1383.4..1383.4]	[0.395..0.405]	[0.224..0.562]	0.8080254	[1117.8224..1117.8224]
Group-1	PC 38:2:0	255.23	20180509_PC_brain_03.mzXML	30.0	1867.3	0.0	0.0	[0.0..0.0]	[1.0..1.0]	[1.0..1.0]	[1867.3..1867.3]	[0.524..0.524]	[0.22..0.56]	[1.0..1.0]	[1867.3..1867.3]	[0.524..0.524]	[0.224..0.562]	0.8080254	[1508.8259..1508.8259]
Group-1	PC 38:2:0	255.23	20180509_PC_brain_03.mzXML	35.0	1435.2	0.0	0.0	[0.0..0.0]	[0.0..0.0]	[1.0..1.0]	[1435.2..1435.2]	[0.453..0.453]	[0.22..0.56]	[1.0..1.0]	[1435.2..1435.2]	[0.453..0.453]	[0.224..0.562]	0.8080254	[1159.6781..1159.6781]
Group-1	PC 38:2:0	281.25	20180509_PC_brain_03.mzXML	25.0	24293.6	0.0	0.0	[9.0..9.0]	[0.0..0.0]	[0.869..0.869]	[21111.139..21111.139]	[0.601..0.601]	[0.75..0.91]	[0.869..0.869]	[21111.139..21111.139]	[0.601..0.601]	[0.752..0.914]	0.8080254	[17058.336..17058.336]
Group-1	PC 38:2:0	281.25	20180509_PC_brain_03.mzXML	30.0	29114.9	0.0	0.0	[9.0..9.0]	[0.0..0.0]	[0.855..0.855]	[24893.24..24893.24]	[0.623..0.623]	[0.75..0.91]	[0.855..0.855]	[24893.24..24893.24]	[0.623..0.623]	[0.752..0.914]	0.8080254	[20114.371..20114.371]
Group-1	PC 38:2:0	281.25	20180509_PC_brain_03.mzXML	35.0	27377.4	0.0	0.0	[9.0..9.0]	[0.0..0.0]	[0.868..0.868]	[23763.582..23763.582]	[0.655..0.655]	[0.75..0.91]	[0.868..0.868]	[23763.582..23763.582]	[0.655..0.655]	[0.752..0.914]	0.8080254	[19201.578..19201.578]
Group-1	PC 38:2:0	283.26	20180509_PC_brain_03.mzXML	25.0	3167.4	0.0	0.0	[0.0..0.0]	[0.0..0.0]	[0.968..0.968]	[3066.043..3066.043]	[0.293..0.293]	[0.0..0.11]	[0.968..0.968]	[3066.043..3066.043]	[0.293..0.293]	[0.0..0.113]	0.8080254	[2477.4407..2477.4407]
Group-1	PC 38:2:0	283.26	20180509_PC_brain_03.mzXML	30.0	3877.6	0.0	0.0	[0.0..0.0]	[0.0..0.0]	[0.945..0.945]	[3664.332..3664.332]	[0.323..0.323]	[0.0..0.11]	[0.945..0.945]	[3664.332..3664.332]	[0.323..0.323]	[0.0..0.113]	0.8080254	[2960.8735..2960.8735]
Group-1	PC 38:2:0	283.26	20180509_PC_brain_03.mzXML	35.0	4264.7	0.0	0.0	[0.0..0.0]	[0.0..0.0]	[0.937..0.937]	[3996.024..3996.024]	[0.355..0.355]	[0.0..0.11]	[0.937..0.937]	[3996.024..3996.024]	[0.355..0.355]	[0.0..0.113]	0.8080254	[3228.889..3228.889]
Group-1	PC 38:2:0	307.26	20180509_PC_brain_03.mzXML	25.0	7799.2	0.0	0.0	[11.0..11.0]	[1.0..1.0]	[0.95..0.95]	[7409.24..7409.24]	[0.707..0.707]	[0.89..1.0]	[0.95..0.95]	[7409.24..7409.24]	[0.707..0.707]	[0.887..1.0]	0.8080254	[5986.8545..5986.8545]
Group-1	PC 38:2:0	307.26	20180509_PC_brain_03.mzXML	30.0	8544.9	0.0	0.0	[11.0..11.0]	[1.0..1.0]	[0.9..0.9]	[7690.41..7690.41]	[0.677..0.677]	[0.89..1.0]	[0.9..0.9]	[7690.41..7690.41]	[0.677..0.677]	[0.887..1.0]	0.8080254	[6214.047..6214.047]
Group-1	PC 38:2:0	307.26	20180509_PC_brain_03.mzXML	35.0	8027.4	0.0	0.0	[11.0..11.0]	[1.0..1.0]	[0.905..0.905]	[7264.797..7264.797]	[0.645..0.645]	[0.89..1.0]	[0.905..0.905]	[7264.797..7264.797]	[0.645..0.645]	[0.887..1.0]	0.8080254	[5870.1406..5870.1406]
Group-1	PC 38:2:0	309.28	20180509_PC_brain_03.mzXML	25.0	14566.4	0.0	0.0	[11.0..11.0]	[1.0..1.0]	[0.963..0.963]	[14027.443..14027.443]	[0.399..0.399]	[0.09..0.25]	[0.963..0.963]	[14027.443..14027.443]	[0.399..0.399]	[0.086..0.248]	0.8080254	[11334.53..11334.53]
Group-1	PC 38:2:0	309.28	20180509_PC_brain_03.mzXML	30.0	16864.2	0.0	0.0	[11.0..11.0]	[1.0..1.0]	[0.894..0.894]	[15076.594..15076.594]	[0.377..0.377]	[0.09..0.25]	[0.894..0.894]	[15076.594..15076.594]	[0.377..0.377]	[0.086..0.248]	0.8080254	[12182.2705..12182.2705]
Group-1	PC 38:2:0	309.28	20180509_PC_brain_03.mzXML	35.0	14509.8	0.0	0.0	[11.0..11.0]	[1.0..1.0]	[0.861..0.861]	[12492.938..12492.938]	[0.345..0.345]	[0.09..0.25]	[0.861..0.861]	[12492.9375..12492.9375]	[0.345..0.345]	[0.086..0.248]	0.8080254	[10094.611..10094.611]
Group-1	PC 38:2:0	335.29	20180509_PC_brain_03.mzXML	25.0	2299.5	0.0	0.0	[13.0..13.0]	[0.0..1.0]	[0.836..0.945]	[1922.382..2173.028]	[0.582..0.611]	[0.44..0.78]	[0.884..0.921]	[2032.758..2117.8396]	[0.595..0.605]	[0.438..0.776]	0.8080254	[1553.3336..1755.8615]
Group-1	PC 38:2:0	335.29	20180509_PC_brain_03.mzXML	30.0	2172.0	0.0	0.0	[13.0..13.0]	[0.0..0.0]	[0.782..0.782]	[1698.504..1698.504]	[0.476..0.476]	[0.44..0.78]	[0.782..0.782]	[1698.504..1698.504]	[0.476..0.476]	[0.438..0.776]	0.8080254	[1372.4344..1372.4344]
Group-1	PC 38:2:0	335.29	20180509_PC_brain_03.mzXML	35.0	2055.9	0.0	0.0	[13.0..13.0]	[1.0..1.0]	[0.844..0.844]	[1735.18..1735.18]	[0.547..0.547]	[0.44..0.78]	[0.844..0.844]	[1735.1794..1735.1794]	[0.547..0.547]	[0.438..0.776]	0.8080254	[1402.0691..1402.0691]
Group-1	PC 38:2:0	337.31	20180509_PC_brain_03.mzXML	25.0	670.5	0.0	0.0	[13.0..13.0]	[1.0..1.0]	[0.951..0.951]	[637.646..637.646]	[1.0..1.0]	[1.0..1.0]	[0.951..0.951]	[637.6455..637.6455]	[1.0..1.0]	[1.0..1.0]	0.8080254	[515.23376..515.23376]
Group-1	PC 38:2:0	337.31	20180509_PC_brain_03.mzXML	30.0	961.6	0.0	0.0	[13.0..13.0]	[1.0..1.0]	[0.858..0.858]	[825.053..825.053]	[0.736..0.736]	[1.0..1.0]	[0.858..0.858]	[825.05273..825.05273]	[0.736..0.736]	[1.0..1.0]	0.8080254	[666.66364..666.66364]
Group-1	PC 38:2:0	337.31	20180509_PC_brain_03.mzXML	35.0	857.5	0.0	0.0	[13.0..13.0]	[1.0..1.0]	[0.812..0.812]	[696.29..696.29]	[1.0..1.0]	[1.0..1.0]	[0.812..0.812]	[696.29..696.29]	[1.0..1.0]	[1.0..1.0]	0.8080254	[562.62..562.62]
Group-1	PC 38:3:0	255.23	20180509_PC_brain_03.mzXML	25.0	1685.0	0.0	0.0	[0.0..0.0]	[0.0..0.0]	[1.0..1.0]	[1685.0..1685.0]	[0.415..0.415]	[0.27..0.48]	[1.0..1.0]	[1685.0..1685.0]	[0.415..0.415]	[0.273..0.476]	0.80966043	[1364.2778..1364.2778]
Group-1	PC 38:3:0	255.23	20180509_PC_brain_03.mzXML	30.0	1647.0	0.0	0.0	[0.0..0.0]	[0.0..0.0]	[1.0..1.0]	[1647.0..1647.0]	[0.412..0.412]	[0.27..0.48]	[1.0..1.0]	[1647.0..1647.0]	[0.412..0.412]	[0.273..0.476]	0.80966043	[1333.5107..1333.5107]
Group-1	PC 38:3:0	255.23	20180509_PC_brain_03.mzXML	35.0	2092.1	0.0	0.0	[0.0..0.0]	[0.0..0.0]	[1.0..1.0]	[2092.1..2092.1]	[0.491..0.491]	[0.27..0.48]	[1.0..1.0]	[2092.1..2092.1]	[0.491..0.491]	[0.273..0.476]	0.80966043	[1693.8906..1693.8906]
Group-1	PC 38:3:0	279.23	20180509_PC_brain_03.mzXML	25.0	726.2	0.0	0.0	[9.0..9.0]	[0.0..0.0]	[0.867..0.867]	[629.615..629.615]	[1.0..1.0]	[1.0..1.0]	[0.867..0.867]	[629.6154..629.6154]	[1.0..1.0]	[1.0..1.0]	0.80966043	[509.77466..509.77466]
Group-1	PC 38:3:0	279.23	20180509_PC_brain_03.mzXML	30.0	882.7	0.0	0.0	[9.0..9.0]	[1.0..1.0]	[0.952..0.952]	[840.33..840.33]	[1.0..1.0]	[1.0..1.0]	[0.952..0.952]	[840.33044..840.33044]	[1.0..1.0]	[1.0..1.0]	0.80966043	[680.38226..680.38226]
Group-1	PC 38:3:0	279.23	20180509_PC_brain_03.mzXML	35.0	961.9	0.0	0.0	[9.0..9.0]	[0.0..1.0]	[0.951..0.994]	[914.767..956.129]	[0.8..0.802]	[1.0..1.0]	[0.994..0.994]	[956.12866..956.12866]	[0.809..0.809]	[1.0..1.0]	0.80966043	[740.6506..774.1395]
Group-1	PC 38:3:0	281.25	20180509_PC_brain_03.mzXML	25.0	4112.8	0.0	0.0	[9.0..9.0]	[0.0..0.0]	[0.869..0.869]	[3574.023..3574.023]	[0.654..0.654]	[0.88..1.0]	[0.869..0.869]	[3574.0232..3574.0232]	[0.654..0.654]	[0.884..1.0]	0.80966043	[2893.745..2893.745]
Group-1	PC 38:3:0	281.25	20180509_PC_brain_03.mzXML	30.0	5566.8	0.0	0.0	[9.0..9.0]	[0.0..0.0]	[0.855..0.855]	[4759.614..4759.614]	[0.655..0.655]	[0.88..1.0]	[0.855..0.855]	[4759.614..4759.614]	[0.655..0.655]	[0.884..1.0]	0.80966043	[3853.6714..3853.6714]
Group-1	PC 38:3:0	281.25	20180509_PC_brain_03.mzXML	35.0	5014.5	0.0	0.0	[9.0..9.0]	[0.0..0.0]	[0.868..0.868]	[4352.586..4352.586]	[0.704..0.704]	[0.88..1.0]	[0.868..0.868]	[4352.586..4352.586]	[0.704..0.704]	[0.884..1.0]	0.80966043	[3524.1165..3524.1165]
Group-1	PC 38:3:0	283.26	20180509_PC_brain_03.mzXML	25.0	4705.9	0.0	0.0	[0.0..0.0]	[0.0..1.0]	[0.968..0.988]	[4555.311..4649.429]	[0.226..0.247]	[0.0..0.0]	[0.968..0.968]	[4555.311..4555.311]	[0.223..0.228]	[0.0..0.0]	0.80966043	[3688.2551..3764.4587]
Group-1	PC 38:3:0	283.26	20180509_PC_brain_03.mzXML	30.0	6035.0	0.0	0.0	[0.0..0.0]	[0.0..1.0]	[0.945..0.958]	[5703.075..5781.53]	[0.234..0.283]	[0.0..0.0]	[0.945..0.945]	[5703.075..5703.075]	[0.231..0.267]	[0.0..0.0]	0.80966043	[4617.554..4681.076]
Group-1	PC 38:3:0	283.26	20180509_PC_brain_03.mzXML	35.0	5197.4	0.0	0.0	[0.0..0.0]	[0.0..0.0]	[0.937..0.937]	[4869.964..4869.964]	[0.205..0.269]	[0.0..0.0]	[0.937..0.937]	[4869.9634..4869.9634]	[0.205..0.269]	[0.0..0.0]	0.80966043	[3943.0166..3943.0166]
Group-1	PC 38:3:0	305.25	20180509_PC_brain_03.mzXML	25.0	15449.1	0.0	0.0	[5.0..11.0]	[0.0..1.0]	[0.901..1.029]	[13919.639..15897.124]	[0.753..0.774]	[1.0..1.0]	[1.001..1.029]	[15464.55..15897.124]	[0.772..0.777]	[1.0..1.0]	0.80966043	[11270.181..12871.272]
Group-1	PC 38:3:0	305.25	20180509_PC_brain_03.mzXML	30.0	15608.3	0.0	0.0	[5.0..11.0]	[0.0..1.0]	[0.925..1.213]	[14437.678..18932.87]	[0.717..0.766]	[1.0..1.0]	[1.003..1.213]	[15655.125..18932.87]	[0.733..0.769]	[1.0..1.0]	0.80966043	[11689.616..15329.194]
Group-1	PC 38:3:0	305.25	20180509_PC_brain_03.mzXML	35.0	12060.1	0.0	0.0	[5.0..11.0]	[1.0..1.0]	[1.099..1.57]	[13254.049..18934.357]	[0.731..0.795]	[1.0..1.0]	[1.099..1.57]	[13254.049..18934.357]	[0.731..0.795]	[1.0..1.0]	0.80966043	[10731.279..15330.4]
Group-1	PC 38:3:0	307.26	20180509_PC_brain_03.mzXML	25.0	1986.0	0.0	0.0	[11.0..11.0]	[1.0..1.0]	[0.95..0.95]	[1886.7..1886.7]	[0.346..0.346]	[0.0..0.12]	[0.95..0.95]	[1886.7..1886.7]	[0.346..0.346]	[0.0..0.116]	0.80966043	[1527.5863..1527.5863]
Group-1	PC 38:3:0	307.26	20180509_PC_brain_03.mzXML	30.0	2779.4	0.0	0.0	[11.0..11.0]	[1.0..1.0]	[0.9..0.9]	[2501.46..2501.46]	[0.345..0.345]	[0.0..0.12]	[0.9..0.9]	[2501.46..2501.46]	[0.345..0.345]	[0.0..0.116]	0.80966043	[2025.333..2025.333]
Group-1	PC 38:3:0	307.26	20180509_PC_brain_03.mzXML	35.0	2019.7	0.0	0.0	[11.0..11.0]	[1.0..1.0]	[0.905..0.905]	[1827.828..1827.828]	[0.296..0.296]	[0.0..0.12]	[0.905..0.905]	[1827.8284..1827.8284]	[0.296..0.296]	[0.0..0.116]	0.80966043	[1479.9203..1479.9203]
Group-1	PC 38:3:0	309.28	20180509_PC_brain_03.mzXML	25.0	0.0	0.0	0.0	[11.0..11.0]	[1.0..1.0]	[0.963..0.963]	[0.0..0.0]	[0.0..0.0]	[0.0..0.0]	[0.963..0.963]	[0.0..0.0]	[0.0..0.0]	[0.0..0.0]	0.80966043	[0.0..0.0]
Group-1	PC 38:3:0	309.28	20180509_PC_brain_03.mzXML	30.0	0.0	0.0	0.0	[11.0..11.0]	[0.0..0.0]	[0.819..0.819]	[0.0..0.0]	[0.0..0.0]	[0.0..0.0]	[0.819..0.819]	[0.0..0.0]	[0.0..0.0]	[0.0..0.0]	0.80966043	[0.0..0.0]
Group-1	PC 38:3:0	309.28	20180509_PC_brain_03.mzXML	35.0	277.0	0.0	0.0	[11.0..11.0]	[0.0..1.0]	[0.813..0.861]	[225.201..238.497]	[0.198..0.2]	[0.0..0.0]	[0.813..0.813]	[225.201..225.201]	[0.191..0.191]	[0.0..0.0]	0.80966043	[182.33635..193.10158]
Group-1	PC 38:3:0	333.28	20180509_PC_brain_03.mzXML	25.0	2408.2	0.0	0.0	[13.0..13.0]	[1.0..1.0]	[0.988..0.988]	[2379.302..2379.302]	[0.585..0.585]	[0.52..0.73]	[0.988..0.988]	[2379.3015..2379.3015]	[0.585..0.585]	[0.524..0.727]	0.80966043	[1926.4263..1926.4263]
Group-1	PC 38:3:0	333.28	20180509_PC_brain_03.mzXML	30.0	2493.0	0.0	0.0	[13.0..13.0]	[1.0..1.0]	[0.943..0.943]	[2350.899..2350.899]	[0.588..0.588]	[0.52..0.73]	[0.943..0.943]	[2350.899..2350.899]	[0.588..0.588]	[0.524..0.727]	0.80966043	[1903.43..1903.43]
Group-1	PC 38:3:0	333.28	20180509_PC_brain_03.mzXML	35.0	2181.1	0.0	0.0	[13.0..13.0]	[1.0..1.0]	[0.995..0.995]	[2170.195..2170.195]	[0.509..0.509]	[0.52..0.73]	[0.995..0.995]	[2170.1946..2170.1946]	[0.509..0.509]	[0.524..0.727]	0.80966043	[1757.1207..1757.1207]
Group-1	PC 38:4:0	255.23	20180509_PC_brain_03.mzXML	25.0	12218.3	0.0	0.0	[0.0..0.0]	[0.0..1.0]	[1.0..1.0]	[12218.3..12218.3]	[0.3..0.327]	[0.0..0.19]	[1.0..1.0]	[12218.3..12218.3]	[0.3..0.323]	[0.002..0.188]	0.81129444	[9912.639..9912.639]
Group-1	PC 38:4:0	255.23	20180509_PC_brain_03.mzXML	30.0	14621.9	0.0	0.0	[0.0..0.0]	[0.8..1.0]	[1.0..1.0]	[14621.9..14621.9]	[0.331..0.348]	[0.0..0.19]	[1.0..1.0]	[14621.9..14621.9]	[0.306..0.345]	[0.002..0.188]	0.81129444	[11862.666..11862.666]
Group-1	PC 38:4:0	255.23	20180509_PC_brain_03.mzXML	35.0	13919.0	0.0	0.0	[0.0..0.0]	[0.0..0.0]	[1.0..1.0]	[13919.0..13919.0]	[0.331..0.383]	[0.0..0.19]	[1.0..1.0]	[13919.0..13919.0]	[0.331..0.391]	[0.002..0.188]	0.81129444	[11292.407..11292.407]
Group-1	PC 38:4:0	281.25	20180509_PC_brain_03.mzXML	25.0	3574.0	0.0	0.0	[9.0..9.0]	[0.0..1.0]	[0.869..0.964]	[3105.806..3445.336]	[0.531..0.539]	[0.24..0.6]	[0.892..0.926]	[3188.008..3309.524]	[0.548..0.563]	[0.241..0.597]	0.81129444	[2519.7231..2795.182]
Group-1	PC 38:4:0	281.25	20180509_PC_brain_03.mzXML	30.0	3593.1	0.0	0.0	[9.0..9.0]	[0.0..1.0]	[0.855..0.926]	[3072.101..3327.211]	[0.454..0.502]	[0.24..0.6]	[0.872..0.898]	[3133.183..3226.604]	[0.465..0.516]	[0.241..0.597]	0.81129444	[2492.3782..2699.3474]
Group-1	PC 38:4:0	281.25	20180509_PC_brain_03.mzXML	35.0	3173.5	0.0	0.0	[9.0..9.0]	[0.0..0.0]	[0.868..0.868]	[2754.598..2754.598]	[0.403..0.49]	[0.24..0.6]	[0.868..0.868]	[2754.598..2754.598]	[0.413..0.508]	[0.241..0.597]	0.81129444	[2234.7898..2234.7898]
Group-1	PC 38:4:0	283.26	20180509_PC_brain_03.mzXML	25.0	43455.0	0.0	0.0	[0.0..0.0]	[0.0..0.0]	[0.968..0.968]	[42064.44..42064.44]	[0.223..0.225]	[0.0..0.0]	[0.968..0.968]	[42064.44..42064.44]	[0.223..0.225]	[0.0..0.0]	0.81129444	[34126.65..34126.65]
Group-1	PC 38:4:0	283.26	20180509_PC_brain_03.mzXML	30.0	54985.6	0.0	0.0	[0.0..0.0]	[0.0..0.0]	[0.945..0.945]	[51961.395..51961.395]	[0.237..0.242]	[0.0..0.0]	[0.945..0.945]	[51961.395..51961.395]	[0.237..0.242]	[0.0..0.0]	0.81129444	[42155.99..42155.99]
Group-1	PC 38:4:0	283.26	20180509_PC_brain_03.mzXML	35.0	53380.2	0.0	0.0	[0.0..0.0]	[0.0..0.0]	[0.937..0.937]	[50017.246..50017.246]	[0.254..0.262]	[0.0..0.0]	[0.937..0.937]	[50017.246..50017.246]	[0.254..0.262]	[0.0..0.0]	0.81129444	[40578.71..40578.71]
Group-1	PC 38:4:0	303.23	20180509_PC_brain_03.mzXML	25.0	122698.1	5587.2	0.045536157	[5.5..5.6]	[1.0..1.0]	[1.184..1.194]	[145274.55..146501.53]	[0.775..0.777]	[1.0..1.0]	[1.184..1.194]	[145274.55..146501.53]	[0.775..0.777]	[1.0..1.0]	0.81129444	[117860.44..118855.88]
Group-1	PC 38:4:0	303.23	20180509_PC_brain_03.mzXML	30.0	102507.1	8068.4	0.078710645	[5.4..5.5]	[1.0..1.0]	[1.592..1.634]	[163191.31..167496.6]	[0.758..0.763]	[1.0..1.0]	[1.592..1.634]	[163191.31..167496.6]	[0.758..0.763]	[1.0..1.0]	0.81129444	[132396.19..135889.05]
Group-1	PC 38:4:0	303.23	20180509_PC_brain_03.mzXML	35.0	57735.6	6630.5	0.11484249	[5.2..5.4]	[1.0..1.0]	[2.438..2.542]	[140759.39..146763.9]	[0.738..0.746]	[1.0..1.0]	[2.438..2.542]	[140759.39..146763.9]	[0.738..0.746]	[1.0..1.0]	0.81129444	[114197.32..119068.74]
Group-1	PC 38:4:0	305.25	20180509_PC_brain_03.mzXML	25.0	2952.1	0.0	0.0	[5.0..11.0]	[0.0..1.0]	[0.901..1.029]	[2659.842..3037.711]	[0.461..0.469]	[0.4..0.76]	[0.838..0.923]	[2473.8599..2724.7883]	[0.437..0.452]	[0.403..0.759]	0.81129444	[2157.9153..2464.4783]
Group-1	PC 38:4:0	305.25	20180509_PC_brain_03.mzXML	30.0	3298.4	0.0	0.0	[5.0..11.0]	[0.0..1.0]	[0.925..1.213]	[3051.02..4000.959]	[0.498..0.546]	[0.4..0.76]	[0.89..1.126]	[2935.576..3713.9985]	[0.484..0.535]	[0.403..0.759]	0.81129444	[2475.2754..3245.9558]
Group-1	PC 38:4:0	305.25	20180509_PC_brain_03.mzXML	35.0	2604.0	0.0	0.0	[5.0..11.0]	[1.0..1.0]	[1.099..1.57]	[2861.796..4088.28]	[0.51..0.597]	[0.4..0.76]	[1.025..1.502]	[2669.0999..3911.208]	[0.492..0.587]	[0.403..0.759]	0.81129444	[2321.759..3316.7988]
Group-1	PC 38:4:0	331.26	20180509_PC_brain_03.mzXML	25.0	27291.2	0.0	0.0	[7.0..10.0]	[0.0..1.0]	[0.923..1.046]	[25189.775..28546.594]	[0.673..0.7]	[0.81..1.0]	[0.939..1.046]	[25626.436..28546.594]	[0.677..0.7]	[0.812..0.998]	0.81129444	[20436.324..23159.693]
Group-1	PC 38:4:0	331.26	20180509_PC_brain_03.mzXML	30.0	26653.8	0.0	0.0	[7.0..10.0]	[0.0..0.2]	[1.027..1.107]	[27373.451..29505.758]	[0.652..0.669]	[0.81..1.0]	[1.04..1.245]	[27719.951..33183.98]	[0.655..0.694]	[0.812..0.998]	0.81129444	[22207.93..23937.857]
Group-1	PC 38:4:0	331.26	20180509_PC_brain_03.mzXML	35.0	16422.4	0.0	0.0	[7.0..10.0]	[1.0..1.0]	[1.365..1.711]	[22416.576..28098.727]	[0.617..0.669]	[0.81..1.0]	[1.321..1.711]	[21693.99..28098.727]	[0.609..0.669]	[0.812..0.998]	0.81129444	[18186.443..22796.342]
Group-1	PC 38:5:0	255.23	20180509_PC_brain_03.mzXML	25.0	17422.9	0.0	0.0	[0.0..0.0]	[0.0..0.9]	[1.0..1.0]	[17422.9..17422.9]	[0.399..0.439]	[0.22..0.35]	[1.0..1.0]	[17422.9..17422.9]	[0.423..0.438]	[0.22..0.348]	0.81293565	[14163.697..14163.697]
Group-1	PC 38:5:0	255.23	20180509_PC_brain_03.mzXML	30.0	18691.7	0.0	0.0	[0.0..0.0]	[0.0..0.0]	[1.0..1.0]	[18691.7..18691.7]	[0.398..0.408]	[0.22..0.35]	[1.0..1.0]	[18691.7..18691.7]	[0.414..0.432]	[0.22..0.348]	0.81293565	[15195.148..15195.148]
Group-1	PC 38:5:0	255.23	20180509_PC_brain_03.mzXML	35.0	19160.2	0.0	0.0	[0.0..0.0]	[0.0..0.9]	[1.0..1.0]	[19160.2..19160.2]	[0.395..0.436]	[0.22..0.35]	[1.0..1.0]	[19160.2..19160.2]	[0.406..0.426]	[0.22..0.348]	0.81293565	[15576.009..15576.009]
Group-1	PC 38:5:0	281.25	20180509_PC_brain_03.mzXML	25.0	8861.3	0.0	0.0	[9.0..9.0]	[0.0..0.9]	[0.869..0.954]	[7700.47..8453.68]	[0.241..0.255]	[0.0..0.0]	[0.869..0.869]	[7700.4697..7700.4697]	[0.224..0.227]	[0.0..0.0]	0.81293565	[6259.9863..6872.298]
Group-1	PC 38:5:0	281.25	20180509_PC_brain_03.mzXML	30.0	10924.9	0.0	0.0	[9.0..9.0]	[0.0..0.0]	[0.855..0.855]	[9340.79..9340.79]	[0.234..0.242]	[0.0..0.0]	[0.855..0.855]	[9340.79..9340.79]	[0.234..0.242]	[0.0..0.0]	0.81293565	[7593.4614..7593.4614]
Group-1	PC 38:5:0	281.25	20180509_PC_brain_03.mzXML	35.0	12182.2	0.0	0.0	[9.0..9.0]	[0.0..0.9]	[0.868..0.908]	[10574.149..11061.438]	[0.277..0.303]	[0.0..0.0]	[0.868..0.868]	[10574.149..10574.149]	[0.268..0.283]	[0.0..0.0]	0.81293565	[8596.103..8992.237]
Group-1	PC 38:5:0	303.23	20180509_PC_brain_03.mzXML	25.0	22201.2	1104.2	0.04973605	[5.2..5.3]	[0.1..1.0]	[1.015..1.2]	[22534.217..26641.44]	[0.745..0.759]	[1.0..1.0]	[1.181..1.2]	[26219.615..26641.44]	[0.773..0.776]	[1.0..1.0]	0.81293565	[18318.87..21657.777]
Group-1	PC 38:5:0	303.23	20180509_PC_brain_03.mzXML	30.0	18462.6	1630.1	0.08829201	[5.0..5.0]	[1.0..1.0]	[1.581..1.656]	[29189.37..30574.064]	[0.758..0.766]	[1.0..1.0]	[1.581..1.656]	[29189.37..30574.064]	[0.758..0.766]	[1.0..1.0]	0.81293565	[23729.078..24854.748]
Group-1	PC 38:5:0	303.23	20180509_PC_brain_03.mzXML	35.0	11117.4	1206.8	0.10855056	[5.5..5.7]	[0.1..1.0]	[2.192..2.594]	[24369.34..28838.537]	[0.697..0.723]	[1.0..1.0]	[2.412..2.594]	[26815.17..28838.537]	[0.717..0.732]	[1.0..1.0]	0.81293565	[19810.707..23443.877]
Group-1	PC 38:5:0	329.25	20180509_PC_brain_03.mzXML	25.0	18533.8	3086.2	0.16651738	[4.3..4.5]	[0.1..1.0]	[1.203..1.418]	[22296.162..26280.93]	[0.561..0.601]	[0.65..0.78]	[1.204..1.281]	[22314.695..23741.799]	[0.562..0.577]	[0.652..0.78]	0.81293565	[18125.344..21364.703]
Group-1	PC 38:5:0	329.25	20180509_PC_brain_03.mzXML	30.0	11859.0	3183.7	0.26846278	[4.4..4.4]	[1.0..1.0]	[2.287..2.388]	[27121.533..28319.293]	[0.592..0.602]	[0.65..0.78]	[2.072..2.227]	[24571.848..26409.992]	[0.568..0.586]	[0.652..0.78]	0.81293565	[22048.06..23021.762]
Group-1	PC 38:5:0	329.25	20180509_PC_brain_03.mzXML	35.0	6056.2	2176.9	0.3594498	[4.5..4.7]	[0.1..1.0]	[4.097..4.845]	[24812.254..29342.29]	[0.564..0.605]	[0.65..0.78]	[4.266..4.634]	[25835.748..28064.43]	[0.574..0.594]	[0.652..0.78]	0.81293565	[20170.766..23853.395]
Group-1	PC 38:6:0	255.23	20180509_PC_brain_03.mzXML	25.0	33281.5	0.0	0.0	[0.0..0.0]	[0.0..0.0]	[1.0..1.0]	[33281.5..33281.5]	[0.355..0.355]	[0.14..0.24]	[1.0..1.0]	[33281.5..33281.5]	[0.355..0.355]	[0.139..0.236]	0.81459224	[27110.852..27110.852]
Group-1	PC 38:6:0	255.23	20180509_PC_brain_03.mzXML	30.0	36924.6	0.0	0.0	[0.0..0.0]	[0.0..0.0]	[1.0..1.0]	[36924.6..36924.6]	[0.368..0.368]	[0.14..0.24]	[1.0..1.0]	[36924.6..36924.6]	[0.368..0.368]	[0.139..0.236]	0.81459224	[30078.494..30078.494]
Group-1	PC 38:6:0	255.23	20180509_PC_brain_03.mzXML	35.0	33971.2	0.0	0.0	[0.0..0.0]	[0.0..0.0]	[1.0..1.0]	[33971.2..33971.2]	[0.401..0.401]	[0.14..0.24]	[1.0..1.0]	[33971.2..33971.2]	[0.401..0.401]	[0.139..0.236]	0.81459224	[27672.676..27672.676]
Group-1	PC 38:6:0	327.23	20180509_PC_brain_03.mzXML	25.0	31130.9	10905.2	0.35030147	[4.0..4.0]	[1.0..1.0]	[1.942..1.942]	[60456.21..60456.21]	[0.645..0.645]	[0.76..0.86]	[1.942..1.942]	[60456.21..60456.21]	[0.645..0.645]	[0.764..0.861]	0.81459224	[49247.16..49247.16]
Group-1	PC 38:6:0	327.23	20180509_PC_brain_03.mzXML	30.0	15118.3	8914.4	0.58964306	[4.0..4.0]	[1.0..1.0]	[4.199..4.199]	[63481.74..63481.74]	[0.632..0.632]	[0.76..0.86]	[4.199..4.199]	[63481.74..63481.74]	[0.632..0.632]	[0.764..0.861]	0.81459224	[51711.734..51711.734]
Group-1	PC 38:6:0	327.23	20180509_PC_brain_03.mzXML	35.0	4440.8	4123.9	0.928639	[4.0..4.0]	[1.0..1.0]	[11.439..11.439]	[50798.31..50798.31]	[0.599..0.599]	[0.76..0.86]	[11.439..11.439]	[50798.31..50798.31]	[0.599..0.599]	[0.764..0.861]	0.81459224	[41379.91..41379.91]
Group-1	PC 40:2:0	281.25	20180509_PC_brain_03.mzXML	25.0	3073.4	0.0	0.0	[9.0..9.0]	[0.0..0.0]	[0.869..0.869]	[2670.785..2670.785]	[0.488..0.488]	[0.47..0.65]	[0.869..0.869]	[2670.7847..2670.7847]	[0.488..0.488]	[0.47..0.65]	0.7860534	[2099.3794..2099.3794]
Group-1	PC 40:2:0	281.25	20180509_PC_brain_03.mzXML	30.0	3191.3	0.0	0.0	[9.0..9.0]	[1.0..1.0]	[0.926..0.926]	[2955.144..2955.144]	[0.558..0.558]	[0.47..0.65]	[0.926..0.926]	[2955.1438..2955.1438]	[0.558..0.558]	[0.47..0.65]	0.7860534	[2322.901..2322.901]
Group-1	PC 40:2:0	281.25	20180509_PC_brain_03.mzXML	35.0	3246.0	0.0	0.0	[9.0..9.0]	[0.0..1.0]	[0.868..0.913]	[2817.528..2963.598]	[0.534..0.538]	[0.47..0.65]	[0.889..0.897]	[2885.694..2911.662]	[0.537..0.538]	[0.47..0.65]	0.7860534	[2214.7273..2329.5461]
Group-1	PC 40:2:0	283.26	20180509_PC_brain_03.mzXML	25.0	944.8	0.0	0.0	[0.0..0.0]	[0.0..1.0]	[0.968..0.988]	[914.566..933.462]	[0.317..0.339]	[0.0..0.1]	[0.968..0.97]	[914.5664..916.456]	[0.313..0.315]	[0.0..0.099]	0.7860534	[718.898..733.7513]
Group-1	PC 40:2:0	283.26	20180509_PC_brain_03.mzXML	30.0	669.8	0.0	0.0	[0.0..0.0]	[1.0..1.0]	[0.958..0.958]	[641.668..641.668]	[0.299..0.299]	[0.0..0.1]	[0.958..0.958]	[641.6684..641.6684]	[0.299..0.299]	[0.0..0.099]	0.7860534	[504.38565..504.38565]
Group-1	PC 40:2:0	283.26	20180509_PC_brain_03.mzXML	35.0	662.8	0.0	0.0	[0.0..0.0]	[0.0..0.0]	[0.937..0.937]	[621.044..621.044]	[0.283..0.283]	[0.0..0.1]	[0.937..0.937]	[621.0436..621.0436]	[0.283..0.283]	[0.0..0.099]	0.7860534	[488.17343..488.17343]
Group-1	PC 40:2:0	309.28	20180509_PC_brain_03.mzXML	25.0	1240.7	0.0	0.0	[11.0..11.0]	[0.5..0.5]	[0.928..0.928]	[1151.37..1151.37]	[0.5..0.5]	[0.5..0.5]	[0.928..0.928]	[1151.3695..1151.3695]	[0.5..0.5]	[0.5..0.5]	0.7860534	[905.0379..905.0379]
Group-1	PC 40:2:0	309.28	20180509_PC_brain_03.mzXML	30.0	1897.2	0.0	0.0	[11.0..11.0]	[0.5..0.5]	[0.904..0.904]	[1715.069..1715.069]	[0.5..0.5]	[0.5..0.5]	[0.904..0.904]	[1715.0687..1715.0687]	[0.5..0.5]	[0.5..0.5]	0.7860534	[1348.1356..1348.1356]
Group-1	PC 40:2:0	309.28	20180509_PC_brain_03.mzXML	35.0	1524.6	0.0	0.0	[11.0..11.0]	[0.5..0.5]	[0.904..0.904]	[1378.238..1378.238]	[0.5..0.5]	[0.5..0.5]	[0.904..0.904]	[1378.2384..1378.2384]	[0.5..0.5]	[0.5..0.5]	0.7860534	[1083.3689..1083.3689]
Group-1	PC 40:2:0	335.29	20180509_PC_brain_03.mzXML	25.0	2128.4	0.0	0.0	[13.0..13.0]	[0.0..1.0]	[0.836..0.945]	[1779.342..2011.338]	[0.661..0.683]	[0.9..1.0]	[0.934..0.945]	[1987.9255..2011.3379]	[0.685..0.687]	[0.901..1.0]	0.7860534	[1398.6582..1581.019]
Group-1	PC 40:2:0	335.29	20180509_PC_brain_03.mzXML	30.0	1927.0	0.0	0.0	[13.0..13.0]	[0.0..0.0]	[0.782..0.782]	[1506.914..1506.914]	[0.701..0.701]	[0.9..1.0]	[0.782..0.782]	[1506.9141..1506.9141]	[0.701..0.701]	[0.901..1.0]	0.7860534	[1184.5149..1184.5149]
Group-1	PC 40:2:0	335.29	20180509_PC_brain_03.mzXML	35.0	1868.6	0.0	0.0	[13.0..13.0]	[1.0..1.0]	[0.844..0.844]	[1577.098..1577.098]	[0.717..0.717]	[0.9..1.0]	[0.844..0.844]	[1577.0984..1577.0984]	[0.717..0.717]	[0.901..1.0]	0.7860534	[1239.6836..1239.6836]
Group-1	PC 40:2:0	337.31	20180509_PC_brain_03.mzXML	25.0	2952.2	0.0	0.0	[13.0..13.0]	[1.0..1.0]	[0.951..0.951]	[2807.542..2807.542]	[0.512..0.512]	[0.35..0.53]	[0.951..0.951]	[2807.542..2807.542]	[0.512..0.512]	[0.35..0.53]	0.7860534	[2206.8782..2206.8782]
Group-1	PC 40:2:0	337.31	20180509_PC_brain_03.mzXML	30.0	2994.2	0.0	0.0	[13.0..13.0]	[0.0..0.0]	[0.782..0.782]	[2341.464..2341.464]	[0.442..0.442]	[0.35..0.53]	[0.782..0.782]	[2341.4644..2341.4644]	[0.442..0.442]	[0.35..0.53]	0.7860534	[1840.5161..1840.5161]
Group-1	PC 40:2:0	337.31	20180509_PC_brain_03.mzXML	35.0	3180.6	0.0	0.0	[13.0..13.0]	[0.0..1.0]	[0.762..0.812]	[2423.618..2582.647]	[0.462..0.466]	[0.35..0.53]	[0.78..0.789]	[2480.868..2509.4934]	[0.462..0.463]	[0.35..0.53]	0.7860534	[1905.0927..2030.0986]
Group-1	PC 40:3:0	281.25	20180509_PC_brain_03.mzXML	25.0	544.0	0.0	0.0	[9.0..9.0]	[0.0..1.0]	[0.869..0.964]	[472.736..524.416]	[0.446..0.451]	[0.37..1.0]	[0.904..0.964]	[491.776..524.416]	[0.457..0.461]	[0.365..1.0]	0.78759354	[372.32382..413.02667]
Group-1	PC 40:3:0	281.25	20180509_PC_brain_03.mzXML	30.0	1083.7	0.0	0.0	[9.0..9.0]	[1.0..1.0]	[0.926..0.926]	[1003.506..1003.506]	[1.0..1.0]	[0.37..1.0]	[0.926..0.926]	[1003.50616..1003.50616]	[1.0..1.0]	[0.365..1.0]	0.78759354	[790.355..790.355]
Group-1	PC 40:3:0	281.25	20180509_PC_brain_03.mzXML	35.0	877.1	0.0	0.0	[9.0..9.0]	[0.0..0.0]	[0.868..0.868]	[761.323..761.323]	[0.641..0.641]	[0.37..1.0]	[0.868..0.868]	[761.32275..761.32275]	[0.641..0.641]	[0.365..1.0]	0.78759354	[599.6129..599.6129]
Group-1	PC 40:3:0	283.26	20180509_PC_brain_03.mzXML	25.0	850.3	0.0	0.0	[0.0..0.0]	[0.0..0.0]	[0.968..0.968]	[823.09..823.09]	[0.22..0.22]	[0.0..0.14]	[0.968..0.968]	[823.0904..823.0904]	[0.22..0.22]	[0.0..0.14]	0.78759354	[648.2607..648.2607]
Group-1	PC 40:3:0	283.26	20180509_PC_brain_03.mzXML	30.0	883.6	0.0	0.0	[0.0..0.0]	[0.0..0.0]	[0.945..0.945]	[835.002..835.002]	[0.22..0.22]	[0.0..0.14]	[0.945..0.945]	[835.00195..835.00195]	[0.22..0.22]	[0.0..0.14]	0.78759354	[657.6422..657.6422]
Group-1	PC 40:3:0	283.26	20180509_PC_brain_03.mzXML	35.0	1371.0	0.0	0.0	[0.0..0.0]	[0.0..0.0]	[0.937..0.937]	[1284.627..1284.627]	[0.365..0.365]	[0.0..0.14]	[0.937..0.937]	[1284.627..1284.627]	[0.365..0.365]	[0.0..0.14]	0.78759354	[1011.7639..1011.7639]
Group-1	PC 40:3:0	333.28	20180509_PC_brain_03.mzXML	25.0	2950.9	0.0	0.0	[13.0..13.0]	[1.0..1.0]	[0.988..0.988]	[2915.489..2915.489]	[0.78..0.78]	[0.86..1.0]	[0.988..0.988]	[2915.489..2915.489]	[0.78..0.78]	[0.86..1.0]	0.78759354	[2296.2202..2296.2202]
Group-1	PC 40:3:0	333.28	20180509_PC_brain_03.mzXML	30.0	3145.7	0.0	0.0	[13.0..13.0]	[1.0..1.0]	[0.943..0.943]	[2966.395..2966.395]	[0.78..0.78]	[0.86..1.0]	[0.943..0.943]	[2966.395..2966.395]	[0.78..0.78]	[0.86..1.0]	0.78759354	[2336.3137..2336.3137]
Group-1	PC 40:3:0	333.28	20180509_PC_brain_03.mzXML	35.0	2246.4	0.0	0.0	[13.0..13.0]	[1.0..1.0]	[0.995..0.995]	[2235.168..2235.168]	[0.635..0.635]	[0.86..1.0]	[0.995..0.995]	[2235.168..2235.168]	[0.635..0.635]	[0.86..1.0]	0.78759354	[1760.4038..1760.4038]
Group-1	PC 40:3:0	335.29	20180509_PC_brain_03.mzXML	25.0	688.0	0.0	0.0	[13.0..13.0]	[0.0..1.0]	[0.836..0.945]	[575.168..650.16]	[0.549..0.554]	[0.0..0.63]	[0.836..0.905]	[575.168..622.63995]	[0.539..0.543]	[0.0..0.635]	0.78759354	[452.99863..512.0618]
Group-1	PC 40:3:0	335.29	20180509_PC_brain_03.mzXML	30.0	0.0	0.0	0.0	[13.0..13.0]	[0.0..0.0]	[0.782..0.782]	[0.0..0.0]	[0.0..0.0]	[0.0..0.63]	[0.782..0.782]	[0.0..0.0]	[0.0..0.0]	[0.0..0.635]	0.78759354	[0.0..0.0]
Group-1	PC 40:3:0	335.29	20180509_PC_brain_03.mzXML	35.0	505.7	0.0	0.0	[13.0..13.0]	[1.0..1.0]	[0.844..0.844]	[426.811..426.811]	[0.359..0.359]	[0.0..0.63]	[0.844..0.844]	[426.8108..426.8108]	[0.359..0.359]	[0.0..0.635]	0.78759354	[336.15344..336.15344]
Group-1	PC 40:4:0	255.23	20180509_PC_brain_03.mzXML	25.0	936.1	0.0	0.0	[0.0..0.0]	[0.0..1.0]	[1.0..1.0]	[936.1..936.1]	[0.274..0.3]	[0.0..0.2]	[1.0..1.0]	[936.1..936.1]	[0.274..0.279]	[0.0..0.195]	0.78913254	[738.707..738.707]
Group-1	PC 40:4:0	255.23	20180509_PC_brain_03.mzXML	30.0	1481.8	0.0	0.0	[0.0..0.0]	[1.0..1.0]	[1.0..1.0]	[1481.8..1481.8]	[0.382..0.382]	[0.0..0.2]	[1.0..1.0]	[1481.8..1481.8]	[0.382..0.382]	[0.0..0.195]	0.78913254	[1169.3367..1169.3367]
Group-1	PC 40:4:0	255.23	20180509_PC_brain_03.mzXML	35.0	1458.4	0.0	0.0	[0.0..0.0]	[0.0..0.0]	[1.0..1.0]	[1458.4..1458.4]	[0.343..0.343]	[0.0..0.2]	[1.0..1.0]	[1458.4..1458.4]	[0.343..0.343]	[0.0..0.195]	0.78913254	[1150.8708..1150.8708]
Group-1	PC 40:4:0	283.26	20180509_PC_brain_03.mzXML	25.0	6870.6	0.0	0.0	[0.0..0.0]	[0.0..1.0]	[0.968..0.988]	[6650.741..6788.153]	[0.228..0.247]	[0.0..0.0]	[0.968..0.968]	[6650.7407..6650.7407]	[0.225..0.228]	[0.0..0.0]	0.78913254	[5248.316..5356.752]
Group-1	PC 40:4:0	283.26	20180509_PC_brain_03.mzXML	30.0	10427.8	0.0	0.0	[0.0..0.0]	[0.0..1.0]	[0.945..0.958]	[9854.271..9989.832]	[0.26..0.296]	[0.0..0.0]	[0.945..0.945]	[9854.2705..9854.2705]	[0.258..0.282]	[0.0..0.0]	0.78913254	[7776.3257..7883.302]
Group-1	PC 40:4:0	283.26	20180509_PC_brain_03.mzXML	35.0	9932.4	0.0	0.0	[0.0..0.0]	[0.0..0.0]	[0.937..0.937]	[9306.659..9306.659]	[0.266..0.312]	[0.0..0.0]	[0.937..0.937]	[9306.659..9306.659]	[0.266..0.312]	[0.0..0.0]	0.78913254	[7344.1875..7344.1875]
Group-1	PC 40:4:0	331.26	20180509_PC_brain_03.mzXML	25.0	21925.5	351.5	0.016031561	[7.6..7.7]	[0.0..1.0]	[0.923..1.046]	[20237.236..22934.072]	[0.753..0.772]	[1.0..1.0]	[1.026..1.046]	[22495.564..22934.072]	[0.772..0.775]	[1.0..1.0]	0.78913254	[15969.861..18098.023]
Group-1	PC 40:4:0	331.26	20180509_PC_brain_03.mzXML	30.0	22820.6	435.0	0.019061726	[8.6..8.8]	[0.0..1.0]	[1.027..1.245]	[23436.754..28411.646]	[0.704..0.74]	[1.0..1.0]	[1.102..1.245]	[25148.3..28411.646]	[0.718..0.742]	[1.0..1.0]	0.78913254	[18494.707..22420.557]
Group-1	PC 40:4:0	331.26	20180509_PC_brain_03.mzXML	35.0	15025.8	0.0	0.0	[7.0..10.0]	[1.0..1.0]	[1.365..1.711]	[20510.217..25709.143]	[0.688..0.734]	[1.0..1.0]	[1.365..1.711]	[20510.217..25709.143]	[0.688..0.734]	[1.0..1.0]	0.78913254	[16185.279..20287.922]
Group-1	PC 40:4:0	359.3	20180509_PC_brain_03.mzXML	25.0	2611.5	0.0	0.0	[9.0..9.0]	[0.0..1.0]	[0.837..0.95]	[2185.826..2480.925]	[0.7..0.726]	[0.8..1.0]	[0.927..0.95]	[2420.8604..2480.925]	[0.721..0.726]	[0.805..1.0]	0.78913254	[1724.906..1957.7786]
Group-1	PC 40:4:0	359.3	20180509_PC_brain_03.mzXML	30.0	2592.0	0.0	0.0	[9.0..9.0]	[0.0..0.0]	[0.924..0.924]	[2395.008..2395.008]	[0.618..0.618]	[0.8..1.0]	[0.924..0.924]	[2395.008..2395.008]	[0.618..0.618]	[0.805..1.0]	0.78913254	[1889.9788..1889.9788]
Group-1	PC 40:4:0	359.3	20180509_PC_brain_03.mzXML	35.0	2250.1	0.0	0.0	[9.0..9.0]	[1.0..1.0]	[1.244..1.244]	[2799.125..2799.125]	[0.657..0.657]	[0.8..1.0]	[1.244..1.244]	[2799.1245..2799.1245]	[0.657..0.657]	[0.805..1.0]	0.78913254	[2208.8801..2208.8801]
Group-1	PC 40:5:0	281.25	20180509_PC_brain_03.mzXML	25.0	2291.2	0.0	0.0	[9.0..9.0]	[0.0..1.0]	[0.869..0.964]	[1991.053..2208.717]	[0.432..0.437]	[0.33..0.75]	[0.9..0.94]	[2062.0798..2153.728]	[0.46..0.461]	[0.331..0.748]	0.7906781	[1574.2817..1746.3839]
Group-1	PC 40:5:0	281.25	20180509_PC_brain_03.mzXML	30.0	2957.0	0.0	0.0	[9.0..9.0]	[0.0..1.0]	[0.855..0.926]	[2528.235..2738.182]	[0.468..0.496]	[0.33..0.75]	[0.878..0.908]	[2596.246..2684.956]	[0.486..0.513]	[0.331..0.748]	0.7906781	[1999.0201..2165.0205]
Group-1	PC 40:5:0	281.25	20180509_PC_brain_03.mzXML	35.0	3574.2	0.0	0.0	[9.0..9.0]	[0.0..0.0]	[0.868..0.868]	[3102.406..3102.406]	[0.537..0.593]	[0.33..0.75]	[0.868..0.868]	[3102.4055..3102.4055]	[0.551..0.607]	[0.331..0.748]	0.7906781	[2453.004..2453.004]
Group-1	PC 40:5:0	283.26	20180509_PC_brain_03.mzXML	25.0	5336.1	0.0	0.0	[0.0..0.0]	[0.0..0.9]	[0.968..0.986]	[5165.345..5261.395]	[0.229..0.262]	[0.0..0.01]	[0.968..0.968]	[5165.3447..5165.3447]	[0.226..0.238]	[0.0..0.006]	0.7906781	[4084.1248..4160.0693]
Group-1	PC 40:5:0	283.26	20180509_PC_brain_03.mzXML	30.0	6826.2	0.0	0.0	[0.0..0.0]	[0.0..0.0]	[0.945..0.945]	[6450.76..6450.76]	[0.252..0.279]	[0.0..0.01]	[0.945..0.945]	[6450.7593..6450.7593]	[0.252..0.28]	[0.0..0.006]	0.7906781	[5100.4736..5100.4736]
Group-1	PC 40:5:0	283.26	20180509_PC_brain_03.mzXML	35.0	6911.5	0.0	0.0	[0.0..0.0]	[0.0..0.9]	[0.937..0.945]	[6476.075..6531.368]	[0.256..0.315]	[0.0..0.01]	[0.937..0.937]	[6476.075..6476.075]	[0.255..0.298]	[0.0..0.006]	0.7906781	[5120.4907..5164.209]
Group-1	PC 40:5:0	303.23	20180509_PC_brain_03.mzXML	25.0	1936.2	0.0	0.0	[5.0..8.0]	[0.0..0.0]	[1.004..1.058]	[1943.945..2048.5]	[0.755..0.764]	[1.0..1.0]	[1.12..1.2]	[2168.544..2323.44]	[0.775..0.786]	[1.0..1.0]	0.7906781	[1537.0344..1619.7036]
Group-1	PC 40:5:0	303.23	20180509_PC_brain_03.mzXML	30.0	1699.3	0.0	0.0	[5.0..8.0]	[0.0..0.0]	[1.229..1.481]	[2088.44..2516.663]	[0.734..0.769]	[1.0..1.0]	[1.337..1.656]	[2271.964..2814.041]	[0.75..0.788]	[1.0..1.0]	0.7906781	[1651.2836..1989.8706]
Group-1	PC 40:5:0	303.23	20180509_PC_brain_03.mzXML	35.0	935.4	0.0	0.0	[5.0..8.0]	[0.0..0.0]	[1.708..2.348]	[1597.663..2196.319]	[0.718..0.778]	[1.0..1.0]	[1.812..2.594]	[1694.9448..2426.4277]	[0.73..0.795]	[1.0..1.0]	0.7906781	[1263.2372..1736.5815]
Group-1	PC 40:5:0	309.28	20180509_PC_brain_03.mzXML	25.0	655.4	0.0	0.0	[11.0..11.0]	[1.0..1.0]	[0.963..0.963]	[631.15..631.15]	[0.236..0.245]	[0.0..0.0]	[0.963..0.963]	[631.1502..631.1502]	[0.214..0.225]	[0.0..0.0]	0.7906781	[499.03665..499.03665]
Group-1	PC 40:5:0	309.28	20180509_PC_brain_03.mzXML	30.0	847.1	0.0	0.0	[11.0..11.0]	[1.0..1.0]	[0.894..0.894]	[757.307..757.307]	[0.231..0.266]	[0.0..0.0]	[0.894..0.894]	[757.3074..757.3074]	[0.212..0.25]	[0.0..0.0]	0.7906781	[598.7863..598.7863]
Group-1	PC 40:5:0	309.28	20180509_PC_brain_03.mzXML	35.0	728.9	0.0	0.0	[11.0..11.0]	[1.0..1.0]	[0.861..0.861]	[627.583..627.583]	[0.222..0.282]	[0.0..0.0]	[0.861..0.861]	[627.58295..627.58295]	[0.205..0.27]	[0.0..0.0]	0.7906781	[496.21603..496.21603]
Group-1	PC 40:5:0	329.25	20180509_PC_brain_03.mzXML	25.0	12726.7	1915.6	0.1505182	[4.7..4.8]	[0.1..1.0]	[1.142..1.39]	[14533.892..17690.113]	[0.738..0.771]	[0.99..1.0]	[1.3..1.39]	[16544.709..17690.113]	[0.762..0.774]	[0.994..1.0]	0.7906781	[11491.629..13987.185]
Group-1	PC 40:5:0	329.25	20180509_PC_brain_03.mzXML	30.0	8373.4	1717.7	0.20513768	[5.2..5.3]	[1.0..1.0]	[1.986..2.287]	[16629.572..19149.967]	[0.721..0.748]	[0.99..1.0]	[1.979..2.287]	[16570.959..19149.967]	[0.72..0.748]	[0.994..1.0]	0.7906781	[13148.639..15141.458]
Group-1	PC 40:5:0	329.25	20180509_PC_brain_03.mzXML	35.0	4167.6	1007.7	0.24179384	[5.6..5.9]	[0.1..1.0]	[3.378..4.551]	[14078.153..18966.748]	[0.685..0.744]	[0.99..1.0]	[3.662..4.551]	[15261.751..18966.748]	[0.702..0.745]	[0.994..1.0]	0.7906781	[11131.287..14996.592]
Group-1	PC 40:5:0	331.26	20180509_PC_brain_03.mzXML	25.0	2780.8	0.0	0.0	[7.0..10.0]	[0.0..1.0]	[0.923..1.046]	[2566.679..2908.717]	[0.563..0.568]	[0.25..0.67]	[0.867..0.911]	[2410.9536..2533.3088]	[0.539..0.54]	[0.252..0.669]	0.7906781	[2029.4165..2299.859]
Group-1	PC 40:5:0	331.26	20180509_PC_brain_03.mzXML	30.0	2498.4	0.0	0.0	[7.0..10.0]	[0.0..1.0]	[1.027..1.245]	[2565.857..3110.508]	[0.504..0.532]	[0.25..0.67]	[0.987..1.135]	[2465.9207..2835.6838]	[0.487..0.514]	[0.252..0.669]	0.7906781	[2028.7666..2459.4104]
Group-1	PC 40:5:0	331.26	20180509_PC_brain_03.mzXML	35.0	1560.5	0.0	0.0	[7.0..10.0]	[1.0..1.0]	[1.365..1.711]	[2130.083..2670.016]	[0.407..0.463]	[0.25..0.67]	[1.287..1.622]	[2008.3634..2531.1309]	[0.393..0.449]	[0.252..0.669]	0.7906781	[1684.2096..2111.1228]
Group-1	PC 40:6:0	281.25	20180509_PC_brain_03.mzXML	25.0	8390.1	0.0	0.0	[9.0..9.0]	[0.0..0.0]	[0.869..0.869]	[7290.997..7290.997]	[0.708..0.739]	[1.0..1.0]	[0.869..0.869]	[7290.9966..7290.9966]	[0.732..0.756]	[1.0..1.0]	0.79223794	[5776.204..5776.204]
Group-1	PC 40:6:0	281.25	20180509_PC_brain_03.mzXML	30.0	12315.3	0.0	0.0	[9.0..9.0]	[0.0..0.0]	[0.855..0.855]	[10529.582..10529.582]	[0.83..0.876]	[1.0..1.0]	[0.855..0.855]	[10529.582..10529.582]	[0.845..0.882]	[1.0..1.0]	0.79223794	[8341.934..8341.934]
Group-1	PC 40:6:0	281.25	20180509_PC_brain_03.mzXML	35.0	11223.3	0.0	0.0	[9.0..9.0]	[0.0..0.0]	[0.868..0.868]	[9741.824..9741.824]	[1.0..1.0]	[1.0..1.0]	[0.868..0.868]	[9741.824..9741.824]	[1.0..1.0]	[1.0..1.0]	0.79223794	[7717.8423..7717.8423]
Group-1	PC 40:6:0	283.26	20180509_PC_brain_03.mzXML	25.0	15120.0	0.0	0.0	[0.0..0.0]	[0.0..0.0]	[0.968..0.968]	[14636.16..14636.16]	[0.245..0.245]	[0.0..0.06]	[0.968..0.968]	[14636.16..14636.16]	[0.245..0.245]	[0.0..0.059]	0.79223794	[11595.321..11595.321]
Group-1	PC 40:6:0	283.26	20180509_PC_brain_03.mzXML	30.0	18400.4	0.0	0.0	[0.0..0.0]	[0.0..0.0]	[0.945..0.945]	[17388.379..17388.379]	[0.272..0.272]	[0.0..0.06]	[0.945..0.945]	[17388.379..17388.379]	[0.272..0.272]	[0.0..0.059]	0.79223794	[13775.732..13775.732]
Group-1	PC 40:6:0	283.26	20180509_PC_brain_03.mzXML	35.0	18485.7	0.0	0.0	[0.0..0.0]	[0.0..0.0]	[0.937..0.937]	[17321.1..17321.1]	[0.335..0.335]	[0.0..0.06]	[0.937..0.937]	[17321.1..17321.1]	[0.335..0.335]	[0.0..0.059]	0.79223794	[13722.433..13722.433]
Group-1	PC 40:6:0	327.23	20180509_PC_brain_03.mzXML	25.0	23258.4	7931.2	0.3410037	[4.0..4.0]	[1.0..1.0]	[1.942..1.942]	[45167.812..45167.812]	[0.755..0.755]	[0.94..1.0]	[1.942..1.942]	[45167.812..45167.812]	[0.755..0.755]	[0.941..1.0]	0.79223794	[35783.656..35783.656]
Group-1	PC 40:6:0	327.23	20180509_PC_brain_03.mzXML	30.0	11111.1	5643.3	0.5078975	[4.0..4.0]	[1.0..1.0]	[4.199..4.199]	[46655.508..46655.508]	[0.728..0.728]	[0.94..1.0]	[4.199..4.199]	[46655.508..46655.508]	[0.728..0.728]	[0.941..1.0]	0.79223794	[36962.26..36962.26]
Group-1	PC 40:6:0	327.23	20180509_PC_brain_03.mzXML	35.0	3001.4	3514.1	1.1708204	[4.0..4.0]	[1.0..1.0]	[11.439..11.439]	[34333.016..34333.016]	[0.665..0.665]	[0.94..1.0]	[11.439..11.439]	[34333.016..34333.016]	[0.665..0.665]	[0.941..1.0]	0.79223794	[27199.914..27199.914]
Group-1	PC 40:6:0	329.25	20180509_PC_brain_03.mzXML	25.0	2089.3	0.0	0.0	[4.0..7.0]	[1.0..1.0]	[1.231..1.439]	[2571.928..3006.503]	[0.261..0.292]	[0.0..0.0]	[1.125..1.276]	[2350.4626..2665.947]	[0.244..0.268]	[0.0..0.0]	0.79223794	[2037.5791..2381.8655]
Group-1	PC 40:6:0	329.25	20180509_PC_brain_03.mzXML	30.0	875.2	0.0	0.0	[4.0..7.0]	[1.0..1.0]	[1.71..2.463]	[1496.592..2155.618]	[0.124..0.17]	[0.0..0.0]	[1.609..2.201]	[1408.1968..1926.3152]	[0.118..0.155]	[0.0..0.0]	0.79223794	[1185.657..1707.7621]
Group-1	PC 40:6:0	329.25	20180509_PC_brain_03.mzXML	35.0	0.0	0.0	0.0	[4.0..7.0]	[1.0..1.0]	[2.862..5.065]	[0.0..0.0]	[0.0..0.0]	[0.0..0.0]	[2.75..4.514]	[0.0..0.0]	[0.0..0.0]	[0.0..0.0]	0.79223794	[0.0..0.0]
Group-1	PC 40:7:0	281.25	20180509_PC_brain_03.mzXML	25.0	6627.3	0.0	0.0	[9.0..9.0]	[0.0..0.0]	[0.869..0.869]	[5759.124..5759.124]	[0.377..0.377]	[0.19..0.69]	[0.869..0.869]	[5759.1235..5759.1235]	[0.377..0.377]	[0.194..0.687]	0.7937967	[4571.5737..4571.5737]
Group-1	PC 40:7:0	281.25	20180509_PC_brain_03.mzXML	30.0	8205.7	0.0	0.0	[9.0..9.0]	[0.0..0.0]	[0.855..0.855]	[7015.874..7015.874]	[0.448..0.448]	[0.19..0.69]	[0.855..0.855]	[7015.874..7015.874]	[0.448..0.448]	[0.194..0.687]	0.7937967	[5569.1772..5569.1772]
Group-1	PC 40:7:0	281.25	20180509_PC_brain_03.mzXML	35.0	7544.0	0.0	0.0	[9.0..9.0]	[0.0..0.0]	[0.868..0.868]	[6548.192..6548.192]	[0.57..0.57]	[0.19..0.69]	[0.868..0.868]	[6548.192..6548.192]	[0.57..0.57]	[0.194..0.687]	0.7937967	[5197.933..5197.933]
Group-1	PC 40:7:0	327.23	20180509_PC_brain_03.mzXML	25.0	4896.4	0.0	0.0	[4.0..4.0]	[1.0..1.0]	[1.942..1.942]	[9508.809..9508.809]	[0.623..0.623]	[0.31..0.81]	[1.942..1.942]	[9508.809..9508.809]	[0.623..0.623]	[0.313..0.806]	0.7937967	[7548.061..7548.061]
Group-1	PC 40:7:0	327.23	20180509_PC_brain_03.mzXML	30.0	2054.6	0.0	0.0	[4.0..4.0]	[1.0..1.0]	[4.199..4.199]	[8627.266..8627.266]	[0.552..0.552]	[0.31..0.81]	[4.199..4.199]	[8627.266..8627.266]	[0.552..0.552]	[0.313..0.806]	0.7937967	[6848.295..6848.295]
Group-1	PC 40:7:0	327.23	20180509_PC_brain_03.mzXML	35.0	432.6	0.0	0.0	[4.0..4.0]	[1.0..1.0]	[11.439..11.439]	[4948.512..4948.512]	[0.43..0.43]	[0.31..0.81]	[11.439..11.439]	[4948.5117..4948.5117]	[0.43..0.43]	[0.313..0.806]	0.7937967	[3928.112..3928.112]
Group-1	PC 44:0:0	339.32	20180509_PC_brain_03.mzXML	25.0	725224.8	0.0	0.0	[0.0..0.0]	[0.5..0.5]	[0.977..0.977]	[708544.6..708544.6]	[0.5..0.5]	[0.5..0.5]	[0.977..0.977]	[708544.6..708544.6]	[0.5..0.5]	[0.5..0.5]	0.7430324	[526471.56..526471.56]
Group-1	PC 44:0:0	339.32	20180509_PC_brain_03.mzXML	30.0	870169.1	0.0	0.0	[0.0..0.0]	[0.5..0.5]	[0.907..0.907]	[789243.4..789243.4]	[0.5..0.5]	[0.5..0.5]	[0.907..0.907]	[789243.4..789243.4]	[0.5..0.5]	[0.5..0.5]	0.7430324	[586433.44..586433.44]
Group-1	PC 44:0:0	339.32	20180509_PC_brain_03.mzXML	35.0	805181.6	0.0	0.0	[0.0..0.0]	[0.5..0.5]	[0.88..0.88]	[708559.8..708559.8]	[0.5..0.5]	[0.5..0.5]	[0.88..0.88]	[708559.8..708559.8]	[0.5..0.5]	[0.5..0.5]	0.7430324	[526482.94..526482.94]
Group-1	PC 44:12:0	327.23	20180509_PC_brain_03.mzXML	25.0	308817.6	125743.0	0.40717563	[4.0..4.0]	[0.5..0.5]	[2.062..2.062]	[636781.9..636781.9]	[0.5..0.5]	[0.5..0.5]	[2.062..2.062]	[636781.9..636781.9]	[0.5..0.5]	[0.5..0.5]	0.75972176	[483777.03..483777.03]
Group-1	PC 44:12:0	327.23	20180509_PC_brain_03.mzXML	30.0	140276.6	83526.3	0.59544003	[4.0..4.0]	[0.5..0.5]	[4.625..4.625]	[648779.25..648779.25]	[0.5..0.5]	[0.5..0.5]	[4.625..4.625]	[648779.25..648779.25]	[0.5..0.5]	[0.5..0.5]	0.75972176	[492891.72..492891.72]
Group-1	PC 44:12:0	327.23	20180509_PC_brain_03.mzXML	35.0	45516.7	41054.6	0.9019679	[4.0..4.0]	[0.5..0.5]	[12.705..12.705]	[578289.7..578289.7]	[0.5..0.5]	[0.5..0.5]	[12.705..12.705]	[578289.7..578289.7]	[0.5..0.5]	[0.5..0.5]	0.75972176	[439339.25..439339.25]
