Group	Specie	Mz	Sample	CE	C.FAI	C.COI	FA-CO.ratio	FA_Isomer	1st Pos	1st CF	1st C.FAI	1st rel_FAI	2nd Pos	2nd CF	2nd C.FAI	2nd rel_FAI	3rd Pos	TX.CF	C.FAI with TX.CF
Group-1	PS 34:0:0	255.23	240116_PS_FTMSMS-_1.mzXML	25.0	7629.4	0.0	0.0	[0.0..0.0]	[0.0..1.0]	[1.0..1.0]	[7629.4..7629.4]	[0.286..0.288]	[1.0..1.0]	[1.0..1.0]	[7629.4..7629.4]	[0.288..0.288]	[1.0..1.0]	0.89466476	[6825.7554..6825.7554]
Group-1	PS 34:0:0	255.23	240116_PS_FTMSMS-_1.mzXML	30.0	10726.5	0.0	0.0	[0.0..0.0]	[0.0..1.0]	[1.0..1.0]	[10726.5..10726.5]	[0.209..0.211]	[1.0..1.0]	[1.0..1.0]	[10726.5..10726.5]	[0.211..0.211]	[1.0..1.0]	0.89466476	[9596.622..9596.622]
Group-1	PS 34:0:0	255.23	240116_PS_FTMSMS-_1.mzXML	35.0	15090.5	0.0	0.0	[0.0..0.0]	[0.0..1.0]	[1.0..1.0]	[15090.5..15090.5]	[0.215..0.215]	[1.0..1.0]	[1.0..1.0]	[15090.5..15090.5]	[0.215..0.215]	[1.0..1.0]	0.89466476	[13500.938..13500.938]
Group-1	PS 34:0:0	283.26	240116_PS_FTMSMS-_1.mzXML	25.0	19126.4	0.0	0.0	[0.0..0.0]	[0.0..1.0]	[0.986..0.998]	[18858.63..19088.148]	[0.712..0.714]	[0.0..0.0]	[0.986..0.986]	[18858.63..18858.63]	[0.712..0.712]	[0.0..0.0]	0.89466476	[16872.152..17077.494]
Group-1	PS 34:0:0	283.26	240116_PS_FTMSMS-_1.mzXML	30.0	41514.0	0.0	0.0	[0.0..0.0]	[0.0..1.0]	[0.968..0.975]	[40185.55..40476.152]	[0.789..0.791]	[0.0..0.0]	[0.968..0.968]	[40185.55..40185.55]	[0.789..0.789]	[0.0..0.0]	0.89466476	[35952.598..36212.586]
Group-1	PS 34:0:0	283.26	240116_PS_FTMSMS-_1.mzXML	35.0	57211.2	0.0	0.0	[0.0..0.0]	[0.0..1.0]	[0.961..0.962]	[54979.965..55037.176]	[0.785..0.785]	[0.0..0.0]	[0.961..0.961]	[54979.965..54979.965]	[0.785..0.785]	[0.0..0.0]	0.89466476	[49188.637..49239.82]
Group-1	PS 34:1:0	253.22	240116_PS_FTMSMS-_1.mzXML	25.0	83452.1	0.0	0.0	[9.0..9.0]	[0.0..1.0]	[0.867..0.927]	[72352.97..77360.09]	[0.269..0.28]	[1.0..1.0]	[0.927..0.927]	[77360.09..77360.09]	[0.282..0.282]	[1.0..1.0]	0.8967037	[64879.18..69369.086]
Group-1	PS 34:1:0	253.22	240116_PS_FTMSMS-_1.mzXML	30.0	145623.3	0.0	0.0	[9.0..9.0]	[0.0..1.0]	[0.913..0.929]	[132954.06..135284.05]	[0.238..0.24]	[1.0..1.0]	[0.929..0.929]	[135284.05..135284.05]	[0.242..0.242]	[1.0..1.0]	0.8967037	[119220.41..121309.71]
Group-1	PS 34:1:0	253.22	240116_PS_FTMSMS-_1.mzXML	35.0	161077.8	0.0	0.0	[9.0..9.0]	[0.0..1.0]	[0.93..0.939]	[149802.36..151252.05]	[0.236..0.238]	[1.0..1.0]	[0.939..0.939]	[151252.05..151252.05]	[0.238..0.238]	[1.0..1.0]	0.8967037	[134328.33..135628.28]
Group-1	PS 34:1:0	255.23	240116_PS_FTMSMS-_1.mzXML	25.0	565574.4	0.0	0.0	[0.0..0.0]	[1.0..1.0]	[1.0..1.0]	[565574.4..565574.4]	[0.67..0.67]	[0.0..0.1]	[1.0..1.0]	[565574.4..565574.4]	[0.67..0.67]	[0.0..0.096]	0.8967037	[507152.66..507152.66]
Group-1	PS 34:1:0	255.23	240116_PS_FTMSMS-_1.mzXML	30.0	1289214.0	0.0	0.0	[0.0..0.0]	[1.0..1.0]	[1.0..1.0]	[1289214.0..1289214.0]	[0.697..0.697]	[0.0..0.1]	[1.0..1.0]	[1289214.0..1289214.0]	[0.697..0.697]	[0.0..0.096]	0.8967037	[1156043.0..1156043.0]
Group-1	PS 34:1:0	255.23	240116_PS_FTMSMS-_1.mzXML	35.0	1554617.8	0.0	0.0	[0.0..0.0]	[1.0..1.0]	[1.0..1.0]	[1554617.8..1554617.8]	[0.725..0.725]	[0.0..0.1]	[1.0..1.0]	[1554617.8..1554617.8]	[0.725..0.725]	[0.0..0.096]	0.8967037	[1394031.5..1394031.5]
Group-1	PS 34:1:0	281.25	240116_PS_FTMSMS-_1.mzXML	25.0	313884.9	0.0	0.0	[9.0..9.0]	[0.0..0.0]	[0.888..0.888]	[278729.8..278729.8]	[0.33..0.33]	[0.9..1.0]	[0.888..0.888]	[278729.8..278729.8]	[0.33..0.33]	[0.904..1.0]	0.8967037	[249938.03..249938.03]
Group-1	PS 34:1:0	281.25	240116_PS_FTMSMS-_1.mzXML	30.0	608812.2	0.0	0.0	[9.0..9.0]	[0.0..0.0]	[0.919..0.919]	[559498.44..559498.44]	[0.303..0.303]	[0.9..1.0]	[0.919..0.919]	[559498.44..559498.44]	[0.303..0.303]	[0.904..1.0]	0.8967037	[501704.28..501704.28]
Group-1	PS 34:1:0	281.25	240116_PS_FTMSMS-_1.mzXML	35.0	629634.5	0.0	0.0	[9.0..9.0]	[0.0..0.0]	[0.936..0.936]	[589337.9..589337.9]	[0.275..0.275]	[0.9..1.0]	[0.936..0.936]	[589337.9..589337.9]	[0.275..0.275]	[0.904..1.0]	0.8967037	[528461.5..528461.5]
Group-1	PS 34:1:0	283.26	240116_PS_FTMSMS-_1.mzXML	25.0	199787.6	0.0	0.0	[0.0..0.0]	[0.0..1.0]	[0.986..0.998]	[196990.56..199388.03]	[0.72..0.731]	[0.0..0.0]	[0.986..0.986]	[196990.56..196990.56]	[0.718..0.718]	[0.0..0.0]	0.8967037	[176642.17..178791.98]
Group-1	PS 34:1:0	283.26	240116_PS_FTMSMS-_1.mzXML	30.0	438655.2	0.0	0.0	[0.0..0.0]	[0.0..1.0]	[0.968..0.975]	[424618.22..427688.8]	[0.76..0.762]	[0.0..0.0]	[0.968..0.968]	[424618.22..424618.22]	[0.758..0.758]	[0.0..0.0]	0.8967037	[380756.75..383510.16]
Group-1	PS 34:1:0	283.26	240116_PS_FTMSMS-_1.mzXML	35.0	503483.1	0.0	0.0	[0.0..0.0]	[0.0..1.0]	[0.961..0.962]	[483847.28..484350.75]	[0.762..0.764]	[0.0..0.0]	[0.961..0.961]	[483847.28..483847.28]	[0.762..0.762]	[0.0..0.0]	0.8967037	[433867.62..434319.1]
Group-1	PS 34:2:0	251.2	240116_PS_FTMSMS-_1.mzXML	25.0	579.4	0.0	0.0	[9.0..9.0]	[0.0..1.0]	[0.856..0.907]	[495.966..525.516]	[0.037..0.039]	[1.0..1.0]	[0.907..0.907]	[525.5158..525.5158]	[0.04..0.04]	[1.0..1.0]	0.8987426	[445.7462..472.30347]
Group-1	PS 34:2:0	251.2	240116_PS_FTMSMS-_1.mzXML	30.0	935.8	0.0	0.0	[9.0..9.0]	[0.0..1.0]	[0.916..0.928]	[857.193..868.422]	[0.047..0.048]	[1.0..1.0]	[0.928..0.928]	[868.42236..868.42236]	[0.048..0.048]	[1.0..1.0]	0.8987426	[770.3957..780.4882]
Group-1	PS 34:2:0	251.2	240116_PS_FTMSMS-_1.mzXML	35.0	1052.0	0.0	0.0	[9.0..9.0]	[0.0..1.0]	[0.967..0.975]	[1017.284..1025.7]	[0.051..0.051]	[1.0..1.0]	[0.975..0.975]	[1025.7001..1025.7001]	[0.051..0.051]	[1.0..1.0]	0.8987426	[914.2765..921.84033]
Group-1	PS 34:2:0	253.22	240116_PS_FTMSMS-_1.mzXML	25.0	14247.4	0.0	0.0	[9.0..9.0]	[1.0..1.0]	[0.927..0.927]	[13207.34..13207.34]	[0.345..0.345]	[0.87..0.97]	[0.927..0.927]	[13207.34..13207.34]	[0.345..0.345]	[0.869..0.971]	0.8987426	[11869.999..11869.999]
Group-1	PS 34:2:0	253.22	240116_PS_FTMSMS-_1.mzXML	30.0	25506.4	0.0	0.0	[9.0..9.0]	[1.0..1.0]	[0.929..0.929]	[23695.447..23695.447]	[0.315..0.315]	[0.87..0.97]	[0.929..0.929]	[23695.447..23695.447]	[0.315..0.315]	[0.869..0.971]	0.8987426	[21296.107..21296.107]
Group-1	PS 34:2:0	253.22	240116_PS_FTMSMS-_1.mzXML	35.0	29197.8	0.0	0.0	[9.0..9.0]	[1.0..1.0]	[0.93..0.93]	[27153.955..27153.955]	[0.294..0.294]	[0.87..0.97]	[0.93..0.93]	[27153.955..27153.955]	[0.294..0.294]	[0.869..0.971]	0.8987426	[24404.418..24404.418]
Group-1	PS 34:2:0	255.23	240116_PS_FTMSMS-_1.mzXML	25.0	10736.2	0.0	0.0	[0.0..0.0]	[1.0..1.0]	[1.0..1.0]	[10736.2..10736.2]	[0.723..0.723]	[0.0..0.0]	[1.0..1.0]	[10736.2..10736.2]	[0.723..0.723]	[0.0..0.0]	0.8987426	[9649.081..9649.081]
Group-1	PS 34:2:0	255.23	240116_PS_FTMSMS-_1.mzXML	30.0	21289.5	0.0	0.0	[0.0..0.0]	[1.0..1.0]	[1.0..1.0]	[21289.5..21289.5]	[0.725..0.725]	[0.0..0.0]	[1.0..1.0]	[21289.5..21289.5]	[0.725..0.725]	[0.0..0.0]	0.8987426	[19133.781..19133.781]
Group-1	PS 34:2:0	255.23	240116_PS_FTMSMS-_1.mzXML	35.0	27647.0	0.0	0.0	[0.0..0.0]	[1.0..1.0]	[1.0..1.0]	[27647.0..27647.0]	[0.75..0.75]	[0.0..0.0]	[1.0..1.0]	[27647.0..27647.0]	[0.75..0.75]	[0.0..0.0]	0.8987426	[24847.537..24847.537]
Group-1	PS 34:2:0	279.23	240116_PS_FTMSMS-_1.mzXML	25.0	4657.0	0.0	0.0	[9.0..9.0]	[0.0..0.0]	[0.882..0.882]	[4107.474..4107.474]	[0.277..0.277]	[1.0..1.0]	[0.882..0.882]	[4107.474..4107.474]	[0.277..0.277]	[1.0..1.0]	0.8987426	[3691.562..3691.562]
Group-1	PS 34:2:0	279.23	240116_PS_FTMSMS-_1.mzXML	30.0	8694.2	0.0	0.0	[9.0..9.0]	[0.0..0.0]	[0.929..0.929]	[8076.912..8076.912]	[0.275..0.275]	[1.0..1.0]	[0.929..0.929]	[8076.912..8076.912]	[0.275..0.275]	[1.0..1.0]	0.8987426	[7259.065..7259.065]
Group-1	PS 34:2:0	279.23	240116_PS_FTMSMS-_1.mzXML	35.0	9369.3	0.0	0.0	[9.0..9.0]	[0.0..0.0]	[0.981..0.981]	[9191.283..9191.283]	[0.25..0.25]	[1.0..1.0]	[0.981..0.981]	[9191.283..9191.283]	[0.25..0.25]	[1.0..1.0]	0.8987426	[8260.598..8260.598]
Group-1	PS 34:2:0	281.25	240116_PS_FTMSMS-_1.mzXML	25.0	28264.4	0.0	0.0	[9.0..9.0]	[0.0..0.0]	[0.888..0.888]	[25098.787..25098.787]	[0.655..0.655]	[0.03..0.13]	[0.888..0.888]	[25098.787..25098.787]	[0.655..0.655]	[0.029..0.131]	0.8987426	[22557.352..22557.352]
Group-1	PS 34:2:0	281.25	240116_PS_FTMSMS-_1.mzXML	30.0	56071.5	0.0	0.0	[9.0..9.0]	[0.0..0.0]	[0.919..0.919]	[51529.71..51529.71]	[0.685..0.685]	[0.03..0.13]	[0.919..0.919]	[51529.71..51529.71]	[0.685..0.685]	[0.029..0.131]	0.8987426	[46311.95..46311.95]
Group-1	PS 34:2:0	281.25	240116_PS_FTMSMS-_1.mzXML	35.0	69504.6	0.0	0.0	[9.0..9.0]	[0.0..0.0]	[0.936..0.936]	[65056.305..65056.305]	[0.706..0.706]	[0.03..0.13]	[0.936..0.936]	[65056.305..65056.305]	[0.706..0.706]	[0.029..0.131]	0.8987426	[58468.875..58468.875]
Group-1	PS 34:2:0	283.26	240116_PS_FTMSMS-_1.mzXML	25.0	12949.7	0.0	0.0	[0.0..0.0]	[0.0..1.0]	[0.986..0.998]	[12768.404..12923.801]	[0.961..0.963]	[0.0..0.0]	[0.986..0.986]	[12768.404..12768.404]	[0.96..0.96]	[0.0..0.0]	0.8987426	[11475.509..11615.171]
Group-1	PS 34:2:0	283.26	240116_PS_FTMSMS-_1.mzXML	30.0	17848.7	0.0	0.0	[0.0..0.0]	[0.0..1.0]	[0.968..0.975]	[17277.543..17402.482]	[0.952..0.953]	[0.0..0.0]	[0.968..0.968]	[17277.541..17277.541]	[0.952..0.952]	[0.0..0.0]	0.8987426	[15528.0625..15640.353]
Group-1	PS 34:2:0	283.26	240116_PS_FTMSMS-_1.mzXML	35.0	19774.7	0.0	0.0	[0.0..0.0]	[0.0..1.0]	[0.961..0.962]	[19003.486..19023.262]	[0.949..0.949]	[0.0..0.0]	[0.961..0.961]	[19003.486..19003.486]	[0.949..0.949]	[0.0..0.0]	0.8987426	[17079.244..17097.016]
Group-1	PS 35:0:0	269.25	240116_PS_FTMSMS-_1.mzXML	25.0	1017.7	0.0	0.0	[0.0..0.0]	[0.0..1.0]	[0.99..0.997]	[1007.523..1014.647]	[0.072..0.072]	[1.0..1.0]	[0.997..0.997]	[1014.6469..1014.6469]	[0.073..0.073]	[1.0..1.0]	0.88078475	[887.4109..893.6855]
Group-1	PS 35:0:0	269.25	240116_PS_FTMSMS-_1.mzXML	30.0	757.6	0.0	0.0	[0.0..0.0]	[0.0..1.0]	[0.981..0.986]	[743.206..746.994]	[0.036..0.036]	[1.0..1.0]	[0.986..0.986]	[746.9936..746.9936]	[0.036..0.036]	[1.0..1.0]	0.88078475	[654.6042..657.94055]
Group-1	PS 35:0:0	269.25	240116_PS_FTMSMS-_1.mzXML	35.0	3242.8	0.0	0.0	[0.0..0.0]	[0.0..1.0]	[0.979..0.979]	[3174.701..3174.701]	[0.109..0.11]	[1.0..1.0]	[0.979..0.979]	[3174.7012..3174.7012]	[0.11..0.11]	[1.0..1.0]	0.88078475	[2796.2283..2796.2283]
Group-1	PS 35:0:0	283.26	240116_PS_FTMSMS-_1.mzXML	25.0	13093.4	0.0	0.0	[0.0..0.0]	[0.0..1.0]	[0.986..0.998]	[12910.093..13067.214]	[0.928..0.928]	[0.0..0.0]	[0.986..0.986]	[12910.093..12910.093]	[0.927..0.927]	[0.0..0.0]	0.88078475	[11371.014..11509.403]
Group-1	PS 35:0:0	283.26	240116_PS_FTMSMS-_1.mzXML	30.0	20673.0	0.0	0.0	[0.0..0.0]	[0.0..1.0]	[0.968..0.975]	[20011.465..20156.176]	[0.964..0.964]	[0.0..0.0]	[0.968..0.968]	[20011.465..20011.465]	[0.964..0.964]	[0.0..0.0]	0.88078475	[17625.791..17753.252]
Group-1	PS 35:0:0	283.26	240116_PS_FTMSMS-_1.mzXML	35.0	26863.7	0.0	0.0	[0.0..0.0]	[0.0..1.0]	[0.961..0.962]	[25816.016..25842.879]	[0.89..0.891]	[0.0..0.0]	[0.961..0.961]	[25816.016..25816.016]	[0.89..0.89]	[0.0..0.0]	0.88078475	[22738.354..22762.014]
Group-1	PS 35:1:0	267.23	240116_PS_FTMSMS-_1.mzXML	25.0	34151.3	0.0	0.0	[9.0..9.0]	[0.0..1.0]	[0.877..0.933]	[29950.69..31863.164]	[0.27..0.28]	[1.0..1.0]	[0.933..0.933]	[31863.164..31863.164]	[0.282..0.282]	[1.0..1.0]	0.8827558	[26439.146..28127.395]
Group-1	PS 35:1:0	267.23	240116_PS_FTMSMS-_1.mzXML	30.0	58524.6	0.0	0.0	[9.0..9.0]	[0.0..1.0]	[0.916..0.927]	[53608.535..54252.305]	[0.243..0.244]	[1.0..1.0]	[0.927..0.927]	[54252.305..54252.305]	[0.246..0.246]	[1.0..1.0]	0.8827558	[47323.246..47891.54]
Group-1	PS 35:1:0	267.23	240116_PS_FTMSMS-_1.mzXML	35.0	68195.9	0.0	0.0	[9.0..9.0]	[0.0..1.0]	[0.923..0.938]	[62944.812..63967.754]	[0.244..0.247]	[1.0..1.0]	[0.938..0.938]	[63967.754..63967.754]	[0.247..0.247]	[1.0..1.0]	0.8827558	[55564.9..56467.906]
Group-1	PS 35:1:0	269.25	240116_PS_FTMSMS-_1.mzXML	25.0	166279.2	0.0	0.0	[0.0..0.0]	[1.0..1.0]	[0.997..0.997]	[165780.36..165780.36]	[0.687..0.687]	[0.0..0.06]	[0.997..0.997]	[165780.36..165780.36]	[0.687..0.687]	[0.0..0.055]	0.8827558	[146343.58..146343.58]
Group-1	PS 35:1:0	269.25	240116_PS_FTMSMS-_1.mzXML	30.0	383553.7	0.0	0.0	[0.0..0.0]	[1.0..1.0]	[0.986..0.986]	[378183.94..378183.94]	[0.727..0.727]	[0.0..0.06]	[0.986..0.986]	[378183.94..378183.94]	[0.727..0.727]	[0.0..0.055]	0.8827558	[333844.06..333844.06]
Group-1	PS 35:1:0	269.25	240116_PS_FTMSMS-_1.mzXML	35.0	458947.4	0.0	0.0	[0.0..0.0]	[1.0..1.0]	[0.979..0.979]	[449309.5..449309.5]	[0.733..0.733]	[0.0..0.06]	[0.979..0.979]	[449309.5..449309.5]	[0.733..0.733]	[0.0..0.055]	0.8827558	[396630.6..396630.6]
Group-1	PS 35:1:0	281.25	240116_PS_FTMSMS-_1.mzXML	25.0	85047.2	0.0	0.0	[9.0..9.0]	[0.0..0.0]	[0.888..0.888]	[75521.914..75521.914]	[0.313..0.313]	[0.94..1.0]	[0.888..0.888]	[75521.914..75521.914]	[0.313..0.313]	[0.945..1.0]	0.8827558	[66667.414..66667.414]
Group-1	PS 35:1:0	281.25	240116_PS_FTMSMS-_1.mzXML	30.0	154880.6	0.0	0.0	[9.0..9.0]	[0.0..0.0]	[0.919..0.919]	[142335.27..142335.27]	[0.273..0.273]	[0.94..1.0]	[0.919..0.919]	[142335.27..142335.27]	[0.273..0.273]	[0.945..1.0]	0.8827558	[125647.29..125647.29]
Group-1	PS 35:1:0	281.25	240116_PS_FTMSMS-_1.mzXML	35.0	174905.5	0.0	0.0	[9.0..9.0]	[0.0..0.0]	[0.936..0.936]	[163711.55..163711.55]	[0.267..0.267]	[0.94..1.0]	[0.936..0.936]	[163711.55..163711.55]	[0.267..0.267]	[0.945..1.0]	0.8827558	[144517.31..144517.31]
Group-1	PS 35:1:0	283.26	240116_PS_FTMSMS-_1.mzXML	25.0	82254.8	0.0	0.0	[0.0..0.0]	[0.0..1.0]	[0.986..0.998]	[81103.23..82090.29]	[0.72..0.73]	[0.0..0.0]	[0.986..0.986]	[81103.23..81103.23]	[0.718..0.718]	[0.0..0.0]	0.8827558	[71594.34..72465.68]
Group-1	PS 35:1:0	283.26	240116_PS_FTMSMS-_1.mzXML	30.0	172113.8	0.0	0.0	[0.0..0.0]	[0.0..1.0]	[0.968..0.975]	[166606.16..167810.95]	[0.756..0.757]	[0.0..0.0]	[0.968..0.968]	[166606.16..166606.16]	[0.754..0.754]	[0.0..0.0]	0.8827558	[147072.55..148136.1]
Group-1	PS 35:1:0	283.26	240116_PS_FTMSMS-_1.mzXML	35.0	203255.2	0.0	0.0	[0.0..0.0]	[0.0..1.0]	[0.961..0.962]	[195328.25..195531.52]	[0.753..0.756]	[0.0..0.0]	[0.961..0.961]	[195328.25..195328.25]	[0.753..0.753]	[0.0..0.0]	0.8827558	[172427.16..172606.58]
Group-1	PS 36:1:0	281.25	240116_PS_FTMSMS-_1.mzXML	25.0	1.1423675E7	0.0	0.0	[9.0..9.0]	[0.0..1.0]	[0.888..0.94]	[1.0144224E7..1.0738254E7]	[0.288..0.297]	[1.0..1.0]	[0.94..0.94]	[1.0738254E7..1.0738254E7]	[0.3..0.3]	[1.0..1.0]	0.86926925	[8818061.0..9334434.0]
Group-1	PS 36:1:0	281.25	240116_PS_FTMSMS-_1.mzXML	30.0	1.863247E7	0.0	0.0	[9.0..9.0]	[0.0..1.0]	[0.919..0.925]	[1.712324E7..1.7235034E7]	[0.26..0.26]	[1.0..1.0]	[0.925..0.925]	[1.7235034E7..1.7235034E7]	[0.262..0.262]	[1.0..1.0]	0.86926925	[1.4884706E7..1.4981886E7]
Group-1	PS 36:1:0	281.25	240116_PS_FTMSMS-_1.mzXML	35.0	2.406265E7	0.0	0.0	[9.0..9.0]	[0.0..1.0]	[0.916..0.936]	[2.2041388E7..2.252264E7]	[0.244..0.248]	[1.0..1.0]	[0.936..0.936]	[2.252264E7..2.252264E7]	[0.248..0.248]	[1.0..1.0]	0.86926925	[1.91599E7..1.9578238E7]
Group-1	PS 36:1:0	283.26	240116_PS_FTMSMS-_1.mzXML	25.0	2.541974E7	0.0	0.0	[0.0..0.0]	[0.0..1.0]	[0.986..0.998]	[2.5063864E7..2.5368902E7]	[0.703..0.712]	[0.0..0.0]	[0.986..0.986]	[2.5063864E7..2.5063864E7]	[0.7..0.7]	[0.0..0.0]	0.86926925	[2.1787246E7..2.2052406E7]
Group-1	PS 36:1:0	283.26	240116_PS_FTMSMS-_1.mzXML	30.0	5.0250592E7	0.0	0.0	[0.0..0.0]	[0.0..1.0]	[0.968..0.975]	[4.8642572E7..4.8994328E7]	[0.74..0.74]	[0.0..0.0]	[0.968..0.968]	[4.8642572E7..4.8642572E7]	[0.738..0.738]	[0.0..0.0]	0.86926925	[4.2283496E7..4.2589264E7]
Group-1	PS 36:1:0	283.26	240116_PS_FTMSMS-_1.mzXML	35.0	7.1083912E7	0.0	0.0	[0.0..0.0]	[0.0..1.0]	[0.961..0.962]	[6.831164E7..6.8382728E7]	[0.752..0.756]	[0.0..0.0]	[0.961..0.961]	[6.831164E7..6.831164E7]	[0.752..0.752]	[0.0..0.0]	0.86926925	[5.9381212E7..5.9443E7]
Group-1	PS 36:2:0	279.23	240116_PS_FTMSMS-_1.mzXML	25.0	127014.2	0.0	0.0	[9.0..9.0]	[0.0..1.0]	[0.882..0.927]	[112026.53..117742.17]	[0.301..0.309]	[0.97..1.0]	[0.926..0.927]	[117615.15..117742.164]	[0.312..0.312]	[0.973..1.0]	0.8711848	[97595.81..102575.19]
Group-1	PS 36:2:0	279.23	240116_PS_FTMSMS-_1.mzXML	30.0	202437.3	0.0	0.0	[9.0..9.0]	[0.0..1.0]	[0.929..0.932]	[188064.25..188671.56]	[0.253..0.253]	[0.97..1.0]	[0.932..0.932]	[188671.56..188671.56]	[0.254..0.254]	[0.973..1.0]	0.8711848	[163838.72..164367.8]
Group-1	PS 36:2:0	279.23	240116_PS_FTMSMS-_1.mzXML	35.0	221860.9	0.0	0.0	[9.0..9.0]	[0.0..1.0]	[0.962..0.981]	[213430.19..217645.55]	[0.209..0.212]	[0.97..1.0]	[0.98..0.981]	[217423.69..217645.55]	[0.212..0.212]	[0.973..1.0]	0.8711848	[185937.16..189609.5]
Group-1	PS 36:2:0	281.25	240116_PS_FTMSMS-_1.mzXML	25.0	4718654.0	0.0	0.0	[9.0..9.0]	[0.5..0.5]	[0.946..0.946]	[4463846.5..4463846.5]	[0.5..0.5]	[0.5..0.5]	[0.946..0.946]	[4463846.5..4463846.5]	[0.5..0.5]	[0.5..0.5]	0.8711848	[3888835.5..3888835.5]
Group-1	PS 36:2:0	281.25	240116_PS_FTMSMS-_1.mzXML	30.0	9609843.0	0.0	0.0	[9.0..9.0]	[0.5..0.5]	[0.911..0.911]	[8754567.0..8754567.0]	[0.5..0.5]	[0.5..0.5]	[0.911..0.911]	[8754567.0..8754567.0]	[0.5..0.5]	[0.5..0.5]	0.8711848	[7626846.0..7626846.0]
Group-1	PS 36:2:0	281.25	240116_PS_FTMSMS-_1.mzXML	35.0	1.1708166E7	0.0	0.0	[9.0..9.0]	[0.5..0.5]	[0.887..0.887]	[1.0385144E7..1.0385144E7]	[0.5..0.5]	[0.5..0.5]	[0.887..0.887]	[1.0385144E7..1.0385144E7]	[0.5..0.5]	[0.5..0.5]	0.8711848	[9047380.0..9047380.0]
Group-1	PS 36:2:0	283.26	240116_PS_FTMSMS-_1.mzXML	25.0	263459.3	0.0	0.0	[0.0..0.0]	[0.0..1.0]	[0.986..0.998]	[259770.88..262932.4]	[0.691..0.699]	[0.0..0.03]	[0.986..0.986]	[259770.88..259770.88]	[0.688..0.688]	[0.0..0.027]	0.8711848	[226308.45..229062.72]
Group-1	PS 36:2:0	283.26	240116_PS_FTMSMS-_1.mzXML	30.0	572850.9	0.0	0.0	[0.0..0.0]	[0.0..1.0]	[0.968..0.975]	[554519.6..558529.6]	[0.747..0.747]	[0.0..0.03]	[0.968..0.968]	[554519.6..554519.6]	[0.746..0.746]	[0.0..0.027]	0.8711848	[483089.12..486582.53]
Group-1	PS 36:2:0	283.26	240116_PS_FTMSMS-_1.mzXML	35.0	841117.5	0.0	0.0	[0.0..0.0]	[0.0..1.0]	[0.961..0.962]	[808313.94..809155.06]	[0.788..0.791]	[0.0..0.03]	[0.961..0.961]	[808313.94..808313.94]	[0.788..0.788]	[0.0..0.027]	0.8711848	[704190.9..704923.6]
Group-1	PS 36:3:0	253.22	240116_PS_FTMSMS-_1.mzXML	25.0	403.1	0.0	0.0	[9.0..9.0]	[1.0..1.0]	[0.927..0.927]	[373.674..373.674]	[0.383..0.383]	[0.78..1.0]	[0.927..0.927]	[373.6737..373.6737]	[0.383..0.383]	[0.778..1.0]	0.8731096	[326.2581..326.2581]
Group-1	PS 36:3:0	253.22	240116_PS_FTMSMS-_1.mzXML	30.0	627.3	0.0	0.0	[9.0..9.0]	[0.8..0.8]	[0.926..0.926]	[580.88..580.88]	[0.271..0.271]	[0.78..1.0]	[0.926..0.926]	[580.87976..580.87976]	[0.271..0.271]	[0.778..1.0]	0.8731096	[507.1717..507.1717]
Group-1	PS 36:3:0	253.22	240116_PS_FTMSMS-_1.mzXML	35.0	558.7	0.0	0.0	[9.0..9.0]	[0.8..1.0]	[0.93..0.931]	[519.591..520.15]	[0.228..0.229]	[0.78..1.0]	[0.931..0.931]	[520.1497..520.1497]	[0.229..0.229]	[0.778..1.0]	0.8731096	[453.65988..454.1477]
Group-1	PS 36:3:0	255.23	240116_PS_FTMSMS-_1.mzXML	25.0	8934.1	0.0	0.0	[0.0..0.0]	[1.0..1.0]	[1.0..1.0]	[8934.1..8934.1]	[0.702..0.706]	[0.0..0.01]	[1.0..1.0]	[8934.1..8934.1]	[0.693..0.696]	[0.0..0.01]	0.8731096	[7800.4478..7800.4478]
Group-1	PS 36:3:0	255.23	240116_PS_FTMSMS-_1.mzXML	30.0	18504.1	0.0	0.0	[0.0..0.0]	[1.0..1.0]	[1.0..1.0]	[18504.1..18504.1]	[0.751..0.77]	[0.0..0.01]	[1.0..1.0]	[18504.1..18504.1]	[0.75..0.77]	[0.0..0.01]	0.8731096	[16156.106..16156.106]
Group-1	PS 36:3:0	255.23	240116_PS_FTMSMS-_1.mzXML	35.0	22075.3	0.0	0.0	[0.0..0.0]	[1.0..1.0]	[1.0..1.0]	[22075.3..22075.3]	[0.747..0.791]	[0.0..0.01]	[1.0..1.0]	[22075.3..22075.3]	[0.749..0.795]	[0.0..0.01]	0.8731096	[19274.156..19274.156]
Group-1	PS 36:3:0	277.22	240116_PS_FTMSMS-_1.mzXML	25.0	2160.1	0.0	0.0	[6.0..9.0]	[0.0..1.0]	[0.921..0.977]	[1989.452..2110.418]	[0.188..0.195]	[1.0..1.0]	[0.95..0.977]	[2052.095..2110.4177]	[0.192..0.197]	[1.0..1.0]	0.8731096	[1737.0098..1842.626]
Group-1	PS 36:3:0	277.22	240116_PS_FTMSMS-_1.mzXML	30.0	3010.0	0.0	0.0	[6.0..9.0]	[0.0..1.0]	[1.016..1.112]	[3058.16..3347.12]	[0.144..0.155]	[1.0..1.0]	[1.008..1.112]	[3034.08..3347.1199]	[0.143..0.156]	[1.0..1.0]	0.8731096	[2670.109..2922.4026]
Group-1	PS 36:3:0	277.22	240116_PS_FTMSMS-_1.mzXML	35.0	3028.6	0.0	0.0	[6.0..9.0]	[0.0..1.0]	[1.152..1.342]	[3488.947..4064.381]	[0.137..0.156]	[1.0..1.0]	[1.126..1.342]	[3410.2039..4064.3813]	[0.135..0.156]	[1.0..1.0]	0.8731096	[3046.2332..3548.6504]
Group-1	PS 36:3:0	279.23	240116_PS_FTMSMS-_1.mzXML	25.0	47538.6	0.0	0.0	[9.0..9.0]	[1.0..1.0]	[0.927..0.927]	[44068.28..44068.28]	[0.476..0.476]	[0.56..0.58]	[0.927..0.927]	[44068.28..44068.28]	[0.476..0.476]	[0.557..0.581]	0.8731096	[38476.44..38476.44]
Group-1	PS 36:3:0	279.23	240116_PS_FTMSMS-_1.mzXML	30.0	88324.1	0.0	0.0	[9.0..9.0]	[1.0..1.0]	[0.932..0.932]	[82318.06..82318.06]	[0.465..0.465]	[0.56..0.58]	[0.932..0.932]	[82318.06..82318.06]	[0.465..0.465]	[0.557..0.581]	0.8731096	[71872.69..71872.69]
Group-1	PS 36:3:0	279.23	240116_PS_FTMSMS-_1.mzXML	35.0	103267.7	0.0	0.0	[9.0..9.0]	[1.0..1.0]	[0.962..0.962]	[99343.53..99343.53]	[0.465..0.465]	[0.56..0.58]	[0.962..0.962]	[99343.53..99343.53]	[0.465..0.465]	[0.557..0.581]	0.8731096	[86737.79..86737.79]
Group-1	PS 36:3:0	281.25	240116_PS_FTMSMS-_1.mzXML	25.0	54567.9	0.0	0.0	[9.0..9.0]	[0.0..0.0]	[0.888..0.888]	[48456.293..48456.293]	[0.524..0.524]	[0.42..0.44]	[0.888..0.888]	[48456.293..48456.293]	[0.524..0.524]	[0.419..0.443]	0.8731096	[42307.652..42307.652]
Group-1	PS 36:3:0	281.25	240116_PS_FTMSMS-_1.mzXML	30.0	103235.2	0.0	0.0	[9.0..9.0]	[0.0..0.0]	[0.919..0.919]	[94873.16..94873.16]	[0.535..0.535]	[0.42..0.44]	[0.919..0.919]	[94873.16..94873.16]	[0.535..0.535]	[0.419..0.443]	0.8731096	[82834.664..82834.664]
Group-1	PS 36:3:0	281.25	240116_PS_FTMSMS-_1.mzXML	35.0	121959.2	0.0	0.0	[9.0..9.0]	[0.0..0.0]	[0.936..0.936]	[114153.81..114153.81]	[0.535..0.535]	[0.42..0.44]	[0.936..0.936]	[114153.81..114153.81]	[0.535..0.535]	[0.419..0.443]	0.8731096	[99668.79..99668.79]
Group-1	PS 36:3:0	283.26	240116_PS_FTMSMS-_1.mzXML	25.0	8730.8	0.0	0.0	[0.0..0.0]	[0.0..1.0]	[0.986..0.998]	[8608.568..8713.339]	[0.805..0.812]	[0.0..0.0]	[0.986..0.986]	[8608.568..8608.568]	[0.803..0.808]	[0.0..0.0]	0.8731096	[7516.2236..7607.699]
Group-1	PS 36:3:0	283.26	240116_PS_FTMSMS-_1.mzXML	30.0	18768.9	0.0	0.0	[0.0..0.0]	[0.0..1.0]	[0.968..0.975]	[18168.295..18299.678]	[0.845..0.856]	[0.0..0.0]	[0.968..0.968]	[18168.295..18168.295]	[0.844..0.857]	[0.0..0.0]	0.8731096	[15862.913..15977.624]
Group-1	PS 36:3:0	283.26	240116_PS_FTMSMS-_1.mzXML	35.0	22800.9	0.0	0.0	[0.0..0.0]	[0.0..1.0]	[0.961..0.962]	[21911.666..21934.467]	[0.844..0.863]	[0.0..0.0]	[0.961..0.961]	[21911.666..21911.666]	[0.844..0.865]	[0.0..0.0]	0.8731096	[19131.285..19151.191]
Group-1	PS 36:3:0	305.25	240116_PS_FTMSMS-_1.mzXML	25.0	4104.3	0.0	0.0	[5.0..11.0]	[0.0..0.0]	[0.905..0.922]	[3714.391..3784.164]	[0.294..0.298]	[0.99..1.0]	[0.95..0.963]	[3899.0847..3952.4407]	[0.304..0.307]	[0.99..1.0]	0.8731096	[3243.0706..3303.9902]
Group-1	PS 36:3:0	305.25	240116_PS_FTMSMS-_1.mzXML	30.0	5783.8	0.0	0.0	[5.0..11.0]	[0.0..0.0]	[0.956..1.063]	[5529.313..6148.179]	[0.23..0.249]	[0.99..1.0]	[0.955..1.067]	[5523.529..6171.3145]	[0.23..0.25]	[0.99..1.0]	0.8731096	[4827.696..5368.034]
Group-1	PS 36:3:0	305.25	240116_PS_FTMSMS-_1.mzXML	35.0	5714.4	0.0	0.0	[5.0..11.0]	[0.0..0.0]	[1.023..1.308]	[5845.831..7474.435]	[0.209..0.253]	[0.99..1.0]	[0.999..1.293]	[5708.6855..7388.7188]	[0.205..0.251]	[0.99..1.0]	0.8731096	[5104.0513..6526.001]
Group-1	PS 36:3:0	307.26	240116_PS_FTMSMS-_1.mzXML	25.0	660.5	0.0	0.0	[11.0..11.0]	[0.0..0.0]	[0.912..0.912]	[602.376..602.376]	[0.617..0.617]	[0.0..0.22]	[0.912..0.912]	[602.376..602.376]	[0.617..0.617]	[0.0..0.222]	0.8731096	[525.9403..525.9403]
Group-1	PS 36:3:0	307.26	240116_PS_FTMSMS-_1.mzXML	30.0	1683.4	0.0	0.0	[11.0..11.0]	[0.2..0.2]	[0.928..0.928]	[1562.195..1562.195]	[0.729..0.729]	[0.0..0.22]	[0.928..0.928]	[1562.1952..1562.1952]	[0.729..0.729]	[0.0..0.222]	0.8731096	[1363.9677..1363.9677]
Group-1	PS 36:3:0	307.26	240116_PS_FTMSMS-_1.mzXML	35.0	1851.5	0.0	0.0	[11.0..11.0]	[0.0..0.2]	[0.944..0.951]	[1747.816..1760.777]	[0.771..0.772]	[0.0..0.22]	[0.944..0.946]	[1747.816..1751.5189]	[0.771..0.771]	[0.0..0.222]	0.8731096	[1526.0349..1537.3508]
Group-1	PS 36:4:0	253.22	240116_PS_FTMSMS-_1.mzXML	25.0	3281.2	0.0	0.0	[9.0..9.0]	[0.100000024..1.0]	[0.873..0.927]	[2864.488..3041.672]	[0.866..0.883]	[0.0..0.0]	[0.873..0.873]	[2864.4875..2864.4875]	[0.878..0.879]	[0.0..0.0]	0.875034	[2506.524..2661.5667]
Group-1	PS 36:4:0	253.22	240116_PS_FTMSMS-_1.mzXML	30.0	8774.3	0.0	0.0	[9.0..9.0]	[1.0..1.0]	[0.929..0.929]	[8151.325..8151.325]	[0.926..0.933]	[0.0..0.0]	[0.929..0.929]	[8151.3247..8151.3247]	[0.926..0.934]	[0.0..0.0]	0.875034	[7132.686..7132.686]
Group-1	PS 36:4:0	253.22	240116_PS_FTMSMS-_1.mzXML	35.0	11441.9	0.0	0.0	[9.0..9.0]	[0.100000024..1.0]	[0.93..0.938]	[10640.968..10732.503]	[0.925..0.941]	[0.0..0.0]	[0.93..0.93]	[10640.968..10640.968]	[0.927..0.943]	[0.0..0.0]	0.875034	[9311.208..9391.305]
Group-1	PS 36:4:0	255.23	240116_PS_FTMSMS-_1.mzXML	25.0	50329.4	0.0	0.0	[0.0..0.0]	[1.0..1.0]	[1.0..1.0]	[50329.4..50329.4]	[0.823..0.827]	[0.0..0.0]	[1.0..1.0]	[50329.4..50329.4]	[0.813..0.822]	[0.0..0.0]	0.875034	[44039.934..44039.934]
Group-1	PS 36:4:0	255.23	240116_PS_FTMSMS-_1.mzXML	30.0	127970.2	0.0	0.0	[0.0..0.0]	[0.19999999..1.0]	[1.0..1.0]	[127970.2..127970.2]	[0.855..0.886]	[0.0..0.0]	[1.0..1.0]	[127970.2..127970.2]	[0.87..0.887]	[0.0..0.0]	0.875034	[111978.27..111978.27]
Group-1	PS 36:4:0	255.23	240116_PS_FTMSMS-_1.mzXML	35.0	165144.6	0.0	0.0	[0.0..0.0]	[0.19999999..1.0]	[1.0..1.0]	[165144.6..165144.6]	[0.885..0.912]	[0.0..0.0]	[1.0..1.0]	[165144.6..165144.6]	[0.89..0.913]	[0.0..0.0]	0.875034	[144507.12..144507.12]
Group-1	PS 36:4:0	279.23	240116_PS_FTMSMS-_1.mzXML	25.0	1395.2	0.0	0.0	[9.0..9.0]	[0.5..0.5]	[0.932..0.932]	[1300.326..1300.326]	[0.5..0.5]	[0.5..0.5]	[0.932..0.932]	[1300.3263..1300.3263]	[0.5..0.5]	[0.5..0.5]	0.875034	[1137.8297..1137.8297]
Group-1	PS 36:4:0	279.23	240116_PS_FTMSMS-_1.mzXML	30.0	2139.5	0.0	0.0	[9.0..9.0]	[0.5..0.5]	[0.913..0.913]	[1953.364..1953.364]	[0.5..0.5]	[0.5..0.5]	[0.913..0.913]	[1953.3635..1953.3635]	[0.5..0.5]	[0.5..0.5]	0.875034	[1709.2594..1709.2594]
Group-1	PS 36:4:0	279.23	240116_PS_FTMSMS-_1.mzXML	35.0	2213.3	0.0	0.0	[9.0..9.0]	[0.5..0.5]	[0.921..0.921]	[2038.449..2038.449]	[0.5..0.5]	[0.5..0.5]	[0.921..0.921]	[2038.4493..2038.4493]	[0.5..0.5]	[0.5..0.5]	0.875034	[1783.7125..1783.7125]
Group-1	PS 36:4:0	303.23	240116_PS_FTMSMS-_1.mzXML	25.0	10864.9	0.0	0.0	[5.0..8.0]	[0.0..0.0]	[0.972..0.996]	[10560.684..10821.44]	[0.173..0.177]	[1.0..1.0]	[1.0..1.062]	[10864.9..11538.524]	[0.178..0.187]	[1.0..1.0]	0.875034	[9240.957..9469.129]
Group-1	PS 36:4:0	303.23	240116_PS_FTMSMS-_1.mzXML	30.0	14134.2	0.0	0.0	[5.0..8.0]	[0.0..0.8]	[1.162..1.539]	[16423.94..21752.535]	[0.114..0.145]	[1.0..1.0]	[1.159..1.348]	[16381.539..19052.902]	[0.113..0.13]	[1.0..1.0]	0.875034	[14371.505..19034.207]
Group-1	PS 36:4:0	303.23	240116_PS_FTMSMS-_1.mzXML	35.0	10739.4	0.0	0.0	[5.0..8.0]	[0.0..0.8]	[1.492..2.002]	[16023.186..21500.281]	[0.088..0.115]	[1.0..1.0]	[1.474..1.894]	[15829.876..20340.426]	[0.087..0.11]	[1.0..1.0]	0.875034	[14020.831..18813.475]
Group-1	PS 36:4:0	305.25	240116_PS_FTMSMS-_1.mzXML	25.0	419.0	0.0	0.0	[5.0..11.0]	[0.0..0.9]	[0.905..1.125]	[379.195..471.375]	[0.117..0.134]	[1.0..1.0]	[0.945..0.95]	[395.955..398.05]	[0.121..0.122]	[1.0..1.0]	0.875034	[331.80847..412.46912]
Group-1	PS 36:4:0	305.25	240116_PS_FTMSMS-_1.mzXML	30.0	608.6	0.0	0.0	[5.0..11.0]	[0.0..0.0]	[0.956..1.063]	[581.822..646.942]	[0.067..0.074]	[1.0..1.0]	[0.946..1.067]	[575.73553..649.3762]	[0.066..0.074]	[1.0..1.0]	0.875034	[509.11362..566.096]
Group-1	PS 36:4:0	305.25	240116_PS_FTMSMS-_1.mzXML	35.0	648.9	0.0	0.0	[5.0..11.0]	[0.0..0.9]	[1.023..1.335]	[663.825..866.282]	[0.059..0.075]	[1.0..1.0]	[0.995..1.293]	[645.6555..839.0277]	[0.057..0.073]	[1.0..1.0]	0.875034	[580.8692..758.0258]
Group-1	PS 37:0:0	283.26	240116_PS_FTMSMS-_1.mzXML	25.0	27243.5	0.0	0.0	[0.0..0.0]	[0.0..1.0]	[0.986..0.998]	[26862.092..27189.014]	[1.0..1.0]	[0.0..0.0]	[0.986..0.986]	[26862.092..26862.092]	[1.0..1.0]	[0.0..0.0]	0.854385	[22950.568..23229.885]
Group-1	PS 37:0:0	283.26	240116_PS_FTMSMS-_1.mzXML	30.0	65616.3	0.0	0.0	[0.0..0.0]	[0.0..1.0]	[0.968..0.975]	[63516.574..63975.89]	[0.996..0.996]	[0.0..0.0]	[0.968..0.968]	[63516.574..63516.574]	[0.996..0.996]	[0.0..0.0]	0.854385	[54267.61..54660.043]
Group-1	PS 37:0:0	283.26	240116_PS_FTMSMS-_1.mzXML	35.0	83728.1	0.0	0.0	[0.0..0.0]	[0.0..1.0]	[0.961..0.962]	[80462.71..80546.44]	[1.0..1.0]	[0.0..0.0]	[0.961..0.961]	[80462.71..80462.71]	[1.0..1.0]	[0.0..0.0]	0.854385	[68746.13..68817.67]
Group-1	PS 37:0:0	297.28	240116_PS_FTMSMS-_1.mzXML	25.0	-1.7	0.0	-0.0	[0.0..0.0]	[0.0..1.0]	[0.987..1.003]	[-1.705..-1.678]	[-0.0..-0.0]	[1.0..1.0]	[1.003..1.003]	[-1.7051..-1.7051]	[-0.0..-0.0]	[1.0..1.0]	0.854385	[-1.4568119..-1.4335726]
Group-1	PS 37:0:0	297.28	240116_PS_FTMSMS-_1.mzXML	30.0	279.4	0.0	0.0	[0.0..0.0]	[0.0..1.0]	[0.959..0.967]	[267.945..270.18]	[0.004..0.004]	[1.0..1.0]	[0.967..0.967]	[270.1798..270.1798]	[0.004..0.004]	[1.0..1.0]	0.854385	[228.92784..230.83757]
Group-1	PS 37:0:0	297.28	240116_PS_FTMSMS-_1.mzXML	35.0	-1.7	0.0	-0.0	[0.0..0.0]	[0.0..1.0]	[0.947..0.947]	[-1.61..-1.61]	[-0.0..-0.0]	[1.0..1.0]	[0.947..0.947]	[-1.6099001..-1.6099001]	[-0.0..-0.0]	[1.0..1.0]	0.854385	[-1.3754746..-1.3754746]
Group-1	PS 37:1:0	269.25	240116_PS_FTMSMS-_1.mzXML	25.0	16052.8	0.0	0.0	[0.0..0.0]	[1.0..1.0]	[0.997..0.997]	[16004.641..16004.641]	[0.729..0.729]	[0.0..0.0]	[0.997..0.997]	[16004.641..16004.641]	[0.729..0.729]	[0.0..0.0]	0.8562302	[13703.656..13703.656]
Group-1	PS 37:1:0	269.25	240116_PS_FTMSMS-_1.mzXML	30.0	33395.2	0.0	0.0	[0.0..0.0]	[1.0..1.0]	[0.986..0.986]	[32927.668..32927.668]	[0.758..0.758]	[0.0..0.0]	[0.986..0.986]	[32927.668..32927.668]	[0.758..0.758]	[0.0..0.0]	0.8562302	[28193.662..28193.662]
Group-1	PS 37:1:0	269.25	240116_PS_FTMSMS-_1.mzXML	35.0	40426.9	0.0	0.0	[0.0..0.0]	[1.0..1.0]	[0.979..0.979]	[39577.934..39577.934]	[0.758..0.758]	[0.0..0.0]	[0.979..0.979]	[39577.934..39577.934]	[0.758..0.758]	[0.0..0.0]	0.8562302	[33887.82..33887.82]
Group-1	PS 37:1:0	281.25	240116_PS_FTMSMS-_1.mzXML	25.0	77084.8	0.0	0.0	[9.0..9.0]	[0.0..1.0]	[0.888..0.94]	[68451.3..72459.71]	[0.487..0.498]	[0.53..0.63]	[0.916..0.921]	[70609.67..70995.1]	[0.494..0.494]	[0.531..0.633]	0.8562302	[58610.066..62042.188]
Group-1	PS 37:1:0	281.25	240116_PS_FTMSMS-_1.mzXML	30.0	126882.6	0.0	0.0	[9.0..9.0]	[0.0..1.0]	[0.919..0.925]	[116605.12..117366.41]	[0.452..0.452]	[0.53..0.63]	[0.922..0.923]	[116985.76..117112.64]	[0.452..0.452]	[0.531..0.633]	0.8562302	[99840.82..100492.664]
Group-1	PS 37:1:0	281.25	240116_PS_FTMSMS-_1.mzXML	35.0	147649.7	0.0	0.0	[9.0..9.0]	[0.0..1.0]	[0.916..0.936]	[135247.12..138200.12]	[0.437..0.442]	[0.53..0.63]	[0.927..0.929]	[136871.27..137166.58]	[0.44..0.44]	[0.531..0.633]	0.8562302	[115802.67..118331.12]
Group-1	PS 37:1:0	283.26	240116_PS_FTMSMS-_1.mzXML	25.0	138304.5	0.0	0.0	[0.0..0.0]	[1.0..1.0]	[0.998..0.998]	[138027.89..138027.89]	[0.827..0.827]	[0.0..0.0]	[0.998..0.998]	[138027.89..138027.89]	[0.827..0.827]	[0.0..0.0]	0.8562302	[118183.66..118183.66]
Group-1	PS 37:1:0	283.26	240116_PS_FTMSMS-_1.mzXML	30.0	308789.9	0.0	0.0	[0.0..0.0]	[1.0..1.0]	[0.975..0.975]	[301070.16..301070.16]	[0.859..0.859]	[0.0..0.0]	[0.975..0.975]	[301070.16..301070.16]	[0.859..0.859]	[0.0..0.0]	0.8562302	[257785.38..257785.38]
Group-1	PS 37:1:0	283.26	240116_PS_FTMSMS-_1.mzXML	35.0	377234.2	0.0	0.0	[0.0..0.0]	[1.0..1.0]	[0.962..0.962]	[362899.28..362899.28]	[0.872..0.872]	[0.0..0.0]	[0.962..0.962]	[362899.28..362899.28]	[0.872..0.872]	[0.0..0.0]	0.8562302	[310725.34..310725.34]
Group-1	PS 37:1:0	295.26	240116_PS_FTMSMS-_1.mzXML	25.0	32084.4	0.0	0.0	[9.0..9.0]	[0.0..0.0]	[0.899..0.899]	[28843.877..28843.877]	[0.173..0.173]	[1.0..1.0]	[0.899..0.899]	[28843.875..28843.875]	[0.173..0.173]	[1.0..1.0]	0.8562302	[24696.998..24696.998]
Group-1	PS 37:1:0	295.26	240116_PS_FTMSMS-_1.mzXML	30.0	53496.1	0.0	0.0	[9.0..9.0]	[0.0..0.0]	[0.921..0.921]	[49269.91..49269.91]	[0.141..0.141]	[1.0..1.0]	[0.921..0.921]	[49269.91..49269.91]	[0.141..0.141]	[1.0..1.0]	0.8562302	[42186.383..42186.383]
Group-1	PS 37:1:0	295.26	240116_PS_FTMSMS-_1.mzXML	35.0	57063.3	0.0	0.0	[9.0..9.0]	[0.0..0.0]	[0.933..0.933]	[53240.062..53240.062]	[0.128..0.128]	[1.0..1.0]	[0.933..0.933]	[53240.062..53240.062]	[0.128..0.128]	[1.0..1.0]	0.8562302	[45585.746..45585.746]
Group-1	PS 37:1:0	297.28	240116_PS_FTMSMS-_1.mzXML	25.0	72949.7	0.0	0.0	[0.0..0.0]	[0.0..1.0]	[0.987..1.003]	[72001.36..73168.555]	[0.502..0.513]	[0.37..0.47]	[0.993..0.995]	[72439.055..72584.95]	[0.506..0.506]	[0.367..0.469]	0.8562302	[61649.734..62649.125]
Group-1	PS 37:1:0	297.28	240116_PS_FTMSMS-_1.mzXML	30.0	147272.0	0.0	0.0	[0.0..0.0]	[0.0..1.0]	[0.959..0.967]	[141233.84..142412.03]	[0.548..0.548]	[0.37..0.47]	[0.962..0.963]	[141675.67..141822.94]	[0.548..0.548]	[0.367..0.469]	0.8562302	[120928.69..121937.48]
Group-1	PS 37:1:0	297.28	240116_PS_FTMSMS-_1.mzXML	35.0	184250.2	0.0	0.0	[0.0..0.0]	[0.0..1.0]	[0.947..0.947]	[174484.95..174484.95]	[0.558..0.563]	[0.37..0.47]	[0.947..0.947]	[174484.95..174484.95]	[0.56..0.56]	[0.367..0.469]	0.8562302	[149399.28..149399.28]
Group-1	PS 37:1:0	309.28	240116_PS_FTMSMS-_1.mzXML	25.0	6464.5	0.0	0.0	[11.0..11.0]	[0.0..0.0]	[0.919..0.919]	[5940.876..5940.876]	[0.271..0.271]	[1.0..1.0]	[0.919..0.919]	[5940.8755..5940.8755]	[0.271..0.271]	[1.0..1.0]	0.8562302	[5086.7573..5086.7573]
Group-1	PS 37:1:0	309.28	240116_PS_FTMSMS-_1.mzXML	30.0	11283.6	0.0	0.0	[11.0..11.0]	[0.0..0.0]	[0.932..0.932]	[10516.314..10516.314]	[0.242..0.242]	[1.0..1.0]	[0.932..0.932]	[10516.314..10516.314]	[0.242..0.242]	[1.0..1.0]	0.8562302	[9004.386..9004.386]
Group-1	PS 37:1:0	309.28	240116_PS_FTMSMS-_1.mzXML	35.0	13588.4	0.0	0.0	[11.0..11.0]	[0.0..0.0]	[0.932..0.932]	[12664.389..12664.389]	[0.242..0.242]	[1.0..1.0]	[0.932..0.932]	[12664.389..12664.389]	[0.242..0.242]	[1.0..1.0]	0.8562302	[10843.632..10843.632]
Group-1	PS 37:2:0	267.23	240116_PS_FTMSMS-_1.mzXML	25.0	1201.1	0.0	0.0	[9.0..9.0]	[1.0..1.0]	[0.933..0.933]	[1120.626..1120.626]	[0.359..0.359]	[0.79..0.99]	[0.933..0.933]	[1120.6263..1120.6263]	[0.359..0.359]	[0.793..0.985]	0.85807484	[961.58124..961.58124]
Group-1	PS 37:2:0	267.23	240116_PS_FTMSMS-_1.mzXML	30.0	1774.6	0.0	0.0	[9.0..9.0]	[1.0..1.0]	[0.927..0.927]	[1645.054..1645.054]	[0.29..0.29]	[0.79..0.99]	[0.927..0.927]	[1645.0542..1645.0542]	[0.29..0.29]	[0.793..0.985]	0.85807484	[1411.5796..1411.5796]
Group-1	PS 37:2:0	267.23	240116_PS_FTMSMS-_1.mzXML	35.0	2964.9	0.0	0.0	[9.0..9.0]	[1.0..1.0]	[0.923..0.923]	[2736.603..2736.603]	[0.372..0.372]	[0.79..0.99]	[0.923..0.923]	[2736.6025..2736.6025]	[0.372..0.372]	[0.793..0.985]	0.85807484	[2348.2097..2348.2097]
Group-1	PS 37:2:0	269.25	240116_PS_FTMSMS-_1.mzXML	25.0	3345.4	0.0	0.0	[0.0..0.0]	[1.0..1.0]	[0.997..0.997]	[3335.364..3335.364]	[0.706..0.706]	[0.0..0.01]	[0.997..0.997]	[3335.3635..3335.3635]	[0.706..0.706]	[0.0..0.01]	0.85807484	[2861.9917..2861.9917]
Group-1	PS 37:2:0	269.25	240116_PS_FTMSMS-_1.mzXML	30.0	8427.2	0.0	0.0	[0.0..0.0]	[1.0..1.0]	[0.986..0.986]	[8309.22..8309.22]	[0.78..0.78]	[0.0..0.01]	[0.986..0.986]	[8309.22..8309.22]	[0.78..0.78]	[0.0..0.01]	0.85807484	[7129.932..7129.932]
Group-1	PS 37:2:0	269.25	240116_PS_FTMSMS-_1.mzXML	35.0	9657.2	0.0	0.0	[0.0..0.0]	[1.0..1.0]	[0.979..0.979]	[9454.398..9454.398]	[0.76..0.76]	[0.0..0.01]	[0.979..0.979]	[9454.398..9454.398]	[0.76..0.76]	[0.0..0.01]	0.85807484	[8112.5815..8112.5815]
Group-1	PS 37:2:0	279.23	240116_PS_FTMSMS-_1.mzXML	25.0	588.0	0.0	0.0	[9.0..9.0]	[0.0..1.0]	[0.882..0.927]	[518.616..545.076]	[0.393..0.401]	[0.75..0.81]	[0.916..0.918]	[538.60803..539.784]	[0.401..0.402]	[0.754..0.814]	0.85807484	[445.01135..467.716]
Group-1	PS 37:2:0	279.23	240116_PS_FTMSMS-_1.mzXML	30.0	958.9	0.0	0.0	[9.0..9.0]	[0.0..1.0]	[0.929..0.932]	[890.818..893.695]	[0.362..0.364]	[0.75..0.81]	[0.931..0.931]	[892.7359..892.7359]	[0.364..0.364]	[0.754..0.814]	0.85807484	[764.3886..766.85706]
Group-1	PS 37:2:0	279.23	240116_PS_FTMSMS-_1.mzXML	35.0	1153.7	0.0	0.0	[9.0..9.0]	[0.0..1.0]	[0.962..0.981]	[1109.859..1131.78]	[0.389..0.393]	[0.75..0.81]	[0.976..0.977]	[1126.0111..1127.1648]	[0.392..0.392]	[0.754..0.814]	0.85807484	[952.34235..971.1516]
Group-1	PS 37:2:0	281.25	240116_PS_FTMSMS-_1.mzXML	25.0	48670.7	0.0	0.0	[9.0..9.0]	[1.0..1.0]	[0.94..0.94]	[45750.457..45750.457]	[0.543..0.543]	[0.4..0.53]	[0.94..0.94]	[45750.457..45750.457]	[0.543..0.543]	[0.398..0.527]	0.85807484	[39257.316..39257.316]
Group-1	PS 37:2:0	281.25	240116_PS_FTMSMS-_1.mzXML	30.0	96140.4	0.0	0.0	[9.0..9.0]	[1.0..1.0]	[0.925..0.925]	[88929.87..88929.87]	[0.504..0.504]	[0.4..0.53]	[0.925..0.925]	[88929.87..88929.87]	[0.504..0.504]	[0.398..0.527]	0.85807484	[76308.484..76308.484]
Group-1	PS 37:2:0	281.25	240116_PS_FTMSMS-_1.mzXML	35.0	108731.1	0.0	0.0	[9.0..9.0]	[1.0..1.0]	[0.916..0.916]	[99597.69..99597.69]	[0.488..0.488]	[0.4..0.53]	[0.916..0.916]	[99597.69..99597.69]	[0.488..0.488]	[0.398..0.527]	0.85807484	[85462.27..85462.27]
Group-1	PS 37:2:0	283.26	240116_PS_FTMSMS-_1.mzXML	25.0	9879.5	0.0	0.0	[0.0..0.0]	[1.0..1.0]	[0.998..0.998]	[9859.741..9859.741]	[0.834..0.834]	[0.0..0.0]	[0.998..0.998]	[9859.741..9859.741]	[0.834..0.834]	[0.0..0.0]	0.85807484	[8460.396..8460.396]
Group-1	PS 37:2:0	283.26	240116_PS_FTMSMS-_1.mzXML	30.0	21192.5	0.0	0.0	[0.0..0.0]	[1.0..1.0]	[0.975..0.975]	[20662.688..20662.688]	[0.838..0.838]	[0.0..0.0]	[0.975..0.975]	[20662.688..20662.688]	[0.838..0.838]	[0.0..0.0]	0.85807484	[17730.133..17730.133]
Group-1	PS 37:2:0	283.26	240116_PS_FTMSMS-_1.mzXML	35.0	26942.9	0.0	0.0	[0.0..0.0]	[1.0..1.0]	[0.962..0.962]	[25919.07..25919.07]	[0.862..0.862]	[0.0..0.0]	[0.962..0.962]	[25919.07..25919.07]	[0.862..0.862]	[0.0..0.0]	0.85807484	[22240.502..22240.502]
Group-1	PS 37:2:0	293.25	240116_PS_FTMSMS-_1.mzXML	25.0	2192.6	0.0	0.0	[9.0..9.0]	[0.0..0.0]	[0.892..0.892]	[1955.799..1955.799]	[0.166..0.166]	[1.0..1.0]	[0.892..0.892]	[1955.7993..1955.7993]	[0.166..0.166]	[1.0..1.0]	0.85807484	[1678.2223..1678.2223]
Group-1	PS 37:2:0	293.25	240116_PS_FTMSMS-_1.mzXML	30.0	4303.4	0.0	0.0	[9.0..9.0]	[0.0..0.0]	[0.931..0.931]	[4006.465..4006.465]	[0.162..0.162]	[1.0..1.0]	[0.931..0.931]	[4006.4653..4006.4653]	[0.162..0.162]	[1.0..1.0]	0.85807484	[3437.847..3437.847]
Group-1	PS 37:2:0	293.25	240116_PS_FTMSMS-_1.mzXML	35.0	4218.5	0.0	0.0	[9.0..9.0]	[0.0..0.0]	[0.98..0.98]	[4134.13..4134.13]	[0.138..0.138]	[1.0..1.0]	[0.98..0.98]	[4134.13..4134.13]	[0.138..0.138]	[1.0..1.0]	0.85807484	[3547.393..3547.393]
Group-1	PS 37:2:0	295.26	240116_PS_FTMSMS-_1.mzXML	25.0	42829.4	0.0	0.0	[9.0..9.0]	[0.0..0.0]	[0.899..0.899]	[38503.63..38503.63]	[0.457..0.457]	[0.47..0.6]	[0.899..0.899]	[38503.63..38503.63]	[0.457..0.457]	[0.473..0.602]	0.85807484	[33038.992..33038.992]
Group-1	PS 37:2:0	295.26	240116_PS_FTMSMS-_1.mzXML	30.0	95071.1	0.0	0.0	[9.0..9.0]	[0.0..0.0]	[0.921..0.921]	[87560.484..87560.484]	[0.496..0.496]	[0.47..0.6]	[0.921..0.921]	[87560.484..87560.484]	[0.496..0.496]	[0.473..0.602]	0.85807484	[75133.445..75133.445]
Group-1	PS 37:2:0	295.26	240116_PS_FTMSMS-_1.mzXML	35.0	111837.9	0.0	0.0	[9.0..9.0]	[0.0..0.0]	[0.933..0.933]	[104344.766..104344.766]	[0.512..0.512]	[0.47..0.6]	[0.933..0.933]	[104344.766..104344.766]	[0.512..0.512]	[0.473..0.602]	0.85807484	[89535.62..89535.62]
Group-1	PS 37:2:0	297.28	240116_PS_FTMSMS-_1.mzXML	25.0	811.8	0.0	0.0	[0.0..0.0]	[0.0..1.0]	[0.987..1.003]	[801.247..814.235]	[0.599..0.607]	[0.19..0.25]	[0.99..0.991]	[803.682..804.4938]	[0.598..0.599]	[0.186..0.246]	0.85807484	[687.52954..698.6749]
Group-1	PS 37:2:0	297.28	240116_PS_FTMSMS-_1.mzXML	30.0	1626.5	0.0	0.0	[0.0..0.0]	[0.0..1.0]	[0.959..0.967]	[1559.814..1572.826]	[0.636..0.638]	[0.19..0.25]	[0.961..0.961]	[1563.0665..1563.0665]	[0.636..0.636]	[0.186..0.246]	0.85807484	[1338.4366..1349.6019]
Group-1	PS 37:2:0	297.28	240116_PS_FTMSMS-_1.mzXML	35.0	1842.8	0.0	0.0	[0.0..0.0]	[0.0..1.0]	[0.947..0.947]	[1745.132..1745.132]	[0.607..0.611]	[0.19..0.25]	[0.947..0.947]	[1745.1317..1745.1317]	[0.608..0.608]	[0.186..0.246]	0.85807484	[1497.4536..1497.4536]
Group-1	PS 37:2:0	307.26	240116_PS_FTMSMS-_1.mzXML	25.0	1525.1	0.0	0.0	[11.0..11.0]	[0.0..0.0]	[0.912..0.912]	[1390.891..1390.891]	[0.294..0.294]	[0.99..1.0]	[0.912..0.912]	[1390.8912..1390.8912]	[0.294..0.294]	[0.99..1.0]	0.85807484	[1193.4888..1193.4888]
Group-1	PS 37:2:0	307.26	240116_PS_FTMSMS-_1.mzXML	30.0	2525.0	0.0	0.0	[11.0..11.0]	[0.0..0.0]	[0.929..0.929]	[2345.725..2345.725]	[0.22..0.22]	[0.99..1.0]	[0.929..0.929]	[2345.725..2345.725]	[0.22..0.22]	[0.99..1.0]	0.85807484	[2012.8076..2012.8076]
Group-1	PS 37:2:0	307.26	240116_PS_FTMSMS-_1.mzXML	35.0	3142.0	0.0	0.0	[11.0..11.0]	[0.0..0.0]	[0.951..0.951]	[2988.042..2988.042]	[0.24..0.24]	[0.99..1.0]	[0.951..0.951]	[2988.042..2988.042]	[0.24..0.24]	[0.99..1.0]	0.85807484	[2563.9634..2563.9634]
Group-1	PS 37:2:0	309.28	240116_PS_FTMSMS-_1.mzXML	25.0	2174.7	0.0	0.0	[11.0..11.0]	[0.0..0.0]	[0.919..0.919]	[1998.549..1998.549]	[0.641..0.641]	[0.01..0.21]	[0.919..0.919]	[1998.5493..1998.5493]	[0.641..0.641]	[0.015..0.207]	0.85807484	[1714.9049..1714.9049]
Group-1	PS 37:2:0	309.28	240116_PS_FTMSMS-_1.mzXML	30.0	4320.1	0.0	0.0	[11.0..11.0]	[0.0..0.0]	[0.932..0.932]	[4026.333..4026.333]	[0.71..0.71]	[0.01..0.21]	[0.932..0.932]	[4026.3333..4026.3333]	[0.71..0.71]	[0.015..0.207]	0.85807484	[3454.8953..3454.8953]
Group-1	PS 37:2:0	309.28	240116_PS_FTMSMS-_1.mzXML	35.0	4963.8	0.0	0.0	[11.0..11.0]	[0.0..0.0]	[0.932..0.932]	[4626.261..4626.261]	[0.628..0.628]	[0.01..0.21]	[0.932..0.932]	[4626.261..4626.261]	[0.628..0.628]	[0.015..0.207]	0.85807484	[3969.6782..3969.6782]
Group-1	PS 37:3:0	269.25	240116_PS_FTMSMS-_1.mzXML	25.0	3819.4	0.0	0.0	[0.0..0.0]	[1.0..1.0]	[0.997..0.997]	[3807.942..3807.942]	[0.755..0.758]	[0.0..0.0]	[0.997..0.997]	[3807.9417..3807.9417]	[0.749..0.75]	[0.0..0.0]	0.85993737	[3274.5913..3274.5913]
Group-1	PS 37:3:0	269.25	240116_PS_FTMSMS-_1.mzXML	30.0	7883.6	0.0	0.0	[0.0..0.0]	[1.0..1.0]	[0.986..0.986]	[7773.23..7773.23]	[0.731..0.752]	[0.0..0.0]	[0.986..0.986]	[7773.2295..7773.2295]	[0.731..0.754]	[0.0..0.0]	0.85993737	[6684.4907..6684.4907]
Group-1	PS 37:3:0	269.25	240116_PS_FTMSMS-_1.mzXML	35.0	8932.4	0.0	0.0	[0.0..0.0]	[1.0..1.0]	[0.979..0.979]	[8744.819..8744.819]	[0.724..0.77]	[0.0..0.0]	[0.979..0.979]	[8744.819..8744.819]	[0.726..0.775]	[0.0..0.0]	0.85993737	[7519.997..7519.997]
Group-1	PS 37:3:0	279.23	240116_PS_FTMSMS-_1.mzXML	25.0	485.6	0.0	0.0	[9.0..9.0]	[1.0..1.0]	[0.927..0.927]	[450.151..450.151]	[0.573..0.573]	[0.33..0.44]	[0.927..0.927]	[450.15118..450.15118]	[0.573..0.573]	[0.326..0.438]	0.85993737	[387.10184..387.10184]
Group-1	PS 37:3:0	279.23	240116_PS_FTMSMS-_1.mzXML	30.0	867.8	0.0	0.0	[9.0..9.0]	[1.0..1.0]	[0.932..0.932]	[808.79..808.79]	[0.527..0.527]	[0.33..0.44]	[0.932..0.932]	[808.78955..808.78955]	[0.527..0.527]	[0.326..0.438]	0.85993737	[695.5084..695.5084]
Group-1	PS 37:3:0	279.23	240116_PS_FTMSMS-_1.mzXML	35.0	1234.5	0.0	0.0	[9.0..9.0]	[1.0..1.0]	[0.962..0.962]	[1187.589..1187.589]	[0.535..0.535]	[0.33..0.44]	[0.962..0.962]	[1187.589..1187.589]	[0.535..0.535]	[0.326..0.438]	0.85993737	[1021.25214..1021.25214]
Group-1	PS 37:3:0	281.25	240116_PS_FTMSMS-_1.mzXML	25.0	12325.7	0.0	0.0	[9.0..9.0]	[1.0..1.0]	[0.94..0.94]	[11586.158..11586.158]	[0.812..0.812]	[0.0..0.0]	[0.94..0.94]	[11586.158..11586.158]	[0.812..0.812]	[0.0..0.0]	0.85993737	[9963.37..9963.37]
Group-1	PS 37:3:0	281.25	240116_PS_FTMSMS-_1.mzXML	30.0	23483.8	0.0	0.0	[9.0..9.0]	[1.0..1.0]	[0.925..0.925]	[21722.516..21722.516]	[0.795..0.795]	[0.0..0.0]	[0.925..0.925]	[21722.516..21722.516]	[0.795..0.795]	[0.0..0.0]	0.85993737	[18680.004..18680.004]
Group-1	PS 37:3:0	281.25	240116_PS_FTMSMS-_1.mzXML	35.0	27171.4	0.0	0.0	[9.0..9.0]	[1.0..1.0]	[0.916..0.916]	[24889.004..24889.004]	[0.782..0.782]	[0.0..0.0]	[0.916..0.916]	[24889.004..24889.004]	[0.782..0.782]	[0.0..0.0]	0.85993737	[21402.984..21402.984]
Group-1	PS 37:3:0	283.26	240116_PS_FTMSMS-_1.mzXML	25.0	11153.2	0.0	0.0	[0.0..0.0]	[1.0..1.0]	[0.998..0.998]	[11130.895..11130.895]	[0.897..0.897]	[0.0..0.0]	[0.998..0.998]	[11130.895..11130.895]	[0.893..0.894]	[0.0..0.0]	0.85993737	[9571.872..9571.872]
Group-1	PS 37:3:0	283.26	240116_PS_FTMSMS-_1.mzXML	30.0	25107.2	0.0	0.0	[0.0..0.0]	[1.0..1.0]	[0.975..0.975]	[24479.52..24479.52]	[0.922..0.927]	[0.0..0.0]	[0.975..0.975]	[24479.52..24479.52]	[0.922..0.927]	[0.0..0.0]	0.85993737	[21050.854..21050.854]
Group-1	PS 37:3:0	283.26	240116_PS_FTMSMS-_1.mzXML	35.0	31232.4	0.0	0.0	[0.0..0.0]	[1.0..1.0]	[0.962..0.962]	[30045.57..30045.57]	[0.933..0.941]	[0.0..0.0]	[0.962..0.962]	[30045.57..30045.57]	[0.934..0.943]	[0.0..0.0]	0.85993737	[25837.309..25837.309]
Group-1	PS 37:3:0	291.23	240116_PS_FTMSMS-_1.mzXML	25.0	1385.3	0.0	0.0	[6.0..9.0]	[0.0..0.0]	[0.92..0.923]	[1274.476..1278.632]	[0.103..0.103]	[1.0..1.0]	[0.95..0.962]	[1316.035..1332.6587]	[0.106..0.107]	[1.0..1.0]	0.85993737	[1095.9696..1099.5433]
Group-1	PS 37:3:0	291.23	240116_PS_FTMSMS-_1.mzXML	30.0	1929.6	0.0	0.0	[6.0..9.0]	[0.0..0.0]	[1.004..1.077]	[1937.318..2078.179]	[0.073..0.078]	[1.0..1.0]	[0.998..1.079]	[1925.7408..2082.0383]	[0.073..0.078]	[1.0..1.0]	0.85993737	[1665.9723..1787.1039]
Group-1	PS 37:3:0	291.23	240116_PS_FTMSMS-_1.mzXML	35.0	1652.6	0.0	0.0	[6.0..9.0]	[0.0..0.0]	[1.132..1.308]	[1870.743..2161.601]	[0.059..0.067]	[1.0..1.0]	[1.107..1.29]	[1829.4282..2131.854]	[0.057..0.066]	[1.0..1.0]	0.85993737	[1608.7219..1858.8412]
Group-1	PS 37:3:0	293.25	240116_PS_FTMSMS-_1.mzXML	25.0	2999.7	0.0	0.0	[9.0..9.0]	[0.0..0.0]	[0.892..0.892]	[2675.733..2675.733]	[0.188..0.188]	[1.0..1.0]	[0.892..0.892]	[2675.7324..2675.7324]	[0.188..0.188]	[1.0..1.0]	0.85993737	[2300.9624..2300.9624]
Group-1	PS 37:3:0	293.25	240116_PS_FTMSMS-_1.mzXML	30.0	6023.1	0.0	0.0	[9.0..9.0]	[0.0..0.0]	[0.931..0.931]	[5607.507..5607.507]	[0.205..0.205]	[1.0..1.0]	[0.931..0.931]	[5607.5063..5607.5063]	[0.205..0.205]	[1.0..1.0]	0.85993737	[4822.104..4822.104]
Group-1	PS 37:3:0	293.25	240116_PS_FTMSMS-_1.mzXML	35.0	7083.1	0.0	0.0	[9.0..9.0]	[0.0..0.0]	[0.98..0.98]	[6941.438..6941.438]	[0.218..0.218]	[1.0..1.0]	[0.98..0.98]	[6941.438..6941.438]	[0.218..0.218]	[1.0..1.0]	0.85993737	[5969.202..5969.202]
Group-1	PS 37:3:0	295.26	240116_PS_FTMSMS-_1.mzXML	25.0	372.9	0.0	0.0	[9.0..9.0]	[0.0..0.0]	[0.899..0.899]	[335.237..335.237]	[0.427..0.427]	[0.56..0.67]	[0.899..0.899]	[335.2371..335.2371]	[0.427..0.427]	[0.562..0.674]	0.85993737	[288.28293..288.28293]
Group-1	PS 37:3:0	295.26	240116_PS_FTMSMS-_1.mzXML	30.0	789.2	0.0	0.0	[9.0..9.0]	[0.0..0.0]	[0.921..0.921]	[726.853..726.853]	[0.473..0.473]	[0.56..0.67]	[0.921..0.921]	[726.8532..726.8532]	[0.473..0.473]	[0.562..0.674]	0.85993737	[625.0483..625.0483]
Group-1	PS 37:3:0	295.26	240116_PS_FTMSMS-_1.mzXML	35.0	1104.5	0.0	0.0	[9.0..9.0]	[0.0..0.0]	[0.933..0.933]	[1030.499..1030.499]	[0.465..0.465]	[0.56..0.67]	[0.933..0.933]	[1030.4985..1030.4985]	[0.465..0.465]	[0.562..0.674]	0.85993737	[886.1642..886.1642]
Group-1	PS 37:3:0	305.25	240116_PS_FTMSMS-_1.mzXML	25.0	1340.4	0.0	0.0	[5.0..11.0]	[0.0..0.0]	[0.905..0.922]	[1213.062..1235.849]	[0.242..0.245]	[1.0..1.0]	[0.945..0.95]	[1266.678..1273.38]	[0.25..0.251]	[1.0..1.0]	0.85993737	[1043.1573..1062.7526]
Group-1	PS 37:3:0	305.25	240116_PS_FTMSMS-_1.mzXML	30.0	2687.2	0.0	0.0	[5.0..11.0]	[0.0..0.0]	[0.956..1.063]	[2568.963..2856.494]	[0.248..0.269]	[1.0..1.0]	[0.946..1.067]	[2542.091..2867.2424]	[0.246..0.269]	[1.0..1.0]	0.85993737	[2209.1475..2456.4055]
Group-1	PS 37:3:0	305.25	240116_PS_FTMSMS-_1.mzXML	35.0	2551.9	0.0	0.0	[5.0..11.0]	[0.0..0.0]	[1.023..1.308]	[2610.594..3337.885]	[0.23..0.276]	[1.0..1.0]	[0.995..1.293]	[2539.1404..3299.6064]	[0.225..0.274]	[1.0..1.0]	0.85993737	[2244.947..2870.372]
Group-1	PS 37:4:0	267.23	240116_PS_FTMSMS-_1.mzXML	25.0	1416.9	0.0	0.0	[9.0..9.0]	[1.0..1.0]	[0.933..0.933]	[1321.968..1321.968]	[1.0..1.0]	[0.0..0.0]	[0.933..0.933]	[1321.9678..1321.9678]	[1.0..1.0]	[0.0..0.0]	0.86180866	[1139.2832..1139.2832]
Group-1	PS 37:4:0	267.23	240116_PS_FTMSMS-_1.mzXML	30.0	3422.0	0.0	0.0	[9.0..9.0]	[1.0..1.0]	[0.927..0.927]	[3172.194..3172.194]	[0.881..0.891]	[0.0..0.0]	[0.927..0.927]	[3172.1938..3172.1938]	[0.88..0.892]	[0.0..0.0]	0.86180866	[2733.8242..2733.8242]
Group-1	PS 37:4:0	267.23	240116_PS_FTMSMS-_1.mzXML	35.0	4813.7	0.0	0.0	[9.0..9.0]	[1.0..1.0]	[0.923..0.923]	[4443.046..4443.046]	[0.882..0.905]	[0.0..0.0]	[0.923..0.923]	[4443.0454..4443.0454]	[0.883..0.907]	[0.0..0.0]	0.86180866	[3829.0547..3829.0547]
Group-1	PS 37:4:0	269.25	240116_PS_FTMSMS-_1.mzXML	25.0	15428.1	0.0	0.0	[0.0..0.0]	[1.0..1.0]	[0.997..0.997]	[15381.815..15381.815]	[0.846..0.849]	[0.0..0.0]	[0.997..0.997]	[15381.815..15381.815]	[0.838..0.846]	[0.0..0.0]	0.86180866	[13256.181..13256.181]
Group-1	PS 37:4:0	269.25	240116_PS_FTMSMS-_1.mzXML	30.0	39551.2	0.0	0.0	[0.0..0.0]	[1.0..1.0]	[0.986..0.986]	[38997.484..38997.484]	[0.866..0.88]	[0.0..0.0]	[0.986..0.986]	[38997.484..38997.484]	[0.864..0.881]	[0.0..0.0]	0.86180866	[33608.367..33608.367]
Group-1	PS 37:4:0	269.25	240116_PS_FTMSMS-_1.mzXML	35.0	51223.9	0.0	0.0	[0.0..0.0]	[1.0..1.0]	[0.979..0.979]	[50148.195..50148.195]	[0.89..0.912]	[0.0..0.0]	[0.979..0.979]	[50148.195..50148.195]	[0.891..0.913]	[0.0..0.0]	0.86180866	[43218.15..43218.15]
Group-1	PS 37:4:0	303.23	240116_PS_FTMSMS-_1.mzXML	25.0	2807.2	0.0	0.0	[5.0..8.0]	[0.0..0.0]	[0.972..0.996]	[2728.599..2795.971]	[0.151..0.154]	[1.0..1.0]	[1.0..1.062]	[2807.2..2981.2463]	[0.154..0.162]	[1.0..1.0]	0.86180866	[2351.5298..2409.5923]
Group-1	PS 37:4:0	303.23	240116_PS_FTMSMS-_1.mzXML	30.0	4562.3	0.0	0.0	[5.0..8.0]	[0.0..0.0]	[1.162..1.328]	[5301.392..6058.734]	[0.12..0.134]	[1.0..1.0]	[1.159..1.348]	[5287.7056..6149.9805]	[0.119..0.136]	[1.0..1.0]	0.86180866	[4568.7856..5221.4697]
Group-1	PS 37:4:0	303.23	240116_PS_FTMSMS-_1.mzXML	35.0	3228.9	0.0	0.0	[5.0..8.0]	[0.0..0.0]	[1.492..1.914]	[4817.519..6180.115]	[0.088..0.11]	[1.0..1.0]	[1.474..1.894]	[4759.3984..6115.5366]	[0.087..0.109]	[1.0..1.0]	0.86180866	[4151.7793..5326.076]
Group-1	PS 37:4:0	305.25	240116_PS_FTMSMS-_1.mzXML	25.0	0.0	0.0	0.0	[5.0..11.0]	[0.0..0.0]	[0.905..0.922]	[0.0..0.0]	[0.0..0.0]	[1.0..1.0]	[0.945..0.95]	[0.0..0.0]	[0.0..0.0]	[1.0..1.0]	0.86180866	[0.0..0.0]
Group-1	PS 37:4:0	305.25	240116_PS_FTMSMS-_1.mzXML	30.0	404.2	0.0	0.0	[5.0..11.0]	[0.0..0.0]	[0.956..1.063]	[386.415..429.665]	[0.109..0.119]	[1.0..1.0]	[0.946..1.067]	[382.3732..431.28143]	[0.108..0.12]	[1.0..1.0]	0.86180866	[333.01596..370.28867]
Group-1	PS 37:4:0	305.25	240116_PS_FTMSMS-_1.mzXML	35.0	456.4	0.0	0.0	[5.0..11.0]	[0.0..0.0]	[1.023..1.308]	[466.897..596.971]	[0.095..0.118]	[1.0..1.0]	[0.995..1.293]	[454.11798..590.1252]	[0.093..0.117]	[1.0..1.0]	0.86180866	[402.37604..514.4749]
Group-1	PS 38:3:0	281.25	240116_PS_FTMSMS-_1.mzXML	25.0	114399.3	0.0	0.0	[9.0..9.0]	[1.0..1.0]	[0.94..0.94]	[107535.336..107535.336]	[0.533..0.533]	[0.36..0.42]	[0.94..0.94]	[107535.336..107535.336]	[0.533..0.533]	[0.359..0.422]	0.847188	[91102.65..91102.65]
Group-1	PS 38:3:0	281.25	240116_PS_FTMSMS-_1.mzXML	30.0	262859.8	0.0	0.0	[9.0..9.0]	[1.0..1.0]	[0.925..0.925]	[243145.33..243145.33]	[0.561..0.561]	[0.36..0.42]	[0.925..0.925]	[243145.33..243145.33]	[0.561..0.561]	[0.359..0.422]	0.847188	[205989.8..205989.8]
Group-1	PS 38:3:0	281.25	240116_PS_FTMSMS-_1.mzXML	35.0	273170.4	0.0	0.0	[9.0..9.0]	[1.0..1.0]	[0.916..0.916]	[250224.1..250224.1]	[0.548..0.548]	[0.36..0.42]	[0.916..0.916]	[250224.1..250224.1]	[0.548..0.548]	[0.359..0.422]	0.847188	[211986.84..211986.84]
Group-1	PS 38:3:0	283.26	240116_PS_FTMSMS-_1.mzXML	25.0	660765.8	0.0	0.0	[0.0..0.0]	[1.0..1.0]	[0.998..0.998]	[659444.3..659444.3]	[0.731..0.735]	[0.0..0.0]	[0.998..0.998]	[659444.3..659444.3]	[0.725..0.726]	[0.0..0.0]	0.847188	[558673.3..558673.3]
Group-1	PS 38:3:0	283.26	240116_PS_FTMSMS-_1.mzXML	30.0	1546306.6	0.0	0.0	[0.0..0.0]	[1.0..1.0]	[0.975..0.975]	[1507649.0..1507649.0]	[0.754..0.773]	[0.0..0.0]	[0.975..0.975]	[1507649.0..1507649.0]	[0.753..0.775]	[0.0..0.0]	0.847188	[1277262.1..1277262.1]
Group-1	PS 38:3:0	283.26	240116_PS_FTMSMS-_1.mzXML	35.0	1582190.4	0.0	0.0	[0.0..0.0]	[1.0..1.0]	[0.962..0.962]	[1522067.1..1522067.1]	[0.737..0.782]	[0.0..0.0]	[0.962..0.962]	[1522067.1..1522067.1]	[0.739..0.787]	[0.0..0.0]	0.847188	[1289477.1..1289477.1]
Group-1	PS 38:3:0	305.25	240116_PS_FTMSMS-_1.mzXML	25.0	262756.2	0.0	0.0	[5.0..11.0]	[0.0..0.0]	[0.905..0.922]	[237794.34..242261.2]	[0.265..0.269]	[1.0..1.0]	[0.945..0.95]	[248304.6..249618.38]	[0.274..0.275]	[1.0..1.0]	0.847188	[201456.52..205240.78]
Group-1	PS 38:3:0	305.25	240116_PS_FTMSMS-_1.mzXML	30.0	462362.4	0.0	0.0	[5.0..11.0]	[0.0..0.0]	[0.956..1.063]	[442018.44..491491.22]	[0.227..0.246]	[1.0..1.0]	[0.946..1.067]	[437394.8..493340.7]	[0.225..0.247]	[1.0..1.0]	0.847188	[374472.72..416385.47]
Group-1	PS 38:3:0	305.25	240116_PS_FTMSMS-_1.mzXML	35.0	414830.4	0.0	0.0	[5.0..11.0]	[0.0..0.0]	[1.023..1.308]	[424371.5..542598.2]	[0.218..0.263]	[1.0..1.0]	[0.995..1.293]	[412756.25..536375.7]	[0.213..0.261]	[1.0..1.0]	0.847188	[359522.44..459682.66]
Group-1	PS 38:3:0	307.26	240116_PS_FTMSMS-_1.mzXML	25.0	103212.7	0.0	0.0	[11.0..11.0]	[0.0..0.0]	[0.912..0.912]	[94129.984..94129.984]	[0.467..0.467]	[0.58..0.64]	[0.912..0.912]	[94129.984..94129.984]	[0.467..0.467]	[0.578..0.641]	0.847188	[79745.8..79745.8]
Group-1	PS 38:3:0	307.26	240116_PS_FTMSMS-_1.mzXML	30.0	204827.4	0.0	0.0	[11.0..11.0]	[0.0..0.0]	[0.929..0.929]	[190284.67..190284.67]	[0.439..0.439]	[0.58..0.64]	[0.929..0.929]	[190284.67..190284.67]	[0.439..0.439]	[0.578..0.641]	0.847188	[161206.88..161206.88]
Group-1	PS 38:3:0	307.26	240116_PS_FTMSMS-_1.mzXML	35.0	216829.8	0.0	0.0	[11.0..11.0]	[0.0..0.0]	[0.951..0.951]	[206205.12..206205.12]	[0.452..0.452]	[0.58..0.64]	[0.951..0.951]	[206205.12..206205.12]	[0.452..0.452]	[0.578..0.641]	0.847188	[174694.5..174694.5]
Group-1	PS 38:4:0	281.25	240116_PS_FTMSMS-_1.mzXML	25.0	468366.2	0.0	0.0	[9.0..9.0]	[1.0..1.0]	[0.94..0.94]	[440264.22..440264.22]	[0.928..0.929]	[0.0..0.0]	[0.94..0.94]	[440264.22..440264.22]	[0.926..0.926]	[0.0..0.0]	0.8489996	[373784.16..373784.16]
Group-1	PS 38:4:0	281.25	240116_PS_FTMSMS-_1.mzXML	30.0	1446326.5	0.0	0.0	[9.0..9.0]	[1.0..1.0]	[0.925..0.925]	[1337852.0..1337852.0]	[0.935..0.941]	[0.0..0.0]	[0.925..0.925]	[1337852.0..1337852.0]	[0.935..0.942]	[0.0..0.0]	0.8489996	[1135835.9..1135835.9]
Group-1	PS 38:4:0	281.25	240116_PS_FTMSMS-_1.mzXML	35.0	1787002.2	0.0	0.0	[9.0..9.0]	[1.0..1.0]	[0.916..0.916]	[1636894.1..1636894.1]	[0.956..0.965]	[0.0..0.0]	[0.916..0.916]	[1636894.1..1636894.1]	[0.956..0.966]	[0.0..0.0]	0.8489996	[1389722.5..1389722.5]
Group-1	PS 38:4:0	283.26	240116_PS_FTMSMS-_1.mzXML	25.0	2484419.5	0.0	0.0	[0.0..0.0]	[1.0..1.0]	[0.998..0.998]	[2479450.5..2479450.5]	[0.822..0.825]	[0.0..0.0]	[0.998..0.998]	[2479450.8..2479450.8]	[0.812..0.821]	[0.0..0.0]	0.8489996	[2105052.8..2105052.8]
Group-1	PS 38:4:0	283.26	240116_PS_FTMSMS-_1.mzXML	30.0	6295056.5	0.0	0.0	[0.0..0.0]	[1.0..1.0]	[0.975..0.975]	[6137680.0..6137680.0]	[0.87..0.885]	[0.0..0.0]	[0.975..0.975]	[6137680.0..6137680.0]	[0.869..0.885]	[0.0..0.0]	0.8489996	[5210888.0..5210888.0]
Group-1	PS 38:4:0	283.26	240116_PS_FTMSMS-_1.mzXML	35.0	8410312.0	0.0	0.0	[0.0..0.0]	[1.0..1.0]	[0.962..0.962]	[8090720.5..8090720.5]	[0.899..0.919]	[0.0..0.0]	[0.962..0.962]	[8090720.0..8090720.0]	[0.9..0.92]	[0.0..0.0]	0.8489996	[6869018.0..6869018.0]
Group-1	PS 38:4:0	303.23	240116_PS_FTMSMS-_1.mzXML	25.0	540304.4	0.0	0.0	[5.0..8.0]	[0.0..0.0]	[0.972..0.996]	[525175.9..538143.1]	[0.175..0.178]	[1.0..1.0]	[1.0..1.062]	[540304.4..573803.25]	[0.179..0.188]	[1.0..1.0]	0.8489996	[445874.12..456883.34]
Group-1	PS 38:4:0	303.23	240116_PS_FTMSMS-_1.mzXML	30.0	687845.7	0.0	0.0	[5.0..8.0]	[0.0..0.0]	[1.162..1.328]	[799276.6..913459.06]	[0.115..0.13]	[1.0..1.0]	[1.159..1.348]	[797213.2..927216.0]	[0.115..0.131]	[1.0..1.0]	0.8489996	[678585.6..775526.44]
Group-1	PS 38:4:0	303.23	240116_PS_FTMSMS-_1.mzXML	35.0	476278.5	0.0	0.0	[5.0..8.0]	[0.0..0.0]	[1.492..1.914]	[710607.5..911597.06]	[0.081..0.101]	[1.0..1.0]	[1.474..1.894]	[702034.5..902071.5]	[0.08..0.1]	[1.0..1.0]	0.8489996	[603305.5..773945.56]
Group-1	PS 38:4:0	305.25	240116_PS_FTMSMS-_1.mzXML	25.0	37187.8	0.0	0.0	[5.0..11.0]	[0.0..0.0]	[0.905..0.922]	[33654.957..34287.152]	[0.071..0.072]	[1.0..1.0]	[0.945..0.95]	[35142.473..35328.41]	[0.074..0.074]	[1.0..1.0]	0.8489996	[28573.049..29109.78]
Group-1	PS 38:4:0	305.25	240116_PS_FTMSMS-_1.mzXML	30.0	87281.5	0.0	0.0	[5.0..11.0]	[0.0..0.0]	[0.956..1.063]	[83441.11..92780.234]	[0.059..0.065]	[1.0..1.0]	[0.946..1.067]	[82568.3..93129.36]	[0.058..0.065]	[1.0..1.0]	0.8489996	[70841.47..78770.38]
Group-1	PS 38:4:0	305.25	240116_PS_FTMSMS-_1.mzXML	35.0	58224.9	0.0	0.0	[5.0..11.0]	[0.0..0.0]	[1.023..1.308]	[59564.07..76158.17]	[0.035..0.044]	[1.0..1.0]	[0.995..1.293]	[57933.773..75284.79]	[0.034..0.044]	[1.0..1.0]	0.8489996	[50569.875..64658.254]
Group-1	PS 38:5:0	255.23	240116_PS_FTMSMS-_1.mzXML	25.0	77712.9	0.0	0.0	[0.0..0.0]	[1.0..1.0]	[1.0..1.0]	[77712.9..77712.9]	[0.742..0.754]	[0.0..0.0]	[1.0..1.0]	[77712.9..77712.9]	[0.725..0.747]	[0.0..0.0]	0.8508197	[66119.664..66119.664]
Group-1	PS 38:5:0	255.23	240116_PS_FTMSMS-_1.mzXML	30.0	149366.6	0.0	0.0	[0.0..0.0]	[1.0..1.0]	[1.0..1.0]	[149366.6..149366.6]	[0.789..0.822]	[0.0..0.0]	[1.0..1.0]	[149366.6..149366.6]	[0.784..0.82]	[0.0..0.0]	0.8508197	[127084.04..127084.04]
Group-1	PS 38:5:0	255.23	240116_PS_FTMSMS-_1.mzXML	35.0	174975.8	0.0	0.0	[0.0..0.0]	[1.0..1.0]	[1.0..1.0]	[174975.8..174975.8]	[0.768..0.826]	[0.0..0.0]	[1.0..1.0]	[174975.8..174975.8]	[0.768..0.824]	[0.0..0.0]	0.8508197	[148872.86..148872.86]
Group-1	PS 38:5:0	281.25	240116_PS_FTMSMS-_1.mzXML	25.0	339150.1	0.0	0.0	[9.0..9.0]	[1.0..1.0]	[0.94..0.94]	[318801.1..318801.1]	[0.858..0.861]	[0.0..0.0]	[0.94..0.94]	[318801.1..318801.1]	[0.85..0.858]	[0.0..0.0]	0.8508197	[271242.25..271242.25]
Group-1	PS 38:5:0	281.25	240116_PS_FTMSMS-_1.mzXML	30.0	833184.5	0.0	0.0	[9.0..9.0]	[1.0..1.0]	[0.925..0.925]	[770695.7..770695.7]	[0.885..0.898]	[0.0..0.0]	[0.925..0.925]	[770695.7..770695.7]	[0.884..0.898]	[0.0..0.0]	0.8508197	[655723.06..655723.06]
Group-1	PS 38:5:0	281.25	240116_PS_FTMSMS-_1.mzXML	35.0	1096387.9	0.0	0.0	[9.0..9.0]	[1.0..1.0]	[0.916..0.916]	[1004291.3..1004291.3]	[0.907..0.926]	[0.0..0.0]	[0.916..0.916]	[1004291.3..1004291.3]	[0.907..0.926]	[0.0..0.0]	0.8508197	[854470.9..854470.9]
Group-1	PS 38:5:0	303.23	240116_PS_FTMSMS-_1.mzXML	25.0	52814.1	0.0	0.0	[5.0..8.0]	[0.0..0.0]	[0.972..0.996]	[51335.31..52602.844]	[0.139..0.142]	[1.0..1.0]	[1.0..1.062]	[52814.1..56088.58]	[0.142..0.15]	[1.0..1.0]	0.8508197	[43677.09..44755.535]
Group-1	PS 38:5:0	303.23	240116_PS_FTMSMS-_1.mzXML	30.0	75180.0	0.0	0.0	[5.0..8.0]	[0.0..0.0]	[1.162..1.328]	[87359.16..99839.04]	[0.102..0.115]	[1.0..1.0]	[1.159..1.348]	[87133.625..101342.64]	[0.102..0.116]	[1.0..1.0]	0.8508197	[74326.89..84945.016]
Group-1	PS 38:5:0	303.23	240116_PS_FTMSMS-_1.mzXML	35.0	54102.5	0.0	0.0	[5.0..8.0]	[0.0..0.0]	[1.492..1.914]	[80720.93..103552.19]	[0.074..0.093]	[1.0..1.0]	[1.474..1.894]	[79747.086..102470.14]	[0.074..0.093]	[1.0..1.0]	0.8508197	[68678.95..88104.24]
Group-1	PS 38:5:0	329.25	240116_PS_FTMSMS-_1.mzXML	25.0	25039.6	0.0	0.0	[4.0..7.0]	[0.0..0.0]	[1.013..1.081]	[25365.115..27067.807]	[0.246..0.258]	[1.0..1.0]	[1.051..1.179]	[26316.62..29521.688]	[0.253..0.275]	[1.0..1.0]	0.8508197	[21581.14..23029.824]
Group-1	PS 38:5:0	329.25	240116_PS_FTMSMS-_1.mzXML	30.0	24048.7	0.0	0.0	[4.0..7.0]	[0.0..0.0]	[1.343..1.659]	[32297.404..39896.793]	[0.178..0.211]	[1.0..1.0]	[1.366..1.712]	[32850.523..41171.375]	[0.18..0.216]	[1.0..1.0]	0.8508197	[27479.268..33944.977]
Group-1	PS 38:5:0	329.25	240116_PS_FTMSMS-_1.mzXML	35.0	18252.1	0.0	0.0	[4.0..7.0]	[0.0..0.0]	[2.017..2.898]	[36814.484..52894.586]	[0.174..0.232]	[1.0..1.0]	[2.043..2.888]	[37289.04..52712.062]	[0.176..0.232]	[1.0..1.0]	0.8508197	[31322.488..45003.754]
Group-1	PS 38:6:0	255.23	240116_PS_FTMSMS-_1.mzXML	25.0	88440.1	0.0	0.0	[0.0..0.0]	[0.100000024..0.9]	[1.0..1.0]	[88440.1..88440.1]	[0.726..0.746]	[0.0..0.0]	[1.0..1.0]	[88440.1..88440.1]	[0.726..0.726]	[0.0..0.0]	0.85263914	[75407.49..75407.49]
Group-1	PS 38:6:0	255.23	240116_PS_FTMSMS-_1.mzXML	30.0	158785.8	0.0	0.0	[0.0..0.0]	[0.100000024..0.100000024]	[1.0..1.0]	[158785.8..158785.8]	[0.758..0.758]	[0.0..0.0]	[1.0..1.0]	[158785.8..158785.8]	[0.758..0.758]	[0.0..0.0]	0.85263914	[135386.98..135386.98]
Group-1	PS 38:6:0	255.23	240116_PS_FTMSMS-_1.mzXML	35.0	187353.5	0.0	0.0	[0.0..0.0]	[0.9..0.9]	[1.0..1.0]	[187353.5..187353.5]	[0.789..0.789]	[0.0..0.0]	[1.0..1.0]	[187353.5..187353.5]	[0.789..0.789]	[0.0..0.0]	0.85263914	[159744.92..159744.92]
Group-1	PS 38:6:0	279.23	240116_PS_FTMSMS-_1.mzXML	25.0	3879.5	0.0	0.0	[9.0..9.0]	[1.0..1.0]	[0.927..0.927]	[3596.297..3596.297]	[0.807..0.811]	[0.0..0.0]	[0.927..0.927]	[3596.2964..3596.2964]	[0.797..0.806]	[0.0..0.0]	0.85263914	[3066.343..3066.343]
Group-1	PS 38:6:0	279.23	240116_PS_FTMSMS-_1.mzXML	30.0	8694.0	0.0	0.0	[9.0..9.0]	[1.0..1.0]	[0.932..0.932]	[8102.808..8102.808]	[0.874..0.888]	[0.0..0.0]	[0.932..0.932]	[8102.8076..8102.8076]	[0.872..0.888]	[0.0..0.0]	0.85263914	[6908.771..6908.771]
Group-1	PS 38:6:0	279.23	240116_PS_FTMSMS-_1.mzXML	35.0	10622.7	0.0	0.0	[9.0..9.0]	[1.0..1.0]	[0.962..0.962]	[10219.038..10219.038]	[0.875..0.9]	[0.0..0.0]	[0.962..0.962]	[10219.038..10219.038]	[0.876..0.901]	[0.0..0.0]	0.85263914	[8713.151..8713.151]
Group-1	PS 38:6:0	303.23	240116_PS_FTMSMS-_1.mzXML	25.0	864.8	0.0	0.0	[5.0..8.0]	[0.0..0.0]	[0.972..0.996]	[840.586..861.341]	[0.189..0.193]	[1.0..1.0]	[1.0..1.062]	[864.8..918.4176]	[0.194..0.203]	[1.0..1.0]	0.85263914	[716.7162..734.41284]
Group-1	PS 38:6:0	303.23	240116_PS_FTMSMS-_1.mzXML	30.0	880.7	0.0	0.0	[5.0..8.0]	[0.0..0.0]	[1.162..1.328]	[1023.373..1169.57]	[0.112..0.126]	[1.0..1.0]	[1.159..1.348]	[1020.7313..1187.1837]	[0.112..0.128]	[1.0..1.0]	0.85263914	[872.5682..997.2208]
Group-1	PS 38:6:0	303.23	240116_PS_FTMSMS-_1.mzXML	35.0	762.5	0.0	0.0	[5.0..8.0]	[0.0..0.0]	[1.492..1.914]	[1137.65..1459.425]	[0.1..0.125]	[1.0..1.0]	[1.474..1.894]	[1123.9249..1444.175]	[0.099..0.124]	[1.0..1.0]	0.85263914	[970.0049..1244.3629]
Group-1	PS 38:6:0	327.23	240116_PS_FTMSMS-_1.mzXML	25.0	22129.0	4232.7	0.1912739	[4.0..4.0]	[0.1..0.9]	[1.36..1.508]	[30095.44..33370.53]	[0.254..0.274]	[1.0..1.0]	[1.508..1.508]	[33370.53..33370.53]	[0.274..0.274]	[1.0..1.0]	0.85263914	[25660.549..28453.021]
Group-1	PS 38:6:0	327.23	240116_PS_FTMSMS-_1.mzXML	30.0	19340.7	6849.0	0.3541237	[4.0..4.0]	[0.9..0.9]	[2.627..2.627]	[50808.02..50808.02]	[0.242..0.242]	[1.0..1.0]	[2.627..2.627]	[50808.02..50808.02]	[0.242..0.242]	[1.0..1.0]	0.85263914	[43320.902..43320.902]
Group-1	PS 38:6:0	327.23	240116_PS_FTMSMS-_1.mzXML	35.0	9117.5	5473.6	0.60034	[4.0..4.0]	[0.1..0.1]	[5.501..5.501]	[50155.367..50155.367]	[0.211..0.211]	[1.0..1.0]	[5.501..5.501]	[50155.367..50155.367]	[0.211..0.211]	[1.0..1.0]	0.85263914	[42764.43..42764.43]
Group-1	PS 39:1:0	253.22	240116_PS_FTMSMS-_1.mzXML	25.0	0.0	0.0	0.0	[9.0..9.0]	[0.0..1.0]	[0.867..0.927]	[0.0..0.0]	[0.5..0.5]	[0.5..1.0]	[0.897..0.927]	[0.0..0.0]	[0.5..0.5]	[0.5..1.0]	0.8313721	[0.0..0.0]
Group-1	PS 39:1:0	253.22	240116_PS_FTMSMS-_1.mzXML	30.0	0.0	0.0	0.0	[9.0..9.0]	[0.0..1.0]	[0.913..0.929]	[0.0..0.0]	[0.5..0.5]	[0.5..1.0]	[0.921..0.929]	[0.0..0.0]	[0.5..0.5]	[0.5..1.0]	0.8313721	[0.0..0.0]
Group-1	PS 39:1:0	253.22	240116_PS_FTMSMS-_1.mzXML	35.0	0.0	0.0	0.0	[9.0..9.0]	[0.0..1.0]	[0.93..0.939]	[0.0..0.0]	[0.0..0.0]	[0.5..1.0]	[0.935..0.939]	[0.0..0.0]	[0.0..0.0]	[0.5..1.0]	0.8313721	[0.0..0.0]
Group-1	PS 39:1:0	267.23	240116_PS_FTMSMS-_1.mzXML	25.0	0.0	0.0	0.0	[9.0..9.0]	[0.0..1.0]	[0.877..0.933]	[0.0..0.0]	[0.5..0.5]	[0.5..1.0]	[0.905..0.933]	[0.0..0.0]	[0.5..0.5]	[0.5..1.0]	0.8313721	[0.0..0.0]
Group-1	PS 39:1:0	267.23	240116_PS_FTMSMS-_1.mzXML	30.0	0.0	0.0	0.0	[9.0..9.0]	[0.0..1.0]	[0.916..0.927]	[0.0..0.0]	[0.0..0.0]	[0.5..1.0]	[0.921..0.927]	[0.0..0.0]	[0.0..0.0]	[0.5..1.0]	0.8313721	[0.0..0.0]
Group-1	PS 39:1:0	267.23	240116_PS_FTMSMS-_1.mzXML	35.0	0.0	0.0	0.0	[9.0..9.0]	[0.0..1.0]	[0.923..0.938]	[0.0..0.0]	[0.0..0.0]	[0.5..1.0]	[0.931..0.938]	[0.0..0.0]	[0.0..0.0]	[0.5..1.0]	0.8313721	[0.0..0.0]
Group-1	PS 39:1:0	281.25	240116_PS_FTMSMS-_1.mzXML	25.0	90132.4	0.0	0.0	[9.0..9.0]	[0.0..1.0]	[0.888..0.94]	[80037.57..84724.45]	[0.649..0.658]	[0.15..0.42]	[0.896..0.91]	[80758.63..82020.484]	[0.648..0.651]	[0.146..0.425]	0.8313721	[66541.01..70437.55]
Group-1	PS 39:1:0	281.25	240116_PS_FTMSMS-_1.mzXML	30.0	140108.9	0.0	0.0	[9.0..9.0]	[0.0..1.0]	[0.919..0.925]	[128760.086..129600.74]	[0.573..0.573]	[0.15..0.42]	[0.92..0.922]	[128900.195..129180.414]	[0.572..0.572]	[0.146..0.425]	0.8313721	[107047.55..107746.44]
Group-1	PS 39:1:0	281.25	240116_PS_FTMSMS-_1.mzXML	35.0	139511.8	0.0	0.0	[9.0..9.0]	[0.0..1.0]	[0.916..0.936]	[127792.805..130583.04]	[0.529..0.533]	[0.15..0.42]	[0.919..0.924]	[128211.34..128908.91]	[0.529..0.53]	[0.146..0.425]	0.8313721	[106243.37..108563.09]
Group-1	PS 39:1:0	283.26	240116_PS_FTMSMS-_1.mzXML	25.0	54480.7	0.0	0.0	[0.0..0.0]	[1.0..1.0]	[0.998..0.998]	[54371.74..54371.74]	[0.866..0.866]	[0.0..0.0]	[0.998..0.998]	[54371.74..54371.74]	[0.866..0.866]	[0.0..0.0]	0.8313721	[45203.145..45203.145]
Group-1	PS 39:1:0	283.26	240116_PS_FTMSMS-_1.mzXML	30.0	115521.9	0.0	0.0	[0.0..0.0]	[1.0..1.0]	[0.975..0.975]	[112633.85..112633.85]	[0.857..0.857]	[0.0..0.0]	[0.975..0.975]	[112633.85..112633.85]	[0.857..0.857]	[0.0..0.0]	0.8313721	[93640.64..93640.64]
Group-1	PS 39:1:0	283.26	240116_PS_FTMSMS-_1.mzXML	35.0	137819.2	0.0	0.0	[0.0..0.0]	[1.0..1.0]	[0.962..0.962]	[132582.08..132582.08]	[0.882..0.882]	[0.0..0.0]	[0.962..0.962]	[132582.08..132582.08]	[0.882..0.882]	[0.0..0.0]	0.8313721	[110225.04..110225.04]
Group-1	PS 39:1:0	295.26	240116_PS_FTMSMS-_1.mzXML	25.0	0.0	0.0	0.0	[9.0..9.0]	[0.0..1.0]	[0.899..0.947]	[0.0..0.0]	[0.5..0.5]	[0.5..1.0]	[0.923..0.947]	[0.0..0.0]	[0.5..0.5]	[0.5..1.0]	0.8313721	[0.0..0.0]
Group-1	PS 39:1:0	295.26	240116_PS_FTMSMS-_1.mzXML	30.0	0.0	0.0	0.0	[9.0..9.0]	[0.0..1.0]	[0.921..0.923]	[0.0..0.0]	[0.0..0.0]	[0.5..1.0]	[0.922..0.923]	[0.0..0.0]	[0.0..0.0]	[0.5..1.0]	0.8313721	[0.0..0.0]
Group-1	PS 39:1:0	295.26	240116_PS_FTMSMS-_1.mzXML	35.0	528.9	0.0	0.0	[9.0..9.0]	[0.0..1.0]	[0.91..0.933]	[481.299..493.464]	[0.161..0.164]	[0.5..1.0]	[0.922..0.933]	[487.6458..493.46375]	[0.163..0.164]	[0.5..1.0]	0.8313721	[400.13858..410.25198]
Group-1	PS 39:1:0	297.28	240116_PS_FTMSMS-_1.mzXML	25.0	5816.5	0.0	0.0	[0.0..0.0]	[1.0..1.0]	[1.003..1.003]	[5833.95..5833.95]	[0.56..0.56]	[0.19..0.36]	[1.003..1.003]	[5833.9497..5833.9497]	[0.56..0.56]	[0.186..0.357]	0.8313721	[4850.183..4850.183]
Group-1	PS 39:1:0	297.28	240116_PS_FTMSMS-_1.mzXML	30.0	15411.1	0.0	0.0	[0.0..0.0]	[0.19999999..0.19999999]	[0.96..0.96]	[14794.655..14794.655]	[0.636..0.636]	[0.19..0.36]	[0.96..0.96]	[14794.655..14794.655]	[0.636..0.636]	[0.186..0.357]	0.8313721	[12299.864..12299.864]
Group-1	PS 39:1:0	297.28	240116_PS_FTMSMS-_1.mzXML	35.0	16149.9	0.0	0.0	[0.0..0.0]	[0.19999999..1.0]	[0.947..0.947]	[15293.956..15293.956]	[0.621..0.627]	[0.19..0.36]	[0.947..0.947]	[15293.956..15293.956]	[0.622..0.623]	[0.186..0.357]	0.8313721	[12714.968..12714.968]
Group-1	PS 39:1:0	309.28	240116_PS_FTMSMS-_1.mzXML	25.0	4994.6	0.0	0.0	[11.0..11.0]	[0.0..0.0]	[0.919..0.919]	[4590.038..4590.038]	[0.44..0.44]	[0.64..0.81]	[0.919..0.919]	[4590.0376..4590.0376]	[0.44..0.44]	[0.643..0.814]	0.8313721	[3816.029..3816.029]
Group-1	PS 39:1:0	309.28	240116_PS_FTMSMS-_1.mzXML	30.0	9113.4	0.0	0.0	[11.0..11.0]	[0.8..0.8]	[0.931..0.931]	[8484.576..8484.576]	[0.364..0.364]	[0.64..0.81]	[0.931..0.931]	[8484.576..8484.576]	[0.364..0.364]	[0.643..0.814]	0.8313721	[7053.8394..7053.8394]
Group-1	PS 39:1:0	309.28	240116_PS_FTMSMS-_1.mzXML	35.0	10027.6	0.0	0.0	[11.0..11.0]	[0.0..0.8]	[0.906..0.932]	[9085.006..9345.723]	[0.373..0.379]	[0.64..0.81]	[0.923..0.927]	[9255.475..9295.585]	[0.377..0.378]	[0.643..0.814]	0.8313721	[7553.0195..7769.7725]
Group-1	PS 39:1:0	311.29	240116_PS_FTMSMS-_1.mzXML	25.0	0.0	0.0	0.0	[0.0..0.0]	[0.0..1.0]	[0.993..1.011]	[0.0..0.0]	[0.0..0.0]	[0.0..1.0]	[0.993..1.011]	[0.0..0.0]	[0.0..0.0]	[0.0..1.0]	0.8313721	[0.0..0.0]
Group-1	PS 39:1:0	311.29	240116_PS_FTMSMS-_1.mzXML	30.0	2219.5	0.0	0.0	[0.0..0.0]	[0.0..1.0]	[0.954..0.962]	[2117.403..2135.159]	[1.0..1.0]	[0.0..1.0]	[0.954..0.962]	[2117.403..2135.159]	[1.0..1.0]	[0.0..1.0]	0.8313721	[1760.3497..1775.1116]
Group-1	PS 39:1:0	311.29	240116_PS_FTMSMS-_1.mzXML	35.0	2689.5	0.0	0.0	[0.0..0.0]	[0.0..1.0]	[0.934..0.936]	[2511.993..2517.372]	[0.836..0.839]	[0.0..1.0]	[0.934..0.936]	[2511.993..2517.372]	[0.836..0.837]	[0.0..1.0]	0.8313721	[2088.401..2092.8726]
Group-1	PS 39:1:0	323.3	240116_PS_FTMSMS-_1.mzXML	25.0	8999.2	0.0	0.0	[11.0..11.0]	[0.0..0.0]	[0.934..0.934]	[8405.253..8405.253]	[0.134..0.134]	[1.0..1.0]	[0.934..0.934]	[8405.253..8405.253]	[0.134..0.134]	[1.0..1.0]	0.8313721	[6987.8926..6987.8926]
Group-1	PS 39:1:0	323.3	240116_PS_FTMSMS-_1.mzXML	30.0	20101.9	0.0	0.0	[11.0..11.0]	[0.0..0.0]	[0.936..0.936]	[18815.379..18815.379]	[0.143..0.143]	[1.0..1.0]	[0.936..0.936]	[18815.379..18815.379]	[0.143..0.143]	[1.0..1.0]	0.8313721	[15642.58..15642.58]
Group-1	PS 39:1:0	323.3	240116_PS_FTMSMS-_1.mzXML	35.0	19005.9	0.0	0.0	[11.0..11.0]	[0.0..0.0]	[0.931..0.931]	[17694.492..17694.492]	[0.118..0.118]	[1.0..1.0]	[0.931..0.931]	[17694.492..17694.492]	[0.118..0.118]	[1.0..1.0]	0.8313721	[14710.707..14710.707]
Group-1	PS 39:1:0	325.31	240116_PS_FTMSMS-_1.mzXML	25.0	43136.7	0.0	0.0	[0.0..0.0]	[0.0..1.0]	[1.004..1.023]	[43309.242..44128.844]	[0.342..0.351]	[0.58..0.85]	[1.015..1.02]	[43783.75..43999.434]	[0.349..0.352]	[0.575..0.854]	0.8313721	[36006.098..36687.49]
Group-1	PS 39:1:0	325.31	240116_PS_FTMSMS-_1.mzXML	30.0	100496.0	0.0	0.0	[0.0..0.0]	[0.0..1.0]	[0.954..0.961]	[95873.19..96576.66]	[0.427..0.427]	[0.58..0.85]	[0.958..0.96]	[96275.17..96476.16]	[0.428..0.428]	[0.575..0.854]	0.8313721	[79706.29..80291.14]
Group-1	PS 39:1:0	325.31	240116_PS_FTMSMS-_1.mzXML	35.0	123253.3	0.0	0.0	[0.0..0.0]	[0.0..1.0]	[0.924..0.929]	[113886.05..114502.31]	[0.467..0.471]	[0.58..0.85]	[0.927..0.928]	[114255.805..114379.055]	[0.47..0.471]	[0.575..0.854]	0.8313721	[94681.68..95194.03]
Group-1	PS 39:1:0	339.32	240116_PS_FTMSMS-_1.mzXML	25.0	0.0	0.0	0.0	[0.0..0.0]	[0.0..1.0]	[1.021..1.04]	[0.0..0.0]	[0.0..0.0]	[0.0..1.0]	[1.021..1.04]	[0.0..0.0]	[0.0..0.0]	[0.0..1.0]	0.8313721	[0.0..0.0]
Group-1	PS 39:1:0	339.32	240116_PS_FTMSMS-_1.mzXML	30.0	2562.3	0.0	0.0	[0.0..0.0]	[0.0..1.0]	[0.959..0.962]	[2457.246..2464.933]	[1.0..1.0]	[0.0..1.0]	[0.959..0.962]	[2457.2456..2464.9326]	[1.0..1.0]	[0.0..1.0]	0.8313721	[2042.8854..2049.2761]
Group-1	PS 39:1:0	339.32	240116_PS_FTMSMS-_1.mzXML	35.0	3347.3	0.0	0.0	[0.0..0.0]	[0.0..1.0]	[0.917..0.925]	[3069.474..3096.253]	[1.0..1.0]	[0.0..1.0]	[0.917..0.925]	[3069.474..3096.2527]	[1.0..1.0]	[0.0..1.0]	0.8313721	[2551.875..2574.138]
Group-1	PS 39:1:0	353.34	240116_PS_FTMSMS-_1.mzXML	25.0	0.0	0.0	0.0	[0.0..0.0]	[0.0..1.0]	[1.044..1.06]	[0.0..0.0]	[0.0..0.0]	[0.0..1.0]	[1.044..1.06]	[0.0..0.0]	[0.0..0.0]	[0.0..1.0]	0.8313721	[0.0..0.0]
Group-1	PS 39:1:0	353.34	240116_PS_FTMSMS-_1.mzXML	30.0	0.0	0.0	0.0	[0.0..0.0]	[0.0..1.0]	[0.967..0.968]	[0.0..0.0]	[0.0..0.0]	[0.0..1.0]	[0.967..0.968]	[0.0..0.0]	[0.0..0.0]	[0.0..1.0]	0.8313721	[0.0..0.0]
Group-1	PS 39:1:0	353.34	240116_PS_FTMSMS-_1.mzXML	35.0	1892.8	0.0	0.0	[0.0..0.0]	[0.0..1.0]	[0.912..0.924]	[1726.234..1748.947]	[1.0..1.0]	[0.0..1.0]	[0.912..0.924]	[1726.2336..1748.9473]	[1.0..1.0]	[0.0..1.0]	0.8313721	[1435.1425..1454.0259]
Group-1	PS 39:3:0	283.26	240116_PS_FTMSMS-_1.mzXML	25.0	653664.7	0.0	0.0	[0.0..0.0]	[0.100000024..1.0]	[0.987..0.998]	[645167.06..652357.4]	[0.971..0.977]	[0.0..0.0]	[0.987..0.987]	[645167.06..645167.06]	[0.975..0.976]	[0.0..0.0]	0.8348496	[538617.44..544620.25]
Group-1	PS 39:3:0	283.26	240116_PS_FTMSMS-_1.mzXML	30.0	1775680.9	0.0	0.0	[0.0..0.0]	[0.100000024..1.0]	[0.968..0.975]	[1718859.1..1731288.9]	[0.983..0.986]	[0.0..0.0]	[0.968..0.968]	[1718859.1..1718859.1]	[0.984..0.986]	[0.0..0.0]	0.8348496	[1434988.9..1445365.9]
Group-1	PS 39:3:0	283.26	240116_PS_FTMSMS-_1.mzXML	35.0	2274405.0	0.0	0.0	[0.0..0.0]	[1.0..1.0]	[0.962..0.962]	[2187977.8..2187977.8]	[0.986..0.988]	[0.0..0.0]	[0.962..0.962]	[2187977.8..2187977.8]	[0.986..0.989]	[0.0..0.0]	0.8348496	[1826632.2..1826632.2]
Group-1	PS 39:3:0	319.26	240116_PS_FTMSMS-_1.mzXML	25.0	17014.8	0.0	0.0	[5.0..11.0]	[0.0..0.9]	[0.886..1.13]	[15075.113..19226.725]	[0.023..0.029]	[1.0..1.0]	[0.921..0.955]	[15670.632..16249.135]	[0.024..0.025]	[1.0..1.0]	0.8348496	[12585.452..16051.424]
Group-1	PS 39:3:0	319.26	240116_PS_FTMSMS-_1.mzXML	30.0	26432.7	0.0	0.0	[5.0..11.0]	[0.0..0.9]	[0.951..1.11]	[25137.496..29340.297]	[0.014..0.017]	[1.0..1.0]	[0.944..1.024]	[24952.469..27067.086]	[0.014..0.016]	[1.0..1.0]	0.8348496	[20986.03..24494.734]
Group-1	PS 39:3:0	319.26	240116_PS_FTMSMS-_1.mzXML	35.0	25535.3	0.0	0.0	[5.0..11.0]	[0.0..0.0]	[1.016..1.245]	[25943.867..31791.45]	[0.012..0.014]	[1.0..1.0]	[0.989..1.228]	[25254.412..31357.35]	[0.011..0.014]	[1.0..1.0]	0.8348496	[21659.227..26541.078]
Group-1	PS 39:4:0	269.25	240116_PS_FTMSMS-_1.mzXML	25.0	13671.0	0.0	0.0	[0.0..0.0]	[1.0..1.0]	[0.997..0.997]	[13629.986..13629.986]	[0.652..0.653]	[0.0..0.14]	[0.997..0.997]	[13629.986..13629.986]	[0.597..0.644]	[0.0..0.136]	0.83659583	[11402.79..11402.79]
Group-1	PS 39:4:0	269.25	240116_PS_FTMSMS-_1.mzXML	30.0	29256.3	0.0	0.0	[0.0..0.0]	[1.0..1.0]	[0.986..0.986]	[28846.713..28846.713]	[0.739..0.758]	[0.0..0.14]	[0.986..0.986]	[28846.713..28846.713]	[0.739..0.739]	[0.0..0.136]	0.83659583	[24133.04..24133.04]
Group-1	PS 39:4:0	269.25	240116_PS_FTMSMS-_1.mzXML	35.0	37071.9	0.0	0.0	[0.0..0.0]	[1.0..1.0]	[0.979..0.979]	[36293.387..36293.387]	[0.76..0.795]	[0.0..0.14]	[0.979..0.979]	[36293.387..36293.387]	[0.761..0.789]	[0.0..0.136]	0.83659583	[30362.896..30362.896]
Group-1	PS 39:4:0	281.25	240116_PS_FTMSMS-_1.mzXML	25.0	135249.3	0.0	0.0	[9.0..9.0]	[1.0..1.0]	[0.94..0.94]	[127134.336..127134.336]	[0.979..0.98]	[0.0..0.0]	[0.94..0.94]	[127134.336..127134.336]	[0.978..0.979]	[0.0..0.0]	0.83659583	[106360.06..106360.06]
Group-1	PS 39:4:0	281.25	240116_PS_FTMSMS-_1.mzXML	30.0	314216.1	0.0	0.0	[9.0..9.0]	[1.0..1.0]	[0.925..0.925]	[290649.88..290649.88]	[0.986..0.987]	[0.0..0.0]	[0.925..0.925]	[290649.88..290649.88]	[0.986..0.987]	[0.0..0.0]	0.83659583	[243156.48..243156.48]
Group-1	PS 39:4:0	281.25	240116_PS_FTMSMS-_1.mzXML	35.0	384016.7	0.0	0.0	[9.0..9.0]	[1.0..1.0]	[0.916..0.916]	[351759.28..351759.28]	[0.987..0.989]	[0.0..0.0]	[0.916..0.916]	[351759.28..351759.28]	[0.987..0.99]	[0.0..0.0]	0.83659583	[294280.34..294280.34]
Group-1	PS 39:4:0	283.26	240116_PS_FTMSMS-_1.mzXML	25.0	25629.0	0.0	0.0	[0.0..0.0]	[1.0..1.0]	[0.998..0.998]	[25577.742..25577.742]	[1.0..1.0]	[0.0..0.0]	[0.998..0.998]	[25577.742..25577.742]	[1.0..1.0]	[0.0..0.0]	0.83659583	[21398.234..21398.234]
Group-1	PS 39:4:0	283.26	240116_PS_FTMSMS-_1.mzXML	30.0	65050.0	0.0	0.0	[0.0..0.0]	[1.0..1.0]	[0.975..0.975]	[63423.754..63423.754]	[0.972..0.975]	[0.0..0.0]	[0.975..0.975]	[63423.75..63423.75]	[0.972..0.975]	[0.0..0.0]	0.83659583	[53060.047..53060.047]
Group-1	PS 39:4:0	283.26	240116_PS_FTMSMS-_1.mzXML	35.0	84015.6	0.0	0.0	[0.0..0.0]	[1.0..1.0]	[0.962..0.962]	[80823.01..80823.01]	[0.975..0.98]	[0.0..0.0]	[0.962..0.962]	[80823.01..80823.01]	[0.976..0.98]	[0.0..0.0]	0.83659583	[67616.195..67616.195]
Group-1	PS 39:4:0	297.28	240116_PS_FTMSMS-_1.mzXML	25.0	6348.0	0.0	0.0	[0.0..0.0]	[1.0..1.0]	[1.003..1.003]	[6367.044..6367.044]	[0.548..0.554]	[0.09..0.37]	[1.003..1.003]	[6367.044..6367.044]	[0.45..0.496]	[0.086..0.372]	0.83659583	[5326.6426..5326.6426]
Group-1	PS 39:4:0	297.28	240116_PS_FTMSMS-_1.mzXML	30.0	14588.0	0.0	0.0	[0.0..0.0]	[1.0..1.0]	[0.967..0.967]	[14106.596..14106.596]	[0.668..0.697]	[0.09..0.37]	[0.967..0.967]	[14106.596..14106.596]	[0.649..0.654]	[0.086..0.372]	0.83659583	[11801.52..11801.52]
Group-1	PS 39:4:0	297.28	240116_PS_FTMSMS-_1.mzXML	35.0	19962.5	0.0	0.0	[0.0..0.0]	[1.0..1.0]	[0.947..0.947]	[18904.488..18904.488]	[0.681..0.732]	[0.09..0.37]	[0.947..0.947]	[18904.488..18904.488]	[0.677..0.718]	[0.086..0.372]	0.83659583	[15815.416..15815.416]
Group-1	PS 39:4:0	303.23	240116_PS_FTMSMS-_1.mzXML	25.0	5266.6	0.0	0.0	[5.0..8.0]	[0.0..0.0]	[0.972..0.996]	[5119.136..5245.534]	[0.446..0.452]	[0.63..0.91]	[1.23..1.476]	[6477.9185..7773.5015]	[0.504..0.55]	[0.628..0.914]	0.83659583	[4282.647..4388.3916]
Group-1	PS 39:4:0	303.23	240116_PS_FTMSMS-_1.mzXML	30.0	5286.0	0.0	0.0	[5.0..8.0]	[0.0..0.0]	[1.162..1.328]	[6142.332..7019.808]	[0.303..0.332]	[0.63..0.91]	[1.412..1.446]	[7463.8315..7643.5557]	[0.346..0.351]	[0.628..0.914]	0.83659583	[5138.649..5872.7417]
Group-1	PS 39:4:0	303.23	240116_PS_FTMSMS-_1.mzXML	35.0	4634.9	0.0	0.0	[5.0..8.0]	[0.0..0.0]	[1.492..1.914]	[6915.271..8871.198]	[0.268..0.319]	[0.63..0.91]	[1.599..1.949]	[7411.205..9033.42]	[0.282..0.323]	[0.628..0.914]	0.83659583	[5785.2866..7421.6074]
Group-1	PS 39:4:0	317.25	240116_PS_FTMSMS-_1.mzXML	25.0	0.0	0.0	0.0	[5.0..8.0]	[0.0..0.0]	[0.948..0.96]	[0.0..0.0]	[0.0..0.0]	[1.0..1.0]	[0.977..1.018]	[0.0..0.0]	[0.0..0.0]	[1.0..1.0]	0.83659583	[0.0..0.0]
Group-1	PS 39:4:0	317.25	240116_PS_FTMSMS-_1.mzXML	30.0	1440.1	0.0	0.0	[5.0..8.0]	[0.0..0.0]	[1.114..1.251]	[1604.271..1801.565]	[0.025..0.028]	[1.0..1.0]	[1.115..1.268]	[1605.7114..1826.0468]	[0.025..0.028]	[1.0..1.0]	0.83659583	[1342.1267..1507.1819]
Group-1	PS 39:4:0	317.25	240116_PS_FTMSMS-_1.mzXML	35.0	1157.0	0.0	0.0	[5.0..8.0]	[0.0..0.0]	[1.414..1.768]	[1635.998..2045.576]	[0.02..0.025]	[1.0..1.0]	[1.403..1.754]	[1623.271..2029.3779]	[0.02..0.024]	[1.0..1.0]	0.83659583	[1368.6692..1711.3204]
Group-1	PS 39:4:0	319.26	240116_PS_FTMSMS-_1.mzXML	25.0	2953.1	0.0	0.0	[5.0..11.0]	[0.0..0.0]	[0.886..0.923]	[2616.447..2725.712]	[0.02..0.021]	[1.0..1.0]	[0.921..0.955]	[2719.8052..2820.2104]	[0.021..0.022]	[1.0..1.0]	0.83659583	[2188.9084..2280.3188]
Group-1	PS 39:4:0	319.26	240116_PS_FTMSMS-_1.mzXML	30.0	3908.1	0.0	0.0	[5.0..11.0]	[0.0..0.0]	[0.951..1.024]	[3716.603..4001.895]	[0.013..0.014]	[1.0..1.0]	[0.944..1.024]	[3689.2466..4001.8948]	[0.013..0.014]	[1.0..1.0]	0.83659583	[3109.2947..3347.9685]
Group-1	PS 39:4:0	319.26	240116_PS_FTMSMS-_1.mzXML	35.0	3678.6	0.0	0.0	[5.0..11.0]	[0.0..0.0]	[1.016..1.245]	[3737.458..4579.857]	[0.011..0.013]	[1.0..1.0]	[0.989..1.228]	[3638.1355..4517.3213]	[0.01..0.013]	[1.0..1.0]	0.83659583	[3126.7417..3831.4893]
Group-1	PS 39:4:0	331.26	240116_PS_FTMSMS-_1.mzXML	25.0	7841.8	0.0	0.0	[7.0..10.0]	[0.0..0.0]	[0.923..0.927]	[7237.981..7269.348]	[0.347..0.348]	[0.86..1.0]	[0.961..1.175]	[7535.9697..9214.114]	[0.356..0.403]	[0.864..1.0]	0.83659583	[6055.2646..6081.5063]
Group-1	PS 39:4:0	331.26	240116_PS_FTMSMS-_1.mzXML	30.0	9181.5	0.0	0.0	[7.0..10.0]	[0.0..0.0]	[1.002..1.107]	[9199.862..10163.921]	[0.242..0.261]	[0.86..1.0]	[1.111..1.112]	[10200.6455..10209.828]	[0.261..0.261]	[0.864..1.0]	0.83659583	[7696.567..8503.094]
Group-1	PS 39:4:0	331.26	240116_PS_FTMSMS-_1.mzXML	35.0	7971.8	0.0	0.0	[7.0..10.0]	[0.0..0.0]	[1.176..1.436]	[9374.837..11447.505]	[0.205..0.24]	[0.86..1.0]	[1.22..1.426]	[9725.596..11367.786]	[0.211..0.239]	[0.864..1.0]	0.83659583	[7842.949..9576.935]
Group-1	PS 39:5:0	267.23	240116_PS_FTMSMS-_1.mzXML	25.0	527.3	0.0	0.0	[9.0..9.0]	[1.0..1.0]	[0.933..0.933]	[491.971..491.971]	[0.476..0.477]	[0.56..0.59]	[0.933..0.933]	[491.97092..491.97092]	[0.37..0.374]	[0.557..0.595]	0.8383587	[412.4481..412.4481]
Group-1	PS 39:5:0	267.23	240116_PS_FTMSMS-_1.mzXML	30.0	879.2	0.0	0.0	[9.0..9.0]	[1.0..1.0]	[0.927..0.927]	[815.018..815.018]	[0.434..0.459]	[0.56..0.59]	[0.927..0.927]	[815.0184..815.0184]	[0.385..0.409]	[0.557..0.595]	0.8383587	[683.2778..683.2778]
Group-1	PS 39:5:0	267.23	240116_PS_FTMSMS-_1.mzXML	35.0	1032.8	0.0	0.0	[9.0..9.0]	[1.0..1.0]	[0.923..0.923]	[953.274..953.274]	[0.449..0.498]	[0.56..0.59]	[0.923..0.923]	[953.2744..953.2744]	[0.43..0.479]	[0.557..0.595]	0.8383587	[799.1859..799.1859]
Group-1	PS 39:5:0	269.25	240116_PS_FTMSMS-_1.mzXML	25.0	9553.7	0.0	0.0	[0.0..0.0]	[0.0..1.0]	[0.99..0.997]	[9458.163..9525.039]	[0.72..0.737]	[0.0..0.0]	[0.99..0.99]	[9458.163..9458.163]	[0.719..0.72]	[0.0..0.0]	0.8383587	[7929.3335..7985.3994]
Group-1	PS 39:5:0	269.25	240116_PS_FTMSMS-_1.mzXML	30.0	19425.3	0.0	0.0	[0.0..0.0]	[0.0..1.0]	[0.981..0.986]	[19056.22..19153.346]	[0.775..0.781]	[0.0..0.0]	[0.981..0.981]	[19056.22..19056.22]	[0.774..0.776]	[0.0..0.0]	0.8383587	[15975.948..16057.375]
Group-1	PS 39:5:0	269.25	240116_PS_FTMSMS-_1.mzXML	35.0	21408.6	0.0	0.0	[0.0..0.0]	[1.0..1.0]	[0.979..0.979]	[20959.018..20959.018]	[0.758..0.762]	[0.0..0.0]	[0.979..0.979]	[20959.018..20959.018]	[0.758..0.762]	[0.0..0.0]	0.8383587	[17571.176..17571.176]
Group-1	PS 39:5:0	295.26	240116_PS_FTMSMS-_1.mzXML	25.0	3417.7	0.0	0.0	[9.0..9.0]	[1.0..1.0]	[0.947..0.947]	[3236.562..3236.562]	[0.801..0.805]	[0.0..0.0]	[0.947..0.947]	[3236.562..3236.562]	[0.791..0.801]	[0.0..0.0]	0.8383587	[2713.4..2713.4]
Group-1	PS 39:5:0	295.26	240116_PS_FTMSMS-_1.mzXML	30.0	8943.8	0.0	0.0	[9.0..9.0]	[1.0..1.0]	[0.923..0.923]	[8255.127..8255.127]	[0.856..0.871]	[0.0..0.0]	[0.923..0.923]	[8255.127..8255.127]	[0.854..0.872]	[0.0..0.0]	0.8383587	[6920.7573..6920.7573]
Group-1	PS 39:5:0	295.26	240116_PS_FTMSMS-_1.mzXML	35.0	11562.1	0.0	0.0	[9.0..9.0]	[1.0..1.0]	[0.91..0.91]	[10521.511..10521.511]	[0.87..0.896]	[0.0..0.0]	[0.91..0.91]	[10521.511..10521.511]	[0.872..0.897]	[0.0..0.0]	0.8383587	[8820.8..8820.8]
Group-1	PS 39:5:0	303.23	240116_PS_FTMSMS-_1.mzXML	25.0	805.6	0.0	0.0	[5.0..8.0]	[0.0..0.0]	[0.972..0.996]	[783.043..802.378]	[0.195..0.199]	[1.0..1.0]	[1.0..1.062]	[805.6..855.5472]	[0.199..0.209]	[1.0..1.0]	0.8383587	[656.47107..672.68024]
Group-1	PS 39:5:0	303.23	240116_PS_FTMSMS-_1.mzXML	30.0	1048.5	0.0	0.0	[5.0..8.0]	[0.0..0.0]	[1.162..1.328]	[1218.357..1392.408]	[0.129..0.144]	[1.0..1.0]	[1.159..1.348]	[1215.2115..1413.378]	[0.128..0.146]	[1.0..1.0]	0.8383587	[1021.42017..1167.3373]
Group-1	PS 39:5:0	303.23	240116_PS_FTMSMS-_1.mzXML	35.0	818.4	0.0	0.0	[5.0..8.0]	[0.0..0.0]	[1.492..1.914]	[1221.053..1566.418]	[0.104..0.13]	[1.0..1.0]	[1.474..1.894]	[1206.3217..1550.0497]	[0.103..0.128]	[1.0..1.0]	0.8383587	[1023.6803..1313.2198]
Group-1	PS 39:5:0	329.25	240116_PS_FTMSMS-_1.mzXML	25.0	3136.0	379.9	0.12114158	[4.0..4.2]	[0.0..1.0]	[1.076..1.179]	[3374.336..3697.344]	[0.263..0.28]	[1.0..1.0]	[1.171..1.179]	[3672.256..3697.344]	[0.28..0.281]	[1.0..1.0]	0.8383587	[2828.9038..3099.7004]
Group-1	PS 39:5:0	329.25	240116_PS_FTMSMS-_1.mzXML	30.0	3255.5	664.5	0.2041161	[4.0..4.0]	[0.0..1.0]	[1.638..1.712]	[5332.51..5573.416]	[0.219..0.225]	[1.0..1.0]	[1.689..1.712]	[5498.5396..5573.416]	[0.224..0.226]	[1.0..1.0]	0.8383587	[4470.5557..4672.522]
Group-1	PS 39:5:0	329.25	240116_PS_FTMSMS-_1.mzXML	35.0	2311.7	682.7	0.2953238	[4.0..4.0]	[0.0..0.0]	[2.839..2.898]	[6562.916..6699.307]	[0.238..0.242]	[1.0..1.0]	[2.832..2.888]	[6546.7344..6676.1895]	[0.238..0.242]	[1.0..1.0]	0.8383587	[5502.078..5616.422]
Group-1	PS 39:5:0	331.26	240116_PS_FTMSMS-_1.mzXML	25.0	585.2	0.0	0.0	[7.0..10.0]	[0.0..0.0]	[0.923..0.927]	[540.14..542.48]	[0.523..0.524]	[0.41..0.44]	[1.409..1.431]	[824.5468..837.4212]	[0.626..0.63]	[0.405..0.443]	0.8383587	[452.83072..454.79315]
Group-1	PS 39:5:0	331.26	240116_PS_FTMSMS-_1.mzXML	30.0	958.7	0.0	0.0	[7.0..10.0]	[0.0..0.0]	[1.002..1.107]	[960.617..1061.281]	[0.541..0.566]	[0.41..0.44]	[1.226..1.36]	[1175.3662..1303.832]	[0.591..0.615]	[0.405..0.443]	0.8383587	[805.3419..889.7341]
Group-1	PS 39:5:0	331.26	240116_PS_FTMSMS-_1.mzXML	35.0	815.5	0.0	0.0	[7.0..10.0]	[0.0..0.0]	[1.176..1.436]	[959.028..1171.058]	[0.502..0.551]	[0.41..0.44]	[1.269..1.551]	[1034.8695..1264.8405]	[0.521..0.57]	[0.405..0.443]	0.8383587	[804.00946..981.76666]
Group-1	PS 39:6:0	269.25	240116_PS_FTMSMS-_1.mzXML	25.0	14274.0	0.0	0.0	[0.0..0.0]	[1.0..1.0]	[0.997..0.997]	[14231.178..14231.178]	[0.724..0.724]	[0.0..0.0]	[0.997..0.997]	[14231.178..14231.178]	[0.724..0.724]	[0.0..0.0]	0.8401297	[11956.034..11956.034]
Group-1	PS 39:6:0	269.25	240116_PS_FTMSMS-_1.mzXML	30.0	25981.6	0.0	0.0	[0.0..0.0]	[1.0..1.0]	[0.986..0.986]	[25617.857..25617.857]	[0.792..0.792]	[0.0..0.0]	[0.986..0.986]	[25617.857..25617.857]	[0.792..0.792]	[0.0..0.0]	0.8401297	[21522.322..21522.322]
Group-1	PS 39:6:0	269.25	240116_PS_FTMSMS-_1.mzXML	35.0	30345.5	0.0	0.0	[0.0..0.0]	[1.0..1.0]	[0.979..0.979]	[29708.244..29708.244]	[0.807..0.807]	[0.0..0.0]	[0.979..0.979]	[29708.244..29708.244]	[0.807..0.807]	[0.0..0.0]	0.8401297	[24958.775..24958.775]
Group-1	PS 39:6:0	327.23	240116_PS_FTMSMS-_1.mzXML	25.0	4036.1	860.5	0.21320085	[4.0..4.0]	[0.0..0.0]	[1.341..1.341]	[5412.41..5412.41]	[0.276..0.276]	[1.0..1.0]	[1.341..1.341]	[5412.41..5412.41]	[0.276..0.276]	[1.0..1.0]	0.8401297	[4547.1265..4547.1265]
Group-1	PS 39:6:0	327.23	240116_PS_FTMSMS-_1.mzXML	30.0	2715.9	1100.2	0.4050959	[4.0..4.0]	[0.0..0.0]	[2.483..2.483]	[6743.58..6743.58]	[0.208..0.208]	[1.0..1.0]	[2.483..2.483]	[6743.5796..6743.5796]	[0.208..0.208]	[1.0..1.0]	0.8401297	[5665.481..5665.481]
Group-1	PS 39:6:0	327.23	240116_PS_FTMSMS-_1.mzXML	35.0	1290.9	821.0	0.6359904	[4.0..4.0]	[0.0..0.0]	[5.498..5.498]	[7097.369..7097.369]	[0.193..0.193]	[1.0..1.0]	[5.498..5.498]	[7097.3687..7097.3687]	[0.193..0.193]	[1.0..1.0]	0.8401297	[5962.71..5962.71]
Group-1	PS 40:6:0	283.26	240116_PS_FTMSMS-_1.mzXML	25.0	9314570.0	0.0	0.0	[0.0..0.0]	[0.0..1.0]	[0.986..0.998]	[9184166.0..9295941.0]	[0.748..0.769]	[0.0..0.0]	[0.986..0.986]	[9184166.0..9184166.0]	[0.745..0.745]	[0.0..0.0]	0.8280024	[7604511.5..7697061.5]
Group-1	PS 40:6:0	283.26	240116_PS_FTMSMS-_1.mzXML	30.0	1.7557844E7	0.0	0.0	[0.0..0.0]	[1.0..1.0]	[0.975..0.975]	[1.7118898E7..1.7118898E7]	[0.776..0.776]	[0.0..0.0]	[0.975..0.975]	[1.7118898E7..1.7118898E7]	[0.776..0.776]	[0.0..0.0]	0.8280024	[1.4174489E7..1.4174489E7]
Group-1	PS 40:6:0	283.26	240116_PS_FTMSMS-_1.mzXML	35.0	2.0663672E7	0.0	0.0	[0.0..0.0]	[0.0..0.0]	[0.961..0.961]	[1.985779E7..1.985779E7]	[0.8..0.8]	[0.0..0.0]	[0.961..0.961]	[1.985779E7..1.985779E7]	[0.8..0.8]	[0.0..0.0]	0.8280024	[1.6442297E7..1.6442297E7]
Group-1	PS 40:6:0	327.23	240116_PS_FTMSMS-_1.mzXML	25.0	2053545.8	493792.2	0.24045834	[4.0..4.0]	[0.0..1.0]	[1.341..1.527]	[2753804.8..3135764.2]	[0.231..0.252]	[1.0..1.0]	[1.527..1.527]	[3135764.2..3135764.2]	[0.255..0.255]	[1.0..1.0]	0.8280024	[2280157.0..2596420.2]
Group-1	PS 40:6:0	327.23	240116_PS_FTMSMS-_1.mzXML	30.0	1985106.2	750371.6	0.37800074	[4.0..4.0]	[0.0..0.0]	[2.483..2.483]	[4929019.0..4929019.0]	[0.224..0.224]	[1.0..1.0]	[2.483..2.483]	[4929019.0..4929019.0]	[0.224..0.224]	[1.0..1.0]	0.8280024	[4081239.5..4081239.5]
Group-1	PS 40:6:0	327.23	240116_PS_FTMSMS-_1.mzXML	35.0	896279.8	575338.4	0.64191824	[4.0..4.0]	[1.0..1.0]	[5.534..5.534]	[4960012.5..4960012.5]	[0.2..0.2]	[1.0..1.0]	[5.534..5.534]	[4960012.5..4960012.5]	[0.2..0.2]	[1.0..1.0]	0.8280024	[4106902.0..4106902.0]
Group-1	PS 40:7:0	281.25	240116_PS_FTMSMS-_1.mzXML	25.0	167132.9	0.0	0.0	[9.0..9.0]	[1.0..1.0]	[0.94..0.94]	[157104.94..157104.94]	[0.809..0.809]	[0.0..0.0]	[0.94..0.94]	[157104.94..157104.94]	[0.809..0.809]	[0.0..0.0]	0.8297263	[130354.086..130354.086]
Group-1	PS 40:7:0	281.25	240116_PS_FTMSMS-_1.mzXML	30.0	250395.0	0.0	0.0	[9.0..9.0]	[1.0..1.0]	[0.925..0.925]	[231615.38..231615.38]	[0.814..0.814]	[0.0..0.0]	[0.925..0.925]	[231615.38..231615.38]	[0.814..0.814]	[0.0..0.0]	0.8297263	[192177.36..192177.36]
Group-1	PS 40:7:0	281.25	240116_PS_FTMSMS-_1.mzXML	35.0	288184.2	0.0	0.0	[9.0..9.0]	[1.0..1.0]	[0.916..0.916]	[263976.72..263976.72]	[0.833..0.833]	[0.0..0.0]	[0.916..0.916]	[263976.72..263976.72]	[0.833..0.833]	[0.0..0.0]	0.8297263	[219028.42..219028.42]
Group-1	PS 40:7:0	303.23	240116_PS_FTMSMS-_1.mzXML	25.0	24897.8	0.0	0.0	[5.0..8.0]	[1.0..1.0]	[1.0..1.062]	[24897.8..26441.465]	[0.905..0.908]	[0.0..0.0]	[0.972..0.996]	[24200.662..24798.209]	[0.898..0.9]	[0.0..0.0]	0.8297263	[20658.36..21939.178]
Group-1	PS 40:7:0	303.23	240116_PS_FTMSMS-_1.mzXML	30.0	53720.3	0.0	0.0	[5.0..8.0]	[1.0..1.0]	[1.159..1.348]	[62261.832..72414.97]	[0.904..0.908]	[0.0..0.0]	[1.162..1.328]	[62422.99..71340.555]	[0.905..0.907]	[0.0..0.0]	0.8297263	[51660.277..60084.6]
Group-1	PS 40:7:0	303.23	240116_PS_FTMSMS-_1.mzXML	35.0	51472.4	0.0	0.0	[5.0..8.0]	[1.0..1.0]	[1.474..1.894]	[75870.31..97488.73]	[0.915..0.915]	[0.0..0.0]	[1.492..1.914]	[76796.82..98518.17]	[0.917..0.918]	[0.0..0.0]	0.8297263	[62951.59..80888.95]
Group-1	PS 40:7:0	305.25	240116_PS_FTMSMS-_1.mzXML	25.0	2897.1	0.0	0.0	[5.0..11.0]	[0.0..0.0]	[0.905..0.922]	[2621.876..2671.126]	[0.092..0.095]	[1.0..1.0]	[0.945..0.95]	[2737.7595..2752.245]	[0.1..0.102]	[1.0..1.0]	0.8297263	[2175.439..2216.3037]
Group-1	PS 40:7:0	305.25	240116_PS_FTMSMS-_1.mzXML	30.0	6892.1	0.0	0.0	[5.0..11.0]	[0.0..0.0]	[0.956..1.063]	[6588.848..7326.302]	[0.092..0.096]	[1.0..1.0]	[0.946..1.067]	[6519.927..7353.871]	[0.093..0.095]	[1.0..1.0]	0.8297263	[5466.94..6078.8257]
Group-1	PS 40:7:0	305.25	240116_PS_FTMSMS-_1.mzXML	35.0	6904.4	0.0	0.0	[5.0..11.0]	[0.0..0.0]	[1.023..1.308]	[7063.201..9030.955]	[0.085..0.085]	[1.0..1.0]	[0.995..1.293]	[6869.878..8927.389]	[0.082..0.083]	[1.0..1.0]	0.8297263	[5860.524..7493.2207]
Group-1	PS 40:7:0	327.23	240116_PS_FTMSMS-_1.mzXML	25.0	27712.1	4543.2	0.16394283	[4.0..4.0]	[0.0..0.0]	[1.341..1.341]	[37161.926..37161.926]	[0.191..0.191]	[1.0..1.0]	[1.341..1.341]	[37161.926..37161.926]	[0.191..0.191]	[1.0..1.0]	0.8297263	[30834.225..30834.225]
Group-1	PS 40:7:0	327.23	240116_PS_FTMSMS-_1.mzXML	30.0	21253.3	7283.4	0.342695	[4.0..4.0]	[0.0..0.0]	[2.483..2.483]	[52771.945..52771.945]	[0.186..0.186]	[1.0..1.0]	[2.483..2.483]	[52771.945..52771.945]	[0.186..0.186]	[1.0..1.0]	0.8297263	[43786.27..43786.27]
Group-1	PS 40:7:0	327.23	240116_PS_FTMSMS-_1.mzXML	35.0	9645.9	5284.7	0.5478701	[4.0..4.0]	[0.0..0.0]	[5.498..5.498]	[53033.16..53033.16]	[0.167..0.167]	[1.0..1.0]	[5.498..5.498]	[53033.16..53033.16]	[0.167..0.167]	[1.0..1.0]	0.8297263	[44003.008..44003.008]
Group-1	PS 40:8:0	279.23	240116_PS_FTMSMS-_1.mzXML	25.0	1982.4	0.0	0.0	[9.0..9.0]	[1.0..1.0]	[0.927..0.927]	[1837.685..1837.685]	[0.432..0.432]	[0.0..0.66]	[0.927..0.927]	[1837.6848..1837.6848]	[0.432..0.432]	[0.0..0.662]	0.8314494	[1527.9419..1527.9419]
Group-1	PS 40:8:0	279.23	240116_PS_FTMSMS-_1.mzXML	30.0	2597.2	0.0	0.0	[9.0..9.0]	[1.0..1.0]	[0.932..0.932]	[2420.59..2420.59]	[1.0..1.0]	[0.0..0.66]	[0.932..0.932]	[2420.5903..2420.5903]	[1.0..1.0]	[0.0..0.662]	0.8314494	[2012.5984..2012.5984]
Group-1	PS 40:8:0	279.23	240116_PS_FTMSMS-_1.mzXML	35.0	4279.7	0.0	0.0	[9.0..9.0]	[1.0..1.0]	[0.962..0.962]	[4117.072..4117.072]	[1.0..1.0]	[0.0..0.66]	[0.962..0.962]	[4117.072..4117.072]	[1.0..1.0]	[0.0..0.662]	0.8314494	[3423.1365..3423.1365]
Group-1	PS 40:8:0	303.23	240116_PS_FTMSMS-_1.mzXML	25.0	4314.6	0.0	0.0	[5.0..8.0]	[0.5..0.5]	[1.018..1.018]	[4392.263..4392.263]	[0.5..0.5]	[0.5..0.5]	[1.018..1.018]	[4392.2627..4392.2627]	[0.5..0.5]	[0.5..0.5]	0.8314494	[3651.9443..3651.9443]
Group-1	PS 40:8:0	303.23	240116_PS_FTMSMS-_1.mzXML	30.0	7198.8	0.0	0.0	[5.0..8.0]	[0.5..0.5]	[1.305..1.305]	[9394.434..9394.434]	[0.5..0.5]	[0.5..0.5]	[1.305..1.305]	[9394.434..9394.434]	[0.5..0.5]	[0.5..0.5]	0.8314494	[7810.9956..7810.9956]
Group-1	PS 40:8:0	303.23	240116_PS_FTMSMS-_1.mzXML	35.0	6060.5	0.0	0.0	[5.0..8.0]	[0.5..0.5]	[1.855..1.855]	[11242.228..11242.228]	[0.5..0.5]	[0.5..0.5]	[1.855..1.855]	[11242.228..11242.228]	[0.5..0.5]	[0.5..0.5]	0.8314494	[9347.344..9347.344]
Group-1	PS 40:8:0	327.23	240116_PS_FTMSMS-_1.mzXML	25.0	1802.6	0.0	0.0	[4.0..4.0]	[0.0..0.0]	[1.341..1.341]	[2417.287..2417.287]	[0.568..0.568]	[0.34..1.0]	[1.341..1.341]	[2417.2864..2417.2864]	[0.568..0.568]	[0.338..1.0]	0.8314494	[2009.8513..2009.8513]
Group-1	PS 40:8:0	327.23	240116_PS_FTMSMS-_1.mzXML	30.0	0.0	0.0	0.0	[4.0..4.0]	[0.0..0.0]	[2.483..2.483]	[0.0..0.0]	[0.0..0.0]	[0.34..1.0]	[2.483..2.483]	[0.0..0.0]	[0.0..0.0]	[0.338..1.0]	0.8314494	[0.0..0.0]
Group-1	PS 40:8:0	327.23	240116_PS_FTMSMS-_1.mzXML	35.0	0.0	0.0	0.0	[4.0..4.0]	[0.0..0.0]	[5.498..5.498]	[0.0..0.0]	[0.0..0.0]	[0.34..1.0]	[5.498..5.498]	[0.0..0.0]	[0.0..0.0]	[0.338..1.0]	0.8314494	[0.0..0.0]
Group-1	PS 41:1:0	281.25	240116_PS_FTMSMS-_1.mzXML	25.0	27542.4	0.0	0.0	[9.0..9.0]	[0.0..1.0]	[0.888..0.94]	[24457.652..25889.855]	[0.228..0.236]	[1.0..1.0]	[0.94..0.94]	[25889.855..25889.855]	[0.239..0.239]	[1.0..1.0]	0.8080254	[19762.404..20919.662]
Group-1	PS 41:1:0	281.25	240116_PS_FTMSMS-_1.mzXML	30.0	33023.5	0.0	0.0	[9.0..9.0]	[0.0..1.0]	[0.919..0.925]	[30348.598..30546.738]	[0.155..0.156]	[1.0..1.0]	[0.925..0.925]	[30546.738..30546.738]	[0.156..0.156]	[1.0..1.0]	0.8080254	[24522.44..24682.541]
Group-1	PS 41:1:0	281.25	240116_PS_FTMSMS-_1.mzXML	35.0	54012.0	0.0	0.0	[9.0..9.0]	[0.0..1.0]	[0.916..0.936]	[49474.992..50555.23]	[0.192..0.194]	[1.0..1.0]	[0.936..0.936]	[50555.23..50555.23]	[0.196..0.196]	[1.0..1.0]	0.8080254	[39977.055..40849.914]
Group-1	PS 41:1:0	353.34	240116_PS_FTMSMS-_1.mzXML	25.0	79106.0	0.0	0.0	[0.0..0.0]	[0.0..1.0]	[1.044..1.06]	[82586.664..83852.36]	[0.764..0.772]	[0.0..0.0]	[1.044..1.044]	[82586.664..82586.664]	[0.761..0.761]	[0.0..0.0]	0.8080254	[66732.125..67754.836]
Group-1	PS 41:1:0	353.34	240116_PS_FTMSMS-_1.mzXML	30.0	171208.7	0.0	0.0	[0.0..0.0]	[0.0..1.0]	[0.967..0.968]	[165558.81..165730.03]	[0.844..0.845]	[0.0..0.0]	[0.967..0.967]	[165558.81..165558.81]	[0.844..0.844]	[0.0..0.0]	0.8080254	[133775.73..133914.08]
Group-1	PS 41:1:0	353.34	240116_PS_FTMSMS-_1.mzXML	35.0	227843.7	0.0	0.0	[0.0..0.0]	[0.0..1.0]	[0.912..0.924]	[207793.45..210527.6]	[0.806..0.808]	[0.0..0.0]	[0.912..0.912]	[207793.45..207793.45]	[0.804..0.804]	[0.0..0.0]	0.8080254	[167902.39..170111.64]
Group-1	PS 41:2:0	281.25	240116_PS_FTMSMS-_1.mzXML	25.0	226420.7	0.0	0.0	[9.0..9.0]	[1.0..1.0]	[0.94..0.94]	[212835.45..212835.45]	[0.798..0.798]	[0.0..0.0]	[0.94..0.94]	[212835.45..212835.45]	[0.798..0.798]	[0.0..0.0]	0.8096523	[172322.72..172322.72]
Group-1	PS 41:2:0	281.25	240116_PS_FTMSMS-_1.mzXML	30.0	786949.0	0.0	0.0	[9.0..9.0]	[1.0..1.0]	[0.925..0.925]	[727927.8..727927.8]	[0.842..0.842]	[0.0..0.0]	[0.925..0.925]	[727927.8..727927.8]	[0.842..0.842]	[0.0..0.0]	0.8096523	[589368.44..589368.44]
Group-1	PS 41:2:0	281.25	240116_PS_FTMSMS-_1.mzXML	35.0	1059945.2	0.0	0.0	[9.0..9.0]	[1.0..1.0]	[0.916..0.916]	[970909.9..970909.9]	[0.857..0.857]	[0.0..0.0]	[0.916..0.916]	[970909.9..970909.9]	[0.857..0.857]	[0.0..0.0]	0.8096523	[786099.44..786099.44]
Group-1	PS 41:2:0	351.33	240116_PS_FTMSMS-_1.mzXML	25.0	54671.8	0.0	0.0	[13.0..13.0]	[0.0..0.0]	[0.986..0.986]	[53906.395..53906.395]	[0.202..0.202]	[1.0..1.0]	[0.986..0.986]	[53906.395..53906.395]	[0.202..0.202]	[1.0..1.0]	0.8096523	[43645.44..43645.44]
Group-1	PS 41:2:0	351.33	240116_PS_FTMSMS-_1.mzXML	30.0	141305.0	0.0	0.0	[13.0..13.0]	[0.0..0.0]	[0.965..0.965]	[136359.33..136359.33]	[0.158..0.158]	[1.0..1.0]	[0.965..0.965]	[136359.33..136359.33]	[0.158..0.158]	[1.0..1.0]	0.8096523	[110403.64..110403.64]
Group-1	PS 41:2:0	351.33	240116_PS_FTMSMS-_1.mzXML	35.0	171774.0	0.0	0.0	[13.0..13.0]	[0.0..0.0]	[0.943..0.943]	[161982.89..161982.89]	[0.143..0.143]	[1.0..1.0]	[0.943..0.943]	[161982.89..161982.89]	[0.143..0.143]	[1.0..1.0]	0.8096523	[131149.81..131149.81]
Group-1	PS 41:3:0	281.25	240116_PS_FTMSMS-_1.mzXML	25.0	91681.4	0.0	0.0	[9.0..9.0]	[1.0..1.0]	[0.94..0.94]	[86180.516..86180.516]	[0.925..0.925]	[0.0..0.0]	[0.94..0.94]	[86180.516..86180.516]	[0.925..0.925]	[0.0..0.0]	0.81129444	[69917.77..69917.77]
Group-1	PS 41:3:0	281.25	240116_PS_FTMSMS-_1.mzXML	30.0	306947.2	0.0	0.0	[9.0..9.0]	[1.0..1.0]	[0.925..0.925]	[283926.16..283926.16]	[0.969..0.969]	[0.0..0.0]	[0.925..0.925]	[283926.16..283926.16]	[0.969..0.969]	[0.0..0.0]	0.81129444	[230347.7..230347.7]
Group-1	PS 41:3:0	281.25	240116_PS_FTMSMS-_1.mzXML	35.0	529161.3	0.0	0.0	[9.0..9.0]	[1.0..1.0]	[0.916..0.916]	[484711.78..484711.78]	[0.977..0.977]	[0.0..0.0]	[0.916..0.916]	[484711.78..484711.78]	[0.977..0.977]	[0.0..0.0]	0.81129444	[393243.97..393243.97]
Group-1	PS 41:3:0	283.26	240116_PS_FTMSMS-_1.mzXML	25.0	76805.8	0.0	0.0	[0.0..0.0]	[1.0..1.0]	[0.998..0.998]	[76652.19..76652.19]	[0.938..0.938]	[0.0..0.0]	[0.998..0.998]	[76652.19..76652.19]	[0.938..0.938]	[0.0..0.0]	0.81129444	[62187.496..62187.496]
Group-1	PS 41:3:0	283.26	240116_PS_FTMSMS-_1.mzXML	30.0	199882.5	0.0	0.0	[0.0..0.0]	[1.0..1.0]	[0.975..0.975]	[194885.44..194885.44]	[0.93..0.93]	[0.0..0.0]	[0.975..0.975]	[194885.44..194885.44]	[0.93..0.93]	[0.0..0.0]	0.81129444	[158109.48..158109.48]
Group-1	PS 41:3:0	283.26	240116_PS_FTMSMS-_1.mzXML	35.0	265643.5	0.0	0.0	[0.0..0.0]	[1.0..1.0]	[0.962..0.962]	[255549.05..255549.05]	[0.945..0.945]	[0.0..0.0]	[0.962..0.962]	[255549.05..255549.05]	[0.945..0.945]	[0.0..0.0]	0.81129444	[207325.52..207325.52]
Group-1	PS 41:3:0	297.28	240116_PS_FTMSMS-_1.mzXML	25.0	3520.4	0.0	0.0	[0.0..0.0]	[1.0..1.0]	[1.003..1.003]	[3530.961..3530.961]	[0.507..0.507]	[0.0..0.48]	[1.003..1.003]	[3530.9612..3530.9612]	[0.507..0.507]	[0.0..0.483]	0.81129444	[2864.6492..2864.6492]
Group-1	PS 41:3:0	297.28	240116_PS_FTMSMS-_1.mzXML	30.0	6435.4	0.0	0.0	[0.0..0.0]	[1.0..1.0]	[0.967..0.967]	[6223.032..6223.032]	[1.0..1.0]	[0.0..0.48]	[0.967..0.967]	[6223.0317..6223.0317]	[1.0..1.0]	[0.0..0.483]	0.81129444	[5048.711..5048.711]
Group-1	PS 41:3:0	297.28	240116_PS_FTMSMS-_1.mzXML	35.0	9174.4	0.0	0.0	[0.0..0.0]	[1.0..1.0]	[0.947..0.947]	[8688.157..8688.157]	[0.681..0.681]	[0.0..0.48]	[0.947..0.947]	[8688.157..8688.157]	[0.681..0.681]	[0.0..0.483]	0.81129444	[7048.654..7048.654]
Group-1	PS 41:3:0	333.28	240116_PS_FTMSMS-_1.mzXML	25.0	3659.3	0.0	0.0	[13.0..13.0]	[0.0..0.0]	[0.94..0.94]	[3439.742..3439.742]	[0.493..0.493]	[0.52..1.0]	[0.94..0.94]	[3439.742..3439.742]	[0.493..0.493]	[0.517..1.0]	0.81129444	[2790.6436..2790.6436]
Group-1	PS 41:3:0	333.28	240116_PS_FTMSMS-_1.mzXML	30.0	0.0	0.0	0.0	[13.0..13.0]	[0.0..0.0]	[0.93..0.93]	[0.0..0.0]	[0.0..0.0]	[0.52..1.0]	[0.93..0.93]	[0.0..0.0]	[0.0..0.0]	[0.517..1.0]	0.81129444	[0.0..0.0]
Group-1	PS 41:3:0	333.28	240116_PS_FTMSMS-_1.mzXML	35.0	4270.0	0.0	0.0	[13.0..13.0]	[0.0..0.0]	[0.952..0.952]	[4065.04..4065.04]	[0.319..0.319]	[0.52..1.0]	[0.952..0.952]	[4065.04..4065.04]	[0.319..0.319]	[0.517..1.0]	0.81129444	[3297.9446..3297.9446]
Group-1	PS 41:3:0	347.3	240116_PS_FTMSMS-_1.mzXML	25.0	5355.2	0.0	0.0	[13.0..13.0]	[0.0..0.0]	[0.941..0.941]	[5039.243..5039.243]	[0.062..0.062]	[1.0..1.0]	[0.941..0.941]	[5039.243..5039.243]	[0.062..0.062]	[1.0..1.0]	0.81129444	[4088.31..4088.31]
Group-1	PS 41:3:0	347.3	240116_PS_FTMSMS-_1.mzXML	30.0	15734.3	0.0	0.0	[13.0..13.0]	[0.0..0.0]	[0.928..0.928]	[14601.43..14601.43]	[0.07..0.07]	[1.0..1.0]	[0.928..0.928]	[14601.43..14601.43]	[0.07..0.07]	[1.0..1.0]	0.81129444	[11846.059..11846.059]
Group-1	PS 41:3:0	347.3	240116_PS_FTMSMS-_1.mzXML	35.0	15535.0	0.0	0.0	[13.0..13.0]	[0.0..0.0]	[0.952..0.952]	[14789.32..14789.32]	[0.055..0.055]	[1.0..1.0]	[0.952..0.952]	[14789.32..14789.32]	[0.055..0.055]	[1.0..1.0]	0.81129444	[11998.493..11998.493]
Group-1	PS 41:3:0	349.31	240116_PS_FTMSMS-_1.mzXML	25.0	7203.9	0.0	0.0	[13.0..13.0]	[0.0..0.0]	[0.967..0.967]	[6966.172..6966.172]	[0.075..0.075]	[1.0..1.0]	[0.967..0.967]	[6966.1714..6966.1714]	[0.075..0.075]	[1.0..1.0]	0.81129444	[5651.6157..5651.6157]
Group-1	PS 41:3:0	349.31	240116_PS_FTMSMS-_1.mzXML	30.0	9659.9	0.0	0.0	[13.0..13.0]	[0.0..0.0]	[0.951..0.951]	[9186.565..9186.565]	[0.031..0.031]	[1.0..1.0]	[0.951..0.951]	[9186.565..9186.565]	[0.031..0.031]	[1.0..1.0]	0.81129444	[7453.0093..7453.0093]
Group-1	PS 41:3:0	349.31	240116_PS_FTMSMS-_1.mzXML	35.0	11950.6	0.0	0.0	[13.0..13.0]	[0.0..0.0]	[0.949..0.949]	[11341.119..11341.119]	[0.023..0.023]	[1.0..1.0]	[0.949..0.949]	[11341.119..11341.119]	[0.023..0.023]	[1.0..1.0]	0.81129444	[9200.987..9200.987]
Group-1	PS 41:4:0	281.25	240116_PS_FTMSMS-_1.mzXML	25.0	45359.5	0.0	0.0	[9.0..9.0]	[1.0..1.0]	[0.94..0.94]	[42637.93..42637.93]	[0.941..0.941]	[0.0..0.0]	[0.94..0.94]	[42637.93..42637.93]	[0.941..0.941]	[0.0..0.0]	0.81293565	[34661.895..34661.895]
Group-1	PS 41:4:0	281.25	240116_PS_FTMSMS-_1.mzXML	30.0	103521.4	0.0	0.0	[9.0..9.0]	[1.0..1.0]	[0.925..0.925]	[95757.3..95757.3]	[0.943..0.943]	[0.0..0.0]	[0.925..0.925]	[95757.3..95757.3]	[0.943..0.943]	[0.0..0.0]	0.81293565	[77844.516..77844.516]
Group-1	PS 41:4:0	281.25	240116_PS_FTMSMS-_1.mzXML	35.0	133142.6	0.0	0.0	[9.0..9.0]	[1.0..1.0]	[0.916..0.916]	[121958.62..121958.62]	[0.956..0.956]	[0.0..0.0]	[0.916..0.916]	[121958.62..121958.62]	[0.956..0.956]	[0.0..0.0]	0.81293565	[99144.51..99144.51]
Group-1	PS 41:4:0	283.26	240116_PS_FTMSMS-_1.mzXML	25.0	82136.3	0.0	0.0	[0.0..0.0]	[1.0..1.0]	[0.998..0.998]	[81972.02..81972.02]	[1.0..1.0]	[0.0..0.0]	[0.998..0.998]	[81972.02..81972.02]	[1.0..1.0]	[0.0..0.0]	0.81293565	[66637.984..66637.984]
Group-1	PS 41:4:0	283.26	240116_PS_FTMSMS-_1.mzXML	30.0	230655.7	0.0	0.0	[0.0..0.0]	[1.0..1.0]	[0.975..0.975]	[224889.31..224889.31]	[1.0..1.0]	[0.0..0.0]	[0.975..0.975]	[224889.31..224889.31]	[1.0..1.0]	[0.0..0.0]	0.81293565	[182820.55..182820.55]
Group-1	PS 41:4:0	283.26	240116_PS_FTMSMS-_1.mzXML	35.0	302943.2	0.0	0.0	[0.0..0.0]	[1.0..1.0]	[0.962..0.962]	[291431.3..291431.3]	[1.0..1.0]	[0.0..0.0]	[0.962..0.962]	[291431.34..291431.34]	[1.0..1.0]	[0.0..0.0]	0.81293565	[236914.92..236914.92]
Group-1	PS 41:4:0	295.26	240116_PS_FTMSMS-_1.mzXML	25.0	0.0	0.0	0.0	[9.0..9.0]	[1.0..1.0]	[0.947..0.947]	[0.0..0.0]	[0.5..0.5]	[0.0..0.5]	[0.947..0.947]	[0.0..0.0]	[0.5..0.5]	[0.0..0.5]	0.81293565	[0.0..0.0]
Group-1	PS 41:4:0	295.26	240116_PS_FTMSMS-_1.mzXML	30.0	3812.5	0.0	0.0	[9.0..9.0]	[1.0..1.0]	[0.923..0.923]	[3518.938..3518.938]	[1.0..1.0]	[0.0..0.5]	[0.923..0.923]	[3518.9375..3518.9375]	[1.0..1.0]	[0.0..0.5]	0.81293565	[2860.6697..2860.6697]
Group-1	PS 41:4:0	295.26	240116_PS_FTMSMS-_1.mzXML	35.0	3709.8	0.0	0.0	[9.0..9.0]	[1.0..1.0]	[0.91..0.91]	[3375.918..3375.918]	[1.0..1.0]	[0.0..0.5]	[0.91..0.91]	[3375.9182..3375.9182]	[1.0..1.0]	[0.0..0.5]	0.81293565	[2744.404..2744.404]
Group-1	PS 41:4:0	297.28	240116_PS_FTMSMS-_1.mzXML	25.0	4962.8	0.0	0.0	[0.0..0.0]	[1.0..1.0]	[1.003..1.003]	[4977.689..4977.689]	[0.42..0.421]	[0.26..0.69]	[1.003..1.003]	[4977.6885..4977.6885]	[0.332..0.335]	[0.255..0.688]	0.81293565	[4046.5403..4046.5403]
Group-1	PS 41:4:0	297.28	240116_PS_FTMSMS-_1.mzXML	30.0	14408.0	0.0	0.0	[0.0..0.0]	[1.0..1.0]	[0.967..0.967]	[13932.536..13932.536]	[0.584..0.608]	[0.26..0.69]	[0.967..0.967]	[13932.536..13932.536]	[0.544..0.564]	[0.255..0.688]	0.81293565	[11326.255..11326.255]
Group-1	PS 41:4:0	297.28	240116_PS_FTMSMS-_1.mzXML	35.0	17312.5	0.0	0.0	[0.0..0.0]	[1.0..1.0]	[0.947..0.947]	[16394.938..16394.938]	[0.607..0.653]	[0.26..0.69]	[0.947..0.947]	[16394.938..16394.938]	[0.593..0.638]	[0.255..0.688]	0.81293565	[13328.029..13328.029]
Group-1	PS 41:4:0	303.23	240116_PS_FTMSMS-_1.mzXML	25.0	0.0	0.0	0.0	[5.0..8.0]	[0.0..1.0]	[0.972..1.062]	[0.0..0.0]	[0.5..0.5]	[0.5..1.0]	[1.062..1.508]	[0.0..0.0]	[0.5..0.5]	[0.5..1.0]	0.81293565	[0.0..0.0]
Group-1	PS 41:4:0	303.23	240116_PS_FTMSMS-_1.mzXML	30.0	0.0	0.0	0.0	[5.0..8.0]	[0.0..1.0]	[1.162..1.348]	[0.0..0.0]	[0.0..0.0]	[0.5..1.0]	[1.348..1.43]	[0.0..0.0]	[0.0..0.0]	[0.5..1.0]	0.81293565	[0.0..0.0]
Group-1	PS 41:4:0	303.23	240116_PS_FTMSMS-_1.mzXML	35.0	0.0	0.0	0.0	[5.0..8.0]	[0.0..1.0]	[1.492..1.894]	[0.0..0.0]	[0.0..0.0]	[0.5..1.0]	[1.61..1.894]	[0.0..0.0]	[0.0..0.0]	[0.5..1.0]	0.81293565	[0.0..0.0]
Group-1	PS 41:4:0	325.31	240116_PS_FTMSMS-_1.mzXML	25.0	0.0	0.0	0.0	[0.0..0.0]	[0.0..1.0]	[1.004..1.023]	[0.0..0.0]	[0.0..0.0]	[0.0..1.0]	[1.004..1.023]	[0.0..0.0]	[0.0..0.0]	[0.0..1.0]	0.81293565	[0.0..0.0]
Group-1	PS 41:4:0	325.31	240116_PS_FTMSMS-_1.mzXML	30.0	6003.1	0.0	0.0	[0.0..0.0]	[0.0..1.0]	[0.954..0.961]	[5726.958..5768.98]	[1.0..1.0]	[0.0..1.0]	[0.954..0.961]	[5726.9575..5768.9795]	[1.0..1.0]	[0.0..1.0]	0.81293565	[4655.648..4689.809]
Group-1	PS 41:4:0	325.31	240116_PS_FTMSMS-_1.mzXML	35.0	8767.7	0.0	0.0	[0.0..0.0]	[0.0..1.0]	[0.924..0.929]	[8101.355..8145.194]	[1.0..1.0]	[0.0..1.0]	[0.924..0.929]	[8101.355..8145.194]	[1.0..1.0]	[0.0..1.0]	0.81293565	[6585.8804..6621.5186]
Group-1	PS 41:4:0	331.26	240116_PS_FTMSMS-_1.mzXML	25.0	7401.9	0.0	0.0	[7.0..10.0]	[0.0..0.0]	[0.923..0.927]	[6831.954..6861.561]	[0.579..0.58]	[0.31..0.74]	[1.334..1.351]	[9874.135..9999.967]	[0.665..0.668]	[0.312..0.745]	0.81293565	[5553.939..5578.008]
Group-1	PS 41:4:0	331.26	240116_PS_FTMSMS-_1.mzXML	30.0	8958.0	0.0	0.0	[7.0..10.0]	[0.0..0.0]	[1.002..1.107]	[8975.916..9916.506]	[0.392..0.416]	[0.31..0.74]	[1.2..1.306]	[10749.601..11699.147]	[0.436..0.456]	[0.312..0.745]	0.81293565	[7296.842..8061.481]
Group-1	PS 41:4:0	331.26	240116_PS_FTMSMS-_1.mzXML	35.0	7402.1	0.0	0.0	[7.0..10.0]	[0.0..0.0]	[1.176..1.436]	[8704.87..10629.416]	[0.347..0.393]	[0.31..0.74]	[1.259..1.522]	[9319.243..11265.996]	[0.362..0.407]	[0.312..0.745]	0.81293565	[7076.499..8641.031]
Group-1	PS 41:4:0	333.28	240116_PS_FTMSMS-_1.mzXML	25.0	0.0	0.0	0.0	[13.0..13.0]	[0.0..0.0]	[0.94..0.94]	[0.0..0.0]	[0.0..0.0]	[1.0..1.0]	[0.94..0.94]	[0.0..0.0]	[0.0..0.0]	[1.0..1.0]	0.81293565	[0.0..0.0]
Group-1	PS 41:4:0	333.28	240116_PS_FTMSMS-_1.mzXML	30.0	0.0	0.0	0.0	[13.0..13.0]	[0.0..0.0]	[0.93..0.93]	[0.0..0.0]	[0.0..0.0]	[1.0..1.0]	[0.93..0.93]	[0.0..0.0]	[0.0..0.0]	[1.0..1.0]	0.81293565	[0.0..0.0]
Group-1	PS 41:4:0	333.28	240116_PS_FTMSMS-_1.mzXML	35.0	0.0	0.0	0.0	[13.0..13.0]	[0.0..0.0]	[0.952..0.952]	[0.0..0.0]	[0.0..0.0]	[1.0..1.0]	[0.952..0.952]	[0.0..0.0]	[0.0..0.0]	[1.0..1.0]	0.81293565	[0.0..0.0]
Group-1	PS 41:4:0	345.28	240116_PS_FTMSMS-_1.mzXML	25.0	0.0	0.0	0.0	[7.0..10.0]	[0.0..0.0]	[0.905..0.907]	[0.0..0.0]	[0.0..0.0]	[1.0..1.0]	[0.927..0.932]	[0.0..0.0]	[0.0..0.0]	[1.0..1.0]	0.81293565	[0.0..0.0]
Group-1	PS 41:4:0	345.28	240116_PS_FTMSMS-_1.mzXML	30.0	0.0	0.0	0.0	[7.0..10.0]	[0.0..0.0]	[0.975..1.061]	[0.0..0.0]	[0.0..0.0]	[1.0..1.0]	[0.976..1.06]	[0.0..0.0]	[0.0..0.0]	[1.0..1.0]	0.81293565	[0.0..0.0]
Group-1	PS 41:4:0	345.28	240116_PS_FTMSMS-_1.mzXML	35.0	0.0	0.0	0.0	[7.0..10.0]	[0.0..0.0]	[1.137..1.356]	[0.0..0.0]	[0.0..0.0]	[1.0..1.0]	[1.136..1.344]	[0.0..0.0]	[0.0..0.0]	[1.0..1.0]	0.81293565	[0.0..0.0]
Group-1	PS 41:4:0	347.3	240116_PS_FTMSMS-_1.mzXML	25.0	2817.9	0.0	0.0	[13.0..13.0]	[0.0..0.0]	[0.941..0.941]	[2651.644..2651.644]	[0.059..0.059]	[1.0..1.0]	[0.941..0.941]	[2651.6438..2651.6438]	[0.059..0.059]	[1.0..1.0]	0.81293565	[2155.6157..2155.6157]
Group-1	PS 41:4:0	347.3	240116_PS_FTMSMS-_1.mzXML	30.0	6255.4	0.0	0.0	[13.0..13.0]	[0.0..0.0]	[0.928..0.928]	[5805.011..5805.011]	[0.057..0.057]	[1.0..1.0]	[0.928..0.928]	[5805.0107..5805.0107]	[0.057..0.057]	[1.0..1.0]	0.81293565	[4719.1006..4719.1006]
Group-1	PS 41:4:0	347.3	240116_PS_FTMSMS-_1.mzXML	35.0	5856.1	0.0	0.0	[13.0..13.0]	[0.0..0.0]	[0.952..0.952]	[5575.008..5575.008]	[0.044..0.044]	[1.0..1.0]	[0.952..0.952]	[5575.0073..5575.0073]	[0.044..0.044]	[1.0..1.0]	0.81293565	[4532.122..4532.122]
Group-1	PS 41:5:0	297.28	240116_PS_FTMSMS-_1.mzXML	25.0	8245.8	0.0	0.0	[0.0..0.0]	[0.6..1.0]	[0.996..1.003]	[8212.817..8270.537]	[0.413..0.535]	[0.42..0.48]	[0.999..0.999]	[8237.554..8237.554]	[0.408..0.426]	[0.417..0.479]	0.81459224	[6690.0967..6737.115]
Group-1	PS 41:5:0	297.28	240116_PS_FTMSMS-_1.mzXML	30.0	12754.7	0.0	0.0	[0.0..0.0]	[0.6..1.0]	[0.964..0.967]	[12295.531..12333.795]	[0.448..0.552]	[0.42..0.48]	[0.965..0.965]	[12308.285..12308.285]	[0.446..0.499]	[0.417..0.479]	0.81459224	[10015.844..10047.014]
Group-1	PS 41:5:0	297.28	240116_PS_FTMSMS-_1.mzXML	35.0	15385.6	0.0	0.0	[0.0..0.0]	[1.0..1.0]	[0.947..0.947]	[14570.163..14570.163]	[0.509..0.598]	[0.42..0.48]	[0.947..0.947]	[14570.163..14570.163]	[0.49..0.578]	[0.417..0.479]	0.81459224	[11868.742..11868.742]
Group-1	PS 41:5:0	329.25	240116_PS_FTMSMS-_1.mzXML	25.0	7039.6	0.0	0.0	[4.0..7.0]	[0.0..0.4]	[1.013..1.671]	[7131.115..11763.172]	[0.465..0.587]	[0.52..0.58]	[1.574..1.697]	[11080.33..11946.201]	[0.574..0.592]	[0.521..0.583]	0.81459224	[5808.951..9582.188]
Group-1	PS 41:5:0	329.25	240116_PS_FTMSMS-_1.mzXML	30.0	7432.4	1883.7	0.25344437	[4.0..4.0]	[0.0..0.4]	[1.343..2.041]	[9981.714..15169.527]	[0.448..0.552]	[0.52..0.58]	[1.662..2.056]	[12352.648..15281.014]	[0.501..0.554]	[0.521..0.583]	0.81459224	[8131.0264..12356.9795]
Group-1	PS 41:5:0	329.25	240116_PS_FTMSMS-_1.mzXML	35.0	4854.5	1822.5	0.37542486	[4.0..4.0]	[0.0..0.0]	[2.017..2.898]	[9791.526..14068.341]	[0.402..0.491]	[0.52..0.58]	[2.193..3.129]	[10645.919..15189.73]	[0.422..0.51]	[0.521..0.583]	0.81459224	[7976.101..11459.961]
Group-1	PS 41:6:0	297.28	240116_PS_FTMSMS-_1.mzXML	25.0	13281.0	0.0	0.0	[0.0..0.0]	[1.0..1.0]	[1.003..1.003]	[13320.844..13320.844]	[0.555..0.555]	[0.0..0.41]	[1.003..1.003]	[13320.844..13320.844]	[0.555..0.555]	[0.0..0.408]	0.81624794	[10873.111..10873.111]
Group-1	PS 41:6:0	297.28	240116_PS_FTMSMS-_1.mzXML	30.0	24052.1	0.0	0.0	[0.0..0.0]	[1.0..1.0]	[0.967..0.967]	[23258.38..23258.38]	[0.54..0.54]	[0.0..0.41]	[0.967..0.967]	[23258.38..23258.38]	[0.54..0.54]	[0.0..0.408]	0.81624794	[18984.605..18984.605]
Group-1	PS 41:6:0	297.28	240116_PS_FTMSMS-_1.mzXML	35.0	24961.0	0.0	0.0	[0.0..0.0]	[1.0..1.0]	[0.947..0.947]	[23638.068..23638.068]	[1.0..1.0]	[0.0..0.41]	[0.947..0.947]	[23638.068..23638.068]	[1.0..1.0]	[0.0..0.408]	0.81624794	[19294.525..19294.525]
Group-1	PS 41:6:0	327.23	240116_PS_FTMSMS-_1.mzXML	25.0	7962.2	0.0	0.0	[4.0..4.0]	[0.0..0.0]	[1.341..1.341]	[10677.311..10677.311]	[0.445..0.445]	[0.59..1.0]	[1.341..1.341]	[10677.311..10677.311]	[0.445..0.445]	[0.592..1.0]	0.81624794	[8715.332..8715.332]
Group-1	PS 41:6:0	327.23	240116_PS_FTMSMS-_1.mzXML	30.0	7983.4	0.0	0.0	[4.0..4.0]	[0.0..0.0]	[2.483..2.483]	[19822.783..19822.783]	[0.46..0.46]	[0.59..1.0]	[2.483..2.483]	[19822.783..19822.783]	[0.46..0.46]	[0.592..1.0]	0.81624794	[16180.305..16180.305]
Group-1	PS 41:6:0	327.23	240116_PS_FTMSMS-_1.mzXML	35.0	0.0	0.0	0.0	[4.0..4.0]	[0.0..0.0]	[5.498..5.498]	[0.0..0.0]	[0.0..0.0]	[0.59..1.0]	[5.498..5.498]	[0.0..0.0]	[0.0..0.0]	[0.592..1.0]	0.81624794	[0.0..0.0]
Group-1	PS 42:2:0	281.25	240116_PS_FTMSMS-_1.mzXML	25.0	251626.4	0.0	0.0	[9.0..9.0]	[1.0..1.0]	[0.94..0.94]	[236528.83..236528.83]	[0.351..0.351]	[0.77..0.87]	[0.94..0.94]	[236528.83..236528.83]	[0.351..0.351]	[0.774..0.87]	0.79845804	[188858.34..188858.34]
Group-1	PS 42:2:0	281.25	240116_PS_FTMSMS-_1.mzXML	30.0	546428.7	0.0	0.0	[9.0..9.0]	[1.0..1.0]	[0.925..0.925]	[505446.53..505446.53]	[0.34..0.34]	[0.77..0.87]	[0.925..0.925]	[505446.53..505446.53]	[0.34..0.34]	[0.774..0.87]	0.79845804	[403577.84..403577.84]
Group-1	PS 42:2:0	281.25	240116_PS_FTMSMS-_1.mzXML	35.0	805461.0	0.0	0.0	[9.0..9.0]	[1.0..1.0]	[0.916..0.916]	[737802.3..737802.3]	[0.38..0.38]	[0.77..0.87]	[0.916..0.916]	[737802.3..737802.3]	[0.38..0.38]	[0.774..0.87]	0.79845804	[589104.2..589104.2]
Group-1	PS 42:2:0	283.26	240116_PS_FTMSMS-_1.mzXML	25.0	64810.1	0.0	0.0	[0.0..0.0]	[0.9..0.9]	[0.997..0.997]	[64615.668..64615.668]	[0.877..0.877]	[0.0..0.0]	[0.997..0.997]	[64615.668..64615.668]	[0.877..0.877]	[0.0..0.0]	0.79845804	[51592.902..51592.902]
Group-1	PS 42:2:0	283.26	240116_PS_FTMSMS-_1.mzXML	30.0	245170.8	0.0	0.0	[0.0..0.0]	[1.0..1.0]	[0.975..0.975]	[239041.53..239041.53]	[0.953..0.953]	[0.0..0.0]	[0.975..0.975]	[239041.53..239041.53]	[0.953..0.953]	[0.0..0.0]	0.79845804	[190864.64..190864.64]
Group-1	PS 42:2:0	283.26	240116_PS_FTMSMS-_1.mzXML	35.0	457140.3	0.0	0.0	[0.0..0.0]	[0.9..1.0]	[0.961..0.962]	[439311.84..439769.0]	[0.967..0.967]	[0.0..0.0]	[0.961..0.961]	[439311.84..439311.84]	[0.967..0.967]	[0.0..0.0]	0.79845804	[350772.06..351137.06]
Group-1	PS 42:2:0	309.28	240116_PS_FTMSMS-_1.mzXML	25.0	13399.2	0.0	0.0	[11.0..11.0]	[0.0..0.0]	[0.919..0.919]	[12313.865..12313.865]	[0.498..0.498]	[0.5..0.63]	[0.919..0.919]	[12313.865..12313.865]	[0.498..0.498]	[0.505..0.628]	0.79845804	[9832.1045..9832.1045]
Group-1	PS 42:2:0	309.28	240116_PS_FTMSMS-_1.mzXML	30.0	18402.9	0.0	0.0	[11.0..11.0]	[1.0..1.0]	[0.931..0.931]	[17133.1..17133.1]	[0.461..0.461]	[0.5..0.63]	[0.931..0.931]	[17133.1..17133.1]	[0.461..0.461]	[0.505..0.628]	0.79845804	[13680.062..13680.062]
Group-1	PS 42:2:0	309.28	240116_PS_FTMSMS-_1.mzXML	35.0	17591.6	0.0	0.0	[11.0..11.0]	[0.0..1.0]	[0.9..0.932]	[15832.439..16395.371]	[0.442..0.444]	[0.5..0.63]	[0.916..0.92]	[16113.905..16184.271]	[0.444..0.444]	[0.505..0.628]	0.79845804	[12641.538..13091.016]
Group-1	PS 42:2:0	337.31	240116_PS_FTMSMS-_1.mzXML	25.0	12031.3	0.0	0.0	[13.0..13.0]	[1.0..1.0]	[1.03..1.03]	[12392.238..12392.238]	[0.502..0.502]	[0.37..0.5]	[1.03..1.03]	[12392.238..12392.238]	[0.502..0.502]	[0.372..0.495]	0.79845804	[9894.683..9894.683]
Group-1	PS 42:2:0	337.31	240116_PS_FTMSMS-_1.mzXML	30.0	20901.6	0.0	0.0	[13.0..13.0]	[0.0..0.0]	[0.958..0.958]	[20023.732..20023.732]	[0.539..0.539]	[0.37..0.5]	[0.958..0.958]	[20023.732..20023.732]	[0.539..0.539]	[0.372..0.495]	0.79845804	[15988.11..15988.11]
Group-1	PS 42:2:0	337.31	240116_PS_FTMSMS-_1.mzXML	35.0	21956.3	0.0	0.0	[13.0..13.0]	[0.0..1.0]	[0.904..0.942]	[19848.496..20682.834]	[0.556..0.558]	[0.37..0.5]	[0.918..0.923]	[20155.883..20265.666]	[0.556..0.556]	[0.372..0.495]	0.79845804	[15848.191..16514.377]
Group-1	PS 42:2:0	363.32	240116_PS_FTMSMS-_1.mzXML	25.0	8859.8	0.0	0.0	[15.0..15.0]	[0.1..0.1]	[1.021..1.021]	[9045.855..9045.855]	[0.123..0.123]	[1.0..1.0]	[1.021..1.021]	[9045.855..9045.855]	[0.123..0.123]	[1.0..1.0]	0.79845804	[7222.7363..7222.7363]
Group-1	PS 42:2:0	363.32	240116_PS_FTMSMS-_1.mzXML	30.0	12093.4	0.0	0.0	[15.0..15.0]	[0.0..0.0]	[0.979..0.979]	[11839.438..11839.438]	[0.047..0.047]	[1.0..1.0]	[0.979..0.979]	[11839.438..11839.438]	[0.047..0.047]	[1.0..1.0]	0.79845804	[9453.296..9453.296]
Group-1	PS 42:2:0	363.32	240116_PS_FTMSMS-_1.mzXML	35.0	15775.4	0.0	0.0	[15.0..15.0]	[0.0..0.1]	[0.958..0.961]	[15112.834..15160.16]	[0.033..0.033]	[1.0..1.0]	[0.961..0.961]	[15160.16..15160.16]	[0.033..0.033]	[1.0..1.0]	0.79845804	[12066.963..12104.752]
Group-1	PS 42:2:0	365.34	240116_PS_FTMSMS-_1.mzXML	25.0	423784.8	0.0	0.0	[15.0..15.0]	[0.0..0.0]	[1.032..1.032]	[437345.9..437345.9]	[0.649..0.649]	[0.13..0.23]	[1.032..1.032]	[437345.9..437345.9]	[0.649..0.649]	[0.13..0.226]	0.79845804	[349202.38..349202.38]
Group-1	PS 42:2:0	365.34	240116_PS_FTMSMS-_1.mzXML	30.0	986190.4	0.0	0.0	[15.0..15.0]	[0.0..0.0]	[0.997..0.997]	[983231.8..983231.8]	[0.66..0.66]	[0.13..0.23]	[0.997..0.997]	[983231.8..983231.8]	[0.66..0.66]	[0.13..0.226]	0.79845804	[785069.3..785069.3]
Group-1	PS 42:2:0	365.34	240116_PS_FTMSMS-_1.mzXML	35.0	1247526.9	0.0	0.0	[15.0..15.0]	[0.0..0.0]	[0.964..0.964]	[1202615.9..1202615.9]	[0.62..0.62]	[0.13..0.23]	[0.964..0.964]	[1202615.9..1202615.9]	[0.62..0.62]	[0.13..0.226]	0.79845804	[960238.3..960238.3]
Group-1	PS 42:5:0	281.25	240116_PS_FTMSMS-_1.mzXML	25.0	131880.4	0.0	0.0	[9.0..9.0]	[1.0..1.0]	[0.94..0.94]	[123967.58..123967.58]	[0.554..0.554]	[0.37..0.39]	[0.94..0.94]	[123967.58..123967.58]	[0.554..0.554]	[0.371..0.39]	0.8032428	[99576.06..99576.06]
Group-1	PS 42:5:0	281.25	240116_PS_FTMSMS-_1.mzXML	30.0	281135.7	0.0	0.0	[9.0..9.0]	[1.0..1.0]	[0.925..0.925]	[260050.52..260050.52]	[0.556..0.556]	[0.37..0.39]	[0.925..0.925]	[260050.52..260050.52]	[0.556..0.556]	[0.371..0.39]	0.8032428	[208883.7..208883.7]
Group-1	PS 42:5:0	281.25	240116_PS_FTMSMS-_1.mzXML	35.0	337507.9	0.0	0.0	[9.0..9.0]	[1.0..1.0]	[0.916..0.916]	[309157.25..309157.25]	[0.548..0.548]	[0.37..0.39]	[0.916..0.916]	[309157.25..309157.25]	[0.548..0.548]	[0.371..0.39]	0.8032428	[248328.31..248328.31]
Group-1	PS 42:5:0	283.26	240116_PS_FTMSMS-_1.mzXML	25.0	292167.0	0.0	0.0	[0.0..0.0]	[1.0..1.0]	[0.998..0.998]	[291582.7..291582.7]	[0.772..0.783]	[0.0..0.0]	[0.998..0.998]	[291582.7..291582.7]	[0.771..0.784]	[0.0..0.0]	0.8032428	[234211.69..234211.69]
Group-1	PS 42:5:0	283.26	240116_PS_FTMSMS-_1.mzXML	30.0	658985.5	0.0	0.0	[0.0..0.0]	[1.0..1.0]	[0.975..0.975]	[642510.9..642510.9]	[0.786..0.816]	[0.0..0.0]	[0.975..0.975]	[642510.9..642510.9]	[0.788..0.815]	[0.0..0.0]	0.8032428	[516092.25..516092.25]
Group-1	PS 42:5:0	283.26	240116_PS_FTMSMS-_1.mzXML	35.0	812841.5	0.0	0.0	[0.0..0.0]	[1.0..1.0]	[0.962..0.962]	[781953.56..781953.56]	[0.81..0.854]	[0.0..0.0]	[0.962..0.962]	[781953.56..781953.56]	[0.811..0.851]	[0.0..0.0]	0.8032428	[628098.5..628098.5]
Group-1	PS 42:5:0	357.28	240116_PS_FTMSMS-_1.mzXML	25.0	87059.4	0.0	0.0	[6.0..9.0]	[0.0..0.0]	[0.928..0.988]	[80791.12..86014.68]	[0.217..0.228]	[1.0..1.0]	[0.922..0.995]	[80268.766..86624.1]	[0.216..0.229]	[1.0..1.0]	0.8032428	[64894.887..69090.68]
Group-1	PS 42:5:0	357.28	240116_PS_FTMSMS-_1.mzXML	30.0	135337.8	0.0	0.0	[6.0..9.0]	[0.0..0.0]	[1.072..1.291]	[145082.12..174721.1]	[0.184..0.214]	[1.0..1.0]	[1.076..1.281]	[145623.47..173367.72]	[0.185..0.212]	[1.0..1.0]	0.8032428	[116536.17..140343.47]
Group-1	PS 42:5:0	357.28	240116_PS_FTMSMS-_1.mzXML	35.0	94807.1	0.0	0.0	[6.0..9.0]	[0.0..0.0]	[1.415..1.936]	[134152.05..183546.55]	[0.146..0.19]	[1.0..1.0]	[1.448..1.922]	[137280.67..182219.25]	[0.149..0.189]	[1.0..1.0]	0.8032428	[107756.67..147432.45]
Group-1	PS 42:5:0	359.3	240116_PS_FTMSMS-_1.mzXML	25.0	111919.1	0.0	0.0	[9.0..9.0]	[0.0..0.0]	[0.89..0.89]	[99608.0..99608.0]	[0.446..0.446]	[0.61..0.63]	[0.89..0.89]	[99608.0..99608.0]	[0.446..0.446]	[0.61..0.629]	0.8032428	[80009.41..80009.41]
Group-1	PS 42:5:0	359.3	240116_PS_FTMSMS-_1.mzXML	30.0	213896.6	0.0	0.0	[9.0..9.0]	[0.0..0.0]	[0.972..0.972]	[207907.48..207907.48]	[0.444..0.444]	[0.61..0.63]	[0.972..0.972]	[207907.48..207907.48]	[0.444..0.444]	[0.61..0.629]	0.8032428	[167000.2..167000.2]
Group-1	PS 42:5:0	359.3	240116_PS_FTMSMS-_1.mzXML	35.0	220024.7	0.0	0.0	[9.0..9.0]	[0.0..0.0]	[1.159..1.159]	[255008.64..255008.64]	[0.452..0.452]	[0.61..0.63]	[1.159..1.159]	[255008.64..255008.64]	[0.452..0.452]	[0.61..0.629]	0.8032428	[204833.86..204833.86]
Group-1	PS 42:6:0	281.25	240116_PS_FTMSMS-_1.mzXML	25.0	116908.5	0.0	0.0	[9.0..9.0]	[1.0..1.0]	[0.94..0.94]	[109893.99..109893.99]	[0.787..0.797]	[0.0..0.0]	[0.94..0.94]	[109893.99..109893.99]	[0.786..0.798]	[0.0..0.0]	0.80485684	[88448.93..88448.93]
Group-1	PS 42:6:0	281.25	240116_PS_FTMSMS-_1.mzXML	30.0	275496.6	0.0	0.0	[9.0..9.0]	[1.0..1.0]	[0.925..0.925]	[254834.36..254834.36]	[0.792..0.821]	[0.0..0.0]	[0.925..0.925]	[254834.36..254834.36]	[0.794..0.821]	[0.0..0.0]	0.80485684	[205105.17..205105.17]
Group-1	PS 42:6:0	281.25	240116_PS_FTMSMS-_1.mzXML	35.0	399539.2	0.0	0.0	[9.0..9.0]	[1.0..1.0]	[0.916..0.916]	[365977.9..365977.9]	[0.803..0.848]	[0.0..0.0]	[0.916..0.916]	[365977.9..365977.9]	[0.805..0.845]	[0.0..0.0]	0.80485684	[294559.8..294559.8]
Group-1	PS 42:6:0	283.26	240116_PS_FTMSMS-_1.mzXML	25.0	199382.4	0.0	0.0	[0.0..0.0]	[1.0..1.0]	[0.998..0.998]	[198983.64..198983.64]	[0.947..0.947]	[0.0..0.0]	[0.998..0.998]	[198983.64..198983.64]	[0.947..0.947]	[0.0..0.0]	0.80485684	[160153.36..160153.36]
Group-1	PS 42:6:0	283.26	240116_PS_FTMSMS-_1.mzXML	30.0	661813.9	0.0	0.0	[0.0..0.0]	[1.0..1.0]	[0.975..0.975]	[645268.56..645268.56]	[0.973..0.973]	[0.0..0.0]	[0.975..0.975]	[645268.56..645268.56]	[0.973..0.973]	[0.0..0.0]	0.80485684	[519348.8..519348.8]
Group-1	PS 42:6:0	283.26	240116_PS_FTMSMS-_1.mzXML	35.0	993622.2	0.0	0.0	[0.0..0.0]	[1.0..1.0]	[0.962..0.962]	[955864.56..955864.56]	[0.977..0.977]	[0.0..0.0]	[0.962..0.962]	[955864.56..955864.56]	[0.977..0.977]	[0.0..0.0]	0.80485684	[769334.1..769334.1]
Group-1	PS 42:6:0	355.26	240116_PS_FTMSMS-_1.mzXML	25.0	9524.3	0.0	0.0	[6.0..6.0]	[0.0..0.0]	[1.175..1.175]	[11191.052..11191.052]	[0.053..0.053]	[1.0..1.0]	[1.175..1.175]	[11191.052..11191.052]	[0.053..0.053]	[1.0..1.0]	0.80485684	[9007.194..9007.194]
Group-1	PS 42:6:0	355.26	240116_PS_FTMSMS-_1.mzXML	30.0	10198.9	0.0	0.0	[6.0..6.0]	[0.0..0.0]	[1.727..1.727]	[17613.5..17613.5]	[0.027..0.027]	[1.0..1.0]	[1.727..1.727]	[17613.5..17613.5]	[0.027..0.027]	[1.0..1.0]	0.80485684	[14176.346..14176.346]
Group-1	PS 42:6:0	355.26	240116_PS_FTMSMS-_1.mzXML	35.0	7240.2	0.0	0.0	[6.0..6.0]	[0.0..0.0]	[3.078..3.078]	[22285.336..22285.336]	[0.023..0.023]	[1.0..1.0]	[3.078..3.078]	[22285.336..22285.336]	[0.023..0.023]	[1.0..1.0]	0.80485684	[17936.506..17936.506]
Group-1	PS 42:6:0	357.28	240116_PS_FTMSMS-_1.mzXML	25.0	30082.3	0.0	0.0	[6.0..9.0]	[0.0..0.0]	[0.928..0.988]	[27916.377..29721.312]	[0.203..0.213]	[1.0..1.0]	[0.922..0.995]	[27735.88..29931.889]	[0.202..0.214]	[1.0..1.0]	0.80485684	[22468.686..23921.402]
Group-1	PS 42:6:0	357.28	240116_PS_FTMSMS-_1.mzXML	30.0	51757.9	0.0	0.0	[6.0..9.0]	[0.0..0.0]	[1.072..1.291]	[55484.47..66819.445]	[0.179..0.208]	[1.0..1.0]	[1.076..1.281]	[55691.496..66301.87]	[0.179..0.206]	[1.0..1.0]	0.80485684	[44657.055..53780.09]
Group-1	PS 42:6:0	357.28	240116_PS_FTMSMS-_1.mzXML	35.0	46250.5	0.0	0.0	[6.0..9.0]	[0.0..0.0]	[1.415..1.936]	[65444.457..89540.97]	[0.152..0.197]	[1.0..1.0]	[1.448..1.922]	[66970.72..88893.46]	[0.155..0.195]	[1.0..1.0]	0.80485684	[52673.418..72067.66]
Group-1	PS 34:0:0	255.23	240116_PS_FTMSMS-_2.mzXML	25.0	7416.9	0.0	0.0	[0.0..0.0]	[0.0..1.0]	[1.0..1.0]	[7416.9..7416.9]	[0.241..0.243]	[1.0..1.0]	[1.0..1.0]	[7416.9..7416.9]	[0.243..0.243]	[1.0..1.0]	0.89466476	[6635.639..6635.639]
Group-1	PS 34:0:0	255.23	240116_PS_FTMSMS-_2.mzXML	30.0	11560.4	0.0	0.0	[0.0..0.0]	[0.0..1.0]	[1.0..1.0]	[11560.4..11560.4]	[0.206..0.208]	[1.0..1.0]	[1.0..1.0]	[11560.4..11560.4]	[0.208..0.208]	[1.0..1.0]	0.89466476	[10342.683..10342.683]
Group-1	PS 34:0:0	255.23	240116_PS_FTMSMS-_2.mzXML	35.0	16486.7	0.0	0.0	[0.0..0.0]	[0.0..1.0]	[1.0..1.0]	[16486.7..16486.7]	[0.234..0.234]	[1.0..1.0]	[1.0..1.0]	[16486.7..16486.7]	[0.234..0.234]	[1.0..1.0]	0.89466476	[14750.069..14750.069]
Group-1	PS 34:0:0	283.26	240116_PS_FTMSMS-_2.mzXML	25.0	23431.0	0.0	0.0	[0.0..0.0]	[0.0..1.0]	[0.986..0.998]	[23102.967..23384.139]	[0.757..0.759]	[0.0..0.0]	[0.986..0.986]	[23102.967..23102.967]	[0.757..0.757]	[0.0..0.0]	0.89466476	[20669.41..20920.965]
Group-1	PS 34:0:0	283.26	240116_PS_FTMSMS-_2.mzXML	30.0	45593.3	0.0	0.0	[0.0..0.0]	[0.0..1.0]	[0.968..0.975]	[44134.316..44453.47]	[0.792..0.794]	[0.0..0.0]	[0.968..0.968]	[44134.316..44134.316]	[0.792..0.792]	[0.0..0.0]	0.89466476	[39485.414..39770.953]
Group-1	PS 34:0:0	283.26	240116_PS_FTMSMS-_2.mzXML	35.0	56252.3	0.0	0.0	[0.0..0.0]	[0.0..1.0]	[0.961..0.962]	[54058.46..54114.715]	[0.766..0.766]	[0.0..0.0]	[0.961..0.961]	[54058.46..54058.46]	[0.766..0.766]	[0.0..0.0]	0.89466476	[48364.203..48414.53]
Group-1	PS 34:1:0	253.22	240116_PS_FTMSMS-_2.mzXML	25.0	70090.0	0.0	0.0	[9.0..9.0]	[0.0..1.0]	[0.867..0.927]	[60768.027..64973.43]	[0.242..0.253]	[1.0..1.0]	[0.927..0.927]	[64973.43..64973.43]	[0.255..0.255]	[1.0..1.0]	0.8967037	[54490.918..58261.918]
Group-1	PS 34:1:0	253.22	240116_PS_FTMSMS-_2.mzXML	30.0	151251.9	0.0	0.0	[9.0..9.0]	[0.0..1.0]	[0.913..0.929]	[138092.98..140513.03]	[0.238..0.24]	[1.0..1.0]	[0.929..0.929]	[140513.03..140513.03]	[0.242..0.242]	[1.0..1.0]	0.8967037	[123828.49..125998.55]
Group-1	PS 34:1:0	253.22	240116_PS_FTMSMS-_2.mzXML	35.0	151425.3	0.0	0.0	[9.0..9.0]	[0.0..1.0]	[0.93..0.939]	[140825.53..142188.36]	[0.204..0.205]	[1.0..1.0]	[0.939..0.939]	[142188.36..142188.36]	[0.205..0.205]	[1.0..1.0]	0.8967037	[126278.77..127500.83]
Group-1	PS 34:1:0	255.23	240116_PS_FTMSMS-_2.mzXML	25.0	614083.5	0.0	0.0	[0.0..0.0]	[1.0..1.0]	[1.0..1.0]	[614083.5..614083.5]	[0.674..0.674]	[0.0..0.09]	[1.0..1.0]	[614083.5..614083.5]	[0.674..0.674]	[0.0..0.086]	0.8967037	[550650.94..550650.94]
Group-1	PS 34:1:0	255.23	240116_PS_FTMSMS-_2.mzXML	30.0	1373286.8	0.0	0.0	[0.0..0.0]	[1.0..1.0]	[1.0..1.0]	[1373286.8..1373286.8]	[0.704..0.704]	[0.0..0.09]	[1.0..1.0]	[1373286.8..1373286.8]	[0.704..0.704]	[0.0..0.086]	0.8967037	[1231431.4..1231431.4]
Group-1	PS 34:1:0	255.23	240116_PS_FTMSMS-_2.mzXML	35.0	1663055.4	0.0	0.0	[0.0..0.0]	[1.0..1.0]	[1.0..1.0]	[1663055.4..1663055.4]	[0.729..0.729]	[0.0..0.09]	[1.0..1.0]	[1663055.4..1663055.4]	[0.729..0.729]	[0.0..0.086]	0.8967037	[1491268.0..1491268.0]
Group-1	PS 34:1:0	281.25	240116_PS_FTMSMS-_2.mzXML	25.0	334216.0	0.0	0.0	[9.0..9.0]	[0.0..0.0]	[0.888..0.888]	[296783.8..296783.8]	[0.326..0.326]	[0.91..1.0]	[0.888..0.888]	[296783.8..296783.8]	[0.326..0.326]	[0.914..1.0]	0.8967037	[266127.12..266127.12]
Group-1	PS 34:1:0	281.25	240116_PS_FTMSMS-_2.mzXML	30.0	627336.5	0.0	0.0	[9.0..9.0]	[0.0..0.0]	[0.919..0.919]	[576522.25..576522.25]	[0.296..0.296]	[0.91..1.0]	[0.919..0.919]	[576522.25..576522.25]	[0.296..0.296]	[0.914..1.0]	0.8967037	[516969.7..516969.7]
Group-1	PS 34:1:0	281.25	240116_PS_FTMSMS-_2.mzXML	35.0	661833.8	0.0	0.0	[9.0..9.0]	[0.0..0.0]	[0.936..0.936]	[619476.44..619476.44]	[0.271..0.271]	[0.91..1.0]	[0.936..0.936]	[619476.44..619476.44]	[0.271..0.271]	[0.914..1.0]	0.8967037	[555486.8..555486.8]
Group-1	PS 34:1:0	283.26	240116_PS_FTMSMS-_2.mzXML	25.0	192727.7	0.0	0.0	[0.0..0.0]	[0.0..1.0]	[0.986..0.998]	[190029.52..192342.25]	[0.747..0.758]	[0.0..0.0]	[0.986..0.986]	[190029.52..190029.52]	[0.745..0.745]	[0.0..0.0]	0.8967037	[170400.17..172474.0]
Group-1	PS 34:1:0	283.26	240116_PS_FTMSMS-_2.mzXML	30.0	455814.6	0.0	0.0	[0.0..0.0]	[0.0..1.0]	[0.968..0.975]	[441228.53..444419.25]	[0.76..0.762]	[0.0..0.0]	[0.968..0.968]	[441228.53..441228.53]	[0.758..0.758]	[0.0..0.0]	0.8967037	[395651.28..398512.4]
Group-1	PS 34:1:0	283.26	240116_PS_FTMSMS-_2.mzXML	35.0	572146.8	0.0	0.0	[0.0..0.0]	[0.0..1.0]	[0.961..0.962]	[549833.1..550405.25]	[0.795..0.796]	[0.0..0.0]	[0.961..0.961]	[549833.1..549833.1]	[0.795..0.795]	[0.0..0.0]	0.8967037	[493037.4..493550.44]
Group-1	PS 34:2:0	251.2	240116_PS_FTMSMS-_2.mzXML	25.0	859.1	0.0	0.0	[9.0..9.0]	[0.0..1.0]	[0.856..0.907]	[735.39..779.204]	[0.037..0.039]	[1.0..1.0]	[0.907..0.907]	[779.2037..779.2037]	[0.039..0.039]	[1.0..1.0]	0.8987426	[660.92596..700.3035]
Group-1	PS 34:2:0	251.2	240116_PS_FTMSMS-_2.mzXML	30.0	1005.9	0.0	0.0	[9.0..9.0]	[0.0..1.0]	[0.916..0.928]	[921.404..933.475]	[0.036..0.036]	[1.0..1.0]	[0.928..0.928]	[933.4752..933.4752]	[0.036..0.036]	[1.0..1.0]	0.8987426	[828.1054..838.9539]
Group-1	PS 34:2:0	251.2	240116_PS_FTMSMS-_2.mzXML	35.0	911.7	0.0	0.0	[9.0..9.0]	[0.0..1.0]	[0.967..0.975]	[881.614..888.908]	[0.031..0.031]	[1.0..1.0]	[0.975..0.975]	[888.90753..888.90753]	[0.031..0.031]	[1.0..1.0]	0.8987426	[792.344..798.8991]
Group-1	PS 34:2:0	253.22	240116_PS_FTMSMS-_2.mzXML	25.0	15116.4	0.0	0.0	[9.0..9.0]	[1.0..1.0]	[0.927..0.927]	[14012.903..14012.903]	[0.34..0.34]	[0.88..0.97]	[0.927..0.927]	[14012.903..14012.903]	[0.34..0.34]	[0.88..0.966]	0.8987426	[12593.993..12593.993]
Group-1	PS 34:2:0	253.22	240116_PS_FTMSMS-_2.mzXML	30.0	26493.0	0.0	0.0	[9.0..9.0]	[1.0..1.0]	[0.929..0.929]	[24611.998..24611.998]	[0.304..0.304]	[0.88..0.97]	[0.929..0.929]	[24611.998..24611.998]	[0.304..0.304]	[0.88..0.966]	0.8987426	[22119.852..22119.852]
Group-1	PS 34:2:0	253.22	240116_PS_FTMSMS-_2.mzXML	35.0	31486.7	0.0	0.0	[9.0..9.0]	[1.0..1.0]	[0.93..0.93]	[29282.63..29282.63]	[0.296..0.296]	[0.88..0.97]	[0.93..0.93]	[29282.63..29282.63]	[0.296..0.296]	[0.88..0.966]	0.8987426	[26317.547..26317.547]
Group-1	PS 34:2:0	255.23	240116_PS_FTMSMS-_2.mzXML	25.0	12112.9	0.0	0.0	[0.0..0.0]	[1.0..1.0]	[1.0..1.0]	[12112.9..12112.9]	[0.735..0.735]	[0.0..0.0]	[1.0..1.0]	[12112.9..12112.9]	[0.735..0.735]	[0.0..0.0]	0.8987426	[10886.38..10886.38]
Group-1	PS 34:2:0	255.23	240116_PS_FTMSMS-_2.mzXML	30.0	23162.5	0.0	0.0	[0.0..0.0]	[1.0..1.0]	[1.0..1.0]	[23162.5..23162.5]	[0.739..0.739]	[0.0..0.0]	[1.0..1.0]	[23162.5..23162.5]	[0.739..0.739]	[0.0..0.0]	0.8987426	[20817.125..20817.125]
Group-1	PS 34:2:0	255.23	240116_PS_FTMSMS-_2.mzXML	35.0	28262.2	0.0	0.0	[0.0..0.0]	[1.0..1.0]	[1.0..1.0]	[28262.2..28262.2]	[0.74..0.74]	[0.0..0.0]	[1.0..1.0]	[28262.2..28262.2]	[0.74..0.74]	[0.0..0.0]	0.8987426	[25400.443..25400.443]
Group-1	PS 34:2:0	279.23	240116_PS_FTMSMS-_2.mzXML	25.0	4955.3	0.0	0.0	[9.0..9.0]	[0.0..0.0]	[0.882..0.882]	[4370.575..4370.575]	[0.265..0.265]	[1.0..1.0]	[0.882..0.882]	[4370.5747..4370.5747]	[0.265..0.265]	[1.0..1.0]	0.8987426	[3928.0215..3928.0215]
Group-1	PS 34:2:0	279.23	240116_PS_FTMSMS-_2.mzXML	30.0	8827.8	0.0	0.0	[9.0..9.0]	[0.0..0.0]	[0.929..0.929]	[8201.027..8201.027]	[0.261..0.261]	[1.0..1.0]	[0.929..0.929]	[8201.026..8201.026]	[0.261..0.261]	[1.0..1.0]	0.8987426	[7370.612..7370.612]
Group-1	PS 34:2:0	279.23	240116_PS_FTMSMS-_2.mzXML	35.0	10146.3	0.0	0.0	[9.0..9.0]	[0.0..0.0]	[0.981..0.981]	[9953.521..9953.521]	[0.26..0.26]	[1.0..1.0]	[0.981..0.981]	[9953.5205..9953.5205]	[0.26..0.26]	[1.0..1.0]	0.8987426	[8945.653..8945.653]
Group-1	PS 34:2:0	281.25	240116_PS_FTMSMS-_2.mzXML	25.0	30680.1	0.0	0.0	[9.0..9.0]	[0.0..0.0]	[0.888..0.888]	[27243.93..27243.93]	[0.66..0.66]	[0.03..0.12]	[0.888..0.888]	[27243.93..27243.93]	[0.66..0.66]	[0.034..0.12]	0.8987426	[24485.281..24485.281]
Group-1	PS 34:2:0	281.25	240116_PS_FTMSMS-_2.mzXML	30.0	61227.1	0.0	0.0	[9.0..9.0]	[0.0..0.0]	[0.919..0.919]	[56267.707..56267.707]	[0.696..0.696]	[0.03..0.12]	[0.919..0.919]	[56267.707..56267.707]	[0.696..0.696]	[0.034..0.12]	0.8987426	[50570.188..50570.188]
Group-1	PS 34:2:0	281.25	240116_PS_FTMSMS-_2.mzXML	35.0	74411.0	0.0	0.0	[9.0..9.0]	[0.0..0.0]	[0.936..0.936]	[69648.695..69648.695]	[0.704..0.704]	[0.03..0.12]	[0.936..0.936]	[69648.695..69648.695]	[0.704..0.704]	[0.034..0.12]	0.8987426	[62596.25..62596.25]
Group-1	PS 34:2:0	283.26	240116_PS_FTMSMS-_2.mzXML	25.0	19344.9	0.0	0.0	[0.0..0.0]	[0.0..1.0]	[0.986..0.998]	[19074.072..19306.21]	[0.961..0.963]	[0.0..0.0]	[0.986..0.986]	[19074.072..19074.072]	[0.961..0.961]	[0.0..0.0]	0.8987426	[17142.682..17351.314]
Group-1	PS 34:2:0	283.26	240116_PS_FTMSMS-_2.mzXML	30.0	25746.9	0.0	0.0	[0.0..0.0]	[0.0..1.0]	[0.968..0.975]	[24923.0..25103.229]	[0.964..0.964]	[0.0..0.0]	[0.968..0.968]	[24923.0..24923.0]	[0.964..0.964]	[0.0..0.0]	0.8987426	[22399.361..22561.34]
Group-1	PS 34:2:0	283.26	240116_PS_FTMSMS-_2.mzXML	35.0	28868.7	0.0	0.0	[0.0..0.0]	[0.0..1.0]	[0.961..0.962]	[27742.82..27771.69]	[0.969..0.969]	[0.0..0.0]	[0.961..0.961]	[27742.82..27742.82]	[0.969..0.969]	[0.0..0.0]	0.8987426	[24933.654..24959.6]
Group-1	PS 35:0:0	269.25	240116_PS_FTMSMS-_2.mzXML	25.0	1251.4	0.0	0.0	[0.0..0.0]	[0.0..1.0]	[0.99..0.997]	[1238.886..1247.646]	[0.101..0.101]	[1.0..1.0]	[0.997..0.997]	[1247.6458..1247.6458]	[0.102..0.102]	[1.0..1.0]	0.88078475	[1091.192..1098.9075]
Group-1	PS 35:0:0	269.25	240116_PS_FTMSMS-_2.mzXML	30.0	87.5	0.0	0.0	[0.0..0.0]	[0.0..1.0]	[0.981..0.986]	[85.838..86.275]	[0.005..0.005]	[1.0..1.0]	[0.986..0.986]	[86.275..86.275]	[0.005..0.005]	[1.0..1.0]	0.88078475	[75.60436..75.9897]
Group-1	PS 35:0:0	269.25	240116_PS_FTMSMS-_2.mzXML	35.0	3183.5	0.0	0.0	[0.0..0.0]	[0.0..1.0]	[0.979..0.979]	[3116.647..3116.647]	[0.118..0.118]	[1.0..1.0]	[0.979..0.979]	[3116.6465..3116.6465]	[0.118..0.118]	[1.0..1.0]	0.88078475	[2745.0947..2745.0947]
Group-1	PS 35:0:0	283.26	240116_PS_FTMSMS-_2.mzXML	25.0	11162.1	0.0	0.0	[0.0..0.0]	[0.0..1.0]	[0.986..0.998]	[11005.83..11139.775]	[0.899..0.899]	[0.0..0.0]	[0.986..0.986]	[11005.83..11005.83]	[0.898..0.898]	[0.0..0.0]	0.88078475	[9693.768..9811.745]
Group-1	PS 35:0:0	283.26	240116_PS_FTMSMS-_2.mzXML	30.0	19344.0	0.0	0.0	[0.0..0.0]	[0.0..1.0]	[0.968..0.975]	[18724.992..18860.4]	[0.995..0.995]	[0.0..0.0]	[0.968..0.968]	[18724.992..18724.992]	[0.995..0.995]	[0.0..0.0]	0.88078475	[16492.688..16611.953]
Group-1	PS 35:0:0	283.26	240116_PS_FTMSMS-_2.mzXML	35.0	24140.5	0.0	0.0	[0.0..0.0]	[0.0..1.0]	[0.961..0.962]	[23199.021..23223.162]	[0.882..0.882]	[0.0..0.0]	[0.961..0.961]	[23199.021..23199.021]	[0.882..0.882]	[0.0..0.0]	0.88078475	[20433.344..20454.605]
Group-1	PS 35:1:0	267.23	240116_PS_FTMSMS-_2.mzXML	25.0	32659.6	0.0	0.0	[9.0..9.0]	[0.0..1.0]	[0.877..0.933]	[28642.469..30471.408]	[0.27..0.28]	[1.0..1.0]	[0.933..0.933]	[30471.408..30471.408]	[0.282..0.282]	[1.0..1.0]	0.8827558	[25284.305..26898.812]
Group-1	PS 35:1:0	267.23	240116_PS_FTMSMS-_2.mzXML	30.0	63207.6	0.0	0.0	[9.0..9.0]	[0.0..1.0]	[0.916..0.927]	[57898.164..58593.445]	[0.242..0.243]	[1.0..1.0]	[0.927..0.927]	[58593.445..58593.445]	[0.244..0.244]	[1.0..1.0]	0.8827558	[51109.94..51723.707]
Group-1	PS 35:1:0	267.23	240116_PS_FTMSMS-_2.mzXML	35.0	68328.5	0.0	0.0	[9.0..9.0]	[0.0..1.0]	[0.923..0.938]	[63067.203..64092.133]	[0.228..0.231]	[1.0..1.0]	[0.938..0.938]	[64092.133..64092.133]	[0.231..0.231]	[1.0..1.0]	0.8827558	[55672.938..56577.703]
Group-1	PS 35:1:0	269.25	240116_PS_FTMSMS-_2.mzXML	25.0	181727.2	0.0	0.0	[0.0..0.0]	[1.0..1.0]	[0.997..0.997]	[181182.02..181182.02]	[0.696..0.696]	[0.0..0.03]	[0.997..0.997]	[181182.02..181182.02]	[0.696..0.696]	[0.0..0.034]	0.8827558	[159939.48..159939.48]
Group-1	PS 35:1:0	269.25	240116_PS_FTMSMS-_2.mzXML	30.0	416544.7	0.0	0.0	[0.0..0.0]	[0.100000024..0.100000024]	[0.982..0.982]	[409046.88..409046.88]	[0.735..0.735]	[0.0..0.03]	[0.982..0.982]	[409046.88..409046.88]	[0.735..0.735]	[0.0..0.034]	0.8827558	[361088.53..361088.53]
Group-1	PS 35:1:0	269.25	240116_PS_FTMSMS-_2.mzXML	35.0	482450.1	0.0	0.0	[0.0..0.0]	[0.100000024..1.0]	[0.979..0.979]	[472318.62..472318.62]	[0.744..0.748]	[0.0..0.03]	[0.979..0.979]	[472318.62..472318.62]	[0.744..0.744]	[0.0..0.034]	0.8827558	[416942.0..416942.0]
Group-1	PS 35:1:0	281.25	240116_PS_FTMSMS-_2.mzXML	25.0	89120.1	0.0	0.0	[9.0..9.0]	[0.0..0.0]	[0.888..0.888]	[79138.65..79138.65]	[0.304..0.304]	[0.97..1.0]	[0.888..0.888]	[79138.65..79138.65]	[0.304..0.304]	[0.966..1.0]	0.8827558	[69860.11..69860.11]
Group-1	PS 35:1:0	281.25	240116_PS_FTMSMS-_2.mzXML	30.0	159281.4	0.0	0.0	[9.0..9.0]	[0.9..0.9]	[0.924..0.924]	[147176.02..147176.02]	[0.265..0.265]	[0.97..1.0]	[0.924..0.924]	[147176.02..147176.02]	[0.265..0.265]	[0.966..1.0]	0.8827558	[129920.5..129920.5]
Group-1	PS 35:1:0	281.25	240116_PS_FTMSMS-_2.mzXML	35.0	173418.7	0.0	0.0	[9.0..9.0]	[0.0..0.9]	[0.918..0.936]	[159198.36..162319.9]	[0.252..0.256]	[0.97..1.0]	[0.935..0.936]	[162146.48..162319.9]	[0.256..0.256]	[0.966..1.0]	0.8827558	[140533.3..143288.84]
Group-1	PS 35:1:0	283.26	240116_PS_FTMSMS-_2.mzXML	25.0	78683.9	0.0	0.0	[0.0..0.0]	[0.0..1.0]	[0.986..0.998]	[77582.32..78526.53]	[0.72..0.73]	[0.0..0.0]	[0.986..0.986]	[77582.32..77582.32]	[0.718..0.718]	[0.0..0.0]	0.8827558	[68486.25..69319.76]
Group-1	PS 35:1:0	283.26	240116_PS_FTMSMS-_2.mzXML	30.0	187366.5	0.0	0.0	[0.0..0.0]	[0.0..1.0]	[0.968..0.975]	[181370.77..182682.34]	[0.757..0.758]	[0.0..0.0]	[0.968..0.968]	[181370.77..181370.77]	[0.756..0.756]	[0.0..0.0]	0.8827558	[160106.11..161263.9]
Group-1	PS 35:1:0	283.26	240116_PS_FTMSMS-_2.mzXML	35.0	222006.5	0.0	0.0	[0.0..0.0]	[0.0..1.0]	[0.961..0.962]	[213348.25..213570.25]	[0.769..0.772]	[0.0..0.0]	[0.961..0.961]	[213348.25..213348.25]	[0.769..0.769]	[0.0..0.0]	0.8827558	[188334.4..188530.39]
Group-1	PS 36:1:0	281.25	240116_PS_FTMSMS-_2.mzXML	25.0	1.2909867E7	0.0	0.0	[9.0..9.0]	[0.0..1.0]	[0.888..0.94]	[1.1463962E7..1.2135274E7]	[0.291..0.301]	[1.0..1.0]	[0.94..0.94]	[1.2135275E7..1.2135275E7]	[0.303..0.303]	[0.997..1.0]	0.86926925	[9965269.0..1.0548821E7]
Group-1	PS 36:1:0	281.25	240116_PS_FTMSMS-_2.mzXML	30.0	2.0080062E7	0.0	0.0	[9.0..9.0]	[0.0..1.0]	[0.919..0.925]	[1.8453578E7..1.8574058E7]	[0.262..0.262]	[1.0..1.0]	[0.925..0.925]	[1.8574058E7..1.8574058E7]	[0.263..0.263]	[0.997..1.0]	0.86926925	[1.6041127E7..1.6145857E7]
Group-1	PS 36:1:0	281.25	240116_PS_FTMSMS-_2.mzXML	35.0	2.278924E7	0.0	0.0	[9.0..9.0]	[0.0..1.0]	[0.916..0.936]	[2.0874944E7..2.1330728E7]	[0.237..0.24]	[1.0..1.0]	[0.936..0.936]	[2.1330728E7..2.1330728E7]	[0.241..0.241]	[0.997..1.0]	0.86926925	[1.8145948E7..1.8542146E7]
Group-1	PS 36:1:0	283.26	240116_PS_FTMSMS-_2.mzXML	25.0	2.830087E7	0.0	0.0	[0.0..0.0]	[0.0..1.0]	[0.986..0.998]	[2.7904658E7..2.8244268E7]	[0.699..0.709]	[0.0..0.0]	[0.986..0.986]	[2.7904658E7..2.7904658E7]	[0.697..0.697]	[0.0..0.003]	0.86926925	[2.425666E7..2.4551874E7]
Group-1	PS 36:1:0	283.26	240116_PS_FTMSMS-_2.mzXML	30.0	5.374394E7	0.0	0.0	[0.0..0.0]	[0.0..1.0]	[0.968..0.975]	[5.2024132E7..5.2400344E7]	[0.738..0.738]	[0.0..0.0]	[0.968..0.968]	[5.2024132E7..5.2024132E7]	[0.737..0.737]	[0.0..0.003]	0.86926925	[4.522298E7..4.5550008E7]
Group-1	PS 36:1:0	283.26	240116_PS_FTMSMS-_2.mzXML	35.0	7.0065232E7	0.0	0.0	[0.0..0.0]	[0.0..1.0]	[0.961..0.962]	[6.7332688E7..6.7402752E7]	[0.76..0.763]	[0.0..0.0]	[0.961..0.961]	[6.7332688E7..6.7332688E7]	[0.759..0.759]	[0.0..0.003]	0.86926925	[5.8530236E7..5.859114E7]
Group-1	PS 36:2:0	279.23	240116_PS_FTMSMS-_2.mzXML	25.0	104528.1	0.0	0.0	[9.0..9.0]	[0.0..1.0]	[0.882..0.927]	[92193.79..96897.55]	[0.242..0.249]	[1.0..1.0]	[0.927..0.927]	[96897.55..96897.55]	[0.252..0.252]	[1.0..1.0]	0.8711848	[80317.83..84415.67]
Group-1	PS 36:2:0	279.23	240116_PS_FTMSMS-_2.mzXML	30.0	222194.7	0.0	0.0	[9.0..9.0]	[0.0..1.0]	[0.929..0.932]	[206418.89..207085.45]	[0.261..0.262]	[1.0..1.0]	[0.932..0.932]	[207085.45..207085.45]	[0.263..0.263]	[1.0..1.0]	0.8711848	[179829.0..180409.72]
Group-1	PS 36:2:0	279.23	240116_PS_FTMSMS-_2.mzXML	35.0	222580.3	0.0	0.0	[9.0..9.0]	[0.0..1.0]	[0.962..0.981]	[214122.25..218351.27]	[0.24..0.244]	[1.0..1.0]	[0.981..0.981]	[218351.27..218351.27]	[0.244..0.244]	[1.0..1.0]	0.8711848	[186540.05..190224.31]
Group-1	PS 36:2:0	281.25	240116_PS_FTMSMS-_2.mzXML	25.0	4739077.5	0.0	0.0	[9.0..9.0]	[0.5..0.5]	[0.946..0.946]	[4483167.0..4483167.0]	[0.5..0.5]	[0.5..0.5]	[0.946..0.946]	[4483167.0..4483167.0]	[0.5..0.5]	[0.5..0.5]	0.8711848	[3905667.2..3905667.2]
Group-1	PS 36:2:0	281.25	240116_PS_FTMSMS-_2.mzXML	30.0	9898077.0	0.0	0.0	[9.0..9.0]	[0.5..0.5]	[0.911..0.911]	[9017148.0..9017148.0]	[0.5..0.5]	[0.5..0.5]	[0.911..0.911]	[9017148.0..9017148.0]	[0.5..0.5]	[0.5..0.5]	0.8711848	[7855602.5..7855602.5]
Group-1	PS 36:2:0	281.25	240116_PS_FTMSMS-_2.mzXML	35.0	1.1565456E7	0.0	0.0	[9.0..9.0]	[0.5..0.5]	[0.887..0.887]	[1.025856E7..1.025856E7]	[0.5..0.5]	[0.5..0.5]	[0.887..0.887]	[1.025856E7..1.025856E7]	[0.5..0.5]	[0.5..0.5]	0.8711848	[8937102.0..8937102.0]
Group-1	PS 36:2:0	283.26	240116_PS_FTMSMS-_2.mzXML	25.0	292232.4	0.0	0.0	[0.0..0.0]	[0.0..1.0]	[0.986..0.998]	[288141.16..291647.94]	[0.751..0.758]	[0.0..0.0]	[0.986..0.986]	[288141.16..288141.16]	[0.748..0.748]	[0.0..0.0]	0.8711848	[251024.2..254079.27]
Group-1	PS 36:2:0	283.26	240116_PS_FTMSMS-_2.mzXML	30.0	600547.1	0.0	0.0	[0.0..0.0]	[0.0..1.0]	[0.968..0.975]	[581329.6..585533.44]	[0.738..0.739]	[0.0..0.0]	[0.968..0.968]	[581329.6..581329.6]	[0.737..0.737]	[0.0..0.0]	0.8711848	[506445.53..510107.84]
Group-1	PS 36:2:0	283.26	240116_PS_FTMSMS-_2.mzXML	35.0	704280.1	0.0	0.0	[0.0..0.0]	[0.0..1.0]	[0.961..0.962]	[676813.2..677517.5]	[0.756..0.76]	[0.0..0.0]	[0.961..0.961]	[676813.2..676813.2]	[0.756..0.756]	[0.0..0.0]	0.8711848	[589629.44..590243.0]
Group-1	PS 36:3:0	253.22	240116_PS_FTMSMS-_2.mzXML	25.0	303.2	0.0	0.0	[9.0..9.0]	[1.0..1.0]	[0.927..0.927]	[281.066..281.066]	[0.279..0.279]	[0.88..1.0]	[0.927..0.927]	[281.0664..281.0664]	[0.279..0.279]	[0.879..1.0]	0.8731096	[245.40178..245.40178]
Group-1	PS 36:3:0	253.22	240116_PS_FTMSMS-_2.mzXML	30.0	842.0	0.0	0.0	[9.0..9.0]	[1.0..1.0]	[0.929..0.929]	[782.218..782.218]	[0.336..0.336]	[0.88..1.0]	[0.929..0.929]	[782.218..782.218]	[0.336..0.336]	[0.879..1.0]	0.8731096	[682.96204..682.96204]
Group-1	PS 36:3:0	253.22	240116_PS_FTMSMS-_2.mzXML	35.0	879.6	0.0	0.0	[9.0..9.0]	[1.0..1.0]	[0.93..0.93]	[818.028..818.028]	[0.328..0.328]	[0.88..1.0]	[0.93..0.93]	[818.02795..818.02795]	[0.328..0.328]	[0.879..1.0]	0.8731096	[714.2281..714.2281]
Group-1	PS 36:3:0	255.23	240116_PS_FTMSMS-_2.mzXML	25.0	9794.2	0.0	0.0	[0.0..0.0]	[1.0..1.0]	[1.0..1.0]	[9794.2..9794.2]	[0.704..0.708]	[0.0..0.01]	[1.0..1.0]	[9794.2..9794.2]	[0.695..0.698]	[0.0..0.005]	0.8731096	[8551.41..8551.41]
Group-1	PS 36:3:0	255.23	240116_PS_FTMSMS-_2.mzXML	30.0	18681.5	0.0	0.0	[0.0..0.0]	[1.0..1.0]	[1.0..1.0]	[18681.5..18681.5]	[0.727..0.748]	[0.0..0.01]	[1.0..1.0]	[18681.5..18681.5]	[0.726..0.748]	[0.0..0.005]	0.8731096	[16310.997..16310.997]
Group-1	PS 36:3:0	255.23	240116_PS_FTMSMS-_2.mzXML	35.0	22905.2	0.0	0.0	[0.0..0.0]	[1.0..1.0]	[1.0..1.0]	[22905.2..22905.2]	[0.724..0.77]	[0.0..0.01]	[1.0..1.0]	[22905.2..22905.2]	[0.726..0.774]	[0.0..0.005]	0.8731096	[19998.748..19998.748]
Group-1	PS 36:3:0	277.22	240116_PS_FTMSMS-_2.mzXML	25.0	2252.2	0.0	0.0	[6.0..9.0]	[0.0..1.0]	[0.921..0.977]	[2074.276..2200.4]	[0.187..0.194]	[1.0..1.0]	[0.95..0.977]	[2139.5898..2200.3994]	[0.191..0.196]	[1.0..1.0]	0.8731096	[1811.0704..1921.1897]
Group-1	PS 36:3:0	277.22	240116_PS_FTMSMS-_2.mzXML	30.0	3782.2	0.0	0.0	[6.0..9.0]	[0.0..1.0]	[1.016..1.112]	[3842.715..4205.806]	[0.177..0.189]	[1.0..1.0]	[1.008..1.112]	[3812.4575..4205.806]	[0.176..0.19]	[1.0..1.0]	0.8731096	[3355.1113..3672.1296]
Group-1	PS 36:3:0	277.22	240116_PS_FTMSMS-_2.mzXML	35.0	3331.8	0.0	0.0	[6.0..9.0]	[0.0..1.0]	[1.152..1.342]	[3838.234..4471.276]	[0.143..0.162]	[1.0..1.0]	[1.126..1.342]	[3751.607..4471.276]	[0.14..0.162]	[1.0..1.0]	0.8731096	[3351.1985..3903.9138]
Group-1	PS 36:3:0	279.23	240116_PS_FTMSMS-_2.mzXML	25.0	50315.3	0.0	0.0	[9.0..9.0]	[1.0..1.0]	[0.927..0.927]	[46642.28..46642.28]	[0.475..0.475]	[0.56..0.59]	[0.927..0.927]	[46642.28..46642.28]	[0.475..0.475]	[0.559..0.587]	0.8731096	[40723.824..40723.824]
Group-1	PS 36:3:0	279.23	240116_PS_FTMSMS-_2.mzXML	30.0	94566.5	0.0	0.0	[9.0..9.0]	[1.0..1.0]	[0.932..0.932]	[88135.98..88135.98]	[0.468..0.468]	[0.56..0.59]	[0.932..0.932]	[88135.98..88135.98]	[0.468..0.468]	[0.559..0.587]	0.8731096	[76952.36..76952.36]
Group-1	PS 36:3:0	279.23	240116_PS_FTMSMS-_2.mzXML	35.0	107882.7	0.0	0.0	[9.0..9.0]	[1.0..1.0]	[0.962..0.962]	[103783.17..103783.17]	[0.462..0.462]	[0.56..0.59]	[0.962..0.962]	[103783.164..103783.164]	[0.462..0.462]	[0.559..0.587]	0.8731096	[90614.07..90614.07]
Group-1	PS 36:3:0	281.25	240116_PS_FTMSMS-_2.mzXML	25.0	58143.0	0.0	0.0	[9.0..9.0]	[0.0..0.0]	[0.888..0.888]	[51630.984..51630.984]	[0.525..0.525]	[0.41..0.44]	[0.888..0.888]	[51630.984..51630.984]	[0.525..0.525]	[0.413..0.441]	0.8731096	[45079.508..45079.508]
Group-1	PS 36:3:0	281.25	240116_PS_FTMSMS-_2.mzXML	30.0	108833.1	0.0	0.0	[9.0..9.0]	[0.0..0.0]	[0.919..0.919]	[100017.625..100017.625]	[0.532..0.532]	[0.41..0.44]	[0.919..0.919]	[100017.625..100017.625]	[0.532..0.532]	[0.413..0.441]	0.8731096	[87326.35..87326.35]
Group-1	PS 36:3:0	281.25	240116_PS_FTMSMS-_2.mzXML	35.0	129142.7	0.0	0.0	[9.0..9.0]	[0.0..0.0]	[0.936..0.936]	[120877.57..120877.57]	[0.538..0.538]	[0.41..0.44]	[0.936..0.936]	[120877.57..120877.57]	[0.538..0.538]	[0.413..0.441]	0.8731096	[105539.37..105539.37]
Group-1	PS 36:3:0	283.26	240116_PS_FTMSMS-_2.mzXML	25.0	9172.1	0.0	0.0	[0.0..0.0]	[0.0..1.0]	[0.986..0.998]	[9043.69..9153.756]	[0.806..0.813]	[0.0..0.0]	[0.986..0.986]	[9043.69..9043.69]	[0.804..0.809]	[0.0..0.0]	0.8731096	[7896.133..7992.232]
Group-1	PS 36:3:0	283.26	240116_PS_FTMSMS-_2.mzXML	30.0	18487.6	0.0	0.0	[0.0..0.0]	[0.0..1.0]	[0.968..0.975]	[17895.996..18025.41]	[0.811..0.823]	[0.0..0.0]	[0.968..0.968]	[17895.996..17895.996]	[0.81..0.824]	[0.0..0.0]	0.8731096	[15625.166..15738.158]
Group-1	PS 36:3:0	283.26	240116_PS_FTMSMS-_2.mzXML	35.0	23987.3	0.0	0.0	[0.0..0.0]	[0.0..1.0]	[0.961..0.962]	[23051.797..23075.783]	[0.838..0.857]	[0.0..0.0]	[0.961..0.961]	[23051.797..23051.797]	[0.838..0.86]	[0.0..0.0]	0.8731096	[20126.746..20147.69]
Group-1	PS 36:3:0	305.25	240116_PS_FTMSMS-_2.mzXML	25.0	4463.4	0.0	0.0	[5.0..11.0]	[0.0..0.0]	[0.905..0.922]	[4039.377..4115.255]	[0.292..0.296]	[0.99..1.0]	[0.95..0.963]	[4240.23..4298.254]	[0.302..0.305]	[0.995..1.0]	0.8731096	[3526.8184..3593.068]
Group-1	PS 36:3:0	305.25	240116_PS_FTMSMS-_2.mzXML	30.0	6594.5	0.0	0.0	[5.0..11.0]	[0.0..0.0]	[0.956..1.063]	[6304.342..7009.953]	[0.252..0.273]	[0.99..1.0]	[0.955..1.067]	[6297.7476..7036.3315]	[0.252..0.274]	[0.995..1.0]	0.8731096	[5504.3813..6120.4575]
Group-1	PS 36:3:0	305.25	240116_PS_FTMSMS-_2.mzXML	35.0	6692.3	0.0	0.0	[5.0..11.0]	[0.0..0.0]	[1.023..1.308]	[6846.223..8753.528]	[0.23..0.276]	[0.99..1.0]	[0.999..1.293]	[6685.6074..8653.144]	[0.226..0.274]	[0.995..1.0]	0.8731096	[5977.5024..7642.7886]
Group-1	PS 36:3:0	307.26	240116_PS_FTMSMS-_2.mzXML	25.0	796.8	0.0	0.0	[11.0..11.0]	[0.0..0.0]	[0.912..0.912]	[726.682..726.682]	[0.721..0.721]	[0.0..0.12]	[0.912..0.912]	[726.6816..726.6816]	[0.721..0.721]	[0.0..0.121]	0.8731096	[634.47266..634.47266]
Group-1	PS 36:3:0	307.26	240116_PS_FTMSMS-_2.mzXML	30.0	1664.6	0.0	0.0	[11.0..11.0]	[0.0..0.0]	[0.929..0.929]	[1546.414..1546.414]	[0.664..0.664]	[0.0..0.12]	[0.929..0.929]	[1546.4135..1546.4135]	[0.664..0.664]	[0.0..0.121]	0.8731096	[1350.1884..1350.1884]
Group-1	PS 36:3:0	307.26	240116_PS_FTMSMS-_2.mzXML	35.0	1760.3	0.0	0.0	[11.0..11.0]	[0.0..0.0]	[0.951..0.951]	[1674.045..1674.045]	[0.672..0.672]	[0.0..0.12]	[0.951..0.951]	[1674.0453..1674.0453]	[0.672..0.672]	[0.0..0.121]	0.8731096	[1461.625..1461.625]
Group-1	PS 36:4:0	253.22	240116_PS_FTMSMS-_2.mzXML	25.0	3559.2	0.0	0.0	[9.0..9.0]	[1.0..1.0]	[0.927..0.927]	[3299.379..3299.379]	[0.893..0.895]	[0.0..0.0]	[0.927..0.927]	[3299.3784..3299.3784]	[0.89..0.89]	[0.0..0.0]	0.875034	[2887.068..2887.068]
Group-1	PS 36:4:0	253.22	240116_PS_FTMSMS-_2.mzXML	30.0	8986.2	0.0	0.0	[9.0..9.0]	[1.0..1.0]	[0.929..0.929]	[8348.18..8348.18]	[0.928..0.935]	[0.0..0.0]	[0.929..0.929]	[8348.18..8348.18]	[0.928..0.935]	[0.0..0.0]	0.875034	[7304.9414..7304.9414]
Group-1	PS 36:4:0	253.22	240116_PS_FTMSMS-_2.mzXML	35.0	11566.7	0.0	0.0	[9.0..9.0]	[1.0..1.0]	[0.93..0.93]	[10757.031..10757.031]	[0.918..0.935]	[0.0..0.0]	[0.93..0.93]	[10757.031..10757.031]	[0.919..0.936]	[0.0..0.0]	0.875034	[9412.768..9412.768]
Group-1	PS 36:4:0	255.23	240116_PS_FTMSMS-_2.mzXML	25.0	52009.1	0.0	0.0	[0.0..0.0]	[1.0..1.0]	[1.0..1.0]	[52009.1..52009.1]	[0.828..0.831]	[0.0..0.0]	[1.0..1.0]	[52009.1..52009.1]	[0.818..0.827]	[0.0..0.0]	0.875034	[45509.73..45509.73]
Group-1	PS 36:4:0	255.23	240116_PS_FTMSMS-_2.mzXML	30.0	130131.8	0.0	0.0	[0.0..0.0]	[0.0..1.0]	[1.0..1.0]	[130131.8..130131.8]	[0.864..0.881]	[0.0..0.0]	[1.0..1.0]	[130131.8..130131.8]	[0.864..0.881]	[0.0..0.0]	0.875034	[113869.74..113869.74]
Group-1	PS 36:4:0	255.23	240116_PS_FTMSMS-_2.mzXML	35.0	180682.9	0.0	0.0	[0.0..0.0]	[0.0..1.0]	[1.0..1.0]	[180682.9..180682.9]	[0.892..0.913]	[0.0..0.0]	[1.0..1.0]	[180682.9..180682.9]	[0.892..0.914]	[0.0..0.0]	0.875034	[158103.69..158103.69]
Group-1	PS 36:4:0	279.23	240116_PS_FTMSMS-_2.mzXML	25.0	1198.8	0.0	0.0	[9.0..9.0]	[0.5..0.5]	[0.932..0.932]	[1117.282..1117.282]	[0.5..0.5]	[0.5..0.5]	[0.932..0.932]	[1117.2816..1117.2816]	[0.5..0.5]	[0.5..0.5]	0.875034	[977.65936..977.65936]
Group-1	PS 36:4:0	279.23	240116_PS_FTMSMS-_2.mzXML	30.0	2120.7	0.0	0.0	[9.0..9.0]	[0.5..0.5]	[0.913..0.913]	[1936.199..1936.199]	[0.5..0.5]	[0.5..0.5]	[0.913..0.913]	[1936.199..1936.199]	[0.5..0.5]	[0.5..0.5]	0.875034	[1694.2399..1694.2399]
Group-1	PS 36:4:0	279.23	240116_PS_FTMSMS-_2.mzXML	35.0	2349.8	0.0	0.0	[9.0..9.0]	[0.5..0.5]	[0.921..0.921]	[2164.166..2164.166]	[0.5..0.5]	[0.5..0.5]	[0.921..0.921]	[2164.1658..2164.1658]	[0.5..0.5]	[0.5..0.5]	0.875034	[1893.7185..1893.7185]
Group-1	PS 36:4:0	303.23	240116_PS_FTMSMS-_2.mzXML	25.0	10876.1	0.0	0.0	[5.0..8.0]	[0.0..0.0]	[0.972..0.996]	[10571.569..10832.595]	[0.169..0.172]	[1.0..1.0]	[1.0..1.062]	[10876.1..11550.418]	[0.173..0.182]	[1.0..1.0]	0.875034	[9250.482..9478.889]
Group-1	PS 36:4:0	303.23	240116_PS_FTMSMS-_2.mzXML	30.0	15164.6	0.0	0.0	[5.0..8.0]	[0.0..1.0]	[1.162..1.348]	[17621.264..20441.88]	[0.119..0.136]	[1.0..1.0]	[1.159..1.348]	[17575.771..20441.88]	[0.119..0.136]	[1.0..1.0]	0.875034	[15419.205..17887.34]
Group-1	PS 36:4:0	303.23	240116_PS_FTMSMS-_2.mzXML	35.0	11593.0	0.0	0.0	[5.0..8.0]	[0.0..1.0]	[1.492..1.894]	[17296.756..21957.143]	[0.087..0.108]	[1.0..1.0]	[1.474..1.894]	[17088.082..21957.143]	[0.086..0.108]	[1.0..1.0]	0.875034	[15135.248..19213.246]
Group-1	PS 36:4:0	305.25	240116_PS_FTMSMS-_2.mzXML	25.0	429.4	0.0	0.0	[5.0..11.0]	[0.0..0.0]	[0.905..0.922]	[388.607..395.907]	[0.105..0.107]	[1.0..1.0]	[0.945..0.95]	[405.783..407.93]	[0.11..0.11]	[1.0..1.0]	0.875034	[340.0443..346.43192]
Group-1	PS 36:4:0	305.25	240116_PS_FTMSMS-_2.mzXML	30.0	611.1	0.0	0.0	[5.0..11.0]	[0.0..0.0]	[0.956..1.063]	[584.212..649.599]	[0.065..0.072]	[1.0..1.0]	[0.946..1.067]	[578.1006..652.0437]	[0.065..0.072]	[1.0..1.0]	0.875034	[511.20493..568.4214]
Group-1	PS 36:4:0	305.25	240116_PS_FTMSMS-_2.mzXML	35.0	733.8	0.0	0.0	[5.0..11.0]	[0.0..0.0]	[1.023..1.308]	[750.677..959.81]	[0.065..0.082]	[1.0..1.0]	[0.995..1.293]	[730.131..948.80334]	[0.064..0.081]	[1.0..1.0]	0.875034	[656.8682..839.86664]
Group-1	PS 37:0:0	283.26	240116_PS_FTMSMS-_2.mzXML	25.0	27441.9	0.0	0.0	[0.0..0.0]	[0.0..1.0]	[0.986..0.998]	[27057.713..27387.018]	[1.0..1.0]	[0.0..0.0]	[0.986..0.986]	[27057.713..27057.713]	[1.0..1.0]	[0.0..0.0]	0.854385	[23117.705..23399.059]
Group-1	PS 37:0:0	283.26	240116_PS_FTMSMS-_2.mzXML	30.0	70112.9	0.0	0.0	[0.0..0.0]	[0.0..1.0]	[0.968..0.975]	[67869.29..68360.08]	[1.0..1.0]	[0.0..0.0]	[0.968..0.968]	[67869.29..67869.29]	[1.0..1.0]	[0.0..0.0]	0.854385	[57986.5..58405.83]
Group-1	PS 37:0:0	283.26	240116_PS_FTMSMS-_2.mzXML	35.0	87967.2	0.0	0.0	[0.0..0.0]	[0.0..1.0]	[0.961..0.962]	[84536.484..84624.45]	[1.0..1.0]	[0.0..0.0]	[0.961..0.961]	[84536.484..84536.484]	[1.0..1.0]	[0.0..0.0]	0.854385	[72226.7..72301.86]
Group-1	PS 37:0:0	297.28	240116_PS_FTMSMS-_2.mzXML	25.0	-1.7	0.0	-0.0	[0.0..0.0]	[0.0..1.0]	[0.987..1.003]	[-1.705..-1.678]	[-0.0..-0.0]	[1.0..1.0]	[1.003..1.003]	[-1.7051..-1.7051]	[-0.0..-0.0]	[1.0..1.0]	0.854385	[-1.4568119..-1.4335726]
Group-1	PS 37:0:0	297.28	240116_PS_FTMSMS-_2.mzXML	30.0	-1.7	0.0	-0.0	[0.0..0.0]	[0.0..1.0]	[0.959..0.967]	[-1.644..-1.63]	[-0.0..-0.0]	[1.0..1.0]	[0.967..0.967]	[-1.6439..-1.6439]	[-0.0..-0.0]	[1.0..1.0]	0.854385	[-1.4045236..-1.3929039]
Group-1	PS 37:0:0	297.28	240116_PS_FTMSMS-_2.mzXML	35.0	-1.7	0.0	-0.0	[0.0..0.0]	[0.0..1.0]	[0.947..0.947]	[-1.61..-1.61]	[-0.0..-0.0]	[1.0..1.0]	[0.947..0.947]	[-1.6099001..-1.6099001]	[-0.0..-0.0]	[1.0..1.0]	0.854385	[-1.3754746..-1.3754746]
Group-1	PS 37:1:0	269.25	240116_PS_FTMSMS-_2.mzXML	25.0	16610.0	0.0	0.0	[0.0..0.0]	[1.0..1.0]	[0.997..0.997]	[16560.17..16560.17]	[0.735..0.735]	[0.0..0.0]	[0.997..0.997]	[16560.17..16560.17]	[0.735..0.735]	[0.0..0.0]	0.8562302	[14179.317..14179.317]
Group-1	PS 37:1:0	269.25	240116_PS_FTMSMS-_2.mzXML	30.0	36750.1	0.0	0.0	[0.0..0.0]	[1.0..1.0]	[0.986..0.986]	[36235.6..36235.6]	[0.742..0.742]	[0.0..0.0]	[0.986..0.986]	[36235.6..36235.6]	[0.742..0.742]	[0.0..0.0]	0.8562302	[31026.016..31026.016]
Group-1	PS 37:1:0	269.25	240116_PS_FTMSMS-_2.mzXML	35.0	46795.2	0.0	0.0	[0.0..0.0]	[1.0..1.0]	[0.979..0.979]	[45812.5..45812.5]	[0.753..0.753]	[0.0..0.0]	[0.979..0.979]	[45812.5..45812.5]	[0.753..0.753]	[0.0..0.0]	0.8562302	[39226.043..39226.043]
Group-1	PS 37:1:0	281.25	240116_PS_FTMSMS-_2.mzXML	25.0	79101.5	0.0	0.0	[9.0..9.0]	[0.0..1.0]	[0.888..0.94]	[70242.13..74355.41]	[0.504..0.514]	[0.49..0.63]	[0.913..0.921]	[72219.67..72852.484]	[0.509..0.511]	[0.49..0.635]	0.8562302	[60143.438..63665.348]
Group-1	PS 37:1:0	281.25	240116_PS_FTMSMS-_2.mzXML	30.0	140305.4	0.0	0.0	[9.0..9.0]	[0.0..1.0]	[0.919..0.925]	[128940.67..129782.49]	[0.459..0.459]	[0.49..0.63]	[0.922..0.923]	[129361.586..129501.89]	[0.459..0.459]	[0.49..0.635]	0.8562302	[110402.9..111123.695]
Group-1	PS 37:1:0	281.25	240116_PS_FTMSMS-_2.mzXML	35.0	153356.7	0.0	0.0	[9.0..9.0]	[0.0..1.0]	[0.916..0.936]	[140474.73..143541.88]	[0.436..0.441]	[0.49..0.63]	[0.926..0.929]	[142008.31..142468.38]	[0.439..0.439]	[0.49..0.635]	0.8562302	[120278.72..122904.88]
Group-1	PS 37:1:0	283.26	240116_PS_FTMSMS-_2.mzXML	25.0	148766.4	0.0	0.0	[0.0..0.0]	[1.0..1.0]	[0.998..0.998]	[148468.88..148468.88]	[0.845..0.845]	[0.0..0.0]	[0.998..0.998]	[148468.88..148468.88]	[0.845..0.845]	[0.0..0.0]	0.8562302	[127123.54..127123.54]
Group-1	PS 37:1:0	283.26	240116_PS_FTMSMS-_2.mzXML	30.0	321190.2	0.0	0.0	[0.0..0.0]	[1.0..1.0]	[0.975..0.975]	[313160.44..313160.44]	[0.863..0.863]	[0.0..0.0]	[0.975..0.975]	[313160.44..313160.44]	[0.863..0.863]	[0.0..0.0]	0.8562302	[268137.44..268137.44]
Group-1	PS 37:1:0	283.26	240116_PS_FTMSMS-_2.mzXML	35.0	411371.6	0.0	0.0	[0.0..0.0]	[1.0..1.0]	[0.962..0.962]	[395739.47..395739.47]	[0.876..0.876]	[0.0..0.0]	[0.962..0.962]	[395739.47..395739.47]	[0.876..0.876]	[0.0..0.0]	0.8562302	[338844.1..338844.1]
Group-1	PS 37:1:0	295.26	240116_PS_FTMSMS-_2.mzXML	25.0	30294.8	0.0	0.0	[9.0..9.0]	[0.0..0.0]	[0.899..0.899]	[27235.025..27235.025]	[0.155..0.155]	[1.0..1.0]	[0.899..0.899]	[27235.025..27235.025]	[0.155..0.155]	[1.0..1.0]	0.8562302	[23319.453..23319.453]
Group-1	PS 37:1:0	295.26	240116_PS_FTMSMS-_2.mzXML	30.0	53940.3	0.0	0.0	[9.0..9.0]	[0.0..0.0]	[0.921..0.921]	[49679.016..49679.016]	[0.137..0.137]	[1.0..1.0]	[0.921..0.921]	[49679.016..49679.016]	[0.137..0.137]	[1.0..1.0]	0.8562302	[42536.676..42536.676]
Group-1	PS 37:1:0	295.26	240116_PS_FTMSMS-_2.mzXML	35.0	60217.9	0.0	0.0	[9.0..9.0]	[0.0..0.0]	[0.933..0.933]	[56183.3..56183.3]	[0.124..0.124]	[1.0..1.0]	[0.933..0.933]	[56183.3..56183.3]	[0.124..0.124]	[1.0..1.0]	0.8562302	[48105.84..48105.84]
Group-1	PS 37:1:0	297.28	240116_PS_FTMSMS-_2.mzXML	25.0	70054.9	0.0	0.0	[0.0..0.0]	[0.0..1.0]	[0.987..1.003]	[69144.19..70265.06]	[0.486..0.496]	[0.37..0.51]	[0.993..0.995]	[69564.516..69704.625]	[0.489..0.491]	[0.365..0.51]	0.8562302	[59203.34..60163.07]
Group-1	PS 37:1:0	297.28	240116_PS_FTMSMS-_2.mzXML	30.0	158210.2	0.0	0.0	[0.0..0.0]	[0.0..1.0]	[0.959..0.967]	[151723.58..152989.27]	[0.541..0.541]	[0.37..0.51]	[0.962..0.963]	[152198.22..152356.42]	[0.541..0.541]	[0.365..0.51]	0.8562302	[129910.32..130994.04]
Group-1	PS 37:1:0	297.28	240116_PS_FTMSMS-_2.mzXML	35.0	191953.1	0.0	0.0	[0.0..0.0]	[0.0..1.0]	[0.947..0.947]	[181779.58..181779.58]	[0.559..0.564]	[0.37..0.51]	[0.947..0.947]	[181779.58..181779.58]	[0.561..0.561]	[0.365..0.51]	0.8562302	[155645.17..155645.17]
Group-1	PS 37:1:0	309.28	240116_PS_FTMSMS-_2.mzXML	25.0	6489.3	0.0	0.0	[11.0..11.0]	[0.0..0.0]	[0.919..0.919]	[5963.667..5963.667]	[0.265..0.265]	[1.0..1.0]	[0.919..0.919]	[5963.6665..5963.6665]	[0.265..0.265]	[1.0..1.0]	0.8562302	[5106.2715..5106.2715]
Group-1	PS 37:1:0	309.28	240116_PS_FTMSMS-_2.mzXML	30.0	13552.2	0.0	0.0	[11.0..11.0]	[0.0..0.0]	[0.932..0.932]	[12630.65..12630.65]	[0.258..0.258]	[1.0..1.0]	[0.932..0.932]	[12630.65..12630.65]	[0.258..0.258]	[1.0..1.0]	0.8562302	[10814.744..10814.744]
Group-1	PS 37:1:0	309.28	240116_PS_FTMSMS-_2.mzXML	35.0	16166.4	0.0	0.0	[11.0..11.0]	[0.0..0.0]	[0.932..0.932]	[15067.085..15067.085]	[0.247..0.247]	[1.0..1.0]	[0.932..0.932]	[15067.085..15067.085]	[0.247..0.247]	[1.0..1.0]	0.8562302	[12900.893..12900.893]
Group-1	PS 37:2:0	267.23	240116_PS_FTMSMS-_2.mzXML	25.0	1293.6	0.0	0.0	[9.0..9.0]	[1.0..1.0]	[0.933..0.933]	[1206.929..1206.929]	[0.4..0.4]	[0.74..0.91]	[0.933..0.933]	[1206.9288..1206.9288]	[0.4..0.4]	[0.738..0.907]	0.85807484	[1035.6353..1035.6353]
Group-1	PS 37:2:0	267.23	240116_PS_FTMSMS-_2.mzXML	30.0	2360.0	0.0	0.0	[9.0..9.0]	[1.0..1.0]	[0.927..0.927]	[2187.72..2187.72]	[0.324..0.324]	[0.74..0.91]	[0.927..0.927]	[2187.72..2187.72]	[0.324..0.324]	[0.738..0.907]	0.85807484	[1877.2274..1877.2274]
Group-1	PS 37:2:0	267.23	240116_PS_FTMSMS-_2.mzXML	35.0	2736.1	0.0	0.0	[9.0..9.0]	[1.0..1.0]	[0.923..0.923]	[2525.421..2525.421]	[0.324..0.324]	[0.74..0.91]	[0.923..0.923]	[2525.4204..2525.4204]	[0.324..0.324]	[0.738..0.907]	0.85807484	[2166.9995..2166.9995]
Group-1	PS 37:2:0	269.25	240116_PS_FTMSMS-_2.mzXML	25.0	3704.6	0.0	0.0	[0.0..0.0]	[1.0..1.0]	[0.997..0.997]	[3693.486..3693.486]	[0.726..0.726]	[0.0..0.0]	[0.997..0.997]	[3693.4863..3693.4863]	[0.726..0.726]	[0.0..0.0]	0.85807484	[3169.2876..3169.2876]
Group-1	PS 37:2:0	269.25	240116_PS_FTMSMS-_2.mzXML	30.0	9104.3	0.0	0.0	[0.0..0.0]	[1.0..1.0]	[0.986..0.986]	[8976.84..8976.84]	[0.746..0.746]	[0.0..0.0]	[0.986..0.986]	[8976.84..8976.84]	[0.746..0.746]	[0.0..0.0]	0.85807484	[7702.8..7702.8]
Group-1	PS 37:2:0	269.25	240116_PS_FTMSMS-_2.mzXML	35.0	10801.6	0.0	0.0	[0.0..0.0]	[1.0..1.0]	[0.979..0.979]	[10574.766..10574.766]	[0.775..0.775]	[0.0..0.0]	[0.979..0.979]	[10574.766..10574.766]	[0.775..0.775]	[0.0..0.0]	0.85807484	[9073.94..9073.94]
Group-1	PS 37:2:0	279.23	240116_PS_FTMSMS-_2.mzXML	25.0	681.7	0.0	0.0	[9.0..9.0]	[0.0..1.0]	[0.882..0.927]	[601.259..631.936]	[0.44..0.448]	[0.64..0.78]	[0.911..0.917]	[621.02875..625.1189]	[0.447..0.448]	[0.643..0.783]	0.85807484	[515.9256..542.2483]
Group-1	PS 37:2:0	279.23	240116_PS_FTMSMS-_2.mzXML	30.0	1298.1	0.0	0.0	[9.0..9.0]	[0.0..1.0]	[0.929..0.932]	[1205.935..1209.829]	[0.422..0.424]	[0.64..0.78]	[0.931..0.931]	[1208.5311..1208.5311]	[0.423..0.424]	[0.643..0.783]	0.85807484	[1034.7825..1038.124]
Group-1	PS 37:2:0	279.23	240116_PS_FTMSMS-_2.mzXML	35.0	1235.7	0.0	0.0	[9.0..9.0]	[0.0..1.0]	[0.962..0.981]	[1188.743..1212.222]	[0.371..0.376]	[0.64..0.78]	[0.974..0.977]	[1203.5718..1207.2788]	[0.374..0.375]	[0.643..0.783]	0.85807484	[1020.03076..1040.1769]
Group-1	PS 37:2:0	281.25	240116_PS_FTMSMS-_2.mzXML	25.0	52148.0	0.0	0.0	[9.0..9.0]	[1.0..1.0]	[0.94..0.94]	[49019.12..49019.12]	[0.541..0.541]	[0.4..0.53]	[0.94..0.94]	[49019.12..49019.12]	[0.541..0.541]	[0.403..0.527]	0.85807484	[42062.074..42062.074]
Group-1	PS 37:2:0	281.25	240116_PS_FTMSMS-_2.mzXML	30.0	99512.8	0.0	0.0	[9.0..9.0]	[1.0..1.0]	[0.925..0.925]	[92049.336..92049.336]	[0.496..0.496]	[0.4..0.53]	[0.925..0.925]	[92049.336..92049.336]	[0.496..0.496]	[0.403..0.527]	0.85807484	[78985.23..78985.23]
Group-1	PS 37:2:0	281.25	240116_PS_FTMSMS-_2.mzXML	35.0	114055.7	0.0	0.0	[9.0..9.0]	[1.0..1.0]	[0.916..0.916]	[104475.02..104475.02]	[0.488..0.488]	[0.4..0.53]	[0.916..0.916]	[104475.02..104475.02]	[0.488..0.488]	[0.403..0.527]	0.85807484	[89647.39..89647.39]
Group-1	PS 37:2:0	283.26	240116_PS_FTMSMS-_2.mzXML	25.0	10141.2	0.0	0.0	[0.0..0.0]	[1.0..1.0]	[0.998..0.998]	[10120.918..10120.918]	[0.802..0.802]	[0.0..0.0]	[0.998..0.998]	[10120.918..10120.918]	[0.802..0.802]	[0.0..0.0]	0.85807484	[8684.506..8684.506]
Group-1	PS 37:2:0	283.26	240116_PS_FTMSMS-_2.mzXML	30.0	23159.6	0.0	0.0	[0.0..0.0]	[1.0..1.0]	[0.975..0.975]	[22580.61..22580.61]	[0.856..0.856]	[0.0..0.0]	[0.975..0.975]	[22580.61..22580.61]	[0.856..0.856]	[0.0..0.0]	0.85807484	[19375.854..19375.854]
Group-1	PS 37:2:0	283.26	240116_PS_FTMSMS-_2.mzXML	35.0	27968.2	0.0	0.0	[0.0..0.0]	[1.0..1.0]	[0.962..0.962]	[26905.408..26905.408]	[0.867..0.867]	[0.0..0.0]	[0.962..0.962]	[26905.408..26905.408]	[0.867..0.867]	[0.0..0.0]	0.85807484	[23086.854..23086.854]
Group-1	PS 37:2:0	293.25	240116_PS_FTMSMS-_2.mzXML	25.0	2795.4	0.0	0.0	[9.0..9.0]	[0.0..0.0]	[0.892..0.892]	[2493.497..2493.497]	[0.198..0.198]	[1.0..1.0]	[0.892..0.892]	[2493.4968..2493.4968]	[0.198..0.198]	[1.0..1.0]	0.85807484	[2139.607..2139.607]
Group-1	PS 37:2:0	293.25	240116_PS_FTMSMS-_2.mzXML	30.0	4083.5	0.0	0.0	[9.0..9.0]	[0.0..0.0]	[0.931..0.931]	[3801.739..3801.739]	[0.144..0.144]	[1.0..1.0]	[0.931..0.931]	[3801.7385..3801.7385]	[0.144..0.144]	[1.0..1.0]	0.85807484	[3262.1763..3262.1763]
Group-1	PS 37:2:0	293.25	240116_PS_FTMSMS-_2.mzXML	35.0	4219.4	0.0	0.0	[9.0..9.0]	[0.0..0.0]	[0.98..0.98]	[4135.012..4135.012]	[0.133..0.133]	[1.0..1.0]	[0.98..0.98]	[4135.012..4135.012]	[0.133..0.133]	[1.0..1.0]	0.85807484	[3548.1497..3548.1497]
Group-1	PS 37:2:0	295.26	240116_PS_FTMSMS-_2.mzXML	25.0	46187.9	0.0	0.0	[9.0..9.0]	[0.0..0.0]	[0.899..0.899]	[41522.92..41522.92]	[0.459..0.459]	[0.47..0.6]	[0.899..0.899]	[41522.92..41522.92]	[0.459..0.459]	[0.473..0.597]	0.85807484	[35629.773..35629.773]
Group-1	PS 37:2:0	295.26	240116_PS_FTMSMS-_2.mzXML	30.0	101483.1	0.0	0.0	[9.0..9.0]	[0.0..0.0]	[0.921..0.921]	[93465.94..93465.94]	[0.504..0.504]	[0.47..0.6]	[0.921..0.921]	[93465.94..93465.94]	[0.504..0.504]	[0.473..0.597]	0.85807484	[80200.766..80200.766]
Group-1	PS 37:2:0	295.26	240116_PS_FTMSMS-_2.mzXML	35.0	117313.9	0.0	0.0	[9.0..9.0]	[0.0..0.0]	[0.933..0.933]	[109453.87..109453.87]	[0.512..0.512]	[0.47..0.6]	[0.933..0.933]	[109453.87..109453.87]	[0.512..0.512]	[0.473..0.597]	0.85807484	[93919.61..93919.61]
Group-1	PS 37:2:0	297.28	240116_PS_FTMSMS-_2.mzXML	25.0	776.6	0.0	0.0	[0.0..0.0]	[0.0..1.0]	[0.987..1.003]	[766.504..778.93]	[0.552..0.56]	[0.22..0.36]	[0.991..0.993]	[769.6106..771.16376]	[0.552..0.553]	[0.217..0.357]	0.85807484	[657.71796..668.38007]
Group-1	PS 37:2:0	297.28	240116_PS_FTMSMS-_2.mzXML	30.0	1710.8	0.0	0.0	[0.0..0.0]	[0.0..1.0]	[0.959..0.967]	[1640.657..1654.344]	[0.576..0.578]	[0.22..0.36]	[0.961..0.962]	[1644.0789..1645.7897]	[0.576..0.577]	[0.217..0.357]	0.85807484	[1407.8068..1419.5507]
Group-1	PS 37:2:0	297.28	240116_PS_FTMSMS-_2.mzXML	35.0	2128.6	0.0	0.0	[0.0..0.0]	[0.0..1.0]	[0.947..0.947]	[2015.784..2015.784]	[0.624..0.629]	[0.22..0.36]	[0.947..0.947]	[2015.7843..2015.7843]	[0.625..0.626]	[0.217..0.357]	0.85807484	[1729.6938..1729.6938]
Group-1	PS 37:2:0	307.26	240116_PS_FTMSMS-_2.mzXML	25.0	1527.2	0.0	0.0	[11.0..11.0]	[0.0..0.0]	[0.912..0.912]	[1392.806..1392.806]	[0.274..0.274]	[1.0..1.0]	[0.912..0.912]	[1392.8064..1392.8064]	[0.274..0.274]	[1.0..1.0]	0.85807484	[1195.1321..1195.1321]
Group-1	PS 37:2:0	307.26	240116_PS_FTMSMS-_2.mzXML	30.0	3287.2	0.0	0.0	[11.0..11.0]	[0.0..0.0]	[0.929..0.929]	[3053.809..3053.809]	[0.254..0.254]	[1.0..1.0]	[0.929..0.929]	[3053.8088..3053.8088]	[0.254..0.254]	[1.0..1.0]	0.85807484	[2620.3965..2620.3965]
Group-1	PS 37:2:0	307.26	240116_PS_FTMSMS-_2.mzXML	35.0	3233.3	0.0	0.0	[11.0..11.0]	[0.0..0.0]	[0.951..0.951]	[3074.868..3074.868]	[0.225..0.225]	[1.0..1.0]	[0.951..0.951]	[3074.8682..3074.8682]	[0.225..0.225]	[1.0..1.0]	0.85807484	[2638.467..2638.467]
Group-1	PS 37:2:0	309.28	240116_PS_FTMSMS-_2.mzXML	25.0	1971.6	0.0	0.0	[11.0..11.0]	[0.0..0.0]	[0.919..0.919]	[1811.9..1811.9]	[0.6..0.6]	[0.09..0.26]	[0.919..0.919]	[1811.9004..1811.9004]	[0.6..0.6]	[0.093..0.262]	0.85807484	[1554.7462..1554.7462]
Group-1	PS 37:2:0	309.28	240116_PS_FTMSMS-_2.mzXML	30.0	4890.7	0.0	0.0	[11.0..11.0]	[0.0..0.0]	[0.932..0.932]	[4558.133..4558.133]	[0.676..0.676]	[0.09..0.26]	[0.932..0.932]	[4558.1323..4558.1323]	[0.676..0.676]	[0.093..0.262]	0.85807484	[3911.219..3911.219]
Group-1	PS 37:2:0	309.28	240116_PS_FTMSMS-_2.mzXML	35.0	5642.7	0.0	0.0	[11.0..11.0]	[0.0..0.0]	[0.932..0.932]	[5258.997..5258.997]	[0.676..0.676]	[0.09..0.26]	[0.932..0.932]	[5258.9966..5258.9966]	[0.676..0.676]	[0.093..0.262]	0.85807484	[4512.6123..4512.6123]
Group-1	PS 37:3:0	269.25	240116_PS_FTMSMS-_2.mzXML	25.0	4050.0	0.0	0.0	[0.0..0.0]	[0.0..1.0]	[0.99..0.997]	[4009.5..4037.85]	[0.718..0.726]	[0.0..0.0]	[0.99..0.99]	[4009.5..4009.5]	[0.717..0.718]	[0.0..0.0]	0.85993737	[3447.919..3472.298]
Group-1	PS 37:3:0	269.25	240116_PS_FTMSMS-_2.mzXML	30.0	8186.3	0.0	0.0	[0.0..0.0]	[0.0..1.0]	[0.981..0.986]	[8030.761..8071.692]	[0.746..0.765]	[0.0..0.0]	[0.981..0.981]	[8030.7603..8030.7603]	[0.745..0.767]	[0.0..0.0]	0.85993737	[6905.9507..6941.1494]
Group-1	PS 37:3:0	269.25	240116_PS_FTMSMS-_2.mzXML	35.0	10120.7	0.0	0.0	[0.0..0.0]	[1.0..1.0]	[0.979..0.979]	[9908.165..9908.165]	[0.765..0.806]	[0.0..0.0]	[0.979..0.979]	[9908.165..9908.165]	[0.767..0.81]	[0.0..0.0]	0.85993737	[8520.401..8520.401]
Group-1	PS 37:3:0	279.23	240116_PS_FTMSMS-_2.mzXML	25.0	617.1	0.0	0.0	[9.0..9.0]	[1.0..1.0]	[0.927..0.927]	[572.052..572.052]	[0.585..0.585]	[0.3..0.57]	[0.927..0.927]	[572.0517..572.0517]	[0.585..0.585]	[0.298..0.574]	0.85993737	[491.92862..491.92862]
Group-1	PS 37:3:0	279.23	240116_PS_FTMSMS-_2.mzXML	30.0	855.0	0.0	0.0	[9.0..9.0]	[1.0..1.0]	[0.932..0.932]	[796.86..796.86]	[0.468..0.468]	[0.3..0.57]	[0.932..0.932]	[796.86..796.86]	[0.468..0.468]	[0.298..0.574]	0.85993737	[685.2497..685.2497]
Group-1	PS 37:3:0	279.23	240116_PS_FTMSMS-_2.mzXML	35.0	1288.1	0.0	0.0	[9.0..9.0]	[1.0..1.0]	[0.962..0.962]	[1239.152..1239.152]	[0.524..0.524]	[0.3..0.57]	[0.962..0.962]	[1239.1522..1239.1522]	[0.524..0.524]	[0.298..0.574]	0.85993737	[1065.5933..1065.5933]
Group-1	PS 37:3:0	281.25	240116_PS_FTMSMS-_2.mzXML	25.0	11368.9	0.0	0.0	[9.0..9.0]	[1.0..1.0]	[0.94..0.94]	[10686.767..10686.767]	[0.794..0.794]	[0.0..0.0]	[0.94..0.94]	[10686.767..10686.767]	[0.794..0.794]	[0.0..0.0]	0.85993737	[9189.949..9189.949]
Group-1	PS 37:3:0	281.25	240116_PS_FTMSMS-_2.mzXML	30.0	23376.4	0.0	0.0	[9.0..9.0]	[1.0..1.0]	[0.925..0.925]	[21623.17..21623.17]	[0.783..0.783]	[0.0..0.0]	[0.925..0.925]	[21623.17..21623.17]	[0.783..0.783]	[0.0..0.0]	0.85993737	[18594.572..18594.572]
Group-1	PS 37:3:0	281.25	240116_PS_FTMSMS-_2.mzXML	35.0	27567.4	0.0	0.0	[9.0..9.0]	[1.0..1.0]	[0.916..0.916]	[25251.738..25251.738]	[0.769..0.769]	[0.0..0.0]	[0.916..0.916]	[25251.738..25251.738]	[0.769..0.769]	[0.0..0.0]	0.85993737	[21714.914..21714.914]
Group-1	PS 37:3:0	283.26	240116_PS_FTMSMS-_2.mzXML	25.0	12551.9	0.0	0.0	[0.0..0.0]	[1.0..1.0]	[0.998..0.998]	[12526.797..12526.797]	[0.913..0.913]	[0.0..0.0]	[0.998..0.998]	[12526.797..12526.797]	[0.909..0.91]	[0.0..0.0]	0.85993737	[10772.261..10772.261]
Group-1	PS 37:3:0	283.26	240116_PS_FTMSMS-_2.mzXML	30.0	26698.7	0.0	0.0	[0.0..0.0]	[1.0..1.0]	[0.975..0.975]	[26031.232..26031.232]	[0.934..0.938]	[0.0..0.0]	[0.975..0.975]	[26031.232..26031.232]	[0.934..0.939]	[0.0..0.0]	0.85993737	[22385.229..22385.229]
Group-1	PS 37:3:0	283.26	240116_PS_FTMSMS-_2.mzXML	35.0	34057.5	0.0	0.0	[0.0..0.0]	[1.0..1.0]	[0.962..0.962]	[32763.314..32763.314]	[0.924..0.933]	[0.0..0.0]	[0.962..0.962]	[32763.314..32763.314]	[0.925..0.935]	[0.0..0.0]	0.85993737	[28174.398..28174.398]
Group-1	PS 37:3:0	291.23	240116_PS_FTMSMS-_2.mzXML	25.0	1297.5	0.0	0.0	[6.0..9.0]	[0.0..0.0]	[0.92..0.923]	[1193.7..1197.593]	[0.087..0.087]	[1.0..1.0]	[0.95..0.962]	[1232.625..1248.1951]	[0.09..0.091]	[1.0..1.0]	0.85993737	[1026.5072..1029.8545]
Group-1	PS 37:3:0	291.23	240116_PS_FTMSMS-_2.mzXML	30.0	1708.2	0.0	0.0	[6.0..9.0]	[0.0..0.0]	[1.004..1.077]	[1715.033..1839.732]	[0.062..0.066]	[1.0..1.0]	[0.998..1.079]	[1704.7836..1843.1477]	[0.061..0.066]	[1.0..1.0]	0.85993737	[1474.8207..1582.0537]
Group-1	PS 37:3:0	291.23	240116_PS_FTMSMS-_2.mzXML	35.0	2073.9	0.0	0.0	[6.0..9.0]	[0.0..0.0]	[1.132..1.308]	[2347.655..2712.661]	[0.067..0.076]	[1.0..1.0]	[1.107..1.29]	[2295.8071..2675.3308]	[0.065..0.075]	[1.0..1.0]	0.85993737	[2018.8359..2332.7188]
Group-1	PS 37:3:0	293.25	240116_PS_FTMSMS-_2.mzXML	25.0	3099.4	0.0	0.0	[9.0..9.0]	[0.0..0.0]	[0.892..0.892]	[2764.665..2764.665]	[0.206..0.206]	[1.0..1.0]	[0.892..0.892]	[2764.6648..2764.6648]	[0.206..0.206]	[1.0..1.0]	0.85993737	[2377.4385..2377.4385]
Group-1	PS 37:3:0	293.25	240116_PS_FTMSMS-_2.mzXML	30.0	6432.3	0.0	0.0	[9.0..9.0]	[0.0..0.0]	[0.931..0.931]	[5988.471..5988.471]	[0.217..0.217]	[1.0..1.0]	[0.931..0.931]	[5988.471..5988.471]	[0.217..0.217]	[1.0..1.0]	0.85993737	[5149.71..5149.71]
Group-1	PS 37:3:0	293.25	240116_PS_FTMSMS-_2.mzXML	35.0	7747.3	0.0	0.0	[9.0..9.0]	[0.0..0.0]	[0.98..0.98]	[7592.354..7592.354]	[0.231..0.231]	[1.0..1.0]	[0.98..0.98]	[7592.354..7592.354]	[0.231..0.231]	[1.0..1.0]	0.85993737	[6528.9487..6528.9487]
Group-1	PS 37:3:0	295.26	240116_PS_FTMSMS-_2.mzXML	25.0	452.0	0.0	0.0	[9.0..9.0]	[0.0..0.0]	[0.899..0.899]	[406.348..406.348]	[0.415..0.415]	[0.43..0.7]	[0.899..0.899]	[406.348..406.348]	[0.415..0.415]	[0.426..0.702]	0.85993737	[349.4338..349.4338]
Group-1	PS 37:3:0	295.26	240116_PS_FTMSMS-_2.mzXML	30.0	981.6	0.0	0.0	[9.0..9.0]	[0.0..0.0]	[0.921..0.921]	[904.054..904.054]	[0.532..0.532]	[0.43..0.7]	[0.921..0.921]	[904.0536..904.0536]	[0.532..0.532]	[0.426..0.702]	0.85993737	[777.42944..777.42944]
Group-1	PS 37:3:0	295.26	240116_PS_FTMSMS-_2.mzXML	35.0	1206.5	0.0	0.0	[9.0..9.0]	[0.0..0.0]	[0.933..0.933]	[1125.665..1125.665]	[0.476..0.476]	[0.43..0.7]	[0.933..0.933]	[1125.6646..1125.6646]	[0.476..0.476]	[0.426..0.702]	0.85993737	[968.001..968.001]
Group-1	PS 37:3:0	305.25	240116_PS_FTMSMS-_2.mzXML	25.0	1669.4	0.0	0.0	[5.0..11.0]	[0.0..1.0]	[0.905..0.95]	[1510.807..1585.93]	[0.274..0.282]	[1.0..1.0]	[0.945..0.95]	[1577.583..1585.93]	[0.282..0.283]	[1.0..1.0]	0.85993737	[1299.1993..1363.8005]
Group-1	PS 37:3:0	305.25	240116_PS_FTMSMS-_2.mzXML	30.0	2580.2	0.0	0.0	[5.0..11.0]	[0.0..1.0]	[0.956..1.067]	[2466.671..2753.074]	[0.235..0.254]	[1.0..1.0]	[0.946..1.067]	[2440.8691..2753.0735]	[0.233..0.255]	[1.0..1.0]	0.85993737	[2121.1826..2367.4707]
Group-1	PS 37:3:0	305.25	240116_PS_FTMSMS-_2.mzXML	35.0	2333.1	0.0	0.0	[5.0..11.0]	[0.0..0.0]	[1.023..1.308]	[2386.762..3051.695]	[0.194..0.235]	[1.0..1.0]	[0.995..1.293]	[2321.4346..3016.6985]	[0.19..0.233]	[1.0..1.0]	0.85993737	[2052.4653..2624.2664]
Group-1	PS 37:4:0	267.23	240116_PS_FTMSMS-_2.mzXML	25.0	1491.0	0.0	0.0	[9.0..9.0]	[1.0..1.0]	[0.933..0.933]	[1391.103..1391.103]	[0.816..0.819]	[0.0..0.0]	[0.933..0.933]	[1391.103..1391.103]	[0.812..0.812]	[0.0..0.0]	0.86180866	[1198.8646..1198.8646]
Group-1	PS 37:4:0	267.23	240116_PS_FTMSMS-_2.mzXML	30.0	3838.8	0.0	0.0	[9.0..9.0]	[1.0..1.0]	[0.927..0.927]	[3558.568..3558.568]	[0.862..0.874]	[0.0..0.0]	[0.927..0.927]	[3558.5676..3558.5676]	[0.862..0.875]	[0.0..0.0]	0.86180866	[3066.8042..3066.8042]
Group-1	PS 37:4:0	267.23	240116_PS_FTMSMS-_2.mzXML	35.0	4783.3	0.0	0.0	[9.0..9.0]	[1.0..1.0]	[0.923..0.923]	[4414.986..4414.986]	[0.853..0.882]	[0.0..0.0]	[0.923..0.923]	[4414.986..4414.986]	[0.855..0.884]	[0.0..0.0]	0.86180866	[3804.8728..3804.8728]
Group-1	PS 37:4:0	269.25	240116_PS_FTMSMS-_2.mzXML	25.0	15144.4	0.0	0.0	[0.0..0.0]	[1.0..1.0]	[0.997..0.997]	[15098.967..15098.967]	[0.814..0.818]	[0.0..0.0]	[0.997..0.997]	[15098.967..15098.967]	[0.805..0.814]	[0.0..0.0]	0.86180866	[13012.42..13012.42]
Group-1	PS 37:4:0	269.25	240116_PS_FTMSMS-_2.mzXML	30.0	40013.1	0.0	0.0	[0.0..0.0]	[1.0..1.0]	[0.986..0.986]	[39452.914..39452.914]	[0.859..0.874]	[0.0..0.0]	[0.986..0.986]	[39452.918..39452.918]	[0.857..0.875]	[0.0..0.0]	0.86180866	[34000.867..34000.867]
Group-1	PS 37:4:0	269.25	240116_PS_FTMSMS-_2.mzXML	35.0	53089.9	0.0	0.0	[0.0..0.0]	[1.0..1.0]	[0.979..0.979]	[51975.008..51975.008]	[0.886..0.909]	[0.0..0.0]	[0.979..0.979]	[51975.008..51975.008]	[0.888..0.91]	[0.0..0.0]	0.86180866	[44792.516..44792.516]
Group-1	PS 37:4:0	303.23	240116_PS_FTMSMS-_2.mzXML	25.0	3452.9	0.0	0.0	[5.0..8.0]	[0.0..0.0]	[0.972..0.996]	[3356.219..3439.089]	[0.182..0.186]	[1.0..1.0]	[1.0..1.062]	[3452.9..3666.9797]	[0.186..0.195]	[1.0..1.0]	0.86180866	[2892.4182..2963.836]
Group-1	PS 37:4:0	303.23	240116_PS_FTMSMS-_2.mzXML	30.0	4878.7	0.0	0.0	[5.0..8.0]	[0.0..0.0]	[1.162..1.328]	[5669.05..6478.914]	[0.126..0.141]	[1.0..1.0]	[1.159..1.348]	[5654.4136..6576.4883]	[0.125..0.143]	[1.0..1.0]	0.86180866	[4885.6357..5583.5835]
Group-1	PS 37:4:0	303.23	240116_PS_FTMSMS-_2.mzXML	35.0	3476.8	0.0	0.0	[5.0..8.0]	[0.0..0.0]	[1.492..1.914]	[5187.386..6654.595]	[0.091..0.114]	[1.0..1.0]	[1.474..1.894]	[5124.803..6585.0596]	[0.09..0.112]	[1.0..1.0]	0.86180866	[4470.5337..5734.988]
Group-1	PS 37:4:0	305.25	240116_PS_FTMSMS-_2.mzXML	25.0	340.1	0.0	0.0	[5.0..11.0]	[0.0..0.0]	[0.905..0.922]	[307.791..313.572]	[0.181..0.184]	[1.0..1.0]	[0.945..0.95]	[321.3945..323.095]	[0.188..0.188]	[1.0..1.0]	0.86180866	[265.25653..270.23926]
Group-1	PS 37:4:0	305.25	240116_PS_FTMSMS-_2.mzXML	30.0	536.1	0.0	0.0	[5.0..11.0]	[0.0..0.0]	[0.956..1.063]	[512.512..569.874]	[0.126..0.138]	[1.0..1.0]	[0.946..1.067]	[507.15057..572.0187]	[0.125..0.138]	[1.0..1.0]	0.86180866	[441.6869..491.12256]
Group-1	PS 37:4:0	305.25	240116_PS_FTMSMS-_2.mzXML	35.0	580.1	0.0	0.0	[5.0..11.0]	[0.0..0.0]	[1.023..1.308]	[593.442..758.771]	[0.118..0.147]	[1.0..1.0]	[0.995..1.293]	[577.19946..750.0693]	[0.116..0.145]	[1.0..1.0]	0.86180866	[511.4337..653.9152]
Group-1	PS 38:3:0	281.25	240116_PS_FTMSMS-_2.mzXML	25.0	112307.1	0.0	0.0	[9.0..9.0]	[1.0..1.0]	[0.94..0.94]	[105568.67..105568.67]	[0.528..0.528]	[0.35..0.43]	[0.94..0.94]	[105568.67..105568.67]	[0.528..0.528]	[0.354..0.433]	0.847188	[89436.516..89436.516]
Group-1	PS 38:3:0	281.25	240116_PS_FTMSMS-_2.mzXML	30.0	262614.6	0.0	0.0	[9.0..9.0]	[1.0..1.0]	[0.925..0.925]	[242918.5..242918.5]	[0.531..0.531]	[0.35..0.43]	[0.925..0.925]	[242918.5..242918.5]	[0.531..0.531]	[0.354..0.433]	0.847188	[205797.64..205797.64]
Group-1	PS 38:3:0	281.25	240116_PS_FTMSMS-_2.mzXML	35.0	325345.6	0.0	0.0	[9.0..9.0]	[1.0..1.0]	[0.916..0.916]	[298016.56..298016.56]	[0.564..0.564]	[0.35..0.43]	[0.916..0.916]	[298016.56..298016.56]	[0.564..0.564]	[0.354..0.433]	0.847188	[252476.05..252476.05]
Group-1	PS 38:3:0	283.26	240116_PS_FTMSMS-_2.mzXML	25.0	697966.5	0.0	0.0	[0.0..0.0]	[1.0..1.0]	[0.998..0.998]	[696570.56..696570.56]	[0.708..0.712]	[0.0..0.0]	[0.998..0.998]	[696570.56..696570.56]	[0.702..0.703]	[0.0..0.0]	0.847188	[590126.2..590126.2]
Group-1	PS 38:3:0	283.26	240116_PS_FTMSMS-_2.mzXML	30.0	1554809.5	0.0	0.0	[0.0..0.0]	[1.0..1.0]	[0.975..0.975]	[1515939.2..1515939.2]	[0.755..0.774]	[0.0..0.0]	[0.975..0.975]	[1515939.2..1515939.2]	[0.755..0.776]	[0.0..0.0]	0.847188	[1284285.6..1284285.6]
Group-1	PS 38:3:0	283.26	240116_PS_FTMSMS-_2.mzXML	35.0	1736151.1	0.0	0.0	[0.0..0.0]	[1.0..1.0]	[0.962..0.962]	[1670177.4..1670177.4]	[0.749..0.792]	[0.0..0.0]	[0.962..0.962]	[1670177.4..1670177.4]	[0.751..0.797]	[0.0..0.0]	0.847188	[1414954.2..1414954.2]
Group-1	PS 38:3:0	305.25	240116_PS_FTMSMS-_2.mzXML	25.0	311832.5	0.0	0.0	[5.0..11.0]	[0.0..0.0]	[0.905..0.922]	[282208.4..287509.56]	[0.288..0.292]	[1.0..1.0]	[0.945..0.95]	[294681.72..296240.88]	[0.297..0.298]	[1.0..1.0]	0.847188	[239083.58..243574.66]
Group-1	PS 38:3:0	305.25	240116_PS_FTMSMS-_2.mzXML	30.0	461763.0	0.0	0.0	[5.0..11.0]	[0.0..0.0]	[0.956..1.063]	[441445.4..490854.06]	[0.226..0.245]	[1.0..1.0]	[0.946..1.067]	[436827.78..492701.12]	[0.224..0.245]	[1.0..1.0]	0.847188	[373987.25..415845.66]
Group-1	PS 38:3:0	305.25	240116_PS_FTMSMS-_2.mzXML	35.0	428541.5	0.0	0.0	[5.0..11.0]	[0.0..0.0]	[1.023..1.308]	[438397.97..560532.25]	[0.208..0.251]	[1.0..1.0]	[0.995..1.293]	[426398.78..554104.1]	[0.203..0.249]	[1.0..1.0]	0.847188	[371405.5..474876.22]
Group-1	PS 38:3:0	307.26	240116_PS_FTMSMS-_2.mzXML	25.0	103522.9	0.0	0.0	[11.0..11.0]	[0.0..0.0]	[0.912..0.912]	[94412.88..94412.88]	[0.472..0.472]	[0.57..0.65]	[0.912..0.912]	[94412.88..94412.88]	[0.472..0.472]	[0.567..0.646]	0.847188	[79985.46..79985.46]
Group-1	PS 38:3:0	307.26	240116_PS_FTMSMS-_2.mzXML	30.0	230596.7	0.0	0.0	[11.0..11.0]	[0.0..0.0]	[0.929..0.929]	[214224.34..214224.34]	[0.469..0.469]	[0.57..0.65]	[0.929..0.929]	[214224.34..214224.34]	[0.469..0.469]	[0.567..0.646]	0.847188	[181488.3..181488.3]
Group-1	PS 38:3:0	307.26	240116_PS_FTMSMS-_2.mzXML	35.0	242276.1	0.0	0.0	[11.0..11.0]	[0.0..0.0]	[0.951..0.951]	[230404.56..230404.56]	[0.436..0.436]	[0.57..0.65]	[0.951..0.951]	[230404.56..230404.56]	[0.436..0.436]	[0.567..0.646]	0.847188	[195195.97..195195.97]
Group-1	PS 38:4:0	281.25	240116_PS_FTMSMS-_2.mzXML	25.0	463851.1	0.0	0.0	[9.0..9.0]	[1.0..1.0]	[0.94..0.94]	[436020.03..436020.03]	[0.901..0.903]	[0.0..0.0]	[0.94..0.94]	[436020.03..436020.03]	[0.899..0.899]	[0.0..0.0]	0.8489996	[370180.84..370180.84]
Group-1	PS 38:4:0	281.25	240116_PS_FTMSMS-_2.mzXML	30.0	1370424.2	0.0	0.0	[9.0..9.0]	[1.0..1.0]	[0.925..0.925]	[1267642.5..1267642.5]	[0.944..0.949]	[0.0..0.0]	[0.925..0.925]	[1267642.5..1267642.5]	[0.943..0.95]	[0.0..0.0]	0.8489996	[1076227.9..1076227.9]
Group-1	PS 38:4:0	281.25	240116_PS_FTMSMS-_2.mzXML	35.0	1837032.6	0.0	0.0	[9.0..9.0]	[1.0..1.0]	[0.916..0.916]	[1682721.9..1682721.9]	[0.95..0.961]	[0.0..0.0]	[0.916..0.916]	[1682721.9..1682721.9]	[0.951..0.962]	[0.0..0.0]	0.8489996	[1428630.2..1428630.2]
Group-1	PS 38:4:0	283.26	240116_PS_FTMSMS-_2.mzXML	25.0	2554240.2	0.0	0.0	[0.0..0.0]	[1.0..1.0]	[0.998..0.998]	[2549131.8..2549131.8]	[0.812..0.816]	[0.0..0.0]	[0.998..0.998]	[2549131.8..2549131.8]	[0.802..0.811]	[0.0..0.0]	0.8489996	[2164212.0..2164212.0]
Group-1	PS 38:4:0	283.26	240116_PS_FTMSMS-_2.mzXML	30.0	6464500.0	0.0	0.0	[0.0..0.0]	[1.0..1.0]	[0.975..0.975]	[6302887.5..6302887.5]	[0.864..0.879]	[0.0..0.0]	[0.975..0.975]	[6302887.5..6302887.5]	[0.863..0.879]	[0.0..0.0]	0.8489996	[5351149.0..5351149.0]
Group-1	PS 38:4:0	283.26	240116_PS_FTMSMS-_2.mzXML	35.0	8300249.0	0.0	0.0	[0.0..0.0]	[1.0..1.0]	[0.962..0.962]	[7984839.5..7984839.5]	[0.877..0.902]	[0.0..0.0]	[0.962..0.962]	[7984839.5..7984839.5]	[0.879..0.903]	[0.0..0.0]	0.8489996	[6779125.5..6779125.5]
Group-1	PS 38:4:0	303.23	240116_PS_FTMSMS-_2.mzXML	25.0	592614.4	0.0	0.0	[5.0..8.0]	[0.0..0.0]	[0.972..0.996]	[576021.2..590243.94]	[0.184..0.188]	[1.0..1.0]	[1.0..1.062]	[592614.4..629356.5]	[0.189..0.198]	[1.0..1.0]	0.8489996	[489041.75..501116.84]
Group-1	PS 38:4:0	303.23	240116_PS_FTMSMS-_2.mzXML	30.0	745311.2	0.0	0.0	[5.0..8.0]	[0.0..0.0]	[1.162..1.328]	[866051.56..989773.25]	[0.121..0.136]	[1.0..1.0]	[1.159..1.348]	[863815.7..1004679.5]	[0.121..0.137]	[1.0..1.0]	0.8489996	[735277.44..840317.1]
Group-1	PS 38:4:0	303.23	240116_PS_FTMSMS-_2.mzXML	35.0	582788.8	0.0	0.0	[5.0..8.0]	[0.0..0.0]	[1.492..1.914]	[869520.9..1115457.8]	[0.098..0.123]	[1.0..1.0]	[1.474..1.894]	[859030.7..1103802.0]	[0.097..0.121]	[1.0..1.0]	0.8489996	[738222.9..947023.25]
Group-1	PS 38:4:0	305.25	240116_PS_FTMSMS-_2.mzXML	25.0	51671.8	0.0	0.0	[5.0..11.0]	[0.0..0.0]	[0.905..0.922]	[46762.977..47641.4]	[0.097..0.099]	[1.0..1.0]	[0.945..0.95]	[48829.85..49088.21]	[0.101..0.101]	[1.0..1.0]	0.8489996	[39701.75..40447.53]
Group-1	PS 38:4:0	305.25	240116_PS_FTMSMS-_2.mzXML	30.0	71218.4	0.0	0.0	[5.0..11.0]	[0.0..0.0]	[0.956..1.063]	[68084.79..75705.16]	[0.051..0.056]	[1.0..1.0]	[0.946..1.067]	[67372.6..75990.03]	[0.05..0.057]	[1.0..1.0]	0.8489996	[57803.96..64273.65]
Group-1	PS 38:4:0	305.25	240116_PS_FTMSMS-_2.mzXML	35.0	67191.6	0.0	0.0	[5.0..11.0]	[0.0..0.0]	[1.023..1.308]	[68737.01..87886.61]	[0.039..0.05]	[1.0..1.0]	[0.995..1.293]	[66855.64..86878.74]	[0.038..0.049]	[1.0..1.0]	0.8489996	[58357.695..74615.7]
Group-1	PS 38:5:0	255.23	240116_PS_FTMSMS-_2.mzXML	25.0	85683.9	0.0	0.0	[0.0..0.0]	[1.0..1.0]	[1.0..1.0]	[85683.9..85683.9]	[0.782..0.793]	[0.0..0.0]	[1.0..1.0]	[85683.9..85683.9]	[0.767..0.787]	[0.0..0.0]	0.8508197	[72901.55..72901.55]
Group-1	PS 38:5:0	255.23	240116_PS_FTMSMS-_2.mzXML	30.0	157264.3	0.0	0.0	[0.0..0.0]	[1.0..1.0]	[1.0..1.0]	[157264.3..157264.3]	[0.774..0.809]	[0.0..0.0]	[1.0..1.0]	[157264.3..157264.3]	[0.768..0.806]	[0.0..0.0]	0.8508197	[133803.56..133803.56]
Group-1	PS 38:5:0	255.23	240116_PS_FTMSMS-_2.mzXML	35.0	182312.6	0.0	0.0	[0.0..0.0]	[1.0..1.0]	[1.0..1.0]	[182312.6..182312.6]	[0.775..0.832]	[0.0..0.0]	[1.0..1.0]	[182312.6..182312.6]	[0.775..0.83]	[0.0..0.0]	0.8508197	[155115.14..155115.14]
Group-1	PS 38:5:0	281.25	240116_PS_FTMSMS-_2.mzXML	25.0	348777.6	0.0	0.0	[9.0..9.0]	[1.0..1.0]	[0.94..0.94]	[327850.94..327850.94]	[0.854..0.857]	[0.0..0.0]	[0.94..0.94]	[327850.94..327850.94]	[0.846..0.854]	[0.0..0.0]	0.8508197	[278942.03..278942.03]
Group-1	PS 38:5:0	281.25	240116_PS_FTMSMS-_2.mzXML	30.0	875682.5	0.0	0.0	[9.0..9.0]	[1.0..1.0]	[0.925..0.925]	[810006.3..810006.3]	[0.884..0.897]	[0.0..0.0]	[0.925..0.925]	[810006.3..810006.3]	[0.883..0.897]	[0.0..0.0]	0.8508197	[689169.4..689169.4]
Group-1	PS 38:5:0	281.25	240116_PS_FTMSMS-_2.mzXML	35.0	1133800.1	0.0	0.0	[9.0..9.0]	[1.0..1.0]	[0.916..0.916]	[1038560.94..1038560.94]	[0.907..0.926]	[0.0..0.0]	[0.916..0.916]	[1038560.94..1038560.94]	[0.908..0.927]	[0.0..0.0]	0.8508197	[883628.1..883628.1]
Group-1	PS 38:5:0	303.23	240116_PS_FTMSMS-_2.mzXML	25.0	56206.9	0.0	0.0	[5.0..8.0]	[0.0..0.0]	[0.972..0.996]	[54633.105..55982.07]	[0.143..0.146]	[1.0..1.0]	[1.0..1.062]	[56206.9..59691.727]	[0.146..0.154]	[1.0..1.0]	0.8508197	[46482.92..47630.65]
Group-1	PS 38:5:0	303.23	240116_PS_FTMSMS-_2.mzXML	30.0	79890.1	0.0	0.0	[5.0..8.0]	[0.0..0.0]	[1.162..1.328]	[92832.3..106094.055]	[0.103..0.116]	[1.0..1.0]	[1.159..1.348]	[92592.63..107691.86]	[0.103..0.117]	[1.0..1.0]	0.8508197	[78983.54..90266.91]
Group-1	PS 38:5:0	303.23	240116_PS_FTMSMS-_2.mzXML	35.0	55387.1	0.0	0.0	[5.0..8.0]	[0.0..0.0]	[1.492..1.914]	[82637.555..106010.914]	[0.074..0.093]	[1.0..1.0]	[1.474..1.894]	[81640.586..104903.17]	[0.073..0.092]	[1.0..1.0]	0.8508197	[70309.66..90196.17]
Group-1	PS 38:5:0	329.25	240116_PS_FTMSMS-_2.mzXML	25.0	22091.2	0.0	0.0	[4.0..7.0]	[0.0..0.0]	[1.013..1.081]	[22378.385..23880.586]	[0.207..0.218]	[1.0..1.0]	[1.051..1.179]	[23217.85..26045.523]	[0.213..0.233]	[1.0..1.0]	0.8508197	[19039.97..20318.072]
Group-1	PS 38:5:0	329.25	240116_PS_FTMSMS-_2.mzXML	30.0	27731.0	0.0	0.0	[4.0..7.0]	[0.0..0.0]	[1.343..1.659]	[37242.734..46005.73]	[0.191..0.226]	[1.0..1.0]	[1.366..1.712]	[37880.547..47475.473]	[0.194..0.232]	[1.0..1.0]	0.8508197	[31686.854..39142.582]
Group-1	PS 38:5:0	329.25	240116_PS_FTMSMS-_2.mzXML	35.0	18296.3	0.0	0.0	[4.0..7.0]	[0.0..0.0]	[2.017..2.898]	[36903.637..53022.68]	[0.168..0.225]	[1.0..1.0]	[2.043..2.888]	[37379.344..52839.72]	[0.17..0.225]	[1.0..1.0]	0.8508197	[31398.344..45112.742]
Group-1	PS 38:6:0	255.23	240116_PS_FTMSMS-_2.mzXML	25.0	95473.3	0.0	0.0	[0.0..0.0]	[0.0..1.0]	[1.0..1.0]	[95473.3..95473.3]	[0.732..0.757]	[0.0..0.0]	[1.0..1.0]	[95473.3..95473.3]	[0.732..0.732]	[0.0..0.0]	0.85263914	[81404.27..81404.27]
Group-1	PS 38:6:0	255.23	240116_PS_FTMSMS-_2.mzXML	30.0	164538.5	0.0	0.0	[0.0..0.0]	[0.0..0.0]	[1.0..1.0]	[164538.5..164538.5]	[0.76..0.76]	[0.0..0.0]	[1.0..1.0]	[164538.5..164538.5]	[0.76..0.76]	[0.0..0.0]	0.85263914	[140291.97..140291.97]
Group-1	PS 38:6:0	255.23	240116_PS_FTMSMS-_2.mzXML	35.0	200544.2	0.0	0.0	[0.0..0.0]	[1.0..1.0]	[1.0..1.0]	[200544.2..200544.2]	[0.796..0.796]	[0.0..0.0]	[1.0..1.0]	[200544.2..200544.2]	[0.796..0.796]	[0.0..0.0]	0.85263914	[170991.84..170991.84]
Group-1	PS 38:6:0	279.23	240116_PS_FTMSMS-_2.mzXML	25.0	4111.8	0.0	0.0	[9.0..9.0]	[1.0..1.0]	[0.927..0.927]	[3811.639..3811.639]	[0.809..0.813]	[0.0..0.0]	[0.927..0.927]	[3811.6384..3811.6384]	[0.799..0.808]	[0.0..0.0]	0.85263914	[3249.952..3249.952]
Group-1	PS 38:6:0	279.23	240116_PS_FTMSMS-_2.mzXML	30.0	10344.4	0.0	0.0	[9.0..9.0]	[1.0..1.0]	[0.932..0.932]	[9640.981..9640.981]	[0.875..0.889]	[0.0..0.0]	[0.932..0.932]	[9640.981..9640.981]	[0.873..0.889]	[0.0..0.0]	0.85263914	[8220.278..8220.278]
Group-1	PS 38:6:0	279.23	240116_PS_FTMSMS-_2.mzXML	35.0	11364.4	0.0	0.0	[9.0..9.0]	[1.0..1.0]	[0.962..0.962]	[10932.554..10932.554]	[0.865..0.892]	[0.0..0.0]	[0.962..0.962]	[10932.554..10932.554]	[0.867..0.893]	[0.0..0.0]	0.85263914	[9321.522..9321.522]
Group-1	PS 38:6:0	303.23	240116_PS_FTMSMS-_2.mzXML	25.0	903.0	0.0	0.0	[5.0..8.0]	[0.0..0.0]	[0.972..0.996]	[877.716..899.388]	[0.187..0.191]	[1.0..1.0]	[1.0..1.062]	[903.0..958.986]	[0.192..0.201]	[1.0..1.0]	0.85263914	[748.37506..766.85345]
Group-1	PS 38:6:0	303.23	240116_PS_FTMSMS-_2.mzXML	30.0	1041.1	0.0	0.0	[5.0..8.0]	[0.0..0.0]	[1.162..1.328]	[1209.758..1382.581]	[0.111..0.125]	[1.0..1.0]	[1.159..1.348]	[1206.6349..1403.4028]	[0.111..0.127]	[1.0..1.0]	0.85263914	[1031.487..1178.8424]
Group-1	PS 38:6:0	303.23	240116_PS_FTMSMS-_2.mzXML	35.0	888.2	0.0	0.0	[5.0..8.0]	[0.0..0.0]	[1.492..1.914]	[1325.195..1700.015]	[0.108..0.135]	[1.0..1.0]	[1.474..1.894]	[1309.2068..1682.2509]	[0.107..0.133]	[1.0..1.0]	0.85263914	[1129.9126..1449.4991]
Group-1	PS 38:6:0	327.23	240116_PS_FTMSMS-_2.mzXML	25.0	22868.1	4768.8	0.20853503	[4.0..4.0]	[0.0..1.0]	[1.341..1.527]	[30666.121..34919.586]	[0.243..0.268]	[1.0..1.0]	[1.527..1.527]	[34919.586..34919.586]	[0.268..0.268]	[1.0..1.0]	0.85263914	[26147.135..29773.807]
Group-1	PS 38:6:0	327.23	240116_PS_FTMSMS-_2.mzXML	30.0	19667.1	7447.1	0.37865776	[4.0..4.0]	[1.0..1.0]	[2.643..2.643]	[51980.14..51980.14]	[0.24..0.24]	[1.0..1.0]	[2.643..2.643]	[51980.14..51980.14]	[0.24..0.24]	[1.0..1.0]	0.85263914	[44320.305..44320.305]
Group-1	PS 38:6:0	327.23	240116_PS_FTMSMS-_2.mzXML	35.0	9369.2	5803.6	0.6194339	[4.0..4.0]	[0.0..0.0]	[5.498..5.498]	[51511.863..51511.863]	[0.204..0.204]	[1.0..1.0]	[5.498..5.498]	[51511.863..51511.863]	[0.204..0.204]	[1.0..1.0]	0.85263914	[43921.03..43921.03]
Group-1	PS 39:1:0	253.22	240116_PS_FTMSMS-_2.mzXML	25.0	585.2	0.0	0.0	[9.0..9.0]	[0.0..1.0]	[0.867..0.927]	[507.368..542.48]	[0.496..0.509]	[0.51..0.92]	[0.898..0.922]	[525.5096..539.5544]	[0.505..0.51]	[0.51..0.918]	0.8313721	[421.81192..451.00305]
Group-1	PS 39:1:0	253.22	240116_PS_FTMSMS-_2.mzXML	30.0	781.7	0.0	0.0	[9.0..9.0]	[0.0..1.0]	[0.913..0.929]	[713.692..726.199]	[0.316..0.319]	[0.51..0.92]	[0.921..0.928]	[719.94574..725.4176]	[0.318..0.319]	[0.51..0.918]	0.8313721	[593.3437..603.7418]
Group-1	PS 39:1:0	253.22	240116_PS_FTMSMS-_2.mzXML	35.0	1031.2	0.0	0.0	[9.0..9.0]	[0.0..1.0]	[0.93..0.939]	[959.016..968.297]	[0.323..0.324]	[0.51..0.92]	[0.935..0.938]	[964.17194..967.26556]	[0.324..0.324]	[0.51..0.918]	0.8313721	[797.2991..805.0149]
Group-1	PS 39:1:0	267.23	240116_PS_FTMSMS-_2.mzXML	25.0	1198.0	0.0	0.0	[9.0..9.0]	[0.0..1.0]	[0.877..0.933]	[1050.646..1117.734]	[0.424..0.434]	[0.68..0.99]	[0.915..0.932]	[1096.17..1116.536]	[0.434..0.437]	[0.681..0.989]	0.8313721	[873.4777..929.25287]
Group-1	PS 39:1:0	267.23	240116_PS_FTMSMS-_2.mzXML	30.0	1504.5	0.0	0.0	[9.0..9.0]	[0.0..1.0]	[0.916..0.927]	[1378.122..1394.672]	[0.351..0.353]	[0.68..0.99]	[0.923..0.927]	[1388.6534..1394.6715]	[0.353..0.354]	[0.681..0.989]	0.8313721	[1145.7322..1159.491]
Group-1	PS 39:1:0	267.23	240116_PS_FTMSMS-_2.mzXML	35.0	1661.0	0.0	0.0	[9.0..9.0]	[0.0..1.0]	[0.923..0.938]	[1533.103..1558.018]	[0.285..0.286]	[0.68..0.99]	[0.933..0.938]	[1549.713..1558.0181]	[0.287..0.287]	[0.681..0.989]	0.8313721	[1274.579..1295.2927]
Group-1	PS 39:1:0	281.25	240116_PS_FTMSMS-_2.mzXML	25.0	100851.6	0.0	0.0	[9.0..9.0]	[0.0..1.0]	[0.888..0.94]	[89556.23..94800.51]	[0.665..0.674]	[0.11..0.41]	[0.894..0.909]	[90161.33..91674.1]	[0.664..0.667]	[0.108..0.413]	0.8313721	[74454.54..78814.49]
Group-1	PS 39:1:0	281.25	240116_PS_FTMSMS-_2.mzXML	30.0	144432.1	0.0	0.0	[9.0..9.0]	[0.0..1.0]	[0.919..0.925]	[132733.1..133599.69]	[0.563..0.564]	[0.11..0.41]	[0.92..0.921]	[132877.53..133021.95]	[0.563..0.563]	[0.108..0.413]	0.8313721	[110350.59..111071.055]
Group-1	PS 39:1:0	281.25	240116_PS_FTMSMS-_2.mzXML	35.0	148977.1	0.0	0.0	[9.0..9.0]	[0.0..1.0]	[0.916..0.936]	[136463.02..139442.56]	[0.534..0.538]	[0.11..0.41]	[0.918..0.924]	[136760.97..137654.84]	[0.534..0.535]	[0.108..0.413]	0.8313721	[113451.55..115928.65]
Group-1	PS 39:1:0	283.26	240116_PS_FTMSMS-_2.mzXML	25.0	66353.7	0.0	0.0	[0.0..0.0]	[1.0..1.0]	[0.998..0.998]	[66221.0..66221.0]	[0.867..0.867]	[0.0..0.0]	[0.998..0.998]	[66221.0..66221.0]	[0.867..0.867]	[0.0..0.0]	0.8313721	[55054.29..55054.29]
Group-1	PS 39:1:0	283.26	240116_PS_FTMSMS-_2.mzXML	30.0	127212.1	0.0	0.0	[0.0..0.0]	[0.6..0.6]	[0.972..0.972]	[123650.17..123650.17]	[0.862..0.862]	[0.0..0.0]	[0.972..0.972]	[123650.164..123650.164]	[0.862..0.862]	[0.0..0.0]	0.8313721	[102799.29..102799.29]
Group-1	PS 39:1:0	283.26	240116_PS_FTMSMS-_2.mzXML	35.0	150750.5	0.0	0.0	[0.0..0.0]	[0.6..1.0]	[0.961..0.962]	[144871.23..145021.98]	[0.87..0.871]	[0.0..0.0]	[0.961..0.961]	[144871.23..144871.23]	[0.87..0.87]	[0.0..0.0]	0.8313721	[120441.9..120567.23]
Group-1	PS 39:1:0	295.26	240116_PS_FTMSMS-_2.mzXML	25.0	304.0	0.0	0.0	[9.0..9.0]	[0.0..1.0]	[0.899..0.947]	[273.296..287.888]	[0.246..0.252]	[1.0..1.0]	[0.947..0.947]	[287.888..287.888]	[0.256..0.256]	[1.0..1.0]	0.8313721	[227.21066..239.34204]
Group-1	PS 39:1:0	295.26	240116_PS_FTMSMS-_2.mzXML	30.0	852.3	0.0	0.0	[9.0..9.0]	[0.0..1.0]	[0.921..0.923]	[784.968..786.673]	[0.244..0.245]	[1.0..1.0]	[0.923..0.923]	[786.67285..786.67285]	[0.245..0.245]	[1.0..1.0]	0.8313721	[652.6007..654.0179]
Group-1	PS 39:1:0	295.26	240116_PS_FTMSMS-_2.mzXML	35.0	509.3	0.0	0.0	[9.0..9.0]	[0.0..1.0]	[0.91..0.933]	[463.463..475.177]	[0.146..0.149]	[1.0..1.0]	[0.933..0.933]	[475.1769..475.1769]	[0.149..0.149]	[1.0..1.0]	0.8313721	[385.3102..395.0488]
Group-1	PS 39:1:0	297.28	240116_PS_FTMSMS-_2.mzXML	25.0	6328.9	0.0	0.0	[0.0..0.0]	[1.0..1.0]	[1.003..1.003]	[6347.887..6347.887]	[0.554..0.554]	[0.28..0.37]	[1.003..1.003]	[6347.8867..6347.8867]	[0.554..0.554]	[0.281..0.372]	0.8313721	[5277.456..5277.456]
Group-1	PS 39:1:0	297.28	240116_PS_FTMSMS-_2.mzXML	30.0	14351.7	0.0	0.0	[0.0..0.0]	[0.7..0.7]	[0.965..0.965]	[13849.391..13849.391]	[0.558..0.558]	[0.28..0.37]	[0.965..0.965]	[13849.391..13849.391]	[0.558..0.558]	[0.281..0.372]	0.8313721	[11513.996..11513.996]
Group-1	PS 39:1:0	297.28	240116_PS_FTMSMS-_2.mzXML	35.0	18652.1	0.0	0.0	[0.0..0.0]	[0.7..1.0]	[0.947..0.947]	[17663.54..17663.54]	[0.596..0.599]	[0.28..0.37]	[0.947..0.947]	[17663.54..17663.54]	[0.597..0.597]	[0.281..0.372]	0.8313721	[14684.973..14684.973]
Group-1	PS 39:1:0	309.28	240116_PS_FTMSMS-_2.mzXML	25.0	5561.9	0.0	0.0	[11.0..11.0]	[0.0..0.0]	[0.919..0.919]	[5111.386..5111.386]	[0.446..0.446]	[0.63..0.72]	[0.919..0.919]	[5111.386..5111.386]	[0.446..0.446]	[0.628..0.719]	0.8313721	[4249.464..4249.464]
Group-1	PS 39:1:0	309.28	240116_PS_FTMSMS-_2.mzXML	30.0	11785.0	0.0	0.0	[11.0..11.0]	[0.3..0.3]	[0.932..0.932]	[10983.62..10983.62]	[0.442..0.442]	[0.63..0.72]	[0.932..0.932]	[10983.62..10983.62]	[0.442..0.442]	[0.628..0.719]	0.8313721	[9131.475..9131.475]
Group-1	PS 39:1:0	309.28	240116_PS_FTMSMS-_2.mzXML	35.0	12842.1	0.0	0.0	[11.0..11.0]	[0.0..0.3]	[0.922..0.932]	[11840.416..11968.837]	[0.401..0.404]	[0.63..0.72]	[0.928..0.929]	[11917.468..11930.311]	[0.403..0.403]	[0.628..0.719]	0.8313721	[9843.791..9950.557]
Group-1	PS 39:1:0	311.29	240116_PS_FTMSMS-_2.mzXML	25.0	844.7	0.0	0.0	[0.0..0.0]	[0.0..1.0]	[0.993..1.011]	[838.787..853.992]	[0.748..0.754]	[0.0..0.0]	[0.993..0.993]	[838.7871..838.7871]	[0.744..0.744]	[0.0..0.0]	0.8313721	[697.3442..709.9849]
Group-1	PS 39:1:0	311.29	240116_PS_FTMSMS-_2.mzXML	30.0	2537.6	0.0	0.0	[0.0..0.0]	[0.0..1.0]	[0.954..0.962]	[2420.871..2441.172]	[0.755..0.756]	[0.0..0.0]	[0.954..0.954]	[2420.8706..2420.8706]	[0.755..0.755]	[0.0..0.0]	0.8313721	[2012.6442..2029.5217]
Group-1	PS 39:1:0	311.29	240116_PS_FTMSMS-_2.mzXML	35.0	2904.9	0.0	0.0	[0.0..0.0]	[0.0..1.0]	[0.934..0.936]	[2713.177..2718.986]	[0.851..0.854]	[0.0..0.0]	[0.934..0.934]	[2713.1765..2713.1765]	[0.851..0.851]	[0.0..0.0]	0.8313721	[2255.6592..2260.4893]
Group-1	PS 39:1:0	323.3	240116_PS_FTMSMS-_2.mzXML	25.0	10882.9	0.0	0.0	[11.0..11.0]	[0.0..0.0]	[0.934..0.934]	[10164.629..10164.629]	[0.133..0.133]	[1.0..1.0]	[0.934..0.934]	[10164.629..10164.629]	[0.133..0.133]	[1.0..1.0]	0.8313721	[8450.589..8450.589]
Group-1	PS 39:1:0	323.3	240116_PS_FTMSMS-_2.mzXML	30.0	21187.4	0.0	0.0	[11.0..11.0]	[0.4..0.4]	[0.936..0.936]	[19831.406..19831.406]	[0.138..0.138]	[1.0..1.0]	[0.936..0.936]	[19831.406..19831.406]	[0.138..0.138]	[1.0..1.0]	0.8313721	[16487.277..16487.277]
Group-1	PS 39:1:0	323.3	240116_PS_FTMSMS-_2.mzXML	35.0	23275.2	0.0	0.0	[11.0..11.0]	[0.0..0.4]	[0.918..0.931]	[21366.633..21669.21]	[0.129..0.13]	[1.0..1.0]	[0.931..0.931]	[21669.21..21669.21]	[0.13..0.13]	[1.0..1.0]	0.8313721	[17763.623..18015.178]
Group-1	PS 39:1:0	325.31	240116_PS_FTMSMS-_2.mzXML	25.0	44867.2	0.0	0.0	[0.0..0.0]	[0.0..1.0]	[1.004..1.023]	[45046.664..45899.145]	[0.326..0.335]	[0.59..0.89]	[1.015..1.021]	[45540.207..45809.41]	[0.333..0.336]	[0.587..0.892]	0.8313721	[37450.54..38159.266]
Group-1	PS 39:1:0	325.31	240116_PS_FTMSMS-_2.mzXML	30.0	107741.2	0.0	0.0	[0.0..0.0]	[0.0..1.0]	[0.954..0.961]	[102785.11..103539.3]	[0.436..0.437]	[0.59..0.89]	[0.958..0.96]	[103216.07..103431.555]	[0.437..0.437]	[0.587..0.892]	0.8313721	[85452.67..86079.69]
Group-1	PS 39:1:0	325.31	240116_PS_FTMSMS-_2.mzXML	35.0	128772.1	0.0	0.0	[0.0..0.0]	[0.0..1.0]	[0.924..0.929]	[118985.42..119629.28]	[0.462..0.466]	[0.59..0.89]	[0.927..0.928]	[119371.734..119500.51]	[0.465..0.466]	[0.587..0.892]	0.8313721	[98921.164..99456.445]
Group-1	PS 39:1:0	339.32	240116_PS_FTMSMS-_2.mzXML	25.0	1400.7	0.0	0.0	[0.0..0.0]	[0.0..1.0]	[1.021..1.04]	[1430.115..1456.728]	[0.566..0.576]	[0.01..0.32]	[1.021..1.027]	[1430.1147..1438.5188]	[0.563..0.566]	[0.011..0.319]	0.8313721	[1188.9574..1211.0829]
Group-1	PS 39:1:0	339.32	240116_PS_FTMSMS-_2.mzXML	30.0	2655.7	0.0	0.0	[0.0..0.0]	[0.0..1.0]	[0.959..0.962]	[2546.816..2554.784]	[0.647..0.649]	[0.01..0.32]	[0.959..0.96]	[2546.8162..2549.472]	[0.646..0.647]	[0.011..0.319]	0.8313721	[2117.3518..2123.9756]
Group-1	PS 39:1:0	339.32	240116_PS_FTMSMS-_2.mzXML	35.0	4203.4	0.0	0.0	[0.0..0.0]	[0.0..1.0]	[0.917..0.925]	[3854.518..3888.145]	[0.714..0.715]	[0.01..0.32]	[0.917..0.92]	[3854.5176..3867.128]	[0.713..0.713]	[0.011..0.319]	0.8313721	[3204.5383..3232.495]
Group-1	PS 39:1:0	353.34	240116_PS_FTMSMS-_2.mzXML	25.0	493.4	0.0	0.0	[0.0..0.0]	[0.0..1.0]	[1.044..1.06]	[515.11..523.004]	[0.491..0.504]	[0.08..0.49]	[1.045..1.052]	[515.60297..519.0568]	[0.49..0.495]	[0.082..0.49]	0.8313721	[428.24774..434.81088]
Group-1	PS 39:1:0	353.34	240116_PS_FTMSMS-_2.mzXML	30.0	1599.1	0.0	0.0	[0.0..0.0]	[0.0..1.0]	[0.967..0.968]	[1546.33..1547.929]	[0.681..0.684]	[0.08..0.49]	[0.967..0.967]	[1546.3297..1546.3297]	[0.681..0.682]	[0.082..0.49]	0.8313721	[1285.5753..1286.9047]
Group-1	PS 39:1:0	353.34	240116_PS_FTMSMS-_2.mzXML	35.0	2198.7	0.0	0.0	[0.0..0.0]	[0.0..1.0]	[0.912..0.924]	[2005.214..2031.599]	[0.676..0.677]	[0.08..0.49]	[0.913..0.918]	[2007.4131..2018.4065]	[0.676..0.676]	[0.082..0.49]	0.8313721	[1667.0792..1689.0145]
Group-1	PS 39:3:0	283.26	240116_PS_FTMSMS-_2.mzXML	25.0	669813.7	0.0	0.0	[0.0..0.0]	[1.0..1.0]	[0.998..0.998]	[668474.06..668474.06]	[0.977..0.978]	[0.0..0.0]	[0.998..0.998]	[668474.06..668474.06]	[0.976..0.977]	[0.0..0.0]	0.8348496	[558075.3..558075.3]
Group-1	PS 39:3:0	283.26	240116_PS_FTMSMS-_2.mzXML	30.0	1732429.1	0.0	0.0	[0.0..0.0]	[1.0..1.0]	[0.975..0.975]	[1689118.5..1689118.5]	[0.985..0.986]	[0.0..0.0]	[0.975..0.975]	[1689118.5..1689118.5]	[0.985..0.987]	[0.0..0.0]	0.8348496	[1410159.9..1410159.9]
Group-1	PS 39:3:0	283.26	240116_PS_FTMSMS-_2.mzXML	35.0	2297478.5	0.0	0.0	[0.0..0.0]	[1.0..1.0]	[0.962..0.962]	[2210174.2..2210174.2]	[0.981..0.984]	[0.0..0.0]	[0.962..0.962]	[2210174.2..2210174.2]	[0.981..0.985]	[0.0..0.0]	0.8348496	[1845163.1..1845163.1]
Group-1	PS 39:3:0	319.26	240116_PS_FTMSMS-_2.mzXML	25.0	17322.0	0.0	0.0	[5.0..11.0]	[0.0..0.0]	[0.886..0.923]	[15347.292..15988.206]	[0.022..0.023]	[1.0..1.0]	[0.921..0.955]	[15953.5625..16542.51]	[0.023..0.024]	[1.0..1.0]	0.8348496	[12812.68..13347.747]
Group-1	PS 39:3:0	319.26	240116_PS_FTMSMS-_2.mzXML	30.0	24308.3	0.0	0.0	[5.0..11.0]	[0.0..0.0]	[0.951..1.024]	[23117.193..24891.701]	[0.014..0.015]	[1.0..1.0]	[0.944..1.024]	[22947.035..24891.701]	[0.013..0.015]	[1.0..1.0]	0.8348496	[19299.38..20780.826]
Group-1	PS 39:3:0	319.26	240116_PS_FTMSMS-_2.mzXML	35.0	34396.9	0.0	0.0	[5.0..11.0]	[0.0..0.0]	[1.016..1.245]	[34947.246..42824.14]	[0.016..0.019]	[1.0..1.0]	[0.989..1.228]	[34018.535..42239.395]	[0.015..0.019]	[1.0..1.0]	0.8348496	[29175.697..35751.715]
Group-1	PS 39:4:0	269.25	240116_PS_FTMSMS-_2.mzXML	25.0	15083.5	0.0	0.0	[0.0..0.0]	[1.0..1.0]	[0.997..0.997]	[15038.249..15038.249]	[0.705..0.706]	[0.0..0.01]	[0.997..0.997]	[15038.249..15038.249]	[0.697..0.698]	[0.0..0.01]	0.83659583	[12580.937..12580.937]
Group-1	PS 39:4:0	269.25	240116_PS_FTMSMS-_2.mzXML	30.0	30805.0	0.0	0.0	[0.0..0.0]	[1.0..1.0]	[0.986..0.986]	[30373.73..30373.73]	[0.724..0.744]	[0.0..0.01]	[0.986..0.986]	[30373.73..30373.73]	[0.724..0.742]	[0.0..0.01]	0.83659583	[25410.535..25410.535]
Group-1	PS 39:4:0	269.25	240116_PS_FTMSMS-_2.mzXML	35.0	40023.9	0.0	0.0	[0.0..0.0]	[1.0..1.0]	[0.979..0.979]	[39183.395..39183.395]	[0.731..0.769]	[0.0..0.01]	[0.979..0.979]	[39183.395..39183.395]	[0.733..0.769]	[0.0..0.01]	0.83659583	[32780.668..32780.668]
Group-1	PS 39:4:0	281.25	240116_PS_FTMSMS-_2.mzXML	25.0	132185.3	0.0	0.0	[9.0..9.0]	[1.0..1.0]	[0.94..0.94]	[124254.18..124254.18]	[0.98..0.98]	[0.0..0.0]	[0.94..0.94]	[124254.18..124254.18]	[0.979..0.98]	[0.0..0.0]	0.83659583	[103950.53..103950.53]
Group-1	PS 39:4:0	281.25	240116_PS_FTMSMS-_2.mzXML	30.0	305692.2	0.0	0.0	[9.0..9.0]	[1.0..1.0]	[0.925..0.925]	[282765.28..282765.28]	[0.983..0.984]	[0.0..0.0]	[0.925..0.925]	[282765.28..282765.28]	[0.983..0.984]	[0.0..0.0]	0.83659583	[236560.25..236560.25]
Group-1	PS 39:4:0	281.25	240116_PS_FTMSMS-_2.mzXML	35.0	375383.5	0.0	0.0	[9.0..9.0]	[1.0..1.0]	[0.916..0.916]	[343851.28..343851.28]	[0.985..0.988]	[0.0..0.0]	[0.916..0.916]	[343851.28..343851.28]	[0.986..0.988]	[0.0..0.0]	0.83659583	[287664.56..287664.56]
Group-1	PS 39:4:0	283.26	240116_PS_FTMSMS-_2.mzXML	25.0	28563.0	0.0	0.0	[0.0..0.0]	[1.0..1.0]	[0.998..0.998]	[28505.877..28505.877]	[0.966..0.967]	[0.0..0.0]	[0.998..0.998]	[28505.875..28505.875]	[0.964..0.966]	[0.0..0.0]	0.83659583	[23847.896..23847.896]
Group-1	PS 39:4:0	283.26	240116_PS_FTMSMS-_2.mzXML	30.0	63902.4	0.0	0.0	[0.0..0.0]	[1.0..1.0]	[0.975..0.975]	[62304.84..62304.84]	[0.979..0.981]	[0.0..0.0]	[0.975..0.975]	[62304.84..62304.84]	[0.979..0.981]	[0.0..0.0]	0.83659583	[52123.97..52123.97]
Group-1	PS 39:4:0	283.26	240116_PS_FTMSMS-_2.mzXML	35.0	85356.5	0.0	0.0	[0.0..0.0]	[1.0..1.0]	[0.962..0.962]	[82112.95..82112.95]	[1.0..1.0]	[0.0..0.0]	[0.962..0.962]	[82112.95..82112.95]	[1.0..1.0]	[0.0..0.0]	0.83659583	[68695.35..68695.35]
Group-1	PS 39:4:0	297.28	240116_PS_FTMSMS-_2.mzXML	25.0	7080.5	0.0	0.0	[0.0..0.0]	[1.0..1.0]	[1.003..1.003]	[7101.742..7101.742]	[0.577..0.583]	[0.05..0.3]	[1.003..1.003]	[7101.7417..7101.7417]	[0.487..0.539]	[0.052..0.303]	0.83659583	[5941.287..5941.287]
Group-1	PS 39:4:0	297.28	240116_PS_FTMSMS-_2.mzXML	30.0	17728.1	0.0	0.0	[0.0..0.0]	[1.0..1.0]	[0.967..0.967]	[17143.072..17143.072]	[0.668..0.697]	[0.05..0.3]	[0.967..0.967]	[17143.072..17143.072]	[0.655..0.658]	[0.052..0.303]	0.83659583	[14341.822..14341.822]
Group-1	PS 39:4:0	297.28	240116_PS_FTMSMS-_2.mzXML	35.0	21392.6	0.0	0.0	[0.0..0.0]	[1.0..1.0]	[0.947..0.947]	[20258.793..20258.793]	[0.696..0.746]	[0.05..0.3]	[0.947..0.947]	[20258.793..20258.793]	[0.695..0.735]	[0.052..0.303]	0.83659583	[16948.42..16948.42]
Group-1	PS 39:4:0	303.23	240116_PS_FTMSMS-_2.mzXML	25.0	5231.8	0.0	0.0	[5.0..8.0]	[0.0..0.0]	[0.972..0.996]	[5085.31..5210.873]	[0.417..0.423]	[0.7..0.95]	[1.159..1.43]	[6063.6562..7481.4736]	[0.461..0.513]	[0.697..0.948]	0.83659583	[4254.3486..4359.394]
Group-1	PS 39:4:0	303.23	240116_PS_FTMSMS-_2.mzXML	30.0	6427.2	0.0	0.0	[5.0..8.0]	[0.0..0.0]	[1.162..1.328]	[7468.406..8535.321]	[0.303..0.332]	[0.7..0.95]	[1.387..1.405]	[8914.526..9030.216]	[0.342..0.345]	[0.697..0.948]	0.83659583	[6248.0376..7140.6143]
Group-1	PS 39:4:0	303.23	240116_PS_FTMSMS-_2.mzXML	35.0	4613.9	0.0	0.0	[5.0..8.0]	[0.0..0.0]	[1.492..1.914]	[6883.939..8831.005]	[0.254..0.304]	[0.7..0.95]	[1.586..1.926]	[7317.645..8886.371]	[0.265..0.305]	[0.697..0.948]	0.83659583	[5759.074..7387.982]
Group-1	PS 39:4:0	317.25	240116_PS_FTMSMS-_2.mzXML	25.0	1036.2	0.0	0.0	[5.0..8.0]	[0.0..0.0]	[0.948..0.96]	[982.318..994.752]	[0.033..0.034]	[1.0..1.0]	[0.977..1.018]	[1012.3674..1054.8516]	[0.034..0.036]	[1.0..1.0]	0.83659583	[821.8028..832.2053]
Group-1	PS 39:4:0	317.25	240116_PS_FTMSMS-_2.mzXML	30.0	1056.9	0.0	0.0	[5.0..8.0]	[0.0..0.0]	[1.114..1.251]	[1177.387..1322.182]	[0.019..0.021]	[1.0..1.0]	[1.115..1.268]	[1178.4435..1340.1493]	[0.019..0.021]	[1.0..1.0]	0.83659583	[984.99677..1106.132]
Group-1	PS 39:4:0	317.25	240116_PS_FTMSMS-_2.mzXML	35.0	0.0	0.0	0.0	[5.0..8.0]	[0.0..0.0]	[1.414..1.768]	[0.0..0.0]	[0.0..0.0]	[1.0..1.0]	[1.403..1.754]	[0.0..0.0]	[0.0..0.0]	[1.0..1.0]	0.83659583	[0.0..0.0]
Group-1	PS 39:4:0	319.26	240116_PS_FTMSMS-_2.mzXML	25.0	2800.0	0.0	0.0	[5.0..11.0]	[0.0..0.0]	[0.886..0.923]	[2480.8..2584.4]	[0.02..0.02]	[1.0..1.0]	[0.921..0.955]	[2578.8..2674.0]	[0.02..0.021]	[1.0..1.0]	0.83659583	[2075.4268..2162.0981]
Group-1	PS 39:4:0	319.26	240116_PS_FTMSMS-_2.mzXML	30.0	4872.4	0.0	0.0	[5.0..11.0]	[0.0..0.0]	[0.951..1.024]	[4633.653..4989.338]	[0.016..0.017]	[1.0..1.0]	[0.944..1.024]	[4599.5454..4989.338]	[0.016..0.017]	[1.0..1.0]	0.83659583	[3876.4941..4174.059]
Group-1	PS 39:4:0	319.26	240116_PS_FTMSMS-_2.mzXML	35.0	4097.8	0.0	0.0	[5.0..11.0]	[0.0..0.0]	[1.016..1.245]	[4163.365..5101.761]	[0.012..0.015]	[1.0..1.0]	[0.989..1.228]	[4052.724..5032.098]	[0.012..0.014]	[1.0..1.0]	0.83659583	[3483.0535..4268.112]
Group-1	PS 39:4:0	331.26	240116_PS_FTMSMS-_2.mzXML	25.0	6794.5	0.0	0.0	[7.0..10.0]	[0.0..0.0]	[0.923..0.927]	[6271.323..6298.502]	[0.294..0.295]	[0.99..1.0]	[0.958..0.961]	[6509.131..6529.5146]	[0.302..0.303]	[0.99..1.0]	0.83659583	[5246.563..5269.3003]
Group-1	PS 39:4:0	331.26	240116_PS_FTMSMS-_2.mzXML	30.0	10446.6	0.0	0.0	[7.0..10.0]	[0.0..0.0]	[1.002..1.107]	[10467.492..11564.386]	[0.256..0.276]	[0.99..1.0]	[1.009..1.111]	[10540.618..11606.172]	[0.258..0.276]	[0.99..1.0]	0.83659583	[8757.061..9674.717]
Group-1	PS 39:4:0	331.26	240116_PS_FTMSMS-_2.mzXML	35.0	10019.4	0.0	0.0	[7.0..10.0]	[0.0..0.0]	[1.176..1.436]	[11782.814..14387.858]	[0.231..0.269]	[0.99..1.0]	[1.176..1.426]	[11782.814..14287.665]	[0.231..0.267]	[0.99..1.0]	0.83659583	[9857.454..12036.822]
Group-1	PS 39:5:0	267.23	240116_PS_FTMSMS-_2.mzXML	25.0	429.0	0.0	0.0	[9.0..9.0]	[1.0..1.0]	[0.933..0.933]	[400.257..400.257]	[0.423..0.425]	[0.68..0.7]	[0.933..0.933]	[400.25702..400.25702]	[0.332..0.336]	[0.683..0.701]	0.8383587	[335.55896..335.55896]
Group-1	PS 39:5:0	267.23	240116_PS_FTMSMS-_2.mzXML	30.0	782.6	0.0	0.0	[9.0..9.0]	[1.0..1.0]	[0.927..0.927]	[725.47..725.47]	[0.389..0.413]	[0.68..0.7]	[0.927..0.927]	[725.47015..725.47015]	[0.346..0.37]	[0.683..0.701]	0.8383587	[608.2042..608.2042]
Group-1	PS 39:5:0	267.23	240116_PS_FTMSMS-_2.mzXML	35.0	1120.3	0.0	0.0	[9.0..9.0]	[1.0..1.0]	[0.923..0.923]	[1034.037..1034.037]	[0.405..0.454]	[0.68..0.7]	[0.923..0.923]	[1034.0369..1034.0369]	[0.389..0.438]	[0.683..0.701]	0.8383587	[866.89386..866.89386]
Group-1	PS 39:5:0	269.25	240116_PS_FTMSMS-_2.mzXML	25.0	10621.9	0.0	0.0	[0.0..0.0]	[1.0..1.0]	[0.997..0.997]	[10590.034..10590.034]	[0.767..0.779]	[0.0..0.0]	[0.997..0.997]	[10590.034..10590.034]	[0.752..0.772]	[0.0..0.0]	0.8383587	[8878.248..8878.248]
Group-1	PS 39:5:0	269.25	240116_PS_FTMSMS-_2.mzXML	30.0	20044.9	0.0	0.0	[0.0..0.0]	[0.0..1.0]	[0.981..0.986]	[19664.047..19764.271]	[0.768..0.808]	[0.0..0.0]	[0.981..0.981]	[19664.047..19664.047]	[0.768..0.805]	[0.0..0.0]	0.8383587	[16485.525..16569.549]
Group-1	PS 39:5:0	269.25	240116_PS_FTMSMS-_2.mzXML	35.0	23247.4	0.0	0.0	[0.0..0.0]	[0.0..1.0]	[0.979..0.979]	[22759.205..22759.205]	[0.781..0.836]	[0.0..0.0]	[0.979..0.979]	[22759.205..22759.205]	[0.781..0.834]	[0.0..0.0]	0.8383587	[19080.377..19080.377]
Group-1	PS 39:5:0	295.26	240116_PS_FTMSMS-_2.mzXML	25.0	3326.9	0.0	0.0	[9.0..9.0]	[1.0..1.0]	[0.947..0.947]	[3150.574..3150.574]	[0.803..0.807]	[0.0..0.0]	[0.947..0.947]	[3150.5742..3150.5742]	[0.793..0.803]	[0.0..0.0]	0.8383587	[2641.3113..2641.3113]
Group-1	PS 39:5:0	295.26	240116_PS_FTMSMS-_2.mzXML	30.0	9577.7	0.0	0.0	[9.0..9.0]	[1.0..1.0]	[0.923..0.923]	[8840.217..8840.217]	[0.869..0.884]	[0.0..0.0]	[0.923..0.923]	[8840.217..8840.217]	[0.868..0.884]	[0.0..0.0]	0.8383587	[7411.273..7411.273]
Group-1	PS 39:5:0	295.26	240116_PS_FTMSMS-_2.mzXML	35.0	12263.3	0.0	0.0	[9.0..9.0]	[1.0..1.0]	[0.91..0.91]	[11159.604..11159.604]	[0.898..0.919]	[0.0..0.0]	[0.91..0.91]	[11159.604..11159.604]	[0.899..0.92]	[0.0..0.0]	0.8383587	[9355.75..9355.75]
Group-1	PS 39:5:0	303.23	240116_PS_FTMSMS-_2.mzXML	25.0	773.6	0.0	0.0	[5.0..8.0]	[0.0..0.0]	[0.972..0.996]	[751.939..770.506]	[0.193..0.197]	[1.0..1.0]	[1.0..1.062]	[773.6..821.56323]	[0.197..0.207]	[1.0..1.0]	0.8383587	[630.3947..645.96]
Group-1	PS 39:5:0	303.23	240116_PS_FTMSMS-_2.mzXML	30.0	1000.4	0.0	0.0	[5.0..8.0]	[0.0..0.0]	[1.162..1.328]	[1162.465..1328.531]	[0.116..0.131]	[1.0..1.0]	[1.159..1.348]	[1159.4636..1348.5393]	[0.116..0.132]	[1.0..1.0]	0.8383587	[974.5625..1113.7858]
Group-1	PS 39:5:0	303.23	240116_PS_FTMSMS-_2.mzXML	35.0	659.0	0.0	0.0	[5.0..8.0]	[0.0..0.0]	[1.492..1.914]	[983.228..1261.326]	[0.081..0.102]	[1.0..1.0]	[1.474..1.894]	[971.36597..1248.146]	[0.08..0.101]	[1.0..1.0]	0.8383587	[824.2977..1057.4436]
Group-1	PS 39:5:0	329.25	240116_PS_FTMSMS-_2.mzXML	25.0	2968.9	0.0	0.0	[4.0..7.0]	[0.0..0.0]	[1.013..1.081]	[3007.496..3209.381]	[0.221..0.233]	[1.0..1.0]	[1.051..1.179]	[3120.3137..3500.333]	[0.228..0.248]	[1.0..1.0]	0.8383587	[2521.3604..2690.6123]
Group-1	PS 39:5:0	329.25	240116_PS_FTMSMS-_2.mzXML	30.0	3478.4	580.9	0.16700208	[4.3..4.5]	[0.0..1.0]	[1.343..1.712]	[4671.491..5955.021]	[0.192..0.232]	[1.0..1.0]	[1.366..1.712]	[4751.4946..5955.0205]	[0.195..0.232]	[1.0..1.0]	0.8383587	[3916.3853..4992.4434]
Group-1	PS 39:5:0	329.25	240116_PS_FTMSMS-_2.mzXML	35.0	2211.5	578.9	0.26176804	[4.0..4.0]	[0.0..1.0]	[2.017..2.888]	[4460.595..6386.812]	[0.164..0.219]	[1.0..1.0]	[2.043..2.888]	[4518.094..6386.812]	[0.166..0.219]	[1.0..1.0]	0.8383587	[3739.579..5354.4395]
Group-1	PS 39:5:0	331.26	240116_PS_FTMSMS-_2.mzXML	25.0	587.8	0.0	0.0	[7.0..10.0]	[0.0..0.0]	[0.923..0.927]	[542.539..544.891]	[0.575..0.577]	[0.3..0.32]	[1.344..1.37]	[790.0032..805.286]	[0.664..0.668]	[0.299..0.317]	0.8383587	[454.8426..456.81375]
Group-1	PS 39:5:0	331.26	240116_PS_FTMSMS-_2.mzXML	30.0	1030.3	0.0	0.0	[7.0..10.0]	[0.0..0.0]	[1.002..1.107]	[1032.361..1140.542]	[0.587..0.611]	[0.3..0.32]	[1.197..1.331]	[1233.2692..1371.3293]	[0.63..0.654]	[0.299..0.317]	0.8383587	[865.48846..956.1834]
Group-1	PS 39:5:0	331.26	240116_PS_FTMSMS-_2.mzXML	35.0	1056.2	0.0	0.0	[7.0..10.0]	[0.0..0.0]	[1.176..1.436]	[1242.091..1516.703]	[0.546..0.595]	[0.3..0.32]	[1.257..1.538]	[1327.6433..1624.4355]	[0.562..0.611]	[0.299..0.317]	0.8383587	[1041.3179..1271.5413]
Group-1	PS 39:6:0	269.25	240116_PS_FTMSMS-_2.mzXML	25.0	15325.2	0.0	0.0	[0.0..0.0]	[0.0..1.0]	[0.99..0.997]	[15171.948..15279.225]	[0.731..0.754]	[0.0..0.0]	[0.99..0.99]	[15171.948..15171.948]	[0.729..0.729]	[0.0..0.0]	0.8401297	[12746.404..12836.529]
Group-1	PS 39:6:0	269.25	240116_PS_FTMSMS-_2.mzXML	30.0	27444.6	0.0	0.0	[0.0..0.0]	[0.0..0.0]	[0.981..0.981]	[26923.152..26923.152]	[0.762..0.762]	[0.0..0.0]	[0.981..0.981]	[26923.152..26923.152]	[0.762..0.762]	[0.0..0.0]	0.8401297	[22618.94..22618.94]
Group-1	PS 39:6:0	269.25	240116_PS_FTMSMS-_2.mzXML	35.0	31512.8	0.0	0.0	[0.0..0.0]	[1.0..1.0]	[0.979..0.979]	[30851.031..30851.031]	[0.791..0.791]	[0.0..0.0]	[0.979..0.979]	[30851.031..30851.031]	[0.791..0.791]	[0.0..0.0]	0.8401297	[25918.867..25918.867]
Group-1	PS 39:6:0	327.23	240116_PS_FTMSMS-_2.mzXML	25.0	3685.7	833.7	0.22619855	[4.0..4.0]	[0.0..1.0]	[1.341..1.527]	[4942.524..5628.064]	[0.246..0.269]	[1.0..1.0]	[1.527..1.527]	[5628.0635..5628.0635]	[0.271..0.271]	[1.0..1.0]	0.8401297	[4152.3604..4728.303]
Group-1	PS 39:6:0	327.23	240116_PS_FTMSMS-_2.mzXML	30.0	3177.9	1297.3	0.4082256	[4.0..4.0]	[1.0..1.0]	[2.643..2.643]	[8399.189..8399.189]	[0.238..0.238]	[1.0..1.0]	[2.643..2.643]	[8399.189..8399.189]	[0.238..0.238]	[1.0..1.0]	0.8401297	[7056.4077..7056.4077]
Group-1	PS 39:6:0	327.23	240116_PS_FTMSMS-_2.mzXML	35.0	1483.3	1162.7	0.78386027	[4.0..4.0]	[0.0..0.0]	[5.498..5.498]	[8155.184..8155.184]	[0.209..0.209]	[1.0..1.0]	[5.498..5.498]	[8155.184..8155.184]	[0.209..0.209]	[1.0..1.0]	0.8401297	[6851.412..6851.412]
Group-1	PS 40:6:0	283.26	240116_PS_FTMSMS-_2.mzXML	25.0	1.0669396E7	0.0	0.0	[0.0..0.0]	[1.0..1.0]	[0.998..0.998]	[1.0648057E7..1.0648057E7]	[0.761..0.761]	[0.0..0.0]	[0.998..0.998]	[1.0648057E7..1.0648057E7]	[0.761..0.761]	[0.0..0.0]	0.8280024	[8816617.0..8816617.0]
Group-1	PS 40:6:0	283.26	240116_PS_FTMSMS-_2.mzXML	30.0	1.8915216E7	0.0	0.0	[0.0..0.0]	[1.0..1.0]	[0.975..0.975]	[1.8442336E7..1.8442336E7]	[0.785..0.785]	[0.0..0.0]	[0.975..0.975]	[1.8442336E7..1.8442336E7]	[0.785..0.785]	[0.0..0.0]	0.8280024	[1.5270298E7..1.5270298E7]
Group-1	PS 40:6:0	283.26	240116_PS_FTMSMS-_2.mzXML	35.0	2.1531952E7	0.0	0.0	[0.0..0.0]	[1.0..1.0]	[0.962..0.962]	[2.0713738E7..2.0713738E7]	[0.794..0.794]	[0.0..0.0]	[0.962..0.962]	[2.0713738E7..2.0713738E7]	[0.794..0.794]	[0.0..0.0]	0.8280024	[1.7151024E7..1.7151024E7]
Group-1	PS 40:6:0	327.23	240116_PS_FTMSMS-_2.mzXML	25.0	2497328.5	483535.6	0.19362114	[4.0..4.0]	[0.0..0.0]	[1.341..1.341]	[3348917.5..3348917.5]	[0.239..0.239]	[1.0..1.0]	[1.341..1.341]	[3348917.5..3348917.5]	[0.239..0.239]	[1.0..1.0]	0.8280024	[2772911.8..2772911.8]
Group-1	PS 40:6:0	327.23	240116_PS_FTMSMS-_2.mzXML	30.0	2035266.5	824609.6	0.40516052	[4.0..4.0]	[0.0..0.0]	[2.483..2.483]	[5053567.0..5053567.0]	[0.215..0.215]	[1.0..1.0]	[2.483..2.483]	[5053567.0..5053567.0]	[0.215..0.215]	[1.0..1.0]	0.8280024	[4184365.2..4184365.2]
Group-1	PS 40:6:0	327.23	240116_PS_FTMSMS-_2.mzXML	35.0	977817.0	589318.7	0.60268813	[4.0..4.0]	[0.0..0.0]	[5.498..5.498]	[5376038.0..5376038.0]	[0.206..0.206]	[1.0..1.0]	[5.498..5.498]	[5376038.0..5376038.0]	[0.206..0.206]	[1.0..1.0]	0.8280024	[4451372.5..4451372.5]
Group-1	PS 40:7:0	281.25	240116_PS_FTMSMS-_2.mzXML	25.0	178931.0	0.0	0.0	[9.0..9.0]	[0.3..1.0]	[0.904..0.94]	[161753.62..168195.14]	[0.812..0.82]	[0.0..0.0]	[0.904..0.904]	[161753.62..161753.62]	[0.806..0.806]	[0.0..0.0]	0.8297263	[134211.23..139555.92]
Group-1	PS 40:7:0	281.25	240116_PS_FTMSMS-_2.mzXML	30.0	265916.4	0.0	0.0	[9.0..9.0]	[0.3..0.3]	[0.921..0.921]	[244909.02..244909.02]	[0.807..0.807]	[0.0..0.0]	[0.921..0.921]	[244909.02..244909.02]	[0.807..0.807]	[0.0..0.0]	0.8297263	[203207.44..203207.44]
Group-1	PS 40:7:0	281.25	240116_PS_FTMSMS-_2.mzXML	35.0	300749.3	0.0	0.0	[9.0..9.0]	[1.0..1.0]	[0.916..0.916]	[275486.38..275486.38]	[0.852..0.852]	[0.0..0.0]	[0.916..0.916]	[275486.38..275486.38]	[0.852..0.852]	[0.0..0.0]	0.8297263	[228578.28..228578.28]
Group-1	PS 40:7:0	303.23	240116_PS_FTMSMS-_2.mzXML	25.0	27325.6	0.0	0.0	[5.0..8.0]	[1.0..1.0]	[1.0..1.062]	[27325.6..29019.787]	[0.894..0.898]	[0.0..0.0]	[0.972..0.996]	[26560.482..27216.297]	[0.887..0.889]	[0.0..0.0]	0.8297263	[22672.768..24078.48]
Group-1	PS 40:7:0	303.23	240116_PS_FTMSMS-_2.mzXML	30.0	58578.9	0.0	0.0	[5.0..8.0]	[1.0..1.0]	[1.159..1.348]	[67892.945..78964.36]	[0.911..0.915]	[0.0..0.0]	[1.162..1.328]	[68068.68..77792.77]	[0.912..0.913]	[0.0..0.0]	0.8297263	[56332.562..65518.805]
Group-1	PS 40:7:0	303.23	240116_PS_FTMSMS-_2.mzXML	35.0	51121.1	0.0	0.0	[5.0..8.0]	[1.0..1.0]	[1.474..1.894]	[75352.49..96823.37]	[0.906..0.907]	[0.0..0.0]	[1.492..1.914]	[76272.68..97845.79]	[0.908..0.909]	[0.0..0.0]	0.8297263	[62521.95..80336.89]
Group-1	PS 40:7:0	305.25	240116_PS_FTMSMS-_2.mzXML	25.0	3577.4	0.0	0.0	[5.0..11.0]	[0.0..0.0]	[0.905..0.922]	[3237.547..3298.363]	[0.102..0.106]	[1.0..1.0]	[0.945..0.95]	[3380.6428..3398.5298]	[0.111..0.113]	[1.0..1.0]	0.8297263	[2686.2776..2736.7383]
Group-1	PS 40:7:0	305.25	240116_PS_FTMSMS-_2.mzXML	30.0	6939.0	0.0	0.0	[5.0..11.0]	[0.0..0.0]	[0.956..1.063]	[6633.684..7376.157]	[0.085..0.089]	[1.0..1.0]	[0.946..1.067]	[6564.294..7403.913]	[0.087..0.088]	[1.0..1.0]	0.8297263	[5504.1416..6120.191]
Group-1	PS 40:7:0	305.25	240116_PS_FTMSMS-_2.mzXML	35.0	7628.6	0.0	0.0	[5.0..11.0]	[0.0..0.0]	[1.023..1.308]	[7804.058..9978.209]	[0.093..0.094]	[1.0..1.0]	[0.995..1.293]	[7590.457..9863.78]	[0.091..0.092]	[1.0..1.0]	0.8297263	[6475.232..8279.182]
Group-1	PS 40:7:0	327.23	240116_PS_FTMSMS-_2.mzXML	25.0	26472.4	5201.7	0.19649522	[4.0..4.0]	[0.0..0.7]	[1.341..1.471]	[35499.49..38940.9]	[0.18..0.188]	[1.0..1.0]	[1.471..1.471]	[38940.9..38940.9]	[0.194..0.194]	[1.0..1.0]	0.8297263	[29454.857..32310.287]
Group-1	PS 40:7:0	327.23	240116_PS_FTMSMS-_2.mzXML	30.0	22532.9	11121.9	0.49358493	[4.0..4.0]	[0.7..0.7]	[2.595..2.595]	[58472.88..58472.88]	[0.193..0.193]	[1.0..1.0]	[2.595..2.595]	[58472.88..58472.88]	[0.193..0.193]	[1.0..1.0]	0.8297263	[48516.48..48516.48]
Group-1	PS 40:7:0	327.23	240116_PS_FTMSMS-_2.mzXML	35.0	8690.3	7523.9	0.8657814	[4.0..4.0]	[0.0..0.0]	[5.498..5.498]	[47779.27..47779.27]	[0.148..0.148]	[1.0..1.0]	[5.498..5.498]	[47779.27..47779.27]	[0.148..0.148]	[1.0..1.0]	0.8297263	[39643.715..39643.715]
Group-1	PS 40:8:0	279.23	240116_PS_FTMSMS-_2.mzXML	25.0	2390.7	0.0	0.0	[9.0..9.0]	[1.0..1.0]	[0.927..0.927]	[2216.179..2216.179]	[0.461..0.461]	[0.3..0.59]	[0.927..0.927]	[2216.1787..2216.1787]	[0.461..0.461]	[0.297..0.593]	0.8314494	[1842.6405..1842.6405]
Group-1	PS 40:8:0	279.23	240116_PS_FTMSMS-_2.mzXML	30.0	4098.9	0.0	0.0	[9.0..9.0]	[1.0..1.0]	[0.932..0.932]	[3820.175..3820.175]	[0.588..0.588]	[0.3..0.59]	[0.932..0.932]	[3820.1746..3820.1746]	[0.588..0.588]	[0.297..0.593]	0.8314494	[3176.282..3176.282]
Group-1	PS 40:8:0	279.23	240116_PS_FTMSMS-_2.mzXML	35.0	3992.4	0.0	0.0	[9.0..9.0]	[1.0..1.0]	[0.962..0.962]	[3840.689..3840.689]	[0.558..0.558]	[0.3..0.59]	[0.962..0.962]	[3840.6887..3840.6887]	[0.558..0.558]	[0.297..0.593]	0.8314494	[3193.3384..3193.3384]
Group-1	PS 40:8:0	303.23	240116_PS_FTMSMS-_2.mzXML	25.0	4262.4	0.0	0.0	[5.0..8.0]	[0.5..0.5]	[1.018..1.018]	[4339.123..4339.123]	[0.5..0.5]	[0.5..0.5]	[1.018..1.018]	[4339.123..4339.123]	[0.5..0.5]	[0.5..0.5]	0.8314494	[3607.7612..3607.7612]
Group-1	PS 40:8:0	303.23	240116_PS_FTMSMS-_2.mzXML	30.0	7927.8	0.0	0.0	[5.0..8.0]	[0.5..0.5]	[1.305..1.305]	[10345.778..10345.778]	[0.5..0.5]	[0.5..0.5]	[1.305..1.305]	[10345.778..10345.778]	[0.5..0.5]	[0.5..0.5]	0.8314494	[8601.991..8601.991]
Group-1	PS 40:8:0	303.23	240116_PS_FTMSMS-_2.mzXML	35.0	5904.9	0.0	0.0	[5.0..8.0]	[0.5..0.5]	[1.855..1.855]	[10953.59..10953.59]	[0.5..0.5]	[0.5..0.5]	[1.855..1.855]	[10953.59..10953.59]	[0.5..0.5]	[0.5..0.5]	0.8314494	[9107.355..9107.355]
Group-1	PS 40:8:0	327.23	240116_PS_FTMSMS-_2.mzXML	25.0	1934.1	0.0	0.0	[4.0..4.0]	[0.0..0.0]	[1.341..1.341]	[2593.628..2593.628]	[0.539..0.539]	[0.41..0.7]	[1.341..1.341]	[2593.628..2593.628]	[0.539..0.539]	[0.407..0.703]	0.8314494	[2156.4705..2156.4705]
Group-1	PS 40:8:0	327.23	240116_PS_FTMSMS-_2.mzXML	30.0	1080.2	0.0	0.0	[4.0..4.0]	[0.0..0.0]	[2.483..2.483]	[2682.137..2682.137]	[0.412..0.412]	[0.41..0.7]	[2.483..2.483]	[2682.1365..2682.1365]	[0.412..0.412]	[0.407..0.703]	0.8314494	[2230.0608..2230.0608]
Group-1	PS 40:8:0	327.23	240116_PS_FTMSMS-_2.mzXML	35.0	553.8	0.0	0.0	[4.0..4.0]	[0.0..0.0]	[5.498..5.498]	[3044.793..3044.793]	[0.442..0.442]	[0.41..0.7]	[5.498..5.498]	[3044.7925..3044.7925]	[0.442..0.442]	[0.407..0.703]	0.8314494	[2531.5908..2531.5908]
Group-1	PS 41:1:0	281.25	240116_PS_FTMSMS-_2.mzXML	25.0	52721.8	0.0	0.0	[9.0..9.0]	[0.0..1.0]	[0.888..0.94]	[46816.96..49558.492]	[0.349..0.359]	[0.86..1.0]	[0.933..0.94]	[49189.44..49558.492]	[0.36..0.362]	[0.859..1.0]	0.8080254	[37829.293..40044.52]
Group-1	PS 41:1:0	281.25	240116_PS_FTMSMS-_2.mzXML	30.0	37679.4	0.0	0.0	[9.0..9.0]	[0.0..1.0]	[0.919..0.925]	[34627.367..34853.445]	[0.156..0.156]	[0.86..1.0]	[0.924..0.925]	[34815.766..34853.445]	[0.156..0.157]	[0.859..1.0]	0.8080254	[27979.795..28162.469]
Group-1	PS 41:1:0	281.25	240116_PS_FTMSMS-_2.mzXML	35.0	34017.8	0.0	0.0	[9.0..9.0]	[0.0..1.0]	[0.916..0.936]	[31160.307..31840.662]	[0.132..0.133]	[0.86..1.0]	[0.933..0.936]	[31738.61..31840.662]	[0.134..0.134]	[0.859..1.0]	0.8080254	[25178.32..25728.064]
Group-1	PS 41:1:0	353.34	240116_PS_FTMSMS-_2.mzXML	25.0	83623.4	0.0	0.0	[0.0..0.0]	[0.0..1.0]	[1.044..1.06]	[87302.83..88640.8]	[0.641..0.651]	[0.0..0.14]	[1.044..1.046]	[87302.83..87470.08]	[0.638..0.64]	[0.0..0.141]	0.8080254	[70542.91..71624.016]
Group-1	PS 41:1:0	353.34	240116_PS_FTMSMS-_2.mzXML	30.0	194115.7	0.0	0.0	[0.0..0.0]	[0.0..1.0]	[0.967..0.968]	[187709.89..187904.0]	[0.844..0.844]	[0.0..0.14]	[0.967..0.967]	[187709.89..187709.89]	[0.843..0.844]	[0.0..0.141]	0.8080254	[151674.36..151831.2]
Group-1	PS 41:1:0	353.34	240116_PS_FTMSMS-_2.mzXML	35.0	224993.7	0.0	0.0	[0.0..0.0]	[0.0..1.0]	[0.912..0.924]	[205194.25..207894.19]	[0.867..0.868]	[0.0..0.14]	[0.912..0.914]	[205194.25..205644.23]	[0.866..0.866]	[0.0..0.141]	0.8080254	[165802.17..167983.78]
Group-1	PS 41:2:0	281.25	240116_PS_FTMSMS-_2.mzXML	25.0	204675.5	0.0	0.0	[9.0..9.0]	[1.0..1.0]	[0.94..0.94]	[192394.97..192394.97]	[0.817..0.817]	[0.0..0.0]	[0.94..0.94]	[192394.97..192394.97]	[0.817..0.817]	[0.0..0.0]	0.8096523	[155773.05..155773.05]
Group-1	PS 41:2:0	281.25	240116_PS_FTMSMS-_2.mzXML	30.0	789197.5	0.0	0.0	[9.0..9.0]	[1.0..1.0]	[0.925..0.925]	[730007.7..730007.7]	[0.838..0.838]	[0.0..0.0]	[0.925..0.925]	[730007.7..730007.7]	[0.838..0.838]	[0.0..0.0]	0.8096523	[591052.4..591052.4]
Group-1	PS 41:2:0	281.25	240116_PS_FTMSMS-_2.mzXML	35.0	1096150.8	0.0	0.0	[9.0..9.0]	[1.0..1.0]	[0.916..0.916]	[1004074.1..1004074.1]	[0.868..0.868]	[0.0..0.0]	[0.916..0.916]	[1004074.1..1004074.1]	[0.868..0.868]	[0.0..0.0]	0.8096523	[812950.94..812950.94]
Group-1	PS 41:2:0	351.33	240116_PS_FTMSMS-_2.mzXML	25.0	43629.7	0.0	0.0	[13.0..13.0]	[0.0..0.0]	[0.986..0.986]	[43018.883..43018.883]	[0.183..0.183]	[1.0..1.0]	[0.986..0.986]	[43018.883..43018.883]	[0.183..0.183]	[1.0..1.0]	0.8096523	[34830.34..34830.34]
Group-1	PS 41:2:0	351.33	240116_PS_FTMSMS-_2.mzXML	30.0	146579.6	0.0	0.0	[13.0..13.0]	[0.0..0.0]	[0.965..0.965]	[141449.3..141449.3]	[0.162..0.162]	[1.0..1.0]	[0.965..0.965]	[141449.3..141449.3]	[0.162..0.162]	[1.0..1.0]	0.8096523	[114524.76..114524.76]
Group-1	PS 41:2:0	351.33	240116_PS_FTMSMS-_2.mzXML	35.0	162567.4	0.0	0.0	[13.0..13.0]	[0.0..0.0]	[0.943..0.943]	[153301.06..153301.06]	[0.132..0.132]	[1.0..1.0]	[0.943..0.943]	[153301.06..153301.06]	[0.132..0.132]	[1.0..1.0]	0.8096523	[124120.56..124120.56]
Group-1	PS 41:3:0	281.25	240116_PS_FTMSMS-_2.mzXML	25.0	82386.3	0.0	0.0	[9.0..9.0]	[1.0..1.0]	[0.94..0.94]	[77443.12..77443.12]	[0.95..0.95]	[0.0..0.0]	[0.94..0.94]	[77443.12..77443.12]	[0.95..0.95]	[0.0..0.0]	0.81129444	[62829.176..62829.176]
Group-1	PS 41:3:0	281.25	240116_PS_FTMSMS-_2.mzXML	30.0	307649.3	0.0	0.0	[9.0..9.0]	[1.0..1.0]	[0.925..0.925]	[284575.62..284575.62]	[0.975..0.975]	[0.0..0.0]	[0.925..0.925]	[284575.62..284575.62]	[0.975..0.975]	[0.0..0.0]	0.81129444	[230874.61..230874.61]
Group-1	PS 41:3:0	281.25	240116_PS_FTMSMS-_2.mzXML	35.0	510267.1	0.0	0.0	[9.0..9.0]	[1.0..1.0]	[0.916..0.916]	[467404.7..467404.7]	[0.98..0.98]	[0.0..0.0]	[0.916..0.916]	[467404.66..467404.66]	[0.98..0.98]	[0.0..0.0]	0.81129444	[379202.78..379202.78]
Group-1	PS 41:3:0	283.26	240116_PS_FTMSMS-_2.mzXML	25.0	79924.8	0.0	0.0	[0.0..0.0]	[0.19999999..0.19999999]	[0.988..0.988]	[78965.695..78965.695]	[0.903..0.903]	[0.0..0.0]	[0.988..0.988]	[78965.695..78965.695]	[0.903..0.903]	[0.0..0.0]	0.81129444	[64064.43..64064.43]
Group-1	PS 41:3:0	283.26	240116_PS_FTMSMS-_2.mzXML	30.0	204288.2	0.0	0.0	[0.0..0.0]	[1.0..1.0]	[0.975..0.975]	[199180.98..199180.98]	[0.942..0.942]	[0.0..0.0]	[0.975..0.975]	[199181.0..199181.0]	[0.942..0.942]	[0.0..0.0]	0.81129444	[161594.44..161594.44]
Group-1	PS 41:3:0	283.26	240116_PS_FTMSMS-_2.mzXML	35.0	259459.7	0.0	0.0	[0.0..0.0]	[0.19999999..1.0]	[0.961..0.962]	[249340.78..249600.23]	[0.947..0.948]	[0.0..0.0]	[0.961..0.961]	[249340.78..249340.78]	[0.947..0.947]	[0.0..0.0]	0.81129444	[202288.8..202499.28]
Group-1	PS 41:3:0	297.28	240116_PS_FTMSMS-_2.mzXML	25.0	4777.1	0.0	0.0	[0.0..0.0]	[1.0..1.0]	[1.003..1.003]	[4791.432..4791.432]	[0.62..0.62]	[0.0..0.32]	[1.003..1.003]	[4791.4316..4791.4316]	[0.62..0.62]	[0.0..0.315]	0.81129444	[3887.2617..3887.2617]
Group-1	PS 41:3:0	297.28	240116_PS_FTMSMS-_2.mzXML	30.0	6365.3	0.0	0.0	[0.0..0.0]	[1.0..1.0]	[0.967..0.967]	[6155.245..6155.245]	[0.58..0.58]	[0.0..0.32]	[0.967..0.967]	[6155.245..6155.245]	[0.58..0.58]	[0.0..0.315]	0.81129444	[4993.716..4993.716]
Group-1	PS 41:3:0	297.28	240116_PS_FTMSMS-_2.mzXML	35.0	7514.7	0.0	0.0	[0.0..0.0]	[1.0..1.0]	[0.947..0.947]	[7116.422..7116.422]	[1.0..1.0]	[0.0..0.32]	[0.947..0.947]	[7116.4214..7116.4214]	[1.0..1.0]	[0.0..0.315]	0.81129444	[5773.5127..5773.5127]
Group-1	PS 41:3:0	333.28	240116_PS_FTMSMS-_2.mzXML	25.0	3122.8	0.0	0.0	[13.0..13.0]	[0.0..0.0]	[0.94..0.94]	[2935.432..2935.432]	[0.38..0.38]	[0.68..1.0]	[0.94..0.94]	[2935.4321..2935.4321]	[0.38..0.38]	[0.685..1.0]	0.81129444	[2381.4995..2381.4995]
Group-1	PS 41:3:0	333.28	240116_PS_FTMSMS-_2.mzXML	30.0	4787.6	0.0	0.0	[13.0..13.0]	[0.0..0.0]	[0.93..0.93]	[4452.469..4452.469]	[0.42..0.42]	[0.68..1.0]	[0.93..0.93]	[4452.4683..4452.4683]	[0.42..0.42]	[0.685..1.0]	0.81129444	[3612.2627..3612.2627]
Group-1	PS 41:3:0	333.28	240116_PS_FTMSMS-_2.mzXML	35.0	0.0	0.0	0.0	[13.0..13.0]	[0.0..0.0]	[0.952..0.952]	[0.0..0.0]	[0.0..0.0]	[0.68..1.0]	[0.952..0.952]	[0.0..0.0]	[0.0..0.0]	[0.685..1.0]	0.81129444	[0.0..0.0]
Group-1	PS 41:3:0	347.3	240116_PS_FTMSMS-_2.mzXML	25.0	8644.6	0.0	0.0	[13.0..13.0]	[0.8..0.8]	[0.981..0.981]	[8480.353..8480.353]	[0.097..0.097]	[1.0..1.0]	[0.981..0.981]	[8480.353..8480.353]	[0.097..0.097]	[1.0..1.0]	0.81129444	[6880.0625..6880.0625]
Group-1	PS 41:3:0	347.3	240116_PS_FTMSMS-_2.mzXML	30.0	13155.3	0.0	0.0	[13.0..13.0]	[0.0..0.0]	[0.928..0.928]	[12208.118..12208.118]	[0.058..0.058]	[1.0..1.0]	[0.928..0.928]	[12208.118..12208.118]	[0.058..0.058]	[1.0..1.0]	0.81129444	[9904.378..9904.378]
Group-1	PS 41:3:0	347.3	240116_PS_FTMSMS-_2.mzXML	35.0	14668.4	0.0	0.0	[13.0..13.0]	[0.0..0.8]	[0.934..0.952]	[13700.286..13964.317]	[0.052..0.053]	[1.0..1.0]	[0.952..0.952]	[13964.317..13964.317]	[0.053..0.053]	[1.0..1.0]	0.81129444	[11114.966..11329.173]
Group-1	PS 41:3:0	349.31	240116_PS_FTMSMS-_2.mzXML	25.0	4222.0	0.0	0.0	[13.0..13.0]	[0.0..0.0]	[0.967..0.967]	[4082.674..4082.674]	[0.05..0.05]	[1.0..1.0]	[0.967..0.967]	[4082.674..4082.674]	[0.05..0.05]	[1.0..1.0]	0.81129444	[3312.2507..3312.2507]
Group-1	PS 41:3:0	349.31	240116_PS_FTMSMS-_2.mzXML	30.0	7749.1	0.0	0.0	[13.0..13.0]	[0.0..0.0]	[0.951..0.951]	[7369.394..7369.394]	[0.025..0.025]	[1.0..1.0]	[0.951..0.951]	[7369.394..7369.394]	[0.025..0.025]	[1.0..1.0]	0.81129444	[5978.7485..5978.7485]
Group-1	PS 41:3:0	349.31	240116_PS_FTMSMS-_2.mzXML	35.0	10250.3	0.0	0.0	[13.0..13.0]	[0.0..0.0]	[0.949..0.949]	[9727.534..9727.534]	[0.02..0.02]	[1.0..1.0]	[0.949..0.949]	[9727.534..9727.534]	[0.02..0.02]	[1.0..1.0]	0.81129444	[7891.894..7891.894]
Group-1	PS 41:4:0	281.25	240116_PS_FTMSMS-_2.mzXML	25.0	50837.5	0.0	0.0	[9.0..9.0]	[1.0..1.0]	[0.94..0.94]	[47787.246..47787.246]	[0.941..0.941]	[0.0..0.0]	[0.94..0.94]	[47787.25..47787.25]	[0.941..0.941]	[0.0..0.0]	0.81293565	[38847.96..38847.96]
Group-1	PS 41:4:0	281.25	240116_PS_FTMSMS-_2.mzXML	30.0	108027.4	0.0	0.0	[9.0..9.0]	[1.0..1.0]	[0.925..0.925]	[99925.34..99925.34]	[0.959..0.959]	[0.0..0.0]	[0.925..0.925]	[99925.34..99925.34]	[0.959..0.959]	[0.0..0.0]	0.81293565	[81232.875..81232.875]
Group-1	PS 41:4:0	281.25	240116_PS_FTMSMS-_2.mzXML	35.0	133856.6	0.0	0.0	[9.0..9.0]	[1.0..1.0]	[0.916..0.916]	[122612.64..122612.64]	[0.951..0.951]	[0.0..0.0]	[0.916..0.916]	[122612.64..122612.64]	[0.951..0.951]	[0.0..0.0]	0.81293565	[99676.19..99676.19]
Group-1	PS 41:4:0	283.26	240116_PS_FTMSMS-_2.mzXML	25.0	90290.1	0.0	0.0	[0.0..0.0]	[1.0..1.0]	[0.998..0.998]	[90109.52..90109.52]	[1.0..1.0]	[0.0..0.0]	[0.998..0.998]	[90109.52..90109.52]	[1.0..1.0]	[0.0..0.0]	0.81293565	[73253.24..73253.24]
Group-1	PS 41:4:0	283.26	240116_PS_FTMSMS-_2.mzXML	30.0	242520.6	0.0	0.0	[0.0..0.0]	[1.0..1.0]	[0.975..0.975]	[236457.58..236457.58]	[1.0..1.0]	[0.0..0.0]	[0.975..0.975]	[236457.58..236457.58]	[1.0..1.0]	[0.0..0.0]	0.81293565	[192224.8..192224.8]
Group-1	PS 41:4:0	283.26	240116_PS_FTMSMS-_2.mzXML	35.0	316289.1	0.0	0.0	[0.0..0.0]	[1.0..1.0]	[0.962..0.962]	[304270.12..304270.12]	[0.987..0.989]	[0.0..0.0]	[0.962..0.962]	[304270.12..304270.12]	[0.987..0.989]	[0.0..0.0]	0.81293565	[247352.03..247352.03]
Group-1	PS 41:4:0	295.26	240116_PS_FTMSMS-_2.mzXML	25.0	2506.3	0.0	0.0	[9.0..9.0]	[1.0..1.0]	[0.947..0.947]	[2373.466..2373.466]	[1.0..1.0]	[0.0..0.0]	[0.947..0.947]	[2373.4663..2373.4663]	[1.0..1.0]	[0.0..0.0]	0.81293565	[1929.4753..1929.4753]
Group-1	PS 41:4:0	295.26	240116_PS_FTMSMS-_2.mzXML	30.0	4584.2	0.0	0.0	[9.0..9.0]	[1.0..1.0]	[0.923..0.923]	[4231.217..4231.217]	[1.0..1.0]	[0.0..0.0]	[0.923..0.923]	[4231.217..4231.217]	[1.0..1.0]	[0.0..0.0]	0.81293565	[3439.7068..3439.7068]
Group-1	PS 41:4:0	295.26	240116_PS_FTMSMS-_2.mzXML	35.0	5024.4	0.0	0.0	[9.0..9.0]	[1.0..1.0]	[0.91..0.91]	[4572.204..4572.204]	[1.0..1.0]	[0.0..0.0]	[0.91..0.91]	[4572.204..4572.204]	[1.0..1.0]	[0.0..0.0]	0.81293565	[3716.9077..3716.9077]
Group-1	PS 41:4:0	297.28	240116_PS_FTMSMS-_2.mzXML	25.0	8156.9	0.0	0.0	[0.0..0.0]	[1.0..1.0]	[1.003..1.003]	[8181.371..8181.371]	[0.554..0.555]	[0.32..0.37]	[1.003..1.003]	[8181.3706..8181.3706]	[0.452..0.454]	[0.319..0.369]	0.81293565	[6650.9277..6650.9277]
Group-1	PS 41:4:0	297.28	240116_PS_FTMSMS-_2.mzXML	30.0	15642.4	0.0	0.0	[0.0..0.0]	[1.0..1.0]	[0.967..0.967]	[15126.201..15126.201]	[0.545..0.57]	[0.32..0.37]	[0.967..0.967]	[15126.201..15126.201]	[0.499..0.522]	[0.319..0.369]	0.81293565	[12296.628..12296.628]
Group-1	PS 41:4:0	297.28	240116_PS_FTMSMS-_2.mzXML	35.0	18014.3	0.0	0.0	[0.0..0.0]	[1.0..1.0]	[0.947..0.947]	[17059.543..17059.543]	[0.579..0.626]	[0.32..0.37]	[0.947..0.947]	[17059.543..17059.543]	[0.562..0.609]	[0.319..0.369]	0.81293565	[13868.312..13868.312]
Group-1	PS 41:4:0	303.23	240116_PS_FTMSMS-_2.mzXML	25.0	0.0	0.0	0.0	[5.0..8.0]	[0.0..1.0]	[0.972..1.062]	[0.0..0.0]	[0.5..0.5]	[0.5..1.0]	[1.062..1.508]	[0.0..0.0]	[0.5..0.5]	[0.5..1.0]	0.81293565	[0.0..0.0]
Group-1	PS 41:4:0	303.23	240116_PS_FTMSMS-_2.mzXML	30.0	0.0	0.0	0.0	[5.0..8.0]	[0.0..1.0]	[1.162..1.348]	[0.0..0.0]	[0.0..0.0]	[0.5..1.0]	[1.348..1.43]	[0.0..0.0]	[0.0..0.0]	[0.5..1.0]	0.81293565	[0.0..0.0]
Group-1	PS 41:4:0	303.23	240116_PS_FTMSMS-_2.mzXML	35.0	0.0	0.0	0.0	[5.0..8.0]	[0.0..1.0]	[1.492..1.894]	[0.0..0.0]	[0.0..0.0]	[0.5..1.0]	[1.61..1.894]	[0.0..0.0]	[0.0..0.0]	[0.5..1.0]	0.81293565	[0.0..0.0]
Group-1	PS 41:4:0	325.31	240116_PS_FTMSMS-_2.mzXML	25.0	0.0	0.0	0.0	[0.0..0.0]	[0.0..1.0]	[1.004..1.023]	[0.0..0.0]	[0.0..0.0]	[0.0..1.0]	[1.004..1.023]	[0.0..0.0]	[0.0..0.0]	[0.0..1.0]	0.81293565	[0.0..0.0]
Group-1	PS 41:4:0	325.31	240116_PS_FTMSMS-_2.mzXML	30.0	7245.3	0.0	0.0	[0.0..0.0]	[0.0..1.0]	[0.954..0.961]	[6912.016..6962.734]	[1.0..1.0]	[0.0..1.0]	[0.954..0.961]	[6912.016..6962.7334]	[1.0..1.0]	[0.0..1.0]	0.81293565	[5619.024..5660.254]
Group-1	PS 41:4:0	325.31	240116_PS_FTMSMS-_2.mzXML	35.0	10095.5	0.0	0.0	[0.0..0.0]	[0.0..1.0]	[0.924..0.929]	[9328.242..9378.72]	[1.0..1.0]	[0.0..1.0]	[0.924..0.929]	[9328.242..9378.72]	[1.0..1.0]	[0.0..1.0]	0.81293565	[7583.2607..7624.296]
Group-1	PS 41:4:0	331.26	240116_PS_FTMSMS-_2.mzXML	25.0	7114.4	0.0	0.0	[7.0..10.0]	[0.0..0.0]	[0.923..0.927]	[6566.591..6595.049]	[0.445..0.446]	[0.63..0.68]	[1.382..1.395]	[9832.101..9924.588]	[0.546..0.548]	[0.631..0.681]	0.81293565	[5338.216..5361.35]
Group-1	PS 41:4:0	331.26	240116_PS_FTMSMS-_2.mzXML	30.0	11388.0	0.0	0.0	[7.0..10.0]	[0.0..0.0]	[1.002..1.107]	[11410.775..12606.516]	[0.43..0.455]	[0.63..0.68]	[1.217..1.332]	[13859.196..15168.816]	[0.478..0.501]	[0.631..0.681]	0.81293565	[9276.227..10248.286]
Group-1	PS 41:4:0	331.26	240116_PS_FTMSMS-_2.mzXML	35.0	8652.9	0.0	0.0	[7.0..10.0]	[0.0..0.0]	[1.176..1.436]	[10175.811..12425.564]	[0.374..0.421]	[0.63..0.68]	[1.265..1.534]	[10945.919..13273.55]	[0.391..0.438]	[0.631..0.681]	0.81293565	[8272.279..10101.185]
Group-1	PS 41:4:0	333.28	240116_PS_FTMSMS-_2.mzXML	25.0	0.0	0.0	0.0	[13.0..13.0]	[0.0..0.0]	[0.94..0.94]	[0.0..0.0]	[0.0..0.0]	[1.0..1.0]	[0.94..0.94]	[0.0..0.0]	[0.0..0.0]	[1.0..1.0]	0.81293565	[0.0..0.0]
Group-1	PS 41:4:0	333.28	240116_PS_FTMSMS-_2.mzXML	30.0	0.0	0.0	0.0	[13.0..13.0]	[0.0..0.0]	[0.93..0.93]	[0.0..0.0]	[0.0..0.0]	[1.0..1.0]	[0.93..0.93]	[0.0..0.0]	[0.0..0.0]	[1.0..1.0]	0.81293565	[0.0..0.0]
Group-1	PS 41:4:0	333.28	240116_PS_FTMSMS-_2.mzXML	35.0	0.0	0.0	0.0	[13.0..13.0]	[0.0..0.0]	[0.952..0.952]	[0.0..0.0]	[0.0..0.0]	[1.0..1.0]	[0.952..0.952]	[0.0..0.0]	[0.0..0.0]	[1.0..1.0]	0.81293565	[0.0..0.0]
Group-1	PS 41:4:0	345.28	240116_PS_FTMSMS-_2.mzXML	25.0	0.0	0.0	0.0	[7.0..10.0]	[0.0..0.0]	[0.905..0.907]	[0.0..0.0]	[0.0..0.0]	[1.0..1.0]	[0.927..0.932]	[0.0..0.0]	[0.0..0.0]	[1.0..1.0]	0.81293565	[0.0..0.0]
Group-1	PS 41:4:0	345.28	240116_PS_FTMSMS-_2.mzXML	30.0	0.0	0.0	0.0	[7.0..10.0]	[0.0..0.0]	[0.975..1.061]	[0.0..0.0]	[0.0..0.0]	[1.0..1.0]	[0.976..1.06]	[0.0..0.0]	[0.0..0.0]	[1.0..1.0]	0.81293565	[0.0..0.0]
Group-1	PS 41:4:0	345.28	240116_PS_FTMSMS-_2.mzXML	35.0	2914.4	0.0	0.0	[7.0..10.0]	[0.0..0.0]	[1.137..1.356]	[3313.673..3951.926]	[0.011..0.013]	[1.0..1.0]	[1.136..1.344]	[3310.7583..3916.9534]	[0.011..0.013]	[1.0..1.0]	0.81293565	[2693.8025..3212.6614]
Group-1	PS 41:4:0	347.3	240116_PS_FTMSMS-_2.mzXML	25.0	3207.4	0.0	0.0	[13.0..13.0]	[0.0..0.0]	[0.941..0.941]	[3018.163..3018.163]	[0.059..0.059]	[1.0..1.0]	[0.941..0.941]	[3018.1633..3018.1633]	[0.059..0.059]	[1.0..1.0]	0.81293565	[2453.5725..2453.5725]
Group-1	PS 41:4:0	347.3	240116_PS_FTMSMS-_2.mzXML	30.0	4639.7	0.0	0.0	[13.0..13.0]	[0.0..0.0]	[0.928..0.928]	[4305.642..4305.642]	[0.041..0.041]	[1.0..1.0]	[0.928..0.928]	[4305.6416..4305.6416]	[0.041..0.041]	[1.0..1.0]	0.81293565	[3500.2095..3500.2095]
Group-1	PS 41:4:0	347.3	240116_PS_FTMSMS-_2.mzXML	35.0	6648.9	0.0	0.0	[13.0..13.0]	[0.0..0.0]	[0.952..0.952]	[6329.753..6329.753]	[0.049..0.049]	[1.0..1.0]	[0.952..0.952]	[6329.753..6329.753]	[0.049..0.049]	[1.0..1.0]	0.81293565	[5145.682..5145.682]
Group-1	PS 41:5:0	297.28	240116_PS_FTMSMS-_2.mzXML	25.0	8060.4	0.0	0.0	[0.0..0.0]	[1.0..1.0]	[1.003..1.003]	[8084.581..8084.581]	[0.496..0.513]	[0.47..0.47]	[1.003..1.003]	[8084.581..8084.581]	[0.385..0.404]	[0.468..0.469]	0.81459224	[6585.637..6585.637]
Group-1	PS 41:5:0	297.28	240116_PS_FTMSMS-_2.mzXML	30.0	13023.6	0.0	0.0	[0.0..0.0]	[0.3..1.0]	[0.961..0.967]	[12515.68..12593.821]	[0.435..0.534]	[0.47..0.47]	[0.964..0.964]	[12554.75..12554.75]	[0.428..0.481]	[0.468..0.469]	0.81459224	[10195.175..10258.828]
Group-1	PS 41:5:0	297.28	240116_PS_FTMSMS-_2.mzXML	35.0	17669.9	0.0	0.0	[0.0..0.0]	[0.3..1.0]	[0.947..0.947]	[16733.396..16733.396]	[0.514..0.619]	[0.47..0.47]	[0.947..0.947]	[16733.396..16733.396]	[0.511..0.599]	[0.468..0.469]	0.81459224	[13630.895..13630.895]
Group-1	PS 41:5:0	329.25	240116_PS_FTMSMS-_2.mzXML	25.0	7586.1	0.0	0.0	[4.0..7.0]	[0.0..0.0]	[1.013..1.081]	[7684.72..8200.574]	[0.487..0.504]	[0.53..0.53]	[1.574..1.705]	[11940.521..12934.301]	[0.596..0.615]	[0.531..0.532]	0.81459224	[6259.9126..6680.1235]
Group-1	PS 41:5:0	329.25	240116_PS_FTMSMS-_2.mzXML	30.0	8136.1	0.0	0.0	[4.0..7.0]	[0.0..0.7]	[1.343..2.012]	[10926.783..16369.834]	[0.466..0.565]	[0.53..0.53]	[1.662..2.061]	[13522.198..16768.504]	[0.519..0.572]	[0.531..0.532]	0.81459224	[8900.872..13334.74]
Group-1	PS 41:5:0	329.25	240116_PS_FTMSMS-_2.mzXML	35.0	5115.6	1650.5	0.32264054	[4.0..4.0]	[0.0..0.7]	[2.017..3.095]	[10318.165..15832.782]	[0.381..0.486]	[0.53..0.53]	[2.193..3.135]	[11218.512..16037.406]	[0.401..0.489]	[0.531..0.532]	0.81459224	[8405.097..12897.261]
Group-1	PS 41:6:0	297.28	240116_PS_FTMSMS-_2.mzXML	25.0	10936.8	0.0	0.0	[0.0..0.0]	[1.0..1.0]	[1.003..1.003]	[10969.61..10969.61]	[0.459..0.459]	[0.24..0.6]	[1.003..1.003]	[10969.61..10969.61]	[0.459..0.459]	[0.243..0.597]	0.81624794	[8953.922..8953.922]
Group-1	PS 41:6:0	297.28	240116_PS_FTMSMS-_2.mzXML	30.0	28473.7	0.0	0.0	[0.0..0.0]	[1.0..1.0]	[0.967..0.967]	[27534.066..27534.066]	[0.611..0.611]	[0.24..0.6]	[0.967..0.967]	[27534.066..27534.066]	[0.611..0.611]	[0.243..0.597]	0.81624794	[22474.625..22474.625]
Group-1	PS 41:6:0	297.28	240116_PS_FTMSMS-_2.mzXML	35.0	29820.7	0.0	0.0	[0.0..0.0]	[1.0..1.0]	[0.947..0.947]	[28240.203..28240.203]	[0.499..0.499]	[0.24..0.6]	[0.947..0.947]	[28240.203..28240.203]	[0.499..0.499]	[0.243..0.597]	0.81624794	[23051.008..23051.008]
Group-1	PS 41:6:0	327.23	240116_PS_FTMSMS-_2.mzXML	25.0	9634.6	0.0	0.0	[4.0..4.0]	[0.0..0.0]	[1.341..1.341]	[12919.998..12919.998]	[0.541..0.541]	[0.4..0.76]	[1.341..1.341]	[12919.998..12919.998]	[0.541..0.541]	[0.403..0.757]	0.81624794	[10545.922..10545.922]
Group-1	PS 41:6:0	327.23	240116_PS_FTMSMS-_2.mzXML	30.0	7065.5	0.0	0.0	[4.0..4.0]	[0.0..0.0]	[2.483..2.483]	[17543.637..17543.637]	[0.389..0.389]	[0.4..0.76]	[2.483..2.483]	[17543.637..17543.637]	[0.389..0.389]	[0.403..0.757]	0.81624794	[14319.957..14319.957]
Group-1	PS 41:6:0	327.23	240116_PS_FTMSMS-_2.mzXML	35.0	5149.2	0.0	0.0	[4.0..4.0]	[0.0..0.0]	[5.498..5.498]	[28310.303..28310.303]	[0.501..0.501]	[0.4..0.76]	[5.498..5.498]	[28310.303..28310.303]	[0.501..0.501]	[0.403..0.757]	0.81624794	[23108.227..23108.227]
Group-1	PS 42:2:0	281.25	240116_PS_FTMSMS-_2.mzXML	25.0	248677.1	0.0	0.0	[9.0..9.0]	[1.0..1.0]	[0.94..0.94]	[233756.47..233756.47]	[0.334..0.334]	[0.79..0.89]	[0.94..0.94]	[233756.47..233756.47]	[0.334..0.334]	[0.795..0.895]	0.79845804	[186644.72..186644.72]
Group-1	PS 42:2:0	281.25	240116_PS_FTMSMS-_2.mzXML	30.0	591294.6	0.0	0.0	[9.0..9.0]	[1.0..1.0]	[0.925..0.925]	[546947.56..546947.56]	[0.348..0.348]	[0.79..0.89]	[0.925..0.925]	[546947.56..546947.56]	[0.348..0.348]	[0.795..0.895]	0.79845804	[436714.66..436714.66]
Group-1	PS 42:2:0	281.25	240116_PS_FTMSMS-_2.mzXML	35.0	782805.6	0.0	0.0	[9.0..9.0]	[1.0..1.0]	[0.916..0.916]	[717049.94..717049.94]	[0.371..0.371]	[0.79..0.89]	[0.916..0.916]	[717049.94..717049.94]	[0.371..0.371]	[0.795..0.895]	0.79845804	[572534.3..572534.3]
Group-1	PS 42:2:0	283.26	240116_PS_FTMSMS-_2.mzXML	25.0	58549.9	0.0	0.0	[0.0..0.0]	[1.0..1.0]	[0.998..0.998]	[58432.8..58432.8]	[1.0..1.0]	[0.0..0.0]	[0.998..0.998]	[58432.8..58432.8]	[1.0..1.0]	[0.0..0.0]	0.79845804	[46656.137..46656.137]
Group-1	PS 42:2:0	283.26	240116_PS_FTMSMS-_2.mzXML	30.0	233379.5	0.0	0.0	[0.0..0.0]	[0.5..0.5]	[0.971..0.971]	[226611.5..226611.5]	[0.944..0.944]	[0.0..0.0]	[0.971..0.971]	[226611.5..226611.5]	[0.944..0.944]	[0.0..0.0]	0.79845804	[180939.77..180939.77]
Group-1	PS 42:2:0	283.26	240116_PS_FTMSMS-_2.mzXML	35.0	449730.8	0.0	0.0	[0.0..0.0]	[0.5..1.0]	[0.961..0.962]	[432191.3..432641.06]	[0.967..0.967]	[0.0..0.0]	[0.961..0.961]	[432191.3..432191.3]	[0.967..0.967]	[0.0..0.0]	0.79845804	[345086.62..345445.72]
Group-1	PS 42:2:0	309.28	240116_PS_FTMSMS-_2.mzXML	25.0	0.0	0.0	0.0	[11.0..11.0]	[1.0..1.0]	[0.975..0.975]	[0.0..0.0]	[0.0..0.0]	[0.64..1.0]	[0.975..0.975]	[0.0..0.0]	[0.0..0.0]	[0.636..1.0]	0.79845804	[0.0..0.0]
Group-1	PS 42:2:0	309.28	240116_PS_FTMSMS-_2.mzXML	30.0	19763.2	0.0	0.0	[11.0..11.0]	[1.0..1.0]	[0.931..0.931]	[18399.54..18399.54]	[0.441..0.441]	[0.64..1.0]	[0.931..0.931]	[18399.54..18399.54]	[0.441..0.441]	[0.636..1.0]	0.79845804	[14691.259..14691.259]
Group-1	PS 42:2:0	309.28	240116_PS_FTMSMS-_2.mzXML	35.0	14244.0	0.0	0.0	[11.0..11.0]	[1.0..1.0]	[0.9..0.9]	[12819.6..12819.6]	[0.361..0.361]	[0.64..1.0]	[0.9..0.9]	[12819.6..12819.6]	[0.361..0.361]	[0.636..1.0]	0.79845804	[10235.912..10235.912]
Group-1	PS 42:2:0	337.31	240116_PS_FTMSMS-_2.mzXML	25.0	9499.4	0.0	0.0	[13.0..13.0]	[0.0..0.0]	[0.967..0.967]	[9185.92..9185.92]	[1.0..1.0]	[0.0..0.36]	[0.967..0.967]	[9185.92..9185.92]	[1.0..1.0]	[0.0..0.364]	0.79845804	[7334.572..7334.572]
Group-1	PS 42:2:0	337.31	240116_PS_FTMSMS-_2.mzXML	30.0	24312.5	0.0	0.0	[13.0..13.0]	[0.0..0.0]	[0.958..0.958]	[23291.377..23291.377]	[0.559..0.559]	[0.0..0.36]	[0.958..0.958]	[23291.375..23291.375]	[0.559..0.559]	[0.0..0.364]	0.79845804	[18597.186..18597.186]
Group-1	PS 42:2:0	337.31	240116_PS_FTMSMS-_2.mzXML	35.0	24055.3	0.0	0.0	[13.0..13.0]	[0.0..0.0]	[0.942..0.942]	[22660.092..22660.092]	[0.639..0.639]	[0.0..0.36]	[0.942..0.942]	[22660.092..22660.092]	[0.639..0.639]	[0.0..0.364]	0.79845804	[18093.133..18093.133]
Group-1	PS 42:2:0	363.32	240116_PS_FTMSMS-_2.mzXML	25.0	0.0	0.0	0.0	[15.0..15.0]	[0.0..0.0]	[1.011..1.011]	[0.0..0.0]	[0.0..0.0]	[1.0..1.0]	[1.011..1.011]	[0.0..0.0]	[0.0..0.0]	[1.0..1.0]	0.79845804	[0.0..0.0]
Group-1	PS 42:2:0	363.32	240116_PS_FTMSMS-_2.mzXML	30.0	13773.6	0.0	0.0	[15.0..15.0]	[0.5..0.5]	[0.985..0.985]	[13566.996..13566.996]	[0.056..0.056]	[1.0..1.0]	[0.985..0.985]	[13566.996..13566.996]	[0.056..0.056]	[1.0..1.0]	0.79845804	[10832.677..10832.677]
Group-1	PS 42:2:0	363.32	240116_PS_FTMSMS-_2.mzXML	35.0	15438.6	0.0	0.0	[15.0..15.0]	[0.0..0.5]	[0.943..0.961]	[14558.6..14836.494]	[0.033..0.033]	[1.0..1.0]	[0.961..0.961]	[14836.494..14836.494]	[0.033..0.033]	[1.0..1.0]	0.79845804	[11624.432..11846.318]
Group-1	PS 42:2:0	365.34	240116_PS_FTMSMS-_2.mzXML	25.0	451747.8	0.0	0.0	[15.0..15.0]	[0.0..0.0]	[1.032..1.032]	[466203.72..466203.72]	[0.666..0.666]	[0.11..0.21]	[1.032..1.032]	[466203.72..466203.72]	[0.666..0.666]	[0.105..0.205]	0.79845804	[372244.12..372244.12]
Group-1	PS 42:2:0	365.34	240116_PS_FTMSMS-_2.mzXML	30.0	1025821.3	0.0	0.0	[15.0..15.0]	[0.0..0.0]	[0.997..0.997]	[1022743.8..1022743.8]	[0.652..0.652]	[0.11..0.21]	[0.997..0.997]	[1022743.8..1022743.8]	[0.652..0.652]	[0.105..0.205]	0.79845804	[816618.0..816618.0]
Group-1	PS 42:2:0	365.34	240116_PS_FTMSMS-_2.mzXML	35.0	1263108.8	0.0	0.0	[15.0..15.0]	[0.0..0.0]	[0.964..0.964]	[1217636.9..1217636.9]	[0.629..0.629]	[0.11..0.21]	[0.964..0.964]	[1217636.9..1217636.9]	[0.629..0.629]	[0.105..0.205]	0.79845804	[972231.9..972231.9]
Group-1	PS 42:5:0	281.25	240116_PS_FTMSMS-_2.mzXML	25.0	127958.8	0.0	0.0	[9.0..9.0]	[1.0..1.0]	[0.94..0.94]	[120281.266..120281.266]	[0.53..0.53]	[0.35..0.43]	[0.94..0.94]	[120281.266..120281.266]	[0.53..0.53]	[0.354..0.429]	0.8032428	[96615.06..96615.06]
Group-1	PS 42:5:0	281.25	240116_PS_FTMSMS-_2.mzXML	30.0	311363.2	0.0	0.0	[9.0..9.0]	[1.0..1.0]	[0.925..0.925]	[288010.94..288010.94]	[0.563..0.563]	[0.35..0.43]	[0.925..0.925]	[288010.94..288010.94]	[0.563..0.563]	[0.354..0.429]	0.8032428	[231342.72..231342.72]
Group-1	PS 42:5:0	281.25	240116_PS_FTMSMS-_2.mzXML	35.0	349763.9	0.0	0.0	[9.0..9.0]	[1.0..1.0]	[0.916..0.916]	[320383.75..320383.75]	[0.544..0.544]	[0.35..0.43]	[0.916..0.916]	[320383.75..320383.75]	[0.544..0.544]	[0.354..0.429]	0.8032428	[257345.94..257345.94]
Group-1	PS 42:5:0	283.26	240116_PS_FTMSMS-_2.mzXML	25.0	306710.1	0.0	0.0	[0.0..0.0]	[1.0..1.0]	[0.998..0.998]	[306096.7..306096.7]	[0.768..0.779]	[0.0..0.0]	[0.998..0.998]	[306096.7..306096.7]	[0.767..0.78]	[0.0..0.0]	0.8032428	[245869.95..245869.95]
Group-1	PS 42:5:0	283.26	240116_PS_FTMSMS-_2.mzXML	30.0	713353.9	0.0	0.0	[0.0..0.0]	[1.0..1.0]	[0.975..0.975]	[695520.06..695520.06]	[0.8..0.828]	[0.0..0.0]	[0.975..0.975]	[695520.06..695520.06]	[0.801..0.827]	[0.0..0.0]	0.8032428	[558671.5..558671.5]
Group-1	PS 42:5:0	283.26	240116_PS_FTMSMS-_2.mzXML	35.0	869364.1	0.0	0.0	[0.0..0.0]	[1.0..1.0]	[0.962..0.962]	[836328.3..836328.3]	[0.83..0.87]	[0.0..0.0]	[0.962..0.962]	[836328.3..836328.3]	[0.831..0.868]	[0.0..0.0]	0.8032428	[671774.7..671774.7]
Group-1	PS 42:5:0	357.28	240116_PS_FTMSMS-_2.mzXML	25.0	93707.3	0.0	0.0	[6.0..9.0]	[0.0..0.0]	[0.928..0.988]	[86960.37..92582.805]	[0.221..0.232]	[1.0..1.0]	[0.922..0.995]	[86398.125..93238.76]	[0.22..0.233]	[1.0..1.0]	0.8032428	[69850.29..74366.47]
Group-1	PS 42:5:0	357.28	240116_PS_FTMSMS-_2.mzXML	30.0	134986.5	0.0	0.0	[6.0..9.0]	[0.0..0.0]	[1.072..1.291]	[144705.53..174267.58]	[0.172..0.2]	[1.0..1.0]	[1.076..1.281]	[145245.47..172917.7]	[0.173..0.199]	[1.0..1.0]	0.8032428	[116233.68..139979.17]
Group-1	PS 42:5:0	357.28	240116_PS_FTMSMS-_2.mzXML	35.0	88216.7	0.0	0.0	[6.0..9.0]	[0.0..0.0]	[1.415..1.936]	[124826.63..170787.53]	[0.13..0.17]	[1.0..1.0]	[1.448..1.922]	[127737.78..169552.52]	[0.132..0.169]	[1.0..1.0]	0.8032428	[100266.09..137183.86]
Group-1	PS 42:5:0	359.3	240116_PS_FTMSMS-_2.mzXML	25.0	119740.8	0.0	0.0	[9.0..9.0]	[0.0..0.0]	[0.89..0.89]	[106569.305..106569.305]	[0.47..0.47]	[0.57..0.65]	[0.89..0.89]	[106569.305..106569.305]	[0.47..0.47]	[0.571..0.646]	0.8032428	[85601.02..85601.02]
Group-1	PS 42:5:0	359.3	240116_PS_FTMSMS-_2.mzXML	30.0	229936.0	0.0	0.0	[9.0..9.0]	[0.0..0.0]	[0.972..0.972]	[223497.8..223497.8]	[0.437..0.437]	[0.57..0.65]	[0.972..0.972]	[223497.8..223497.8]	[0.437..0.437]	[0.571..0.646]	0.8032428	[179523.0..179523.0]
Group-1	PS 42:5:0	359.3	240116_PS_FTMSMS-_2.mzXML	35.0	231500.4	0.0	0.0	[9.0..9.0]	[0.0..0.0]	[1.159..1.159]	[268308.97..268308.97]	[0.456..0.456]	[0.57..0.65]	[1.159..1.159]	[268308.97..268308.97]	[0.456..0.456]	[0.571..0.646]	0.8032428	[215517.25..215517.25]
Group-1	PS 42:6:0	281.25	240116_PS_FTMSMS-_2.mzXML	25.0	103754.1	0.0	0.0	[9.0..9.0]	[1.0..1.0]	[0.94..0.94]	[97528.85..97528.85]	[0.77..0.781]	[0.0..0.0]	[0.94..0.94]	[97528.85..97528.85]	[0.769..0.782]	[0.0..0.0]	0.80485684	[78496.766..78496.766]
Group-1	PS 42:6:0	281.25	240116_PS_FTMSMS-_2.mzXML	30.0	300616.1	0.0	0.0	[9.0..9.0]	[1.0..1.0]	[0.925..0.925]	[278069.88..278069.88]	[0.782..0.812]	[0.0..0.0]	[0.925..0.925]	[278069.88..278069.88]	[0.784..0.812]	[0.0..0.0]	0.80485684	[223806.45..223806.45]
Group-1	PS 42:6:0	281.25	240116_PS_FTMSMS-_2.mzXML	35.0	409619.1	0.0	0.0	[9.0..9.0]	[1.0..1.0]	[0.916..0.916]	[375211.1..375211.1]	[0.825..0.866]	[0.0..0.0]	[0.916..0.916]	[375211.1..375211.1]	[0.826..0.863]	[0.0..0.0]	0.80485684	[301991.22..301991.22]
Group-1	PS 42:6:0	283.26	240116_PS_FTMSMS-_2.mzXML	25.0	216152.1	0.0	0.0	[0.0..0.0]	[0.100000024..0.100000024]	[0.987..0.987]	[213342.11..213342.11]	[0.959..0.959]	[0.0..0.0]	[0.987..0.987]	[213342.11..213342.11]	[0.959..0.959]	[0.0..0.0]	0.80485684	[171709.86..171709.86]
Group-1	PS 42:6:0	283.26	240116_PS_FTMSMS-_2.mzXML	30.0	631181.0	0.0	0.0	[0.0..0.0]	[0.100000024..1.0]	[0.968..0.975]	[610983.2..615401.5]	[0.978..0.978]	[0.0..0.0]	[0.968..0.968]	[610983.2..610983.2]	[0.978..0.978]	[0.0..0.0]	0.80485684	[491754.0..495310.1]
Group-1	PS 42:6:0	283.26	240116_PS_FTMSMS-_2.mzXML	35.0	969915.1	0.0	0.0	[0.0..0.0]	[1.0..1.0]	[0.962..0.962]	[933058.4..933058.4]	[1.0..1.0]	[0.0..0.0]	[0.962..0.962]	[933058.4..933058.4]	[1.0..1.0]	[0.0..0.0]	0.80485684	[750978.4..750978.4]
Group-1	PS 42:6:0	355.26	240116_PS_FTMSMS-_2.mzXML	25.0	7849.4	0.0	0.0	[6.0..6.0]	[0.9..0.9]	[1.167..1.167]	[9160.25..9160.25]	[0.041..0.041]	[1.0..1.0]	[1.167..1.167]	[9160.25..9160.25]	[0.041..0.041]	[1.0..1.0]	0.80485684	[7372.69..7372.69]
Group-1	PS 42:6:0	355.26	240116_PS_FTMSMS-_2.mzXML	30.0	7882.2	0.0	0.0	[6.0..6.0]	[0.0..0.9]	[1.726..1.727]	[13604.677..13612.56]	[0.022..0.022]	[1.0..1.0]	[1.727..1.727]	[13612.56..13612.56]	[0.022..0.022]	[1.0..1.0]	0.80485684	[10949.817..10956.161]
Group-1	PS 42:6:0	355.26	240116_PS_FTMSMS-_2.mzXML	35.0	0.0	0.0	0.0	[6.0..6.0]	[0.0..0.0]	[3.078..3.078]	[0.0..0.0]	[0.0..0.0]	[1.0..1.0]	[3.078..3.078]	[0.0..0.0]	[0.0..0.0]	[1.0..1.0]	0.80485684	[0.0..0.0]
Group-1	PS 42:6:0	357.28	240116_PS_FTMSMS-_2.mzXML	25.0	29514.3	0.0	0.0	[6.0..9.0]	[0.0..0.0]	[0.928..0.988]	[27389.27..29160.129]	[0.219..0.23]	[1.0..1.0]	[0.922..0.995]	[27212.186..29366.729]	[0.218..0.231]	[1.0..1.0]	0.80485684	[22044.441..23469.729]
Group-1	PS 42:6:0	357.28	240116_PS_FTMSMS-_2.mzXML	30.0	59891.8	0.0	0.0	[6.0..9.0]	[0.0..0.0]	[1.072..1.291]	[64204.01..77320.31]	[0.188..0.218]	[1.0..1.0]	[1.076..1.281]	[64443.574..76721.4]	[0.188..0.216]	[1.0..1.0]	0.80485684	[51675.035..62231.78]
Group-1	PS 42:6:0	357.28	240116_PS_FTMSMS-_2.mzXML	35.0	41161.0	0.0	0.0	[6.0..9.0]	[0.0..0.0]	[1.415..1.936]	[58242.812..79687.695]	[0.134..0.175]	[1.0..1.0]	[1.448..1.922]	[59601.125..79111.445]	[0.137..0.174]	[1.0..1.0]	0.80485684	[46877.125..64137.184]
Group-1	PS 34:0:0	255.23	240116_PS_FTMSMS-_3.mzXML	25.0	13039.8	0.0	0.0	[0.0..0.0]	[0.0..1.0]	[1.0..1.0]	[13039.8..13039.8]	[0.324..0.327]	[0.92..1.0]	[1.0..1.0]	[13039.8..13039.8]	[0.327..0.327]	[0.918..1.0]	0.89466476	[11666.249..11666.249]
Group-1	PS 34:0:0	255.23	240116_PS_FTMSMS-_3.mzXML	30.0	9241.9	0.0	0.0	[0.0..0.0]	[0.0..1.0]	[1.0..1.0]	[9241.9..9241.9]	[0.143..0.144]	[0.92..1.0]	[1.0..1.0]	[9241.9..9241.9]	[0.144..0.144]	[0.918..1.0]	0.89466476	[8268.402..8268.402]
Group-1	PS 34:0:0	255.23	240116_PS_FTMSMS-_3.mzXML	35.0	21915.2	0.0	0.0	[0.0..0.0]	[0.0..1.0]	[1.0..1.0]	[21915.2..21915.2]	[0.235..0.235]	[0.92..1.0]	[1.0..1.0]	[21915.2..21915.2]	[0.235..0.235]	[0.918..1.0]	0.89466476	[19606.756..19606.756]
Group-1	PS 34:0:0	283.26	240116_PS_FTMSMS-_3.mzXML	25.0	27249.3	0.0	0.0	[0.0..0.0]	[0.0..1.0]	[0.986..0.998]	[26867.81..27194.803]	[0.673..0.676]	[0.0..0.08]	[0.986..0.987]	[26867.81..26895.059]	[0.673..0.673]	[0.0..0.082]	0.89466476	[24037.684..24330.232]
Group-1	PS 34:0:0	283.26	240116_PS_FTMSMS-_3.mzXML	30.0	56886.2	0.0	0.0	[0.0..0.0]	[0.0..1.0]	[0.968..0.975]	[55065.84..55464.047]	[0.856..0.857]	[0.0..0.08]	[0.968..0.969]	[55065.84..55122.727]	[0.856..0.856]	[0.0..0.082]	0.89466476	[49265.47..49621.727]
Group-1	PS 34:0:0	283.26	240116_PS_FTMSMS-_3.mzXML	35.0	74316.3	0.0	0.0	[0.0..0.0]	[0.0..1.0]	[0.961..0.962]	[71417.96..71492.28]	[0.765..0.765]	[0.0..0.08]	[0.961..0.961]	[71417.96..71417.96]	[0.765..0.765]	[0.0..0.082]	0.89466476	[63895.137..63961.62]
Group-1	PS 34:1:0	253.22	240116_PS_FTMSMS-_3.mzXML	25.0	105195.5	0.0	0.0	[9.0..9.0]	[0.0..1.0]	[0.867..0.927]	[91204.49..97516.23]	[0.253..0.264]	[1.0..1.0]	[0.927..0.927]	[97516.23..97516.23]	[0.266..0.266]	[1.0..1.0]	0.8967037	[81783.414..87443.164]
Group-1	PS 34:1:0	253.22	240116_PS_FTMSMS-_3.mzXML	30.0	197813.6	0.0	0.0	[9.0..9.0]	[0.0..1.0]	[0.913..0.929]	[180603.81..183768.83]	[0.238..0.24]	[1.0..1.0]	[0.929..0.929]	[183768.83..183768.83]	[0.242..0.242]	[1.0..1.0]	0.8967037	[161948.11..164786.2]
Group-1	PS 34:1:0	253.22	240116_PS_FTMSMS-_3.mzXML	35.0	191531.4	0.0	0.0	[9.0..9.0]	[0.0..1.0]	[0.93..0.939]	[178124.2..179848.0]	[0.207..0.208]	[1.0..1.0]	[0.939..0.939]	[179848.0..179848.0]	[0.209..0.209]	[1.0..1.0]	0.8967037	[159724.64..161270.36]
Group-1	PS 34:1:0	255.23	240116_PS_FTMSMS-_3.mzXML	25.0	774183.4	0.0	0.0	[0.0..0.0]	[1.0..1.0]	[1.0..1.0]	[774183.4..774183.4]	[0.687..0.687]	[0.0..0.06]	[1.0..1.0]	[774183.4..774183.4]	[0.687..0.687]	[0.0..0.055]	0.8967037	[694213.1..694213.1]
Group-1	PS 34:1:0	255.23	240116_PS_FTMSMS-_3.mzXML	30.0	1797957.8	0.0	0.0	[0.0..0.0]	[0.0..0.0]	[1.0..1.0]	[1797957.8..1797957.8]	[0.707..0.707]	[0.0..0.06]	[1.0..1.0]	[1797957.8..1797957.8]	[0.707..0.707]	[0.0..0.055]	0.8967037	[1612235.4..1612235.4]
Group-1	PS 34:1:0	255.23	240116_PS_FTMSMS-_3.mzXML	35.0	2113938.8	0.0	0.0	[0.0..0.0]	[0.0..1.0]	[1.0..1.0]	[2113938.8..2113938.8]	[0.722..0.726]	[0.0..0.06]	[1.0..1.0]	[2113938.8..2113938.8]	[0.722..0.722]	[0.0..0.055]	0.8967037	[1895576.8..1895576.8]
Group-1	PS 34:1:0	281.25	240116_PS_FTMSMS-_3.mzXML	25.0	396974.2	0.0	0.0	[9.0..9.0]	[0.0..0.0]	[0.888..0.888]	[352513.1..352513.1]	[0.313..0.313]	[0.94..1.0]	[0.888..0.888]	[352513.1..352513.1]	[0.313..0.313]	[0.945..1.0]	0.8967037	[316099.78..316099.78]
Group-1	PS 34:1:0	281.25	240116_PS_FTMSMS-_3.mzXML	30.0	806716.8	0.0	0.0	[9.0..9.0]	[1.0..1.0]	[0.925..0.925]	[746213.06..746213.06]	[0.293..0.293]	[0.94..1.0]	[0.925..0.925]	[746213.06..746213.06]	[0.293..0.293]	[0.945..1.0]	0.8967037	[669132.0..669132.0]
Group-1	PS 34:1:0	281.25	240116_PS_FTMSMS-_3.mzXML	35.0	871244.8	0.0	0.0	[9.0..9.0]	[0.0..1.0]	[0.916..0.936]	[798060.25..815485.1]	[0.274..0.278]	[0.94..1.0]	[0.935..0.936]	[814613.9..815485.1]	[0.278..0.278]	[0.945..1.0]	0.8967037	[715623.56..731248.5]
Group-1	PS 34:1:0	283.26	240116_PS_FTMSMS-_3.mzXML	25.0	272741.5	0.0	0.0	[0.0..0.0]	[0.0..1.0]	[0.986..0.998]	[268923.12..272196.03]	[0.736..0.747]	[0.0..0.0]	[0.986..0.986]	[268923.12..268923.12]	[0.734..0.734]	[0.0..0.0]	0.8967037	[241144.36..244079.19]
Group-1	PS 34:1:0	283.26	240116_PS_FTMSMS-_3.mzXML	30.0	595753.8	0.0	0.0	[0.0..0.0]	[0.0..1.0]	[0.968..0.975]	[576689.7..580860.06]	[0.76..0.762]	[0.0..0.0]	[0.968..0.968]	[576689.7..576689.7]	[0.758..0.758]	[0.0..0.0]	0.8967037	[517119.8..520859.34]
Group-1	PS 34:1:0	283.26	240116_PS_FTMSMS-_3.mzXML	35.0	709788.9	0.0	0.0	[0.0..0.0]	[0.0..1.0]	[0.961..0.962]	[682107.1..682816.94]	[0.792..0.793]	[0.0..0.0]	[0.961..0.961]	[682107.1..682107.1]	[0.791..0.791]	[0.0..0.0]	0.8967037	[611648.0..612284.44]
Group-1	PS 34:2:0	251.2	240116_PS_FTMSMS-_3.mzXML	25.0	780.7	0.0	0.0	[9.0..9.0]	[0.0..1.0]	[0.856..0.907]	[668.279..708.095]	[0.027..0.028]	[1.0..1.0]	[0.907..0.907]	[708.0949..708.0949]	[0.028..0.028]	[1.0..1.0]	0.8987426	[600.611..636.3951]
Group-1	PS 34:2:0	251.2	240116_PS_FTMSMS-_3.mzXML	30.0	1449.4	0.0	0.0	[9.0..9.0]	[0.0..1.0]	[0.916..0.928]	[1327.65..1345.043]	[0.044..0.044]	[1.0..1.0]	[0.928..0.928]	[1345.0432..1345.0432]	[0.044..0.044]	[1.0..1.0]	0.8987426	[1193.2161..1208.8477]
Group-1	PS 34:2:0	251.2	240116_PS_FTMSMS-_3.mzXML	35.0	1153.6	0.0	0.0	[9.0..9.0]	[0.0..1.0]	[0.967..0.975]	[1115.531..1124.76]	[0.032..0.032]	[1.0..1.0]	[0.975..0.975]	[1124.76..1124.76]	[0.032..0.032]	[1.0..1.0]	0.8987426	[1002.5754..1010.8697]
Group-1	PS 34:2:0	253.22	240116_PS_FTMSMS-_3.mzXML	25.0	19312.7	0.0	0.0	[9.0..9.0]	[1.0..1.0]	[0.927..0.927]	[17902.871..17902.871]	[0.34..0.34]	[0.88..0.98]	[0.927..0.927]	[17902.871..17902.871]	[0.34..0.34]	[0.88..0.975]	0.8987426	[16090.074..16090.074]
Group-1	PS 34:2:0	253.22	240116_PS_FTMSMS-_3.mzXML	30.0	33424.5	0.0	0.0	[9.0..9.0]	[1.0..1.0]	[0.929..0.929]	[31051.361..31051.361]	[0.308..0.308]	[0.88..0.98]	[0.929..0.929]	[31051.361..31051.361]	[0.308..0.308]	[0.88..0.975]	0.8987426	[27907.182..27907.182]
Group-1	PS 34:2:0	253.22	240116_PS_FTMSMS-_3.mzXML	35.0	38211.7	0.0	0.0	[9.0..9.0]	[1.0..1.0]	[0.93..0.93]	[35536.88..35536.88]	[0.292..0.292]	[0.88..0.98]	[0.93..0.93]	[35536.88..35536.88]	[0.292..0.292]	[0.88..0.975]	0.8987426	[31938.51..31938.51]
Group-1	PS 34:2:0	255.23	240116_PS_FTMSMS-_3.mzXML	25.0	14100.1	0.0	0.0	[0.0..0.0]	[1.0..1.0]	[1.0..1.0]	[14100.1..14100.1]	[0.69..0.69]	[0.0..0.05]	[1.0..1.0]	[14100.1..14100.1]	[0.69..0.69]	[0.0..0.048]	0.8987426	[12672.36..12672.36]
Group-1	PS 34:2:0	255.23	240116_PS_FTMSMS-_3.mzXML	30.0	29737.8	0.0	0.0	[0.0..0.0]	[1.0..1.0]	[1.0..1.0]	[29737.8..29737.8]	[0.74..0.74]	[0.0..0.05]	[1.0..1.0]	[29737.8..29737.8]	[0.74..0.74]	[0.0..0.048]	0.8987426	[26726.629..26726.629]
Group-1	PS 34:2:0	255.23	240116_PS_FTMSMS-_3.mzXML	35.0	36053.2	0.0	0.0	[0.0..0.0]	[1.0..1.0]	[1.0..1.0]	[36053.2..36053.2]	[0.754..0.754]	[0.0..0.05]	[1.0..1.0]	[36053.2..36053.2]	[0.754..0.754]	[0.0..0.048]	0.8987426	[32402.547..32402.547]
Group-1	PS 34:2:0	279.23	240116_PS_FTMSMS-_3.mzXML	25.0	7197.6	0.0	0.0	[9.0..9.0]	[0.0..0.0]	[0.882..0.882]	[6348.284..6348.284]	[0.31..0.31]	[0.95..1.0]	[0.882..0.882]	[6348.2837..6348.2837]	[0.31..0.31]	[0.952..1.0]	0.8987426	[5705.473..5705.473]
Group-1	PS 34:2:0	279.23	240116_PS_FTMSMS-_3.mzXML	30.0	11261.2	0.0	0.0	[9.0..9.0]	[0.0..0.0]	[0.929..0.929]	[10461.655..10461.655]	[0.26..0.26]	[0.95..1.0]	[0.929..0.929]	[10461.655..10461.655]	[0.26..0.26]	[0.952..1.0]	0.8987426	[9402.336..9402.336]
Group-1	PS 34:2:0	279.23	240116_PS_FTMSMS-_3.mzXML	35.0	12018.9	0.0	0.0	[9.0..9.0]	[0.0..0.0]	[0.981..0.981]	[11790.541..11790.541]	[0.246..0.246]	[0.95..1.0]	[0.981..0.981]	[11790.541..11790.541]	[0.246..0.246]	[0.952..1.0]	0.8987426	[10596.662..10596.662]
Group-1	PS 34:2:0	281.25	240116_PS_FTMSMS-_3.mzXML	25.0	39117.7	0.0	0.0	[9.0..9.0]	[0.0..0.0]	[0.888..0.888]	[34736.516..34736.516]	[0.66..0.66]	[0.02..0.12]	[0.888..0.888]	[34736.516..34736.516]	[0.66..0.66]	[0.025..0.12]	0.8987426	[31219.188..31219.188]
Group-1	PS 34:2:0	281.25	240116_PS_FTMSMS-_3.mzXML	30.0	75907.9	0.0	0.0	[9.0..9.0]	[0.0..0.0]	[0.919..0.919]	[69759.36..69759.36]	[0.692..0.692]	[0.02..0.12]	[0.919..0.919]	[69759.36..69759.36]	[0.692..0.692]	[0.025..0.12]	0.8987426	[62695.71..62695.71]
Group-1	PS 34:2:0	281.25	240116_PS_FTMSMS-_3.mzXML	35.0	91982.2	0.0	0.0	[9.0..9.0]	[0.0..0.0]	[0.936..0.936]	[86095.34..86095.34]	[0.708..0.708]	[0.02..0.12]	[0.936..0.936]	[86095.34..86095.34]	[0.708..0.708]	[0.025..0.12]	0.8987426	[77377.555..77377.555]
Group-1	PS 34:2:0	283.26	240116_PS_FTMSMS-_3.mzXML	25.0	24486.6	0.0	0.0	[0.0..0.0]	[0.0..1.0]	[0.986..0.998]	[24143.787..24437.627]	[0.972..0.973]	[0.0..0.0]	[0.986..0.986]	[24143.787..24143.787]	[0.972..0.972]	[0.0..0.0]	0.8987426	[21699.05..21963.137]
Group-1	PS 34:2:0	283.26	240116_PS_FTMSMS-_3.mzXML	30.0	29956.8	0.0	0.0	[0.0..0.0]	[0.0..1.0]	[0.968..0.975]	[28998.184..29207.88]	[0.956..0.956]	[0.0..0.0]	[0.968..0.968]	[28998.184..28998.184]	[0.956..0.956]	[0.0..0.0]	0.8987426	[26061.902..26250.367]
Group-1	PS 34:2:0	283.26	240116_PS_FTMSMS-_3.mzXML	35.0	35295.4	0.0	0.0	[0.0..0.0]	[0.0..1.0]	[0.961..0.962]	[33918.88..33954.17]	[0.968..0.968]	[0.0..0.0]	[0.961..0.961]	[33918.88..33918.88]	[0.968..0.968]	[0.0..0.0]	0.8987426	[30484.342..30516.062]
Group-1	PS 35:0:0	269.25	240116_PS_FTMSMS-_3.mzXML	25.0	2049.6	0.0	0.0	[0.0..0.0]	[0.0..1.0]	[0.99..0.997]	[2029.104..2043.451]	[0.198..0.199]	[1.0..1.0]	[0.997..0.997]	[2043.4513..2043.4513]	[0.2..0.2]	[1.0..1.0]	0.88078475	[1787.204..1799.8407]
Group-1	PS 35:0:0	269.25	240116_PS_FTMSMS-_3.mzXML	30.0	1845.6	0.0	0.0	[0.0..0.0]	[0.0..1.0]	[0.981..0.986]	[1810.534..1819.762]	[0.097..0.098]	[1.0..1.0]	[0.986..0.986]	[1819.7616..1819.7616]	[0.098..0.098]	[1.0..1.0]	0.88078475	[1594.6903..1602.8182]
Group-1	PS 35:0:0	269.25	240116_PS_FTMSMS-_3.mzXML	35.0	3542.8	0.0	0.0	[0.0..0.0]	[0.0..1.0]	[0.979..0.979]	[3468.401..3468.401]	[0.14..0.14]	[1.0..1.0]	[0.979..0.979]	[3468.4011..3468.4011]	[0.14..0.14]	[1.0..1.0]	0.88078475	[3054.915..3054.915]
Group-1	PS 35:0:0	283.26	240116_PS_FTMSMS-_3.mzXML	25.0	8296.6	0.0	0.0	[0.0..0.0]	[0.0..1.0]	[0.986..0.998]	[8180.448..8280.007]	[0.801..0.802]	[0.0..0.0]	[0.986..0.986]	[8180.4473..8180.4473]	[0.8..0.8]	[0.0..0.0]	0.88078475	[7205.2134..7292.904]
Group-1	PS 35:0:0	283.26	240116_PS_FTMSMS-_3.mzXML	30.0	17299.5	0.0	0.0	[0.0..0.0]	[0.0..1.0]	[0.968..0.975]	[16745.916..16867.014]	[0.902..0.903]	[0.0..0.0]	[0.968..0.968]	[16745.916..16745.916]	[0.902..0.902]	[0.0..0.0]	0.88078475	[14749.547..14856.208]
Group-1	PS 35:0:0	283.26	240116_PS_FTMSMS-_3.mzXML	35.0	22091.9	0.0	0.0	[0.0..0.0]	[0.0..1.0]	[0.961..0.962]	[21230.316..21252.408]	[0.86..0.86]	[0.0..0.0]	[0.961..0.961]	[21230.316..21230.316]	[0.86..0.86]	[0.0..0.0]	0.88078475	[18699.34..18718.797]
Group-1	PS 35:1:0	267.23	240116_PS_FTMSMS-_3.mzXML	25.0	44957.5	0.0	0.0	[9.0..9.0]	[0.0..1.0]	[0.877..0.933]	[39427.727..41945.348]	[0.295..0.305]	[0.99..1.0]	[0.932..0.933]	[41900.39..41945.348]	[0.307..0.308]	[0.987..1.0]	0.8827558	[34805.055..37027.504]
Group-1	PS 35:1:0	267.23	240116_PS_FTMSMS-_3.mzXML	30.0	80472.4	0.0	0.0	[9.0..9.0]	[0.0..1.0]	[0.916..0.927]	[73712.72..74597.914]	[0.256..0.257]	[0.99..1.0]	[0.927..0.927]	[74597.914..74597.914]	[0.259..0.259]	[0.987..1.0]	0.8827558	[65070.33..65851.74]
Group-1	PS 35:1:0	267.23	240116_PS_FTMSMS-_3.mzXML	35.0	91761.0	0.0	0.0	[9.0..9.0]	[0.0..1.0]	[0.923..0.938]	[84695.4..86071.82]	[0.244..0.247]	[0.99..1.0]	[0.938..0.938]	[86071.82..86071.82]	[0.247..0.247]	[0.987..1.0]	0.8827558	[74765.36..75980.4]
Group-1	PS 35:1:0	269.25	240116_PS_FTMSMS-_3.mzXML	25.0	220872.3	0.0	0.0	[0.0..0.0]	[1.0..1.0]	[0.997..0.997]	[220209.66..220209.66]	[0.689..0.689]	[0.0..0.05]	[0.997..0.997]	[220209.67..220209.67]	[0.689..0.689]	[0.0..0.051]	0.8827558	[194391.36..194391.36]
Group-1	PS 35:1:0	269.25	240116_PS_FTMSMS-_3.mzXML	30.0	515411.5	0.0	0.0	[0.0..0.0]	[1.0..1.0]	[0.986..0.986]	[508195.75..508195.75]	[0.726..0.726]	[0.0..0.05]	[0.986..0.986]	[508195.75..508195.75]	[0.726..0.726]	[0.0..0.051]	0.8827558	[448612.75..448612.75]
Group-1	PS 35:1:0	269.25	240116_PS_FTMSMS-_3.mzXML	35.0	625908.9	0.0	0.0	[0.0..0.0]	[1.0..1.0]	[0.979..0.979]	[612764.75..612764.75]	[0.746..0.746]	[0.0..0.05]	[0.979..0.979]	[612764.75..612764.75]	[0.746..0.746]	[0.0..0.051]	0.8827558	[540921.6..540921.6]
Group-1	PS 35:1:0	281.25	240116_PS_FTMSMS-_3.mzXML	25.0	111978.6	0.0	0.0	[9.0..9.0]	[0.0..0.0]	[0.888..0.888]	[99437.0..99437.0]	[0.311..0.311]	[0.95..1.0]	[0.888..0.888]	[99437.0..99437.0]	[0.311..0.311]	[0.949..1.0]	0.8827558	[87778.59..87778.59]
Group-1	PS 35:1:0	281.25	240116_PS_FTMSMS-_3.mzXML	30.0	209047.7	0.0	0.0	[9.0..9.0]	[0.0..0.0]	[0.919..0.919]	[192114.84..192114.84]	[0.274..0.274]	[0.95..1.0]	[0.919..0.919]	[192114.84..192114.84]	[0.274..0.274]	[0.949..1.0]	0.8827558	[169590.5..169590.5]
Group-1	PS 35:1:0	281.25	240116_PS_FTMSMS-_3.mzXML	35.0	222505.6	0.0	0.0	[9.0..9.0]	[0.0..0.0]	[0.936..0.936]	[208265.23..208265.23]	[0.254..0.254]	[0.95..1.0]	[0.936..0.936]	[208265.23..208265.23]	[0.254..0.254]	[0.949..1.0]	0.8827558	[183847.34..183847.34]
Group-1	PS 35:1:0	283.26	240116_PS_FTMSMS-_3.mzXML	25.0	95725.7	0.0	0.0	[0.0..0.0]	[0.0..1.0]	[0.986..0.998]	[94385.55..95534.26]	[0.695..0.705]	[0.0..0.01]	[0.986..0.986]	[94385.55..94385.55]	[0.692..0.693]	[0.0..0.013]	0.8827558	[83319.39..84333.42]
Group-1	PS 35:1:0	283.26	240116_PS_FTMSMS-_3.mzXML	30.0	220834.5	0.0	0.0	[0.0..0.0]	[0.0..1.0]	[0.968..0.975]	[213767.8..215313.64]	[0.743..0.744]	[0.0..0.01]	[0.968..0.968]	[213767.8..213767.8]	[0.741..0.741]	[0.0..0.013]	0.8827558	[188704.77..190069.38]
Group-1	PS 35:1:0	283.26	240116_PS_FTMSMS-_3.mzXML	35.0	273007.7	0.0	0.0	[0.0..0.0]	[0.0..1.0]	[0.961..0.962]	[262360.4..262633.4]	[0.753..0.756]	[0.0..0.01]	[0.961..0.961]	[262360.4..262360.4]	[0.753..0.753]	[0.0..0.013]	0.8827558	[231600.17..231841.16]
Group-1	PS 36:1:0	281.25	240116_PS_FTMSMS-_3.mzXML	25.0	1.5941442E7	0.0	0.0	[9.0..9.0]	[0.0..1.0]	[0.888..0.94]	[1.4156001E7..1.4984955E7]	[0.286..0.295]	[1.0..1.0]	[0.94..0.94]	[1.4984955E7..1.4984955E7]	[0.297..0.297]	[1.0..1.0]	0.86926925	[1.2305376E7..1.3025961E7]
Group-1	PS 36:1:0	281.25	240116_PS_FTMSMS-_3.mzXML	30.0	2.9456292E7	0.0	0.0	[9.0..9.0]	[0.0..1.0]	[0.919..0.925]	[2.7070334E7..2.724707E7]	[0.267..0.267]	[1.0..1.0]	[0.925..0.925]	[2.724707E7..2.724707E7]	[0.268..0.268]	[1.0..1.0]	0.86926925	[2.3531408E7..2.368504E7]
Group-1	PS 36:1:0	281.25	240116_PS_FTMSMS-_3.mzXML	35.0	3.2292572E7	0.0	0.0	[9.0..9.0]	[0.0..1.0]	[0.916..0.936]	[2.9579996E7..3.0225848E7]	[0.235..0.239]	[1.0..1.0]	[0.936..0.936]	[3.0225848E7..3.0225848E7]	[0.239..0.239]	[1.0..1.0]	0.86926925	[2.5712982E7..2.62744E7]
Group-1	PS 36:1:0	283.26	240116_PS_FTMSMS-_3.mzXML	25.0	3.5904356E7	0.0	0.0	[0.0..0.0]	[0.0..1.0]	[0.986..0.998]	[3.5401696E7..3.5832548E7]	[0.705..0.714]	[0.0..0.0]	[0.986..0.986]	[3.5401696E7..3.5401696E7]	[0.703..0.703]	[0.0..0.0]	0.86926925	[3.0773604E7..3.1148132E7]
Group-1	PS 36:1:0	283.26	240116_PS_FTMSMS-_3.mzXML	30.0	7.6827288E7	0.0	0.0	[0.0..0.0]	[0.0..1.0]	[0.968..0.975]	[7.4368816E7..7.4906608E7]	[0.733..0.733]	[0.0..0.0]	[0.968..0.968]	[7.4368816E7..7.4368816E7]	[0.732..0.732]	[0.0..0.0]	0.86926925	[6.4646524E7..6.5114012E7]
Group-1	PS 36:1:0	283.26	240116_PS_FTMSMS-_3.mzXML	35.0	1.00176824E8	0.0	0.0	[0.0..0.0]	[0.0..1.0]	[0.961..0.962]	[9.6269928E7..9.6370104E7]	[0.761..0.765]	[0.0..0.0]	[0.961..0.961]	[9.6269928E7..9.6269928E7]	[0.761..0.761]	[0.0..0.0]	0.86926925	[8.3684488E7..8.3771568E7]
Group-1	PS 36:2:0	279.23	240116_PS_FTMSMS-_3.mzXML	25.0	146494.6	0.0	0.0	[9.0..9.0]	[0.0..1.0]	[0.882..0.927]	[129208.234..135800.48]	[0.25..0.257]	[1.0..1.0]	[0.927..0.927]	[135800.48..135800.48]	[0.26..0.26]	[1.0..1.0]	0.8711848	[112564.26..118307.32]
Group-1	PS 36:2:0	279.23	240116_PS_FTMSMS-_3.mzXML	30.0	316218.4	0.0	0.0	[9.0..9.0]	[0.0..1.0]	[0.929..0.932]	[293766.9..294715.56]	[0.263..0.264]	[1.0..1.0]	[0.932..0.932]	[294715.56..294715.56]	[0.264..0.264]	[1.0..1.0]	0.8711848	[255925.28..256751.72]
Group-1	PS 36:2:0	279.23	240116_PS_FTMSMS-_3.mzXML	35.0	311353.7	0.0	0.0	[9.0..9.0]	[0.0..1.0]	[0.962..0.981]	[299522.25..305437.97]	[0.231..0.235]	[1.0..1.0]	[0.981..0.981]	[305437.97..305437.97]	[0.235..0.235]	[1.0..1.0]	0.8711848	[260939.22..266092.9]
Group-1	PS 36:2:0	281.25	240116_PS_FTMSMS-_3.mzXML	25.0	6131592.0	0.0	0.0	[9.0..9.0]	[0.5..0.5]	[0.946..0.946]	[5800486.0..5800486.0]	[0.5..0.5]	[0.5..0.5]	[0.946..0.946]	[5800486.0..5800486.0]	[0.5..0.5]	[0.5..0.5]	0.8711848	[5053295.5..5053295.5]
Group-1	PS 36:2:0	281.25	240116_PS_FTMSMS-_3.mzXML	30.0	1.3567465E7	0.0	0.0	[9.0..9.0]	[0.5..0.5]	[0.911..0.911]	[1.2359961E7..1.2359961E7]	[0.5..0.5]	[0.5..0.5]	[0.911..0.911]	[1.2359961E7..1.2359961E7]	[0.5..0.5]	[0.5..0.5]	0.8711848	[1.0767811E7..1.0767811E7]
Group-1	PS 36:2:0	281.25	240116_PS_FTMSMS-_3.mzXML	35.0	1.5029798E7	0.0	0.0	[9.0..9.0]	[0.5..0.5]	[0.887..0.887]	[1.3331431E7..1.3331431E7]	[0.5..0.5]	[0.5..0.5]	[0.887..0.887]	[1.3331431E7..1.3331431E7]	[0.5..0.5]	[0.5..0.5]	0.8711848	[1.1614141E7..1.1614141E7]
Group-1	PS 36:2:0	283.26	240116_PS_FTMSMS-_3.mzXML	25.0	392764.8	0.0	0.0	[0.0..0.0]	[0.0..1.0]	[0.986..0.998]	[387266.1..391979.28]	[0.743..0.75]	[0.0..0.0]	[0.986..0.986]	[387266.1..387266.1]	[0.74..0.74]	[0.0..0.0]	0.8711848	[337380.38..341486.4]
Group-1	PS 36:2:0	283.26	240116_PS_FTMSMS-_3.mzXML	30.0	846641.9	0.0	0.0	[0.0..0.0]	[0.0..1.0]	[0.968..0.975]	[819549.3..825475.9]	[0.736..0.737]	[0.0..0.0]	[0.968..0.968]	[819549.3..819549.3]	[0.736..0.736]	[0.0..0.0]	0.8711848	[713978.94..719142.06]
Group-1	PS 36:2:0	283.26	240116_PS_FTMSMS-_3.mzXML	35.0	1035285.2	0.0	0.0	[0.0..0.0]	[0.0..1.0]	[0.961..0.962]	[994909.06..995944.4]	[0.765..0.769]	[0.0..0.0]	[0.961..0.961]	[994909.06..994909.06]	[0.765..0.765]	[0.0..0.0]	0.8711848	[866749.7..867651.6]
Group-1	PS 36:3:0	253.22	240116_PS_FTMSMS-_3.mzXML	25.0	687.0	0.0	0.0	[9.0..9.0]	[1.0..1.0]	[0.927..0.927]	[636.849..636.849]	[0.418..0.418]	[0.69..1.0]	[0.927..0.927]	[636.849..636.849]	[0.418..0.418]	[0.695..1.0]	0.8731096	[556.03894..556.03894]
Group-1	PS 36:3:0	253.22	240116_PS_FTMSMS-_3.mzXML	30.0	787.5	0.0	0.0	[9.0..9.0]	[1.0..1.0]	[0.929..0.929]	[731.588..731.588]	[0.27..0.27]	[0.69..1.0]	[0.929..0.929]	[731.5875..731.5875]	[0.27..0.27]	[0.695..1.0]	0.8731096	[638.75604..638.75604]
Group-1	PS 36:3:0	253.22	240116_PS_FTMSMS-_3.mzXML	35.0	924.4	0.0	0.0	[9.0..9.0]	[1.0..1.0]	[0.93..0.93]	[859.692..859.692]	[0.269..0.269]	[0.69..1.0]	[0.93..0.93]	[859.692..859.692]	[0.269..0.269]	[0.695..1.0]	0.8731096	[750.60535..750.60535]
Group-1	PS 36:3:0	255.23	240116_PS_FTMSMS-_3.mzXML	25.0	12618.5	0.0	0.0	[0.0..0.0]	[1.0..1.0]	[1.0..1.0]	[12618.5..12618.5]	[0.712..0.716]	[0.0..0.0]	[1.0..1.0]	[12618.5..12618.5]	[0.706..0.707]	[0.0..0.0]	0.8731096	[11017.333..11017.333]
Group-1	PS 36:3:0	255.23	240116_PS_FTMSMS-_3.mzXML	30.0	24959.9	0.0	0.0	[0.0..0.0]	[1.0..1.0]	[1.0..1.0]	[24959.9..24959.9]	[0.728..0.749]	[0.0..0.0]	[1.0..1.0]	[24959.9..24959.9]	[0.727..0.751]	[0.0..0.0]	0.8731096	[21792.729..21792.729]
Group-1	PS 36:3:0	255.23	240116_PS_FTMSMS-_3.mzXML	35.0	30429.8	0.0	0.0	[0.0..0.0]	[1.0..1.0]	[1.0..1.0]	[30429.8..30429.8]	[0.731..0.777]	[0.0..0.0]	[1.0..1.0]	[30429.8..30429.8]	[0.734..0.782]	[0.0..0.0]	0.8731096	[26568.55..26568.55]
Group-1	PS 36:3:0	277.22	240116_PS_FTMSMS-_3.mzXML	25.0	2487.1	0.0	0.0	[6.0..9.0]	[0.0..1.0]	[0.921..0.977]	[2290.619..2429.897]	[0.175..0.182]	[1.0..1.0]	[0.95..0.977]	[2362.745..2429.8967]	[0.179..0.184]	[1.0..1.0]	0.8731096	[1999.9617..2121.5662]
Group-1	PS 36:3:0	277.22	240116_PS_FTMSMS-_3.mzXML	30.0	4112.4	0.0	0.0	[6.0..9.0]	[0.0..1.0]	[1.016..1.112]	[4178.198..4572.989]	[0.162..0.173]	[1.0..1.0]	[1.008..1.112]	[4145.2993..4572.989]	[0.161..0.174]	[1.0..1.0]	0.8731096	[3648.025..3992.7202]
Group-1	PS 36:3:0	277.22	240116_PS_FTMSMS-_3.mzXML	35.0	4557.1	0.0	0.0	[6.0..9.0]	[0.0..1.0]	[1.152..1.342]	[5249.78..6115.629]	[0.16..0.181]	[1.0..1.0]	[1.126..1.342]	[5131.295..6115.6284]	[0.157..0.181]	[1.0..1.0]	0.8731096	[4583.6323..5339.614]
Group-1	PS 36:3:0	279.23	240116_PS_FTMSMS-_3.mzXML	25.0	65093.9	0.0	0.0	[9.0..9.0]	[1.0..1.0]	[0.927..0.927]	[60342.043..60342.043]	[0.474..0.474]	[0.56..0.58]	[0.927..0.927]	[60342.043..60342.043]	[0.474..0.474]	[0.562..0.579]	0.8731096	[52685.215..52685.215]
Group-1	PS 36:3:0	279.23	240116_PS_FTMSMS-_3.mzXML	30.0	120504.6	0.0	0.0	[9.0..9.0]	[1.0..1.0]	[0.932..0.932]	[112310.29..112310.29]	[0.466..0.466]	[0.56..0.58]	[0.932..0.932]	[112310.29..112310.29]	[0.466..0.466]	[0.562..0.579]	0.8731096	[98059.19..98059.19]
Group-1	PS 36:3:0	279.23	240116_PS_FTMSMS-_3.mzXML	35.0	138601.9	0.0	0.0	[9.0..9.0]	[1.0..1.0]	[0.962..0.962]	[133335.03..133335.03]	[0.467..0.467]	[0.56..0.58]	[0.962..0.962]	[133335.03..133335.03]	[0.467..0.467]	[0.562..0.579]	0.8731096	[116416.09..116416.09]
Group-1	PS 36:3:0	281.25	240116_PS_FTMSMS-_3.mzXML	25.0	75532.1	0.0	0.0	[9.0..9.0]	[0.0..0.0]	[0.888..0.888]	[67072.51..67072.51]	[0.526..0.526]	[0.42..0.44]	[0.888..0.888]	[67072.51..67072.51]	[0.526..0.526]	[0.421..0.438]	0.8731096	[58561.652..58561.652]
Group-1	PS 36:3:0	281.25	240116_PS_FTMSMS-_3.mzXML	30.0	139821.4	0.0	0.0	[9.0..9.0]	[0.0..0.0]	[0.919..0.919]	[128495.875..128495.875]	[0.534..0.534]	[0.42..0.44]	[0.919..0.919]	[128495.875..128495.875]	[0.534..0.534]	[0.421..0.438]	0.8731096	[112190.98..112190.98]
Group-1	PS 36:3:0	281.25	240116_PS_FTMSMS-_3.mzXML	35.0	162567.7	0.0	0.0	[9.0..9.0]	[0.0..0.0]	[0.936..0.936]	[152163.38..152163.38]	[0.533..0.533]	[0.42..0.44]	[0.936..0.936]	[152163.38..152163.38]	[0.533..0.533]	[0.421..0.438]	0.8731096	[132855.3..132855.3]
Group-1	PS 36:3:0	283.26	240116_PS_FTMSMS-_3.mzXML	25.0	10954.9	0.0	0.0	[0.0..0.0]	[0.0..1.0]	[0.986..0.998]	[10801.532..10932.991]	[0.818..0.825]	[0.0..0.0]	[0.986..0.986]	[10801.532..10801.532]	[0.816..0.821]	[0.0..0.0]	0.8731096	[9430.921..9545.698]
Group-1	PS 36:3:0	283.26	240116_PS_FTMSMS-_3.mzXML	30.0	22359.4	0.0	0.0	[0.0..0.0]	[0.0..1.0]	[0.968..0.975]	[21643.9..21800.416]	[0.827..0.838]	[0.0..0.0]	[0.968..0.968]	[21643.9..21643.9]	[0.826..0.839]	[0.0..0.0]	0.8731096	[18897.496..19034.152]
Group-1	PS 36:3:0	283.26	240116_PS_FTMSMS-_3.mzXML	35.0	28726.3	0.0	0.0	[0.0..0.0]	[0.0..1.0]	[0.961..0.962]	[27605.977..27634.701]	[0.819..0.84]	[0.0..0.0]	[0.961..0.961]	[27605.977..27605.977]	[0.819..0.843]	[0.0..0.0]	0.8731096	[24103.043..24128.123]
Group-1	PS 36:3:0	305.25	240116_PS_FTMSMS-_3.mzXML	25.0	5524.5	0.0	0.0	[5.0..11.0]	[0.0..0.0]	[0.905..0.922]	[4999.673..5093.589]	[0.284..0.288]	[1.0..1.0]	[0.945..0.95]	[5220.6523..5248.275]	[0.293..0.294]	[1.0..1.0]	0.8731096	[4365.2617..4447.261]
Group-1	PS 36:3:0	305.25	240116_PS_FTMSMS-_3.mzXML	30.0	8767.3	0.0	0.0	[5.0..11.0]	[0.0..0.0]	[0.956..1.063]	[8381.538..9319.64]	[0.251..0.272]	[1.0..1.0]	[0.946..1.067]	[8293.865..9354.709]	[0.249..0.273]	[1.0..1.0]	0.8731096	[7318.0015..8137.0664]
Group-1	PS 36:3:0	305.25	240116_PS_FTMSMS-_3.mzXML	35.0	8545.9	0.0	0.0	[5.0..11.0]	[0.0..0.0]	[1.023..1.308]	[8742.456..11178.037]	[0.223..0.269]	[1.0..1.0]	[0.995..1.293]	[8503.171..11049.849]	[0.218..0.266]	[1.0..1.0]	0.8731096	[7633.122..9759.651]
Group-1	PS 36:3:0	307.26	240116_PS_FTMSMS-_3.mzXML	25.0	973.8	0.0	0.0	[11.0..11.0]	[0.0..0.0]	[0.912..0.912]	[888.106..888.106]	[0.582..0.582]	[0.0..0.31]	[0.912..0.912]	[888.1056..888.1056]	[0.582..0.582]	[0.0..0.305]	0.8731096	[775.41345..775.41345]
Group-1	PS 36:3:0	307.26	240116_PS_FTMSMS-_3.mzXML	30.0	2123.9	0.0	0.0	[11.0..11.0]	[0.0..0.0]	[0.929..0.929]	[1973.103..1973.103]	[0.73..0.73]	[0.0..0.31]	[0.929..0.929]	[1973.103..1973.103]	[0.73..0.73]	[0.0..0.305]	0.8731096	[1722.7351..1722.7351]
Group-1	PS 36:3:0	307.26	240116_PS_FTMSMS-_3.mzXML	35.0	2452.4	0.0	0.0	[11.0..11.0]	[0.0..0.0]	[0.951..0.951]	[2332.232..2332.232]	[0.731..0.731]	[0.0..0.31]	[0.951..0.951]	[2332.2322..2332.2322]	[0.731..0.731]	[0.0..0.305]	0.8731096	[2036.2943..2036.2943]
Group-1	PS 36:4:0	253.22	240116_PS_FTMSMS-_3.mzXML	25.0	5155.1	0.0	0.0	[9.0..9.0]	[1.0..1.0]	[0.927..0.927]	[4778.778..4778.778]	[0.908..0.909]	[0.0..0.0]	[0.927..0.927]	[4778.778..4778.778]	[0.905..0.906]	[0.0..0.0]	0.875034	[4181.593..4181.593]
Group-1	PS 36:4:0	253.22	240116_PS_FTMSMS-_3.mzXML	30.0	12871.4	0.0	0.0	[9.0..9.0]	[1.0..1.0]	[0.929..0.929]	[11957.531..11957.531]	[0.948..0.953]	[0.0..0.0]	[0.929..0.929]	[11957.531..11957.531]	[0.948..0.954]	[0.0..0.0]	0.875034	[10463.246..10463.246]
Group-1	PS 36:4:0	253.22	240116_PS_FTMSMS-_3.mzXML	35.0	16321.8	0.0	0.0	[9.0..9.0]	[1.0..1.0]	[0.93..0.93]	[15179.274..15179.274]	[0.928..0.943]	[0.0..0.0]	[0.93..0.93]	[15179.274..15179.274]	[0.929..0.944]	[0.0..0.0]	0.875034	[13282.38..13282.38]
Group-1	PS 36:4:0	255.23	240116_PS_FTMSMS-_3.mzXML	25.0	71377.8	0.0	0.0	[0.0..0.0]	[1.0..1.0]	[1.0..1.0]	[71377.8..71377.8]	[0.827..0.831]	[0.0..0.0]	[1.0..1.0]	[71377.8..71377.8]	[0.818..0.827]	[0.0..0.0]	0.875034	[62457.996..62457.996]
Group-1	PS 36:4:0	255.23	240116_PS_FTMSMS-_3.mzXML	30.0	183057.8	0.0	0.0	[0.0..0.0]	[1.0..1.0]	[1.0..1.0]	[183057.8..183057.8]	[0.875..0.889]	[0.0..0.0]	[1.0..1.0]	[183057.8..183057.8]	[0.873..0.889]	[0.0..0.0]	0.875034	[160181.8..160181.8]
Group-1	PS 36:4:0	255.23	240116_PS_FTMSMS-_3.mzXML	35.0	243818.8	0.0	0.0	[0.0..0.0]	[1.0..1.0]	[1.0..1.0]	[243818.8..243818.8]	[0.902..0.922]	[0.0..0.0]	[1.0..1.0]	[243818.8..243818.8]	[0.903..0.923]	[0.0..0.0]	0.875034	[213349.73..213349.73]
Group-1	PS 36:4:0	279.23	240116_PS_FTMSMS-_3.mzXML	25.0	1775.9	0.0	0.0	[9.0..9.0]	[0.5..0.5]	[0.932..0.932]	[1655.139..1655.139]	[0.5..0.5]	[0.5..0.5]	[0.932..0.932]	[1655.1388..1655.1388]	[0.5..0.5]	[0.5..0.5]	0.875034	[1448.3027..1448.3027]
Group-1	PS 36:4:0	279.23	240116_PS_FTMSMS-_3.mzXML	30.0	2604.5	0.0	0.0	[9.0..9.0]	[0.5..0.5]	[0.913..0.913]	[2377.909..2377.909]	[0.5..0.5]	[0.5..0.5]	[0.913..0.913]	[2377.9084..2377.9084]	[0.5..0.5]	[0.5..0.5]	0.875034	[2080.7505..2080.7505]
Group-1	PS 36:4:0	279.23	240116_PS_FTMSMS-_3.mzXML	35.0	2911.0	0.0	0.0	[9.0..9.0]	[0.5..0.5]	[0.921..0.921]	[2681.031..2681.031]	[0.5..0.5]	[0.5..0.5]	[0.921..0.921]	[2681.031..2681.031]	[0.5..0.5]	[0.5..0.5]	0.875034	[2345.9932..2345.9932]
Group-1	PS 36:4:0	303.23	240116_PS_FTMSMS-_3.mzXML	25.0	14970.7	0.0	0.0	[5.0..8.0]	[0.0..0.0]	[0.972..0.996]	[14551.521..14910.817]	[0.169..0.173]	[1.0..1.0]	[1.0..1.062]	[14970.7..15898.884]	[0.173..0.182]	[1.0..1.0]	0.875034	[12733.075..13047.472]
Group-1	PS 36:4:0	303.23	240116_PS_FTMSMS-_3.mzXML	30.0	19672.9	0.0	0.0	[5.0..8.0]	[0.0..0.0]	[1.162..1.328]	[22859.908..26125.611]	[0.111..0.125]	[1.0..1.0]	[1.159..1.348]	[22800.893..26519.07]	[0.111..0.127]	[1.0..1.0]	0.875034	[20003.197..22860.799]
Group-1	PS 36:4:0	303.23	240116_PS_FTMSMS-_3.mzXML	35.0	13814.9	0.0	0.0	[5.0..8.0]	[0.0..0.0]	[1.492..1.914]	[20611.832..26441.72]	[0.078..0.098]	[1.0..1.0]	[1.474..1.894]	[20363.162..26165.422]	[0.077..0.097]	[1.0..1.0]	0.875034	[18036.053..23137.402]
Group-1	PS 36:4:0	305.25	240116_PS_FTMSMS-_3.mzXML	25.0	527.5	0.0	0.0	[5.0..11.0]	[0.0..0.0]	[0.905..0.922]	[477.387..486.355]	[0.091..0.092]	[1.0..1.0]	[0.945..0.95]	[498.4875..501.125]	[0.094..0.095]	[1.0..1.0]	0.875034	[417.73026..425.57715]
Group-1	PS 36:4:0	305.25	240116_PS_FTMSMS-_3.mzXML	30.0	610.8	0.0	0.0	[5.0..11.0]	[0.0..0.0]	[0.956..1.063]	[583.925..649.28]	[0.047..0.052]	[1.0..1.0]	[0.946..1.067]	[577.8168..651.72363]	[0.046..0.052]	[1.0..1.0]	0.875034	[510.95404..568.1424]
Group-1	PS 36:4:0	305.25	240116_PS_FTMSMS-_3.mzXML	35.0	903.7	0.0	0.0	[5.0..11.0]	[0.0..0.0]	[1.023..1.308]	[924.485..1182.04]	[0.057..0.072]	[1.0..1.0]	[0.995..1.293]	[899.1815..1168.4841]	[0.056..0.071]	[1.0..1.0]	0.875034	[808.9559..1034.3247]
Group-1	PS 37:0:0	283.26	240116_PS_FTMSMS-_3.mzXML	25.0	31769.4	0.0	0.0	[0.0..0.0]	[0.0..1.0]	[0.986..0.998]	[31324.629..31705.863]	[1.0..1.0]	[0.0..0.0]	[0.986..0.986]	[31324.629..31324.629]	[1.0..1.0]	[0.0..0.0]	0.854385	[26763.293..27089.014]
Group-1	PS 37:0:0	283.26	240116_PS_FTMSMS-_3.mzXML	30.0	80181.5	0.0	0.0	[0.0..0.0]	[0.0..1.0]	[0.968..0.975]	[77615.695..78176.96]	[1.0..1.0]	[0.0..0.0]	[0.968..0.968]	[77615.695..77615.695]	[1.0..1.0]	[0.0..0.0]	0.854385	[66313.69..66793.23]
Group-1	PS 37:0:0	283.26	240116_PS_FTMSMS-_3.mzXML	35.0	102329.4	0.0	0.0	[0.0..0.0]	[0.0..1.0]	[0.961..0.962]	[98338.555..98440.88]	[0.997..0.997]	[0.0..0.0]	[0.961..0.961]	[98338.555..98338.555]	[0.997..0.997]	[0.0..0.0]	0.854385	[84018.984..84106.414]
Group-1	PS 37:0:0	297.28	240116_PS_FTMSMS-_3.mzXML	25.0	-1.7	0.0	-0.0	[0.0..0.0]	[0.0..1.0]	[0.987..1.003]	[-1.705..-1.678]	[-0.0..-0.0]	[1.0..1.0]	[1.003..1.003]	[-1.7051..-1.7051]	[-0.0..-0.0]	[1.0..1.0]	0.854385	[-1.4568119..-1.4335726]
Group-1	PS 37:0:0	297.28	240116_PS_FTMSMS-_3.mzXML	30.0	-1.7	0.0	-0.0	[0.0..0.0]	[0.0..1.0]	[0.959..0.967]	[-1.644..-1.63]	[-0.0..-0.0]	[1.0..1.0]	[0.967..0.967]	[-1.6439..-1.6439]	[-0.0..-0.0]	[1.0..1.0]	0.854385	[-1.4045236..-1.3929039]
Group-1	PS 37:0:0	297.28	240116_PS_FTMSMS-_3.mzXML	35.0	295.6	0.0	0.0	[0.0..0.0]	[0.0..1.0]	[0.947..0.947]	[279.933..279.933]	[0.003..0.003]	[1.0..1.0]	[0.947..0.947]	[279.93323..279.93323]	[0.003..0.003]	[1.0..1.0]	0.854385	[239.17075..239.17075]
Group-1	PS 37:1:0	269.25	240116_PS_FTMSMS-_3.mzXML	25.0	20544.9	0.0	0.0	[0.0..0.0]	[1.0..1.0]	[0.997..0.997]	[20483.266..20483.266]	[0.756..0.756]	[0.0..0.0]	[0.997..0.997]	[20483.266..20483.266]	[0.756..0.756]	[0.0..0.0]	0.8562302	[17538.39..17538.39]
Group-1	PS 37:1:0	269.25	240116_PS_FTMSMS-_3.mzXML	30.0	50177.8	0.0	0.0	[0.0..0.0]	[1.0..1.0]	[0.986..0.986]	[49475.312..49475.312]	[0.756..0.756]	[0.0..0.0]	[0.986..0.986]	[49475.312..49475.312]	[0.756..0.756]	[0.0..0.0]	0.8562302	[42362.258..42362.258]
Group-1	PS 37:1:0	269.25	240116_PS_FTMSMS-_3.mzXML	35.0	61289.5	0.0	0.0	[0.0..0.0]	[1.0..1.0]	[0.979..0.979]	[60002.414..60002.414]	[0.765..0.765]	[0.0..0.0]	[0.979..0.979]	[60002.418..60002.418]	[0.765..0.765]	[0.0..0.0]	0.8562302	[51375.883..51375.883]
Group-1	PS 37:1:0	281.25	240116_PS_FTMSMS-_3.mzXML	25.0	98430.2	0.0	0.0	[9.0..9.0]	[0.0..1.0]	[0.888..0.94]	[87406.02..92524.39]	[0.489..0.499]	[0.53..0.64]	[0.916..0.921]	[90162.07..90654.22]	[0.495..0.496]	[0.526..0.644]	0.8562302	[74839.68..79222.18]
Group-1	PS 37:1:0	281.25	240116_PS_FTMSMS-_3.mzXML	30.0	172433.1	0.0	0.0	[9.0..9.0]	[0.0..1.0]	[0.919..0.925]	[158466.02..159500.61]	[0.454..0.454]	[0.53..0.64]	[0.922..0.923]	[158983.31..159155.73]	[0.454..0.454]	[0.526..0.644]	0.8562302	[135683.39..136569.23]
Group-1	PS 37:1:0	281.25	240116_PS_FTMSMS-_3.mzXML	35.0	193110.4	0.0	0.0	[9.0..9.0]	[0.0..1.0]	[0.916..0.936]	[176889.14..180751.34]	[0.431..0.437]	[0.53..0.64]	[0.927..0.929]	[179013.34..179399.58]	[0.434..0.435]	[0.526..0.644]	0.8562302	[151457.83..154764.77]
Group-1	PS 37:1:0	283.26	240116_PS_FTMSMS-_3.mzXML	25.0	184501.1	0.0	0.0	[0.0..0.0]	[1.0..1.0]	[0.998..0.998]	[184132.1..184132.1]	[0.847..0.847]	[0.0..0.0]	[0.998..0.998]	[184132.1..184132.1]	[0.847..0.847]	[0.0..0.0]	0.8562302	[157659.45..157659.45]
Group-1	PS 37:1:0	283.26	240116_PS_FTMSMS-_3.mzXML	30.0	396377.4	0.0	0.0	[0.0..0.0]	[1.0..1.0]	[0.975..0.975]	[386467.97..386467.97]	[0.861..0.861]	[0.0..0.0]	[0.975..0.975]	[386467.97..386467.97]	[0.861..0.861]	[0.0..0.0]	0.8562302	[330905.56..330905.56]
Group-1	PS 37:1:0	283.26	240116_PS_FTMSMS-_3.mzXML	35.0	512631.6	0.0	0.0	[0.0..0.0]	[1.0..1.0]	[0.962..0.962]	[493151.6..493151.6]	[0.864..0.864]	[0.0..0.0]	[0.962..0.962]	[493151.6..493151.6]	[0.864..0.864]	[0.0..0.0]	0.8562302	[422251.28..422251.28]
Group-1	PS 37:1:0	295.26	240116_PS_FTMSMS-_3.mzXML	25.0	37020.3	0.0	0.0	[9.0..9.0]	[0.0..0.0]	[0.899..0.899]	[33281.25..33281.25]	[0.153..0.153]	[1.0..1.0]	[0.899..0.899]	[33281.25..33281.25]	[0.153..0.153]	[1.0..1.0]	0.8562302	[28496.412..28496.412]
Group-1	PS 37:1:0	295.26	240116_PS_FTMSMS-_3.mzXML	30.0	67528.2	0.0	0.0	[9.0..9.0]	[0.0..0.0]	[0.921..0.921]	[62193.477..62193.477]	[0.139..0.139]	[1.0..1.0]	[0.921..0.921]	[62193.477..62193.477]	[0.139..0.139]	[1.0..1.0]	0.8562302	[53251.934..53251.934]
Group-1	PS 37:1:0	295.26	240116_PS_FTMSMS-_3.mzXML	35.0	82951.8	0.0	0.0	[9.0..9.0]	[0.0..0.0]	[0.933..0.933]	[77394.03..77394.03]	[0.136..0.136]	[1.0..1.0]	[0.933..0.933]	[77394.03..77394.03]	[0.136..0.136]	[1.0..1.0]	0.8562302	[66267.11..66267.11]
Group-1	PS 37:1:0	297.28	240116_PS_FTMSMS-_3.mzXML	25.0	92488.6	0.0	0.0	[0.0..0.0]	[0.0..1.0]	[0.987..1.003]	[91286.25..92766.07]	[0.501..0.511]	[0.36..0.47]	[0.993..0.995]	[91841.18..92026.16]	[0.504..0.505]	[0.356..0.474]	0.8562302	[78162.04..79429.11]
Group-1	PS 37:1:0	297.28	240116_PS_FTMSMS-_3.mzXML	30.0	198675.4	0.0	0.0	[0.0..0.0]	[0.0..1.0]	[0.959..0.967]	[190529.72..192119.12]	[0.546..0.546]	[0.36..0.47]	[0.962..0.963]	[191125.75..191324.42]	[0.546..0.546]	[0.356..0.474]	0.8562302	[163137.28..164498.19]
Group-1	PS 37:1:0	297.28	240116_PS_FTMSMS-_3.mzXML	35.0	246187.8	0.0	0.0	[0.0..0.0]	[0.0..1.0]	[0.947..0.947]	[233139.84..233139.84]	[0.563..0.569]	[0.36..0.47]	[0.947..0.947]	[233139.84..233139.84]	[0.565..0.566]	[0.356..0.474]	0.8562302	[199621.38..199621.38]
Group-1	PS 37:1:0	309.28	240116_PS_FTMSMS-_3.mzXML	25.0	7185.6	0.0	0.0	[11.0..11.0]	[0.0..0.0]	[0.919..0.919]	[6603.567..6603.567]	[0.244..0.244]	[1.0..1.0]	[0.919..0.919]	[6603.567..6603.567]	[0.244..0.244]	[1.0..1.0]	0.8562302	[5654.1733..5654.1733]
Group-1	PS 37:1:0	309.28	240116_PS_FTMSMS-_3.mzXML	30.0	17151.7	0.0	0.0	[11.0..11.0]	[0.0..0.0]	[0.932..0.932]	[15985.384..15985.384]	[0.244..0.244]	[1.0..1.0]	[0.932..0.932]	[15985.384..15985.384]	[0.244..0.244]	[1.0..1.0]	0.8562302	[13687.168..13687.168]
Group-1	PS 37:1:0	309.28	240116_PS_FTMSMS-_3.mzXML	35.0	19811.5	0.0	0.0	[11.0..11.0]	[0.0..0.0]	[0.932..0.932]	[18464.318..18464.318]	[0.235..0.235]	[1.0..1.0]	[0.932..0.932]	[18464.318..18464.318]	[0.235..0.235]	[1.0..1.0]	0.8562302	[15809.707..15809.707]
Group-1	PS 37:2:0	267.23	240116_PS_FTMSMS-_3.mzXML	25.0	1812.9	0.0	0.0	[9.0..9.0]	[1.0..1.0]	[0.933..0.933]	[1691.436..1691.436]	[0.433..0.433]	[0.66..0.9]	[0.933..0.933]	[1691.4358..1691.4358]	[0.433..0.433]	[0.659..0.905]	0.85807484	[1451.3784..1451.3784]
Group-1	PS 37:2:0	267.23	240116_PS_FTMSMS-_3.mzXML	30.0	2936.4	0.0	0.0	[9.0..9.0]	[1.0..1.0]	[0.927..0.927]	[2722.043..2722.043]	[0.329..0.329]	[0.66..0.9]	[0.927..0.927]	[2722.0427..2722.0427]	[0.329..0.329]	[0.659..0.905]	0.85807484	[2335.7163..2335.7163]
Group-1	PS 37:2:0	267.23	240116_PS_FTMSMS-_3.mzXML	35.0	3492.9	0.0	0.0	[9.0..9.0]	[1.0..1.0]	[0.923..0.923]	[3223.947..3223.947]	[0.323..0.323]	[0.66..0.9]	[0.923..0.923]	[3223.9465..3223.9465]	[0.323..0.323]	[0.659..0.905]	0.85807484	[2766.3872..2766.3872]
Group-1	PS 37:2:0	269.25	240116_PS_FTMSMS-_3.mzXML	25.0	4737.2	0.0	0.0	[0.0..0.0]	[1.0..1.0]	[0.997..0.997]	[4722.989..4722.989]	[0.759..0.759]	[0.0..0.0]	[0.997..0.997]	[4722.9883..4722.9883]	[0.759..0.759]	[0.0..0.0]	0.85807484	[4052.6775..4052.6775]
Group-1	PS 37:2:0	269.25	240116_PS_FTMSMS-_3.mzXML	30.0	10474.0	0.0	0.0	[0.0..0.0]	[1.0..1.0]	[0.986..0.986]	[10327.364..10327.364]	[0.718..0.718]	[0.0..0.0]	[0.986..0.986]	[10327.364..10327.364]	[0.718..0.718]	[0.0..0.0]	0.85807484	[8861.651..8861.651]
Group-1	PS 37:2:0	269.25	240116_PS_FTMSMS-_3.mzXML	35.0	13256.2	0.0	0.0	[0.0..0.0]	[1.0..1.0]	[0.979..0.979]	[12977.819..12977.819]	[0.77..0.77]	[0.0..0.0]	[0.979..0.979]	[12977.819..12977.819]	[0.77..0.77]	[0.0..0.0]	0.85807484	[11135.94..11135.94]
Group-1	PS 37:2:0	279.23	240116_PS_FTMSMS-_3.mzXML	25.0	1109.3	0.0	0.0	[9.0..9.0]	[0.0..1.0]	[0.882..0.927]	[978.403..1028.321]	[0.555..0.564]	[0.37..0.83]	[0.899..0.919]	[997.26074..1019.4468]	[0.559..0.563]	[0.369..0.828]	0.85807484	[839.5427..882.3765]
Group-1	PS 37:2:0	279.23	240116_PS_FTMSMS-_3.mzXML	30.0	1287.9	0.0	0.0	[9.0..9.0]	[0.0..1.0]	[0.929..0.932]	[1196.459..1200.323]	[0.356..0.358]	[0.37..0.83]	[0.93..0.931]	[1197.7471..1199.0349]	[0.357..0.358]	[0.369..0.828]	0.85807484	[1026.6515..1029.9668]
Group-1	PS 37:2:0	279.23	240116_PS_FTMSMS-_3.mzXML	35.0	1569.8	0.0	0.0	[9.0..9.0]	[0.0..1.0]	[0.962..0.981]	[1510.148..1539.974]	[0.378..0.383]	[0.37..0.83]	[0.969..0.978]	[1521.1362..1535.2644]	[0.38..0.382]	[0.369..0.828]	0.85807484	[1295.8198..1321.4128]
Group-1	PS 37:2:0	281.25	240116_PS_FTMSMS-_3.mzXML	25.0	65781.2	0.0	0.0	[9.0..9.0]	[1.0..1.0]	[0.94..0.94]	[61834.332..61834.332]	[0.539..0.539]	[0.41..0.53]	[0.94..0.94]	[61834.332..61834.332]	[0.539..0.539]	[0.407..0.534]	0.85807484	[53058.484..53058.484]
Group-1	PS 37:2:0	281.25	240116_PS_FTMSMS-_3.mzXML	30.0	128645.9	0.0	0.0	[9.0..9.0]	[1.0..1.0]	[0.925..0.925]	[118997.46..118997.46]	[0.499..0.499]	[0.41..0.53]	[0.925..0.925]	[118997.46..118997.46]	[0.499..0.499]	[0.407..0.534]	0.85807484	[102108.73..102108.73]
Group-1	PS 37:2:0	281.25	240116_PS_FTMSMS-_3.mzXML	35.0	146016.1	0.0	0.0	[9.0..9.0]	[1.0..1.0]	[0.916..0.916]	[133750.75..133750.75]	[0.485..0.485]	[0.41..0.53]	[0.916..0.916]	[133750.75..133750.75]	[0.485..0.485]	[0.407..0.534]	0.85807484	[114768.15..114768.15]
Group-1	PS 37:2:0	283.26	240116_PS_FTMSMS-_3.mzXML	25.0	12874.7	0.0	0.0	[0.0..0.0]	[1.0..1.0]	[0.998..0.998]	[12848.951..12848.951]	[0.829..0.829]	[0.0..0.0]	[0.998..0.998]	[12848.951..12848.951]	[0.829..0.829]	[0.0..0.0]	0.85807484	[11025.361..11025.361]
Group-1	PS 37:2:0	283.26	240116_PS_FTMSMS-_3.mzXML	30.0	25972.4	0.0	0.0	[0.0..0.0]	[1.0..1.0]	[0.975..0.975]	[25323.092..25323.092]	[0.831..0.831]	[0.0..0.0]	[0.975..0.975]	[25323.092..25323.092]	[0.831..0.831]	[0.0..0.0]	0.85807484	[21729.107..21729.107]
Group-1	PS 37:2:0	283.26	240116_PS_FTMSMS-_3.mzXML	35.0	32836.0	0.0	0.0	[0.0..0.0]	[1.0..1.0]	[0.962..0.962]	[31588.232..31588.232]	[0.845..0.845]	[0.0..0.0]	[0.962..0.962]	[31588.232..31588.232]	[0.845..0.845]	[0.0..0.0]	0.85807484	[27105.068..27105.068]
Group-1	PS 37:2:0	293.25	240116_PS_FTMSMS-_3.mzXML	25.0	2964.7	0.0	0.0	[9.0..9.0]	[0.0..0.0]	[0.892..0.892]	[2644.513..2644.513]	[0.171..0.171]	[1.0..1.0]	[0.892..0.892]	[2644.5125..2644.5125]	[0.171..0.171]	[1.0..1.0]	0.85807484	[2269.1895..2269.1895]
Group-1	PS 37:2:0	293.25	240116_PS_FTMSMS-_3.mzXML	30.0	5542.3	0.0	0.0	[9.0..9.0]	[0.0..0.0]	[0.931..0.931]	[5159.881..5159.881]	[0.169..0.169]	[1.0..1.0]	[0.931..0.931]	[5159.881..5159.881]	[0.169..0.169]	[1.0..1.0]	0.85807484	[4427.564..4427.564]
Group-1	PS 37:2:0	293.25	240116_PS_FTMSMS-_3.mzXML	35.0	5892.7	0.0	0.0	[9.0..9.0]	[0.0..0.0]	[0.98..0.98]	[5774.846..5774.846]	[0.155..0.155]	[1.0..1.0]	[0.98..0.98]	[5774.846..5774.846]	[0.155..0.155]	[1.0..1.0]	0.85807484	[4955.2505..4955.2505]
Group-1	PS 37:2:0	295.26	240116_PS_FTMSMS-_3.mzXML	25.0	58745.2	0.0	0.0	[9.0..9.0]	[0.0..0.0]	[0.899..0.899]	[52811.934..52811.934]	[0.461..0.461]	[0.47..0.59]	[0.899..0.899]	[52811.934..52811.934]	[0.461..0.461]	[0.466..0.593]	0.85807484	[45316.59..45316.59]
Group-1	PS 37:2:0	295.26	240116_PS_FTMSMS-_3.mzXML	30.0	129669.9	0.0	0.0	[9.0..9.0]	[0.0..0.0]	[0.921..0.921]	[119425.98..119425.98]	[0.501..0.501]	[0.47..0.59]	[0.921..0.921]	[119425.98..119425.98]	[0.501..0.501]	[0.466..0.593]	0.85807484	[102476.42..102476.42]
Group-1	PS 37:2:0	295.26	240116_PS_FTMSMS-_3.mzXML	35.0	152116.3	0.0	0.0	[9.0..9.0]	[0.0..0.0]	[0.933..0.933]	[141924.52..141924.52]	[0.515..0.515]	[0.47..0.59]	[0.933..0.933]	[141924.52..141924.52]	[0.515..0.515]	[0.466..0.593]	0.85807484	[121781.85..121781.85]
Group-1	PS 37:2:0	297.28	240116_PS_FTMSMS-_3.mzXML	25.0	793.7	0.0	0.0	[0.0..0.0]	[0.0..1.0]	[0.987..1.003]	[783.382..796.081]	[0.436..0.445]	[0.17..0.63]	[0.99..0.997]	[785.763..791.3189]	[0.437..0.441]	[0.172..0.631]	0.85807484	[672.2003..683.09717]
Group-1	PS 37:2:0	297.28	240116_PS_FTMSMS-_3.mzXML	30.0	2240.8	0.0	0.0	[0.0..0.0]	[0.0..1.0]	[0.959..0.967]	[2148.927..2166.854]	[0.642..0.644]	[0.17..0.63]	[0.96..0.964]	[2151.168..2160.131]	[0.642..0.643]	[0.172..0.631]	0.85807484	[1843.9404..1859.3226]
Group-1	PS 37:2:0	297.28	240116_PS_FTMSMS-_3.mzXML	35.0	2622.9	0.0	0.0	[0.0..0.0]	[0.0..1.0]	[0.947..0.947]	[2483.886..2483.886]	[0.617..0.622]	[0.17..0.63]	[0.947..0.947]	[2483.8862..2483.8862]	[0.618..0.62]	[0.172..0.631]	0.85807484	[2131.3604..2131.3604]
Group-1	PS 37:2:0	307.26	240116_PS_FTMSMS-_3.mzXML	25.0	1645.0	0.0	0.0	[11.0..11.0]	[0.0..0.0]	[0.912..0.912]	[1500.24..1500.24]	[0.241..0.241]	[1.0..1.0]	[0.912..0.912]	[1500.24..1500.24]	[0.241..0.241]	[1.0..1.0]	0.85807484	[1287.3181..1287.3181]
Group-1	PS 37:2:0	307.26	240116_PS_FTMSMS-_3.mzXML	30.0	4370.5	0.0	0.0	[11.0..11.0]	[0.0..0.0]	[0.929..0.929]	[4060.195..4060.195]	[0.282..0.282]	[1.0..1.0]	[0.929..0.929]	[4060.1946..4060.1946]	[0.282..0.282]	[1.0..1.0]	0.85807484	[3483.9507..3483.9507]
Group-1	PS 37:2:0	307.26	240116_PS_FTMSMS-_3.mzXML	35.0	4082.9	0.0	0.0	[11.0..11.0]	[0.0..0.0]	[0.951..0.951]	[3882.838..3882.838]	[0.23..0.23]	[1.0..1.0]	[0.951..0.951]	[3882.8376..3882.8376]	[0.23..0.23]	[1.0..1.0]	0.85807484	[3331.7654..3331.7654]
Group-1	PS 37:2:0	309.28	240116_PS_FTMSMS-_3.mzXML	25.0	2410.6	0.0	0.0	[11.0..11.0]	[0.0..0.0]	[0.919..0.919]	[2215.342..2215.342]	[0.567..0.567]	[0.1..0.34]	[0.919..0.919]	[2215.3416..2215.3416]	[0.567..0.567]	[0.095..0.341]	0.85807484	[1900.929..1900.929]
Group-1	PS 37:2:0	309.28	240116_PS_FTMSMS-_3.mzXML	30.0	5970.2	0.0	0.0	[11.0..11.0]	[0.0..0.0]	[0.932..0.932]	[5564.227..5564.227]	[0.671..0.671]	[0.1..0.34]	[0.932..0.932]	[5564.2266..5564.2266]	[0.671..0.671]	[0.095..0.341]	0.85807484	[4774.5225..4774.5225]
Group-1	PS 37:2:0	309.28	240116_PS_FTMSMS-_3.mzXML	35.0	7266.5	0.0	0.0	[11.0..11.0]	[0.0..0.0]	[0.932..0.932]	[6772.378..6772.378]	[0.677..0.677]	[0.1..0.34]	[0.932..0.932]	[6772.378..6772.378]	[0.677..0.677]	[0.095..0.341]	0.85807484	[5811.207..5811.207]
Group-1	PS 37:3:0	269.25	240116_PS_FTMSMS-_3.mzXML	25.0	4957.4	0.0	0.0	[0.0..0.0]	[1.0..1.0]	[0.997..0.997]	[4942.528..4942.528]	[0.686..0.69]	[0.0..0.05]	[0.997..0.997]	[4942.528..4942.528]	[0.661..0.68]	[0.0..0.048]	0.85993737	[4250.264..4250.264]
Group-1	PS 37:3:0	269.25	240116_PS_FTMSMS-_3.mzXML	30.0	10263.1	0.0	0.0	[0.0..0.0]	[1.0..1.0]	[0.986..0.986]	[10119.416..10119.416]	[0.749..0.769]	[0.0..0.05]	[0.986..0.986]	[10119.416..10119.416]	[0.749..0.763]	[0.0..0.048]	0.85993737	[8702.064..8702.064]
Group-1	PS 37:3:0	269.25	240116_PS_FTMSMS-_3.mzXML	35.0	13116.0	0.0	0.0	[0.0..0.0]	[1.0..1.0]	[0.979..0.979]	[12840.563..12840.563]	[0.763..0.805]	[0.0..0.05]	[0.979..0.979]	[12840.563..12840.563]	[0.765..0.806]	[0.0..0.048]	0.85993737	[11042.08..11042.08]
Group-1	PS 37:3:0	279.23	240116_PS_FTMSMS-_3.mzXML	25.0	541.5	0.0	0.0	[9.0..9.0]	[1.0..1.0]	[0.927..0.927]	[501.971..501.971]	[0.53..0.53]	[0.43..0.53]	[0.927..0.927]	[501.9705..501.9705]	[0.53..0.53]	[0.429..0.525]	0.85993737	[431.6632..431.6632]
Group-1	PS 37:3:0	279.23	240116_PS_FTMSMS-_3.mzXML	30.0	1338.9	0.0	0.0	[9.0..9.0]	[1.0..1.0]	[0.932..0.932]	[1247.855..1247.855]	[0.51..0.51]	[0.43..0.53]	[0.932..0.932]	[1247.8549..1247.8549]	[0.51..0.51]	[0.429..0.525]	0.85993737	[1073.0769..1073.0769]
Group-1	PS 37:3:0	279.23	240116_PS_FTMSMS-_3.mzXML	35.0	1219.3	0.0	0.0	[9.0..9.0]	[1.0..1.0]	[0.962..0.962]	[1172.967..1172.967]	[0.489..0.489]	[0.43..0.53]	[0.962..0.962]	[1172.9667..1172.9667]	[0.489..0.489]	[0.429..0.525]	0.85993737	[1008.6779..1008.6779]
Group-1	PS 37:3:0	281.25	240116_PS_FTMSMS-_3.mzXML	25.0	18322.0	0.0	0.0	[9.0..9.0]	[1.0..1.0]	[0.94..0.94]	[17222.68..17222.68]	[0.823..0.823]	[0.0..0.0]	[0.94..0.94]	[17222.68..17222.68]	[0.823..0.823]	[0.0..0.0]	0.85993737	[14810.426..14810.426]
Group-1	PS 37:3:0	281.25	240116_PS_FTMSMS-_3.mzXML	30.0	36169.1	0.0	0.0	[9.0..9.0]	[1.0..1.0]	[0.925..0.925]	[33456.418..33456.418]	[0.832..0.832]	[0.0..0.0]	[0.925..0.925]	[33456.418..33456.418]	[0.832..0.832]	[0.0..0.0]	0.85993737	[28770.426..28770.426]
Group-1	PS 37:3:0	281.25	240116_PS_FTMSMS-_3.mzXML	35.0	40541.7	0.0	0.0	[9.0..9.0]	[1.0..1.0]	[0.916..0.916]	[37136.195..37136.195]	[0.801..0.801]	[0.0..0.0]	[0.916..0.916]	[37136.195..37136.195]	[0.801..0.801]	[0.0..0.0]	0.85993737	[31934.8..31934.8]
Group-1	PS 37:3:0	283.26	240116_PS_FTMSMS-_3.mzXML	25.0	15278.4	0.0	0.0	[0.0..0.0]	[1.0..1.0]	[0.998..0.998]	[15247.844..15247.844]	[0.906..0.906]	[0.0..0.0]	[0.998..0.998]	[15247.844..15247.844]	[0.902..0.903]	[0.0..0.0]	0.85993737	[13112.191..13112.191]
Group-1	PS 37:3:0	283.26	240116_PS_FTMSMS-_3.mzXML	30.0	34726.7	0.0	0.0	[0.0..0.0]	[1.0..1.0]	[0.975..0.975]	[33858.53..33858.53]	[0.921..0.926]	[0.0..0.0]	[0.975..0.975]	[33858.53..33858.53]	[0.921..0.927]	[0.0..0.0]	0.85993737	[29116.219..29116.219]
Group-1	PS 37:3:0	283.26	240116_PS_FTMSMS-_3.mzXML	35.0	44404.2	0.0	0.0	[0.0..0.0]	[1.0..1.0]	[0.962..0.962]	[42716.84..42716.84]	[0.935..0.943]	[0.0..0.0]	[0.962..0.962]	[42716.84..42716.84]	[0.935..0.944]	[0.0..0.0]	0.85993737	[36733.81..36733.81]
Group-1	PS 37:3:0	291.23	240116_PS_FTMSMS-_3.mzXML	25.0	1717.3	0.0	0.0	[6.0..9.0]	[0.0..0.0]	[0.92..0.923]	[1579.916..1585.068]	[0.094..0.094]	[1.0..1.0]	[0.95..0.962]	[1631.435..1652.0427]	[0.097..0.098]	[1.0..1.0]	0.85993737	[1358.6289..1363.0592]
Group-1	PS 37:3:0	291.23	240116_PS_FTMSMS-_3.mzXML	30.0	2690.5	0.0	0.0	[6.0..9.0]	[0.0..0.0]	[1.004..1.077]	[2701.262..2897.669]	[0.074..0.079]	[1.0..1.0]	[0.998..1.079]	[2685.1191..2903.0496]	[0.073..0.079]	[1.0..1.0]	0.85993737	[2322.916..2491.8132]
Group-1	PS 37:3:0	291.23	240116_PS_FTMSMS-_3.mzXML	35.0	2285.1	0.0	0.0	[6.0..9.0]	[0.0..0.0]	[1.132..1.308]	[2586.733..2988.911]	[0.057..0.065]	[1.0..1.0]	[1.107..1.29]	[2529.6057..2947.779]	[0.056..0.065]	[1.0..1.0]	0.85993737	[2224.4285..2570.2761]
Group-1	PS 37:3:0	293.25	240116_PS_FTMSMS-_3.mzXML	25.0	4166.1	0.0	0.0	[9.0..9.0]	[0.0..0.0]	[0.892..0.892]	[3716.162..3716.162]	[0.177..0.177]	[1.0..1.0]	[0.892..0.892]	[3716.1614..3716.1614]	[0.177..0.177]	[1.0..1.0]	0.85993737	[3195.666..3195.666]
Group-1	PS 37:3:0	293.25	240116_PS_FTMSMS-_3.mzXML	30.0	7259.9	0.0	0.0	[9.0..9.0]	[0.0..0.0]	[0.931..0.931]	[6758.967..6758.967]	[0.168..0.168]	[1.0..1.0]	[0.931..0.931]	[6758.967..6758.967]	[0.168..0.168]	[1.0..1.0]	0.85993737	[5812.288..5812.288]
Group-1	PS 37:3:0	293.25	240116_PS_FTMSMS-_3.mzXML	35.0	9434.0	0.0	0.0	[9.0..9.0]	[0.0..0.0]	[0.98..0.98]	[9245.32..9245.32]	[0.199..0.199]	[1.0..1.0]	[0.98..0.98]	[9245.32..9245.32]	[0.199..0.199]	[1.0..1.0]	0.85993737	[7950.396..7950.396]
Group-1	PS 37:3:0	295.26	240116_PS_FTMSMS-_3.mzXML	25.0	495.3	0.0	0.0	[9.0..9.0]	[0.0..0.0]	[0.899..0.899]	[445.275..445.275]	[0.47..0.47]	[0.47..0.57]	[0.899..0.899]	[445.2747..445.2747]	[0.47..0.47]	[0.475..0.571]	0.85993737	[382.90836..382.90836]
Group-1	PS 37:3:0	295.26	240116_PS_FTMSMS-_3.mzXML	30.0	1304.3	0.0	0.0	[9.0..9.0]	[0.0..0.0]	[0.921..0.921]	[1201.26..1201.26]	[0.49..0.49]	[0.47..0.57]	[0.921..0.921]	[1201.2604..1201.2604]	[0.49..0.49]	[0.475..0.571]	0.85993737	[1033.0087..1033.0087]
Group-1	PS 37:3:0	295.26	240116_PS_FTMSMS-_3.mzXML	35.0	1312.7	0.0	0.0	[9.0..9.0]	[0.0..0.0]	[0.933..0.933]	[1224.749..1224.749]	[0.511..0.511]	[0.47..0.57]	[0.933..0.933]	[1224.7491..1224.7491]	[0.511..0.511]	[0.475..0.571]	0.85993737	[1053.2075..1053.2075]
Group-1	PS 37:3:0	305.25	240116_PS_FTMSMS-_3.mzXML	25.0	2453.8	0.0	0.0	[5.0..11.0]	[0.0..0.0]	[0.905..0.922]	[2220.689..2262.404]	[0.31..0.314]	[0.95..1.0]	[0.95..1.035]	[2331.11..2539.6829]	[0.32..0.339]	[0.952..1.0]	0.85993737	[1909.6533..1945.5253]
Group-1	PS 37:3:0	305.25	240116_PS_FTMSMS-_3.mzXML	30.0	3182.1	0.0	0.0	[5.0..11.0]	[0.0..0.0]	[0.956..1.063]	[3042.088..3382.572]	[0.231..0.251]	[0.95..1.0]	[0.989..1.067]	[3147.0972..3395.301]	[0.237..0.251]	[0.952..1.0]	0.85993737	[2616.005..2908.8003]
Group-1	PS 37:3:0	305.25	240116_PS_FTMSMS-_3.mzXML	35.0	3047.6	0.0	0.0	[5.0..11.0]	[0.0..0.0]	[1.023..1.308]	[3117.695..3986.261]	[0.195..0.237]	[0.95..1.0]	[1.014..1.293]	[3090.2666..3940.5469]	[0.194..0.235]	[0.952..1.0]	0.85993737	[2681.0222..3427.9346]
Group-1	PS 37:4:0	267.23	240116_PS_FTMSMS-_3.mzXML	25.0	2397.1	0.0	0.0	[9.0..9.0]	[1.0..1.0]	[0.933..0.933]	[2236.495..2236.495]	[1.0..1.0]	[0.0..0.0]	[0.933..0.933]	[2236.4944..2236.4944]	[1.0..1.0]	[0.0..0.0]	0.86180866	[1927.4302..1927.4302]
Group-1	PS 37:4:0	267.23	240116_PS_FTMSMS-_3.mzXML	30.0	5513.7	0.0	0.0	[9.0..9.0]	[1.0..1.0]	[0.927..0.927]	[5111.2..5111.2]	[0.883..0.894]	[0.0..0.0]	[0.927..0.927]	[5111.2..5111.2]	[0.883..0.895]	[0.0..0.0]	0.86180866	[4404.8765..4404.8765]
Group-1	PS 37:4:0	267.23	240116_PS_FTMSMS-_3.mzXML	35.0	7237.2	0.0	0.0	[9.0..9.0]	[1.0..1.0]	[0.923..0.923]	[6679.936..6679.936]	[0.884..0.907]	[0.0..0.0]	[0.923..0.923]	[6679.9355..6679.9355]	[0.885..0.909]	[0.0..0.0]	0.86180866	[5756.826..5756.826]
Group-1	PS 37:4:0	269.25	240116_PS_FTMSMS-_3.mzXML	25.0	21097.4	0.0	0.0	[0.0..0.0]	[1.0..1.0]	[0.997..0.997]	[21034.107..21034.107]	[0.827..0.83]	[0.0..0.0]	[0.997..0.997]	[21034.107..21034.107]	[0.817..0.826]	[0.0..0.0]	0.86180866	[18127.375..18127.375]
Group-1	PS 37:4:0	269.25	240116_PS_FTMSMS-_3.mzXML	30.0	55800.2	0.0	0.0	[0.0..0.0]	[1.0..1.0]	[0.986..0.986]	[55018.996..55018.996]	[0.868..0.883]	[0.0..0.0]	[0.986..0.986]	[55018.996..55018.996]	[0.866..0.883]	[0.0..0.0]	0.86180866	[47415.848..47415.848]
Group-1	PS 37:4:0	269.25	240116_PS_FTMSMS-_3.mzXML	35.0	72545.4	0.0	0.0	[0.0..0.0]	[1.0..1.0]	[0.979..0.979]	[71021.945..71021.945]	[0.894..0.915]	[0.0..0.0]	[0.979..0.979]	[71021.945..71021.945]	[0.895..0.916]	[0.0..0.0]	0.86180866	[61207.33..61207.33]
Group-1	PS 37:4:0	303.23	240116_PS_FTMSMS-_3.mzXML	25.0	4424.8	0.0	0.0	[5.0..8.0]	[0.0..0.0]	[0.972..0.996]	[4300.906..4407.101]	[0.17..0.173]	[1.0..1.0]	[1.0..1.062]	[4424.8..4699.1377]	[0.174..0.183]	[1.0..1.0]	0.86180866	[3706.5576..3798.0774]
Group-1	PS 37:4:0	303.23	240116_PS_FTMSMS-_3.mzXML	30.0	6295.4	0.0	0.0	[5.0..8.0]	[0.0..0.0]	[1.162..1.328]	[7315.255..8360.291]	[0.117..0.132]	[1.0..1.0]	[1.159..1.348]	[7296.3687..8486.199]	[0.117..0.134]	[1.0..1.0]	0.86180866	[6304.3496..7204.971]
Group-1	PS 37:4:0	303.23	240116_PS_FTMSMS-_3.mzXML	35.0	4399.9	0.0	0.0	[5.0..8.0]	[0.0..0.0]	[1.492..1.914]	[6564.651..8421.408]	[0.085..0.106]	[1.0..1.0]	[1.474..1.894]	[6485.452..8333.411]	[0.084..0.105]	[1.0..1.0]	0.86180866	[5657.4727..7257.6426]
Group-1	PS 37:4:0	305.25	240116_PS_FTMSMS-_3.mzXML	25.0	0.0	0.0	0.0	[5.0..11.0]	[0.0..0.0]	[0.905..0.922]	[0.0..0.0]	[0.0..0.0]	[1.0..1.0]	[0.945..0.95]	[0.0..0.0]	[0.0..0.0]	[1.0..1.0]	0.86180866	[0.0..0.0]
Group-1	PS 37:4:0	305.25	240116_PS_FTMSMS-_3.mzXML	30.0	636.0	0.0	0.0	[5.0..11.0]	[0.0..0.0]	[0.956..1.063]	[608.016..676.068]	[0.106..0.117]	[1.0..1.0]	[0.946..1.067]	[601.656..678.612]	[0.105..0.117]	[1.0..1.0]	0.86180866	[523.9934..582.64124]
Group-1	PS 37:4:0	305.25	240116_PS_FTMSMS-_3.mzXML	35.0	668.7	0.0	0.0	[5.0..11.0]	[0.0..0.0]	[1.023..1.308]	[684.08..874.66]	[0.093..0.116]	[1.0..1.0]	[0.995..1.293]	[665.3565..864.6291]	[0.091..0.115]	[1.0..1.0]	0.86180866	[589.54614..753.7892]
Group-1	PS 38:3:0	281.25	240116_PS_FTMSMS-_3.mzXML	25.0	169848.2	0.0	0.0	[9.0..9.0]	[1.0..1.0]	[0.94..0.94]	[159657.31..159657.31]	[0.58..0.58]	[0.31..0.39]	[0.94..0.94]	[159657.31..159657.31]	[0.58..0.58]	[0.31..0.387]	0.847188	[135259.75..135259.75]
Group-1	PS 38:3:0	281.25	240116_PS_FTMSMS-_3.mzXML	30.0	349251.8	0.0	0.0	[9.0..9.0]	[1.0..1.0]	[0.925..0.925]	[323057.94..323057.94]	[0.549..0.549]	[0.31..0.39]	[0.925..0.925]	[323057.94..323057.94]	[0.549..0.549]	[0.31..0.387]	0.847188	[273690.78..273690.78]
Group-1	PS 38:3:0	281.25	240116_PS_FTMSMS-_3.mzXML	35.0	419408.0	0.0	0.0	[9.0..9.0]	[1.0..1.0]	[0.916..0.916]	[384177.72..384177.72]	[0.561..0.561]	[0.31..0.39]	[0.916..0.916]	[384177.72..384177.72]	[0.561..0.561]	[0.31..0.387]	0.847188	[325470.78..325470.78]
Group-1	PS 38:3:0	283.26	240116_PS_FTMSMS-_3.mzXML	25.0	947304.1	0.0	0.0	[0.0..0.0]	[1.0..1.0]	[0.998..0.998]	[945409.56..945409.56]	[0.738..0.742]	[0.0..0.0]	[0.998..0.998]	[945409.56..945409.56]	[0.732..0.733]	[0.0..0.0]	0.847188	[800939.6..800939.6]
Group-1	PS 38:3:0	283.26	240116_PS_FTMSMS-_3.mzXML	30.0	2030859.8	0.0	0.0	[0.0..0.0]	[1.0..1.0]	[0.975..0.975]	[1980088.2..1980088.2]	[0.758..0.777]	[0.0..0.0]	[0.975..0.975]	[1980088.2..1980088.2]	[0.757..0.778]	[0.0..0.0]	0.847188	[1677507.0..1677507.0]
Group-1	PS 38:3:0	283.26	240116_PS_FTMSMS-_3.mzXML	35.0	2282786.0	0.0	0.0	[0.0..0.0]	[1.0..1.0]	[0.962..0.962]	[2196040.2..2196040.2]	[0.762..0.803]	[0.0..0.0]	[0.962..0.962]	[2196040.2..2196040.2]	[0.764..0.808]	[0.0..0.0]	0.847188	[1860458.9..1860458.9]
Group-1	PS 38:3:0	305.25	240116_PS_FTMSMS-_3.mzXML	25.0	363814.7	0.0	0.0	[5.0..11.0]	[0.0..0.0]	[0.905..0.922]	[329252.28..335437.12]	[0.258..0.262]	[1.0..1.0]	[0.945..0.95]	[343804.88..345623.94]	[0.267..0.268]	[1.0..1.0]	0.847188	[278938.6..284178.3]
Group-1	PS 38:3:0	305.25	240116_PS_FTMSMS-_3.mzXML	30.0	595559.8	0.0	0.0	[5.0..11.0]	[0.0..0.0]	[0.956..1.063]	[569355.2..633080.06]	[0.223..0.242]	[1.0..1.0]	[0.946..1.067]	[563399.56..635462.3]	[0.222..0.243]	[1.0..1.0]	0.847188	[482350.88..536337.8]
Group-1	PS 38:3:0	305.25	240116_PS_FTMSMS-_3.mzXML	35.0	525720.2	0.0	0.0	[5.0..11.0]	[0.0..0.0]	[1.023..1.308]	[537811.75..687642.0]	[0.197..0.238]	[1.0..1.0]	[0.995..1.293]	[523091.6..679756.2]	[0.192..0.236]	[1.0..1.0]	0.847188	[455627.7..582562.06]
Group-1	PS 38:3:0	307.26	240116_PS_FTMSMS-_3.mzXML	25.0	126720.0	0.0	0.0	[11.0..11.0]	[0.0..0.0]	[0.912..0.912]	[115568.64..115568.64]	[0.42..0.42]	[0.61..0.69]	[0.912..0.912]	[115568.64..115568.64]	[0.42..0.42]	[0.613..0.69]	0.847188	[97908.37..97908.37]
Group-1	PS 38:3:0	307.26	240116_PS_FTMSMS-_3.mzXML	30.0	286103.5	0.0	0.0	[11.0..11.0]	[0.0..0.0]	[0.929..0.929]	[265790.16..265790.16]	[0.451..0.451]	[0.61..0.69]	[0.929..0.929]	[265790.16..265790.16]	[0.451..0.451]	[0.613..0.69]	0.847188	[225174.23..225174.23]
Group-1	PS 38:3:0	307.26	240116_PS_FTMSMS-_3.mzXML	35.0	315645.1	0.0	0.0	[11.0..11.0]	[0.0..0.0]	[0.951..0.951]	[300178.47..300178.47]	[0.439..0.439]	[0.61..0.69]	[0.951..0.951]	[300178.47..300178.47]	[0.439..0.439]	[0.613..0.69]	0.847188	[254307.61..254307.61]
Group-1	PS 38:4:0	281.25	240116_PS_FTMSMS-_3.mzXML	25.0	776721.5	0.0	0.0	[9.0..9.0]	[1.0..1.0]	[0.94..0.94]	[730118.2..730118.2]	[0.926..0.927]	[0.0..0.0]	[0.94..0.94]	[730118.2..730118.2]	[0.923..0.924]	[0.0..0.0]	0.8489996	[619870.06..619870.06]
Group-1	PS 38:4:0	281.25	240116_PS_FTMSMS-_3.mzXML	30.0	1960095.2	0.0	0.0	[9.0..9.0]	[1.0..1.0]	[0.925..0.925]	[1813088.1..1813088.1]	[0.949..0.954]	[0.0..0.0]	[0.925..0.925]	[1813088.1..1813088.1]	[0.949..0.954]	[0.0..0.0]	0.8489996	[1539311.1..1539311.1]
Group-1	PS 38:4:0	281.25	240116_PS_FTMSMS-_3.mzXML	35.0	2574796.2	0.0	0.0	[9.0..9.0]	[1.0..1.0]	[0.916..0.916]	[2358513.5..2358513.5]	[0.953..0.963]	[0.0..0.0]	[0.916..0.916]	[2358513.5..2358513.5]	[0.954..0.964]	[0.0..0.0]	0.8489996	[2002376.9..2002376.9]
Group-1	PS 38:4:0	283.26	240116_PS_FTMSMS-_3.mzXML	25.0	3467772.8	0.0	0.0	[0.0..0.0]	[1.0..1.0]	[0.998..0.998]	[3460837.5..3460837.5]	[0.836..0.839]	[0.0..0.0]	[0.998..0.998]	[3460837.2..3460837.2]	[0.827..0.835]	[0.0..0.0]	0.8489996	[2938249.5..2938249.5]
Group-1	PS 38:4:0	283.26	240116_PS_FTMSMS-_3.mzXML	30.0	8576479.0	0.0	0.0	[0.0..0.0]	[1.0..1.0]	[0.975..0.975]	[8362067.0..8362067.0]	[0.867..0.882]	[0.0..0.0]	[0.975..0.975]	[8362067.0..8362067.0]	[0.865..0.882]	[0.0..0.0]	0.8489996	[7099392.0..7099392.0]
Group-1	PS 38:4:0	283.26	240116_PS_FTMSMS-_3.mzXML	35.0	1.192083E7	0.0	0.0	[0.0..0.0]	[1.0..1.0]	[0.962..0.962]	[1.1467839E7..1.1467839E7]	[0.889..0.911]	[0.0..0.0]	[0.962..0.962]	[1.1467839E7..1.1467839E7]	[0.89..0.912]	[0.0..0.0]	0.8489996	[9736190.0..9736190.0]
Group-1	PS 38:4:0	303.23	240116_PS_FTMSMS-_3.mzXML	25.0	683063.6	0.0	0.0	[5.0..8.0]	[0.0..0.0]	[0.972..0.996]	[663937.9..680331.4]	[0.161..0.164]	[1.0..1.0]	[1.0..1.062]	[683063.6..725413.6]	[0.165..0.173]	[1.0..1.0]	0.8489996	[563683.0..577601.06]
Group-1	PS 38:4:0	303.23	240116_PS_FTMSMS-_3.mzXML	30.0	965402.9	0.0	0.0	[5.0..8.0]	[0.0..0.0]	[1.162..1.328]	[1121798.1..1282055.0]	[0.118..0.133]	[1.0..1.0]	[1.159..1.348]	[1118902.0..1301363.1]	[0.118..0.135]	[1.0..1.0]	0.8489996	[952406.2..1088464.2]
Group-1	PS 38:4:0	303.23	240116_PS_FTMSMS-_3.mzXML	35.0	750702.8	0.0	0.0	[5.0..8.0]	[0.0..0.0]	[1.492..1.914]	[1120048.6..1436845.2]	[0.089..0.111]	[1.0..1.0]	[1.474..1.894]	[1106535.9..1421831.1]	[0.088..0.11]	[1.0..1.0]	0.8489996	[950920.75..1219881.0]
Group-1	PS 38:4:0	305.25	240116_PS_FTMSMS-_3.mzXML	25.0	63734.5	0.0	0.0	[5.0..11.0]	[0.0..0.0]	[0.905..0.922]	[57679.72..58763.207]	[0.073..0.074]	[1.0..1.0]	[0.945..0.95]	[60229.1..60547.773]	[0.076..0.077]	[1.0..1.0]	0.8489996	[48970.062..49889.94]
Group-1	PS 38:4:0	305.25	240116_PS_FTMSMS-_3.mzXML	30.0	92081.4	0.0	0.0	[5.0..11.0]	[0.0..0.0]	[0.956..1.063]	[88029.81..97882.52]	[0.046..0.051]	[1.0..1.0]	[0.946..1.067]	[87109.0..98250.85]	[0.046..0.051]	[1.0..1.0]	0.8489996	[74737.27..83102.23]
Group-1	PS 38:4:0	305.25	240116_PS_FTMSMS-_3.mzXML	35.0	88280.5	0.0	0.0	[5.0..11.0]	[0.0..0.0]	[1.023..1.308]	[90310.95..115470.89]	[0.037..0.047]	[1.0..1.0]	[0.995..1.293]	[87839.1..114146.69]	[0.036..0.046]	[1.0..1.0]	0.8489996	[76673.96..98034.74]
Group-1	PS 38:5:0	255.23	240116_PS_FTMSMS-_3.mzXML	25.0	112123.4	0.0	0.0	[0.0..0.0]	[1.0..1.0]	[1.0..1.0]	[112123.4..112123.4]	[0.774..0.785]	[0.0..0.0]	[1.0..1.0]	[112123.4..112123.4]	[0.758..0.779]	[0.0..0.0]	0.8508197	[95396.8..95396.8]
Group-1	PS 38:5:0	255.23	240116_PS_FTMSMS-_3.mzXML	30.0	200830.4	0.0	0.0	[0.0..0.0]	[1.0..1.0]	[1.0..1.0]	[200830.4..200830.4]	[0.758..0.794]	[0.0..0.0]	[1.0..1.0]	[200830.4..200830.4]	[0.752..0.792]	[0.0..0.0]	0.8508197	[170870.47..170870.47]
Group-1	PS 38:5:0	255.23	240116_PS_FTMSMS-_3.mzXML	35.0	242571.5	0.0	0.0	[0.0..0.0]	[1.0..1.0]	[1.0..1.0]	[242571.5..242571.5]	[0.79..0.844]	[0.0..0.0]	[1.0..1.0]	[242571.5..242571.5]	[0.791..0.842]	[0.0..0.0]	0.8508197	[206384.61..206384.61]
Group-1	PS 38:5:0	281.25	240116_PS_FTMSMS-_3.mzXML	25.0	494162.6	0.0	0.0	[9.0..9.0]	[1.0..1.0]	[0.94..0.94]	[464512.84..464512.84]	[0.861..0.864]	[0.0..0.0]	[0.94..0.94]	[464512.84..464512.84]	[0.853..0.86]	[0.0..0.0]	0.8508197	[395216.7..395216.7]
Group-1	PS 38:5:0	281.25	240116_PS_FTMSMS-_3.mzXML	30.0	1191804.2	0.0	0.0	[9.0..9.0]	[1.0..1.0]	[0.925..0.925]	[1102419.0..1102419.0]	[0.889..0.901]	[0.0..0.0]	[0.925..0.925]	[1102419.0..1102419.0]	[0.887..0.901]	[0.0..0.0]	0.8508197	[937959.8..937959.8]
Group-1	PS 38:5:0	281.25	240116_PS_FTMSMS-_3.mzXML	35.0	1599128.6	0.0	0.0	[9.0..9.0]	[1.0..1.0]	[0.916..0.916]	[1464801.9..1464801.9]	[0.899..0.919]	[0.0..0.0]	[0.916..0.916]	[1464801.9..1464801.9]	[0.9..0.92]	[0.0..0.0]	0.8508197	[1246282.2..1246282.2]
Group-1	PS 38:5:0	303.23	240116_PS_FTMSMS-_3.mzXML	25.0	75385.7	0.0	0.0	[5.0..8.0]	[0.0..0.0]	[0.972..0.996]	[73274.91..75084.16]	[0.136..0.139]	[1.0..1.0]	[1.0..1.062]	[75385.7..80059.62]	[0.14..0.147]	[1.0..1.0]	0.8508197	[62343.73..63883.082]
Group-1	PS 38:5:0	303.23	240116_PS_FTMSMS-_3.mzXML	30.0	103999.2	0.0	0.0	[5.0..8.0]	[0.0..0.0]	[1.162..1.328]	[120847.07..138110.94]	[0.099..0.111]	[1.0..1.0]	[1.159..1.348]	[120535.08..140190.94]	[0.099..0.113]	[1.0..1.0]	0.8508197	[102819.06..117507.51]
Group-1	PS 38:5:0	303.23	240116_PS_FTMSMS-_3.mzXML	35.0	85992.0	0.0	0.0	[5.0..8.0]	[0.0..0.0]	[1.492..1.914]	[128300.06..164588.69]	[0.081..0.101]	[1.0..1.0]	[1.474..1.894]	[126752.2..162868.86]	[0.08..0.1]	[1.0..1.0]	0.8508197	[109160.22..140035.3]
Group-1	PS 38:5:0	329.25	240116_PS_FTMSMS-_3.mzXML	25.0	30283.7	0.0	0.0	[4.0..7.0]	[0.0..0.0]	[1.013..1.081]	[30677.387..32736.678]	[0.215..0.226]	[1.0..1.0]	[1.051..1.179]	[31828.168..35704.48]	[0.221..0.242]	[1.0..1.0]	0.8508197	[26100.926..27853.012]
Group-1	PS 38:5:0	329.25	240116_PS_FTMSMS-_3.mzXML	30.0	38716.5	0.0	0.0	[4.0..7.0]	[0.0..0.0]	[1.343..1.659]	[51996.26..64230.676]	[0.206..0.242]	[1.0..1.0]	[1.366..1.712]	[52886.742..66282.65]	[0.208..0.248]	[1.0..1.0]	0.8508197	[44239.445..54648.727]
Group-1	PS 38:5:0	329.25	240116_PS_FTMSMS-_3.mzXML	35.0	22244.2	0.0	0.0	[4.0..7.0]	[0.0..0.0]	[2.017..2.898]	[44866.55..64463.688]	[0.156..0.21]	[1.0..1.0]	[2.043..2.888]	[45444.9..64241.246]	[0.158..0.209]	[1.0..1.0]	0.8508197	[38173.344..54846.977]
Group-1	PS 38:6:0	255.23	240116_PS_FTMSMS-_3.mzXML	25.0	123379.1	0.0	0.0	[0.0..0.0]	[0.100000024..1.0]	[1.0..1.0]	[123379.1..123379.1]	[0.736..0.758]	[0.0..0.0]	[1.0..1.0]	[123379.1..123379.1]	[0.736..0.736]	[0.0..0.0]	0.85263914	[105197.85..105197.85]
Group-1	PS 38:6:0	255.23	240116_PS_FTMSMS-_3.mzXML	30.0	218465.0	0.0	0.0	[0.0..0.0]	[0.100000024..0.100000024]	[1.0..1.0]	[218464.98..218464.98]	[0.764..0.764]	[0.0..0.0]	[1.0..1.0]	[218465.0..218465.0]	[0.764..0.764]	[0.0..0.0]	0.85263914	[186271.81..186271.81]
Group-1	PS 38:6:0	255.23	240116_PS_FTMSMS-_3.mzXML	35.0	259369.2	0.0	0.0	[0.0..0.0]	[1.0..1.0]	[1.0..1.0]	[259369.2..259369.2]	[0.796..0.796]	[0.0..0.0]	[1.0..1.0]	[259369.2..259369.2]	[0.796..0.796]	[0.0..0.0]	0.85263914	[221148.33..221148.33]
Group-1	PS 38:6:0	279.23	240116_PS_FTMSMS-_3.mzXML	25.0	5540.2	0.0	0.0	[9.0..9.0]	[1.0..1.0]	[0.927..0.927]	[5135.766..5135.766]	[0.817..0.821]	[0.0..0.0]	[0.927..0.927]	[5135.7656..5135.7656]	[0.807..0.817]	[0.0..0.0]	0.85263914	[4378.9546..4378.9546]
Group-1	PS 38:6:0	279.23	240116_PS_FTMSMS-_3.mzXML	30.0	13021.5	0.0	0.0	[9.0..9.0]	[1.0..1.0]	[0.932..0.932]	[12136.038..12136.038]	[0.861..0.876]	[0.0..0.0]	[0.932..0.932]	[12136.038..12136.038]	[0.859..0.876]	[0.0..0.0]	0.85263914	[10347.661..10347.661]
Group-1	PS 38:6:0	279.23	240116_PS_FTMSMS-_3.mzXML	35.0	16456.1	0.0	0.0	[9.0..9.0]	[1.0..1.0]	[0.962..0.962]	[15830.768..15830.768]	[0.882..0.905]	[0.0..0.0]	[0.962..0.962]	[15830.768..15830.768]	[0.883..0.906]	[0.0..0.0]	0.85263914	[13497.932..13497.932]
Group-1	PS 38:6:0	303.23	240116_PS_FTMSMS-_3.mzXML	25.0	1153.9	0.0	0.0	[5.0..8.0]	[0.0..0.0]	[0.972..0.996]	[1121.591..1149.284]	[0.179..0.183]	[1.0..1.0]	[1.0..1.062]	[1153.9..1225.4419]	[0.183..0.193]	[1.0..1.0]	0.85263914	[956.31226..979.9249]
Group-1	PS 38:6:0	303.23	240116_PS_FTMSMS-_3.mzXML	30.0	1479.4	0.0	0.0	[5.0..8.0]	[0.0..0.0]	[1.162..1.328]	[1719.063..1964.643]	[0.124..0.139]	[1.0..1.0]	[1.159..1.348]	[1714.6246..1994.2313]	[0.124..0.141]	[1.0..1.0]	0.85263914	[1465.7402..1675.1317]
Group-1	PS 38:6:0	303.23	240116_PS_FTMSMS-_3.mzXML	35.0	1111.5	0.0	0.0	[5.0..8.0]	[0.0..0.0]	[1.492..1.914]	[1658.358..2127.411]	[0.095..0.118]	[1.0..1.0]	[1.474..1.894]	[1638.351..2105.1812]	[0.094..0.117]	[1.0..1.0]	0.85263914	[1413.9808..1813.9138]
Group-1	PS 38:6:0	327.23	240116_PS_FTMSMS-_3.mzXML	25.0	29415.9	5978.5	0.20324042	[4.0..4.0]	[0.0..0.9]	[1.341..1.508]	[39446.723..44359.18]	[0.242..0.264]	[1.0..1.0]	[1.508..1.508]	[44359.18..44359.18]	[0.264..0.264]	[1.0..1.0]	0.85263914	[33633.82..37822.37]
Group-1	PS 38:6:0	327.23	240116_PS_FTMSMS-_3.mzXML	30.0	25734.9	10178.1	0.39549792	[4.0..4.0]	[0.9..0.9]	[2.627..2.627]	[67605.586..67605.586]	[0.236..0.236]	[1.0..1.0]	[2.627..2.627]	[67605.586..67605.586]	[0.236..0.236]	[1.0..1.0]	0.85263914	[57643.17..57643.17]
Group-1	PS 38:6:0	327.23	240116_PS_FTMSMS-_3.mzXML	35.0	12089.4	6983.6	0.57766306	[4.0..4.0]	[0.0..0.0]	[5.498..5.498]	[66467.52..66467.52]	[0.204..0.204]	[1.0..1.0]	[5.498..5.498]	[66467.52..66467.52]	[0.204..0.204]	[1.0..1.0]	0.85263914	[56672.812..56672.812]
Group-1	PS 39:1:0	253.22	240116_PS_FTMSMS-_3.mzXML	25.0	0.0	0.0	0.0	[9.0..9.0]	[0.0..1.0]	[0.867..0.927]	[0.0..0.0]	[0.5..0.5]	[0.5..1.0]	[0.897..0.927]	[0.0..0.0]	[0.5..0.5]	[0.5..1.0]	0.8313721	[0.0..0.0]
Group-1	PS 39:1:0	253.22	240116_PS_FTMSMS-_3.mzXML	30.0	0.0	0.0	0.0	[9.0..9.0]	[0.0..1.0]	[0.913..0.929]	[0.0..0.0]	[0.5..0.5]	[0.5..1.0]	[0.921..0.929]	[0.0..0.0]	[0.5..0.5]	[0.5..1.0]	0.8313721	[0.0..0.0]
Group-1	PS 39:1:0	253.22	240116_PS_FTMSMS-_3.mzXML	35.0	0.0	0.0	0.0	[9.0..9.0]	[0.0..1.0]	[0.93..0.939]	[0.0..0.0]	[0.0..0.0]	[0.5..1.0]	[0.935..0.939]	[0.0..0.0]	[0.0..0.0]	[0.5..1.0]	0.8313721	[0.0..0.0]
Group-1	PS 39:1:0	267.23	240116_PS_FTMSMS-_3.mzXML	25.0	0.0	0.0	0.0	[9.0..9.0]	[0.0..1.0]	[0.877..0.933]	[0.0..0.0]	[0.0..0.0]	[1.0..1.0]	[0.933..0.933]	[0.0..0.0]	[0.0..0.0]	[1.0..1.0]	0.8313721	[0.0..0.0]
Group-1	PS 39:1:0	267.23	240116_PS_FTMSMS-_3.mzXML	30.0	0.0	0.0	0.0	[9.0..9.0]	[0.0..1.0]	[0.916..0.927]	[0.0..0.0]	[0.0..0.0]	[1.0..1.0]	[0.927..0.927]	[0.0..0.0]	[0.0..0.0]	[1.0..1.0]	0.8313721	[0.0..0.0]
Group-1	PS 39:1:0	267.23	240116_PS_FTMSMS-_3.mzXML	35.0	0.0	0.0	0.0	[9.0..9.0]	[0.0..1.0]	[0.923..0.938]	[0.0..0.0]	[0.0..0.0]	[1.0..1.0]	[0.938..0.938]	[0.0..0.0]	[0.0..0.0]	[1.0..1.0]	0.8313721	[0.0..0.0]
Group-1	PS 39:1:0	281.25	240116_PS_FTMSMS-_3.mzXML	25.0	120248.0	0.0	0.0	[9.0..9.0]	[0.0..1.0]	[0.888..0.94]	[106780.23..113033.12]	[0.651..0.66]	[0.14..0.42]	[0.895..0.91]	[107621.96..109425.68]	[0.651..0.653]	[0.141..0.425]	0.8313721	[88774.09..93972.58]
Group-1	PS 39:1:0	281.25	240116_PS_FTMSMS-_3.mzXML	30.0	178271.5	0.0	0.0	[9.0..9.0]	[0.0..1.0]	[0.919..0.925]	[163831.52..164901.14]	[0.571..0.571]	[0.14..0.42]	[0.92..0.922]	[164009.78..164366.33]	[0.57..0.57]	[0.141..0.425]	0.8313721	[136204.95..137094.2]
Group-1	PS 39:1:0	281.25	240116_PS_FTMSMS-_3.mzXML	35.0	183462.6	0.0	0.0	[9.0..9.0]	[0.0..1.0]	[0.916..0.936]	[168051.73..171720.98]	[0.529..0.533]	[0.14..0.42]	[0.919..0.924]	[168602.12..169519.44]	[0.529..0.53]	[0.141..0.425]	0.8313721	[139713.52..142764.03]
Group-1	PS 39:1:0	283.26	240116_PS_FTMSMS-_3.mzXML	25.0	89004.4	0.0	0.0	[0.0..0.0]	[1.0..1.0]	[0.998..0.998]	[88826.39..88826.39]	[0.874..0.874]	[0.0..0.0]	[0.998..0.998]	[88826.39..88826.39]	[0.874..0.874]	[0.0..0.0]	0.8313721	[73847.78..73847.78]
Group-1	PS 39:1:0	283.26	240116_PS_FTMSMS-_3.mzXML	30.0	175056.8	0.0	0.0	[0.0..0.0]	[0.8..0.8]	[0.973..0.973]	[170330.27..170330.27]	[0.876..0.876]	[0.0..0.0]	[0.973..0.973]	[170330.27..170330.27]	[0.876..0.876]	[0.0..0.0]	0.8313721	[141607.81..141607.81]
Group-1	PS 39:1:0	283.26	240116_PS_FTMSMS-_3.mzXML	35.0	200969.0	0.0	0.0	[0.0..0.0]	[0.8..1.0]	[0.961..0.962]	[193131.22..193332.19]	[0.88..0.881]	[0.0..0.0]	[0.961..0.961]	[193131.22..193131.22]	[0.88..0.88]	[0.0..0.0]	0.8313721	[160563.9..160730.98]
Group-1	PS 39:1:0	295.26	240116_PS_FTMSMS-_3.mzXML	25.0	0.0	0.0	0.0	[9.0..9.0]	[0.0..1.0]	[0.899..0.947]	[0.0..0.0]	[0.5..0.5]	[0.5..1.0]	[0.923..0.947]	[0.0..0.0]	[0.5..0.5]	[0.5..1.0]	0.8313721	[0.0..0.0]
Group-1	PS 39:1:0	295.26	240116_PS_FTMSMS-_3.mzXML	30.0	0.0	0.0	0.0	[9.0..9.0]	[0.0..1.0]	[0.921..0.923]	[0.0..0.0]	[0.0..0.0]	[0.5..1.0]	[0.922..0.923]	[0.0..0.0]	[0.0..0.0]	[0.5..1.0]	0.8313721	[0.0..0.0]
Group-1	PS 39:1:0	295.26	240116_PS_FTMSMS-_3.mzXML	35.0	0.0	0.0	0.0	[9.0..9.0]	[0.0..1.0]	[0.91..0.933]	[0.0..0.0]	[0.0..0.0]	[0.5..1.0]	[0.922..0.933]	[0.0..0.0]	[0.0..0.0]	[0.5..1.0]	0.8313721	[0.0..0.0]
Group-1	PS 39:1:0	297.28	240116_PS_FTMSMS-_3.mzXML	25.0	10235.3	0.0	0.0	[0.0..0.0]	[1.0..1.0]	[1.003..1.003]	[10266.006..10266.006]	[0.622..0.622]	[0.21..0.27]	[1.003..1.003]	[10266.006..10266.006]	[0.622..0.622]	[0.21..0.269]	0.8313721	[8534.871..8534.871]
Group-1	PS 39:1:0	297.28	240116_PS_FTMSMS-_3.mzXML	30.0	19127.2	0.0	0.0	[0.0..0.0]	[1.0..1.0]	[0.967..0.967]	[18496.002..18496.002]	[0.6..0.6]	[0.21..0.27]	[0.967..0.967]	[18496.002..18496.002]	[0.6..0.6]	[0.21..0.269]	0.8313721	[15377.06..15377.06]
Group-1	PS 39:1:0	297.28	240116_PS_FTMSMS-_3.mzXML	35.0	23872.9	0.0	0.0	[0.0..0.0]	[1.0..1.0]	[0.947..0.947]	[22607.637..22607.637]	[0.606..0.606]	[0.21..0.27]	[0.947..0.947]	[22607.637..22607.637]	[0.606..0.606]	[0.21..0.269]	0.8313721	[18795.36..18795.36]
Group-1	PS 39:1:0	309.28	240116_PS_FTMSMS-_3.mzXML	25.0	6797.7	0.0	0.0	[11.0..11.0]	[0.0..0.0]	[0.919..0.919]	[6247.087..6247.087]	[0.378..0.378]	[0.73..0.79]	[0.919..0.919]	[6247.087..6247.087]	[0.378..0.378]	[0.731..0.79]	0.8313721	[5193.6533..5193.6533]
Group-1	PS 39:1:0	309.28	240116_PS_FTMSMS-_3.mzXML	30.0	13227.2	0.0	0.0	[11.0..11.0]	[0.0..0.0]	[0.932..0.932]	[12327.75..12327.75]	[0.4..0.4]	[0.73..0.79]	[0.932..0.932]	[12327.75..12327.75]	[0.4..0.4]	[0.731..0.79]	0.8313721	[10248.947..10248.947]
Group-1	PS 39:1:0	309.28	240116_PS_FTMSMS-_3.mzXML	35.0	15745.3	0.0	0.0	[11.0..11.0]	[0.0..0.0]	[0.932..0.932]	[14674.619..14674.619]	[0.394..0.394]	[0.73..0.79]	[0.932..0.932]	[14674.619..14674.619]	[0.394..0.394]	[0.731..0.79]	0.8313721	[12200.069..12200.069]
Group-1	PS 39:1:0	311.29	240116_PS_FTMSMS-_3.mzXML	25.0	0.0	0.0	0.0	[0.0..0.0]	[0.0..1.0]	[0.993..1.011]	[0.0..0.0]	[0.0..0.0]	[0.0..1.0]	[0.993..1.011]	[0.0..0.0]	[0.0..0.0]	[0.0..1.0]	0.8313721	[0.0..0.0]
Group-1	PS 39:1:0	311.29	240116_PS_FTMSMS-_3.mzXML	30.0	2855.0	0.0	0.0	[0.0..0.0]	[0.0..1.0]	[0.954..0.962]	[2723.67..2746.51]	[1.0..1.0]	[0.0..1.0]	[0.954..0.962]	[2723.67..2746.51]	[1.0..1.0]	[0.0..1.0]	0.8313721	[2264.3833..2283.3718]
Group-1	PS 39:1:0	311.29	240116_PS_FTMSMS-_3.mzXML	35.0	4295.7	0.0	0.0	[0.0..0.0]	[0.0..1.0]	[0.934..0.936]	[4012.184..4020.776]	[1.0..1.0]	[0.0..1.0]	[0.934..0.936]	[4012.184..4020.7754]	[1.0..1.0]	[0.0..1.0]	0.8313721	[3335.6177..3342.7603]
Group-1	PS 39:1:0	323.3	240116_PS_FTMSMS-_3.mzXML	25.0	13738.3	0.0	0.0	[11.0..11.0]	[0.0..0.0]	[0.934..0.934]	[12831.572..12831.572]	[0.126..0.126]	[1.0..1.0]	[0.934..0.934]	[12831.572..12831.572]	[0.126..0.126]	[1.0..1.0]	0.8313721	[10667.811..10667.811]
Group-1	PS 39:1:0	323.3	240116_PS_FTMSMS-_3.mzXML	30.0	25847.7	0.0	0.0	[11.0..11.0]	[0.2..0.2]	[0.936..0.936]	[24193.445..24193.445]	[0.124..0.124]	[1.0..1.0]	[0.936..0.936]	[24193.445..24193.445]	[0.124..0.124]	[1.0..1.0]	0.8313721	[20113.756..20113.756]
Group-1	PS 39:1:0	323.3	240116_PS_FTMSMS-_3.mzXML	35.0	28306.8	0.0	0.0	[11.0..11.0]	[0.0..0.2]	[0.925..0.931]	[26183.793..26353.63]	[0.119..0.12]	[1.0..1.0]	[0.931..0.931]	[26353.63..26353.63]	[0.12..0.12]	[1.0..1.0]	0.8313721	[21768.473..21909.674]
Group-1	PS 39:1:0	325.31	240116_PS_FTMSMS-_3.mzXML	25.0	56957.1	0.0	0.0	[0.0..0.0]	[0.0..1.0]	[1.004..1.023]	[57184.926..58267.113]	[0.34..0.349]	[0.58..0.86]	[1.015..1.02]	[57811.457..58096.242]	[0.347..0.349]	[0.575..0.859]	0.8313721	[47541.95..48441.652]
Group-1	PS 39:1:0	325.31	240116_PS_FTMSMS-_3.mzXML	30.0	128911.4	0.0	0.0	[0.0..0.0]	[0.0..1.0]	[0.954..0.961]	[122981.48..123883.86]	[0.429..0.429]	[0.58..0.86]	[0.958..0.96]	[123497.12..123754.94]	[0.43..0.43]	[0.575..0.859]	0.8313721	[102243.36..102993.58]
Group-1	PS 39:1:0	325.31	240116_PS_FTMSMS-_3.mzXML	35.0	162031.1	0.0	0.0	[0.0..0.0]	[0.0..1.0]	[0.924..0.929]	[149716.73..150526.89]	[0.467..0.471]	[0.58..0.86]	[0.927..0.928]	[150202.83..150364.84]	[0.47..0.471]	[0.575..0.859]	0.8313721	[124470.31..125143.85]
Group-1	PS 39:1:0	339.32	240116_PS_FTMSMS-_3.mzXML	25.0	1531.5	0.0	0.0	[0.0..0.0]	[0.0..1.0]	[1.021..1.04]	[1563.662..1592.76]	[1.0..1.0]	[0.0..0.0]	[1.021..1.021]	[1563.6615..1563.6615]	[1.0..1.0]	[0.0..0.0]	0.8313721	[1299.9845..1324.1761]
Group-1	PS 39:1:0	339.32	240116_PS_FTMSMS-_3.mzXML	30.0	3431.5	0.0	0.0	[0.0..0.0]	[0.0..1.0]	[0.959..0.962]	[3290.808..3301.103]	[1.0..1.0]	[0.0..0.0]	[0.959..0.959]	[3290.8083..3290.8083]	[1.0..1.0]	[0.0..0.0]	0.8313721	[2735.8862..2744.4448]
Group-1	PS 39:1:0	339.32	240116_PS_FTMSMS-_3.mzXML	35.0	3783.7	0.0	0.0	[0.0..0.0]	[0.0..1.0]	[0.917..0.925]	[3469.653..3499.923]	[1.0..1.0]	[0.0..0.0]	[0.917..0.917]	[3469.6528..3469.6528]	[1.0..1.0]	[0.0..0.0]	0.8313721	[2884.5725..2909.738]
Group-1	PS 39:1:0	353.34	240116_PS_FTMSMS-_3.mzXML	25.0	0.0	0.0	0.0	[0.0..0.0]	[0.0..1.0]	[1.044..1.06]	[0.0..0.0]	[0.0..0.0]	[0.0..1.0]	[1.044..1.06]	[0.0..0.0]	[0.0..0.0]	[0.0..1.0]	0.8313721	[0.0..0.0]
Group-1	PS 39:1:0	353.34	240116_PS_FTMSMS-_3.mzXML	30.0	0.0	0.0	0.0	[0.0..0.0]	[0.0..1.0]	[0.967..0.968]	[0.0..0.0]	[0.0..0.0]	[0.0..1.0]	[0.967..0.968]	[0.0..0.0]	[0.0..0.0]	[0.0..1.0]	0.8313721	[0.0..0.0]
Group-1	PS 39:1:0	353.34	240116_PS_FTMSMS-_3.mzXML	35.0	2151.1	0.0	0.0	[0.0..0.0]	[0.0..1.0]	[0.912..0.924]	[1961.803..1987.617]	[1.0..1.0]	[0.0..1.0]	[0.912..0.924]	[1961.8033..1987.6166]	[1.0..1.0]	[0.0..1.0]	0.8313721	[1630.9885..1652.449]
Group-1	PS 39:3:0	283.26	240116_PS_FTMSMS-_3.mzXML	25.0	961917.8	0.0	0.0	[0.0..0.0]	[1.0..1.0]	[0.998..0.998]	[959994.0..959994.0]	[0.979..0.98]	[0.0..0.0]	[0.998..0.998]	[959994.0..959994.0]	[0.978..0.979]	[0.0..0.0]	0.8348496	[801450.6..801450.6]
Group-1	PS 39:3:0	283.26	240116_PS_FTMSMS-_3.mzXML	30.0	2709556.8	0.0	0.0	[0.0..0.0]	[1.0..1.0]	[0.975..0.975]	[2641818.0..2641818.0]	[0.985..0.986]	[0.0..0.0]	[0.975..0.975]	[2641818.0..2641818.0]	[0.985..0.987]	[0.0..0.0]	0.8348496	[2205520.5..2205520.5]
Group-1	PS 39:3:0	283.26	240116_PS_FTMSMS-_3.mzXML	35.0	3411204.0	0.0	0.0	[0.0..0.0]	[1.0..1.0]	[0.962..0.962]	[3281578.2..3281578.2]	[0.986..0.988]	[0.0..0.0]	[0.962..0.962]	[3281578.2..3281578.2]	[0.986..0.989]	[0.0..0.0]	0.8348496	[2739624.2..2739624.2]
Group-1	PS 39:3:0	319.26	240116_PS_FTMSMS-_3.mzXML	25.0	22425.6	0.0	0.0	[5.0..11.0]	[0.0..0.0]	[0.886..0.923]	[19869.08..20698.828]	[0.02..0.021]	[1.0..1.0]	[0.921..0.955]	[20653.977..21416.447]	[0.021..0.022]	[1.0..1.0]	0.8348496	[16587.693..17280.408]
Group-1	PS 39:3:0	319.26	240116_PS_FTMSMS-_3.mzXML	30.0	38151.4	0.0	0.0	[5.0..11.0]	[0.0..0.0]	[0.951..1.024]	[36281.98..39067.035]	[0.014..0.015]	[1.0..1.0]	[0.944..1.024]	[36014.92..39067.035]	[0.013..0.015]	[1.0..1.0]	0.8348496	[30289.996..32615.098]
Group-1	PS 39:3:0	319.26	240116_PS_FTMSMS-_3.mzXML	35.0	37719.2	0.0	0.0	[5.0..11.0]	[0.0..0.0]	[1.016..1.245]	[38322.707..46960.402]	[0.012..0.014]	[1.0..1.0]	[0.989..1.228]	[37304.29..46319.18]	[0.011..0.014]	[1.0..1.0]	0.8348496	[31993.695..39204.87]
Group-1	PS 39:4:0	269.25	240116_PS_FTMSMS-_3.mzXML	25.0	19679.0	0.0	0.0	[0.0..0.0]	[1.0..1.0]	[0.997..0.997]	[19619.963..19619.963]	[0.718..0.719]	[0.0..0.0]	[0.997..0.997]	[19619.963..19619.963]	[0.71..0.715]	[0.0..0.0]	0.83659583	[16413.979..16413.979]
Group-1	PS 39:4:0	269.25	240116_PS_FTMSMS-_3.mzXML	30.0	42585.3	0.0	0.0	[0.0..0.0]	[1.0..1.0]	[0.986..0.986]	[41989.105..41989.105]	[0.727..0.746]	[0.0..0.0]	[0.986..0.986]	[41989.105..41989.105]	[0.726..0.747]	[0.0..0.0]	0.83659583	[35127.91..35127.91]
Group-1	PS 39:4:0	269.25	240116_PS_FTMSMS-_3.mzXML	35.0	51818.1	0.0	0.0	[0.0..0.0]	[1.0..1.0]	[0.979..0.979]	[50729.92..50729.92]	[0.719..0.758]	[0.0..0.0]	[0.979..0.979]	[50729.92..50729.92]	[0.721..0.759]	[0.0..0.0]	0.83659583	[42440.44..42440.44]
Group-1	PS 39:4:0	281.25	240116_PS_FTMSMS-_3.mzXML	25.0	210155.6	0.0	0.0	[9.0..9.0]	[1.0..1.0]	[0.94..0.94]	[197546.25..197546.25]	[0.981..0.981]	[0.0..0.0]	[0.94..0.94]	[197546.25..197546.25]	[0.98..0.981]	[0.0..0.0]	0.83659583	[165266.38..165266.38]
Group-1	PS 39:4:0	281.25	240116_PS_FTMSMS-_3.mzXML	30.0	484303.9	0.0	0.0	[9.0..9.0]	[1.0..1.0]	[0.925..0.925]	[447981.12..447981.12]	[0.986..0.987]	[0.0..0.0]	[0.925..0.925]	[447981.12..447981.12]	[0.986..0.987]	[0.0..0.0]	0.83659583	[374779.12..374779.12]
Group-1	PS 39:4:0	281.25	240116_PS_FTMSMS-_3.mzXML	35.0	584802.2	0.0	0.0	[9.0..9.0]	[1.0..1.0]	[0.916..0.916]	[535678.8..535678.8]	[0.985..0.988]	[0.0..0.0]	[0.916..0.916]	[535678.8..535678.8]	[0.986..0.988]	[0.0..0.0]	0.83659583	[448146.66..448146.66]
Group-1	PS 39:4:0	283.26	240116_PS_FTMSMS-_3.mzXML	25.0	40471.3	0.0	0.0	[0.0..0.0]	[1.0..1.0]	[0.998..0.998]	[40390.36..40390.36]	[1.0..1.0]	[0.0..0.0]	[0.998..0.998]	[40390.36..40390.36]	[1.0..1.0]	[0.0..0.0]	0.83659583	[33790.406..33790.406]
Group-1	PS 39:4:0	283.26	240116_PS_FTMSMS-_3.mzXML	30.0	91713.6	0.0	0.0	[0.0..0.0]	[1.0..1.0]	[0.975..0.975]	[89420.766..89420.766]	[1.0..1.0]	[0.0..0.0]	[0.975..0.975]	[89420.766..89420.766]	[1.0..1.0]	[0.0..0.0]	0.83659583	[74809.04..74809.04]
Group-1	PS 39:4:0	283.26	240116_PS_FTMSMS-_3.mzXML	35.0	115897.4	0.0	0.0	[0.0..0.0]	[1.0..1.0]	[0.962..0.962]	[111493.3..111493.3]	[0.971..0.977]	[0.0..0.0]	[0.962..0.962]	[111493.3..111493.3]	[0.971..0.977]	[0.0..0.0]	0.83659583	[93274.83..93274.83]
Group-1	PS 39:4:0	297.28	240116_PS_FTMSMS-_3.mzXML	25.0	8668.9	0.0	0.0	[0.0..0.0]	[1.0..1.0]	[1.003..1.003]	[8694.907..8694.907]	[0.587..0.593]	[0.08..0.28]	[1.003..1.003]	[8694.907..8694.907]	[0.5..0.538]	[0.077..0.279]	0.83659583	[7274.123..7274.123]
Group-1	PS 39:4:0	297.28	240116_PS_FTMSMS-_3.mzXML	30.0	22675.6	0.0	0.0	[0.0..0.0]	[1.0..1.0]	[0.967..0.967]	[21927.305..21927.305]	[0.652..0.681]	[0.08..0.28]	[0.967..0.967]	[21927.305..21927.305]	[0.634..0.643]	[0.077..0.279]	0.83659583	[18344.293..18344.293]
Group-1	PS 39:4:0	297.28	240116_PS_FTMSMS-_3.mzXML	35.0	30227.7	0.0	0.0	[0.0..0.0]	[1.0..1.0]	[0.947..0.947]	[28625.633..28625.633]	[0.685..0.736]	[0.08..0.28]	[0.947..0.947]	[28625.633..28625.633]	[0.681..0.724]	[0.077..0.279]	0.83659583	[23948.084..23948.084]
Group-1	PS 39:4:0	303.23	240116_PS_FTMSMS-_3.mzXML	25.0	6149.2	0.0	0.0	[5.0..8.0]	[0.0..0.0]	[0.972..0.996]	[5977.023..6124.604]	[0.407..0.413]	[0.72..0.92]	[1.213..1.413]	[7458.98..8688.819]	[0.462..0.5]	[0.721..0.923]	0.83659583	[5000.352..5123.8174]
Group-1	PS 39:4:0	303.23	240116_PS_FTMSMS-_3.mzXML	30.0	8824.5	0.0	0.0	[5.0..8.0]	[0.0..0.0]	[1.162..1.328]	[10254.068..11718.936]	[0.319..0.348]	[0.72..0.92]	[1.377..1.436]	[12151.336..12671.981]	[0.357..0.366]	[0.721..0.923]	0.83659583	[8578.511..9804.013]
Group-1	PS 39:4:0	303.23	240116_PS_FTMSMS-_3.mzXML	35.0	6893.0	0.0	0.0	[5.0..8.0]	[0.0..0.0]	[1.492..1.914]	[10284.355..13193.202]	[0.264..0.315]	[0.72..0.92]	[1.582..1.943]	[10904.727..13393.099]	[0.276..0.319]	[0.721..0.923]	0.83659583	[8603.85..11037.378]
Group-1	PS 39:4:0	317.25	240116_PS_FTMSMS-_3.mzXML	25.0	0.0	0.0	0.0	[5.0..8.0]	[0.0..0.0]	[0.948..0.96]	[0.0..0.0]	[0.0..0.0]	[1.0..1.0]	[0.977..1.018]	[0.0..0.0]	[0.0..0.0]	[1.0..1.0]	0.83659583	[0.0..0.0]
Group-1	PS 39:4:0	317.25	240116_PS_FTMSMS-_3.mzXML	30.0	0.0	0.0	0.0	[5.0..8.0]	[0.0..0.0]	[1.114..1.251]	[0.0..0.0]	[0.0..0.0]	[1.0..1.0]	[1.115..1.268]	[0.0..0.0]	[0.0..0.0]	[1.0..1.0]	0.83659583	[0.0..0.0]
Group-1	PS 39:4:0	317.25	240116_PS_FTMSMS-_3.mzXML	35.0	1877.4	0.0	0.0	[5.0..8.0]	[0.0..0.0]	[1.414..1.768]	[2654.644..3319.243]	[0.023..0.029]	[1.0..1.0]	[1.403..1.754]	[2633.9922..3292.9595]	[0.023..0.029]	[1.0..1.0]	0.83659583	[2220.8638..2776.865]
Group-1	PS 39:4:0	319.26	240116_PS_FTMSMS-_3.mzXML	25.0	4239.9	0.0	0.0	[5.0..11.0]	[0.0..0.0]	[0.886..0.923]	[3756.551..3913.428]	[0.019..0.019]	[1.0..1.0]	[0.921..0.955]	[3904.9478..4049.1042]	[0.019..0.02]	[1.0..1.0]	0.83659583	[3142.715..3273.957]
Group-1	PS 39:4:0	319.26	240116_PS_FTMSMS-_3.mzXML	30.0	6302.1	0.0	0.0	[5.0..11.0]	[0.0..0.0]	[0.951..1.024]	[5993.297..6453.351]	[0.013..0.014]	[1.0..1.0]	[0.944..1.024]	[5949.1826..6453.3506]	[0.013..0.014]	[1.0..1.0]	0.83659583	[5013.9673..5398.846]
Group-1	PS 39:4:0	319.26	240116_PS_FTMSMS-_3.mzXML	35.0	6391.5	0.0	0.0	[5.0..11.0]	[0.0..0.0]	[1.016..1.245]	[6493.764..7957.418]	[0.012..0.015]	[1.0..1.0]	[0.989..1.228]	[6321.194..7848.762]	[0.012..0.014]	[1.0..1.0]	0.83659583	[5432.656..6657.142]
Group-1	PS 39:4:0	331.26	240116_PS_FTMSMS-_3.mzXML	25.0	8326.0	0.0	0.0	[7.0..10.0]	[0.0..0.0]	[0.923..0.927]	[7684.898..7718.202]	[0.281..0.282]	[1.0..1.0]	[0.939..0.961]	[7818.1143..8001.286]	[0.285..0.29]	[1.0..1.0]	0.83659583	[6429.154..6457.0156]
Group-1	PS 39:4:0	331.26	240116_PS_FTMSMS-_3.mzXML	30.0	14249.2	0.0	0.0	[7.0..10.0]	[0.0..0.0]	[1.002..1.107]	[14277.698..15773.864]	[0.254..0.273]	[1.0..1.0]	[1.0..1.111]	[14249.2..15830.86]	[0.253..0.274]	[1.0..1.0]	0.83659583	[11944.663..13196.349]
Group-1	PS 39:4:0	331.26	240116_PS_FTMSMS-_3.mzXML	35.0	13773.3	0.0	0.0	[7.0..10.0]	[0.0..0.0]	[1.176..1.436]	[16197.4..19778.457]	[0.242..0.281]	[1.0..1.0]	[1.172..1.426]	[16142.308..19640.725]	[0.241..0.279]	[1.0..1.0]	0.83659583	[13550.678..16546.576]
Group-1	PS 39:5:0	267.23	240116_PS_FTMSMS-_3.mzXML	25.0	629.6	0.0	0.0	[9.0..9.0]	[1.0..1.0]	[0.933..0.933]	[587.417..587.417]	[0.455..0.456]	[0.5..0.68]	[0.933..0.933]	[587.4168..587.4168]	[0.349..0.363]	[0.505..0.678]	0.8383587	[492.466..492.466]
Group-1	PS 39:5:0	267.23	240116_PS_FTMSMS-_3.mzXML	30.0	1277.1	0.0	0.0	[9.0..9.0]	[1.0..1.0]	[0.927..0.927]	[1183.872..1183.872]	[0.498..0.523]	[0.5..0.68]	[0.927..0.927]	[1183.8717..1183.8717]	[0.446..0.477]	[0.505..0.678]	0.8383587	[992.5091..992.5091]
Group-1	PS 39:5:0	267.23	240116_PS_FTMSMS-_3.mzXML	35.0	1251.9	0.0	0.0	[9.0..9.0]	[1.0..1.0]	[0.923..0.923]	[1155.504..1155.504]	[0.374..0.422]	[0.5..0.68]	[0.923..0.923]	[1155.5037..1155.5037]	[0.356..0.405]	[0.505..0.678]	0.8383587	[968.72656..968.72656]
Group-1	PS 39:5:0	269.25	240116_PS_FTMSMS-_3.mzXML	25.0	13752.0	0.0	0.0	[0.0..0.0]	[0.0..1.0]	[0.99..0.997]	[13614.48..13710.744]	[0.72..0.743]	[0.0..0.0]	[0.99..0.99]	[13614.48..13614.48]	[0.719..0.731]	[0.0..0.0]	0.8383587	[11413.817..11494.5205]
Group-1	PS 39:5:0	269.25	240116_PS_FTMSMS-_3.mzXML	30.0	26145.4	0.0	0.0	[0.0..0.0]	[0.0..1.0]	[0.981..0.986]	[25648.639..25779.365]	[0.742..0.767]	[0.0..0.0]	[0.981..0.981]	[25648.639..25648.639]	[0.742..0.763]	[0.0..0.0]	0.8383587	[21502.76..21612.355]
Group-1	PS 39:5:0	269.25	240116_PS_FTMSMS-_3.mzXML	35.0	29746.2	0.0	0.0	[0.0..0.0]	[1.0..1.0]	[0.979..0.979]	[29121.527..29121.527]	[0.787..0.815]	[0.0..0.0]	[0.979..0.979]	[29121.527..29121.527]	[0.788..0.815]	[0.0..0.0]	0.8383587	[24414.285..24414.285]
Group-1	PS 39:5:0	295.26	240116_PS_FTMSMS-_3.mzXML	25.0	4726.1	0.0	0.0	[9.0..9.0]	[1.0..1.0]	[0.947..0.947]	[4475.617..4475.617]	[0.83..0.833]	[0.0..0.0]	[0.947..0.947]	[4475.6167..4475.6167]	[0.821..0.829]	[0.0..0.0]	0.8383587	[3752.1724..3752.1724]
Group-1	PS 39:5:0	295.26	240116_PS_FTMSMS-_3.mzXML	30.0	13087.8	0.0	0.0	[9.0..9.0]	[1.0..1.0]	[0.923..0.923]	[12080.039..12080.039]	[0.866..0.881]	[0.0..0.0]	[0.923..0.923]	[12080.039..12080.039]	[0.864..0.881]	[0.0..0.0]	0.8383587	[10127.405..10127.405]
Group-1	PS 39:5:0	295.26	240116_PS_FTMSMS-_3.mzXML	35.0	17025.5	0.0	0.0	[9.0..9.0]	[1.0..1.0]	[0.91..0.91]	[15493.205..15493.205]	[0.889..0.911]	[0.0..0.0]	[0.91..0.91]	[15493.205..15493.205]	[0.89..0.912]	[0.0..0.0]	0.8383587	[12988.863..12988.863]
Group-1	PS 39:5:0	303.23	240116_PS_FTMSMS-_3.mzXML	25.0	921.0	0.0	0.0	[5.0..8.0]	[0.0..0.0]	[0.972..0.996]	[895.212..917.316]	[0.167..0.17]	[1.0..1.0]	[1.0..1.062]	[921.0..978.10205]	[0.171..0.179]	[1.0..1.0]	0.8383587	[750.5088..769.03986]
Group-1	PS 39:5:0	303.23	240116_PS_FTMSMS-_3.mzXML	30.0	1406.4	0.0	0.0	[5.0..8.0]	[0.0..0.0]	[1.162..1.328]	[1634.237..1867.699]	[0.119..0.134]	[1.0..1.0]	[1.159..1.348]	[1630.0177..1895.8273]	[0.119..0.136]	[1.0..1.0]	0.8383587	[1370.0767..1565.8019]
Group-1	PS 39:5:0	303.23	240116_PS_FTMSMS-_3.mzXML	35.0	1012.2	0.0	0.0	[5.0..8.0]	[0.0..0.0]	[1.492..1.914]	[1510.202..1937.351]	[0.089..0.111]	[1.0..1.0]	[1.474..1.894]	[1491.9828..1917.1069]	[0.088..0.11]	[1.0..1.0]	0.8383587	[1266.0913..1624.195]
Group-1	PS 39:5:0	329.25	240116_PS_FTMSMS-_3.mzXML	25.0	4516.5	333.0	0.07372966	[5.5..5.6]	[0.0..1.0]	[1.045..1.179]	[4719.742..5324.954]	[0.257..0.28]	[1.0..1.0]	[1.111..1.179]	[5017.831..5324.9536]	[0.269..0.281]	[1.0..1.0]	0.8383587	[3956.837..4464.221]
Group-1	PS 39:5:0	329.25	240116_PS_FTMSMS-_3.mzXML	30.0	5222.4	816.6	0.15636489	[4.6..4.7]	[0.0..1.0]	[1.49..1.712]	[7781.376..8940.749]	[0.233..0.258]	[1.0..1.0]	[1.528..1.712]	[7979.827..8940.749]	[0.237..0.258]	[1.0..1.0]	0.8383587	[6523.5845..7495.5547]
Group-1	PS 39:5:0	329.25	240116_PS_FTMSMS-_3.mzXML	35.0	2717.9	964.6	0.35490638	[4.0..4.0]	[0.0..0.0]	[2.428..2.898]	[6599.061..7876.474]	[0.185..0.213]	[1.0..1.0]	[2.437..2.888]	[6623.522..7849.295]	[0.185..0.212]	[1.0..1.0]	0.8383587	[5532.38..6603.31]
Group-1	PS 39:5:0	331.26	240116_PS_FTMSMS-_3.mzXML	25.0	760.1	0.0	0.0	[7.0..10.0]	[0.0..0.0]	[0.923..0.927]	[701.572..704.613]	[0.544..0.545]	[0.32..0.5]	[1.359..1.441]	[1032.9758..1095.3041]	[0.637..0.651]	[0.322..0.495]	0.8383587	[588.16925..590.7182]
Group-1	PS 39:5:0	331.26	240116_PS_FTMSMS-_3.mzXML	30.0	1078.4	0.0	0.0	[7.0..10.0]	[0.0..0.0]	[1.002..1.107]	[1080.557..1193.789]	[0.477..0.502]	[0.32..0.5]	[1.204..1.364]	[1298.3937..1470.9376]	[0.523..0.554]	[0.322..0.495]	0.8383587	[905.8942..1000.82324]
Group-1	PS 39:5:0	331.26	240116_PS_FTMSMS-_3.mzXML	35.0	1348.5	0.0	0.0	[7.0..10.0]	[0.0..0.0]	[1.176..1.436]	[1585.836..1936.446]	[0.578..0.626]	[0.32..0.5]	[1.26..1.552]	[1699.11..2092.872]	[0.595..0.644]	[0.322..0.495]	0.8383587	[1329.4994..1623.4364]
Group-1	PS 39:6:0	269.25	240116_PS_FTMSMS-_3.mzXML	25.0	19991.6	0.0	0.0	[0.0..0.0]	[0.6..1.0]	[0.994..0.997]	[19871.65..19931.623]	[0.75..0.759]	[0.0..0.0]	[0.994..0.994]	[19871.65..19871.65]	[0.749..0.749]	[0.0..0.0]	0.8401297	[16694.762..16745.148]
Group-1	PS 39:6:0	269.25	240116_PS_FTMSMS-_3.mzXML	30.0	35433.8	0.0	0.0	[0.0..0.0]	[1.0..1.0]	[0.986..0.986]	[34937.727..34937.727]	[0.784..0.784]	[0.0..0.0]	[0.986..0.986]	[34937.727..34937.727]	[0.784..0.784]	[0.0..0.0]	0.8401297	[29352.223..29352.223]
Group-1	PS 39:6:0	269.25	240116_PS_FTMSMS-_3.mzXML	35.0	40796.9	0.0	0.0	[0.0..0.0]	[0.6..0.6]	[0.979..0.979]	[39940.164..39940.164]	[0.786..0.786]	[0.0..0.0]	[0.979..0.979]	[39940.164..39940.164]	[0.786..0.786]	[0.0..0.0]	0.8401297	[33554.914..33554.914]
Group-1	PS 39:6:0	327.23	240116_PS_FTMSMS-_3.mzXML	25.0	4701.7	1173.7	0.24963309	[4.0..4.0]	[0.0..0.4]	[1.341..1.416]	[6304.98..6657.608]	[0.241..0.25]	[1.0..1.0]	[1.416..1.416]	[6657.6074..6657.6074]	[0.251..0.251]	[1.0..1.0]	0.8401297	[5297.0005..5593.2534]
Group-1	PS 39:6:0	327.23	240116_PS_FTMSMS-_3.mzXML	30.0	3871.9	1542.5	0.39838323	[4.0..4.0]	[0.0..0.0]	[2.483..2.483]	[9613.928..9613.928]	[0.216..0.216]	[1.0..1.0]	[2.483..2.483]	[9613.928..9613.928]	[0.216..0.216]	[1.0..1.0]	0.8401297	[8076.946..8076.946]
Group-1	PS 39:6:0	327.23	240116_PS_FTMSMS-_3.mzXML	35.0	1970.5	1098.0	0.55721897	[4.0..4.0]	[0.4..0.4]	[5.512..5.512]	[10861.396..10861.396]	[0.214..0.214]	[1.0..1.0]	[5.512..5.512]	[10861.396..10861.396]	[0.214..0.214]	[1.0..1.0]	0.8401297	[9124.98..9124.98]
Group-1	PS 40:6:0	283.26	240116_PS_FTMSMS-_3.mzXML	25.0	1.2424886E7	0.0	0.0	[0.0..0.0]	[0.19999999..1.0]	[0.988..0.998]	[1.2275787E7..1.2400037E7]	[0.741..0.759]	[0.0..0.0]	[0.988..0.988]	[1.2275787E7..1.2275787E7]	[0.739..0.739]	[0.0..0.0]	0.8280024	[1.0164381E7..1.026726E7]
Group-1	PS 40:6:0	283.26	240116_PS_FTMSMS-_3.mzXML	30.0	2.569385E7	0.0	0.0	[0.0..0.0]	[1.0..1.0]	[0.975..0.975]	[2.5051504E7..2.5051504E7]	[0.785..0.785]	[0.0..0.0]	[0.975..0.975]	[2.5051504E7..2.5051504E7]	[0.785..0.785]	[0.0..0.0]	0.8280024	[2.0742706E7..2.0742706E7]
Group-1	PS 40:6:0	283.26	240116_PS_FTMSMS-_3.mzXML	35.0	2.7041712E7	0.0	0.0	[0.0..0.0]	[0.19999999..0.19999999]	[0.961..0.961]	[2.5987086E7..2.5987086E7]	[0.791..0.791]	[0.0..0.0]	[0.961..0.961]	[2.5987086E7..2.5987086E7]	[0.791..0.791]	[0.0..0.0]	0.8280024	[2.151737E7..2.151737E7]
Group-1	PS 40:6:0	327.23	240116_PS_FTMSMS-_3.mzXML	25.0	2911188.2	525190.7	0.18040423	[4.0..4.0]	[0.0..0.8]	[1.341..1.49]	[3903903.2..4337670.5]	[0.241..0.259]	[1.0..1.0]	[1.49..1.49]	[4337670.5..4337670.5]	[0.261..0.261]	[1.0..1.0]	0.8280024	[3232441.2..3591601.5]
Group-1	PS 40:6:0	327.23	240116_PS_FTMSMS-_3.mzXML	30.0	2769013.0	953525.1	0.34435558	[4.0..4.0]	[0.0..0.0]	[2.483..2.483]	[6875459.5..6875459.5]	[0.215..0.215]	[1.0..1.0]	[2.483..2.483]	[6875459.5..6875459.5]	[0.215..0.215]	[1.0..1.0]	0.8280024	[5692897.0..5692897.0]
Group-1	PS 40:6:0	327.23	240116_PS_FTMSMS-_3.mzXML	35.0	1243707.4	763255.1	0.6136935	[4.0..4.0]	[0.8..0.8]	[5.527..5.527]	[6873970.5..6873970.5]	[0.209..0.209]	[1.0..1.0]	[5.527..5.527]	[6873970.5..6873970.5]	[0.209..0.209]	[1.0..1.0]	0.8280024	[5691664.0..5691664.0]
Group-1	PS 40:7:0	281.25	240116_PS_FTMSMS-_3.mzXML	25.0	222488.8	0.0	0.0	[9.0..9.0]	[0.7..1.0]	[0.924..0.94]	[205579.66..209139.47]	[0.809..0.813]	[0.0..0.0]	[0.924..0.924]	[205579.66..205579.66]	[0.806..0.806]	[0.0..0.0]	0.8297263	[170574.84..173528.52]
Group-1	PS 40:7:0	281.25	240116_PS_FTMSMS-_3.mzXML	30.0	342433.9	0.0	0.0	[9.0..9.0]	[0.7..0.7]	[0.923..0.923]	[316066.5..316066.5]	[0.808..0.808]	[0.0..0.0]	[0.923..0.923]	[316066.5..316066.5]	[0.808..0.808]	[0.0..0.0]	0.8297263	[262248.66..262248.66]
Group-1	PS 40:7:0	281.25	240116_PS_FTMSMS-_3.mzXML	35.0	385712.8	0.0	0.0	[9.0..9.0]	[1.0..1.0]	[0.916..0.916]	[353312.94..353312.94]	[0.847..0.847]	[0.0..0.0]	[0.916..0.916]	[353312.94..353312.94]	[0.847..0.847]	[0.0..0.0]	0.8297263	[293153.03..293153.03]
Group-1	PS 40:7:0	303.23	240116_PS_FTMSMS-_3.mzXML	25.0	40140.1	0.0	0.0	[5.0..8.0]	[1.0..1.0]	[1.0..1.062]	[40140.1..42628.79]	[0.905..0.909]	[0.0..0.0]	[0.972..0.996]	[39016.18..39979.54]	[0.899..0.901]	[0.0..0.0]	0.8297263	[33305.297..35370.227]
Group-1	PS 40:7:0	303.23	240116_PS_FTMSMS-_3.mzXML	30.0	79218.3	0.0	0.0	[5.0..8.0]	[1.0..1.0]	[1.159..1.348]	[91814.01..106786.266]	[0.925..0.929]	[0.0..0.0]	[1.162..1.328]	[92051.66..105201.89]	[0.926..0.927]	[0.0..0.0]	0.8297263	[76180.49..88603.37]
Group-1	PS 40:7:0	303.23	240116_PS_FTMSMS-_3.mzXML	35.0	71305.9	0.0	0.0	[5.0..8.0]	[1.0..1.0]	[1.474..1.894]	[105104.89..135053.38]	[0.919..0.92]	[0.0..0.0]	[1.492..1.914]	[106388.4..136479.48]	[0.921..0.922]	[0.0..0.0]	0.8297263	[87208.3..112057.336]
Group-1	PS 40:7:0	305.25	240116_PS_FTMSMS-_3.mzXML	25.0	4644.6	0.0	0.0	[5.0..11.0]	[0.0..0.0]	[0.905..0.922]	[4203.363..4282.322]	[0.091..0.095]	[1.0..1.0]	[0.945..0.95]	[4389.147..4412.37]	[0.099..0.101]	[1.0..1.0]	0.8297263	[3487.6409..3553.1545]
Group-1	PS 40:7:0	305.25	240116_PS_FTMSMS-_3.mzXML	30.0	7732.9	0.0	0.0	[5.0..11.0]	[0.0..0.0]	[0.956..1.063]	[7392.652..8220.073]	[0.071..0.075]	[1.0..1.0]	[0.946..1.067]	[7315.323..8251.005]	[0.073..0.074]	[1.0..1.0]	0.8297263	[6133.878..6820.41]
Group-1	PS 40:7:0	305.25	240116_PS_FTMSMS-_3.mzXML	35.0	9013.7	0.0	0.0	[5.0..11.0]	[0.0..0.0]	[1.023..1.308]	[9221.016..11789.92]	[0.08..0.081]	[1.0..1.0]	[0.995..1.293]	[8968.632..11654.714]	[0.078..0.079]	[1.0..1.0]	0.8297263	[7650.9185..9782.406]
Group-1	PS 40:7:0	327.23	240116_PS_FTMSMS-_3.mzXML	25.0	35333.3	6496.9	0.1838747	[4.0..4.0]	[0.0..0.3]	[1.341..1.397]	[47381.953..49360.62]	[0.187..0.191]	[1.0..1.0]	[1.397..1.397]	[49360.62..49360.62]	[0.194..0.194]	[1.0..1.0]	0.8297263	[39314.055..40955.805]
Group-1	PS 40:7:0	327.23	240116_PS_FTMSMS-_3.mzXML	30.0	29759.8	11241.5	0.3777411	[4.0..4.0]	[0.3..0.3]	[2.531..2.531]	[75322.055..75322.055]	[0.192..0.192]	[1.0..1.0]	[2.531..2.531]	[75322.055..75322.055]	[0.192..0.192]	[1.0..1.0]	0.8297263	[62496.684..62496.684]
Group-1	PS 40:7:0	327.23	240116_PS_FTMSMS-_3.mzXML	35.0	11587.1	8897.5	0.76787984	[4.0..4.0]	[0.0..0.0]	[5.498..5.498]	[63705.875..63705.875]	[0.153..0.153]	[1.0..1.0]	[5.498..5.498]	[63705.875..63705.875]	[0.153..0.153]	[1.0..1.0]	0.8297263	[52858.438..52858.438]
Group-1	PS 40:8:0	279.23	240116_PS_FTMSMS-_3.mzXML	25.0	3309.6	0.0	0.0	[9.0..9.0]	[1.0..1.0]	[0.927..0.927]	[3067.999..3067.999]	[1.0..1.0]	[0.0..0.0]	[0.927..0.927]	[3067.9993..3067.9993]	[1.0..1.0]	[0.0..0.0]	0.8314494	[2550.886..2550.886]
Group-1	PS 40:8:0	279.23	240116_PS_FTMSMS-_3.mzXML	30.0	3856.3	0.0	0.0	[9.0..9.0]	[1.0..1.0]	[0.932..0.932]	[3594.072..3594.072]	[1.0..1.0]	[0.0..0.0]	[0.932..0.932]	[3594.0715..3594.0715]	[1.0..1.0]	[0.0..0.0]	0.8314494	[2988.2886..2988.2886]
Group-1	PS 40:8:0	279.23	240116_PS_FTMSMS-_3.mzXML	35.0	5186.3	0.0	0.0	[9.0..9.0]	[1.0..1.0]	[0.962..0.962]	[4989.221..4989.221]	[1.0..1.0]	[0.0..0.0]	[0.962..0.962]	[4989.2207..4989.2207]	[1.0..1.0]	[0.0..0.0]	0.8314494	[4148.2847..4148.2847]
Group-1	PS 40:8:0	303.23	240116_PS_FTMSMS-_3.mzXML	25.0	6351.1	0.0	0.0	[5.0..8.0]	[0.5..0.5]	[1.018..1.018]	[6465.42..6465.42]	[0.5..0.5]	[0.5..0.5]	[1.018..1.018]	[6465.42..6465.42]	[0.5..0.5]	[0.5..0.5]	0.8314494	[5375.6694..5375.6694]
Group-1	PS 40:8:0	303.23	240116_PS_FTMSMS-_3.mzXML	30.0	9992.1	0.0	0.0	[5.0..8.0]	[0.5..0.5]	[1.305..1.305]	[13039.689..13039.689]	[0.5..0.5]	[0.5..0.5]	[1.305..1.305]	[13039.689..13039.689]	[0.5..0.5]	[0.5..0.5]	0.8314494	[10841.842..10841.842]
Group-1	PS 40:8:0	303.23	240116_PS_FTMSMS-_3.mzXML	35.0	7573.1	0.0	0.0	[5.0..8.0]	[0.5..0.5]	[1.855..1.855]	[14048.101..14048.101]	[0.5..0.5]	[0.5..0.5]	[1.855..1.855]	[14048.101..14048.101]	[0.5..0.5]	[0.5..0.5]	0.8314494	[11680.285..11680.285]
Group-1	PS 40:8:0	327.23	240116_PS_FTMSMS-_3.mzXML	25.0	0.0	0.0	0.0	[4.0..4.0]	[0.0..0.0]	[1.341..1.341]	[0.0..0.0]	[0.0..0.0]	[1.0..1.0]	[1.341..1.341]	[0.0..0.0]	[0.0..0.0]	[1.0..1.0]	0.8314494	[0.0..0.0]
Group-1	PS 40:8:0	327.23	240116_PS_FTMSMS-_3.mzXML	30.0	0.0	0.0	0.0	[4.0..4.0]	[0.0..0.0]	[2.483..2.483]	[0.0..0.0]	[0.0..0.0]	[1.0..1.0]	[2.483..2.483]	[0.0..0.0]	[0.0..0.0]	[1.0..1.0]	0.8314494	[0.0..0.0]
Group-1	PS 40:8:0	327.23	240116_PS_FTMSMS-_3.mzXML	35.0	0.0	0.0	0.0	[4.0..4.0]	[0.0..0.0]	[5.498..5.498]	[0.0..0.0]	[0.0..0.0]	[1.0..1.0]	[5.498..5.498]	[0.0..0.0]	[0.0..0.0]	[1.0..1.0]	0.8314494	[0.0..0.0]
Group-1	PS 41:1:0	281.25	240116_PS_FTMSMS-_3.mzXML	25.0	48601.6	0.0	0.0	[9.0..9.0]	[0.0..1.0]	[0.888..0.94]	[43158.223..45685.504]	[0.263..0.271]	[1.0..1.0]	[0.94..0.94]	[45685.504..45685.504]	[0.274..0.274]	[1.0..1.0]	0.8080254	[34872.94..36915.047]
Group-1	PS 41:1:0	281.25	240116_PS_FTMSMS-_3.mzXML	30.0	23690.1	0.0	0.0	[9.0..9.0]	[0.0..1.0]	[0.919..0.925]	[21771.203..21913.342]	[0.085..0.085]	[1.0..1.0]	[0.925..0.925]	[21913.342..21913.342]	[0.085..0.085]	[1.0..1.0]	0.8080254	[17591.686..17706.54]
Group-1	PS 41:1:0	281.25	240116_PS_FTMSMS-_3.mzXML	35.0	50055.7	0.0	0.0	[9.0..9.0]	[0.0..1.0]	[0.916..0.936]	[45851.02..46852.133]	[0.149..0.15]	[1.0..1.0]	[0.936..0.936]	[46852.133..46852.133]	[0.152..0.152]	[1.0..1.0]	0.8080254	[37048.79..37857.715]
Group-1	PS 41:1:0	353.34	240116_PS_FTMSMS-_3.mzXML	25.0	115684.1	0.0	0.0	[0.0..0.0]	[0.0..1.0]	[1.044..1.06]	[120774.2..122625.14]	[0.729..0.737]	[0.0..0.0]	[1.044..1.044]	[120774.2..120774.2]	[0.726..0.726]	[0.0..0.0]	0.8080254	[97588.625..99084.234]
Group-1	PS 41:1:0	353.34	240116_PS_FTMSMS-_3.mzXML	30.0	242749.4	0.0	0.0	[0.0..0.0]	[0.0..1.0]	[0.967..0.968]	[234738.67..234981.42]	[0.915..0.915]	[0.0..0.0]	[0.967..0.967]	[234738.67..234738.67]	[0.915..0.915]	[0.0..0.0]	0.8080254	[189674.81..189870.95]
Group-1	PS 41:1:0	353.34	240116_PS_FTMSMS-_3.mzXML	35.0	287260.5	0.0	0.0	[0.0..0.0]	[0.0..1.0]	[0.912..0.924]	[261981.58..265428.72]	[0.85..0.851]	[0.0..0.0]	[0.912..0.912]	[261981.58..261981.58]	[0.848..0.848]	[0.0..0.0]	0.8080254	[211687.77..214473.14]
Group-1	PS 41:2:0	281.25	240116_PS_FTMSMS-_3.mzXML	25.0	306040.6	0.0	0.0	[9.0..9.0]	[1.0..1.0]	[0.94..0.94]	[287678.16..287678.16]	[0.799..0.799]	[0.0..0.0]	[0.94..0.94]	[287678.16..287678.16]	[0.799..0.799]	[0.0..0.0]	0.8096523	[232919.3..232919.3]
Group-1	PS 41:2:0	281.25	240116_PS_FTMSMS-_3.mzXML	30.0	1181091.8	0.0	0.0	[9.0..9.0]	[1.0..1.0]	[0.925..0.925]	[1092509.9..1092509.9]	[0.85..0.85]	[0.0..0.0]	[0.925..0.925]	[1092509.9..1092509.9]	[0.85..0.85]	[0.0..0.0]	0.8096523	[884553.2..884553.2]
Group-1	PS 41:2:0	281.25	240116_PS_FTMSMS-_3.mzXML	35.0	1717778.0	0.0	0.0	[9.0..9.0]	[1.0..1.0]	[0.916..0.916]	[1573484.6..1573484.6]	[0.895..0.895]	[0.0..0.0]	[0.916..0.916]	[1573484.6..1573484.6]	[0.895..0.895]	[0.0..0.0]	0.8096523	[1273975.5..1273975.5]
Group-1	PS 41:2:0	351.33	240116_PS_FTMSMS-_3.mzXML	25.0	73442.1	0.0	0.0	[13.0..13.0]	[0.0..0.0]	[0.986..0.986]	[72413.914..72413.914]	[0.201..0.201]	[1.0..1.0]	[0.986..0.986]	[72413.914..72413.914]	[0.201..0.201]	[1.0..1.0]	0.8096523	[58630.094..58630.094]
Group-1	PS 41:2:0	351.33	240116_PS_FTMSMS-_3.mzXML	30.0	199010.4	0.0	0.0	[13.0..13.0]	[0.0..0.0]	[0.965..0.965]	[192045.03..192045.03]	[0.15..0.15]	[1.0..1.0]	[0.965..0.965]	[192045.03..192045.03]	[0.15..0.15]	[1.0..1.0]	0.8096523	[155489.7..155489.7]
Group-1	PS 41:2:0	351.33	240116_PS_FTMSMS-_3.mzXML	35.0	195350.6	0.0	0.0	[13.0..13.0]	[0.0..0.0]	[0.943..0.943]	[184215.61..184215.61]	[0.105..0.105]	[1.0..1.0]	[0.943..0.943]	[184215.61..184215.61]	[0.105..0.105]	[1.0..1.0]	0.8096523	[149150.6..149150.6]
Group-1	PS 41:3:0	281.25	240116_PS_FTMSMS-_3.mzXML	25.0	131122.5	0.0	0.0	[9.0..9.0]	[1.0..1.0]	[0.94..0.94]	[123255.15..123255.15]	[0.945..0.945]	[0.0..0.0]	[0.94..0.94]	[123255.15..123255.15]	[0.945..0.945]	[0.0..0.0]	0.81129444	[99996.22..99996.22]
Group-1	PS 41:3:0	281.25	240116_PS_FTMSMS-_3.mzXML	30.0	471931.2	0.0	0.0	[9.0..9.0]	[1.0..1.0]	[0.925..0.925]	[436536.34..436536.34]	[0.978..0.978]	[0.0..0.0]	[0.925..0.925]	[436536.34..436536.34]	[0.978..0.978]	[0.0..0.0]	0.81129444	[354159.53..354159.53]
Group-1	PS 41:3:0	281.25	240116_PS_FTMSMS-_3.mzXML	35.0	766473.8	0.0	0.0	[9.0..9.0]	[1.0..1.0]	[0.916..0.916]	[702090.0..702090.0]	[0.984..0.984]	[0.0..0.0]	[0.916..0.916]	[702090.0..702090.0]	[0.984..0.984]	[0.0..0.0]	0.81129444	[569601.75..569601.75]
Group-1	PS 41:3:0	283.26	240116_PS_FTMSMS-_3.mzXML	25.0	120707.9	0.0	0.0	[0.0..0.0]	[1.0..1.0]	[0.998..0.998]	[120466.484..120466.484]	[0.934..0.934]	[0.0..0.0]	[0.998..0.998]	[120466.484..120466.484]	[0.934..0.934]	[0.0..0.0]	0.81129444	[97733.79..97733.79]
Group-1	PS 41:3:0	283.26	240116_PS_FTMSMS-_3.mzXML	30.0	301613.7	0.0	0.0	[0.0..0.0]	[1.0..1.0]	[0.975..0.975]	[294073.34..294073.34]	[0.943..0.943]	[0.0..0.0]	[0.975..0.975]	[294073.34..294073.34]	[0.943..0.943]	[0.0..0.0]	0.81129444	[238580.06..238580.06]
Group-1	PS 41:3:0	283.26	240116_PS_FTMSMS-_3.mzXML	35.0	404996.7	0.0	0.0	[0.0..0.0]	[1.0..1.0]	[0.962..0.962]	[389606.8..389606.8]	[0.957..0.957]	[0.0..0.0]	[0.962..0.962]	[389606.8..389606.8]	[0.957..0.957]	[0.0..0.0]	0.81129444	[316085.84..316085.84]
Group-1	PS 41:3:0	297.28	240116_PS_FTMSMS-_3.mzXML	25.0	0.0	0.0	0.0	[0.0..0.0]	[1.0..1.0]	[1.003..1.003]	[0.0..0.0]	[0.5..0.5]	[0.26..0.5]	[1.003..1.003]	[0.0..0.0]	[0.5..0.5]	[0.255..0.5]	0.81129444	[0.0..0.0]
Group-1	PS 41:3:0	297.28	240116_PS_FTMSMS-_3.mzXML	30.0	7768.9	0.0	0.0	[0.0..0.0]	[1.0..1.0]	[0.967..0.967]	[7512.527..7512.527]	[0.563..0.563]	[0.26..0.5]	[0.967..0.967]	[7512.5264..7512.5264]	[0.563..0.563]	[0.255..0.5]	0.81129444	[6094.8706..6094.8706]
Group-1	PS 41:3:0	297.28	240116_PS_FTMSMS-_3.mzXML	35.0	11655.4	0.0	0.0	[0.0..0.0]	[1.0..1.0]	[0.947..0.947]	[11037.664..11037.664]	[0.607..0.607]	[0.26..0.5]	[0.947..0.947]	[11037.664..11037.664]	[0.607..0.607]	[0.255..0.5]	0.81129444	[8954.796..8954.796]
Group-1	PS 41:3:0	333.28	240116_PS_FTMSMS-_3.mzXML	25.0	0.0	0.0	0.0	[13.0..13.0]	[0.0..0.0]	[0.94..0.94]	[0.0..0.0]	[0.0..0.0]	[0.65..1.0]	[0.94..0.94]	[0.0..0.0]	[0.0..0.0]	[0.646..1.0]	0.81129444	[0.0..0.0]
Group-1	PS 41:3:0	333.28	240116_PS_FTMSMS-_3.mzXML	30.0	6262.0	0.0	0.0	[13.0..13.0]	[0.0..0.0]	[0.93..0.93]	[5823.66..5823.66]	[0.437..0.437]	[0.65..1.0]	[0.93..0.93]	[5823.66..5823.66]	[0.437..0.437]	[0.646..1.0]	0.81129444	[4724.703..4724.703]
Group-1	PS 41:3:0	333.28	240116_PS_FTMSMS-_3.mzXML	35.0	7493.3	0.0	0.0	[13.0..13.0]	[0.0..0.0]	[0.952..0.952]	[7133.622..7133.622]	[0.393..0.393]	[0.65..1.0]	[0.952..0.952]	[7133.6216..7133.6216]	[0.393..0.393]	[0.646..1.0]	0.81129444	[5787.4673..5787.4673]
Group-1	PS 41:3:0	347.3	240116_PS_FTMSMS-_3.mzXML	25.0	9005.0	0.0	0.0	[13.0..13.0]	[0.0..0.0]	[0.941..0.941]	[8473.705..8473.705]	[0.066..0.066]	[1.0..1.0]	[0.941..0.941]	[8473.705..8473.705]	[0.066..0.066]	[1.0..1.0]	0.81129444	[6874.67..6874.67]
Group-1	PS 41:3:0	347.3	240116_PS_FTMSMS-_3.mzXML	30.0	19039.9	0.0	0.0	[13.0..13.0]	[0.0..0.0]	[0.928..0.928]	[17669.027..17669.027]	[0.057..0.057]	[1.0..1.0]	[0.928..0.928]	[17669.027..17669.027]	[0.057..0.057]	[1.0..1.0]	0.81129444	[14334.783..14334.783]
Group-1	PS 41:3:0	347.3	240116_PS_FTMSMS-_3.mzXML	35.0	18406.4	0.0	0.0	[13.0..13.0]	[0.0..0.0]	[0.952..0.952]	[17522.895..17522.895]	[0.043..0.043]	[1.0..1.0]	[0.952..0.952]	[17522.895..17522.895]	[0.043..0.043]	[1.0..1.0]	0.81129444	[14216.226..14216.226]
Group-1	PS 41:3:0	349.31	240116_PS_FTMSMS-_3.mzXML	25.0	7359.9	0.0	0.0	[13.0..13.0]	[0.0..0.0]	[0.967..0.967]	[7117.024..7117.024]	[0.055..0.055]	[1.0..1.0]	[0.967..0.967]	[7117.0234..7117.0234]	[0.055..0.055]	[1.0..1.0]	0.81129444	[5774.0015..5774.0015]
Group-1	PS 41:3:0	349.31	240116_PS_FTMSMS-_3.mzXML	30.0	10162.0	0.0	0.0	[13.0..13.0]	[0.0..0.0]	[0.951..0.951]	[9664.062..9664.062]	[0.022..0.022]	[1.0..1.0]	[0.951..0.951]	[9664.062..9664.062]	[0.022..0.022]	[1.0..1.0]	0.81129444	[7840.3994..7840.3994]
Group-1	PS 41:3:0	349.31	240116_PS_FTMSMS-_3.mzXML	35.0	12340.7	0.0	0.0	[13.0..13.0]	[0.0..0.0]	[0.949..0.949]	[11711.324..11711.324]	[0.016..0.016]	[1.0..1.0]	[0.949..0.949]	[11711.324..11711.324]	[0.016..0.016]	[1.0..1.0]	0.81129444	[9501.332..9501.332]
Group-1	PS 41:4:0	281.25	240116_PS_FTMSMS-_3.mzXML	25.0	40295.2	0.0	0.0	[9.0..9.0]	[1.0..1.0]	[0.94..0.94]	[37877.49..37877.49]	[0.911..0.911]	[0.0..0.0]	[0.94..0.94]	[37877.49..37877.49]	[0.911..0.911]	[0.0..0.0]	0.81293565	[30791.96..30791.96]
Group-1	PS 41:4:0	281.25	240116_PS_FTMSMS-_3.mzXML	30.0	88283.7	0.0	0.0	[9.0..9.0]	[1.0..1.0]	[0.925..0.925]	[81662.43..81662.43]	[0.918..0.918]	[0.0..0.0]	[0.925..0.925]	[81662.43..81662.43]	[0.918..0.918]	[0.0..0.0]	0.81293565	[66386.3..66386.3]
Group-1	PS 41:4:0	281.25	240116_PS_FTMSMS-_3.mzXML	35.0	110349.3	0.0	0.0	[9.0..9.0]	[1.0..1.0]	[0.916..0.916]	[101079.95..101079.95]	[0.928..0.928]	[0.0..0.0]	[0.916..0.916]	[101079.95..101079.95]	[0.928..0.928]	[0.0..0.0]	0.81293565	[82171.5..82171.5]
Group-1	PS 41:4:0	283.26	240116_PS_FTMSMS-_3.mzXML	25.0	70220.3	0.0	0.0	[0.0..0.0]	[1.0..1.0]	[0.998..0.998]	[70079.86..70079.86]	[0.967..0.967]	[0.0..0.0]	[0.998..0.998]	[70079.86..70079.86]	[0.966..0.967]	[0.0..0.0]	0.81293565	[56970.414..56970.414]
Group-1	PS 41:4:0	283.26	240116_PS_FTMSMS-_3.mzXML	30.0	166434.8	0.0	0.0	[0.0..0.0]	[1.0..1.0]	[0.975..0.975]	[162273.94..162273.94]	[0.976..0.977]	[0.0..0.0]	[0.975..0.975]	[162273.94..162273.94]	[0.976..0.977]	[0.0..0.0]	0.81293565	[131918.27..131918.27]
Group-1	PS 41:4:0	283.26	240116_PS_FTMSMS-_3.mzXML	35.0	211651.1	0.0	0.0	[0.0..0.0]	[1.0..1.0]	[0.962..0.962]	[203608.36..203608.36]	[0.98..0.983]	[0.0..0.0]	[0.962..0.962]	[203608.36..203608.36]	[0.98..0.983]	[0.0..0.0]	0.81293565	[165520.48..165520.48]
Group-1	PS 41:4:0	295.26	240116_PS_FTMSMS-_3.mzXML	25.0	2536.6	0.0	0.0	[9.0..9.0]	[1.0..1.0]	[0.947..0.947]	[2402.161..2402.161]	[1.0..1.0]	[0.0..0.0]	[0.947..0.947]	[2402.1604..2402.1604]	[1.0..1.0]	[0.0..0.0]	0.81293565	[1952.8016..1952.8016]
Group-1	PS 41:4:0	295.26	240116_PS_FTMSMS-_3.mzXML	30.0	6100.8	0.0	0.0	[9.0..9.0]	[1.0..1.0]	[0.923..0.923]	[5631.038..5631.038]	[0.753..0.753]	[0.0..0.0]	[0.923..0.923]	[5631.038..5631.038]	[0.753..0.753]	[0.0..0.0]	0.81293565	[4577.6714..4577.6714]
Group-1	PS 41:4:0	295.26	240116_PS_FTMSMS-_3.mzXML	35.0	6965.4	0.0	0.0	[9.0..9.0]	[1.0..1.0]	[0.91..0.91]	[6338.514..6338.514]	[0.738..0.738]	[0.0..0.0]	[0.91..0.91]	[6338.514..6338.514]	[0.738..0.738]	[0.0..0.0]	0.81293565	[5152.804..5152.804]
Group-1	PS 41:4:0	297.28	240116_PS_FTMSMS-_3.mzXML	25.0	10213.9	0.0	0.0	[0.0..0.0]	[1.0..1.0]	[1.003..1.003]	[10244.542..10244.542]	[0.525..0.526]	[0.27..0.44]	[1.003..1.003]	[10244.542..10244.542]	[0.419..0.433]	[0.267..0.438]	0.81293565	[8328.154..8328.154]
Group-1	PS 41:4:0	297.28	240116_PS_FTMSMS-_3.mzXML	30.0	19808.4	0.0	0.0	[0.0..0.0]	[1.0..1.0]	[0.967..0.967]	[19154.723..19154.723]	[0.59..0.614]	[0.27..0.44]	[0.967..0.967]	[19154.723..19154.723]	[0.548..0.564]	[0.267..0.438]	0.81293565	[15571.558..15571.558]
Group-1	PS 41:4:0	297.28	240116_PS_FTMSMS-_3.mzXML	35.0	23031.6	0.0	0.0	[0.0..0.0]	[1.0..1.0]	[0.947..0.947]	[21810.926..21810.926]	[0.602..0.649]	[0.27..0.44]	[0.947..0.947]	[21810.926..21810.926]	[0.588..0.631]	[0.267..0.438]	0.81293565	[17730.879..17730.879]
Group-1	PS 41:4:0	303.23	240116_PS_FTMSMS-_3.mzXML	25.0	2314.0	0.0	0.0	[5.0..8.0]	[0.0..1.0]	[0.972..1.062]	[2249.208..2457.468]	[0.407..0.424]	[0.72..1.0]	[1.062..1.413]	[2457.468..3269.682]	[0.428..0.498]	[0.721..1.0]	0.81293565	[1828.4613..1997.7634]
Group-1	PS 41:4:0	303.23	240116_PS_FTMSMS-_3.mzXML	30.0	2255.4	0.0	0.0	[5.0..8.0]	[0.0..1.0]	[1.162..1.348]	[2620.775..3040.279]	[0.248..0.276]	[0.72..1.0]	[1.348..1.377]	[3040.2793..3105.6855]	[0.277..0.281]	[0.721..1.0]	0.81293565	[2130.521..2471.5513]
Group-1	PS 41:4:0	303.23	240116_PS_FTMSMS-_3.mzXML	35.0	0.0	0.0	0.0	[5.0..8.0]	[0.0..1.0]	[1.492..1.894]	[0.0..0.0]	[0.0..0.0]	[0.72..1.0]	[1.582..1.894]	[0.0..0.0]	[0.0..0.0]	[0.721..1.0]	0.81293565	[0.0..0.0]
Group-1	PS 41:4:0	325.31	240116_PS_FTMSMS-_3.mzXML	25.0	3264.6	0.0	0.0	[0.0..0.0]	[0.0..1.0]	[1.004..1.023]	[3277.659..3339.686]	[0.576..0.593]	[0.0..0.28]	[1.004..1.009]	[3277.6584..3293.9812]	[0.502..0.572]	[0.0..0.279]	0.81293565	[2664.5254..2714.95]
Group-1	PS 41:4:0	325.31	240116_PS_FTMSMS-_3.mzXML	30.0	8313.5	0.0	0.0	[0.0..0.0]	[0.0..1.0]	[0.954..0.961]	[7931.079..7989.274]	[0.724..0.752]	[0.0..0.28]	[0.954..0.956]	[7931.079..7947.7056]	[0.719..0.723]	[0.0..0.279]	0.81293565	[6447.4565..6494.765]
Group-1	PS 41:4:0	325.31	240116_PS_FTMSMS-_3.mzXML	35.0	12689.6	0.0	0.0	[0.0..0.0]	[0.0..1.0]	[0.924..0.929]	[11725.19..11788.639]	[1.0..1.0]	[0.0..0.28]	[0.924..0.925]	[11725.19..11737.88]	[1.0..1.0]	[0.0..0.279]	0.81293565	[9531.825..9583.404]
Group-1	PS 41:4:0	331.26	240116_PS_FTMSMS-_3.mzXML	25.0	9995.0	0.0	0.0	[7.0..10.0]	[0.0..0.0]	[0.923..0.927]	[9225.385..9265.365]	[0.474..0.475]	[0.56..0.73]	[1.343..1.42]	[13423.285..14192.899]	[0.567..0.581]	[0.562..0.733]	0.81293565	[7499.6445..7532.1455]
Group-1	PS 41:4:0	331.26	240116_PS_FTMSMS-_3.mzXML	30.0	12039.0	0.0	0.0	[7.0..10.0]	[0.0..0.0]	[1.002..1.107]	[12063.078..13327.173]	[0.386..0.41]	[0.56..0.73]	[1.23..1.311]	[14807.971..15783.129]	[0.436..0.452]	[0.562..0.733]	0.81293565	[9806.506..10834.135]
Group-1	PS 41:4:0	331.26	240116_PS_FTMSMS-_3.mzXML	35.0	10022.9	0.0	0.0	[7.0..10.0]	[0.0..0.0]	[1.176..1.436]	[11786.931..14392.885]	[0.351..0.398]	[0.56..0.73]	[1.271..1.524]	[12739.106..15274.9]	[0.369..0.412]	[0.562..0.733]	0.81293565	[9582.017..11700.489]
Group-1	PS 41:4:0	333.28	240116_PS_FTMSMS-_3.mzXML	25.0	0.0	0.0	0.0	[13.0..13.0]	[0.0..0.0]	[0.94..0.94]	[0.0..0.0]	[0.0..0.0]	[1.0..1.0]	[0.94..0.94]	[0.0..0.0]	[0.0..0.0]	[1.0..1.0]	0.81293565	[0.0..0.0]
Group-1	PS 41:4:0	333.28	240116_PS_FTMSMS-_3.mzXML	30.0	1982.7	0.0	0.0	[13.0..13.0]	[0.0..0.0]	[0.93..0.93]	[1843.911..1843.911]	[0.247..0.247]	[1.0..1.0]	[0.93..0.93]	[1843.911..1843.911]	[0.247..0.247]	[1.0..1.0]	0.81293565	[1498.981..1498.981]
Group-1	PS 41:4:0	333.28	240116_PS_FTMSMS-_3.mzXML	35.0	2362.7	0.0	0.0	[13.0..13.0]	[0.0..0.0]	[0.952..0.952]	[2249.291..2249.291]	[0.262..0.262]	[1.0..1.0]	[0.952..0.952]	[2249.2905..2249.2905]	[0.262..0.262]	[1.0..1.0]	0.81293565	[1828.5283..1828.5283]
Group-1	PS 41:4:0	345.28	240116_PS_FTMSMS-_3.mzXML	25.0	2616.5	0.0	0.0	[7.0..10.0]	[0.0..0.0]	[0.905..0.907]	[2367.932..2373.166]	[0.033..0.033]	[1.0..1.0]	[0.927..0.932]	[2425.4954..2438.578]	[0.033..0.034]	[1.0..1.0]	0.81293565	[1924.9767..1929.2308]
Group-1	PS 41:4:0	345.28	240116_PS_FTMSMS-_3.mzXML	30.0	3833.0	0.0	0.0	[7.0..10.0]	[0.0..0.0]	[0.975..1.061]	[3737.175..4066.813]	[0.023..0.024]	[1.0..1.0]	[0.976..1.06]	[3741.008..4062.9797]	[0.023..0.024]	[1.0..1.0]	0.81293565	[3038.083..3306.0574]
Group-1	PS 41:4:0	345.28	240116_PS_FTMSMS-_3.mzXML	35.0	3020.1	0.0	0.0	[7.0..10.0]	[0.0..0.0]	[1.137..1.356]	[3433.854..4095.256]	[0.017..0.02]	[1.0..1.0]	[1.136..1.344]	[3430.8337..4059.0144]	[0.017..0.02]	[1.0..1.0]	0.81293565	[2791.502..3329.1792]
Group-1	PS 41:4:0	347.3	240116_PS_FTMSMS-_3.mzXML	25.0	3933.4	0.0	0.0	[13.0..13.0]	[0.0..0.0]	[0.941..0.941]	[3701.329..3701.329]	[0.089..0.089]	[1.0..1.0]	[0.941..0.941]	[3701.3293..3701.3293]	[0.089..0.089]	[1.0..1.0]	0.81293565	[3008.9426..3008.9426]
Group-1	PS 41:4:0	347.3	240116_PS_FTMSMS-_3.mzXML	30.0	7839.4	0.0	0.0	[13.0..13.0]	[0.0..0.0]	[0.928..0.928]	[7274.963..7274.963]	[0.082..0.082]	[1.0..1.0]	[0.928..0.928]	[7274.963..7274.963]	[0.082..0.082]	[1.0..1.0]	0.81293565	[5914.0767..5914.0767]
Group-1	PS 41:4:0	347.3	240116_PS_FTMSMS-_3.mzXML	35.0	8191.1	0.0	0.0	[13.0..13.0]	[0.0..0.0]	[0.952..0.952]	[7797.927..7797.927]	[0.072..0.072]	[1.0..1.0]	[0.952..0.952]	[7797.9272..7797.9272]	[0.072..0.072]	[1.0..1.0]	0.81293565	[6339.2134..6339.2134]
Group-1	PS 41:5:0	297.28	240116_PS_FTMSMS-_3.mzXML	25.0	8827.3	0.0	0.0	[0.0..0.0]	[0.19999999..1.0]	[0.99..1.003]	[8739.027..8853.782]	[0.349..0.444]	[0.39..0.63]	[0.995..0.998]	[8783.163..8809.6455]	[0.326..0.347]	[0.386..0.633]	0.81459224	[7118.7437..7212.222]
Group-1	PS 41:5:0	297.28	240116_PS_FTMSMS-_3.mzXML	30.0	18430.1	0.0	0.0	[0.0..0.0]	[0.19999999..1.0]	[0.96..0.967]	[17692.895..17821.906]	[0.454..0.544]	[0.39..0.63]	[0.963..0.964]	[17748.186..17766.615]	[0.44..0.495]	[0.386..0.633]	0.81459224	[14412.496..14517.587]
Group-1	PS 41:5:0	297.28	240116_PS_FTMSMS-_3.mzXML	35.0	19671.2	0.0	0.0	[0.0..0.0]	[1.0..1.0]	[0.947..0.947]	[18628.627..18628.627]	[0.55..0.637]	[0.39..0.63]	[0.947..0.947]	[18628.627..18628.627]	[0.531..0.619]	[0.386..0.633]	0.81459224	[15174.734..15174.734]
Group-1	PS 41:5:0	329.25	240116_PS_FTMSMS-_3.mzXML	25.0	10794.4	0.0	0.0	[4.0..7.0]	[0.0..0.8]	[1.013..1.527]	[10934.728..16483.049]	[0.556..0.651]	[0.37..0.61]	[1.533..1.687]	[16547.816..18210.154]	[0.653..0.674]	[0.367..0.614]	0.81459224	[8907.345..13426.964]
Group-1	PS 41:5:0	329.25	240116_PS_FTMSMS-_3.mzXML	30.0	11053.7	0.0	0.0	[4.0..7.0]	[0.0..0.8]	[1.343..1.942]	[14845.12..21466.285]	[0.456..0.546]	[0.37..0.61]	[1.638..2.049]	[18105.96..22649.031]	[0.505..0.56]	[0.367..0.614]	0.81459224	[12092.72..17486.271]
Group-1	PS 41:5:0	329.25	240116_PS_FTMSMS-_3.mzXML	35.0	5262.6	2700.3	0.5131114	[4.0..4.0]	[0.0..0.0]	[2.017..2.898]	[10614.664..15251.015]	[0.363..0.45]	[0.37..0.61]	[2.178..3.123]	[11461.943..16435.1]	[0.381..0.469]	[0.367..0.614]	0.81459224	[8646.623..12423.358]
Group-1	PS 41:6:0	297.28	240116_PS_FTMSMS-_3.mzXML	25.0	16701.2	0.0	0.0	[0.0..0.0]	[1.0..1.0]	[1.003..1.003]	[16751.303..16751.303]	[0.483..0.483]	[0.0..0.54]	[1.003..1.003]	[16751.303..16751.303]	[0.483..0.483]	[0.0..0.54]	0.81624794	[13673.217..13673.217]
Group-1	PS 41:6:0	297.28	240116_PS_FTMSMS-_3.mzXML	30.0	29701.3	0.0	0.0	[0.0..0.0]	[1.0..1.0]	[0.967..0.967]	[28721.158..28721.158]	[0.541..0.541]	[0.0..0.54]	[0.967..0.967]	[28721.158..28721.158]	[0.541..0.541]	[0.0..0.54]	0.81624794	[23443.586..23443.586]
Group-1	PS 41:6:0	297.28	240116_PS_FTMSMS-_3.mzXML	35.0	37620.5	0.0	0.0	[0.0..0.0]	[1.0..1.0]	[0.947..0.947]	[35626.613..35626.613]	[1.0..1.0]	[0.0..0.54]	[0.947..0.947]	[35626.613..35626.613]	[1.0..1.0]	[0.0..0.54]	0.81624794	[29080.15..29080.15]
Group-1	PS 41:6:0	327.23	240116_PS_FTMSMS-_3.mzXML	25.0	13386.1	0.0	0.0	[4.0..4.0]	[0.0..0.0]	[1.341..1.341]	[17950.76..17950.76]	[0.517..0.517]	[0.46..1.0]	[1.341..1.341]	[17950.76..17950.76]	[0.517..0.517]	[0.46..1.0]	0.81624794	[14652.27..14652.27]
Group-1	PS 41:6:0	327.23	240116_PS_FTMSMS-_3.mzXML	30.0	9801.1	0.0	0.0	[4.0..4.0]	[0.0..0.0]	[2.483..2.483]	[24336.13..24336.13]	[0.459..0.459]	[0.46..1.0]	[2.483..2.483]	[24336.13..24336.13]	[0.459..0.459]	[0.46..1.0]	0.81624794	[19864.316..19864.316]
Group-1	PS 41:6:0	327.23	240116_PS_FTMSMS-_3.mzXML	35.0	0.0	0.0	0.0	[4.0..4.0]	[0.0..0.0]	[5.498..5.498]	[0.0..0.0]	[0.0..0.0]	[0.46..1.0]	[5.498..5.498]	[0.0..0.0]	[0.0..0.0]	[0.46..1.0]	0.81624794	[0.0..0.0]
Group-1	PS 42:2:0	281.25	240116_PS_FTMSMS-_3.mzXML	25.0	322252.3	0.0	0.0	[9.0..9.0]	[1.0..1.0]	[0.94..0.94]	[302917.2..302917.2]	[0.338..0.338]	[0.82..0.89]	[0.94..0.94]	[302917.2..302917.2]	[0.338..0.338]	[0.82..0.885]	0.79845804	[241866.66..241866.66]
Group-1	PS 42:2:0	281.25	240116_PS_FTMSMS-_3.mzXML	30.0	745961.5	0.0	0.0	[9.0..9.0]	[1.0..1.0]	[0.925..0.925]	[690014.4..690014.4]	[0.347..0.347]	[0.82..0.89]	[0.925..0.925]	[690014.4..690014.4]	[0.347..0.347]	[0.82..0.885]	0.79845804	[550947.5..550947.5]
Group-1	PS 42:2:0	281.25	240116_PS_FTMSMS-_3.mzXML	35.0	967910.9	0.0	0.0	[9.0..9.0]	[1.0..1.0]	[0.916..0.916]	[886606.4..886606.4]	[0.36..0.36]	[0.82..0.89]	[0.916..0.916]	[886606.4..886606.4]	[0.36..0.36]	[0.82..0.885]	0.79845804	[707918.0..707918.0]
Group-1	PS 42:2:0	283.26	240116_PS_FTMSMS-_3.mzXML	25.0	104923.2	0.0	0.0	[0.0..0.0]	[1.0..1.0]	[0.998..0.998]	[104713.36..104713.36]	[0.88..0.88]	[0.0..0.0]	[0.998..0.998]	[104713.36..104713.36]	[0.88..0.88]	[0.0..0.0]	0.79845804	[83609.22..83609.22]
Group-1	PS 42:2:0	283.26	240116_PS_FTMSMS-_3.mzXML	30.0	298615.5	0.0	0.0	[0.0..0.0]	[1.0..1.0]	[0.975..0.975]	[291150.12..291150.12]	[0.936..0.936]	[0.0..0.0]	[0.975..0.975]	[291150.12..291150.12]	[0.936..0.936]	[0.0..0.0]	0.79845804	[232471.16..232471.16]
Group-1	PS 42:2:0	283.26	240116_PS_FTMSMS-_3.mzXML	35.0	575378.1	0.0	0.0	[0.0..0.0]	[1.0..1.0]	[0.962..0.962]	[553513.75..553513.75]	[0.966..0.966]	[0.0..0.0]	[0.962..0.962]	[553513.75..553513.75]	[0.966..0.966]	[0.0..0.0]	0.79845804	[441957.5..441957.5]
Group-1	PS 42:2:0	309.28	240116_PS_FTMSMS-_3.mzXML	25.0	9933.9	0.0	0.0	[11.0..11.0]	[1.0..1.0]	[0.975..0.975]	[9685.553..9685.553]	[0.433..0.433]	[0.66..0.85]	[0.975..0.975]	[9685.553..9685.553]	[0.433..0.433]	[0.659..0.847]	0.79845804	[7733.508..7733.508]
Group-1	PS 42:2:0	309.28	240116_PS_FTMSMS-_3.mzXML	30.0	17112.2	0.0	0.0	[11.0..11.0]	[0.39999998..0.39999998]	[0.931..0.931]	[15931.457..15931.457]	[0.35..0.35]	[0.66..0.85]	[0.931..0.931]	[15931.457..15931.457]	[0.35..0.35]	[0.659..0.847]	0.79845804	[12720.601..12720.601]
Group-1	PS 42:2:0	309.28	240116_PS_FTMSMS-_3.mzXML	35.0	25732.2	0.0	0.0	[11.0..11.0]	[0.39999998..1.0]	[0.9..0.919]	[23158.979..23647.893]	[0.413..0.414]	[0.66..0.85]	[0.913..0.916]	[23493.498..23570.695]	[0.416..0.416]	[0.659..0.847]	0.79845804	[18491.473..18881.85]
Group-1	PS 42:2:0	337.31	240116_PS_FTMSMS-_3.mzXML	25.0	13102.8	0.0	0.0	[13.0..13.0]	[0.0..0.0]	[0.967..0.967]	[12670.407..12670.407]	[0.567..0.567]	[0.15..0.34]	[0.967..0.967]	[12670.407..12670.407]	[0.567..0.567]	[0.153..0.341]	0.79845804	[10116.789..10116.789]
Group-1	PS 42:2:0	337.31	240116_PS_FTMSMS-_3.mzXML	30.0	30855.6	0.0	0.0	[13.0..13.0]	[0.6..0.6]	[0.957..0.957]	[29528.809..29528.809]	[0.65..0.65]	[0.15..0.34]	[0.957..0.957]	[29528.809..29528.809]	[0.65..0.65]	[0.153..0.341]	0.79845804	[23577.516..23577.516]
Group-1	PS 42:2:0	337.31	240116_PS_FTMSMS-_3.mzXML	35.0	35706.1	0.0	0.0	[13.0..13.0]	[0.0..0.6]	[0.919..0.942]	[32813.91..33635.15]	[0.586..0.587]	[0.15..0.34]	[0.922..0.927]	[32921.023..33099.555]	[0.584..0.584]	[0.153..0.341]	0.79845804	[26200.53..26856.254]
Group-1	PS 42:2:0	363.32	240116_PS_FTMSMS-_3.mzXML	25.0	14100.6	0.0	0.0	[15.0..15.0]	[0.0..0.0]	[1.011..1.011]	[14255.707..14255.707]	[0.12..0.12]	[1.0..1.0]	[1.011..1.011]	[14255.707..14255.707]	[0.12..0.12]	[1.0..1.0]	0.79845804	[11382.584..11382.584]
Group-1	PS 42:2:0	363.32	240116_PS_FTMSMS-_3.mzXML	30.0	20496.8	0.0	0.0	[15.0..15.0]	[0.0..0.0]	[0.979..0.979]	[20066.367..20066.367]	[0.064..0.064]	[1.0..1.0]	[0.979..0.979]	[20066.367..20066.367]	[0.064..0.064]	[1.0..1.0]	0.79845804	[16022.152..16022.152]
Group-1	PS 42:2:0	363.32	240116_PS_FTMSMS-_3.mzXML	35.0	20536.6	0.0	0.0	[15.0..15.0]	[0.0..0.0]	[0.961..0.961]	[19735.672..19735.672]	[0.034..0.034]	[1.0..1.0]	[0.961..0.961]	[19735.672..19735.672]	[0.034..0.034]	[1.0..1.0]	0.79845804	[15758.106..15758.106]
Group-1	PS 42:2:0	365.34	240116_PS_FTMSMS-_3.mzXML	25.0	573729.2	0.0	0.0	[15.0..15.0]	[0.0..0.0]	[1.032..1.032]	[592088.5..592088.5]	[0.662..0.662]	[0.11..0.18]	[1.032..1.032]	[592088.5..592088.5]	[0.662..0.662]	[0.115..0.18]	0.79845804	[472757.8..472757.8]
Group-1	PS 42:2:0	365.34	240116_PS_FTMSMS-_3.mzXML	30.0	1302295.1	0.0	0.0	[15.0..15.0]	[0.0..0.0]	[0.997..0.997]	[1298388.2..1298388.2]	[0.653..0.653]	[0.11..0.18]	[0.997..0.997]	[1298388.2..1298388.2]	[0.653..0.653]	[0.115..0.18]	0.79845804	[1036708.5..1036708.5]
Group-1	PS 42:2:0	365.34	240116_PS_FTMSMS-_3.mzXML	35.0	1635383.8	0.0	0.0	[15.0..15.0]	[0.0..0.0]	[0.964..0.964]	[1576509.9..1576509.9]	[0.64..0.64]	[0.11..0.18]	[0.964..0.964]	[1576509.9..1576509.9]	[0.64..0.64]	[0.115..0.18]	0.79845804	[1258777.0..1258777.0]
Group-1	PS 42:5:0	281.25	240116_PS_FTMSMS-_3.mzXML	25.0	171599.9	0.0	0.0	[9.0..9.0]	[1.0..1.0]	[0.94..0.94]	[161303.9..161303.9]	[0.541..0.541]	[0.36..0.4]	[0.94..0.94]	[161303.9..161303.9]	[0.541..0.541]	[0.361..0.403]	0.8032428	[129566.2..129566.2]
Group-1	PS 42:5:0	281.25	240116_PS_FTMSMS-_3.mzXML	30.0	392423.0	0.0	0.0	[9.0..9.0]	[1.0..1.0]	[0.925..0.925]	[362991.28..362991.28]	[0.548..0.548]	[0.36..0.4]	[0.925..0.925]	[362991.28..362991.28]	[0.548..0.548]	[0.361..0.403]	0.8032428	[291570.12..291570.12]
Group-1	PS 42:5:0	281.25	240116_PS_FTMSMS-_3.mzXML	35.0	468864.6	0.0	0.0	[9.0..9.0]	[1.0..1.0]	[0.916..0.916]	[429479.97..429479.97]	[0.561..0.561]	[0.36..0.4]	[0.916..0.916]	[429479.97..429479.97]	[0.561..0.561]	[0.361..0.403]	0.8032428	[344976.72..344976.72]
Group-1	PS 42:5:0	283.26	240116_PS_FTMSMS-_3.mzXML	25.0	382818.6	0.0	0.0	[0.0..0.0]	[1.0..1.0]	[0.998..0.998]	[382052.97..382052.97]	[0.781..0.792]	[0.0..0.0]	[0.998..0.998]	[382052.97..382052.97]	[0.78..0.793]	[0.0..0.0]	0.8032428	[306881.28..306881.28]
Group-1	PS 42:5:0	283.26	240116_PS_FTMSMS-_3.mzXML	30.0	910480.3	0.0	0.0	[0.0..0.0]	[1.0..1.0]	[0.975..0.975]	[887718.3..887718.3]	[0.79..0.819]	[0.0..0.0]	[0.975..0.975]	[887718.3..887718.3]	[0.791..0.819]	[0.0..0.0]	0.8032428	[713053.4..713053.4]
Group-1	PS 42:5:0	283.26	240116_PS_FTMSMS-_3.mzXML	35.0	1165283.1	0.0	0.0	[0.0..0.0]	[1.0..1.0]	[0.962..0.962]	[1121002.4..1121002.4]	[0.807..0.851]	[0.0..0.0]	[0.962..0.962]	[1121002.4..1121002.4]	[0.808..0.848]	[0.0..0.0]	0.8032428	[900437.1..900437.1]
Group-1	PS 42:5:0	357.28	240116_PS_FTMSMS-_3.mzXML	25.0	108192.4	0.0	0.0	[6.0..9.0]	[0.0..0.0]	[0.928..0.988]	[100402.54..106894.086]	[0.208..0.219]	[1.0..1.0]	[0.922..0.995]	[99753.39..107651.44]	[0.207..0.22]	[1.0..1.0]	0.8032428	[80647.62..85861.91]
Group-1	PS 42:5:0	357.28	240116_PS_FTMSMS-_3.mzXML	30.0	182562.0	0.0	0.0	[6.0..9.0]	[0.0..0.0]	[1.072..1.291]	[195706.47..235687.55]	[0.181..0.21]	[1.0..1.0]	[1.076..1.281]	[196436.7..233861.92]	[0.181..0.209]	[1.0..1.0]	0.8032428	[157199.81..189314.31]
Group-1	PS 42:5:0	357.28	240116_PS_FTMSMS-_3.mzXML	35.0	138607.8	0.0	0.0	[6.0..9.0]	[0.0..0.0]	[1.415..1.936]	[196130.03..268344.7]	[0.149..0.193]	[1.0..1.0]	[1.448..1.922]	[200704.08..266404.2]	[0.152..0.192]	[1.0..1.0]	0.8032428	[157540.03..215545.95]
Group-1	PS 42:5:0	359.3	240116_PS_FTMSMS-_3.mzXML	25.0	154028.0	0.0	0.0	[9.0..9.0]	[0.0..0.0]	[0.89..0.89]	[137084.92..137084.92]	[0.459..0.459]	[0.6..0.64]	[0.89..0.89]	[137084.92..137084.92]	[0.459..0.459]	[0.597..0.639]	0.8032428	[110112.48..110112.48]
Group-1	PS 42:5:0	359.3	240116_PS_FTMSMS-_3.mzXML	30.0	308577.5	0.0	0.0	[9.0..9.0]	[0.0..0.0]	[0.972..0.972]	[299937.34..299937.34]	[0.452..0.452]	[0.6..0.64]	[0.972..0.972]	[299937.34..299937.34]	[0.452..0.452]	[0.597..0.639]	0.8032428	[240922.5..240922.5]
Group-1	PS 42:5:0	359.3	240116_PS_FTMSMS-_3.mzXML	35.0	289425.6	0.0	0.0	[9.0..9.0]	[0.0..0.0]	[1.159..1.159]	[335444.28..335444.28]	[0.439..0.439]	[0.6..0.64]	[1.159..1.159]	[335444.28..335444.28]	[0.439..0.439]	[0.597..0.639]	0.8032428	[269443.22..269443.22]
Group-1	PS 42:6:0	281.25	240116_PS_FTMSMS-_3.mzXML	25.0	152257.3	0.0	0.0	[9.0..9.0]	[1.0..1.0]	[0.94..0.94]	[143121.86..143121.86]	[0.757..0.769]	[0.0..0.0]	[0.94..0.94]	[143121.86..143121.86]	[0.756..0.77]	[0.0..0.0]	0.80485684	[115192.61..115192.61]
Group-1	PS 42:6:0	281.25	240116_PS_FTMSMS-_3.mzXML	30.0	385271.5	0.0	0.0	[9.0..9.0]	[1.0..1.0]	[0.925..0.925]	[356376.16..356376.16]	[0.815..0.841]	[0.0..0.0]	[0.925..0.925]	[356376.16..356376.16]	[0.816..0.841]	[0.0..0.0]	0.80485684	[286831.78..286831.78]
Group-1	PS 42:6:0	281.25	240116_PS_FTMSMS-_3.mzXML	35.0	513891.1	0.0	0.0	[9.0..9.0]	[1.0..1.0]	[0.916..0.916]	[470724.25..470724.25]	[0.791..0.838]	[0.0..0.0]	[0.916..0.916]	[470724.25..470724.25]	[0.792..0.835]	[0.0..0.0]	0.80485684	[378865.62..378865.62]
Group-1	PS 42:6:0	283.26	240116_PS_FTMSMS-_3.mzXML	25.0	302274.2	0.0	0.0	[0.0..0.0]	[1.0..1.0]	[0.998..0.998]	[301669.66..301669.66]	[0.95..0.95]	[0.0..0.0]	[0.998..0.998]	[301669.66..301669.66]	[0.95..0.95]	[0.0..0.0]	0.80485684	[242800.89..242800.89]
Group-1	PS 42:6:0	283.26	240116_PS_FTMSMS-_3.mzXML	30.0	862017.5	0.0	0.0	[0.0..0.0]	[1.0..1.0]	[0.975..0.975]	[840467.06..840467.06]	[0.978..0.978]	[0.0..0.0]	[0.975..0.975]	[840467.06..840467.06]	[0.978..0.978]	[0.0..0.0]	0.80485684	[676455.7..676455.7]
Group-1	PS 42:6:0	283.26	240116_PS_FTMSMS-_3.mzXML	35.0	1294037.5	0.0	0.0	[0.0..0.0]	[1.0..1.0]	[0.962..0.962]	[1244864.1..1244864.1]	[1.0..1.0]	[0.0..0.0]	[0.962..0.962]	[1244864.1..1244864.1]	[1.0..1.0]	[0.0..0.0]	0.80485684	[1001937.4..1001937.4]
Group-1	PS 42:6:0	355.26	240116_PS_FTMSMS-_3.mzXML	25.0	13432.4	0.0	0.0	[6.0..6.0]	[0.0..0.0]	[1.175..1.175]	[15783.069..15783.069]	[0.05..0.05]	[1.0..1.0]	[1.175..1.175]	[15783.069..15783.069]	[0.05..0.05]	[1.0..1.0]	0.80485684	[12703.111..12703.111]
Group-1	PS 42:6:0	355.26	240116_PS_FTMSMS-_3.mzXML	30.0	10839.7	0.0	0.0	[6.0..6.0]	[0.0..0.0]	[1.727..1.727]	[18720.162..18720.162]	[0.022..0.022]	[1.0..1.0]	[1.727..1.727]	[18720.162..18720.162]	[0.022..0.022]	[1.0..1.0]	0.80485684	[15067.051..15067.051]
Group-1	PS 42:6:0	355.26	240116_PS_FTMSMS-_3.mzXML	35.0	0.0	0.0	0.0	[6.0..6.0]	[0.0..0.0]	[3.078..3.078]	[0.0..0.0]	[0.0..0.0]	[1.0..1.0]	[3.078..3.078]	[0.0..0.0]	[0.0..0.0]	[1.0..1.0]	0.80485684	[0.0..0.0]
Group-1	PS 42:6:0	357.28	240116_PS_FTMSMS-_3.mzXML	25.0	46429.2	0.0	0.0	[6.0..9.0]	[0.0..0.0]	[0.928..0.988]	[43086.297..45872.047]	[0.231..0.243]	[1.0..1.0]	[0.922..0.995]	[42807.723..46197.055]	[0.23..0.244]	[1.0..1.0]	0.80485684	[34678.3..36920.434]
Group-1	PS 42:6:0	357.28	240116_PS_FTMSMS-_3.mzXML	30.0	62654.6	0.0	0.0	[6.0..9.0]	[0.0..0.0]	[1.072..1.291]	[67165.734..80887.09]	[0.159..0.185]	[1.0..1.0]	[1.076..1.281]	[67416.35..80260.55]	[0.159..0.184]	[1.0..1.0]	0.80485684	[54058.8..65102.527]
Group-1	PS 42:6:0	357.28	240116_PS_FTMSMS-_3.mzXML	35.0	64228.7	0.0	0.0	[6.0..9.0]	[0.0..0.0]	[1.415..1.936]	[90883.61..124346.76]	[0.162..0.209]	[1.0..1.0]	[1.448..1.922]	[93003.16..123447.56]	[0.165..0.208]	[1.0..1.0]	0.80485684	[73148.29..100081.336]
Group-1	PS 34:0:0	255.23	240116_PS_FTMSMS-_4.mzXML	25.0	11343.8	0.0	0.0	[0.0..0.0]	[0.0..1.0]	[1.0..1.0]	[11343.8..11343.8]	[0.322..0.325]	[0.92..1.0]	[1.0..1.0]	[11343.8..11343.8]	[0.325..0.325]	[0.923..1.0]	0.89466476	[10148.898..10148.898]
Group-1	PS 34:0:0	255.23	240116_PS_FTMSMS-_4.mzXML	30.0	14958.2	0.0	0.0	[0.0..0.0]	[0.0..1.0]	[1.0..1.0]	[14958.2..14958.2]	[0.214..0.215]	[0.92..1.0]	[1.0..1.0]	[14958.2..14958.2]	[0.215..0.215]	[0.923..1.0]	0.89466476	[13382.574..13382.574]
Group-1	PS 34:0:0	255.23	240116_PS_FTMSMS-_4.mzXML	35.0	30963.7	0.0	0.0	[0.0..0.0]	[0.0..1.0]	[1.0..1.0]	[30963.7..30963.7]	[0.292..0.292]	[0.92..1.0]	[1.0..1.0]	[30963.7..30963.7]	[0.292..0.292]	[0.923..1.0]	0.89466476	[27702.13..27702.13]
Group-1	PS 34:0:0	283.26	240116_PS_FTMSMS-_4.mzXML	25.0	23890.1	0.0	0.0	[0.0..0.0]	[0.0..1.0]	[0.986..0.998]	[23555.639..23842.32]	[0.675..0.678]	[0.0..0.08]	[0.986..0.987]	[23555.639..23579.527]	[0.675..0.675]	[0.0..0.077]	0.89466476	[21074.4..21330.885]
Group-1	PS 34:0:0	283.26	240116_PS_FTMSMS-_4.mzXML	30.0	56335.3	0.0	0.0	[0.0..0.0]	[0.0..1.0]	[0.968..0.975]	[54532.57..54926.914]	[0.785..0.786]	[0.0..0.08]	[0.968..0.969]	[54532.57..54588.906]	[0.785..0.785]	[0.0..0.077]	0.89466476	[48788.367..49141.18]
Group-1	PS 34:0:0	283.26	240116_PS_FTMSMS-_4.mzXML	35.0	78017.9	0.0	0.0	[0.0..0.0]	[0.0..1.0]	[0.961..0.962]	[74975.2..75053.22]	[0.708..0.708]	[0.0..0.08]	[0.961..0.961]	[74975.2..74975.2]	[0.708..0.708]	[0.0..0.077]	0.89466476	[67077.67..67147.48]
Group-1	PS 34:1:0	253.22	240116_PS_FTMSMS-_4.mzXML	25.0	99730.6	0.0	0.0	[9.0..9.0]	[0.0..1.0]	[0.867..0.927]	[86466.43..92450.266]	[0.242..0.252]	[1.0..1.0]	[0.927..0.927]	[92450.266..92450.266]	[0.254..0.254]	[1.0..1.0]	0.8967037	[77534.77..82900.5]
Group-1	PS 34:1:0	253.22	240116_PS_FTMSMS-_4.mzXML	30.0	199654.6	0.0	0.0	[9.0..9.0]	[0.0..1.0]	[0.913..0.929]	[182284.64..185479.12]	[0.231..0.233]	[1.0..1.0]	[0.929..0.929]	[185479.12..185479.12]	[0.234..0.234]	[1.0..1.0]	0.8967037	[163455.31..166319.81]
Group-1	PS 34:1:0	253.22	240116_PS_FTMSMS-_4.mzXML	35.0	208565.2	0.0	0.0	[9.0..9.0]	[0.0..1.0]	[0.93..0.939]	[193965.64..195842.73]	[0.228..0.23]	[1.0..1.0]	[0.939..0.939]	[195842.73..195842.73]	[0.23..0.23]	[1.0..1.0]	0.8967037	[173929.7..175612.89]
Group-1	PS 34:1:0	255.23	240116_PS_FTMSMS-_4.mzXML	25.0	818640.7	0.0	0.0	[0.0..0.0]	[1.0..1.0]	[1.0..1.0]	[818640.7..818640.7]	[0.677..0.677]	[0.0..0.08]	[1.0..1.0]	[818640.7..818640.7]	[0.677..0.677]	[0.0..0.079]	0.8967037	[734078.1..734078.1]
Group-1	PS 34:1:0	255.23	240116_PS_FTMSMS-_4.mzXML	30.0	1833065.5	0.0	0.0	[0.0..0.0]	[1.0..1.0]	[1.0..1.0]	[1833065.5..1833065.5]	[0.702..0.702]	[0.0..0.08]	[1.0..1.0]	[1833065.5..1833065.5]	[0.702..0.702]	[0.0..0.079]	0.8967037	[1643716.6..1643716.6]
Group-1	PS 34:1:0	255.23	240116_PS_FTMSMS-_4.mzXML	35.0	2093893.4	0.0	0.0	[0.0..0.0]	[1.0..1.0]	[1.0..1.0]	[2093893.4..2093893.4]	[0.721..0.721]	[0.0..0.08]	[1.0..1.0]	[2093893.4..2093893.4]	[0.721..0.721]	[0.0..0.079]	0.8967037	[1877602.0..1877602.0]
Group-1	PS 34:1:0	281.25	240116_PS_FTMSMS-_4.mzXML	25.0	440460.6	0.0	0.0	[9.0..9.0]	[0.0..0.0]	[0.888..0.888]	[391129.0..391129.0]	[0.323..0.323]	[0.92..1.0]	[0.888..0.888]	[391129.0..391129.0]	[0.323..0.323]	[0.921..1.0]	0.8967037	[350726.84..350726.84]
Group-1	PS 34:1:0	281.25	240116_PS_FTMSMS-_4.mzXML	30.0	846596.8	0.0	0.0	[9.0..9.0]	[0.0..0.0]	[0.919..0.919]	[778022.5..778022.5]	[0.298..0.298]	[0.92..1.0]	[0.919..0.919]	[778022.5..778022.5]	[0.298..0.298]	[0.921..1.0]	0.8967037	[697655.6..697655.6]
Group-1	PS 34:1:0	281.25	240116_PS_FTMSMS-_4.mzXML	35.0	866687.0	0.0	0.0	[9.0..9.0]	[0.0..0.0]	[0.936..0.936]	[811219.0..811219.0]	[0.279..0.279]	[0.92..1.0]	[0.936..0.936]	[811219.0..811219.0]	[0.279..0.279]	[0.921..1.0]	0.8967037	[727423.1..727423.1]
Group-1	PS 34:1:0	283.26	240116_PS_FTMSMS-_4.mzXML	25.0	275301.0	0.0	0.0	[0.0..0.0]	[0.0..1.0]	[0.986..0.998]	[271446.78..274750.4]	[0.748..0.758]	[0.0..0.0]	[0.986..0.986]	[271446.78..271446.78]	[0.746..0.746]	[0.0..0.0]	0.8967037	[243407.34..246369.72]
Group-1	PS 34:1:0	283.26	240116_PS_FTMSMS-_4.mzXML	30.0	625709.6	0.0	0.0	[0.0..0.0]	[0.0..1.0]	[0.968..0.975]	[605686.94..610066.9]	[0.767..0.769]	[0.0..0.0]	[0.968..0.968]	[605686.94..605686.94]	[0.766..0.766]	[0.0..0.0]	0.8967037	[543121.7..547049.25]
Group-1	PS 34:1:0	283.26	240116_PS_FTMSMS-_4.mzXML	35.0	683249.2	0.0	0.0	[0.0..0.0]	[0.0..1.0]	[0.961..0.962]	[656602.5..657285.75]	[0.77..0.772]	[0.0..0.0]	[0.961..0.961]	[656602.5..656602.5]	[0.77..0.77]	[0.0..0.0]	0.8967037	[588777.9..589390.56]
Group-1	PS 34:2:0	251.2	240116_PS_FTMSMS-_4.mzXML	25.0	879.8	0.0	0.0	[9.0..9.0]	[0.0..1.0]	[0.856..0.907]	[753.109..797.979]	[0.016..0.016]	[1.0..1.0]	[0.907..0.907]	[797.9786..797.9786]	[0.017..0.017]	[1.0..1.0]	0.8987426	[676.85095..717.17737]
Group-1	PS 34:2:0	251.2	240116_PS_FTMSMS-_4.mzXML	30.0	1484.2	0.0	0.0	[9.0..9.0]	[0.0..1.0]	[0.916..0.928]	[1359.527..1377.338]	[0.025..0.025]	[1.0..1.0]	[0.928..0.928]	[1377.3375..1377.3375]	[0.026..0.026]	[1.0..1.0]	0.8987426	[1221.865..1237.8718]
Group-1	PS 34:2:0	251.2	240116_PS_FTMSMS-_4.mzXML	35.0	1390.7	0.0	0.0	[9.0..9.0]	[0.0..1.0]	[0.967..0.975]	[1344.807..1355.933]	[0.024..0.024]	[1.0..1.0]	[0.975..0.975]	[1355.9325..1355.9325]	[0.024..0.024]	[1.0..1.0]	0.8987426	[1208.6353..1218.6344]
Group-1	PS 34:2:0	253.22	240116_PS_FTMSMS-_4.mzXML	25.0	18940.9	0.0	0.0	[9.0..9.0]	[1.0..1.0]	[0.927..0.927]	[17558.215..17558.215]	[0.337..0.337]	[0.89..0.96]	[0.927..0.927]	[17558.215..17558.215]	[0.337..0.337]	[0.888..0.964]	0.8987426	[15780.315..15780.315]
Group-1	PS 34:2:0	253.22	240116_PS_FTMSMS-_4.mzXML	30.0	34487.6	0.0	0.0	[9.0..9.0]	[1.0..1.0]	[0.929..0.929]	[32038.982..32038.982]	[0.307..0.307]	[0.89..0.96]	[0.929..0.929]	[32038.982..32038.982]	[0.307..0.307]	[0.888..0.964]	0.8987426	[28794.799..28794.799]
Group-1	PS 34:2:0	253.22	240116_PS_FTMSMS-_4.mzXML	35.0	40189.3	0.0	0.0	[9.0..9.0]	[1.0..1.0]	[0.93..0.93]	[37376.05..37376.05]	[0.297..0.297]	[0.89..0.96]	[0.93..0.93]	[37376.05..37376.05]	[0.297..0.297]	[0.888..0.964]	0.8987426	[33591.45..33591.45]
Group-1	PS 34:2:0	255.23	240116_PS_FTMSMS-_4.mzXML	25.0	15328.3	0.0	0.0	[0.0..0.0]	[1.0..1.0]	[1.0..1.0]	[15328.3..15328.3]	[0.724..0.724]	[0.0..0.0]	[1.0..1.0]	[15328.3..15328.3]	[0.724..0.724]	[0.0..0.0]	0.8987426	[13776.196..13776.196]
Group-1	PS 34:2:0	255.23	240116_PS_FTMSMS-_4.mzXML	30.0	31537.3	0.0	0.0	[0.0..0.0]	[1.0..1.0]	[1.0..1.0]	[31537.3..31537.3]	[0.753..0.753]	[0.0..0.0]	[1.0..1.0]	[31537.3..31537.3]	[0.753..0.753]	[0.0..0.0]	0.8987426	[28343.916..28343.916]
Group-1	PS 34:2:0	255.23	240116_PS_FTMSMS-_4.mzXML	35.0	38400.7	0.0	0.0	[0.0..0.0]	[1.0..1.0]	[1.0..1.0]	[38400.7..38400.7]	[0.751..0.751]	[0.0..0.0]	[1.0..1.0]	[38400.7..38400.7]	[0.751..0.751]	[0.0..0.0]	0.8987426	[34512.344..34512.344]
Group-1	PS 34:2:0	279.23	240116_PS_FTMSMS-_4.mzXML	25.0	6623.0	0.0	0.0	[9.0..9.0]	[0.0..0.0]	[0.882..0.882]	[5841.487..5841.487]	[0.276..0.276]	[1.0..1.0]	[0.882..0.882]	[5841.4863..5841.4863]	[0.276..0.276]	[1.0..1.0]	0.8987426	[5249.9927..5249.9927]
Group-1	PS 34:2:0	279.23	240116_PS_FTMSMS-_4.mzXML	30.0	11111.2	0.0	0.0	[9.0..9.0]	[0.0..0.0]	[0.929..0.929]	[10322.306..10322.306]	[0.247..0.247]	[1.0..1.0]	[0.929..0.929]	[10322.306..10322.306]	[0.247..0.247]	[1.0..1.0]	0.8987426	[9277.096..9277.096]
Group-1	PS 34:2:0	279.23	240116_PS_FTMSMS-_4.mzXML	35.0	12968.9	0.0	0.0	[9.0..9.0]	[0.0..0.0]	[0.981..0.981]	[12722.491..12722.491]	[0.249..0.249]	[1.0..1.0]	[0.981..0.981]	[12722.491..12722.491]	[0.249..0.249]	[1.0..1.0]	0.8987426	[11434.245..11434.245]
Group-1	PS 34:2:0	281.25	240116_PS_FTMSMS-_4.mzXML	25.0	38944.8	0.0	0.0	[9.0..9.0]	[0.0..0.0]	[0.888..0.888]	[34582.984..34582.984]	[0.663..0.663]	[0.04..0.11]	[0.888..0.888]	[34582.984..34582.984]	[0.663..0.663]	[0.036..0.112]	0.8987426	[31081.201..31081.201]
Group-1	PS 34:2:0	281.25	240116_PS_FTMSMS-_4.mzXML	30.0	78773.9	0.0	0.0	[9.0..9.0]	[0.0..0.0]	[0.919..0.919]	[72393.22..72393.22]	[0.693..0.693]	[0.04..0.11]	[0.919..0.919]	[72393.22..72393.22]	[0.693..0.693]	[0.036..0.112]	0.8987426	[65062.867..65062.867]
Group-1	PS 34:2:0	281.25	240116_PS_FTMSMS-_4.mzXML	35.0	94382.9	0.0	0.0	[9.0..9.0]	[0.0..0.0]	[0.936..0.936]	[88342.39..88342.39]	[0.703..0.703]	[0.04..0.11]	[0.936..0.936]	[88342.39..88342.39]	[0.703..0.703]	[0.036..0.112]	0.8987426	[79397.07..79397.07]
Group-1	PS 34:2:0	283.26	240116_PS_FTMSMS-_4.mzXML	25.0	47903.9	0.0	0.0	[0.0..0.0]	[0.0..1.0]	[0.986..0.998]	[47233.242..47808.094]	[0.984..0.984]	[0.0..0.0]	[0.986..0.986]	[47233.242..47233.242]	[0.983..0.983]	[0.0..0.0]	0.8987426	[42450.527..42967.168]
Group-1	PS 34:2:0	283.26	240116_PS_FTMSMS-_4.mzXML	30.0	54180.9	0.0	0.0	[0.0..0.0]	[0.0..1.0]	[0.968..0.975]	[52447.11..52826.38]	[0.975..0.975]	[0.0..0.0]	[0.968..0.968]	[52447.11..52447.11]	[0.974..0.974]	[0.0..0.0]	0.8987426	[47136.453..47477.316]
Group-1	PS 34:2:0	283.26	240116_PS_FTMSMS-_4.mzXML	35.0	57114.5	0.0	0.0	[0.0..0.0]	[0.0..1.0]	[0.961..0.962]	[54887.035..54944.15]	[0.976..0.976]	[0.0..0.0]	[0.961..0.961]	[54887.035..54887.035]	[0.976..0.976]	[0.0..0.0]	0.8987426	[49329.316..49380.65]
Group-1	PS 35:0:0	269.25	240116_PS_FTMSMS-_4.mzXML	25.0	1051.7	0.0	0.0	[0.0..0.0]	[0.0..1.0]	[0.99..0.997]	[1041.183..1048.545]	[0.103..0.103]	[1.0..1.0]	[0.997..0.997]	[1048.5448..1048.5448]	[0.104..0.104]	[1.0..1.0]	0.88078475	[917.0581..923.5423]
Group-1	PS 35:0:0	269.25	240116_PS_FTMSMS-_4.mzXML	30.0	1532.7	0.0	0.0	[0.0..0.0]	[0.0..1.0]	[0.981..0.986]	[1503.579..1511.242]	[0.083..0.083]	[1.0..1.0]	[0.986..0.986]	[1511.2422..1511.2422]	[0.083..0.083]	[1.0..1.0]	0.88078475	[1324.3292..1331.0791]
Group-1	PS 35:0:0	269.25	240116_PS_FTMSMS-_4.mzXML	35.0	3782.2	0.0	0.0	[0.0..0.0]	[0.0..1.0]	[0.979..0.979]	[3702.774..3702.774]	[0.143..0.143]	[1.0..1.0]	[0.979..0.979]	[3702.7737..3702.7737]	[0.143..0.143]	[1.0..1.0]	0.88078475	[3261.3464..3261.3464]
Group-1	PS 35:0:0	283.26	240116_PS_FTMSMS-_4.mzXML	25.0	9180.3	0.0	0.0	[0.0..0.0]	[0.0..1.0]	[0.986..0.998]	[9051.775..9161.939]	[0.897..0.897]	[0.0..0.0]	[0.986..0.986]	[9051.775..9051.775]	[0.896..0.896]	[0.0..0.0]	0.88078475	[7972.666..8069.697]
Group-1	PS 35:0:0	283.26	240116_PS_FTMSMS-_4.mzXML	30.0	17187.5	0.0	0.0	[0.0..0.0]	[0.0..1.0]	[0.968..0.975]	[16637.5..16757.812]	[0.917..0.917]	[0.0..0.0]	[0.968..0.968]	[16637.5..16637.5]	[0.917..0.917]	[0.0..0.0]	0.88078475	[14654.057..14760.026]
Group-1	PS 35:0:0	283.26	240116_PS_FTMSMS-_4.mzXML	35.0	23013.5	0.0	0.0	[0.0..0.0]	[0.0..1.0]	[0.961..0.962]	[22115.975..22138.986]	[0.857..0.857]	[0.0..0.0]	[0.961..0.961]	[22115.975..22115.975]	[0.857..0.857]	[0.0..0.0]	0.88078475	[19479.412..19499.682]
Group-1	PS 35:1:0	267.23	240116_PS_FTMSMS-_4.mzXML	25.0	47092.9	0.0	0.0	[9.0..9.0]	[0.0..1.0]	[0.877..0.933]	[41300.473..43937.676]	[0.279..0.289]	[1.0..1.0]	[0.933..0.933]	[43937.676..43937.676]	[0.292..0.292]	[1.0..1.0]	0.8827558	[36458.23..38786.24]
Group-1	PS 35:1:0	267.23	240116_PS_FTMSMS-_4.mzXML	30.0	80830.1	0.0	0.0	[9.0..9.0]	[0.0..1.0]	[0.916..0.927]	[74040.375..74929.51]	[0.241..0.242]	[1.0..1.0]	[0.927..0.927]	[74929.5..74929.5]	[0.243..0.243]	[1.0..1.0]	0.8827558	[65359.57..66144.45]
Group-1	PS 35:1:0	267.23	240116_PS_FTMSMS-_4.mzXML	35.0	90027.4	0.0	0.0	[9.0..9.0]	[0.0..1.0]	[0.923..0.938]	[83095.29..84445.7]	[0.235..0.238]	[1.0..1.0]	[0.938..0.938]	[84445.7..84445.7]	[0.238..0.238]	[1.0..1.0]	0.8827558	[73352.85..74544.94]
Group-1	PS 35:1:0	269.25	240116_PS_FTMSMS-_4.mzXML	25.0	237501.3	0.0	0.0	[0.0..0.0]	[1.0..1.0]	[0.997..0.997]	[236788.78..236788.78]	[0.693..0.693]	[0.0..0.04]	[0.997..0.997]	[236788.78..236788.78]	[0.693..0.693]	[0.0..0.041]	0.8827558	[209026.69..209026.69]
Group-1	PS 35:1:0	269.25	240116_PS_FTMSMS-_4.mzXML	30.0	545000.4	0.0	0.0	[0.0..0.0]	[0.39999998..0.39999998]	[0.983..0.983]	[535735.4..535735.4]	[0.729..0.729]	[0.0..0.04]	[0.983..0.983]	[535735.4..535735.4]	[0.729..0.729]	[0.0..0.041]	0.8827558	[472923.5..472923.5]
Group-1	PS 35:1:0	269.25	240116_PS_FTMSMS-_4.mzXML	35.0	634756.4	0.0	0.0	[0.0..0.0]	[0.39999998..1.0]	[0.979..0.979]	[621426.5..621426.5]	[0.742..0.744]	[0.0..0.04]	[0.979..0.979]	[621426.5..621426.5]	[0.742..0.742]	[0.0..0.041]	0.8827558	[548567.8..548567.8]
Group-1	PS 35:1:0	281.25	240116_PS_FTMSMS-_4.mzXML	25.0	117955.9	0.0	0.0	[9.0..9.0]	[0.0..0.0]	[0.888..0.888]	[104744.83..104744.83]	[0.307..0.307]	[0.96..1.0]	[0.888..0.888]	[104744.836..104744.836]	[0.307..0.307]	[0.959..1.0]	0.8827558	[92464.12..92464.12]
Group-1	PS 35:1:0	281.25	240116_PS_FTMSMS-_4.mzXML	30.0	215233.7	0.0	0.0	[9.0..9.0]	[0.6..0.6]	[0.923..0.923]	[198660.7..198660.7]	[0.271..0.271]	[0.96..1.0]	[0.923..0.923]	[198660.7..198660.7]	[0.271..0.271]	[0.959..1.0]	0.8827558	[175368.89..175368.89]
Group-1	PS 35:1:0	281.25	240116_PS_FTMSMS-_4.mzXML	35.0	231100.2	0.0	0.0	[9.0..9.0]	[0.0..0.6]	[0.924..0.936]	[213536.6..216309.78]	[0.256..0.258]	[0.96..1.0]	[0.936..0.936]	[216309.78..216309.78]	[0.258..0.258]	[0.959..1.0]	0.8827558	[188500.67..190948.72]
Group-1	PS 35:1:0	283.26	240116_PS_FTMSMS-_4.mzXML	25.0	108198.9	0.0	0.0	[0.0..0.0]	[0.0..1.0]	[0.986..0.998]	[106684.12..107982.49]	[0.711..0.721]	[0.0..0.0]	[0.986..0.986]	[106684.12..106684.12]	[0.708..0.708]	[0.0..0.0]	0.8827558	[94176.016..95322.18]
Group-1	PS 35:1:0	283.26	240116_PS_FTMSMS-_4.mzXML	30.0	241368.2	0.0	0.0	[0.0..0.0]	[0.0..1.0]	[0.968..0.975]	[233644.42..235334.0]	[0.758..0.759]	[0.0..0.0]	[0.968..0.968]	[233644.42..233644.42]	[0.757..0.757]	[0.0..0.0]	0.8827558	[206250.97..207742.47]
Group-1	PS 35:1:0	283.26	240116_PS_FTMSMS-_4.mzXML	35.0	281767.9	0.0	0.0	[0.0..0.0]	[0.0..1.0]	[0.961..0.962]	[270778.97..271060.72]	[0.762..0.765]	[0.0..0.0]	[0.961..0.961]	[270778.97..270778.97]	[0.762..0.762]	[0.0..0.0]	0.8827558	[239031.72..239280.44]
Group-1	PS 36:1:0	281.25	240116_PS_FTMSMS-_4.mzXML	25.0	1.7069542E7	0.0	0.0	[9.0..9.0]	[0.0..1.0]	[0.888..0.94]	[1.5157753E7..1.6045369E7]	[0.297..0.306]	[0.98..1.0]	[0.939..0.94]	[1.60283E7..1.6045369E7]	[0.309..0.309]	[0.983..1.0]	0.86926925	[1.3176169E7..1.3947746E7]
Group-1	PS 36:1:0	281.25	240116_PS_FTMSMS-_4.mzXML	30.0	2.5419206E7	0.0	0.0	[9.0..9.0]	[0.0..1.0]	[0.919..0.925]	[2.3360252E7..2.3512766E7]	[0.253..0.253]	[0.98..1.0]	[0.925..0.925]	[2.3512766E7..2.3512766E7]	[0.255..0.255]	[0.983..1.0]	0.86926925	[2.0306348E7..2.0438924E7]
Group-1	PS 36:1:0	281.25	240116_PS_FTMSMS-_4.mzXML	35.0	3.3209098E7	0.0	0.0	[9.0..9.0]	[0.0..1.0]	[0.916..0.936]	[3.0419534E7..3.1083716E7]	[0.243..0.247]	[0.98..1.0]	[0.936..0.936]	[3.1083716E7..3.1083716E7]	[0.247..0.247]	[0.983..1.0]	0.86926925	[2.6442766E7..2.7020118E7]
Group-1	PS 36:1:0	283.26	240116_PS_FTMSMS-_4.mzXML	25.0	3.6388344E7	0.0	0.0	[0.0..0.0]	[0.0..1.0]	[0.986..0.998]	[3.5878908E7..3.6315568E7]	[0.694..0.703]	[0.0..0.02]	[0.986..0.986]	[3.5878908E7..3.5878908E7]	[0.691..0.691]	[0.0..0.017]	0.86926925	[3.118843E7..3.1568006E7]
Group-1	PS 36:1:0	283.26	240116_PS_FTMSMS-_4.mzXML	30.0	7.1067792E7	0.0	0.0	[0.0..0.0]	[0.0..1.0]	[0.968..0.975]	[6.8793624E7..6.9291096E7]	[0.747..0.747]	[0.0..0.02]	[0.968..0.968]	[6.8793624E7..6.8793624E7]	[0.745..0.745]	[0.0..0.017]	0.86926925	[5.9800184E7..6.0232624E7]
Group-1	PS 36:1:0	283.26	240116_PS_FTMSMS-_4.mzXML	35.0	9.8356192E7	0.0	0.0	[0.0..0.0]	[0.0..1.0]	[0.961..0.962]	[9.4520304E7..9.4618656E7]	[0.753..0.757]	[0.0..0.02]	[0.961..0.961]	[9.4520304E7..9.4520304E7]	[0.753..0.753]	[0.0..0.017]	0.86926925	[8.2163592E7..8.2249096E7]
Group-1	PS 36:2:0	279.23	240116_PS_FTMSMS-_4.mzXML	25.0	160862.2	0.0	0.0	[9.0..9.0]	[0.0..1.0]	[0.882..0.927]	[141880.47..149119.27]	[0.278..0.285]	[1.0..1.0]	[0.927..0.927]	[149119.27..149119.27]	[0.288..0.288]	[1.0..1.0]	0.8711848	[123604.1..129910.43]
Group-1	PS 36:2:0	279.23	240116_PS_FTMSMS-_4.mzXML	30.0	305801.6	0.0	0.0	[9.0..9.0]	[0.0..1.0]	[0.929..0.932]	[284089.7..285007.1]	[0.264..0.265]	[1.0..1.0]	[0.932..0.932]	[285007.1..285007.1]	[0.266..0.266]	[1.0..1.0]	0.8711848	[247494.64..248293.86]
Group-1	PS 36:2:0	279.23	240116_PS_FTMSMS-_4.mzXML	35.0	228164.5	0.0	0.0	[9.0..9.0]	[0.0..1.0]	[0.962..0.981]	[219494.25..223829.38]	[0.193..0.196]	[1.0..1.0]	[0.981..0.981]	[223829.38..223829.38]	[0.196..0.196]	[1.0..1.0]	0.8711848	[191220.06..194996.77]
Group-1	PS 36:2:0	281.25	240116_PS_FTMSMS-_4.mzXML	25.0	6379702.5	0.0	0.0	[9.0..9.0]	[0.5..0.5]	[0.946..0.946]	[6035198.5..6035198.5]	[0.5..0.5]	[0.5..0.5]	[0.946..0.946]	[6035198.5..6035198.5]	[0.5..0.5]	[0.5..0.5]	0.8711848	[5257773.5..5257773.5]
Group-1	PS 36:2:0	281.25	240116_PS_FTMSMS-_4.mzXML	30.0	1.3504682E7	0.0	0.0	[9.0..9.0]	[0.5..0.5]	[0.911..0.911]	[1.2302765E7..1.2302765E7]	[0.5..0.5]	[0.5..0.5]	[0.911..0.911]	[1.2302765E7..1.2302765E7]	[0.5..0.5]	[0.5..0.5]	0.8711848	[1.0717983E7..1.0717983E7]
Group-1	PS 36:2:0	281.25	240116_PS_FTMSMS-_4.mzXML	35.0	1.4563932E7	0.0	0.0	[9.0..9.0]	[0.5..0.5]	[0.887..0.887]	[1.2918209E7..1.2918209E7]	[0.5..0.5]	[0.5..0.5]	[0.887..0.887]	[1.2918208E7..1.2918208E7]	[0.5..0.5]	[0.5..0.5]	0.8711848	[1.1254147E7..1.1254147E7]
Group-1	PS 36:2:0	283.26	240116_PS_FTMSMS-_4.mzXML	25.0	374106.0	0.0	0.0	[0.0..0.0]	[0.0..1.0]	[0.986..0.998]	[368868.53..373357.8]	[0.715..0.722]	[0.0..0.0]	[0.986..0.986]	[368868.53..368868.53]	[0.712..0.712]	[0.0..0.0]	0.8711848	[321352.66..325263.66]
Group-1	PS 36:2:0	283.26	240116_PS_FTMSMS-_4.mzXML	30.0	814469.3	0.0	0.0	[0.0..0.0]	[0.0..1.0]	[0.968..0.975]	[788406.3..794107.6]	[0.735..0.736]	[0.0..0.0]	[0.968..0.968]	[788406.3..788406.3]	[0.734..0.734]	[0.0..0.0]	0.8711848	[686847.6..691814.5]
Group-1	PS 36:2:0	283.26	240116_PS_FTMSMS-_4.mzXML	35.0	952453.4	0.0	0.0	[0.0..0.0]	[0.0..1.0]	[0.961..0.962]	[915307.7..916260.2]	[0.804..0.807]	[0.0..0.0]	[0.961..0.961]	[915307.7..915307.7]	[0.804..0.804]	[0.0..0.0]	0.8711848	[797402.2..798231.94]
Group-1	PS 36:3:0	253.22	240116_PS_FTMSMS-_4.mzXML	25.0	814.3	0.0	0.0	[9.0..9.0]	[1.0..1.0]	[0.927..0.927]	[754.856..754.856]	[0.485..0.485]	[0.54..0.95]	[0.927..0.927]	[754.8561..754.8561]	[0.485..0.485]	[0.536..0.952]	0.8731096	[659.0721..659.0721]
Group-1	PS 36:3:0	253.22	240116_PS_FTMSMS-_4.mzXML	30.0	1126.5	0.0	0.0	[9.0..9.0]	[1.0..1.0]	[0.929..0.929]	[1046.519..1046.519]	[0.359..0.359]	[0.54..0.95]	[0.929..0.929]	[1046.5186..1046.5186]	[0.359..0.359]	[0.536..0.952]	0.8731096	[913.72534..913.72534]
Group-1	PS 36:3:0	253.22	240116_PS_FTMSMS-_4.mzXML	35.0	1039.2	0.0	0.0	[9.0..9.0]	[1.0..1.0]	[0.93..0.93]	[966.456..966.456]	[0.302..0.302]	[0.54..0.95]	[0.93..0.93]	[966.45593..966.45593]	[0.302..0.302]	[0.536..0.952]	0.8731096	[843.82196..843.82196]
Group-1	PS 36:3:0	255.23	240116_PS_FTMSMS-_4.mzXML	25.0	12824.1	0.0	0.0	[0.0..0.0]	[0.0..1.0]	[1.0..1.0]	[12824.1..12824.1]	[0.717..0.727]	[0.0..0.0]	[1.0..1.0]	[12824.1..12824.1]	[0.717..0.718]	[0.0..0.0]	0.8731096	[11196.844..11196.844]
Group-1	PS 36:3:0	255.23	240116_PS_FTMSMS-_4.mzXML	30.0	25511.7	0.0	0.0	[0.0..0.0]	[1.0..1.0]	[1.0..1.0]	[25511.7..25511.7]	[0.75..0.769]	[0.0..0.0]	[1.0..1.0]	[25511.7..25511.7]	[0.749..0.771]	[0.0..0.0]	0.8731096	[22274.51..22274.51]
Group-1	PS 36:3:0	255.23	240116_PS_FTMSMS-_4.mzXML	35.0	32938.0	0.0	0.0	[0.0..0.0]	[0.0..1.0]	[1.0..1.0]	[32938.0..32938.0]	[0.756..0.796]	[0.0..0.0]	[1.0..1.0]	[32938.0..32938.0]	[0.756..0.801]	[0.0..0.0]	0.8731096	[28758.482..28758.482]
Group-1	PS 36:3:0	277.22	240116_PS_FTMSMS-_4.mzXML	25.0	3013.5	0.0	0.0	[6.0..9.0]	[0.0..1.0]	[0.921..0.977]	[2775.434..2944.19]	[0.198..0.206]	[1.0..1.0]	[0.95..0.977]	[2862.825..2944.1895]	[0.203..0.208]	[1.0..1.0]	0.8731096	[2423.2576..2570.6]
Group-1	PS 36:3:0	277.22	240116_PS_FTMSMS-_4.mzXML	30.0	4252.6	0.0	0.0	[6.0..9.0]	[0.0..1.0]	[1.016..1.112]	[4320.642..4728.891]	[0.161..0.173]	[1.0..1.0]	[1.008..1.112]	[4286.621..4728.891]	[0.16..0.174]	[1.0..1.0]	0.8731096	[3772.3938..4128.8403]
Group-1	PS 36:3:0	277.22	240116_PS_FTMSMS-_4.mzXML	35.0	4383.1	0.0	0.0	[6.0..9.0]	[0.0..1.0]	[1.152..1.342]	[5049.331..5882.121]	[0.15..0.171]	[1.0..1.0]	[1.126..1.342]	[4935.371..5882.1206]	[0.147..0.171]	[1.0..1.0]	0.8731096	[4408.6196..5135.736]
Group-1	PS 36:3:0	279.23	240116_PS_FTMSMS-_4.mzXML	25.0	65697.9	0.0	0.0	[9.0..9.0]	[1.0..1.0]	[0.927..0.927]	[60901.95..60901.95]	[0.467..0.467]	[0.57..0.59]	[0.927..0.927]	[60901.95..60901.95]	[0.467..0.467]	[0.569..0.589]	0.8731096	[53174.08..53174.08]
Group-1	PS 36:3:0	279.23	240116_PS_FTMSMS-_4.mzXML	30.0	123559.0	0.0	0.0	[9.0..9.0]	[1.0..1.0]	[0.932..0.932]	[115156.984..115156.984]	[0.47..0.47]	[0.57..0.59]	[0.932..0.932]	[115156.984..115156.984]	[0.47..0.47]	[0.569..0.589]	0.8731096	[100544.664..100544.664]
Group-1	PS 36:3:0	279.23	240116_PS_FTMSMS-_4.mzXML	35.0	140616.5	0.0	0.0	[9.0..9.0]	[1.0..1.0]	[0.962..0.962]	[135273.08..135273.08]	[0.461..0.461]	[0.57..0.59]	[0.962..0.962]	[135273.08..135273.08]	[0.461..0.461]	[0.569..0.589]	0.8731096	[118108.21..118108.21]
Group-1	PS 36:3:0	281.25	240116_PS_FTMSMS-_4.mzXML	25.0	78356.2	0.0	0.0	[9.0..9.0]	[0.0..0.0]	[0.888..0.888]	[69580.31..69580.31]	[0.533..0.533]	[0.41..0.43]	[0.888..0.888]	[69580.31..69580.31]	[0.533..0.533]	[0.411..0.431]	0.8731096	[60751.24..60751.24]
Group-1	PS 36:3:0	281.25	240116_PS_FTMSMS-_4.mzXML	30.0	141329.8	0.0	0.0	[9.0..9.0]	[0.0..0.0]	[0.919..0.919]	[129882.086..129882.086]	[0.53..0.53]	[0.41..0.43]	[0.919..0.919]	[129882.086..129882.086]	[0.53..0.53]	[0.411..0.431]	0.8731096	[113401.3..113401.3]
Group-1	PS 36:3:0	281.25	240116_PS_FTMSMS-_4.mzXML	35.0	169295.6	0.0	0.0	[9.0..9.0]	[0.0..0.0]	[0.936..0.936]	[158460.67..158460.67]	[0.539..0.539]	[0.41..0.43]	[0.936..0.936]	[158460.67..158460.67]	[0.539..0.539]	[0.411..0.431]	0.8731096	[138353.53..138353.53]
Group-1	PS 36:3:0	283.26	240116_PS_FTMSMS-_4.mzXML	25.0	11395.3	0.0	0.0	[0.0..0.0]	[0.0..1.0]	[0.986..0.998]	[11235.766..11372.51]	[0.794..0.802]	[0.0..0.0]	[0.986..0.986]	[11235.766..11235.766]	[0.792..0.797]	[0.0..0.0]	0.8731096	[9810.055..9929.447]
Group-1	PS 36:3:0	283.26	240116_PS_FTMSMS-_4.mzXML	30.0	23252.5	0.0	0.0	[0.0..0.0]	[0.0..1.0]	[0.968..0.975]	[22508.42..22671.188]	[0.827..0.839]	[0.0..0.0]	[0.968..0.968]	[22508.42..22508.42]	[0.826..0.84]	[0.0..0.0]	0.8731096	[19652.316..19794.432]
Group-1	PS 36:3:0	283.26	240116_PS_FTMSMS-_4.mzXML	35.0	29725.8	0.0	0.0	[0.0..0.0]	[0.0..1.0]	[0.961..0.962]	[28566.496..28596.22]	[0.829..0.85]	[0.0..0.0]	[0.961..0.961]	[28566.496..28566.496]	[0.829..0.853]	[0.0..0.0]	0.8731096	[24941.68..24967.633]
Group-1	PS 36:3:0	305.25	240116_PS_FTMSMS-_4.mzXML	25.0	5330.8	0.0	0.0	[5.0..11.0]	[0.0..1.0]	[0.905..0.95]	[4824.374..5064.26]	[0.273..0.283]	[1.0..1.0]	[0.945..0.95]	[5037.606..5064.26]	[0.282..0.283]	[1.0..1.0]	0.8731096	[4212.207..4421.654]
Group-1	PS 36:3:0	305.25	240116_PS_FTMSMS-_4.mzXML	30.0	8012.5	0.0	0.0	[5.0..11.0]	[0.0..0.0]	[0.956..1.063]	[7659.95..8517.287]	[0.231..0.25]	[1.0..1.0]	[0.946..1.067]	[7579.8247..8549.338]	[0.229..0.251]	[1.0..1.0]	0.8731096	[6687.9756..7436.525]
Group-1	PS 36:3:0	305.25	240116_PS_FTMSMS-_4.mzXML	35.0	8232.2	0.0	0.0	[5.0..11.0]	[0.0..1.0]	[1.023..1.293]	[8421.541..10644.234]	[0.204..0.244]	[1.0..1.0]	[0.995..1.293]	[8191.039..10644.234]	[0.199..0.244]	[1.0..1.0]	0.8731096	[7352.9277..9293.583]
Group-1	PS 36:3:0	307.26	240116_PS_FTMSMS-_4.mzXML	25.0	878.0	0.0	0.0	[11.0..11.0]	[0.0..0.0]	[0.912..0.912]	[800.736..800.736]	[0.515..0.515]	[0.05..0.46]	[0.912..0.912]	[800.736..800.736]	[0.515..0.515]	[0.048..0.464]	0.8731096	[699.13025..699.13025]
Group-1	PS 36:3:0	307.26	240116_PS_FTMSMS-_4.mzXML	30.0	2015.2	0.0	0.0	[11.0..11.0]	[0.0..0.0]	[0.929..0.929]	[1872.121..1872.121]	[0.641..0.641]	[0.05..0.46]	[0.929..0.929]	[1872.1208..1872.1208]	[0.641..0.641]	[0.048..0.464]	0.8731096	[1634.5665..1634.5665]
Group-1	PS 36:3:0	307.26	240116_PS_FTMSMS-_4.mzXML	35.0	2351.6	0.0	0.0	[11.0..11.0]	[0.0..0.0]	[0.951..0.951]	[2236.372..2236.372]	[0.698..0.698]	[0.05..0.46]	[0.951..0.951]	[2236.3716..2236.3716]	[0.698..0.698]	[0.048..0.464]	0.8731096	[1952.5975..1952.5975]
Group-1	PS 36:4:0	253.22	240116_PS_FTMSMS-_4.mzXML	25.0	4725.7	0.0	0.0	[9.0..9.0]	[1.0..1.0]	[0.927..0.927]	[4380.724..4380.724]	[0.884..0.886]	[0.0..0.0]	[0.927..0.927]	[4380.724..4380.724]	[0.881..0.882]	[0.0..0.0]	0.875034	[3833.2825..3833.2825]
Group-1	PS 36:4:0	253.22	240116_PS_FTMSMS-_4.mzXML	30.0	12797.7	0.0	0.0	[9.0..9.0]	[1.0..1.0]	[0.929..0.929]	[11889.063..11889.063]	[0.93..0.936]	[0.0..0.0]	[0.929..0.929]	[11889.063..11889.063]	[0.929..0.937]	[0.0..0.0]	0.875034	[10403.335..10403.335]
Group-1	PS 36:4:0	253.22	240116_PS_FTMSMS-_4.mzXML	35.0	17457.8	0.0	0.0	[9.0..9.0]	[1.0..1.0]	[0.93..0.93]	[16235.755..16235.755]	[0.933..0.947]	[0.0..0.0]	[0.93..0.93]	[16235.755..16235.755]	[0.934..0.948]	[0.0..0.0]	0.875034	[14206.837..14206.837]
Group-1	PS 36:4:0	255.23	240116_PS_FTMSMS-_4.mzXML	25.0	71797.5	0.0	0.0	[0.0..0.0]	[1.0..1.0]	[1.0..1.0]	[71797.51..71797.51]	[0.838..0.841]	[0.0..0.0]	[1.0..1.0]	[71797.5..71797.5]	[0.829..0.837]	[0.0..0.0]	0.875034	[62825.25..62825.25]
Group-1	PS 36:4:0	255.23	240116_PS_FTMSMS-_4.mzXML	30.0	183294.8	0.0	0.0	[0.0..0.0]	[1.0..1.0]	[1.0..1.0]	[183294.8..183294.8]	[0.879..0.893]	[0.0..0.0]	[1.0..1.0]	[183294.8..183294.8]	[0.878..0.893]	[0.0..0.0]	0.875034	[160389.17..160389.17]
Group-1	PS 36:4:0	255.23	240116_PS_FTMSMS-_4.mzXML	35.0	249976.9	0.0	0.0	[0.0..0.0]	[1.0..1.0]	[1.0..1.0]	[249976.9..249976.9]	[0.898..0.919]	[0.0..0.0]	[1.0..1.0]	[249976.9..249976.9]	[0.899..0.92]	[0.0..0.0]	0.875034	[218738.28..218738.28]
Group-1	PS 36:4:0	279.23	240116_PS_FTMSMS-_4.mzXML	25.0	1773.1	0.0	0.0	[9.0..9.0]	[0.5..0.5]	[0.932..0.932]	[1652.529..1652.529]	[0.5..0.5]	[0.5..0.5]	[0.932..0.932]	[1652.5292..1652.5292]	[0.5..0.5]	[0.5..0.5]	0.875034	[1446.0192..1446.0192]
Group-1	PS 36:4:0	279.23	240116_PS_FTMSMS-_4.mzXML	30.0	2647.8	0.0	0.0	[9.0..9.0]	[0.5..0.5]	[0.913..0.913]	[2417.442..2417.442]	[0.5..0.5]	[0.5..0.5]	[0.913..0.913]	[2417.4414..2417.4414]	[0.5..0.5]	[0.5..0.5]	0.875034	[2115.3435..2115.3435]
Group-1	PS 36:4:0	279.23	240116_PS_FTMSMS-_4.mzXML	35.0	3154.4	0.0	0.0	[9.0..9.0]	[0.5..0.5]	[0.921..0.921]	[2905.203..2905.203]	[0.5..0.5]	[0.5..0.5]	[0.921..0.921]	[2905.2024..2905.2024]	[0.5..0.5]	[0.5..0.5]	0.875034	[2542.1506..2542.1506]
Group-1	PS 36:4:0	303.23	240116_PS_FTMSMS-_4.mzXML	25.0	13935.5	0.0	0.0	[5.0..8.0]	[0.0..0.0]	[0.972..0.996]	[13545.306..13879.758]	[0.159..0.162]	[1.0..1.0]	[1.0..1.062]	[13935.5..14799.502]	[0.163..0.171]	[1.0..1.0]	0.875034	[11852.604..12145.26]
Group-1	PS 36:4:0	303.23	240116_PS_FTMSMS-_4.mzXML	30.0	18930.2	0.0	0.0	[5.0..8.0]	[0.0..0.0]	[1.162..1.328]	[21996.89..25139.303]	[0.107..0.121]	[1.0..1.0]	[1.159..1.348]	[21940.102..25517.91]	[0.107..0.122]	[1.0..1.0]	0.875034	[19248.027..21997.746]
Group-1	PS 36:4:0	303.23	240116_PS_FTMSMS-_4.mzXML	35.0	14826.3	0.0	0.0	[5.0..8.0]	[0.0..0.0]	[1.492..1.914]	[22120.84..28377.54]	[0.081..0.102]	[1.0..1.0]	[1.474..1.894]	[21853.965..28081.012]	[0.08..0.101]	[1.0..1.0]	0.875034	[19356.484..24831.309]
Group-1	PS 36:4:0	305.25	240116_PS_FTMSMS-_4.mzXML	25.0	620.6	0.0	0.0	[5.0..11.0]	[0.0..0.0]	[0.905..0.922]	[561.643..572.193]	[0.114..0.116]	[1.0..1.0]	[0.945..0.95]	[586.467..589.56995]	[0.118..0.119]	[1.0..1.0]	0.875034	[491.4567..500.68848]
Group-1	PS 36:4:0	305.25	240116_PS_FTMSMS-_4.mzXML	30.0	848.3	0.0	0.0	[5.0..11.0]	[0.0..0.0]	[0.956..1.063]	[810.975..901.743]	[0.064..0.07]	[1.0..1.0]	[0.946..1.067]	[802.49176..905.1361]	[0.063..0.071]	[1.0..1.0]	0.875034	[709.6305..789.05566]
Group-1	PS 36:4:0	305.25	240116_PS_FTMSMS-_4.mzXML	35.0	891.7	0.0	0.0	[5.0..11.0]	[0.0..0.0]	[1.023..1.308]	[912.209..1166.344]	[0.053..0.067]	[1.0..1.0]	[0.995..1.293]	[887.2415..1152.9681]	[0.052..0.066]	[1.0..1.0]	0.875034	[798.214..1020.5903]
Group-1	PS 37:0:0	283.26	240116_PS_FTMSMS-_4.mzXML	25.0	32286.4	0.0	0.0	[0.0..0.0]	[0.0..1.0]	[0.986..0.998]	[31834.39..32221.828]	[1.0..1.0]	[0.0..0.0]	[0.986..0.986]	[31834.39..31834.39]	[1.0..1.0]	[0.0..0.0]	0.854385	[27198.828..27529.848]
Group-1	PS 37:0:0	283.26	240116_PS_FTMSMS-_4.mzXML	30.0	83756.0	0.0	0.0	[0.0..0.0]	[0.0..1.0]	[0.968..0.975]	[81075.805..81662.1]	[1.0..1.0]	[0.0..0.0]	[0.968..0.968]	[81075.805..81075.805]	[1.0..1.0]	[0.0..0.0]	0.854385	[69269.96..69770.88]
Group-1	PS 37:0:0	283.26	240116_PS_FTMSMS-_4.mzXML	35.0	103251.8	0.0	0.0	[0.0..0.0]	[0.0..1.0]	[0.961..0.962]	[99224.98..99328.23]	[1.0..1.0]	[0.0..0.0]	[0.961..0.961]	[99224.98..99224.98]	[1.0..1.0]	[0.0..0.0]	0.854385	[84776.336..84864.555]
Group-1	PS 37:0:0	297.28	240116_PS_FTMSMS-_4.mzXML	25.0	-1.7	0.0	-0.0	[0.0..0.0]	[0.0..1.0]	[0.987..1.003]	[-1.705..-1.678]	[-0.0..-0.0]	[1.0..1.0]	[1.003..1.003]	[-1.7051..-1.7051]	[-0.0..-0.0]	[1.0..1.0]	0.854385	[-1.4568119..-1.4335726]
Group-1	PS 37:0:0	297.28	240116_PS_FTMSMS-_4.mzXML	30.0	-1.7	0.0	-0.0	[0.0..0.0]	[0.0..1.0]	[0.959..0.967]	[-1.644..-1.63]	[-0.0..-0.0]	[1.0..1.0]	[0.967..0.967]	[-1.6439..-1.6439]	[-0.0..-0.0]	[1.0..1.0]	0.854385	[-1.4045236..-1.3929039]
Group-1	PS 37:0:0	297.28	240116_PS_FTMSMS-_4.mzXML	35.0	-1.7	0.0	-0.0	[0.0..0.0]	[0.0..1.0]	[0.947..0.947]	[-1.61..-1.61]	[-0.0..-0.0]	[1.0..1.0]	[0.947..0.947]	[-1.6099001..-1.6099001]	[-0.0..-0.0]	[1.0..1.0]	0.854385	[-1.3754746..-1.3754746]
Group-1	PS 37:1:0	269.25	240116_PS_FTMSMS-_4.mzXML	25.0	21326.2	0.0	0.0	[0.0..0.0]	[1.0..1.0]	[0.997..0.997]	[21262.22..21262.22]	[0.746..0.746]	[0.0..0.0]	[0.997..0.997]	[21262.22..21262.22]	[0.746..0.746]	[0.0..0.0]	0.8562302	[18205.355..18205.355]
Group-1	PS 37:1:0	269.25	240116_PS_FTMSMS-_4.mzXML	30.0	48297.6	0.0	0.0	[0.0..0.0]	[1.0..1.0]	[0.986..0.986]	[47621.434..47621.434]	[0.763..0.763]	[0.0..0.0]	[0.986..0.986]	[47621.434..47621.434]	[0.763..0.763]	[0.0..0.0]	0.8562302	[40774.91..40774.91]
Group-1	PS 37:1:0	269.25	240116_PS_FTMSMS-_4.mzXML	35.0	61166.3	0.0	0.0	[0.0..0.0]	[1.0..1.0]	[0.979..0.979]	[59881.81..59881.81]	[0.772..0.772]	[0.0..0.0]	[0.979..0.979]	[59881.81..59881.81]	[0.772..0.772]	[0.0..0.0]	0.8562302	[51272.61..51272.61]
Group-1	PS 37:1:0	281.25	240116_PS_FTMSMS-_4.mzXML	25.0	105306.4	0.0	0.0	[9.0..9.0]	[0.0..1.0]	[0.888..0.94]	[93512.086..98988.016]	[0.518..0.528]	[0.46..0.62]	[0.912..0.92]	[96039.44..96881.89]	[0.523..0.524]	[0.457..0.617]	0.8562302	[80067.87..84756.52]
Group-1	PS 37:1:0	281.25	240116_PS_FTMSMS-_4.mzXML	30.0	182251.4	0.0	0.0	[9.0..9.0]	[0.0..1.0]	[0.919..0.925]	[167489.05..168582.55]	[0.463..0.464]	[0.46..0.62]	[0.922..0.923]	[168035.8..168218.05]	[0.464..0.464]	[0.457..0.617]	0.8562302	[143409.17..144345.47]
Group-1	PS 37:1:0	281.25	240116_PS_FTMSMS-_4.mzXML	35.0	207733.5	0.0	0.0	[9.0..9.0]	[0.0..1.0]	[0.916..0.936]	[190283.89..194438.55]	[0.443..0.449]	[0.46..0.62]	[0.925..0.928]	[192153.48..192776.69]	[0.446..0.447]	[0.457..0.617]	0.8562302	[162926.81..166484.17]
Group-1	PS 37:1:0	283.26	240116_PS_FTMSMS-_4.mzXML	25.0	198911.3	0.0	0.0	[0.0..0.0]	[1.0..1.0]	[0.998..0.998]	[198513.48..198513.48]	[0.834..0.834]	[0.0..0.0]	[0.998..0.998]	[198513.48..198513.48]	[0.834..0.834]	[0.0..0.0]	0.8562302	[169973.23..169973.23]
Group-1	PS 37:1:0	283.26	240116_PS_FTMSMS-_4.mzXML	30.0	412222.0	0.0	0.0	[0.0..0.0]	[1.0..1.0]	[0.975..0.975]	[401916.47..401916.47]	[0.86..0.86]	[0.0..0.0]	[0.975..0.975]	[401916.47..401916.47]	[0.86..0.86]	[0.0..0.0]	0.8562302	[344133.03..344133.03]
Group-1	PS 37:1:0	283.26	240116_PS_FTMSMS-_4.mzXML	35.0	529017.1	0.0	0.0	[0.0..0.0]	[1.0..1.0]	[0.962..0.962]	[508914.47..508914.47]	[0.854..0.854]	[0.0..0.0]	[0.962..0.962]	[508914.47..508914.47]	[0.854..0.854]	[0.0..0.0]	0.8562302	[435747.94..435747.94]
Group-1	PS 37:1:0	295.26	240116_PS_FTMSMS-_4.mzXML	25.0	43910.5	0.0	0.0	[9.0..9.0]	[0.0..0.0]	[0.899..0.899]	[39475.54..39475.54]	[0.166..0.166]	[1.0..1.0]	[0.899..0.899]	[39475.54..39475.54]	[0.166..0.166]	[1.0..1.0]	0.8562302	[33800.15..33800.15]
Group-1	PS 37:1:0	295.26	240116_PS_FTMSMS-_4.mzXML	30.0	71271.3	0.0	0.0	[9.0..9.0]	[0.0..0.0]	[0.921..0.921]	[65640.87..65640.87]	[0.14..0.14]	[1.0..1.0]	[0.921..0.921]	[65640.87..65640.87]	[0.14..0.14]	[1.0..1.0]	0.8562302	[56203.69..56203.69]
Group-1	PS 37:1:0	295.26	240116_PS_FTMSMS-_4.mzXML	35.0	92958.4	0.0	0.0	[9.0..9.0]	[0.0..0.0]	[0.933..0.933]	[86730.19..86730.19]	[0.146..0.146]	[1.0..1.0]	[0.933..0.933]	[86730.19..86730.19]	[0.146..0.146]	[1.0..1.0]	0.8562302	[74261.01..74261.01]
Group-1	PS 37:1:0	297.28	240116_PS_FTMSMS-_4.mzXML	25.0	88335.3	0.0	0.0	[0.0..0.0]	[0.0..1.0]	[0.987..1.003]	[87186.94..88600.305]	[0.472..0.482]	[0.38..0.54]	[0.993..0.996]	[87716.945..87981.95]	[0.476..0.477]	[0.383..0.543]	0.8562302	[74652.09..75862.26]
Group-1	PS 37:1:0	297.28	240116_PS_FTMSMS-_4.mzXML	30.0	201896.4	0.0	0.0	[0.0..0.0]	[0.0..1.0]	[0.959..0.967]	[193618.66..195233.83]	[0.536..0.537]	[0.38..0.54]	[0.962..0.963]	[194224.34..194426.23]	[0.536..0.536]	[0.383..0.543]	0.8562302	[165782.14..167165.1]
Group-1	PS 37:1:0	297.28	240116_PS_FTMSMS-_4.mzXML	35.0	252133.6	0.0	0.0	[0.0..0.0]	[0.0..1.0]	[0.947..0.947]	[238770.52..238770.52]	[0.551..0.557]	[0.38..0.54]	[0.947..0.947]	[238770.52..238770.52]	[0.553..0.554]	[0.383..0.543]	0.8562302	[204442.53..204442.53]
Group-1	PS 37:1:0	309.28	240116_PS_FTMSMS-_4.mzXML	25.0	7889.0	0.0	0.0	[11.0..11.0]	[0.0..0.0]	[0.919..0.919]	[7249.991..7249.991]	[0.254..0.254]	[1.0..1.0]	[0.919..0.919]	[7249.991..7249.991]	[0.254..0.254]	[1.0..1.0]	0.8562302	[6207.661..6207.661]
Group-1	PS 37:1:0	309.28	240116_PS_FTMSMS-_4.mzXML	30.0	15827.8	0.0	0.0	[11.0..11.0]	[0.0..0.0]	[0.932..0.932]	[14751.509..14751.509]	[0.237..0.237]	[1.0..1.0]	[0.932..0.932]	[14751.509..14751.509]	[0.237..0.237]	[1.0..1.0]	0.8562302	[12630.6875..12630.6875]
Group-1	PS 37:1:0	309.28	240116_PS_FTMSMS-_4.mzXML	35.0	18940.5	0.0	0.0	[11.0..11.0]	[0.0..0.0]	[0.932..0.932]	[17652.545..17652.545]	[0.228..0.228]	[1.0..1.0]	[0.932..0.932]	[17652.545..17652.545]	[0.228..0.228]	[1.0..1.0]	0.8562302	[15114.643..15114.643]
Group-1	PS 37:2:0	267.23	240116_PS_FTMSMS-_4.mzXML	25.0	1766.1	0.0	0.0	[9.0..9.0]	[1.0..1.0]	[0.933..0.933]	[1647.771..1647.771]	[0.399..0.399]	[0.74..0.92]	[0.933..0.933]	[1647.7714..1647.7714]	[0.399..0.399]	[0.74..0.923]	0.85807484	[1413.9111..1413.9111]
Group-1	PS 37:2:0	267.23	240116_PS_FTMSMS-_4.mzXML	30.0	2974.2	0.0	0.0	[9.0..9.0]	[1.0..1.0]	[0.927..0.927]	[2757.083..2757.083]	[0.317..0.317]	[0.74..0.92]	[0.927..0.927]	[2757.0833..2757.0833]	[0.317..0.317]	[0.74..0.923]	0.85807484	[2365.784..2365.784]
Group-1	PS 37:2:0	267.23	240116_PS_FTMSMS-_4.mzXML	35.0	3887.7	0.0	0.0	[9.0..9.0]	[1.0..1.0]	[0.923..0.923]	[3588.347..3588.347]	[0.364..0.364]	[0.74..0.92]	[0.923..0.923]	[3588.347..3588.347]	[0.364..0.364]	[0.74..0.923]	0.85807484	[3079.0703..3079.0703]
Group-1	PS 37:2:0	269.25	240116_PS_FTMSMS-_4.mzXML	25.0	5057.1	0.0	0.0	[0.0..0.0]	[0.6..0.6]	[0.994..0.994]	[5026.758..5026.758]	[0.69..0.69]	[0.0..0.05]	[0.994..0.994]	[5026.758..5026.758]	[0.69..0.69]	[0.0..0.048]	0.85807484	[4313.3345..4313.3345]
Group-1	PS 37:2:0	269.25	240116_PS_FTMSMS-_4.mzXML	30.0	11309.4	0.0	0.0	[0.0..0.0]	[1.0..1.0]	[0.986..0.986]	[11151.068..11151.068]	[0.777..0.777]	[0.0..0.05]	[0.986..0.986]	[11151.068..11151.068]	[0.777..0.777]	[0.0..0.048]	0.85807484	[9568.451..9568.451]
Group-1	PS 37:2:0	269.25	240116_PS_FTMSMS-_4.mzXML	35.0	12344.2	0.0	0.0	[0.0..0.0]	[0.6..1.0]	[0.979..0.979]	[12084.972..12084.972]	[0.75..0.752]	[0.0..0.05]	[0.979..0.979]	[12084.972..12084.972]	[0.75..0.75]	[0.0..0.048]	0.85807484	[10369.811..10369.811]
Group-1	PS 37:2:0	279.23	240116_PS_FTMSMS-_4.mzXML	25.0	688.7	0.0	0.0	[9.0..9.0]	[0.0..1.0]	[0.882..0.927]	[607.433..638.425]	[0.387..0.395]	[0.67..0.79]	[0.912..0.918]	[628.0944..632.2266]	[0.394..0.395]	[0.669..0.789]	0.85807484	[521.2234..547.81635]
Group-1	PS 37:2:0	279.23	240116_PS_FTMSMS-_4.mzXML	30.0	1553.4	0.0	0.0	[9.0..9.0]	[0.0..1.0]	[0.929..0.932]	[1443.109..1447.769]	[0.374..0.375]	[0.67..0.79]	[0.931..0.931]	[1446.2155..1446.2155]	[0.375..0.375]	[0.669..0.789]	0.85807484	[1238.2952..1242.294]
Group-1	PS 37:2:0	279.23	240116_PS_FTMSMS-_4.mzXML	35.0	1801.8	0.0	0.0	[9.0..9.0]	[0.0..1.0]	[0.962..0.981]	[1733.332..1767.566]	[0.426..0.431]	[0.67..0.79]	[0.975..0.977]	[1756.7551..1760.3586]	[0.43..0.43]	[0.669..0.789]	0.85807484	[1487.3284..1516.7039]
Group-1	PS 37:2:0	281.25	240116_PS_FTMSMS-_4.mzXML	25.0	68001.9	0.0	0.0	[9.0..9.0]	[1.0..1.0]	[0.94..0.94]	[63921.785..63921.785]	[0.54..0.54]	[0.4..0.55]	[0.94..0.94]	[63921.785..63921.785]	[0.54..0.54]	[0.405..0.546]	0.85807484	[54849.676..54849.676]
Group-1	PS 37:2:0	281.25	240116_PS_FTMSMS-_4.mzXML	30.0	131328.8	0.0	0.0	[9.0..9.0]	[1.0..1.0]	[0.925..0.925]	[121479.14..121479.14]	[0.5..0.5]	[0.4..0.55]	[0.925..0.925]	[121479.14..121479.14]	[0.5..0.5]	[0.405..0.546]	0.85807484	[104238.195..104238.195]
Group-1	PS 37:2:0	281.25	240116_PS_FTMSMS-_4.mzXML	35.0	148610.4	0.0	0.0	[9.0..9.0]	[1.0..1.0]	[0.916..0.916]	[136127.14..136127.14]	[0.48..0.48]	[0.4..0.55]	[0.916..0.916]	[136127.14..136127.14]	[0.48..0.48]	[0.405..0.546]	0.85807484	[116807.266..116807.266]
Group-1	PS 37:2:0	283.26	240116_PS_FTMSMS-_4.mzXML	25.0	13619.5	0.0	0.0	[0.0..0.0]	[1.0..1.0]	[0.998..0.998]	[13592.262..13592.262]	[0.865..0.865]	[0.0..0.0]	[0.998..0.998]	[13592.262..13592.262]	[0.865..0.865]	[0.0..0.0]	0.85807484	[11663.178..11663.178]
Group-1	PS 37:2:0	283.26	240116_PS_FTMSMS-_4.mzXML	30.0	28547.3	0.0	0.0	[0.0..0.0]	[1.0..1.0]	[0.975..0.975]	[27833.62..27833.62]	[0.836..0.836]	[0.0..0.0]	[0.975..0.975]	[27833.62..27833.62]	[0.836..0.836]	[0.0..0.0]	0.85807484	[23883.328..23883.328]
Group-1	PS 37:2:0	283.26	240116_PS_FTMSMS-_4.mzXML	35.0	32632.1	0.0	0.0	[0.0..0.0]	[1.0..1.0]	[0.962..0.962]	[31392.08..31392.08]	[0.85..0.85]	[0.0..0.0]	[0.962..0.962]	[31392.08..31392.08]	[0.85..0.85]	[0.0..0.0]	0.85807484	[26936.754..26936.754]
Group-1	PS 37:2:0	293.25	240116_PS_FTMSMS-_4.mzXML	25.0	2382.9	0.0	0.0	[9.0..9.0]	[0.0..0.0]	[0.892..0.892]	[2125.547..2125.547]	[0.135..0.135]	[1.0..1.0]	[0.892..0.892]	[2125.5469..2125.5469]	[0.135..0.135]	[1.0..1.0]	0.85807484	[1823.8782..1823.8782]
Group-1	PS 37:2:0	293.25	240116_PS_FTMSMS-_4.mzXML	30.0	5860.1	0.0	0.0	[9.0..9.0]	[0.0..0.0]	[0.931..0.931]	[5455.753..5455.753]	[0.164..0.164]	[1.0..1.0]	[0.931..0.931]	[5455.753..5455.753]	[0.164..0.164]	[1.0..1.0]	0.85807484	[4681.4443..4681.4443]
Group-1	PS 37:2:0	293.25	240116_PS_FTMSMS-_4.mzXML	35.0	5647.9	0.0	0.0	[9.0..9.0]	[0.0..0.0]	[0.98..0.98]	[5534.942..5534.942]	[0.15..0.15]	[1.0..1.0]	[0.98..0.98]	[5534.942..5534.942]	[0.15..0.15]	[1.0..1.0]	0.85807484	[4749.3945..4749.3945]
Group-1	PS 37:2:0	295.26	240116_PS_FTMSMS-_4.mzXML	25.0	60507.4	0.0	0.0	[9.0..9.0]	[0.0..0.0]	[0.899..0.899]	[54396.152..54396.152]	[0.46..0.46]	[0.45..0.6]	[0.899..0.899]	[54396.152..54396.152]	[0.46..0.46]	[0.454..0.595]	0.85807484	[46675.97..46675.97]
Group-1	PS 37:2:0	295.26	240116_PS_FTMSMS-_4.mzXML	30.0	131696.8	0.0	0.0	[9.0..9.0]	[0.0..0.0]	[0.921..0.921]	[121292.75..121292.75]	[0.5..0.5]	[0.45..0.6]	[0.921..0.921]	[121292.75..121292.75]	[0.5..0.5]	[0.454..0.595]	0.85807484	[104078.26..104078.26]
Group-1	PS 37:2:0	295.26	240116_PS_FTMSMS-_4.mzXML	35.0	157947.5	0.0	0.0	[9.0..9.0]	[0.0..0.0]	[0.933..0.933]	[147365.02..147365.02]	[0.52..0.52]	[0.45..0.6]	[0.933..0.933]	[147365.02..147365.02]	[0.52..0.52]	[0.454..0.595]	0.85807484	[126450.23..126450.23]
Group-1	PS 37:2:0	297.28	240116_PS_FTMSMS-_4.mzXML	25.0	975.0	0.0	0.0	[0.0..0.0]	[0.0..1.0]	[0.987..1.003]	[962.325..977.925]	[0.605..0.613]	[0.21..0.33]	[0.99..0.992]	[965.25..967.2]	[0.605..0.606]	[0.211..0.331]	0.85807484	[825.7469..839.1329]
Group-1	PS 37:2:0	297.28	240116_PS_FTMSMS-_4.mzXML	30.0	2510.4	0.0	0.0	[0.0..0.0]	[0.0..1.0]	[0.959..0.967]	[2407.474..2427.557]	[0.625..0.626]	[0.21..0.33]	[0.961..0.962]	[2412.4944..2415.0046]	[0.625..0.625]	[0.211..0.331]	0.85807484	[2065.7925..2083.0254]
Group-1	PS 37:2:0	297.28	240116_PS_FTMSMS-_4.mzXML	35.0	2461.5	0.0	0.0	[0.0..0.0]	[0.0..1.0]	[0.947..0.947]	[2331.041..2331.041]	[0.569..0.574]	[0.21..0.33]	[0.947..0.947]	[2331.0405..2331.0405]	[0.57..0.57]	[0.211..0.331]	0.85807484	[2000.2072..2000.2072]
Group-1	PS 37:2:0	307.26	240116_PS_FTMSMS-_4.mzXML	25.0	2422.6	0.0	0.0	[11.0..11.0]	[0.4..0.4]	[0.931..0.931]	[2255.441..2255.441]	[0.31..0.31]	[0.95..1.0]	[0.931..0.931]	[2255.4407..2255.4407]	[0.31..0.31]	[0.952..1.0]	0.85807484	[1935.3369..1935.3369]
Group-1	PS 37:2:0	307.26	240116_PS_FTMSMS-_4.mzXML	30.0	3441.3	0.0	0.0	[11.0..11.0]	[0.0..0.0]	[0.929..0.929]	[3196.968..3196.968]	[0.223..0.223]	[0.95..1.0]	[0.929..0.929]	[3196.9678..3196.9678]	[0.223..0.223]	[0.952..1.0]	0.85807484	[2743.2378..2743.2378]
Group-1	PS 37:2:0	307.26	240116_PS_FTMSMS-_4.mzXML	35.0	4239.4	0.0	0.0	[11.0..11.0]	[0.0..0.4]	[0.938..0.951]	[3976.557..4031.669]	[0.248..0.25]	[0.95..1.0]	[0.95..0.951]	[4027.43..4031.6692]	[0.25..0.25]	[0.952..1.0]	0.85807484	[3412.1836..3459.4739]
Group-1	PS 37:2:0	309.28	240116_PS_FTMSMS-_4.mzXML	25.0	2706.2	0.0	0.0	[11.0..11.0]	[0.0..0.0]	[0.919..0.919]	[2486.998..2486.998]	[0.601..0.601]	[0.08..0.26]	[0.919..0.919]	[2486.9978..2486.9978]	[0.601..0.601]	[0.077..0.26]	0.85807484	[2134.0303..2134.0303]
Group-1	PS 37:2:0	309.28	240116_PS_FTMSMS-_4.mzXML	30.0	6375.1	0.0	0.0	[11.0..11.0]	[0.0..0.0]	[0.932..0.932]	[5941.594..5941.594]	[0.683..0.683]	[0.08..0.26]	[0.932..0.932]	[5941.5933..5941.5933]	[0.683..0.683]	[0.077..0.26]	0.85807484	[5098.3315..5098.3315]
Group-1	PS 37:2:0	309.28	240116_PS_FTMSMS-_4.mzXML	35.0	6725.5	0.0	0.0	[11.0..11.0]	[0.0..0.0]	[0.932..0.932]	[6268.166..6268.166]	[0.636..0.636]	[0.08..0.26]	[0.932..0.932]	[6268.166..6268.166]	[0.636..0.636]	[0.077..0.26]	0.85807484	[5378.5557..5378.5557]
Group-1	PS 37:3:0	269.25	240116_PS_FTMSMS-_4.mzXML	25.0	5839.4	0.0	0.0	[0.0..0.0]	[1.0..1.0]	[0.997..0.997]	[5821.882..5821.882]	[0.744..0.748]	[0.0..0.0]	[0.997..0.997]	[5821.8813..5821.8813]	[0.739..0.74]	[0.0..0.0]	0.85993737	[5006.4536..5006.4536]
Group-1	PS 37:3:0	269.25	240116_PS_FTMSMS-_4.mzXML	30.0	11116.2	0.0	0.0	[0.0..0.0]	[1.0..1.0]	[0.986..0.986]	[10960.573..10960.573]	[0.745..0.764]	[0.0..0.0]	[0.986..0.986]	[10960.573..10960.573]	[0.744..0.766]	[0.0..0.0]	0.85993737	[9425.407..9425.407]
Group-1	PS 37:3:0	269.25	240116_PS_FTMSMS-_4.mzXML	35.0	12967.7	0.0	0.0	[0.0..0.0]	[1.0..1.0]	[0.979..0.979]	[12695.378..12695.378]	[0.705..0.754]	[0.0..0.0]	[0.979..0.979]	[12695.378..12695.378]	[0.708..0.759]	[0.0..0.0]	0.85993737	[10917.23..10917.23]
Group-1	PS 37:3:0	279.23	240116_PS_FTMSMS-_4.mzXML	25.0	669.9	0.0	0.0	[9.0..9.0]	[1.0..1.0]	[0.927..0.927]	[620.997..620.997]	[0.576..0.576]	[0.32..0.54]	[0.927..0.927]	[620.9973..620.9973]	[0.576..0.576]	[0.319..0.539]	0.85993737	[534.0188..534.0188]
Group-1	PS 37:3:0	279.23	240116_PS_FTMSMS-_4.mzXML	30.0	1228.3	0.0	0.0	[9.0..9.0]	[0.0..0.0]	[0.929..0.929]	[1141.091..1141.091]	[0.483..0.483]	[0.32..0.54]	[0.929..0.929]	[1141.0908..1141.0908]	[0.483..0.483]	[0.319..0.539]	0.85993737	[981.2666..981.2666]
Group-1	PS 37:3:0	279.23	240116_PS_FTMSMS-_4.mzXML	35.0	1360.7	0.0	0.0	[9.0..9.0]	[0.0..1.0]	[0.962..0.981]	[1308.993..1334.847]	[0.497..0.499]	[0.32..0.54]	[0.968..0.972]	[1317.1576..1322.6003]	[0.497..0.497]	[0.319..0.539]	0.85993737	[1125.6522..1147.8845]
Group-1	PS 37:3:0	281.25	240116_PS_FTMSMS-_4.mzXML	25.0	19055.8	0.0	0.0	[9.0..9.0]	[1.0..1.0]	[0.94..0.94]	[17912.453..17912.453]	[0.831..0.831]	[0.0..0.0]	[0.94..0.94]	[17912.453..17912.453]	[0.831..0.831]	[0.0..0.0]	0.85993737	[15403.587..15403.587]
Group-1	PS 37:3:0	281.25	240116_PS_FTMSMS-_4.mzXML	30.0	34923.2	0.0	0.0	[9.0..9.0]	[1.0..1.0]	[0.925..0.925]	[32303.957..32303.957]	[0.808..0.808]	[0.0..0.0]	[0.925..0.925]	[32303.959..32303.959]	[0.808..0.808]	[0.0..0.0]	0.85993737	[27779.38..27779.38]
Group-1	PS 37:3:0	281.25	240116_PS_FTMSMS-_4.mzXML	35.0	40902.0	0.0	0.0	[9.0..9.0]	[1.0..1.0]	[0.916..0.916]	[37466.23..37466.23]	[0.794..0.794]	[0.0..0.0]	[0.916..0.916]	[37466.23..37466.23]	[0.794..0.794]	[0.0..0.0]	0.85993737	[32218.615..32218.615]
Group-1	PS 37:3:0	283.26	240116_PS_FTMSMS-_4.mzXML	25.0	15313.9	0.0	0.0	[0.0..0.0]	[1.0..1.0]	[0.998..0.998]	[15283.273..15283.273]	[0.909..0.91]	[0.0..0.0]	[0.998..0.998]	[15283.273..15283.273]	[0.906..0.907]	[0.0..0.0]	0.85993737	[13142.657..13142.657]
Group-1	PS 37:3:0	283.26	240116_PS_FTMSMS-_4.mzXML	30.0	33258.6	0.0	0.0	[0.0..0.0]	[0.100000024..1.0]	[0.968..0.975]	[32194.326..32427.137]	[0.915..0.925]	[0.0..0.0]	[0.968..0.968]	[32194.326..32194.326]	[0.92..0.926]	[0.0..0.0]	0.85993737	[27685.104..27885.307]
Group-1	PS 37:3:0	283.26	240116_PS_FTMSMS-_4.mzXML	35.0	45978.4	0.0	0.0	[0.0..0.0]	[0.100000024..1.0]	[0.961..0.962]	[44185.242..44231.22]	[0.93..0.94]	[0.0..0.0]	[0.961..0.961]	[44185.242..44185.242]	[0.932..0.941]	[0.0..0.0]	0.85993737	[37996.54..38036.08]
Group-1	PS 37:3:0	291.23	240116_PS_FTMSMS-_4.mzXML	25.0	1653.0	0.0	0.0	[6.0..9.0]	[0.0..0.0]	[0.92..0.923]	[1520.76..1525.719]	[0.09..0.091]	[1.0..1.0]	[0.95..0.962]	[1570.35..1590.186]	[0.093..0.094]	[1.0..1.0]	0.85993737	[1307.7583..1312.0227]
Group-1	PS 37:3:0	291.23	240116_PS_FTMSMS-_4.mzXML	30.0	2586.4	0.0	0.0	[6.0..9.0]	[0.0..0.9]	[1.004..1.169]	[2596.745..3023.502]	[0.075..0.085]	[1.0..1.0]	[0.998..1.079]	[2581.227..2790.7256]	[0.074..0.08]	[1.0..1.0]	0.85993737	[2233.0383..2600.022]
Group-1	PS 37:3:0	291.23	240116_PS_FTMSMS-_4.mzXML	35.0	2499.6	0.0	0.0	[6.0..9.0]	[0.0..0.9]	[1.132..1.332]	[2829.547..3329.467]	[0.06..0.07]	[1.0..1.0]	[1.107..1.29]	[2767.0574..3224.4841]	[0.059..0.068]	[1.0..1.0]	0.85993737	[2433.2334..2863.1333]
Group-1	PS 37:3:0	293.25	240116_PS_FTMSMS-_4.mzXML	25.0	4074.8	0.0	0.0	[9.0..9.0]	[0.0..0.0]	[0.892..0.892]	[3634.722..3634.722]	[0.169..0.169]	[1.0..1.0]	[0.892..0.892]	[3634.7217..3634.7217]	[0.169..0.169]	[1.0..1.0]	0.85993737	[3125.633..3125.633]
Group-1	PS 37:3:0	293.25	240116_PS_FTMSMS-_4.mzXML	30.0	8221.5	0.0	0.0	[9.0..9.0]	[0.0..0.0]	[0.931..0.931]	[7654.217..7654.217]	[0.192..0.192]	[1.0..1.0]	[0.931..0.931]	[7654.2163..7654.2163]	[0.192..0.192]	[1.0..1.0]	0.85993737	[6582.147..6582.147]
Group-1	PS 37:3:0	293.25	240116_PS_FTMSMS-_4.mzXML	35.0	9938.7	0.0	0.0	[9.0..9.0]	[0.0..0.0]	[0.98..0.98]	[9739.927..9739.927]	[0.206..0.206]	[1.0..1.0]	[0.98..0.98]	[9739.927..9739.927]	[0.206..0.206]	[1.0..1.0]	0.85993737	[8375.728..8375.728]
Group-1	PS 37:3:0	295.26	240116_PS_FTMSMS-_4.mzXML	25.0	507.5	0.0	0.0	[9.0..9.0]	[0.0..0.0]	[0.899..0.899]	[456.243..456.243]	[0.424..0.424]	[0.46..0.68]	[0.899..0.899]	[456.2425..456.2425]	[0.424..0.424]	[0.461..0.681]	0.85993737	[392.33997..392.33997]
Group-1	PS 37:3:0	295.26	240116_PS_FTMSMS-_4.mzXML	30.0	1325.1	0.0	0.0	[9.0..9.0]	[1.0..1.0]	[0.923..0.923]	[1223.067..1223.067]	[0.517..0.517]	[0.46..0.68]	[0.923..0.923]	[1223.0673..1223.0673]	[0.517..0.517]	[0.461..0.681]	0.85993737	[1051.7612..1051.7612]
Group-1	PS 37:3:0	295.26	240116_PS_FTMSMS-_4.mzXML	35.0	1445.5	0.0	0.0	[9.0..9.0]	[0.0..1.0]	[0.91..0.933]	[1315.405..1348.652]	[0.501..0.503]	[0.46..0.68]	[0.921..0.926]	[1331.3055..1338.533]	[0.503..0.503]	[0.461..0.681]	0.85993737	[1131.1659..1159.7559]
Group-1	PS 37:3:0	305.25	240116_PS_FTMSMS-_4.mzXML	25.0	2169.5	0.0	0.0	[5.0..11.0]	[0.0..0.0]	[0.905..0.922]	[1963.398..2000.279]	[0.252..0.256]	[1.0..1.0]	[0.945..0.95]	[2050.1775..2061.025]	[0.26..0.261]	[1.0..1.0]	0.85993737	[1688.3988..1720.1146]
Group-1	PS 37:3:0	305.25	240116_PS_FTMSMS-_4.mzXML	30.0	3536.7	0.0	0.0	[5.0..11.0]	[0.0..0.0]	[0.956..1.063]	[3381.085..3759.512]	[0.236..0.255]	[1.0..1.0]	[0.946..1.067]	[3345.718..3773.659]	[0.234..0.256]	[1.0..1.0]	0.85993737	[2907.5212..3232.9446]
Group-1	PS 37:3:0	305.25	240116_PS_FTMSMS-_4.mzXML	35.0	4052.9	0.0	0.0	[5.0..11.0]	[0.0..0.0]	[1.023..1.308]	[4146.117..5301.193]	[0.246..0.295]	[1.0..1.0]	[0.995..1.293]	[4032.6355..5240.3994]	[0.241..0.292]	[1.0..1.0]	0.85993737	[3565.4006..4558.694]
Group-1	PS 37:4:0	267.23	240116_PS_FTMSMS-_4.mzXML	25.0	2065.6	0.0	0.0	[9.0..9.0]	[1.0..1.0]	[0.933..0.933]	[1927.205..1927.205]	[0.858..0.86]	[0.0..0.0]	[0.933..0.933]	[1927.205..1927.205]	[0.854..0.855]	[0.0..0.0]	0.86180866	[1660.882..1660.882]
Group-1	PS 37:4:0	267.23	240116_PS_FTMSMS-_4.mzXML	30.0	5084.6	0.0	0.0	[9.0..9.0]	[1.0..1.0]	[0.927..0.927]	[4713.425..4713.425]	[0.885..0.896]	[0.0..0.0]	[0.927..0.927]	[4713.4243..4713.4243]	[0.885..0.897]	[0.0..0.0]	0.86180866	[4062.0696..4062.0696]
Group-1	PS 37:4:0	267.23	240116_PS_FTMSMS-_4.mzXML	35.0	6627.4	0.0	0.0	[9.0..9.0]	[1.0..1.0]	[0.923..0.923]	[6117.09..6117.09]	[0.841..0.871]	[0.0..0.0]	[0.923..0.923]	[6117.09..6117.09]	[0.842..0.874]	[0.0..0.0]	0.86180866	[5271.761..5271.761]
Group-1	PS 37:4:0	269.25	240116_PS_FTMSMS-_4.mzXML	25.0	20665.3	0.0	0.0	[0.0..0.0]	[1.0..1.0]	[0.997..0.997]	[20603.305..20603.305]	[0.813..0.817]	[0.0..0.0]	[0.997..0.997]	[20603.305..20603.305]	[0.803..0.813]	[0.0..0.0]	0.86180866	[17756.105..17756.105]
Group-1	PS 37:4:0	269.25	240116_PS_FTMSMS-_4.mzXML	30.0	57733.9	0.0	0.0	[0.0..0.0]	[1.0..1.0]	[0.986..0.986]	[56925.625..56925.625]	[0.866..0.881]	[0.0..0.0]	[0.986..0.986]	[56925.625..56925.625]	[0.864..0.881]	[0.0..0.0]	0.86180866	[49058.996..49058.996]
Group-1	PS 37:4:0	269.25	240116_PS_FTMSMS-_4.mzXML	35.0	75088.3	0.0	0.0	[0.0..0.0]	[1.0..1.0]	[0.979..0.979]	[73511.44..73511.44]	[0.89..0.912]	[0.0..0.0]	[0.979..0.979]	[73511.44..73511.44]	[0.891..0.913]	[0.0..0.0]	0.86180866	[63352.797..63352.797]
Group-1	PS 37:4:0	303.23	240116_PS_FTMSMS-_4.mzXML	25.0	4745.5	0.0	0.0	[5.0..8.0]	[0.0..0.0]	[0.972..0.996]	[4612.626..4726.518]	[0.183..0.187]	[1.0..1.0]	[1.0..1.062]	[4745.5..5039.721]	[0.187..0.197]	[1.0..1.0]	0.86180866	[3975.201..4073.354]
Group-1	PS 37:4:0	303.23	240116_PS_FTMSMS-_4.mzXML	30.0	6631.1	0.0	0.0	[5.0..8.0]	[0.0..0.0]	[1.162..1.328]	[7705.338..8806.101]	[0.119..0.134]	[1.0..1.0]	[1.159..1.348]	[7685.4453..8938.724]	[0.119..0.136]	[1.0..1.0]	0.86180866	[6640.527..7589.1733]
Group-1	PS 37:4:0	303.23	240116_PS_FTMSMS-_4.mzXML	35.0	4764.9	0.0	0.0	[5.0..8.0]	[0.0..0.0]	[1.492..1.914]	[7109.231..9120.019]	[0.088..0.11]	[1.0..1.0]	[1.474..1.894]	[7023.4624..9024.721]	[0.087..0.109]	[1.0..1.0]	0.86180866	[6126.797..7859.7114]
Group-1	PS 37:4:0	305.25	240116_PS_FTMSMS-_4.mzXML	25.0	346.3	0.0	0.0	[5.0..11.0]	[0.0..0.0]	[0.905..0.922]	[313.402..319.289]	[0.14..0.142]	[1.0..1.0]	[0.945..0.95]	[327.25348..328.985]	[0.145..0.146]	[1.0..1.0]	0.86180866	[270.0921..275.16568]
Group-1	PS 37:4:0	305.25	240116_PS_FTMSMS-_4.mzXML	30.0	574.9	0.0	0.0	[5.0..11.0]	[0.0..0.0]	[0.956..1.063]	[549.604..611.119]	[0.104..0.115]	[1.0..1.0]	[0.946..1.067]	[543.8554..613.41833]	[0.103..0.115]	[1.0..1.0]	0.86180866	[473.65384..526.6674]
Group-1	PS 37:4:0	305.25	240116_PS_FTMSMS-_4.mzXML	35.0	887.2	0.0	0.0	[5.0..11.0]	[0.0..0.0]	[1.023..1.308]	[907.606..1160.458]	[0.129..0.159]	[1.0..1.0]	[0.995..1.293]	[882.76404..1147.1497]	[0.126..0.158]	[1.0..1.0]	0.86180866	[782.18243..1000.0924]
Group-1	PS 38:3:0	281.25	240116_PS_FTMSMS-_4.mzXML	25.0	160510.9	0.0	0.0	[9.0..9.0]	[1.0..1.0]	[0.94..0.94]	[150880.25..150880.25]	[0.532..0.532]	[0.41..0.42]	[0.94..0.94]	[150880.25..150880.25]	[0.532..0.532]	[0.406..0.424]	0.847188	[127823.93..127823.93]
Group-1	PS 38:3:0	281.25	240116_PS_FTMSMS-_4.mzXML	30.0	352029.0	0.0	0.0	[9.0..9.0]	[1.0..1.0]	[0.925..0.925]	[325626.84..325626.84]	[0.54..0.54]	[0.41..0.42]	[0.925..0.925]	[325626.84..325626.84]	[0.54..0.54]	[0.406..0.424]	0.847188	[275867.16..275867.16]
Group-1	PS 38:3:0	281.25	240116_PS_FTMSMS-_4.mzXML	35.0	421244.4	0.0	0.0	[9.0..9.0]	[1.0..1.0]	[0.916..0.916]	[385859.88..385859.88]	[0.541..0.541]	[0.41..0.42]	[0.916..0.916]	[385859.88..385859.88]	[0.541..0.541]	[0.406..0.424]	0.847188	[326895.88..326895.88]
Group-1	PS 38:3:0	283.26	240116_PS_FTMSMS-_4.mzXML	25.0	1016478.5	0.0	0.0	[0.0..0.0]	[1.0..1.0]	[0.998..0.998]	[1014445.56..1014445.56]	[0.747..0.75]	[0.0..0.0]	[0.998..0.998]	[1014445.56..1014445.56]	[0.741..0.742]	[0.0..0.0]	0.847188	[859426.1..859426.1]
Group-1	PS 38:3:0	283.26	240116_PS_FTMSMS-_4.mzXML	30.0	1997333.2	0.0	0.0	[0.0..0.0]	[1.0..1.0]	[0.975..0.975]	[1947399.9..1947399.9]	[0.76..0.779]	[0.0..0.0]	[0.975..0.975]	[1947400.0..1947400.0]	[0.759..0.78]	[0.0..0.0]	0.847188	[1649813.9..1649813.9]
Group-1	PS 38:3:0	283.26	240116_PS_FTMSMS-_4.mzXML	35.0	2364828.0	0.0	0.0	[0.0..0.0]	[1.0..1.0]	[0.962..0.962]	[2274964.5..2274964.5]	[0.748..0.792]	[0.0..0.0]	[0.962..0.962]	[2274964.5..2274964.5]	[0.75..0.796]	[0.0..0.0]	0.847188	[1927322.6..1927322.6]
Group-1	PS 38:3:0	305.25	240116_PS_FTMSMS-_4.mzXML	25.0	373460.6	0.0	0.0	[5.0..11.0]	[0.0..0.0]	[0.905..0.922]	[337981.8..344330.66]	[0.25..0.253]	[1.0..1.0]	[0.945..0.95]	[352920.25..354787.56]	[0.258..0.259]	[1.0..1.0]	0.847188	[286334.16..291712.8]
Group-1	PS 38:3:0	305.25	240116_PS_FTMSMS-_4.mzXML	30.0	579099.7	0.0	0.0	[5.0..11.0]	[0.0..0.0]	[0.956..1.063]	[553619.3..615582.94]	[0.221..0.24]	[1.0..1.0]	[0.946..1.067]	[547828.3..617899.4]	[0.22..0.241]	[1.0..1.0]	0.847188	[469019.62..521514.5]
Group-1	PS 38:3:0	305.25	240116_PS_FTMSMS-_4.mzXML	35.0	585671.0	0.0	0.0	[5.0..11.0]	[0.0..0.0]	[1.023..1.308]	[599141.44..766057.6]	[0.208..0.252]	[1.0..1.0]	[0.995..1.293]	[582742.6..757272.56]	[0.204..0.25]	[1.0..1.0]	0.847188	[507585.44..648994.8]
Group-1	PS 38:3:0	307.26	240116_PS_FTMSMS-_4.mzXML	25.0	145815.1	0.0	0.0	[11.0..11.0]	[0.0..0.0]	[0.912..0.912]	[132983.36..132983.36]	[0.468..0.468]	[0.58..0.59]	[0.912..0.912]	[132983.36..132983.36]	[0.468..0.468]	[0.576..0.594]	0.847188	[112661.914..112661.914]
Group-1	PS 38:3:0	307.26	240116_PS_FTMSMS-_4.mzXML	30.0	298757.4	0.0	0.0	[11.0..11.0]	[0.0..0.0]	[0.929..0.929]	[277545.62..277545.62]	[0.46..0.46]	[0.58..0.59]	[0.929..0.929]	[277545.62..277545.62]	[0.46..0.46]	[0.576..0.594]	0.847188	[235133.33..235133.33]
Group-1	PS 38:3:0	307.26	240116_PS_FTMSMS-_4.mzXML	35.0	344901.3	0.0	0.0	[11.0..11.0]	[0.0..0.0]	[0.951..0.951]	[328001.12..328001.12]	[0.459..0.459]	[0.58..0.59]	[0.951..0.951]	[328001.12..328001.12]	[0.459..0.459]	[0.576..0.594]	0.847188	[277878.62..277878.62]
Group-1	PS 38:4:0	281.25	240116_PS_FTMSMS-_4.mzXML	25.0	694652.0	0.0	0.0	[9.0..9.0]	[1.0..1.0]	[0.94..0.94]	[652972.9..652972.9]	[0.912..0.914]	[0.0..0.0]	[0.94..0.94]	[652972.9..652972.9]	[0.91..0.91]	[0.0..0.0]	0.8489996	[554373.75..554373.75]
Group-1	PS 38:4:0	281.25	240116_PS_FTMSMS-_4.mzXML	30.0	1912427.0	0.0	0.0	[9.0..9.0]	[1.0..1.0]	[0.925..0.925]	[1768995.0..1768995.0]	[0.956..0.96]	[0.0..0.0]	[0.925..0.925]	[1768995.0..1768995.0]	[0.955..0.96]	[0.0..0.0]	0.8489996	[1501876.0..1501876.0]
Group-1	PS 38:4:0	281.25	240116_PS_FTMSMS-_4.mzXML	35.0	2347484.0	0.0	0.0	[9.0..9.0]	[1.0..1.0]	[0.916..0.916]	[2150295.2..2150295.2]	[0.948..0.959]	[0.0..0.0]	[0.916..0.916]	[2150295.2..2150295.2]	[0.949..0.96]	[0.0..0.0]	0.8489996	[1825599.9..1825599.9]
Group-1	PS 38:4:0	283.26	240116_PS_FTMSMS-_4.mzXML	25.0	3515801.0	0.0	0.0	[0.0..0.0]	[1.0..1.0]	[0.998..0.998]	[3508769.5..3508769.5]	[0.825..0.829]	[0.0..0.0]	[0.998..0.998]	[3508769.5..3508769.5]	[0.816..0.825]	[0.0..0.0]	0.8489996	[2978944.0..2978944.0]
Group-1	PS 38:4:0	283.26	240116_PS_FTMSMS-_4.mzXML	30.0	8447634.0	0.0	0.0	[0.0..0.0]	[1.0..1.0]	[0.975..0.975]	[8236443.5..8236443.5]	[0.87..0.885]	[0.0..0.0]	[0.975..0.975]	[8236443.5..8236443.5]	[0.869..0.885]	[0.0..0.0]	0.8489996	[6992737.0..6992737.0]
Group-1	PS 38:4:0	283.26	240116_PS_FTMSMS-_4.mzXML	35.0	1.1252564E7	0.0	0.0	[0.0..0.0]	[1.0..1.0]	[0.962..0.962]	[1.0824967E7..1.0824967E7]	[0.885..0.908]	[0.0..0.0]	[0.962..0.962]	[1.0824967E7..1.0824967E7]	[0.886..0.909]	[0.0..0.0]	0.8489996	[9190393.0..9190393.0]
Group-1	PS 38:4:0	303.23	240116_PS_FTMSMS-_4.mzXML	25.0	746778.8	0.0	0.0	[5.0..8.0]	[0.0..0.0]	[0.972..0.996]	[725869.0..743791.7]	[0.171..0.175]	[1.0..1.0]	[1.0..1.062]	[746778.8..793079.1]	[0.175..0.184]	[1.0..1.0]	0.8489996	[616262.5..631478.9]
Group-1	PS 38:4:0	303.23	240116_PS_FTMSMS-_4.mzXML	30.0	923939.0	0.0	0.0	[5.0..8.0]	[0.0..0.0]	[1.162..1.328]	[1073617.1..1226991.0]	[0.115..0.13]	[1.0..1.0]	[1.159..1.348]	[1070845.4..1245469.9]	[0.115..0.131]	[1.0..1.0]	0.8489996	[911500.5..1041714.9]
Group-1	PS 38:4:0	303.23	240116_PS_FTMSMS-_4.mzXML	35.0	735350.3	0.0	0.0	[5.0..8.0]	[0.0..0.0]	[1.492..1.914]	[1097142.6..1407460.5]	[0.092..0.115]	[1.0..1.0]	[1.474..1.894]	[1083906.4..1392753.5]	[0.091..0.114]	[1.0..1.0]	0.8489996	[931473.7..1194933.4]
Group-1	PS 38:4:0	305.25	240116_PS_FTMSMS-_4.mzXML	25.0	68024.4	0.0	0.0	[5.0..11.0]	[0.0..0.0]	[0.905..0.922]	[61562.08..62718.496]	[0.086..0.088]	[1.0..1.0]	[0.945..0.95]	[64283.055..64623.176]	[0.09..0.09]	[1.0..1.0]	0.8489996	[52266.18..53247.977]
Group-1	PS 38:4:0	305.25	240116_PS_FTMSMS-_4.mzXML	30.0	77348.6	0.0	0.0	[5.0..11.0]	[0.0..0.0]	[0.956..1.063]	[73945.26..82221.56]	[0.04..0.044]	[1.0..1.0]	[0.946..1.067]	[73171.77..82530.96]	[0.04..0.045]	[1.0..1.0]	0.8489996	[62779.496..69806.07]
Group-1	PS 38:4:0	305.25	240116_PS_FTMSMS-_4.mzXML	35.0	89588.2	0.0	0.0	[5.0..11.0]	[0.0..0.0]	[1.023..1.308]	[91648.734..117181.37]	[0.041..0.052]	[1.0..1.0]	[0.995..1.293]	[89140.266..115837.55]	[0.04..0.051]	[1.0..1.0]	0.8489996	[77809.74..99486.94]
Group-1	PS 38:5:0	255.23	240116_PS_FTMSMS-_4.mzXML	25.0	104411.6	0.0	0.0	[0.0..0.0]	[0.39999998..1.0]	[1.0..1.0]	[104411.6..104411.6]	[0.645..0.752]	[0.0..0.0]	[1.0..1.0]	[104411.6..104411.6]	[0.723..0.745]	[0.0..0.0]	0.8508197	[88835.445..88835.445]
Group-1	PS 38:5:0	255.23	240116_PS_FTMSMS-_4.mzXML	30.0	191980.2	0.0	0.0	[0.0..0.0]	[0.39999998..1.0]	[1.0..1.0]	[191980.2..191980.2]	[0.73..0.805]	[0.0..0.0]	[1.0..1.0]	[191980.2..191980.2]	[0.764..0.802]	[0.0..0.0]	0.8508197	[163340.55..163340.55]
Group-1	PS 38:5:0	255.23	240116_PS_FTMSMS-_4.mzXML	35.0	244150.4	0.0	0.0	[0.0..0.0]	[1.0..1.0]	[1.0..1.0]	[244150.4..244150.4]	[0.82..0.867]	[0.0..0.0]	[1.0..1.0]	[244150.4..244150.4]	[0.82..0.866]	[0.0..0.0]	0.8508197	[207727.98..207727.98]
Group-1	PS 38:5:0	281.25	240116_PS_FTMSMS-_4.mzXML	25.0	474893.8	0.0	0.0	[9.0..9.0]	[1.0..1.0]	[0.94..0.94]	[446400.2..446400.2]	[0.854..0.857]	[0.0..0.0]	[0.94..0.94]	[446400.2..446400.2]	[0.845..0.853]	[0.0..0.0]	0.8508197	[379806.06..379806.06]
Group-1	PS 38:5:0	281.25	240116_PS_FTMSMS-_4.mzXML	30.0	1225324.9	0.0	0.0	[9.0..9.0]	[1.0..1.0]	[0.925..0.925]	[1133425.5..1133425.5]	[0.893..0.905]	[0.0..0.0]	[0.925..0.925]	[1133425.5..1133425.5]	[0.891..0.905]	[0.0..0.0]	0.8508197	[964340.8..964340.8]
Group-1	PS 38:5:0	281.25	240116_PS_FTMSMS-_4.mzXML	35.0	1525990.2	0.0	0.0	[9.0..9.0]	[1.0..1.0]	[0.916..0.916]	[1397807.1..1397807.1]	[0.895..0.916]	[0.0..0.0]	[0.916..0.916]	[1397807.1..1397807.1]	[0.896..0.917]	[0.0..0.0]	0.8508197	[1189281.9..1189281.9]
Group-1	PS 38:5:0	303.23	240116_PS_FTMSMS-_4.mzXML	25.0	76845.4	0.0	0.0	[5.0..8.0]	[0.0..0.0]	[0.972..0.996]	[74693.73..76538.016]	[0.143..0.146]	[1.0..1.0]	[1.0..1.062]	[76845.4..81609.81]	[0.147..0.155]	[1.0..1.0]	0.8508197	[63550.895..65120.05]
Group-1	PS 38:5:0	303.23	240116_PS_FTMSMS-_4.mzXML	30.0	102348.0	0.0	0.0	[5.0..8.0]	[0.0..0.0]	[1.162..1.328]	[118928.37..135918.14]	[0.095..0.107]	[1.0..1.0]	[1.159..1.348]	[118621.336..137965.11]	[0.095..0.109]	[1.0..1.0]	0.8508197	[101186.6..115641.83]
Group-1	PS 38:5:0	303.23	240116_PS_FTMSMS-_4.mzXML	35.0	85594.1	0.0	0.0	[5.0..8.0]	[0.0..0.0]	[1.492..1.914]	[127706.4..163827.11]	[0.084..0.105]	[1.0..1.0]	[1.474..1.894]	[126165.7..162115.23]	[0.083..0.104]	[1.0..1.0]	0.8508197	[108655.12..139387.34]
Group-1	PS 38:5:0	329.25	240116_PS_FTMSMS-_4.mzXML	25.0	33985.3	0.0	0.0	[4.0..7.0]	[0.0..0.6]	[1.013..1.691]	[34427.11..57469.145]	[0.248..0.355]	[1.0..1.0]	[1.051..1.179]	[35718.55..40068.67]	[0.255..0.277]	[1.0..1.0]	0.8508197	[29291.264..48895.88]
Group-1	PS 38:5:0	329.25	240116_PS_FTMSMS-_4.mzXML	30.0	34665.1	0.0	0.0	[4.0..7.0]	[0.0..0.6]	[1.343..2.051]	[46555.234..71098.125]	[0.195..0.27]	[1.0..1.0]	[1.366..1.712]	[47352.53..59346.656]	[0.198..0.236]	[1.0..1.0]	0.8508197	[39610.11..60491.688]
Group-1	PS 38:5:0	329.25	240116_PS_FTMSMS-_4.mzXML	35.0	18549.7	0.0	0.0	[4.0..7.0]	[0.0..0.0]	[2.017..2.898]	[37414.742..53757.027]	[0.133..0.18]	[1.0..1.0]	[2.043..2.888]	[37897.035..53571.53]	[0.134..0.18]	[1.0..1.0]	0.8508197	[31833.2..45737.54]
Group-1	PS 38:6:0	255.23	240116_PS_FTMSMS-_4.mzXML	25.0	126029.9	0.0	0.0	[0.0..0.0]	[0.39999998..1.0]	[1.0..1.0]	[126029.9..126029.9]	[0.737..0.752]	[0.0..0.0]	[1.0..1.0]	[126029.9..126029.9]	[0.737..0.737]	[0.0..0.0]	0.85263914	[107458.02..107458.02]
Group-1	PS 38:6:0	255.23	240116_PS_FTMSMS-_4.mzXML	30.0	231465.2	0.0	0.0	[0.0..0.0]	[0.39999998..0.39999998]	[1.0..1.0]	[231465.2..231465.2]	[0.766..0.766]	[0.0..0.0]	[1.0..1.0]	[231465.2..231465.2]	[0.766..0.766]	[0.0..0.0]	0.85263914	[197356.3..197356.3]
Group-1	PS 38:6:0	255.23	240116_PS_FTMSMS-_4.mzXML	35.0	272161.5	0.0	0.0	[0.0..0.0]	[1.0..1.0]	[1.0..1.0]	[272161.5..272161.5]	[0.799..0.799]	[0.0..0.0]	[1.0..1.0]	[272161.5..272161.5]	[0.799..0.799]	[0.0..0.0]	0.85263914	[232055.55..232055.55]
Group-1	PS 38:6:0	279.23	240116_PS_FTMSMS-_4.mzXML	25.0	6008.1	0.0	0.0	[9.0..9.0]	[1.0..1.0]	[0.927..0.927]	[5569.509..5569.509]	[0.846..0.849]	[0.0..0.0]	[0.927..0.927]	[5569.509..5569.509]	[0.837..0.845]	[0.0..0.0]	0.85263914	[4748.7812..4748.7812]
Group-1	PS 38:6:0	279.23	240116_PS_FTMSMS-_4.mzXML	30.0	12903.2	0.0	0.0	[9.0..9.0]	[1.0..1.0]	[0.932..0.932]	[12025.782..12025.782]	[0.852..0.868]	[0.0..0.0]	[0.932..0.932]	[12025.782..12025.782]	[0.85..0.868]	[0.0..0.0]	0.85263914	[10253.652..10253.652]
Group-1	PS 38:6:0	279.23	240116_PS_FTMSMS-_4.mzXML	35.0	16162.6	0.0	0.0	[9.0..9.0]	[1.0..1.0]	[0.962..0.962]	[15548.421..15548.421]	[0.873..0.898]	[0.0..0.0]	[0.962..0.962]	[15548.421..15548.421]	[0.874..0.899]	[0.0..0.0]	0.85263914	[13257.192..13257.192]
Group-1	PS 38:6:0	303.23	240116_PS_FTMSMS-_4.mzXML	25.0	1019.2	0.0	0.0	[5.0..8.0]	[0.0..0.0]	[0.972..0.996]	[990.662..1015.123]	[0.151..0.154]	[1.0..1.0]	[1.0..1.062]	[1019.2..1082.3905]	[0.155..0.163]	[1.0..1.0]	0.85263914	[844.67755..865.53375]
Group-1	PS 38:6:0	303.23	240116_PS_FTMSMS-_4.mzXML	30.0	1572.2	0.0	0.0	[5.0..8.0]	[0.0..0.0]	[1.162..1.328]	[1826.896..2087.881]	[0.132..0.148]	[1.0..1.0]	[1.159..1.348]	[1822.1798..2119.3257]	[0.132..0.15]	[1.0..1.0]	0.85263914	[1557.6832..1780.2094]
Group-1	PS 38:6:0	303.23	240116_PS_FTMSMS-_4.mzXML	35.0	1184.2	0.0	0.0	[5.0..8.0]	[0.0..0.0]	[1.492..1.914]	[1766.826..2266.559]	[0.102..0.127]	[1.0..1.0]	[1.474..1.894]	[1745.5107..2242.8748]	[0.101..0.126]	[1.0..1.0]	0.85263914	[1506.4653..1932.5568]
Group-1	PS 38:6:0	327.23	240116_PS_FTMSMS-_4.mzXML	25.0	30939.0	7029.5	0.22720514	[4.0..4.0]	[0.0..0.6]	[1.341..1.453]	[41489.2..44954.367]	[0.248..0.263]	[1.0..1.0]	[1.453..1.453]	[44954.367..44954.367]	[0.263..0.263]	[1.0..1.0]	0.85263914	[35375.312..38329.85]
Group-1	PS 38:6:0	327.23	240116_PS_FTMSMS-_4.mzXML	30.0	27407.9	10316.1	0.37639147	[4.0..4.0]	[0.6..0.6]	[2.579..2.579]	[70684.98..70684.98]	[0.234..0.234]	[1.0..1.0]	[2.579..2.579]	[70684.98..70684.98]	[0.234..0.234]	[1.0..1.0]	0.85263914	[60268.777..60268.777]
Group-1	PS 38:6:0	327.23	240116_PS_FTMSMS-_4.mzXML	35.0	12442.8	7121.0	0.5722988	[4.0..4.0]	[0.0..0.0]	[5.498..5.498]	[68410.516..68410.516]	[0.201..0.201]	[1.0..1.0]	[5.498..5.498]	[68410.516..68410.516]	[0.201..0.201]	[1.0..1.0]	0.85263914	[58329.48..58329.48]
Group-1	PS 39:1:0	253.22	240116_PS_FTMSMS-_4.mzXML	25.0	0.0	0.0	0.0	[9.0..9.0]	[0.0..1.0]	[0.867..0.927]	[0.0..0.0]	[0.5..0.5]	[0.5..1.0]	[0.897..0.927]	[0.0..0.0]	[0.5..0.5]	[0.5..1.0]	0.8313721	[0.0..0.0]
Group-1	PS 39:1:0	253.22	240116_PS_FTMSMS-_4.mzXML	30.0	0.0	0.0	0.0	[9.0..9.0]	[0.0..1.0]	[0.913..0.929]	[0.0..0.0]	[0.5..0.5]	[0.5..1.0]	[0.921..0.929]	[0.0..0.0]	[0.5..0.5]	[0.5..1.0]	0.8313721	[0.0..0.0]
Group-1	PS 39:1:0	253.22	240116_PS_FTMSMS-_4.mzXML	35.0	0.0	0.0	0.0	[9.0..9.0]	[0.0..1.0]	[0.93..0.939]	[0.0..0.0]	[0.0..0.0]	[0.5..1.0]	[0.935..0.939]	[0.0..0.0]	[0.0..0.0]	[0.5..1.0]	0.8313721	[0.0..0.0]
Group-1	PS 39:1:0	267.23	240116_PS_FTMSMS-_4.mzXML	25.0	3032.5	0.0	0.0	[9.0..9.0]	[0.0..1.0]	[0.877..0.933]	[2659.503..2829.323]	[1.0..1.0]	[0.0..0.57]	[0.877..0.909]	[2659.5024..2756.5425]	[1.0..1.0]	[0.0..0.566]	0.8313721	[2211.036..2352.2197]
Group-1	PS 39:1:0	267.23	240116_PS_FTMSMS-_4.mzXML	30.0	4423.0	0.0	0.0	[9.0..9.0]	[0.0..1.0]	[0.916..0.927]	[4051.468..4100.121]	[0.522..0.524]	[0.0..0.57]	[0.916..0.922]	[4051.468..4078.0059]	[0.521..0.522]	[0.0..0.566]	0.8313721	[3368.2773..3408.726]
Group-1	PS 39:1:0	267.23	240116_PS_FTMSMS-_4.mzXML	35.0	4100.6	0.0	0.0	[9.0..9.0]	[0.0..1.0]	[0.923..0.938]	[3784.854..3846.363]	[0.469..0.471]	[0.0..0.57]	[0.923..0.932]	[3784.8538..3821.7593]	[0.468..0.469]	[0.0..0.566]	0.8313721	[3146.6218..3197.7588]
Group-1	PS 39:1:0	281.25	240116_PS_FTMSMS-_4.mzXML	25.0	130600.6	0.0	0.0	[9.0..9.0]	[0.0..1.0]	[0.888..0.94]	[115973.336..122764.56]	[0.661..0.669]	[0.12..0.41]	[0.894..0.909]	[116756.94..118715.945]	[0.66..0.662]	[0.117..0.413]	0.8313721	[96416.99..102063.03]
Group-1	PS 39:1:0	281.25	240116_PS_FTMSMS-_4.mzXML	30.0	192138.6	0.0	0.0	[9.0..9.0]	[0.0..1.0]	[0.919..0.925]	[176575.38..177728.2]	[0.576..0.576]	[0.12..0.41]	[0.92..0.921]	[176767.52..176959.64]	[0.575..0.575]	[0.117..0.413]	0.8313721	[146799.83..147758.27]
Group-1	PS 39:1:0	281.25	240116_PS_FTMSMS-_4.mzXML	35.0	189937.7	0.0	0.0	[9.0..9.0]	[0.0..1.0]	[0.916..0.936]	[173982.94..177781.69]	[0.534..0.538]	[0.12..0.41]	[0.918..0.924]	[174362.81..175502.44]	[0.534..0.535]	[0.117..0.413]	0.8313721	[144644.56..147802.73]
Group-1	PS 39:1:0	283.26	240116_PS_FTMSMS-_4.mzXML	25.0	131219.1	0.0	0.0	[0.0..0.0]	[1.0..1.0]	[0.998..0.998]	[130956.66..130956.66]	[0.909..0.909]	[0.0..0.0]	[0.998..0.998]	[130956.66..130956.66]	[0.909..0.909]	[0.0..0.0]	0.8313721	[108873.71..108873.71]
Group-1	PS 39:1:0	283.26	240116_PS_FTMSMS-_4.mzXML	30.0	208078.2	0.0	0.0	[0.0..0.0]	[1.0..1.0]	[0.975..0.975]	[202876.25..202876.25]	[0.889..0.889]	[0.0..0.0]	[0.975..0.975]	[202876.25..202876.25]	[0.889..0.889]	[0.0..0.0]	0.8313721	[168665.66..168665.66]
Group-1	PS 39:1:0	283.26	240116_PS_FTMSMS-_4.mzXML	35.0	235844.6	0.0	0.0	[0.0..0.0]	[1.0..1.0]	[0.962..0.962]	[226882.5..226882.5]	[0.898..0.898]	[0.0..0.0]	[0.962..0.962]	[226882.5..226882.5]	[0.898..0.898]	[0.0..0.0]	0.8313721	[188623.78..188623.78]
Group-1	PS 39:1:0	295.26	240116_PS_FTMSMS-_4.mzXML	25.0	0.0	0.0	0.0	[9.0..9.0]	[0.0..1.0]	[0.899..0.947]	[0.0..0.0]	[0.5..0.5]	[0.0..1.0]	[0.899..0.947]	[0.0..0.0]	[0.5..0.5]	[0.0..1.0]	0.8313721	[0.0..0.0]
Group-1	PS 39:1:0	295.26	240116_PS_FTMSMS-_4.mzXML	30.0	1202.0	0.0	0.0	[9.0..9.0]	[0.0..1.0]	[0.921..0.923]	[1107.042..1109.446]	[1.0..1.0]	[0.0..1.0]	[0.921..0.923]	[1107.042..1109.4459]	[1.0..1.0]	[0.0..1.0]	0.8313721	[920.36383..922.3624]
Group-1	PS 39:1:0	295.26	240116_PS_FTMSMS-_4.mzXML	35.0	0.0	0.0	0.0	[9.0..9.0]	[0.0..1.0]	[0.91..0.933]	[0.0..0.0]	[0.0..0.0]	[0.0..1.0]	[0.91..0.933]	[0.0..0.0]	[0.0..0.0]	[0.0..1.0]	0.8313721	[0.0..0.0]
Group-1	PS 39:1:0	297.28	240116_PS_FTMSMS-_4.mzXML	25.0	8380.9	0.0	0.0	[0.0..0.0]	[1.0..1.0]	[1.003..1.003]	[8406.043..8406.043]	[0.52..0.52]	[0.29..0.45]	[1.003..1.003]	[8406.043..8406.043]	[0.52..0.52]	[0.285..0.452]	0.8313721	[6988.55..6988.55]
Group-1	PS 39:1:0	297.28	240116_PS_FTMSMS-_4.mzXML	30.0	19546.7	0.0	0.0	[0.0..0.0]	[1.0..1.0]	[0.967..0.967]	[18901.658..18901.658]	[0.559..0.559]	[0.29..0.45]	[0.967..0.967]	[18901.658..18901.658]	[0.559..0.559]	[0.285..0.452]	0.8313721	[15714.312..15714.312]
Group-1	PS 39:1:0	297.28	240116_PS_FTMSMS-_4.mzXML	35.0	23067.4	0.0	0.0	[0.0..0.0]	[1.0..1.0]	[0.947..0.947]	[21844.828..21844.828]	[0.594..0.594]	[0.29..0.45]	[0.947..0.947]	[21844.828..21844.828]	[0.594..0.594]	[0.285..0.452]	0.8313721	[18161.18..18161.18]
Group-1	PS 39:1:0	309.28	240116_PS_FTMSMS-_4.mzXML	25.0	8460.2	0.0	0.0	[11.0..11.0]	[0.0..0.0]	[0.919..0.919]	[7774.925..7774.925]	[0.48..0.48]	[0.55..0.71]	[0.919..0.919]	[7774.9243..7774.9243]	[0.48..0.48]	[0.548..0.715]	0.8313721	[6463.855..6463.855]
Group-1	PS 39:1:0	309.28	240116_PS_FTMSMS-_4.mzXML	30.0	15992.8	0.0	0.0	[11.0..11.0]	[0.0..0.0]	[0.932..0.932]	[14905.289..14905.289]	[0.441..0.441]	[0.55..0.71]	[0.932..0.932]	[14905.289..14905.289]	[0.441..0.441]	[0.548..0.715]	0.8313721	[12391.841..12391.841]
Group-1	PS 39:1:0	309.28	240116_PS_FTMSMS-_4.mzXML	35.0	16016.3	0.0	0.0	[11.0..11.0]	[0.0..0.0]	[0.932..0.932]	[14927.191..14927.191]	[0.406..0.406]	[0.55..0.71]	[0.932..0.932]	[14927.191..14927.191]	[0.406..0.406]	[0.548..0.715]	0.8313721	[12410.051..12410.051]
Group-1	PS 39:1:0	311.29	240116_PS_FTMSMS-_4.mzXML	25.0	0.0	0.0	0.0	[0.0..0.0]	[0.0..1.0]	[0.993..1.011]	[0.0..0.0]	[0.0..0.0]	[0.0..1.0]	[0.993..1.011]	[0.0..0.0]	[0.0..0.0]	[0.0..1.0]	0.8313721	[0.0..0.0]
Group-1	PS 39:1:0	311.29	240116_PS_FTMSMS-_4.mzXML	30.0	0.0	0.0	0.0	[0.0..0.0]	[0.0..1.0]	[0.954..0.962]	[0.0..0.0]	[0.0..0.0]	[0.0..1.0]	[0.954..0.962]	[0.0..0.0]	[0.0..0.0]	[0.0..1.0]	0.8313721	[0.0..0.0]
Group-1	PS 39:1:0	311.29	240116_PS_FTMSMS-_4.mzXML	35.0	2690.6	0.0	0.0	[0.0..0.0]	[0.0..1.0]	[0.934..0.936]	[2513.021..2518.402]	[1.0..1.0]	[0.0..1.0]	[0.934..0.936]	[2513.0205..2518.4016]	[1.0..1.0]	[0.0..1.0]	0.8313721	[2089.2551..2093.729]
Group-1	PS 39:1:0	323.3	240116_PS_FTMSMS-_4.mzXML	25.0	13978.8	0.0	0.0	[11.0..11.0]	[0.0..0.0]	[0.934..0.934]	[13056.199..13056.199]	[0.091..0.091]	[1.0..1.0]	[0.934..0.934]	[13056.199..13056.199]	[0.091..0.091]	[1.0..1.0]	0.8313721	[10854.56..10854.56]
Group-1	PS 39:1:0	323.3	240116_PS_FTMSMS-_4.mzXML	30.0	27049.1	0.0	0.0	[11.0..11.0]	[0.0..0.0]	[0.936..0.936]	[25317.957..25317.957]	[0.111..0.111]	[1.0..1.0]	[0.936..0.936]	[25317.957..25317.957]	[0.111..0.111]	[1.0..1.0]	0.8313721	[21048.643..21048.643]
Group-1	PS 39:1:0	323.3	240116_PS_FTMSMS-_4.mzXML	35.0	27727.8	0.0	0.0	[11.0..11.0]	[0.0..0.0]	[0.931..0.931]	[25814.582..25814.582]	[0.102..0.102]	[1.0..1.0]	[0.931..0.931]	[25814.582..25814.582]	[0.102..0.102]	[1.0..1.0]	0.8313721	[21461.523..21461.523]
Group-1	PS 39:1:0	325.31	240116_PS_FTMSMS-_4.mzXML	25.0	59336.7	0.0	0.0	[0.0..0.0]	[0.0..1.0]	[1.004..1.023]	[59574.043..60701.445]	[0.331..0.339]	[0.59..0.88]	[1.015..1.021]	[60226.75..60582.773]	[0.338..0.34]	[0.587..0.883]	0.8313721	[49528.195..50465.484]
Group-1	PS 39:1:0	325.31	240116_PS_FTMSMS-_4.mzXML	30.0	136110.3	0.0	0.0	[0.0..0.0]	[0.0..1.0]	[0.954..0.961]	[129849.23..130802.0]	[0.424..0.424]	[0.59..0.88]	[0.958..0.96]	[130393.664..130665.88]	[0.425..0.425]	[0.587..0.883]	0.8313721	[107953.02..108745.13]
Group-1	PS 39:1:0	325.31	240116_PS_FTMSMS-_4.mzXML	35.0	164379.5	0.0	0.0	[0.0..0.0]	[0.0..1.0]	[0.924..0.929]	[151886.66..152708.56]	[0.462..0.466]	[0.59..0.88]	[0.927..0.928]	[152379.8..152544.17]	[0.465..0.466]	[0.587..0.883]	0.8313721	[126274.336..126957.63]
Group-1	PS 39:1:0	339.32	240116_PS_FTMSMS-_4.mzXML	25.0	0.0	0.0	0.0	[0.0..0.0]	[0.0..1.0]	[1.021..1.04]	[0.0..0.0]	[0.0..0.0]	[0.43..1.0]	[1.029..1.04]	[0.0..0.0]	[0.0..0.0]	[0.434..1.0]	0.8313721	[0.0..0.0]
Group-1	PS 39:1:0	339.32	240116_PS_FTMSMS-_4.mzXML	30.0	3875.2	0.0	0.0	[0.0..0.0]	[0.0..1.0]	[0.959..0.962]	[3716.317..3727.943]	[0.476..0.478]	[0.43..1.0]	[0.96..0.962]	[3720.192..3727.9424]	[0.478..0.479]	[0.434..1.0]	0.8313721	[3089.642..3099.3074]
Group-1	PS 39:1:0	339.32	240116_PS_FTMSMS-_4.mzXML	35.0	4674.3	0.0	0.0	[0.0..0.0]	[0.0..1.0]	[0.917..0.925]	[4286.333..4323.728]	[0.529..0.531]	[0.43..1.0]	[0.92..0.925]	[4300.356..4323.7275]	[0.531..0.532]	[0.434..1.0]	0.8313721	[3563.5374..3594.6262]
Group-1	PS 39:1:0	353.34	240116_PS_FTMSMS-_4.mzXML	25.0	0.0	0.0	0.0	[0.0..0.0]	[0.0..1.0]	[1.044..1.06]	[0.0..0.0]	[0.0..0.0]	[0.0..1.0]	[1.044..1.06]	[0.0..0.0]	[0.0..0.0]	[0.0..1.0]	0.8313721	[0.0..0.0]
Group-1	PS 39:1:0	353.34	240116_PS_FTMSMS-_4.mzXML	30.0	0.0	0.0	0.0	[0.0..0.0]	[0.0..1.0]	[0.967..0.968]	[0.0..0.0]	[0.0..0.0]	[0.0..1.0]	[0.967..0.968]	[0.0..0.0]	[0.0..0.0]	[0.0..1.0]	0.8313721	[0.0..0.0]
Group-1	PS 39:1:0	353.34	240116_PS_FTMSMS-_4.mzXML	35.0	2840.7	0.0	0.0	[0.0..0.0]	[0.0..1.0]	[0.912..0.924]	[2590.718..2624.807]	[1.0..1.0]	[0.0..1.0]	[0.912..0.924]	[2590.7183..2624.807]	[1.0..1.0]	[0.0..1.0]	0.8313721	[2153.851..2182.1912]
Group-1	PS 39:3:0	283.26	240116_PS_FTMSMS-_4.mzXML	25.0	990167.2	0.0	0.0	[0.0..0.0]	[1.0..1.0]	[0.998..0.998]	[988186.9..988186.9]	[0.978..0.979]	[0.0..0.0]	[0.998..0.998]	[988186.9..988186.9]	[0.978..0.978]	[0.0..0.0]	0.8348496	[824987.44..824987.44]
Group-1	PS 39:3:0	283.26	240116_PS_FTMSMS-_4.mzXML	30.0	2530063.8	0.0	0.0	[0.0..0.0]	[1.0..1.0]	[0.975..0.975]	[2466812.2..2466812.2]	[0.983..0.985]	[0.0..0.0]	[0.975..0.975]	[2466812.2..2466812.2]	[0.983..0.985]	[0.0..0.0]	0.8348496	[2059417.2..2059417.2]
Group-1	PS 39:3:0	283.26	240116_PS_FTMSMS-_4.mzXML	35.0	3255604.2	0.0	0.0	[0.0..0.0]	[1.0..1.0]	[0.962..0.962]	[3131891.2..3131891.2]	[0.983..0.986]	[0.0..0.0]	[0.962..0.962]	[3131891.2..3131891.2]	[0.984..0.987]	[0.0..0.0]	0.8348496	[2614658.2..2614658.2]
Group-1	PS 39:3:0	319.26	240116_PS_FTMSMS-_4.mzXML	25.0	23651.7	0.0	0.0	[5.0..11.0]	[0.0..0.0]	[0.886..0.923]	[20955.404..21830.518]	[0.021..0.022]	[1.0..1.0]	[0.921..0.955]	[21783.215..22587.373]	[0.022..0.022]	[1.0..1.0]	0.8348496	[17494.611..18225.2]
Group-1	PS 39:3:0	319.26	240116_PS_FTMSMS-_4.mzXML	30.0	40439.7	0.0	0.0	[5.0..11.0]	[0.0..0.0]	[0.951..1.024]	[38458.152..41410.254]	[0.015..0.017]	[1.0..1.0]	[0.944..1.024]	[38175.08..41410.254]	[0.015..0.017]	[1.0..1.0]	0.8348496	[32106.773..34571.332]
Group-1	PS 39:3:0	319.26	240116_PS_FTMSMS-_4.mzXML	35.0	42678.2	0.0	0.0	[5.0..11.0]	[0.0..0.0]	[1.016..1.245]	[43361.05..53134.36]	[0.014..0.017]	[1.0..1.0]	[0.989..1.228]	[42208.74..52408.832]	[0.013..0.016]	[1.0..1.0]	0.8348496	[36199.957..44359.2]
Group-1	PS 39:4:0	269.25	240116_PS_FTMSMS-_4.mzXML	25.0	22210.2	0.0	0.0	[0.0..0.0]	[1.0..1.0]	[0.997..0.997]	[22143.568..22143.568]	[0.722..0.723]	[0.0..0.0]	[0.997..0.997]	[22143.568..22143.568]	[0.714..0.719]	[0.0..0.0]	0.83659583	[18525.217..18525.217]
Group-1	PS 39:4:0	269.25	240116_PS_FTMSMS-_4.mzXML	30.0	41752.6	0.0	0.0	[0.0..0.0]	[1.0..1.0]	[0.986..0.986]	[41168.066..41168.066]	[0.722..0.742]	[0.0..0.0]	[0.986..0.986]	[41168.066..41168.066]	[0.721..0.742]	[0.0..0.0]	0.83659583	[34441.03..34441.03]
Group-1	PS 39:4:0	269.25	240116_PS_FTMSMS-_4.mzXML	35.0	49743.9	0.0	0.0	[0.0..0.0]	[1.0..1.0]	[0.979..0.979]	[48699.273..48699.273]	[0.731..0.768]	[0.0..0.0]	[0.979..0.979]	[48699.273..48699.273]	[0.732..0.769]	[0.0..0.0]	0.83659583	[40741.613..40741.613]
Group-1	PS 39:4:0	281.25	240116_PS_FTMSMS-_4.mzXML	25.0	198070.5	0.0	0.0	[9.0..9.0]	[1.0..1.0]	[0.94..0.94]	[186186.27..186186.27]	[0.976..0.977]	[0.0..0.0]	[0.94..0.94]	[186186.27..186186.27]	[0.975..0.976]	[0.0..0.0]	0.83659583	[155762.66..155762.66]
Group-1	PS 39:4:0	281.25	240116_PS_FTMSMS-_4.mzXML	30.0	457685.9	0.0	0.0	[9.0..9.0]	[1.0..1.0]	[0.925..0.925]	[423359.47..423359.47]	[0.985..0.987]	[0.0..0.0]	[0.925..0.925]	[423359.47..423359.47]	[0.985..0.987]	[0.0..0.0]	0.83659583	[354180.78..354180.78]
Group-1	PS 39:4:0	281.25	240116_PS_FTMSMS-_4.mzXML	35.0	542875.1	0.0	0.0	[9.0..9.0]	[1.0..1.0]	[0.916..0.916]	[497273.62..497273.62]	[0.987..0.99]	[0.0..0.0]	[0.916..0.916]	[497273.62..497273.62]	[0.987..0.99]	[0.0..0.0]	0.83659583	[416017.03..416017.03]
Group-1	PS 39:4:0	283.26	240116_PS_FTMSMS-_4.mzXML	25.0	35985.9	0.0	0.0	[0.0..0.0]	[1.0..1.0]	[0.998..0.998]	[35913.926..35913.926]	[1.0..1.0]	[0.0..0.0]	[0.998..0.998]	[35913.926..35913.926]	[1.0..1.0]	[0.0..0.0]	0.83659583	[30045.441..30045.441]
Group-1	PS 39:4:0	283.26	240116_PS_FTMSMS-_4.mzXML	30.0	83000.1	0.0	0.0	[0.0..0.0]	[1.0..1.0]	[0.975..0.975]	[80925.1..80925.1]	[1.0..1.0]	[0.0..0.0]	[0.975..0.975]	[80925.1..80925.1]	[1.0..1.0]	[0.0..0.0]	0.83659583	[67701.6..67701.6]
Group-1	PS 39:4:0	283.26	240116_PS_FTMSMS-_4.mzXML	35.0	117326.7	0.0	0.0	[0.0..0.0]	[1.0..1.0]	[0.962..0.962]	[112868.29..112868.29]	[0.97..0.976]	[0.0..0.0]	[0.962..0.962]	[112868.29..112868.29]	[0.97..0.976]	[0.0..0.0]	0.83659583	[94425.14..94425.14]
Group-1	PS 39:4:0	297.28	240116_PS_FTMSMS-_4.mzXML	25.0	7738.9	0.0	0.0	[0.0..0.0]	[1.0..1.0]	[1.003..1.003]	[7762.117..7762.117]	[0.522..0.529]	[0.0..0.43]	[1.003..1.003]	[7762.1167..7762.1167]	[0.421..0.506]	[0.0..0.431]	0.83659583	[6493.755..6493.755]
Group-1	PS 39:4:0	297.28	240116_PS_FTMSMS-_4.mzXML	30.0	21253.6	0.0	0.0	[0.0..0.0]	[1.0..1.0]	[0.967..0.967]	[20552.23..20552.23]	[0.717..0.743]	[0.0..0.43]	[0.967..0.967]	[20552.23..20552.23]	[0.702..0.713]	[0.0..0.431]	0.83659583	[17193.912..17193.912]
Group-1	PS 39:4:0	297.28	240116_PS_FTMSMS-_4.mzXML	35.0	30957.4	0.0	0.0	[0.0..0.0]	[1.0..1.0]	[0.947..0.947]	[29316.658..29316.658]	[0.687..0.738]	[0.0..0.43]	[0.947..0.947]	[29316.658..29316.658]	[0.689..0.723]	[0.0..0.431]	0.83659583	[24526.195..24526.195]
Group-1	PS 39:4:0	303.23	240116_PS_FTMSMS-_4.mzXML	25.0	7123.3	0.0	0.0	[5.0..8.0]	[0.0..0.0]	[0.972..0.996]	[6923.848..7094.807]	[0.471..0.478]	[0.57..1.0]	[1.062..1.499]	[7564.945..10677.826]	[0.494..0.579]	[0.569..1.0]	0.83659583	[5792.462..5935.4854]
Group-1	PS 39:4:0	303.23	240116_PS_FTMSMS-_4.mzXML	30.0	6123.3	0.0	0.0	[5.0..8.0]	[0.0..0.0]	[1.162..1.328]	[7115.274..8131.742]	[0.257..0.283]	[0.57..1.0]	[1.348..1.425]	[8254.208..8725.702]	[0.287..0.298]	[0.569..1.0]	0.83659583	[5952.6084..6802.9814]
Group-1	PS 39:4:0	303.23	240116_PS_FTMSMS-_4.mzXML	35.0	6980.7	0.0	0.0	[5.0..8.0]	[0.0..0.0]	[1.492..1.914]	[10415.204..13361.061]	[0.262..0.313]	[0.57..1.0]	[1.607..1.894]	[11217.985..13221.446]	[0.277..0.311]	[0.569..1.0]	0.83659583	[8713.317..11177.808]
Group-1	PS 39:4:0	317.25	240116_PS_FTMSMS-_4.mzXML	25.0	0.0	0.0	0.0	[5.0..8.0]	[0.0..0.0]	[0.948..0.96]	[0.0..0.0]	[0.0..0.0]	[1.0..1.0]	[0.977..1.018]	[0.0..0.0]	[0.0..0.0]	[1.0..1.0]	0.83659583	[0.0..0.0]
Group-1	PS 39:4:0	317.25	240116_PS_FTMSMS-_4.mzXML	30.0	0.0	0.0	0.0	[5.0..8.0]	[0.0..0.0]	[1.114..1.251]	[0.0..0.0]	[0.0..0.0]	[1.0..1.0]	[1.115..1.268]	[0.0..0.0]	[0.0..0.0]	[1.0..1.0]	0.83659583	[0.0..0.0]
Group-1	PS 39:4:0	317.25	240116_PS_FTMSMS-_4.mzXML	35.0	2004.0	0.0	0.0	[5.0..8.0]	[0.0..0.0]	[1.414..1.768]	[2833.656..3543.072]	[0.024..0.03]	[1.0..1.0]	[1.403..1.754]	[2811.612..3515.0159]	[0.024..0.03]	[1.0..1.0]	0.83659583	[2370.625..2964.1194]
Group-1	PS 39:4:0	319.26	240116_PS_FTMSMS-_4.mzXML	25.0	4900.3	0.0	0.0	[5.0..11.0]	[0.0..0.0]	[0.886..0.923]	[4341.666..4522.977]	[0.023..0.024]	[1.0..1.0]	[0.921..0.955]	[4513.1763..4679.786]	[0.024..0.025]	[1.0..1.0]	0.83659583	[3632.2192..3783.9033]
Group-1	PS 39:4:0	319.26	240116_PS_FTMSMS-_4.mzXML	30.0	6087.4	0.0	0.0	[5.0..11.0]	[0.0..0.0]	[0.951..1.024]	[5789.117..6233.498]	[0.013..0.015]	[1.0..1.0]	[0.944..1.024]	[5746.5054..6233.4976]	[0.013..0.015]	[1.0..1.0]	0.83659583	[4843.1514..5214.9185]
Group-1	PS 39:4:0	319.26	240116_PS_FTMSMS-_4.mzXML	35.0	5146.4	0.0	0.0	[5.0..11.0]	[0.0..0.0]	[1.016..1.245]	[5228.743..6407.268]	[0.01..0.013]	[1.0..1.0]	[0.989..1.228]	[5089.7896..6319.7793]	[0.01..0.013]	[1.0..1.0]	0.83659583	[4374.3438..5360.2935]
Group-1	PS 39:4:0	331.26	240116_PS_FTMSMS-_4.mzXML	25.0	9208.9	0.0	0.0	[7.0..10.0]	[0.0..0.0]	[0.923..0.927]	[8499.814..8536.65]	[0.277..0.278]	[1.0..1.0]	[0.939..0.961]	[8647.157..8849.754]	[0.281..0.286]	[1.0..1.0]	0.83659583	[7110.9097..7141.7266]
Group-1	PS 39:4:0	331.26	240116_PS_FTMSMS-_4.mzXML	30.0	14306.3	0.0	0.0	[7.0..10.0]	[0.0..0.0]	[1.002..1.107]	[14334.912..15837.074]	[0.258..0.278]	[1.0..1.0]	[1.0..1.111]	[14306.3..15894.298]	[0.258..0.279]	[1.0..1.0]	0.83659583	[11992.527..13249.2295]
Group-1	PS 39:4:0	331.26	240116_PS_FTMSMS-_4.mzXML	35.0	12508.7	0.0	0.0	[7.0..10.0]	[0.0..0.0]	[1.176..1.436]	[14710.231..17962.494]	[0.232..0.269]	[1.0..1.0]	[1.172..1.426]	[14660.197..17837.406]	[0.231..0.268]	[1.0..1.0]	0.83659583	[12306.519..15027.348]
Group-1	PS 39:5:0	267.23	240116_PS_FTMSMS-_4.mzXML	25.0	498.6	0.0	0.0	[9.0..9.0]	[1.0..1.0]	[0.933..0.933]	[465.194..465.194]	[0.365..0.366]	[0.51..0.82]	[0.933..0.933]	[465.19382..465.19382]	[0.27..0.304]	[0.509..0.819]	0.8383587	[389.99927..389.99927]
Group-1	PS 39:5:0	267.23	240116_PS_FTMSMS-_4.mzXML	30.0	1264.4	0.0	0.0	[9.0..9.0]	[1.0..1.0]	[0.927..0.927]	[1172.099..1172.099]	[0.496..0.52]	[0.51..0.82]	[0.927..0.927]	[1172.0988..1172.0988]	[0.444..0.488]	[0.509..0.819]	0.8383587	[982.6392..982.6392]
Group-1	PS 39:5:0	267.23	240116_PS_FTMSMS-_4.mzXML	35.0	1360.6	0.0	0.0	[9.0..9.0]	[1.0..1.0]	[0.923..0.923]	[1255.834..1255.834]	[0.381..0.429]	[0.51..0.82]	[0.923..0.923]	[1255.8337..1255.8337]	[0.363..0.417]	[0.509..0.819]	0.8383587	[1052.8391..1052.8391]
Group-1	PS 39:5:0	269.25	240116_PS_FTMSMS-_4.mzXML	25.0	13444.3	0.0	0.0	[0.0..0.0]	[0.19999999..1.0]	[0.992..0.997]	[13336.745..13403.967]	[0.675..0.746]	[0.0..0.0]	[0.992..0.992]	[13336.745..13336.745]	[0.728..0.731]	[0.0..0.0]	0.8383587	[11180.977..11237.332]
Group-1	PS 39:5:0	269.25	240116_PS_FTMSMS-_4.mzXML	30.0	27013.5	0.0	0.0	[0.0..0.0]	[0.19999999..1.0]	[0.982..0.986]	[26527.256..26635.31]	[0.736..0.769]	[0.0..0.0]	[0.982..0.982]	[26527.256..26527.256]	[0.759..0.764]	[0.0..0.0]	0.8383587	[22239.355..22329.943]
Group-1	PS 39:5:0	269.25	240116_PS_FTMSMS-_4.mzXML	35.0	32160.5	0.0	0.0	[0.0..0.0]	[1.0..1.0]	[0.979..0.979]	[31485.129..31485.129]	[0.792..0.799]	[0.0..0.0]	[0.979..0.979]	[31485.129..31485.129]	[0.792..0.799]	[0.0..0.0]	0.8383587	[26395.832..26395.832]
Group-1	PS 39:5:0	295.26	240116_PS_FTMSMS-_4.mzXML	25.0	4667.1	0.0	0.0	[9.0..9.0]	[1.0..1.0]	[0.947..0.947]	[4419.744..4419.744]	[0.763..0.768]	[0.0..0.0]	[0.947..0.947]	[4419.744..4419.744]	[0.751..0.763]	[0.0..0.0]	0.8383587	[3705.3306..3705.3306]
Group-1	PS 39:5:0	295.26	240116_PS_FTMSMS-_4.mzXML	30.0	11886.9	0.0	0.0	[9.0..9.0]	[1.0..1.0]	[0.923..0.923]	[10971.608..10971.608]	[0.847..0.863]	[0.0..0.0]	[0.923..0.923]	[10971.608..10971.608]	[0.845..0.864]	[0.0..0.0]	0.8383587	[9198.144..9198.144]
Group-1	PS 39:5:0	295.26	240116_PS_FTMSMS-_4.mzXML	35.0	16882.0	0.0	0.0	[9.0..9.0]	[1.0..1.0]	[0.91..0.91]	[15362.62..15362.62]	[0.88..0.904]	[0.0..0.0]	[0.91..0.91]	[15362.62..15362.62]	[0.881..0.905]	[0.0..0.0]	0.8383587	[12879.387..12879.387]
Group-1	PS 39:5:0	303.23	240116_PS_FTMSMS-_4.mzXML	25.0	1376.6	0.0	0.0	[5.0..8.0]	[0.0..0.0]	[0.972..0.996]	[1338.055..1371.094]	[0.232..0.237]	[1.0..1.0]	[1.0..1.062]	[1376.6..1461.9492]	[0.237..0.249]	[1.0..1.0]	0.8383587	[1121.7703..1149.4683]
Group-1	PS 39:5:0	303.23	240116_PS_FTMSMS-_4.mzXML	30.0	1495.6	0.0	0.0	[5.0..8.0]	[0.0..0.0]	[1.162..1.328]	[1737.887..1986.157]	[0.137..0.153]	[1.0..1.0]	[1.159..1.348]	[1733.4004..2016.0688]	[0.136..0.155]	[1.0..1.0]	0.8383587	[1456.9728..1665.1117]
Group-1	PS 39:5:0	303.23	240116_PS_FTMSMS-_4.mzXML	35.0	1092.7	0.0	0.0	[5.0..8.0]	[0.0..0.0]	[1.492..1.914]	[1630.308..2091.428]	[0.096..0.12]	[1.0..1.0]	[1.474..1.894]	[1610.6396..2069.5737]	[0.095..0.119]	[1.0..1.0]	0.8383587	[1366.7832..1753.3667]
Group-1	PS 39:5:0	329.25	240116_PS_FTMSMS-_4.mzXML	25.0	4233.8	586.2	0.1384572	[4.0..4.0]	[0.0..0.8]	[1.072..1.527]	[4538.634..6465.012]	[0.254..0.325]	[1.0..1.0]	[1.162..1.179]	[4919.6753..4991.65]	[0.269..0.272]	[1.0..1.0]	0.8383587	[3805.003..5419.999]
Group-1	PS 39:5:0	329.25	240116_PS_FTMSMS-_4.mzXML	30.0	4923.5	844.7	0.17156495	[4.2..4.4]	[0.0..0.8]	[1.617..1.942]	[7961.3..9561.438]	[0.231..0.264]	[1.0..1.0]	[1.666..1.712]	[8202.551..8429.032]	[0.236..0.241]	[1.0..1.0]	0.8383587	[6674.425..8015.914]
Group-1	PS 39:5:0	329.25	240116_PS_FTMSMS-_4.mzXML	35.0	2857.4	688.9	0.24109332	[4.0..4.2]	[0.0..0.0]	[2.78..2.898]	[7943.572..8280.745]	[0.201..0.208]	[1.0..1.0]	[2.775..2.888]	[7929.285..8252.171]	[0.201..0.208]	[1.0..1.0]	0.8383587	[6659.5625..6942.235]
Group-1	PS 39:5:0	331.26	240116_PS_FTMSMS-_4.mzXML	25.0	874.0	0.0	0.0	[7.0..10.0]	[0.0..0.0]	[0.923..0.927]	[806.702..810.198]	[0.634..0.635]	[0.18..0.49]	[1.218..1.44]	[1064.5321..1258.56]	[0.696..0.73]	[0.181..0.491]	0.8383587	[676.30566..679.2366]
Group-1	PS 39:5:0	331.26	240116_PS_FTMSMS-_4.mzXML	30.0	1078.0	0.0	0.0	[7.0..10.0]	[0.0..0.0]	[1.002..1.107]	[1080.156..1193.346]	[0.48..0.504]	[0.18..0.49]	[1.139..1.364]	[1227.842..1470.392]	[0.512..0.556]	[0.181..0.491]	0.8383587	[905.55817..1000.45197]
Group-1	PS 39:5:0	331.26	240116_PS_FTMSMS-_4.mzXML	35.0	1422.7	0.0	0.0	[7.0..10.0]	[0.0..0.0]	[1.176..1.436]	[1673.095..2042.997]	[0.571..0.619]	[0.18..0.49]	[1.233..1.552]	[1754.1891..2208.0303]	[0.583..0.637]	[0.181..0.491]	0.8383587	[1402.6539..1712.7644]
Group-1	PS 39:6:0	269.25	240116_PS_FTMSMS-_4.mzXML	25.0	20876.1	0.0	0.0	[0.0..0.0]	[1.0..1.0]	[0.997..0.997]	[20813.47..20813.47]	[0.747..0.747]	[0.0..0.0]	[0.997..0.997]	[20813.47..20813.47]	[0.747..0.747]	[0.0..0.0]	0.8401297	[17486.014..17486.014]
Group-1	PS 39:6:0	269.25	240116_PS_FTMSMS-_4.mzXML	30.0	34506.7	0.0	0.0	[0.0..0.0]	[1.0..1.0]	[0.986..0.986]	[34023.605..34023.605]	[0.773..0.773]	[0.0..0.0]	[0.986..0.986]	[34023.605..34023.605]	[0.773..0.773]	[0.0..0.0]	0.8401297	[28584.24..28584.24]
Group-1	PS 39:6:0	269.25	240116_PS_FTMSMS-_4.mzXML	35.0	40624.3	0.0	0.0	[0.0..0.0]	[1.0..1.0]	[0.979..0.979]	[39771.188..39771.188]	[0.774..0.774]	[0.0..0.0]	[0.979..0.979]	[39771.188..39771.188]	[0.774..0.774]	[0.0..0.0]	0.8401297	[33412.957..33412.957]
Group-1	PS 39:6:0	327.23	240116_PS_FTMSMS-_4.mzXML	25.0	5267.5	1057.0	0.20066445	[4.0..4.0]	[0.0..0.0]	[1.341..1.341]	[7063.718..7063.718]	[0.253..0.253]	[1.0..1.0]	[1.341..1.341]	[7063.7173..7063.7173]	[0.253..0.253]	[1.0..1.0]	0.8401297	[5934.438..5934.438]
Group-1	PS 39:6:0	327.23	240116_PS_FTMSMS-_4.mzXML	30.0	4013.8	1753.7	0.4369176	[4.0..4.0]	[0.0..0.0]	[2.483..2.483]	[9966.266..9966.266]	[0.227..0.227]	[1.0..1.0]	[2.483..2.483]	[9966.266..9966.266]	[0.227..0.227]	[1.0..1.0]	0.8401297	[8372.956..8372.956]
Group-1	PS 39:6:0	327.23	240116_PS_FTMSMS-_4.mzXML	35.0	2107.1	1197.9	0.5685065	[4.0..4.0]	[0.0..0.0]	[5.498..5.498]	[11584.837..11584.837]	[0.226..0.226]	[1.0..1.0]	[5.498..5.498]	[11584.837..11584.837]	[0.226..0.226]	[1.0..1.0]	0.8401297	[9732.765..9732.765]
Group-1	PS 40:6:0	283.26	240116_PS_FTMSMS-_4.mzXML	25.0	1.2493298E7	0.0	0.0	[0.0..0.0]	[1.0..1.0]	[0.998..0.998]	[1.2468312E7..1.2468312E7]	[0.753..0.753]	[0.0..0.0]	[0.998..0.998]	[1.2468312E7..1.2468312E7]	[0.753..0.753]	[0.0..0.0]	0.8280024	[1.0323792E7..1.0323792E7]
Group-1	PS 40:6:0	283.26	240116_PS_FTMSMS-_4.mzXML	30.0	2.6058796E7	0.0	0.0	[0.0..0.0]	[1.0..1.0]	[0.975..0.975]	[2.5407326E7..2.5407326E7]	[0.786..0.786]	[0.0..0.0]	[0.975..0.975]	[2.5407326E7..2.5407326E7]	[0.786..0.786]	[0.0..0.0]	0.8280024	[2.1037328E7..2.1037328E7]
Group-1	PS 40:6:0	283.26	240116_PS_FTMSMS-_4.mzXML	35.0	2.773124E7	0.0	0.0	[0.0..0.0]	[1.0..1.0]	[0.962..0.962]	[2.6677454E7..2.6677454E7]	[0.811..0.811]	[0.0..0.0]	[0.962..0.962]	[2.6677454E7..2.6677454E7]	[0.811..0.811]	[0.0..0.0]	0.8280024	[2.2088996E7..2.2088996E7]
Group-1	PS 40:6:0	327.23	240116_PS_FTMSMS-_4.mzXML	25.0	3055053.5	593584.9	0.19429606	[4.0..4.0]	[0.0..0.0]	[1.341..1.341]	[4096826.5..4096826.5]	[0.247..0.247]	[1.0..1.0]	[1.341..1.341]	[4096826.5..4096826.5]	[0.247..0.247]	[1.0..1.0]	0.8280024	[3392182.0..3392182.0]
Group-1	PS 40:6:0	327.23	240116_PS_FTMSMS-_4.mzXML	30.0	2784280.5	1099530.4	0.39490646	[4.0..4.0]	[0.0..0.0]	[2.483..2.483]	[6913368.5..6913368.5]	[0.214..0.214]	[1.0..1.0]	[2.483..2.483]	[6913368.5..6913368.5]	[0.214..0.214]	[1.0..1.0]	0.8280024	[5724286.0..5724286.0]
Group-1	PS 40:6:0	327.23	240116_PS_FTMSMS-_4.mzXML	35.0	1134141.0	776333.8	0.6845126	[4.0..4.0]	[0.0..0.0]	[5.498..5.498]	[6235507.5..6235507.5]	[0.189..0.189]	[1.0..1.0]	[5.498..5.498]	[6235507.5..6235507.5]	[0.189..0.189]	[1.0..1.0]	0.8280024	[5163015.0..5163015.0]
Group-1	PS 40:7:0	281.25	240116_PS_FTMSMS-_4.mzXML	25.0	225732.7	0.0	0.0	[9.0..9.0]	[0.19999999..1.0]	[0.899..0.94]	[202933.7..212188.73]	[0.812..0.821]	[0.0..0.0]	[0.899..0.899]	[202933.7..202933.7]	[0.805..0.805]	[0.0..0.0]	0.8297263	[168379.42..176058.58]
Group-1	PS 40:7:0	281.25	240116_PS_FTMSMS-_4.mzXML	30.0	350941.4	0.0	0.0	[9.0..9.0]	[0.19999999..0.19999999]	[0.92..0.92]	[322866.1..322866.1]	[0.814..0.814]	[0.0..0.0]	[0.92..0.92]	[322866.1..322866.1]	[0.814..0.814]	[0.0..0.0]	0.8297263	[267890.5..267890.5]
Group-1	PS 40:7:0	281.25	240116_PS_FTMSMS-_4.mzXML	35.0	390765.1	0.0	0.0	[9.0..9.0]	[1.0..1.0]	[0.916..0.916]	[357940.84..357940.84]	[0.83..0.83]	[0.0..0.0]	[0.916..0.916]	[357940.84..357940.84]	[0.83..0.83]	[0.0..0.0]	0.8297263	[296992.9..296992.9]
Group-1	PS 40:7:0	303.23	240116_PS_FTMSMS-_4.mzXML	25.0	36508.1	0.0	0.0	[5.0..8.0]	[1.0..1.0]	[1.0..1.062]	[36508.1..38771.605]	[0.889..0.893]	[0.0..0.0]	[0.972..0.996]	[35485.875..36362.07]	[0.881..0.883]	[0.0..0.0]	0.8297263	[30291.73..32169.818]
Group-1	PS 40:7:0	303.23	240116_PS_FTMSMS-_4.mzXML	30.0	83785.3	0.0	0.0	[5.0..8.0]	[1.0..1.0]	[1.159..1.348]	[97107.17..112942.586]	[0.912..0.915]	[0.0..0.0]	[1.162..1.328]	[97358.51..111266.87]	[0.913..0.914]	[0.0..0.0]	0.8297263	[80572.36..93711.43]
Group-1	PS 40:7:0	303.23	240116_PS_FTMSMS-_4.mzXML	35.0	65256.8	0.0	0.0	[5.0..8.0]	[1.0..1.0]	[1.474..1.894]	[96188.52..123596.38]	[0.895..0.895]	[0.0..0.0]	[1.492..1.914]	[97363.15..124901.516]	[0.897..0.898]	[0.0..0.0]	0.8297263	[79810.14..102551.164]
Group-1	PS 40:7:0	305.25	240116_PS_FTMSMS-_4.mzXML	25.0	5059.4	0.0	0.0	[5.0..11.0]	[0.0..0.0]	[0.905..0.922]	[4578.757..4664.767]	[0.107..0.111]	[1.0..1.0]	[0.945..0.95]	[4781.133..4806.4297]	[0.117..0.119]	[1.0..1.0]	0.8297263	[3799.1147..3870.4795]
Group-1	PS 40:7:0	305.25	240116_PS_FTMSMS-_4.mzXML	30.0	9819.0	0.0	0.0	[5.0..11.0]	[0.0..0.0]	[0.956..1.063]	[9386.964..10437.597]	[0.085..0.088]	[1.0..1.0]	[0.946..1.067]	[9288.773..10476.873]	[0.086..0.087]	[1.0..1.0]	0.8297263	[7788.611..8660.349]
Group-1	PS 40:7:0	305.25	240116_PS_FTMSMS-_4.mzXML	35.0	11081.0	0.0	0.0	[5.0..11.0]	[0.0..0.0]	[1.023..1.308]	[11335.863..14493.947]	[0.105..0.105]	[1.0..1.0]	[0.995..1.293]	[11025.595..14327.732]	[0.102..0.103]	[1.0..1.0]	0.8297263	[9405.664..12026.01]
Group-1	PS 40:7:0	327.23	240116_PS_FTMSMS-_4.mzXML	25.0	33057.8	8022.9	0.2426931	[4.0..4.0]	[0.0..0.8]	[1.341..1.49]	[44330.508..49256.125]	[0.179..0.188]	[1.0..1.0]	[1.49..1.49]	[49256.125..49256.125]	[0.195..0.195]	[1.0..1.0]	0.8297263	[36782.188..40869.1]
Group-1	PS 40:7:0	327.23	240116_PS_FTMSMS-_4.mzXML	30.0	28213.9	11208.8	0.39727935	[4.0..4.0]	[0.8..0.8]	[2.611..2.611]	[73666.49..73666.49]	[0.186..0.186]	[1.0..1.0]	[2.611..2.611]	[73666.49..73666.49]	[0.186..0.186]	[1.0..1.0]	0.8297263	[61123.027..61123.027]
Group-1	PS 40:7:0	327.23	240116_PS_FTMSMS-_4.mzXML	35.0	13343.9	7696.7	0.5767954	[4.0..4.0]	[0.0..0.0]	[5.498..5.498]	[73364.766..73364.766]	[0.17..0.17]	[1.0..1.0]	[5.498..5.498]	[73364.766..73364.766]	[0.17..0.17]	[1.0..1.0]	0.8297263	[60872.676..60872.676]
Group-1	PS 40:8:0	279.23	240116_PS_FTMSMS-_4.mzXML	25.0	3282.6	0.0	0.0	[9.0..9.0]	[1.0..1.0]	[0.927..0.927]	[3042.97..3042.97]	[1.0..1.0]	[0.0..0.0]	[0.927..0.927]	[3042.9702..3042.9702]	[1.0..1.0]	[0.0..0.0]	0.8314494	[2530.076..2530.076]
Group-1	PS 40:8:0	279.23	240116_PS_FTMSMS-_4.mzXML	30.0	5386.7	0.0	0.0	[9.0..9.0]	[1.0..1.0]	[0.932..0.932]	[5020.405..5020.405]	[1.0..1.0]	[0.0..0.0]	[0.932..0.932]	[5020.4043..5020.4043]	[1.0..1.0]	[0.0..0.0]	0.8314494	[4174.2124..4174.2124]
Group-1	PS 40:8:0	279.23	240116_PS_FTMSMS-_4.mzXML	35.0	5396.2	0.0	0.0	[9.0..9.0]	[1.0..1.0]	[0.962..0.962]	[5191.145..5191.145]	[1.0..1.0]	[0.0..0.0]	[0.962..0.962]	[5191.1445..5191.1445]	[1.0..1.0]	[0.0..0.0]	0.8314494	[4316.1743..4316.1743]
Group-1	PS 40:8:0	303.23	240116_PS_FTMSMS-_4.mzXML	25.0	5365.5	0.0	0.0	[5.0..8.0]	[0.5..0.5]	[1.018..1.018]	[5462.079..5462.079]	[0.5..0.5]	[0.5..0.5]	[1.018..1.018]	[5462.079..5462.079]	[0.5..0.5]	[0.5..0.5]	0.8314494	[4541.4424..4541.4424]
Group-1	PS 40:8:0	303.23	240116_PS_FTMSMS-_4.mzXML	30.0	10000.9	0.0	0.0	[5.0..8.0]	[0.5..0.5]	[1.305..1.305]	[13051.175..13051.175]	[0.5..0.5]	[0.5..0.5]	[1.305..1.305]	[13051.175..13051.175]	[0.5..0.5]	[0.5..0.5]	0.8314494	[10851.391..10851.391]
Group-1	PS 40:8:0	303.23	240116_PS_FTMSMS-_4.mzXML	35.0	7893.3	0.0	0.0	[5.0..8.0]	[0.5..0.5]	[1.855..1.855]	[14642.071..14642.071]	[0.5..0.5]	[0.5..0.5]	[1.855..1.855]	[14642.071..14642.071]	[0.5..0.5]	[0.5..0.5]	0.8314494	[12174.142..12174.142]
Group-1	PS 40:8:0	327.23	240116_PS_FTMSMS-_4.mzXML	25.0	0.0	0.0	0.0	[4.0..4.0]	[0.0..0.0]	[1.341..1.341]	[0.0..0.0]	[0.0..0.0]	[1.0..1.0]	[1.341..1.341]	[0.0..0.0]	[0.0..0.0]	[1.0..1.0]	0.8314494	[0.0..0.0]
Group-1	PS 40:8:0	327.23	240116_PS_FTMSMS-_4.mzXML	30.0	0.0	0.0	0.0	[4.0..4.0]	[0.0..0.0]	[2.483..2.483]	[0.0..0.0]	[0.0..0.0]	[1.0..1.0]	[2.483..2.483]	[0.0..0.0]	[0.0..0.0]	[1.0..1.0]	0.8314494	[0.0..0.0]
Group-1	PS 40:8:0	327.23	240116_PS_FTMSMS-_4.mzXML	35.0	0.0	0.0	0.0	[4.0..4.0]	[0.0..0.0]	[5.498..5.498]	[0.0..0.0]	[0.0..0.0]	[1.0..1.0]	[5.498..5.498]	[0.0..0.0]	[0.0..0.0]	[1.0..1.0]	0.8314494	[0.0..0.0]
Group-1	PS 41:1:0	281.25	240116_PS_FTMSMS-_4.mzXML	25.0	52891.4	0.0	0.0	[9.0..9.0]	[0.0..1.0]	[0.888..0.94]	[46967.562..49717.914]	[0.319..0.328]	[0.93..1.0]	[0.936..0.94]	[49506.348..49717.914]	[0.331..0.332]	[0.93..1.0]	0.8080254	[37950.984..40173.34]
Group-1	PS 41:1:0	281.25	240116_PS_FTMSMS-_4.mzXML	30.0	58162.1	0.0	0.0	[9.0..9.0]	[0.0..1.0]	[0.919..0.925]	[53450.973..53799.945]	[0.181..0.181]	[0.93..1.0]	[0.925..0.925]	[53799.945..53799.945]	[0.182..0.182]	[0.93..1.0]	0.8080254	[43189.746..43471.723]
Group-1	PS 41:1:0	281.25	240116_PS_FTMSMS-_4.mzXML	35.0	63901.7	0.0	0.0	[9.0..9.0]	[0.0..1.0]	[0.916..0.936]	[58533.957..59811.99]	[0.174..0.175]	[0.93..1.0]	[0.935..0.936]	[59748.09..59811.99]	[0.177..0.177]	[0.93..1.0]	0.8080254	[47296.926..48329.61]
Group-1	PS 41:1:0	353.34	240116_PS_FTMSMS-_4.mzXML	25.0	95908.0	0.0	0.0	[0.0..0.0]	[0.0..1.0]	[1.044..1.06]	[100127.95..101662.48]	[0.672..0.681]	[0.0..0.07]	[1.044..1.045]	[100127.95..100223.86]	[0.668..0.669]	[0.0..0.07]	0.8080254	[80905.93..82145.86]
Group-1	PS 41:1:0	353.34	240116_PS_FTMSMS-_4.mzXML	30.0	250839.3	0.0	0.0	[0.0..0.0]	[0.0..1.0]	[0.967..0.968]	[242561.61..242812.44]	[0.819..0.819]	[0.0..0.07]	[0.967..0.967]	[242561.61..242561.61]	[0.818..0.818]	[0.0..0.07]	0.8080254	[195995.94..196198.62]
Group-1	PS 41:1:0	353.34	240116_PS_FTMSMS-_4.mzXML	35.0	304452.1	0.0	0.0	[0.0..0.0]	[0.0..1.0]	[0.912..0.924]	[277660.3..281313.75]	[0.825..0.826]	[0.0..0.07]	[0.912..0.913]	[277660.3..277964.75]	[0.823..0.823]	[0.0..0.07]	0.8080254	[224356.6..227308.66]
Group-1	PS 41:2:0	281.25	240116_PS_FTMSMS-_4.mzXML	25.0	271751.1	0.0	0.0	[9.0..9.0]	[1.0..1.0]	[0.94..0.94]	[255446.03..255446.03]	[0.769..0.769]	[0.0..0.0]	[0.94..0.94]	[255446.03..255446.03]	[0.769..0.769]	[0.0..0.0]	0.8096523	[206822.47..206822.47]
Group-1	PS 41:2:0	281.25	240116_PS_FTMSMS-_4.mzXML	30.0	1093280.9	0.0	0.0	[9.0..9.0]	[1.0..1.0]	[0.925..0.925]	[1011284.8..1011284.8]	[0.851..0.851]	[0.0..0.0]	[0.925..0.925]	[1011284.8..1011284.8]	[0.851..0.851]	[0.0..0.0]	0.8096523	[818789.06..818789.06]
Group-1	PS 41:2:0	281.25	240116_PS_FTMSMS-_4.mzXML	35.0	1555713.2	0.0	0.0	[9.0..9.0]	[1.0..1.0]	[0.916..0.916]	[1425033.4..1425033.4]	[0.866..0.866]	[0.0..0.0]	[0.916..0.916]	[1425033.4..1425033.4]	[0.866..0.866]	[0.0..0.0]	0.8096523	[1153781.6..1153781.6]
Group-1	PS 41:2:0	351.33	240116_PS_FTMSMS-_4.mzXML	25.0	77938.2	0.0	0.0	[13.0..13.0]	[0.0..0.0]	[0.986..0.986]	[76847.07..76847.07]	[0.231..0.231]	[1.0..1.0]	[0.986..0.986]	[76847.07..76847.07]	[0.231..0.231]	[1.0..1.0]	0.8096523	[62219.406..62219.406]
Group-1	PS 41:2:0	351.33	240116_PS_FTMSMS-_4.mzXML	30.0	183448.4	0.0	0.0	[13.0..13.0]	[0.0..0.0]	[0.965..0.965]	[177027.7..177027.7]	[0.149..0.149]	[1.0..1.0]	[0.965..0.965]	[177027.7..177027.7]	[0.149..0.149]	[1.0..1.0]	0.8096523	[143330.89..143330.89]
Group-1	PS 41:2:0	351.33	240116_PS_FTMSMS-_4.mzXML	35.0	233403.5	0.0	0.0	[13.0..13.0]	[0.0..0.0]	[0.943..0.943]	[220099.5..220099.5]	[0.134..0.134]	[1.0..1.0]	[0.943..0.943]	[220099.5..220099.5]	[0.134..0.134]	[1.0..1.0]	0.8096523	[178204.08..178204.08]
Group-1	PS 41:3:0	281.25	240116_PS_FTMSMS-_4.mzXML	25.0	118459.8	0.0	0.0	[9.0..9.0]	[1.0..1.0]	[0.94..0.94]	[111352.21..111352.21]	[1.0..1.0]	[0.0..0.0]	[0.94..0.94]	[111352.21..111352.21]	[1.0..1.0]	[0.0..0.0]	0.81129444	[90339.43..90339.43]
Group-1	PS 41:3:0	281.25	240116_PS_FTMSMS-_4.mzXML	30.0	443988.5	0.0	0.0	[9.0..9.0]	[1.0..1.0]	[0.925..0.925]	[410689.38..410689.38]	[0.965..0.965]	[0.0..0.0]	[0.925..0.925]	[410689.38..410689.38]	[0.965..0.965]	[0.0..0.0]	0.81129444	[333190.0..333190.0]
Group-1	PS 41:3:0	281.25	240116_PS_FTMSMS-_4.mzXML	35.0	739550.4	0.0	0.0	[9.0..9.0]	[1.0..1.0]	[0.916..0.916]	[677428.1..677428.1]	[0.981..0.981]	[0.0..0.0]	[0.916..0.916]	[677428.1..677428.1]	[0.981..0.981]	[0.0..0.0]	0.81129444	[549593.7..549593.7]
Group-1	PS 41:3:0	283.26	240116_PS_FTMSMS-_4.mzXML	25.0	109471.3	0.0	0.0	[0.0..0.0]	[1.0..1.0]	[0.998..0.998]	[109252.36..109252.36]	[0.882..0.882]	[0.0..0.0]	[0.998..0.998]	[109252.36..109252.36]	[0.882..0.882]	[0.0..0.0]	0.81129444	[88635.83..88635.83]
Group-1	PS 41:3:0	283.26	240116_PS_FTMSMS-_4.mzXML	30.0	278277.6	0.0	0.0	[0.0..0.0]	[1.0..1.0]	[0.975..0.975]	[271320.7..271320.7]	[0.945..0.945]	[0.0..0.0]	[0.975..0.975]	[271320.66..271320.66]	[0.945..0.945]	[0.0..0.0]	0.81129444	[220120.94..220120.94]
Group-1	PS 41:3:0	283.26	240116_PS_FTMSMS-_4.mzXML	35.0	383839.2	0.0	0.0	[0.0..0.0]	[1.0..1.0]	[0.962..0.962]	[369253.3..369253.3]	[0.959..0.959]	[0.0..0.0]	[0.962..0.962]	[369253.3..369253.3]	[0.959..0.959]	[0.0..0.0]	0.81129444	[299573.16..299573.16]
Group-1	PS 41:3:0	297.28	240116_PS_FTMSMS-_4.mzXML	25.0	5217.3	0.0	0.0	[0.0..0.0]	[1.0..1.0]	[1.003..1.003]	[5232.952..5232.952]	[1.0..1.0]	[0.0..0.19]	[1.003..1.003]	[5232.9517..5232.9517]	[1.0..1.0]	[0.0..0.19]	0.81129444	[4245.4644..4245.4644]
Group-1	PS 41:3:0	297.28	240116_PS_FTMSMS-_4.mzXML	30.0	9259.9	0.0	0.0	[0.0..0.0]	[1.0..1.0]	[0.967..0.967]	[8954.324..8954.324]	[0.634..0.634]	[0.0..0.19]	[0.967..0.967]	[8954.324..8954.324]	[0.634..0.634]	[0.0..0.19]	0.81129444	[7264.5933..7264.5933]
Group-1	PS 41:3:0	297.28	240116_PS_FTMSMS-_4.mzXML	35.0	14778.6	0.0	0.0	[0.0..0.0]	[1.0..1.0]	[0.947..0.947]	[13995.334..13995.334]	[0.668..0.668]	[0.0..0.19]	[0.947..0.947]	[13995.334..13995.334]	[0.668..0.668]	[0.0..0.19]	0.81129444	[11354.337..11354.337]
Group-1	PS 41:3:0	333.28	240116_PS_FTMSMS-_4.mzXML	25.0	0.0	0.0	0.0	[13.0..13.0]	[0.0..0.0]	[0.94..0.94]	[0.0..0.0]	[0.0..0.0]	[0.81..1.0]	[0.94..0.94]	[0.0..0.0]	[0.0..0.0]	[0.81..1.0]	0.81129444	[0.0..0.0]
Group-1	PS 41:3:0	333.28	240116_PS_FTMSMS-_4.mzXML	30.0	5554.5	0.0	0.0	[13.0..13.0]	[0.0..0.0]	[0.93..0.93]	[5165.685..5165.685]	[0.366..0.366]	[0.81..1.0]	[0.93..0.93]	[5165.685..5165.685]	[0.366..0.366]	[0.81..1.0]	0.81129444	[4190.8916..4190.8916]
Group-1	PS 41:3:0	333.28	240116_PS_FTMSMS-_4.mzXML	35.0	7319.5	0.0	0.0	[13.0..13.0]	[0.0..0.0]	[0.952..0.952]	[6968.164..6968.164]	[0.332..0.332]	[0.81..1.0]	[0.952..0.952]	[6968.164..6968.164]	[0.332..0.332]	[0.81..1.0]	0.81129444	[5653.233..5653.233]
Group-1	PS 41:3:0	347.3	240116_PS_FTMSMS-_4.mzXML	25.0	15526.6	0.0	0.0	[13.0..13.0]	[0.0..0.0]	[0.941..0.941]	[14610.53..14610.53]	[0.118..0.118]	[1.0..1.0]	[0.941..0.941]	[14610.53..14610.53]	[0.118..0.118]	[1.0..1.0]	0.81129444	[11853.441..11853.441]
Group-1	PS 41:3:0	347.3	240116_PS_FTMSMS-_4.mzXML	30.0	17089.9	0.0	0.0	[13.0..13.0]	[0.0..0.0]	[0.928..0.928]	[15859.427..15859.427]	[0.055..0.055]	[1.0..1.0]	[0.928..0.928]	[15859.427..15859.427]	[0.055..0.055]	[1.0..1.0]	0.81129444	[12866.665..12866.665]
Group-1	PS 41:3:0	347.3	240116_PS_FTMSMS-_4.mzXML	35.0	16373.6	0.0	0.0	[13.0..13.0]	[0.0..0.0]	[0.952..0.952]	[15587.667..15587.667]	[0.041..0.041]	[1.0..1.0]	[0.952..0.952]	[15587.667..15587.667]	[0.041..0.041]	[1.0..1.0]	0.81129444	[12646.1875..12646.1875]
Group-1	PS 41:3:0	349.31	240116_PS_FTMSMS-_4.mzXML	25.0	0.0	0.0	0.0	[13.0..13.0]	[0.0..0.0]	[0.967..0.967]	[0.0..0.0]	[0.0..0.0]	[1.0..1.0]	[0.967..0.967]	[0.0..0.0]	[0.0..0.0]	[1.0..1.0]	0.81129444	[0.0..0.0]
Group-1	PS 41:3:0	349.31	240116_PS_FTMSMS-_4.mzXML	30.0	15862.6	0.0	0.0	[13.0..13.0]	[0.0..0.0]	[0.951..0.951]	[15085.332..15085.332]	[0.035..0.035]	[1.0..1.0]	[0.951..0.951]	[15085.332..15085.332]	[0.035..0.035]	[1.0..1.0]	0.81129444	[12238.646..12238.646]
Group-1	PS 41:3:0	349.31	240116_PS_FTMSMS-_4.mzXML	35.0	14064.9	0.0	0.0	[13.0..13.0]	[0.0..0.0]	[0.949..0.949]	[13347.591..13347.591]	[0.019..0.019]	[1.0..1.0]	[0.949..0.949]	[13347.591..13347.591]	[0.019..0.019]	[1.0..1.0]	0.81129444	[10828.826..10828.826]
Group-1	PS 41:4:0	281.25	240116_PS_FTMSMS-_4.mzXML	25.0	41344.2	0.0	0.0	[9.0..9.0]	[1.0..1.0]	[0.94..0.94]	[38863.547..38863.547]	[0.914..0.914]	[0.0..0.0]	[0.94..0.94]	[38863.547..38863.547]	[0.914..0.914]	[0.0..0.0]	0.81293565	[31593.56..31593.56]
Group-1	PS 41:4:0	281.25	240116_PS_FTMSMS-_4.mzXML	30.0	88961.8	0.0	0.0	[9.0..9.0]	[1.0..1.0]	[0.925..0.925]	[82289.664..82289.664]	[0.913..0.913]	[0.0..0.0]	[0.925..0.925]	[82289.664..82289.664]	[0.913..0.913]	[0.0..0.0]	0.81293565	[66896.2..66896.2]
Group-1	PS 41:4:0	281.25	240116_PS_FTMSMS-_4.mzXML	35.0	102655.5	0.0	0.0	[9.0..9.0]	[1.0..1.0]	[0.916..0.916]	[94032.44..94032.44]	[0.922..0.922]	[0.0..0.0]	[0.916..0.916]	[94032.44..94032.44]	[0.922..0.922]	[0.0..0.0]	0.81293565	[76442.32..76442.32]
Group-1	PS 41:4:0	283.26	240116_PS_FTMSMS-_4.mzXML	25.0	69557.3	0.0	0.0	[0.0..0.0]	[1.0..1.0]	[0.998..0.998]	[69418.19..69418.19]	[1.0..1.0]	[0.0..0.0]	[0.998..0.998]	[69418.19..69418.19]	[1.0..1.0]	[0.0..0.0]	0.81293565	[56432.516..56432.516]
Group-1	PS 41:4:0	283.26	240116_PS_FTMSMS-_4.mzXML	30.0	172600.6	0.0	0.0	[0.0..0.0]	[1.0..1.0]	[0.975..0.975]	[168285.58..168285.58]	[0.976..0.978]	[0.0..0.0]	[0.975..0.975]	[168285.58..168285.58]	[0.976..0.978]	[0.0..0.0]	0.81293565	[136805.34..136805.34]
Group-1	PS 41:4:0	283.26	240116_PS_FTMSMS-_4.mzXML	35.0	209211.1	0.0	0.0	[0.0..0.0]	[1.0..1.0]	[0.962..0.962]	[201261.08..201261.08]	[0.978..0.982]	[0.0..0.0]	[0.962..0.962]	[201261.08..201261.08]	[0.978..0.982]	[0.0..0.0]	0.81293565	[163612.3..163612.3]
Group-1	PS 41:4:0	295.26	240116_PS_FTMSMS-_4.mzXML	25.0	3111.2	0.0	0.0	[9.0..9.0]	[1.0..1.0]	[0.947..0.947]	[2946.307..2946.307]	[0.614..0.614]	[0.02..0.23]	[0.947..0.947]	[2946.3064..2946.3064]	[0.614..0.614]	[0.025..0.229]	0.81293565	[2395.1575..2395.1575]
Group-1	PS 41:4:0	295.26	240116_PS_FTMSMS-_4.mzXML	30.0	5857.1	0.0	0.0	[9.0..9.0]	[1.0..1.0]	[0.923..0.923]	[5406.103..5406.103]	[0.691..0.691]	[0.02..0.23]	[0.923..0.923]	[5406.103..5406.103]	[0.691..0.691]	[0.025..0.229]	0.81293565	[4394.814..4394.814]
Group-1	PS 41:4:0	295.26	240116_PS_FTMSMS-_4.mzXML	35.0	6637.1	0.0	0.0	[9.0..9.0]	[1.0..1.0]	[0.91..0.91]	[6039.761..6039.761]	[0.708..0.708]	[0.02..0.23]	[0.91..0.91]	[6039.761..6039.761]	[0.708..0.708]	[0.025..0.229]	0.81293565	[4909.937..4909.937]
Group-1	PS 41:4:0	297.28	240116_PS_FTMSMS-_4.mzXML	25.0	8686.9	0.0	0.0	[0.0..0.0]	[1.0..1.0]	[1.003..1.003]	[8712.961..8712.961]	[0.497..0.498]	[0.27..0.5]	[1.003..1.003]	[8712.961..8712.961]	[0.391..0.406]	[0.267..0.505]	0.81293565	[7083.077..7083.077]
Group-1	PS 41:4:0	297.28	240116_PS_FTMSMS-_4.mzXML	30.0	21970.6	0.0	0.0	[0.0..0.0]	[1.0..1.0]	[0.967..0.967]	[21245.57..21245.57]	[0.598..0.621]	[0.27..0.5]	[0.967..0.967]	[21245.57..21245.57]	[0.557..0.572]	[0.267..0.505]	0.81293565	[17271.281..17271.281]
Group-1	PS 41:4:0	297.28	240116_PS_FTMSMS-_4.mzXML	35.0	25315.8	0.0	0.0	[0.0..0.0]	[1.0..1.0]	[0.947..0.947]	[23974.064..23974.064]	[0.602..0.649]	[0.27..0.5]	[0.947..0.947]	[23974.064..23974.064]	[0.588..0.631]	[0.267..0.505]	0.81293565	[19489.371..19489.371]
Group-1	PS 41:4:0	303.23	240116_PS_FTMSMS-_4.mzXML	25.0	2100.4	0.0	0.0	[5.0..8.0]	[0.0..1.0]	[0.972..1.062]	[2041.589..2230.625]	[0.433..0.45]	[0.66..1.0]	[1.062..1.459]	[2230.6248..3064.4834]	[0.455..0.533]	[0.659..1.0]	0.81293565	[1659.6803..1813.3545]
Group-1	PS 41:4:0	303.23	240116_PS_FTMSMS-_4.mzXML	30.0	2682.0	0.0	0.0	[5.0..8.0]	[0.0..1.0]	[1.162..1.348]	[3116.484..3615.336]	[0.285..0.315]	[0.66..1.0]	[1.348..1.402]	[3615.3362..3760.1638]	[0.316..0.324]	[0.659..1.0]	0.81293565	[2533.501..2939.0356]
Group-1	PS 41:4:0	303.23	240116_PS_FTMSMS-_4.mzXML	35.0	1259.5	0.0	0.0	[5.0..8.0]	[0.0..1.0]	[1.492..1.894]	[1879.174..2385.493]	[0.135..0.165]	[0.66..1.0]	[1.594..1.894]	[2007.643..2385.4932]	[0.143..0.166]	[0.659..1.0]	0.81293565	[1527.6476..1939.2523]
Group-1	PS 41:4:0	325.31	240116_PS_FTMSMS-_4.mzXML	25.0	2660.3	0.0	0.0	[0.0..0.0]	[0.0..1.0]	[1.004..1.023]	[2670.941..2721.487]	[0.55..0.567]	[0.0..0.34]	[1.004..1.01]	[2670.9412..2686.903]	[0.467..0.545]	[0.0..0.341]	0.81293565	[2171.3032..2212.3938]
Group-1	PS 41:4:0	325.31	240116_PS_FTMSMS-_4.mzXML	30.0	8192.7	0.0	0.0	[0.0..0.0]	[0.0..1.0]	[0.954..0.961]	[7815.836..7873.185]	[0.685..0.715]	[0.0..0.34]	[0.954..0.956]	[7815.836..7832.221]	[0.676..0.684]	[0.0..0.341]	0.81293565	[6353.772..6400.393]
Group-1	PS 41:4:0	325.31	240116_PS_FTMSMS-_4.mzXML	35.0	12988.8	0.0	0.0	[0.0..0.0]	[0.0..1.0]	[0.924..0.929]	[12001.651..12066.596]	[0.835..0.865]	[0.0..0.34]	[0.924..0.926]	[12001.651..12027.629]	[0.834..0.857]	[0.0..0.341]	0.81293565	[9756.57..9809.365]
Group-1	PS 41:4:0	331.26	240116_PS_FTMSMS-_4.mzXML	25.0	9498.4	0.0	0.0	[7.0..10.0]	[0.0..0.0]	[0.923..0.927]	[8767.023..8805.017]	[0.502..0.503]	[0.5..0.73]	[1.343..1.426]	[12756.353..13544.719]	[0.594..0.609]	[0.495..0.733]	0.81293565	[7127.026..7157.912]
Group-1	PS 41:4:0	331.26	240116_PS_FTMSMS-_4.mzXML	30.0	12914.5	0.0	0.0	[7.0..10.0]	[0.0..0.0]	[1.002..1.107]	[12940.329..14296.352]	[0.379..0.402]	[0.5..0.73]	[1.233..1.311]	[15923.579..16930.91]	[0.428..0.443]	[0.495..0.733]	0.81293565	[10519.654..11622.014]
Group-1	PS 41:4:0	331.26	240116_PS_FTMSMS-_4.mzXML	35.0	11022.4	0.0	0.0	[7.0..10.0]	[0.0..0.0]	[1.176..1.436]	[12962.343..15828.167]	[0.351..0.398]	[0.5..0.73]	[1.272..1.524]	[14020.493..16798.139]	[0.369..0.412]	[0.495..0.733]	0.81293565	[10537.55..12867.28]
Group-1	PS 41:4:0	333.28	240116_PS_FTMSMS-_4.mzXML	25.0	1967.0	0.0	0.0	[13.0..13.0]	[0.0..0.0]	[0.94..0.94]	[1848.98..1848.98]	[0.386..0.386]	[0.77..0.98]	[0.94..0.94]	[1848.98..1848.98]	[0.386..0.386]	[0.771..0.975]	0.81293565	[1503.1018..1503.1018]
Group-1	PS 41:4:0	333.28	240116_PS_FTMSMS-_4.mzXML	30.0	2599.8	0.0	0.0	[13.0..13.0]	[0.0..0.0]	[0.93..0.93]	[2417.814..2417.814]	[0.309..0.309]	[0.77..0.98]	[0.93..0.93]	[2417.814..2417.814]	[0.309..0.309]	[0.771..0.975]	0.81293565	[1965.5273..1965.5273]
Group-1	PS 41:4:0	333.28	240116_PS_FTMSMS-_4.mzXML	35.0	2612.5	0.0	0.0	[13.0..13.0]	[0.0..0.0]	[0.952..0.952]	[2487.1..2487.1]	[0.292..0.292]	[0.77..0.98]	[0.952..0.952]	[2487.1..2487.1]	[0.292..0.292]	[0.771..0.975]	0.81293565	[2021.8523..2021.8523]
Group-1	PS 41:4:0	345.28	240116_PS_FTMSMS-_4.mzXML	25.0	0.0	0.0	0.0	[7.0..10.0]	[0.0..0.0]	[0.905..0.907]	[0.0..0.0]	[0.0..0.0]	[1.0..1.0]	[0.927..0.932]	[0.0..0.0]	[0.0..0.0]	[1.0..1.0]	0.81293565	[0.0..0.0]
Group-1	PS 41:4:0	345.28	240116_PS_FTMSMS-_4.mzXML	30.0	3823.2	0.0	0.0	[7.0..10.0]	[0.0..0.0]	[0.975..1.061]	[3727.62..4056.415]	[0.022..0.024]	[1.0..1.0]	[0.976..1.06]	[3731.443..4052.5918]	[0.022..0.024]	[1.0..1.0]	0.81293565	[3030.3154..3297.6045]
Group-1	PS 41:4:0	345.28	240116_PS_FTMSMS-_4.mzXML	35.0	3319.8	0.0	0.0	[7.0..10.0]	[0.0..0.0]	[1.137..1.356]	[3774.613..4501.649]	[0.018..0.022]	[1.0..1.0]	[1.136..1.344]	[3771.293..4461.811]	[0.018..0.022]	[1.0..1.0]	0.81293565	[3068.5168..3659.5505]
Group-1	PS 41:4:0	347.3	240116_PS_FTMSMS-_4.mzXML	25.0	3908.5	0.0	0.0	[13.0..13.0]	[0.0..0.0]	[0.941..0.941]	[3677.899..3677.899]	[0.086..0.086]	[1.0..1.0]	[0.941..0.941]	[3677.8984..3677.8984]	[0.086..0.086]	[1.0..1.0]	0.81293565	[2989.8948..2989.8948]
Group-1	PS 41:4:0	347.3	240116_PS_FTMSMS-_4.mzXML	30.0	8431.5	0.0	0.0	[13.0..13.0]	[0.0..0.0]	[0.928..0.928]	[7824.432..7824.432]	[0.087..0.087]	[1.0..1.0]	[0.928..0.928]	[7824.4316..7824.4316]	[0.087..0.087]	[1.0..1.0]	0.81293565	[6360.76..6360.76]
Group-1	PS 41:4:0	347.3	240116_PS_FTMSMS-_4.mzXML	35.0	8379.0	0.0	0.0	[13.0..13.0]	[0.0..0.0]	[0.952..0.952]	[7976.808..7976.808]	[0.078..0.078]	[1.0..1.0]	[0.952..0.952]	[7976.808..7976.808]	[0.078..0.078]	[1.0..1.0]	0.81293565	[6484.632..6484.632]
Group-1	PS 41:5:0	297.28	240116_PS_FTMSMS-_4.mzXML	25.0	9901.4	0.0	0.0	[0.0..0.0]	[0.7..1.0]	[0.998..1.003]	[9881.598..9931.104]	[0.356..0.464]	[0.45..0.59]	[1.0..1.001]	[9901.4..9911.303]	[0.34..0.361]	[0.451..0.586]	0.81459224	[8049.473..8089.801]
Group-1	PS 41:5:0	297.28	240116_PS_FTMSMS-_4.mzXML	30.0	16904.6	0.0	0.0	[0.0..0.0]	[1.0..1.0]	[0.967..0.967]	[16346.748..16346.748]	[0.521..0.573]	[0.45..0.59]	[0.967..0.967]	[16346.748..16346.748]	[0.467..0.522]	[0.451..0.586]	0.81459224	[13315.934..13315.934]
Group-1	PS 41:5:0	297.28	240116_PS_FTMSMS-_4.mzXML	35.0	21693.5	0.0	0.0	[0.0..0.0]	[0.7..1.0]	[0.947..0.947]	[20543.744..20543.744]	[0.485..0.591]	[0.45..0.59]	[0.947..0.947]	[20543.744..20543.744]	[0.482..0.572]	[0.451..0.586]	0.81459224	[16734.775..16734.775]
Group-1	PS 41:5:0	329.25	240116_PS_FTMSMS-_4.mzXML	25.0	11274.2	2550.0	0.22618012	[4.0..4.0]	[0.0..0.3]	[1.013..1.592]	[11420.765..17948.527]	[0.536..0.644]	[0.41..0.55]	[1.554..1.703]	[17520.107..19199.963]	[0.639..0.66]	[0.414..0.549]	0.81459224	[9303.267..14620.73]
Group-1	PS 41:5:0	329.25	240116_PS_FTMSMS-_4.mzXML	30.0	9061.6	2662.0	0.29376712	[4.0..4.0]	[0.0..0.0]	[1.343..1.659]	[12169.729..15033.194]	[0.427..0.479]	[0.41..0.55]	[1.65..2.06]	[14951.639..18666.895]	[0.478..0.533]	[0.414..0.549]	0.81459224	[9913.367..12245.924]
Group-1	PS 41:5:0	329.25	240116_PS_FTMSMS-_4.mzXML	35.0	7039.0	0.0	0.0	[4.0..7.0]	[0.0..0.3]	[2.017..3.099]	[14197.663..21813.861]	[0.409..0.515]	[0.41..0.55]	[2.185..3.133]	[15380.215..22053.186]	[0.428..0.518]	[0.414..0.549]	0.81459224	[11565.306..17769.4]
Group-1	PS 41:6:0	297.28	240116_PS_FTMSMS-_4.mzXML	25.0	14894.4	0.0	0.0	[0.0..0.0]	[1.0..1.0]	[1.003..1.003]	[14939.084..14939.084]	[0.482..0.482]	[0.0..0.54]	[1.003..1.003]	[14939.084..14939.084]	[0.482..0.482]	[0.0..0.543]	0.81624794	[12193.996..12193.996]
Group-1	PS 41:6:0	297.28	240116_PS_FTMSMS-_4.mzXML	30.0	34718.5	0.0	0.0	[0.0..0.0]	[1.0..1.0]	[0.967..0.967]	[33572.79..33572.79]	[0.489..0.489]	[0.0..0.54]	[0.967..0.967]	[33572.79..33572.79]	[0.489..0.489]	[0.0..0.543]	0.81624794	[27403.72..27403.72]
Group-1	PS 41:6:0	297.28	240116_PS_FTMSMS-_4.mzXML	35.0	35674.0	0.0	0.0	[0.0..0.0]	[1.0..1.0]	[0.947..0.947]	[33783.277..33783.277]	[1.0..1.0]	[0.0..0.54]	[0.947..0.947]	[33783.277..33783.277]	[1.0..1.0]	[0.0..0.543]	0.81624794	[27575.531..27575.531]
Group-1	PS 41:6:0	327.23	240116_PS_FTMSMS-_4.mzXML	25.0	11975.8	0.0	0.0	[4.0..4.0]	[0.0..0.0]	[1.341..1.341]	[16059.547..16059.547]	[0.518..0.518]	[0.46..1.0]	[1.341..1.341]	[16059.547..16059.547]	[0.518..0.518]	[0.457..1.0]	0.81624794	[13108.572..13108.572]
Group-1	PS 41:6:0	327.23	240116_PS_FTMSMS-_4.mzXML	30.0	14107.4	0.0	0.0	[4.0..4.0]	[0.0..0.0]	[2.483..2.483]	[35028.676..35028.676]	[0.511..0.511]	[0.46..1.0]	[2.483..2.483]	[35028.676..35028.676]	[0.511..0.511]	[0.457..1.0]	0.81624794	[28592.084..28592.084]
Group-1	PS 41:6:0	327.23	240116_PS_FTMSMS-_4.mzXML	35.0	0.0	0.0	0.0	[4.0..4.0]	[0.0..0.0]	[5.498..5.498]	[0.0..0.0]	[0.0..0.0]	[0.46..1.0]	[5.498..5.498]	[0.0..0.0]	[0.0..0.0]	[0.457..1.0]	0.81624794	[0.0..0.0]
Group-1	PS 42:2:0	281.25	240116_PS_FTMSMS-_4.mzXML	25.0	357300.1	0.0	0.0	[9.0..9.0]	[1.0..1.0]	[0.94..0.94]	[335862.1..335862.1]	[0.364..0.364]	[0.82..0.88]	[0.94..0.94]	[335862.1..335862.1]	[0.364..0.364]	[0.823..0.877]	0.79845804	[268171.78..268171.78]
Group-1	PS 42:2:0	281.25	240116_PS_FTMSMS-_4.mzXML	30.0	753674.6	0.0	0.0	[9.0..9.0]	[1.0..1.0]	[0.925..0.925]	[697149.06..697149.06]	[0.337..0.337]	[0.82..0.88]	[0.925..0.925]	[697149.06..697149.06]	[0.337..0.337]	[0.823..0.877]	0.79845804	[556644.25..556644.25]
Group-1	PS 42:2:0	281.25	240116_PS_FTMSMS-_4.mzXML	35.0	946348.7	0.0	0.0	[9.0..9.0]	[1.0..1.0]	[0.916..0.916]	[866855.4..866855.4]	[0.346..0.346]	[0.82..0.88]	[0.916..0.916]	[866855.4..866855.4]	[0.346..0.346]	[0.823..0.877]	0.79845804	[692147.6..692147.6]
Group-1	PS 42:2:0	283.26	240116_PS_FTMSMS-_4.mzXML	25.0	87629.2	0.0	0.0	[0.0..0.0]	[0.19999999..0.19999999]	[0.988..0.988]	[86577.65..86577.65]	[0.868..0.868]	[0.0..0.0]	[0.988..0.988]	[86577.65..86577.65]	[0.868..0.868]	[0.0..0.0]	0.79845804	[69128.625..69128.625]
Group-1	PS 42:2:0	283.26	240116_PS_FTMSMS-_4.mzXML	30.0	313334.4	0.0	0.0	[0.0..0.0]	[0.19999999..1.0]	[0.969..0.975]	[303621.03..305501.06]	[0.927..0.927]	[0.0..0.0]	[0.969..0.969]	[303621.03..303621.03]	[0.926..0.926]	[0.0..0.0]	0.79845804	[242428.66..243929.77]
Group-1	PS 42:2:0	283.26	240116_PS_FTMSMS-_4.mzXML	35.0	616014.9	0.0	0.0	[0.0..0.0]	[1.0..1.0]	[0.962..0.962]	[592606.3..592606.3]	[0.975..0.975]	[0.0..0.0]	[0.962..0.962]	[592606.3..592606.3]	[0.975..0.975]	[0.0..0.0]	0.79845804	[473171.28..473171.28]
Group-1	PS 42:2:0	309.28	240116_PS_FTMSMS-_4.mzXML	25.0	10071.2	0.0	0.0	[11.0..11.0]	[1.0..1.0]	[0.975..0.975]	[9819.421..9819.421]	[0.404..0.404]	[0.55..0.73]	[0.975..0.975]	[9819.421..9819.421]	[0.404..0.404]	[0.55..0.728]	0.79845804	[7840.395..7840.395]
Group-1	PS 42:2:0	309.28	240116_PS_FTMSMS-_4.mzXML	30.0	23001.8	0.0	0.0	[11.0..11.0]	[0.0..0.0]	[0.932..0.932]	[21437.678..21437.678]	[0.433..0.433]	[0.55..0.73]	[0.932..0.932]	[21437.678..21437.678]	[0.433..0.433]	[0.55..0.728]	0.79845804	[17117.086..17117.086]
Group-1	PS 42:2:0	309.28	240116_PS_FTMSMS-_4.mzXML	35.0	30942.8	0.0	0.0	[11.0..11.0]	[0.0..1.0]	[0.9..0.932]	[27848.52..28838.69]	[0.478..0.48]	[0.55..0.73]	[0.918..0.923]	[28405.49..28560.205]	[0.481..0.482]	[0.55..0.728]	0.79845804	[22235.873..23026.482]
Group-1	PS 42:2:0	337.31	240116_PS_FTMSMS-_4.mzXML	25.0	14990.6	0.0	0.0	[13.0..13.0]	[0.0..0.0]	[0.967..0.967]	[14495.91..14495.91]	[0.596..0.596]	[0.27..0.45]	[0.967..0.967]	[14495.91..14495.91]	[0.596..0.596]	[0.272..0.45]	0.79845804	[11574.376..11574.376]
Group-1	PS 42:2:0	337.31	240116_PS_FTMSMS-_4.mzXML	30.0	29289.9	0.0	0.0	[13.0..13.0]	[1.0..1.0]	[0.957..0.957]	[28030.436..28030.436]	[0.567..0.567]	[0.27..0.45]	[0.957..0.957]	[28030.436..28030.436]	[0.567..0.567]	[0.272..0.45]	0.79845804	[22381.125..22381.125]
Group-1	PS 42:2:0	337.31	240116_PS_FTMSMS-_4.mzXML	35.0	33403.9	0.0	0.0	[13.0..13.0]	[0.0..1.0]	[0.904..0.942]	[30197.123..31466.47]	[0.52..0.522]	[0.27..0.45]	[0.914..0.921]	[30531.162..30764.99]	[0.518..0.519]	[0.272..0.45]	0.79845804	[24111.137..25124.656]
Group-1	PS 42:2:0	363.32	240116_PS_FTMSMS-_4.mzXML	25.0	12159.5	0.0	0.0	[15.0..15.0]	[0.8..0.8]	[1.087..1.087]	[13217.377..13217.377]	[0.132..0.132]	[1.0..1.0]	[1.087..1.087]	[13217.377..13217.377]	[0.132..0.132]	[1.0..1.0]	0.79845804	[10553.5205..10553.5205]
Group-1	PS 42:2:0	363.32	240116_PS_FTMSMS-_4.mzXML	30.0	24415.2	0.0	0.0	[15.0..15.0]	[0.0..0.8]	[0.979..0.99]	[23902.479..24171.047]	[0.073..0.073]	[1.0..1.0]	[0.99..0.99]	[24171.047..24171.047]	[0.074..0.074]	[1.0..1.0]	0.79845804	[19085.127..19299.566]
Group-1	PS 42:2:0	363.32	240116_PS_FTMSMS-_4.mzXML	35.0	15945.9	0.0	0.0	[15.0..15.0]	[0.0..0.0]	[0.961..0.961]	[15324.011..15324.011]	[0.025..0.025]	[1.0..1.0]	[0.961..0.961]	[15324.011..15324.011]	[0.025..0.025]	[1.0..1.0]	0.79845804	[12235.58..12235.58]
Group-1	PS 42:2:0	365.34	240116_PS_FTMSMS-_4.mzXML	25.0	568091.7	0.0	0.0	[15.0..15.0]	[0.0..0.0]	[1.032..1.032]	[586270.56..586270.56]	[0.636..0.636]	[0.12..0.18]	[1.032..1.032]	[586270.56..586270.56]	[0.636..0.636]	[0.123..0.177]	0.79845804	[468112.47..468112.47]
Group-1	PS 42:2:0	365.34	240116_PS_FTMSMS-_4.mzXML	30.0	1376720.6	0.0	0.0	[15.0..15.0]	[0.0..0.0]	[0.997..0.997]	[1372590.4..1372590.4]	[0.663..0.663]	[0.12..0.18]	[0.997..0.997]	[1372590.4..1372590.4]	[0.663..0.663]	[0.123..0.177]	0.79845804	[1095955.9..1095955.9]
Group-1	PS 42:2:0	365.34	240116_PS_FTMSMS-_4.mzXML	35.0	1699265.1	0.0	0.0	[15.0..15.0]	[0.0..0.0]	[0.964..0.964]	[1638091.5..1638091.5]	[0.654..0.654]	[0.12..0.18]	[0.964..0.964]	[1638091.5..1638091.5]	[0.654..0.654]	[0.123..0.177]	0.79845804	[1307947.4..1307947.4]
Group-1	PS 42:5:0	281.25	240116_PS_FTMSMS-_4.mzXML	25.0	175490.2	0.0	0.0	[9.0..9.0]	[1.0..1.0]	[0.94..0.94]	[164960.8..164960.8]	[0.55..0.55]	[0.34..0.39]	[0.94..0.94]	[164960.8..164960.8]	[0.55..0.55]	[0.338..0.394]	0.8032428	[132503.58..132503.58]
Group-1	PS 42:5:0	281.25	240116_PS_FTMSMS-_4.mzXML	30.0	387006.2	0.0	0.0	[9.0..9.0]	[1.0..1.0]	[0.925..0.925]	[357980.72..357980.72]	[0.546..0.546]	[0.34..0.39]	[0.925..0.925]	[357980.72..357980.72]	[0.546..0.546]	[0.338..0.394]	0.8032428	[287545.44..287545.44]
Group-1	PS 42:5:0	281.25	240116_PS_FTMSMS-_4.mzXML	35.0	473997.0	0.0	0.0	[9.0..9.0]	[1.0..1.0]	[0.916..0.916]	[434181.25..434181.25]	[0.571..0.571]	[0.34..0.39]	[0.916..0.916]	[434181.25..434181.25]	[0.571..0.571]	[0.338..0.394]	0.8032428	[348752.97..348752.97]
Group-1	PS 42:5:0	283.26	240116_PS_FTMSMS-_4.mzXML	25.0	397217.7	0.0	0.0	[0.0..0.0]	[1.0..1.0]	[0.998..0.998]	[396423.25..396423.25]	[0.756..0.768]	[0.0..0.0]	[0.998..0.998]	[396423.25..396423.25]	[0.755..0.769]	[0.0..0.0]	0.8032428	[318424.12..318424.12]
Group-1	PS 42:5:0	283.26	240116_PS_FTMSMS-_4.mzXML	30.0	903148.3	0.0	0.0	[0.0..0.0]	[1.0..1.0]	[0.975..0.975]	[880569.6..880569.6]	[0.797..0.826]	[0.0..0.0]	[0.975..0.975]	[880569.6..880569.6]	[0.798..0.825]	[0.0..0.0]	0.8032428	[707311.2..707311.2]
Group-1	PS 42:5:0	283.26	240116_PS_FTMSMS-_4.mzXML	35.0	1136506.2	0.0	0.0	[0.0..0.0]	[1.0..1.0]	[0.962..0.962]	[1093319.0..1093319.0]	[0.814..0.857]	[0.0..0.0]	[0.962..0.962]	[1093319.0..1093319.0]	[0.815..0.854]	[0.0..0.0]	0.8032428	[878200.6..878200.6]
Group-1	PS 42:5:0	357.28	240116_PS_FTMSMS-_4.mzXML	25.0	129336.8	0.0	0.0	[6.0..9.0]	[0.0..0.0]	[0.928..0.988]	[120024.55..127784.75]	[0.232..0.244]	[1.0..1.0]	[0.922..0.995]	[119248.52..128690.12]	[0.231..0.245]	[1.0..1.0]	0.8032428	[96408.85..102642.18]
Group-1	PS 42:5:0	357.28	240116_PS_FTMSMS-_4.mzXML	30.0	173481.7	0.0	0.0	[6.0..9.0]	[0.0..0.0]	[1.072..1.291]	[185972.39..223964.88]	[0.174..0.203]	[1.0..1.0]	[1.076..1.281]	[186666.31..222230.06]	[0.175..0.202]	[1.0..1.0]	0.8032428	[149380.97..179898.17]
Group-1	PS 42:5:0	357.28	240116_PS_FTMSMS-_4.mzXML	35.0	129271.8	0.0	0.0	[6.0..9.0]	[0.0..0.0]	[1.415..1.936]	[182919.6..250270.2]	[0.143..0.186]	[1.0..1.0]	[1.448..1.922]	[187185.56..248460.4]	[0.146..0.185]	[1.0..1.0]	0.8032428	[146928.84..201027.73]
Group-1	PS 42:5:0	359.3	240116_PS_FTMSMS-_4.mzXML	25.0	151614.7	0.0	0.0	[9.0..9.0]	[0.0..0.0]	[0.89..0.89]	[134937.08..134937.08]	[0.45..0.45]	[0.61..0.66]	[0.89..0.89]	[134937.08..134937.08]	[0.45..0.45]	[0.606..0.662]	0.8032428	[108387.24..108387.24]
Group-1	PS 42:5:0	359.3	240116_PS_FTMSMS-_4.mzXML	30.0	306215.6	0.0	0.0	[9.0..9.0]	[0.0..0.0]	[0.972..0.972]	[297641.56..297641.56]	[0.454..0.454]	[0.61..0.66]	[0.972..0.972]	[297641.56..297641.56]	[0.454..0.454]	[0.606..0.662]	0.8032428	[239078.44..239078.44]
Group-1	PS 42:5:0	359.3	240116_PS_FTMSMS-_4.mzXML	35.0	281739.8	0.0	0.0	[9.0..9.0]	[0.0..0.0]	[1.159..1.159]	[326536.47..326536.47]	[0.429..0.429]	[0.61..0.66]	[1.159..1.159]	[326536.47..326536.47]	[0.429..0.429]	[0.606..0.662]	0.8032428	[262288.06..262288.06]
Group-1	PS 42:6:0	281.25	240116_PS_FTMSMS-_4.mzXML	25.0	140491.8	0.0	0.0	[9.0..9.0]	[1.0..1.0]	[0.94..0.94]	[132062.28..132062.28]	[0.749..0.76]	[0.0..0.0]	[0.94..0.94]	[132062.28..132062.28]	[0.747..0.762]	[0.0..0.0]	0.80485684	[106291.234..106291.234]
Group-1	PS 42:6:0	281.25	240116_PS_FTMSMS-_4.mzXML	30.0	370941.6	0.0	0.0	[9.0..9.0]	[1.0..1.0]	[0.925..0.925]	[343120.97..343120.97]	[0.788..0.818]	[0.0..0.0]	[0.925..0.925]	[343120.97..343120.97]	[0.79..0.817]	[0.0..0.0]	0.80485684	[276163.25..276163.25]
Group-1	PS 42:6:0	281.25	240116_PS_FTMSMS-_4.mzXML	35.0	503938.1	0.0	0.0	[9.0..9.0]	[1.0..1.0]	[0.916..0.916]	[461607.3..461607.3]	[0.789..0.836]	[0.0..0.0]	[0.916..0.916]	[461607.3..461607.3]	[0.79..0.833]	[0.0..0.0]	0.80485684	[371527.8..371527.8]
Group-1	PS 42:6:0	283.26	240116_PS_FTMSMS-_4.mzXML	25.0	291507.9	0.0	0.0	[0.0..0.0]	[1.0..1.0]	[0.998..0.998]	[290924.9..290924.9]	[0.958..0.958]	[0.0..0.0]	[0.998..0.998]	[290924.9..290924.9]	[0.958..0.958]	[0.0..0.0]	0.80485684	[234152.89..234152.89]
Group-1	PS 42:6:0	283.26	240116_PS_FTMSMS-_4.mzXML	30.0	847273.4	0.0	0.0	[0.0..0.0]	[1.0..1.0]	[0.975..0.975]	[826091.56..826091.56]	[0.976..0.976]	[0.0..0.0]	[0.975..0.975]	[826091.56..826091.56]	[0.976..0.976]	[0.0..0.0]	0.80485684	[664885.44..664885.44]
Group-1	PS 42:6:0	283.26	240116_PS_FTMSMS-_4.mzXML	35.0	1283848.1	0.0	0.0	[0.0..0.0]	[1.0..1.0]	[0.962..0.962]	[1235061.9..1235061.9]	[0.982..0.982]	[0.0..0.0]	[0.962..0.962]	[1235061.9..1235061.9]	[0.982..0.982]	[0.0..0.0]	0.80485684	[994048.0..994048.0]
Group-1	PS 42:6:0	355.26	240116_PS_FTMSMS-_4.mzXML	25.0	10818.0	0.0	0.0	[6.0..6.0]	[0.0..0.0]	[1.175..1.175]	[12711.149..12711.149]	[0.042..0.042]	[1.0..1.0]	[1.175..1.175]	[12711.149..12711.149]	[0.042..0.042]	[1.0..1.0]	0.80485684	[10230.655..10230.655]
Group-1	PS 42:6:0	355.26	240116_PS_FTMSMS-_4.mzXML	30.0	11760.6	0.0	0.0	[6.0..6.0]	[0.0..0.0]	[1.727..1.727]	[20310.555..20310.555]	[0.024..0.024]	[1.0..1.0]	[1.727..1.727]	[20310.555..20310.555]	[0.024..0.024]	[1.0..1.0]	0.80485684	[16347.089..16347.089]
Group-1	PS 42:6:0	355.26	240116_PS_FTMSMS-_4.mzXML	35.0	7262.8	0.0	0.0	[6.0..6.0]	[0.0..0.0]	[3.078..3.078]	[22354.898..22354.898]	[0.018..0.018]	[1.0..1.0]	[3.078..3.078]	[22354.898..22354.898]	[0.018..0.018]	[1.0..1.0]	0.80485684	[17992.492..17992.492]
Group-1	PS 42:6:0	357.28	240116_PS_FTMSMS-_4.mzXML	25.0	44853.4	0.0	0.0	[6.0..9.0]	[0.0..0.0]	[0.928..0.988]	[41623.953..44315.156]	[0.24..0.251]	[1.0..1.0]	[0.922..0.995]	[41354.832..44629.133]	[0.238..0.253]	[1.0..1.0]	0.80485684	[33501.32..35667.355]
Group-1	PS 42:6:0	357.28	240116_PS_FTMSMS-_4.mzXML	30.0	71326.6	0.0	0.0	[6.0..9.0]	[0.0..0.0]	[1.072..1.291]	[76462.12..92082.64]	[0.182..0.212]	[1.0..1.0]	[1.076..1.281]	[76747.42..91369.375]	[0.183..0.21]	[1.0..1.0]	0.80485684	[61541.06..74113.34]
Group-1	PS 42:6:0	357.28	240116_PS_FTMSMS-_4.mzXML	35.0	63943.3	0.0	0.0	[6.0..9.0]	[0.0..0.0]	[1.415..1.936]	[90479.766..123794.23]	[0.164..0.211]	[1.0..1.0]	[1.448..1.922]	[92589.9..122899.02]	[0.167..0.21]	[1.0..1.0]	0.80485684	[72823.26..99636.63]
