Group	Specie	Mz	Sample	CE	C.FAI	C.COI	FA-CO.ratio	FA_Isomer	1st Pos	1st CF	1st C.FAI	1st rel_FAI	2nd Pos	2nd CF	2nd C.FAI	2nd rel_FAI	3rd Pos	TX.CF	C.FAI with TX.CF
Group-1	PC 24:0:0	199.17	20180509_PC_heart_01.mzXML	25.0	443909.2	0.0	0.0	[0.0..0.0]	[0.5..0.5]	[1.101..1.101]	[488744.0..488744.0]	[0.5..0.5]	[0.5..0.5]	[1.101..1.101]	[488744.0..488744.0]	[0.5..0.5]	[0.5..0.5]	1.004296	[490843.6..490843.6]
Group-1	PC 24:0:0	199.17	20180509_PC_heart_01.mzXML	30.0	481750.7	0.0	0.0	[0.0..0.0]	[0.5..0.5]	[1.156..1.156]	[556903.8..556903.8]	[0.5..0.5]	[0.5..0.5]	[1.156..1.156]	[556903.8..556903.8]	[0.5..0.5]	[0.5..0.5]	1.004296	[559296.2..559296.2]
Group-1	PC 24:0:0	199.17	20180509_PC_heart_01.mzXML	35.0	420913.3	0.0	0.0	[0.0..0.0]	[0.5..0.5]	[1.179..1.179]	[496256.8..496256.8]	[0.5..0.5]	[0.5..0.5]	[1.179..1.179]	[496256.8..496256.8]	[0.5..0.5]	[0.5..0.5]	1.004296	[498388.7..498388.7]
Group-1	PC 25:0:0	199.17	20180509_PC_heart_01.mzXML	25.0	114421.5	0.0	0.0	[0.0..0.0]	[0.0..1.0]	[1.088..1.096]	[124490.6..125405.96]	[0.271..0.272]	[0.0..0.0]	[1.088..1.088]	[124490.6..124490.6]	[0.27..0.27]	[0.0..0.0]	0.98652405	[122812.97..123715.99]
Group-1	PC 25:0:0	199.17	20180509_PC_heart_01.mzXML	30.0	135338.6	0.0	0.0	[0.0..0.0]	[0.0..1.0]	[1.149..1.152]	[155504.05..155910.05]	[0.286..0.286]	[0.0..0.0]	[1.149..1.149]	[155504.05..155504.05]	[0.285..0.285]	[0.0..0.0]	0.98652405	[153408.48..153809.02]
Group-1	PC 25:0:0	199.17	20180509_PC_heart_01.mzXML	35.0	126117.3	0.0	0.0	[0.0..0.0]	[0.0..1.0]	[1.172..1.175]	[147809.48..148187.81]	[0.303..0.303]	[0.0..0.0]	[1.172..1.172]	[147809.48..147809.48]	[0.302..0.302]	[0.0..0.0]	0.98652405	[145817.6..146190.84]
Group-1	PC 25:0:0	213.18	20180509_PC_heart_01.mzXML	25.0	315546.4	0.0	0.0	[0.0..0.0]	[0.0..1.0]	[1.058..1.068]	[333848.1..337003.56]	[0.728..0.729]	[1.0..1.0]	[1.068..1.068]	[337003.56..337003.56]	[0.73..0.73]	[1.0..1.0]	0.98652405	[329349.2..332462.12]
Group-1	PC 25:0:0	213.18	20180509_PC_heart_01.mzXML	30.0	351616.3	0.0	0.0	[0.0..0.0]	[0.0..1.0]	[1.102..1.108]	[387481.2..389590.88]	[0.714..0.714]	[1.0..1.0]	[1.108..1.108]	[389590.88..389590.88]	[0.715..0.715]	[1.0..1.0]	0.98652405	[382259.5..384340.78]
Group-1	PC 25:0:0	213.18	20180509_PC_heart_01.mzXML	35.0	303367.5	0.0	0.0	[0.0..0.0]	[0.0..1.0]	[1.12..1.124]	[339771.6..340985.06]	[0.697..0.697]	[1.0..1.0]	[1.124..1.124]	[340985.06..340985.06]	[0.698..0.698]	[1.0..1.0]	0.98652405	[335192.88..336389.97]
Group-1	PC 32:0:0	255.23	20180509_PC_heart_01.mzXML	25.0	35757.5	0.0	0.0	[0.0..0.0]	[0.5..0.5]	[1.0..1.0]	[35757.5..35757.5]	[0.5..0.5]	[0.5..0.5]	[1.0..1.0]	[35757.5..35757.5]	[0.5..0.5]	[0.5..0.5]	0.87883294	[31424.87..31424.87]
Group-1	PC 32:0:0	255.23	20180509_PC_heart_01.mzXML	30.0	42581.4	0.0	0.0	[0.0..0.0]	[0.5..0.5]	[1.0..1.0]	[42581.4..42581.4]	[0.5..0.5]	[0.5..0.5]	[1.0..1.0]	[42581.4..42581.4]	[0.5..0.5]	[0.5..0.5]	0.87883294	[37421.934..37421.934]
Group-1	PC 32:0:0	255.23	20180509_PC_heart_01.mzXML	35.0	39671.0	0.0	0.0	[0.0..0.0]	[0.5..0.5]	[1.0..1.0]	[39671.0..39671.0]	[0.5..0.5]	[0.5..0.5]	[1.0..1.0]	[39671.0..39671.0]	[0.5..0.5]	[0.5..0.5]	0.87883294	[34864.18..34864.18]
Group-1	PC 32:1:0	227.2	20180509_PC_heart_01.mzXML	25.0	481.9	0.0	0.0	[0.0..0.0]	[0.0..0.0]	[1.042..1.042]	[502.14..502.14]	[0.115..0.115]	[0.0..0.0]	[1.042..1.042]	[502.13983..502.13983]	[0.115..0.115]	[0.0..0.0]	0.8807945	[442.28198..442.28198]
Group-1	PC 32:1:0	227.2	20180509_PC_heart_01.mzXML	30.0	437.7	0.0	0.0	[0.0..0.0]	[0.0..0.0]	[1.068..1.068]	[467.464..467.464]	[0.099..0.099]	[0.0..0.0]	[1.068..1.068]	[467.4636..467.4636]	[0.099..0.099]	[0.0..0.0]	0.8807945	[411.73938..411.73938]
Group-1	PC 32:1:0	227.2	20180509_PC_heart_01.mzXML	35.0	519.0	0.0	0.0	[0.0..0.0]	[0.0..0.0]	[1.078..1.078]	[559.482..559.482]	[0.119..0.119]	[0.0..0.0]	[1.078..1.078]	[559.482..559.482]	[0.119..0.119]	[0.0..0.0]	0.8807945	[492.78867..492.78867]
Group-1	PC 32:1:0	253.22	20180509_PC_heart_01.mzXML	25.0	12361.2	0.0	0.0	[9.0..9.0]	[0.0..1.0]	[0.901..0.981]	[11137.441..12126.338]	[0.653..0.672]	[0.82..0.93]	[0.967..0.975]	[11953.28..12052.171]	[0.669..0.671]	[0.823..0.928]	0.8807945	[9809.798..10680.812]
Group-1	PC 32:1:0	253.22	20180509_PC_heart_01.mzXML	30.0	13917.0	0.0	0.0	[9.0..9.0]	[0.0..1.0]	[0.912..0.97]	[12692.304..13499.49]	[0.626..0.64]	[0.82..0.93]	[0.96..0.966]	[13360.319..13443.822]	[0.637..0.639]	[0.823..0.928]	0.8807945	[11179.3125..11890.277]
Group-1	PC 32:1:0	253.22	20180509_PC_heart_01.mzXML	35.0	13109.0	0.0	0.0	[9.0..9.0]	[0.0..1.0]	[0.936..0.967]	[12270.023..12676.403]	[0.621..0.628]	[0.82..0.93]	[0.961..0.965]	[12597.749..12650.185]	[0.627..0.628]	[0.823..0.928]	0.8807945	[10807.369..11165.306]
Group-1	PC 32:1:0	255.23	20180509_PC_heart_01.mzXML	25.0	5908.9	0.0	0.0	[0.0..0.0]	[0.0..1.0]	[1.0..1.0]	[5908.9..5908.9]	[0.328..0.347]	[0.07..0.18]	[1.0..1.0]	[5908.9..5908.9]	[0.329..0.331]	[0.072..0.177]	0.8807945	[5204.527..5204.527]
Group-1	PC 32:1:0	255.23	20180509_PC_heart_01.mzXML	30.0	7599.0	0.0	0.0	[0.0..0.0]	[0.0..1.0]	[1.0..1.0]	[7599.0..7599.0]	[0.36..0.374]	[0.07..0.18]	[1.0..1.0]	[7599.0..7599.0]	[0.361..0.363]	[0.072..0.177]	0.8807945	[6693.1577..6693.1577]
Group-1	PC 32:1:0	255.23	20180509_PC_heart_01.mzXML	35.0	7494.2	0.0	0.0	[0.0..0.0]	[0.0..1.0]	[1.0..1.0]	[7494.2..7494.2]	[0.372..0.379]	[0.07..0.18]	[1.0..1.0]	[7494.2..7494.2]	[0.372..0.373]	[0.072..0.177]	0.8807945	[6600.8506..6600.8506]
Group-1	PC 32:1:0	281.25	20180509_PC_heart_01.mzXML	25.0	3994.2	0.0	0.0	[9.0..9.0]	[1.0..1.0]	[0.964..0.964]	[3850.409..3850.409]	[0.885..0.885]	[1.0..1.0]	[0.964..0.964]	[3850.4087..3850.4087]	[0.885..0.885]	[1.0..1.0]	0.8807945	[3391.4187..3391.4187]
Group-1	PC 32:1:0	281.25	20180509_PC_heart_01.mzXML	30.0	4601.8	0.0	0.0	[9.0..9.0]	[1.0..1.0]	[0.926..0.926]	[4261.267..4261.267]	[0.901..0.901]	[1.0..1.0]	[0.926..0.926]	[4261.2666..4261.2666]	[0.901..0.901]	[1.0..1.0]	0.8807945	[3753.3003..3753.3003]
Group-1	PC 32:1:0	281.25	20180509_PC_heart_01.mzXML	35.0	4545.1	0.0	0.0	[9.0..9.0]	[1.0..1.0]	[0.913..0.913]	[4149.676..4149.676]	[0.881..0.881]	[1.0..1.0]	[0.913..0.913]	[4149.6763..4149.6763]	[0.881..0.881]	[1.0..1.0]	0.8807945	[3655.0122..3655.0122]
Group-1	PC 32:2:0	227.2	20180509_PC_heart_01.mzXML	25.0	1188.4	0.0	0.0	[0.0..0.0]	[0.0..0.0]	[1.042..1.042]	[1238.313..1238.313]	[0.036..0.036]	[0.0..0.0]	[1.042..1.042]	[1238.3129..1238.3129]	[0.036..0.036]	[0.0..0.0]	0.8827558	[1093.1279..1093.1279]
Group-1	PC 32:2:0	227.2	20180509_PC_heart_01.mzXML	30.0	1353.2	0.0	0.0	[0.0..0.0]	[0.0..0.7]	[1.064..1.068]	[1439.805..1445.218]	[0.034..0.036]	[0.0..0.0]	[1.064..1.064]	[1439.8048..1439.8048]	[0.034..0.034]	[0.0..0.0]	0.8827558	[1270.9961..1275.7742]
Group-1	PC 32:2:0	227.2	20180509_PC_heart_01.mzXML	35.0	1307.9	0.0	0.0	[0.0..0.0]	[0.7..0.7]	[1.075..1.075]	[1405.993..1405.993]	[0.038..0.038]	[0.0..0.0]	[1.075..1.075]	[1405.9926..1405.9926]	[0.038..0.038]	[0.0..0.0]	0.8827558	[1241.1482..1241.1482]
Group-1	PC 32:2:0	253.22	20180509_PC_heart_01.mzXML	25.0	578.7	0.0	0.0	[9.0..9.0]	[0.5..0.5]	[0.905..0.905]	[523.724..523.724]	[0.5..0.5]	[0.5..0.5]	[0.905..0.905]	[523.7235..523.7235]	[0.5..0.5]	[0.5..0.5]	0.8827558	[462.31995..462.31995]
Group-1	PC 32:2:0	253.22	20180509_PC_heart_01.mzXML	30.0	791.9	0.0	0.0	[9.0..9.0]	[0.5..0.5]	[0.907..0.907]	[718.253..718.253]	[0.5..0.5]	[0.5..0.5]	[0.907..0.907]	[718.2533..718.2533]	[0.5..0.5]	[0.5..0.5]	0.8827558	[634.04236..634.04236]
Group-1	PC 32:2:0	253.22	20180509_PC_heart_01.mzXML	35.0	791.0	0.0	0.0	[9.0..9.0]	[0.5..0.5]	[0.911..0.911]	[720.601..720.601]	[0.5..0.5]	[0.5..0.5]	[0.911..0.911]	[720.601..720.601]	[0.5..0.5]	[0.5..0.5]	0.8827558	[636.1147..636.1147]
Group-1	PC 32:2:0	279.23	20180509_PC_heart_01.mzXML	25.0	34630.3	0.0	0.0	[9.0..9.0]	[1.0..1.0]	[0.957..0.957]	[33141.2..33141.2]	[0.964..0.964]	[1.0..1.0]	[0.957..0.957]	[33141.2..33141.2]	[0.964..0.964]	[1.0..1.0]	0.8827558	[29255.586..29255.586]
Group-1	PC 32:2:0	279.23	20180509_PC_heart_01.mzXML	30.0	42712.3	0.0	0.0	[9.0..9.0]	[0.3..1.0]	[0.904..0.952]	[38611.914..40662.11]	[0.964..0.966]	[1.0..1.0]	[0.952..0.952]	[40662.11..40662.11]	[0.966..0.966]	[1.0..1.0]	0.8827558	[34084.895..35894.715]
Group-1	PC 32:2:0	279.23	20180509_PC_heart_01.mzXML	35.0	37115.8	0.0	0.0	[9.0..9.0]	[0.3..0.3]	[0.964..0.964]	[35779.633..35779.633]	[0.962..0.962]	[1.0..1.0]	[0.964..0.964]	[35779.633..35779.633]	[0.962..0.962]	[1.0..1.0]	0.8827558	[31584.678..31584.678]
Group-1	PC 34:1:0	253.22	20180509_PC_heart_01.mzXML	25.0	1853.8	0.0	0.0	[9.0..9.0]	[0.0..1.0]	[0.901..0.981]	[1670.274..1818.578]	[1.0..1.0]	[0.93..1.0]	[0.975..0.981]	[1807.4551..1818.5779]	[1.0..1.0]	[0.926..1.0]	0.854385	[1427.057..1553.7657]
Group-1	PC 34:1:0	253.22	20180509_PC_heart_01.mzXML	30.0	3202.2	0.0	0.0	[9.0..9.0]	[0.0..1.0]	[0.912..0.97]	[2920.406..3106.134]	[0.665..0.676]	[0.93..1.0]	[0.966..0.97]	[3093.3252..3106.134]	[0.678..0.679]	[0.926..1.0]	0.854385	[2495.1514..2653.8345]
Group-1	PC 34:1:0	253.22	20180509_PC_heart_01.mzXML	35.0	3198.0	0.0	0.0	[9.0..9.0]	[0.0..1.0]	[0.936..0.967]	[2993.328..3092.466]	[0.727..0.732]	[0.93..1.0]	[0.965..0.967]	[3086.0698..3092.466]	[0.733..0.733]	[0.926..1.0]	0.854385	[2557.4546..2642.1565]
Group-1	PC 34:1:0	255.23	20180509_PC_heart_01.mzXML	25.0	108016.3	0.0	0.0	[0.0..0.0]	[0.0..0.0]	[1.0..1.0]	[108016.3..108016.3]	[0.254..0.254]	[0.0..0.0]	[1.0..1.0]	[108016.3..108016.3]	[0.254..0.254]	[0.0..0.0]	0.854385	[92287.51..92287.51]
Group-1	PC 34:1:0	255.23	20180509_PC_heart_01.mzXML	30.0	125999.5	0.0	0.0	[0.0..0.0]	[0.0..0.0]	[1.0..1.0]	[125999.51..125999.51]	[0.274..0.274]	[0.0..0.0]	[1.0..1.0]	[125999.5..125999.5]	[0.274..0.274]	[0.0..0.0]	0.854385	[107652.086..107652.086]
Group-1	PC 34:1:0	255.23	20180509_PC_heart_01.mzXML	35.0	143065.1	0.0	0.0	[0.0..0.0]	[0.0..0.0]	[1.0..1.0]	[143065.1..143065.1]	[0.308..0.308]	[0.0..0.0]	[1.0..1.0]	[143065.1..143065.1]	[0.308..0.308]	[0.0..0.0]	0.854385	[122232.67..122232.67]
Group-1	PC 34:1:0	281.25	20180509_PC_heart_01.mzXML	25.0	328548.6	0.0	0.0	[9.0..9.0]	[1.0..1.0]	[0.964..0.964]	[316720.84..316720.84]	[0.746..0.746]	[1.0..1.0]	[0.964..0.964]	[316720.84..316720.84]	[0.746..0.746]	[1.0..1.0]	0.854385	[270601.53..270601.53]
Group-1	PC 34:1:0	281.25	20180509_PC_heart_01.mzXML	30.0	360517.5	0.0	0.0	[9.0..9.0]	[1.0..1.0]	[0.926..0.926]	[333839.22..333839.22]	[0.726..0.726]	[1.0..1.0]	[0.926..0.926]	[333839.22..333839.22]	[0.726..0.726]	[1.0..1.0]	0.854385	[285227.22..285227.22]
Group-1	PC 34:1:0	281.25	20180509_PC_heart_01.mzXML	35.0	352670.1	0.0	0.0	[9.0..9.0]	[1.0..1.0]	[0.913..0.913]	[321987.78..321987.78]	[0.692..0.692]	[1.0..1.0]	[0.913..0.913]	[321987.78..321987.78]	[0.692..0.692]	[1.0..1.0]	0.854385	[275101.53..275101.53]
Group-1	PC 34:1:0	283.26	20180509_PC_heart_01.mzXML	25.0	0.0	0.0	0.0	[0.0..0.0]	[0.0..1.0]	[0.968..0.988]	[0.0..0.0]	[0.0..0.0]	[0.0..0.07]	[0.968..0.969]	[0.0..0.0]	[0.0..0.0]	[0.0..0.074]	0.854385	[0.0..0.0]
Group-1	PC 34:1:0	283.26	20180509_PC_heart_01.mzXML	30.0	1554.3	0.0	0.0	[0.0..0.0]	[0.0..1.0]	[0.945..0.958]	[1468.814..1489.019]	[0.324..0.335]	[0.0..0.07]	[0.945..0.946]	[1468.8135..1470.3678]	[0.321..0.322]	[0.0..0.074]	0.854385	[1254.9323..1272.1959]
Group-1	PC 34:1:0	283.26	20180509_PC_heart_01.mzXML	35.0	1200.6	0.0	0.0	[0.0..0.0]	[0.0..1.0]	[0.937..0.945]	[1124.962..1134.567]	[0.268..0.273]	[0.0..0.07]	[0.937..0.938]	[1124.9622..1126.1628]	[0.267..0.267]	[0.0..0.074]	0.854385	[961.1508..969.35706]
Group-1	PC 34:2:0	255.23	20180509_PC_heart_01.mzXML	25.0	360846.6	0.0	0.0	[0.0..0.0]	[0.0..0.0]	[1.0..1.0]	[360846.6..360846.6]	[0.237..0.237]	[0.0..0.0]	[1.0..1.0]	[360846.6..360846.6]	[0.237..0.237]	[0.0..0.0]	0.8562302	[308967.75..308967.75]
Group-1	PC 34:2:0	255.23	20180509_PC_heart_01.mzXML	30.0	441935.8	0.0	0.0	[0.0..0.0]	[0.0..0.0]	[1.0..1.0]	[441935.8..441935.8]	[0.259..0.259]	[0.0..0.0]	[1.0..1.0]	[441935.8..441935.8]	[0.259..0.259]	[0.0..0.0]	0.8562302	[378398.78..378398.78]
Group-1	PC 34:2:0	255.23	20180509_PC_heart_01.mzXML	35.0	431291.3	0.0	0.0	[0.0..0.0]	[0.0..0.0]	[1.0..1.0]	[431291.3..431291.3]	[0.267..0.267]	[0.0..0.0]	[1.0..1.0]	[431291.3..431291.3]	[0.267..0.267]	[0.0..0.0]	0.8562302	[369284.66..369284.66]
Group-1	PC 34:2:0	279.23	20180509_PC_heart_01.mzXML	25.0	1214624.8	0.0	0.0	[9.0..9.0]	[1.0..1.0]	[0.957..0.957]	[1162395.9..1162395.9]	[0.763..0.763]	[1.0..1.0]	[0.957..0.957]	[1162395.9..1162395.9]	[0.763..0.763]	[1.0..1.0]	0.8562302	[995278.44..995278.44]
Group-1	PC 34:2:0	279.23	20180509_PC_heart_01.mzXML	30.0	1328510.2	0.0	0.0	[9.0..9.0]	[1.0..1.0]	[0.952..0.952]	[1264741.8..1264741.8]	[0.741..0.741]	[1.0..1.0]	[0.952..0.952]	[1264741.8..1264741.8]	[0.741..0.741]	[1.0..1.0]	0.8562302	[1082910.1..1082910.1]
Group-1	PC 34:2:0	279.23	20180509_PC_heart_01.mzXML	35.0	1191770.8	0.0	0.0	[9.0..9.0]	[1.0..1.0]	[0.994..0.994]	[1184620.1..1184620.1]	[0.733..0.733]	[1.0..1.0]	[0.994..0.994]	[1184620.1..1184620.1]	[0.733..0.733]	[1.0..1.0]	0.8562302	[1014307.56..1014307.56]
Group-1	PC 34:3:0	253.22	20180509_PC_heart_01.mzXML	25.0	4018.8	0.0	0.0	[9.0..9.0]	[0.0..0.0]	[0.901..0.901]	[3620.939..3620.939]	[0.018..0.018]	[0.0..0.0]	[0.901..0.901]	[3620.939..3620.939]	[0.018..0.018]	[0.0..0.0]	0.85807484	[3107.0366..3107.0366]
Group-1	PC 34:3:0	253.22	20180509_PC_heart_01.mzXML	30.0	4665.7	0.0	0.0	[9.0..9.0]	[0.0..0.0]	[0.912..0.912]	[4255.119..4255.119]	[0.019..0.019]	[0.0..0.0]	[0.912..0.912]	[4255.1187..4255.1187]	[0.019..0.019]	[0.0..0.0]	0.85807484	[3651.2102..3651.2102]
Group-1	PC 34:3:0	253.22	20180509_PC_heart_01.mzXML	35.0	4548.7	0.0	0.0	[9.0..9.0]	[0.0..0.0]	[0.936..0.936]	[4257.584..4257.584]	[0.02..0.02]	[0.0..0.0]	[0.936..0.936]	[4257.5835..4257.5835]	[0.02..0.02]	[0.0..0.0]	0.85807484	[3653.3252..3653.3252]
Group-1	PC 34:3:0	255.23	20180509_PC_heart_01.mzXML	25.0	4262.8	0.0	0.0	[0.0..0.0]	[0.0..1.0]	[1.0..1.0]	[4262.8..4262.8]	[0.21..0.232]	[0.0..0.0]	[1.0..1.0]	[4262.8..4262.8]	[0.21..0.215]	[0.0..0.0]	0.85807484	[3657.8013..3657.8013]
Group-1	PC 34:3:0	255.23	20180509_PC_heart_01.mzXML	30.0	5467.1	0.0	0.0	[0.0..0.0]	[0.0..1.0]	[1.0..1.0]	[5467.1..5467.1]	[0.229..0.264]	[0.0..0.0]	[1.0..1.0]	[5467.1..5467.1]	[0.229..0.249]	[0.0..0.0]	0.85807484	[4691.181..4691.181]
Group-1	PC 34:3:0	255.23	20180509_PC_heart_01.mzXML	35.0	5291.1	0.0	0.0	[0.0..0.0]	[0.0..0.0]	[1.0..1.0]	[5291.1..5291.1]	[0.227..0.264]	[0.0..0.0]	[1.0..1.0]	[5291.1..5291.1]	[0.227..0.264]	[0.0..0.0]	0.85807484	[4540.1597..4540.1597]
Group-1	PC 34:3:0	277.22	20180509_PC_heart_01.mzXML	25.0	15080.5	0.0	0.0	[6.0..9.0]	[0.0..1.0]	[0.938..1.061]	[14145.51..16000.41]	[0.768..0.79]	[1.0..1.0]	[1.035..1.061]	[15608.317..16000.41]	[0.785..0.79]	[1.0..1.0]	0.85807484	[12137.905..13729.549]
Group-1	PC 34:3:0	277.22	20180509_PC_heart_01.mzXML	30.0	14819.9	0.0	0.0	[6.0..9.0]	[0.0..1.0]	[1.028..1.242]	[15234.857..18406.316]	[0.736..0.771]	[1.0..1.0]	[1.111..1.242]	[16464.908..18406.316]	[0.751..0.771]	[1.0..1.0]	0.85807484	[13072.648..15793.997]
Group-1	PC 34:3:0	277.22	20180509_PC_heart_01.mzXML	35.0	11473.3	0.0	0.0	[6.0..9.0]	[1.0..1.0]	[1.286..1.572]	[14754.664..18036.027]	[0.736..0.773]	[1.0..1.0]	[1.286..1.572]	[14754.664..18036.027]	[0.736..0.773]	[1.0..1.0]	0.85807484	[12660.606..15476.262]
Group-1	PC 34:3:0	279.23	20180509_PC_heart_01.mzXML	25.0	202795.2	0.0	0.0	[9.0..9.0]	[1.0..1.0]	[0.957..0.957]	[194075.02..194075.02]	[0.982..0.982]	[1.0..1.0]	[0.957..0.957]	[194075.02..194075.02]	[0.982..0.982]	[1.0..1.0]	0.85807484	[166530.89..166530.89]
Group-1	PC 34:3:0	279.23	20180509_PC_heart_01.mzXML	30.0	232457.3	0.0	0.0	[9.0..9.0]	[1.0..1.0]	[0.952..0.952]	[221299.36..221299.36]	[0.981..0.981]	[1.0..1.0]	[0.952..0.952]	[221299.36..221299.36]	[0.981..0.981]	[1.0..1.0]	0.85807484	[189891.4..189891.4]
Group-1	PC 34:3:0	279.23	20180509_PC_heart_01.mzXML	35.0	207720.5	0.0	0.0	[9.0..9.0]	[1.0..1.0]	[0.994..0.994]	[206474.19..206474.19]	[0.98..0.98]	[1.0..1.0]	[0.994..0.994]	[206474.19..206474.19]	[0.98..0.98]	[1.0..1.0]	0.85807484	[177170.3..177170.3]
Group-1	PC 36:1:0	255.23	20180509_PC_heart_01.mzXML	25.0	1589.3	0.0	0.0	[0.0..0.0]	[0.0..0.0]	[1.0..1.0]	[1589.3..1589.3]	[0.553..0.553]	[0.46..0.7]	[1.0..1.0]	[1589.3..1589.3]	[0.553..0.553]	[0.461..0.703]	0.8296408	[1318.5482..1318.5482]
Group-1	PC 36:1:0	255.23	20180509_PC_heart_01.mzXML	30.0	1563.7	0.0	0.0	[0.0..0.0]	[0.0..0.0]	[1.0..1.0]	[1563.7..1563.7]	[0.485..0.485]	[0.46..0.7]	[1.0..1.0]	[1563.7..1563.7]	[0.485..0.485]	[0.461..0.703]	0.8296408	[1297.3093..1297.3093]
Group-1	PC 36:1:0	255.23	20180509_PC_heart_01.mzXML	35.0	1883.1	0.0	0.0	[0.0..0.0]	[0.0..0.0]	[1.0..1.0]	[1883.1..1883.1]	[0.576..0.576]	[0.46..0.7]	[1.0..1.0]	[1883.1..1883.1]	[0.576..0.576]	[0.461..0.703]	0.8296408	[1562.2966..1562.2966]
Group-1	PC 36:1:0	281.25	20180509_PC_heart_01.mzXML	25.0	74121.8	0.0	0.0	[9.0..9.0]	[0.0..1.0]	[0.869..0.964]	[64411.844..71453.414]	[0.738..0.754]	[1.0..1.0]	[0.964..0.964]	[71453.414..71453.414]	[0.758..0.758]	[1.0..1.0]	0.8296408	[53438.695..59280.668]
Group-1	PC 36:1:0	281.25	20180509_PC_heart_01.mzXML	30.0	88157.3	0.0	0.0	[9.0..9.0]	[0.0..1.0]	[0.855..0.926]	[75374.49..81633.66]	[0.721..0.734]	[1.0..1.0]	[0.926..0.926]	[81633.66..81633.66]	[0.736..0.736]	[1.0..1.0]	0.8296408	[62533.754..67726.61]
Group-1	PC 36:1:0	281.25	20180509_PC_heart_01.mzXML	35.0	79264.7	0.0	0.0	[9.0..9.0]	[0.0..1.0]	[0.868..0.913]	[68801.76..72368.67]	[0.705..0.714]	[1.0..1.0]	[0.913..0.913]	[72368.67..72368.67]	[0.716..0.716]	[1.0..1.0]	0.8296408	[57080.75..60040.008]
Group-1	PC 36:1:0	283.26	20180509_PC_heart_01.mzXML	25.0	23605.3	0.0	0.0	[0.0..0.0]	[0.0..1.0]	[0.968..0.988]	[22849.932..23322.037]	[0.246..0.262]	[0.0..0.0]	[0.968..0.968]	[22849.932..22849.932]	[0.242..0.242]	[0.0..0.0]	0.8296408	[18957.234..19348.912]
Group-1	PC 36:1:0	283.26	20180509_PC_heart_01.mzXML	30.0	30917.2	0.0	0.0	[0.0..0.0]	[0.0..1.0]	[0.945..0.958]	[29216.754..29618.678]	[0.266..0.279]	[0.0..0.0]	[0.945..0.945]	[29216.754..29216.754]	[0.264..0.264]	[0.0..0.0]	0.8296408	[24239.41..24572.863]
Group-1	PC 36:1:0	283.26	20180509_PC_heart_01.mzXML	35.0	30655.6	0.0	0.0	[0.0..0.0]	[0.0..1.0]	[0.937..0.945]	[28724.297..28969.543]	[0.286..0.295]	[0.0..0.0]	[0.937..0.937]	[28724.297..28724.297]	[0.284..0.284]	[0.0..0.0]	0.8296408	[23830.848..24034.314]
Group-1	PC 36:1:0	309.28	20180509_PC_heart_01.mzXML	25.0	1332.6	0.0	0.0	[11.0..11.0]	[1.0..1.0]	[0.963..0.963]	[1283.294..1283.294]	[0.447..0.447]	[0.3..0.54]	[0.963..0.963]	[1283.2938..1283.2938]	[0.447..0.447]	[0.297..0.539]	0.8296408	[1064.6729..1064.6729]
Group-1	PC 36:1:0	309.28	20180509_PC_heart_01.mzXML	30.0	1855.4	0.0	0.0	[11.0..11.0]	[1.0..1.0]	[0.894..0.894]	[1658.728..1658.728]	[0.515..0.515]	[0.3..0.54]	[0.894..0.894]	[1658.7277..1658.7277]	[0.515..0.515]	[0.297..0.539]	0.8296408	[1376.1481..1376.1481]
Group-1	PC 36:1:0	309.28	20180509_PC_heart_01.mzXML	35.0	1611.3	0.0	0.0	[11.0..11.0]	[1.0..1.0]	[0.861..0.861]	[1387.329..1387.329]	[0.424..0.424]	[0.3..0.54]	[0.861..0.861]	[1387.3293..1387.3293]	[0.424..0.424]	[0.297..0.539]	0.8296408	[1150.9851..1150.9851]
Group-1	PC 36:2:0	255.23	20180509_PC_heart_01.mzXML	25.0	2135.0	0.0	0.0	[0.0..0.0]	[0.0..0.0]	[1.0..1.0]	[2135.0..2135.0]	[0.225..0.225]	[0.0..0.09]	[1.0..1.0]	[2135.0..2135.0]	[0.225..0.225]	[0.0..0.092]	0.8313721	[1774.9794..1774.9794]
Group-1	PC 36:2:0	255.23	20180509_PC_heart_01.mzXML	30.0	3364.4	0.0	0.0	[0.0..0.0]	[0.0..0.0]	[1.0..1.0]	[3364.4..3364.4]	[0.297..0.297]	[0.0..0.09]	[1.0..1.0]	[3364.4..3364.4]	[0.297..0.297]	[0.0..0.092]	0.8313721	[2797.068..2797.068]
Group-1	PC 36:2:0	255.23	20180509_PC_heart_01.mzXML	35.0	3616.8	0.0	0.0	[0.0..0.0]	[0.0..0.0]	[1.0..1.0]	[3616.8..3616.8]	[0.347..0.347]	[0.0..0.09]	[1.0..1.0]	[3616.8..3616.8]	[0.347..0.347]	[0.0..0.092]	0.8313721	[3006.9065..3006.9065]
Group-1	PC 36:2:0	279.23	20180509_PC_heart_01.mzXML	25.0	355050.3	0.0	0.0	[9.0..9.0]	[0.0..1.0]	[0.867..0.957]	[307828.62..339783.16]	[0.741..0.756]	[1.0..1.0]	[0.957..0.957]	[339783.16..339783.16]	[0.76..0.76]	[1.0..1.0]	0.8313721	[255920.11..282486.22]
Group-1	PC 36:2:0	279.23	20180509_PC_heart_01.mzXML	30.0	384380.3	0.0	0.0	[9.0..9.0]	[0.0..1.0]	[0.883..0.952]	[339407.8..365930.06]	[0.725..0.737]	[1.0..1.0]	[0.952..0.952]	[365930.06..365930.06]	[0.74..0.74]	[1.0..1.0]	0.8313721	[282174.2..304224.03]
Group-1	PC 36:2:0	279.23	20180509_PC_heart_01.mzXML	35.0	335046.3	0.0	0.0	[9.0..9.0]	[0.0..1.0]	[0.951..0.994]	[318629.03..333036.03]	[0.718..0.725]	[1.0..1.0]	[0.994..0.994]	[333036.03..333036.03]	[0.726..0.726]	[1.0..1.0]	0.8313721	[264899.28..276876.88]
Group-1	PC 36:2:0	281.25	20180509_PC_heart_01.mzXML	25.0	45717.0	0.0	0.0	[9.0..9.0]	[0.5..0.5]	[0.914..0.914]	[41785.336..41785.336]	[0.5..0.5]	[0.5..0.5]	[0.914..0.914]	[41785.336..41785.336]	[0.5..0.5]	[0.5..0.5]	0.8313721	[34739.16..34739.16]
Group-1	PC 36:2:0	281.25	20180509_PC_heart_01.mzXML	30.0	51367.7	0.0	0.0	[9.0..9.0]	[0.5..0.5]	[0.905..0.905]	[46487.766..46487.766]	[0.5..0.5]	[0.5..0.5]	[0.905..0.905]	[46487.766..46487.766]	[0.5..0.5]	[0.5..0.5]	0.8313721	[38648.633..38648.633]
Group-1	PC 36:2:0	281.25	20180509_PC_heart_01.mzXML	35.0	47761.0	0.0	0.0	[9.0..9.0]	[0.5..0.5]	[0.911..0.911]	[43510.273..43510.273]	[0.5..0.5]	[0.5..0.5]	[0.911..0.911]	[43510.273..43510.273]	[0.5..0.5]	[0.5..0.5]	0.8313721	[36173.223..36173.223]
Group-1	PC 36:2:0	283.26	20180509_PC_heart_01.mzXML	25.0	111103.6	0.0	0.0	[0.0..0.0]	[0.0..1.0]	[0.968..0.988]	[107548.29..109770.36]	[0.244..0.259]	[0.0..0.0]	[0.968..0.968]	[107548.29..107548.29]	[0.24..0.24]	[0.0..0.0]	0.8313721	[89412.64..91260.01]
Group-1	PC 36:2:0	283.26	20180509_PC_heart_01.mzXML	30.0	136052.0	0.0	0.0	[0.0..0.0]	[0.0..1.0]	[0.945..0.958]	[128569.14..130337.82]	[0.263..0.275]	[0.0..0.0]	[0.945..0.945]	[128569.14..128569.14]	[0.26..0.26]	[0.0..0.0]	0.8313721	[106888.8..108359.23]
Group-1	PC 36:2:0	283.26	20180509_PC_heart_01.mzXML	35.0	133886.1	0.0	0.0	[0.0..0.0]	[0.0..1.0]	[0.937..0.945]	[125451.266..126522.36]	[0.275..0.282]	[0.0..0.0]	[0.937..0.937]	[125451.266..125451.266]	[0.274..0.274]	[0.0..0.0]	0.8313721	[104296.69..105187.16]
Group-1	PC 36:2:0	307.26	20180509_PC_heart_01.mzXML	25.0	7724.4	0.0	0.0	[11.0..11.0]	[1.0..1.0]	[0.95..0.95]	[7338.18..7338.18]	[0.775..0.775]	[0.91..1.0]	[0.95..0.95]	[7338.1797..7338.1797]	[0.775..0.775]	[0.908..1.0]	0.8313721	[6100.758..6100.758]
Group-1	PC 36:2:0	307.26	20180509_PC_heart_01.mzXML	30.0	8863.3	0.0	0.0	[11.0..11.0]	[1.0..1.0]	[0.9..0.9]	[7976.97..7976.97]	[0.703..0.703]	[0.91..1.0]	[0.9..0.9]	[7976.9697..7976.9697]	[0.703..0.703]	[0.908..1.0]	0.8313721	[6631.83..6631.83]
Group-1	PC 36:2:0	307.26	20180509_PC_heart_01.mzXML	35.0	7528.9	0.0	0.0	[11.0..11.0]	[1.0..1.0]	[0.905..0.905]	[6813.655..6813.655]	[0.653..0.653]	[0.91..1.0]	[0.905..0.905]	[6813.6543..6813.6543]	[0.653..0.653]	[0.908..1.0]	0.8313721	[5664.682..5664.682]
Group-1	PC 36:3:0	255.23	20180509_PC_heart_01.mzXML	25.0	23991.3	0.0	0.0	[0.0..0.0]	[0.0..1.0]	[1.0..1.0]	[23991.3..23991.3]	[0.232..0.257]	[0.0..0.0]	[1.0..1.0]	[23991.3..23991.3]	[0.232..0.237]	[0.0..0.0]	0.8331026	[19987.215..19987.215]
Group-1	PC 36:3:0	255.23	20180509_PC_heart_01.mzXML	30.0	29488.0	0.0	0.0	[0.0..0.0]	[0.0..1.0]	[1.0..1.0]	[29488.0..29488.0]	[0.226..0.277]	[0.0..0.0]	[1.0..1.0]	[29488.0..29488.0]	[0.226..0.261]	[0.0..0.0]	0.8331026	[24566.53..24566.53]
Group-1	PC 36:3:0	255.23	20180509_PC_heart_01.mzXML	35.0	28282.5	0.0	0.0	[0.0..0.0]	[0.0..0.0]	[1.0..1.0]	[28282.5..28282.5]	[0.219..0.287]	[0.0..0.0]	[1.0..1.0]	[28282.5..28282.5]	[0.219..0.287]	[0.0..0.0]	0.8331026	[23562.225..23562.225]
Group-1	PC 36:3:0	277.22	20180509_PC_heart_01.mzXML	25.0	3709.9	0.0	0.0	[6.0..9.0]	[0.0..1.0]	[0.938..1.061]	[3479.886..3936.204]	[0.744..0.763]	[1.0..1.0]	[1.035..1.061]	[3839.7463..3936.2039]	[0.762..0.767]	[1.0..1.0]	0.8331026	[2899.1023..3279.2617]
Group-1	PC 36:3:0	277.22	20180509_PC_heart_01.mzXML	30.0	3840.5	0.0	0.0	[6.0..9.0]	[0.0..1.0]	[1.028..1.242]	[3948.034..4769.901]	[0.754..0.785]	[1.0..1.0]	[1.111..1.242]	[4266.7954..4769.901]	[0.768..0.787]	[1.0..1.0]	0.8331026	[3289.1174..3973.817]
Group-1	PC 36:3:0	277.22	20180509_PC_heart_01.mzXML	35.0	3549.4	0.0	0.0	[6.0..9.0]	[0.0..1.0]	[1.224..1.572]	[4344.466..5579.657]	[0.708..0.755]	[1.0..1.0]	[1.286..1.572]	[4564.5283..5579.6567]	[0.718..0.757]	[1.0..1.0]	0.8331026	[3619.3853..4648.4263]
Group-1	PC 36:3:0	279.23	20180509_PC_heart_01.mzXML	25.0	75783.9	0.0	0.0	[9.0..9.0]	[0.0..0.0]	[0.867..0.867]	[65704.64..65704.64]	[0.671..0.671]	[0.93..0.98]	[0.867..0.867]	[65704.64..65704.64]	[0.671..0.671]	[0.926..0.983]	0.8331026	[54738.703..54738.703]
Group-1	PC 36:3:0	279.23	20180509_PC_heart_01.mzXML	30.0	87625.9	0.0	0.0	[9.0..9.0]	[0.0..0.0]	[0.883..0.883]	[77373.67..77373.67]	[0.676..0.676]	[0.93..0.98]	[0.883..0.883]	[77373.67..77373.67]	[0.676..0.676]	[0.926..0.983]	0.8331026	[64460.203..64460.203]
Group-1	PC 36:3:0	279.23	20180509_PC_heart_01.mzXML	35.0	80025.8	0.0	0.0	[9.0..9.0]	[0.0..0.0]	[0.951..0.951]	[76104.53..76104.53]	[0.681..0.681]	[0.93..0.98]	[0.951..0.951]	[76104.53..76104.53]	[0.681..0.681]	[0.926..0.983]	0.8331026	[63402.88..63402.88]
Group-1	PC 36:3:0	281.25	20180509_PC_heart_01.mzXML	25.0	33457.8	0.0	0.0	[9.0..9.0]	[1.0..1.0]	[0.964..0.964]	[32253.32..32253.32]	[0.329..0.329]	[0.02..0.07]	[0.964..0.964]	[32253.32..32253.32]	[0.329..0.329]	[0.017..0.074]	0.8331026	[26870.324..26870.324]
Group-1	PC 36:3:0	281.25	20180509_PC_heart_01.mzXML	30.0	40057.5	0.0	0.0	[9.0..9.0]	[1.0..1.0]	[0.926..0.926]	[37093.246..37093.246]	[0.324..0.324]	[0.02..0.07]	[0.926..0.926]	[37093.246..37093.246]	[0.324..0.324]	[0.017..0.074]	0.8331026	[30902.479..30902.479]
Group-1	PC 36:3:0	281.25	20180509_PC_heart_01.mzXML	35.0	38989.0	0.0	0.0	[9.0..9.0]	[1.0..1.0]	[0.913..0.913]	[35596.957..35596.957]	[0.319..0.319]	[0.02..0.07]	[0.913..0.913]	[35596.957..35596.957]	[0.319..0.319]	[0.017..0.074]	0.8331026	[29655.916..29655.916]
Group-1	PC 36:3:0	283.26	20180509_PC_heart_01.mzXML	25.0	1237.1	0.0	0.0	[0.0..0.0]	[0.0..1.0]	[0.968..0.988]	[1197.513..1222.255]	[0.237..0.256]	[0.0..0.0]	[0.968..0.968]	[1197.5128..1197.5128]	[0.233..0.238]	[0.0..0.0]	0.8331026	[997.651..1018.2636]
Group-1	PC 36:3:0	283.26	20180509_PC_heart_01.mzXML	30.0	1363.1	0.0	0.0	[0.0..0.0]	[0.0..1.0]	[0.945..0.958]	[1288.13..1305.85]	[0.215..0.246]	[0.0..0.0]	[0.945..0.945]	[1288.1295..1288.1295]	[0.213..0.232]	[0.0..0.0]	0.8331026	[1073.1439..1087.9067]
Group-1	PC 36:3:0	283.26	20180509_PC_heart_01.mzXML	35.0	1915.5	0.0	0.0	[0.0..0.0]	[0.0..1.0]	[0.937..0.945]	[1794.824..1810.148]	[0.245..0.292]	[0.0..0.0]	[0.937..0.937]	[1794.8235..1794.8235]	[0.243..0.282]	[0.0..0.0]	0.8331026	[1495.2721..1508.0386]
Group-1	PC 36:3:0	305.25	20180509_PC_heart_01.mzXML	25.0	76984.0	0.0	0.0	[5.0..11.0]	[0.0..1.0]	[0.901..1.029]	[69362.586..79216.54]	[0.743..0.768]	[1.0..1.0]	[1.001..1.029]	[77060.984..79216.54]	[0.763..0.768]	[1.0..1.0]	0.8331026	[57786.15..65995.51]
Group-1	PC 36:3:0	305.25	20180509_PC_heart_01.mzXML	30.0	83347.5	0.0	0.0	[5.0..11.0]	[0.0..1.0]	[0.925..1.213]	[77096.44..101100.52]	[0.723..0.774]	[1.0..1.0]	[1.003..1.213]	[83597.55..101100.52]	[0.739..0.774]	[1.0..1.0]	0.8331026	[64229.242..84227.1]
Group-1	PC 36:3:0	305.25	20180509_PC_heart_01.mzXML	35.0	64075.6	0.0	0.0	[5.0..11.0]	[1.0..1.0]	[1.099..1.57]	[70419.086..100598.695]	[0.713..0.781]	[1.0..1.0]	[1.099..1.57]	[70419.086..100598.695]	[0.713..0.781]	[1.0..1.0]	0.8331026	[58666.324..83809.04]
Group-1	PC 36:4:0	255.23	20180509_PC_heart_01.mzXML	25.0	43393.7	0.0	0.0	[0.0..0.0]	[0.0..0.0]	[1.0..1.0]	[43393.7..43393.7]	[0.215..0.216]	[0.0..0.0]	[1.0..1.0]	[43393.7..43393.7]	[0.215..0.216]	[0.0..0.0]	0.8348496	[36227.21..36227.21]
Group-1	PC 36:4:0	255.23	20180509_PC_heart_01.mzXML	30.0	51439.5	0.0	0.0	[0.0..0.0]	[0.0..0.0]	[1.0..1.0]	[51439.5..51439.5]	[0.228..0.231]	[0.0..0.0]	[1.0..1.0]	[51439.5..51439.5]	[0.228..0.231]	[0.0..0.0]	0.8348496	[42944.246..42944.246]
Group-1	PC 36:4:0	255.23	20180509_PC_heart_01.mzXML	35.0	51250.8	0.0	0.0	[0.0..0.0]	[0.0..0.0]	[1.0..1.0]	[51250.8..51250.8]	[0.245..0.25]	[0.0..0.0]	[1.0..1.0]	[51250.8..51250.8]	[0.245..0.25]	[0.0..0.0]	0.8348496	[42786.71..42786.71]
Group-1	PC 36:4:0	277.22	20180509_PC_heart_01.mzXML	25.0	526.9	0.0	0.0	[6.0..9.0]	[0.0..0.0]	[0.938..0.944]	[494.232..497.394]	[0.831..0.832]	[0.68..1.0]	[0.907..1.061]	[477.89832..559.0409]	[0.826..0.847]	[0.676..1.0]	0.8348496	[412.60956..415.24887]
Group-1	PC 36:4:0	277.22	20180509_PC_heart_01.mzXML	30.0	484.8	0.0	0.0	[6.0..9.0]	[0.0..0.0]	[1.028..1.131]	[498.374..548.309]	[0.568..0.591]	[0.68..1.0]	[1.017..1.242]	[493.04156..602.1216]	[0.565..0.614]	[0.676..1.0]	0.8348496	[416.06766..457.7554]
Group-1	PC 36:4:0	277.22	20180509_PC_heart_01.mzXML	35.0	739.8	0.0	0.0	[6.0..9.0]	[0.0..0.0]	[1.224..1.468]	[905.515..1086.026]	[0.718..0.754]	[0.68..1.0]	[1.222..1.572]	[904.0356..1162.9656]	[0.718..0.766]	[0.676..1.0]	0.8348496	[755.96893..906.6687]
Group-1	PC 36:4:0	279.23	20180509_PC_heart_01.mzXML	25.0	39697.1	0.0	0.0	[9.0..9.0]	[0.5..0.5]	[0.919..0.919]	[36481.637..36481.637]	[0.5..0.5]	[0.5..0.5]	[0.919..0.919]	[36481.637..36481.637]	[0.5..0.5]	[0.5..0.5]	0.8348496	[30456.68..30456.68]
Group-1	PC 36:4:0	279.23	20180509_PC_heart_01.mzXML	30.0	44274.3	0.0	0.0	[9.0..9.0]	[0.5..0.5]	[0.944..0.944]	[41794.94..41794.94]	[0.5..0.5]	[0.5..0.5]	[0.944..0.944]	[41794.94..41794.94]	[0.5..0.5]	[0.5..0.5]	0.8348496	[34892.49..34892.49]
Group-1	PC 36:4:0	279.23	20180509_PC_heart_01.mzXML	35.0	40342.7	0.0	0.0	[9.0..9.0]	[0.5..0.5]	[1.004..1.004]	[40504.066..40504.066]	[0.5..0.5]	[0.5..0.5]	[1.004..1.004]	[40504.066..40504.066]	[0.5..0.5]	[0.5..0.5]	0.8348496	[33814.805..33814.805]
Group-1	PC 36:4:0	281.25	20180509_PC_heart_01.mzXML	25.0	104.4	0.0	0.0	[9.0..9.0]	[1.0..1.0]	[0.964..0.964]	[100.642..100.642]	[0.168..0.169]	[0.0..0.32]	[0.964..0.964]	[100.6416..100.6416]	[0.153..0.174]	[0.0..0.324]	0.8348496	[84.0206..84.0206]
Group-1	PC 36:4:0	281.25	20180509_PC_heart_01.mzXML	30.0	409.6	0.0	0.0	[9.0..9.0]	[1.0..1.0]	[0.926..0.926]	[379.29..379.29]	[0.409..0.432]	[0.0..0.32]	[0.926..0.926]	[379.2896..379.2896]	[0.386..0.435]	[0.0..0.324]	0.8348496	[316.64978..316.64978]
Group-1	PC 36:4:0	281.25	20180509_PC_heart_01.mzXML	35.0	388.6	0.0	0.0	[9.0..9.0]	[1.0..1.0]	[0.913..0.913]	[354.792..354.792]	[0.246..0.282]	[0.0..0.32]	[0.913..0.913]	[354.7918..354.7918]	[0.234..0.282]	[0.0..0.324]	0.8348496	[296.19778..296.19778]
Group-1	PC 36:4:0	303.23	20180509_PC_heart_01.mzXML	25.0	131973.4	7051.6	0.053431977	[5.0..5.0]	[1.0..1.0]	[1.192..1.2]	[157312.3..158368.1]	[0.784..0.785]	[1.0..1.0]	[1.192..1.2]	[157312.3..158368.1]	[0.784..0.785]	[1.0..1.0]	0.8348496	[131332.11..132213.55]
Group-1	PC 36:4:0	303.23	20180509_PC_heart_01.mzXML	30.0	105200.1	9430.3	0.08964155	[5.0..5.0]	[1.0..1.0]	[1.624..1.656]	[170844.95..174211.38]	[0.769..0.772]	[1.0..1.0]	[1.624..1.656]	[170844.95..174211.38]	[0.769..0.772]	[1.0..1.0]	0.8348496	[142629.84..145440.3]
Group-1	PC 36:4:0	303.23	20180509_PC_heart_01.mzXML	35.0	60976.4	7109.6	0.11659593	[5.2..5.3]	[1.0..1.0]	[2.516..2.594]	[153416.62..158172.78]	[0.75..0.755]	[1.0..1.0]	[2.516..2.594]	[153416.62..158172.78]	[0.75..0.755]	[1.0..1.0]	0.8348496	[128079.805..132050.48]
Group-1	PC 36:5:0	253.22	20180509_PC_heart_01.mzXML	25.0	344.7	0.0	0.0	[9.0..9.0]	[0.0..0.0]	[0.901..0.901]	[310.575..310.575]	[0.01..0.01]	[0.0..0.0]	[0.901..0.901]	[310.5747..310.5747]	[0.01..0.01]	[0.0..0.0]	0.83659583	[259.82553..259.82553]
Group-1	PC 36:5:0	253.22	20180509_PC_heart_01.mzXML	30.0	267.6	0.0	0.0	[9.0..9.0]	[0.0..0.0]	[0.912..0.912]	[244.051..244.051]	[0.007..0.008]	[0.0..0.0]	[0.912..0.912]	[244.05121..244.05121]	[0.007..0.008]	[0.0..0.0]	0.83659583	[204.17223..204.17223]
Group-1	PC 36:5:0	253.22	20180509_PC_heart_01.mzXML	35.0	367.8	0.0	0.0	[9.0..9.0]	[0.0..0.0]	[0.936..0.936]	[344.261..344.261]	[0.011..0.012]	[0.0..0.0]	[0.936..0.936]	[344.26077..344.26077]	[0.011..0.012]	[0.0..0.0]	0.83659583	[288.00714..288.00714]
Group-1	PC 36:5:0	255.23	20180509_PC_heart_01.mzXML	25.0	2157.8	0.0	0.0	[0.0..0.0]	[0.0..0.0]	[1.0..1.0]	[2157.8..2157.8]	[0.275..0.275]	[0.0..0.12]	[1.0..1.0]	[2157.8..2157.8]	[0.275..0.275]	[0.0..0.115]	0.83659583	[1805.2065..1805.2065]
Group-1	PC 36:5:0	255.23	20180509_PC_heart_01.mzXML	30.0	2535.1	0.0	0.0	[0.0..0.0]	[0.0..0.0]	[1.0..1.0]	[2535.1..2535.1]	[0.351..0.351]	[0.0..0.12]	[1.0..1.0]	[2535.1..2535.1]	[0.351..0.351]	[0.0..0.115]	0.83659583	[2120.8542..2120.8542]
Group-1	PC 36:5:0	255.23	20180509_PC_heart_01.mzXML	35.0	2809.6	0.0	0.0	[0.0..0.0]	[0.0..0.0]	[1.0..1.0]	[2809.6..2809.6]	[0.354..0.354]	[0.0..0.12]	[1.0..1.0]	[2809.6..2809.6]	[0.354..0.354]	[0.0..0.115]	0.83659583	[2350.4998..2350.4998]
Group-1	PC 36:5:0	301.22	20180509_PC_heart_01.mzXML	25.0	3777.5	0.0	0.0	[5.0..5.0]	[1.0..1.0]	[1.506..1.506]	[5688.915..5688.915]	[0.725..0.725]	[0.88..1.0]	[1.506..1.506]	[5688.915..5688.915]	[0.725..0.725]	[0.885..1.0]	0.83659583	[4759.3228..4759.3228]
Group-1	PC 36:5:0	301.22	20180509_PC_heart_01.mzXML	30.0	1847.7	0.0	0.0	[5.0..5.0]	[1.0..1.0]	[2.533..2.533]	[4680.224..4680.224]	[0.649..0.649]	[0.88..1.0]	[2.533..2.533]	[4680.224..4680.224]	[0.649..0.649]	[0.885..1.0]	0.83659583	[3915.4558..3915.4558]
Group-1	PC 36:5:0	301.22	20180509_PC_heart_01.mzXML	35.0	1019.7	0.0	0.0	[5.0..5.0]	[1.0..1.0]	[5.029..5.029]	[5128.072..5128.072]	[0.646..0.646]	[0.88..1.0]	[5.029..5.029]	[5128.0713..5128.0713]	[0.646..0.646]	[0.885..1.0]	0.83659583	[4290.123..4290.123]
Group-1	PC 36:5:0	303.23	20180509_PC_heart_01.mzXML	25.0	26975.3	1075.8	0.039880928	[6.1..6.1]	[1.0..1.0]	[1.171..1.186]	[31588.078..31992.707]	[0.99..0.99]	[1.0..1.0]	[1.171..1.186]	[31588.078..31992.707]	[0.99..0.99]	[1.0..1.0]	0.83659583	[26426.453..26764.965]
Group-1	PC 36:5:0	303.23	20180509_PC_heart_01.mzXML	30.0	20770.0	1622.4	0.07811266	[5.5..5.5]	[1.0..1.0]	[1.539..1.602]	[31965.031..33273.54]	[0.992..0.993]	[1.0..1.0]	[1.539..1.602]	[31965.031..33273.54]	[0.992..0.993]	[1.0..1.0]	0.83659583	[26741.812..27836.506]
Group-1	PC 36:5:0	303.23	20180509_PC_heart_01.mzXML	35.0	12588.4	1222.3	0.09709733	[5.9..6.1]	[1.0..1.0]	[2.307..2.464]	[29041.44..31017.818]	[0.988..0.989]	[1.0..1.0]	[2.307..2.464]	[29041.44..31017.818]	[0.988..0.989]	[1.0..1.0]	0.83659583	[24295.947..25949.377]
Group-1	PC 38:1:0	283.26	20180509_PC_heart_01.mzXML	30.0	0.0	0.0	0.0	[0.0..0.0]	[1.0..1.0]	[0.958..0.958]	[0.0..0.0]	[0.0..0.0]	[0.0..0.73]	[0.958..0.958]	[0.0..0.0]	[0.0..0.0]	[0.0..0.727]	0.80639756	[0.0..0.0]
Group-1	PC 38:1:0	283.26	20180509_PC_heart_01.mzXML	35.0	429.2	0.0	0.0	[0.0..0.0]	[1.0..1.0]	[0.945..0.945]	[405.594..405.594]	[0.585..0.585]	[0.0..0.73]	[0.945..0.945]	[405.594..405.594]	[0.585..0.585]	[0.0..0.727]	0.80639756	[327.07..327.07]
Group-1	PC 38:1:0	309.28	20180509_PC_heart_01.mzXML	30.0	293.2	0.0	0.0	[11.0..11.0]	[0.0..0.0]	[0.819..0.819]	[240.131..240.131]	[1.0..1.0]	[0.27..1.0]	[0.819..0.819]	[240.13081..240.13081]	[1.0..1.0]	[0.273..1.0]	0.80639756	[193.6409..193.6409]
Group-1	PC 38:1:0	309.28	20180509_PC_heart_01.mzXML	35.0	354.4	0.0	0.0	[11.0..11.0]	[0.0..0.0]	[0.813..0.813]	[288.127..288.127]	[0.415..0.415]	[0.27..1.0]	[0.813..0.813]	[288.1272..288.1272]	[0.415..0.415]	[0.273..1.0]	0.80639756	[232.34508..232.34508]
Group-1	PC 38:2:0	279.23	20180509_PC_heart_01.mzXML	25.0	5261.3	0.0	0.0	[9.0..9.0]	[0.0..1.0]	[0.867..0.957]	[4561.547..5035.064]	[1.0..1.0]	[1.0..1.0]	[0.957..0.957]	[5035.064..5035.064]	[1.0..1.0]	[1.0..1.0]	0.8080254	[3685.846..4068.46]
Group-1	PC 38:2:0	279.23	20180509_PC_heart_01.mzXML	30.0	6224.8	0.0	0.0	[9.0..9.0]	[0.0..1.0]	[0.883..0.952]	[5496.499..5926.01]	[0.952..0.954]	[1.0..1.0]	[0.952..0.952]	[5926.01..5926.01]	[0.955..0.955]	[1.0..1.0]	0.8080254	[4441.31..4788.366]
Group-1	PC 38:2:0	279.23	20180509_PC_heart_01.mzXML	35.0	5704.6	0.0	0.0	[9.0..9.0]	[0.0..1.0]	[0.951..0.994]	[5425.075..5670.373]	[0.942..0.943]	[1.0..1.0]	[0.994..0.994]	[5670.3726..5670.3726]	[0.944..0.944]	[1.0..1.0]	0.8080254	[4383.598..4581.805]
Group-1	PC 38:2:0	283.26	20180509_PC_heart_01.mzXML	25.0	773.4	0.0	0.0	[0.0..0.0]	[0.0..0.0]	[0.968..0.968]	[748.651..748.651]	[0.263..0.263]	[0.0..0.06]	[0.968..0.968]	[748.65125..748.65125]	[0.263..0.263]	[0.0..0.065]	0.8080254	[604.9292..604.9292]
Group-1	PC 38:2:0	283.26	20180509_PC_heart_01.mzXML	30.0	1125.8	0.0	0.0	[0.0..0.0]	[0.0..0.0]	[0.945..0.945]	[1063.881..1063.881]	[0.314..0.314]	[0.0..0.06]	[0.945..0.945]	[1063.881..1063.881]	[0.314..0.314]	[0.0..0.065]	0.8080254	[859.64294..859.64294]
Group-1	PC 38:2:0	283.26	20180509_PC_heart_01.mzXML	35.0	1088.0	0.0	0.0	[0.0..0.0]	[0.0..0.0]	[0.937..0.937]	[1019.456..1019.456]	[0.337..0.337]	[0.0..0.06]	[0.937..0.937]	[1019.456..1019.456]	[0.337..0.337]	[0.0..0.065]	0.8080254	[823.74634..823.74634]
Group-1	PC 38:2:0	307.26	20180509_PC_heart_01.mzXML	25.0	2211.0	0.0	0.0	[11.0..11.0]	[1.0..1.0]	[0.95..0.95]	[2100.45..2100.45]	[0.737..0.737]	[0.94..1.0]	[0.95..0.95]	[2100.45..2100.45]	[0.737..0.737]	[0.935..1.0]	0.8080254	[1697.2169..1697.2169]
Group-1	PC 38:2:0	307.26	20180509_PC_heart_01.mzXML	30.0	2585.0	0.0	0.0	[11.0..11.0]	[1.0..1.0]	[0.9..0.9]	[2326.5..2326.5]	[0.686..0.686]	[0.94..1.0]	[0.9..0.9]	[2326.5..2326.5]	[0.686..0.686]	[0.935..1.0]	0.8080254	[1879.871..1879.871]
Group-1	PC 38:2:0	307.26	20180509_PC_heart_01.mzXML	35.0	2216.5	0.0	0.0	[11.0..11.0]	[1.0..1.0]	[0.905..0.905]	[2005.933..2005.933]	[0.663..0.663]	[0.94..1.0]	[0.905..0.905]	[2005.9325..2005.9325]	[0.663..0.663]	[0.935..1.0]	0.8080254	[1620.8445..1620.8445]
Group-1	PC 38:2:0	311.29	20180509_PC_heart_01.mzXML	25.0	0.0	0.0	0.0	[0.0..0.0]	[0.0..1.0]	[0.945..0.995]	[0.0..0.0]	[0.0..0.0]	[0.0..0.0]	[0.945..0.945]	[0.0..0.0]	[0.0..0.0]	[0.0..0.0]	0.8080254	[0.0..0.0]
Group-1	PC 38:2:0	311.29	20180509_PC_heart_01.mzXML	30.0	308.5	0.0	0.0	[0.0..0.0]	[0.0..1.0]	[0.902..0.934]	[278.267..288.139]	[0.046..0.048]	[0.0..0.0]	[0.902..0.902]	[278.267..278.267]	[0.045..0.045]	[0.0..0.0]	0.8080254	[224.84682..232.82364]
Group-1	PC 38:2:0	311.29	20180509_PC_heart_01.mzXML	35.0	375.3	0.0	0.0	[0.0..0.0]	[0.0..1.0]	[0.888..0.908]	[333.266..340.772]	[0.057..0.058]	[0.0..0.0]	[0.888..0.888]	[333.2664..333.2664]	[0.056..0.056]	[0.0..0.0]	0.8080254	[269.28772..275.35275]
Group-1	PC 38:3:0	255.23	20180509_PC_heart_01.mzXML	25.0	0.0	0.0	0.0	[0.0..0.0]	[0.0..0.0]	[1.0..1.0]	[0.0..0.0]	[0.5..0.5]	[0.5..1.0]	[1.0..1.0]	[0.0..0.0]	[0.5..0.5]	[0.5..1.0]	0.8096523	[0.0..0.0]
Group-1	PC 38:3:0	255.23	20180509_PC_heart_01.mzXML	30.0	0.0	0.0	0.0	[0.0..0.0]	[1.0..1.0]	[1.0..1.0]	[0.0..0.0]	[0.5..0.5]	[0.5..1.0]	[1.0..1.0]	[0.0..0.0]	[0.5..0.5]	[0.5..1.0]	0.8096523	[0.0..0.0]
Group-1	PC 38:3:0	255.23	20180509_PC_heart_01.mzXML	35.0	187.1	0.0	0.0	[0.0..0.0]	[0.0..0.0]	[1.0..1.0]	[187.1..187.1]	[1.0..1.0]	[0.5..1.0]	[1.0..1.0]	[187.1..187.1]	[1.0..1.0]	[0.5..1.0]	0.8096523	[151.48596..151.48596]
Group-1	PC 38:3:0	279.23	20180509_PC_heart_01.mzXML	25.0	2827.0	0.0	0.0	[9.0..9.0]	[0.0..0.0]	[0.867..0.867]	[2451.009..2451.009]	[1.0..1.0]	[1.0..1.0]	[0.867..0.867]	[2451.009..2451.009]	[1.0..1.0]	[1.0..1.0]	0.8096523	[1984.4652..1984.4652]
Group-1	PC 38:3:0	279.23	20180509_PC_heart_01.mzXML	30.0	3646.8	0.0	0.0	[9.0..9.0]	[1.0..1.0]	[0.952..0.952]	[3471.754..3471.754]	[0.925..0.925]	[1.0..1.0]	[0.952..0.952]	[3471.7537..3471.7537]	[0.925..0.925]	[1.0..1.0]	0.8096523	[2810.9136..2810.9136]
Group-1	PC 38:3:0	279.23	20180509_PC_heart_01.mzXML	35.0	3725.5	0.0	0.0	[9.0..9.0]	[0.0..1.0]	[0.951..0.994]	[3542.951..3703.147]	[0.909..0.91]	[1.0..1.0]	[0.994..0.994]	[3703.147..3703.147]	[0.914..0.914]	[1.0..1.0]	0.8096523	[2868.558..2998.2617]
Group-1	PC 38:3:0	281.25	20180509_PC_heart_01.mzXML	25.0	889.3	0.0	0.0	[9.0..9.0]	[0.0..0.0]	[0.869..0.869]	[772.802..772.802]	[0.59..0.59]	[0.72..0.79]	[0.869..0.869]	[772.8017..772.8017]	[0.59..0.59]	[0.724..0.791]	0.8096523	[625.7007..625.7007]
Group-1	PC 38:3:0	281.25	20180509_PC_heart_01.mzXML	30.0	1182.4	0.0	0.0	[9.0..9.0]	[0.0..0.0]	[0.855..0.855]	[1010.952..1010.952]	[0.604..0.604]	[0.72..0.79]	[0.855..0.855]	[1010.952..1010.952]	[0.604..0.604]	[0.724..0.791]	0.8096523	[818.5197..818.5197]
Group-1	PC 38:3:0	281.25	20180509_PC_heart_01.mzXML	35.0	915.2	0.0	0.0	[9.0..9.0]	[0.0..0.0]	[0.868..0.868]	[794.394..794.394]	[0.609..0.609]	[0.72..0.79]	[0.868..0.868]	[794.39355..794.39355]	[0.609..0.609]	[0.724..0.791]	0.8096523	[643.1826..643.1826]
Group-1	PC 38:3:0	283.26	20180509_PC_heart_01.mzXML	25.0	7058.6	0.0	0.0	[0.0..0.0]	[0.0..1.0]	[0.968..0.988]	[6832.725..6973.897]	[0.223..0.243]	[0.0..0.0]	[0.968..0.968]	[6832.725..6832.725]	[0.219..0.224]	[0.0..0.0]	0.8096523	[5532.132..5646.432]
Group-1	PC 38:3:0	283.26	20180509_PC_heart_01.mzXML	30.0	8570.6	0.0	0.0	[0.0..0.0]	[0.0..1.0]	[0.945..0.958]	[8099.217..8210.635]	[0.217..0.264]	[0.0..0.0]	[0.945..0.945]	[8099.217..8099.217]	[0.215..0.248]	[0.0..0.0]	0.8096523	[6557.55..6647.7593]
Group-1	PC 38:3:0	283.26	20180509_PC_heart_01.mzXML	35.0	9098.0	0.0	0.0	[0.0..0.0]	[0.0..0.0]	[0.937..0.937]	[8524.826..8524.826]	[0.223..0.29]	[0.0..0.0]	[0.937..0.937]	[8524.826..8524.826]	[0.223..0.29]	[0.0..0.0]	0.8096523	[6902.145..6902.145]
Group-1	PC 38:3:0	305.25	20180509_PC_heart_01.mzXML	25.0	23641.5	0.0	0.0	[5.0..11.0]	[0.0..1.0]	[0.901..1.029]	[21300.992..24327.105]	[0.757..0.777]	[1.0..1.0]	[1.001..1.029]	[23665.143..24327.105]	[0.776..0.781]	[1.0..1.0]	0.8096523	[17246.398..19696.498]
Group-1	PC 38:3:0	305.25	20180509_PC_heart_01.mzXML	30.0	24446.8	0.0	0.0	[5.0..11.0]	[0.0..1.0]	[0.925..1.213]	[22613.293..29653.97]	[0.736..0.783]	[1.0..1.0]	[1.003..1.213]	[24520.143..29653.97]	[0.752..0.785]	[1.0..1.0]	0.8096523	[18308.902..24009.406]
Group-1	PC 38:3:0	305.25	20180509_PC_heart_01.mzXML	35.0	18953.3	0.0	0.0	[5.0..11.0]	[1.0..1.0]	[1.099..1.57]	[20829.678..29756.684]	[0.71..0.777]	[1.0..1.0]	[1.099..1.57]	[20829.678..29756.684]	[0.71..0.777]	[1.0..1.0]	0.8096523	[16864.797..24092.568]
Group-1	PC 38:3:0	307.26	20180509_PC_heart_01.mzXML	25.0	564.5	0.0	0.0	[11.0..11.0]	[1.0..1.0]	[0.95..0.95]	[536.275..536.275]	[0.41..0.41]	[0.21..0.28]	[0.95..0.95]	[536.27496..536.27496]	[0.41..0.41]	[0.209..0.276]	0.8096523	[434.1963..434.1963]
Group-1	PC 38:3:0	307.26	20180509_PC_heart_01.mzXML	30.0	737.3	0.0	0.0	[11.0..11.0]	[1.0..1.0]	[0.9..0.9]	[663.57..663.57]	[0.396..0.396]	[0.21..0.28]	[0.9..0.9]	[663.56995..663.56995]	[0.396..0.396]	[0.209..0.276]	0.8096523	[537.261..537.261]
Group-1	PC 38:3:0	307.26	20180509_PC_heart_01.mzXML	35.0	563.7	0.0	0.0	[11.0..11.0]	[1.0..1.0]	[0.905..0.905]	[510.149..510.149]	[0.391..0.391]	[0.21..0.28]	[0.905..0.905]	[510.1485..510.1485]	[0.391..0.391]	[0.209..0.276]	0.8096523	[413.0429..413.0429]
Group-1	PC 38:3:0	309.28	20180509_PC_heart_01.mzXML	25.0	0.0	0.0	0.0	[11.0..11.0]	[1.0..1.0]	[0.963..0.963]	[0.0..0.0]	[0.0..0.0]	[0.0..0.0]	[0.963..0.963]	[0.0..0.0]	[0.0..0.0]	[0.0..0.0]	0.8096523	[0.0..0.0]
Group-1	PC 38:3:0	309.28	20180509_PC_heart_01.mzXML	30.0	343.6	0.0	0.0	[11.0..11.0]	[0.0..0.0]	[0.819..0.819]	[281.408..281.408]	[0.075..0.075]	[0.0..0.0]	[0.819..0.819]	[281.40842..281.40842]	[0.075..0.075]	[0.0..0.0]	0.8096523	[227.84296..227.84296]
Group-1	PC 38:3:0	309.28	20180509_PC_heart_01.mzXML	35.0	430.4	0.0	0.0	[11.0..11.0]	[0.0..1.0]	[0.813..0.861]	[349.915..370.574]	[0.09..0.091]	[0.0..0.0]	[0.813..0.813]	[349.9152..349.9152]	[0.086..0.086]	[0.0..0.0]	0.8096523	[283.30966..300.03644]
Group-1	PC 38:3:0	333.28	20180509_PC_heart_01.mzXML	25.0	0.0	0.0	0.0	[13.0..13.0]	[1.0..1.0]	[0.988..0.988]	[0.0..0.0]	[0.0..0.0]	[0.0..0.0]	[0.988..0.988]	[0.0..0.0]	[0.0..0.0]	[0.0..0.0]	0.8096523	[0.0..0.0]
Group-1	PC 38:3:0	333.28	20180509_PC_heart_01.mzXML	30.0	0.0	0.0	0.0	[13.0..13.0]	[0.0..0.0]	[0.865..0.865]	[0.0..0.0]	[0.0..0.0]	[0.0..0.0]	[0.865..0.865]	[0.0..0.0]	[0.0..0.0]	[0.0..0.0]	0.8096523	[0.0..0.0]
Group-1	PC 38:3:0	333.28	20180509_PC_heart_01.mzXML	35.0	0.0	0.0	0.0	[13.0..13.0]	[1.0..1.0]	[0.995..0.995]	[0.0..0.0]	[0.0..0.0]	[0.0..0.0]	[0.995..0.995]	[0.0..0.0]	[0.0..0.0]	[0.0..0.0]	0.8096523	[0.0..0.0]
Group-1	PC 38:4:0	255.23	20180509_PC_heart_01.mzXML	25.0	3166.8	0.0	0.0	[0.0..0.0]	[0.0..1.0]	[1.0..1.0]	[3166.8..3166.8]	[0.253..0.277]	[0.0..0.0]	[1.0..1.0]	[3166.8..3166.8]	[0.253..0.257]	[0.0..0.0]	0.81129444	[2569.2073..2569.2073]
Group-1	PC 38:4:0	255.23	20180509_PC_heart_01.mzXML	30.0	3516.5	0.0	0.0	[0.0..0.0]	[0.0..1.0]	[1.0..1.0]	[3516.5..3516.5]	[0.253..0.292]	[0.0..0.0]	[1.0..1.0]	[3516.5..3516.5]	[0.253..0.277]	[0.0..0.0]	0.81129444	[2852.917..2852.917]
Group-1	PC 38:4:0	255.23	20180509_PC_heart_01.mzXML	35.0	3635.0	0.0	0.0	[0.0..0.0]	[0.0..0.0]	[1.0..1.0]	[3635.0..3635.0]	[0.254..0.299]	[0.0..0.0]	[1.0..1.0]	[3635.0..3635.0]	[0.254..0.299]	[0.0..0.0]	0.81129444	[2949.0552..2949.0552]
Group-1	PC 38:4:0	281.25	20180509_PC_heart_01.mzXML	25.0	1910.2	0.0	0.0	[9.0..9.0]	[0.0..1.0]	[0.869..0.964]	[1659.964..1841.433]	[0.296..0.302]	[0.0..0.01]	[0.869..0.87]	[1659.9637..1661.874]	[0.275..0.281]	[0.0..0.007]	0.81129444	[1346.7194..1493.9441]
Group-1	PC 38:4:0	281.25	20180509_PC_heart_01.mzXML	30.0	2291.6	0.0	0.0	[9.0..9.0]	[0.0..1.0]	[0.855..0.926]	[1959.318..2122.022]	[0.262..0.301]	[0.0..0.01]	[0.855..0.856]	[1959.3181..1961.6097]	[0.247..0.285]	[0.0..0.007]	0.81129444	[1589.5839..1721.5844]
Group-1	PC 38:4:0	281.25	20180509_PC_heart_01.mzXML	35.0	1955.0	0.0	0.0	[9.0..9.0]	[0.0..0.0]	[0.868..0.868]	[1696.94..1696.94]	[0.229..0.298]	[0.0..0.01]	[0.868..0.868]	[1696.94..1696.94]	[0.229..0.298]	[0.0..0.007]	0.81129444	[1376.7179..1376.7179]
Group-1	PC 38:4:0	283.26	20180509_PC_heart_01.mzXML	25.0	12993.6	0.0	0.0	[0.0..0.0]	[0.0..0.0]	[0.968..0.968]	[12577.805..12577.805]	[0.227..0.231]	[0.0..0.0]	[0.968..0.968]	[12577.805..12577.805]	[0.227..0.231]	[0.0..0.0]	0.81129444	[10204.303..10204.303]
Group-1	PC 38:4:0	283.26	20180509_PC_heart_01.mzXML	30.0	16267.4	0.0	0.0	[0.0..0.0]	[0.0..0.0]	[0.945..0.945]	[15372.693..15372.693]	[0.244..0.255]	[0.0..0.0]	[0.945..0.945]	[15372.693..15372.693]	[0.244..0.255]	[0.0..0.0]	0.81129444	[12471.78..12471.78]
Group-1	PC 38:4:0	283.26	20180509_PC_heart_01.mzXML	35.0	14960.9	0.0	0.0	[0.0..0.0]	[0.0..0.0]	[0.937..0.937]	[14018.363..14018.363]	[0.243..0.261]	[0.0..0.0]	[0.937..0.937]	[14018.363..14018.363]	[0.243..0.261]	[0.0..0.0]	0.81129444	[11373.0205..11373.0205]
Group-1	PC 38:4:0	303.23	20180509_PC_heart_01.mzXML	25.0	35697.6	1471.4	0.041218456	[5.9..6.0]	[1.0..1.0]	[1.173..1.197]	[41873.285..42730.03]	[0.769..0.773]	[1.0..1.0]	[1.173..1.197]	[41873.285..42730.03]	[0.769..0.773]	[1.0..1.0]	0.81129444	[33971.562..34666.637]
Group-1	PC 38:4:0	303.23	20180509_PC_heart_01.mzXML	30.0	28958.5	2422.4	0.08365074	[5.2..5.2]	[1.0..1.0]	[1.549..1.645]	[44856.72..47636.73]	[0.745..0.756]	[1.0..1.0]	[1.549..1.645]	[44856.72..47636.73]	[0.745..0.756]	[1.0..1.0]	0.81129444	[36392.004..38647.414]
Group-1	PC 38:4:0	303.23	20180509_PC_heart_01.mzXML	35.0	16974.7	2010.9	0.118464544	[5.1..5.3]	[1.0..1.0]	[2.333..2.568]	[39601.973..43591.027]	[0.739..0.757]	[1.0..1.0]	[2.333..2.568]	[39601.973..43591.027]	[0.739..0.757]	[1.0..1.0]	0.81129444	[32128.861..35365.16]
Group-1	PC 38:4:0	305.25	20180509_PC_heart_01.mzXML	25.0	4262.0	0.0	0.0	[5.0..11.0]	[0.0..1.0]	[0.901..1.029]	[3840.062..4385.598]	[0.698..0.704]	[0.99..1.0]	[0.996..1.029]	[4244.952..4385.598]	[0.719..0.725]	[0.993..1.0]	0.81129444	[3115.421..3558.0112]
Group-1	PC 38:4:0	305.25	20180509_PC_heart_01.mzXML	30.0	4926.5	0.0	0.0	[5.0..11.0]	[0.0..1.0]	[0.925..1.213]	[4557.013..5975.845]	[0.699..0.738]	[0.99..1.0]	[1.0..1.213]	[4926.5..5975.8447]	[0.715..0.753]	[0.993..1.0]	0.81129444	[3697.0789..4848.1694]
Group-1	PC 38:4:0	305.25	20180509_PC_heart_01.mzXML	35.0	3636.6	0.0	0.0	[5.0..11.0]	[1.0..1.0]	[1.099..1.57]	[3996.624..5709.463]	[0.702..0.771]	[0.99..1.0]	[1.097..1.57]	[3989.3503..5709.4624]	[0.702..0.771]	[0.993..1.0]	0.81129444	[3242.4385..4632.055]
Group-1	PC 38:4:0	331.26	20180509_PC_heart_01.mzXML	25.0	8946.6	0.0	0.0	[7.0..10.0]	[0.0..1.0]	[0.923..1.046]	[8257.711..9358.144]	[0.723..0.747]	[1.0..1.0]	[1.026..1.046]	[9179.211..9358.144]	[0.743..0.747]	[1.0..1.0]	0.81129444	[6699.4355..7592.2095]
Group-1	PC 38:4:0	331.26	20180509_PC_heart_01.mzXML	30.0	8319.0	0.0	0.0	[7.0..10.0]	[0.0..1.0]	[1.027..1.245]	[8543.612..10357.155]	[0.708..0.747]	[1.0..1.0]	[1.102..1.245]	[9167.538..10357.155]	[0.723..0.747]	[1.0..1.0]	0.81129444	[6931.3853..8402.702]
Group-1	PC 38:4:0	331.26	20180509_PC_heart_01.mzXML	35.0	6233.4	0.0	0.0	[7.0..10.0]	[1.0..1.0]	[1.365..1.711]	[8508.591..10665.347]	[0.701..0.746]	[1.0..1.0]	[1.365..1.711]	[8508.591..10665.347]	[0.701..0.746]	[1.0..1.0]	0.81129444	[6902.972..8652.736]
Group-1	PC 38:5:0	255.23	20180509_PC_heart_01.mzXML	25.0	4796.9	0.0	0.0	[0.0..0.0]	[0.0..0.0]	[1.0..1.0]	[4796.9..4796.9]	[0.237..0.239]	[0.0..0.0]	[1.0..1.0]	[4796.9..4796.9]	[0.237..0.239]	[0.0..0.0]	0.81293565	[3899.571..3899.571]
Group-1	PC 38:5:0	255.23	20180509_PC_heart_01.mzXML	30.0	6154.1	0.0	0.0	[0.0..0.0]	[0.0..0.0]	[1.0..1.0]	[6154.1..6154.1]	[0.262..0.268]	[0.0..0.0]	[1.0..1.0]	[6154.1..6154.1]	[0.262..0.268]	[0.0..0.0]	0.81293565	[5002.887..5002.887]
Group-1	PC 38:5:0	255.23	20180509_PC_heart_01.mzXML	35.0	5255.1	0.0	0.0	[0.0..0.0]	[0.0..0.0]	[1.0..1.0]	[5255.1..5255.1]	[0.248..0.258]	[0.0..0.0]	[1.0..1.0]	[5255.1..5255.1]	[0.248..0.258]	[0.0..0.0]	0.81293565	[4272.058..4272.058]
Group-1	PC 38:5:0	279.23	20180509_PC_heart_01.mzXML	25.0	1557.0	0.0	0.0	[9.0..9.0]	[0.0..1.0]	[0.867..0.957]	[1349.919..1490.049]	[0.477..0.486]	[0.31..0.58]	[0.895..0.919]	[1393.515..1430.883]	[0.5..0.511]	[0.313..0.577]	0.81293565	[1097.3973..1211.314]
Group-1	PC 38:5:0	279.23	20180509_PC_heart_01.mzXML	30.0	1943.9	0.0	0.0	[9.0..9.0]	[0.0..1.0]	[0.883..0.952]	[1716.464..1850.593]	[0.481..0.53]	[0.31..0.58]	[0.904..0.923]	[1757.2856..1794.2197]	[0.496..0.545]	[0.313..0.577]	0.81293565	[1395.3745..1504.413]
Group-1	PC 38:5:0	279.23	20180509_PC_heart_01.mzXML	35.0	1735.3	0.0	0.0	[9.0..9.0]	[0.0..0.0]	[0.951..0.951]	[1650.27..1650.27]	[0.43..0.519]	[0.31..0.58]	[0.951..0.951]	[1650.2703..1650.2703]	[0.444..0.536]	[0.313..0.577]	0.81293565	[1341.5636..1341.5636]
Group-1	PC 38:5:0	281.25	20180509_PC_heart_01.mzXML	25.0	3324.4	0.0	0.0	[9.0..9.0]	[0.0..0.0]	[0.869..0.869]	[2888.904..2888.904]	[0.238..0.251]	[0.0..0.17]	[0.869..0.869]	[2888.9036..2888.9036]	[0.238..0.266]	[0.0..0.172]	0.81293565	[2348.4927..2348.4927]
Group-1	PC 38:5:0	281.25	20180509_PC_heart_01.mzXML	30.0	4115.6	0.0	0.0	[9.0..9.0]	[0.0..0.0]	[0.855..0.855]	[3518.838..3518.838]	[0.276..0.321]	[0.0..0.17]	[0.855..0.855]	[3518.8381..3518.8381]	[0.276..0.333]	[0.0..0.172]	0.81293565	[2860.5889..2860.5889]
Group-1	PC 38:5:0	281.25	20180509_PC_heart_01.mzXML	35.0	4027.3	0.0	0.0	[9.0..9.0]	[0.0..0.0]	[0.868..0.868]	[3495.696..3495.696]	[0.297..0.377]	[0.0..0.17]	[0.868..0.868]	[3495.6963..3495.6963]	[0.297..0.384]	[0.0..0.172]	0.81293565	[2841.7761..2841.7761]
Group-1	PC 38:5:0	303.23	20180509_PC_heart_01.mzXML	25.0	7701.8	0.0	0.0	[5.0..8.0]	[1.0..1.0]	[1.12..1.2]	[8626.016..9242.16]	[0.749..0.762]	[0.83..1.0]	[1.033..1.2]	[7955.959..9242.16]	[0.734..0.762]	[0.828..1.0]	0.81293565	[7012.396..7513.2817]
Group-1	PC 38:5:0	303.23	20180509_PC_heart_01.mzXML	30.0	5560.7	0.0	0.0	[5.0..8.0]	[1.0..1.0]	[1.337..1.656]	[7434.656..9208.52]	[0.679..0.724]	[0.83..1.0]	[1.267..1.656]	[7045.4067..9208.52]	[0.667..0.724]	[0.828..1.0]	0.81293565	[6043.897..7485.9336]
Group-1	PC 38:5:0	303.23	20180509_PC_heart_01.mzXML	35.0	3191.8	0.0	0.0	[5.0..8.0]	[1.0..1.0]	[1.812..2.594]	[5783.542..8279.53]	[0.623..0.703]	[0.83..1.0]	[1.756..2.594]	[5604.801..8279.529]	[0.616..0.703]	[0.828..1.0]	0.81293565	[4701.6475..6730.7246]
Group-1	PC 38:5:0	305.25	20180509_PC_heart_01.mzXML	25.0	1586.3	0.0	0.0	[5.0..11.0]	[0.0..1.0]	[0.901..1.029]	[1429.256..1632.303]	[0.514..0.523]	[0.42..0.69]	[0.839..0.901]	[1330.9058..1429.2563]	[0.489..0.5]	[0.423..0.687]	0.81293565	[1161.8934..1326.9572]
Group-1	PC 38:5:0	305.25	20180509_PC_heart_01.mzXML	30.0	1648.1	0.0	0.0	[5.0..11.0]	[0.0..1.0]	[0.925..1.213]	[1524.493..1999.145]	[0.47..0.519]	[0.42..0.69]	[0.89..1.108]	[1466.809..1826.0948]	[0.455..0.504]	[0.423..0.687]	0.81293565	[1239.3143..1625.1765]
Group-1	PC 38:5:0	305.25	20180509_PC_heart_01.mzXML	35.0	1391.6	0.0	0.0	[5.0..11.0]	[1.0..1.0]	[1.099..1.57]	[1529.368..2184.812]	[0.481..0.57]	[0.42..0.69]	[1.026..1.487]	[1427.7816..2069.309]	[0.464..0.556]	[0.423..0.687]	0.81293565	[1243.2781..1776.1116]
Group-1	PC 38:5:0	329.25	20180509_PC_heart_01.mzXML	25.0	12426.3	668.7	0.053813286	[6.8..6.9]	[1.0..1.0]	[1.231..1.244]	[15296.774..15458.316]	[0.761..0.763]	[1.0..1.0]	[1.231..1.244]	[15296.774..15458.316]	[0.761..0.763]	[1.0..1.0]	0.81293565	[12435.293..12566.616]
Group-1	PC 38:5:0	329.25	20180509_PC_heart_01.mzXML	30.0	9837.3	542.2	0.05511675	[7.0..7.0]	[1.0..1.0]	[1.71..1.76]	[16821.783..17313.648]	[0.732..0.738]	[1.0..1.0]	[1.71..1.76]	[16821.783..17313.648]	[0.732..0.738]	[1.0..1.0]	0.81293565	[13675.027..14074.882]
Group-1	PC 38:5:0	329.25	20180509_PC_heart_01.mzXML	35.0	5284.7	361.1	0.06832933	[7.0..7.0]	[1.0..1.0]	[2.862..3.009]	[15124.812..15901.663]	[0.742..0.752]	[1.0..1.0]	[2.862..3.009]	[15124.812..15901.663]	[0.742..0.752]	[1.0..1.0]	0.81293565	[12295.498..12927.028]
Group-1	PC 38:6:0	279.23	20180509_PC_heart_01.mzXML	25.0	7861.6	0.0	0.0	[9.0..9.0]	[0.0..0.0]	[0.867..0.867]	[6816.008..6816.008]	[0.54..0.557]	[0.6..0.97]	[0.867..0.867]	[6816.0073..6816.0073]	[0.585..0.586]	[0.6..0.97]	0.81459224	[5552.2666..5552.2666]
Group-1	PC 38:6:0	279.23	20180509_PC_heart_01.mzXML	30.0	8857.9	0.0	0.0	[9.0..9.0]	[0.0..0.0]	[0.883..0.883]	[7821.527..7821.527]	[0.548..0.6]	[0.6..0.97]	[0.883..0.883]	[7821.5264..7821.5264]	[0.581..0.622]	[0.6..0.97]	0.81459224	[6371.355..6371.355]
Group-1	PC 38:6:0	279.23	20180509_PC_heart_01.mzXML	35.0	8570.1	0.0	0.0	[9.0..9.0]	[0.0..0.0]	[0.951..0.951]	[8150.165..8150.165]	[0.593..0.676]	[0.6..0.97]	[0.951..0.951]	[8150.1646..8150.1646]	[0.615..0.689]	[0.6..0.97]	0.81459224	[6639.061..6639.061]
Group-1	PC 38:6:0	303.23	20180509_PC_heart_01.mzXML	25.0	4847.8	0.0	0.0	[5.0..8.0]	[1.0..1.0]	[1.12..1.2]	[5429.536..5817.36]	[0.443..0.46]	[0.03..0.4]	[0.994..0.996]	[4818.713..4828.4087]	[0.414..0.415]	[0.03..0.4]	0.81459224	[4422.858..4738.7764]
Group-1	PC 38:6:0	303.23	20180509_PC_heart_01.mzXML	30.0	3899.2	0.0	0.0	[5.0..8.0]	[1.0..1.0]	[1.337..1.656]	[5213.231..6457.075]	[0.4..0.452]	[0.03..0.4]	[1.221..1.449]	[4760.923..5649.941]	[0.378..0.419]	[0.03..0.4]	0.81459224	[4246.657..5259.8833]
Group-1	PC 38:6:0	303.23	20180509_PC_heart_01.mzXML	35.0	2158.9	0.0	0.0	[5.0..8.0]	[1.0..1.0]	[1.812..2.594]	[3911.927..5600.187]	[0.324..0.407]	[0.03..0.4]	[1.703..2.368]	[3676.6064..5112.275]	[0.311..0.385]	[0.03..0.4]	0.81459224	[3186.6252..4561.8687]
Group-1	PC 40:5:0	283.26	20180509_PC_heart_01.mzXML	25.0	1364.7	0.0	0.0	[0.0..0.0]	[0.0..0.0]	[0.968..0.968]	[1321.03..1321.03]	[0.223..0.252]	[0.0..0.0]	[0.968..0.968]	[1321.0295..1321.0295]	[0.223..0.252]	[0.0..0.0]	0.7906781	[1044.5092..1044.5092]
Group-1	PC 40:5:0	283.26	20180509_PC_heart_01.mzXML	30.0	1554.6	0.0	0.0	[0.0..0.0]	[0.0..0.0]	[0.945..0.945]	[1469.097..1469.097]	[0.181..0.241]	[0.0..0.0]	[0.945..0.945]	[1469.0969..1469.0969]	[0.181..0.241]	[0.0..0.0]	0.7906781	[1161.5828..1161.5828]
Group-1	PC 40:5:0	283.26	20180509_PC_heart_01.mzXML	35.0	1597.1	0.0	0.0	[0.0..0.0]	[0.0..0.0]	[0.937..0.937]	[1496.483..1496.483]	[0.177..0.275]	[0.0..0.0]	[0.937..0.937]	[1496.4827..1496.4827]	[0.177..0.275]	[0.0..0.0]	0.7906781	[1183.2361..1183.2361]
Group-1	PC 40:5:0	329.25	20180509_PC_heart_01.mzXML	25.0	3190.8	0.0	0.0	[4.0..7.0]	[1.0..1.0]	[1.231..1.439]	[3927.875..4591.562]	[0.748..0.777]	[1.0..1.0]	[1.231..1.439]	[3927.8748..4591.5615]	[0.748..0.777]	[1.0..1.0]	0.7906781	[3105.6846..3630.447]
Group-1	PC 40:5:0	329.25	20180509_PC_heart_01.mzXML	30.0	2705.5	0.0	0.0	[4.0..7.0]	[1.0..1.0]	[1.71..2.463]	[4626.406..6663.647]	[0.759..0.819]	[1.0..1.0]	[1.71..2.463]	[4626.4053..6663.6465]	[0.759..0.819]	[1.0..1.0]	0.7906781	[3657.9968..5268.7993]
Group-1	PC 40:5:0	329.25	20180509_PC_heart_01.mzXML	35.0	1378.4	0.0	0.0	[4.0..7.0]	[1.0..1.0]	[2.862..5.065]	[3944.981..6981.596]	[0.725..0.823]	[1.0..1.0]	[2.862..5.065]	[3944.981..6981.596]	[0.725..0.823]	[1.0..1.0]	0.7906781	[3119.21..5520.1953]
Group-1	PC 44:0:0	339.32	20180509_PC_heart_01.mzXML	25.0	383698.1	0.0	0.0	[0.0..0.0]	[0.5..0.5]	[0.977..0.977]	[374873.03..374873.03]	[0.5..0.5]	[0.5..0.5]	[0.977..0.977]	[374873.03..374873.03]	[0.5..0.5]	[0.5..0.5]	0.7430324	[278542.8..278542.8]
Group-1	PC 44:0:0	339.32	20180509_PC_heart_01.mzXML	30.0	478095.8	0.0	0.0	[0.0..0.0]	[0.5..0.5]	[0.907..0.907]	[433632.9..433632.9]	[0.5..0.5]	[0.5..0.5]	[0.907..0.907]	[433632.9..433632.9]	[0.5..0.5]	[0.5..0.5]	0.7430324	[322203.3..322203.3]
Group-1	PC 44:0:0	339.32	20180509_PC_heart_01.mzXML	35.0	484807.5	0.0	0.0	[0.0..0.0]	[0.5..0.5]	[0.88..0.88]	[426630.6..426630.6]	[0.5..0.5]	[0.5..0.5]	[0.88..0.88]	[426630.6..426630.6]	[0.5..0.5]	[0.5..0.5]	0.7430324	[317000.38..317000.38]
Group-1	PC 44:12:0	327.23	20180509_PC_heart_01.mzXML	25.0	186752.6	71637.7	0.38359684	[4.0..4.0]	[0.5..0.5]	[2.062..2.062]	[385083.84..385083.84]	[0.5..0.5]	[0.5..0.5]	[2.062..2.062]	[385083.84..385083.84]	[0.5..0.5]	[0.5..0.5]	0.75972176	[292556.6..292556.6]
Group-1	PC 44:12:0	327.23	20180509_PC_heart_01.mzXML	30.0	81484.5	50452.7	0.6191693	[4.0..4.0]	[0.5..0.5]	[4.625..4.625]	[376865.8..376865.8]	[0.5..0.5]	[0.5..0.5]	[4.625..4.625]	[376865.8..376865.8]	[0.5..0.5]	[0.5..0.5]	0.75972176	[286313.16..286313.16]
Group-1	PC 44:12:0	327.23	20180509_PC_heart_01.mzXML	35.0	26730.1	23290.3	0.87131363	[4.0..4.0]	[0.5..0.5]	[12.705..12.705]	[339605.9..339605.9]	[0.5..0.5]	[0.5..0.5]	[12.705..12.705]	[339605.9..339605.9]	[0.5..0.5]	[0.5..0.5]	0.75972176	[258005.98..258005.98]
Group-1	PC 24:0:0	199.17	20180509_PC_heart_02.mzXML	25.0	390045.0	0.0	0.0	[0.0..0.0]	[0.5..0.5]	[1.101..1.101]	[429439.53..429439.53]	[0.5..0.5]	[0.5..0.5]	[1.101..1.101]	[429439.53..429439.53]	[0.5..0.5]	[0.5..0.5]	1.004296	[431284.38..431284.38]
Group-1	PC 24:0:0	199.17	20180509_PC_heart_02.mzXML	30.0	394258.0	0.0	0.0	[0.0..0.0]	[0.5..0.5]	[1.156..1.156]	[455762.25..455762.25]	[0.5..0.5]	[0.5..0.5]	[1.156..1.156]	[455762.25..455762.25]	[0.5..0.5]	[0.5..0.5]	1.004296	[457720.2..457720.2]
Group-1	PC 24:0:0	199.17	20180509_PC_heart_02.mzXML	35.0	384785.7	0.0	0.0	[0.0..0.0]	[0.5..0.5]	[1.179..1.179]	[453662.34..453662.34]	[0.5..0.5]	[0.5..0.5]	[1.179..1.179]	[453662.34..453662.34]	[0.5..0.5]	[0.5..0.5]	1.004296	[455611.25..455611.25]
Group-1	PC 25:0:0	199.17	20180509_PC_heart_02.mzXML	25.0	112379.9	0.0	0.0	[0.0..0.0]	[0.0..1.0]	[1.088..1.096]	[122269.336..123168.37]	[0.276..0.276]	[0.0..0.0]	[1.088..1.088]	[122269.336..122269.336]	[0.274..0.274]	[0.0..0.0]	0.98652405	[120621.63..121508.55]
Group-1	PC 25:0:0	199.17	20180509_PC_heart_02.mzXML	30.0	123551.6	0.0	0.0	[0.0..0.0]	[0.0..1.0]	[1.149..1.152]	[141960.8..142331.44]	[0.283..0.284]	[0.0..0.0]	[1.149..1.149]	[141960.8..141960.8]	[0.283..0.283]	[0.0..0.0]	0.98652405	[140047.73..140413.39]
Group-1	PC 25:0:0	199.17	20180509_PC_heart_02.mzXML	35.0	108336.5	0.0	0.0	[0.0..0.0]	[0.0..1.0]	[1.172..1.175]	[126970.38..127295.38]	[0.296..0.296]	[0.0..0.0]	[1.172..1.172]	[126970.38..126970.38]	[0.295..0.295]	[0.0..0.0]	0.98652405	[125259.336..125579.95]
Group-1	PC 25:0:0	213.18	20180509_PC_heart_02.mzXML	25.0	303013.4	0.0	0.0	[0.0..0.0]	[0.0..1.0]	[1.058..1.068]	[320588.2..323618.3]	[0.724..0.724]	[1.0..1.0]	[1.068..1.068]	[323618.3..323618.3]	[0.726..0.726]	[1.0..1.0]	0.98652405	[316267.94..319257.22]
Group-1	PC 25:0:0	213.18	20180509_PC_heart_02.mzXML	30.0	325259.1	0.0	0.0	[0.0..0.0]	[0.0..1.0]	[1.102..1.108]	[358435.53..360387.1]	[0.716..0.717]	[1.0..1.0]	[1.108..1.108]	[360387.1..360387.1]	[0.717..0.717]	[1.0..1.0]	0.98652405	[353605.25..355530.53]
Group-1	PC 25:0:0	213.18	20180509_PC_heart_02.mzXML	35.0	269902.5	0.0	0.0	[0.0..0.0]	[0.0..1.0]	[1.12..1.124]	[302290.8..303370.4]	[0.704..0.704]	[1.0..1.0]	[1.124..1.124]	[303370.4..303370.4]	[0.705..0.705]	[1.0..1.0]	0.98652405	[298217.16..299282.2]
Group-1	PC 32:0:0	255.23	20180509_PC_heart_02.mzXML	25.0	36383.8	0.0	0.0	[0.0..0.0]	[0.5..0.5]	[1.0..1.0]	[36383.8..36383.8]	[0.5..0.5]	[0.5..0.5]	[1.0..1.0]	[36383.8..36383.8]	[0.5..0.5]	[0.5..0.5]	0.87883294	[31975.283..31975.283]
Group-1	PC 32:0:0	255.23	20180509_PC_heart_02.mzXML	30.0	40845.5	0.0	0.0	[0.0..0.0]	[0.5..0.5]	[1.0..1.0]	[40845.5..40845.5]	[0.5..0.5]	[0.5..0.5]	[1.0..1.0]	[40845.5..40845.5]	[0.5..0.5]	[0.5..0.5]	0.87883294	[35896.37..35896.37]
Group-1	PC 32:0:0	255.23	20180509_PC_heart_02.mzXML	35.0	38646.7	0.0	0.0	[0.0..0.0]	[0.5..0.5]	[1.0..1.0]	[38646.7..38646.7]	[0.5..0.5]	[0.5..0.5]	[1.0..1.0]	[38646.7..38646.7]	[0.5..0.5]	[0.5..0.5]	0.87883294	[33963.992..33963.992]
Group-1	PC 32:1:0	227.2	20180509_PC_heart_02.mzXML	25.0	592.0	0.0	0.0	[0.0..0.0]	[0.0..0.0]	[1.042..1.042]	[616.864..616.864]	[0.174..0.174]	[0.0..0.0]	[1.042..1.042]	[616.864..616.864]	[0.174..0.174]	[0.0..0.0]	0.8807945	[543.33044..543.33044]
Group-1	PC 32:1:0	227.2	20180509_PC_heart_02.mzXML	30.0	702.1	0.0	0.0	[0.0..0.0]	[0.0..0.0]	[1.068..1.068]	[749.843..749.843]	[0.165..0.165]	[0.0..0.0]	[1.068..1.068]	[749.8428..749.8428]	[0.165..0.165]	[0.0..0.0]	0.8807945	[660.4574..660.4574]
Group-1	PC 32:1:0	227.2	20180509_PC_heart_02.mzXML	35.0	550.3	0.0	0.0	[0.0..0.0]	[0.0..0.0]	[1.078..1.078]	[593.223..593.223]	[0.159..0.159]	[0.0..0.0]	[1.078..1.078]	[593.2234..593.2234]	[0.159..0.159]	[0.0..0.0]	0.8807945	[522.5079..522.5079]
Group-1	PC 32:1:0	253.22	20180509_PC_heart_02.mzXML	25.0	12321.0	0.0	0.0	[9.0..9.0]	[0.0..1.0]	[0.901..0.981]	[11101.222..12086.901]	[0.641..0.66]	[0.8..0.9]	[0.965..0.973]	[11889.765..11988.333]	[0.656..0.658]	[0.804..0.899]	0.8807945	[9777.8955..10646.076]
Group-1	PC 32:1:0	253.22	20180509_PC_heart_02.mzXML	30.0	12420.6	0.0	0.0	[9.0..9.0]	[0.0..1.0]	[0.912..0.97]	[11327.587..12047.982]	[0.639..0.653]	[0.8..0.9]	[0.958..0.964]	[11898.935..11973.458]	[0.65..0.651]	[0.804..0.899]	0.8807945	[9977.276..10611.797]
Group-1	PC 32:1:0	253.22	20180509_PC_heart_02.mzXML	35.0	12222.6	0.0	0.0	[9.0..9.0]	[0.0..1.0]	[0.936..0.967]	[11440.354..11819.254]	[0.614..0.621]	[0.8..0.9]	[0.961..0.964]	[11745.919..11782.586]	[0.62..0.621]	[0.804..0.899]	0.8807945	[10076.601..10410.334]
Group-1	PC 32:1:0	255.23	20180509_PC_heart_02.mzXML	25.0	6229.6	0.0	0.0	[0.0..0.0]	[0.0..1.0]	[1.0..1.0]	[6229.6..6229.6]	[0.34..0.359]	[0.1..0.2]	[1.0..1.0]	[6229.6..6229.6]	[0.342..0.344]	[0.101..0.196]	0.8807945	[5486.9976..5486.9976]
Group-1	PC 32:1:0	255.23	20180509_PC_heart_02.mzXML	30.0	6410.1	0.0	0.0	[0.0..0.0]	[0.0..1.0]	[1.0..1.0]	[6410.1..6410.1]	[0.347..0.361]	[0.1..0.2]	[1.0..1.0]	[6410.1..6410.1]	[0.349..0.35]	[0.101..0.196]	0.8807945	[5645.981..5645.981]
Group-1	PC 32:1:0	255.23	20180509_PC_heart_02.mzXML	35.0	7200.0	0.0	0.0	[0.0..0.0]	[0.0..1.0]	[1.0..1.0]	[7200.0..7200.0]	[0.379..0.386]	[0.1..0.2]	[1.0..1.0]	[7200.0..7200.0]	[0.379..0.38]	[0.101..0.196]	0.8807945	[6341.7207..6341.7207]
Group-1	PC 32:1:0	281.25	20180509_PC_heart_02.mzXML	25.0	3036.2	0.0	0.0	[9.0..9.0]	[1.0..1.0]	[0.964..0.964]	[2926.897..2926.897]	[0.826..0.826]	[1.0..1.0]	[0.964..0.964]	[2926.8967..2926.8967]	[0.826..0.826]	[1.0..1.0]	0.8807945	[2577.9946..2577.9946]
Group-1	PC 32:1:0	281.25	20180509_PC_heart_02.mzXML	30.0	4088.7	0.0	0.0	[9.0..9.0]	[1.0..1.0]	[0.926..0.926]	[3786.136..3786.136]	[0.835..0.835]	[1.0..1.0]	[0.926..0.926]	[3786.1362..3786.1362]	[0.835..0.835]	[1.0..1.0]	0.8807945	[3334.8079..3334.8079]
Group-1	PC 32:1:0	281.25	20180509_PC_heart_02.mzXML	35.0	3433.5	0.0	0.0	[9.0..9.0]	[1.0..1.0]	[0.913..0.913]	[3134.786..3134.786]	[0.841..0.841]	[1.0..1.0]	[0.913..0.913]	[3134.7854..3134.7854]	[0.841..0.841]	[1.0..1.0]	0.8807945	[2761.1018..2761.1018]
Group-1	PC 32:2:0	227.2	20180509_PC_heart_02.mzXML	25.0	975.1	0.0	0.0	[0.0..0.0]	[0.0..0.0]	[1.042..1.042]	[1016.054..1016.054]	[0.036..0.036]	[0.0..0.0]	[1.042..1.042]	[1016.0542..1016.0542]	[0.036..0.036]	[0.0..0.0]	0.8827558	[896.92773..896.92773]
Group-1	PC 32:2:0	227.2	20180509_PC_heart_02.mzXML	30.0	1169.1	0.0	0.0	[0.0..0.0]	[0.0..0.0]	[1.068..1.068]	[1248.599..1248.599]	[0.037..0.037]	[0.0..0.0]	[1.068..1.068]	[1248.5988..1248.5988]	[0.037..0.037]	[0.0..0.0]	0.8827558	[1102.2078..1102.2078]
Group-1	PC 32:2:0	227.2	20180509_PC_heart_02.mzXML	35.0	1071.3	0.0	0.0	[0.0..0.0]	[0.0..0.0]	[1.078..1.078]	[1154.862..1154.862]	[0.035..0.035]	[0.0..0.0]	[1.078..1.078]	[1154.8615..1154.8615]	[0.035..0.035]	[0.0..0.0]	0.8827558	[1019.46063..1019.46063]
Group-1	PC 32:2:0	253.22	20180509_PC_heart_02.mzXML	25.0	595.8	0.0	0.0	[9.0..9.0]	[0.5..0.5]	[0.905..0.905]	[539.199..539.199]	[0.5..0.5]	[0.5..0.5]	[0.905..0.905]	[539.199..539.199]	[0.5..0.5]	[0.5..0.5]	0.8827558	[475.98105..475.98105]
Group-1	PC 32:2:0	253.22	20180509_PC_heart_02.mzXML	30.0	893.6	0.0	0.0	[9.0..9.0]	[0.5..0.5]	[0.907..0.907]	[810.495..810.495]	[0.5..0.5]	[0.5..0.5]	[0.907..0.907]	[810.4952..810.4952]	[0.5..0.5]	[0.5..0.5]	0.8827558	[715.4693..715.4693]
Group-1	PC 32:2:0	253.22	20180509_PC_heart_02.mzXML	35.0	560.9	0.0	0.0	[9.0..9.0]	[0.5..0.5]	[0.911..0.911]	[510.98..510.98]	[0.5..0.5]	[0.5..0.5]	[0.911..0.911]	[510.97992..510.97992]	[0.5..0.5]	[0.5..0.5]	0.8827558	[451.0705..451.0705]
Group-1	PC 32:2:0	279.23	20180509_PC_heart_02.mzXML	25.0	28414.0	0.0	0.0	[9.0..9.0]	[1.0..1.0]	[0.957..0.957]	[27192.2..27192.2]	[0.964..0.964]	[1.0..1.0]	[0.957..0.957]	[27192.2..27192.2]	[0.964..0.964]	[1.0..1.0]	0.8827558	[24004.07..24004.07]
Group-1	PC 32:2:0	279.23	20180509_PC_heart_02.mzXML	30.0	33921.5	0.0	0.0	[9.0..9.0]	[1.0..1.0]	[0.952..0.952]	[32293.27..32293.27]	[0.963..0.963]	[1.0..1.0]	[0.952..0.952]	[32293.27..32293.27]	[0.963..0.963]	[1.0..1.0]	0.8827558	[28507.072..28507.072]
Group-1	PC 32:2:0	279.23	20180509_PC_heart_02.mzXML	35.0	31802.8	0.0	0.0	[9.0..9.0]	[1.0..1.0]	[0.994..0.994]	[31611.984..31611.984]	[0.965..0.965]	[1.0..1.0]	[0.994..0.994]	[31611.984..31611.984]	[0.965..0.965]	[1.0..1.0]	0.8827558	[27905.664..27905.664]
Group-1	PC 34:1:0	253.22	20180509_PC_heart_02.mzXML	25.0	1625.0	0.0	0.0	[9.0..9.0]	[0.0..1.0]	[0.901..0.981]	[1464.125..1594.125]	[0.636..0.651]	[0.84..1.0]	[0.968..0.981]	[1573.0..1594.125]	[0.653..0.655]	[0.839..1.0]	0.854385	[1250.9265..1361.9965]
Group-1	PC 34:1:0	253.22	20180509_PC_heart_02.mzXML	30.0	2754.9	0.0	0.0	[9.0..9.0]	[0.0..1.0]	[0.912..0.97]	[2512.469..2672.253]	[1.0..1.0]	[0.84..1.0]	[0.961..0.97]	[2647.459..2672.253]	[1.0..1.0]	[0.839..1.0]	0.854385	[2146.6155..2283.1328]
Group-1	PC 34:1:0	253.22	20180509_PC_heart_02.mzXML	35.0	2158.4	0.0	0.0	[9.0..9.0]	[0.0..1.0]	[0.936..0.967]	[2020.262..2087.173]	[1.0..1.0]	[0.84..1.0]	[0.962..0.967]	[2076.3806..2087.1726]	[1.0..1.0]	[0.839..1.0]	0.854385	[1726.0818..1783.249]
Group-1	PC 34:1:0	255.23	20180509_PC_heart_02.mzXML	25.0	97424.8	0.0	0.0	[0.0..0.0]	[0.0..0.0]	[1.0..1.0]	[97424.8..97424.8]	[0.262..0.262]	[0.0..0.0]	[1.0..1.0]	[97424.8..97424.8]	[0.262..0.262]	[0.0..0.0]	0.854385	[83238.29..83238.29]
Group-1	PC 34:1:0	255.23	20180509_PC_heart_02.mzXML	30.0	124559.5	0.0	0.0	[0.0..0.0]	[0.0..1.0]	[1.0..1.0]	[124559.51..124559.51]	[0.277..0.293]	[0.0..0.0]	[1.0..1.0]	[124559.5..124559.5]	[0.277..0.277]	[0.0..0.0]	0.854385	[106421.77..106421.77]
Group-1	PC 34:1:0	255.23	20180509_PC_heart_02.mzXML	35.0	121596.1	0.0	0.0	[0.0..0.0]	[1.0..1.0]	[1.0..1.0]	[121596.1..121596.1]	[0.302..0.302]	[0.0..0.0]	[1.0..1.0]	[121596.1..121596.1]	[0.302..0.302]	[0.0..0.0]	0.854385	[103889.89..103889.89]
Group-1	PC 34:1:0	281.25	20180509_PC_heart_02.mzXML	25.0	285347.0	0.0	0.0	[9.0..9.0]	[1.0..1.0]	[0.964..0.964]	[275074.5..275074.5]	[0.738..0.738]	[1.0..1.0]	[0.964..0.964]	[275074.5..275074.5]	[0.738..0.738]	[1.0..1.0]	0.854385	[235019.53..235019.53]
Group-1	PC 34:1:0	281.25	20180509_PC_heart_02.mzXML	30.0	351534.5	0.0	0.0	[9.0..9.0]	[0.0..1.0]	[0.855..0.926]	[300561.97..325520.94]	[0.707..0.723]	[1.0..1.0]	[0.926..0.926]	[325520.94..325520.94]	[0.723..0.723]	[1.0..1.0]	0.854385	[256795.67..278120.22]
Group-1	PC 34:1:0	281.25	20180509_PC_heart_02.mzXML	35.0	323842.8	0.0	0.0	[9.0..9.0]	[0.0..0.0]	[0.868..0.868]	[281095.56..281095.56]	[0.698..0.698]	[1.0..1.0]	[0.868..0.868]	[281095.56..281095.56]	[0.698..0.698]	[1.0..1.0]	0.854385	[240163.81..240163.81]
Group-1	PC 34:1:0	283.26	20180509_PC_heart_02.mzXML	25.0	864.4	0.0	0.0	[0.0..0.0]	[0.0..1.0]	[0.968..0.988]	[836.739..854.027]	[0.349..0.364]	[0.0..0.16]	[0.968..0.971]	[836.7392..839.33246]	[0.345..0.347]	[0.0..0.161]	0.854385	[714.89746..729.6681]
Group-1	PC 34:1:0	283.26	20180509_PC_heart_02.mzXML	30.0	0.0	0.0	0.0	[0.0..0.0]	[0.0..1.0]	[0.945..0.958]	[0.0..0.0]	[0.0..0.0]	[0.0..0.16]	[0.945..0.947]	[0.0..0.0]	[0.0..0.0]	[0.0..0.161]	0.854385	[0.0..0.0]
Group-1	PC 34:1:0	283.26	20180509_PC_heart_02.mzXML	35.0	0.0	0.0	0.0	[0.0..0.0]	[0.0..1.0]	[0.937..0.945]	[0.0..0.0]	[0.0..0.0]	[0.0..0.16]	[0.937..0.938]	[0.0..0.0]	[0.0..0.0]	[0.0..0.161]	0.854385	[0.0..0.0]
Group-1	PC 34:2:0	255.23	20180509_PC_heart_02.mzXML	25.0	361325.0	0.0	0.0	[0.0..0.0]	[0.6..0.6]	[1.0..1.0]	[361325.0..361325.0]	[0.253..0.253]	[0.0..0.0]	[1.0..1.0]	[361325.0..361325.0]	[0.253..0.253]	[0.0..0.0]	0.8562302	[309377.38..309377.38]
Group-1	PC 34:2:0	255.23	20180509_PC_heart_02.mzXML	30.0	466392.6	0.0	0.0	[0.0..0.0]	[0.0..0.6]	[1.0..1.0]	[466392.6..466392.6]	[0.259..0.267]	[0.0..0.0]	[1.0..1.0]	[466392.6..466392.6]	[0.259..0.259]	[0.0..0.0]	0.8562302	[399339.44..399339.44]
Group-1	PC 34:2:0	255.23	20180509_PC_heart_02.mzXML	35.0	407245.4	0.0	0.0	[0.0..0.0]	[0.0..0.0]	[1.0..1.0]	[407245.4..407245.4]	[0.27..0.27]	[0.0..0.0]	[1.0..1.0]	[407245.4..407245.4]	[0.27..0.27]	[0.0..0.0]	0.8562302	[348695.8..348695.8]
Group-1	PC 34:2:0	279.23	20180509_PC_heart_02.mzXML	25.0	1183169.2	0.0	0.0	[9.0..9.0]	[0.4..0.4]	[0.903..0.903]	[1068401.9..1068401.9]	[0.747..0.747]	[1.0..1.0]	[0.903..0.903]	[1068401.9..1068401.9]	[0.747..0.747]	[1.0..1.0]	0.8562302	[914797.94..914797.94]
Group-1	PC 34:2:0	279.23	20180509_PC_heart_02.mzXML	30.0	1403070.9	0.0	0.0	[9.0..9.0]	[0.4..1.0]	[0.911..0.952]	[1278197.6..1335723.5]	[0.733..0.741]	[1.0..1.0]	[0.952..0.952]	[1335723.5..1335723.5]	[0.741..0.741]	[1.0..1.0]	0.8562302	[1094431.4..1143686.8]
Group-1	PC 34:2:0	279.23	20180509_PC_heart_02.mzXML	35.0	1110000.9	0.0	0.0	[9.0..9.0]	[1.0..1.0]	[0.994..0.994]	[1103340.9..1103340.9]	[0.73..0.73]	[1.0..1.0]	[0.994..0.994]	[1103340.9..1103340.9]	[0.73..0.73]	[1.0..1.0]	0.8562302	[944713.75..944713.75]
Group-1	PC 34:3:0	253.22	20180509_PC_heart_02.mzXML	25.0	4149.0	0.0	0.0	[9.0..9.0]	[0.0..0.0]	[0.901..0.901]	[3738.249..3738.249]	[0.019..0.019]	[0.0..0.0]	[0.901..0.901]	[3738.249..3738.249]	[0.019..0.019]	[0.0..0.0]	0.85807484	[3207.6975..3207.6975]
Group-1	PC 34:3:0	253.22	20180509_PC_heart_02.mzXML	30.0	4469.8	0.0	0.0	[9.0..9.0]	[0.0..0.0]	[0.912..0.912]	[4076.458..4076.458]	[0.017..0.017]	[0.0..0.0]	[0.912..0.912]	[4076.4575..4076.4575]	[0.017..0.017]	[0.0..0.0]	0.85807484	[3497.9058..3497.9058]
Group-1	PC 34:3:0	253.22	20180509_PC_heart_02.mzXML	35.0	4223.9	0.0	0.0	[9.0..9.0]	[0.0..0.0]	[0.936..0.936]	[3953.57..3953.57]	[0.018..0.018]	[0.0..0.0]	[0.936..0.936]	[3953.5703..3953.5703]	[0.018..0.018]	[0.0..0.0]	0.85807484	[3392.4592..3392.4592]
Group-1	PC 34:3:0	255.23	20180509_PC_heart_02.mzXML	25.0	4639.0	0.0	0.0	[0.0..0.0]	[0.0..1.0]	[1.0..1.0]	[4639.0..4639.0]	[0.241..0.264]	[0.0..0.0]	[1.0..1.0]	[4639.0..4639.0]	[0.241..0.245]	[0.0..0.0]	0.85807484	[3980.6091..3980.6091]
Group-1	PC 34:3:0	255.23	20180509_PC_heart_02.mzXML	30.0	5740.4	0.0	0.0	[0.0..0.0]	[0.0..1.0]	[1.0..1.0]	[5740.4..5740.4]	[0.245..0.282]	[0.0..0.0]	[1.0..1.0]	[5740.4..5740.4]	[0.245..0.266]	[0.0..0.0]	0.85807484	[4925.693..4925.693]
Group-1	PC 34:3:0	255.23	20180509_PC_heart_02.mzXML	35.0	5461.1	0.0	0.0	[0.0..0.0]	[0.0..0.0]	[1.0..1.0]	[5461.1..5461.1]	[0.241..0.28]	[0.0..0.0]	[1.0..1.0]	[5461.1..5461.1]	[0.241..0.28]	[0.0..0.0]	0.85807484	[4686.0327..4686.0327]
Group-1	PC 34:3:0	277.22	20180509_PC_heart_02.mzXML	25.0	13799.6	0.0	0.0	[6.0..9.0]	[0.0..1.0]	[0.938..1.061]	[12944.024..14641.375]	[0.736..0.759]	[1.0..1.0]	[1.035..1.061]	[14282.585..14641.375]	[0.755..0.759]	[1.0..1.0]	0.85807484	[11106.941..12563.3955]
Group-1	PC 34:3:0	277.22	20180509_PC_heart_02.mzXML	30.0	14246.1	0.0	0.0	[6.0..9.0]	[0.0..1.0]	[1.028..1.242]	[14644.99..17693.656]	[0.718..0.755]	[1.0..1.0]	[1.111..1.242]	[15827.416..17693.656]	[0.734..0.755]	[1.0..1.0]	0.85807484	[12566.498..15182.48]
Group-1	PC 34:3:0	277.22	20180509_PC_heart_02.mzXML	35.0	10913.0	0.0	0.0	[6.0..9.0]	[1.0..1.0]	[1.286..1.572]	[14034.118..17155.236]	[0.72..0.759]	[1.0..1.0]	[1.286..1.572]	[14034.118..17155.236]	[0.72..0.759]	[1.0..1.0]	0.85807484	[12042.324..14720.477]
Group-1	PC 34:3:0	279.23	20180509_PC_heart_02.mzXML	25.0	202689.5	0.0	0.0	[9.0..9.0]	[1.0..1.0]	[0.957..0.957]	[193973.86..193973.86]	[0.981..0.981]	[1.0..1.0]	[0.957..0.957]	[193973.86..193973.86]	[0.981..0.981]	[1.0..1.0]	0.85807484	[166444.1..166444.1]
Group-1	PC 34:3:0	279.23	20180509_PC_heart_02.mzXML	30.0	244592.2	0.0	0.0	[9.0..9.0]	[1.0..1.0]	[0.952..0.952]	[232851.78..232851.78]	[0.983..0.983]	[1.0..1.0]	[0.952..0.952]	[232851.78..232851.78]	[0.983..0.983]	[1.0..1.0]	0.85807484	[199804.27..199804.27]
Group-1	PC 34:3:0	279.23	20180509_PC_heart_02.mzXML	35.0	213492.1	0.0	0.0	[9.0..9.0]	[1.0..1.0]	[0.994..0.994]	[212211.14..212211.14]	[0.982..0.982]	[1.0..1.0]	[0.994..0.994]	[212211.14..212211.14]	[0.982..0.982]	[1.0..1.0]	0.85807484	[182093.03..182093.03]
Group-1	PC 36:1:0	255.23	20180509_PC_heart_02.mzXML	25.0	1748.8	0.0	0.0	[0.0..0.0]	[0.0..0.0]	[1.0..1.0]	[1748.8..1748.8]	[0.541..0.541]	[0.5..0.64]	[1.0..1.0]	[1748.8..1748.8]	[0.541..0.541]	[0.503..0.639]	0.8296408	[1450.8759..1450.8759]
Group-1	PC 36:1:0	255.23	20180509_PC_heart_02.mzXML	30.0	2122.5	0.0	0.0	[0.0..0.0]	[0.0..0.0]	[1.0..1.0]	[2122.5..2122.5]	[0.554..0.554]	[0.5..0.64]	[1.0..1.0]	[2122.5..2122.5]	[0.554..0.554]	[0.503..0.639]	0.8296408	[1760.9126..1760.9126]
Group-1	PC 36:1:0	255.23	20180509_PC_heart_02.mzXML	35.0	1490.7	0.0	0.0	[0.0..0.0]	[0.0..0.0]	[1.0..1.0]	[1490.7..1490.7]	[0.501..0.501]	[0.5..0.64]	[1.0..1.0]	[1490.7..1490.7]	[0.501..0.501]	[0.503..0.639]	0.8296408	[1236.7455..1236.7455]
Group-1	PC 36:1:0	281.25	20180509_PC_heart_02.mzXML	25.0	74589.1	0.0	0.0	[9.0..9.0]	[0.0..1.0]	[0.869..0.964]	[64817.93..71903.89]	[0.736..0.752]	[1.0..1.0]	[0.964..0.964]	[71903.89..71903.89]	[0.756..0.756]	[1.0..1.0]	0.8296408	[53775.6..59654.406]
Group-1	PC 36:1:0	281.25	20180509_PC_heart_02.mzXML	30.0	89099.7	0.0	0.0	[9.0..9.0]	[0.0..1.0]	[0.855..0.926]	[76180.25..82506.33]	[0.722..0.735]	[1.0..1.0]	[0.926..0.926]	[82506.33..82506.33]	[0.737..0.737]	[1.0..1.0]	0.8296408	[63202.242..68450.62]
Group-1	PC 36:1:0	281.25	20180509_PC_heart_02.mzXML	35.0	77490.8	0.0	0.0	[9.0..9.0]	[0.0..1.0]	[0.868..0.913]	[67262.01..70749.09]	[0.708..0.717]	[1.0..1.0]	[0.913..0.913]	[70749.09..70749.09]	[0.719..0.719]	[1.0..1.0]	0.8296408	[55803.31..58696.336]
Group-1	PC 36:1:0	283.26	20180509_PC_heart_02.mzXML	25.0	24031.3	0.0	0.0	[0.0..0.0]	[0.0..1.0]	[0.968..0.988]	[23262.299..23742.924]	[0.248..0.264]	[0.0..0.0]	[0.968..0.968]	[23262.299..23262.299]	[0.244..0.244]	[0.0..0.0]	0.8296408	[19299.352..19698.1]
Group-1	PC 36:1:0	283.26	20180509_PC_heart_02.mzXML	30.0	31092.1	0.0	0.0	[0.0..0.0]	[0.0..1.0]	[0.945..0.958]	[29382.033..29786.232]	[0.265..0.278]	[0.0..0.0]	[0.945..0.945]	[29382.033..29382.033]	[0.263..0.263]	[0.0..0.0]	0.8296408	[24376.535..24711.873]
Group-1	PC 36:1:0	283.26	20180509_PC_heart_02.mzXML	35.0	29581.2	0.0	0.0	[0.0..0.0]	[0.0..1.0]	[0.937..0.945]	[27717.582..27954.232]	[0.283..0.292]	[0.0..0.0]	[0.937..0.937]	[27717.582..27717.582]	[0.281..0.281]	[0.0..0.0]	0.8296408	[22995.637..23191.973]
Group-1	PC 36:1:0	309.28	20180509_PC_heart_02.mzXML	25.0	1540.4	0.0	0.0	[11.0..11.0]	[1.0..1.0]	[0.963..0.963]	[1483.405..1483.405]	[0.459..0.459]	[0.36..0.5]	[0.963..0.963]	[1483.4053..1483.4053]	[0.459..0.459]	[0.361..0.497]	0.8296408	[1230.6936..1230.6936]
Group-1	PC 36:1:0	309.28	20180509_PC_heart_02.mzXML	30.0	1913.7	0.0	0.0	[11.0..11.0]	[1.0..1.0]	[0.894..0.894]	[1710.848..1710.848]	[0.446..0.446]	[0.36..0.5]	[0.894..0.894]	[1710.8478..1710.8478]	[0.446..0.446]	[0.361..0.497]	0.8296408	[1419.3892..1419.3892]
Group-1	PC 36:1:0	309.28	20180509_PC_heart_02.mzXML	35.0	1723.2	0.0	0.0	[11.0..11.0]	[1.0..1.0]	[0.861..0.861]	[1483.675..1483.675]	[0.499..0.499]	[0.36..0.5]	[0.861..0.861]	[1483.6752..1483.6752]	[0.499..0.499]	[0.361..0.497]	0.8296408	[1230.9175..1230.9175]
Group-1	PC 36:2:0	255.23	20180509_PC_heart_02.mzXML	25.0	2625.9	0.0	0.0	[0.0..0.0]	[0.0..0.0]	[1.0..1.0]	[2625.9..2625.9]	[0.314..0.314]	[0.0..0.13]	[1.0..1.0]	[2625.9..2625.9]	[0.314..0.314]	[0.0..0.126]	0.8313721	[2183.0999..2183.0999]
Group-1	PC 36:2:0	255.23	20180509_PC_heart_02.mzXML	30.0	2713.5	0.0	0.0	[0.0..0.0]	[0.0..0.0]	[1.0..1.0]	[2713.5..2713.5]	[0.272..0.272]	[0.0..0.13]	[1.0..1.0]	[2713.5..2713.5]	[0.272..0.272]	[0.0..0.126]	0.8313721	[2255.9282..2255.9282]
Group-1	PC 36:2:0	255.23	20180509_PC_heart_02.mzXML	35.0	3633.8	0.0	0.0	[0.0..0.0]	[0.0..0.0]	[1.0..1.0]	[3633.8..3633.8]	[0.36..0.36]	[0.0..0.13]	[1.0..1.0]	[3633.8..3633.8]	[0.36..0.36]	[0.0..0.126]	0.8313721	[3021.0398..3021.0398]
Group-1	PC 36:2:0	279.23	20180509_PC_heart_02.mzXML	25.0	319668.5	0.0	0.0	[9.0..9.0]	[0.0..1.0]	[0.867..0.957]	[277152.6..305922.75]	[0.738..0.753]	[1.0..1.0]	[0.957..0.957]	[305922.75..305922.75]	[0.757..0.757]	[1.0..1.0]	0.8313721	[230416.92..254335.64]
Group-1	PC 36:2:0	279.23	20180509_PC_heart_02.mzXML	30.0	351814.2	0.0	0.0	[9.0..9.0]	[0.0..1.0]	[0.883..0.952]	[310651.94..334927.12]	[0.725..0.737]	[1.0..1.0]	[0.952..0.952]	[334927.12..334927.12]	[0.74..0.74]	[1.0..1.0]	0.8313721	[258267.34..278449.06]
Group-1	PC 36:2:0	279.23	20180509_PC_heart_02.mzXML	35.0	307431.1	0.0	0.0	[9.0..9.0]	[0.0..1.0]	[0.951..0.994]	[292366.97..305586.5]	[0.72..0.727]	[1.0..1.0]	[0.994..0.994]	[305586.5..305586.5]	[0.728..0.728]	[1.0..1.0]	0.8313721	[243065.73..254056.1]
Group-1	PC 36:2:0	281.25	20180509_PC_heart_02.mzXML	25.0	41907.5	0.0	0.0	[9.0..9.0]	[0.5..0.5]	[0.914..0.914]	[38303.453..38303.453]	[0.5..0.5]	[0.5..0.5]	[0.914..0.914]	[38303.453..38303.453]	[0.5..0.5]	[0.5..0.5]	0.8313721	[31844.424..31844.424]
Group-1	PC 36:2:0	281.25	20180509_PC_heart_02.mzXML	30.0	47583.8	0.0	0.0	[9.0..9.0]	[0.5..0.5]	[0.905..0.905]	[43063.34..43063.34]	[0.5..0.5]	[0.5..0.5]	[0.905..0.905]	[43063.34..43063.34]	[0.5..0.5]	[0.5..0.5]	0.8313721	[35801.656..35801.656]
Group-1	PC 36:2:0	281.25	20180509_PC_heart_02.mzXML	35.0	43702.8	0.0	0.0	[9.0..9.0]	[0.5..0.5]	[0.911..0.911]	[39813.254..39813.254]	[0.5..0.5]	[0.5..0.5]	[0.911..0.911]	[39813.254..39813.254]	[0.5..0.5]	[0.5..0.5]	0.8313721	[33099.625..33099.625]
Group-1	PC 36:2:0	283.26	20180509_PC_heart_02.mzXML	25.0	101556.9	0.0	0.0	[0.0..0.0]	[0.0..1.0]	[0.968..0.988]	[98307.08..100338.21]	[0.247..0.262]	[0.0..0.0]	[0.968..0.968]	[98307.08..98307.08]	[0.243..0.243]	[0.0..0.0]	0.8313721	[81729.76..83418.39]
Group-1	PC 36:2:0	283.26	20180509_PC_heart_02.mzXML	30.0	124438.3	0.0	0.0	[0.0..0.0]	[0.0..1.0]	[0.945..0.958]	[117594.19..119211.89]	[0.263..0.275]	[0.0..0.0]	[0.945..0.945]	[117594.19..117594.19]	[0.26..0.26]	[0.0..0.0]	0.8313721	[97764.52..99109.44]
Group-1	PC 36:2:0	283.26	20180509_PC_heart_02.mzXML	35.0	121565.4	0.0	0.0	[0.0..0.0]	[0.0..1.0]	[0.937..0.945]	[113906.77..114879.3]	[0.273..0.28]	[0.0..0.0]	[0.937..0.937]	[113906.77..113906.77]	[0.272..0.272]	[0.0..0.0]	0.8313721	[94698.914..95507.445]
Group-1	PC 36:2:0	307.26	20180509_PC_heart_02.mzXML	25.0	6033.0	0.0	0.0	[11.0..11.0]	[1.0..1.0]	[0.95..0.95]	[5731.35..5731.35]	[0.686..0.686]	[0.87..1.0]	[0.95..0.95]	[5731.35..5731.35]	[0.686..0.686]	[0.874..1.0]	0.8313721	[4764.8843..4764.8843]
Group-1	PC 36:2:0	307.26	20180509_PC_heart_02.mzXML	30.0	8083.3	0.0	0.0	[11.0..11.0]	[1.0..1.0]	[0.9..0.9]	[7274.97..7274.97]	[0.728..0.728]	[0.87..1.0]	[0.9..0.9]	[7274.9697..7274.9697]	[0.728..0.728]	[0.874..1.0]	0.8313721	[6048.207..6048.207]
Group-1	PC 36:2:0	307.26	20180509_PC_heart_02.mzXML	35.0	7140.9	0.0	0.0	[11.0..11.0]	[1.0..1.0]	[0.905..0.905]	[6462.514..6462.514]	[0.64..0.64]	[0.87..1.0]	[0.905..0.905]	[6462.514..6462.514]	[0.64..0.64]	[0.874..1.0]	0.8313721	[5372.754..5372.754]
Group-1	PC 36:3:0	255.23	20180509_PC_heart_02.mzXML	25.0	19350.2	0.0	0.0	[0.0..0.0]	[0.0..1.0]	[1.0..1.0]	[19350.2..19350.2]	[0.218..0.241]	[0.0..0.0]	[1.0..1.0]	[19350.2..19350.2]	[0.218..0.223]	[0.0..0.0]	0.8331026	[16120.701..16120.701]
Group-1	PC 36:3:0	255.23	20180509_PC_heart_02.mzXML	30.0	25195.8	0.0	0.0	[0.0..0.0]	[0.0..1.0]	[1.0..1.0]	[25195.8..25195.8]	[0.213..0.262]	[0.0..0.0]	[1.0..1.0]	[25195.8..25195.8]	[0.213..0.247]	[0.0..0.0]	0.8331026	[20990.688..20990.688]
Group-1	PC 36:3:0	255.23	20180509_PC_heart_02.mzXML	35.0	23585.0	0.0	0.0	[0.0..0.0]	[0.0..0.0]	[1.0..1.0]	[23585.0..23585.0]	[0.208..0.273]	[0.0..0.0]	[1.0..1.0]	[23585.0..23585.0]	[0.208..0.273]	[0.0..0.0]	0.8331026	[19648.725..19648.725]
Group-1	PC 36:3:0	277.22	20180509_PC_heart_02.mzXML	25.0	3105.1	0.0	0.0	[6.0..9.0]	[0.0..1.0]	[0.938..1.061]	[2912.584..3294.511]	[0.79..0.806]	[1.0..1.0]	[1.035..1.061]	[3213.7786..3294.5112]	[0.806..0.809]	[1.0..1.0]	0.8331026	[2426.4812..2744.6658]
Group-1	PC 36:3:0	277.22	20180509_PC_heart_02.mzXML	30.0	3495.0	0.0	0.0	[6.0..9.0]	[0.0..1.0]	[1.028..1.242]	[3592.86..4340.79]	[0.772..0.802]	[1.0..1.0]	[1.111..1.242]	[3882.9448..4340.79]	[0.786..0.804]	[1.0..1.0]	0.8331026	[2993.221..3616.3235]
Group-1	PC 36:3:0	277.22	20180509_PC_heart_02.mzXML	35.0	2910.2	0.0	0.0	[6.0..9.0]	[0.0..1.0]	[1.224..1.572]	[3562.085..4574.835]	[0.715..0.762]	[1.0..1.0]	[1.286..1.572]	[3742.517..4574.8345]	[0.725..0.763]	[1.0..1.0]	0.8331026	[2967.582..3811.3064]
Group-1	PC 36:3:0	279.23	20180509_PC_heart_02.mzXML	25.0	65657.3	0.0	0.0	[9.0..9.0]	[0.0..0.0]	[0.867..0.867]	[56924.875..56924.875]	[0.673..0.673]	[0.93..0.96]	[0.867..0.867]	[56924.875..56924.875]	[0.673..0.673]	[0.931..0.959]	0.8331026	[47424.26..47424.26]
Group-1	PC 36:3:0	279.23	20180509_PC_heart_02.mzXML	30.0	81634.0	0.0	0.0	[9.0..9.0]	[0.0..0.0]	[0.883..0.883]	[72082.82..72082.82]	[0.674..0.674]	[0.93..0.96]	[0.883..0.883]	[72082.82..72082.82]	[0.674..0.674]	[0.931..0.959]	0.8331026	[60052.39..60052.39]
Group-1	PC 36:3:0	279.23	20180509_PC_heart_02.mzXML	35.0	66600.7	0.0	0.0	[9.0..9.0]	[0.0..0.0]	[0.951..0.951]	[63337.266..63337.266]	[0.672..0.672]	[0.93..0.96]	[0.951..0.951]	[63337.266..63337.266]	[0.672..0.672]	[0.931..0.959]	0.8331026	[52766.44..52766.44]
Group-1	PC 36:3:0	281.25	20180509_PC_heart_02.mzXML	25.0	28692.6	0.0	0.0	[9.0..9.0]	[1.0..1.0]	[0.964..0.964]	[27659.666..27659.666]	[0.327..0.327]	[0.04..0.07]	[0.964..0.964]	[27659.666..27659.666]	[0.327..0.327]	[0.041..0.069]	0.8331026	[23043.34..23043.34]
Group-1	PC 36:3:0	281.25	20180509_PC_heart_02.mzXML	30.0	37693.8	0.0	0.0	[9.0..9.0]	[1.0..1.0]	[0.926..0.926]	[34904.46..34904.46]	[0.326..0.326]	[0.04..0.07]	[0.926..0.926]	[34904.46..34904.46]	[0.326..0.326]	[0.041..0.069]	0.8331026	[29078.996..29078.996]
Group-1	PC 36:3:0	281.25	20180509_PC_heart_02.mzXML	35.0	33867.2	0.0	0.0	[9.0..9.0]	[1.0..1.0]	[0.913..0.913]	[30920.752..30920.752]	[0.328..0.328]	[0.04..0.07]	[0.913..0.913]	[30920.752..30920.752]	[0.328..0.328]	[0.041..0.069]	0.8331026	[25760.158..25760.158]
Group-1	PC 36:3:0	283.26	20180509_PC_heart_02.mzXML	25.0	801.4	0.0	0.0	[0.0..0.0]	[0.0..1.0]	[0.968..0.988]	[775.755..791.783]	[0.194..0.21]	[0.0..0.0]	[0.968..0.968]	[775.75525..775.75525]	[0.191..0.194]	[0.0..0.0]	0.8331026	[646.2837..659.63666]
Group-1	PC 36:3:0	283.26	20180509_PC_heart_02.mzXML	30.0	1121.6	0.0	0.0	[0.0..0.0]	[0.0..1.0]	[0.945..0.958]	[1059.912..1074.493]	[0.198..0.228]	[0.0..0.0]	[0.945..0.945]	[1059.912..1059.912]	[0.196..0.214]	[0.0..0.0]	0.8331026	[883.0154..895.1627]
Group-1	PC 36:3:0	283.26	20180509_PC_heart_02.mzXML	35.0	1513.3	0.0	0.0	[0.0..0.0]	[0.0..1.0]	[0.937..0.945]	[1417.962..1430.069]	[0.238..0.285]	[0.0..0.0]	[0.937..0.937]	[1417.9622..1417.9622]	[0.237..0.275]	[0.0..0.0]	0.8331026	[1181.3079..1191.3938]
Group-1	PC 36:3:0	305.25	20180509_PC_heart_02.mzXML	25.0	67454.2	0.0	0.0	[5.0..11.0]	[0.0..1.0]	[0.901..1.029]	[60776.24..69410.375]	[0.759..0.782]	[1.0..1.0]	[1.001..1.029]	[67521.664..69410.375]	[0.777..0.782]	[1.0..1.0]	0.8331026	[50632.84..57825.965]
Group-1	PC 36:3:0	305.25	20180509_PC_heart_02.mzXML	30.0	76637.9	0.0	0.0	[5.0..11.0]	[0.0..1.0]	[0.925..1.213]	[70890.055..92961.77]	[0.738..0.787]	[1.0..1.0]	[1.003..1.213]	[76867.81..92961.77]	[0.753..0.787]	[1.0..1.0]	0.8331026	[59058.688..77446.695]
Group-1	PC 36:3:0	305.25	20180509_PC_heart_02.mzXML	35.0	57165.9	0.0	0.0	[5.0..11.0]	[1.0..1.0]	[1.099..1.57]	[62825.32..89750.46]	[0.727..0.792]	[1.0..1.0]	[1.099..1.57]	[62825.32..89750.46]	[0.727..0.792]	[1.0..1.0]	0.8331026	[52339.938..74771.34]
Group-1	PC 36:4:0	255.23	20180509_PC_heart_02.mzXML	25.0	45883.6	0.0	0.0	[0.0..0.0]	[0.0..0.0]	[1.0..1.0]	[45883.6..45883.6]	[0.218..0.22]	[0.0..0.0]	[1.0..1.0]	[45883.6..45883.6]	[0.218..0.22]	[0.0..0.0]	0.8348496	[38305.906..38305.906]
Group-1	PC 36:4:0	255.23	20180509_PC_heart_02.mzXML	30.0	54704.5	0.0	0.0	[0.0..0.0]	[0.0..0.0]	[1.0..1.0]	[54704.5..54704.5]	[0.238..0.245]	[0.0..0.0]	[1.0..1.0]	[54704.5..54704.5]	[0.238..0.245]	[0.0..0.0]	0.8348496	[45670.03..45670.03]
Group-1	PC 36:4:0	255.23	20180509_PC_heart_02.mzXML	35.0	55921.7	0.0	0.0	[0.0..0.0]	[0.0..0.0]	[1.0..1.0]	[55921.7..55921.7]	[0.26..0.27]	[0.0..0.0]	[1.0..1.0]	[55921.7..55921.7]	[0.26..0.27]	[0.0..0.0]	0.8348496	[46686.207..46686.207]
Group-1	PC 36:4:0	277.22	20180509_PC_heart_02.mzXML	25.0	908.3	0.0	0.0	[6.0..9.0]	[0.0..0.0]	[0.938..0.944]	[851.985..857.435]	[1.0..1.0]	[0.99..1.0]	[1.03..1.061]	[935.54895..963.7063]	[1.0..1.0]	[0.994..1.0]	0.8348496	[711.27966..715.8294]
Group-1	PC 36:4:0	277.22	20180509_PC_heart_02.mzXML	30.0	734.6	0.0	0.0	[6.0..9.0]	[1.0..1.0]	[1.111..1.242]	[816.141..912.373]	[1.0..1.0]	[0.99..1.0]	[1.107..1.242]	[813.20215..912.37317]	[1.0..1.0]	[0.994..1.0]	0.8348496	[681.3546..761.6944]
Group-1	PC 36:4:0	277.22	20180509_PC_heart_02.mzXML	35.0	491.7	0.0	0.0	[6.0..9.0]	[0.0..1.0]	[1.224..1.572]	[601.841..772.952]	[0.685..0.726]	[0.99..1.0]	[1.284..1.572]	[631.34283..772.95245]	[0.695..0.736]	[0.994..1.0]	0.8348496	[502.44653..645.299]
Group-1	PC 36:4:0	279.23	20180509_PC_heart_02.mzXML	25.0	42007.6	0.0	0.0	[9.0..9.0]	[0.5..0.5]	[0.919..0.919]	[38604.99..38604.99]	[0.5..0.5]	[0.5..0.5]	[0.919..0.919]	[38604.99..38604.99]	[0.5..0.5]	[0.5..0.5]	0.8348496	[32229.355..32229.355]
Group-1	PC 36:4:0	279.23	20180509_PC_heart_02.mzXML	30.0	45234.8	0.0	0.0	[9.0..9.0]	[0.5..0.5]	[0.944..0.944]	[42701.652..42701.652]	[0.5..0.5]	[0.5..0.5]	[0.944..0.944]	[42701.652..42701.652]	[0.5..0.5]	[0.5..0.5]	0.8348496	[35649.457..35649.457]
Group-1	PC 36:4:0	279.23	20180509_PC_heart_02.mzXML	35.0	40179.9	0.0	0.0	[9.0..9.0]	[0.5..0.5]	[1.004..1.004]	[40340.617..40340.617]	[0.5..0.5]	[0.5..0.5]	[1.004..1.004]	[40340.617..40340.617]	[0.5..0.5]	[0.5..0.5]	0.8348496	[33678.348..33678.348]
Group-1	PC 36:4:0	281.25	20180509_PC_heart_02.mzXML	25.0	0.0	0.0	0.0	[9.0..9.0]	[1.0..1.0]	[0.964..0.964]	[0.0..0.0]	[0.0..0.0]	[0.0..0.01]	[0.964..0.964]	[0.0..0.0]	[0.0..0.0]	[0.0..0.006]	0.8348496	[0.0..0.0]
Group-1	PC 36:4:0	281.25	20180509_PC_heart_02.mzXML	30.0	0.0	0.0	0.0	[9.0..9.0]	[0.0..0.0]	[0.855..0.855]	[0.0..0.0]	[0.0..0.0]	[0.0..0.01]	[0.855..0.855]	[0.0..0.0]	[0.0..0.0]	[0.0..0.006]	0.8348496	[0.0..0.0]
Group-1	PC 36:4:0	281.25	20180509_PC_heart_02.mzXML	35.0	319.4	0.0	0.0	[9.0..9.0]	[0.0..1.0]	[0.868..0.913]	[277.239..291.612]	[0.274..0.315]	[0.0..0.01]	[0.868..0.868]	[277.2392..277.2392]	[0.264..0.305]	[0.0..0.006]	0.8348496	[231.45303..243.45233]
Group-1	PC 36:4:0	303.23	20180509_PC_heart_02.mzXML	25.0	136997.7	6499.9	0.04744532	[5.4..5.5]	[1.0..1.0]	[1.186..1.2]	[162479.28..164397.25]	[0.78..0.782]	[1.0..1.0]	[1.186..1.2]	[162479.28..164397.25]	[0.78..0.782]	[1.0..1.0]	0.8348496	[135645.75..137246.98]
Group-1	PC 36:4:0	303.23	20180509_PC_heart_02.mzXML	30.0	105495.3	8789.1	0.08331271	[5.2..5.2]	[1.0..1.0]	[1.602..1.656]	[169003.47..174700.22]	[0.755..0.762]	[1.0..1.0]	[1.602..1.656]	[169003.47..174700.22]	[0.755..0.762]	[1.0..1.0]	0.8348496	[141092.47..145848.39]
Group-1	PC 36:4:0	303.23	20180509_PC_heart_02.mzXML	35.0	61288.5	7552.6	0.1232303	[5.0..5.1]	[1.0..1.0]	[2.464..2.594]	[151014.86..158982.38]	[0.73..0.74]	[1.0..1.0]	[2.464..2.594]	[151014.86..158982.38]	[0.73..0.74]	[1.0..1.0]	0.8348496	[126074.695..132726.38]
Group-1	PC 36:5:0	253.22	20180509_PC_heart_02.mzXML	25.0	0.0	0.0	0.0	[9.0..9.0]	[0.0..0.6]	[0.901..0.949]	[0.0..0.0]	[0.0..0.0]	[0.0..0.0]	[0.901..0.901]	[0.0..0.0]	[0.0..0.0]	[0.0..0.0]	0.83659583	[0.0..0.0]
Group-1	PC 36:5:0	253.22	20180509_PC_heart_02.mzXML	30.0	387.4	0.0	0.0	[9.0..9.0]	[0.0..0.0]	[0.912..0.912]	[353.309..353.309]	[0.011..0.011]	[0.0..0.0]	[0.912..0.912]	[353.3088..353.3088]	[0.011..0.011]	[0.0..0.0]	0.83659583	[295.57666..295.57666]
Group-1	PC 36:5:0	253.22	20180509_PC_heart_02.mzXML	35.0	0.0	0.0	0.0	[9.0..9.0]	[0.0..0.6]	[0.936..0.955]	[0.0..0.0]	[0.0..0.0]	[0.0..0.0]	[0.936..0.936]	[0.0..0.0]	[0.0..0.0]	[0.0..0.0]	0.83659583	[0.0..0.0]
Group-1	PC 36:5:0	255.23	20180509_PC_heart_02.mzXML	25.0	2118.8	0.0	0.0	[0.0..0.0]	[0.0..0.0]	[1.0..1.0]	[2118.8..2118.8]	[0.31..0.31]	[0.03..0.13]	[1.0..1.0]	[2118.8..2118.8]	[0.31..0.31]	[0.027..0.126]	0.83659583	[1772.5793..1772.5793]
Group-1	PC 36:5:0	255.23	20180509_PC_heart_02.mzXML	30.0	2344.9	0.0	0.0	[0.0..0.0]	[0.0..0.0]	[1.0..1.0]	[2344.9..2344.9]	[0.355..0.355]	[0.03..0.13]	[1.0..1.0]	[2344.9..2344.9]	[0.355..0.355]	[0.027..0.126]	0.83659583	[1961.7335..1961.7335]
Group-1	PC 36:5:0	255.23	20180509_PC_heart_02.mzXML	35.0	2146.3	0.0	0.0	[0.0..0.0]	[0.0..0.0]	[1.0..1.0]	[2146.3..2146.3]	[0.325..0.325]	[0.03..0.13]	[1.0..1.0]	[2146.3..2146.3]	[0.325..0.325]	[0.027..0.126]	0.83659583	[1795.5857..1795.5857]
Group-1	PC 36:5:0	301.22	20180509_PC_heart_02.mzXML	25.0	3130.7	0.0	0.0	[5.0..5.0]	[1.0..1.0]	[1.506..1.506]	[4714.835..4714.835]	[0.69..0.69]	[0.87..0.97]	[1.506..1.506]	[4714.8345..4714.8345]	[0.69..0.69]	[0.874..0.973]	0.83659583	[3944.411..3944.411]
Group-1	PC 36:5:0	301.22	20180509_PC_heart_02.mzXML	30.0	1682.8	0.0	0.0	[5.0..5.0]	[1.0..1.0]	[2.533..2.533]	[4262.533..4262.533]	[0.645..0.645]	[0.87..0.97]	[2.533..2.533]	[4262.5327..4262.5327]	[0.645..0.645]	[0.874..0.973]	0.83659583	[3566.0168..3566.0168]
Group-1	PC 36:5:0	301.22	20180509_PC_heart_02.mzXML	35.0	888.2	0.0	0.0	[5.0..5.0]	[1.0..1.0]	[5.029..5.029]	[4466.758..4466.758]	[0.675..0.675]	[0.87..0.97]	[5.029..5.029]	[4466.758..4466.758]	[0.675..0.675]	[0.874..0.973]	0.83659583	[3736.871..3736.871]
Group-1	PC 36:5:0	303.23	20180509_PC_heart_02.mzXML	25.0	24735.9	1139.7	0.04607473	[5.5..5.6]	[0.4..1.0]	[0.984..1.2]	[24340.127..29683.082]	[1.0..1.0]	[1.0..1.0]	[1.184..1.2]	[29287.307..29683.082]	[1.0..1.0]	[1.0..1.0]	0.83659583	[20362.848..24832.742]
Group-1	PC 36:5:0	303.23	20180509_PC_heart_02.mzXML	30.0	19194.1	1446.7	0.07537212	[5.6..5.6]	[1.0..1.0]	[1.592..1.656]	[30557.006..31785.43]	[0.989..0.989]	[1.0..1.0]	[1.592..1.656]	[30557.006..31785.43]	[0.989..0.989]	[1.0..1.0]	0.83659583	[25563.865..26591.559]
Group-1	PC 36:5:0	303.23	20180509_PC_heart_02.mzXML	35.0	12236.3	1519.2	0.12415518	[5.0..5.0]	[0.4..1.0]	[2.231..2.594]	[27299.184..31740.963]	[1.0..1.0]	[1.0..1.0]	[2.438..2.594]	[29832.098..31740.963]	[1.0..1.0]	[1.0..1.0]	0.83659583	[22838.385..26554.36]
Group-1	PC 38:1:0	283.26	20180509_PC_heart_02.mzXML	30.0	0.0	0.0	0.0	[0.0..0.0]	[1.0..1.0]	[0.958..0.958]	[0.0..0.0]	[0.5..0.5]	[0.0..0.5]	[0.958..0.958]	[0.0..0.0]	[0.5..0.5]	[0.0..0.5]	0.80639756	[0.0..0.0]
Group-1	PC 38:1:0	283.26	20180509_PC_heart_02.mzXML	35.0	0.0	0.0	0.0	[0.0..0.0]	[1.0..1.0]	[0.945..0.945]	[0.0..0.0]	[0.0..0.0]	[0.0..0.5]	[0.945..0.945]	[0.0..0.0]	[0.0..0.0]	[0.0..0.5]	0.80639756	[0.0..0.0]
Group-1	PC 38:1:0	309.28	20180509_PC_heart_02.mzXML	30.0	0.0	0.0	0.0	[11.0..11.0]	[0.0..0.0]	[0.819..0.819]	[0.0..0.0]	[0.0..0.0]	[0.0..1.0]	[0.819..0.819]	[0.0..0.0]	[0.0..0.0]	[0.0..1.0]	0.80639756	[0.0..0.0]
Group-1	PC 38:1:0	309.28	20180509_PC_heart_02.mzXML	35.0	310.4	0.0	0.0	[11.0..11.0]	[0.0..0.0]	[0.813..0.813]	[252.355..252.355]	[1.0..1.0]	[0.0..1.0]	[0.813..0.813]	[252.35521..252.35521]	[1.0..1.0]	[0.0..1.0]	0.80639756	[203.49863..203.49863]
Group-1	PC 38:2:0	279.23	20180509_PC_heart_02.mzXML	25.0	3746.8	0.0	0.0	[9.0..9.0]	[0.0..1.0]	[0.867..0.957]	[3248.476..3585.688]	[1.0..1.0]	[1.0..1.0]	[0.957..0.957]	[3585.6877..3585.6877]	[1.0..1.0]	[1.0..1.0]	0.8080254	[2624.8508..2897.327]
Group-1	PC 38:2:0	279.23	20180509_PC_heart_02.mzXML	30.0	4947.2	0.0	0.0	[9.0..9.0]	[0.0..1.0]	[0.883..0.952]	[4368.378..4709.735]	[0.937..0.939]	[1.0..1.0]	[0.952..0.952]	[4709.735..4709.735]	[0.941..0.941]	[1.0..1.0]	0.8080254	[3529.7605..3805.5854]
Group-1	PC 38:2:0	279.23	20180509_PC_heart_02.mzXML	35.0	3771.2	0.0	0.0	[9.0..9.0]	[0.0..1.0]	[0.951..0.994]	[3586.411..3748.573]	[1.0..1.0]	[1.0..1.0]	[0.994..0.994]	[3748.5728..3748.5728]	[1.0..1.0]	[1.0..1.0]	0.8080254	[2897.9111..3028.9421]
Group-1	PC 38:2:0	283.26	20180509_PC_heart_02.mzXML	25.0	500.9	0.0	0.0	[0.0..0.0]	[0.0..0.0]	[0.968..0.968]	[484.871..484.871]	[0.196..0.196]	[0.0..0.0]	[0.968..0.968]	[484.8712..484.8712]	[0.196..0.196]	[0.0..0.0]	0.8080254	[391.78824..391.78824]
Group-1	PC 38:2:0	283.26	20180509_PC_heart_02.mzXML	30.0	787.3	0.0	0.0	[0.0..0.0]	[0.0..0.0]	[0.945..0.945]	[743.999..743.999]	[0.223..0.223]	[0.0..0.0]	[0.945..0.945]	[743.9985..743.9985]	[0.223..0.223]	[0.0..0.0]	0.8080254	[601.1697..601.1697]
Group-1	PC 38:2:0	283.26	20180509_PC_heart_02.mzXML	35.0	652.1	0.0	0.0	[0.0..0.0]	[0.0..0.0]	[0.937..0.937]	[611.018..611.018]	[0.251..0.251]	[0.0..0.0]	[0.937..0.937]	[611.01764..611.01764]	[0.251..0.251]	[0.0..0.0]	0.8080254	[493.71777..493.71777]
Group-1	PC 38:2:0	307.26	20180509_PC_heart_02.mzXML	25.0	2088.3	0.0	0.0	[11.0..11.0]	[1.0..1.0]	[0.95..0.95]	[1983.885..1983.885]	[0.804..0.804]	[1.0..1.0]	[0.95..0.95]	[1983.885..1983.885]	[0.804..0.804]	[1.0..1.0]	0.8080254	[1603.0295..1603.0295]
Group-1	PC 38:2:0	307.26	20180509_PC_heart_02.mzXML	30.0	2873.6	0.0	0.0	[11.0..11.0]	[1.0..1.0]	[0.9..0.9]	[2586.24..2586.24]	[0.777..0.777]	[1.0..1.0]	[0.9..0.9]	[2586.24..2586.24]	[0.777..0.777]	[1.0..1.0]	0.8080254	[2089.7476..2089.7476]
Group-1	PC 38:2:0	307.26	20180509_PC_heart_02.mzXML	35.0	2013.8	0.0	0.0	[11.0..11.0]	[1.0..1.0]	[0.905..0.905]	[1822.489..1822.489]	[0.749..0.749]	[1.0..1.0]	[0.905..0.905]	[1822.489..1822.489]	[0.749..0.749]	[1.0..1.0]	0.8080254	[1472.6174..1472.6174]
Group-1	PC 38:2:0	311.29	20180509_PC_heart_02.mzXML	25.0	0.0	0.0	0.0	[0.0..0.0]	[0.0..1.0]	[0.945..0.995]	[0.0..0.0]	[0.0..0.0]	[0.0..0.0]	[0.945..0.945]	[0.0..0.0]	[0.0..0.0]	[0.0..0.0]	0.8080254	[0.0..0.0]
Group-1	PC 38:2:0	311.29	20180509_PC_heart_02.mzXML	30.0	328.1	0.0	0.0	[0.0..0.0]	[0.0..1.0]	[0.902..0.934]	[295.946..306.445]	[0.061..0.063]	[0.0..0.0]	[0.902..0.902]	[295.9462..295.9462]	[0.059..0.059]	[0.0..0.0]	0.8080254	[239.13206..247.61569]
Group-1	PC 38:2:0	311.29	20180509_PC_heart_02.mzXML	35.0	0.0	0.0	0.0	[0.0..0.0]	[0.0..1.0]	[0.888..0.908]	[0.0..0.0]	[0.0..0.0]	[0.0..0.0]	[0.888..0.888]	[0.0..0.0]	[0.0..0.0]	[0.0..0.0]	0.8080254	[0.0..0.0]
Group-1	PC 38:3:0	255.23	20180509_PC_heart_02.mzXML	25.0	0.0	0.0	0.0	[0.0..0.0]	[0.0..0.0]	[1.0..1.0]	[0.0..0.0]	[0.5..0.5]	[0.0..1.0]	[1.0..1.0]	[0.0..0.0]	[0.5..0.5]	[0.0..1.0]	0.8096523	[0.0..0.0]
Group-1	PC 38:3:0	255.23	20180509_PC_heart_02.mzXML	30.0	68.3	0.0	0.0	[0.0..0.0]	[0.0..0.0]	[1.0..1.0]	[68.3..68.3]	[0.184..0.184]	[0.0..1.0]	[1.0..1.0]	[68.3..68.3]	[0.184..0.184]	[0.0..1.0]	0.8096523	[55.299255..55.299255]
Group-1	PC 38:3:0	255.23	20180509_PC_heart_02.mzXML	35.0	409.8	0.0	0.0	[0.0..0.0]	[0.0..0.0]	[1.0..1.0]	[409.8..409.8]	[1.0..1.0]	[0.0..1.0]	[1.0..1.0]	[409.8..409.8]	[1.0..1.0]	[0.0..1.0]	0.8096523	[331.7955..331.7955]
Group-1	PC 38:3:0	279.23	20180509_PC_heart_02.mzXML	25.0	1973.1	0.0	0.0	[9.0..9.0]	[0.0..1.0]	[0.867..0.957]	[1710.678..1888.257]	[0.838..0.839]	[1.0..1.0]	[0.957..0.957]	[1888.2567..1888.2567]	[0.852..0.852]	[1.0..1.0]	0.8096523	[1385.0542..1528.8314]
Group-1	PC 38:3:0	279.23	20180509_PC_heart_02.mzXML	30.0	2829.8	0.0	0.0	[9.0..9.0]	[1.0..1.0]	[0.952..0.952]	[2693.97..2693.97]	[1.0..1.0]	[1.0..1.0]	[0.952..0.952]	[2693.9697..2693.9697]	[1.0..1.0]	[1.0..1.0]	0.8096523	[2181.179..2181.179]
Group-1	PC 38:3:0	279.23	20180509_PC_heart_02.mzXML	35.0	2176.5	0.0	0.0	[9.0..9.0]	[0.0..0.0]	[0.951..0.951]	[2069.852..2069.852]	[0.897..0.897]	[1.0..1.0]	[0.951..0.951]	[2069.8516..2069.8516]	[0.897..0.897]	[1.0..1.0]	0.8096523	[1675.86..1675.86]
Group-1	PC 38:3:0	281.25	20180509_PC_heart_02.mzXML	25.0	659.1	0.0	0.0	[9.0..9.0]	[0.0..0.0]	[0.869..0.869]	[572.758..572.758]	[1.0..1.0]	[0.62..1.0]	[0.869..0.869]	[572.7579..572.7579]	[1.0..1.0]	[0.623..1.0]	0.8096523	[463.73477..463.73477]
Group-1	PC 38:3:0	281.25	20180509_PC_heart_02.mzXML	30.0	909.2	0.0	0.0	[9.0..9.0]	[1.0..1.0]	[0.926..0.926]	[841.919..841.919]	[0.712..0.712]	[0.62..1.0]	[0.926..0.926]	[841.9192..841.9192]	[0.712..0.712]	[0.623..1.0]	0.8096523	[681.66187..681.66187]
Group-1	PC 38:3:0	281.25	20180509_PC_heart_02.mzXML	35.0	890.5	0.0	0.0	[9.0..9.0]	[0.0..1.0]	[0.868..0.913]	[772.954..813.027]	[0.546..0.547]	[0.62..1.0]	[0.896..0.913]	[797.888..813.0265]	[0.554..0.555]	[0.623..1.0]	0.8096523	[625.82404..658.2688]
Group-1	PC 38:3:0	283.26	20180509_PC_heart_02.mzXML	25.0	7136.9	0.0	0.0	[0.0..0.0]	[0.0..1.0]	[0.968..0.988]	[6908.519..7051.257]	[0.248..0.269]	[0.0..0.0]	[0.968..0.968]	[6908.519..6908.519]	[0.244..0.249]	[0.0..0.0]	0.8096523	[5593.4985..5709.067]
Group-1	PC 38:3:0	283.26	20180509_PC_heart_02.mzXML	30.0	9028.4	0.0	0.0	[0.0..0.0]	[0.0..1.0]	[0.945..0.958]	[8531.838..8649.208]	[0.232..0.281]	[0.0..0.0]	[0.945..0.945]	[8531.838..8531.838]	[0.23..0.265]	[0.0..0.0]	0.8096523	[6907.8228..7002.851]
Group-1	PC 38:3:0	283.26	20180509_PC_heart_02.mzXML	35.0	8678.0	0.0	0.0	[0.0..0.0]	[0.0..0.0]	[0.937..0.937]	[8131.286..8131.286]	[0.223..0.291]	[0.0..0.0]	[0.937..0.937]	[8131.2856..8131.2856]	[0.223..0.291]	[0.0..0.0]	0.8096523	[6583.5146..6583.5146]
Group-1	PC 38:3:0	305.25	20180509_PC_heart_02.mzXML	25.0	20790.5	0.0	0.0	[5.0..11.0]	[0.0..1.0]	[0.901..1.029]	[18732.24..21393.426]	[0.731..0.752]	[1.0..1.0]	[1.001..1.029]	[20811.291..21393.426]	[0.751..0.756]	[1.0..1.0]	0.8096523	[15166.602..17321.236]
Group-1	PC 38:3:0	305.25	20180509_PC_heart_02.mzXML	30.0	23555.9	0.0	0.0	[5.0..11.0]	[0.0..1.0]	[0.925..1.213]	[21789.207..28573.309]	[0.719..0.768]	[1.0..1.0]	[1.003..1.213]	[23626.568..28573.309]	[0.735..0.77]	[1.0..1.0]	0.8096523	[17641.684..23134.445]
Group-1	PC 38:3:0	305.25	20180509_PC_heart_02.mzXML	35.0	18059.5	0.0	0.0	[5.0..11.0]	[1.0..1.0]	[1.099..1.57]	[19847.39..28353.416]	[0.709..0.777]	[1.0..1.0]	[1.099..1.57]	[19847.39..28353.416]	[0.709..0.777]	[1.0..1.0]	0.8096523	[16069.485..22956.408]
Group-1	PC 38:3:0	307.26	20180509_PC_heart_02.mzXML	25.0	0.0	0.0	0.0	[11.0..11.0]	[1.0..1.0]	[0.95..0.95]	[0.0..0.0]	[0.0..0.0]	[0.0..0.38]	[0.95..0.95]	[0.0..0.0]	[0.0..0.0]	[0.0..0.377]	0.8096523	[0.0..0.0]
Group-1	PC 38:3:0	307.26	20180509_PC_heart_02.mzXML	30.0	412.6	0.0	0.0	[11.0..11.0]	[0.0..0.0]	[0.824..0.824]	[339.982..339.982]	[0.288..0.288]	[0.0..0.38]	[0.824..0.824]	[339.9824..339.9824]	[0.288..0.288]	[0.0..0.377]	0.8096523	[275.26755..275.26755]
Group-1	PC 38:3:0	307.26	20180509_PC_heart_02.mzXML	35.0	748.2	0.0	0.0	[11.0..11.0]	[0.0..1.0]	[0.855..0.905]	[639.711..677.121]	[0.453..0.454]	[0.0..0.38]	[0.855..0.874]	[639.711..653.9268]	[0.445..0.446]	[0.0..0.377]	0.8096523	[517.9435..548.23254]
Group-1	PC 38:3:0	309.28	20180509_PC_heart_02.mzXML	25.0	380.0	0.0	0.0	[11.0..11.0]	[0.0..1.0]	[0.862..0.963]	[327.56..365.94]	[0.161..0.162]	[0.0..0.0]	[0.862..0.862]	[327.56..327.56]	[0.148..0.148]	[0.0..0.0]	0.8096523	[265.20972..296.28418]
Group-1	PC 38:3:0	309.28	20180509_PC_heart_02.mzXML	30.0	0.0	0.0	0.0	[11.0..11.0]	[0.0..0.0]	[0.819..0.819]	[0.0..0.0]	[0.0..0.0]	[0.0..0.0]	[0.819..0.819]	[0.0..0.0]	[0.0..0.0]	[0.0..0.0]	0.8096523	[0.0..0.0]
Group-1	PC 38:3:0	309.28	20180509_PC_heart_02.mzXML	35.0	275.5	0.0	0.0	[11.0..11.0]	[1.0..1.0]	[0.861..0.861]	[237.206..237.206]	[0.103..0.103]	[0.0..0.0]	[0.861..0.861]	[237.2055..237.2055]	[0.103..0.103]	[0.0..0.0]	0.8096523	[192.05399..192.05399]
Group-1	PC 38:3:0	333.28	20180509_PC_heart_02.mzXML	25.0	0.0	0.0	0.0	[13.0..13.0]	[1.0..1.0]	[0.988..0.988]	[0.0..0.0]	[0.0..0.0]	[0.0..1.0]	[0.988..0.988]	[0.0..0.0]	[0.0..0.0]	[0.0..1.0]	0.8096523	[0.0..0.0]
Group-1	PC 38:3:0	333.28	20180509_PC_heart_02.mzXML	30.0	320.4	0.0	0.0	[13.0..13.0]	[1.0..1.0]	[0.943..0.943]	[302.137..302.137]	[0.816..0.816]	[0.0..1.0]	[0.943..0.943]	[302.1372..302.1372]	[0.816..0.816]	[0.0..1.0]	0.8096523	[244.62608..244.62608]
Group-1	PC 38:3:0	333.28	20180509_PC_heart_02.mzXML	35.0	0.0	0.0	0.0	[13.0..13.0]	[1.0..1.0]	[0.995..0.995]	[0.0..0.0]	[0.0..0.0]	[0.0..1.0]	[0.995..0.995]	[0.0..0.0]	[0.0..0.0]	[0.0..1.0]	0.8096523	[0.0..0.0]
Group-1	PC 38:4:0	255.23	20180509_PC_heart_02.mzXML	25.0	3082.2	0.0	0.0	[0.0..0.0]	[0.0..1.0]	[1.0..1.0]	[3082.2..3082.2]	[0.251..0.275]	[0.0..0.0]	[1.0..1.0]	[3082.2..3082.2]	[0.251..0.254]	[0.0..0.0]	0.81129444	[2500.5718..2500.5718]
Group-1	PC 38:4:0	255.23	20180509_PC_heart_02.mzXML	30.0	3223.9	0.0	0.0	[0.0..0.0]	[0.0..1.0]	[1.0..1.0]	[3223.9..3223.9]	[0.241..0.278]	[0.0..0.0]	[1.0..1.0]	[3223.9..3223.9]	[0.241..0.264]	[0.0..0.0]	0.81129444	[2615.532..2615.532]
Group-1	PC 38:4:0	255.23	20180509_PC_heart_02.mzXML	35.0	3149.8	0.0	0.0	[0.0..0.0]	[0.0..0.0]	[1.0..1.0]	[3149.8..3149.8]	[0.252..0.297]	[0.0..0.0]	[1.0..1.0]	[3149.8..3149.8]	[0.252..0.297]	[0.0..0.0]	0.81129444	[2555.4153..2555.4153]
Group-1	PC 38:4:0	281.25	20180509_PC_heart_02.mzXML	25.0	1431.1	0.0	0.0	[9.0..9.0]	[0.0..1.0]	[0.869..0.964]	[1243.626..1379.58]	[0.241..0.246]	[0.0..0.0]	[0.869..0.869]	[1243.6259..1243.6259]	[0.223..0.227]	[0.0..0.0]	0.81129444	[1008.9468..1119.2458]
Group-1	PC 38:4:0	281.25	20180509_PC_heart_02.mzXML	30.0	1680.9	0.0	0.0	[9.0..9.0]	[0.0..1.0]	[0.855..0.926]	[1437.17..1556.513]	[0.241..0.278]	[0.0..0.0]	[0.855..0.855]	[1437.1696..1437.1696]	[0.227..0.262]	[0.0..0.0]	0.81129444	[1165.9677..1262.7906]
Group-1	PC 38:4:0	281.25	20180509_PC_heart_02.mzXML	35.0	1324.9	0.0	0.0	[9.0..9.0]	[0.0..0.0]	[0.868..0.868]	[1150.013..1150.013]	[0.203..0.266]	[0.0..0.0]	[0.868..0.868]	[1150.0132..1150.0132]	[0.203..0.266]	[0.0..0.0]	0.81129444	[932.9993..932.9993]
Group-1	PC 38:4:0	283.26	20180509_PC_heart_02.mzXML	25.0	11265.0	0.0	0.0	[0.0..0.0]	[0.0..0.0]	[0.968..0.968]	[10904.52..10904.52]	[0.203..0.204]	[0.0..0.0]	[0.968..0.968]	[10904.52..10904.52]	[0.203..0.204]	[0.0..0.0]	0.81129444	[8846.776..8846.776]
Group-1	PC 38:4:0	283.26	20180509_PC_heart_02.mzXML	30.0	13777.0	0.0	0.0	[0.0..0.0]	[0.0..0.0]	[0.945..0.945]	[13019.265..13019.265]	[0.223..0.229]	[0.0..0.0]	[0.945..0.945]	[13019.265..13019.265]	[0.223..0.229]	[0.0..0.0]	0.81129444	[10562.457..10562.457]
Group-1	PC 38:4:0	283.26	20180509_PC_heart_02.mzXML	35.0	14607.1	0.0	0.0	[0.0..0.0]	[0.0..0.0]	[0.937..0.937]	[13686.852..13686.852]	[0.252..0.262]	[0.0..0.0]	[0.937..0.937]	[13686.852..13686.852]	[0.252..0.262]	[0.0..0.0]	0.81129444	[11104.066..11104.066]
Group-1	PC 38:4:0	303.23	20180509_PC_heart_02.mzXML	25.0	35958.3	1781.3	0.049537938	[5.2..5.3]	[1.0..1.0]	[1.181..1.194]	[42466.754..42934.21]	[0.796..0.797]	[1.0..1.0]	[1.181..1.194]	[42466.754..42934.21]	[0.796..0.797]	[1.0..1.0]	0.81129444	[34453.04..34832.285]
Group-1	PC 38:4:0	303.23	20180509_PC_heart_02.mzXML	30.0	27779.4	2156.3	0.077622265	[5.5..5.5]	[1.0..1.0]	[1.581..1.634]	[43919.23..45391.54]	[0.771..0.777]	[1.0..1.0]	[1.581..1.634]	[43919.23..45391.54]	[0.771..0.777]	[1.0..1.0]	0.81129444	[35631.43..36825.902]
Group-1	PC 38:4:0	303.23	20180509_PC_heart_02.mzXML	35.0	15951.6	1717.3	0.10765692	[5.5..5.7]	[1.0..1.0]	[2.412..2.542]	[38475.258..40548.97]	[0.738..0.748]	[1.0..1.0]	[2.412..2.542]	[38475.258..40548.97]	[0.738..0.748]	[1.0..1.0]	0.81129444	[31214.764..32897.152]
Group-1	PC 38:4:0	305.25	20180509_PC_heart_02.mzXML	25.0	4221.9	0.0	0.0	[5.0..11.0]	[0.0..1.0]	[0.901..1.029]	[3803.932..4344.335]	[0.754..0.759]	[1.0..1.0]	[1.001..1.029]	[4226.122..4344.335]	[0.773..0.777]	[1.0..1.0]	0.81129444	[3086.1086..3524.535]
Group-1	PC 38:4:0	305.25	20180509_PC_heart_02.mzXML	30.0	4044.0	0.0	0.0	[5.0..11.0]	[0.0..1.0]	[0.925..1.213]	[3740.7..4905.372]	[0.722..0.759]	[1.0..1.0]	[1.003..1.213]	[4056.132..4905.372]	[0.738..0.773]	[1.0..1.0]	0.81129444	[3034.809..3979.7012]
Group-1	PC 38:4:0	305.25	20180509_PC_heart_02.mzXML	35.0	2882.9	0.0	0.0	[5.0..11.0]	[1.0..1.0]	[1.099..1.57]	[3168.307..4526.153]	[0.734..0.797]	[1.0..1.0]	[1.099..1.57]	[3168.307..4526.153]	[0.734..0.797]	[1.0..1.0]	0.81129444	[2570.4297..3672.0427]
Group-1	PC 38:4:0	331.26	20180509_PC_heart_02.mzXML	25.0	8804.7	0.0	0.0	[7.0..10.0]	[0.0..1.0]	[0.923..1.046]	[8126.739..9209.717]	[0.725..0.749]	[1.0..1.0]	[1.026..1.046]	[9033.623..9209.717]	[0.746..0.749]	[1.0..1.0]	0.81129444	[6593.1772..7471.7915]
Group-1	PC 38:4:0	331.26	20180509_PC_heart_02.mzXML	30.0	8169.6	0.0	0.0	[7.0..10.0]	[0.0..1.0]	[1.027..1.245]	[8390.179..10171.152]	[0.722..0.759]	[1.0..1.0]	[1.102..1.245]	[9002.899..10171.152]	[0.736..0.759]	[1.0..1.0]	0.81129444	[6806.906..8251.799]
Group-1	PC 38:4:0	331.26	20180509_PC_heart_02.mzXML	35.0	5456.8	0.0	0.0	[7.0..10.0]	[1.0..1.0]	[1.365..1.711]	[7448.532..9336.584]	[0.703..0.748]	[1.0..1.0]	[1.365..1.711]	[7448.5317..9336.584]	[0.703..0.748]	[1.0..1.0]	0.81129444	[6042.952..7574.7188]
Group-1	PC 38:5:0	255.23	20180509_PC_heart_02.mzXML	25.0	4377.9	0.0	0.0	[0.0..0.0]	[0.0..0.0]	[1.0..1.0]	[4377.9..4377.9]	[0.227..0.232]	[0.0..0.0]	[1.0..1.0]	[4377.9..4377.9]	[0.227..0.232]	[0.0..0.0]	0.81293565	[3558.951..3558.951]
Group-1	PC 38:5:0	255.23	20180509_PC_heart_02.mzXML	30.0	5604.8	0.0	0.0	[0.0..0.0]	[0.0..0.0]	[1.0..1.0]	[5604.8..5604.8]	[0.248..0.264]	[0.0..0.0]	[1.0..1.0]	[5604.8..5604.8]	[0.248..0.264]	[0.0..0.0]	0.81293565	[4556.342..4556.342]
Group-1	PC 38:5:0	255.23	20180509_PC_heart_02.mzXML	35.0	5261.6	0.0	0.0	[0.0..0.0]	[0.0..0.0]	[1.0..1.0]	[5261.6..5261.6]	[0.249..0.277]	[0.0..0.0]	[1.0..1.0]	[5261.6..5261.6]	[0.249..0.277]	[0.0..0.0]	0.81293565	[4277.3423..4277.3423]
Group-1	PC 38:5:0	279.23	20180509_PC_heart_02.mzXML	25.0	870.6	0.0	0.0	[9.0..9.0]	[0.0..1.0]	[0.867..0.957]	[754.81..833.164]	[0.363..0.371]	[0.0..0.39]	[0.867..0.902]	[754.8102..785.2812]	[0.35..0.382]	[0.0..0.386]	0.81293565	[613.6121..677.3089]
Group-1	PC 38:5:0	279.23	20180509_PC_heart_02.mzXML	30.0	1394.7	0.0	0.0	[9.0..9.0]	[0.0..1.0]	[0.883..0.952]	[1231.52..1327.754]	[0.408..0.456]	[0.0..0.39]	[0.883..0.91]	[1231.52..1269.177]	[0.397..0.461]	[0.0..0.386]	0.81293565	[1001.14655..1079.3788]
Group-1	PC 38:5:0	279.23	20180509_PC_heart_02.mzXML	35.0	790.9	0.0	0.0	[9.0..9.0]	[0.0..0.0]	[0.951..0.951]	[752.146..752.146]	[0.267..0.343]	[0.0..0.39]	[0.951..0.951]	[752.1459..752.1459]	[0.267..0.356]	[0.0..0.386]	0.81293565	[611.4462..611.4462]
Group-1	PC 38:5:0	281.25	20180509_PC_heart_02.mzXML	25.0	2777.3	0.0	0.0	[9.0..9.0]	[0.0..0.0]	[0.869..0.869]	[2413.474..2413.474]	[0.248..0.261]	[0.0..0.18]	[0.869..0.869]	[2413.4739..2413.4739]	[0.248..0.278]	[0.0..0.18]	0.81293565	[1961.9988..1961.9988]
Group-1	PC 38:5:0	281.25	20180509_PC_heart_02.mzXML	30.0	3944.7	0.0	0.0	[9.0..9.0]	[0.0..0.0]	[0.855..0.855]	[3372.719..3372.719]	[0.29..0.336]	[0.0..0.18]	[0.855..0.855]	[3372.7185..3372.7185]	[0.29..0.349]	[0.0..0.18]	0.81293565	[2741.803..2741.803]
Group-1	PC 38:5:0	281.25	20180509_PC_heart_02.mzXML	35.0	3803.7	0.0	0.0	[9.0..9.0]	[0.0..0.0]	[0.868..0.868]	[3301.611..3301.611]	[0.3..0.38]	[0.0..0.18]	[0.868..0.868]	[3301.6113..3301.6113]	[0.3..0.388]	[0.0..0.18]	0.81293565	[2683.9976..2683.9976]
Group-1	PC 38:5:0	303.23	20180509_PC_heart_02.mzXML	25.0	6095.3	0.0	0.0	[5.0..8.0]	[1.0..1.0]	[1.12..1.2]	[6826.736..7314.36]	[0.739..0.752]	[0.82..1.0]	[1.029..1.2]	[6272.064..7314.36]	[0.722..0.752]	[0.82..1.0]	0.81293565	[5549.697..5946.104]
Group-1	PC 38:5:0	303.23	20180509_PC_heart_02.mzXML	30.0	4987.4	0.0	0.0	[5.0..8.0]	[1.0..1.0]	[1.337..1.656]	[6668.154..8259.135]	[0.664..0.71]	[0.82..1.0]	[1.263..1.656]	[6299.086..8259.135]	[0.651..0.71]	[0.82..1.0]	0.81293565	[5420.7803..6714.145]
Group-1	PC 38:5:0	303.23	20180509_PC_heart_02.mzXML	35.0	2969.1	0.0	0.0	[5.0..8.0]	[1.0..1.0]	[1.812..2.594]	[5380.01..7701.846]	[0.62..0.7]	[0.82..1.0]	[1.753..2.594]	[5204.8325..7701.846]	[0.612..0.7]	[0.82..1.0]	0.81293565	[4373.6016..6261.105]
Group-1	PC 38:5:0	305.25	20180509_PC_heart_02.mzXML	25.0	1418.0	0.0	0.0	[5.0..11.0]	[0.0..1.0]	[0.901..1.029]	[1277.618..1459.122]	[0.629..0.637]	[0.61..1.0]	[0.86..1.029]	[1219.48..1459.1221]	[0.618..0.65]	[0.614..1.0]	0.81293565	[1038.6213..1186.1724]
Group-1	PC 38:5:0	305.25	20180509_PC_heart_02.mzXML	30.0	1590.4	0.0	0.0	[5.0..11.0]	[0.0..1.0]	[0.925..1.213]	[1471.12..1929.155]	[0.544..0.592]	[0.61..1.0]	[0.907..1.213]	[1442.4928..1929.1553]	[0.539..0.603]	[0.614..1.0]	0.81293565	[1195.9259..1568.279]
Group-1	PC 38:5:0	305.25	20180509_PC_heart_02.mzXML	35.0	1312.3	0.0	0.0	[5.0..11.0]	[1.0..1.0]	[1.099..1.57]	[1442.218..2060.311]	[0.657..0.733]	[0.61..1.0]	[1.037..1.57]	[1360.8551..2060.311]	[0.644..0.733]	[0.614..1.0]	0.81293565	[1172.4303..1674.9005]
Group-1	PC 38:5:0	329.25	20180509_PC_heart_02.mzXML	25.0	11744.6	548.8	0.04672786	[6.9..7.0]	[1.0..1.0]	[1.231..1.272]	[14457.602..14939.13]	[0.768..0.773]	[1.0..1.0]	[1.231..1.272]	[14457.602..14939.13]	[0.768..0.773]	[1.0..1.0]	0.81293565	[11753.1..12144.551]
Group-1	PC 38:5:0	329.25	20180509_PC_heart_02.mzXML	30.0	9156.2	801.8	0.08756907	[6.8..6.9]	[1.0..1.0]	[1.71..1.861]	[15657.103..17039.688]	[0.736..0.752]	[1.0..1.0]	[1.71..1.861]	[15657.103..17039.688]	[0.736..0.752]	[1.0..1.0]	0.81293565	[12728.217..13852.17]
Group-1	PC 38:5:0	329.25	20180509_PC_heart_02.mzXML	35.0	4796.0	774.2	0.16142619	[6.4..6.6]	[1.0..1.0]	[2.862..3.303]	[13726.152..15841.188]	[0.723..0.751]	[1.0..1.0]	[2.862..3.303]	[13726.152..15841.1875]	[0.723..0.751]	[1.0..1.0]	0.81293565	[11158.479..12877.866]
Group-1	PC 38:6:0	279.23	20180509_PC_heart_02.mzXML	25.0	6446.3	0.0	0.0	[9.0..9.0]	[0.0..1.0]	[0.867..0.957]	[5588.942..6169.109]	[0.565..0.584]	[0.54..0.89]	[0.916..0.947]	[5904.8105..6104.646]	[0.606..0.606]	[0.541..0.887]	0.81459224	[4552.709..5025.3086]
Group-1	PC 38:6:0	279.23	20180509_PC_heart_02.mzXML	30.0	6313.8	0.0	0.0	[9.0..9.0]	[0.0..0.0]	[0.883..0.883]	[5575.086..5575.086]	[0.516..0.569]	[0.54..0.89]	[0.883..0.883]	[5575.0854..5575.0854]	[0.548..0.594]	[0.541..0.887]	0.81459224	[4541.4214..4541.4214]
Group-1	PC 38:6:0	279.23	20180509_PC_heart_02.mzXML	35.0	6540.2	0.0	0.0	[9.0..9.0]	[0.0..1.0]	[0.951..0.994]	[6219.73..6500.959]	[0.555..0.645]	[0.54..0.89]	[0.974..0.989]	[6370.155..6468.2583]	[0.575..0.652]	[0.541..0.887]	0.81459224	[5066.544..5295.631]
Group-1	PC 38:6:0	303.23	20180509_PC_heart_02.mzXML	25.0	3965.4	0.0	0.0	[5.0..8.0]	[0.0..1.0]	[1.004..1.2]	[3981.261..4758.48]	[0.416..0.435]	[0.11..0.46]	[0.97..1.0]	[3846.438..3965.4]	[0.394..0.394]	[0.113..0.459]	0.81459224	[3243.1047..3876.221]
Group-1	PC 38:6:0	303.23	20180509_PC_heart_02.mzXML	30.0	3163.2	0.0	0.0	[5.0..8.0]	[1.0..1.0]	[1.337..1.656]	[4229.198..5238.26]	[0.431..0.484]	[0.11..0.46]	[1.205..1.455]	[3811.656..4602.456]	[0.406..0.452]	[0.113..0.459]	0.81459224	[3445.0723..4267.0454]
Group-1	PC 38:6:0	303.23	20180509_PC_heart_02.mzXML	35.0	2007.8	0.0	0.0	[5.0..8.0]	[0.0..1.0]	[1.708..2.594]	[3429.322..5208.234]	[0.355..0.445]	[0.11..0.46]	[1.693..2.38]	[3399.2053..4778.5645]	[0.348..0.425]	[0.113..0.459]	0.81459224	[2793.4993..4242.5864]
Group-1	PC 40:5:0	283.26	20180509_PC_heart_02.mzXML	25.0	1369.1	0.0	0.0	[0.0..0.0]	[0.0..0.0]	[0.968..0.968]	[1325.289..1325.289]	[0.22..0.248]	[0.0..0.0]	[0.968..0.968]	[1325.2888..1325.2888]	[0.22..0.248]	[0.0..0.0]	0.7906781	[1047.8768..1047.8768]
Group-1	PC 40:5:0	283.26	20180509_PC_heart_02.mzXML	30.0	1989.2	0.0	0.0	[0.0..0.0]	[0.0..0.0]	[0.945..0.945]	[1879.794..1879.794]	[0.23..0.301]	[0.0..0.0]	[0.945..0.945]	[1879.794..1879.794]	[0.23..0.301]	[0.0..0.0]	0.7906781	[1486.3119..1486.3119]
Group-1	PC 40:5:0	283.26	20180509_PC_heart_02.mzXML	35.0	1547.8	0.0	0.0	[0.0..0.0]	[0.0..0.0]	[0.937..0.937]	[1450.289..1450.289]	[0.166..0.261]	[0.0..0.0]	[0.937..0.937]	[1450.2886..1450.2886]	[0.166..0.261]	[0.0..0.0]	0.7906781	[1146.7114..1146.7114]
Group-1	PC 40:5:0	329.25	20180509_PC_heart_02.mzXML	25.0	3260.0	0.0	0.0	[4.0..7.0]	[1.0..1.0]	[1.231..1.439]	[4013.06..4691.14]	[0.752..0.78]	[1.0..1.0]	[1.231..1.439]	[4013.0598..4691.14]	[0.752..0.78]	[1.0..1.0]	0.7906781	[3173.0386..3709.1816]
Group-1	PC 40:5:0	329.25	20180509_PC_heart_02.mzXML	30.0	2548.3	0.0	0.0	[4.0..7.0]	[1.0..1.0]	[1.71..2.463]	[4357.594..6276.464]	[0.699..0.77]	[1.0..1.0]	[1.71..2.463]	[4357.5933..6276.4634]	[0.699..0.77]	[1.0..1.0]	0.7906781	[3445.4534..4962.662]
Group-1	PC 40:5:0	329.25	20180509_PC_heart_02.mzXML	35.0	1433.7	0.0	0.0	[4.0..7.0]	[1.0..1.0]	[2.862..5.065]	[4103.249..7261.691]	[0.739..0.834]	[1.0..1.0]	[2.862..5.065]	[4103.249..7261.6904]	[0.739..0.834]	[1.0..1.0]	0.7906781	[3244.349..5741.659]
Group-1	PC 44:0:0	339.32	20180509_PC_heart_02.mzXML	25.0	494481.5	0.0	0.0	[0.0..0.0]	[0.5..0.5]	[0.977..0.977]	[483108.44..483108.44]	[0.5..0.5]	[0.5..0.5]	[0.977..0.977]	[483108.44..483108.44]	[0.5..0.5]	[0.5..0.5]	0.7430324	[358965.22..358965.22]
Group-1	PC 44:0:0	339.32	20180509_PC_heart_02.mzXML	30.0	542703.4	0.0	0.0	[0.0..0.0]	[0.5..0.5]	[0.907..0.907]	[492231.97..492231.97]	[0.5..0.5]	[0.5..0.5]	[0.907..0.907]	[492231.97..492231.97]	[0.5..0.5]	[0.5..0.5]	0.7430324	[365744.28..365744.28]
Group-1	PC 44:0:0	339.32	20180509_PC_heart_02.mzXML	35.0	510614.2	0.0	0.0	[0.0..0.0]	[0.5..0.5]	[0.88..0.88]	[449340.47..449340.47]	[0.5..0.5]	[0.5..0.5]	[0.88..0.88]	[449340.47..449340.47]	[0.5..0.5]	[0.5..0.5]	0.7430324	[333874.53..333874.53]
Group-1	PC 44:12:0	327.23	20180509_PC_heart_02.mzXML	25.0	176619.1	70728.5	0.40045783	[4.0..4.0]	[0.5..0.5]	[2.062..2.062]	[364188.56..364188.56]	[0.5..0.5]	[0.5..0.5]	[2.062..2.062]	[364188.56..364188.56]	[0.5..0.5]	[0.5..0.5]	0.75972176	[276682.0..276682.0]
Group-1	PC 44:12:0	327.23	20180509_PC_heart_02.mzXML	30.0	81093.2	49915.9	0.6155374	[4.0..4.0]	[0.5..0.5]	[4.625..4.625]	[375056.06..375056.06]	[0.5..0.5]	[0.5..0.5]	[4.625..4.625]	[375056.06..375056.06]	[0.5..0.5]	[0.5..0.5]	0.75972176	[284938.25..284938.25]
Group-1	PC 44:12:0	327.23	20180509_PC_heart_02.mzXML	35.0	26891.7	20669.6	0.76862377	[4.0..4.0]	[0.5..0.5]	[12.705..12.705]	[341659.03..341659.03]	[0.5..0.5]	[0.5..0.5]	[12.705..12.705]	[341659.03..341659.03]	[0.5..0.5]	[0.5..0.5]	0.75972176	[259565.8..259565.8]
Group-1	PC 24:0:0	199.17	20180509_PC_heart_03.mzXML	25.0	507025.6	0.0	0.0	[0.0..0.0]	[0.5..0.5]	[1.101..1.101]	[558235.1..558235.1]	[0.5..0.5]	[0.5..0.5]	[1.101..1.101]	[558235.1..558235.1]	[0.5..0.5]	[0.5..0.5]	1.004296	[560633.3..560633.3]
Group-1	PC 24:0:0	199.17	20180509_PC_heart_03.mzXML	30.0	518281.6	0.0	0.0	[0.0..0.0]	[0.5..0.5]	[1.156..1.156]	[599133.56..599133.56]	[0.5..0.5]	[0.5..0.5]	[1.156..1.156]	[599133.56..599133.56]	[0.5..0.5]	[0.5..0.5]	1.004296	[601707.4..601707.4]
Group-1	PC 24:0:0	199.17	20180509_PC_heart_03.mzXML	35.0	484072.2	0.0	0.0	[0.0..0.0]	[0.5..0.5]	[1.179..1.179]	[570721.1..570721.1]	[0.5..0.5]	[0.5..0.5]	[1.179..1.179]	[570721.1..570721.1]	[0.5..0.5]	[0.5..0.5]	1.004296	[573172.94..573172.94]
Group-1	PC 25:0:0	199.17	20180509_PC_heart_03.mzXML	25.0	140841.6	0.0	0.0	[0.0..0.0]	[0.0..1.0]	[1.088..1.096]	[153235.66..154362.38]	[0.27..0.27]	[0.0..0.0]	[1.088..1.088]	[153235.66..153235.66]	[0.268..0.268]	[0.0..0.0]	0.98652405	[151170.67..152282.2]
Group-1	PC 25:0:0	199.17	20180509_PC_heart_03.mzXML	30.0	159630.4	0.0	0.0	[0.0..0.0]	[0.0..1.0]	[1.149..1.152]	[183415.34..183894.22]	[0.287..0.287]	[0.0..0.0]	[1.149..1.149]	[183415.34..183415.34]	[0.286..0.286]	[0.0..0.0]	0.98652405	[180943.64..181416.06]
Group-1	PC 25:0:0	199.17	20180509_PC_heart_03.mzXML	35.0	150423.7	0.0	0.0	[0.0..0.0]	[0.0..1.0]	[1.172..1.175]	[176296.6..176747.84]	[0.29..0.29]	[0.0..0.0]	[1.172..1.172]	[176296.6..176296.6]	[0.289..0.289]	[0.0..0.0]	0.98652405	[173920.81..174365.98]
Group-1	PC 25:0:0	213.18	20180509_PC_heart_03.mzXML	25.0	391379.4	0.0	0.0	[0.0..0.0]	[0.0..1.0]	[1.058..1.068]	[414079.4..417993.2]	[0.73..0.73]	[1.0..1.0]	[1.068..1.068]	[417993.2..417993.2]	[0.732..0.732]	[1.0..1.0]	0.98652405	[408499.28..412360.3]
Group-1	PC 25:0:0	213.18	20180509_PC_heart_03.mzXML	30.0	412662.5	0.0	0.0	[0.0..0.0]	[0.0..1.0]	[1.102..1.108]	[454754.06..457230.06]	[0.713..0.713]	[1.0..1.0]	[1.108..1.108]	[457230.06..457230.06]	[0.714..0.714]	[1.0..1.0]	0.98652405	[448625.8..451068.44]
Group-1	PC 25:0:0	213.18	20180509_PC_heart_03.mzXML	35.0	385399.5	0.0	0.0	[0.0..0.0]	[0.0..1.0]	[1.12..1.124]	[431647.44..433189.03]	[0.71..0.71]	[1.0..1.0]	[1.124..1.124]	[433189.03..433189.03]	[0.711..0.711]	[1.0..1.0]	0.98652405	[425830.6..427351.38]
Group-1	PC 32:0:0	255.23	20180509_PC_heart_03.mzXML	25.0	47784.6	0.0	0.0	[0.0..0.0]	[0.5..0.5]	[1.0..1.0]	[47784.6..47784.6]	[0.5..0.5]	[0.5..0.5]	[1.0..1.0]	[47784.6..47784.6]	[0.5..0.5]	[0.5..0.5]	0.87883294	[41994.684..41994.684]
Group-1	PC 32:0:0	255.23	20180509_PC_heart_03.mzXML	30.0	54131.0	0.0	0.0	[0.0..0.0]	[0.5..0.5]	[1.0..1.0]	[54131.0..54131.0]	[0.5..0.5]	[0.5..0.5]	[1.0..1.0]	[54131.0..54131.0]	[0.5..0.5]	[0.5..0.5]	0.87883294	[47572.105..47572.105]
Group-1	PC 32:0:0	255.23	20180509_PC_heart_03.mzXML	35.0	52423.8	0.0	0.0	[0.0..0.0]	[0.5..0.5]	[1.0..1.0]	[52423.8..52423.8]	[0.5..0.5]	[0.5..0.5]	[1.0..1.0]	[52423.8..52423.8]	[0.5..0.5]	[0.5..0.5]	0.87883294	[46071.76..46071.76]
Group-1	PC 32:1:0	227.2	20180509_PC_heart_03.mzXML	25.0	689.9	0.0	0.0	[0.0..0.0]	[0.0..1.0]	[1.033..1.042]	[712.667..718.876]	[0.123..0.133]	[0.0..0.0]	[1.033..1.033]	[712.66675..712.66675]	[0.122..0.122]	[0.0..0.0]	0.8807945	[627.71295..633.18195]
Group-1	PC 32:1:0	227.2	20180509_PC_heart_03.mzXML	30.0	933.4	0.0	0.0	[0.0..0.0]	[1.0..1.0]	[1.062..1.062]	[991.271..991.271]	[0.181..0.181]	[0.0..0.0]	[1.062..1.062]	[991.2709..991.2709]	[0.181..0.181]	[0.0..0.0]	0.8807945	[873.1059..873.1059]
Group-1	PC 32:1:0	227.2	20180509_PC_heart_03.mzXML	35.0	1051.0	0.0	0.0	[0.0..0.0]	[0.0..0.0]	[1.078..1.078]	[1132.978..1132.978]	[0.193..0.193]	[0.0..0.0]	[1.078..1.078]	[1132.9779..1132.9779]	[0.193..0.193]	[0.0..0.0]	0.8807945	[997.9208..997.9208]
Group-1	PC 32:1:0	253.22	20180509_PC_heart_03.mzXML	25.0	15866.1	0.0	0.0	[9.0..9.0]	[0.0..1.0]	[0.901..0.981]	[14295.356..15564.644]	[0.633..0.652]	[0.8..0.93]	[0.965..0.975]	[15310.786..15469.447]	[0.649..0.651]	[0.804..0.929]	0.8807945	[12591.271..13709.253]
Group-1	PC 32:1:0	253.22	20180509_PC_heart_03.mzXML	30.0	18050.7	0.0	0.0	[9.0..9.0]	[0.0..1.0]	[0.912..0.97]	[16462.238..17509.18]	[0.652..0.666]	[0.8..0.93]	[0.958..0.966]	[17292.57..17436.977]	[0.663..0.665]	[0.804..0.929]	0.8807945	[14499.849..15421.989]
Group-1	PC 32:1:0	253.22	20180509_PC_heart_03.mzXML	35.0	16627.8	0.0	0.0	[9.0..9.0]	[0.0..1.0]	[0.936..0.967]	[15563.621..16079.083]	[0.614..0.622]	[0.8..0.93]	[0.961..0.965]	[15979.317..16045.827]	[0.62..0.621]	[0.804..0.929]	0.8807945	[13708.353..14162.368]
Group-1	PC 32:1:0	255.23	20180509_PC_heart_03.mzXML	25.0	8292.9	0.0	0.0	[0.0..0.0]	[0.0..1.0]	[1.0..1.0]	[8292.901..8292.901]	[0.348..0.367]	[0.07..0.2]	[1.0..1.0]	[8292.9..8292.9]	[0.349..0.351]	[0.071..0.196]	0.8807945	[7304.3413..7304.3413]
Group-1	PC 32:1:0	255.23	20180509_PC_heart_03.mzXML	30.0	8798.1	0.0	0.0	[0.0..0.0]	[0.0..1.0]	[1.0..1.0]	[8798.1..8798.1]	[0.334..0.348]	[0.07..0.2]	[1.0..1.0]	[8798.1..8798.1]	[0.335..0.337]	[0.071..0.196]	0.8807945	[7749.318..7749.318]
Group-1	PC 32:1:0	255.23	20180509_PC_heart_03.mzXML	35.0	9774.2	0.0	0.0	[0.0..0.0]	[0.0..1.0]	[1.0..1.0]	[9774.2..9774.2]	[0.378..0.386]	[0.07..0.2]	[1.0..1.0]	[9774.2..9774.2]	[0.379..0.38]	[0.071..0.196]	0.8807945	[8609.0625..8609.0625]
Group-1	PC 32:1:0	281.25	20180509_PC_heart_03.mzXML	25.0	5324.3	0.0	0.0	[9.0..9.0]	[0.0..1.0]	[0.869..0.964]	[4626.817..5132.625]	[0.867..0.877]	[1.0..1.0]	[0.964..0.964]	[5132.625..5132.625]	[0.878..0.878]	[1.0..1.0]	0.8807945	[4075.275..4520.788]
Group-1	PC 32:1:0	281.25	20180509_PC_heart_03.mzXML	30.0	5246.0	0.0	0.0	[9.0..9.0]	[0.0..0.0]	[0.855..0.855]	[4485.33..4485.33]	[0.819..0.819]	[1.0..1.0]	[0.855..0.855]	[4485.33..4485.33]	[0.819..0.819]	[1.0..1.0]	0.8807945	[3950.654..3950.654]
Group-1	PC 32:1:0	281.25	20180509_PC_heart_03.mzXML	35.0	5202.5	0.0	0.0	[9.0..9.0]	[1.0..1.0]	[0.913..0.913]	[4749.883..4749.883]	[0.807..0.807]	[1.0..1.0]	[0.913..0.913]	[4749.8823..4749.8823]	[0.807..0.807]	[1.0..1.0]	0.8807945	[4183.6704..4183.6704]
Group-1	PC 32:2:0	227.2	20180509_PC_heart_03.mzXML	25.0	1161.0	0.0	0.0	[0.0..0.0]	[0.0..0.0]	[1.042..1.042]	[1209.762..1209.762]	[0.031..0.031]	[0.0..0.0]	[1.042..1.042]	[1209.7621..1209.7621]	[0.031..0.031]	[0.0..0.0]	0.8827558	[1067.9246..1067.9246]
Group-1	PC 32:2:0	227.2	20180509_PC_heart_03.mzXML	30.0	1640.9	0.0	0.0	[0.0..0.0]	[0.0..0.0]	[1.068..1.068]	[1752.481..1752.481]	[0.037..0.037]	[0.0..0.0]	[1.068..1.068]	[1752.4812..1752.4812]	[0.037..0.037]	[0.0..0.0]	0.8827558	[1547.013..1547.013]
Group-1	PC 32:2:0	227.2	20180509_PC_heart_03.mzXML	35.0	1736.3	0.0	0.0	[0.0..0.0]	[0.0..0.0]	[1.078..1.078]	[1871.731..1871.731]	[0.041..0.041]	[0.0..0.0]	[1.078..1.078]	[1871.7313..1871.7313]	[0.041..0.041]	[0.0..0.0]	0.8827558	[1652.2817..1652.2817]
Group-1	PC 32:2:0	253.22	20180509_PC_heart_03.mzXML	25.0	934.5	0.0	0.0	[9.0..9.0]	[0.5..0.5]	[0.905..0.905]	[845.723..845.723]	[0.5..0.5]	[0.5..0.5]	[0.905..0.905]	[845.7225..845.7225]	[0.5..0.5]	[0.5..0.5]	0.8827558	[746.5664..746.5664]
Group-1	PC 32:2:0	253.22	20180509_PC_heart_03.mzXML	30.0	754.4	0.0	0.0	[9.0..9.0]	[0.5..0.5]	[0.907..0.907]	[684.241..684.241]	[0.5..0.5]	[0.5..0.5]	[0.907..0.907]	[684.24084..684.24084]	[0.5..0.5]	[0.5..0.5]	0.8827558	[604.0176..604.0176]
Group-1	PC 32:2:0	253.22	20180509_PC_heart_03.mzXML	35.0	906.5	0.0	0.0	[9.0..9.0]	[0.5..0.5]	[0.911..0.911]	[825.822..825.822]	[0.5..0.5]	[0.5..0.5]	[0.911..0.911]	[825.82153..825.82153]	[0.5..0.5]	[0.5..0.5]	0.8827558	[728.9987..728.9987]
Group-1	PC 32:2:0	279.23	20180509_PC_heart_03.mzXML	25.0	40030.0	0.0	0.0	[9.0..9.0]	[1.0..1.0]	[0.957..0.957]	[38308.71..38308.71]	[0.969..0.969]	[1.0..1.0]	[0.957..0.957]	[38308.71..38308.71]	[0.969..0.969]	[1.0..1.0]	0.8827558	[33817.24..33817.24]
Group-1	PC 32:2:0	279.23	20180509_PC_heart_03.mzXML	30.0	48205.5	0.0	0.0	[9.0..9.0]	[1.0..1.0]	[0.952..0.952]	[45891.637..45891.637]	[0.963..0.963]	[1.0..1.0]	[0.952..0.952]	[45891.637..45891.637]	[0.963..0.963]	[1.0..1.0]	0.8827558	[40511.11..40511.11]
Group-1	PC 32:2:0	279.23	20180509_PC_heart_03.mzXML	35.0	44524.7	0.0	0.0	[9.0..9.0]	[1.0..1.0]	[0.994..0.994]	[44257.55..44257.55]	[0.959..0.959]	[1.0..1.0]	[0.994..0.994]	[44257.55..44257.55]	[0.959..0.959]	[1.0..1.0]	0.8827558	[39068.613..39068.613]
Group-1	PC 34:1:0	253.22	20180509_PC_heart_03.mzXML	25.0	3070.3	0.0	0.0	[9.0..9.0]	[0.0..1.0]	[0.901..0.981]	[2766.34..3011.964]	[1.0..1.0]	[0.86..1.0]	[0.97..0.981]	[2978.1912..3011.9644]	[1.0..1.0]	[0.864..1.0]	0.854385	[2363.5198..2573.3772]
Group-1	PC 34:1:0	253.22	20180509_PC_heart_03.mzXML	30.0	3196.2	0.0	0.0	[9.0..9.0]	[0.0..1.0]	[0.912..0.97]	[2914.934..3100.314]	[0.641..0.652]	[0.86..1.0]	[0.962..0.97]	[3074.7444..3100.314]	[0.653..0.654]	[0.864..1.0]	0.854385	[2490.4763..2648.8618]
Group-1	PC 34:1:0	253.22	20180509_PC_heart_03.mzXML	35.0	3823.1	0.0	0.0	[9.0..9.0]	[0.0..1.0]	[0.936..0.967]	[3578.422..3696.938]	[0.725..0.73]	[0.86..1.0]	[0.963..0.967]	[3681.6455..3696.9377]	[0.731..0.732]	[0.864..1.0]	0.854385	[3057.3499..3158.6082]
Group-1	PC 34:1:0	255.23	20180509_PC_heart_03.mzXML	25.0	154342.0	0.0	0.0	[0.0..0.0]	[0.0..0.0]	[1.0..1.0]	[154342.0..154342.0]	[0.256..0.256]	[0.0..0.0]	[1.0..1.0]	[154342.0..154342.0]	[0.256..0.256]	[0.0..0.0]	0.854385	[131867.5..131867.5]
Group-1	PC 34:1:0	255.23	20180509_PC_heart_03.mzXML	30.0	197508.5	0.0	0.0	[0.0..0.0]	[0.0..0.0]	[1.0..1.0]	[197508.5..197508.5]	[0.288..0.288]	[0.0..0.0]	[1.0..1.0]	[197508.5..197508.5]	[0.288..0.288]	[0.0..0.0]	0.854385	[168748.3..168748.3]
Group-1	PC 34:1:0	255.23	20180509_PC_heart_03.mzXML	35.0	173601.8	0.0	0.0	[0.0..0.0]	[0.0..0.0]	[1.0..1.0]	[173601.8..173601.8]	[0.29..0.29]	[0.0..0.0]	[1.0..1.0]	[173601.8..173601.8]	[0.29..0.29]	[0.0..0.0]	0.854385	[148322.78..148322.78]
Group-1	PC 34:1:0	281.25	20180509_PC_heart_03.mzXML	25.0	465454.2	0.0	0.0	[9.0..9.0]	[1.0..1.0]	[0.964..0.964]	[448697.84..448697.84]	[0.744..0.744]	[1.0..1.0]	[0.964..0.964]	[448697.84..448697.84]	[0.744..0.744]	[1.0..1.0]	0.854385	[383360.72..383360.72]
Group-1	PC 34:1:0	281.25	20180509_PC_heart_03.mzXML	30.0	526673.4	0.0	0.0	[9.0..9.0]	[1.0..1.0]	[0.926..0.926]	[487699.53..487699.53]	[0.712..0.712]	[1.0..1.0]	[0.926..0.926]	[487699.53..487699.53]	[0.712..0.712]	[1.0..1.0]	0.854385	[416683.2..416683.2]
Group-1	PC 34:1:0	281.25	20180509_PC_heart_03.mzXML	35.0	466647.5	0.0	0.0	[9.0..9.0]	[1.0..1.0]	[0.913..0.913]	[426049.16..426049.16]	[0.71..0.71]	[1.0..1.0]	[0.913..0.913]	[426049.16..426049.16]	[0.71..0.71]	[1.0..1.0]	0.854385	[364010.0..364010.0]
Group-1	PC 34:1:0	283.26	20180509_PC_heart_03.mzXML	25.0	0.0	0.0	0.0	[0.0..0.0]	[0.0..1.0]	[0.968..0.988]	[0.0..0.0]	[0.0..0.0]	[0.0..0.14]	[0.968..0.971]	[0.0..0.0]	[0.0..0.0]	[0.0..0.136]	0.854385	[0.0..0.0]
Group-1	PC 34:1:0	283.26	20180509_PC_heart_03.mzXML	30.0	1730.4	0.0	0.0	[0.0..0.0]	[0.0..1.0]	[0.945..0.958]	[1635.228..1657.723]	[0.348..0.359]	[0.0..0.14]	[0.945..0.947]	[1635.228..1638.6888]	[0.346..0.347]	[0.0..0.136]	0.854385	[1397.1143..1416.3339]
Group-1	PC 34:1:0	283.26	20180509_PC_heart_03.mzXML	35.0	1445.6	0.0	0.0	[0.0..0.0]	[0.0..1.0]	[0.937..0.945]	[1354.527..1366.092]	[0.27..0.275]	[0.0..0.14]	[0.937..0.938]	[1354.5271..1355.9728]	[0.268..0.269]	[0.0..0.136]	0.854385	[1157.2877..1167.1686]
Group-1	PC 34:2:0	255.23	20180509_PC_heart_03.mzXML	25.0	466868.9	0.0	0.0	[0.0..0.0]	[0.0..0.0]	[1.0..1.0]	[466868.9..466868.9]	[0.245..0.245]	[0.0..0.0]	[1.0..1.0]	[466868.9..466868.9]	[0.245..0.245]	[0.0..0.0]	0.8562302	[399747.25..399747.25]
Group-1	PC 34:2:0	255.23	20180509_PC_heart_03.mzXML	30.0	551499.4	0.0	0.0	[0.0..0.0]	[0.0..0.0]	[1.0..1.0]	[551499.4..551499.4]	[0.255..0.255]	[0.0..0.0]	[1.0..1.0]	[551499.4..551499.4]	[0.255..0.255]	[0.0..0.0]	0.8562302	[472210.4..472210.4]
Group-1	PC 34:2:0	255.23	20180509_PC_heart_03.mzXML	35.0	584050.1	0.0	0.0	[0.0..0.0]	[0.0..0.0]	[1.0..1.0]	[584050.1..584050.1]	[0.274..0.274]	[0.0..0.0]	[1.0..1.0]	[584050.1..584050.1]	[0.274..0.274]	[0.0..0.0]	0.8562302	[500081.34..500081.34]
Group-1	PC 34:2:0	279.23	20180509_PC_heart_03.mzXML	25.0	1506461.9	0.0	0.0	[9.0..9.0]	[1.0..1.0]	[0.957..0.957]	[1441684.0..1441684.0]	[0.755..0.755]	[1.0..1.0]	[0.957..0.957]	[1441684.0..1441684.0]	[0.755..0.755]	[1.0..1.0]	0.8562302	[1234413.4..1234413.4]
Group-1	PC 34:2:0	279.23	20180509_PC_heart_03.mzXML	30.0	1689377.6	0.0	0.0	[9.0..9.0]	[1.0..1.0]	[0.952..0.952]	[1608287.5..1608287.5]	[0.745..0.745]	[1.0..1.0]	[0.952..0.952]	[1608287.5..1608287.5]	[0.745..0.745]	[1.0..1.0]	0.8562302	[1377064.4..1377064.4]
Group-1	PC 34:2:0	279.23	20180509_PC_heart_03.mzXML	35.0	1560714.2	0.0	0.0	[9.0..9.0]	[1.0..1.0]	[0.994..0.994]	[1551350.0..1551350.0]	[0.726..0.726]	[1.0..1.0]	[0.994..0.994]	[1551350.0..1551350.0]	[0.726..0.726]	[1.0..1.0]	0.8562302	[1328312.6..1328312.6]
Group-1	PC 34:3:0	253.22	20180509_PC_heart_03.mzXML	25.0	5326.2	0.0	0.0	[9.0..9.0]	[0.0..0.0]	[0.901..0.901]	[4798.907..4798.907]	[0.018..0.018]	[0.0..0.0]	[0.901..0.901]	[4798.9067..4798.9067]	[0.018..0.018]	[0.0..0.0]	0.85807484	[4117.821..4117.821]
Group-1	PC 34:3:0	253.22	20180509_PC_heart_03.mzXML	30.0	6029.6	0.0	0.0	[9.0..9.0]	[0.0..0.0]	[0.912..0.912]	[5498.995..5498.995]	[0.018..0.018]	[0.0..0.0]	[0.912..0.912]	[5498.995..5498.995]	[0.018..0.018]	[0.0..0.0]	0.85807484	[4718.5493..4718.5493]
Group-1	PC 34:3:0	253.22	20180509_PC_heart_03.mzXML	35.0	5199.0	0.0	0.0	[9.0..9.0]	[0.0..0.0]	[0.936..0.936]	[4866.264..4866.264]	[0.017..0.017]	[0.0..0.0]	[0.936..0.936]	[4866.264..4866.264]	[0.017..0.017]	[0.0..0.0]	0.85807484	[4175.6187..4175.6187]
Group-1	PC 34:3:0	255.23	20180509_PC_heart_03.mzXML	25.0	5264.4	0.0	0.0	[0.0..0.0]	[0.0..1.0]	[1.0..1.0]	[5264.4..5264.4]	[0.214..0.235]	[0.0..0.0]	[1.0..1.0]	[5264.4..5264.4]	[0.214..0.218]	[0.0..0.0]	0.85807484	[4517.249..4517.249]
Group-1	PC 34:3:0	255.23	20180509_PC_heart_03.mzXML	30.0	7496.3	0.0	0.0	[0.0..0.0]	[0.0..1.0]	[1.0..1.0]	[7496.3..7496.3]	[0.259..0.297]	[0.0..0.0]	[1.0..1.0]	[7496.3..7496.3]	[0.259..0.281]	[0.0..0.0]	0.85807484	[6432.386..6432.386]
Group-1	PC 34:3:0	255.23	20180509_PC_heart_03.mzXML	35.0	6728.6	0.0	0.0	[0.0..0.0]	[0.0..0.0]	[1.0..1.0]	[6728.6..6728.6]	[0.232..0.27]	[0.0..0.0]	[1.0..1.0]	[6728.6..6728.6]	[0.232..0.27]	[0.0..0.0]	0.85807484	[5773.6426..5773.6426]
Group-1	PC 34:3:0	277.22	20180509_PC_heart_03.mzXML	25.0	18272.3	0.0	0.0	[6.0..9.0]	[0.0..1.0]	[0.938..1.061]	[17139.418..19386.91]	[0.765..0.786]	[1.0..1.0]	[1.035..1.061]	[18911.83..19386.91]	[0.782..0.786]	[1.0..1.0]	0.85807484	[14706.904..16635.422]
Group-1	PC 34:3:0	277.22	20180509_PC_heart_03.mzXML	30.0	17233.7	0.0	0.0	[6.0..9.0]	[0.0..1.0]	[1.028..1.242]	[17716.242..21404.254]	[0.703..0.741]	[1.0..1.0]	[1.111..1.242]	[19146.639..21404.254]	[0.719..0.741]	[1.0..1.0]	0.85807484	[15201.862..18366.451]
Group-1	PC 34:3:0	277.22	20180509_PC_heart_03.mzXML	35.0	14169.8	0.0	0.0	[6.0..9.0]	[1.0..1.0]	[1.286..1.572]	[18222.363..22274.926]	[0.73..0.768]	[1.0..1.0]	[1.286..1.572]	[18222.363..22274.926]	[0.73..0.768]	[1.0..1.0]	0.85807484	[15636.151..19113.555]
Group-1	PC 34:3:0	279.23	20180509_PC_heart_03.mzXML	25.0	275971.2	0.0	0.0	[9.0..9.0]	[1.0..1.0]	[0.957..0.957]	[264104.44..264104.44]	[0.982..0.982]	[1.0..1.0]	[0.957..0.957]	[264104.44..264104.44]	[0.982..0.982]	[1.0..1.0]	0.85807484	[226621.38..226621.38]
Group-1	PC 34:3:0	279.23	20180509_PC_heart_03.mzXML	30.0	309410.8	0.0	0.0	[9.0..9.0]	[1.0..1.0]	[0.952..0.952]	[294559.1..294559.1]	[0.982..0.982]	[1.0..1.0]	[0.952..0.952]	[294559.1..294559.1]	[0.982..0.982]	[1.0..1.0]	0.85807484	[252753.75..252753.75]
Group-1	PC 34:3:0	279.23	20180509_PC_heart_03.mzXML	35.0	277500.0	0.0	0.0	[9.0..9.0]	[1.0..1.0]	[0.994..0.994]	[275835.0..275835.0]	[0.983..0.983]	[1.0..1.0]	[0.994..0.994]	[275835.0..275835.0]	[0.983..0.983]	[1.0..1.0]	0.85807484	[236687.08..236687.08]
Group-1	PC 36:1:0	255.23	20180509_PC_heart_03.mzXML	25.0	2345.2	0.0	0.0	[0.0..0.0]	[0.0..0.0]	[1.0..1.0]	[2345.2..2345.2]	[0.533..0.533]	[0.58..0.76]	[1.0..1.0]	[2345.2..2345.2]	[0.533..0.533]	[0.582..0.762]	0.8296408	[1945.6736..1945.6736]
Group-1	PC 36:1:0	255.23	20180509_PC_heart_03.mzXML	30.0	2628.6	0.0	0.0	[0.0..0.0]	[0.0..0.0]	[1.0..1.0]	[2628.6..2628.6]	[0.556..0.556]	[0.58..0.76]	[1.0..1.0]	[2628.6..2628.6]	[0.556..0.556]	[0.582..0.762]	0.8296408	[2180.794..2180.794]
Group-1	PC 36:1:0	255.23	20180509_PC_heart_03.mzXML	35.0	2633.1	0.0	0.0	[0.0..0.0]	[0.0..0.0]	[1.0..1.0]	[2633.1..2633.1]	[0.598..0.598]	[0.58..0.76]	[1.0..1.0]	[2633.1..2633.1]	[0.598..0.598]	[0.582..0.762]	0.8296408	[2184.5273..2184.5273]
Group-1	PC 36:1:0	281.25	20180509_PC_heart_03.mzXML	25.0	107651.9	0.0	0.0	[9.0..9.0]	[0.0..1.0]	[0.869..0.964]	[93549.51..103776.43]	[0.737..0.753]	[1.0..1.0]	[0.964..0.964]	[103776.43..103776.43]	[0.756..0.756]	[1.0..1.0]	0.8296408	[77612.484..86097.16]
Group-1	PC 36:1:0	281.25	20180509_PC_heart_03.mzXML	30.0	130123.0	0.0	0.0	[9.0..9.0]	[0.0..1.0]	[0.855..0.926]	[111255.17..120493.9]	[0.725..0.738]	[1.0..1.0]	[0.926..0.926]	[120493.9..120493.9]	[0.741..0.741]	[1.0..1.0]	0.8296408	[92301.83..99966.66]
Group-1	PC 36:1:0	281.25	20180509_PC_heart_03.mzXML	35.0	120849.4	0.0	0.0	[9.0..9.0]	[0.0..1.0]	[0.868..0.913]	[104897.27..110335.51]	[0.709..0.718]	[1.0..1.0]	[0.913..0.913]	[110335.5..110335.5]	[0.72..0.72]	[1.0..1.0]	0.8296408	[87027.06..91538.836]
Group-1	PC 36:1:0	283.26	20180509_PC_heart_03.mzXML	25.0	34545.0	0.0	0.0	[0.0..0.0]	[0.0..1.0]	[0.968..0.988]	[33439.56..34130.46]	[0.247..0.263]	[0.0..0.0]	[0.968..0.968]	[33439.56..33439.56]	[0.244..0.244]	[0.0..0.0]	0.8296408	[27742.822..28316.021]
Group-1	PC 36:1:0	283.26	20180509_PC_heart_03.mzXML	30.0	44653.6	0.0	0.0	[0.0..0.0]	[0.0..1.0]	[0.945..0.958]	[42197.652..42778.152]	[0.262..0.275]	[0.0..0.0]	[0.945..0.945]	[42197.652..42197.652]	[0.259..0.259]	[0.0..0.0]	0.8296408	[35008.895..35490.5]
Group-1	PC 36:1:0	283.26	20180509_PC_heart_03.mzXML	35.0	45847.7	0.0	0.0	[0.0..0.0]	[0.0..1.0]	[0.937..0.945]	[42959.293..43326.074]	[0.282..0.291]	[0.0..0.0]	[0.937..0.937]	[42959.293..42959.293]	[0.28..0.28]	[0.0..0.0]	0.8296408	[35640.78..35945.08]
Group-1	PC 36:1:0	309.28	20180509_PC_heart_03.mzXML	25.0	2131.0	0.0	0.0	[11.0..11.0]	[1.0..1.0]	[0.963..0.963]	[2052.153..2052.153]	[0.467..0.467]	[0.24..0.42]	[0.963..0.963]	[2052.153..2052.153]	[0.467..0.467]	[0.238..0.418]	0.8296408	[1702.5499..1702.5499]
Group-1	PC 36:1:0	309.28	20180509_PC_heart_03.mzXML	30.0	2351.5	0.0	0.0	[11.0..11.0]	[1.0..1.0]	[0.894..0.894]	[2102.241..2102.241]	[0.444..0.444]	[0.24..0.42]	[0.894..0.894]	[2102.241..2102.241]	[0.444..0.444]	[0.238..0.418]	0.8296408	[1744.105..1744.105]
Group-1	PC 36:1:0	309.28	20180509_PC_heart_03.mzXML	35.0	2055.6	0.0	0.0	[11.0..11.0]	[1.0..1.0]	[0.861..0.861]	[1769.872..1769.872]	[0.402..0.402]	[0.24..0.42]	[0.861..0.861]	[1769.8717..1769.8717]	[0.402..0.402]	[0.238..0.418]	0.8296408	[1468.3577..1468.3577]
Group-1	PC 36:2:0	255.23	20180509_PC_heart_03.mzXML	25.0	4679.3	0.0	0.0	[0.0..0.0]	[0.7..0.7]	[1.0..1.0]	[4679.3..4679.3]	[0.37..0.37]	[0.01..0.18]	[1.0..1.0]	[4679.3..4679.3]	[0.37..0.37]	[0.014..0.176]	0.8313721	[3890.2393..3890.2393]
Group-1	PC 36:2:0	255.23	20180509_PC_heart_03.mzXML	30.0	4924.0	0.0	0.0	[0.0..0.0]	[1.0..1.0]	[1.0..1.0]	[4924.0..4924.0]	[0.35..0.35]	[0.01..0.18]	[1.0..1.0]	[4924.0..4924.0]	[0.35..0.35]	[0.014..0.176]	0.8313721	[4093.676..4093.676]
Group-1	PC 36:2:0	255.23	20180509_PC_heart_03.mzXML	35.0	4535.6	0.0	0.0	[0.0..0.0]	[0.7..1.0]	[1.0..1.0]	[4535.6..4535.6]	[0.318..0.322]	[0.01..0.18]	[1.0..1.0]	[4535.6..4535.6]	[0.318..0.319]	[0.014..0.176]	0.8313721	[3770.7712..3770.7712]
Group-1	PC 36:2:0	279.23	20180509_PC_heart_03.mzXML	25.0	478572.7	0.0	0.0	[9.0..9.0]	[0.0..1.0]	[0.867..0.957]	[414922.5..457994.06]	[0.739..0.754]	[1.0..1.0]	[0.957..0.957]	[457994.06..457994.06]	[0.758..0.758]	[1.0..1.0]	0.8313721	[344955.0..380763.47]
Group-1	PC 36:2:0	279.23	20180509_PC_heart_03.mzXML	30.0	508343.3	0.0	0.0	[9.0..9.0]	[0.0..1.0]	[0.883..0.952]	[448867.16..483942.84]	[0.726..0.738]	[1.0..1.0]	[0.952..0.952]	[483942.84..483942.84]	[0.741..0.741]	[1.0..1.0]	0.8313721	[373175.62..402336.56]
Group-1	PC 36:2:0	279.23	20180509_PC_heart_03.mzXML	35.0	469319.8	0.0	0.0	[9.0..9.0]	[0.0..1.0]	[0.951..0.994]	[446323.12..466503.9]	[0.726..0.733]	[1.0..1.0]	[0.994..0.994]	[466503.9..466503.9]	[0.734..0.734]	[1.0..1.0]	0.8313721	[371060.56..387838.3]
Group-1	PC 36:2:0	281.25	20180509_PC_heart_03.mzXML	25.0	59141.7	0.0	0.0	[9.0..9.0]	[0.5..0.5]	[0.914..0.914]	[54055.51..54055.51]	[0.5..0.5]	[0.5..0.5]	[0.914..0.914]	[54055.51..54055.51]	[0.5..0.5]	[0.5..0.5]	0.8313721	[44940.242..44940.242]
Group-1	PC 36:2:0	281.25	20180509_PC_heart_03.mzXML	30.0	64648.8	0.0	0.0	[9.0..9.0]	[0.5..0.5]	[0.905..0.905]	[58507.164..58507.164]	[0.5..0.5]	[0.5..0.5]	[0.905..0.905]	[58507.164..58507.164]	[0.5..0.5]	[0.5..0.5]	0.8313721	[48641.223..48641.223]
Group-1	PC 36:2:0	281.25	20180509_PC_heart_03.mzXML	35.0	67087.7	0.0	0.0	[9.0..9.0]	[0.5..0.5]	[0.911..0.911]	[61116.9..61116.9]	[0.5..0.5]	[0.5..0.5]	[0.911..0.911]	[61116.9..61116.9]	[0.5..0.5]	[0.5..0.5]	0.8313721	[50810.883..50810.883]
Group-1	PC 36:2:0	283.26	20180509_PC_heart_03.mzXML	25.0	151259.1	0.0	0.0	[0.0..0.0]	[0.0..1.0]	[0.968..0.988]	[146418.8..149443.98]	[0.246..0.261]	[0.0..0.0]	[0.968..0.968]	[146418.8..146418.8]	[0.242..0.242]	[0.0..0.0]	0.8313721	[121728.5..124243.555]
Group-1	PC 36:2:0	283.26	20180509_PC_heart_03.mzXML	30.0	179014.0	0.0	0.0	[0.0..0.0]	[0.0..1.0]	[0.945..0.958]	[169168.23..171495.4]	[0.262..0.274]	[0.0..0.0]	[0.945..0.945]	[169168.23..169168.23]	[0.259..0.259]	[0.0..0.0]	0.8313721	[140641.73..142576.48]
Group-1	PC 36:2:0	283.26	20180509_PC_heart_03.mzXML	35.0	180166.6	0.0	0.0	[0.0..0.0]	[0.0..1.0]	[0.937..0.945]	[168816.1..170257.44]	[0.267..0.274]	[0.0..0.0]	[0.937..0.937]	[168816.1..168816.1]	[0.266..0.266]	[0.0..0.0]	0.8313721	[140348.98..141547.27]
Group-1	PC 36:2:0	307.26	20180509_PC_heart_03.mzXML	25.0	9068.5	0.0	0.0	[11.0..11.0]	[0.3..0.3]	[0.879..0.879]	[7971.212..7971.212]	[0.63..0.63]	[0.82..0.99]	[0.879..0.879]	[7971.2114..7971.2114]	[0.63..0.63]	[0.824..0.986]	0.8313721	[6627.043..6627.043]
Group-1	PC 36:2:0	307.26	20180509_PC_heart_03.mzXML	30.0	11109.3	0.0	0.0	[11.0..11.0]	[0.0..0.0]	[0.824..0.824]	[9154.063..9154.063]	[0.65..0.65]	[0.82..0.99]	[0.824..0.824]	[9154.063..9154.063]	[0.65..0.65]	[0.824..0.986]	0.8313721	[7610.4326..7610.4326]
Group-1	PC 36:2:0	307.26	20180509_PC_heart_03.mzXML	35.0	11161.6	0.0	0.0	[11.0..11.0]	[0.0..0.3]	[0.855..0.87]	[9543.168..9710.592]	[0.678..0.682]	[0.82..0.99]	[0.867..0.87]	[9677.106..9710.592]	[0.681..0.682]	[0.824..0.986]	0.8313721	[7933.9233..8073.1147]
Group-1	PC 36:3:0	255.23	20180509_PC_heart_03.mzXML	25.0	30296.0	0.0	0.0	[0.0..0.0]	[0.0..1.0]	[1.0..1.0]	[30296.0..30296.0]	[0.229..0.253]	[0.0..0.0]	[1.0..1.0]	[30296.0..30296.0]	[0.229..0.234]	[0.0..0.0]	0.8331026	[25239.676..25239.676]
Group-1	PC 36:3:0	255.23	20180509_PC_heart_03.mzXML	30.0	37657.1	0.0	0.0	[0.0..0.0]	[0.0..1.0]	[1.0..1.0]	[37657.1..37657.1]	[0.217..0.267]	[0.0..0.0]	[1.0..1.0]	[37657.1..37657.1]	[0.217..0.252]	[0.0..0.0]	0.8331026	[31372.229..31372.229]
Group-1	PC 36:3:0	255.23	20180509_PC_heart_03.mzXML	35.0	39020.6	0.0	0.0	[0.0..0.0]	[0.0..0.0]	[1.0..1.0]	[39020.6..39020.6]	[0.221..0.288]	[0.0..0.0]	[1.0..1.0]	[39020.6..39020.6]	[0.221..0.288]	[0.0..0.0]	0.8331026	[32508.164..32508.164]
Group-1	PC 36:3:0	277.22	20180509_PC_heart_03.mzXML	25.0	5070.5	0.0	0.0	[6.0..9.0]	[0.0..1.0]	[0.938..1.061]	[4756.129..5379.801]	[0.759..0.778]	[1.0..1.0]	[1.035..1.061]	[5247.9673..5379.8003]	[0.777..0.781]	[1.0..1.0]	0.8331026	[3962.3435..4481.926]
Group-1	PC 36:3:0	277.22	20180509_PC_heart_03.mzXML	30.0	5568.9	0.0	0.0	[6.0..9.0]	[0.0..1.0]	[1.028..1.242]	[5724.829..6916.574]	[0.753..0.784]	[1.0..1.0]	[1.111..1.242]	[6187.0474..6916.5737]	[0.767..0.786]	[1.0..1.0]	0.8331026	[4769.3696..5762.2153]
Group-1	PC 36:3:0	277.22	20180509_PC_heart_03.mzXML	35.0	4506.2	0.0	0.0	[6.0..9.0]	[0.0..1.0]	[1.224..1.572]	[5515.589..7083.747]	[0.778..0.817]	[1.0..1.0]	[1.286..1.572]	[5794.9736..7083.747]	[0.786..0.818]	[1.0..1.0]	0.8331026	[4595.0513..5901.488]
Group-1	PC 36:3:0	279.23	20180509_PC_heart_03.mzXML	25.0	97323.2	0.0	0.0	[9.0..9.0]	[0.0..0.0]	[0.867..0.867]	[84379.22..84379.22]	[0.661..0.661]	[0.9..0.93]	[0.867..0.867]	[84379.22..84379.22]	[0.661..0.661]	[0.901..0.93]	0.8331026	[70296.54..70296.54]
Group-1	PC 36:3:0	279.23	20180509_PC_heart_03.mzXML	30.0	115136.6	0.0	0.0	[9.0..9.0]	[0.0..0.0]	[0.883..0.883]	[101665.62..101665.62]	[0.656..0.656]	[0.9..0.93]	[0.883..0.883]	[101665.62..101665.62]	[0.656..0.656]	[0.901..0.93]	0.8331026	[84697.89..84697.89]
Group-1	PC 36:3:0	279.23	20180509_PC_heart_03.mzXML	35.0	99498.8	0.0	0.0	[9.0..9.0]	[0.0..0.0]	[0.951..0.951]	[94623.35..94623.35]	[0.661..0.661]	[0.9..0.93]	[0.951..0.951]	[94623.35..94623.35]	[0.661..0.661]	[0.901..0.93]	0.8331026	[78830.96..78830.96]
Group-1	PC 36:3:0	281.25	20180509_PC_heart_03.mzXML	25.0	44968.3	0.0	0.0	[9.0..9.0]	[1.0..1.0]	[0.964..0.964]	[43349.44..43349.44]	[0.339..0.339]	[0.07..0.1]	[0.964..0.964]	[43349.44..43349.44]	[0.339..0.339]	[0.07..0.099]	0.8331026	[36114.53..36114.53]
Group-1	PC 36:3:0	281.25	20180509_PC_heart_03.mzXML	30.0	57519.6	0.0	0.0	[9.0..9.0]	[1.0..1.0]	[0.926..0.926]	[53263.152..53263.152]	[0.344..0.344]	[0.07..0.1]	[0.926..0.926]	[53263.152..53263.152]	[0.344..0.344]	[0.07..0.099]	0.8331026	[44373.67..44373.67]
Group-1	PC 36:3:0	281.25	20180509_PC_heart_03.mzXML	35.0	53163.9	0.0	0.0	[9.0..9.0]	[1.0..1.0]	[0.913..0.913]	[48538.637..48538.637]	[0.339..0.339]	[0.07..0.1]	[0.913..0.913]	[48538.637..48538.637]	[0.339..0.339]	[0.07..0.099]	0.8331026	[40437.664..40437.664]
Group-1	PC 36:3:0	283.26	20180509_PC_heart_03.mzXML	25.0	1558.1	0.0	0.0	[0.0..0.0]	[0.0..1.0]	[0.968..0.988]	[1508.241..1539.403]	[0.222..0.241]	[0.0..0.0]	[0.968..0.968]	[1508.2407..1508.2407]	[0.219..0.223]	[0.0..0.0]	0.8331026	[1256.5193..1282.4805]
Group-1	PC 36:3:0	283.26	20180509_PC_heart_03.mzXML	30.0	1988.3	0.0	0.0	[0.0..0.0]	[0.0..1.0]	[0.945..0.958]	[1878.944..1904.792]	[0.216..0.247]	[0.0..0.0]	[0.945..0.945]	[1878.9435..1878.9435]	[0.214..0.233]	[0.0..0.0]	0.8331026	[1565.3527..1586.8867]
Group-1	PC 36:3:0	283.26	20180509_PC_heart_03.mzXML	35.0	1679.5	0.0	0.0	[0.0..0.0]	[0.0..1.0]	[0.937..0.945]	[1573.691..1587.128]	[0.183..0.222]	[0.0..0.0]	[0.937..0.937]	[1573.6914..1573.6914]	[0.182..0.214]	[0.0..0.0]	0.8331026	[1311.0464..1322.24]
Group-1	PC 36:3:0	305.25	20180509_PC_heart_03.mzXML	25.0	99027.7	0.0	0.0	[5.0..11.0]	[0.0..1.0]	[0.901..1.029]	[89223.96..101899.51]	[0.747..0.771]	[1.0..1.0]	[1.001..1.029]	[99126.734..101899.51]	[0.766..0.771]	[1.0..1.0]	0.8331026	[74332.71..84892.74]
Group-1	PC 36:3:0	305.25	20180509_PC_heart_03.mzXML	30.0	111703.6	0.0	0.0	[5.0..11.0]	[0.0..1.0]	[0.925..1.213]	[103325.83..135496.47]	[0.733..0.783]	[1.0..1.0]	[1.003..1.213]	[112038.71..135496.47]	[0.748..0.783]	[1.0..1.0]	0.8331026	[86081.02..112882.47]
Group-1	PC 36:3:0	305.25	20180509_PC_heart_03.mzXML	35.0	87583.6	0.0	0.0	[5.0..11.0]	[1.0..1.0]	[1.099..1.57]	[96254.375..137506.27]	[0.712..0.779]	[1.0..1.0]	[1.099..1.57]	[96254.375..137506.27]	[0.712..0.779]	[1.0..1.0]	0.8331026	[80189.77..114556.82]
Group-1	PC 36:4:0	255.23	20180509_PC_heart_03.mzXML	25.0	59722.7	0.0	0.0	[0.0..0.0]	[0.0..0.0]	[1.0..1.0]	[59722.7..59722.7]	[0.213..0.213]	[0.0..0.0]	[1.0..1.0]	[59722.7..59722.7]	[0.213..0.213]	[0.0..0.0]	0.8348496	[49859.473..49859.473]
Group-1	PC 36:4:0	255.23	20180509_PC_heart_03.mzXML	30.0	73225.8	0.0	0.0	[0.0..0.0]	[0.0..0.0]	[1.0..1.0]	[73225.8..73225.8]	[0.237..0.24]	[0.0..0.0]	[1.0..1.0]	[73225.8..73225.8]	[0.237..0.24]	[0.0..0.0]	0.8348496	[61132.527..61132.527]
Group-1	PC 36:4:0	255.23	20180509_PC_heart_03.mzXML	35.0	70027.6	0.0	0.0	[0.0..0.0]	[0.0..0.0]	[1.0..1.0]	[70027.6..70027.6]	[0.252..0.256]	[0.0..0.0]	[1.0..1.0]	[70027.6..70027.6]	[0.252..0.256]	[0.0..0.0]	0.8348496	[58462.516..58462.516]
Group-1	PC 36:4:0	277.22	20180509_PC_heart_03.mzXML	25.0	478.0	0.0	0.0	[6.0..9.0]	[0.0..0.0]	[0.938..0.944]	[448.364..451.232]	[1.0..1.0]	[0.95..1.0]	[1.009..1.061]	[482.30197..507.158]	[1.0..1.0]	[0.946..1.0]	0.8348496	[374.3165..376.71085]
Group-1	PC 36:4:0	277.22	20180509_PC_heart_03.mzXML	30.0	1013.8	0.0	0.0	[6.0..9.0]	[1.0..1.0]	[1.111..1.242]	[1126.332..1259.14]	[1.0..1.0]	[0.95..1.0]	[1.092..1.242]	[1107.0696..1259.1395]	[1.0..1.0]	[0.946..1.0]	0.8348496	[940.31757..1051.1921]
Group-1	PC 36:4:0	277.22	20180509_PC_heart_03.mzXML	35.0	554.1	0.0	0.0	[6.0..9.0]	[0.0..1.0]	[1.224..1.572]	[678.218..871.045]	[0.667..0.71]	[0.95..1.0]	[1.274..1.572]	[705.9234..871.04517]	[0.676..0.72]	[0.946..1.0]	0.8348496	[566.2103..727.1917]
Group-1	PC 36:4:0	279.23	20180509_PC_heart_03.mzXML	25.0	54578.7	0.0	0.0	[9.0..9.0]	[0.5..0.5]	[0.919..0.919]	[50157.83..50157.83]	[0.5..0.5]	[0.5..0.5]	[0.919..0.919]	[50157.83..50157.83]	[0.5..0.5]	[0.5..0.5]	0.8348496	[41874.24..41874.24]
Group-1	PC 36:4:0	279.23	20180509_PC_heart_03.mzXML	30.0	60383.1	0.0	0.0	[9.0..9.0]	[0.5..0.5]	[0.944..0.944]	[57001.65..57001.65]	[0.5..0.5]	[0.5..0.5]	[0.944..0.944]	[57001.65..57001.65]	[0.5..0.5]	[0.5..0.5]	0.8348496	[47587.805..47587.805]
Group-1	PC 36:4:0	279.23	20180509_PC_heart_03.mzXML	35.0	53821.8	0.0	0.0	[9.0..9.0]	[0.5..0.5]	[1.004..1.004]	[54037.086..54037.086]	[0.5..0.5]	[0.5..0.5]	[1.004..1.004]	[54037.086..54037.086]	[0.5..0.5]	[0.5..0.5]	0.8348496	[45112.84..45112.84]
Group-1	PC 36:4:0	281.25	20180509_PC_heart_03.mzXML	25.0	0.0	0.0	0.0	[9.0..9.0]	[1.0..1.0]	[0.964..0.964]	[0.0..0.0]	[0.0..0.0]	[0.0..0.05]	[0.964..0.964]	[0.0..0.0]	[0.0..0.0]	[0.0..0.054]	0.8348496	[0.0..0.0]
Group-1	PC 36:4:0	281.25	20180509_PC_heart_03.mzXML	30.0	0.0	0.0	0.0	[9.0..9.0]	[0.0..0.0]	[0.855..0.855]	[0.0..0.0]	[0.0..0.0]	[0.0..0.05]	[0.855..0.855]	[0.0..0.0]	[0.0..0.0]	[0.0..0.054]	0.8348496	[0.0..0.0]
Group-1	PC 36:4:0	281.25	20180509_PC_heart_03.mzXML	35.0	389.9	0.0	0.0	[9.0..9.0]	[0.0..1.0]	[0.868..0.913]	[338.433..355.979]	[0.29..0.333]	[0.0..0.05]	[0.868..0.87]	[338.4332..339.21298]	[0.28..0.324]	[0.0..0.054]	0.8348496	[282.5408..297.18866]
Group-1	PC 36:4:0	303.23	20180509_PC_heart_03.mzXML	25.0	184297.4	9205.7	0.049950242	[5.1..5.2]	[1.0..1.0]	[1.194..1.2]	[220051.11..221156.89]	[0.787..0.787]	[1.0..1.0]	[1.194..1.2]	[220051.11..221156.89]	[0.787..0.787]	[1.0..1.0]	0.8348496	[183709.56..184632.73]
Group-1	PC 36:4:0	303.23	20180509_PC_heart_03.mzXML	30.0	142166.6	12154.7	0.08549618	[5.1..5.1]	[1.0..1.0]	[1.634..1.656]	[232300.2..235427.88]	[0.76..0.763]	[1.0..1.0]	[1.634..1.656]	[232300.2..235427.88]	[0.76..0.763]	[1.0..1.0]	0.8348496	[193935.73..196546.88]
Group-1	PC 36:4:0	303.23	20180509_PC_heart_03.mzXML	35.0	80169.8	10388.2	0.12957747	[5.0..5.0]	[1.0..1.0]	[2.542..2.594]	[203791.62..207960.47]	[0.744..0.748]	[1.0..1.0]	[2.542..2.594]	[203791.62..207960.47]	[0.744..0.748]	[1.0..1.0]	0.8348496	[170135.34..173615.7]
Group-1	PC 36:5:0	253.22	20180509_PC_heart_03.mzXML	25.0	0.0	0.0	0.0	[9.0..9.0]	[0.0..1.0]	[0.901..0.981]	[0.0..0.0]	[0.0..0.0]	[0.0..0.0]	[0.901..0.901]	[0.0..0.0]	[0.0..0.0]	[0.0..0.0]	0.83659583	[0.0..0.0]
Group-1	PC 36:5:0	253.22	20180509_PC_heart_03.mzXML	30.0	526.3	0.0	0.0	[9.0..9.0]	[0.0..1.0]	[0.912..0.97]	[479.986..510.511]	[0.01..0.011]	[0.0..0.0]	[0.912..0.912]	[479.9856..479.9856]	[0.009..0.01]	[0.0..0.0]	0.83659583	[401.55396..427.0914]
Group-1	PC 36:5:0	253.22	20180509_PC_heart_03.mzXML	35.0	433.6	0.0	0.0	[9.0..9.0]	[0.0..0.100000024]	[0.936..0.939]	[405.85..407.15]	[0.009..0.01]	[0.0..0.0]	[0.936..0.936]	[405.8496..405.8496]	[0.009..0.009]	[0.0..0.0]	0.83659583	[339.53207..340.62033]
Group-1	PC 36:5:0	255.23	20180509_PC_heart_03.mzXML	25.0	2464.4	0.0	0.0	[0.0..0.0]	[0.0..0.0]	[1.0..1.0]	[2464.4..2464.4]	[0.258..0.258]	[0.0..0.07]	[1.0..1.0]	[2464.4..2464.4]	[0.258..0.258]	[0.0..0.073]	0.83659583	[2061.7068..2061.7068]
Group-1	PC 36:5:0	255.23	20180509_PC_heart_03.mzXML	30.0	3212.9	0.0	0.0	[0.0..0.0]	[0.0..0.0]	[1.0..1.0]	[3212.9..3212.9]	[0.295..0.295]	[0.0..0.07]	[1.0..1.0]	[3212.9..3212.9]	[0.295..0.295]	[0.0..0.073]	0.83659583	[2687.8987..2687.8987]
Group-1	PC 36:5:0	255.23	20180509_PC_heart_03.mzXML	35.0	3005.9	0.0	0.0	[0.0..0.0]	[0.0..0.0]	[1.0..1.0]	[3005.9..3005.9]	[0.34..0.34]	[0.0..0.07]	[1.0..1.0]	[3005.9..3005.9]	[0.34..0.34]	[0.0..0.073]	0.83659583	[2514.7234..2514.7234]
Group-1	PC 36:5:0	301.22	20180509_PC_heart_03.mzXML	25.0	4714.3	0.0	0.0	[5.0..5.0]	[1.0..1.0]	[1.506..1.506]	[7099.736..7099.736]	[0.742..0.742]	[0.93..1.0]	[1.506..1.506]	[7099.736..7099.736]	[0.742..0.742]	[0.927..1.0]	0.83659583	[5939.6094..5939.6094]
Group-1	PC 36:5:0	301.22	20180509_PC_heart_03.mzXML	30.0	3026.6	0.0	0.0	[5.0..5.0]	[1.0..1.0]	[2.533..2.533]	[7666.378..7666.378]	[0.705..0.705]	[0.93..1.0]	[2.533..2.533]	[7666.378..7666.378]	[0.705..0.705]	[0.927..1.0]	0.83659583	[6413.6597..6413.6597]
Group-1	PC 36:5:0	301.22	20180509_PC_heart_03.mzXML	35.0	1159.5	0.0	0.0	[5.0..5.0]	[1.0..1.0]	[5.029..5.029]	[5831.126..5831.126]	[0.66..0.66]	[0.93..1.0]	[5.029..5.029]	[5831.1255..5831.1255]	[0.66..0.66]	[0.927..1.0]	0.83659583	[4878.2954..4878.2954]
Group-1	PC 36:5:0	303.23	20180509_PC_heart_03.mzXML	25.0	36377.1	1767.5	0.048588257	[5.3..5.4]	[0.0..1.0]	[1.043..1.192]	[37941.316..43361.508]	[1.0..1.0]	[1.0..1.0]	[1.179..1.192]	[42888.6..43361.508]	[1.0..1.0]	[1.0..1.0]	0.83659583	[31741.547..36276.055]
Group-1	PC 36:5:0	303.23	20180509_PC_heart_03.mzXML	30.0	31175.5	2422.2	0.07769562	[5.5..5.5]	[0.0..1.0]	[1.414..1.624]	[44082.156..50629.01]	[0.989..0.99]	[1.0..1.0]	[1.571..1.624]	[48976.71..50629.01]	[0.99..0.991]	[1.0..1.0]	0.83659583	[36878.95..42356.02]
Group-1	PC 36:5:0	303.23	20180509_PC_heart_03.mzXML	35.0	17742.9	1874.2	0.10563098	[5.6..5.8]	[0.9..1.0]	[2.337..2.516]	[41465.156..44641.137]	[0.99..0.991]	[1.0..1.0]	[2.385..2.516]	[42316.816..44641.137]	[0.991..0.991]	[1.0..1.0]	0.83659583	[34689.58..37346.59]
Group-1	PC 38:1:0	283.26	20180509_PC_heart_03.mzXML	30.0	309.5	0.0	0.0	[0.0..0.0]	[0.0..0.0]	[0.945..0.945]	[292.478..292.478]	[0.381..0.381]	[0.0..0.19]	[0.945..0.945]	[292.4775..292.4775]	[0.381..0.381]	[0.0..0.193]	0.80639756	[235.85315..235.85315]
Group-1	PC 38:1:0	283.26	20180509_PC_heart_03.mzXML	35.0	0.0	0.0	0.0	[0.0..0.0]	[0.0..0.0]	[0.937..0.937]	[0.0..0.0]	[0.0..0.0]	[0.0..0.19]	[0.937..0.937]	[0.0..0.0]	[0.0..0.0]	[0.0..0.193]	0.80639756	[0.0..0.0]
Group-1	PC 38:1:0	309.28	20180509_PC_heart_03.mzXML	30.0	531.2	0.0	0.0	[11.0..11.0]	[1.0..1.0]	[0.894..0.894]	[474.893..474.893]	[0.619..0.619]	[0.81..1.0]	[0.894..0.894]	[474.89282..474.89282]	[0.619..0.619]	[0.807..1.0]	0.80639756	[382.9524..382.9524]
Group-1	PC 38:1:0	309.28	20180509_PC_heart_03.mzXML	35.0	325.0	0.0	0.0	[11.0..11.0]	[1.0..1.0]	[0.861..0.861]	[279.825..279.825]	[1.0..1.0]	[0.81..1.0]	[0.861..0.861]	[279.825..279.825]	[1.0..1.0]	[0.807..1.0]	0.80639756	[225.65019..225.65019]
Group-1	PC 38:2:0	279.23	20180509_PC_heart_03.mzXML	25.0	6932.5	0.0	0.0	[9.0..9.0]	[0.0..1.0]	[0.867..0.957]	[6010.478..6634.403]	[0.943..0.946]	[1.0..1.0]	[0.957..0.957]	[6634.403..6634.403]	[0.948..0.948]	[1.0..1.0]	0.8080254	[4856.6187..5360.766]
Group-1	PC 38:2:0	279.23	20180509_PC_heart_03.mzXML	30.0	8039.8	0.0	0.0	[9.0..9.0]	[0.0..1.0]	[0.883..0.952]	[7099.144..7653.89]	[0.926..0.928]	[1.0..1.0]	[0.952..0.952]	[7653.8896..7653.8896]	[0.931..0.931]	[1.0..1.0]	0.8080254	[5736.2886..6184.5376]
Group-1	PC 38:2:0	279.23	20180509_PC_heart_03.mzXML	35.0	6779.9	0.0	0.0	[9.0..9.0]	[0.0..1.0]	[0.951..0.994]	[6447.685..6739.221]	[0.948..0.949]	[1.0..1.0]	[0.994..0.994]	[6739.2207..6739.2207]	[0.95..0.95]	[1.0..1.0]	0.8080254	[5209.893..5445.4614]
Group-1	PC 38:2:0	283.26	20180509_PC_heart_03.mzXML	25.0	1135.2	0.0	0.0	[0.0..0.0]	[0.0..0.0]	[0.968..0.968]	[1098.874..1098.874]	[0.261..0.261]	[0.0..0.0]	[0.968..0.968]	[1098.8735..1098.8735]	[0.261..0.261]	[0.0..0.0]	0.8080254	[887.9178..887.9178]
Group-1	PC 38:2:0	283.26	20180509_PC_heart_03.mzXML	30.0	1415.8	0.0	0.0	[0.0..0.0]	[0.0..0.0]	[0.945..0.945]	[1337.931..1337.931]	[0.258..0.258]	[0.0..0.0]	[0.945..0.945]	[1337.931..1337.931]	[0.258..0.258]	[0.0..0.0]	0.8080254	[1081.0823..1081.0823]
Group-1	PC 38:2:0	283.26	20180509_PC_heart_03.mzXML	35.0	1214.2	0.0	0.0	[0.0..0.0]	[0.0..0.0]	[0.937..0.937]	[1137.705..1137.705]	[0.294..0.294]	[0.0..0.0]	[0.937..0.937]	[1137.7053..1137.7053]	[0.294..0.294]	[0.0..0.0]	0.8080254	[919.2948..919.2948]
Group-1	PC 38:2:0	307.26	20180509_PC_heart_03.mzXML	25.0	3281.0	0.0	0.0	[11.0..11.0]	[1.0..1.0]	[0.95..0.95]	[3116.95..3116.95]	[0.739..0.739]	[1.0..1.0]	[0.95..0.95]	[3116.95..3116.95]	[0.739..0.739]	[1.0..1.0]	0.8080254	[2518.5747..2518.5747]
Group-1	PC 38:2:0	307.26	20180509_PC_heart_03.mzXML	30.0	4278.9	0.0	0.0	[11.0..11.0]	[1.0..1.0]	[0.9..0.9]	[3851.01..3851.01]	[0.742..0.742]	[1.0..1.0]	[0.9..0.9]	[3851.0098..3851.0098]	[0.742..0.742]	[1.0..1.0]	0.8080254	[3111.7139..3111.7139]
Group-1	PC 38:2:0	307.26	20180509_PC_heart_03.mzXML	35.0	3013.7	0.0	0.0	[11.0..11.0]	[1.0..1.0]	[0.905..0.905]	[2727.399..2727.399]	[0.706..0.706]	[1.0..1.0]	[0.905..0.905]	[2727.3984..2727.3984]	[0.706..0.706]	[1.0..1.0]	0.8080254	[2203.8074..2203.8074]
Group-1	PC 38:2:0	311.29	20180509_PC_heart_03.mzXML	25.0	383.9	0.0	0.0	[0.0..0.0]	[0.0..1.0]	[0.945..0.995]	[362.786..381.981]	[0.054..0.057]	[0.0..0.0]	[0.945..0.945]	[362.7855..362.7855]	[0.052..0.052]	[0.0..0.0]	0.8080254	[293.1399..308.64996]
Group-1	PC 38:2:0	311.29	20180509_PC_heart_03.mzXML	30.0	631.3	0.0	0.0	[0.0..0.0]	[0.0..1.0]	[0.902..0.934]	[569.433..589.634]	[0.072..0.074]	[0.0..0.0]	[0.902..0.902]	[569.4326..569.4326]	[0.069..0.069]	[0.0..0.0]	0.8080254	[460.11603..476.43942]
Group-1	PC 38:2:0	311.29	20180509_PC_heart_03.mzXML	35.0	402.2	0.0	0.0	[0.0..0.0]	[0.0..1.0]	[0.888..0.908]	[357.154..365.198]	[0.051..0.052]	[0.0..0.0]	[0.888..0.888]	[357.15363..357.15363]	[0.05..0.05]	[0.0..0.0]	0.8080254	[288.5892..295.08893]
Group-1	PC 38:3:0	255.23	20180509_PC_heart_03.mzXML	25.0	494.3	0.0	0.0	[0.0..0.0]	[0.0..0.0]	[1.0..1.0]	[494.3..494.3]	[0.52..0.52]	[0.0..1.0]	[1.0..1.0]	[494.3..494.3]	[0.52..0.52]	[0.0..1.0]	0.8096523	[400.21115..400.21115]
Group-1	PC 38:3:0	255.23	20180509_PC_heart_03.mzXML	30.0	177.5	0.0	0.0	[0.0..0.0]	[1.0..1.0]	[1.0..1.0]	[177.5..177.5]	[1.0..1.0]	[0.0..1.0]	[1.0..1.0]	[177.5..177.5]	[1.0..1.0]	[0.0..1.0]	0.8096523	[143.71329..143.71329]
Group-1	PC 38:3:0	255.23	20180509_PC_heart_03.mzXML	35.0	-1.8	0.0	-0.0	[0.0..0.0]	[0.0..1.0]	[1.0..1.0]	[-1.8..-1.8]	[-0.003..-0.003]	[0.0..1.0]	[1.0..1.0]	[-1.8..-1.8]	[-0.003..-0.003]	[0.0..1.0]	0.8096523	[-1.4573741..-1.4573741]
Group-1	PC 38:3:0	279.23	20180509_PC_heart_03.mzXML	25.0	3006.0	0.0	0.0	[9.0..9.0]	[0.0..0.0]	[0.867..0.867]	[2606.202..2606.202]	[0.768..0.768]	[1.0..1.0]	[0.867..0.867]	[2606.202..2606.202]	[0.768..0.768]	[1.0..1.0]	0.8096523	[2110.1174..2110.1174]
Group-1	PC 38:3:0	279.23	20180509_PC_heart_03.mzXML	30.0	3728.7	0.0	0.0	[9.0..9.0]	[1.0..1.0]	[0.952..0.952]	[3549.723..3549.723]	[0.902..0.902]	[1.0..1.0]	[0.952..0.952]	[3549.7224..3549.7224]	[0.902..0.902]	[1.0..1.0]	0.8096523	[2874.041..2874.041]
Group-1	PC 38:3:0	279.23	20180509_PC_heart_03.mzXML	35.0	3563.9	0.0	0.0	[9.0..9.0]	[0.0..1.0]	[0.951..0.994]	[3389.269..3542.517]	[0.827..0.829]	[1.0..1.0]	[0.994..0.994]	[3542.5166..3542.5166]	[0.835..0.835]	[1.0..1.0]	0.8096523	[2744.1292..2868.2068]
Group-1	PC 38:3:0	281.25	20180509_PC_heart_03.mzXML	25.0	1014.1	0.0	0.0	[9.0..9.0]	[0.0..0.0]	[0.869..0.869]	[881.253..881.253]	[0.54..0.54]	[0.55..0.83]	[0.869..0.869]	[881.25287..881.25287]	[0.54..0.54]	[0.546..0.826]	0.8096523	[713.5085..713.5085]
Group-1	PC 38:3:0	281.25	20180509_PC_heart_03.mzXML	30.0	1207.7	0.0	0.0	[9.0..9.0]	[0.0..0.0]	[0.855..0.855]	[1032.584..1032.584]	[0.518..0.518]	[0.55..0.83]	[0.855..0.855]	[1032.5835..1032.5835]	[0.518..0.518]	[0.546..0.826]	0.8096523	[836.0336..836.0336]
Group-1	PC 38:3:0	281.25	20180509_PC_heart_03.mzXML	35.0	1569.6	0.0	0.0	[9.0..9.0]	[0.0..0.0]	[0.868..0.868]	[1362.413..1362.413]	[0.622..0.622]	[0.55..0.83]	[0.868..0.868]	[1362.4127..1362.4127]	[0.622..0.622]	[0.546..0.826]	0.8096523	[1103.0807..1103.0807]
Group-1	PC 38:3:0	283.26	20180509_PC_heart_03.mzXML	25.0	9502.0	0.0	0.0	[0.0..0.0]	[0.0..1.0]	[0.968..0.988]	[9197.936..9387.976]	[0.226..0.246]	[0.0..0.0]	[0.968..0.968]	[9197.936..9197.936]	[0.222..0.227]	[0.0..0.0]	0.8096523	[7447.1304..7600.9966]
Group-1	PC 38:3:0	283.26	20180509_PC_heart_03.mzXML	30.0	12997.8	0.0	0.0	[0.0..0.0]	[0.0..1.0]	[0.945..0.958]	[12282.921..12451.893]	[0.225..0.273]	[0.0..0.0]	[0.945..0.945]	[12282.921..12282.921]	[0.222..0.257]	[0.0..0.0]	0.8096523	[9944.8955..10081.704]
Group-1	PC 38:3:0	283.26	20180509_PC_heart_03.mzXML	35.0	11851.0	0.0	0.0	[0.0..0.0]	[0.0..0.0]	[0.937..0.937]	[11104.387..11104.387]	[0.202..0.266]	[0.0..0.0]	[0.937..0.937]	[11104.387..11104.387]	[0.202..0.266]	[0.0..0.0]	0.8096523	[8990.692..8990.692]
Group-1	PC 38:3:0	305.25	20180509_PC_heart_03.mzXML	25.0	31288.4	0.0	0.0	[5.0..11.0]	[0.0..1.0]	[0.901..1.029]	[28190.85..32195.766]	[0.754..0.774]	[1.0..1.0]	[1.001..1.029]	[31319.69..32195.766]	[0.773..0.778]	[1.0..1.0]	0.8096523	[22824.787..26067.377]
Group-1	PC 38:3:0	305.25	20180509_PC_heart_03.mzXML	30.0	35409.4	0.0	0.0	[5.0..11.0]	[0.0..1.0]	[0.925..1.213]	[32753.693..42951.6]	[0.727..0.775]	[1.0..1.0]	[1.003..1.213]	[35515.63..42951.6]	[0.743..0.778]	[1.0..1.0]	0.8096523	[26519.105..34775.867]
Group-1	PC 38:3:0	305.25	20180509_PC_heart_03.mzXML	35.0	27946.2	0.0	0.0	[5.0..11.0]	[1.0..1.0]	[1.099..1.57]	[30712.873..43875.535]	[0.734..0.798]	[1.0..1.0]	[1.099..1.57]	[30712.873..43875.535]	[0.734..0.798]	[1.0..1.0]	0.8096523	[24866.748..35523.93]
Group-1	PC 38:3:0	307.26	20180509_PC_heart_03.mzXML	25.0	791.3	0.0	0.0	[11.0..11.0]	[1.0..1.0]	[0.95..0.95]	[751.735..751.735]	[0.46..0.46]	[0.17..0.45]	[0.95..0.95]	[751.735..751.735]	[0.46..0.46]	[0.174..0.454]	0.8096523	[608.644..608.644]
Group-1	PC 38:3:0	307.26	20180509_PC_heart_03.mzXML	30.0	1068.7	0.0	0.0	[11.0..11.0]	[1.0..1.0]	[0.9..0.9]	[961.83..961.83]	[0.482..0.482]	[0.17..0.45]	[0.9..0.9]	[961.82996..961.82996]	[0.482..0.482]	[0.174..0.454]	0.8096523	[778.7478..778.7478]
Group-1	PC 38:3:0	307.26	20180509_PC_heart_03.mzXML	35.0	916.6	0.0	0.0	[11.0..11.0]	[1.0..1.0]	[0.905..0.905]	[829.523..829.523]	[0.378..0.378]	[0.17..0.45]	[0.905..0.905]	[829.52295..829.52295]	[0.378..0.378]	[0.174..0.454]	0.8096523	[671.6252..671.6252]
Group-1	PC 38:3:0	309.28	20180509_PC_heart_03.mzXML	25.0	817.9	0.0	0.0	[11.0..11.0]	[1.0..1.0]	[0.963..0.963]	[787.638..787.638]	[0.232..0.232]	[0.0..0.0]	[0.963..0.963]	[787.6377..787.6377]	[0.232..0.232]	[0.0..0.0]	0.8096523	[637.7127..637.7127]
Group-1	PC 38:3:0	309.28	20180509_PC_heart_03.mzXML	30.0	470.8	0.0	0.0	[11.0..11.0]	[0.0..0.0]	[0.819..0.819]	[385.585..385.585]	[0.098..0.098]	[0.0..0.0]	[0.819..0.819]	[385.5852..385.5852]	[0.098..0.098]	[0.0..0.0]	0.8096523	[312.18994..312.18994]
Group-1	PC 38:3:0	309.28	20180509_PC_heart_03.mzXML	35.0	858.4	0.0	0.0	[11.0..11.0]	[0.0..1.0]	[0.813..0.861]	[697.879..739.082]	[0.171..0.173]	[0.0..0.0]	[0.813..0.813]	[697.8792..697.8792]	[0.165..0.165]	[0.0..0.0]	0.8096523	[565.03955..598.3998]
Group-1	PC 38:3:0	333.28	20180509_PC_heart_03.mzXML	25.0	460.9	0.0	0.0	[13.0..13.0]	[1.0..1.0]	[0.988..0.988]	[455.369..455.369]	[0.48..0.48]	[0.0..1.0]	[0.988..0.988]	[455.36917..455.36917]	[0.48..0.48]	[0.0..1.0]	0.8096523	[368.69073..368.69073]
Group-1	PC 38:3:0	333.28	20180509_PC_heart_03.mzXML	30.0	0.0	0.0	0.0	[13.0..13.0]	[0.0..0.0]	[0.865..0.865]	[0.0..0.0]	[0.0..0.0]	[0.0..1.0]	[0.865..0.865]	[0.0..0.0]	[0.0..0.0]	[0.0..1.0]	0.8096523	[0.0..0.0]
Group-1	PC 38:3:0	333.28	20180509_PC_heart_03.mzXML	35.0	553.0	0.0	0.0	[13.0..13.0]	[0.0..1.0]	[0.944..0.995]	[522.032..550.235]	[1.003..1.003]	[0.0..1.0]	[0.944..0.995]	[522.032..550.235]	[1.003..1.003]	[0.0..1.0]	0.8096523	[422.66443..445.49905]
Group-1	PC 38:4:0	255.23	20180509_PC_heart_03.mzXML	25.0	3551.3	0.0	0.0	[0.0..0.0]	[0.0..1.0]	[1.0..1.0]	[3551.3..3551.3]	[0.199..0.22]	[0.0..0.02]	[1.0..1.0]	[3551.3..3551.3]	[0.199..0.204]	[0.0..0.022]	0.81129444	[2881.15..2881.15]
Group-1	PC 38:4:0	255.23	20180509_PC_heart_03.mzXML	30.0	5560.0	0.0	0.0	[0.0..0.0]	[0.0..1.0]	[1.0..1.0]	[5560.0..5560.0]	[0.258..0.296]	[0.0..0.02]	[1.0..1.0]	[5560.0..5560.0]	[0.258..0.283]	[0.0..0.022]	0.81129444	[4510.797..4510.797]
Group-1	PC 38:4:0	255.23	20180509_PC_heart_03.mzXML	35.0	5419.7	0.0	0.0	[0.0..0.0]	[0.0..0.0]	[1.0..1.0]	[5419.7..5419.7]	[0.274..0.321]	[0.0..0.02]	[1.0..1.0]	[5419.7..5419.7]	[0.274..0.322]	[0.0..0.022]	0.81129444	[4396.9727..4396.9727]
Group-1	PC 38:4:0	281.25	20180509_PC_heart_03.mzXML	25.0	1339.1	0.0	0.0	[9.0..9.0]	[0.0..1.0]	[0.869..0.964]	[1163.678..1290.892]	[0.163..0.167]	[0.0..0.0]	[0.869..0.869]	[1163.6779..1163.6779]	[0.149..0.152]	[0.0..0.0]	0.81129444	[944.08545..1047.2938]
Group-1	PC 38:4:0	281.25	20180509_PC_heart_03.mzXML	30.0	2333.8	0.0	0.0	[9.0..9.0]	[0.0..1.0]	[0.855..0.926]	[1995.399..2161.099]	[0.252..0.289]	[0.0..0.0]	[0.855..0.855]	[1995.399..1995.399]	[0.237..0.273]	[0.0..0.0]	0.81129444	[1618.8562..1753.2875]
Group-1	PC 38:4:0	281.25	20180509_PC_heart_03.mzXML	35.0	2223.8	0.0	0.0	[9.0..9.0]	[0.0..0.0]	[0.868..0.868]	[1930.258..1930.258]	[0.23..0.299]	[0.0..0.0]	[0.868..0.868]	[1930.2584..1930.2584]	[0.23..0.299]	[0.0..0.0]	0.81129444	[1566.0079..1566.0079]
Group-1	PC 38:4:0	283.26	20180509_PC_heart_03.mzXML	25.0	16534.2	0.0	0.0	[0.0..0.0]	[0.0..0.0]	[0.968..0.968]	[16005.104..16005.104]	[0.203..0.206]	[0.0..0.0]	[0.968..0.968]	[16005.1045..16005.1045]	[0.203..0.206]	[0.0..0.0]	0.81129444	[12984.853..12984.853]
Group-1	PC 38:4:0	283.26	20180509_PC_heart_03.mzXML	30.0	21573.4	0.0	0.0	[0.0..0.0]	[0.0..0.0]	[0.945..0.945]	[20386.863..20386.863]	[0.227..0.238]	[0.0..0.0]	[0.945..0.945]	[20386.863..20386.863]	[0.227..0.238]	[0.0..0.0]	0.81129444	[16539.748..16539.748]
Group-1	PC 38:4:0	283.26	20180509_PC_heart_03.mzXML	35.0	21559.1	0.0	0.0	[0.0..0.0]	[0.0..0.0]	[0.937..0.937]	[20200.877..20200.877]	[0.255..0.274]	[0.0..0.0]	[0.937..0.937]	[20200.875..20200.875]	[0.255..0.274]	[0.0..0.0]	0.81129444	[16388.857..16388.857]
Group-1	PC 38:4:0	303.23	20180509_PC_heart_03.mzXML	25.0	52520.0	2739.6	0.052162986	[5.0..5.1]	[1.0..1.0]	[1.176..1.2]	[61763.52..63024.004]	[0.794..0.797]	[1.0..1.0]	[1.176..1.2]	[61763.52..63024.004]	[0.794..0.797]	[1.0..1.0]	0.81129444	[50108.4..51131.023]
Group-1	PC 38:4:0	303.23	20180509_PC_heart_03.mzXML	30.0	41908.1	3803.7	0.090762876	[5.0..5.0]	[1.0..1.0]	[1.56..1.656]	[65376.637..69399.82]	[0.762..0.773]	[1.0..1.0]	[1.56..1.656]	[65376.637..69399.82]	[0.762..0.773]	[1.0..1.0]	0.81129444	[53039.7..56303.684]
Group-1	PC 38:4:0	303.23	20180509_PC_heart_03.mzXML	35.0	22724.5	2306.1	0.10148078	[5.7..5.9]	[1.0..1.0]	[2.359..2.594]	[53607.094..58947.355]	[0.726..0.745]	[1.0..1.0]	[2.359..2.594]	[53607.094..58947.355]	[0.726..0.745]	[1.0..1.0]	0.81129444	[43491.137..47823.66]
Group-1	PC 38:4:0	305.25	20180509_PC_heart_03.mzXML	25.0	6463.7	0.0	0.0	[5.0..11.0]	[0.0..1.0]	[0.901..1.029]	[5823.794..6651.148]	[0.833..0.837]	[1.0..1.0]	[1.001..1.029]	[6470.164..6651.148]	[0.848..0.851]	[1.0..1.0]	0.81129444	[4724.8115..5396.039]
Group-1	PC 38:4:0	305.25	20180509_PC_heart_03.mzXML	30.0	5302.0	0.0	0.0	[5.0..11.0]	[0.0..1.0]	[0.925..1.213]	[4904.35..6431.326]	[0.711..0.748]	[1.0..1.0]	[1.003..1.213]	[5317.9062..6431.326]	[0.727..0.763]	[1.0..1.0]	0.81129444	[3978.8718..5217.699]
Group-1	PC 38:4:0	305.25	20180509_PC_heart_03.mzXML	35.0	4111.2	0.0	0.0	[5.0..11.0]	[1.0..1.0]	[1.099..1.57]	[4518.209..6454.585]	[0.701..0.77]	[1.0..1.0]	[1.099..1.57]	[4518.209..6454.5845]	[0.701..0.77]	[1.0..1.0]	0.81129444	[3665.5977..5236.5684]
Group-1	PC 38:4:0	331.26	20180509_PC_heart_03.mzXML	25.0	13675.9	0.0	0.0	[7.0..10.0]	[0.0..1.0]	[0.923..1.046]	[12622.855..14304.992]	[0.78..0.801]	[0.98..1.0]	[1.016..1.046]	[13894.715..14304.992]	[0.796..0.801]	[0.978..1.0]	0.81129444	[10240.853..11605.56]
Group-1	PC 38:4:0	331.26	20180509_PC_heart_03.mzXML	30.0	12864.0	0.0	0.0	[7.0..10.0]	[0.0..1.0]	[1.027..1.245]	[13211.327..16015.68]	[0.704..0.742]	[0.98..1.0]	[1.095..1.245]	[14086.08..16015.68]	[0.717..0.742]	[0.978..1.0]	0.81129444	[10718.276..12993.432]
Group-1	PC 38:4:0	331.26	20180509_PC_heart_03.mzXML	35.0	8381.9	0.0	0.0	[7.0..10.0]	[1.0..1.0]	[1.365..1.711]	[11441.294..14341.432]	[0.679..0.726]	[0.98..1.0]	[1.36..1.711]	[11399.385..14341.432]	[0.678..0.726]	[0.978..1.0]	0.81129444	[9282.258..11635.123]
Group-1	PC 38:5:0	255.23	20180509_PC_heart_03.mzXML	25.0	6362.2	0.0	0.0	[0.0..0.0]	[0.0..0.0]	[1.0..1.0]	[6362.2..6362.2]	[0.227..0.23]	[0.0..0.0]	[1.0..1.0]	[6362.2..6362.2]	[0.227..0.23]	[0.0..0.0]	0.81293565	[5172.0596..5172.0596]
Group-1	PC 38:5:0	255.23	20180509_PC_heart_03.mzXML	30.0	7810.8	0.0	0.0	[0.0..0.0]	[0.0..0.0]	[1.0..1.0]	[7810.8..7810.8]	[0.238..0.246]	[0.0..0.0]	[1.0..1.0]	[7810.8..7810.8]	[0.238..0.246]	[0.0..0.0]	0.81293565	[6349.6777..6349.6777]
Group-1	PC 38:5:0	255.23	20180509_PC_heart_03.mzXML	35.0	7455.8	0.0	0.0	[0.0..0.0]	[0.0..0.0]	[1.0..1.0]	[7455.8..7455.8]	[0.253..0.268]	[0.0..0.0]	[1.0..1.0]	[7455.8..7455.8]	[0.253..0.268]	[0.0..0.0]	0.81293565	[6061.0854..6061.0854]
Group-1	PC 38:5:0	279.23	20180509_PC_heart_03.mzXML	25.0	1282.7	0.0	0.0	[9.0..9.0]	[0.0..1.0]	[0.867..0.957]	[1112.101..1227.544]	[0.403..0.411]	[0.24..0.48]	[0.889..0.91]	[1140.3203..1167.257]	[0.417..0.433]	[0.241..0.476]	0.81293565	[904.06647..997.91425]
Group-1	PC 38:5:0	279.23	20180509_PC_heart_03.mzXML	30.0	2135.1	0.0	0.0	[9.0..9.0]	[0.0..1.0]	[0.883..0.952]	[1885.294..2032.615]	[0.428..0.476]	[0.24..0.48]	[0.9..0.916]	[1921.5901..1955.7517]	[0.437..0.489]	[0.241..0.476]	0.81293565	[1532.6222..1652.3855]
Group-1	PC 38:5:0	279.23	20180509_PC_heart_03.mzXML	35.0	2020.9	0.0	0.0	[9.0..9.0]	[0.0..0.0]	[0.951..0.951]	[1921.876..1921.876]	[0.403..0.491]	[0.24..0.48]	[0.951..0.951]	[1921.8759..1921.8759]	[0.414..0.507]	[0.241..0.476]	0.81293565	[1562.3615..1562.3615]
Group-1	PC 38:5:0	281.25	20180509_PC_heart_03.mzXML	25.0	4644.2	0.0	0.0	[9.0..9.0]	[0.0..0.5]	[0.869..0.916]	[4035.81..4254.088]	[0.281..0.32]	[0.0..0.13]	[0.869..0.875]	[4035.81..4063.6753]	[0.271..0.297]	[0.0..0.126]	0.81293565	[3280.8538..3458.2993]
Group-1	PC 38:5:0	281.25	20180509_PC_heart_03.mzXML	30.0	5634.3	0.0	0.0	[9.0..9.0]	[0.0..0.5]	[0.855..0.891]	[4817.327..5020.161]	[0.283..0.345]	[0.0..0.13]	[0.855..0.86]	[4817.3267..4845.498]	[0.276..0.329]	[0.0..0.126]	0.81293565	[3916.1765..4081.0679]
Group-1	PC 38:5:0	281.25	20180509_PC_heart_03.mzXML	35.0	5058.8	0.0	0.0	[9.0..9.0]	[0.0..0.0]	[0.868..0.868]	[4391.038..4391.038]	[0.282..0.36]	[0.0..0.13]	[0.868..0.868]	[4391.038..4391.038]	[0.282..0.366]	[0.0..0.126]	0.81293565	[3569.6313..3569.6313]
Group-1	PC 38:5:0	303.23	20180509_PC_heart_03.mzXML	25.0	9087.9	0.0	0.0	[5.0..8.0]	[0.5..1.0]	[0.943..1.2]	[8569.891..10905.48]	[0.68..0.719]	[0.87..1.0]	[1.051..1.2]	[9551.384..10905.48]	[0.703..0.729]	[0.874..1.0]	0.81293565	[6966.7695..8865.454]
Group-1	PC 38:5:0	303.23	20180509_PC_heart_03.mzXML	30.0	7686.3	0.0	0.0	[5.0..8.0]	[0.5..1.0]	[1.191..1.656]	[9154.383..12728.513]	[0.655..0.717]	[0.87..1.0]	[1.281..1.656]	[9846.15..12728.513]	[0.671..0.724]	[0.874..1.0]	0.81293565	[7441.9243..10347.462]
Group-1	PC 38:5:0	303.23	20180509_PC_heart_03.mzXML	35.0	4307.8	0.0	0.0	[5.0..8.0]	[1.0..1.0]	[1.812..2.594]	[7805.734..11174.434]	[0.64..0.718]	[0.87..1.0]	[1.768..2.594]	[7616.19..11174.434]	[0.634..0.718]	[0.874..1.0]	0.81293565	[6345.559..9084.096]
Group-1	PC 38:5:0	305.25	20180509_PC_heart_03.mzXML	25.0	1768.4	0.0	0.0	[5.0..11.0]	[0.0..1.0]	[0.901..1.029]	[1593.329..1819.684]	[0.589..0.597]	[0.52..0.76]	[0.846..0.923]	[1496.0664..1632.2332]	[0.567..0.583]	[0.524..0.759]	0.81293565	[1295.2736..1479.2858]
Group-1	PC 38:5:0	305.25	20180509_PC_heart_03.mzXML	30.0	2241.1	0.0	0.0	[5.0..11.0]	[0.0..1.0]	[0.925..1.213]	[2073.018..2718.455]	[0.524..0.572]	[0.52..0.76]	[0.896..1.126]	[2008.0258..2523.4788]	[0.511..0.563]	[0.524..0.759]	0.81293565	[1685.2299..2209.9285]
Group-1	PC 38:5:0	305.25	20180509_PC_heart_03.mzXML	35.0	1814.0	0.0	0.0	[5.0..11.0]	[1.0..1.0]	[1.099..1.57]	[1993.586..2847.98]	[0.509..0.597]	[0.52..0.76]	[1.03..1.502]	[1868.4199..2724.628]	[0.493..0.586]	[0.524..0.759]	0.81293565	[1620.6571..2315.2246]
Group-1	PC 38:5:0	329.25	20180509_PC_heart_03.mzXML	25.0	17339.3	984.1	0.05675546	[6.7..6.8]	[1.0..1.0]	[1.231..1.251]	[21344.678..21691.467]	[0.77..0.773]	[1.0..1.0]	[1.231..1.251]	[21344.678..21691.467]	[0.77..0.773]	[1.0..1.0]	0.81293565	[17351.85..17633.766]
Group-1	PC 38:5:0	329.25	20180509_PC_heart_03.mzXML	30.0	13974.6	1087.8	0.07784123	[6.9..7.0]	[1.0..1.0]	[1.71..1.785]	[23896.566..24944.66]	[0.754..0.762]	[1.0..1.0]	[1.71..1.785]	[23896.566..24944.66]	[0.754..0.762]	[1.0..1.0]	0.81293565	[19426.371..20278.402]
Group-1	PC 38:5:0	329.25	20180509_PC_heart_03.mzXML	35.0	7121.7	748.4	0.105087265	[6.9..7.0]	[1.0..1.0]	[2.862..3.083]	[20382.307..21956.201]	[0.732..0.747]	[1.0..1.0]	[2.862..3.083]	[20382.307..21956.201]	[0.732..0.747]	[1.0..1.0]	0.81293565	[16569.502..17848.979]
Group-1	PC 38:6:0	279.23	20180509_PC_heart_03.mzXML	25.0	9946.2	0.0	0.0	[9.0..9.0]	[0.0..0.0]	[0.867..0.867]	[8623.355..8623.355]	[0.557..0.574]	[0.6..0.83]	[0.867..0.867]	[8623.355..8623.355]	[0.602..0.612]	[0.601..0.834]	0.81459224	[7024.5186..7024.5186]
Group-1	PC 38:6:0	279.23	20180509_PC_heart_03.mzXML	30.0	11314.4	0.0	0.0	[9.0..9.0]	[0.0..0.0]	[0.883..0.883]	[9990.616..9990.616]	[0.539..0.592]	[0.6..0.83]	[0.883..0.883]	[9990.616..9990.616]	[0.572..0.619]	[0.601..0.834]	0.81459224	[8138.2783..8138.2783]
Group-1	PC 38:6:0	279.23	20180509_PC_heart_03.mzXML	35.0	10203.3	0.0	0.0	[9.0..9.0]	[0.0..0.0]	[0.951..0.951]	[9703.338..9703.338]	[0.538..0.625]	[0.6..0.83]	[0.951..0.951]	[9703.338..9703.338]	[0.561..0.642]	[0.601..0.834]	0.81459224	[7904.264..7904.264]
Group-1	PC 38:6:0	303.23	20180509_PC_heart_03.mzXML	25.0	5719.3	0.0	0.0	[5.0..8.0]	[1.0..1.0]	[1.12..1.2]	[6405.616..6863.16]	[0.426..0.443]	[0.17..0.4]	[0.957..0.996]	[5473.37..5696.4224]	[0.388..0.398]	[0.166..0.399]	0.81459224	[5217.9653..5590.6772]
Group-1	PC 38:6:0	303.23	20180509_PC_heart_03.mzXML	30.0	5152.5	0.0	0.0	[5.0..8.0]	[1.0..1.0]	[1.337..1.656]	[6888.893..8532.54]	[0.408..0.461]	[0.17..0.4]	[1.195..1.449]	[6157.238..7465.9727]	[0.381..0.428]	[0.166..0.399]	0.81459224	[5611.6387..6950.541]
Group-1	PC 38:6:0	303.23	20180509_PC_heart_03.mzXML	35.0	3206.3	0.0	0.0	[5.0..8.0]	[1.0..1.0]	[1.812..2.594]	[5809.816..8317.143]	[0.375..0.462]	[0.17..0.4]	[1.687..2.368]	[5409.0283..7592.5186]	[0.358..0.439]	[0.166..0.399]	0.81459224	[4732.631..6775.08]
Group-1	PC 40:5:0	283.26	20180509_PC_heart_03.mzXML	25.0	1960.7	0.0	0.0	[0.0..0.0]	[0.0..0.0]	[0.968..0.968]	[1897.958..1897.958]	[0.226..0.255]	[0.0..0.0]	[0.968..0.968]	[1897.9575..1897.9575]	[0.226..0.255]	[0.0..0.0]	0.7906781	[1500.6735..1500.6735]
Group-1	PC 40:5:0	283.26	20180509_PC_heart_03.mzXML	30.0	2380.7	0.0	0.0	[0.0..0.0]	[0.0..0.0]	[0.945..0.945]	[2249.762..2249.762]	[0.198..0.262]	[0.0..0.0]	[0.945..0.945]	[2249.7615..2249.7615]	[0.198..0.262]	[0.0..0.0]	0.7906781	[1778.837..1778.837]
Group-1	PC 40:5:0	283.26	20180509_PC_heart_03.mzXML	35.0	2250.6	0.0	0.0	[0.0..0.0]	[0.0..0.0]	[0.937..0.937]	[2108.812..2108.812]	[0.159..0.251]	[0.0..0.0]	[0.937..0.937]	[2108.8123..2108.8123]	[0.159..0.251]	[0.0..0.0]	0.7906781	[1667.3916..1667.3916]
Group-1	PC 40:5:0	329.25	20180509_PC_heart_03.mzXML	25.0	4514.8	0.0	0.0	[4.0..7.0]	[1.0..1.0]	[1.231..1.439]	[5557.719..6496.797]	[0.745..0.774]	[1.0..1.0]	[1.231..1.439]	[5557.7183..6496.797]	[0.745..0.774]	[1.0..1.0]	0.7906781	[4394.3657..5136.875]
Group-1	PC 40:5:0	329.25	20180509_PC_heart_03.mzXML	30.0	3702.7	0.0	0.0	[4.0..7.0]	[1.0..1.0]	[1.71..2.463]	[6331.617..9119.75]	[0.738..0.802]	[1.0..1.0]	[1.71..2.463]	[6331.617..9119.75]	[0.738..0.802]	[1.0..1.0]	0.7906781	[5006.271..7210.7866]
Group-1	PC 40:5:0	329.25	20180509_PC_heart_03.mzXML	35.0	2198.5	0.0	0.0	[4.0..7.0]	[1.0..1.0]	[2.862..5.065]	[6292.107..11135.402]	[0.749..0.841]	[1.0..1.0]	[2.862..5.065]	[6292.107..11135.402]	[0.749..0.841]	[1.0..1.0]	0.7906781	[4975.0312..8804.519]
Group-1	PC 44:0:0	339.32	20180509_PC_heart_03.mzXML	25.0	574023.4	0.0	0.0	[0.0..0.0]	[0.5..0.5]	[0.977..0.977]	[560820.8..560820.8]	[0.5..0.5]	[0.5..0.5]	[0.977..0.977]	[560820.8..560820.8]	[0.5..0.5]	[0.5..0.5]	0.7430324	[416708.06..416708.06]
Group-1	PC 44:0:0	339.32	20180509_PC_heart_03.mzXML	30.0	740621.7	0.0	0.0	[0.0..0.0]	[0.5..0.5]	[0.907..0.907]	[671743.9..671743.9]	[0.5..0.5]	[0.5..0.5]	[0.907..0.907]	[671743.9..671743.9]	[0.5..0.5]	[0.5..0.5]	0.7430324	[499127.5..499127.5]
Group-1	PC 44:0:0	339.32	20180509_PC_heart_03.mzXML	35.0	666235.6	0.0	0.0	[0.0..0.0]	[0.5..0.5]	[0.88..0.88]	[586287.4..586287.4]	[0.5..0.5]	[0.5..0.5]	[0.88..0.88]	[586287.4..586287.4]	[0.5..0.5]	[0.5..0.5]	0.7430324	[435630.5..435630.5]
Group-1	PC 44:12:0	327.23	20180509_PC_heart_03.mzXML	25.0	227987.3	90924.6	0.39881432	[4.0..4.0]	[0.5..0.5]	[2.062..2.062]	[470109.8..470109.8]	[0.5..0.5]	[0.5..0.5]	[2.062..2.062]	[470109.8..470109.8]	[0.5..0.5]	[0.5..0.5]	0.75972176	[357152.66..357152.66]
Group-1	PC 44:12:0	327.23	20180509_PC_heart_03.mzXML	30.0	117360.3	75348.6	0.64202803	[4.0..4.0]	[0.5..0.5]	[4.625..4.625]	[542791.4..542791.4]	[0.5..0.5]	[0.5..0.5]	[4.625..4.625]	[542791.4..542791.4]	[0.5..0.5]	[0.5..0.5]	0.75972176	[412370.4..412370.4]
Group-1	PC 44:12:0	327.23	20180509_PC_heart_03.mzXML	35.0	35428.6	29446.9	0.8311618	[4.0..4.0]	[0.5..0.5]	[12.705..12.705]	[450120.38..450120.38]	[0.5..0.5]	[0.5..0.5]	[12.705..12.705]	[450120.38..450120.38]	[0.5..0.5]	[0.5..0.5]	0.75972176	[341966.25..341966.25]
