Group	Specie	Mz	Sample	CE	C.FAI	C.COI	FA-CO.ratio	FA_Isomer	1st Pos	1st CF	1st C.FAI	1st rel_FAI	2nd Pos	2nd CF	2nd C.FAI	2nd rel_FAI	3rd Pos	TX.CF	C.FAI with TX.CF
Group-1	PG 30:0:0	227.2	240116_PG_FTMSMS-_4.mzXML	25.0	37682.4	0.0	0.0	[0.0..0.0]	[0.0..1.0]	[0.99..1.002]	[37305.574..37757.76]	[0.51..0.513]	[0.5..0.54]	[0.996..0.996]	[37531.668..37531.668]	[0.511..0.511]	[0.5..0.537]	0.970607	[36209.055..36647.95]
Group-1	PG 30:0:0	227.2	240116_PG_FTMSMS-_4.mzXML	30.0	52489.3	0.0	0.0	[0.0..0.0]	[0.0..1.0]	[1.012..1.029]	[53119.17..54011.492]	[0.511..0.516]	[0.5..0.54]	[1.02..1.021]	[53539.086..53591.58]	[0.513..0.514]	[0.5..0.537]	0.970607	[51557.836..52423.93]
Group-1	PG 30:0:0	227.2	240116_PG_FTMSMS-_4.mzXML	35.0	51727.9	0.0	0.0	[0.0..0.0]	[0.0..1.0]	[1.016..1.044]	[52555.547..54003.926]	[0.5..0.506]	[0.5..0.54]	[1.03..1.031]	[53279.734..53331.465]	[0.503..0.503]	[0.5..0.537]	0.970607	[51010.78..52416.59]
Group-1	PG 30:0:0	241.22	240116_PG_FTMSMS-_4.mzXML	25.0	601.6	0.0	0.0	[0.0..0.0]	[0.5..0.5]	[1.015..1.015]	[610.624..610.624]	[0.5..0.5]	[0.5..0.5]	[1.015..1.015]	[610.62396..610.62396]	[0.5..0.5]	[0.5..0.5]	0.970607	[592.67584..592.67584]
Group-1	PG 30:0:0	241.22	240116_PG_FTMSMS-_4.mzXML	30.0	1270.8	0.0	0.0	[0.0..0.0]	[0.5..0.5]	[1.031..1.031]	[1310.195..1310.195]	[0.5..0.5]	[0.5..0.5]	[1.031..1.031]	[1310.1948..1310.1948]	[0.5..0.5]	[0.5..0.5]	0.970607	[1271.6843..1271.6843]
Group-1	PG 30:0:0	241.22	240116_PG_FTMSMS-_4.mzXML	35.0	1380.0	0.0	0.0	[0.0..0.0]	[0.5..0.5]	[1.04..1.04]	[1435.2..1435.2]	[0.5..0.5]	[0.5..0.5]	[1.04..1.04]	[1435.2..1435.2]	[0.5..0.5]	[0.5..0.5]	0.970607	[1393.0151..1393.0151]
Group-1	PG 30:0:0	255.23	240116_PG_FTMSMS-_4.mzXML	25.0	35864.6	0.0	0.0	[0.0..0.0]	[0.0..1.0]	[1.0..1.0]	[35864.6..35864.6]	[0.487..0.49]	[0.46..0.5]	[1.0..1.0]	[35864.6..35864.6]	[0.489..0.489]	[0.463..0.5]	0.970607	[34810.434..34810.434]
Group-1	PG 30:0:0	255.23	240116_PG_FTMSMS-_4.mzXML	30.0	50736.8	0.0	0.0	[0.0..0.0]	[0.0..1.0]	[1.0..1.0]	[50736.8..50736.8]	[0.484..0.489]	[0.46..0.5]	[1.0..1.0]	[50736.8..50736.8]	[0.486..0.487]	[0.463..0.5]	0.970607	[49245.492..49245.492]
Group-1	PG 30:0:0	255.23	240116_PG_FTMSMS-_4.mzXML	35.0	52656.0	0.0	0.0	[0.0..0.0]	[0.0..1.0]	[1.0..1.0]	[52656.0..52656.0]	[0.494..0.5]	[0.46..0.5]	[1.0..1.0]	[52656.0..52656.0]	[0.497..0.497]	[0.463..0.5]	0.970607	[51108.28..51108.28]
Group-1	PG 30:1:0	199.17	240116_PG_FTMSMS-_4.mzXML	25.0	591.6	0.0	0.0	[0.0..0.0]	[0.0..0.0]	[0.979..0.979]	[579.176..579.176]	[0.166..0.166]	[0.0..0.0]	[0.979..0.979]	[579.17633..579.17633]	[0.166..0.166]	[0.0..0.0]	0.9730279	[563.55475..563.55475]
Group-1	PG 30:1:0	199.17	240116_PG_FTMSMS-_4.mzXML	30.0	959.4	0.0	0.0	[0.0..0.0]	[1.0..1.0]	[1.065..1.065]	[1021.761..1021.761]	[0.235..0.235]	[0.0..0.0]	[1.065..1.065]	[1021.7611..1021.7611]	[0.235..0.235]	[0.0..0.0]	0.9730279	[994.20197..994.20197]
Group-1	PG 30:1:0	199.17	240116_PG_FTMSMS-_4.mzXML	35.0	909.8	0.0	0.0	[0.0..0.0]	[0.0..1.0]	[1.025..1.096]	[932.545..997.141]	[0.199..0.206]	[0.0..0.0]	[1.025..1.025]	[932.545..932.545]	[0.195..0.195]	[0.0..0.0]	0.9730279	[907.3922..970.2457]
Group-1	PG 30:1:0	225.19	240116_PG_FTMSMS-_4.mzXML	25.0	7816.5	0.0	0.0	[7.0..7.0]	[0.0..1.0]	[0.962..0.969]	[7519.473..7574.189]	[0.576..0.578]	[0.54..0.68]	[0.966..0.967]	[7550.7393..7558.5557]	[0.577..0.578]	[0.544..0.68]	0.9730279	[7316.6567..7369.8965]
Group-1	PG 30:1:0	225.19	240116_PG_FTMSMS-_4.mzXML	30.0	10151.5	0.0	0.0	[7.0..7.0]	[0.0..1.0]	[0.996..1.011]	[10110.894..10263.167]	[0.537..0.541]	[0.54..0.68]	[1.004..1.006]	[10192.105..10212.409]	[0.539..0.54]	[0.544..0.68]	0.9730279	[9838.182..9986.348]
Group-1	PG 30:1:0	225.19	240116_PG_FTMSMS-_4.mzXML	35.0	9998.2	0.0	0.0	[7.0..7.0]	[0.0..1.0]	[1.026..1.055]	[10258.153..10548.101]	[0.519..0.526]	[0.54..0.68]	[1.042..1.046]	[10418.125..10458.117]	[0.523..0.524]	[0.544..0.68]	0.9730279	[9981.47..10263.596]
Group-1	PG 30:1:0	227.2	240116_PG_FTMSMS-_4.mzXML	25.0	4723.9	0.0	0.0	[0.0..0.0]	[0.0..0.0]	[0.99..0.99]	[4676.661..4676.661]	[0.303..0.303]	[0.05..0.11]	[0.99..0.99]	[4676.661..4676.661]	[0.303..0.303]	[0.046..0.109]	0.9730279	[4550.5215..4550.5215]
Group-1	PG 30:1:0	227.2	240116_PG_FTMSMS-_4.mzXML	30.0	6693.1	0.0	0.0	[0.0..0.0]	[0.0..0.0]	[1.012..1.012]	[6773.417..6773.417]	[0.313..0.313]	[0.05..0.11]	[1.012..1.012]	[6773.417..6773.417]	[0.313..0.313]	[0.046..0.109]	0.9730279	[6590.724..6590.724]
Group-1	PG 30:1:0	227.2	240116_PG_FTMSMS-_4.mzXML	35.0	7110.7	0.0	0.0	[0.0..0.0]	[0.0..0.0]	[1.016..1.016]	[7224.472..7224.472]	[0.331..0.331]	[0.05..0.11]	[1.016..1.016]	[7224.4717..7224.4717]	[0.331..0.331]	[0.046..0.109]	0.9730279	[7029.6123..7029.6123]
Group-1	PG 30:1:0	253.22	240116_PG_FTMSMS-_4.mzXML	25.0	10630.5	0.0	0.0	[9.0..9.0]	[1.0..1.0]	[1.014..1.014]	[10779.327..10779.327]	[0.697..0.697]	[0.89..0.95]	[1.014..1.014]	[10779.327..10779.327]	[0.697..0.697]	[0.891..0.954]	0.9730279	[10488.586..10488.586]
Group-1	PG 30:1:0	253.22	240116_PG_FTMSMS-_4.mzXML	30.0	14698.3	0.0	0.0	[9.0..9.0]	[1.0..1.0]	[1.013..1.013]	[14889.378..14889.378]	[0.687..0.687]	[0.89..0.95]	[1.013..1.013]	[14889.378..14889.378]	[0.687..0.687]	[0.891..0.954]	0.9730279	[14487.779..14487.779]
Group-1	PG 30:1:0	253.22	240116_PG_FTMSMS-_4.mzXML	35.0	14313.0	0.0	0.0	[9.0..9.0]	[1.0..1.0]	[1.021..1.021]	[14613.573..14613.573]	[0.669..0.669]	[0.89..0.95]	[1.021..1.021]	[14613.573..14613.573]	[0.669..0.669]	[0.891..0.954]	0.9730279	[14219.414..14219.414]
Group-1	PG 30:1:0	255.23	240116_PG_FTMSMS-_4.mzXML	25.0	5525.1	0.0	0.0	[0.0..0.0]	[0.0..1.0]	[1.0..1.0]	[5525.1..5525.1]	[0.422..0.424]	[0.32..0.46]	[1.0..1.0]	[5525.1..5525.1]	[0.422..0.423]	[0.32..0.456]	0.9730279	[5376.0767..5376.0767]
Group-1	PG 30:1:0	255.23	240116_PG_FTMSMS-_4.mzXML	30.0	8711.8	0.0	0.0	[0.0..0.0]	[0.0..1.0]	[1.0..1.0]	[8711.8..8711.8]	[0.459..0.463]	[0.32..0.46]	[1.0..1.0]	[8711.8..8711.8]	[0.46..0.461]	[0.32..0.456]	0.9730279	[8476.824..8476.824]
Group-1	PG 30:1:0	255.23	240116_PG_FTMSMS-_4.mzXML	35.0	9506.7	0.0	0.0	[0.0..0.0]	[0.0..1.0]	[1.0..1.0]	[9506.7..9506.7]	[0.474..0.481]	[0.32..0.46]	[1.0..1.0]	[9506.7..9506.7]	[0.476..0.477]	[0.32..0.456]	0.9730279	[9250.284..9250.284]
Group-1	PG 30:1:0	281.25	240116_PG_FTMSMS-_4.mzXML	25.0	3027.8	0.0	0.0	[9.0..9.0]	[1.0..1.0]	[0.958..0.958]	[2900.633..2900.633]	[0.834..0.834]	[1.0..1.0]	[0.958..0.958]	[2900.6326..2900.6326]	[0.834..0.834]	[1.0..1.0]	0.9730279	[2822.3962..2822.3962]
Group-1	PG 30:1:0	281.25	240116_PG_FTMSMS-_4.mzXML	30.0	3658.3	0.0	0.0	[9.0..9.0]	[0.0..0.0]	[0.911..0.911]	[3332.712..3332.712]	[0.765..0.765]	[1.0..1.0]	[0.911..0.911]	[3332.7114..3332.7114]	[0.765..0.765]	[1.0..1.0]	0.9730279	[3242.821..3242.821]
Group-1	PG 30:1:0	281.25	240116_PG_FTMSMS-_4.mzXML	35.0	4109.2	0.0	0.0	[9.0..9.0]	[0.0..1.0]	[0.912..0.936]	[3747.591..3846.212]	[0.794..0.801]	[1.0..1.0]	[0.936..0.936]	[3846.2114..3846.2114]	[0.805..0.805]	[1.0..1.0]	0.9730279	[3646.5103..3742.471]
Group-1	PG 31:0:0	227.2	240116_PG_FTMSMS-_4.mzXML	25.0	694.5	0.0	0.0	[0.0..0.0]	[0.0..1.0]	[0.99..1.002]	[687.555..695.889]	[0.548..0.55]	[0.61..0.78]	[0.997..0.999]	[692.4165..693.8055]	[0.55..0.55]	[0.611..0.78]	0.9540769	[655.98035..663.9316]
Group-1	PG 31:0:0	227.2	240116_PG_FTMSMS-_4.mzXML	30.0	905.4	0.0	0.0	[0.0..0.0]	[0.0..1.0]	[1.012..1.029]	[916.265..931.657]	[0.591..0.594]	[0.61..0.78]	[1.022..1.025]	[925.3188..928.035]	[0.594..0.594]	[0.611..0.78]	0.9540769	[874.1871..888.8721]
Group-1	PG 31:0:0	227.2	240116_PG_FTMSMS-_4.mzXML	35.0	1060.3	0.0	0.0	[0.0..0.0]	[0.0..1.0]	[1.016..1.044]	[1077.265..1106.953]	[0.617..0.621]	[0.61..0.78]	[1.033..1.038]	[1095.2899..1100.5914]	[0.62..0.621]	[0.611..0.78]	0.9540769	[1027.7936..1056.1185]
Group-1	PG 31:0:0	241.22	240116_PG_FTMSMS-_4.mzXML	25.0	15456.9	0.0	0.0	[0.0..0.0]	[0.0..1.0]	[0.995..1.0]	[15379.616..15456.9]	[0.141..0.142]	[0.0..0.0]	[0.995..0.995]	[15379.616..15379.616]	[0.141..0.141]	[0.0..0.0]	0.9540769	[14673.336..14747.071]
Group-1	PG 31:0:0	241.22	240116_PG_FTMSMS-_4.mzXML	30.0	22671.9	0.0	0.0	[0.0..0.0]	[0.0..1.0]	[1.006..1.014]	[22807.934..22989.309]	[0.133..0.134]	[0.0..0.0]	[1.006..1.006]	[22807.934..22807.934]	[0.133..0.133]	[0.0..0.0]	0.9540769	[21760.521..21933.568]
Group-1	PG 31:0:0	241.22	240116_PG_FTMSMS-_4.mzXML	35.0	23393.2	0.0	0.0	[0.0..0.0]	[0.0..1.0]	[1.009..1.021]	[23603.736..23884.457]	[0.135..0.136]	[0.0..0.0]	[1.009..1.009]	[23603.736..23603.736]	[0.135..0.135]	[0.0..0.0]	0.9540769	[22519.78..22787.607]
Group-1	PG 31:0:0	255.23	240116_PG_FTMSMS-_4.mzXML	25.0	93515.5	0.0	0.0	[0.0..0.0]	[0.0..1.0]	[1.0..1.0]	[93515.51..93515.51]	[0.858..0.859]	[1.0..1.0]	[1.0..1.0]	[93515.5..93515.5]	[0.859..0.859]	[1.0..1.0]	0.9540769	[89220.98..89220.98]
Group-1	PG 31:0:0	255.23	240116_PG_FTMSMS-_4.mzXML	30.0	149166.1	0.0	0.0	[0.0..0.0]	[0.0..1.0]	[1.0..1.0]	[149166.1..149166.1]	[0.866..0.867]	[1.0..1.0]	[1.0..1.0]	[149166.1..149166.1]	[0.867..0.867]	[1.0..1.0]	0.9540769	[142315.92..142315.92]
Group-1	PG 31:0:0	255.23	240116_PG_FTMSMS-_4.mzXML	35.0	151583.4	0.0	0.0	[0.0..0.0]	[0.0..1.0]	[1.0..1.0]	[151583.4..151583.4]	[0.864..0.865]	[1.0..1.0]	[1.0..1.0]	[151583.4..151583.4]	[0.865..0.865]	[1.0..1.0]	0.9540769	[144622.22..144622.22]
Group-1	PG 31:0:0	269.25	240116_PG_FTMSMS-_4.mzXML	25.0	566.5	0.0	0.0	[0.0..0.0]	[0.0..1.0]	[1.001..1.004]	[567.067..568.766]	[0.45..0.452]	[0.22..0.39]	[1.002..1.002]	[567.633..567.633]	[0.45..0.45]	[0.22..0.389]	0.9540769	[541.0251..542.6465]
Group-1	PG 31:0:0	269.25	240116_PG_FTMSMS-_4.mzXML	30.0	641.4	0.0	0.0	[0.0..0.0]	[0.0..1.0]	[0.987..0.993]	[633.062..636.91]	[0.406..0.409]	[0.22..0.39]	[0.988..0.989]	[633.7032..634.34467]	[0.406..0.406]	[0.22..0.389]	0.9540769	[603.9897..607.6613]
Group-1	PG 31:0:0	269.25	240116_PG_FTMSMS-_4.mzXML	35.0	682.5	0.0	0.0	[0.0..0.0]	[0.0..1.0]	[0.981..0.989]	[669.533..674.993]	[0.379..0.383]	[0.22..0.39]	[0.983..0.984]	[670.89746..671.58]	[0.379..0.38]	[0.22..0.389]	0.9540769	[638.78546..643.99475]
Group-1	PG 32:0:0	227.2	240116_PG_FTMSMS-_4.mzXML	25.0	2883.2	0.0	0.0	[0.0..0.0]	[0.0..1.0]	[0.99..1.002]	[2854.368..2888.966]	[1.0..1.0]	[0.44..1.0]	[0.995..1.002]	[2868.784..2888.9663]	[1.0..1.0]	[0.435..1.0]	0.9381556	[2677.8413..2710.2998]
Group-1	PG 32:0:0	227.2	240116_PG_FTMSMS-_4.mzXML	30.0	8241.2	0.0	0.0	[0.0..0.0]	[0.0..1.0]	[1.012..1.029]	[8340.095..8480.195]	[0.518..0.52]	[0.44..1.0]	[1.019..1.029]	[8397.783..8480.195]	[0.52..0.521]	[0.435..1.0]	0.9381556	[7824.3057..7955.7427]
Group-1	PG 32:0:0	227.2	240116_PG_FTMSMS-_4.mzXML	35.0	9667.2	0.0	0.0	[0.0..0.0]	[0.0..1.0]	[1.016..1.044]	[9821.876..10092.558]	[0.472..0.475]	[0.44..1.0]	[1.028..1.044]	[9937.882..10092.558]	[0.475..0.477]	[0.435..1.0]	0.9381556	[9214.447..9468.389]
Group-1	PG 32:0:0	255.23	240116_PG_FTMSMS-_4.mzXML	25.0	2004951.1	0.0	0.0	[0.0..0.0]	[0.5..0.5]	[1.0..1.0]	[2004951.1..2004951.1]	[0.5..0.5]	[0.5..0.5]	[1.0..1.0]	[2004951.1..2004951.1]	[0.5..0.5]	[0.5..0.5]	0.9381556	[1880956.1..1880956.1]
Group-1	PG 32:0:0	255.23	240116_PG_FTMSMS-_4.mzXML	30.0	2863364.8	0.0	0.0	[0.0..0.0]	[0.5..0.5]	[1.0..1.0]	[2863364.8..2863364.8]	[0.5..0.5]	[0.5..0.5]	[1.0..1.0]	[2863364.8..2863364.8]	[0.5..0.5]	[0.5..0.5]	0.9381556	[2686281.8..2686281.8]
Group-1	PG 32:0:0	255.23	240116_PG_FTMSMS-_4.mzXML	35.0	2866790.0	0.0	0.0	[0.0..0.0]	[0.5..0.5]	[1.0..1.0]	[2866790.0..2866790.0]	[0.5..0.5]	[0.5..0.5]	[1.0..1.0]	[2866790.0..2866790.0]	[0.5..0.5]	[0.5..0.5]	0.9381556	[2689495.0..2689495.0]
Group-1	PG 32:0:0	283.26	240116_PG_FTMSMS-_4.mzXML	25.0	0.0	0.0	0.0	[0.0..0.0]	[0.0..1.0]	[1.002..1.009]	[0.0..0.0]	[0.0..0.0]	[0.0..0.56]	[1.002..1.006]	[0.0..0.0]	[0.0..0.0]	[0.0..0.565]	0.9381556	[0.0..0.0]
Group-1	PG 32:0:0	283.26	240116_PG_FTMSMS-_4.mzXML	30.0	7947.3	0.0	0.0	[0.0..0.0]	[0.0..1.0]	[0.976..0.985]	[7756.565..7828.091]	[0.48..0.482]	[0.0..0.56]	[0.976..0.981]	[7756.5645..7796.3013]	[0.479..0.48]	[0.0..0.565]	0.9381556	[7276.8647..7343.967]
Group-1	PG 32:0:0	283.26	240116_PG_FTMSMS-_4.mzXML	35.0	11422.9	0.0	0.0	[0.0..0.0]	[0.0..1.0]	[0.963..0.976]	[11000.253..11148.751]	[0.525..0.528]	[0.0..0.56]	[0.963..0.97]	[11000.253..11080.214]	[0.523..0.525]	[0.0..0.565]	0.9381556	[10319.949..10459.263]
Group-1	PG 32:1:0	227.2	240116_PG_FTMSMS-_4.mzXML	25.0	157815.2	0.0	0.0	[0.0..0.0]	[0.0..0.0]	[0.99..0.99]	[156237.05..156237.05]	[0.248..0.248]	[0.0..0.0]	[0.99..0.99]	[156237.05..156237.05]	[0.248..0.248]	[0.0..0.0]	0.9404044	[146926.02..146926.02]
Group-1	PG 32:1:0	227.2	240116_PG_FTMSMS-_4.mzXML	30.0	229607.8	0.0	0.0	[0.0..0.0]	[1.0..1.0]	[1.029..1.029]	[236266.44..236266.44]	[0.268..0.268]	[0.0..0.0]	[1.029..1.029]	[236266.44..236266.44]	[0.268..0.268]	[0.0..0.0]	0.9404044	[222186.0..222186.0]
Group-1	PG 32:1:0	227.2	240116_PG_FTMSMS-_4.mzXML	35.0	231118.5	0.0	0.0	[0.0..0.0]	[0.0..1.0]	[1.016..1.044]	[234816.4..241287.72]	[0.266..0.266]	[0.0..0.0]	[1.016..1.016]	[234816.4..234816.4]	[0.261..0.261]	[0.0..0.0]	0.9404044	[220822.39..226908.05]
Group-1	PG 32:1:0	253.22	240116_PG_FTMSMS-_4.mzXML	25.0	2259949.8	0.0	0.0	[9.0..9.0]	[0.0..1.0]	[0.97..1.014]	[2192151.2..2291589.5]	[0.716..0.724]	[0.96..1.0]	[1.012..1.014]	[2287069.0..2291589.2]	[0.724..0.724]	[0.96..1.0]	0.9404044	[2061508.8..2155020.5]
Group-1	PG 32:1:0	253.22	240116_PG_FTMSMS-_4.mzXML	30.0	3121539.0	0.0	0.0	[9.0..9.0]	[0.0..1.0]	[0.979..1.013]	[3055986.5..3162119.0]	[0.704..0.711]	[0.96..1.0]	[1.012..1.013]	[3158997.2..3162119.0]	[0.711..0.711]	[0.96..1.0]	0.9404044	[2873863.2..2973670.8]
Group-1	PG 32:1:0	253.22	240116_PG_FTMSMS-_4.mzXML	35.0	3084834.5	0.0	0.0	[9.0..9.0]	[0.0..1.0]	[0.99..1.021]	[3053986.2..3149616.2]	[0.699..0.706]	[0.96..1.0]	[1.02..1.021]	[3146531.2..3149616.0]	[0.706..0.706]	[0.96..1.0]	0.9404044	[2871982.0..2961913.0]
Group-1	PG 32:1:0	255.23	240116_PG_FTMSMS-_4.mzXML	25.0	871587.9	0.0	0.0	[0.0..0.0]	[0.0..1.0]	[1.0..1.0]	[871587.9..871587.9]	[0.276..0.284]	[0.0..0.04]	[1.0..1.0]	[871587.9..871587.9]	[0.276..0.276]	[0.0..0.04]	0.9404044	[819645.06..819645.06]
Group-1	PG 32:1:0	255.23	240116_PG_FTMSMS-_4.mzXML	30.0	1283670.8	0.0	0.0	[0.0..0.0]	[0.0..1.0]	[1.0..1.0]	[1283670.8..1283670.8]	[0.289..0.296]	[0.0..0.04]	[1.0..1.0]	[1283670.8..1283670.8]	[0.289..0.289]	[0.0..0.04]	0.9404044	[1207169.6..1207169.6]
Group-1	PG 32:1:0	255.23	240116_PG_FTMSMS-_4.mzXML	35.0	1312556.1	0.0	0.0	[0.0..0.0]	[0.0..1.0]	[1.0..1.0]	[1312556.1..1312556.1]	[0.294..0.301]	[0.0..0.04]	[1.0..1.0]	[1312556.1..1312556.1]	[0.294..0.294]	[0.0..0.04]	0.9404044	[1234333.6..1234333.6]
Group-1	PG 32:1:0	281.25	240116_PG_FTMSMS-_4.mzXML	25.0	494079.4	0.0	0.0	[9.0..9.0]	[1.0..1.0]	[0.958..0.958]	[473328.06..473328.06]	[0.752..0.752]	[1.0..1.0]	[0.958..0.958]	[473328.06..473328.06]	[0.752..0.752]	[1.0..1.0]	0.9404044	[445119.8..445119.8]
Group-1	PG 32:1:0	281.25	240116_PG_FTMSMS-_4.mzXML	30.0	709976.4	0.0	0.0	[9.0..9.0]	[0.0..0.0]	[0.911..0.911]	[646788.5..646788.5]	[0.732..0.732]	[1.0..1.0]	[0.911..0.911]	[646788.5..646788.5]	[0.732..0.732]	[1.0..1.0]	0.9404044	[608242.75..608242.75]
Group-1	PG 32:1:0	281.25	240116_PG_FTMSMS-_4.mzXML	35.0	710147.5	0.0	0.0	[9.0..9.0]	[0.0..1.0]	[0.912..0.936]	[647654.5..664698.06]	[0.734..0.734]	[1.0..1.0]	[0.936..0.936]	[664698.06..664698.06]	[0.739..0.739]	[1.0..1.0]	0.9404044	[609057.2..625085.0]
Group-1	PG 32:2:0	225.19	240116_PG_FTMSMS-_4.mzXML	25.0	1822.9	0.0	0.0	[7.0..7.0]	[0.0..0.0]	[0.962..0.962]	[1753.63..1753.63]	[0.198..0.198]	[0.0..0.0]	[0.962..0.962]	[1753.6299..1753.6299]	[0.198..0.198]	[0.0..0.0]	0.9426762	[1653.1051..1653.1051]
Group-1	PG 32:2:0	225.19	240116_PG_FTMSMS-_4.mzXML	30.0	2566.2	0.0	0.0	[7.0..7.0]	[0.0..0.0]	[1.011..1.011]	[2594.428..2594.428]	[0.214..0.214]	[0.0..0.0]	[1.011..1.011]	[2594.4282..2594.4282]	[0.214..0.214]	[0.0..0.0]	0.9426762	[2445.7058..2445.7058]
Group-1	PG 32:2:0	225.19	240116_PG_FTMSMS-_4.mzXML	35.0	2754.3	0.0	0.0	[7.0..7.0]	[0.0..0.0]	[1.055..1.055]	[2905.787..2905.787]	[0.239..0.239]	[0.0..0.0]	[1.055..1.055]	[2905.7864..2905.7864]	[0.239..0.239]	[0.0..0.0]	0.9426762	[2739.2156..2739.2156]
Group-1	PG 32:2:0	227.2	240116_PG_FTMSMS-_4.mzXML	25.0	53621.2	0.0	0.0	[0.0..0.0]	[0.0..0.0]	[0.99..0.99]	[53084.99..53084.99]	[0.247..0.247]	[0.0..0.0]	[0.99..0.99]	[53084.99..53084.99]	[0.247..0.247]	[0.0..0.0]	0.9426762	[50041.953..50041.953]
Group-1	PG 32:2:0	227.2	240116_PG_FTMSMS-_4.mzXML	30.0	73707.2	0.0	0.0	[0.0..0.0]	[0.0..0.0]	[1.012..1.012]	[74591.69..74591.69]	[0.257..0.257]	[0.0..0.0]	[1.012..1.012]	[74591.69..74591.69]	[0.257..0.257]	[0.0..0.0]	0.9426762	[70315.805..70315.805]
Group-1	PG 32:2:0	227.2	240116_PG_FTMSMS-_4.mzXML	35.0	72178.5	0.0	0.0	[0.0..0.0]	[0.0..0.0]	[1.016..1.016]	[73333.36..73333.36]	[0.257..0.257]	[0.0..0.0]	[1.016..1.016]	[73333.36..73333.36]	[0.257..0.257]	[0.0..0.0]	0.9426762	[69129.61..69129.61]
Group-1	PG 32:2:0	251.2	240116_PG_FTMSMS-_4.mzXML	25.0	23847.6	0.0	0.0	[9.0..9.0]	[0.0..1.0]	[0.967..0.996]	[23060.629..23752.207]	[0.675..0.681]	[0.65..0.92]	[0.986..0.994]	[23513.732..23704.514]	[0.679..0.681]	[0.653..0.917]	0.9426762	[21738.705..22390.643]
Group-1	PG 32:2:0	251.2	240116_PG_FTMSMS-_4.mzXML	30.0	25668.7	0.0	0.0	[9.0..9.0]	[0.0..1.0]	[1.012..1.03]	[25976.723..26438.76]	[0.617..0.621]	[0.65..0.92]	[1.024..1.029]	[26284.75..26413.092]	[0.62..0.621]	[0.653..0.917]	0.9426762	[24487.639..24923.19]
Group-1	PG 32:2:0	251.2	240116_PG_FTMSMS-_4.mzXML	35.0	20413.6	0.0	0.0	[9.0..9.0]	[0.0..1.0]	[1.088..1.098]	[22209.998..22414.133]	[0.566..0.568]	[0.65..0.92]	[1.095..1.097]	[22352.893..22393.719]	[0.567..0.568]	[0.653..0.917]	0.9426762	[20936.836..21129.27]
Group-1	PG 32:2:0	253.22	240116_PG_FTMSMS-_4.mzXML	25.0	64358.0	0.0	0.0	[9.0..9.0]	[0.5..0.5]	[0.974..0.974]	[62684.69..62684.69]	[0.5..0.5]	[0.5..0.5]	[0.974..0.974]	[62684.69..62684.69]	[0.5..0.5]	[0.5..0.5]	0.9426762	[59091.363..59091.363]
Group-1	PG 32:2:0	253.22	240116_PG_FTMSMS-_4.mzXML	30.0	85729.7	0.0	0.0	[9.0..9.0]	[0.5..0.5]	[0.979..0.979]	[83929.375..83929.375]	[0.5..0.5]	[0.5..0.5]	[0.979..0.979]	[83929.375..83929.375]	[0.5..0.5]	[0.5..0.5]	0.9426762	[79118.23..79118.23]
Group-1	PG 32:2:0	253.22	240116_PG_FTMSMS-_4.mzXML	35.0	84928.8	0.0	0.0	[9.0..9.0]	[0.5..0.5]	[0.988..0.988]	[83909.65..83909.65]	[0.5..0.5]	[0.5..0.5]	[0.988..0.988]	[83909.65..83909.65]	[0.5..0.5]	[0.5..0.5]	0.9426762	[79099.625..79099.625]
Group-1	PG 32:2:0	255.23	240116_PG_FTMSMS-_4.mzXML	25.0	11125.5	0.0	0.0	[0.0..0.0]	[0.0..1.0]	[1.0..1.0]	[11125.5..11125.5]	[0.319..0.325]	[0.08..0.35]	[1.0..1.0]	[11125.5..11125.5]	[0.319..0.321]	[0.083..0.347]	0.9426762	[10487.744..10487.744]
Group-1	PG 32:2:0	255.23	240116_PG_FTMSMS-_4.mzXML	30.0	16127.7	0.0	0.0	[0.0..0.0]	[0.0..1.0]	[1.0..1.0]	[16127.7..16127.7]	[0.379..0.383]	[0.08..0.35]	[1.0..1.0]	[16127.7..16127.7]	[0.379..0.38]	[0.083..0.347]	0.9426762	[15203.199..15203.199]
Group-1	PG 32:2:0	255.23	240116_PG_FTMSMS-_4.mzXML	35.0	17036.6	0.0	0.0	[0.0..0.0]	[0.0..1.0]	[1.0..1.0]	[17036.6..17036.6]	[0.432..0.434]	[0.08..0.35]	[1.0..1.0]	[17036.6..17036.6]	[0.432..0.433]	[0.083..0.347]	0.9426762	[16059.997..16059.997]
Group-1	PG 32:2:0	279.23	240116_PG_FTMSMS-_4.mzXML	25.0	170717.8	0.0	0.0	[9.0..9.0]	[1.0..1.0]	[0.946..0.946]	[161499.03..161499.03]	[0.753..0.753]	[1.0..1.0]	[0.946..0.946]	[161499.03..161499.03]	[0.753..0.753]	[1.0..1.0]	0.9426762	[152241.3..152241.3]
Group-1	PG 32:2:0	279.23	240116_PG_FTMSMS-_4.mzXML	30.0	225315.0	0.0	0.0	[9.0..9.0]	[1.0..1.0]	[0.957..0.957]	[215626.45..215626.45]	[0.743..0.743]	[1.0..1.0]	[0.957..0.957]	[215626.45..215626.45]	[0.743..0.743]	[1.0..1.0]	0.9426762	[203265.92..203265.92]
Group-1	PG 32:2:0	279.23	240116_PG_FTMSMS-_4.mzXML	35.0	210199.5	0.0	0.0	[9.0..9.0]	[1.0..1.0]	[1.01..1.01]	[212301.5..212301.5]	[0.743..0.743]	[1.0..1.0]	[1.01..1.01]	[212301.5..212301.5]	[0.743..0.743]	[1.0..1.0]	0.9426762	[200131.56..200131.56]
Group-1	PG 32:2:0	281.25	240116_PG_FTMSMS-_4.mzXML	25.0	7412.5	0.0	0.0	[9.0..9.0]	[1.0..1.0]	[0.958..0.958]	[7101.175..7101.175]	[0.802..0.802]	[1.0..1.0]	[0.958..0.958]	[7101.175..7101.175]	[0.802..0.802]	[1.0..1.0]	0.9426762	[6694.109..6694.109]
Group-1	PG 32:2:0	281.25	240116_PG_FTMSMS-_4.mzXML	30.0	10166.4	0.0	0.0	[9.0..9.0]	[1.0..1.0]	[0.937..0.937]	[9525.917..9525.917]	[0.786..0.786]	[1.0..1.0]	[0.937..0.937]	[9525.917..9525.917]	[0.786..0.786]	[1.0..1.0]	0.9426762	[8979.855..8979.855]
Group-1	PG 32:2:0	281.25	240116_PG_FTMSMS-_4.mzXML	35.0	9909.3	0.0	0.0	[9.0..9.0]	[1.0..1.0]	[0.936..0.936]	[9275.104..9275.104]	[0.761..0.761]	[1.0..1.0]	[0.936..0.936]	[9275.1045..9275.1045]	[0.761..0.761]	[1.0..1.0]	0.9426762	[8743.42..8743.42]
Group-1	PG 33:0:0	241.22	240116_PG_FTMSMS-_4.mzXML	25.0	2004.2	0.0	0.0	[0.0..0.0]	[0.0..1.0]	[0.995..1.0]	[1994.179..2004.2]	[0.302..0.302]	[0.01..0.04]	[0.995..0.995]	[1994.179..1994.179]	[0.301..0.301]	[0.012..0.044]	0.9227879	[1840.2042..1849.4514]
Group-1	PG 33:0:0	241.22	240116_PG_FTMSMS-_4.mzXML	30.0	2936.0	0.0	0.0	[0.0..0.0]	[0.0..1.0]	[1.006..1.014]	[2953.616..2977.104]	[0.3..0.3]	[0.01..0.04]	[1.006..1.006]	[2953.6162..2953.6162]	[0.298..0.298]	[0.012..0.044]	0.9227879	[2725.561..2747.2356]
Group-1	PG 33:0:0	241.22	240116_PG_FTMSMS-_4.mzXML	35.0	2815.7	0.0	0.0	[0.0..0.0]	[0.0..1.0]	[1.009..1.021]	[2841.041..2874.83]	[0.289..0.289]	[0.01..0.04]	[1.009..1.009]	[2841.041..2841.041]	[0.287..0.287]	[0.012..0.044]	0.9227879	[2621.6785..2652.8582]
Group-1	PG 33:0:0	255.23	240116_PG_FTMSMS-_4.mzXML	25.0	24620.2	0.0	0.0	[0.0..0.0]	[0.0..1.0]	[1.0..1.0]	[24620.2..24620.2]	[0.436..0.437]	[0.35..0.41]	[1.0..1.0]	[24620.2..24620.2]	[0.436..0.436]	[0.352..0.41]	0.9227879	[22719.223..22719.223]
Group-1	PG 33:0:0	255.23	240116_PG_FTMSMS-_4.mzXML	30.0	39338.3	0.0	0.0	[0.0..0.0]	[0.0..1.0]	[1.0..1.0]	[39338.3..39338.3]	[0.452..0.454]	[0.35..0.41]	[1.0..1.0]	[39338.3..39338.3]	[0.453..0.453]	[0.352..0.41]	0.9227879	[36300.906..36300.906]
Group-1	PG 33:0:0	255.23	240116_PG_FTMSMS-_4.mzXML	35.0	39921.0	0.0	0.0	[0.0..0.0]	[0.0..1.0]	[1.0..1.0]	[39921.0..39921.0]	[0.459..0.461]	[0.35..0.41]	[1.0..1.0]	[39921.0..39921.0]	[0.46..0.46]	[0.352..0.41]	0.9227879	[36838.617..36838.617]
Group-1	PG 33:0:0	269.25	240116_PG_FTMSMS-_4.mzXML	25.0	31699.6	0.0	0.0	[0.0..0.0]	[0.0..1.0]	[1.001..1.004]	[31731.3..31826.396]	[0.563..0.564]	[0.59..0.65]	[1.003..1.003]	[31794.7..31794.7]	[0.564..0.564]	[0.59..0.648]	0.9227879	[29281.262..29369.014]
Group-1	PG 33:0:0	269.25	240116_PG_FTMSMS-_4.mzXML	30.0	47995.5	0.0	0.0	[0.0..0.0]	[0.0..1.0]	[0.987..0.993]	[47371.56..47659.53]	[0.546..0.548]	[0.59..0.65]	[0.991..0.991]	[47563.54..47563.54]	[0.547..0.547]	[0.59..0.648]	0.9227879	[43713.902..43979.64]
Group-1	PG 33:0:0	269.25	240116_PG_FTMSMS-_4.mzXML	35.0	47619.8	0.0	0.0	[0.0..0.0]	[0.0..1.0]	[0.981..0.989]	[46715.023..47095.984]	[0.539..0.541]	[0.59..0.65]	[0.986..0.986]	[46953.125..46953.125]	[0.54..0.54]	[0.59..0.648]	0.9227879	[43108.06..43459.605]
Group-1	PG 33:0:0	283.26	240116_PG_FTMSMS-_4.mzXML	25.0	4598.0	0.0	0.0	[0.0..0.0]	[0.0..1.0]	[1.002..1.009]	[4607.196..4639.382]	[0.698..0.698]	[0.96..0.99]	[1.009..1.009]	[4639.382..4639.382]	[0.699..0.699]	[0.956..0.988]	0.9227879	[4251.465..4281.1655]
Group-1	PG 33:0:0	283.26	240116_PG_FTMSMS-_4.mzXML	30.0	7066.1	0.0	0.0	[0.0..0.0]	[0.0..1.0]	[0.976..0.985]	[6896.514..6960.109]	[0.7..0.7]	[0.96..0.99]	[0.985..0.985]	[6960.109..6960.109]	[0.702..0.702]	[0.956..0.988]	0.9227879	[6364.0195..6422.704]
Group-1	PG 33:0:0	283.26	240116_PG_FTMSMS-_4.mzXML	35.0	7244.4	0.0	0.0	[0.0..0.0]	[0.0..1.0]	[0.963..0.976]	[6976.357..7070.534]	[0.711..0.711]	[0.96..0.99]	[0.975..0.976]	[7063.29..7070.534]	[0.713..0.713]	[0.956..0.988]	0.9227879	[6437.6978..6524.6035]
Group-1	PG 33:1:0	241.22	240116_PG_FTMSMS-_4.mzXML	25.0	67325.1	0.0	0.0	[0.0..0.0]	[0.0..0.0]	[0.995..0.995]	[66988.48..66988.48]	[0.189..0.189]	[0.0..0.0]	[0.995..0.995]	[66988.48..66988.48]	[0.189..0.189]	[0.0..0.0]	0.9249684	[61962.227..61962.227]
Group-1	PG 33:1:0	241.22	240116_PG_FTMSMS-_4.mzXML	30.0	91288.4	0.0	0.0	[0.0..0.0]	[1.0..1.0]	[1.014..1.014]	[92566.44..92566.44]	[0.191..0.191]	[0.0..0.0]	[1.014..1.014]	[92566.44..92566.44]	[0.191..0.191]	[0.0..0.0]	0.9249684	[85621.03..85621.03]
Group-1	PG 33:1:0	241.22	240116_PG_FTMSMS-_4.mzXML	35.0	92957.0	0.0	0.0	[0.0..0.0]	[0.0..1.0]	[1.009..1.021]	[93793.61..94909.1]	[0.182..0.184]	[0.0..0.0]	[1.009..1.009]	[93793.61..93793.61]	[0.18..0.18]	[0.0..0.0]	0.9249684	[86756.125..87787.92]
Group-1	PG 33:1:0	253.22	240116_PG_FTMSMS-_4.mzXML	25.0	13282.0	0.0	0.0	[9.0..9.0]	[0.0..1.0]	[0.97..1.014]	[12883.54..13467.949]	[0.703..0.712]	[0.89..0.99]	[1.009..1.014]	[13401.537..13467.949]	[0.711..0.712]	[0.893..0.989]	0.9249684	[11916.868..12457.428]
Group-1	PG 33:1:0	253.22	240116_PG_FTMSMS-_4.mzXML	30.0	16950.5	0.0	0.0	[9.0..9.0]	[0.0..1.0]	[0.979..1.013]	[16594.54..17170.857]	[0.67..0.676]	[0.89..0.99]	[1.009..1.013]	[17103.053..17170.857]	[0.676..0.677]	[0.893..0.989]	0.9249684	[15349.424..15882.5]
Group-1	PG 33:1:0	253.22	240116_PG_FTMSMS-_4.mzXML	35.0	18055.7	0.0	0.0	[9.0..9.0]	[0.0..1.0]	[0.99..1.021]	[17875.143..18434.87]	[0.681..0.686]	[0.89..0.99]	[1.018..1.021]	[18380.701..18434.87]	[0.687..0.687]	[0.893..0.989]	0.9249684	[16533.941..17051.672]
Group-1	PG 33:1:0	255.23	240116_PG_FTMSMS-_4.mzXML	25.0	90874.0	0.0	0.0	[0.0..0.0]	[0.0..0.0]	[1.0..1.0]	[90874.0..90874.0]	[0.32..0.32]	[0.09..0.16]	[1.0..1.0]	[90874.0..90874.0]	[0.32..0.32]	[0.085..0.16]	0.9249684	[84055.58..84055.58]
Group-1	PG 33:1:0	255.23	240116_PG_FTMSMS-_4.mzXML	30.0	131658.2	0.0	0.0	[0.0..0.0]	[1.0..1.0]	[1.0..1.0]	[131658.2..131658.2]	[0.353..0.353]	[0.09..0.16]	[1.0..1.0]	[131658.2..131658.2]	[0.353..0.353]	[0.085..0.16]	0.9249684	[121779.68..121779.68]
Group-1	PG 33:1:0	255.23	240116_PG_FTMSMS-_4.mzXML	35.0	144235.0	0.0	0.0	[0.0..0.0]	[0.0..1.0]	[1.0..1.0]	[144235.02..144235.02]	[0.343..0.349]	[0.09..0.16]	[1.0..1.0]	[144235.0..144235.0]	[0.343..0.344]	[0.085..0.16]	0.9249684	[133412.81..133412.81]
Group-1	PG 33:1:0	267.23	240116_PG_FTMSMS-_4.mzXML	25.0	196704.2	0.0	0.0	[9.0..9.0]	[1.0..1.0]	[0.983..0.983]	[193360.23..193360.23]	[0.68..0.68]	[0.84..0.91]	[0.983..0.983]	[193360.23..193360.23]	[0.68..0.68]	[0.84..0.915]	0.9249684	[178852.1..178852.1]
Group-1	PG 33:1:0	267.23	240116_PG_FTMSMS-_4.mzXML	30.0	255827.7	0.0	0.0	[9.0..9.0]	[0.0..0.0]	[0.942..0.942]	[240989.69..240989.69]	[0.647..0.647]	[0.84..0.91]	[0.942..0.942]	[240989.69..240989.69]	[0.647..0.647]	[0.84..0.915]	0.9249684	[222907.86..222907.86]
Group-1	PG 33:1:0	267.23	240116_PG_FTMSMS-_4.mzXML	35.0	283135.9	0.0	0.0	[9.0..9.0]	[0.0..1.0]	[0.949..0.976]	[268695.97..276340.7]	[0.651..0.657]	[0.84..0.91]	[0.972..0.974]	[275208.1..275774.38]	[0.656..0.657]	[0.84..0.915]	0.9249684	[248535.28..255606.36]
Group-1	PG 33:1:0	269.25	240116_PG_FTMSMS-_4.mzXML	25.0	5429.8	0.0	0.0	[0.0..0.0]	[0.0..1.0]	[1.001..1.004]	[5435.23..5451.519]	[0.288..0.297]	[0.01..0.11]	[1.001..1.001]	[5435.23..5435.23]	[0.288..0.289]	[0.011..0.107]	0.9249684	[5027.416..5042.483]
Group-1	PG 33:1:0	269.25	240116_PG_FTMSMS-_4.mzXML	30.0	8291.9	0.0	0.0	[0.0..0.0]	[0.0..1.0]	[0.987..0.993]	[8184.106..8233.857]	[0.324..0.33]	[0.01..0.11]	[0.987..0.988]	[8184.1055..8192.397]	[0.323..0.324]	[0.011..0.107]	0.9249684	[7570.0396..7616.0576]
Group-1	PG 33:1:0	269.25	240116_PG_FTMSMS-_4.mzXML	35.0	8545.9	0.0	0.0	[0.0..0.0]	[0.0..1.0]	[0.981..0.989]	[8383.529..8451.896]	[0.314..0.319]	[0.01..0.11]	[0.981..0.982]	[8383.528..8392.074]	[0.313..0.313]	[0.011..0.107]	0.9249684	[7754.499..7817.737]
Group-1	PG 33:1:0	281.25	240116_PG_FTMSMS-_4.mzXML	25.0	300494.2	0.0	0.0	[9.0..9.0]	[1.0..1.0]	[0.958..0.958]	[287873.44..287873.44]	[0.811..0.811]	[1.0..1.0]	[0.958..0.958]	[287873.44..287873.44]	[0.811..0.811]	[1.0..1.0]	0.9249684	[266273.8..266273.8]
Group-1	PG 33:1:0	281.25	240116_PG_FTMSMS-_4.mzXML	30.0	429522.1	0.0	0.0	[9.0..9.0]	[0.0..0.0]	[0.911..0.911]	[391294.62..391294.62]	[0.809..0.809]	[1.0..1.0]	[0.911..0.911]	[391294.62..391294.62]	[0.809..0.809]	[1.0..1.0]	0.9249684	[361935.2..361935.2]
Group-1	PG 33:1:0	281.25	240116_PG_FTMSMS-_4.mzXML	35.0	456123.0	0.0	0.0	[9.0..9.0]	[0.0..1.0]	[0.912..0.936]	[415984.2..426931.12]	[0.816..0.818]	[1.0..1.0]	[0.936..0.936]	[426931.12..426931.12]	[0.82..0.82]	[1.0..1.0]	0.9249684	[384772.22..394897.8]
Group-1	PG 33:2:0	239.2	240116_PG_FTMSMS-_4.mzXML	25.0	1965.1	0.0	0.0	[7.0..7.0]	[0.0..0.0]	[0.944..0.944]	[1855.055..1855.055]	[0.016..0.016]	[0.0..0.0]	[0.944..0.944]	[1855.0544..1855.0544]	[0.016..0.016]	[0.0..0.0]	0.92714924	[1719.9122..1719.9122]
Group-1	PG 33:2:0	239.2	240116_PG_FTMSMS-_4.mzXML	30.0	2153.3	0.0	0.0	[7.0..7.0]	[0.0..0.0]	[0.981..0.981]	[2112.388..2112.388]	[0.013..0.013]	[0.0..0.0]	[0.981..0.981]	[2112.3875..2112.3875]	[0.013..0.013]	[0.0..0.0]	0.92714924	[1958.4984..1958.4984]
Group-1	PG 33:2:0	239.2	240116_PG_FTMSMS-_4.mzXML	35.0	1711.5	0.0	0.0	[7.0..7.0]	[0.0..0.0]	[1.019..1.019]	[1744.019..1744.019]	[0.011..0.011]	[0.0..0.0]	[1.019..1.019]	[1744.0186..1744.0186]	[0.011..0.011]	[0.0..0.0]	0.92714924	[1616.9655..1616.9655]
Group-1	PG 33:2:0	241.22	240116_PG_FTMSMS-_4.mzXML	25.0	42986.7	0.0	0.0	[0.0..0.0]	[0.0..0.0]	[0.995..0.995]	[42771.766..42771.766]	[0.149..0.149]	[0.0..0.0]	[0.995..0.995]	[42771.766..42771.766]	[0.149..0.149]	[0.0..0.0]	0.92714924	[39655.812..39655.812]
Group-1	PG 33:2:0	241.22	240116_PG_FTMSMS-_4.mzXML	30.0	63221.1	0.0	0.0	[0.0..0.0]	[0.0..0.0]	[1.006..1.006]	[63600.43..63600.43]	[0.152..0.152]	[0.0..0.0]	[1.006..1.006]	[63600.43..63600.43]	[0.152..0.152]	[0.0..0.0]	0.92714924	[58967.09..58967.09]
Group-1	PG 33:2:0	241.22	240116_PG_FTMSMS-_4.mzXML	35.0	64251.6	0.0	0.0	[0.0..0.0]	[0.0..0.0]	[1.009..1.009]	[64829.863..64829.863]	[0.154..0.154]	[0.0..0.0]	[1.009..1.009]	[64829.863..64829.863]	[0.154..0.154]	[0.0..0.0]	0.92714924	[60106.957..60106.957]
Group-1	PG 33:2:0	253.22	240116_PG_FTMSMS-_4.mzXML	25.0	6205.1	0.0	0.0	[9.0..9.0]	[0.0..0.0]	[0.97..0.97]	[6018.948..6018.948]	[0.551..0.551]	[0.58..0.68]	[0.97..0.97]	[6018.9473..6018.9473]	[0.551..0.551]	[0.583..0.685]	0.92714924	[5580.4624..5580.4624]
Group-1	PG 33:2:0	253.22	240116_PG_FTMSMS-_4.mzXML	30.0	8441.5	0.0	0.0	[9.0..9.0]	[0.0..0.0]	[0.979..0.979]	[8264.229..8264.229]	[0.536..0.536]	[0.58..0.68]	[0.979..0.979]	[8264.229..8264.229]	[0.536..0.536]	[0.583..0.685]	0.92714924	[7662.173..7662.173]
Group-1	PG 33:2:0	253.22	240116_PG_FTMSMS-_4.mzXML	35.0	9125.7	0.0	0.0	[9.0..9.0]	[0.0..0.0]	[0.99..0.99]	[9034.443..9034.443]	[0.58..0.58]	[0.58..0.68]	[0.99..0.99]	[9034.443..9034.443]	[0.58..0.58]	[0.583..0.685]	0.92714924	[8376.277..8376.277]
Group-1	PG 33:2:0	255.23	240116_PG_FTMSMS-_4.mzXML	25.0	11967.8	0.0	0.0	[0.0..0.0]	[0.0..0.0]	[1.0..1.0]	[11967.8..11967.8]	[0.495..0.495]	[0.48..0.53]	[1.0..1.0]	[11967.8..11967.8]	[0.495..0.495]	[0.477..0.535]	0.92714924	[11095.937..11095.937]
Group-1	PG 33:2:0	255.23	240116_PG_FTMSMS-_4.mzXML	30.0	17123.7	0.0	0.0	[0.0..0.0]	[0.0..0.0]	[1.0..1.0]	[17123.7..17123.7]	[0.49..0.49]	[0.48..0.53]	[1.0..1.0]	[17123.7..17123.7]	[0.49..0.49]	[0.477..0.535]	0.92714924	[15876.225..15876.225]
Group-1	PG 33:2:0	255.23	240116_PG_FTMSMS-_4.mzXML	35.0	18555.7	0.0	0.0	[0.0..0.0]	[0.0..0.0]	[1.0..1.0]	[18555.7..18555.7]	[0.515..0.515]	[0.48..0.53]	[1.0..1.0]	[18555.7..18555.7]	[0.515..0.515]	[0.477..0.535]	0.92714924	[17203.902..17203.902]
Group-1	PG 33:2:0	265.22	240116_PG_FTMSMS-_4.mzXML	25.0	12607.1	0.0	0.0	[9.0..9.0]	[1.0..1.0]	[0.97..0.97]	[12228.887..12228.887]	[0.505..0.505]	[0.47..0.52]	[0.97..0.97]	[12228.887..12228.887]	[0.505..0.505]	[0.465..0.523]	0.92714924	[11338.004..11338.004]
Group-1	PG 33:2:0	265.22	240116_PG_FTMSMS-_4.mzXML	30.0	18002.3	0.0	0.0	[9.0..9.0]	[1.0..1.0]	[0.992..0.992]	[17858.281..17858.281]	[0.51..0.51]	[0.47..0.52]	[0.992..0.992]	[17858.281..17858.281]	[0.51..0.51]	[0.465..0.523]	0.92714924	[16557.293..16557.293]
Group-1	PG 33:2:0	265.22	240116_PG_FTMSMS-_4.mzXML	35.0	16637.8	0.0	0.0	[9.0..9.0]	[1.0..1.0]	[1.052..1.052]	[17502.967..17502.967]	[0.485..0.485]	[0.47..0.52]	[1.052..1.052]	[17502.967..17502.967]	[0.485..0.485]	[0.465..0.523]	0.92714924	[16227.863..16227.863]
Group-1	PG 33:2:0	267.23	240116_PG_FTMSMS-_4.mzXML	25.0	4984.7	0.0	0.0	[9.0..9.0]	[1.0..1.0]	[0.983..0.983]	[4899.96..4899.96]	[0.449..0.449]	[0.32..0.42]	[0.983..0.983]	[4899.96..4899.96]	[0.449..0.449]	[0.315..0.417]	0.92714924	[4542.9946..4542.9946]
Group-1	PG 33:2:0	267.23	240116_PG_FTMSMS-_4.mzXML	30.0	7352.7	0.0	0.0	[9.0..9.0]	[1.0..1.0]	[0.972..0.972]	[7146.825..7146.825]	[0.464..0.464]	[0.32..0.42]	[0.972..0.972]	[7146.8247..7146.8247]	[0.464..0.464]	[0.315..0.417]	0.92714924	[6626.173..6626.173]
Group-1	PG 33:2:0	267.23	240116_PG_FTMSMS-_4.mzXML	35.0	6691.1	0.0	0.0	[9.0..9.0]	[1.0..1.0]	[0.976..0.976]	[6530.514..6530.514]	[0.42..0.42]	[0.32..0.42]	[0.976..0.976]	[6530.5137..6530.5137]	[0.42..0.42]	[0.315..0.417]	0.92714924	[6054.7607..6054.7607]
Group-1	PG 33:2:0	279.23	240116_PG_FTMSMS-_4.mzXML	25.0	257906.8	0.0	0.0	[9.0..9.0]	[1.0..1.0]	[0.946..0.946]	[243979.83..243979.83]	[0.851..0.851]	[1.0..1.0]	[0.946..0.946]	[243979.83..243979.83]	[0.851..0.851]	[1.0..1.0]	0.92714924	[226205.72..226205.72]
Group-1	PG 33:2:0	279.23	240116_PG_FTMSMS-_4.mzXML	30.0	371433.5	0.0	0.0	[9.0..9.0]	[1.0..1.0]	[0.957..0.957]	[355461.88..355461.88]	[0.848..0.848]	[1.0..1.0]	[0.957..0.957]	[355461.88..355461.88]	[0.848..0.848]	[1.0..1.0]	0.92714924	[329566.2..329566.2]
Group-1	PG 33:2:0	279.23	240116_PG_FTMSMS-_4.mzXML	35.0	352298.5	0.0	0.0	[9.0..9.0]	[1.0..1.0]	[1.01..1.01]	[355821.47..355821.47]	[0.846..0.846]	[1.0..1.0]	[1.01..1.01]	[355821.47..355821.47]	[0.846..0.846]	[1.0..1.0]	0.92714924	[329899.62..329899.62]
Group-1	PG 33:2:0	281.25	240116_PG_FTMSMS-_4.mzXML	25.0	118029.3	0.0	0.0	[9.0..9.0]	[1.0..1.0]	[0.958..0.958]	[113072.07..113072.07]	[0.984..0.984]	[1.0..1.0]	[0.958..0.958]	[113072.07..113072.07]	[0.984..0.984]	[1.0..1.0]	0.92714924	[104834.68..104834.68]
Group-1	PG 33:2:0	281.25	240116_PG_FTMSMS-_4.mzXML	30.0	176480.1	0.0	0.0	[9.0..9.0]	[1.0..1.0]	[0.937..0.937]	[165361.84..165361.84]	[0.987..0.987]	[1.0..1.0]	[0.937..0.937]	[165361.84..165361.84]	[0.987..0.987]	[1.0..1.0]	0.92714924	[153315.11..153315.11]
Group-1	PG 33:2:0	281.25	240116_PG_FTMSMS-_4.mzXML	35.0	171422.6	0.0	0.0	[9.0..9.0]	[1.0..1.0]	[0.936..0.936]	[160451.55..160451.55]	[0.989..0.989]	[1.0..1.0]	[0.936..0.936]	[160451.55..160451.55]	[0.989..0.989]	[1.0..1.0]	0.92714924	[148762.53..148762.53]
Group-1	PG 34:1:0	255.23	240116_PG_FTMSMS-_4.mzXML	25.0	3.270697E7	0.0	0.0	[0.0..0.0]	[0.0..0.0]	[1.0..1.0]	[3.270697E7..3.270697E7]	[0.258..0.258]	[0.0..0.0]	[1.0..1.0]	[3.270697E7..3.270697E7]	[0.258..0.258]	[0.0..0.0]	0.9100603	[2.9765314E7..2.9765314E7]
Group-1	PG 34:1:0	255.23	240116_PG_FTMSMS-_4.mzXML	30.0	4.3562956E7	0.0	0.0	[0.0..0.0]	[0.0..0.0]	[1.0..1.0]	[4.3562956E7..4.3562956E7]	[0.259..0.259]	[0.0..0.0]	[1.0..1.0]	[4.3562956E7..4.3562956E7]	[0.259..0.259]	[0.0..0.0]	0.9100603	[3.9644916E7..3.9644916E7]
Group-1	PG 34:1:0	255.23	240116_PG_FTMSMS-_4.mzXML	35.0	4.4037012E7	0.0	0.0	[0.0..0.0]	[0.0..0.0]	[1.0..1.0]	[4.4037012E7..4.4037012E7]	[0.267..0.267]	[0.0..0.0]	[1.0..1.0]	[4.4037012E7..4.4037012E7]	[0.267..0.267]	[0.0..0.0]	0.9100603	[4.0076336E7..4.0076336E7]
Group-1	PG 34:1:0	281.25	240116_PG_FTMSMS-_4.mzXML	25.0	9.8260464E7	0.0	0.0	[9.0..9.0]	[1.0..1.0]	[0.958..0.958]	[9.4133528E7..9.4133528E7]	[0.742..0.742]	[1.0..1.0]	[0.958..0.958]	[9.4133528E7..9.4133528E7]	[0.742..0.742]	[1.0..1.0]	0.9100603	[8.5667184E7..8.5667184E7]
Group-1	PG 34:1:0	281.25	240116_PG_FTMSMS-_4.mzXML	30.0	1.33249768E8	0.0	0.0	[9.0..9.0]	[1.0..1.0]	[0.937..0.937]	[1.24855032E8..1.24855032E8]	[0.741..0.741]	[1.0..1.0]	[0.937..0.937]	[1.24855032E8..1.24855032E8]	[0.741..0.741]	[1.0..1.0]	0.9100603	[1.136256E8..1.136256E8]
Group-1	PG 34:1:0	281.25	240116_PG_FTMSMS-_4.mzXML	35.0	1.29284496E8	0.0	0.0	[9.0..9.0]	[1.0..1.0]	[0.936..0.936]	[1.21010288E8..1.21010288E8]	[0.733..0.733]	[1.0..1.0]	[0.936..0.936]	[1.21010288E8..1.21010288E8]	[0.733..0.733]	[1.0..1.0]	0.9100603	[1.10126656E8..1.10126656E8]
Group-1	PG 34:2:0	253.22	240116_PG_FTMSMS-_4.mzXML	25.0	820343.5	0.0	0.0	[9.0..9.0]	[0.0..0.0]	[0.97..0.97]	[795733.2..795733.2]	[0.231..0.231]	[0.0..0.04]	[0.97..0.97]	[795733.2..795733.2]	[0.231..0.231]	[0.0..0.042]	0.9121761	[725848.75..725848.75]
Group-1	PG 34:2:0	253.22	240116_PG_FTMSMS-_4.mzXML	30.0	1499665.8	0.0	0.0	[9.0..9.0]	[0.0..0.0]	[0.979..0.979]	[1468172.8..1468172.8]	[0.302..0.302]	[0.0..0.04]	[0.979..0.979]	[1468172.8..1468172.8]	[0.302..0.302]	[0.0..0.042]	0.9121761	[1339232.1..1339232.1]
Group-1	PG 34:2:0	253.22	240116_PG_FTMSMS-_4.mzXML	35.0	1379655.8	0.0	0.0	[9.0..9.0]	[0.0..0.0]	[0.99..0.99]	[1365859.2..1365859.2]	[0.288..0.288]	[0.0..0.04]	[0.99..0.99]	[1365859.2..1365859.2]	[0.288..0.288]	[0.0..0.042]	0.9121761	[1245904.1..1245904.1]
Group-1	PG 34:2:0	255.23	240116_PG_FTMSMS-_4.mzXML	25.0	1.3517468E7	0.0	0.0	[0.0..0.0]	[0.0..0.0]	[1.0..1.0]	[1.3517468E7..1.3517468E7]	[0.25..0.25]	[0.0..0.0]	[1.0..1.0]	[1.3517468E7..1.3517468E7]	[0.25..0.25]	[0.0..0.0]	0.9121761	[1.2330311E7..1.2330311E7]
Group-1	PG 34:2:0	255.23	240116_PG_FTMSMS-_4.mzXML	30.0	2.0279334E7	0.0	0.0	[0.0..0.0]	[0.0..0.0]	[1.0..1.0]	[2.0279334E7..2.0279334E7]	[0.256..0.256]	[0.0..0.0]	[1.0..1.0]	[2.0279334E7..2.0279334E7]	[0.256..0.256]	[0.0..0.0]	0.9121761	[1.8498324E7..1.8498324E7]
Group-1	PG 34:2:0	255.23	240116_PG_FTMSMS-_4.mzXML	35.0	2.0236668E7	0.0	0.0	[0.0..0.0]	[0.0..0.0]	[1.0..1.0]	[2.0236668E7..2.0236668E7]	[0.26..0.26]	[0.0..0.0]	[1.0..1.0]	[2.0236668E7..2.0236668E7]	[0.26..0.26]	[0.0..0.0]	0.9121761	[1.8459404E7..1.8459404E7]
Group-1	PG 34:2:0	279.23	240116_PG_FTMSMS-_4.mzXML	25.0	4.2925544E7	0.0	0.0	[9.0..9.0]	[1.0..1.0]	[0.946..0.946]	[4.0607564E7..4.0607564E7]	[0.75..0.75]	[1.0..1.0]	[0.946..0.946]	[4.0607564E7..4.0607564E7]	[0.75..0.75]	[1.0..1.0]	0.9121761	[3.7041248E7..3.7041248E7]
Group-1	PG 34:2:0	279.23	240116_PG_FTMSMS-_4.mzXML	30.0	6.1462792E7	0.0	0.0	[9.0..9.0]	[1.0..1.0]	[0.957..0.957]	[5.8819892E7..5.8819892E7]	[0.744..0.744]	[1.0..1.0]	[0.957..0.957]	[5.8819892E7..5.8819892E7]	[0.744..0.744]	[1.0..1.0]	0.9121761	[5.36541E7..5.36541E7]
Group-1	PG 34:2:0	279.23	240116_PG_FTMSMS-_4.mzXML	35.0	5.6962916E7	0.0	0.0	[9.0..9.0]	[1.0..1.0]	[1.01..1.01]	[5.7532544E7..5.7532544E7]	[0.74..0.74]	[1.0..1.0]	[1.01..1.01]	[5.7532544E7..5.7532544E7]	[0.74..0.74]	[1.0..1.0]	0.9121761	[5.2479808E7..5.2479808E7]
Group-1	PG 34:2:0	281.25	240116_PG_FTMSMS-_4.mzXML	25.0	2772448.2	0.0	0.0	[9.0..9.0]	[1.0..1.0]	[0.958..0.958]	[2656005.5..2656005.5]	[0.769..0.769]	[0.96..1.0]	[0.958..0.958]	[2656005.5..2656005.5]	[0.769..0.769]	[0.958..1.0]	0.9121761	[2422744.8..2422744.8]
Group-1	PG 34:2:0	281.25	240116_PG_FTMSMS-_4.mzXML	30.0	3617669.5	0.0	0.0	[9.0..9.0]	[1.0..1.0]	[0.937..0.937]	[3389756.2..3389756.2]	[0.698..0.698]	[0.96..1.0]	[0.937..0.937]	[3389756.2..3389756.2]	[0.698..0.698]	[0.958..1.0]	0.9121761	[3092054.5..3092054.5]
Group-1	PG 34:2:0	281.25	240116_PG_FTMSMS-_4.mzXML	35.0	3608937.5	0.0	0.0	[9.0..9.0]	[1.0..1.0]	[0.936..0.936]	[3377965.5..3377965.5]	[0.712..0.712]	[0.96..1.0]	[0.936..0.936]	[3377965.5..3377965.5]	[0.712..0.712]	[0.958..1.0]	0.9121761	[3081299.2..3081299.2]
Group-1	PG 34:3:0	251.2	240116_PG_FTMSMS-_4.mzXML	25.0	9358.3	0.0	0.0	[9.0..9.0]	[0.0..0.0]	[0.967..0.967]	[9049.476..9049.476]	[0.186..0.186]	[0.0..0.0]	[0.967..0.967]	[9049.476..9049.476]	[0.186..0.186]	[0.0..0.0]	0.91429204	[8273.863..8273.863]
Group-1	PG 34:3:0	251.2	240116_PG_FTMSMS-_4.mzXML	30.0	11198.9	0.0	0.0	[9.0..9.0]	[0.0..0.0]	[1.012..1.012]	[11333.287..11333.287]	[0.155..0.155]	[0.0..0.0]	[1.012..1.012]	[11333.287..11333.287]	[0.155..0.155]	[0.0..0.0]	0.91429204	[10361.934..10361.934]
Group-1	PG 34:3:0	251.2	240116_PG_FTMSMS-_4.mzXML	35.0	5346.5	0.0	0.0	[9.0..9.0]	[0.0..0.0]	[1.088..1.088]	[5816.992..5816.992]	[0.097..0.097]	[0.0..0.0]	[1.088..1.088]	[5816.992..5816.992]	[0.097..0.097]	[0.0..0.0]	0.91429204	[5318.4297..5318.4297]
Group-1	PG 34:3:0	253.22	240116_PG_FTMSMS-_4.mzXML	25.0	289823.8	0.0	0.0	[9.0..9.0]	[0.0..0.0]	[0.97..0.97]	[281129.1..281129.1]	[0.254..0.254]	[0.0..0.0]	[0.97..0.97]	[281129.1..281129.1]	[0.254..0.254]	[0.0..0.0]	0.91429204	[257034.1..257034.1]
Group-1	PG 34:3:0	253.22	240116_PG_FTMSMS-_4.mzXML	30.0	392718.9	0.0	0.0	[9.0..9.0]	[0.0..0.0]	[0.979..0.979]	[384471.8..384471.8]	[0.254..0.254]	[0.0..0.0]	[0.979..0.979]	[384471.8..384471.8]	[0.254..0.254]	[0.0..0.0]	0.91429204	[351519.53..351519.53]
Group-1	PG 34:3:0	253.22	240116_PG_FTMSMS-_4.mzXML	35.0	375212.2	0.0	0.0	[9.0..9.0]	[0.0..0.0]	[0.99..0.99]	[371460.06..371460.06]	[0.258..0.258]	[0.0..0.0]	[0.99..0.99]	[371460.06..371460.06]	[0.258..0.258]	[0.0..0.0]	0.91429204	[339622.97..339622.97]
Group-1	PG 34:3:0	255.23	240116_PG_FTMSMS-_4.mzXML	25.0	208747.9	0.0	0.0	[0.0..0.0]	[0.0..1.0]	[1.0..1.0]	[208747.9..208747.9]	[0.238..0.242]	[0.0..0.01]	[1.0..1.0]	[208747.9..208747.9]	[0.238..0.24]	[0.0..0.008]	0.91429204	[190856.55..190856.55]
Group-1	PG 34:3:0	255.23	240116_PG_FTMSMS-_4.mzXML	30.0	278918.6	0.0	0.0	[0.0..0.0]	[0.0..1.0]	[1.0..1.0]	[278918.6..278918.6]	[0.231..0.25]	[0.0..0.01]	[1.0..1.0]	[278918.6..278918.6]	[0.231..0.249]	[0.0..0.008]	0.91429204	[255013.05..255013.05]
Group-1	PG 34:3:0	255.23	240116_PG_FTMSMS-_4.mzXML	35.0	289512.4	0.0	0.0	[0.0..0.0]	[0.0..0.5]	[1.0..1.0]	[289512.4..289512.4]	[0.25..0.287]	[0.0..0.01]	[1.0..1.0]	[289512.4..289512.4]	[0.25..0.287]	[0.0..0.008]	0.91429204	[264698.88..264698.88]
Group-1	PG 34:3:0	277.22	240116_PG_FTMSMS-_4.mzXML	25.0	659528.8	0.0	0.0	[6.0..9.0]	[0.0..1.0]	[0.989..1.016]	[652274.0..670081.4]	[0.758..0.762]	[0.99..1.0]	[1.003..1.016]	[661507.44..670081.3]	[0.76..0.762]	[0.992..1.0]	0.91429204	[596368.94..612650.0]
Group-1	PG 34:3:0	277.22	240116_PG_FTMSMS-_4.mzXML	30.0	771914.1	10315.8	0.013363921	[6.3..7.7]	[0.0..1.0]	[1.082..1.205]	[835211.1..930156.56]	[0.75..0.769]	[0.99..1.0]	[1.092..1.205]	[842930.25..930156.56]	[0.751..0.769]	[0.992..1.0]	0.91429204	[763626.9..850434.75]
Group-1	PG 34:3:0	277.22	240116_PG_FTMSMS-_4.mzXML	35.0	566158.7	10435.5	0.01843211	[6.3..6.9]	[0.5..1.0]	[1.268..1.537]	[717889.25..870185.9]	[0.713..0.75]	[0.99..1.0]	[1.27..1.537]	[719021.5..870185.9]	[0.713..0.75]	[0.992..1.0]	0.91429204	[656360.4..795604.0]
Group-1	PG 34:3:0	279.23	240116_PG_FTMSMS-_4.mzXML	25.0	871596.1	0.0	0.0	[9.0..9.0]	[1.0..1.0]	[0.946..0.946]	[824529.94..824529.94]	[0.746..0.746]	[1.0..1.0]	[0.946..0.946]	[824529.94..824529.94]	[0.746..0.746]	[1.0..1.0]	0.91429204	[753861.1..753861.1]
Group-1	PG 34:3:0	279.23	240116_PG_FTMSMS-_4.mzXML	30.0	1176951.2	0.0	0.0	[9.0..9.0]	[1.0..1.0]	[0.957..0.957]	[1126342.4..1126342.4]	[0.746..0.746]	[1.0..1.0]	[0.957..0.957]	[1126342.4..1126342.4]	[0.746..0.746]	[1.0..1.0]	0.91429204	[1029805.8..1029805.8]
Group-1	PG 34:3:0	279.23	240116_PG_FTMSMS-_4.mzXML	35.0	1055792.2	0.0	0.0	[9.0..9.0]	[1.0..1.0]	[1.01..1.01]	[1066350.1..1066350.1]	[0.742..0.742]	[1.0..1.0]	[1.01..1.01]	[1066350.1..1066350.1]	[0.742..0.742]	[1.0..1.0]	0.91429204	[974955.44..974955.44]
Group-1	PG 34:3:0	281.25	240116_PG_FTMSMS-_4.mzXML	25.0	41373.9	0.0	0.0	[9.0..9.0]	[1.0..1.0]	[0.958..0.958]	[39636.195..39636.195]	[0.814..0.814]	[1.0..1.0]	[0.958..0.958]	[39636.195..39636.195]	[0.814..0.814]	[1.0..1.0]	0.91429204	[36239.055..36239.055]
Group-1	PG 34:3:0	281.25	240116_PG_FTMSMS-_4.mzXML	30.0	65735.6	0.0	0.0	[9.0..9.0]	[1.0..1.0]	[0.937..0.937]	[61594.258..61594.258]	[0.845..0.845]	[1.0..1.0]	[0.937..0.937]	[61594.258..61594.258]	[0.845..0.845]	[1.0..1.0]	0.91429204	[56315.137..56315.137]
Group-1	PG 34:3:0	281.25	240116_PG_FTMSMS-_4.mzXML	35.0	57810.9	0.0	0.0	[9.0..9.0]	[1.0..1.0]	[0.936..0.936]	[54111.0..54111.0]	[0.903..0.903]	[1.0..1.0]	[0.936..0.936]	[54111.0..54111.0]	[0.903..0.903]	[1.0..1.0]	0.91429204	[49473.254..49473.254]
Group-1	PG 34:4:0	227.2	240116_PG_FTMSMS-_4.mzXML	25.0	6756.4	0.0	0.0	[0.0..0.0]	[0.0..1.0]	[0.99..1.002]	[6688.836..6769.913]	[0.235..0.235]	[0.0..0.05]	[0.99..0.991]	[6688.836..6695.5923]	[0.233..0.239]	[0.0..0.052]	0.9164293	[6129.845..6204.146]
Group-1	PG 34:4:0	227.2	240116_PG_FTMSMS-_4.mzXML	30.0	8616.7	0.0	0.0	[0.0..0.0]	[0.0..1.0]	[1.012..1.029]	[8720.101..8866.585]	[0.252..0.263]	[0.0..0.05]	[1.012..1.013]	[8720.101..8728.718]	[0.249..0.265]	[0.0..0.052]	0.9164293	[7991.355..8125.5977]
Group-1	PG 34:4:0	227.2	240116_PG_FTMSMS-_4.mzXML	35.0	9059.8	0.0	0.0	[0.0..0.0]	[0.0..0.0]	[1.016..1.016]	[9204.757..9204.757]	[0.279..0.306]	[0.0..0.05]	[1.016..1.016]	[9204.757..9204.757]	[0.279..0.306]	[0.0..0.052]	0.9164293	[8435.509..8435.509]
Group-1	PG 34:4:0	249.19	240116_PG_FTMSMS-_4.mzXML	25.0	1864.4	1425.2	0.7644282	[7.0..7.0]	[0.0..0.0]	[1.049..1.049]	[1955.756..1955.756]	[0.128..0.128]	[0.0..0.0]	[1.049..1.049]	[1955.7556..1955.7556]	[0.128..0.128]	[0.0..0.0]	0.9164293	[1792.3118..1792.3118]
Group-1	PG 34:4:0	249.19	240116_PG_FTMSMS-_4.mzXML	30.0	964.6	1238.1	1.2835373	[7.0..7.0]	[1.0..1.0]	[1.238..1.238]	[1194.175..1194.175]	[0.068..0.068]	[0.0..0.0]	[1.238..1.238]	[1194.1748..1194.1748]	[0.068..0.068]	[0.0..0.0]	0.9164293	[1094.3767..1094.3767]
Group-1	PG 34:4:0	249.19	240116_PG_FTMSMS-_4.mzXML	35.0	612.7	1078.5	1.7602415	[7.0..7.0]	[0.0..1.0]	[1.546..1.566]	[947.234..959.488]	[0.052..0.052]	[0.0..0.0]	[1.546..1.546]	[947.2342..947.2342]	[0.051..0.051]	[0.0..0.0]	0.9164293	[868.0732..879.30304]
Group-1	PG 34:4:0	251.2	240116_PG_FTMSMS-_4.mzXML	25.0	5188.7	0.0	0.0	[9.0..9.0]	[0.0..0.0]	[0.967..0.967]	[5017.473..5017.473]	[0.176..0.176]	[0.0..0.0]	[0.967..0.967]	[5017.473..5017.473]	[0.176..0.176]	[0.0..0.0]	0.9164293	[4598.159..4598.159]
Group-1	PG 34:4:0	251.2	240116_PG_FTMSMS-_4.mzXML	30.0	4106.6	0.0	0.0	[9.0..9.0]	[0.0..0.0]	[1.012..1.012]	[4155.88..4155.88]	[0.12..0.12]	[0.0..0.0]	[1.012..1.012]	[4155.8794..4155.8794]	[0.12..0.12]	[0.0..0.0]	0.9164293	[3808.5696..3808.5696]
Group-1	PG 34:4:0	251.2	240116_PG_FTMSMS-_4.mzXML	35.0	2611.2	0.0	0.0	[9.0..9.0]	[0.0..0.0]	[1.088..1.088]	[2840.986..2840.986]	[0.085..0.085]	[0.0..0.0]	[1.088..1.088]	[2840.9856..2840.9856]	[0.085..0.085]	[0.0..0.0]	0.9164293	[2603.5623..2603.5623]
Group-1	PG 34:4:0	253.22	240116_PG_FTMSMS-_4.mzXML	25.0	3893.2	0.0	0.0	[9.0..9.0]	[0.0..1.0]	[0.97..1.014]	[3776.404..3947.705]	[0.249..0.252]	[0.0..0.08]	[0.97..0.974]	[3776.404..3791.9766]	[0.245..0.249]	[0.0..0.077]	0.9164293	[3460.8074..3617.7925]
Group-1	PG 34:4:0	253.22	240116_PG_FTMSMS-_4.mzXML	30.0	5176.4	0.0	0.0	[9.0..9.0]	[0.0..1.0]	[0.979..1.013]	[5067.696..5243.694]	[0.254..0.268]	[0.0..0.08]	[0.979..0.982]	[5067.6953..5083.2246]	[0.248..0.268]	[0.0..0.077]	0.9164293	[4644.184..4805.4736]
Group-1	PG 34:4:0	253.22	240116_PG_FTMSMS-_4.mzXML	35.0	5526.2	0.0	0.0	[9.0..9.0]	[0.0..0.0]	[0.99..0.99]	[5470.939..5470.939]	[0.277..0.317]	[0.0..0.08]	[0.99..0.99]	[5470.9385..5470.9385]	[0.277..0.317]	[0.0..0.077]	0.9164293	[5013.728..5013.728]
Group-1	PG 34:4:0	255.23	240116_PG_FTMSMS-_4.mzXML	25.0	3073.7	0.0	0.0	[0.0..0.0]	[0.0..0.0]	[1.0..1.0]	[3073.7..3073.7]	[0.638..0.638]	[0.82..1.0]	[1.0..1.0]	[3073.7..3073.7]	[0.638..0.638]	[0.818..1.0]	0.9164293	[2816.8286..2816.8286]
Group-1	PG 34:4:0	255.23	240116_PG_FTMSMS-_4.mzXML	30.0	5142.5	0.0	0.0	[0.0..0.0]	[0.0..0.0]	[1.0..1.0]	[5142.5..5142.5]	[0.733..0.733]	[0.82..1.0]	[1.0..1.0]	[5142.5..5142.5]	[0.733..0.733]	[0.818..1.0]	0.9164293	[4712.738..4712.738]
Group-1	PG 34:4:0	255.23	240116_PG_FTMSMS-_4.mzXML	35.0	6834.2	0.0	0.0	[0.0..0.0]	[0.0..0.0]	[1.0..1.0]	[6834.2..6834.2]	[0.793..0.793]	[0.82..1.0]	[1.0..1.0]	[6834.2..6834.2]	[0.793..0.793]	[0.818..1.0]	0.9164293	[6263.061..6263.061]
Group-1	PG 34:4:0	275.2	240116_PG_FTMSMS-_4.mzXML	25.0	1509.4	0.0	0.0	[8.0..8.0]	[1.0..1.0]	[1.153..1.153]	[1740.338..1740.338]	[0.362..0.362]	[0.0..0.18]	[1.153..1.153]	[1740.3383..1740.3383]	[0.362..0.362]	[0.0..0.182]	0.9164293	[1594.897..1594.897]
Group-1	PG 34:4:0	275.2	240116_PG_FTMSMS-_4.mzXML	30.0	1288.2	0.0	0.0	[8.0..8.0]	[1.0..1.0]	[1.455..1.455]	[1874.331..1874.331]	[0.267..0.267]	[0.0..0.18]	[1.455..1.455]	[1874.3309..1874.3309]	[0.267..0.267]	[0.0..0.182]	0.9164293	[1717.6919..1717.6919]
Group-1	PG 34:4:0	275.2	240116_PG_FTMSMS-_4.mzXML	35.0	885.8	0.0	0.0	[8.0..8.0]	[1.0..1.0]	[2.02..2.02]	[1789.316..1789.316]	[0.207..0.207]	[0.0..0.18]	[2.02..2.02]	[1789.3159..1789.3159]	[0.207..0.207]	[0.0..0.182]	0.9164293	[1639.7816..1639.7816]
Group-1	PG 34:4:0	277.22	240116_PG_FTMSMS-_4.mzXML	25.0	11503.5	0.0	0.0	[6.0..9.0]	[0.0..1.0]	[0.989..1.016]	[11376.962..11687.557]	[0.748..0.751]	[0.92..1.0]	[0.989..1.016]	[11376.962..11687.557]	[0.751..0.755]	[0.923..1.0]	0.9164293	[10426.182..10710.819]
Group-1	PG 34:4:0	277.22	240116_PG_FTMSMS-_4.mzXML	30.0	12771.1	0.0	0.0	[6.0..9.0]	[0.0..1.0]	[1.082..1.205]	[13818.33..15389.176]	[0.732..0.746]	[0.92..1.0]	[1.084..1.205]	[13843.872..15389.176]	[0.732..0.752]	[0.923..1.0]	0.9164293	[12663.522..14103.091]
Group-1	PG 34:4:0	277.22	240116_PG_FTMSMS-_4.mzXML	35.0	9297.0	0.0	0.0	[6.0..9.0]	[1.0..1.0]	[1.27..1.537]	[11807.189..14289.488]	[0.683..0.723]	[0.92..1.0]	[1.27..1.537]	[11807.189..14289.488]	[0.683..0.723]	[0.923..1.0]	0.9164293	[10820.454..13095.306]
Group-1	PG 34:4:0	279.23	240116_PG_FTMSMS-_4.mzXML	25.0	24864.9	0.0	0.0	[9.0..9.0]	[1.0..1.0]	[0.946..0.946]	[23522.195..23522.195]	[0.824..0.824]	[1.0..1.0]	[0.946..0.946]	[23522.195..23522.195]	[0.824..0.824]	[1.0..1.0]	0.9164293	[21556.428..21556.428]
Group-1	PG 34:4:0	279.23	240116_PG_FTMSMS-_4.mzXML	30.0	31840.8	0.0	0.0	[9.0..9.0]	[1.0..1.0]	[0.957..0.957]	[30471.646..30471.646]	[0.88..0.88]	[1.0..1.0]	[0.957..0.957]	[30471.646..30471.646]	[0.88..0.88]	[1.0..1.0]	0.9164293	[27925.11..27925.11]
Group-1	PG 34:4:0	279.23	240116_PG_FTMSMS-_4.mzXML	35.0	30256.7	0.0	0.0	[9.0..9.0]	[1.0..1.0]	[1.01..1.01]	[30559.266..30559.266]	[0.915..0.915]	[1.0..1.0]	[1.01..1.01]	[30559.266..30559.266]	[0.915..0.915]	[1.0..1.0]	0.9164293	[28005.406..28005.406]
Group-1	PG 34:4:0	281.25	240116_PG_FTMSMS-_4.mzXML	25.0	13871.1	0.0	0.0	[9.0..9.0]	[1.0..1.0]	[0.958..0.958]	[13288.514..13288.514]	[0.872..0.872]	[1.0..1.0]	[0.958..0.958]	[13288.514..13288.514]	[0.872..0.872]	[1.0..1.0]	0.9164293	[12177.982..12177.982]
Group-1	PG 34:4:0	281.25	240116_PG_FTMSMS-_4.mzXML	30.0	18052.6	0.0	0.0	[9.0..9.0]	[0.0..0.0]	[0.911..0.911]	[16445.918..16445.918]	[0.932..0.932]	[1.0..1.0]	[0.911..0.911]	[16445.918..16445.918]	[0.932..0.932]	[1.0..1.0]	0.9164293	[15071.521..15071.521]
Group-1	PG 34:4:0	281.25	240116_PG_FTMSMS-_4.mzXML	35.0	18812.6	0.0	0.0	[9.0..9.0]	[0.0..1.0]	[0.912..0.936]	[17157.092..17608.594]	[0.948..0.948]	[1.0..1.0]	[0.936..0.936]	[17608.594..17608.594]	[0.949..0.949]	[1.0..1.0]	0.9164293	[15723.261..16137.031]
Group-1	PG 34:4:0	303.23	240116_PG_FTMSMS-_4.mzXML	25.0	19394.2	1240.5	0.06396242	[5.0..6.2]	[0.0..1.0]	[1.124..1.138]	[21799.078..22070.6]	[0.765..0.765]	[0.95..1.0]	[1.099..1.138]	[21314.225..22070.6]	[0.761..0.767]	[0.948..1.0]	0.9164293	[19977.314..20226.143]
Group-1	PG 34:4:0	303.23	240116_PG_FTMSMS-_4.mzXML	30.0	16464.6	1671.3	0.1015087	[5.0..5.2]	[0.0..1.0]	[1.482..1.598]	[24400.537..26310.432]	[0.737..0.748]	[0.95..1.0]	[1.469..1.598]	[24186.496..26310.432]	[0.735..0.751]	[0.948..1.0]	0.9164293	[22361.367..24111.65]
Group-1	PG 34:4:0	303.23	240116_PG_FTMSMS-_4.mzXML	35.0	9416.4	1162.2	0.12342295	[5.0..5.0]	[1.0..1.0]	[2.214..2.521]	[20847.91..23738.744]	[0.694..0.721]	[0.95..1.0]	[2.213..2.521]	[20838.494..23738.744]	[0.694..0.721]	[0.948..1.0]	0.9164293	[19105.635..21754.88]
Group-1	PG 35:1:0	255.23	240116_PG_FTMSMS-_4.mzXML	25.0	77446.8	0.0	0.0	[0.0..0.0]	[0.0..0.0]	[1.0..1.0]	[77446.8..77446.8]	[0.361..0.361]	[0.18..0.28]	[1.0..1.0]	[77446.8..77446.8]	[0.361..0.361]	[0.18..0.278]	0.8956729	[69367.0..69367.0]
Group-1	PG 35:1:0	255.23	240116_PG_FTMSMS-_4.mzXML	30.0	120364.5	0.0	0.0	[0.0..0.0]	[1.0..1.0]	[1.0..1.0]	[120364.49..120364.49]	[0.391..0.391]	[0.18..0.28]	[1.0..1.0]	[120364.5..120364.5]	[0.391..0.391]	[0.18..0.278]	0.8956729	[107807.23..107807.23]
Group-1	PG 35:1:0	255.23	240116_PG_FTMSMS-_4.mzXML	35.0	128363.2	0.0	0.0	[0.0..0.0]	[0.0..1.0]	[1.0..1.0]	[128363.2..128363.2]	[0.399..0.404]	[0.18..0.28]	[1.0..1.0]	[128363.2..128363.2]	[0.4..0.4]	[0.18..0.278]	0.8956729	[114971.445..114971.445]
Group-1	PG 35:1:0	267.23	240116_PG_FTMSMS-_4.mzXML	25.0	31624.9	0.0	0.0	[9.0..9.0]	[0.0..1.0]	[0.945..0.983]	[29885.531..31087.277]	[0.676..0.683]	[0.85..0.92]	[0.977..0.98]	[30897.527..30992.402]	[0.683..0.684]	[0.851..0.922]	0.8956729	[26767.66..27844.031]
Group-1	PG 35:1:0	267.23	240116_PG_FTMSMS-_4.mzXML	30.0	45937.8	0.0	0.0	[9.0..9.0]	[0.0..1.0]	[0.942..0.972]	[43273.406..44651.543]	[0.675..0.679]	[0.85..0.92]	[0.968..0.97]	[44467.79..44559.668]	[0.68..0.681]	[0.851..0.922]	0.8956729	[38758.816..39993.176]
Group-1	PG 35:1:0	267.23	240116_PG_FTMSMS-_4.mzXML	35.0	49246.8	0.0	0.0	[9.0..9.0]	[0.0..1.0]	[0.949..0.976]	[46735.215..48064.88]	[0.652..0.655]	[0.85..0.92]	[0.972..0.974]	[47867.89..47966.383]	[0.657..0.657]	[0.851..0.922]	0.8956729	[41859.47..43050.41]
Group-1	PG 35:1:0	269.25	240116_PG_FTMSMS-_4.mzXML	25.0	155416.5	0.0	0.0	[0.0..0.0]	[0.0..0.0]	[1.004..1.004]	[156038.16..156038.16]	[0.239..0.239]	[0.0..0.0]	[1.004..1.004]	[156038.16..156038.16]	[0.239..0.239]	[0.0..0.0]	0.8956729	[139759.14..139759.14]
Group-1	PG 35:1:0	269.25	240116_PG_FTMSMS-_4.mzXML	30.0	232017.3	0.0	0.0	[0.0..0.0]	[0.0..0.0]	[0.993..0.993]	[230393.17..230393.17]	[0.241..0.241]	[0.0..0.0]	[0.993..0.993]	[230393.17..230393.17]	[0.241..0.241]	[0.0..0.0]	0.8956729	[206356.92..206356.92]
Group-1	PG 35:1:0	269.25	240116_PG_FTMSMS-_4.mzXML	35.0	225416.2	0.0	0.0	[0.0..0.0]	[0.0..0.0]	[0.989..0.989]	[222936.62..222936.62]	[0.244..0.244]	[0.0..0.0]	[0.989..0.989]	[222936.62..222936.62]	[0.244..0.244]	[0.0..0.0]	0.8956729	[199678.3..199678.3]
Group-1	PG 35:1:0	281.25	240116_PG_FTMSMS-_4.mzXML	25.0	517299.0	0.0	0.0	[9.0..9.0]	[1.0..1.0]	[0.958..0.958]	[495572.44..495572.44]	[0.761..0.761]	[1.0..1.0]	[0.958..0.958]	[495572.44..495572.44]	[0.761..0.761]	[1.0..1.0]	0.8956729	[443870.84..443870.84]
Group-1	PG 35:1:0	281.25	240116_PG_FTMSMS-_4.mzXML	30.0	775650.7	0.0	0.0	[9.0..9.0]	[1.0..1.0]	[0.937..0.937]	[726784.7..726784.7]	[0.759..0.759]	[1.0..1.0]	[0.937..0.937]	[726784.7..726784.7]	[0.759..0.759]	[1.0..1.0]	0.8956729	[650961.4..650961.4]
Group-1	PG 35:1:0	281.25	240116_PG_FTMSMS-_4.mzXML	35.0	737014.6	0.0	0.0	[9.0..9.0]	[1.0..1.0]	[0.936..0.936]	[689845.7..689845.7]	[0.756..0.756]	[1.0..1.0]	[0.936..0.936]	[689845.7..689845.7]	[0.756..0.756]	[1.0..1.0]	0.8956729	[617876.1..617876.1]
Group-1	PG 35:1:0	283.26	240116_PG_FTMSMS-_4.mzXML	25.0	14269.2	0.0	0.0	[0.0..0.0]	[0.0..1.0]	[1.002..1.009]	[14297.738..14397.622]	[0.317..0.324]	[0.08..0.15]	[1.003..1.003]	[14312.008..14312.008]	[0.316..0.317]	[0.078..0.149]	0.8956729	[12806.097..12895.561]
Group-1	PG 35:1:0	283.26	240116_PG_FTMSMS-_4.mzXML	30.0	21391.5	0.0	0.0	[0.0..0.0]	[0.0..1.0]	[0.976..0.985]	[20878.104..21070.627]	[0.321..0.325]	[0.08..0.15]	[0.977..0.977]	[20899.496..20899.496]	[0.319..0.32]	[0.078..0.149]	0.8956729	[18699.953..18872.39]
Group-1	PG 35:1:0	283.26	240116_PG_FTMSMS-_4.mzXML	35.0	25903.2	0.0	0.0	[0.0..0.0]	[0.0..1.0]	[0.963..0.976]	[24944.781..25281.523]	[0.345..0.348]	[0.08..0.15]	[0.964..0.965]	[24970.684..24996.586]	[0.343..0.343]	[0.078..0.149]	0.8956729	[22342.365..22643.977]
Group-1	PG 35:1:0	295.26	240116_PG_FTMSMS-_4.mzXML	25.0	145824.2	0.0	0.0	[9.0..9.0]	[1.0..1.0]	[0.939..0.939]	[136928.92..136928.92]	[0.639..0.639]	[0.72..0.82]	[0.939..0.939]	[136928.92..136928.92]	[0.639..0.639]	[0.722..0.82]	0.8956729	[122643.53..122643.53]
Group-1	PG 35:1:0	295.26	240116_PG_FTMSMS-_4.mzXML	30.0	211992.2	0.0	0.0	[9.0..9.0]	[0.0..0.0]	[0.885..0.885]	[187613.1..187613.1]	[0.609..0.609]	[0.72..0.82]	[0.885..0.885]	[187613.1..187613.1]	[0.609..0.609]	[0.722..0.82]	0.8956729	[168039.97..168039.97]
Group-1	PG 35:1:0	295.26	240116_PG_FTMSMS-_4.mzXML	35.0	214746.4	0.0	0.0	[9.0..9.0]	[0.0..1.0]	[0.88..0.902]	[188976.84..193701.27]	[0.596..0.601]	[0.72..0.82]	[0.896..0.898]	[192412.78..192842.27]	[0.6..0.6]	[0.722..0.82]	0.8956729	[169261.44..173492.98]
Group-1	PG 35:2:0	253.22	240116_PG_FTMSMS-_4.mzXML	25.0	3663.6	0.0	0.0	[9.0..9.0]	[0.0..0.0]	[0.97..0.97]	[3553.692..3553.692]	[0.482..0.482]	[0.46..0.64]	[0.97..0.97]	[3553.6921..3553.6921]	[0.482..0.482]	[0.459..0.636]	0.89770675	[3190.1736..3190.1736]
Group-1	PG 35:2:0	253.22	240116_PG_FTMSMS-_4.mzXML	30.0	5834.2	0.0	0.0	[9.0..9.0]	[0.0..0.0]	[0.979..0.979]	[5711.682..5711.682]	[0.524..0.524]	[0.46..0.64]	[0.979..0.979]	[5711.6816..5711.6816]	[0.524..0.524]	[0.459..0.636]	0.89770675	[5127.4155..5127.4155]
Group-1	PG 35:2:0	253.22	240116_PG_FTMSMS-_4.mzXML	35.0	6431.3	0.0	0.0	[9.0..9.0]	[0.0..0.0]	[0.99..0.99]	[6366.987..6366.987]	[0.559..0.559]	[0.46..0.64]	[0.99..0.99]	[6366.987..6366.987]	[0.559..0.559]	[0.459..0.636]	0.89770675	[5715.687..5715.687]
Group-1	PG 35:2:0	255.23	240116_PG_FTMSMS-_4.mzXML	25.0	15321.4	0.0	0.0	[0.0..0.0]	[0.0..0.0]	[1.0..1.0]	[15321.4..15321.4]	[0.449..0.449]	[0.38..0.48]	[1.0..1.0]	[15321.4..15321.4]	[0.449..0.449]	[0.382..0.484]	0.89770675	[13754.124..13754.124]
Group-1	PG 35:2:0	255.23	240116_PG_FTMSMS-_4.mzXML	30.0	23222.8	0.0	0.0	[0.0..0.0]	[0.0..0.0]	[1.0..1.0]	[23222.8..23222.8]	[0.459..0.459]	[0.38..0.48]	[1.0..1.0]	[23222.8..23222.8]	[0.459..0.459]	[0.382..0.484]	0.89770675	[20847.266..20847.266]
Group-1	PG 35:2:0	255.23	240116_PG_FTMSMS-_4.mzXML	35.0	25456.8	0.0	0.0	[0.0..0.0]	[0.0..0.0]	[1.0..1.0]	[25456.8..25456.8]	[0.493..0.493]	[0.38..0.48]	[1.0..1.0]	[25456.8..25456.8]	[0.493..0.493]	[0.382..0.484]	0.89770675	[22852.742..22852.742]
Group-1	PG 35:2:0	267.23	240116_PG_FTMSMS-_4.mzXML	25.0	36734.5	0.0	0.0	[9.0..9.0]	[0.0..0.0]	[0.945..0.945]	[34714.1..34714.1]	[0.189..0.189]	[0.0..0.0]	[0.945..0.945]	[34714.1..34714.1]	[0.189..0.189]	[0.0..0.0]	0.89770675	[31163.084..31163.084]
Group-1	PG 35:2:0	267.23	240116_PG_FTMSMS-_4.mzXML	30.0	58560.9	0.0	0.0	[9.0..9.0]	[1.0..1.0]	[0.972..0.972]	[56921.195..56921.195]	[0.222..0.222]	[0.0..0.0]	[0.972..0.972]	[56921.195..56921.195]	[0.222..0.222]	[0.0..0.0]	0.89770675	[51098.54..51098.54]
Group-1	PG 35:2:0	267.23	240116_PG_FTMSMS-_4.mzXML	35.0	53157.5	0.0	0.0	[9.0..9.0]	[0.0..1.0]	[0.949..0.976]	[50446.47..51881.72]	[0.197..0.198]	[0.0..0.0]	[0.949..0.949]	[50446.47..50446.47]	[0.193..0.193]	[0.0..0.0]	0.89770675	[45286.137..46574.57]
Group-1	PG 35:2:0	269.25	240116_PG_FTMSMS-_4.mzXML	25.0	97414.3	0.0	0.0	[0.0..0.0]	[0.0..0.0]	[1.004..1.004]	[97803.945..97803.945]	[0.205..0.205]	[0.0..0.0]	[1.004..1.004]	[97803.945..97803.945]	[0.205..0.205]	[0.0..0.0]	0.89770675	[87799.266..87799.266]
Group-1	PG 35:2:0	269.25	240116_PG_FTMSMS-_4.mzXML	30.0	133517.8	0.0	0.0	[0.0..0.0]	[0.0..0.0]	[0.993..0.993]	[132583.17..132583.17]	[0.197..0.197]	[0.0..0.0]	[0.993..0.993]	[132583.17..132583.17]	[0.197..0.197]	[0.0..0.0]	0.89770675	[119020.805..119020.805]
Group-1	PG 35:2:0	269.25	240116_PG_FTMSMS-_4.mzXML	35.0	145802.5	0.0	0.0	[0.0..0.0]	[0.0..0.0]	[0.989..0.989]	[144198.67..144198.67]	[0.209..0.209]	[0.0..0.0]	[0.989..0.989]	[144198.67..144198.67]	[0.209..0.209]	[0.0..0.0]	0.89770675	[129448.125..129448.125]
Group-1	PG 35:2:0	279.23	240116_PG_FTMSMS-_4.mzXML	25.0	400043.3	0.0	0.0	[9.0..9.0]	[1.0..1.0]	[0.946..0.946]	[378440.97..378440.97]	[0.795..0.795]	[1.0..1.0]	[0.946..0.946]	[378440.97..378440.97]	[0.795..0.795]	[1.0..1.0]	0.89770675	[339729.03..339729.03]
Group-1	PG 35:2:0	279.23	240116_PG_FTMSMS-_4.mzXML	30.0	564245.8	0.0	0.0	[9.0..9.0]	[1.0..1.0]	[0.957..0.957]	[539983.25..539983.25]	[0.803..0.803]	[1.0..1.0]	[0.957..0.957]	[539983.25..539983.25]	[0.803..0.803]	[1.0..1.0]	0.89770675	[484746.62..484746.62]
Group-1	PG 35:2:0	279.23	240116_PG_FTMSMS-_4.mzXML	35.0	538865.7	0.0	0.0	[9.0..9.0]	[1.0..1.0]	[1.01..1.01]	[544254.3..544254.3]	[0.791..0.791]	[1.0..1.0]	[1.01..1.01]	[544254.3..544254.3]	[0.791..0.791]	[1.0..1.0]	0.89770675	[488580.8..488580.8]
Group-1	PG 35:2:0	281.25	240116_PG_FTMSMS-_4.mzXML	25.0	155626.7	0.0	0.0	[9.0..9.0]	[1.0..1.0]	[0.958..0.958]	[149090.38..149090.38]	[0.811..0.811]	[1.0..1.0]	[0.958..0.958]	[149090.38..149090.38]	[0.811..0.811]	[1.0..1.0]	0.89770675	[133839.44..133839.44]
Group-1	PG 35:2:0	281.25	240116_PG_FTMSMS-_4.mzXML	30.0	219204.7	0.0	0.0	[9.0..9.0]	[0.0..0.0]	[0.911..0.911]	[199695.48..199695.48]	[0.778..0.778]	[1.0..1.0]	[0.911..0.911]	[199695.48..199695.48]	[0.778..0.778]	[1.0..1.0]	0.89770675	[179267.98..179267.98]
Group-1	PG 35:2:0	281.25	240116_PG_FTMSMS-_4.mzXML	35.0	225139.4	0.0	0.0	[9.0..9.0]	[0.0..1.0]	[0.912..0.936]	[205327.14..210730.48]	[0.802..0.803]	[1.0..1.0]	[0.936..0.936]	[210730.48..210730.48]	[0.807..0.807]	[1.0..1.0]	0.89770675	[184323.55..189174.17]
Group-1	PG 35:2:0	293.25	240116_PG_FTMSMS-_4.mzXML	25.0	20284.3	0.0	0.0	[9.0..9.0]	[1.0..1.0]	[0.926..0.926]	[18783.262..18783.262]	[0.551..0.551]	[0.52..0.62]	[0.926..0.926]	[18783.262..18783.262]	[0.551..0.551]	[0.516..0.618]	0.89770675	[16861.861..16861.861]
Group-1	PG 35:2:0	293.25	240116_PG_FTMSMS-_4.mzXML	30.0	29621.8	0.0	0.0	[9.0..9.0]	[1.0..1.0]	[0.925..0.925]	[27400.166..27400.166]	[0.541..0.541]	[0.52..0.62]	[0.925..0.925]	[27400.166..27400.166]	[0.541..0.541]	[0.516..0.618]	0.89770675	[24597.312..24597.312]
Group-1	PG 35:2:0	293.25	240116_PG_FTMSMS-_4.mzXML	35.0	27017.7	0.0	0.0	[9.0..9.0]	[1.0..1.0]	[0.97..0.97]	[26207.17..26207.17]	[0.507..0.507]	[0.52..0.62]	[0.97..0.97]	[26207.17..26207.17]	[0.507..0.507]	[0.516..0.618]	0.89770675	[23526.352..23526.352]
Group-1	PG 35:2:0	295.26	240116_PG_FTMSMS-_4.mzXML	25.0	4069.5	0.0	0.0	[9.0..9.0]	[1.0..1.0]	[0.939..0.939]	[3821.261..3821.261]	[0.518..0.518]	[0.36..0.54]	[0.939..0.939]	[3821.2605..3821.2605]	[0.518..0.518]	[0.364..0.541]	0.89770675	[3430.3713..3430.3713]
Group-1	PG 35:2:0	295.26	240116_PG_FTMSMS-_4.mzXML	30.0	5708.2	0.0	0.0	[9.0..9.0]	[1.0..1.0]	[0.908..0.908]	[5183.046..5183.046]	[0.476..0.476]	[0.36..0.54]	[0.908..0.908]	[5183.046..5183.046]	[0.476..0.476]	[0.364..0.541]	0.89770675	[4652.8555..4652.8555]
Group-1	PG 35:2:0	295.26	240116_PG_FTMSMS-_4.mzXML	35.0	5574.9	0.0	0.0	[9.0..9.0]	[1.0..1.0]	[0.902..0.902]	[5028.56..5028.56]	[0.441..0.441]	[0.36..0.54]	[0.902..0.902]	[5028.5596..5028.5596]	[0.441..0.441]	[0.364..0.541]	0.89770675	[4514.1724..4514.1724]
Group-1	PG 35:3:0	241.22	240116_PG_FTMSMS-_4.mzXML	25.0	1105.2	0.0	0.0	[0.0..0.0]	[0.0..0.0]	[0.995..0.995]	[1099.674..1099.674]	[0.136..0.138]	[0.0..0.0]	[0.995..0.995]	[1099.674..1099.674]	[0.136..0.138]	[0.0..0.0]	0.8997608	[989.44354..989.44354]
Group-1	PG 35:3:0	241.22	240116_PG_FTMSMS-_4.mzXML	30.0	1450.9	0.0	0.0	[0.0..0.0]	[0.0..0.0]	[1.006..1.006]	[1459.606..1459.606]	[0.125..0.146]	[0.0..0.0]	[1.006..1.006]	[1459.6055..1459.6055]	[0.125..0.146]	[0.0..0.0]	0.8997608	[1313.2958..1313.2958]
Group-1	PG 35:3:0	241.22	240116_PG_FTMSMS-_4.mzXML	35.0	1554.0	0.0	0.0	[0.0..0.0]	[0.0..0.0]	[1.009..1.009]	[1567.986..1567.986]	[0.112..0.152]	[0.0..0.0]	[1.009..1.009]	[1567.986..1567.986]	[0.112..0.152]	[0.0..0.0]	0.8997608	[1410.8123..1410.8123]
Group-1	PG 35:3:0	253.22	240116_PG_FTMSMS-_4.mzXML	25.0	582.6	0.0	0.0	[9.0..9.0]	[0.0..0.0]	[0.97..0.97]	[565.122..565.122]	[0.481..0.481]	[0.46..0.59]	[0.97..0.97]	[565.122..565.122]	[0.481..0.481]	[0.456..0.595]	0.8997608	[508.4746..508.4746]
Group-1	PG 35:3:0	253.22	240116_PG_FTMSMS-_4.mzXML	30.0	1005.8	0.0	0.0	[9.0..9.0]	[0.0..0.0]	[0.979..0.979]	[984.678..984.678]	[0.541..0.541]	[0.46..0.59]	[0.979..0.979]	[984.67816..984.67816]	[0.541..0.541]	[0.456..0.595]	0.8997608	[885.9748..885.9748]
Group-1	PG 35:3:0	253.22	240116_PG_FTMSMS-_4.mzXML	35.0	782.2	0.0	0.0	[9.0..9.0]	[0.0..0.0]	[0.99..0.99]	[774.378..774.378]	[0.534..0.534]	[0.46..0.59]	[0.99..0.99]	[774.378..774.378]	[0.534..0.534]	[0.456..0.595]	0.8997608	[696.755..696.755]
Group-1	PG 35:3:0	255.23	240116_PG_FTMSMS-_4.mzXML	25.0	7340.4	0.0	0.0	[0.0..0.0]	[0.0..0.0]	[1.0..1.0]	[7340.4..7340.4]	[0.338..0.341]	[0.13..0.44]	[1.0..1.0]	[7340.4..7340.4]	[0.343..0.354]	[0.127..0.44]	0.8997608	[6604.604..6604.604]
Group-1	PG 35:3:0	255.23	240116_PG_FTMSMS-_4.mzXML	30.0	10105.8	0.0	0.0	[0.0..0.0]	[0.0..0.0]	[1.0..1.0]	[10105.8..10105.8]	[0.369..0.394]	[0.13..0.44]	[1.0..1.0]	[10105.8..10105.8]	[0.372..0.401]	[0.127..0.44]	0.8997608	[9092.803..9092.803]
Group-1	PG 35:3:0	255.23	240116_PG_FTMSMS-_4.mzXML	35.0	10905.0	0.0	0.0	[0.0..0.0]	[0.0..0.0]	[1.0..1.0]	[10905.0..10905.0]	[0.425..0.474]	[0.13..0.44]	[1.0..1.0]	[10905.0..10905.0]	[0.426..0.475]	[0.127..0.44]	0.8997608	[9811.892..9811.892]
Group-1	PG 35:3:0	265.22	240116_PG_FTMSMS-_4.mzXML	25.0	1427.0	0.0	0.0	[9.0..9.0]	[0.0..0.0]	[0.941..0.941]	[1342.807..1342.807]	[0.088..0.088]	[0.0..0.0]	[0.941..0.941]	[1342.807..1342.807]	[0.088..0.088]	[0.0..0.0]	0.8997608	[1208.2051..1208.2051]
Group-1	PG 35:3:0	265.22	240116_PG_FTMSMS-_4.mzXML	30.0	1761.8	0.0	0.0	[9.0..9.0]	[0.0..0.0]	[0.972..0.972]	[1712.47..1712.47]	[0.078..0.078]	[0.0..0.0]	[0.972..0.972]	[1712.4696..1712.4696]	[0.078..0.078]	[0.0..0.0]	0.8997608	[1540.8131..1540.8131]
Group-1	PG 35:3:0	265.22	240116_PG_FTMSMS-_4.mzXML	35.0	1828.2	0.0	0.0	[9.0..9.0]	[0.0..0.0]	[1.038..1.038]	[1897.672..1897.672]	[0.091..0.091]	[0.0..0.0]	[1.038..1.038]	[1897.6715..1897.6715]	[0.091..0.091]	[0.0..0.0]	0.8997608	[1707.4504..1707.4504]
Group-1	PG 35:3:0	267.23	240116_PG_FTMSMS-_4.mzXML	25.0	15958.8	0.0	0.0	[9.0..9.0]	[0.0..0.0]	[0.945..0.945]	[15081.065..15081.065]	[0.137..0.137]	[0.0..0.0]	[0.945..0.945]	[15081.065..15081.065]	[0.137..0.137]	[0.0..0.0]	0.8997608	[13569.352..13569.352]
Group-1	PG 35:3:0	267.23	240116_PG_FTMSMS-_4.mzXML	30.0	21488.3	0.0	0.0	[9.0..9.0]	[0.0..0.0]	[0.942..0.942]	[20241.979..20241.979]	[0.126..0.126]	[0.0..0.0]	[0.942..0.942]	[20241.979..20241.979]	[0.126..0.126]	[0.0..0.0]	0.8997608	[18212.938..18212.938]
Group-1	PG 35:3:0	267.23	240116_PG_FTMSMS-_4.mzXML	35.0	22222.7	0.0	0.0	[9.0..9.0]	[0.0..0.0]	[0.949..0.949]	[21089.342..21089.342]	[0.133..0.133]	[0.0..0.0]	[0.949..0.949]	[21089.342..21089.342]	[0.133..0.133]	[0.0..0.0]	0.8997608	[18975.363..18975.363]
Group-1	PG 35:3:0	269.25	240116_PG_FTMSMS-_4.mzXML	25.0	1302.6	0.0	0.0	[0.0..0.0]	[0.0..1.0]	[1.001..1.004]	[1303.903..1307.81]	[0.202..0.206]	[0.0..0.0]	[1.001..1.001]	[1303.9026..1303.9026]	[0.202..0.204]	[0.0..0.0]	0.8997608	[1173.2004..1176.7164]
Group-1	PG 35:3:0	269.25	240116_PG_FTMSMS-_4.mzXML	30.0	1979.7	0.0	0.0	[0.0..0.0]	[0.0..1.0]	[0.987..0.993]	[1953.964..1965.842]	[0.212..0.23]	[0.0..0.0]	[0.987..0.987]	[1953.9639..1953.9639]	[0.211..0.228]	[0.0..0.0]	0.8997608	[1758.1..1768.7875]
Group-1	PG 35:3:0	269.25	240116_PG_FTMSMS-_4.mzXML	35.0	1987.6	0.0	0.0	[0.0..0.0]	[0.0..0.0]	[0.989..0.989]	[1965.737..1965.737]	[0.213..0.247]	[0.0..0.0]	[0.989..0.989]	[1965.7365..1965.7365]	[0.213..0.247]	[0.0..0.0]	0.8997608	[1768.6925..1768.6925]
Group-1	PG 35:3:0	277.22	240116_PG_FTMSMS-_4.mzXML	25.0	5077.8	0.0	0.0	[6.0..9.0]	[0.0..1.0]	[0.989..1.016]	[5021.945..5159.045]	[0.794..0.798]	[1.0..1.0]	[1.005..1.016]	[5103.189..5159.045]	[0.796..0.798]	[1.0..1.0]	0.8997608	[4518.5483..4641.9062]
Group-1	PG 35:3:0	277.22	240116_PG_FTMSMS-_4.mzXML	30.0	6057.2	0.0	0.0	[6.0..9.0]	[0.0..1.0]	[1.082..1.205]	[6553.891..7298.927]	[0.77..0.788]	[1.0..1.0]	[1.093..1.205]	[6620.52..7298.9263]	[0.772..0.789]	[1.0..1.0]	0.8997608	[5896.934..6567.288]
Group-1	PG 35:3:0	277.22	240116_PG_FTMSMS-_4.mzXML	35.0	4714.2	0.0	0.0	[6.0..9.0]	[1.0..1.0]	[1.27..1.537]	[5987.034..7245.726]	[0.753..0.787]	[1.0..1.0]	[1.27..1.537]	[5987.034..7245.7256]	[0.753..0.787]	[1.0..1.0]	0.8997608	[5386.8984..6519.4194]
Group-1	PG 35:3:0	279.23	240116_PG_FTMSMS-_4.mzXML	25.0	100224.2	0.0	0.0	[9.0..9.0]	[1.0..1.0]	[0.946..0.946]	[94812.09..94812.09]	[0.863..0.863]	[1.0..1.0]	[0.946..0.946]	[94812.09..94812.09]	[0.863..0.863]	[1.0..1.0]	0.8997608	[85308.2..85308.2]
Group-1	PG 35:3:0	279.23	240116_PG_FTMSMS-_4.mzXML	30.0	146137.0	0.0	0.0	[9.0..9.0]	[1.0..1.0]	[0.957..0.957]	[139853.11..139853.11]	[0.874..0.874]	[1.0..1.0]	[0.957..0.957]	[139853.11..139853.11]	[0.874..0.874]	[1.0..1.0]	0.8997608	[125834.34..125834.34]
Group-1	PG 35:3:0	279.23	240116_PG_FTMSMS-_4.mzXML	35.0	135773.0	0.0	0.0	[9.0..9.0]	[1.0..1.0]	[1.01..1.01]	[137130.73..137130.73]	[0.867..0.867]	[1.0..1.0]	[1.01..1.01]	[137130.73..137130.73]	[0.867..0.867]	[1.0..1.0]	0.8997608	[123384.85..123384.85]
Group-1	PG 35:3:0	281.25	240116_PG_FTMSMS-_4.mzXML	25.0	14525.9	0.0	0.0	[9.0..9.0]	[1.0..1.0]	[0.958..0.958]	[13915.812..13915.812]	[0.912..0.912]	[1.0..1.0]	[0.958..0.958]	[13915.8125..13915.8125]	[0.912..0.912]	[1.0..1.0]	0.8997608	[12520.903..12520.903]
Group-1	PG 35:3:0	281.25	240116_PG_FTMSMS-_4.mzXML	30.0	21500.0	0.0	0.0	[9.0..9.0]	[1.0..1.0]	[0.937..0.937]	[20145.5..20145.5]	[0.922..0.922]	[1.0..1.0]	[0.937..0.937]	[20145.5..20145.5]	[0.922..0.922]	[1.0..1.0]	0.8997608	[18126.13..18126.13]
Group-1	PG 35:3:0	281.25	240116_PG_FTMSMS-_4.mzXML	35.0	20320.5	0.0	0.0	[9.0..9.0]	[1.0..1.0]	[0.936..0.936]	[19019.988..19019.988]	[0.909..0.909]	[1.0..1.0]	[0.936..0.936]	[19019.988..19019.988]	[0.909..0.909]	[1.0..1.0]	0.8997608	[17113.44..17113.44]
Group-1	PG 35:3:0	291.23	240116_PG_FTMSMS-_4.mzXML	25.0	14528.4	0.0	0.0	[6.0..9.0]	[1.0..1.0]	[0.976..0.991]	[14179.719..14397.645]	[0.659..0.662]	[0.56..0.87]	[0.923..0.969]	[13409.713..14078.02]	[0.646..0.657]	[0.56..0.873]	0.8997608	[12758.355..12954.437]
Group-1	PG 35:3:0	291.23	240116_PG_FTMSMS-_4.mzXML	30.0	14871.1	0.0	0.0	[6.0..9.0]	[1.0..1.0]	[1.047..1.16]	[15570.042..17250.475]	[0.606..0.631]	[0.56..0.87]	[1.015..1.146]	[15094.166..17042.281]	[0.599..0.628]	[0.56..0.873]	0.8997608	[14009.313..15521.302]
Group-1	PG 35:3:0	291.23	240116_PG_FTMSMS-_4.mzXML	35.0	10028.9	0.0	0.0	[6.0..9.0]	[1.0..1.0]	[1.207..1.469]	[12104.883..14732.454]	[0.526..0.575]	[0.56..0.87]	[1.203..1.468]	[12064.767..14722.427]	[0.525..0.574]	[0.56..0.873]	0.8997608	[10891.499..13255.685]
Group-1	PG 35:3:0	293.25	240116_PG_FTMSMS-_4.mzXML	25.0	659.5	0.0	0.0	[9.0..9.0]	[1.0..1.0]	[0.926..0.926]	[610.697..610.697]	[0.519..0.519]	[0.41..0.54]	[0.926..0.926]	[610.697..610.697]	[0.519..0.519]	[0.405..0.544]	0.8997608	[549.4812..549.4812]
Group-1	PG 35:3:0	293.25	240116_PG_FTMSMS-_4.mzXML	30.0	902.8	0.0	0.0	[9.0..9.0]	[1.0..1.0]	[0.925..0.925]	[835.09..835.09]	[0.459..0.459]	[0.41..0.54]	[0.925..0.925]	[835.09..835.09]	[0.459..0.459]	[0.405..0.544]	0.8997608	[751.3812..751.3812]
Group-1	PG 35:3:0	293.25	240116_PG_FTMSMS-_4.mzXML	35.0	697.9	0.0	0.0	[9.0..9.0]	[1.0..1.0]	[0.97..0.97]	[676.963..676.963]	[0.466..0.466]	[0.41..0.54]	[0.97..0.97]	[676.9631..676.9631]	[0.466..0.466]	[0.405..0.544]	0.8997608	[609.1048..609.1048]
Group-1	PG 35:3:0	305.25	240116_PG_FTMSMS-_4.mzXML	25.0	7140.6	0.0	0.0	[5.0..11.0]	[1.0..1.0]	[0.966..0.981]	[6897.82..7004.929]	[0.862..0.864]	[1.0..1.0]	[0.966..0.981]	[6897.82..7004.9287]	[0.862..0.864]	[1.0..1.0]	0.8997608	[6206.3877..6302.7603]
Group-1	PG 35:3:0	305.25	240116_PG_FTMSMS-_4.mzXML	30.0	8677.1	0.0	0.0	[5.0..11.0]	[1.0..1.0]	[0.987..1.177]	[8564.297..10212.946]	[0.854..0.875]	[1.0..1.0]	[0.987..1.177]	[8564.297..10212.946]	[0.854..0.875]	[1.0..1.0]	0.8997608	[7705.819..9189.209]
Group-1	PG 35:3:0	305.25	240116_PG_FTMSMS-_4.mzXML	35.0	8073.1	0.0	0.0	[5.0..11.0]	[1.0..1.0]	[1.087..1.54]	[8775.46..12432.574]	[0.848..0.888]	[1.0..1.0]	[1.087..1.54]	[8775.46..12432.574]	[0.848..0.888]	[1.0..1.0]	0.8997608	[7895.815..11186.343]
Group-1	PG 36:1:0	255.23	240116_PG_FTMSMS-_4.mzXML	25.0	171385.8	0.0	0.0	[0.0..0.0]	[0.0..0.0]	[1.0..1.0]	[171385.8..171385.8]	[0.339..0.339]	[0.01..0.13]	[1.0..1.0]	[171385.8..171385.8]	[0.339..0.339]	[0.015..0.129]	0.8817691	[151122.7..151122.7]
Group-1	PG 36:1:0	255.23	240116_PG_FTMSMS-_4.mzXML	30.0	196610.5	0.0	0.0	[0.0..0.0]	[0.0..0.0]	[1.0..1.0]	[196610.5..196610.5]	[0.297..0.297]	[0.01..0.13]	[1.0..1.0]	[196610.5..196610.5]	[0.297..0.297]	[0.015..0.129]	0.8817691	[173365.06..173365.06]
Group-1	PG 36:1:0	255.23	240116_PG_FTMSMS-_4.mzXML	35.0	173222.3	0.0	0.0	[0.0..0.0]	[0.0..0.0]	[1.0..1.0]	[173222.3..173222.3]	[0.29..0.29]	[0.01..0.13]	[1.0..1.0]	[173222.3..173222.3]	[0.29..0.29]	[0.015..0.129]	0.8817691	[152742.08..152742.08]
Group-1	PG 36:1:0	281.25	240116_PG_FTMSMS-_4.mzXML	25.0	1.9224638E7	0.0	0.0	[9.0..9.0]	[0.0..1.0]	[0.925..0.958]	[1.778279E7..1.8417204E7]	[0.722..0.727]	[1.0..1.0]	[0.958..0.958]	[1.8417204E7..1.8417204E7]	[0.729..0.729]	[1.0..1.0]	0.8817691	[1.5680315E7..1.6239721E7]
Group-1	PG 36:1:0	281.25	240116_PG_FTMSMS-_4.mzXML	30.0	2.6911462E7	0.0	0.0	[9.0..9.0]	[0.0..1.0]	[0.911..0.937]	[2.4516342E7..2.521604E7]	[0.731..0.735]	[1.0..1.0]	[0.937..0.937]	[2.521604E7..2.521604E7]	[0.736..0.736]	[1.0..1.0]	0.8817691	[2.1617754E7..2.2234724E7]
Group-1	PG 36:1:0	281.25	240116_PG_FTMSMS-_4.mzXML	35.0	2.7866422E7	0.0	0.0	[9.0..9.0]	[0.0..1.0]	[0.912..0.936]	[2.5414176E7..2.608297E7]	[0.719..0.721]	[1.0..1.0]	[0.936..0.936]	[2.608297E7..2.608297E7]	[0.724..0.724]	[1.0..1.0]	0.8817691	[2.2409436E7..2.2999158E7]
Group-1	PG 36:1:0	283.26	240116_PG_FTMSMS-_4.mzXML	25.0	6840142.5	0.0	0.0	[0.0..0.0]	[0.0..1.0]	[1.002..1.009]	[6853822.5..6901703.5]	[0.273..0.278]	[0.0..0.0]	[1.002..1.002]	[6853822.5..6853822.5]	[0.271..0.271]	[0.0..0.0]	0.8817691	[6043489.0..6085709.0]
Group-1	PG 36:1:0	283.26	240116_PG_FTMSMS-_4.mzXML	30.0	9247250.0	0.0	0.0	[0.0..0.0]	[0.0..1.0]	[0.976..0.985]	[9025316.0..9108541.0]	[0.265..0.269]	[0.0..0.0]	[0.976..0.976]	[9025316.0..9025316.0]	[0.264..0.264]	[0.0..0.0]	0.8817691	[7958245.0..8031630.5]
Group-1	PG 36:1:0	283.26	240116_PG_FTMSMS-_4.mzXML	35.0	1.0333518E7	0.0	0.0	[0.0..0.0]	[0.0..1.0]	[0.963..0.976]	[9951178.0..1.0085514E7]	[0.279..0.281]	[0.0..0.0]	[0.963..0.963]	[9951178.0..9951178.0]	[0.276..0.276]	[0.0..0.0]	0.8817691	[8774641.0..8893094.0]
Group-1	PG 36:1:0	309.28	240116_PG_FTMSMS-_4.mzXML	25.0	353824.1	0.0	0.0	[11.0..11.0]	[1.0..1.0]	[0.946..0.946]	[334717.6..334717.6]	[0.661..0.661]	[0.87..0.99]	[0.946..0.946]	[334717.6..334717.6]	[0.661..0.661]	[0.871..0.985]	0.8817691	[295143.62..295143.62]
Group-1	PG 36:1:0	309.28	240116_PG_FTMSMS-_4.mzXML	30.0	517024.3	0.0	0.0	[11.0..11.0]	[1.0..1.0]	[0.899..0.899]	[464804.84..464804.84]	[0.703..0.703]	[0.87..0.99]	[0.899..0.899]	[464804.84..464804.84]	[0.703..0.703]	[0.871..0.985]	0.8817691	[409850.56..409850.56]
Group-1	PG 36:1:0	309.28	240116_PG_FTMSMS-_4.mzXML	35.0	482188.8	0.0	0.0	[11.0..11.0]	[1.0..1.0]	[0.879..0.879]	[423843.97..423843.97]	[0.71..0.71]	[0.87..0.99]	[0.879..0.879]	[423843.97..423843.97]	[0.71..0.71]	[0.871..0.985]	0.8817691	[373732.53..373732.53]
Group-1	PG 36:2:0	255.23	240116_PG_FTMSMS-_4.mzXML	25.0	128455.9	0.0	0.0	[0.0..0.0]	[0.0..0.0]	[1.0..1.0]	[128455.9..128455.9]	[0.252..0.252]	[0.0..0.07]	[1.0..1.0]	[128455.9..128455.9]	[0.252..0.252]	[0.0..0.072]	0.8837351	[113520.99..113520.99]
Group-1	PG 36:2:0	255.23	240116_PG_FTMSMS-_4.mzXML	30.0	213979.7	0.0	0.0	[0.0..0.0]	[1.0..1.0]	[1.0..1.0]	[213979.7..213979.7]	[0.315..0.315]	[0.0..0.07]	[1.0..1.0]	[213979.7..213979.7]	[0.315..0.315]	[0.0..0.072]	0.8837351	[189101.38..189101.38]
Group-1	PG 36:2:0	255.23	240116_PG_FTMSMS-_4.mzXML	35.0	207084.1	0.0	0.0	[0.0..0.0]	[0.0..1.0]	[1.0..1.0]	[207084.1..207084.1]	[0.268..0.272]	[0.0..0.07]	[1.0..1.0]	[207084.1..207084.1]	[0.268..0.268]	[0.0..0.072]	0.8837351	[183007.48..183007.48]
Group-1	PG 36:2:0	279.23	240116_PG_FTMSMS-_4.mzXML	25.0	1.5862323E7	0.0	0.0	[9.0..9.0]	[0.0..1.0]	[0.917..0.946]	[1.454575E7..1.5005757E7]	[0.726..0.73]	[1.0..1.0]	[0.946..0.946]	[1.5005757E7..1.5005757E7]	[0.732..0.732]	[1.0..1.0]	0.8837351	[1.285459E7..1.3261115E7]
Group-1	PG 36:2:0	279.23	240116_PG_FTMSMS-_4.mzXML	30.0	2.1316834E7	0.0	0.0	[9.0..9.0]	[0.0..1.0]	[0.935..0.957]	[1.993124E7..2.040021E7]	[0.73..0.733]	[1.0..1.0]	[0.957..0.957]	[2.040021E7..2.040021E7]	[0.735..0.735]	[1.0..1.0]	0.8837351	[1.7613936E7..1.8028382E7]
Group-1	PG 36:2:0	279.23	240116_PG_FTMSMS-_4.mzXML	35.0	1.977271E7	0.0	0.0	[9.0..9.0]	[0.0..1.0]	[0.992..1.01]	[1.9614528E7..1.9970436E7]	[0.721..0.722]	[1.0..1.0]	[1.01..1.01]	[1.9970436E7..1.9970436E7]	[0.725..0.725]	[1.0..1.0]	0.8837351	[1.7334048E7..1.7648576E7]
Group-1	PG 36:2:0	281.25	240116_PG_FTMSMS-_4.mzXML	25.0	6775102.0	0.0	0.0	[9.0..9.0]	[0.5..0.5]	[0.922..0.922]	[6246644.0..6246644.0]	[0.5..0.5]	[0.5..0.5]	[0.922..0.922]	[6246644.0..6246644.0]	[0.5..0.5]	[0.5..0.5]	0.8837351	[5520378.5..5520378.5]
Group-1	PG 36:2:0	281.25	240116_PG_FTMSMS-_4.mzXML	30.0	8919979.0	0.0	0.0	[9.0..9.0]	[0.5..0.5]	[0.916..0.916]	[8170701.0..8170701.0]	[0.5..0.5]	[0.5..0.5]	[0.916..0.916]	[8170701.0..8170701.0]	[0.5..0.5]	[0.5..0.5]	0.8837351	[7220735.0..7220735.0]
Group-1	PG 36:2:0	281.25	240116_PG_FTMSMS-_4.mzXML	35.0	8704422.0	0.0	0.0	[9.0..9.0]	[0.5..0.5]	[0.922..0.922]	[8025477.0..8025477.0]	[0.5..0.5]	[0.5..0.5]	[0.922..0.922]	[8025477.0..8025477.0]	[0.5..0.5]	[0.5..0.5]	0.8837351	[7092396.0..7092396.0]
Group-1	PG 36:2:0	283.26	240116_PG_FTMSMS-_4.mzXML	25.0	5488971.0	0.0	0.0	[0.0..0.0]	[0.0..1.0]	[1.002..1.009]	[5499949.0..5538371.5]	[0.27..0.274]	[0.0..0.0]	[1.002..1.002]	[5499949.0..5499949.0]	[0.268..0.268]	[0.0..0.0]	0.8837351	[4860498.0..4894453.5]
Group-1	PG 36:2:0	283.26	240116_PG_FTMSMS-_4.mzXML	30.0	7538553.0	0.0	0.0	[0.0..0.0]	[0.0..1.0]	[0.976..0.985]	[7357628.0..7425475.0]	[0.267..0.27]	[0.0..0.0]	[0.976..0.976]	[7357628.0..7357628.0]	[0.265..0.265]	[0.0..0.0]	0.8837351	[6502194.0..6562153.0]
Group-1	PG 36:2:0	283.26	240116_PG_FTMSMS-_4.mzXML	35.0	7876496.0	0.0	0.0	[0.0..0.0]	[0.0..1.0]	[0.963..0.976]	[7585065.5..7687460.0]	[0.278..0.279]	[0.0..0.0]	[0.963..0.963]	[7585065.5..7585065.5]	[0.275..0.275]	[0.0..0.0]	0.8837351	[6703189.0..6793678.5]
Group-1	PG 36:2:0	307.26	240116_PG_FTMSMS-_4.mzXML	25.0	410584.7	0.0	0.0	[11.0..11.0]	[1.0..1.0]	[0.928..0.928]	[381022.6..381022.6]	[0.748..0.748]	[0.93..1.0]	[0.928..0.928]	[381022.6..381022.6]	[0.748..0.748]	[0.928..1.0]	0.8837351	[336723.03..336723.03]
Group-1	PG 36:2:0	307.26	240116_PG_FTMSMS-_4.mzXML	30.0	531153.9	0.0	0.0	[11.0..11.0]	[0.0..0.0]	[0.877..0.877]	[465821.94..465821.94]	[0.685..0.685]	[0.93..1.0]	[0.877..0.877]	[465821.94..465821.94]	[0.685..0.685]	[0.928..1.0]	0.8837351	[411663.22..411663.22]
Group-1	PG 36:2:0	307.26	240116_PG_FTMSMS-_4.mzXML	35.0	618711.6	0.0	0.0	[11.0..11.0]	[0.0..1.0]	[0.895..0.916]	[553746.9..566739.9]	[0.728..0.732]	[0.93..1.0]	[0.915..0.916]	[566121.1..566739.9]	[0.732..0.732]	[0.928..1.0]	0.8837351	[489365.56..500847.9]
Group-1	PG 36:3:0	255.23	240116_PG_FTMSMS-_4.mzXML	25.0	423772.4	0.0	0.0	[0.0..0.0]	[0.0..0.0]	[1.0..1.0]	[423772.4..423772.4]	[0.248..0.251]	[0.0..0.04]	[1.0..1.0]	[423772.4..423772.4]	[0.248..0.253]	[0.0..0.038]	0.8857106	[375339.72..375339.72]
Group-1	PG 36:3:0	255.23	240116_PG_FTMSMS-_4.mzXML	30.0	553914.8	0.0	0.0	[0.0..0.0]	[0.0..0.6]	[1.0..1.0]	[553914.8..553914.8]	[0.233..0.272]	[0.0..0.04]	[1.0..1.0]	[553914.8..553914.8]	[0.233..0.267]	[0.0..0.038]	0.8857106	[490608.22..490608.22]
Group-1	PG 36:3:0	255.23	240116_PG_FTMSMS-_4.mzXML	35.0	612138.9	0.0	0.0	[0.0..0.0]	[0.0..0.6]	[1.0..1.0]	[612138.9..612138.9]	[0.232..0.3]	[0.0..0.04]	[1.0..1.0]	[612138.9..612138.9]	[0.232..0.3]	[0.0..0.038]	0.8857106	[542177.9..542177.9]
Group-1	PG 36:3:0	277.22	240116_PG_FTMSMS-_4.mzXML	25.0	127613.6	0.0	0.0	[6.0..9.0]	[0.0..1.0]	[0.989..1.016]	[126209.85..129655.42]	[0.72..0.724]	[0.92..1.0]	[0.989..1.016]	[126209.85..129655.42]	[0.72..0.725]	[0.918..1.0]	0.8857106	[111785.41..114837.18]
Group-1	PG 36:3:0	277.22	240116_PG_FTMSMS-_4.mzXML	30.0	139475.3	0.0	0.0	[6.0..9.0]	[0.0..1.0]	[1.082..1.205]	[150912.28..168067.73]	[0.716..0.736]	[0.92..1.0]	[1.084..1.205]	[151191.22..168067.73]	[0.717..0.737]	[0.918..1.0]	0.8857106	[133664.61..148859.38]
Group-1	PG 36:3:0	277.22	240116_PG_FTMSMS-_4.mzXML	35.0	111168.4	0.0	0.0	[6.0..9.0]	[0.0..1.0]	[1.265..1.537]	[140628.02..170865.83]	[0.681..0.719]	[0.92..1.0]	[1.27..1.537]	[141183.86..170865.83]	[0.682..0.721]	[0.918..1.0]	0.8857106	[124555.734..151337.67]
Group-1	PG 36:3:0	279.23	240116_PG_FTMSMS-_4.mzXML	25.0	2940040.8	0.0	0.0	[9.0..9.0]	[0.0..0.0]	[0.917..0.917]	[2696017.2..2696017.2]	[0.658..0.658]	[0.86..0.9]	[0.917..0.917]	[2696017.2..2696017.2]	[0.658..0.658]	[0.864..0.9]	0.8857106	[2387891.2..2387891.2]
Group-1	PG 36:3:0	279.23	240116_PG_FTMSMS-_4.mzXML	30.0	3893031.2	0.0	0.0	[9.0..9.0]	[1.0..1.0]	[0.957..0.957]	[3725631.0..3725631.0]	[0.673..0.673]	[0.86..0.9]	[0.957..0.957]	[3725631.0..3725631.0]	[0.673..0.673]	[0.864..0.9]	0.8857106	[3299830.8..3299830.8]
Group-1	PG 36:3:0	279.23	240116_PG_FTMSMS-_4.mzXML	35.0	3765900.8	0.0	0.0	[9.0..9.0]	[0.0..1.0]	[0.992..1.01]	[3735773.5..3803559.8]	[0.668..0.669]	[0.86..0.9]	[1.007..1.008]	[3792262.0..3796028.0]	[0.672..0.672]	[0.864..0.9]	0.8857106	[3308814.2..3368853.2]
Group-1	PG 36:3:0	281.25	240116_PG_FTMSMS-_4.mzXML	25.0	1459601.5	0.0	0.0	[9.0..9.0]	[1.0..1.0]	[0.958..0.958]	[1398298.2..1398298.2]	[0.342..0.342]	[0.1..0.14]	[0.958..0.958]	[1398298.2..1398298.2]	[0.342..0.342]	[0.1..0.136]	0.8857106	[1238487.5..1238487.5]
Group-1	PG 36:3:0	281.25	240116_PG_FTMSMS-_4.mzXML	30.0	1988365.9	0.0	0.0	[9.0..9.0]	[0.0..0.0]	[0.911..0.911]	[1811401.4..1811401.4]	[0.327..0.327]	[0.1..0.14]	[0.911..0.911]	[1811401.4..1811401.4]	[0.327..0.327]	[0.1..0.136]	0.8857106	[1604377.4..1604377.4]
Group-1	PG 36:3:0	281.25	240116_PG_FTMSMS-_4.mzXML	35.0	2022898.6	0.0	0.0	[9.0..9.0]	[0.0..1.0]	[0.912..0.936]	[1844883.5..1893433.1]	[0.331..0.332]	[0.1..0.14]	[0.914..0.915]	[1848929.2..1850952.2]	[0.328..0.328]	[0.1..0.136]	0.8857106	[1634032.9..1677033.8]
Group-1	PG 36:3:0	283.26	240116_PG_FTMSMS-_4.mzXML	25.0	48951.6	0.0	0.0	[0.0..0.0]	[0.0..1.0]	[1.002..1.009]	[49049.504..49392.164]	[0.276..0.28]	[0.0..0.08]	[1.002..1.003]	[49049.504..49098.457]	[0.275..0.28]	[0.0..0.082]	0.8857106	[43443.664..43747.164]
Group-1	PG 36:3:0	283.26	240116_PG_FTMSMS-_4.mzXML	30.0	61260.6	0.0	0.0	[0.0..0.0]	[0.0..1.0]	[0.976..0.985]	[59790.348..60341.695]	[0.264..0.284]	[0.0..0.08]	[0.976..0.977]	[59790.348..59851.61]	[0.263..0.283]	[0.0..0.082]	0.8857106	[52956.945..53445.277]
Group-1	PG 36:3:0	283.26	240116_PG_FTMSMS-_4.mzXML	35.0	68467.5	0.0	0.0	[0.0..0.0]	[0.0..1.0]	[0.963..0.976]	[65934.2..66824.28]	[0.281..0.319]	[0.0..0.08]	[0.963..0.964]	[65934.2..66002.67]	[0.279..0.318]	[0.0..0.082]	0.8857106	[58398.62..59186.973]
Group-1	PG 36:3:0	305.25	240116_PG_FTMSMS-_4.mzXML	25.0	1307573.0	0.0	0.0	[5.0..11.0]	[1.0..1.0]	[0.966..0.981]	[1263115.5..1282729.1]	[0.749..0.752]	[0.96..1.0]	[0.959..0.981]	[1253962.5..1282729.1]	[0.747..0.752]	[0.962..1.0]	0.8857106	[1118754.8..1136126.8]
Group-1	PG 36:3:0	305.25	240116_PG_FTMSMS-_4.mzXML	30.0	1547426.9	0.0	0.0	[5.0..11.0]	[0.4..1.0]	[0.956..1.177]	[1479340.0..1821321.5]	[0.728..0.767]	[0.96..1.0]	[0.983..1.177]	[1521120.6..1821321.5]	[0.733..0.767]	[0.962..1.0]	0.8857106	[1310267.1..1613163.8]
Group-1	PG 36:3:0	305.25	240116_PG_FTMSMS-_4.mzXML	35.0	1317700.6	0.0	0.0	[5.0..11.0]	[0.4..1.0]	[1.083..1.54]	[1427069.8..2029258.9]	[0.7..0.768]	[0.96..1.0]	[1.086..1.54]	[1431022.9..2029258.9]	[0.7..0.768]	[0.962..1.0]	0.8857106	[1263970.8..1797336.1]
Group-1	PG 36:4:0	255.23	240116_PG_FTMSMS-_4.mzXML	25.0	1650791.9	0.0	0.0	[0.0..0.0]	[0.0..1.0]	[1.0..1.0]	[1650791.9..1650791.9]	[0.224..0.228]	[0.0..0.07]	[1.0..1.0]	[1650791.9..1650791.9]	[0.224..0.232]	[0.0..0.065]	0.8877056	[1465417.2..1465417.2]
Group-1	PG 36:4:0	255.23	240116_PG_FTMSMS-_4.mzXML	30.0	2340988.8	0.0	0.0	[0.0..0.0]	[1.0..1.0]	[1.0..1.0]	[2340988.8..2340988.8]	[0.243..0.263]	[0.0..0.07]	[1.0..1.0]	[2340988.8..2340988.8]	[0.245..0.265]	[0.0..0.065]	0.8877056	[2078108.9..2078108.9]
Group-1	PG 36:4:0	255.23	240116_PG_FTMSMS-_4.mzXML	35.0	2367122.5	0.0	0.0	[0.0..0.0]	[0.0..0.0]	[1.0..1.0]	[2367122.5..2367122.5]	[0.277..0.312]	[0.0..0.07]	[1.0..1.0]	[2367122.5..2367122.5]	[0.277..0.312]	[0.0..0.065]	0.8877056	[2101308.0..2101308.0]
Group-1	PG 36:4:0	277.22	240116_PG_FTMSMS-_4.mzXML	25.0	34886.5	0.0	0.0	[6.0..9.0]	[0.0..0.0]	[0.989..1.014]	[34502.754..35374.914]	[0.41..0.416]	[0.29..0.53]	[0.954..0.964]	[33281.723..33630.586]	[0.401..0.404]	[0.293..0.525]	0.8877056	[30628.283..31402.508]
Group-1	PG 36:4:0	277.22	240116_PG_FTMSMS-_4.mzXML	30.0	42997.8	0.0	0.0	[6.0..9.0]	[0.0..0.0]	[1.082..1.207]	[46523.62..51898.348]	[0.433..0.46]	[0.29..0.53]	[1.062..1.172]	[45663.664..50393.426]	[0.429..0.453]	[0.293..0.525]	0.8877056	[41299.28..46070.457]
Group-1	PG 36:4:0	277.22	240116_PG_FTMSMS-_4.mzXML	35.0	39362.4	0.0	0.0	[6.0..9.0]	[0.0..0.0]	[1.265..1.543]	[49793.434..60736.18]	[0.462..0.511]	[0.29..0.53]	[1.267..1.537]	[49872.156..60500.004]	[0.462..0.51]	[0.293..0.525]	0.8877056	[44201.91..53915.848]
Group-1	PG 36:4:0	279.23	240116_PG_FTMSMS-_4.mzXML	25.0	609404.3	0.0	0.0	[9.0..9.0]	[0.5..0.5]	[0.921..0.921]	[561261.4..561261.4]	[0.5..0.5]	[0.5..0.5]	[0.921..0.921]	[561261.4..561261.4]	[0.5..0.5]	[0.5..0.5]	0.8877056	[498234.88..498234.88]
Group-1	PG 36:4:0	279.23	240116_PG_FTMSMS-_4.mzXML	30.0	858851.2	0.0	0.0	[9.0..9.0]	[0.5..0.5]	[0.945..0.945]	[811614.4..811614.4]	[0.5..0.5]	[0.5..0.5]	[0.945..0.945]	[811614.4..811614.4]	[0.5..0.5]	[0.5..0.5]	0.8877056	[720474.6..720474.6]
Group-1	PG 36:4:0	279.23	240116_PG_FTMSMS-_4.mzXML	35.0	750114.9	0.0	0.0	[9.0..9.0]	[0.5..0.5]	[1.005..1.005]	[753865.44..753865.44]	[0.5..0.5]	[0.5..0.5]	[1.005..1.005]	[753865.44..753865.44]	[0.5..0.5]	[0.5..0.5]	0.8877056	[669210.56..669210.56]
Group-1	PG 36:4:0	281.25	240116_PG_FTMSMS-_4.mzXML	25.0	51798.0	0.0	0.0	[9.0..9.0]	[1.0..1.0]	[0.958..0.958]	[49622.484..49622.484]	[0.584..0.59]	[0.47..0.71]	[0.958..0.958]	[49622.484..49622.484]	[0.596..0.599]	[0.475..0.707]	0.8877056	[44050.156..44050.156]
Group-1	PG 36:4:0	281.25	240116_PG_FTMSMS-_4.mzXML	30.0	64896.5	0.0	0.0	[9.0..9.0]	[1.0..1.0]	[0.937..0.937]	[60808.02..60808.02]	[0.54..0.567]	[0.47..0.71]	[0.937..0.937]	[60808.02..60808.02]	[0.547..0.571]	[0.475..0.707]	0.8877056	[53979.62..53979.62]
Group-1	PG 36:4:0	281.25	240116_PG_FTMSMS-_4.mzXML	35.0	61991.5	0.0	0.0	[9.0..9.0]	[1.0..1.0]	[0.936..0.936]	[58024.043..58024.043]	[0.489..0.538]	[0.47..0.71]	[0.936..0.936]	[58024.043..58024.043]	[0.49..0.538]	[0.475..0.707]	0.8877056	[51508.27..51508.27]
Group-1	PG 36:4:0	303.23	240116_PG_FTMSMS-_4.mzXML	25.0	5016900.0	293604.8	0.058523156	[5.2..6.5]	[0.0..1.0]	[1.114..1.138]	[5588826.5..5709232.5]	[0.772..0.776]	[0.93..1.0]	[1.088..1.138]	[5458387.5..5709232.5]	[0.768..0.776]	[0.935..1.0]	0.8877056	[4961233.0..5068118.0]
Group-1	PG 36:4:0	303.23	240116_PG_FTMSMS-_4.mzXML	30.0	4522823.0	416947.7	0.09218749	[5.0..5.7]	[0.0..0.0]	[1.45..1.609]	[6558093.5..7277222.0]	[0.737..0.757]	[0.93..1.0]	[1.436..1.598]	[6494774.0..7227471.5]	[0.735..0.755]	[0.935..1.0]	0.8877056	[5821656.5..6460031.0]
Group-1	PG 36:4:0	303.23	240116_PG_FTMSMS-_4.mzXML	35.0	2445426.2	316024.9	0.129231	[5.0..5.0]	[1.0..1.0]	[2.137..2.521]	[5225876.0..6164919.5]	[0.688..0.723]	[0.93..1.0]	[2.136..2.521]	[5223430.5..6164919.5]	[0.688..0.723]	[0.935..1.0]	0.8877056	[4639040.0..5472634.0]
Group-1	PG 36:5:0	227.2	240116_PG_FTMSMS-_4.mzXML	25.0	3349.9	0.0	0.0	[0.0..0.0]	[0.0..1.0]	[0.99..1.002]	[3316.401..3356.6]	[0.229..0.23]	[0.0..0.03]	[0.99..0.99]	[3316.401..3316.401]	[0.228..0.234]	[0.0..0.033]	0.8897004	[2950.6033..2986.368]
Group-1	PG 36:5:0	227.2	240116_PG_FTMSMS-_4.mzXML	30.0	5023.6	0.0	0.0	[0.0..0.0]	[0.0..1.0]	[1.012..1.029]	[5083.884..5169.285]	[0.279..0.287]	[0.0..0.03]	[1.012..1.013]	[5083.8833..5088.9067]	[0.275..0.288]	[0.0..0.033]	0.8897004	[4523.133..4599.1147]
Group-1	PG 36:5:0	227.2	240116_PG_FTMSMS-_4.mzXML	35.0	5008.9	0.0	0.0	[0.0..0.0]	[0.0..0.0]	[1.016..1.016]	[5089.043..5089.043]	[0.279..0.298]	[0.0..0.03]	[1.016..1.016]	[5089.0425..5089.0425]	[0.279..0.298]	[0.0..0.033]	0.8897004	[4527.723..4527.723]
Group-1	PG 36:5:0	253.22	240116_PG_FTMSMS-_4.mzXML	25.0	25111.4	0.0	0.0	[9.0..9.0]	[0.0..1.0]	[0.97..1.014]	[24358.059..25462.96]	[0.228..0.231]	[0.0..0.06]	[0.97..0.973]	[24358.059..24433.393]	[0.223..0.231]	[0.0..0.056]	0.8897004	[21671.375..22654.406]
Group-1	PG 36:5:0	253.22	240116_PG_FTMSMS-_4.mzXML	30.0	33223.2	0.0	0.0	[9.0..9.0]	[0.0..1.0]	[0.979..1.013]	[32525.512..33655.1]	[0.252..0.267]	[0.0..0.06]	[0.979..0.981]	[32525.512..32591.959]	[0.246..0.269]	[0.0..0.056]	0.8897004	[28937.96..29942.957]
Group-1	PG 36:5:0	253.22	240116_PG_FTMSMS-_4.mzXML	35.0	34245.7	0.0	0.0	[9.0..9.0]	[0.0..0.0]	[0.99..0.99]	[33903.242..33903.242]	[0.269..0.308]	[0.0..0.06]	[0.99..0.99]	[33903.242..33903.242]	[0.269..0.308]	[0.0..0.056]	0.8897004	[30163.729..30163.729]
Group-1	PG 36:5:0	255.23	240116_PG_FTMSMS-_4.mzXML	25.0	10394.4	0.0	0.0	[0.0..0.0]	[0.0..0.9]	[1.0..1.0]	[10394.4..10394.4]	[0.39..0.395]	[0.25..0.56]	[1.0..1.0]	[10394.4..10394.4]	[0.391..0.393]	[0.246..0.558]	0.8897004	[9247.902..9247.902]
Group-1	PG 36:5:0	255.23	240116_PG_FTMSMS-_4.mzXML	30.0	16320.6	0.0	0.0	[0.0..0.0]	[0.0..0.0]	[1.0..1.0]	[16320.6..16320.6]	[0.471..0.471]	[0.25..0.56]	[1.0..1.0]	[16320.6..16320.6]	[0.471..0.471]	[0.246..0.558]	0.8897004	[14520.444..14520.444]
Group-1	PG 36:5:0	255.23	240116_PG_FTMSMS-_4.mzXML	35.0	20761.6	0.0	0.0	[0.0..0.0]	[0.9..0.9]	[1.0..1.0]	[20761.6..20761.6]	[0.525..0.525]	[0.25..0.56]	[1.0..1.0]	[20761.6..20761.6]	[0.525..0.525]	[0.246..0.558]	0.8897004	[18471.604..18471.604]
Group-1	PG 36:5:0	277.22	240116_PG_FTMSMS-_4.mzXML	25.0	13555.5	1612.6	0.11896278	[6.0..6.0]	[0.0..0.0]	[1.014..1.014]	[13745.277..13745.277]	[0.253..0.253]	[0.0..0.0]	[1.014..1.014]	[13745.277..13745.277]	[0.253..0.253]	[0.0..0.0]	0.8897004	[12229.18..12229.18]
Group-1	PG 36:5:0	277.22	240116_PG_FTMSMS-_4.mzXML	30.0	14210.1	1364.6	0.09603029	[6.0..6.0]	[0.0..0.0]	[1.207..1.207]	[17151.59..17151.59]	[0.249..0.249]	[0.0..0.0]	[1.207..1.207]	[17151.59..17151.59]	[0.249..0.249]	[0.0..0.0]	0.8897004	[15259.777..15259.777]
Group-1	PG 36:5:0	277.22	240116_PG_FTMSMS-_4.mzXML	35.0	11328.2	939.8	0.082961105	[6.0..6.0]	[0.0..0.0]	[1.543..1.543]	[17479.412..17479.412]	[0.251..0.251]	[0.0..0.0]	[1.543..1.543]	[17479.412..17479.412]	[0.251..0.251]	[0.0..0.0]	0.8897004	[15551.44..15551.44]
Group-1	PG 36:5:0	279.23	240116_PG_FTMSMS-_4.mzXML	25.0	42956.1	0.0	0.0	[9.0..9.0]	[1.0..1.0]	[0.946..0.946]	[40636.473..40636.473]	[0.747..0.747]	[1.0..1.0]	[0.946..0.946]	[40636.473..40636.473]	[0.747..0.747]	[1.0..1.0]	0.8897004	[36154.285..36154.285]
Group-1	PG 36:5:0	279.23	240116_PG_FTMSMS-_4.mzXML	30.0	53942.2	0.0	0.0	[9.0..9.0]	[1.0..1.0]	[0.957..0.957]	[51622.688..51622.688]	[0.751..0.751]	[1.0..1.0]	[0.957..0.957]	[51622.688..51622.688]	[0.751..0.751]	[1.0..1.0]	0.8897004	[45928.727..45928.727]
Group-1	PG 36:5:0	279.23	240116_PG_FTMSMS-_4.mzXML	35.0	51716.6	0.0	0.0	[9.0..9.0]	[1.0..1.0]	[1.01..1.01]	[52233.766..52233.766]	[0.749..0.749]	[1.0..1.0]	[1.01..1.01]	[52233.766..52233.766]	[0.749..0.749]	[1.0..1.0]	0.8897004	[46472.402..46472.402]
Group-1	PG 36:5:0	301.22	240116_PG_FTMSMS-_4.mzXML	25.0	11190.1	1960.8	0.17522633	[5.0..5.0]	[0.1..1.0]	[1.424..1.45]	[15934.702..16225.645]	[0.605..0.61]	[0.44..0.75]	[1.435..1.444]	[16057.792..16158.504]	[0.607..0.609]	[0.442..0.754]	0.8897004	[14177.11..14435.963]
Group-1	PG 36:5:0	301.22	240116_PG_FTMSMS-_4.mzXML	30.0	7535.4	2273.6	0.30172256	[5.0..5.0]	[1.0..1.0]	[2.435..2.435]	[18348.7..18348.7]	[0.529..0.529]	[0.44..0.75]	[2.435..2.435]	[18348.7..18348.7]	[0.529..0.529]	[0.442..0.754]	0.8897004	[16324.845..16324.845]
Group-1	PG 36:5:0	301.22	240116_PG_FTMSMS-_4.mzXML	35.0	4046.6	1344.0	0.33213067	[5.0..5.0]	[0.1..0.1]	[4.634..4.634]	[18751.943..18751.943]	[0.475..0.475]	[0.44..0.75]	[4.634..4.634]	[18751.943..18751.943]	[0.475..0.475]	[0.442..0.754]	0.8897004	[16683.611..16683.611]
Group-1	PG 36:5:0	303.23	240116_PG_FTMSMS-_4.mzXML	25.0	74648.4	4109.0	0.055044718	[5.4..6.7]	[0.0..1.0]	[1.107..1.138]	[82635.77..84949.875]	[0.769..0.772]	[0.94..1.0]	[1.085..1.138]	[80993.516..84949.875]	[0.769..0.777]	[0.944..1.0]	0.8897004	[73521.086..75579.945]
Group-1	PG 36:5:0	303.23	240116_PG_FTMSMS-_4.mzXML	30.0	62395.7	5571.9	0.089299425	[5.0..5.8]	[0.0..1.0]	[1.429..1.598]	[89163.45..99708.33]	[0.733..0.748]	[0.94..1.0]	[1.417..1.598]	[88414.71..99708.33]	[0.731..0.754]	[0.944..1.0]	0.8897004	[79328.766..88710.55]
Group-1	PG 36:5:0	303.23	240116_PG_FTMSMS-_4.mzXML	35.0	36619.0	4687.7	0.12801279	[5.0..5.0]	[1.0..1.0]	[2.085..2.521]	[76350.62..92316.49]	[0.692..0.731]	[0.94..1.0]	[2.085..2.521]	[76350.62..92316.49]	[0.692..0.731]	[0.944..1.0]	0.8897004	[67929.17..82134.02]
Group-1	PG 36:5:0	329.25	240116_PG_FTMSMS-_4.mzXML	25.0	8301.5	1829.0	0.22032163	[4.0..4.6]	[0.0..1.0]	[1.344..1.35]	[11157.216..11207.025]	[0.77..0.771]	[0.97..1.0]	[1.308..1.35]	[10858.361..11207.025]	[0.766..0.772]	[0.967..1.0]	0.8897004	[9926.58..9970.8955]
Group-1	PG 36:5:0	329.25	240116_PG_FTMSMS-_4.mzXML	30.0	5710.6	1823.1	0.3192484	[4.0..4.1]	[0.0..1.0]	[2.211..2.345]	[12626.137..13391.357]	[0.713..0.721]	[0.97..1.0]	[2.201..2.345]	[12569.03..13391.357]	[0.712..0.725]	[0.967..1.0]	0.8897004	[11233.479..11914.296]
Group-1	PG 36:5:0	329.25	240116_PG_FTMSMS-_4.mzXML	35.0	2709.0	1264.2	0.46666664	[4.0..4.0]	[1.0..1.0]	[4.425..4.843]	[11987.325..13119.687]	[0.702..0.721]	[0.97..1.0]	[4.424..4.843]	[11984.615..13119.687]	[0.702..0.721]	[0.967..1.0]	0.8897004	[10665.129..11672.591]
Group-1	PG 37:1:0	255.23	240116_PG_FTMSMS-_4.mzXML	25.0	247984.4	0.0	0.0	[0.0..0.0]	[0.0..0.0]	[1.0..1.0]	[247984.4..247984.4]	[1.0..1.0]	[1.0..1.0]	[1.0..1.0]	[247984.4..247984.4]	[1.0..1.0]	[1.0..1.0]	0.86830544	[215326.2..215326.2]
Group-1	PG 37:1:0	255.23	240116_PG_FTMSMS-_4.mzXML	30.0	492329.8	0.0	0.0	[0.0..0.0]	[1.0..1.0]	[1.0..1.0]	[492329.8..492329.8]	[1.0..1.0]	[1.0..1.0]	[1.0..1.0]	[492329.8..492329.8]	[1.0..1.0]	[1.0..1.0]	0.86830544	[427492.66..427492.66]
Group-1	PG 37:1:0	255.23	240116_PG_FTMSMS-_4.mzXML	35.0	577659.8	0.0	0.0	[0.0..0.0]	[0.0..1.0]	[1.0..1.0]	[577659.8..577659.8]	[0.999..0.999]	[1.0..1.0]	[1.0..1.0]	[577659.8..577659.8]	[0.999..0.999]	[1.0..1.0]	0.86830544	[501585.16..501585.16]
Group-1	PG 37:1:0	269.25	240116_PG_FTMSMS-_4.mzXML	25.0	733.2	0.0	0.0	[0.0..0.0]	[0.0..0.0]	[1.004..1.004]	[736.133..736.133]	[0.349..0.349]	[0.01..0.18]	[1.004..1.004]	[736.13275..736.13275]	[0.349..0.349]	[0.008..0.183]	0.86830544	[639.18805..639.18805]
Group-1	PG 37:1:0	269.25	240116_PG_FTMSMS-_4.mzXML	30.0	1373.2	0.0	0.0	[0.0..0.0]	[1.0..1.0]	[0.987..0.987]	[1355.348..1355.348]	[0.363..0.363]	[0.01..0.18]	[0.987..0.987]	[1355.3484..1355.3484]	[0.363..0.363]	[0.008..0.183]	0.86830544	[1176.8563..1176.8563]
Group-1	PG 37:1:0	269.25	240116_PG_FTMSMS-_4.mzXML	35.0	1019.1	0.0	0.0	[0.0..0.0]	[0.0..1.0]	[0.981..0.989]	[999.737..1007.89]	[0.287..0.291]	[0.01..0.18]	[0.981..0.982]	[999.73706..1000.75616]	[0.286..0.286]	[0.008..0.183]	0.86830544	[868.07715..875.1563]
Group-1	PG 37:1:0	281.25	240116_PG_FTMSMS-_4.mzXML	25.0	67823.2	0.0	0.0	[9.0..9.0]	[0.0..1.0]	[0.925..0.958]	[62736.465..64974.63]	[0.767..0.772]	[1.0..1.0]	[0.958..0.958]	[64974.63..64974.63]	[0.773..0.773]	[1.0..1.0]	0.86830544	[54474.414..56417.824]
Group-1	PG 37:1:0	281.25	240116_PG_FTMSMS-_4.mzXML	30.0	100852.7	0.0	0.0	[9.0..9.0]	[0.0..1.0]	[0.911..0.937]	[91876.81..94498.984]	[0.762..0.766]	[1.0..1.0]	[0.937..0.937]	[94498.984..94498.984]	[0.767..0.767]	[1.0..1.0]	0.86830544	[79777.14..82053.984]
Group-1	PG 37:1:0	281.25	240116_PG_FTMSMS-_4.mzXML	35.0	111479.5	0.0	0.0	[9.0..9.0]	[0.0..1.0]	[0.912..0.936]	[101669.305..104344.81]	[0.771..0.773]	[1.0..1.0]	[0.936..0.936]	[104344.81..104344.81]	[0.776..0.776]	[1.0..1.0]	0.86830544	[88280.01..90603.17]
Group-1	PG 37:1:0	283.26	240116_PG_FTMSMS-_4.mzXML	25.0	18309.3	0.0	0.0	[0.0..0.0]	[0.0..0.0]	[1.009..1.009]	[18474.084..18474.084]	[0.445..0.445]	[0.37..0.53]	[1.009..1.009]	[18474.084..18474.084]	[0.445..0.445]	[0.373..0.528]	0.86830544	[16041.147..16041.147]
Group-1	PG 37:1:0	283.26	240116_PG_FTMSMS-_4.mzXML	30.0	31338.5	0.0	0.0	[0.0..0.0]	[1.0..1.0]	[0.976..0.976]	[30586.377..30586.377]	[0.5..0.5]	[0.37..0.53]	[0.976..0.976]	[30586.377..30586.377]	[0.5..0.5]	[0.373..0.528]	0.86830544	[26558.318..26558.318]
Group-1	PG 37:1:0	283.26	240116_PG_FTMSMS-_4.mzXML	35.0	34597.4	0.0	0.0	[0.0..0.0]	[0.0..1.0]	[0.963..0.976]	[33317.293..33767.062]	[0.509..0.512]	[0.37..0.53]	[0.968..0.97]	[33490.28..33559.477]	[0.51..0.51]	[0.373..0.528]	0.86830544	[28929.588..29320.123]
Group-1	PG 37:1:0	295.26	240116_PG_FTMSMS-_4.mzXML	25.0	24581.4	0.0	0.0	[9.0..9.0]	[1.0..1.0]	[0.939..0.939]	[23081.936..23081.936]	[0.555..0.555]	[0.47..0.63]	[0.939..0.939]	[23081.936..23081.936]	[0.555..0.555]	[0.472..0.627]	0.86830544	[20042.17..20042.17]
Group-1	PG 37:1:0	295.26	240116_PG_FTMSMS-_4.mzXML	30.0	34621.0	0.0	0.0	[9.0..9.0]	[0.0..0.0]	[0.885..0.885]	[30639.584..30639.584]	[0.5..0.5]	[0.47..0.63]	[0.885..0.885]	[30639.584..30639.584]	[0.5..0.5]	[0.472..0.627]	0.86830544	[26604.52..26604.52]
Group-1	PG 37:1:0	295.26	240116_PG_FTMSMS-_4.mzXML	35.0	36101.3	0.0	0.0	[9.0..9.0]	[0.0..1.0]	[0.88..0.902]	[31769.145..32563.373]	[0.488..0.491]	[0.47..0.63]	[0.89..0.894]	[32130.156..32274.562]	[0.49..0.49]	[0.472..0.627]	0.86830544	[27585.32..28274.953]
Group-1	PG 37:1:0	297.28	240116_PG_FTMSMS-_4.mzXML	25.0	18996.5	0.0	0.0	[0.0..0.0]	[0.0..1.0]	[1.005..1.012]	[19091.482..19224.457]	[0.228..0.233]	[0.0..0.0]	[1.005..1.005]	[19091.482..19091.482]	[0.227..0.227]	[0.0..0.0]	0.86830544	[16577.238..16692.701]
Group-1	PG 37:1:0	297.28	240116_PG_FTMSMS-_4.mzXML	30.0	29640.3	0.0	0.0	[0.0..0.0]	[0.0..1.0]	[0.966..0.975]	[28632.531..28899.295]	[0.234..0.238]	[0.0..0.0]	[0.966..0.966]	[28632.531..28632.531]	[0.233..0.233]	[0.0..0.0]	0.86830544	[24861.781..25093.414]
Group-1	PG 37:1:0	297.28	240116_PG_FTMSMS-_4.mzXML	35.0	31882.8	0.0	0.0	[0.0..0.0]	[0.0..1.0]	[0.947..0.962]	[30193.014..30671.254]	[0.227..0.229]	[0.0..0.0]	[0.947..0.947]	[30193.014..30193.014]	[0.224..0.224]	[0.0..0.0]	0.86830544	[26216.758..26632.018]
Group-1	PG 37:1:0	309.28	240116_PG_FTMSMS-_4.mzXML	25.0	1450.6	0.0	0.0	[11.0..11.0]	[1.0..1.0]	[0.946..0.946]	[1372.268..1372.268]	[0.651..0.651]	[0.82..0.99]	[0.946..0.946]	[1372.2676..1372.2676]	[0.651..0.651]	[0.817..0.992]	0.86830544	[1191.5474..1191.5474]
Group-1	PG 37:1:0	309.28	240116_PG_FTMSMS-_4.mzXML	30.0	2717.5	0.0	0.0	[11.0..11.0]	[0.0..0.0]	[0.876..0.876]	[2380.53..2380.53]	[0.637..0.637]	[0.82..0.99]	[0.876..0.876]	[2380.53..2380.53]	[0.637..0.637]	[0.817..0.992]	0.86830544	[2067.027..2067.027]
Group-1	PG 37:1:0	309.28	240116_PG_FTMSMS-_4.mzXML	35.0	2847.7	0.0	0.0	[11.0..11.0]	[0.0..1.0]	[0.856..0.879]	[2437.631..2503.128]	[0.709..0.713]	[0.82..0.99]	[0.875..0.879]	[2491.7375..2503.1282]	[0.714..0.714]	[0.817..0.992]	0.86830544	[2116.6084..2173.48]
Group-1	PG 37:1:0	323.3	240116_PG_FTMSMS-_4.mzXML	25.0	0.0	0.0	0.0	[11.0..11.0]	[1.0..1.0]	[0.929..0.929]	[0.0..0.0]	[0.0..0.0]	[0.0..0.0]	[0.929..0.929]	[0.0..0.0]	[0.0..0.0]	[0.0..0.0]	0.86830544	[0.0..0.0]
Group-1	PG 37:1:0	323.3	240116_PG_FTMSMS-_4.mzXML	30.0	0.0	0.0	0.0	[11.0..11.0]	[0.0..0.0]	[0.85..0.85]	[0.0..0.0]	[0.0..0.0]	[0.0..0.0]	[0.85..0.85]	[0.0..0.0]	[0.0..0.0]	[0.0..0.0]	0.86830544	[0.0..0.0]
Group-1	PG 37:1:0	323.3	240116_PG_FTMSMS-_4.mzXML	35.0	560.8	0.0	0.0	[11.0..11.0]	[0.0..1.0]	[0.825..0.846]	[462.66..474.437]	[0.001..0.001]	[0.0..0.0]	[0.825..0.825]	[462.65997..462.65997]	[0.001..0.001]	[0.0..0.0]	0.86830544	[401.7302..411.95605]
Group-1	PG 37:2:0	241.22	240116_PG_FTMSMS-_4.mzXML	25.0	0.0	0.0	0.0	[0.0..0.0]	[0.0..0.0]	[0.995..0.995]	[0.0..0.0]	[0.5..0.5]	[0.5..0.5]	[0.995..0.995]	[0.0..0.0]	[0.5..0.5]	[0.5..0.5]	0.8702164	[0.0..0.0]
Group-1	PG 37:2:0	241.22	240116_PG_FTMSMS-_4.mzXML	30.0	0.0	0.0	0.0	[0.0..0.0]	[1.0..1.0]	[1.014..1.014]	[0.0..0.0]	[0.5..0.5]	[0.5..0.5]	[1.014..1.014]	[0.0..0.0]	[0.5..0.5]	[0.5..0.5]	0.8702164	[0.0..0.0]
Group-1	PG 37:2:0	241.22	240116_PG_FTMSMS-_4.mzXML	35.0	0.0	0.0	0.0	[0.0..0.0]	[0.0..0.0]	[1.009..1.009]	[0.0..0.0]	[0.5..0.5]	[0.5..0.5]	[1.009..1.009]	[0.0..0.0]	[0.5..0.5]	[0.5..0.5]	0.8702164	[0.0..0.0]
Group-1	PG 37:2:0	269.25	240116_PG_FTMSMS-_4.mzXML	25.0	0.0	0.0	0.0	[0.0..0.0]	[0.0..0.0]	[1.004..1.004]	[0.0..0.0]	[0.5..0.5]	[0.0..0.5]	[1.004..1.004]	[0.0..0.0]	[0.5..0.5]	[0.0..0.5]	0.8702164	[0.0..0.0]
Group-1	PG 37:2:0	269.25	240116_PG_FTMSMS-_4.mzXML	30.0	0.0	0.0	0.0	[0.0..0.0]	[0.0..0.0]	[0.993..0.993]	[0.0..0.0]	[0.0..0.0]	[0.0..0.5]	[0.993..0.993]	[0.0..0.0]	[0.0..0.0]	[0.0..0.5]	0.8702164	[0.0..0.0]
Group-1	PG 37:2:0	269.25	240116_PG_FTMSMS-_4.mzXML	35.0	0.0	0.0	0.0	[0.0..0.0]	[0.0..0.0]	[0.989..0.989]	[0.0..0.0]	[0.0..0.0]	[0.0..0.5]	[0.989..0.989]	[0.0..0.0]	[0.0..0.0]	[0.0..0.5]	0.8702164	[0.0..0.0]
Group-1	PG 37:2:0	279.23	240116_PG_FTMSMS-_4.mzXML	25.0	75637.5	0.0	0.0	[9.0..9.0]	[0.0..1.0]	[0.917..0.946]	[69359.586..71553.07]	[0.751..0.756]	[1.0..1.0]	[0.946..0.946]	[71553.07..71553.07]	[0.757..0.757]	[1.0..1.0]	0.8702164	[60357.848..62266.656]
Group-1	PG 37:2:0	279.23	240116_PG_FTMSMS-_4.mzXML	30.0	116926.5	0.0	0.0	[9.0..9.0]	[0.0..1.0]	[0.935..0.957]	[109326.28..111898.664]	[0.778..0.78]	[1.0..1.0]	[0.957..0.957]	[111898.664..111898.664]	[0.782..0.782]	[1.0..1.0]	0.8702164	[95137.52..97376.055]
Group-1	PG 37:2:0	279.23	240116_PG_FTMSMS-_4.mzXML	35.0	106050.6	0.0	0.0	[9.0..9.0]	[0.0..1.0]	[0.992..1.01]	[105202.195..107111.11]	[0.757..0.758]	[1.0..1.0]	[1.01..1.01]	[107111.11..107111.11]	[0.761..0.761]	[1.0..1.0]	0.8702164	[91548.68..93209.84]
Group-1	PG 37:2:0	281.25	240116_PG_FTMSMS-_4.mzXML	25.0	93073.4	0.0	0.0	[9.0..9.0]	[0.0..0.0]	[0.925..0.925]	[86092.9..86092.9]	[0.889..0.889]	[1.0..1.0]	[0.925..0.925]	[86092.9..86092.9]	[0.889..0.889]	[1.0..1.0]	0.8702164	[74919.45..74919.45]
Group-1	PG 37:2:0	281.25	240116_PG_FTMSMS-_4.mzXML	30.0	158308.0	0.0	0.0	[9.0..9.0]	[0.0..0.0]	[0.911..0.911]	[144218.6..144218.6]	[0.897..0.897]	[1.0..1.0]	[0.911..0.911]	[144218.6..144218.6]	[0.897..0.897]	[1.0..1.0]	0.8702164	[125501.38..125501.38]
Group-1	PG 37:2:0	281.25	240116_PG_FTMSMS-_4.mzXML	35.0	164813.1	0.0	0.0	[9.0..9.0]	[0.0..0.0]	[0.912..0.912]	[150309.55..150309.55]	[0.913..0.913]	[1.0..1.0]	[0.912..0.912]	[150309.55..150309.55]	[0.913..0.913]	[1.0..1.0]	0.8702164	[130801.836..130801.836]
Group-1	PG 37:2:0	283.26	240116_PG_FTMSMS-_4.mzXML	25.0	7984.7	0.0	0.0	[0.0..0.0]	[0.0..0.0]	[1.009..1.009]	[8056.562..8056.562]	[0.547..0.547]	[0.54..0.68]	[1.009..1.009]	[8056.562..8056.562]	[0.547..0.547]	[0.542..0.683]	0.8702164	[7010.9526..7010.9526]
Group-1	PG 37:2:0	283.26	240116_PG_FTMSMS-_4.mzXML	30.0	11271.3	0.0	0.0	[0.0..0.0]	[1.0..1.0]	[0.976..0.976]	[11000.789..11000.789]	[0.579..0.579]	[0.54..0.68]	[0.976..0.976]	[11000.789..11000.789]	[0.579..0.579]	[0.542..0.683]	0.8702164	[9573.067..9573.067]
Group-1	PG 37:2:0	283.26	240116_PG_FTMSMS-_4.mzXML	35.0	10603.6	0.0	0.0	[0.0..0.0]	[0.0..1.0]	[0.963..0.976]	[10211.267..10349.113]	[0.518..0.52]	[0.54..0.68]	[0.97..0.972]	[10285.492..10306.699]	[0.52..0.52]	[0.542..0.683]	0.8702164	[8886.012..9005.969]
Group-1	PG 37:2:0	293.25	240116_PG_FTMSMS-_4.mzXML	25.0	7216.8	0.0	0.0	[9.0..9.0]	[1.0..1.0]	[0.926..0.926]	[6682.757..6682.757]	[0.453..0.453]	[0.32..0.46]	[0.926..0.926]	[6682.757..6682.757]	[0.453..0.453]	[0.317..0.458]	0.8702164	[5815.4443..5815.4443]
Group-1	PG 37:2:0	293.25	240116_PG_FTMSMS-_4.mzXML	30.0	8853.4	0.0	0.0	[9.0..9.0]	[0.0..0.0]	[0.902..0.902]	[7985.767..7985.767]	[0.421..0.421]	[0.32..0.46]	[0.902..0.902]	[7985.767..7985.767]	[0.421..0.421]	[0.317..0.458]	0.8702164	[6949.3457..6949.3457]
Group-1	PG 37:2:0	293.25	240116_PG_FTMSMS-_4.mzXML	35.0	9937.8	0.0	0.0	[9.0..9.0]	[0.0..1.0]	[0.95..0.97]	[9440.91..9639.666]	[0.48..0.482]	[0.32..0.46]	[0.956..0.959]	[9500.536..9530.35]	[0.48..0.48]	[0.317..0.458]	0.8702164	[8215.635..8388.597]
Group-1	PG 37:2:0	295.26	240116_PG_FTMSMS-_4.mzXML	25.0	11483.4	0.0	0.0	[9.0..9.0]	[1.0..1.0]	[0.939..0.939]	[10782.913..10782.913]	[0.111..0.111]	[0.0..0.0]	[0.939..0.939]	[10782.913..10782.913]	[0.111..0.111]	[0.0..0.0]	0.8702164	[9383.469..9383.469]
Group-1	PG 37:2:0	295.26	240116_PG_FTMSMS-_4.mzXML	30.0	18179.2	0.0	0.0	[9.0..9.0]	[1.0..1.0]	[0.908..0.908]	[16506.713..16506.713]	[0.103..0.103]	[0.0..0.0]	[0.908..0.908]	[16506.713..16506.713]	[0.103..0.103]	[0.0..0.0]	0.8702164	[14364.413..14364.413]
Group-1	PG 37:2:0	295.26	240116_PG_FTMSMS-_4.mzXML	35.0	15880.6	0.0	0.0	[9.0..9.0]	[1.0..1.0]	[0.902..0.902]	[14324.301..14324.301]	[0.087..0.087]	[0.0..0.0]	[0.902..0.902]	[14324.301..14324.301]	[0.087..0.087]	[0.0..0.0]	0.8702164	[12465.242..12465.242]
Group-1	PG 37:2:0	297.28	240116_PG_FTMSMS-_4.mzXML	25.0	22833.1	0.0	0.0	[0.0..0.0]	[0.0..1.0]	[1.005..1.012]	[22947.266..23107.096]	[0.244..0.249]	[0.0..0.0]	[1.005..1.005]	[22947.266..22947.266]	[0.243..0.243]	[0.0..0.0]	0.8702164	[19969.086..20108.174]
Group-1	PG 37:2:0	297.28	240116_PG_FTMSMS-_4.mzXML	30.0	32280.2	0.0	0.0	[0.0..0.0]	[0.0..1.0]	[0.966..0.975]	[31182.674..31473.195]	[0.22..0.222]	[0.0..0.0]	[0.966..0.966]	[31182.674..31182.674]	[0.218..0.218]	[0.0..0.0]	0.8702164	[27135.674..27388.492]
Group-1	PG 37:2:0	297.28	240116_PG_FTMSMS-_4.mzXML	35.0	35619.1	0.0	0.0	[0.0..0.0]	[0.0..1.0]	[0.947..0.962]	[33731.29..34265.574]	[0.242..0.243]	[0.0..0.0]	[0.947..0.947]	[33731.29..33731.29]	[0.239..0.239]	[0.0..0.0]	0.8702164	[29353.523..29818.469]
Group-1	PG 37:2:0	307.26	240116_PG_FTMSMS-_4.mzXML	25.0	0.0	0.0	0.0	[11.0..11.0]	[1.0..1.0]	[0.928..0.928]	[0.0..0.0]	[0.0..0.0]	[0.0..1.0]	[0.928..0.928]	[0.0..0.0]	[0.0..0.0]	[0.0..1.0]	0.8702164	[0.0..0.0]
Group-1	PG 37:2:0	307.26	240116_PG_FTMSMS-_4.mzXML	30.0	6232.0	0.0	0.0	[11.0..11.0]	[1.0..1.0]	[0.899..0.899]	[5602.568..5602.568]	[1.0..1.0]	[0.0..1.0]	[0.899..0.899]	[5602.568..5602.568]	[1.0..1.0]	[0.0..1.0]	0.8702164	[4875.447..4875.447]
Group-1	PG 37:2:0	307.26	240116_PG_FTMSMS-_4.mzXML	35.0	5514.4	0.0	0.0	[11.0..11.0]	[1.0..1.0]	[0.916..0.916]	[5051.191..5051.191]	[1.0..1.0]	[0.0..1.0]	[0.916..0.916]	[5051.1904..5051.1904]	[1.0..1.0]	[0.0..1.0]	0.8702164	[4395.6284..4395.6284]
Group-1	PG 37:2:0	335.29	240116_PG_FTMSMS-_4.mzXML	25.0	0.0	0.0	0.0	[13.0..13.0]	[1.0..1.0]	[0.926..0.926]	[0.0..0.0]	[0.0..0.0]	[0.0..0.0]	[0.926..0.926]	[0.0..0.0]	[0.0..0.0]	[0.0..0.0]	0.8702164	[0.0..0.0]
Group-1	PG 37:2:0	335.29	240116_PG_FTMSMS-_4.mzXML	30.0	0.0	0.0	0.0	[13.0..13.0]	[0.0..0.0]	[0.849..0.849]	[0.0..0.0]	[0.0..0.0]	[0.0..0.0]	[0.849..0.849]	[0.0..0.0]	[0.0..0.0]	[0.0..0.0]	0.8702164	[0.0..0.0]
Group-1	PG 37:2:0	335.29	240116_PG_FTMSMS-_4.mzXML	35.0	0.0	0.0	0.0	[13.0..13.0]	[1.0..1.0]	[0.861..0.861]	[0.0..0.0]	[0.0..0.0]	[0.0..0.0]	[0.861..0.861]	[0.0..0.0]	[0.0..0.0]	[0.0..0.0]	0.8702164	[0.0..0.0]
Group-1	PG 37:4:0	241.22	240116_PG_FTMSMS-_4.mzXML	25.0	0.0	0.0	0.0	[0.0..0.0]	[0.0..0.0]	[0.995..0.995]	[0.0..0.0]	[0.0..0.0]	[0.0..0.0]	[0.995..0.995]	[0.0..0.0]	[0.0..0.0]	[0.0..0.0]	0.8740563	[0.0..0.0]
Group-1	PG 37:4:0	241.22	240116_PG_FTMSMS-_4.mzXML	30.0	733.2	0.0	0.0	[0.0..0.0]	[0.0..0.0]	[1.006..1.006]	[737.599..737.599]	[0.014..0.015]	[0.0..0.0]	[1.006..1.006]	[737.59924..737.59924]	[0.014..0.015]	[0.0..0.0]	0.8740563	[644.70325..644.70325]
Group-1	PG 37:4:0	241.22	240116_PG_FTMSMS-_4.mzXML	35.0	722.5	0.0	0.0	[0.0..0.0]	[0.0..0.0]	[1.009..1.009]	[729.002..729.002]	[0.014..0.016]	[0.0..0.0]	[1.009..1.009]	[729.00244..729.00244]	[0.014..0.016]	[0.0..0.0]	0.8740563	[637.1892..637.1892]
Group-1	PG 37:4:0	255.23	240116_PG_FTMSMS-_4.mzXML	25.0	11066.4	0.0	0.0	[0.0..0.0]	[0.0..1.0]	[1.0..1.0]	[11066.4..11066.4]	[0.501..0.518]	[0.5..0.93]	[1.0..1.0]	[11066.4..11066.4]	[0.512..0.521]	[0.502..0.925]	0.8740563	[9672.657..9672.657]
Group-1	PG 37:4:0	255.23	240116_PG_FTMSMS-_4.mzXML	30.0	18534.3	0.0	0.0	[0.0..0.0]	[0.9..1.0]	[1.0..1.0]	[18534.3..18534.3]	[0.572..0.623]	[0.5..0.93]	[1.0..1.0]	[18534.3..18534.3]	[0.578..0.624]	[0.502..0.925]	0.8740563	[16200.022..16200.022]
Group-1	PG 37:4:0	255.23	240116_PG_FTMSMS-_4.mzXML	35.0	21405.1	0.0	0.0	[0.0..0.0]	[0.0..0.0]	[1.0..1.0]	[21405.1..21405.1]	[0.602..0.684]	[0.5..0.93]	[1.0..1.0]	[21405.1..21405.1]	[0.602..0.684]	[0.502..0.925]	0.8740563	[18709.262..18709.262]
Group-1	PG 37:4:0	267.23	240116_PG_FTMSMS-_4.mzXML	25.0	586.0	0.0	0.0	[9.0..9.0]	[0.0..0.0]	[0.945..0.945]	[553.77..553.77]	[0.123..0.124]	[0.0..0.0]	[0.945..0.945]	[553.77..553.77]	[0.123..0.124]	[0.0..0.0]	0.8740563	[484.02612..484.02612]
Group-1	PG 37:4:0	267.23	240116_PG_FTMSMS-_4.mzXML	30.0	615.0	0.0	0.0	[9.0..9.0]	[0.0..0.0]	[0.942..0.942]	[579.33..579.33]	[0.09..0.106]	[0.0..0.0]	[0.942..0.942]	[579.32996..579.32996]	[0.09..0.106]	[0.0..0.0]	0.8740563	[506.367..506.367]
Group-1	PG 37:4:0	267.23	240116_PG_FTMSMS-_4.mzXML	35.0	710.9	0.0	0.0	[9.0..9.0]	[0.0..0.0]	[0.949..0.949]	[674.644..674.644]	[0.098..0.134]	[0.0..0.0]	[0.949..0.949]	[674.6441..674.6441]	[0.098..0.134]	[0.0..0.0]	0.8740563	[589.67694..589.67694]
Group-1	PG 37:4:0	269.25	240116_PG_FTMSMS-_4.mzXML	25.0	18423.9	0.0	0.0	[0.0..0.0]	[0.0..1.0]	[1.001..1.004]	[18442.324..18497.596]	[0.181..0.185]	[0.0..0.0]	[1.001..1.001]	[18442.324..18442.324]	[0.18..0.186]	[0.0..0.0]	0.8740563	[16119.63..16167.938]
Group-1	PG 37:4:0	269.25	240116_PG_FTMSMS-_4.mzXML	30.0	21971.0	0.0	0.0	[0.0..0.0]	[0.0..1.0]	[0.987..0.993]	[21685.377..21817.203]	[0.159..0.175]	[0.0..0.0]	[0.987..0.987]	[21685.377..21685.377]	[0.158..0.175]	[0.0..0.0]	0.8740563	[18954.24..19069.463]
Group-1	PG 37:4:0	269.25	240116_PG_FTMSMS-_4.mzXML	35.0	23365.5	0.0	0.0	[0.0..0.0]	[0.0..0.0]	[0.989..0.989]	[23108.48..23108.48]	[0.175..0.206]	[0.0..0.0]	[0.989..0.989]	[23108.48..23108.48]	[0.175..0.206]	[0.0..0.0]	0.8740563	[20198.111..20198.111]
Group-1	PG 37:4:0	279.23	240116_PG_FTMSMS-_4.mzXML	25.0	4176.4	0.0	0.0	[9.0..9.0]	[0.0..0.0]	[0.917..0.917]	[3829.759..3829.759]	[0.909..0.909]	[1.0..1.0]	[0.917..0.917]	[3829.7588..3829.7588]	[0.909..0.909]	[1.0..1.0]	0.8740563	[3347.4246..3347.4246]
Group-1	PG 37:4:0	279.23	240116_PG_FTMSMS-_4.mzXML	30.0	6423.4	0.0	0.0	[9.0..9.0]	[1.0..1.0]	[0.957..0.957]	[6147.194..6147.194]	[0.932..0.932]	[1.0..1.0]	[0.957..0.957]	[6147.194..6147.194]	[0.932..0.932]	[1.0..1.0]	0.8740563	[5372.9937..5372.9937]
Group-1	PG 37:4:0	279.23	240116_PG_FTMSMS-_4.mzXML	35.0	6926.9	0.0	0.0	[9.0..9.0]	[0.0..1.0]	[0.992..1.01]	[6871.485..6996.169]	[0.915..0.915]	[1.0..1.0]	[1.01..1.01]	[6996.169..6996.169]	[0.917..0.917]	[1.0..1.0]	0.8740563	[6006.0645..6115.0454]
Group-1	PG 37:4:0	281.25	240116_PG_FTMSMS-_4.mzXML	25.0	11823.3	0.0	0.0	[9.0..9.0]	[0.0..0.0]	[0.925..0.925]	[10936.553..10936.553]	[0.945..0.946]	[1.0..1.0]	[0.925..0.925]	[10936.553..10936.553]	[0.945..0.947]	[1.0..1.0]	0.8740563	[9559.162..9559.162]
Group-1	PG 37:4:0	281.25	240116_PG_FTMSMS-_4.mzXML	30.0	20733.4	0.0	0.0	[9.0..9.0]	[0.0..0.0]	[0.911..0.911]	[18888.129..18888.129]	[0.937..0.943]	[1.0..1.0]	[0.911..0.911]	[18888.129..18888.129]	[0.937..0.944]	[1.0..1.0]	0.8740563	[16509.287..16509.287]
Group-1	PG 37:4:0	281.25	240116_PG_FTMSMS-_4.mzXML	35.0	23746.3	0.0	0.0	[9.0..9.0]	[0.0..0.0]	[0.912..0.912]	[21656.627..21656.627]	[0.967..0.973]	[1.0..1.0]	[0.912..0.912]	[21656.627..21656.627]	[0.967..0.973]	[1.0..1.0]	0.8740563	[18929.111..18929.111]
Group-1	PG 37:4:0	291.23	240116_PG_FTMSMS-_4.mzXML	25.0	639.4	0.0	0.0	[6.0..9.0]	[1.0..1.0]	[0.976..0.991]	[624.054..633.645]	[0.054..0.055]	[0.0..0.0]	[0.957..0.99]	[611.9058..633.00604]	[0.053..0.055]	[0.0..0.0]	0.8740563	[545.4587..553.84174]
Group-1	PG 37:4:0	291.23	240116_PG_FTMSMS-_4.mzXML	30.0	1096.5	0.0	0.0	[6.0..9.0]	[1.0..1.0]	[1.047..1.16]	[1148.036..1271.94]	[0.057..0.063]	[0.0..0.0]	[1.031..1.161]	[1130.4916..1273.0365]	[0.056..0.063]	[0.0..0.0]	0.8740563	[1003.4477..1111.7471]
Group-1	PG 37:4:0	291.23	240116_PG_FTMSMS-_4.mzXML	35.0	506.3	0.0	0.0	[6.0..9.0]	[1.0..1.0]	[1.207..1.469]	[611.104..743.755]	[0.027..0.033]	[0.0..0.0]	[1.195..1.47]	[605.0285..744.261]	[0.027..0.033]	[0.0..0.0]	0.8740563	[534.1394..650.08344]
Group-1	PG 37:4:0	293.25	240116_PG_FTMSMS-_4.mzXML	25.0	412.2	0.0	0.0	[9.0..9.0]	[1.0..1.0]	[0.926..0.926]	[381.697..381.697]	[0.091..0.091]	[0.0..0.0]	[0.926..0.926]	[381.6972..381.6972]	[0.091..0.091]	[0.0..0.0]	0.8740563	[333.62485..333.62485]
Group-1	PG 37:4:0	293.25	240116_PG_FTMSMS-_4.mzXML	30.0	497.3	0.0	0.0	[9.0..9.0]	[0.0..0.0]	[0.902..0.902]	[448.565..448.565]	[0.068..0.068]	[0.0..0.0]	[0.902..0.902]	[448.5646..448.5646]	[0.068..0.068]	[0.0..0.0]	0.8740563	[392.0707..392.0707]
Group-1	PG 37:4:0	293.25	240116_PG_FTMSMS-_4.mzXML	35.0	670.1	0.0	0.0	[9.0..9.0]	[0.0..1.0]	[0.95..0.97]	[636.595..649.997]	[0.085..0.085]	[0.0..0.0]	[0.95..0.95]	[636.595..636.595]	[0.083..0.083]	[0.0..0.0]	0.8740563	[556.4198..568.134]
Group-1	PG 37:4:0	303.23	240116_PG_FTMSMS-_4.mzXML	25.0	73777.5	3890.8	0.052736945	[5.6..6.8]	[0.0..1.0]	[1.104..1.138]	[81450.36..83958.8]	[0.815..0.819]	[1.0..1.0]	[1.095..1.138]	[80786.37..83958.8]	[0.814..0.82]	[1.0..1.0]	0.8740563	[71192.195..73384.71]
Group-1	PG 37:4:0	303.23	240116_PG_FTMSMS-_4.mzXML	30.0	72311.8	7444.7	0.10295278	[5.0..5.2]	[0.0..1.0]	[1.418..1.598]	[102538.125..115554.26]	[0.825..0.841]	[1.0..1.0]	[1.415..1.598]	[102321.19..115554.26]	[0.825..0.842]	[1.0..1.0]	0.8740563	[89624.09..101000.92]
Group-1	PG 37:4:0	303.23	240116_PG_FTMSMS-_4.mzXML	35.0	43255.1	5390.2	0.12461421	[5.0..5.0]	[1.0..1.0]	[2.06..2.521]	[89105.51..109046.11]	[0.794..0.825]	[1.0..1.0]	[2.06..2.521]	[89105.51..109046.11]	[0.794..0.825]	[1.0..1.0]	0.8740563	[77883.234..95312.44]
Group-1	PG 37:4:0	305.25	240116_PG_FTMSMS-_4.mzXML	25.0	4043.5	0.0	0.0	[5.0..11.0]	[1.0..1.0]	[0.966..0.981]	[3906.021..3966.674]	[0.876..0.877]	[1.0..1.0]	[0.966..0.981]	[3906.021..3966.6736]	[0.876..0.877]	[1.0..1.0]	0.8740563	[3414.0823..3467.096]
Group-1	PG 37:4:0	305.25	240116_PG_FTMSMS-_4.mzXML	30.0	4953.8	0.0	0.0	[5.0..11.0]	[1.0..1.0]	[0.987..1.177]	[4889.401..5830.623]	[0.894..0.91]	[1.0..1.0]	[0.987..1.177]	[4889.4004..5830.6226]	[0.894..0.91]	[1.0..1.0]	0.8740563	[4273.6113..5096.2925]
Group-1	PG 37:4:0	305.25	240116_PG_FTMSMS-_4.mzXML	35.0	4020.4	0.0	0.0	[5.0..11.0]	[1.0..1.0]	[1.087..1.54]	[4370.175..6191.416]	[0.866..0.902]	[1.0..1.0]	[1.087..1.54]	[4370.175..6191.4155]	[0.866..0.902]	[1.0..1.0]	0.8740563	[3819.7786..5411.6455]
Group-1	PG 37:4:0	317.25	240116_PG_FTMSMS-_4.mzXML	25.0	10115.3	0.0	0.0	[5.0..8.0]	[0.0..1.0]	[1.02..1.09]	[10317.605..11025.677]	[0.482..0.499]	[0.07..0.5]	[1.007..1.042]	[10186.106..10540.143]	[0.479..0.488]	[0.075..0.498]	0.8740563	[9018.169..9637.0625]
Group-1	PG 37:4:0	317.25	240116_PG_FTMSMS-_4.mzXML	30.0	9254.0	504.0	0.054462936	[6.4..7.0]	[0.0..0.1]	[1.214..1.501]	[11234.355..13890.255]	[0.377..0.428]	[0.07..0.5]	[1.206..1.462]	[11160.323..13529.348]	[0.376..0.422]	[0.075..0.498]	0.8740563	[9819.459..12140.864]
Group-1	PG 37:4:0	317.25	240116_PG_FTMSMS-_4.mzXML	35.0	6080.0	0.0	0.0	[5.0..8.0]	[1.0..1.0]	[1.628..2.331]	[9898.24..14172.48]	[0.316..0.398]	[0.07..0.5]	[1.628..2.329]	[9898.24..14160.32]	[0.316..0.398]	[0.075..0.498]	0.8740563	[8651.619..12387.546]
Group-1	PG 37:4:0	331.26	240116_PG_FTMSMS-_4.mzXML	25.0	34661.2	616.3	0.017780688	[7.7..8.9]	[1.0..1.0]	[0.989..0.994]	[34279.926..34453.234]	[1.0..1.0]	[1.0..1.0]	[0.989..0.994]	[34279.926..34453.234]	[1.0..1.0]	[1.0..1.0]	0.8740563	[29962.584..30114.062]
Group-1	PG 37:4:0	331.26	240116_PG_FTMSMS-_4.mzXML	30.0	44307.0	1137.0	0.02566186	[7.8..8.7]	[1.0..1.0]	[1.125..1.197]	[49845.375..53035.48]	[0.985..0.986]	[1.0..1.0]	[1.125..1.197]	[49845.375..53035.48]	[0.985..0.986]	[1.0..1.0]	0.8740563	[43567.664..46355.996]
Group-1	PG 37:4:0	331.26	240116_PG_FTMSMS-_4.mzXML	35.0	31462.4	1194.9	0.037978668	[7.2..8.2]	[1.0..1.0]	[1.451..1.639]	[45651.94..51566.875]	[0.984..0.986]	[1.0..1.0]	[1.451..1.639]	[45651.94..51566.875]	[0.984..0.986]	[1.0..1.0]	0.8740563	[39902.367..45072.35]
Group-1	PG 38:1:0	255.23	240116_PG_FTMSMS-_4.mzXML	25.0	381082.8	0.0	0.0	[0.0..0.0]	[0.0..0.0]	[1.0..1.0]	[381082.8..381082.8]	[1.0..1.0]	[1.0..1.0]	[1.0..1.0]	[381082.8..381082.8]	[1.0..1.0]	[1.0..1.0]	0.8552974	[325939.12..325939.12]
Group-1	PG 38:1:0	255.23	240116_PG_FTMSMS-_4.mzXML	30.0	710504.4	0.0	0.0	[0.0..0.0]	[1.0..1.0]	[1.0..1.0]	[710504.4..710504.4]	[1.0..1.0]	[1.0..1.0]	[1.0..1.0]	[710504.4..710504.4]	[1.0..1.0]	[1.0..1.0]	0.8552974	[607692.56..607692.56]
Group-1	PG 38:1:0	255.23	240116_PG_FTMSMS-_4.mzXML	35.0	859581.0	0.0	0.0	[0.0..0.0]	[0.0..0.0]	[1.0..1.0]	[859581.0..859581.0]	[1.0..1.0]	[1.0..1.0]	[1.0..1.0]	[859581.0..859581.0]	[1.0..1.0]	[1.0..1.0]	0.8552974	[735197.4..735197.4]
Group-1	PG 38:1:0	281.25	240116_PG_FTMSMS-_4.mzXML	25.0	157776.4	0.0	0.0	[9.0..9.0]	[0.0..1.0]	[0.925..0.958]	[145943.17..151149.8]	[0.936..0.938]	[1.0..1.0]	[0.958..0.958]	[151149.8..151149.8]	[0.938..0.938]	[1.0..1.0]	0.8552974	[124824.82..129278.03]
Group-1	PG 38:1:0	281.25	240116_PG_FTMSMS-_4.mzXML	30.0	257711.6	0.0	0.0	[9.0..9.0]	[0.0..1.0]	[0.911..0.937]	[234775.27..241475.75]	[0.954..0.955]	[1.0..1.0]	[0.937..0.937]	[241475.75..241475.75]	[0.956..0.956]	[1.0..1.0]	0.8552974	[200802.67..206533.58]
Group-1	PG 38:1:0	281.25	240116_PG_FTMSMS-_4.mzXML	35.0	276244.3	0.0	0.0	[9.0..9.0]	[0.0..1.0]	[0.912..0.936]	[251934.81..258564.67]	[0.953..0.954]	[1.0..1.0]	[0.936..0.936]	[258564.67..258564.67]	[0.954..0.954]	[1.0..1.0]	0.8552974	[215479.19..221149.69]
Group-1	PG 38:1:0	283.26	240116_PG_FTMSMS-_4.mzXML	25.0	17242.6	0.0	0.0	[0.0..0.0]	[0.0..0.0]	[1.009..1.009]	[17397.781..17397.781]	[0.231..0.231]	[0.0..0.1]	[1.009..1.009]	[17397.781..17397.781]	[0.231..0.231]	[0.0..0.095]	0.8552974	[14880.278..14880.278]
Group-1	PG 38:1:0	283.26	240116_PG_FTMSMS-_4.mzXML	30.0	36238.8	0.0	0.0	[0.0..0.0]	[1.0..1.0]	[0.976..0.976]	[35369.07..35369.07]	[0.325..0.325]	[0.0..0.1]	[0.976..0.976]	[35369.07..35369.07]	[0.325..0.325]	[0.0..0.095]	0.8552974	[30251.072..30251.072]
Group-1	PG 38:1:0	283.26	240116_PG_FTMSMS-_4.mzXML	35.0	36370.3	0.0	0.0	[0.0..0.0]	[0.0..1.0]	[0.963..0.976]	[35024.6..35497.414]	[0.317..0.32]	[0.0..0.1]	[0.963..0.964]	[35024.6..35060.97]	[0.315..0.315]	[0.0..0.095]	0.8552974	[29956.45..30360.846]
Group-1	PG 38:1:0	309.28	240116_PG_FTMSMS-_4.mzXML	25.0	61124.5	0.0	0.0	[11.0..11.0]	[1.0..1.0]	[0.946..0.946]	[57823.777..57823.777]	[0.769..0.769]	[0.9..1.0]	[0.946..0.946]	[57823.777..57823.777]	[0.769..0.769]	[0.905..1.0]	0.8552974	[49456.523..49456.523]
Group-1	PG 38:1:0	309.28	240116_PG_FTMSMS-_4.mzXML	30.0	83782.2	0.0	0.0	[11.0..11.0]	[0.0..0.0]	[0.876..0.876]	[73393.21..73393.21]	[0.675..0.675]	[0.9..1.0]	[0.876..0.876]	[73393.21..73393.21]	[0.675..0.675]	[0.905..1.0]	0.8552974	[62773.023..62773.023]
Group-1	PG 38:1:0	309.28	240116_PG_FTMSMS-_4.mzXML	35.0	86901.0	0.0	0.0	[11.0..11.0]	[0.0..1.0]	[0.856..0.879]	[74387.26..76385.98]	[0.68..0.683]	[0.9..1.0]	[0.877..0.879]	[76212.17..76385.98]	[0.685..0.685]	[0.905..1.0]	0.8552974	[63623.223..65332.727]
Group-1	PG 38:1:0	311.29	240116_PG_FTMSMS-_4.mzXML	25.0	9867.6	0.0	0.0	[0.0..0.0]	[0.0..1.0]	[1.009..1.016]	[9956.407..10025.481]	[0.062..0.064]	[0.0..0.0]	[1.009..1.009]	[9956.407..9956.407]	[0.062..0.062]	[0.0..0.0]	0.8552974	[8515.689..8574.769]
Group-1	PG 38:1:0	311.29	240116_PG_FTMSMS-_4.mzXML	30.0	11695.7	0.0	0.0	[0.0..0.0]	[0.0..1.0]	[0.957..0.965]	[11192.785..11286.351]	[0.045..0.046]	[0.0..0.0]	[0.957..0.957]	[11192.785..11192.785]	[0.044..0.044]	[0.0..0.0]	0.8552974	[9573.16..9653.186]
Group-1	PG 38:1:0	311.29	240116_PG_FTMSMS-_4.mzXML	35.0	13247.6	0.0	0.0	[0.0..0.0]	[0.0..1.0]	[0.932..0.946]	[12346.763..12532.229]	[0.046..0.047]	[0.0..0.0]	[0.932..0.932]	[12346.763..12346.763]	[0.046..0.046]	[0.0..0.0]	0.8552974	[10560.154..10718.783]
Group-1	PG 38:1:0	337.31	240116_PG_FTMSMS-_4.mzXML	25.0	0.0	0.0	0.0	[13.0..13.0]	[1.0..1.0]	[0.934..0.934]	[0.0..0.0]	[0.0..0.0]	[0.0..0.0]	[0.934..0.934]	[0.0..0.0]	[0.0..0.0]	[0.0..0.0]	0.8552974	[0.0..0.0]
Group-1	PG 38:1:0	337.31	240116_PG_FTMSMS-_4.mzXML	30.0	0.0	0.0	0.0	[13.0..13.0]	[0.0..0.0]	[0.851..0.851]	[0.0..0.0]	[0.0..0.0]	[0.0..0.0]	[0.851..0.851]	[0.0..0.0]	[0.0..0.0]	[0.0..0.0]	0.8552974	[0.0..0.0]
Group-1	PG 38:1:0	337.31	240116_PG_FTMSMS-_4.mzXML	35.0	0.0	0.0	0.0	[13.0..13.0]	[1.0..1.0]	[0.831..0.831]	[0.0..0.0]	[0.0..0.0]	[0.0..0.0]	[0.831..0.831]	[0.0..0.0]	[0.0..0.0]	[0.0..0.0]	0.8552974	[0.0..0.0]
Group-1	PG 38:2:0	255.23	240116_PG_FTMSMS-_4.mzXML	25.0	107478.5	0.0	0.0	[0.0..0.0]	[0.0..0.0]	[1.0..1.0]	[107478.49..107478.49]	[0.967..0.967]	[1.0..1.0]	[1.0..1.0]	[107478.5..107478.5]	[0.967..0.967]	[1.0..1.0]	0.8571377	[92123.875..92123.875]
Group-1	PG 38:2:0	255.23	240116_PG_FTMSMS-_4.mzXML	30.0	137466.2	0.0	0.0	[0.0..0.0]	[0.0..0.0]	[1.0..1.0]	[137466.2..137466.2]	[0.961..0.961]	[1.0..1.0]	[1.0..1.0]	[137466.2..137466.2]	[0.961..0.961]	[1.0..1.0]	0.8571377	[117827.46..117827.46]
Group-1	PG 38:2:0	255.23	240116_PG_FTMSMS-_4.mzXML	35.0	128070.8	0.0	0.0	[0.0..0.0]	[0.0..0.0]	[1.0..1.0]	[128070.8..128070.8]	[0.962..0.962]	[1.0..1.0]	[1.0..1.0]	[128070.8..128070.8]	[0.962..0.962]	[1.0..1.0]	0.8571377	[109774.305..109774.305]
Group-1	PG 38:2:0	279.23	240116_PG_FTMSMS-_4.mzXML	25.0	85307.4	0.0	0.0	[9.0..9.0]	[0.0..1.0]	[0.917..0.946]	[78226.88..80700.8]	[0.866..0.869]	[1.0..1.0]	[0.946..0.946]	[80700.8..80700.8]	[0.87..0.87]	[1.0..1.0]	0.8571377	[67051.21..69171.695]
Group-1	PG 38:2:0	279.23	240116_PG_FTMSMS-_4.mzXML	30.0	131917.7	0.0	0.0	[9.0..9.0]	[0.0..1.0]	[0.935..0.957]	[123343.055..126245.24]	[0.876..0.877]	[1.0..1.0]	[0.957..0.957]	[126245.24..126245.24]	[0.878..0.878]	[1.0..1.0]	0.8571377	[105721.98..108209.555]
Group-1	PG 38:2:0	279.23	240116_PG_FTMSMS-_4.mzXML	35.0	123885.9	0.0	0.0	[9.0..9.0]	[0.0..1.0]	[0.992..1.01]	[122894.81..125124.76]	[0.886..0.886]	[1.0..1.0]	[1.01..1.01]	[125124.76..125124.76]	[0.887..0.887]	[1.0..1.0]	0.8571377	[105337.77..107249.15]
Group-1	PG 38:2:0	281.25	240116_PG_FTMSMS-_4.mzXML	25.0	137808.5	0.0	0.0	[9.0..9.0]	[0.0..0.0]	[0.925..0.925]	[127472.87..127472.87]	[0.758..0.758]	[1.0..1.0]	[0.925..0.925]	[127472.87..127472.87]	[0.758..0.758]	[1.0..1.0]	0.8571377	[109261.8..109261.8]
Group-1	PG 38:2:0	281.25	240116_PG_FTMSMS-_4.mzXML	30.0	225307.9	0.0	0.0	[9.0..9.0]	[0.0..0.0]	[0.911..0.911]	[205255.5..205255.5]	[0.777..0.777]	[1.0..1.0]	[0.911..0.911]	[205255.5..205255.5]	[0.777..0.777]	[1.0..1.0]	0.8571377	[175932.22..175932.22]
Group-1	PG 38:2:0	281.25	240116_PG_FTMSMS-_4.mzXML	35.0	222021.1	0.0	0.0	[9.0..9.0]	[0.0..0.0]	[0.912..0.912]	[202483.23..202483.23]	[0.783..0.783]	[1.0..1.0]	[0.912..0.912]	[202483.23..202483.23]	[0.783..0.783]	[1.0..1.0]	0.8571377	[173556.02..173556.02]
Group-1	PG 38:2:0	283.26	240116_PG_FTMSMS-_4.mzXML	25.0	39568.7	0.0	0.0	[0.0..0.0]	[0.0..0.0]	[1.009..1.009]	[39924.816..39924.816]	[0.291..0.291]	[0.02..0.06]	[1.009..1.009]	[39924.816..39924.816]	[0.291..0.291]	[0.018..0.056]	0.8571377	[34221.066..34221.066]
Group-1	PG 38:2:0	283.26	240116_PG_FTMSMS-_4.mzXML	30.0	62067.2	0.0	0.0	[0.0..0.0]	[0.0..0.0]	[0.985..0.985]	[61136.19..61136.19]	[0.295..0.295]	[0.02..0.06]	[0.985..0.985]	[61136.19..61136.19]	[0.295..0.295]	[0.018..0.056]	0.8571377	[52402.137..52402.137]
Group-1	PG 38:2:0	283.26	240116_PG_FTMSMS-_4.mzXML	35.0	63431.3	0.0	0.0	[0.0..0.0]	[0.0..0.0]	[0.976..0.976]	[61908.95..61908.95]	[0.308..0.308]	[0.02..0.06]	[0.976..0.976]	[61908.95..61908.95]	[0.308..0.308]	[0.018..0.056]	0.8571377	[53064.496..53064.496]
Group-1	PG 38:2:0	307.26	240116_PG_FTMSMS-_4.mzXML	25.0	104831.5	0.0	0.0	[11.0..11.0]	[1.0..1.0]	[0.928..0.928]	[97283.63..97283.63]	[0.709..0.709]	[0.94..0.98]	[0.928..0.928]	[97283.63..97283.63]	[0.709..0.709]	[0.944..0.982]	0.8571377	[83385.47..83385.47]
Group-1	PG 38:2:0	307.26	240116_PG_FTMSMS-_4.mzXML	30.0	162745.0	0.0	0.0	[11.0..11.0]	[1.0..1.0]	[0.899..0.899]	[146307.75..146307.75]	[0.705..0.705]	[0.94..0.98]	[0.899..0.899]	[146307.75..146307.75]	[0.705..0.705]	[0.944..0.982]	0.8571377	[125405.89..125405.89]
Group-1	PG 38:2:0	307.26	240116_PG_FTMSMS-_4.mzXML	35.0	151992.4	0.0	0.0	[11.0..11.0]	[1.0..1.0]	[0.916..0.916]	[139225.05..139225.05]	[0.692..0.692]	[0.94..0.98]	[0.916..0.916]	[139225.05..139225.05]	[0.692..0.692]	[0.944..0.982]	0.8571377	[119335.04..119335.04]
Group-1	PG 38:2:0	309.28	240116_PG_FTMSMS-_4.mzXML	25.0	42908.3	0.0	0.0	[11.0..11.0]	[1.0..1.0]	[0.946..0.946]	[40591.246..40591.246]	[0.242..0.242]	[0.0..0.0]	[0.946..0.946]	[40591.25..40591.25]	[0.242..0.242]	[0.0..0.0]	0.8571377	[34792.29..34792.29]
Group-1	PG 38:2:0	309.28	240116_PG_FTMSMS-_4.mzXML	30.0	65675.0	0.0	0.0	[11.0..11.0]	[1.0..1.0]	[0.899..0.899]	[59041.824..59041.824]	[0.223..0.223]	[0.0..0.0]	[0.899..0.899]	[59041.824..59041.824]	[0.223..0.223]	[0.0..0.0]	0.8571377	[50606.973..50606.973]
Group-1	PG 38:2:0	309.28	240116_PG_FTMSMS-_4.mzXML	35.0	63843.5	0.0	0.0	[11.0..11.0]	[1.0..1.0]	[0.879..0.879]	[56118.438..56118.438]	[0.217..0.217]	[0.0..0.0]	[0.879..0.879]	[56118.438..56118.438]	[0.217..0.217]	[0.0..0.0]	0.8571377	[48101.227..48101.227]
Group-1	PG 38:2:0	311.29	240116_PG_FTMSMS-_4.mzXML	25.0	11950.1	0.0	0.0	[0.0..0.0]	[0.0..1.0]	[1.009..1.016]	[12057.649..12141.302]	[0.131..0.134]	[0.0..0.0]	[1.009..1.009]	[12057.649..12057.649]	[0.13..0.13]	[0.0..0.0]	0.8571377	[10335.066..10406.768]
Group-1	PG 38:2:0	311.29	240116_PG_FTMSMS-_4.mzXML	30.0	18268.2	0.0	0.0	[0.0..0.0]	[0.0..1.0]	[0.957..0.965]	[17482.666..17628.812]	[0.123..0.124]	[0.0..0.0]	[0.957..0.957]	[17482.666..17482.666]	[0.122..0.122]	[0.0..0.0]	0.8571377	[14985.053..15110.319]
Group-1	PG 38:2:0	311.29	240116_PG_FTMSMS-_4.mzXML	35.0	17047.9	0.0	0.0	[0.0..0.0]	[0.0..1.0]	[0.932..0.946]	[15888.643..16127.313]	[0.114..0.114]	[0.0..0.0]	[0.932..0.932]	[15888.643..15888.643]	[0.113..0.113]	[0.0..0.0]	0.8571377	[13618.754..13823.328]
Group-1	PG 38:2:0	335.29	240116_PG_FTMSMS-_4.mzXML	25.0	3913.6	0.0	0.0	[13.0..13.0]	[1.0..1.0]	[0.926..0.926]	[3623.994..3623.994]	[0.033..0.033]	[0.0..0.0]	[0.926..0.926]	[3623.9937..3623.9937]	[0.033..0.033]	[0.0..0.0]	0.8571377	[3106.2615..3106.2615]
Group-1	PG 38:2:0	335.29	240116_PG_FTMSMS-_4.mzXML	30.0	6477.4	0.0	0.0	[13.0..13.0]	[1.0..1.0]	[0.869..0.869]	[5628.861..5628.861]	[0.039..0.039]	[0.0..0.0]	[0.869..0.869]	[5628.861..5628.861]	[0.039..0.039]	[0.0..0.0]	0.8571377	[4824.7085..4824.7085]
Group-1	PG 38:2:0	335.29	240116_PG_FTMSMS-_4.mzXML	35.0	5886.1	0.0	0.0	[13.0..13.0]	[1.0..1.0]	[0.861..0.861]	[5067.932..5067.932]	[0.038..0.038]	[0.0..0.0]	[0.861..0.861]	[5067.932..5067.932]	[0.038..0.038]	[0.0..0.0]	0.8571377	[4343.9155..4343.9155]
Group-1	PG 38:3:0	255.23	240116_PG_FTMSMS-_4.mzXML	25.0	12778.9	0.0	0.0	[0.0..0.0]	[0.0..0.0]	[1.0..1.0]	[12778.9..12778.9]	[0.354..0.354]	[0.13..0.29]	[1.0..1.0]	[12778.9..12778.9]	[0.354..0.354]	[0.135..0.294]	0.8589958	[10977.021..10977.021]
Group-1	PG 38:3:0	255.23	240116_PG_FTMSMS-_4.mzXML	30.0	21676.6	0.0	0.0	[0.0..0.0]	[0.0..0.0]	[1.0..1.0]	[21676.6..21676.6]	[0.342..0.342]	[0.13..0.29]	[1.0..1.0]	[21676.6..21676.6]	[0.342..0.342]	[0.135..0.294]	0.8589958	[18620.107..18620.107]
Group-1	PG 38:3:0	255.23	240116_PG_FTMSMS-_4.mzXML	35.0	24200.2	0.0	0.0	[0.0..0.0]	[0.0..0.0]	[1.0..1.0]	[24200.2..24200.2]	[0.411..0.411]	[0.13..0.29]	[1.0..1.0]	[24200.2..24200.2]	[0.411..0.411]	[0.135..0.294]	0.8589958	[20787.87..20787.87]
Group-1	PG 38:3:0	279.23	240116_PG_FTMSMS-_4.mzXML	25.0	112292.2	0.0	0.0	[9.0..9.0]	[0.0..0.0]	[0.917..0.917]	[102971.95..102971.95]	[0.81..0.81]	[1.0..1.0]	[0.917..0.917]	[102971.95..102971.95]	[0.81..0.81]	[1.0..1.0]	0.8589958	[88452.48..88452.48]
Group-1	PG 38:3:0	279.23	240116_PG_FTMSMS-_4.mzXML	30.0	171928.7	0.0	0.0	[9.0..9.0]	[1.0..1.0]	[0.957..0.957]	[164535.77..164535.77]	[0.846..0.846]	[1.0..1.0]	[0.957..0.957]	[164535.77..164535.77]	[0.846..0.846]	[1.0..1.0]	0.8589958	[141335.53..141335.53]
Group-1	PG 38:3:0	279.23	240116_PG_FTMSMS-_4.mzXML	35.0	165996.6	0.0	0.0	[9.0..9.0]	[0.0..1.0]	[0.992..1.01]	[164668.62..167656.56]	[0.831..0.833]	[1.0..1.0]	[1.01..1.01]	[167656.56..167656.56]	[0.835..0.835]	[1.0..1.0]	0.8589958	[141449.66..144016.28]
Group-1	PG 38:3:0	281.25	240116_PG_FTMSMS-_4.mzXML	25.0	114787.8	0.0	0.0	[9.0..9.0]	[0.0..0.0]	[0.925..0.925]	[106178.71..106178.71]	[0.68..0.68]	[0.91..1.0]	[0.925..0.925]	[106178.71..106178.71]	[0.68..0.68]	[0.915..1.0]	0.8589958	[91207.07..91207.07]
Group-1	PG 38:3:0	281.25	240116_PG_FTMSMS-_4.mzXML	30.0	162644.9	0.0	0.0	[9.0..9.0]	[1.0..1.0]	[0.937..0.937]	[152398.27..152398.27]	[0.717..0.717]	[0.91..1.0]	[0.937..0.937]	[152398.27..152398.27]	[0.717..0.717]	[0.915..1.0]	0.8589958	[130909.484..130909.484]
Group-1	PG 38:3:0	281.25	240116_PG_FTMSMS-_4.mzXML	35.0	173566.4	0.0	0.0	[9.0..9.0]	[0.0..1.0]	[0.912..0.936]	[158292.56..162458.16]	[0.713..0.714]	[0.91..1.0]	[0.934..0.936]	[162111.03..162458.16]	[0.718..0.718]	[0.915..1.0]	0.8589958	[135972.64..139550.88]
Group-1	PG 38:3:0	283.26	240116_PG_FTMSMS-_4.mzXML	25.0	255490.3	0.0	0.0	[0.0..0.0]	[0.0..0.0]	[1.009..1.009]	[257789.69..257789.69]	[0.25..0.253]	[0.0..0.01]	[1.009..1.009]	[257789.69..257789.69]	[0.25..0.253]	[0.0..0.012]	0.8589958	[221440.27..221440.27]
Group-1	PG 38:3:0	283.26	240116_PG_FTMSMS-_4.mzXML	30.0	372222.6	0.0	0.0	[0.0..0.0]	[0.0..0.0]	[0.985..0.985]	[366639.25..366639.25]	[0.242..0.276]	[0.0..0.01]	[0.985..0.985]	[366639.25..366639.25]	[0.242..0.276]	[0.0..0.012]	0.8589958	[314941.6..314941.6]
Group-1	PG 38:3:0	283.26	240116_PG_FTMSMS-_4.mzXML	35.0	366878.2	0.0	0.0	[0.0..0.0]	[0.0..0.0]	[0.976..0.976]	[358073.12..358073.12]	[0.223..0.289]	[0.0..0.01]	[0.976..0.976]	[358073.12..358073.12]	[0.223..0.289]	[0.0..0.012]	0.8589958	[307583.28..307583.28]
Group-1	PG 38:3:0	305.25	240116_PG_FTMSMS-_4.mzXML	25.0	788539.2	0.0	0.0	[5.0..11.0]	[1.0..1.0]	[0.966..0.981]	[761728.9..773556.94]	[0.747..0.75]	[0.99..1.0]	[0.964..0.981]	[760151.75..773556.94]	[0.747..0.75]	[0.988..1.0]	0.8589958	[654321.94..664482.2]
Group-1	PG 38:3:0	305.25	240116_PG_FTMSMS-_4.mzXML	30.0	974312.8	0.0	0.0	[5.0..11.0]	[1.0..1.0]	[0.987..1.177]	[961646.75..1146766.2]	[0.724..0.758]	[0.99..1.0]	[0.986..1.177]	[960672.44..1146766.2]	[0.724..0.758]	[0.988..1.0]	0.8589958	[826050.5..985067.4]
Group-1	PG 38:3:0	305.25	240116_PG_FTMSMS-_4.mzXML	35.0	812042.7	0.0	0.0	[5.0..11.0]	[1.0..1.0]	[1.087..1.54]	[882690.44..1250545.8]	[0.711..0.777]	[0.99..1.0]	[1.087..1.54]	[882690.44..1250545.8]	[0.711..0.777]	[0.988..1.0]	0.8589958	[758227.4..1074213.5]
Group-1	PG 38:3:0	307.26	240116_PG_FTMSMS-_4.mzXML	25.0	53781.9	0.0	0.0	[11.0..11.0]	[1.0..1.0]	[0.928..0.928]	[49909.6..49909.6]	[0.32..0.32]	[0.0..0.09]	[0.928..0.928]	[49909.6..49909.6]	[0.32..0.32]	[0.0..0.085]	0.8589958	[42872.137..42872.137]
Group-1	PG 38:3:0	307.26	240116_PG_FTMSMS-_4.mzXML	30.0	68599.4	0.0	0.0	[11.0..11.0]	[0.0..0.0]	[0.877..0.877]	[60161.67..60161.67]	[0.283..0.283]	[0.0..0.09]	[0.877..0.877]	[60161.67..60161.67]	[0.283..0.283]	[0.0..0.085]	0.8589958	[51678.62..51678.62]
Group-1	PG 38:3:0	307.26	240116_PG_FTMSMS-_4.mzXML	35.0	71077.7	0.0	0.0	[11.0..11.0]	[0.0..1.0]	[0.895..0.916]	[63614.543..65107.176]	[0.286..0.287]	[0.0..0.09]	[0.895..0.897]	[63614.543..63756.7]	[0.282..0.282]	[0.0..0.085]	0.8589958	[54644.625..55926.793]
Group-1	PG 38:3:0	309.28	240116_PG_FTMSMS-_4.mzXML	25.0	25462.7	0.0	0.0	[11.0..11.0]	[1.0..1.0]	[0.946..0.946]	[24087.713..24087.713]	[0.19..0.19]	[0.0..0.0]	[0.946..0.946]	[24087.713..24087.713]	[0.19..0.19]	[0.0..0.0]	0.8589958	[20691.244..20691.244]
Group-1	PG 38:3:0	309.28	240116_PG_FTMSMS-_4.mzXML	30.0	34207.7	0.0	0.0	[11.0..11.0]	[0.0..0.0]	[0.876..0.876]	[29965.943..29965.943]	[0.154..0.154]	[0.0..0.0]	[0.876..0.876]	[29965.943..29965.943]	[0.154..0.154]	[0.0..0.0]	0.8589958	[25740.62..25740.62]
Group-1	PG 38:3:0	309.28	240116_PG_FTMSMS-_4.mzXML	35.0	38677.2	0.0	0.0	[11.0..11.0]	[0.0..1.0]	[0.856..0.879]	[33107.684..33997.258]	[0.167..0.169]	[0.0..0.0]	[0.856..0.856]	[33107.684..33107.684]	[0.165..0.165]	[0.0..0.0]	0.8589958	[28439.36..29203.502]
Group-1	PG 38:3:0	333.28	240116_PG_FTMSMS-_4.mzXML	25.0	24274.5	0.0	0.0	[13.0..13.0]	[1.0..1.0]	[0.961..0.961]	[23327.795..23327.795]	[0.646..0.646]	[0.71..0.87]	[0.961..0.961]	[23327.795..23327.795]	[0.646..0.646]	[0.706..0.865]	0.8589958	[20038.479..20038.479]
Group-1	PG 38:3:0	333.28	240116_PG_FTMSMS-_4.mzXML	30.0	44440.6	0.0	0.0	[13.0..13.0]	[1.0..1.0]	[0.94..0.94]	[41774.164..41774.164]	[0.658..0.658]	[0.71..0.87]	[0.94..0.94]	[41774.164..41774.164]	[0.658..0.658]	[0.706..0.865]	0.8589958	[35883.832..35883.832]
Group-1	PG 38:3:0	333.28	240116_PG_FTMSMS-_4.mzXML	35.0	34830.0	0.0	0.0	[13.0..13.0]	[1.0..1.0]	[0.997..0.997]	[34725.508..34725.508]	[0.589..0.589]	[0.71..0.87]	[0.997..0.997]	[34725.508..34725.508]	[0.589..0.589]	[0.706..0.865]	0.8589958	[29829.066..29829.066]
Group-1	PG 38:4:0	255.23	240116_PG_FTMSMS-_4.mzXML	25.0	108004.5	0.0	0.0	[0.0..0.0]	[0.0..0.0]	[1.0..1.0]	[108004.49..108004.49]	[0.264..0.266]	[0.0..0.16]	[1.0..1.0]	[108004.5..108004.5]	[0.264..0.272]	[0.0..0.16]	0.8608626	[92977.04..92977.04]
Group-1	PG 38:4:0	255.23	240116_PG_FTMSMS-_4.mzXML	30.0	169673.2	0.0	0.0	[0.0..0.0]	[0.0..0.0]	[1.0..1.0]	[169673.2..169673.2]	[0.253..0.274]	[0.0..0.16]	[1.0..1.0]	[169673.2..169673.2]	[0.253..0.277]	[0.0..0.16]	0.8608626	[146065.31..146065.31]
Group-1	PG 38:4:0	255.23	240116_PG_FTMSMS-_4.mzXML	35.0	159616.4	0.0	0.0	[0.0..0.0]	[0.0..0.0]	[1.0..1.0]	[159616.4..159616.4]	[0.304..0.353]	[0.0..0.16]	[1.0..1.0]	[159616.4..159616.4]	[0.304..0.354]	[0.0..0.16]	0.8608626	[137407.8..137407.8]
Group-1	PG 38:4:0	281.25	240116_PG_FTMSMS-_4.mzXML	25.0	51880.9	0.0	0.0	[9.0..9.0]	[0.0..0.0]	[0.925..0.925]	[47989.832..47989.832]	[0.292..0.296]	[0.02..0.26]	[0.925..0.925]	[47989.832..47989.832]	[0.293..0.304]	[0.021..0.26]	0.8608626	[41312.652..41312.652]
Group-1	PG 38:4:0	281.25	240116_PG_FTMSMS-_4.mzXML	30.0	100920.0	0.0	0.0	[9.0..9.0]	[0.0..0.0]	[0.911..0.911]	[91938.125..91938.125]	[0.323..0.363]	[0.02..0.26]	[0.911..0.911]	[91938.125..91938.125]	[0.324..0.368]	[0.021..0.26]	0.8608626	[79146.09..79146.09]
Group-1	PG 38:4:0	281.25	240116_PG_FTMSMS-_4.mzXML	35.0	111074.7	0.0	0.0	[9.0..9.0]	[0.0..0.0]	[0.912..0.912]	[101300.13..101300.13]	[0.316..0.396]	[0.02..0.26]	[0.912..0.912]	[101300.13..101300.13]	[0.316..0.396]	[0.021..0.26]	0.8608626	[87205.5..87205.5]
Group-1	PG 38:4:0	283.26	240116_PG_FTMSMS-_4.mzXML	25.0	2213974.8	0.0	0.0	[0.0..0.0]	[0.0..1.0]	[1.002..1.009]	[2218402.8..2233900.5]	[0.246..0.249]	[0.0..0.04]	[1.002..1.002]	[2218402.8..2218402.8]	[0.245..0.252]	[0.0..0.045]	0.8608626	[1909739.9..1923081.4]
Group-1	PG 38:4:0	283.26	240116_PG_FTMSMS-_4.mzXML	30.0	3203949.5	0.0	0.0	[0.0..0.0]	[0.0..1.0]	[0.976..0.985]	[3127054.8..3155890.2]	[0.245..0.26]	[0.0..0.04]	[0.976..0.976]	[3127054.8..3127054.8]	[0.243..0.261]	[0.0..0.045]	0.8608626	[2691964.5..2716788.0]
Group-1	PG 38:4:0	283.26	240116_PG_FTMSMS-_4.mzXML	35.0	3204549.0	0.0	0.0	[0.0..0.0]	[0.0..1.0]	[0.963..0.976]	[3085980.8..3127639.8]	[0.273..0.303]	[0.0..0.04]	[0.963..0.964]	[3085980.8..3089185.2]	[0.27..0.301]	[0.0..0.045]	0.8608626	[2656605.5..2692468.2]
Group-1	PG 38:4:0	303.23	240116_PG_FTMSMS-_4.mzXML	25.0	6005689.0	366675.2	0.06105464	[5.0..6.4]	[0.0..1.0]	[1.117..1.138]	[6708354.5..6834474.0]	[0.751..0.754]	[0.96..1.0]	[1.096..1.138]	[6582235.0..6834474.0]	[0.748..0.755]	[0.955..1.0]	0.8608626	[5774971.5..5883543.0]
Group-1	PG 38:4:0	303.23	240116_PG_FTMSMS-_4.mzXML	30.0	6091964.0	616696.3	0.10123111	[5.0..5.2]	[0.0..1.0]	[1.461..1.598]	[8900359.0..9734959.0]	[0.74..0.755]	[0.96..1.0]	[1.45..1.598]	[8833348.0..9734959.0]	[0.739..0.757]	[0.955..1.0]	0.8608626	[7661986.5..8380462.0]
Group-1	PG 38:4:0	303.23	240116_PG_FTMSMS-_4.mzXML	35.0	3308197.0	410447.0	0.1240697	[5.0..5.0]	[0.0..1.0]	[2.148..2.521]	[7106007.0..8339964.5]	[0.697..0.727]	[0.96..1.0]	[2.162..2.521]	[7152321.5..8339964.5]	[0.699..0.73]	[0.955..1.0]	0.8608626	[6117295.5..7179563.0]
Group-1	PG 38:4:0	305.25	240116_PG_FTMSMS-_4.mzXML	25.0	118357.2	0.0	0.0	[5.0..11.0]	[1.0..1.0]	[0.966..0.981]	[114333.06..116108.414]	[0.704..0.708]	[0.74..0.98]	[0.927..0.977]	[109717.125..115634.984]	[0.696..0.707]	[0.74..0.979]	0.8608626	[98425.055..99953.39]
Group-1	PG 38:4:0	305.25	240116_PG_FTMSMS-_4.mzXML	30.0	163545.6	0.0	0.0	[5.0..11.0]	[1.0..1.0]	[0.987..1.177]	[161419.5..192493.17]	[0.637..0.677]	[0.74..0.98]	[0.965..1.175]	[157821.5..192166.06]	[0.632..0.676]	[0.74..0.979]	0.8608626	[138960.0..165710.17]
Group-1	PG 38:4:0	305.25	240116_PG_FTMSMS-_4.mzXML	35.0	142344.7	0.0	0.0	[5.0..11.0]	[1.0..1.0]	[1.087..1.54]	[154728.69..219210.84]	[0.604..0.684]	[0.74..0.98]	[1.085..1.54]	[154444.02..219210.84]	[0.604..0.684]	[0.74..0.979]	0.8608626	[133200.16..188710.42]
Group-1	PG 38:4:0	331.26	240116_PG_FTMSMS-_4.mzXML	25.0	302079.3	0.0	0.0	[7.0..10.0]	[1.0..1.0]	[0.986..0.995]	[297850.2..300568.9]	[0.734..0.736]	[0.84..1.0]	[0.958..0.995]	[289391.97..300568.9]	[0.728..0.736]	[0.84..1.0]	0.8608626	[256408.1..258748.53]
Group-1	PG 38:4:0	331.26	240116_PG_FTMSMS-_4.mzXML	30.0	416404.3	0.0	0.0	[7.0..10.0]	[1.0..1.0]	[1.078..1.206]	[448883.8..502183.6]	[0.726..0.747]	[0.84..1.0]	[1.061..1.206]	[441804.97..502183.6]	[0.723..0.747]	[0.84..1.0]	0.8608626	[386427.3..432311.1]
Group-1	PG 38:4:0	331.26	240116_PG_FTMSMS-_4.mzXML	35.0	219556.6	0.0	0.0	[7.0..10.0]	[1.0..1.0]	[1.33..1.661]	[292010.28..364683.5]	[0.647..0.696]	[0.84..1.0]	[1.329..1.661]	[291790.72..364683.5]	[0.646..0.696]	[0.84..1.0]	0.8608626	[251380.73..313942.4]
Group-1	PG 38:5:0	255.23	240116_PG_FTMSMS-_4.mzXML	25.0	931614.5	0.0	0.0	[0.0..0.0]	[0.0..1.0]	[1.0..1.0]	[931614.5..931614.5]	[0.226..0.229]	[0.0..0.03]	[1.0..1.0]	[931614.5..931614.5]	[0.226..0.234]	[0.0..0.028]	0.8627383	[803739.5..803739.5]
Group-1	PG 38:5:0	255.23	240116_PG_FTMSMS-_4.mzXML	30.0	1160323.9	0.0	0.0	[0.0..0.0]	[0.0..1.0]	[1.0..1.0]	[1160323.9..1160323.9]	[0.238..0.255]	[0.0..0.03]	[1.0..1.0]	[1160323.9..1160323.9]	[0.238..0.256]	[0.0..0.028]	0.8627383	[1001055.9..1001055.9]
Group-1	PG 38:5:0	255.23	240116_PG_FTMSMS-_4.mzXML	35.0	1271025.8	0.0	0.0	[0.0..0.0]	[0.0..0.0]	[1.0..1.0]	[1271025.8..1271025.8]	[0.268..0.296]	[0.0..0.03]	[1.0..1.0]	[1271025.8..1271025.8]	[0.268..0.297]	[0.0..0.028]	0.8627383	[1096562.6..1096562.6]
Group-1	PG 38:5:0	281.25	240116_PG_FTMSMS-_4.mzXML	25.0	196204.7	0.0	0.0	[9.0..9.0]	[0.0..1.0]	[0.925..0.958]	[181489.36..187964.11]	[0.256..0.258]	[0.0..0.09]	[0.925..0.928]	[181489.36..182077.95]	[0.252..0.261]	[0.0..0.086]	0.8627383	[156577.81..162163.83]
Group-1	PG 38:5:0	281.25	240116_PG_FTMSMS-_4.mzXML	30.0	251214.2	0.0	0.0	[9.0..9.0]	[0.39999998..1.0]	[0.922..0.937]	[231619.5..235387.7]	[0.263..0.277]	[0.0..0.09]	[0.922..0.923]	[231619.5..231870.7]	[0.255..0.279]	[0.0..0.086]	0.8627383	[199827.02..203078.0]
Group-1	PG 38:5:0	281.25	240116_PG_FTMSMS-_4.mzXML	35.0	279903.7	0.0	0.0	[9.0..9.0]	[0.0..1.0]	[0.912..0.936]	[255272.16..261989.84]	[0.285..0.321]	[0.0..0.09]	[0.912..0.914]	[255272.16..255831.97]	[0.28..0.32]	[0.0..0.086]	0.8627383	[220233.08..226028.69]
Group-1	PG 38:5:0	303.23	240116_PG_FTMSMS-_4.mzXML	25.0	475617.0	25931.1	0.05452097	[5.5..6.7]	[0.0..1.0]	[1.107..1.138]	[526508.0..541252.1]	[0.742..0.744]	[0.91..1.0]	[1.08..1.138]	[513666.38..541252.1]	[0.739..0.748]	[0.914..1.0]	0.8627383	[454238.62..466958.97]
Group-1	PG 38:5:0	303.23	240116_PG_FTMSMS-_4.mzXML	30.0	423439.1	44451.5	0.10497732	[5.0..5.1]	[0.0..0.6]	[1.429..1.557]	[605094.5..659294.6]	[0.723..0.737]	[0.91..1.0]	[1.413..1.598]	[598319.44..676655.7]	[0.721..0.745]	[0.914..1.0]	0.8627383	[522038.2..568798.75]
Group-1	PG 38:5:0	303.23	240116_PG_FTMSMS-_4.mzXML	35.0	260659.0	28774.7	0.110392116	[5.2..5.5]	[0.0..1.0]	[2.074..2.521]	[540606.75..657121.4]	[0.679..0.715]	[0.91..1.0]	[2.085..2.521]	[543474.0..657121.3]	[0.68..0.72]	[0.914..1.0]	0.8627383	[466402.12..566923.75]
Group-1	PG 38:5:0	329.25	240116_PG_FTMSMS-_4.mzXML	25.0	2364292.0	480642.5	0.20329235	[4.1..4.9]	[0.0..1.0]	[1.326..1.35]	[3135051.2..3191794.2]	[0.771..0.774]	[0.97..1.0]	[1.292..1.35]	[3054665.5..3191794.2]	[0.766..0.774]	[0.972..1.0]	0.8627383	[2704728.8..2753683.2]
Group-1	PG 38:5:0	329.25	240116_PG_FTMSMS-_4.mzXML	30.0	1580287.2	528174.0	0.33422658	[4.0..4.0]	[0.0..1.0]	[2.146..2.345]	[3391296.2..3705773.8]	[0.745..0.762]	[0.97..1.0]	[2.132..2.345]	[3369172.2..3705773.8]	[0.744..0.762]	[0.972..1.0]	0.8627383	[2925801.2..3197113.0]
Group-1	PG 38:5:0	329.25	240116_PG_FTMSMS-_4.mzXML	35.0	715314.4	288962.6	0.40396586	[4.0..4.0]	[1.0..1.0]	[4.216..4.843]	[3015765.5..3464267.5]	[0.704..0.732]	[0.97..1.0]	[4.215..4.843]	[3015050.2..3464267.5]	[0.703..0.732]	[0.972..1.0]	0.8627383	[2601816.5..2988756.2]
Group-1	PG 38:6:0	253.22	240116_PG_FTMSMS-_4.mzXML	25.0	20432.6	0.0	0.0	[9.0..9.0]	[0.0..1.0]	[0.97..1.014]	[19819.623..20718.656]	[0.434..0.453]	[0.35..1.0]	[0.985..1.014]	[20126.111..20718.656]	[0.445..0.457]	[0.348..1.0]	0.8646135	[17136.312..17913.63]
Group-1	PG 38:6:0	253.22	240116_PG_FTMSMS-_4.mzXML	30.0	43544.4	0.0	0.0	[9.0..9.0]	[0.0..1.0]	[0.979..1.013]	[42629.965..44110.477]	[0.639..0.704]	[0.35..1.0]	[0.991..1.013]	[43152.5..44110.477]	[0.645..0.707]	[0.348..1.0]	0.8646135	[36858.44..38138.51]
Group-1	PG 38:6:0	253.22	240116_PG_FTMSMS-_4.mzXML	35.0	43766.9	0.0	0.0	[9.0..9.0]	[0.0..0.0]	[0.99..0.99]	[43329.23..43329.23]	[1.0..1.0]	[0.35..1.0]	[0.99..0.99]	[43329.23..43329.23]	[1.0..1.0]	[0.348..1.0]	0.8646135	[37463.035..37463.035]
Group-1	PG 38:6:0	255.23	240116_PG_FTMSMS-_4.mzXML	25.0	485495.0	0.0	0.0	[0.0..0.0]	[0.0..0.0]	[1.0..1.0]	[485495.0..485495.0]	[0.235..0.235]	[0.0..0.07]	[1.0..1.0]	[485495.0..485495.0]	[0.235..0.235]	[0.0..0.065]	0.8646135	[419765.53..419765.53]
Group-1	PG 38:6:0	255.23	240116_PG_FTMSMS-_4.mzXML	30.0	637696.9	0.0	0.0	[0.0..0.0]	[0.0..0.0]	[1.0..1.0]	[637696.9..637696.9]	[0.257..0.257]	[0.0..0.07]	[1.0..1.0]	[637696.9..637696.9]	[0.257..0.257]	[0.0..0.065]	0.8646135	[551361.3..551361.3]
Group-1	PG 38:6:0	255.23	240116_PG_FTMSMS-_4.mzXML	35.0	662285.3	0.0	0.0	[0.0..0.0]	[0.0..0.0]	[1.0..1.0]	[662285.3..662285.3]	[0.312..0.312]	[0.0..0.07]	[1.0..1.0]	[662285.3..662285.3]	[0.312..0.312]	[0.0..0.065]	0.8646135	[572620.8..572620.8]
Group-1	PG 38:6:0	279.23	240116_PG_FTMSMS-_4.mzXML	25.0	15721.6	0.0	0.0	[9.0..9.0]	[0.0..1.0]	[0.917..0.946]	[14416.707..14872.633]	[0.289..0.296]	[0.0..0.37]	[0.917..0.928]	[14416.707..14589.644]	[0.285..0.306]	[0.0..0.366]	0.8646135	[12464.879..12859.078]
Group-1	PG 38:6:0	279.23	240116_PG_FTMSMS-_4.mzXML	30.0	16922.0	0.0	0.0	[9.0..9.0]	[0.0..1.0]	[0.935..0.957]	[15822.07..16194.354]	[0.279..0.319]	[0.0..0.37]	[0.935..0.943]	[15822.07..15957.446]	[0.276..0.324]	[0.0..0.366]	0.8646135	[13679.975..14001.857]
Group-1	PG 38:6:0	279.23	240116_PG_FTMSMS-_4.mzXML	35.0	21047.8	0.0	0.0	[9.0..9.0]	[0.0..0.0]	[0.992..0.992]	[20879.418..20879.418]	[0.355..0.442]	[0.0..0.37]	[0.992..0.992]	[20879.418..20879.418]	[0.355..0.442]	[0.0..0.366]	0.8646135	[18052.627..18052.627]
Group-1	PG 38:6:0	303.23	240116_PG_FTMSMS-_4.mzXML	25.0	32174.4	0.0	0.0	[5.0..8.0]	[0.0..1.0]	[1.065..1.138]	[34265.74..36614.47]	[0.704..0.711]	[0.63..1.0]	[1.016..1.138]	[32689.191..36614.47]	[0.694..0.715]	[0.634..1.0]	0.8646135	[29626.62..31657.361]
Group-1	PG 38:6:0	303.23	240116_PG_FTMSMS-_4.mzXML	30.0	26187.6	0.0	0.0	[5.0..8.0]	[0.0..1.0]	[1.291..1.598]	[33808.19..41847.785]	[0.681..0.721]	[0.63..1.0]	[1.26..1.598]	[32996.375..41847.785]	[0.676..0.724]	[0.634..1.0]	0.8646135	[29231.02..36182.16]
Group-1	PG 38:6:0	303.23	240116_PG_FTMSMS-_4.mzXML	35.0	15071.2	0.0	0.0	[5.0..8.0]	[1.0..1.0]	[1.752..2.521]	[26404.742..37994.496]	[0.558..0.645]	[0.63..1.0]	[1.751..2.521]	[26389.672..37994.496]	[0.558..0.645]	[0.634..1.0]	0.8646135	[22829.896..32850.55]
Group-1	PG 38:6:0	327.23	240116_PG_FTMSMS-_4.mzXML	25.0	853363.5	335110.9	0.3926942	[4.0..4.0]	[1.0..1.0]	[1.853..1.853]	[1581282.8..1581282.8]	[0.765..0.765]	[0.93..1.0]	[1.853..1.853]	[1581282.6..1581282.6]	[0.765..0.765]	[0.935..1.0]	0.8646135	[1367198.2..1367198.2]
Group-1	PG 38:6:0	327.23	240116_PG_FTMSMS-_4.mzXML	30.0	455976.1	280757.9	0.61572945	[4.0..4.0]	[1.0..1.0]	[4.039..4.039]	[1841687.5..1841687.5]	[0.743..0.743]	[0.93..1.0]	[4.039..4.039]	[1841687.5..1841687.5]	[0.743..0.743]	[0.935..1.0]	0.8646135	[1592347.8..1592347.8]
Group-1	PG 38:6:0	327.23	240116_PG_FTMSMS-_4.mzXML	35.0	133322.6	127979.5	0.95992357	[4.0..4.0]	[1.0..1.0]	[10.962..10.962]	[1461482.2..1461482.2]	[0.688..0.688]	[0.93..1.0]	[10.962..10.962]	[1461482.2..1461482.2]	[0.688..0.688]	[0.935..1.0]	0.8646135	[1263617.2..1263617.2]
Group-1	PG 38:6:0	329.25	240116_PG_FTMSMS-_4.mzXML	25.0	20006.7	0.0	0.0	[4.0..7.0]	[0.0..1.0]	[1.197..1.35]	[23948.02..27009.045]	[0.547..0.566]	[0.0..0.65]	[1.197..1.291]	[23948.02..25828.648]	[0.543..0.555]	[0.0..0.652]	0.8646135	[20705.781..23352.385]
Group-1	PG 38:6:0	329.25	240116_PG_FTMSMS-_4.mzXML	30.0	10609.7	0.0	0.0	[4.0..7.0]	[0.0..1.0]	[1.687..2.345]	[17898.564..24879.748]	[0.296..0.361]	[0.0..0.65]	[1.687..2.285]	[17898.564..24243.166]	[0.293..0.355]	[0.0..0.652]	0.8646135	[15475.341..21511.365]
Group-1	PG 38:6:0	329.25	240116_PG_FTMSMS-_4.mzXML	35.0	0.0	0.0	0.0	[4.0..7.0]	[1.0..1.0]	[2.752..4.843]	[0.0..0.0]	[0.0..0.0]	[0.0..0.65]	[2.797..4.813]	[0.0..0.0]	[0.0..0.0]	[0.0..0.652]	0.8646135	[0.0..0.0]
Group-1	PG 39:4:0	255.23	240116_PG_FTMSMS-_4.mzXML	25.0	51026.8	0.0	0.0	[0.0..0.0]	[0.0..0.0]	[1.0..1.0]	[51026.8..51026.8]	[0.979..0.979]	[1.0..1.0]	[1.0..1.0]	[51026.8..51026.8]	[0.979..0.979]	[1.0..1.0]	0.8480838	[43275.004..43275.004]
Group-1	PG 39:4:0	255.23	240116_PG_FTMSMS-_4.mzXML	30.0	90413.7	0.0	0.0	[0.0..0.0]	[0.0..0.0]	[1.0..1.0]	[90413.7..90413.7]	[0.98..0.982]	[1.0..1.0]	[1.0..1.0]	[90413.7..90413.7]	[0.98..0.982]	[1.0..1.0]	0.8480838	[76678.4..76678.4]
Group-1	PG 39:4:0	255.23	240116_PG_FTMSMS-_4.mzXML	35.0	104787.0	0.0	0.0	[0.0..0.0]	[0.0..0.0]	[1.0..1.0]	[104787.0..104787.0]	[0.985..0.988]	[1.0..1.0]	[1.0..1.0]	[104787.0..104787.0]	[0.985..0.988]	[1.0..1.0]	0.8480838	[88868.16..88868.16]
Group-1	PG 39:4:0	269.25	240116_PG_FTMSMS-_4.mzXML	25.0	989.2	0.0	0.0	[0.0..0.0]	[0.0..0.0]	[1.004..1.004]	[993.157..993.157]	[0.026..0.027]	[0.0..0.0]	[1.004..1.004]	[993.15674..993.15674]	[0.026..0.027]	[0.0..0.0]	0.8480838	[842.28015..842.28015]
Group-1	PG 39:4:0	269.25	240116_PG_FTMSMS-_4.mzXML	30.0	1806.8	0.0	0.0	[0.0..0.0]	[0.0..0.0]	[0.993..0.993]	[1794.152..1794.152]	[0.03..0.033]	[0.0..0.0]	[0.993..0.993]	[1794.1523..1794.1523]	[0.03..0.033]	[0.0..0.0]	0.8480838	[1521.5916..1521.5916]
Group-1	PG 39:4:0	269.25	240116_PG_FTMSMS-_4.mzXML	35.0	1568.4	0.0	0.0	[0.0..0.0]	[0.0..0.0]	[0.989..0.989]	[1551.148..1551.148]	[0.027..0.034]	[0.0..0.0]	[0.989..0.989]	[1551.1477..1551.1477]	[0.027..0.034]	[0.0..0.0]	0.8480838	[1315.5032..1315.5032]
Group-1	PG 39:4:0	297.28	240116_PG_FTMSMS-_4.mzXML	25.0	7530.1	0.0	0.0	[0.0..0.0]	[0.0..1.0]	[1.005..1.012]	[7567.751..7620.461]	[0.23..0.241]	[0.0..0.06]	[1.005..1.005]	[7567.7505..7567.7505]	[0.229..0.242]	[0.0..0.058]	0.8480838	[6418.0864..6462.7896]
Group-1	PG 39:4:0	297.28	240116_PG_FTMSMS-_4.mzXML	30.0	10423.5	0.0	0.0	[0.0..0.0]	[0.0..1.0]	[0.966..0.975]	[10069.102..10162.913]	[0.229..0.267]	[0.0..0.06]	[0.966..0.967]	[10069.102..10079.524]	[0.227..0.268]	[0.0..0.058]	0.8480838	[8539.441..8619.001]
Group-1	PG 39:4:0	297.28	240116_PG_FTMSMS-_4.mzXML	35.0	10590.2	0.0	0.0	[0.0..0.0]	[0.0..0.0]	[0.962..0.962]	[10187.772..10187.772]	[0.237..0.309]	[0.0..0.06]	[0.962..0.962]	[10187.772..10187.772]	[0.237..0.309]	[0.0..0.058]	0.8480838	[8640.085..8640.085]
Group-1	PG 39:4:0	303.23	240116_PG_FTMSMS-_4.mzXML	25.0	22439.3	0.0	0.0	[5.0..8.0]	[0.0..1.0]	[1.065..1.138]	[23897.857..25535.924]	[0.759..0.77]	[0.94..1.0]	[1.055..1.138]	[23673.46..25535.924]	[0.758..0.771]	[0.942..1.0]	0.8480838	[20267.387..21656.605]
Group-1	PG 39:4:0	303.23	240116_PG_FTMSMS-_4.mzXML	30.0	21429.6	0.0	0.0	[5.0..8.0]	[0.0..1.0]	[1.291..1.598]	[27665.613..34244.5]	[0.733..0.771]	[0.94..1.0]	[1.286..1.598]	[27558.465..34244.5]	[0.732..0.773]	[0.942..1.0]	0.8480838	[23462.758..29042.205]
Group-1	PG 39:4:0	303.23	240116_PG_FTMSMS-_4.mzXML	35.0	13002.9	0.0	0.0	[5.0..8.0]	[1.0..1.0]	[1.752..2.521]	[22781.082..32780.312]	[0.691..0.763]	[0.94..1.0]	[1.752..2.521]	[22781.082..32780.312]	[0.691..0.763]	[0.942..1.0]	0.8480838	[19320.266..27800.45]
Group-1	PG 39:4:0	331.26	240116_PG_FTMSMS-_4.mzXML	25.0	36748.6	0.0	0.0	[7.0..10.0]	[1.0..1.0]	[0.986..0.995]	[36234.12..36564.86]	[0.973..0.974]	[1.0..1.0]	[0.986..0.995]	[36234.12..36564.86]	[0.973..0.974]	[1.0..1.0]	0.8480838	[30729.57..31010.062]
Group-1	PG 39:4:0	331.26	240116_PG_FTMSMS-_4.mzXML	30.0	48177.0	0.0	0.0	[7.0..10.0]	[1.0..1.0]	[1.078..1.206]	[51934.805..58101.46]	[0.967..0.97]	[1.0..1.0]	[1.078..1.206]	[51934.805..58101.46]	[0.967..0.97]	[1.0..1.0]	0.8480838	[44045.066..49274.906]
Group-1	PG 39:4:0	331.26	240116_PG_FTMSMS-_4.mzXML	35.0	33276.2	0.0	0.0	[7.0..10.0]	[1.0..1.0]	[1.33..1.661]	[44257.348..55271.766]	[0.966..0.973]	[1.0..1.0]	[1.33..1.661]	[44257.348..55271.766]	[0.966..0.973]	[1.0..1.0]	0.8480838	[37533.938..46875.09]
Group-1	PG 39:4:0	345.28	240116_PG_FTMSMS-_4.mzXML	25.0	1162.2	0.0	0.0	[7.0..10.0]	[1.0..1.0]	[0.951..0.953]	[1105.252..1107.577]	[0.021..0.021]	[0.0..0.0]	[0.927..0.957]	[1077.3594..1112.2253]	[0.021..0.021]	[0.0..0.0]	0.8480838	[937.34644..939.31775]
Group-1	PG 39:4:0	345.28	240116_PG_FTMSMS-_4.mzXML	30.0	1649.1	0.0	0.0	[7.0..10.0]	[1.0..1.0]	[1.021..1.128]	[1683.731..1860.185]	[0.018..0.02]	[0.0..0.0]	[1.004..1.14]	[1655.6963..1879.974]	[0.018..0.02]	[0.0..0.0]	0.8480838	[1427.9451..1577.5925]
Group-1	PG 39:4:0	345.28	240116_PG_FTMSMS-_4.mzXML	35.0	1022.9	0.0	0.0	[7.0..10.0]	[1.0..1.0]	[1.243..1.532]	[1271.465..1567.083]	[0.012..0.015]	[0.0..0.0]	[1.24..1.552]	[1268.396..1587.5409]	[0.012..0.015]	[0.0..0.0]	0.8480838	[1078.3087..1329.0176]
Group-1	PG 39:5:0	267.23	240116_PG_FTMSMS-_4.mzXML	25.0	0.0	0.0	0.0	[9.0..9.0]	[0.0..0.0]	[0.945..0.945]	[0.0..0.0]	[0.0..0.0]	[0.0..0.0]	[0.945..0.945]	[0.0..0.0]	[0.0..0.0]	[0.0..0.0]	0.8498996	[0.0..0.0]
Group-1	PG 39:5:0	267.23	240116_PG_FTMSMS-_4.mzXML	30.0	1581.9	0.0	0.0	[9.0..9.0]	[0.0..0.0]	[0.942..0.942]	[1490.15..1490.15]	[0.073..0.081]	[0.0..0.0]	[0.942..0.942]	[1490.1498..1490.1498]	[0.073..0.081]	[0.0..0.0]	0.8498996	[1266.4777..1266.4777]
Group-1	PG 39:5:0	267.23	240116_PG_FTMSMS-_4.mzXML	35.0	1622.4	0.0	0.0	[9.0..9.0]	[0.0..0.0]	[0.949..0.949]	[1539.658..1539.658]	[0.079..0.097]	[0.0..0.0]	[0.949..0.949]	[1539.6576..1539.6576]	[0.079..0.097]	[0.0..0.0]	0.8498996	[1308.5543..1308.5543]
Group-1	PG 39:5:0	269.25	240116_PG_FTMSMS-_4.mzXML	25.0	4851.3	0.0	0.0	[0.0..0.0]	[0.0..1.0]	[1.001..1.004]	[4856.152..4870.705]	[0.051..0.053]	[0.0..0.0]	[1.001..1.001]	[4856.1514..4856.1514]	[0.051..0.054]	[0.0..0.0]	0.8498996	[4127.241..4139.61]
Group-1	PG 39:5:0	269.25	240116_PG_FTMSMS-_4.mzXML	30.0	8131.2	0.0	0.0	[0.0..0.0]	[0.0..1.0]	[0.987..0.993]	[8025.495..8074.282]	[0.06..0.068]	[0.0..0.0]	[0.987..0.987]	[8025.4946..8025.4946]	[0.06..0.069]	[0.0..0.0]	0.8498996	[6820.8643..6862.3286]
Group-1	PG 39:5:0	269.25	240116_PG_FTMSMS-_4.mzXML	35.0	7655.8	0.0	0.0	[0.0..0.0]	[0.0..0.6]	[0.984..0.989]	[7533.307..7571.586]	[0.061..0.075]	[0.0..0.0]	[0.984..0.984]	[7533.307..7533.307]	[0.061..0.075]	[0.0..0.0]	0.8498996	[6402.5547..6435.088]
Group-1	PG 39:5:0	281.25	240116_PG_FTMSMS-_4.mzXML	25.0	35591.5	0.0	0.0	[9.0..9.0]	[0.0..1.0]	[0.925..0.958]	[32922.137..34096.656]	[0.972..0.973]	[1.0..1.0]	[0.958..0.958]	[34096.656..34096.656]	[0.971..0.974]	[1.0..1.0]	0.8498996	[27980.512..28978.734]
Group-1	PG 39:5:0	281.25	240116_PG_FTMSMS-_4.mzXML	30.0	80651.8	0.0	0.0	[9.0..9.0]	[0.0..1.0]	[0.911..0.937]	[73473.79..75570.734]	[0.984..0.987]	[1.0..1.0]	[0.937..0.937]	[75570.734..75570.734]	[0.984..0.987]	[1.0..1.0]	0.8498996	[62445.344..64227.535]
Group-1	PG 39:5:0	281.25	240116_PG_FTMSMS-_4.mzXML	35.0	89634.7	0.0	0.0	[9.0..9.0]	[0.0..0.0]	[0.912..0.912]	[81746.85..81746.85]	[0.983..0.988]	[1.0..1.0]	[0.912..0.912]	[81746.85..81746.85]	[0.983..0.988]	[1.0..1.0]	0.8498996	[69476.62..69476.62]
Group-1	PG 39:5:0	295.26	240116_PG_FTMSMS-_4.mzXML	25.0	1081.4	0.0	0.0	[9.0..9.0]	[0.0..1.0]	[0.909..0.939]	[982.993..1015.435]	[0.117..0.12]	[0.0..0.0]	[0.909..0.909]	[982.9926..982.9926]	[0.114..0.12]	[0.0..0.0]	0.8498996	[835.445..863.01746]
Group-1	PG 39:5:0	295.26	240116_PG_FTMSMS-_4.mzXML	30.0	1554.3	0.0	0.0	[9.0..9.0]	[0.0..1.0]	[0.885..0.908]	[1375.556..1411.305]	[0.096..0.114]	[0.0..0.0]	[0.885..0.885]	[1375.5555..1375.5555]	[0.094..0.113]	[0.0..0.0]	0.8498996	[1169.0841..1199.4672]
Group-1	PG 39:5:0	295.26	240116_PG_FTMSMS-_4.mzXML	35.0	1562.2	0.0	0.0	[9.0..9.0]	[0.0..0.0]	[0.88..0.88]	[1374.736..1374.736]	[0.096..0.133]	[0.0..0.0]	[0.88..0.88]	[1374.736..1374.736]	[0.096..0.133]	[0.0..0.0]	0.8498996	[1168.3876..1168.3876]
Group-1	PG 39:5:0	303.23	240116_PG_FTMSMS-_4.mzXML	25.0	6738.7	0.0	0.0	[5.0..8.0]	[0.0..1.0]	[1.065..1.138]	[7176.717..7668.641]	[0.88..0.883]	[1.0..1.0]	[1.067..1.138]	[7190.1934..7668.641]	[0.88..0.886]	[1.0..1.0]	0.8498996	[6099.4883..6517.575]
Group-1	PG 39:5:0	303.23	240116_PG_FTMSMS-_4.mzXML	30.0	8316.2	0.0	0.0	[5.0..8.0]	[0.0..1.0]	[1.291..1.598]	[10736.215..13289.288]	[0.886..0.904]	[1.0..1.0]	[1.294..1.598]	[10761.163..13289.288]	[0.887..0.906]	[1.0..1.0]	0.8498996	[9124.704..11294.561]
Group-1	PG 39:5:0	303.23	240116_PG_FTMSMS-_4.mzXML	35.0	5122.9	0.0	0.0	[5.0..8.0]	[1.0..1.0]	[1.752..2.521]	[8975.32..12914.83]	[0.867..0.904]	[1.0..1.0]	[1.752..2.521]	[8975.32..12914.83]	[0.867..0.904]	[1.0..1.0]	0.8498996	[7628.1216..10976.31]
Group-1	PG 39:5:0	317.25	240116_PG_FTMSMS-_4.mzXML	25.0	897.3	0.0	0.0	[5.0..8.0]	[0.0..1.0]	[1.02..1.09]	[915.246..978.057]	[0.027..0.028]	[0.0..0.0]	[1.02..1.12]	[915.246..1004.976]	[0.026..0.029]	[0.0..0.0]	0.8498996	[777.8671..831.25024]
Group-1	PG 39:5:0	317.25	240116_PG_FTMSMS-_4.mzXML	30.0	810.1	0.0	0.0	[5.0..8.0]	[0.0..1.0]	[1.214..1.498]	[983.461..1213.53]	[0.013..0.016]	[0.0..0.0]	[1.214..1.52]	[983.46136..1231.3519]	[0.013..0.016]	[0.0..0.0]	0.8498996	[835.84344..1031.3785]
Group-1	PG 39:5:0	317.25	240116_PG_FTMSMS-_4.mzXML	35.0	591.2	0.0	0.0	[5.0..8.0]	[1.0..1.0]	[1.628..2.331]	[962.474..1378.087]	[0.012..0.017]	[0.0..0.0]	[1.629..2.33]	[963.0648..1377.496]	[0.012..0.017]	[0.0..0.0]	0.8498996	[818.006..1171.2358]
Group-1	PG 39:5:0	329.25	240116_PG_FTMSMS-_4.mzXML	25.0	67177.8	11873.5	0.17674738	[4.6..5.4]	[0.0..1.0]	[1.295..1.35]	[86995.24..90690.03]	[0.947..0.949]	[1.0..1.0]	[1.272..1.35]	[85450.16..90690.03]	[0.946..0.949]	[1.0..1.0]	0.8498996	[73937.23..77077.42]
Group-1	PG 39:5:0	329.25	240116_PG_FTMSMS-_4.mzXML	30.0	53636.5	15493.1	0.28885368	[4.0..4.5]	[0.0..1.0]	[2.036..2.345]	[109203.914..125777.59]	[0.932..0.94]	[1.0..1.0]	[2.025..2.345]	[108613.914..125777.59]	[0.931..0.94]	[1.0..1.0]	0.8498996	[92812.37..106898.33]
Group-1	PG 39:5:0	329.25	240116_PG_FTMSMS-_4.mzXML	35.0	24065.1	9216.2	0.38296953	[4.0..4.2]	[0.4..1.0]	[3.837..4.843]	[92337.78..116547.27]	[0.925..0.939]	[1.0..1.0]	[3.867..4.843]	[93059.74..116547.27]	[0.925..0.939]	[1.0..1.0]	0.8498996	[78477.84..99053.48]
Group-1	PG 39:5:0	331.26	240116_PG_FTMSMS-_4.mzXML	25.0	12358.2	0.0	0.0	[7.0..10.0]	[1.0..1.0]	[0.986..0.995]	[12185.186..12296.409]	[1.0..1.0]	[1.0..1.0]	[0.986..0.995]	[12185.186..12296.409]	[1.0..1.0]	[1.0..1.0]	0.8498996	[10356.185..10450.714]
Group-1	PG 39:5:0	331.26	240116_PG_FTMSMS-_4.mzXML	30.0	15603.5	0.0	0.0	[7.0..10.0]	[1.0..1.0]	[1.078..1.206]	[16820.572..18817.82]	[0.919..0.927]	[1.0..1.0]	[1.078..1.206]	[16820.572..18817.82]	[0.919..0.927]	[1.0..1.0]	0.8498996	[14295.798..15993.258]
Group-1	PG 39:5:0	331.26	240116_PG_FTMSMS-_4.mzXML	35.0	10760.1	0.0	0.0	[7.0..10.0]	[1.0..1.0]	[1.33..1.661]	[14310.933..17872.525]	[0.903..0.921]	[1.0..1.0]	[1.33..1.661]	[14310.933..17872.525]	[0.903..0.921]	[1.0..1.0]	0.8498996	[12162.855..15189.852]
Group-1	PG 40:5:0	255.23	240116_PG_FTMSMS-_4.mzXML	25.0	126909.3	0.0	0.0	[0.0..0.0]	[0.0..1.0]	[1.0..1.0]	[126909.3..126909.3]	[0.857..0.864]	[1.0..1.0]	[1.0..1.0]	[126909.3..126909.3]	[0.854..0.864]	[1.0..1.0]	0.83746755	[106282.42..106282.42]
Group-1	PG 40:5:0	255.23	240116_PG_FTMSMS-_4.mzXML	30.0	229640.2	0.0	0.0	[0.0..0.0]	[0.0..1.0]	[1.0..1.0]	[229640.2..229640.2]	[0.903..0.919]	[1.0..1.0]	[1.0..1.0]	[229640.2..229640.2]	[0.9..0.919]	[1.0..1.0]	0.83746755	[192316.22..192316.22]
Group-1	PG 40:5:0	255.23	240116_PG_FTMSMS-_4.mzXML	35.0	268548.0	0.0	0.0	[0.0..0.0]	[0.0..0.0]	[1.0..1.0]	[268548.0..268548.0]	[1.0..1.0]	[1.0..1.0]	[1.0..1.0]	[268548.0..268548.0]	[1.0..1.0]	[1.0..1.0]	0.83746755	[224900.23..224900.23]
Group-1	PG 40:5:0	283.26	240116_PG_FTMSMS-_4.mzXML	25.0	370011.1	0.0	0.0	[0.0..0.0]	[0.0..1.0]	[1.002..1.009]	[370751.1..373341.2]	[0.235..0.237]	[0.0..0.06]	[1.002..1.002]	[370751.1..370751.1]	[0.234..0.243]	[0.0..0.056]	0.83746755	[310492.03..312661.12]
Group-1	PG 40:5:0	283.26	240116_PG_FTMSMS-_4.mzXML	30.0	521757.8	0.0	0.0	[0.0..0.0]	[0.0..1.0]	[0.976..0.985]	[509235.62..513931.44]	[0.258..0.274]	[0.0..0.06]	[0.976..0.977]	[509235.62..509757.38]	[0.257..0.276]	[0.0..0.056]	0.83746755	[426468.34..430400.94]
Group-1	PG 40:5:0	283.26	240116_PG_FTMSMS-_4.mzXML	35.0	521247.6	0.0	0.0	[0.0..0.0]	[0.0..0.0]	[0.976..0.976]	[508737.66..508737.66]	[0.28..0.308]	[0.0..0.06]	[0.976..0.976]	[508737.66..508737.66]	[0.28..0.308]	[0.0..0.056]	0.83746755	[426051.28..426051.28]
Group-1	PG 40:5:0	303.23	240116_PG_FTMSMS-_4.mzXML	25.0	41201.8	0.0	0.0	[5.0..8.0]	[0.0..0.0]	[1.065..1.163]	[43879.92..47917.695]	[0.839..0.85]	[1.0..1.0]	[1.067..1.138]	[43962.324..46887.65]	[0.839..0.848]	[1.0..1.0]	0.83746755	[36748.01..40129.516]
Group-1	PG 40:5:0	303.23	240116_PG_FTMSMS-_4.mzXML	30.0	44810.9	0.0	0.0	[5.0..8.0]	[1.0..1.0]	[1.294..1.598]	[57985.305..71607.82]	[0.858..0.882]	[1.0..1.0]	[1.294..1.598]	[57985.305..71607.82]	[0.858..0.882]	[1.0..1.0]	0.83746755	[48560.81..59969.223]
Group-1	PG 40:5:0	303.23	240116_PG_FTMSMS-_4.mzXML	35.0	20916.6	0.0	0.0	[5.0..8.0]	[0.0..1.0]	[1.752..2.521]	[36645.883..52730.746]	[0.792..0.842]	[1.0..1.0]	[1.752..2.521]	[36645.883..52730.746]	[0.792..0.845]	[1.0..1.0]	0.83746755	[30689.736..44160.285]
Group-1	PG 40:5:0	309.28	240116_PG_FTMSMS-_4.mzXML	25.0	8910.4	0.0	0.0	[11.0..11.0]	[1.0..1.0]	[0.946..0.946]	[8429.238..8429.238]	[0.15..0.161]	[0.0..0.0]	[0.946..0.946]	[8429.238..8429.238]	[0.152..0.161]	[0.0..0.0]	0.83746755	[7059.214..7059.214]
Group-1	PG 40:5:0	309.28	240116_PG_FTMSMS-_4.mzXML	30.0	10941.4	0.0	0.0	[11.0..11.0]	[0.0..0.0]	[0.876..0.876]	[9584.667..9584.667]	[0.118..0.142]	[0.0..0.0]	[0.876..0.876]	[9584.667..9584.667]	[0.118..0.142]	[0.0..0.0]	0.83746755	[8026.8467..8026.8467]
Group-1	PG 40:5:0	309.28	240116_PG_FTMSMS-_4.mzXML	35.0	11272.4	0.0	0.0	[11.0..11.0]	[0.0..1.0]	[0.856..0.879]	[9649.175..9908.44]	[0.158..0.208]	[0.0..0.0]	[0.856..0.856]	[9649.175..9649.175]	[0.155..0.208]	[0.0..0.0]	0.83746755	[8080.8706..8297.997]
Group-1	PG 40:5:0	329.25	240116_PG_FTMSMS-_4.mzXML	25.0	899573.7	186248.1	0.2070404	[4.0..4.9]	[0.0..1.0]	[1.326..1.35]	[1192834.8..1214424.5]	[0.763..0.765]	[0.94..1.0]	[1.285..1.35]	[1155952.1..1214424.5]	[0.757..0.766]	[0.944..1.0]	0.83746755	[998960.3..1017041.06]
Group-1	PG 40:5:0	329.25	240116_PG_FTMSMS-_4.mzXML	30.0	629881.1	206327.1	0.32756513	[4.0..4.0]	[0.0..1.0]	[2.146..2.345]	[1351724.9..1477071.2]	[0.726..0.742]	[0.94..1.0]	[2.126..2.345]	[1339127.2..1477071.2]	[0.724..0.743]	[0.944..1.0]	0.83746755	[1132025.6..1236999.2]
Group-1	PG 40:5:0	329.25	240116_PG_FTMSMS-_4.mzXML	35.0	270779.0	107919.8	0.39855304	[4.0..4.1]	[1.0..1.0]	[4.216..4.843]	[1141604.2..1311382.6]	[0.692..0.72]	[0.94..1.0]	[4.214..4.843]	[1141062.8..1311382.6]	[0.692..0.72]	[0.944..1.0]	0.83746755	[956056.56..1098240.4]
Group-1	PG 40:5:0	357.28	240116_PG_FTMSMS-_4.mzXML	25.0	19524.9	0.0	0.0	[6.0..9.0]	[0.0..1.0]	[1.023..1.088]	[19973.973..21243.094]	[0.136..0.143]	[0.0..0.0]	[1.023..1.107]	[19973.973..21614.064]	[0.136..0.146]	[0.0..0.0]	0.83746755	[16727.555..17790.4]
Group-1	PG 40:5:0	357.28	240116_PG_FTMSMS-_4.mzXML	30.0	16118.9	0.0	0.0	[6.0..9.0]	[0.0..1.0]	[1.264..1.525]	[20374.293..24581.322]	[0.081..0.097]	[0.0..0.0]	[1.264..1.577]	[20374.291..25419.506]	[0.081..0.1]	[0.0..0.0]	0.83746755	[17062.807..20586.059]
Group-1	PG 40:5:0	357.28	240116_PG_FTMSMS-_4.mzXML	35.0	0.0	0.0	0.0	[6.0..9.0]	[1.0..1.0]	[1.788..2.582]	[0.0..0.0]	[0.0..0.0]	[0.0..0.0]	[1.866..2.684]	[0.0..0.0]	[0.0..0.0]	[0.0..0.0]	0.83746755	[0.0..0.0]
Group-1	PG 40:6:0	281.25	240116_PG_FTMSMS-_4.mzXML	25.0	782810.7	0.0	0.0	[9.0..9.0]	[0.0..1.0]	[0.925..0.958]	[724099.9..749932.6]	[0.883..0.891]	[1.0..1.0]	[0.958..0.958]	[749932.6..749932.6]	[0.88..0.895]	[1.0..1.0]	0.8392344	[607689.56..629369.3]
Group-1	PG 40:6:0	281.25	240116_PG_FTMSMS-_4.mzXML	30.0	1498136.8	0.0	0.0	[9.0..9.0]	[0.5..1.0]	[0.924..0.937]	[1384278.4..1403754.1]	[0.92..0.939]	[1.0..1.0]	[0.937..0.937]	[1403754.1..1403754.1]	[0.918..0.94]	[1.0..1.0]	0.8392344	[1161734.0..1178078.8]
Group-1	PG 40:6:0	281.25	240116_PG_FTMSMS-_4.mzXML	35.0	1681795.6	0.0	0.0	[9.0..9.0]	[0.0..0.9]	[0.912..0.934]	[1533797.6..1570797.1]	[0.928..0.956]	[1.0..1.0]	[0.934..0.934]	[1570797.1..1570797.1]	[0.93..0.957]	[1.0..1.0]	0.8392344	[1287215.8..1318267.0]
Group-1	PG 40:6:0	283.26	240116_PG_FTMSMS-_4.mzXML	25.0	160761.0	0.0	0.0	[0.0..0.0]	[0.0..0.0]	[1.009..1.009]	[162207.84..162207.84]	[0.242..0.242]	[0.0..0.08]	[1.009..1.009]	[162207.84..162207.84]	[0.242..0.242]	[0.0..0.079]	0.8392344	[136130.39..136130.39]
Group-1	PG 40:6:0	283.26	240116_PG_FTMSMS-_4.mzXML	30.0	219978.4	0.0	0.0	[0.0..0.0]	[0.0..0.0]	[0.985..0.985]	[216678.73..216678.73]	[0.269..0.269]	[0.0..0.08]	[0.985..0.985]	[216678.73..216678.73]	[0.269..0.269]	[0.0..0.079]	0.8392344	[181844.25..181844.25]
Group-1	PG 40:6:0	283.26	240116_PG_FTMSMS-_4.mzXML	35.0	216575.8	0.0	0.0	[0.0..0.0]	[0.0..0.0]	[0.976..0.976]	[211377.98..211377.98]	[0.318..0.318]	[0.0..0.08]	[0.976..0.976]	[211377.98..211377.98]	[0.318..0.318]	[0.0..0.079]	0.8392344	[177395.67..177395.67]
Group-1	PG 40:6:0	303.23	240116_PG_FTMSMS-_4.mzXML	25.0	17142.8	0.0	0.0	[5.0..8.0]	[0.0..0.0]	[1.065..1.163]	[18257.084..19937.076]	[1.0..1.0]	[0.98..1.0]	[1.063..1.138]	[18222.797..19508.508]	[1.0..1.0]	[0.979..1.0]	0.8392344	[15321.973..16731.88]
Group-1	PG 40:6:0	303.23	240116_PG_FTMSMS-_4.mzXML	30.0	17570.0	0.0	0.0	[5.0..8.0]	[1.0..1.0]	[1.294..1.598]	[22735.58..28076.861]	[1.0..1.0]	[0.98..1.0]	[1.291..1.598]	[22682.871..28076.861]	[1.0..1.0]	[0.979..1.0]	0.8392344	[19080.482..23563.068]
Group-1	PG 40:6:0	303.23	240116_PG_FTMSMS-_4.mzXML	35.0	10748.0	0.0	0.0	[5.0..8.0]	[0.0..1.0]	[1.752..2.521]	[18830.496..27095.707]	[0.707..0.773]	[0.98..1.0]	[1.752..2.521]	[18830.496..27095.707]	[0.707..0.777]	[0.979..1.0]	0.8392344	[15803.2..22739.65]
Group-1	PG 40:6:0	307.26	240116_PG_FTMSMS-_4.mzXML	25.0	0.0	0.0	0.0	[11.0..11.0]	[1.0..1.0]	[0.928..0.928]	[0.0..0.0]	[0.0..0.0]	[0.0..0.02]	[0.928..0.928]	[0.0..0.0]	[0.0..0.0]	[0.0..0.022]	0.8392344	[0.0..0.0]
Group-1	PG 40:6:0	307.26	240116_PG_FTMSMS-_4.mzXML	30.0	0.0	0.0	0.0	[11.0..11.0]	[0.0..0.0]	[0.877..0.877]	[0.0..0.0]	[0.0..0.0]	[0.0..0.02]	[0.877..0.877]	[0.0..0.0]	[0.0..0.0]	[0.0..0.022]	0.8392344	[0.0..0.0]
Group-1	PG 40:6:0	307.26	240116_PG_FTMSMS-_4.mzXML	35.0	8704.1	0.0	0.0	[11.0..11.0]	[0.0..1.0]	[0.895..0.916]	[7790.169..7972.955]	[0.227..0.293]	[0.0..0.02]	[0.895..0.895]	[7790.169..7790.169]	[0.223..0.293]	[0.0..0.022]	0.8392344	[6537.778..6691.178]
Group-1	PG 40:6:0	327.23	240116_PG_FTMSMS-_4.mzXML	25.0	274272.8	102634.2	0.3742048	[4.0..4.0]	[1.0..1.0]	[1.853..1.853]	[508227.53..508227.53]	[0.758..0.758]	[0.92..1.0]	[1.853..1.853]	[508227.53..508227.53]	[0.758..0.758]	[0.921..1.0]	0.8392344	[426522.03..426522.03]
Group-1	PG 40:6:0	327.23	240116_PG_FTMSMS-_4.mzXML	30.0	145425.3	87504.8	0.60171646	[4.0..4.0]	[1.0..1.0]	[4.039..4.039]	[587372.75..587372.75]	[0.731..0.731]	[0.92..1.0]	[4.039..4.039]	[587372.75..587372.75]	[0.731..0.731]	[0.921..1.0]	0.8392344	[492943.44..492943.44]
Group-1	PG 40:6:0	327.23	240116_PG_FTMSMS-_4.mzXML	35.0	41316.1	41768.1	1.0109401	[4.0..4.0]	[1.0..1.0]	[10.962..10.962]	[452907.1..452907.1]	[0.682..0.682]	[0.92..1.0]	[10.962..10.962]	[452907.1..452907.1]	[0.682..0.682]	[0.921..1.0]	0.8392344	[380095.22..380095.22]
Group-1	PG 40:6:0	329.25	240116_PG_FTMSMS-_4.mzXML	25.0	73743.9	15239.2	0.20665032	[4.0..4.9]	[0.0..1.0]	[1.197..1.35]	[88271.445..99554.266]	[0.109..0.117]	[0.0..0.0]	[1.197..1.381]	[88271.445..101840.33]	[0.105..0.12]	[0.0..0.0]	0.8392344	[74080.44..83549.37]
Group-1	PG 40:6:0	329.25	240116_PG_FTMSMS-_4.mzXML	30.0	53284.4	13371.9	0.25095338	[4.5..5.0]	[0.0..0.5]	[1.687..2.279]	[89890.78..121435.15]	[0.061..0.08]	[0.0..0.0]	[1.687..2.342]	[89890.78..124792.06]	[0.06..0.082]	[0.0..0.0]	0.8392344	[75439.44..101912.555]
Group-1	PG 40:6:0	329.25	240116_PG_FTMSMS-_4.mzXML	35.0	25119.4	0.0	0.0	[4.0..7.0]	[0.1..1.0]	[2.788..4.843]	[70032.89..121653.26]	[0.044..0.072]	[0.0..0.0]	[2.797..4.679]	[70258.96..117533.67]	[0.043..0.07]	[0.0..0.0]	0.8392344	[58774.01..102095.59]
Group-1	PG 40:7:0	281.25	240116_PG_FTMSMS-_4.mzXML	25.0	65463.3	0.0	0.0	[9.0..9.0]	[0.0..0.7]	[0.925..0.948]	[60553.555..62059.21]	[0.619..0.619]	[0.77..1.0]	[0.943..0.948]	[61731.895..62059.21]	[0.624..0.624]	[0.774..1.0]	0.8410006	[50925.574..52191.832]
Group-1	PG 40:7:0	281.25	240116_PG_FTMSMS-_4.mzXML	30.0	120503.9	0.0	0.0	[9.0..9.0]	[0.7..0.7]	[0.93..0.93]	[112068.625..112068.625]	[0.709..0.709]	[0.77..1.0]	[0.93..0.93]	[112068.625..112068.625]	[0.709..0.709]	[0.774..1.0]	0.8410006	[94249.78..94249.78]
Group-1	PG 40:7:0	281.25	240116_PG_FTMSMS-_4.mzXML	35.0	128538.7	0.0	0.0	[9.0..9.0]	[0.0..0.0]	[0.912..0.912]	[117227.3..117227.3]	[0.786..0.786]	[0.77..1.0]	[0.912..0.912]	[117227.3..117227.3]	[0.786..0.786]	[0.774..1.0]	0.8410006	[98588.23..98588.23]
Group-1	PG 40:7:0	327.23	240116_PG_FTMSMS-_4.mzXML	25.0	20589.7	7781.7	0.37794143	[4.0..4.0]	[0.3..1.0]	[1.807..1.853]	[37205.586..38152.715]	[0.381..0.381]	[0.0..0.23]	[1.807..1.818]	[37205.586..37432.074]	[0.376..0.376]	[0.0..0.226]	0.8410006	[31289.922..32086.455]
Group-1	PG 40:7:0	327.23	240116_PG_FTMSMS-_4.mzXML	30.0	11948.3	6624.1	0.55439687	[4.0..4.0]	[0.3..0.3]	[3.857..3.857]	[46084.594..46084.594]	[0.291..0.291]	[0.0..0.23]	[3.857..3.857]	[46084.594..46084.594]	[0.291..0.291]	[0.0..0.226]	0.8410006	[38757.17..38757.17]
Group-1	PG 40:7:0	327.23	240116_PG_FTMSMS-_4.mzXML	35.0	2918.3	0.0	0.0	[4.0..4.0]	[1.0..1.0]	[10.962..10.962]	[31990.404..31990.404]	[0.214..0.214]	[0.0..0.23]	[10.962..10.962]	[31990.404..31990.404]	[0.214..0.214]	[0.0..0.226]	0.8410006	[26903.951..26903.951]
Group-1	PG 30:0:0	227.2	240116_PG_FTMSMS-_3.mzXML	25.0	37358.6	0.0	0.0	[0.0..0.0]	[0.0..1.0]	[0.99..1.002]	[36985.016..37433.316]	[0.502..0.505]	[0.46..0.51]	[0.996..0.996]	[37209.168..37209.168]	[0.504..0.504]	[0.456..0.512]	0.970607	[35897.914..36333.04]
Group-1	PG 30:0:0	227.2	240116_PG_FTMSMS-_3.mzXML	30.0	51786.3	0.0	0.0	[0.0..0.0]	[0.0..1.0]	[1.012..1.029]	[52407.734..53288.105]	[0.494..0.498]	[0.46..0.51]	[1.02..1.021]	[52822.027..52873.816]	[0.496..0.496]	[0.456..0.512]	0.970607	[50867.312..51721.81]
Group-1	PG 30:0:0	227.2	240116_PG_FTMSMS-_3.mzXML	35.0	50259.4	0.0	0.0	[0.0..0.0]	[0.0..1.0]	[1.016..1.044]	[51063.55..52470.812]	[0.481..0.488]	[0.46..0.51]	[1.029..1.03]	[51716.92..51767.18]	[0.484..0.485]	[0.456..0.512]	0.970607	[49562.64..50928.54]
Group-1	PG 30:0:0	241.22	240116_PG_FTMSMS-_3.mzXML	25.0	816.5	0.0	0.0	[0.0..0.0]	[0.5..0.5]	[1.015..1.015]	[828.748..828.748]	[0.5..0.5]	[0.5..0.5]	[1.015..1.015]	[828.7475..828.7475]	[0.5..0.5]	[0.5..0.5]	0.970607	[804.3881..804.3881]
Group-1	PG 30:0:0	241.22	240116_PG_FTMSMS-_3.mzXML	30.0	1342.9	0.0	0.0	[0.0..0.0]	[0.5..0.5]	[1.031..1.031]	[1384.53..1384.53]	[0.5..0.5]	[0.5..0.5]	[1.031..1.031]	[1384.5299..1384.5299]	[0.5..0.5]	[0.5..0.5]	0.970607	[1343.8344..1343.8344]
Group-1	PG 30:0:0	241.22	240116_PG_FTMSMS-_3.mzXML	35.0	1508.4	0.0	0.0	[0.0..0.0]	[0.5..0.5]	[1.04..1.04]	[1568.736..1568.736]	[0.5..0.5]	[0.5..0.5]	[1.04..1.04]	[1568.736..1568.736]	[0.5..0.5]	[0.5..0.5]	0.970607	[1522.6261..1522.6261]
Group-1	PG 30:0:0	255.23	240116_PG_FTMSMS-_3.mzXML	25.0	36663.1	0.0	0.0	[0.0..0.0]	[0.0..1.0]	[1.0..1.0]	[36663.1..36663.1]	[0.495..0.498]	[0.49..0.54]	[1.0..1.0]	[36663.1..36663.1]	[0.496..0.496]	[0.488..0.544]	0.970607	[35585.46..35585.46]
Group-1	PG 30:0:0	255.23	240116_PG_FTMSMS-_3.mzXML	30.0	53671.7	0.0	0.0	[0.0..0.0]	[0.0..1.0]	[1.0..1.0]	[53671.7..53671.7]	[0.502..0.506]	[0.49..0.54]	[1.0..1.0]	[53671.7..53671.7]	[0.504..0.504]	[0.488..0.544]	0.970607	[52094.125..52094.125]
Group-1	PG 30:0:0	255.23	240116_PG_FTMSMS-_3.mzXML	35.0	55046.1	0.0	0.0	[0.0..0.0]	[0.0..1.0]	[1.0..1.0]	[55046.1..55046.1]	[0.512..0.519]	[0.49..0.54]	[1.0..1.0]	[55046.1..55046.1]	[0.515..0.516]	[0.488..0.544]	0.970607	[53428.13..53428.13]
Group-1	PG 30:1:0	199.17	240116_PG_FTMSMS-_3.mzXML	25.0	805.0	0.0	0.0	[0.0..0.0]	[0.0..0.0]	[0.979..0.979]	[788.095..788.095]	[0.225..0.225]	[0.0..0.0]	[0.979..0.979]	[788.095..788.095]	[0.225..0.225]	[0.0..0.0]	0.9730279	[766.83844..766.83844]
Group-1	PG 30:1:0	199.17	240116_PG_FTMSMS-_3.mzXML	30.0	939.0	0.0	0.0	[0.0..0.0]	[1.0..1.0]	[1.065..1.065]	[1000.035..1000.035]	[0.194..0.194]	[0.0..0.0]	[1.065..1.065]	[1000.03503..1000.03503]	[0.194..0.194]	[0.0..0.0]	0.9730279	[973.06195..973.06195]
Group-1	PG 30:1:0	199.17	240116_PG_FTMSMS-_3.mzXML	35.0	841.3	0.0	0.0	[0.0..0.0]	[0.0..1.0]	[1.025..1.096]	[862.332..922.065]	[0.157..0.162]	[0.0..0.0]	[1.025..1.025]	[862.33246..862.33246]	[0.153..0.153]	[0.0..0.0]	0.9730279	[839.07355..897.1947]
Group-1	PG 30:1:0	225.19	240116_PG_FTMSMS-_3.mzXML	25.0	7196.2	0.0	0.0	[7.0..7.0]	[0.0..1.0]	[0.962..0.969]	[6922.745..6973.118]	[0.475..0.477]	[0.31..0.45]	[0.964..0.965]	[6937.1367..6944.333]	[0.475..0.476]	[0.306..0.447]	0.9730279	[6736.0234..6785.038]
Group-1	PG 30:1:0	225.19	240116_PG_FTMSMS-_3.mzXML	30.0	9814.7	0.0	0.0	[7.0..7.0]	[0.0..1.0]	[0.996..1.011]	[9775.441..9922.662]	[0.458..0.462]	[0.31..0.45]	[1.001..1.003]	[9824.516..9844.145]	[0.459..0.46]	[0.306..0.447]	0.9730279	[9511.776..9655.026]
Group-1	PG 30:1:0	225.19	240116_PG_FTMSMS-_3.mzXML	35.0	10000.5	0.0	0.0	[7.0..7.0]	[0.0..1.0]	[1.026..1.055]	[10260.514..10550.527]	[0.416..0.422]	[0.31..0.45]	[1.035..1.039]	[10350.518..10390.52]	[0.418..0.419]	[0.306..0.447]	0.9730279	[9983.766..10265.957]
Group-1	PG 30:1:0	227.2	240116_PG_FTMSMS-_3.mzXML	25.0	5210.6	0.0	0.0	[0.0..0.0]	[0.0..0.0]	[0.99..0.99]	[5158.494..5158.494]	[0.331..0.331]	[0.1..0.11]	[0.99..0.99]	[5158.494..5158.494]	[0.331..0.331]	[0.102..0.111]	0.9730279	[5019.3584..5019.3584]
Group-1	PG 30:1:0	227.2	240116_PG_FTMSMS-_3.mzXML	30.0	6588.0	0.0	0.0	[0.0..0.0]	[1.0..1.0]	[1.029..1.029]	[6779.052..6779.052]	[0.332..0.332]	[0.1..0.11]	[1.029..1.029]	[6779.0522..6779.0522]	[0.332..0.332]	[0.102..0.111]	0.9730279	[6596.207..6596.207]
Group-1	PG 30:1:0	227.2	240116_PG_FTMSMS-_3.mzXML	35.0	6869.2	0.0	0.0	[0.0..0.0]	[0.0..1.0]	[1.016..1.044]	[6979.108..7171.446]	[0.328..0.329]	[0.1..0.11]	[1.019..1.019]	[6999.7153..6999.7153]	[0.323..0.323]	[0.102..0.111]	0.9730279	[6790.866..6978.016]
Group-1	PG 30:1:0	253.22	240116_PG_FTMSMS-_3.mzXML	25.0	10285.0	0.0	0.0	[9.0..9.0]	[1.0..1.0]	[1.014..1.014]	[10428.99..10428.99]	[0.669..0.669]	[0.89..0.9]	[1.014..1.014]	[10428.99..10428.99]	[0.669..0.669]	[0.889..0.898]	0.9730279	[10147.698..10147.698]
Group-1	PG 30:1:0	253.22	240116_PG_FTMSMS-_3.mzXML	30.0	13921.1	0.0	0.0	[9.0..9.0]	[0.0..0.0]	[0.979..0.979]	[13628.756..13628.756]	[0.668..0.668]	[0.89..0.9]	[0.979..0.979]	[13628.756..13628.756]	[0.668..0.668]	[0.889..0.898]	0.9730279	[13261.16..13261.16]
Group-1	PG 30:1:0	253.22	240116_PG_FTMSMS-_3.mzXML	35.0	14407.2	0.0	0.0	[9.0..9.0]	[0.0..1.0]	[0.99..1.021]	[14263.128..14709.752]	[0.671..0.672]	[0.89..0.9]	[1.018..1.018]	[14666.53..14666.53]	[0.677..0.677]	[0.889..0.898]	0.9730279	[13878.422..14312.999]
Group-1	PG 30:1:0	255.23	240116_PG_FTMSMS-_3.mzXML	25.0	7652.2	0.0	0.0	[0.0..0.0]	[0.0..1.0]	[1.0..1.0]	[7652.2..7652.2]	[0.523..0.525]	[0.55..0.69]	[1.0..1.0]	[7652.2..7652.2]	[0.524..0.525]	[0.553..0.694]	0.9730279	[7445.804..7445.804]
Group-1	PG 30:1:0	255.23	240116_PG_FTMSMS-_3.mzXML	30.0	11566.1	0.0	0.0	[0.0..0.0]	[0.0..1.0]	[1.0..1.0]	[11566.1..11566.1]	[0.538..0.542]	[0.55..0.69]	[1.0..1.0]	[11566.1..11566.1]	[0.54..0.541]	[0.553..0.694]	0.9730279	[11254.138..11254.138]
Group-1	PG 30:1:0	255.23	240116_PG_FTMSMS-_3.mzXML	35.0	14422.3	0.0	0.0	[0.0..0.0]	[0.0..1.0]	[1.0..1.0]	[14422.3..14422.3]	[0.578..0.584]	[0.55..0.69]	[1.0..1.0]	[14422.3..14422.3]	[0.581..0.582]	[0.553..0.694]	0.9730279	[14033.3..14033.3]
Group-1	PG 30:1:0	281.25	240116_PG_FTMSMS-_3.mzXML	25.0	2830.9	0.0	0.0	[9.0..9.0]	[1.0..1.0]	[0.958..0.958]	[2712.002..2712.002]	[0.775..0.775]	[1.0..1.0]	[0.958..0.958]	[2712.0022..2712.0022]	[0.775..0.775]	[1.0..1.0]	0.9730279	[2638.8535..2638.8535]
Group-1	PG 30:1:0	281.25	240116_PG_FTMSMS-_3.mzXML	30.0	4567.5	0.0	0.0	[9.0..9.0]	[0.0..0.0]	[0.911..0.911]	[4160.993..4160.993]	[0.806..0.806]	[1.0..1.0]	[0.911..0.911]	[4160.9927..4160.9927]	[0.806..0.806]	[1.0..1.0]	0.9730279	[4048.7617..4048.7617]
Group-1	PG 30:1:0	281.25	240116_PG_FTMSMS-_3.mzXML	35.0	5088.6	0.0	0.0	[9.0..9.0]	[0.0..1.0]	[0.912..0.936]	[4640.803..4762.93]	[0.838..0.843]	[1.0..1.0]	[0.936..0.936]	[4762.9297..4762.9297]	[0.847..0.847]	[1.0..1.0]	0.9730279	[4515.631..4634.4634]
Group-1	PG 31:0:0	227.2	240116_PG_FTMSMS-_3.mzXML	25.0	533.1	0.0	0.0	[0.0..0.0]	[0.0..1.0]	[0.99..1.002]	[527.769..534.166]	[0.523..0.525]	[0.55..0.74]	[0.997..0.999]	[531.5007..532.5669]	[0.524..0.525]	[0.553..0.736]	0.9540769	[503.5322..509.6356]
Group-1	PG 31:0:0	227.2	240116_PG_FTMSMS-_3.mzXML	30.0	989.4	0.0	0.0	[0.0..0.0]	[0.0..1.0]	[1.012..1.029]	[1001.273..1018.093]	[0.595..0.598]	[0.55..0.74]	[1.021..1.025]	[1010.1774..1014.135]	[0.597..0.598]	[0.553..0.736]	0.9540769	[955.2912..971.3387]
Group-1	PG 31:0:0	227.2	240116_PG_FTMSMS-_3.mzXML	35.0	1111.7	0.0	0.0	[0.0..0.0]	[0.0..1.0]	[1.016..1.044]	[1129.487..1160.615]	[0.597..0.602]	[0.55..0.74]	[1.031..1.037]	[1146.1627..1152.8328]	[0.6..0.601]	[0.553..0.736]	0.9540769	[1077.6176..1107.3157]
Group-1	PG 31:0:0	241.22	240116_PG_FTMSMS-_3.mzXML	25.0	15576.8	0.0	0.0	[0.0..0.0]	[0.0..1.0]	[0.995..1.0]	[15498.916..15576.8]	[0.142..0.143]	[0.0..0.0]	[0.995..0.995]	[15498.916..15498.916]	[0.142..0.142]	[0.0..0.0]	0.9540769	[14787.157..14861.465]
Group-1	PG 31:0:0	241.22	240116_PG_FTMSMS-_3.mzXML	30.0	23167.7	0.0	0.0	[0.0..0.0]	[0.0..1.0]	[1.006..1.014]	[23306.707..23492.049]	[0.138..0.138]	[0.0..0.0]	[1.006..1.006]	[23306.707..23306.707]	[0.138..0.138]	[0.0..0.0]	0.9540769	[22236.389..22413.219]
Group-1	PG 31:0:0	241.22	240116_PG_FTMSMS-_3.mzXML	35.0	22846.7	0.0	0.0	[0.0..0.0]	[0.0..1.0]	[1.009..1.021]	[23052.318..23326.48]	[0.132..0.133]	[0.0..0.0]	[1.009..1.009]	[23052.318..23052.318]	[0.132..0.132]	[0.0..0.0]	0.9540769	[21993.684..22255.256]
Group-1	PG 31:0:0	255.23	240116_PG_FTMSMS-_3.mzXML	25.0	93280.3	0.0	0.0	[0.0..0.0]	[0.0..1.0]	[1.0..1.0]	[93280.3..93280.3]	[0.857..0.858]	[1.0..1.0]	[1.0..1.0]	[93280.3..93280.3]	[0.858..0.858]	[1.0..1.0]	0.9540769	[88996.58..88996.58]
Group-1	PG 31:0:0	255.23	240116_PG_FTMSMS-_3.mzXML	30.0	146133.1	0.0	0.0	[0.0..0.0]	[0.0..1.0]	[1.0..1.0]	[146133.1..146133.1]	[0.862..0.862]	[1.0..1.0]	[1.0..1.0]	[146133.1..146133.1]	[0.862..0.862]	[1.0..1.0]	0.9540769	[139422.2..139422.2]
Group-1	PG 31:0:0	255.23	240116_PG_FTMSMS-_3.mzXML	35.0	151502.6	0.0	0.0	[0.0..0.0]	[0.0..1.0]	[1.0..1.0]	[151502.6..151502.6]	[0.867..0.868]	[1.0..1.0]	[1.0..1.0]	[151502.6..151502.6]	[0.868..0.868]	[1.0..1.0]	0.9540769	[144545.12..144545.12]
Group-1	PG 31:0:0	269.25	240116_PG_FTMSMS-_3.mzXML	25.0	481.2	0.0	0.0	[0.0..0.0]	[0.0..1.0]	[1.001..1.004]	[481.681..483.125]	[0.475..0.477]	[0.26..0.45]	[1.002..1.002]	[482.1624..482.1624]	[0.475..0.476]	[0.264..0.447]	0.9540769	[459.56094..460.9382]
Group-1	PG 31:0:0	269.25	240116_PG_FTMSMS-_3.mzXML	30.0	689.8	0.0	0.0	[0.0..0.0]	[0.0..1.0]	[0.987..0.993]	[680.833..684.971]	[0.402..0.405]	[0.26..0.45]	[0.989..0.99]	[682.2122..682.902]	[0.402..0.403]	[0.264..0.447]	0.9540769	[649.56665..653.5154]
Group-1	PG 31:0:0	269.25	240116_PG_FTMSMS-_3.mzXML	35.0	776.7	0.0	0.0	[0.0..0.0]	[0.0..1.0]	[0.981..0.989]	[761.943..768.156]	[0.398..0.403]	[0.26..0.45]	[0.983..0.985]	[763.4961..765.0495]	[0.399..0.4]	[0.264..0.447]	0.9540769	[726.95197..732.88025]
Group-1	PG 32:0:0	227.2	240116_PG_FTMSMS-_3.mzXML	25.0	8840.6	0.0	0.0	[0.0..0.0]	[0.0..1.0]	[0.99..1.002]	[8752.193..8858.28]	[0.473..0.474]	[0.22..0.54]	[0.993..0.996]	[8778.715..8805.237]	[0.473..0.473]	[0.218..0.544]	0.9381556	[8210.92..8310.446]
Group-1	PG 32:0:0	227.2	240116_PG_FTMSMS-_3.mzXML	30.0	7415.7	0.0	0.0	[0.0..0.0]	[0.0..1.0]	[1.012..1.029]	[7504.689..7630.756]	[0.378..0.38]	[0.22..0.54]	[1.016..1.021]	[7534.3516..7571.43]	[0.378..0.378]	[0.218..0.544]	0.9381556	[7040.5654..7158.8364]
Group-1	PG 32:0:0	227.2	240116_PG_FTMSMS-_3.mzXML	35.0	12950.4	0.0	0.0	[0.0..0.0]	[0.0..1.0]	[1.016..1.044]	[13157.607..13520.219]	[0.515..0.519]	[0.22..0.54]	[1.022..1.031]	[13235.309..13351.863]	[0.515..0.516]	[0.218..0.544]	0.9381556	[12343.883..12684.068]
Group-1	PG 32:0:0	255.23	240116_PG_FTMSMS-_3.mzXML	25.0	2050042.8	0.0	0.0	[0.0..0.0]	[0.5..0.5]	[1.0..1.0]	[2050042.8..2050042.8]	[0.5..0.5]	[0.5..0.5]	[1.0..1.0]	[2050042.8..2050042.8]	[0.5..0.5]	[0.5..0.5]	0.9381556	[1923259.1..1923259.1]
Group-1	PG 32:0:0	255.23	240116_PG_FTMSMS-_3.mzXML	30.0	2875805.8	0.0	0.0	[0.0..0.0]	[0.5..0.5]	[1.0..1.0]	[2875805.8..2875805.8]	[0.5..0.5]	[0.5..0.5]	[1.0..1.0]	[2875805.8..2875805.8]	[0.5..0.5]	[0.5..0.5]	0.9381556	[2697953.2..2697953.2]
Group-1	PG 32:0:0	255.23	240116_PG_FTMSMS-_3.mzXML	35.0	2981167.2	0.0	0.0	[0.0..0.0]	[0.5..0.5]	[1.0..1.0]	[2981167.2..2981167.2]	[0.5..0.5]	[0.5..0.5]	[1.0..1.0]	[2981167.2..2981167.2]	[0.5..0.5]	[0.5..0.5]	0.9381556	[2796798.8..2796798.8]
Group-1	PG 32:0:0	283.26	240116_PG_FTMSMS-_3.mzXML	25.0	9734.2	0.0	0.0	[0.0..0.0]	[0.0..1.0]	[1.002..1.009]	[9753.668..9821.808]	[0.526..0.527]	[0.46..0.78]	[1.005..1.007]	[9782.871..9802.339]	[0.527..0.527]	[0.456..0.782]	0.9381556	[9150.458..9214.384]
Group-1	PG 32:0:0	283.26	240116_PG_FTMSMS-_3.mzXML	30.0	12663.3	0.0	0.0	[0.0..0.0]	[0.0..1.0]	[0.976..0.985]	[12359.381..12473.351]	[0.62..0.622]	[0.46..0.78]	[0.98..0.983]	[12410.034..12448.023]	[0.622..0.622]	[0.456..0.782]	0.9381556	[11595.022..11701.943]
Group-1	PG 32:0:0	283.26	240116_PG_FTMSMS-_3.mzXML	35.0	12857.3	0.0	0.0	[0.0..0.0]	[0.0..1.0]	[0.963..0.976]	[12381.58..12548.725]	[0.481..0.485]	[0.46..0.78]	[0.969..0.973]	[12458.724..12510.152]	[0.484..0.485]	[0.456..0.782]	0.9381556	[11615.848..11772.656]
Group-1	PG 32:1:0	227.2	240116_PG_FTMSMS-_3.mzXML	25.0	138945.8	0.0	0.0	[0.0..0.0]	[0.0..0.0]	[0.99..0.99]	[137556.34..137556.34]	[0.226..0.226]	[0.0..0.0]	[0.99..0.99]	[137556.34..137556.34]	[0.226..0.226]	[0.0..0.0]	0.9404044	[129358.59..129358.59]
Group-1	PG 32:1:0	227.2	240116_PG_FTMSMS-_3.mzXML	30.0	211170.3	0.0	0.0	[0.0..0.0]	[0.0..0.0]	[1.012..1.012]	[213704.34..213704.34]	[0.25..0.25]	[0.0..0.0]	[1.012..1.012]	[213704.33..213704.33]	[0.25..0.25]	[0.0..0.0]	0.9404044	[200968.5..200968.5]
Group-1	PG 32:1:0	227.2	240116_PG_FTMSMS-_3.mzXML	35.0	210708.6	0.0	0.0	[0.0..0.0]	[0.0..0.0]	[1.016..1.016]	[214079.94..214079.94]	[0.255..0.255]	[0.0..0.0]	[1.016..1.016]	[214079.94..214079.94]	[0.255..0.255]	[0.0..0.0]	0.9404044	[201321.72..201321.72]
Group-1	PG 32:1:0	253.22	240116_PG_FTMSMS-_3.mzXML	25.0	2159461.0	0.0	0.0	[9.0..9.0]	[0.0..1.0]	[0.97..1.014]	[2094677.2..2189693.5]	[0.716..0.725]	[0.97..1.0]	[1.013..1.014]	[2187534.0..2189693.5]	[0.725..0.725]	[0.974..1.0]	0.9404044	[1969843.6..2059197.5]
Group-1	PG 32:1:0	253.22	240116_PG_FTMSMS-_3.mzXML	30.0	3200735.0	0.0	0.0	[9.0..9.0]	[0.0..1.0]	[0.979..1.013]	[3133519.5..3242344.5]	[0.708..0.715]	[0.97..1.0]	[1.012..1.013]	[3239143.8..3242344.5]	[0.715..0.715]	[0.974..1.0]	0.9404044	[2946775.5..3049115.0]
Group-1	PG 32:1:0	253.22	240116_PG_FTMSMS-_3.mzXML	35.0	3043936.5	0.0	0.0	[9.0..9.0]	[0.0..1.0]	[0.99..1.021]	[3013497.2..3107859.2]	[0.705..0.711]	[0.97..1.0]	[1.02..1.021]	[3104815.2..3107859.2]	[0.711..0.711]	[0.974..1.0]	0.9404044	[2833906.0..2922644.5]
Group-1	PG 32:1:0	255.23	240116_PG_FTMSMS-_3.mzXML	25.0	829416.2	0.0	0.0	[0.0..0.0]	[0.0..1.0]	[1.0..1.0]	[829416.2..829416.2]	[0.275..0.284]	[0.0..0.03]	[1.0..1.0]	[829416.2..829416.2]	[0.275..0.275]	[0.0..0.026]	0.9404044	[779986.6..779986.6]
Group-1	PG 32:1:0	255.23	240116_PG_FTMSMS-_3.mzXML	30.0	1291256.9	0.0	0.0	[0.0..0.0]	[0.0..1.0]	[1.0..1.0]	[1291256.9..1291256.9]	[0.285..0.292]	[0.0..0.03]	[1.0..1.0]	[1291256.9..1291256.9]	[0.285..0.285]	[0.0..0.026]	0.9404044	[1214303.6..1214303.6]
Group-1	PG 32:1:0	255.23	240116_PG_FTMSMS-_3.mzXML	35.0	1263105.2	0.0	0.0	[0.0..0.0]	[0.0..1.0]	[1.0..1.0]	[1263105.2..1263105.2]	[0.289..0.295]	[0.0..0.03]	[1.0..1.0]	[1263105.2..1263105.2]	[0.289..0.289]	[0.0..0.026]	0.9404044	[1187829.8..1187829.8]
Group-1	PG 32:1:0	281.25	240116_PG_FTMSMS-_3.mzXML	25.0	491532.2	0.0	0.0	[9.0..9.0]	[1.0..1.0]	[0.958..0.958]	[470887.84..470887.84]	[0.774..0.774]	[1.0..1.0]	[0.958..0.958]	[470887.84..470887.84]	[0.774..0.774]	[1.0..1.0]	0.9404044	[442825.0..442825.0]
Group-1	PG 32:1:0	281.25	240116_PG_FTMSMS-_3.mzXML	30.0	683067.4	0.0	0.0	[9.0..9.0]	[1.0..1.0]	[0.937..0.937]	[640034.1..640034.1]	[0.75..0.75]	[1.0..1.0]	[0.937..0.937]	[640034.1..640034.1]	[0.75..0.75]	[1.0..1.0]	0.9404044	[601890.9..601890.9]
Group-1	PG 32:1:0	281.25	240116_PG_FTMSMS-_3.mzXML	35.0	667944.7	0.0	0.0	[9.0..9.0]	[1.0..1.0]	[0.936..0.936]	[625196.25..625196.25]	[0.745..0.745]	[1.0..1.0]	[0.936..0.936]	[625196.25..625196.25]	[0.745..0.745]	[1.0..1.0]	0.9404044	[587937.25..587937.25]
Group-1	PG 32:2:0	225.19	240116_PG_FTMSMS-_3.mzXML	25.0	1933.0	0.0	0.0	[7.0..7.0]	[0.0..0.0]	[0.962..0.962]	[1859.546..1859.546]	[0.21..0.21]	[0.0..0.0]	[0.962..0.962]	[1859.546..1859.546]	[0.21..0.21]	[0.0..0.0]	0.9426762	[1752.9498..1752.9498]
Group-1	PG 32:2:0	225.19	240116_PG_FTMSMS-_3.mzXML	30.0	2713.3	0.0	0.0	[7.0..7.0]	[1.0..1.0]	[0.996..0.996]	[2702.447..2702.447]	[0.232..0.232]	[0.0..0.0]	[0.996..0.996]	[2702.4468..2702.4468]	[0.232..0.232]	[0.0..0.0]	0.9426762	[2547.5325..2547.5325]
Group-1	PG 32:2:0	225.19	240116_PG_FTMSMS-_3.mzXML	35.0	2717.2	0.0	0.0	[7.0..7.0]	[0.0..1.0]	[1.026..1.055]	[2787.847..2866.646]	[0.213..0.214]	[0.0..0.0]	[1.026..1.026]	[2787.8472..2787.8472]	[0.209..0.209]	[0.0..0.0]	0.9426762	[2628.037..2702.3188]
Group-1	PG 32:2:0	227.2	240116_PG_FTMSMS-_3.mzXML	25.0	52320.9	0.0	0.0	[0.0..0.0]	[0.0..0.0]	[0.99..0.99]	[51797.69..51797.69]	[0.246..0.246]	[0.0..0.0]	[0.99..0.99]	[51797.69..51797.69]	[0.246..0.246]	[0.0..0.0]	0.9426762	[48828.45..48828.45]
Group-1	PG 32:2:0	227.2	240116_PG_FTMSMS-_3.mzXML	30.0	72287.2	0.0	0.0	[0.0..0.0]	[0.0..0.0]	[1.012..1.012]	[73154.65..73154.65]	[0.259..0.259]	[0.0..0.0]	[1.012..1.012]	[73154.65..73154.65]	[0.259..0.259]	[0.0..0.0]	0.9426762	[68961.14..68961.14]
Group-1	PG 32:2:0	227.2	240116_PG_FTMSMS-_3.mzXML	35.0	74931.1	0.0	0.0	[0.0..0.0]	[0.0..0.0]	[1.016..1.016]	[76130.0..76130.0]	[0.265..0.265]	[0.0..0.0]	[1.016..1.016]	[76130.0..76130.0]	[0.265..0.265]	[0.0..0.0]	0.9426762	[71765.94..71765.94]
Group-1	PG 32:2:0	251.2	240116_PG_FTMSMS-_3.mzXML	25.0	23756.4	0.0	0.0	[9.0..9.0]	[0.0..1.0]	[0.967..0.996]	[22972.44..23661.377]	[0.625..0.632]	[0.53..0.8]	[0.982..0.99]	[23328.785..23518.836]	[0.629..0.631]	[0.532..0.804]	0.9426762	[21655.572..22305.016]
Group-1	PG 32:2:0	251.2	240116_PG_FTMSMS-_3.mzXML	30.0	26146.0	0.0	0.0	[9.0..9.0]	[0.0..1.0]	[1.012..1.03]	[26459.752..26930.379]	[0.576..0.58]	[0.53..0.8]	[1.022..1.026]	[26721.21..26825.797]	[0.578..0.579]	[0.532..0.804]	0.9426762	[24942.977..25386.627]
Group-1	PG 32:2:0	251.2	240116_PG_FTMSMS-_3.mzXML	35.0	20259.1	0.0	0.0	[9.0..9.0]	[0.0..1.0]	[1.088..1.098]	[22041.902..22244.492]	[0.514..0.517]	[0.53..0.8]	[1.093..1.096]	[22143.197..22203.973]	[0.516..0.516]	[0.532..0.804]	0.9426762	[20778.377..20969.354]
Group-1	PG 32:2:0	253.22	240116_PG_FTMSMS-_3.mzXML	25.0	63630.3	0.0	0.0	[9.0..9.0]	[0.5..0.5]	[0.974..0.974]	[61975.91..61975.91]	[0.5..0.5]	[0.5..0.5]	[0.974..0.974]	[61975.91..61975.91]	[0.5..0.5]	[0.5..0.5]	0.9426762	[58423.215..58423.215]
Group-1	PG 32:2:0	253.22	240116_PG_FTMSMS-_3.mzXML	30.0	85441.4	0.0	0.0	[9.0..9.0]	[0.5..0.5]	[0.979..0.979]	[83647.125..83647.125]	[0.5..0.5]	[0.5..0.5]	[0.979..0.979]	[83647.125..83647.125]	[0.5..0.5]	[0.5..0.5]	0.9426762	[78852.16..78852.16]
Group-1	PG 32:2:0	253.22	240116_PG_FTMSMS-_3.mzXML	35.0	85130.9	0.0	0.0	[9.0..9.0]	[0.5..0.5]	[0.988..0.988]	[84109.33..84109.33]	[0.5..0.5]	[0.5..0.5]	[0.988..0.988]	[84109.33..84109.33]	[0.5..0.5]	[0.5..0.5]	0.9426762	[79287.85..79287.85]
Group-1	PG 32:2:0	255.23	240116_PG_FTMSMS-_3.mzXML	25.0	13761.9	0.0	0.0	[0.0..0.0]	[0.0..1.0]	[1.0..1.0]	[13761.9..13761.9]	[0.368..0.375]	[0.2..0.47]	[1.0..1.0]	[13761.9..13761.9]	[0.369..0.371]	[0.196..0.468]	0.9426762	[12973.016..12973.016]
Group-1	PG 32:2:0	255.23	240116_PG_FTMSMS-_3.mzXML	30.0	19503.4	0.0	0.0	[0.0..0.0]	[0.0..1.0]	[1.0..1.0]	[19503.4..19503.4]	[0.42..0.424]	[0.2..0.47]	[1.0..1.0]	[19503.4..19503.4]	[0.421..0.422]	[0.196..0.468]	0.9426762	[18385.39..18385.39]
Group-1	PG 32:2:0	255.23	240116_PG_FTMSMS-_3.mzXML	35.0	20799.7	0.0	0.0	[0.0..0.0]	[0.0..1.0]	[1.0..1.0]	[20799.7..20799.7]	[0.483..0.486]	[0.2..0.47]	[1.0..1.0]	[20799.7..20799.7]	[0.484..0.484]	[0.196..0.468]	0.9426762	[19607.38..19607.38]
Group-1	PG 32:2:0	279.23	240116_PG_FTMSMS-_3.mzXML	25.0	167654.1	0.0	0.0	[9.0..9.0]	[1.0..1.0]	[0.946..0.946]	[158600.77..158600.77]	[0.754..0.754]	[1.0..1.0]	[0.946..0.946]	[158600.77..158600.77]	[0.754..0.754]	[1.0..1.0]	0.9426762	[149509.16..149509.16]
Group-1	PG 32:2:0	279.23	240116_PG_FTMSMS-_3.mzXML	30.0	218381.9	0.0	0.0	[9.0..9.0]	[1.0..1.0]	[0.957..0.957]	[208991.48..208991.48]	[0.741..0.741]	[1.0..1.0]	[0.957..0.957]	[208991.48..208991.48]	[0.741..0.741]	[1.0..1.0]	0.9426762	[197011.3..197011.3]
Group-1	PG 32:2:0	279.23	240116_PG_FTMSMS-_3.mzXML	35.0	208611.6	0.0	0.0	[9.0..9.0]	[1.0..1.0]	[1.01..1.01]	[210697.7..210697.7]	[0.735..0.735]	[1.0..1.0]	[1.01..1.01]	[210697.7..210697.7]	[0.735..0.735]	[1.0..1.0]	0.9426762	[198619.72..198619.72]
Group-1	PG 32:2:0	281.25	240116_PG_FTMSMS-_3.mzXML	25.0	7293.2	0.0	0.0	[9.0..9.0]	[1.0..1.0]	[0.958..0.958]	[6986.886..6986.886]	[0.79..0.79]	[1.0..1.0]	[0.958..0.958]	[6986.8857..6986.8857]	[0.79..0.79]	[1.0..1.0]	0.9426762	[6586.3706..6586.3706]
Group-1	PG 32:2:0	281.25	240116_PG_FTMSMS-_3.mzXML	30.0	9830.9	0.0	0.0	[9.0..9.0]	[0.0..0.0]	[0.911..0.911]	[8955.95..8955.95]	[0.768..0.768]	[1.0..1.0]	[0.911..0.911]	[8955.95..8955.95]	[0.768..0.768]	[1.0..1.0]	0.9426762	[8442.561..8442.561]
Group-1	PG 32:2:0	281.25	240116_PG_FTMSMS-_3.mzXML	35.0	11269.2	0.0	0.0	[9.0..9.0]	[0.0..1.0]	[0.912..0.936]	[10277.511..10547.972]	[0.786..0.787]	[1.0..1.0]	[0.936..0.936]	[10547.972..10547.972]	[0.791..0.791]	[1.0..1.0]	0.9426762	[9688.365..9943.321]
Group-1	PG 33:0:0	241.22	240116_PG_FTMSMS-_3.mzXML	25.0	1675.7	0.0	0.0	[0.0..0.0]	[0.0..1.0]	[0.995..1.0]	[1667.321..1675.7]	[0.234..0.234]	[0.0..0.0]	[0.995..0.995]	[1667.3214..1667.3214]	[0.233..0.233]	[0.0..0.0]	0.9227879	[1538.5841..1546.3157]
Group-1	PG 33:0:0	241.22	240116_PG_FTMSMS-_3.mzXML	30.0	2884.0	0.0	0.0	[0.0..0.0]	[0.0..1.0]	[1.006..1.014]	[2901.304..2924.376]	[0.266..0.266]	[0.0..0.0]	[1.006..1.006]	[2901.3042..2901.3042]	[0.264..0.264]	[0.0..0.0]	0.9227879	[2677.2883..2698.5789]
Group-1	PG 33:0:0	241.22	240116_PG_FTMSMS-_3.mzXML	35.0	3193.9	0.0	0.0	[0.0..0.0]	[0.0..1.0]	[1.009..1.021]	[3222.645..3260.972]	[0.267..0.268]	[0.0..0.0]	[1.009..1.009]	[3222.6448..3222.6448]	[0.265..0.265]	[0.0..0.0]	0.9227879	[2973.8176..3009.1855]
Group-1	PG 33:0:0	255.23	240116_PG_FTMSMS-_3.mzXML	25.0	25564.5	0.0	0.0	[0.0..0.0]	[0.0..1.0]	[1.0..1.0]	[25564.5..25564.5]	[0.452..0.453]	[0.39..0.49]	[1.0..1.0]	[25564.5..25564.5]	[0.452..0.452]	[0.389..0.491]	0.9227879	[23590.611..23590.611]
Group-1	PG 33:0:0	255.23	240116_PG_FTMSMS-_3.mzXML	30.0	40901.5	0.0	0.0	[0.0..0.0]	[0.0..1.0]	[1.0..1.0]	[40901.5..40901.5]	[0.472..0.474]	[0.39..0.49]	[1.0..1.0]	[40901.5..40901.5]	[0.473..0.473]	[0.389..0.491]	0.9227879	[37743.41..37743.41]
Group-1	PG 33:0:0	255.23	240116_PG_FTMSMS-_3.mzXML	35.0	43937.1	0.0	0.0	[0.0..0.0]	[0.0..1.0]	[1.0..1.0]	[43937.1..43937.1]	[0.494..0.496]	[0.39..0.49]	[1.0..1.0]	[43937.1..43937.1]	[0.494..0.495]	[0.389..0.491]	0.9227879	[40544.625..40544.625]
Group-1	PG 33:0:0	269.25	240116_PG_FTMSMS-_3.mzXML	25.0	30859.3	0.0	0.0	[0.0..0.0]	[0.0..1.0]	[1.001..1.004]	[30890.162..30982.736]	[0.547..0.548]	[0.51..0.61]	[1.003..1.003]	[30951.879..30951.879]	[0.548..0.548]	[0.509..0.611]	0.9227879	[28505.068..28590.494]
Group-1	PG 33:0:0	269.25	240116_PG_FTMSMS-_3.mzXML	30.0	45990.4	0.0	0.0	[0.0..0.0]	[0.0..1.0]	[0.987..0.993]	[45392.523..45668.465]	[0.526..0.528]	[0.51..0.61]	[0.99..0.991]	[45530.496..45576.484]	[0.527..0.527]	[0.509..0.611]	0.9227879	[41887.67..42142.305]
Group-1	PG 33:0:0	269.25	240116_PG_FTMSMS-_3.mzXML	35.0	45578.0	0.0	0.0	[0.0..0.0]	[0.0..1.0]	[0.981..0.989]	[44712.02..45076.645]	[0.504..0.506]	[0.51..0.61]	[0.985..0.986]	[44894.332..44939.906]	[0.505..0.506]	[0.509..0.611]	0.9227879	[41259.71..41596.184]
Group-1	PG 33:0:0	283.26	240116_PG_FTMSMS-_3.mzXML	25.0	5439.1	0.0	0.0	[0.0..0.0]	[0.0..1.0]	[1.002..1.009]	[5449.978..5488.052]	[0.766..0.766]	[1.0..1.0]	[1.009..1.009]	[5488.052..5488.052]	[0.767..0.767]	[1.0..1.0]	0.9227879	[5029.174..5064.3076]
Group-1	PG 33:0:0	283.26	240116_PG_FTMSMS-_3.mzXML	30.0	8202.1	0.0	0.0	[0.0..0.0]	[0.0..1.0]	[0.976..0.985]	[8005.25..8079.069]	[0.734..0.734]	[1.0..1.0]	[0.985..0.985]	[8079.0684..8079.0684]	[0.736..0.736]	[1.0..1.0]	0.9227879	[7387.1475..7455.2666]
Group-1	PG 33:0:0	283.26	240116_PG_FTMSMS-_3.mzXML	35.0	9161.4	0.0	0.0	[0.0..0.0]	[0.0..1.0]	[0.963..0.976]	[8822.429..8941.527]	[0.732..0.733]	[1.0..1.0]	[0.976..0.976]	[8941.527..8941.527]	[0.735..0.735]	[1.0..1.0]	0.9227879	[8141.23..8251.133]
Group-1	PG 33:1:0	241.22	240116_PG_FTMSMS-_3.mzXML	25.0	60643.5	0.0	0.0	[0.0..0.0]	[0.0..0.0]	[0.995..0.995]	[60340.28..60340.28]	[0.172..0.172]	[0.0..0.0]	[0.995..0.995]	[60340.28..60340.28]	[0.172..0.172]	[0.0..0.0]	0.9249684	[55812.86..55812.86]
Group-1	PG 33:1:0	241.22	240116_PG_FTMSMS-_3.mzXML	30.0	82755.3	0.0	0.0	[0.0..0.0]	[1.0..1.0]	[1.014..1.014]	[83913.875..83913.875]	[0.176..0.176]	[0.0..0.0]	[1.014..1.014]	[83913.875..83913.875]	[0.176..0.176]	[0.0..0.0]	0.9249684	[77617.69..77617.69]
Group-1	PG 33:1:0	241.22	240116_PG_FTMSMS-_3.mzXML	35.0	88705.9	0.0	0.0	[0.0..0.0]	[0.0..1.0]	[1.009..1.021]	[89504.25..90568.73]	[0.178..0.18]	[0.0..0.0]	[1.009..1.009]	[89504.25..89504.25]	[0.176..0.176]	[0.0..0.0]	0.9249684	[82788.6..83773.21]
Group-1	PG 33:1:0	253.22	240116_PG_FTMSMS-_3.mzXML	25.0	12344.2	0.0	0.0	[9.0..9.0]	[0.0..1.0]	[0.97..1.014]	[11973.875..12517.02]	[0.678..0.687]	[0.91..1.0]	[1.01..1.014]	[12467.642..12517.02]	[0.687..0.687]	[0.91..1.0]	0.9249684	[11075.456..11577.848]
Group-1	PG 33:1:0	253.22	240116_PG_FTMSMS-_3.mzXML	30.0	18781.2	0.0	0.0	[9.0..9.0]	[0.0..1.0]	[0.979..1.013]	[18386.793..19025.355]	[0.679..0.685]	[0.91..1.0]	[1.01..1.013]	[18969.012..19025.355]	[0.686..0.687]	[0.91..1.0]	0.9249684	[17007.203..17597.852]
Group-1	PG 33:1:0	253.22	240116_PG_FTMSMS-_3.mzXML	35.0	18906.2	0.0	0.0	[9.0..9.0]	[0.0..1.0]	[0.99..1.021]	[18717.137..19303.23]	[0.743..0.747]	[0.91..1.0]	[1.018..1.021]	[19246.512..19303.23]	[0.748..0.749]	[0.91..1.0]	0.9249684	[17312.76..17854.877]
Group-1	PG 33:1:0	255.23	240116_PG_FTMSMS-_3.mzXML	25.0	94341.5	0.0	0.0	[0.0..0.0]	[0.0..0.0]	[1.0..1.0]	[94341.51..94341.51]	[0.324..0.324]	[0.09..0.18]	[1.0..1.0]	[94341.5..94341.5]	[0.324..0.324]	[0.094..0.183]	0.9249684	[87262.91..87262.91]
Group-1	PG 33:1:0	255.23	240116_PG_FTMSMS-_3.mzXML	30.0	137111.7	0.0	0.0	[0.0..0.0]	[0.0..0.0]	[1.0..1.0]	[137111.7..137111.7]	[0.346..0.346]	[0.09..0.18]	[1.0..1.0]	[137111.7..137111.7]	[0.346..0.346]	[0.094..0.183]	0.9249684	[126823.99..126823.99]
Group-1	PG 33:1:0	255.23	240116_PG_FTMSMS-_3.mzXML	35.0	143661.6	0.0	0.0	[0.0..0.0]	[0.0..0.0]	[1.0..1.0]	[143661.6..143661.6]	[0.363..0.363]	[0.09..0.18]	[1.0..1.0]	[143661.6..143661.6]	[0.363..0.363]	[0.094..0.183]	0.9249684	[132882.44..132882.44]
Group-1	PG 33:1:0	267.23	240116_PG_FTMSMS-_3.mzXML	25.0	200383.0	0.0	0.0	[9.0..9.0]	[1.0..1.0]	[0.983..0.983]	[196976.48..196976.48]	[0.676..0.676]	[0.82..0.91]	[0.983..0.983]	[196976.48..196976.48]	[0.676..0.676]	[0.817..0.906]	0.9249684	[182197.03..182197.03]
Group-1	PG 33:1:0	267.23	240116_PG_FTMSMS-_3.mzXML	30.0	266952.5	0.0	0.0	[9.0..9.0]	[1.0..1.0]	[0.972..0.972]	[259477.83..259477.83]	[0.654..0.654]	[0.82..0.91]	[0.972..0.972]	[259477.83..259477.83]	[0.654..0.654]	[0.817..0.906]	0.9249684	[240008.8..240008.8]
Group-1	PG 33:1:0	267.23	240116_PG_FTMSMS-_3.mzXML	35.0	258735.6	0.0	0.0	[9.0..9.0]	[1.0..1.0]	[0.976..0.976]	[252525.94..252525.94]	[0.637..0.637]	[0.82..0.91]	[0.976..0.976]	[252525.94..252525.94]	[0.637..0.637]	[0.817..0.906]	0.9249684	[233578.52..233578.52]
Group-1	PG 33:1:0	269.25	240116_PG_FTMSMS-_3.mzXML	25.0	5685.9	0.0	0.0	[0.0..0.0]	[0.0..1.0]	[1.001..1.004]	[5691.586..5708.643]	[0.313..0.322]	[0.0..0.09]	[1.001..1.001]	[5691.586..5691.586]	[0.313..0.313]	[0.0..0.09]	0.9249684	[5264.5376..5280.3145]
Group-1	PG 33:1:0	269.25	240116_PG_FTMSMS-_3.mzXML	30.0	8792.5	0.0	0.0	[0.0..0.0]	[0.0..1.0]	[0.987..0.993]	[8678.197..8730.952]	[0.315..0.321]	[0.0..0.09]	[0.987..0.988]	[8678.197..8686.99]	[0.313..0.314]	[0.0..0.09]	0.9249684	[8027.0586..8075.855]
Group-1	PG 33:1:0	269.25	240116_PG_FTMSMS-_3.mzXML	35.0	6598.0	0.0	0.0	[0.0..0.0]	[0.0..1.0]	[0.981..0.989]	[6472.638..6525.423]	[0.253..0.257]	[0.0..0.09]	[0.981..0.982]	[6472.638..6479.236]	[0.251..0.252]	[0.0..0.09]	0.9249684	[5986.9854..6035.809]
Group-1	PG 33:1:0	281.25	240116_PG_FTMSMS-_3.mzXML	25.0	302477.5	0.0	0.0	[9.0..9.0]	[1.0..1.0]	[0.958..0.958]	[289773.44..289773.44]	[0.828..0.828]	[1.0..1.0]	[0.958..0.958]	[289773.44..289773.44]	[0.828..0.828]	[1.0..1.0]	0.9249684	[268031.28..268031.28]
Group-1	PG 33:1:0	281.25	240116_PG_FTMSMS-_3.mzXML	30.0	431185.6	0.0	0.0	[9.0..9.0]	[0.0..0.0]	[0.911..0.911]	[392810.1..392810.1]	[0.824..0.824]	[1.0..1.0]	[0.911..0.911]	[392810.1..392810.1]	[0.824..0.824]	[1.0..1.0]	0.9249684	[363336.94..363336.94]
Group-1	PG 33:1:0	281.25	240116_PG_FTMSMS-_3.mzXML	35.0	446383.1	0.0	0.0	[9.0..9.0]	[0.0..1.0]	[0.912..0.936]	[407101.38..417814.56]	[0.82..0.822]	[1.0..1.0]	[0.936..0.936]	[417814.56..417814.56]	[0.824..0.824]	[1.0..1.0]	0.9249684	[376555.9..386465.28]
Group-1	PG 33:2:0	239.2	240116_PG_FTMSMS-_3.mzXML	25.0	1717.5	0.0	0.0	[7.0..7.0]	[0.0..0.0]	[0.944..0.944]	[1621.32..1621.32]	[0.015..0.015]	[0.0..0.0]	[0.944..0.944]	[1621.3201..1621.3201]	[0.015..0.015]	[0.0..0.0]	0.92714924	[1503.2056..1503.2056]
Group-1	PG 33:2:0	239.2	240116_PG_FTMSMS-_3.mzXML	30.0	2271.9	0.0	0.0	[7.0..7.0]	[0.0..0.0]	[0.981..0.981]	[2228.734..2228.734]	[0.014..0.014]	[0.0..0.0]	[0.981..0.981]	[2228.734..2228.734]	[0.014..0.014]	[0.0..0.0]	0.92714924	[2066.369..2066.369]
Group-1	PG 33:2:0	239.2	240116_PG_FTMSMS-_3.mzXML	35.0	1832.9	0.0	0.0	[7.0..7.0]	[0.0..0.0]	[1.019..1.019]	[1867.725..1867.725]	[0.012..0.012]	[0.0..0.0]	[1.019..1.019]	[1867.7252..1867.7252]	[0.012..0.012]	[0.0..0.0]	0.92714924	[1731.66..1731.66]
Group-1	PG 33:2:0	241.22	240116_PG_FTMSMS-_3.mzXML	25.0	44166.6	0.0	0.0	[0.0..0.0]	[0.0..0.0]	[0.995..0.995]	[43945.77..43945.77]	[0.153..0.153]	[0.0..0.0]	[0.995..0.995]	[43945.77..43945.77]	[0.153..0.153]	[0.0..0.0]	0.92714924	[40744.285..40744.285]
Group-1	PG 33:2:0	241.22	240116_PG_FTMSMS-_3.mzXML	30.0	62464.8	0.0	0.0	[0.0..0.0]	[0.0..0.0]	[1.006..1.006]	[62839.594..62839.594]	[0.154..0.154]	[0.0..0.0]	[1.006..1.006]	[62839.594..62839.594]	[0.154..0.154]	[0.0..0.0]	0.92714924	[58261.68..58261.68]
Group-1	PG 33:2:0	241.22	240116_PG_FTMSMS-_3.mzXML	35.0	63106.7	0.0	0.0	[0.0..0.0]	[0.0..0.0]	[1.009..1.009]	[63674.656..63674.656]	[0.155..0.155]	[0.0..0.0]	[1.009..1.009]	[63674.656..63674.656]	[0.155..0.155]	[0.0..0.0]	0.92714924	[59035.91..59035.91]
Group-1	PG 33:2:0	253.22	240116_PG_FTMSMS-_3.mzXML	25.0	5762.3	0.0	0.0	[9.0..9.0]	[0.0..0.0]	[0.97..0.97]	[5589.431..5589.431]	[0.545..0.545]	[0.6..0.75]	[0.97..0.97]	[5589.431..5589.431]	[0.545..0.545]	[0.604..0.754]	0.92714924	[5182.2363..5182.2363]
Group-1	PG 33:2:0	253.22	240116_PG_FTMSMS-_3.mzXML	30.0	8856.9	0.0	0.0	[9.0..9.0]	[1.0..1.0]	[1.013..1.013]	[8972.04..8972.04]	[0.61..0.61]	[0.6..0.75]	[1.013..1.013]	[8972.04..8972.04]	[0.61..0.61]	[0.604..0.754]	0.92714924	[8318.42..8318.42]
Group-1	PG 33:2:0	253.22	240116_PG_FTMSMS-_3.mzXML	35.0	7905.0	0.0	0.0	[9.0..9.0]	[0.0..1.0]	[0.99..1.021]	[7825.95..8071.006]	[0.546..0.547]	[0.6..0.75]	[1.009..1.013]	[7976.1445..8007.765]	[0.549..0.549]	[0.604..0.754]	0.92714924	[7255.8237..7483.0264]
Group-1	PG 33:2:0	255.23	240116_PG_FTMSMS-_3.mzXML	25.0	15318.9	0.0	0.0	[0.0..0.0]	[0.0..0.0]	[1.0..1.0]	[15318.9..15318.9]	[0.538..0.538]	[0.59..0.75]	[1.0..1.0]	[15318.9..15318.9]	[0.538..0.538]	[0.588..0.75]	0.92714924	[14202.907..14202.907]
Group-1	PG 33:2:0	255.23	240116_PG_FTMSMS-_3.mzXML	30.0	20008.6	0.0	0.0	[0.0..0.0]	[0.0..0.0]	[1.0..1.0]	[20008.6..20008.6]	[0.563..0.563]	[0.59..0.75]	[1.0..1.0]	[20008.6..20008.6]	[0.563..0.563]	[0.588..0.75]	0.92714924	[18550.957..18550.957]
Group-1	PG 33:2:0	255.23	240116_PG_FTMSMS-_3.mzXML	35.0	24315.3	0.0	0.0	[0.0..0.0]	[0.0..0.0]	[1.0..1.0]	[24315.3..24315.3]	[0.608..0.608]	[0.59..0.75]	[1.0..1.0]	[24315.3..24315.3]	[0.608..0.608]	[0.588..0.75]	0.92714924	[22543.912..22543.912]
Group-1	PG 33:2:0	265.22	240116_PG_FTMSMS-_3.mzXML	25.0	13538.3	0.0	0.0	[9.0..9.0]	[1.0..1.0]	[0.97..0.97]	[13132.151..13132.151]	[0.462..0.462]	[0.25..0.41]	[0.97..0.97]	[13132.151..13132.151]	[0.462..0.462]	[0.25..0.412]	0.92714924	[12175.464..12175.464]
Group-1	PG 33:2:0	265.22	240116_PG_FTMSMS-_3.mzXML	30.0	15632.7	0.0	0.0	[9.0..9.0]	[1.0..1.0]	[0.992..0.992]	[15507.639..15507.639]	[0.437..0.437]	[0.25..0.41]	[0.992..0.992]	[15507.639..15507.639]	[0.437..0.437]	[0.25..0.412]	0.92714924	[14377.895..14377.895]
Group-1	PG 33:2:0	265.22	240116_PG_FTMSMS-_3.mzXML	35.0	14928.1	0.0	0.0	[9.0..9.0]	[1.0..1.0]	[1.052..1.052]	[15704.361..15704.361]	[0.392..0.392]	[0.25..0.41]	[1.052..1.052]	[15704.361..15704.361]	[0.392..0.392]	[0.25..0.412]	0.92714924	[14560.287..14560.287]
Group-1	PG 33:2:0	267.23	240116_PG_FTMSMS-_3.mzXML	25.0	4755.5	0.0	0.0	[9.0..9.0]	[1.0..1.0]	[0.983..0.983]	[4674.656..4674.656]	[0.455..0.455]	[0.25..0.4]	[0.983..0.983]	[4674.6562..4674.6562]	[0.455..0.455]	[0.246..0.396]	0.92714924	[4334.104..4334.104]
Group-1	PG 33:2:0	267.23	240116_PG_FTMSMS-_3.mzXML	30.0	6100.8	0.0	0.0	[9.0..9.0]	[0.0..0.0]	[0.942..0.942]	[5746.953..5746.953]	[0.39..0.39]	[0.25..0.4]	[0.942..0.942]	[5746.953..5746.953]	[0.39..0.39]	[0.246..0.396]	0.92714924	[5328.2837..5328.2837]
Group-1	PG 33:2:0	267.23	240116_PG_FTMSMS-_3.mzXML	35.0	6854.0	0.0	0.0	[9.0..9.0]	[0.0..1.0]	[0.949..0.976]	[6504.446..6689.504]	[0.453..0.454]	[0.25..0.4]	[0.956..0.96]	[6552.424..6579.84]	[0.451..0.451]	[0.246..0.396]	0.92714924	[6030.592..6202.1685]
Group-1	PG 33:2:0	279.23	240116_PG_FTMSMS-_3.mzXML	25.0	257739.7	0.0	0.0	[9.0..9.0]	[1.0..1.0]	[0.946..0.946]	[243821.75..243821.75]	[0.847..0.847]	[1.0..1.0]	[0.946..0.946]	[243821.75..243821.75]	[0.847..0.847]	[1.0..1.0]	0.92714924	[226059.16..226059.16]
Group-1	PG 33:2:0	279.23	240116_PG_FTMSMS-_3.mzXML	30.0	360907.8	0.0	0.0	[9.0..9.0]	[1.0..1.0]	[0.957..0.957]	[345388.78..345388.78]	[0.846..0.846]	[1.0..1.0]	[0.957..0.957]	[345388.78..345388.78]	[0.846..0.846]	[1.0..1.0]	0.92714924	[320226.94..320226.94]
Group-1	PG 33:2:0	279.23	240116_PG_FTMSMS-_3.mzXML	35.0	344387.0	0.0	0.0	[9.0..9.0]	[1.0..1.0]	[1.01..1.01]	[347830.88..347830.88]	[0.845..0.845]	[1.0..1.0]	[1.01..1.01]	[347830.88..347830.88]	[0.845..0.845]	[1.0..1.0]	0.92714924	[322491.12..322491.12]
Group-1	PG 33:2:0	281.25	240116_PG_FTMSMS-_3.mzXML	25.0	114711.1	0.0	0.0	[9.0..9.0]	[1.0..1.0]	[0.958..0.958]	[109893.234..109893.234]	[0.985..0.985]	[1.0..1.0]	[0.958..0.958]	[109893.234..109893.234]	[0.985..0.985]	[1.0..1.0]	0.92714924	[101887.43..101887.43]
Group-1	PG 33:2:0	281.25	240116_PG_FTMSMS-_3.mzXML	30.0	165332.5	0.0	0.0	[9.0..9.0]	[1.0..1.0]	[0.937..0.937]	[154916.55..154916.55]	[0.986..0.986]	[1.0..1.0]	[0.937..0.937]	[154916.55..154916.55]	[0.986..0.986]	[1.0..1.0]	0.92714924	[143630.77..143630.77]
Group-1	PG 33:2:0	281.25	240116_PG_FTMSMS-_3.mzXML	35.0	164563.0	0.0	0.0	[9.0..9.0]	[1.0..1.0]	[0.936..0.936]	[154030.97..154030.97]	[0.988..0.988]	[1.0..1.0]	[0.936..0.936]	[154030.97..154030.97]	[0.988..0.988]	[1.0..1.0]	0.92714924	[142809.69..142809.69]
Group-1	PG 34:1:0	255.23	240116_PG_FTMSMS-_3.mzXML	25.0	2.8175354E7	0.0	0.0	[0.0..0.0]	[0.0..0.0]	[1.0..1.0]	[2.8175354E7..2.8175354E7]	[0.244..0.244]	[0.0..0.0]	[1.0..1.0]	[2.8175354E7..2.8175354E7]	[0.244..0.244]	[0.0..0.0]	0.9100603	[2.564127E7..2.564127E7]
Group-1	PG 34:1:0	255.23	240116_PG_FTMSMS-_3.mzXML	30.0	5.0232884E7	0.0	0.0	[0.0..0.0]	[0.0..0.0]	[1.0..1.0]	[5.0232884E7..5.0232884E7]	[0.262..0.262]	[0.0..0.0]	[1.0..1.0]	[5.0232884E7..5.0232884E7]	[0.262..0.262]	[0.0..0.0]	0.9100603	[4.5714952E7..4.5714952E7]
Group-1	PG 34:1:0	255.23	240116_PG_FTMSMS-_3.mzXML	35.0	4.432308E7	0.0	0.0	[0.0..0.0]	[0.0..0.0]	[1.0..1.0]	[4.432308E7..4.432308E7]	[0.266..0.266]	[0.0..0.0]	[1.0..1.0]	[4.432308E7..4.432308E7]	[0.266..0.266]	[0.0..0.0]	0.9100603	[4.0336676E7..4.0336676E7]
Group-1	PG 34:1:0	281.25	240116_PG_FTMSMS-_3.mzXML	25.0	9.1242784E7	0.0	0.0	[9.0..9.0]	[1.0..1.0]	[0.958..0.958]	[8.7410584E7..8.7410584E7]	[0.756..0.756]	[1.0..1.0]	[0.958..0.958]	[8.7410584E7..8.7410584E7]	[0.756..0.756]	[1.0..1.0]	0.9100603	[7.9548904E7..7.9548904E7]
Group-1	PG 34:1:0	281.25	240116_PG_FTMSMS-_3.mzXML	30.0	1.508688E8	0.0	0.0	[9.0..9.0]	[1.0..1.0]	[0.937..0.937]	[1.41364064E8..1.41364064E8]	[0.738..0.738]	[1.0..1.0]	[0.937..0.937]	[1.41364064E8..1.41364064E8]	[0.738..0.738]	[1.0..1.0]	0.9100603	[1.28649808E8..1.28649808E8]
Group-1	PG 34:1:0	281.25	240116_PG_FTMSMS-_3.mzXML	35.0	1.30603848E8	0.0	0.0	[9.0..9.0]	[1.0..1.0]	[0.936..0.936]	[1.222452E8..1.222452E8]	[0.734..0.734]	[1.0..1.0]	[0.936..0.936]	[1.222452E8..1.222452E8]	[0.734..0.734]	[1.0..1.0]	0.9100603	[1.11250504E8..1.11250504E8]
Group-1	PG 34:2:0	253.22	240116_PG_FTMSMS-_3.mzXML	25.0	924340.7	0.0	0.0	[9.0..9.0]	[0.0..0.0]	[0.97..0.97]	[896610.5..896610.5]	[0.27..0.27]	[0.0..0.01]	[0.97..0.97]	[896610.5..896610.5]	[0.27..0.27]	[0.0..0.01]	0.9121761	[817866.6..817866.6]
Group-1	PG 34:2:0	253.22	240116_PG_FTMSMS-_3.mzXML	30.0	1170239.5	0.0	0.0	[9.0..9.0]	[0.0..0.19999999]	[0.979..0.985]	[1145664.5..1152685.9]	[0.271..0.271]	[0.0..0.01]	[0.979..0.979]	[1145664.5..1145664.5]	[0.27..0.27]	[0.0..0.01]	0.9121761	[1045047.7..1051452.5]
Group-1	PG 34:2:0	253.22	240116_PG_FTMSMS-_3.mzXML	35.0	1169400.1	0.0	0.0	[9.0..9.0]	[0.19999999..0.19999999]	[0.996..0.996]	[1164722.5..1164722.5]	[0.288..0.288]	[0.0..0.01]	[0.996..0.996]	[1164722.5..1164722.5]	[0.288..0.288]	[0.0..0.01]	0.9121761	[1062432.1..1062432.1]
Group-1	PG 34:2:0	255.23	240116_PG_FTMSMS-_3.mzXML	25.0	1.4170752E7	0.0	0.0	[0.0..0.0]	[0.0..0.0]	[1.0..1.0]	[1.4170752E7..1.4170752E7]	[0.261..0.261]	[0.0..0.0]	[1.0..1.0]	[1.4170752E7..1.4170752E7]	[0.261..0.261]	[0.0..0.0]	0.9121761	[1.2926221E7..1.2926221E7]
Group-1	PG 34:2:0	255.23	240116_PG_FTMSMS-_3.mzXML	30.0	1.6771422E7	0.0	0.0	[0.0..0.0]	[0.0..0.0]	[1.0..1.0]	[1.6771422E7..1.6771422E7]	[0.251..0.251]	[0.0..0.0]	[1.0..1.0]	[1.6771422E7..1.6771422E7]	[0.251..0.251]	[0.0..0.0]	0.9121761	[1.529849E7..1.529849E7]
Group-1	PG 34:2:0	255.23	240116_PG_FTMSMS-_3.mzXML	35.0	1.8205676E7	0.0	0.0	[0.0..0.0]	[0.0..0.0]	[1.0..1.0]	[1.8205676E7..1.8205676E7]	[0.26..0.26]	[0.0..0.0]	[1.0..1.0]	[1.8205676E7..1.8205676E7]	[0.26..0.26]	[0.0..0.0]	0.9121761	[1.6606782E7..1.6606782E7]
Group-1	PG 34:2:0	279.23	240116_PG_FTMSMS-_3.mzXML	25.0	4.2495508E7	0.0	0.0	[9.0..9.0]	[1.0..1.0]	[0.946..0.946]	[4.0200748E7..4.0200748E7]	[0.739..0.739]	[1.0..1.0]	[0.946..0.946]	[4.0200748E7..4.0200748E7]	[0.739..0.739]	[1.0..1.0]	0.9121761	[3.667016E7..3.667016E7]
Group-1	PG 34:2:0	279.23	240116_PG_FTMSMS-_3.mzXML	30.0	5.2428752E7	0.0	0.0	[9.0..9.0]	[1.0..1.0]	[0.957..0.957]	[5.0174316E7..5.0174316E7]	[0.749..0.749]	[1.0..1.0]	[0.957..0.957]	[5.0174316E7..5.0174316E7]	[0.749..0.749]	[1.0..1.0]	0.9121761	[4.5767808E7..4.5767808E7]
Group-1	PG 34:2:0	279.23	240116_PG_FTMSMS-_3.mzXML	35.0	5.1353008E7	0.0	0.0	[9.0..9.0]	[1.0..1.0]	[1.01..1.01]	[5.1866536E7..5.1866536E7]	[0.74..0.74]	[1.0..1.0]	[1.01..1.01]	[5.1866536E7..5.1866536E7]	[0.74..0.74]	[1.0..1.0]	0.9121761	[4.7311412E7..4.7311412E7]
Group-1	PG 34:2:0	281.25	240116_PG_FTMSMS-_3.mzXML	25.0	2528674.0	0.0	0.0	[9.0..9.0]	[1.0..1.0]	[0.958..0.958]	[2422469.8..2422469.8]	[0.73..0.73]	[0.99..1.0]	[0.958..0.958]	[2422469.8..2422469.8]	[0.73..0.73]	[0.99..1.0]	0.9121761	[2209719.0..2209719.0]
Group-1	PG 34:2:0	281.25	240116_PG_FTMSMS-_3.mzXML	30.0	3306040.5	0.0	0.0	[9.0..9.0]	[0.8..1.0]	[0.932..0.937]	[3081229.8..3097759.8]	[0.729..0.729]	[0.99..1.0]	[0.937..0.937]	[3097759.8..3097759.8]	[0.73..0.73]	[0.99..1.0]	0.9121761	[2810624.0..2825702.5]
Group-1	PG 34:2:0	281.25	240116_PG_FTMSMS-_3.mzXML	35.0	3091922.2	0.0	0.0	[9.0..9.0]	[0.8..0.8]	[0.932..0.932]	[2881671.5..2881671.5]	[0.712..0.712]	[0.99..1.0]	[0.932..0.932]	[2881671.5..2881671.5]	[0.712..0.712]	[0.99..1.0]	0.9121761	[2628591.8..2628591.8]
Group-1	PG 34:3:0	251.2	240116_PG_FTMSMS-_3.mzXML	25.0	10454.5	0.0	0.0	[9.0..9.0]	[0.0..0.0]	[0.967..0.967]	[10109.502..10109.502]	[0.189..0.189]	[0.0..0.0]	[0.967..0.967]	[10109.502..10109.502]	[0.189..0.189]	[0.0..0.0]	0.91429204	[9243.036..9243.036]
Group-1	PG 34:3:0	251.2	240116_PG_FTMSMS-_3.mzXML	30.0	7549.9	0.0	0.0	[9.0..9.0]	[0.0..0.0]	[1.012..1.012]	[7640.499..7640.499]	[0.112..0.112]	[0.0..0.0]	[1.012..1.012]	[7640.4985..7640.4985]	[0.112..0.112]	[0.0..0.0]	0.91429204	[6985.647..6985.647]
Group-1	PG 34:3:0	251.2	240116_PG_FTMSMS-_3.mzXML	35.0	9865.8	0.0	0.0	[9.0..9.0]	[0.0..0.0]	[1.088..1.088]	[10733.991..10733.991]	[0.179..0.179]	[0.0..0.0]	[1.088..1.088]	[10733.991..10733.991]	[0.179..0.179]	[0.0..0.0]	0.91429204	[9814.003..9814.003]
Group-1	PG 34:3:0	253.22	240116_PG_FTMSMS-_3.mzXML	25.0	281520.1	0.0	0.0	[9.0..9.0]	[0.0..0.0]	[0.97..0.97]	[273074.5..273074.5]	[0.252..0.252]	[0.0..0.0]	[0.97..0.97]	[273074.5..273074.5]	[0.252..0.252]	[0.0..0.0]	0.91429204	[249669.84..249669.84]
Group-1	PG 34:3:0	253.22	240116_PG_FTMSMS-_3.mzXML	30.0	385191.3	0.0	0.0	[9.0..9.0]	[0.0..0.0]	[0.979..0.979]	[377102.28..377102.28]	[0.259..0.259]	[0.0..0.0]	[0.979..0.979]	[377102.28..377102.28]	[0.259..0.259]	[0.0..0.0]	0.91429204	[344781.62..344781.62]
Group-1	PG 34:3:0	253.22	240116_PG_FTMSMS-_3.mzXML	35.0	371390.6	0.0	0.0	[9.0..9.0]	[0.0..0.0]	[0.99..0.99]	[367676.7..367676.7]	[0.256..0.256]	[0.0..0.0]	[0.99..0.99]	[367676.7..367676.7]	[0.256..0.256]	[0.0..0.0]	0.91429204	[336163.88..336163.88]
Group-1	PG 34:3:0	255.23	240116_PG_FTMSMS-_3.mzXML	25.0	220275.7	0.0	0.0	[0.0..0.0]	[0.0..1.0]	[1.0..1.0]	[220275.7..220275.7]	[0.243..0.248]	[0.0..0.0]	[1.0..1.0]	[220275.7..220275.7]	[0.243..0.245]	[0.0..0.003]	0.91429204	[201396.33..201396.33]
Group-1	PG 34:3:0	255.23	240116_PG_FTMSMS-_3.mzXML	30.0	293423.4	0.0	0.0	[0.0..0.0]	[0.0..1.0]	[1.0..1.0]	[293423.4..293423.4]	[0.248..0.267]	[0.0..0.0]	[1.0..1.0]	[293423.4..293423.4]	[0.248..0.266]	[0.0..0.003]	0.91429204	[268274.7..268274.7]
Group-1	PG 34:3:0	255.23	240116_PG_FTMSMS-_3.mzXML	35.0	300279.9	0.0	0.0	[0.0..0.0]	[0.0..0.0]	[1.0..1.0]	[300279.9..300279.9]	[0.251..0.285]	[0.0..0.0]	[1.0..1.0]	[300279.9..300279.9]	[0.251..0.285]	[0.0..0.003]	0.91429204	[274543.53..274543.53]
Group-1	PG 34:3:0	277.22	240116_PG_FTMSMS-_3.mzXML	25.0	673615.0	4419.0	0.0065601273	[7.2..8.8]	[0.0..1.0]	[0.991..1.016]	[667552.44..684392.9]	[0.752..0.757]	[1.0..1.0]	[1.005..1.016]	[676983.06..684392.9]	[0.755..0.757]	[0.997..1.0]	0.91429204	[610337.9..625734.94]
Group-1	PG 34:3:0	277.22	240116_PG_FTMSMS-_3.mzXML	30.0	737529.0	9812.3	0.01330429	[6.3..7.7]	[0.0..1.0]	[1.09..1.205]	[803906.6..888722.5]	[0.733..0.752]	[1.0..1.0]	[1.1..1.205]	[811281.94..888722.5]	[0.734..0.752]	[0.997..1.0]	0.91429204	[735005.44..812551.9]
Group-1	PG 34:3:0	277.22	240116_PG_FTMSMS-_3.mzXML	35.0	583767.2	11642.5	0.019943738	[6.0..6.6]	[1.0..1.0]	[1.288..1.537]	[751892.1..897250.1]	[0.715..0.749]	[1.0..1.0]	[1.288..1.537]	[751892.1..897250.1]	[0.715..0.749]	[0.997..1.0]	0.91429204	[687449.0..820348.6]
Group-1	PG 34:3:0	279.23	240116_PG_FTMSMS-_3.mzXML	25.0	858359.6	0.0	0.0	[9.0..9.0]	[1.0..1.0]	[0.946..0.946]	[812008.2..812008.2]	[0.748..0.748]	[1.0..1.0]	[0.946..0.946]	[812008.2..812008.2]	[0.748..0.748]	[1.0..1.0]	0.91429204	[742412.6..742412.6]
Group-1	PG 34:3:0	279.23	240116_PG_FTMSMS-_3.mzXML	30.0	1127498.5	0.0	0.0	[9.0..9.0]	[1.0..1.0]	[0.957..0.957]	[1079016.1..1079016.1]	[0.741..0.741]	[1.0..1.0]	[0.957..0.957]	[1079016.1..1079016.1]	[0.741..0.741]	[1.0..1.0]	0.91429204	[986535.8..986535.8]
Group-1	PG 34:3:0	279.23	240116_PG_FTMSMS-_3.mzXML	35.0	1059091.0	0.0	0.0	[9.0..9.0]	[1.0..1.0]	[1.01..1.01]	[1069681.9..1069681.9]	[0.744..0.744]	[1.0..1.0]	[1.01..1.01]	[1069681.9..1069681.9]	[0.744..0.744]	[1.0..1.0]	0.91429204	[978001.6..978001.6]
Group-1	PG 34:3:0	281.25	240116_PG_FTMSMS-_3.mzXML	25.0	45155.1	0.0	0.0	[9.0..9.0]	[1.0..1.0]	[0.958..0.958]	[43258.586..43258.586]	[0.811..0.811]	[1.0..1.0]	[0.958..0.958]	[43258.586..43258.586]	[0.811..0.811]	[1.0..1.0]	0.91429204	[39550.98..39550.98]
Group-1	PG 34:3:0	281.25	240116_PG_FTMSMS-_3.mzXML	30.0	64737.2	0.0	0.0	[9.0..9.0]	[1.0..1.0]	[0.937..0.937]	[60658.754..60658.754]	[0.888..0.888]	[1.0..1.0]	[0.937..0.937]	[60658.754..60658.754]	[0.888..0.888]	[1.0..1.0]	0.91429204	[55459.816..55459.816]
Group-1	PG 34:3:0	281.25	240116_PG_FTMSMS-_3.mzXML	35.0	52538.1	0.0	0.0	[9.0..9.0]	[1.0..1.0]	[0.936..0.936]	[49175.664..49175.664]	[0.821..0.821]	[1.0..1.0]	[0.936..0.936]	[49175.664..49175.664]	[0.821..0.821]	[1.0..1.0]	0.91429204	[44960.918..44960.918]
Group-1	PG 34:4:0	227.2	240116_PG_FTMSMS-_3.mzXML	25.0	6366.6	0.0	0.0	[0.0..0.0]	[0.0..1.0]	[0.99..1.002]	[6302.934..6379.333]	[0.228..0.232]	[0.0..0.1]	[0.99..0.991]	[6302.934..6309.301]	[0.226..0.237]	[0.0..0.1]	0.9164293	[5776.1934..5846.2075]
Group-1	PG 34:4:0	227.2	240116_PG_FTMSMS-_3.mzXML	30.0	8958.7	0.0	0.0	[0.0..0.0]	[0.0..1.0]	[1.012..1.029]	[9066.204..9218.503]	[0.269..0.293]	[0.0..0.1]	[1.012..1.014]	[9066.204..9084.122]	[0.266..0.295]	[0.0..0.1]	0.9164293	[8308.535..8448.106]
Group-1	PG 34:4:0	227.2	240116_PG_FTMSMS-_3.mzXML	35.0	8720.4	0.0	0.0	[0.0..0.0]	[0.0..0.0]	[1.016..1.016]	[8859.927..8859.927]	[0.279..0.327]	[0.0..0.1]	[1.016..1.016]	[8859.927..8859.927]	[0.279..0.327]	[0.0..0.1]	0.9164293	[8119.4966..8119.4966]
Group-1	PG 34:4:0	249.19	240116_PG_FTMSMS-_3.mzXML	25.0	1745.5	1134.3	0.6498425	[7.0..7.0]	[0.0..0.0]	[1.049..1.049]	[1831.03..1831.03]	[0.119..0.119]	[0.0..0.0]	[1.049..1.049]	[1831.0295..1831.0295]	[0.119..0.119]	[0.0..0.0]	0.9164293	[1678.0092..1678.0092]
Group-1	PG 34:4:0	249.19	240116_PG_FTMSMS-_3.mzXML	30.0	1003.4	1575.9	1.5705601	[7.0..7.0]	[1.0..1.0]	[1.238..1.238]	[1242.209..1242.209]	[0.069..0.069]	[0.0..0.0]	[1.238..1.238]	[1242.2092..1242.2092]	[0.069..0.069]	[0.0..0.0]	0.9164293	[1138.397..1138.397]
Group-1	PG 34:4:0	249.19	240116_PG_FTMSMS-_3.mzXML	35.0	637.3	1071.0	1.6805272	[7.0..7.0]	[0.0..1.0]	[1.546..1.566]	[985.266..998.012]	[0.053..0.054]	[0.0..0.0]	[1.546..1.546]	[985.2658..985.2658]	[0.053..0.053]	[0.0..0.0]	0.9164293	[902.9264..914.6072]
Group-1	PG 34:4:0	251.2	240116_PG_FTMSMS-_3.mzXML	25.0	4762.0	0.0	0.0	[9.0..9.0]	[0.0..0.0]	[0.967..0.967]	[4604.854..4604.854]	[0.158..0.158]	[0.0..0.0]	[0.967..0.967]	[4604.854..4604.854]	[0.158..0.158]	[0.0..0.0]	0.9164293	[4220.023..4220.023]
Group-1	PG 34:4:0	251.2	240116_PG_FTMSMS-_3.mzXML	30.0	4001.2	0.0	0.0	[9.0..9.0]	[0.0..0.0]	[1.012..1.012]	[4049.214..4049.214]	[0.121..0.121]	[0.0..0.0]	[1.012..1.012]	[4049.214..4049.214]	[0.121..0.121]	[0.0..0.0]	0.9164293	[3710.8186..3710.8186]
Group-1	PG 34:4:0	251.2	240116_PG_FTMSMS-_3.mzXML	35.0	3221.9	0.0	0.0	[9.0..9.0]	[0.0..0.0]	[1.088..1.088]	[3505.427..3505.427]	[0.103..0.103]	[0.0..0.0]	[1.088..1.088]	[3505.4272..3505.4272]	[0.103..0.103]	[0.0..0.0]	0.9164293	[3212.476..3212.476]
Group-1	PG 34:4:0	253.22	240116_PG_FTMSMS-_3.mzXML	25.0	3936.3	0.0	0.0	[9.0..9.0]	[0.0..1.0]	[0.97..1.014]	[3818.211..3991.409]	[0.253..0.257]	[0.0..0.05]	[0.97..0.972]	[3818.2112..3826.0837]	[0.249..0.252]	[0.0..0.051]	0.9164293	[3499.1204..3657.8435]
Group-1	PG 34:4:0	253.22	240116_PG_FTMSMS-_3.mzXML	30.0	5648.9	0.0	0.0	[9.0..9.0]	[0.0..1.0]	[0.979..1.013]	[5530.273..5722.336]	[0.291..0.306]	[0.0..0.05]	[0.979..0.981]	[5530.273..5541.571]	[0.284..0.305]	[0.0..0.051]	0.9164293	[5068.104..5244.116]
Group-1	PG 34:4:0	253.22	240116_PG_FTMSMS-_3.mzXML	35.0	5128.1	0.0	0.0	[9.0..9.0]	[0.0..0.0]	[0.99..0.99]	[5076.82..5076.82]	[0.258..0.296]	[0.0..0.05]	[0.99..0.99]	[5076.8193..5076.8193]	[0.258..0.296]	[0.0..0.051]	0.9164293	[4652.5454..4652.5454]
Group-1	PG 34:4:0	255.23	240116_PG_FTMSMS-_3.mzXML	25.0	3622.7	0.0	0.0	[0.0..0.0]	[1.0..1.0]	[1.0..1.0]	[3622.7..3622.7]	[0.728..0.728]	[1.0..1.0]	[1.0..1.0]	[3622.7..3622.7]	[0.728..0.728]	[1.0..1.0]	0.9164293	[3319.9482..3319.9482]
Group-1	PG 34:4:0	255.23	240116_PG_FTMSMS-_3.mzXML	30.0	7227.6	0.0	0.0	[0.0..0.0]	[0.0..1.0]	[1.0..1.0]	[7227.6..7227.6]	[0.764..0.765]	[1.0..1.0]	[1.0..1.0]	[7227.6..7227.6]	[0.765..0.765]	[1.0..1.0]	0.9164293	[6623.5845..6623.5845]
Group-1	PG 34:4:0	255.23	240116_PG_FTMSMS-_3.mzXML	35.0	8201.4	0.0	0.0	[0.0..0.0]	[0.0..0.0]	[1.0..1.0]	[8201.401..8201.401]	[0.844..0.844]	[1.0..1.0]	[1.0..1.0]	[8201.4..8201.4]	[0.844..0.844]	[1.0..1.0]	0.9164293	[7516.0034..7516.0034]
Group-1	PG 34:4:0	275.2	240116_PG_FTMSMS-_3.mzXML	25.0	1167.5	0.0	0.0	[8.0..8.0]	[0.0..0.0]	[1.162..1.162]	[1356.635..1356.635]	[0.272..0.272]	[0.0..0.0]	[1.162..1.162]	[1356.6349..1356.6349]	[0.272..0.272]	[0.0..0.0]	0.9164293	[1243.2599..1243.2599]
Group-1	PG 34:4:0	275.2	240116_PG_FTMSMS-_3.mzXML	30.0	1529.0	0.0	0.0	[8.0..8.0]	[0.0..1.0]	[1.455..1.461]	[2224.695..2233.869]	[0.235..0.236]	[0.0..0.0]	[1.455..1.455]	[2224.695..2224.695]	[0.235..0.235]	[0.0..0.0]	0.9164293	[2038.7756..2047.1829]
Group-1	PG 34:4:0	275.2	240116_PG_FTMSMS-_3.mzXML	35.0	751.1	0.0	0.0	[8.0..8.0]	[1.0..1.0]	[2.02..2.02]	[1517.222..1517.222]	[0.156..0.156]	[0.0..0.0]	[2.02..2.02]	[1517.2219..1517.2219]	[0.156..0.156]	[0.0..0.0]	0.9164293	[1390.4266..1390.4266]
Group-1	PG 34:4:0	277.22	240116_PG_FTMSMS-_3.mzXML	25.0	11382.2	0.0	0.0	[6.0..9.0]	[0.0..1.0]	[0.989..1.016]	[11256.996..11564.315]	[0.743..0.747]	[0.95..1.0]	[0.995..1.016]	[11325.289..11564.315]	[0.748..0.751]	[0.949..1.0]	0.9164293	[10316.241..10597.878]
Group-1	PG 34:4:0	277.22	240116_PG_FTMSMS-_3.mzXML	30.0	11592.8	0.0	0.0	[6.0..9.0]	[0.0..1.0]	[1.082..1.205]	[12543.409..13969.324]	[0.694..0.709]	[0.95..1.0]	[1.087..1.205]	[12601.373..13969.324]	[0.695..0.716]	[0.949..1.0]	0.9164293	[11495.148..12801.898]
Group-1	PG 34:4:0	277.22	240116_PG_FTMSMS-_3.mzXML	35.0	9484.8	0.0	0.0	[6.0..9.0]	[1.0..1.0]	[1.27..1.537]	[12045.695..14578.137]	[0.704..0.742]	[0.95..1.0]	[1.27..1.537]	[12045.695..14578.137]	[0.704..0.742]	[0.949..1.0]	0.9164293	[11039.028..13359.832]
Group-1	PG 34:4:0	279.23	240116_PG_FTMSMS-_3.mzXML	25.0	26002.8	0.0	0.0	[9.0..9.0]	[1.0..1.0]	[0.946..0.946]	[24598.648..24598.648]	[0.842..0.842]	[1.0..1.0]	[0.946..0.946]	[24598.648..24598.648]	[0.842..0.842]	[1.0..1.0]	0.9164293	[22542.922..22542.922]
Group-1	PG 34:4:0	279.23	240116_PG_FTMSMS-_3.mzXML	30.0	30651.4	0.0	0.0	[9.0..9.0]	[1.0..1.0]	[0.957..0.957]	[29333.39..29333.39]	[0.879..0.879]	[1.0..1.0]	[0.957..0.957]	[29333.39..29333.39]	[0.879..0.879]	[1.0..1.0]	0.9164293	[26881.979..26881.979]
Group-1	PG 34:4:0	279.23	240116_PG_FTMSMS-_3.mzXML	35.0	30355.0	0.0	0.0	[9.0..9.0]	[1.0..1.0]	[1.01..1.01]	[30658.549..30658.549]	[0.897..0.897]	[1.0..1.0]	[1.01..1.01]	[30658.549..30658.549]	[0.897..0.897]	[1.0..1.0]	0.9164293	[28096.393..28096.393]
Group-1	PG 34:4:0	281.25	240116_PG_FTMSMS-_3.mzXML	25.0	14161.2	0.0	0.0	[9.0..9.0]	[1.0..1.0]	[0.958..0.958]	[13566.43..13566.43]	[0.881..0.881]	[1.0..1.0]	[0.958..0.958]	[13566.43..13566.43]	[0.881..0.881]	[1.0..1.0]	0.9164293	[12432.673..12432.673]
Group-1	PG 34:4:0	281.25	240116_PG_FTMSMS-_3.mzXML	30.0	18476.6	0.0	0.0	[9.0..9.0]	[0.0..0.0]	[0.911..0.911]	[16832.182..16832.182]	[0.931..0.931]	[1.0..1.0]	[0.911..0.911]	[16832.182..16832.182]	[0.931..0.931]	[1.0..1.0]	0.9164293	[15425.504..15425.504]
Group-1	PG 34:4:0	281.25	240116_PG_FTMSMS-_3.mzXML	35.0	18988.6	0.0	0.0	[9.0..9.0]	[0.0..1.0]	[0.912..0.936]	[17317.604..17773.328]	[0.946..0.947]	[1.0..1.0]	[0.936..0.936]	[17773.328..17773.328]	[0.947..0.947]	[1.0..1.0]	0.9164293	[15870.358..16287.999]
Group-1	PG 34:4:0	303.23	240116_PG_FTMSMS-_3.mzXML	25.0	18953.5	933.2	0.04923629	[5.8..7.0]	[0.0..1.0]	[1.098..1.138]	[20810.943..21569.084]	[0.768..0.772]	[0.9..1.0]	[1.071..1.138]	[20299.197..21569.084]	[0.763..0.774]	[0.9..1.0]	0.9164293	[19071.76..19766.541]
Group-1	PG 34:4:0	303.23	240116_PG_FTMSMS-_3.mzXML	30.0	15678.2	1692.3	0.10793969	[5.0..5.0]	[0.0..1.0]	[1.397..1.598]	[21902.445..25053.766]	[0.707..0.731]	[0.9..1.0]	[1.381..1.598]	[21651.596..25053.766]	[0.705..0.734]	[0.9..1.0]	0.9164293	[20072.043..22960.004]
Group-1	PG 34:4:0	303.23	240116_PG_FTMSMS-_3.mzXML	35.0	9092.5	1112.6	0.12236458	[5.0..5.1]	[1.0..1.0]	[2.009..2.521]	[18266.834..22922.191]	[0.673..0.721]	[0.9..1.0]	[2.008..2.521]	[18257.738..22922.191]	[0.673..0.721]	[0.9..1.0]	0.9164293	[16740.26..21006.566]
Group-1	PG 35:1:0	255.23	240116_PG_FTMSMS-_3.mzXML	25.0	78311.9	0.0	0.0	[0.0..0.0]	[0.0..0.0]	[1.0..1.0]	[78311.9..78311.9]	[0.363..0.363]	[0.18..0.26]	[1.0..1.0]	[78311.9..78311.9]	[0.363..0.363]	[0.184..0.262]	0.8956729	[70141.84..70141.84]
Group-1	PG 35:1:0	255.23	240116_PG_FTMSMS-_3.mzXML	30.0	127682.4	0.0	0.0	[0.0..0.0]	[0.0..0.0]	[1.0..1.0]	[127682.4..127682.4]	[0.395..0.395]	[0.18..0.26]	[1.0..1.0]	[127682.4..127682.4]	[0.395..0.395]	[0.184..0.262]	0.8956729	[114361.664..114361.664]
Group-1	PG 35:1:0	255.23	240116_PG_FTMSMS-_3.mzXML	35.0	126306.5	0.0	0.0	[0.0..0.0]	[0.0..0.0]	[1.0..1.0]	[126306.49..126306.49]	[0.397..0.397]	[0.18..0.26]	[1.0..1.0]	[126306.5..126306.5]	[0.397..0.397]	[0.184..0.262]	0.8956729	[113129.31..113129.31]
Group-1	PG 35:1:0	267.23	240116_PG_FTMSMS-_3.mzXML	25.0	33433.3	0.0	0.0	[9.0..9.0]	[0.0..1.0]	[0.945..0.983]	[31594.469..32864.934]	[0.642..0.65]	[0.77..0.92]	[0.974..0.98]	[32564.035..32764.635]	[0.649..0.65]	[0.77..0.916]	0.8956729	[28298.31..29436.232]
Group-1	PG 35:1:0	267.23	240116_PG_FTMSMS-_3.mzXML	30.0	49191.9	0.0	0.0	[9.0..9.0]	[0.0..1.0]	[0.942..0.972]	[46338.766..47814.527]	[0.675..0.68]	[0.77..0.92]	[0.965..0.97]	[47470.18..47716.145]	[0.68..0.681]	[0.77..0.916]	0.8956729	[41504.38..42826.176]
Group-1	PG 35:1:0	267.23	240116_PG_FTMSMS-_3.mzXML	35.0	43909.1	0.0	0.0	[9.0..9.0]	[0.0..1.0]	[0.949..0.976]	[41669.74..42855.285]	[0.617..0.62]	[0.77..0.92]	[0.97..0.974]	[42591.83..42767.465]	[0.622..0.622]	[0.77..0.916]	0.8956729	[37322.453..38384.316]
Group-1	PG 35:1:0	269.25	240116_PG_FTMSMS-_3.mzXML	25.0	149522.9	0.0	0.0	[0.0..0.0]	[0.0..0.0]	[1.004..1.004]	[150120.98..150120.98]	[0.239..0.239]	[0.0..0.0]	[1.004..1.004]	[150120.98..150120.98]	[0.239..0.239]	[0.0..0.0]	0.8956729	[134459.31..134459.31]
Group-1	PG 35:1:0	269.25	240116_PG_FTMSMS-_3.mzXML	30.0	227213.2	0.0	0.0	[0.0..0.0]	[0.0..0.0]	[0.993..0.993]	[225622.7..225622.7]	[0.238..0.238]	[0.0..0.0]	[0.993..0.993]	[225622.7..225622.7]	[0.238..0.238]	[0.0..0.0]	0.8956729	[202084.16..202084.16]
Group-1	PG 35:1:0	269.25	240116_PG_FTMSMS-_3.mzXML	35.0	223113.8	0.0	0.0	[0.0..0.0]	[0.0..0.0]	[0.989..0.989]	[220659.55..220659.55]	[0.241..0.241]	[0.0..0.0]	[0.989..0.989]	[220659.55..220659.55]	[0.241..0.241]	[0.0..0.0]	0.8956729	[197638.78..197638.78]
Group-1	PG 35:1:0	281.25	240116_PG_FTMSMS-_3.mzXML	25.0	498884.0	0.0	0.0	[9.0..9.0]	[1.0..1.0]	[0.958..0.958]	[477930.88..477930.88]	[0.761..0.761]	[1.0..1.0]	[0.958..0.958]	[477930.88..477930.88]	[0.761..0.761]	[1.0..1.0]	0.8956729	[428069.72..428069.72]
Group-1	PG 35:1:0	281.25	240116_PG_FTMSMS-_3.mzXML	30.0	770310.3	0.0	0.0	[9.0..9.0]	[1.0..1.0]	[0.937..0.937]	[721780.75..721780.75]	[0.762..0.762]	[1.0..1.0]	[0.937..0.937]	[721780.75..721780.75]	[0.762..0.762]	[1.0..1.0]	0.8956729	[646479.44..646479.44]
Group-1	PG 35:1:0	281.25	240116_PG_FTMSMS-_3.mzXML	35.0	743734.6	0.0	0.0	[9.0..9.0]	[1.0..1.0]	[0.936..0.936]	[696135.6..696135.6]	[0.759..0.759]	[1.0..1.0]	[0.936..0.936]	[696135.6..696135.6]	[0.759..0.759]	[1.0..1.0]	0.8956729	[623509.8..623509.8]
Group-1	PG 35:1:0	283.26	240116_PG_FTMSMS-_3.mzXML	25.0	17558.1	0.0	0.0	[0.0..0.0]	[0.0..1.0]	[1.002..1.009]	[17593.215..17716.121]	[0.35..0.358]	[0.08..0.23]	[1.003..1.004]	[17610.773..17628.332]	[0.35..0.351]	[0.084..0.23]	0.8956729	[15757.767..15867.851]
Group-1	PG 35:1:0	283.26	240116_PG_FTMSMS-_3.mzXML	30.0	22841.9	0.0	0.0	[0.0..0.0]	[0.0..1.0]	[0.976..0.985]	[22293.695..22499.271]	[0.32..0.325]	[0.08..0.23]	[0.977..0.978]	[22316.537..22339.379]	[0.319..0.32]	[0.084..0.23]	0.8956729	[19967.86..20151.988]
Group-1	PG 35:1:0	283.26	240116_PG_FTMSMS-_3.mzXML	35.0	26869.1	0.0	0.0	[0.0..0.0]	[0.0..1.0]	[0.963..0.976]	[25874.943..26224.242]	[0.38..0.383]	[0.08..0.23]	[0.964..0.966]	[25901.812..25955.55]	[0.378..0.378]	[0.084..0.23]	0.8956729	[23175.486..23488.344]
Group-1	PG 35:1:0	295.26	240116_PG_FTMSMS-_3.mzXML	25.0	146203.1	0.0	0.0	[9.0..9.0]	[1.0..1.0]	[0.939..0.939]	[137284.7..137284.7]	[0.637..0.637]	[0.74..0.82]	[0.939..0.939]	[137284.7..137284.7]	[0.637..0.637]	[0.738..0.816]	0.8956729	[122962.19..122962.19]
Group-1	PG 35:1:0	295.26	240116_PG_FTMSMS-_3.mzXML	30.0	215063.1	0.0	0.0	[9.0..9.0]	[1.0..1.0]	[0.908..0.908]	[195277.28..195277.28]	[0.605..0.605]	[0.74..0.82]	[0.908..0.908]	[195277.28..195277.28]	[0.605..0.605]	[0.738..0.816]	0.8956729	[174904.58..174904.58]
Group-1	PG 35:1:0	295.26	240116_PG_FTMSMS-_3.mzXML	35.0	212921.7	0.0	0.0	[9.0..9.0]	[1.0..1.0]	[0.902..0.902]	[192055.38..192055.38]	[0.603..0.603]	[0.74..0.82]	[0.902..0.902]	[192055.38..192055.38]	[0.603..0.603]	[0.738..0.816]	0.8956729	[172018.8..172018.8]
Group-1	PG 35:2:0	253.22	240116_PG_FTMSMS-_3.mzXML	25.0	3038.5	0.0	0.0	[9.0..9.0]	[0.0..0.0]	[0.97..0.97]	[2947.345..2947.345]	[0.473..0.473]	[0.26..0.68]	[0.97..0.97]	[2947.345..2947.345]	[0.473..0.473]	[0.262..0.683]	0.89770675	[2645.8516..2645.8516]
Group-1	PG 35:2:0	253.22	240116_PG_FTMSMS-_3.mzXML	30.0	3426.0	0.0	0.0	[9.0..9.0]	[0.0..0.0]	[0.979..0.979]	[3354.054..3354.054]	[0.397..0.397]	[0.26..0.68]	[0.979..0.979]	[3354.054..3354.054]	[0.397..0.397]	[0.262..0.683]	0.89770675	[3010.9568..3010.9568]
Group-1	PG 35:2:0	253.22	240116_PG_FTMSMS-_3.mzXML	35.0	5695.7	0.0	0.0	[9.0..9.0]	[0.0..0.0]	[0.99..0.99]	[5638.743..5638.743]	[0.579..0.579]	[0.26..0.68]	[0.99..0.99]	[5638.743..5638.743]	[0.579..0.579]	[0.262..0.683]	0.89770675	[5061.9375..5061.9375]
Group-1	PG 35:2:0	255.23	240116_PG_FTMSMS-_3.mzXML	25.0	17646.2	0.0	0.0	[0.0..0.0]	[0.0..0.0]	[1.0..1.0]	[17646.2..17646.2]	[0.461..0.461]	[0.41..0.63]	[1.0..1.0]	[17646.2..17646.2]	[0.461..0.461]	[0.41..0.629]	0.89770675	[15841.112..15841.112]
Group-1	PG 35:2:0	255.23	240116_PG_FTMSMS-_3.mzXML	30.0	23890.4	0.0	0.0	[0.0..0.0]	[0.0..0.0]	[1.0..1.0]	[23890.4..23890.4]	[0.485..0.485]	[0.41..0.63]	[1.0..1.0]	[23890.4..23890.4]	[0.485..0.485]	[0.41..0.629]	0.89770675	[21446.574..21446.574]
Group-1	PG 35:2:0	255.23	240116_PG_FTMSMS-_3.mzXML	35.0	30171.3	0.0	0.0	[0.0..0.0]	[0.0..0.0]	[1.0..1.0]	[30171.3..30171.3]	[0.556..0.556]	[0.41..0.63]	[1.0..1.0]	[30171.3..30171.3]	[0.556..0.556]	[0.41..0.629]	0.89770675	[27084.98..27084.98]
Group-1	PG 35:2:0	267.23	240116_PG_FTMSMS-_3.mzXML	25.0	36806.7	0.0	0.0	[9.0..9.0]	[0.0..0.0]	[0.945..0.945]	[34782.332..34782.332]	[0.191..0.191]	[0.0..0.0]	[0.945..0.945]	[34782.332..34782.332]	[0.191..0.191]	[0.0..0.0]	0.89770675	[31224.332..31224.332]
Group-1	PG 35:2:0	267.23	240116_PG_FTMSMS-_3.mzXML	30.0	51217.4	0.0	0.0	[9.0..9.0]	[0.0..0.0]	[0.942..0.942]	[48246.79..48246.79]	[0.196..0.196]	[0.0..0.0]	[0.942..0.942]	[48246.79..48246.79]	[0.196..0.196]	[0.0..0.0]	0.89770675	[43311.465..43311.465]
Group-1	PG 35:2:0	267.23	240116_PG_FTMSMS-_3.mzXML	35.0	53615.7	0.0	0.0	[9.0..9.0]	[0.0..0.0]	[0.949..0.949]	[50881.297..50881.297]	[0.209..0.209]	[0.0..0.0]	[0.949..0.949]	[50881.297..50881.297]	[0.209..0.209]	[0.0..0.0]	0.89770675	[45676.484..45676.484]
Group-1	PG 35:2:0	269.25	240116_PG_FTMSMS-_3.mzXML	25.0	97511.1	0.0	0.0	[0.0..0.0]	[0.0..0.0]	[1.004..1.004]	[97901.14..97901.14]	[0.21..0.21]	[0.0..0.0]	[1.004..1.004]	[97901.14..97901.14]	[0.21..0.21]	[0.0..0.0]	0.89770675	[87886.516..87886.516]
Group-1	PG 35:2:0	269.25	240116_PG_FTMSMS-_3.mzXML	30.0	133603.8	0.0	0.0	[0.0..0.0]	[0.0..0.0]	[0.993..0.993]	[132668.56..132668.56]	[0.201..0.201]	[0.0..0.0]	[0.993..0.993]	[132668.56..132668.56]	[0.201..0.201]	[0.0..0.0]	0.89770675	[119097.47..119097.47]
Group-1	PG 35:2:0	269.25	240116_PG_FTMSMS-_3.mzXML	35.0	137673.2	0.0	0.0	[0.0..0.0]	[0.0..0.0]	[0.989..0.989]	[136158.8..136158.8]	[0.205..0.205]	[0.0..0.0]	[0.989..0.989]	[136158.8..136158.8]	[0.205..0.205]	[0.0..0.0]	0.89770675	[122230.67..122230.67]
Group-1	PG 35:2:0	279.23	240116_PG_FTMSMS-_3.mzXML	25.0	388220.1	0.0	0.0	[9.0..9.0]	[1.0..1.0]	[0.946..0.946]	[367256.2..367256.2]	[0.79..0.79]	[1.0..1.0]	[0.946..0.946]	[367256.2..367256.2]	[0.79..0.79]	[1.0..1.0]	0.89770675	[329688.38..329688.38]
Group-1	PG 35:2:0	279.23	240116_PG_FTMSMS-_3.mzXML	30.0	549390.7	0.0	0.0	[9.0..9.0]	[1.0..1.0]	[0.957..0.957]	[525766.9..525766.9]	[0.799..0.799]	[1.0..1.0]	[0.957..0.957]	[525766.9..525766.9]	[0.799..0.799]	[1.0..1.0]	0.89770675	[471984.47..471984.47]
Group-1	PG 35:2:0	279.23	240116_PG_FTMSMS-_3.mzXML	35.0	522622.3	0.0	0.0	[9.0..9.0]	[1.0..1.0]	[1.01..1.01]	[527848.5..527848.5]	[0.795..0.795]	[1.0..1.0]	[1.01..1.01]	[527848.5..527848.5]	[0.795..0.795]	[1.0..1.0]	0.89770675	[473853.2..473853.2]
Group-1	PG 35:2:0	281.25	240116_PG_FTMSMS-_3.mzXML	25.0	153810.8	0.0	0.0	[9.0..9.0]	[1.0..1.0]	[0.958..0.958]	[147350.75..147350.75]	[0.809..0.809]	[1.0..1.0]	[0.958..0.958]	[147350.75..147350.75]	[0.809..0.809]	[1.0..1.0]	0.89770675	[132277.75..132277.75]
Group-1	PG 35:2:0	281.25	240116_PG_FTMSMS-_3.mzXML	30.0	211417.0	0.0	0.0	[9.0..9.0]	[1.0..1.0]	[0.937..0.937]	[198097.72..198097.72]	[0.804..0.804]	[1.0..1.0]	[0.937..0.937]	[198097.72..198097.72]	[0.804..0.804]	[1.0..1.0]	0.89770675	[177833.67..177833.67]
Group-1	PG 35:2:0	281.25	240116_PG_FTMSMS-_3.mzXML	35.0	205405.6	0.0	0.0	[9.0..9.0]	[1.0..1.0]	[0.936..0.936]	[192259.64..192259.64]	[0.791..0.791]	[1.0..1.0]	[0.936..0.936]	[192259.64..192259.64]	[0.791..0.791]	[1.0..1.0]	0.89770675	[172592.77..172592.77]
Group-1	PG 35:2:0	293.25	240116_PG_FTMSMS-_3.mzXML	25.0	22282.0	0.0	0.0	[9.0..9.0]	[1.0..1.0]	[0.926..0.926]	[20633.133..20633.133]	[0.539..0.539]	[0.37..0.59]	[0.926..0.926]	[20633.133..20633.133]	[0.539..0.539]	[0.371..0.59]	0.89770675	[18522.502..18522.502]
Group-1	PG 35:2:0	293.25	240116_PG_FTMSMS-_3.mzXML	30.0	27436.2	0.0	0.0	[9.0..9.0]	[1.0..1.0]	[0.925..0.925]	[25378.484..25378.484]	[0.515..0.515]	[0.37..0.59]	[0.925..0.925]	[25378.484..25378.484]	[0.515..0.515]	[0.371..0.59]	0.89770675	[22782.438..22782.438]
Group-1	PG 35:2:0	293.25	240116_PG_FTMSMS-_3.mzXML	35.0	24873.0	0.0	0.0	[9.0..9.0]	[1.0..1.0]	[0.97..0.97]	[24126.81..24126.81]	[0.444..0.444]	[0.37..0.59]	[0.97..0.97]	[24126.81..24126.81]	[0.444..0.444]	[0.371..0.59]	0.89770675	[21658.8..21658.8]
Group-1	PG 35:2:0	295.26	240116_PG_FTMSMS-_3.mzXML	25.0	3493.4	0.0	0.0	[9.0..9.0]	[1.0..1.0]	[0.939..0.939]	[3280.303..3280.303]	[0.527..0.527]	[0.32..0.74]	[0.939..0.939]	[3280.3025..3280.3025]	[0.527..0.527]	[0.317..0.738]	0.89770675	[2944.7498..2944.7498]
Group-1	PG 35:2:0	295.26	240116_PG_FTMSMS-_3.mzXML	30.0	5614.6	0.0	0.0	[9.0..9.0]	[1.0..1.0]	[0.908..0.908]	[5098.057..5098.057]	[0.603..0.603]	[0.32..0.74]	[0.908..0.908]	[5098.0566..5098.0566]	[0.603..0.603]	[0.317..0.738]	0.89770675	[4576.56..4576.56]
Group-1	PG 35:2:0	295.26	240116_PG_FTMSMS-_3.mzXML	35.0	4552.5	0.0	0.0	[9.0..9.0]	[1.0..1.0]	[0.902..0.902]	[4106.355..4106.355]	[0.421..0.421]	[0.32..0.74]	[0.902..0.902]	[4106.355..4106.355]	[0.421..0.421]	[0.317..0.738]	0.89770675	[3686.3027..3686.3027]
Group-1	PG 35:3:0	241.22	240116_PG_FTMSMS-_3.mzXML	25.0	1154.2	0.0	0.0	[0.0..0.0]	[0.0..0.0]	[0.995..0.995]	[1148.429..1148.429]	[0.136..0.138]	[0.0..0.0]	[0.995..0.995]	[1148.429..1148.429]	[0.136..0.138]	[0.0..0.0]	0.8997608	[1033.3114..1033.3114]
Group-1	PG 35:3:0	241.22	240116_PG_FTMSMS-_3.mzXML	30.0	1332.9	0.0	0.0	[0.0..0.0]	[0.0..0.0]	[1.006..1.006]	[1340.898..1340.898]	[0.111..0.129]	[0.0..0.0]	[1.006..1.006]	[1340.8975..1340.8975]	[0.111..0.129]	[0.0..0.0]	0.8997608	[1206.4869..1206.4869]
Group-1	PG 35:3:0	241.22	240116_PG_FTMSMS-_3.mzXML	35.0	1588.9	0.0	0.0	[0.0..0.0]	[0.0..0.0]	[1.009..1.009]	[1603.2..1603.2]	[0.119..0.161]	[0.0..0.0]	[1.009..1.009]	[1603.2001..1603.2001]	[0.119..0.161]	[0.0..0.0]	0.8997608	[1442.4965..1442.4965]
Group-1	PG 35:3:0	253.22	240116_PG_FTMSMS-_3.mzXML	25.0	533.2	0.0	0.0	[9.0..9.0]	[0.0..0.0]	[0.97..0.97]	[517.204..517.204]	[1.0..1.0]	[0.54..1.0]	[0.97..0.97]	[517.20404..517.20404]	[1.0..1.0]	[0.542..1.0]	0.8997608	[465.35992..465.35992]
Group-1	PG 35:3:0	253.22	240116_PG_FTMSMS-_3.mzXML	30.0	854.6	0.0	0.0	[9.0..9.0]	[1.0..1.0]	[1.013..1.013]	[865.71..865.71]	[0.639..0.639]	[0.54..1.0]	[1.013..1.013]	[865.7098..865.7098]	[0.639..0.639]	[0.542..1.0]	0.8997608	[778.9317..778.9317]
Group-1	PG 35:3:0	253.22	240116_PG_FTMSMS-_3.mzXML	35.0	655.7	0.0	0.0	[9.0..9.0]	[0.0..1.0]	[0.99..1.021]	[649.143..669.47]	[0.518..0.521]	[0.54..1.0]	[1.007..1.021]	[660.2899..669.4697]	[0.522..0.524]	[0.542..1.0]	0.8997608	[584.0734..602.3626]
Group-1	PG 35:3:0	255.23	240116_PG_FTMSMS-_3.mzXML	25.0	8639.2	0.0	0.0	[0.0..0.0]	[0.0..1.0]	[1.0..1.0]	[8639.2..8639.2]	[0.375..0.384]	[0.21..0.54]	[1.0..1.0]	[8639.2..8639.2]	[0.383..0.393]	[0.212..0.544]	0.8997608	[7773.2134..7773.2134]
Group-1	PG 35:3:0	255.23	240116_PG_FTMSMS-_3.mzXML	30.0	12728.7	0.0	0.0	[0.0..0.0]	[1.0..1.0]	[1.0..1.0]	[12728.7..12728.7]	[0.432..0.461]	[0.21..0.54]	[1.0..1.0]	[12728.7..12728.7]	[0.437..0.466]	[0.212..0.544]	0.8997608	[11452.785..11452.785]
Group-1	PG 35:3:0	255.23	240116_PG_FTMSMS-_3.mzXML	35.0	13696.1	0.0	0.0	[0.0..0.0]	[0.0..0.0]	[1.0..1.0]	[13696.1..13696.1]	[0.47..0.519]	[0.21..0.54]	[1.0..1.0]	[13696.1..13696.1]	[0.47..0.52]	[0.212..0.544]	0.8997608	[12323.213..12323.213]
Group-1	PG 35:3:0	265.22	240116_PG_FTMSMS-_3.mzXML	25.0	1203.1	0.0	0.0	[9.0..9.0]	[0.0..0.0]	[0.941..0.941]	[1132.117..1132.117]	[0.075..0.075]	[0.0..0.0]	[0.941..0.941]	[1132.1171..1132.1171]	[0.075..0.075]	[0.0..0.0]	0.8997608	[1018.6345..1018.6345]
Group-1	PG 35:3:0	265.22	240116_PG_FTMSMS-_3.mzXML	30.0	1850.8	0.0	0.0	[9.0..9.0]	[1.0..1.0]	[0.992..0.992]	[1835.994..1835.994]	[0.092..0.092]	[0.0..0.0]	[0.992..0.992]	[1835.9937..1835.9937]	[0.092..0.092]	[0.0..0.0]	0.8997608	[1651.9551..1651.9551]
Group-1	PG 35:3:0	265.22	240116_PG_FTMSMS-_3.mzXML	35.0	1818.1	0.0	0.0	[9.0..9.0]	[0.0..1.0]	[1.038..1.052]	[1887.188..1912.641]	[0.086..0.087]	[0.0..0.0]	[1.038..1.038]	[1887.1877..1887.1877]	[0.085..0.085]	[0.0..0.0]	0.8997608	[1698.0176..1720.9197]
Group-1	PG 35:3:0	267.23	240116_PG_FTMSMS-_3.mzXML	25.0	15528.2	0.0	0.0	[9.0..9.0]	[0.0..0.0]	[0.945..0.945]	[14674.149..14674.149]	[0.133..0.133]	[0.0..0.0]	[0.945..0.945]	[14674.149..14674.149]	[0.133..0.133]	[0.0..0.0]	0.8997608	[13203.225..13203.225]
Group-1	PG 35:3:0	267.23	240116_PG_FTMSMS-_3.mzXML	30.0	20687.6	0.0	0.0	[9.0..9.0]	[0.0..0.0]	[0.942..0.942]	[19487.719..19487.719]	[0.125..0.125]	[0.0..0.0]	[0.942..0.942]	[19487.719..19487.719]	[0.125..0.125]	[0.0..0.0]	0.8997608	[17534.285..17534.285]
Group-1	PG 35:3:0	267.23	240116_PG_FTMSMS-_3.mzXML	35.0	21246.5	0.0	0.0	[9.0..9.0]	[0.0..0.0]	[0.949..0.949]	[20162.928..20162.928]	[0.132..0.132]	[0.0..0.0]	[0.949..0.949]	[20162.928..20162.928]	[0.132..0.132]	[0.0..0.0]	0.8997608	[18141.812..18141.812]
Group-1	PG 35:3:0	269.25	240116_PG_FTMSMS-_3.mzXML	25.0	1444.3	0.0	0.0	[0.0..0.0]	[0.0..1.0]	[1.001..1.004]	[1445.744..1450.077]	[0.239..0.243]	[0.0..0.0]	[1.001..1.001]	[1445.7444..1445.7444]	[0.238..0.24]	[0.0..0.0]	0.8997608	[1300.8241..1304.7225]
Group-1	PG 35:3:0	269.25	240116_PG_FTMSMS-_3.mzXML	30.0	1454.4	0.0	0.0	[0.0..0.0]	[0.0..1.0]	[0.987..0.993]	[1435.493..1444.219]	[0.179..0.195]	[0.0..0.0]	[0.987..0.987]	[1435.4928..1435.4928]	[0.178..0.193]	[0.0..0.0]	0.8997608	[1291.6001..1299.4518]
Group-1	PG 35:3:0	269.25	240116_PG_FTMSMS-_3.mzXML	35.0	1953.2	0.0	0.0	[0.0..0.0]	[0.0..0.0]	[0.989..0.989]	[1931.715..1931.715]	[0.202..0.234]	[0.0..0.0]	[0.989..0.989]	[1931.7148..1931.7148]	[0.202..0.234]	[0.0..0.0]	0.8997608	[1738.0812..1738.0812]
Group-1	PG 35:3:0	277.22	240116_PG_FTMSMS-_3.mzXML	25.0	4550.7	0.0	0.0	[6.0..9.0]	[0.0..1.0]	[0.989..1.016]	[4500.643..4623.512]	[0.757..0.761]	[1.0..1.0]	[1.005..1.016]	[4573.4536..4623.5117]	[0.76..0.762]	[1.0..1.0]	0.8997608	[4049.5017..4160.054]
Group-1	PG 35:3:0	277.22	240116_PG_FTMSMS-_3.mzXML	30.0	5489.0	0.0	0.0	[6.0..9.0]	[0.0..1.0]	[1.082..1.205]	[5939.098..6614.245]	[0.805..0.821]	[1.0..1.0]	[1.093..1.205]	[5999.4775..6614.245]	[0.807..0.822]	[1.0..1.0]	0.8997608	[5343.7676..5951.239]
Group-1	PG 35:3:0	277.22	240116_PG_FTMSMS-_3.mzXML	35.0	4975.0	0.0	0.0	[6.0..9.0]	[1.0..1.0]	[1.27..1.537]	[6318.25..7646.575]	[0.766..0.798]	[1.0..1.0]	[1.27..1.537]	[6318.25..7646.5747]	[0.766..0.798]	[1.0..1.0]	0.8997608	[5684.9136..6880.0884]
Group-1	PG 35:3:0	279.23	240116_PG_FTMSMS-_3.mzXML	25.0	100817.0	0.0	0.0	[9.0..9.0]	[1.0..1.0]	[0.946..0.946]	[95372.88..95372.88]	[0.867..0.867]	[1.0..1.0]	[0.946..0.946]	[95372.88..95372.88]	[0.867..0.867]	[1.0..1.0]	0.8997608	[85812.77..85812.77]
Group-1	PG 35:3:0	279.23	240116_PG_FTMSMS-_3.mzXML	30.0	142050.0	0.0	0.0	[9.0..9.0]	[1.0..1.0]	[0.957..0.957]	[135941.86..135941.86]	[0.875..0.875]	[1.0..1.0]	[0.957..0.957]	[135941.86..135941.86]	[0.875..0.875]	[1.0..1.0]	0.8997608	[122315.14..122315.14]
Group-1	PG 35:3:0	279.23	240116_PG_FTMSMS-_3.mzXML	35.0	131255.4	0.0	0.0	[9.0..9.0]	[1.0..1.0]	[1.01..1.01]	[132567.95..132567.95]	[0.868..0.868]	[1.0..1.0]	[1.01..1.01]	[132567.95..132567.95]	[0.868..0.868]	[1.0..1.0]	0.8997608	[119279.45..119279.45]
Group-1	PG 35:3:0	281.25	240116_PG_FTMSMS-_3.mzXML	25.0	14591.8	0.0	0.0	[9.0..9.0]	[1.0..1.0]	[0.958..0.958]	[13978.944..13978.944]	[0.925..0.925]	[1.0..1.0]	[0.958..0.958]	[13978.944..13978.944]	[0.925..0.925]	[1.0..1.0]	0.8997608	[12577.705..12577.705]
Group-1	PG 35:3:0	281.25	240116_PG_FTMSMS-_3.mzXML	30.0	19906.7	0.0	0.0	[9.0..9.0]	[0.0..0.0]	[0.911..0.911]	[18135.004..18135.004]	[0.908..0.908]	[1.0..1.0]	[0.911..0.911]	[18135.004..18135.004]	[0.908..0.908]	[1.0..1.0]	0.8997608	[16317.165..16317.165]
Group-1	PG 35:3:0	281.25	240116_PG_FTMSMS-_3.mzXML	35.0	21758.9	0.0	0.0	[9.0..9.0]	[0.0..1.0]	[0.912..0.936]	[19844.117..20366.33]	[0.913..0.914]	[1.0..1.0]	[0.936..0.936]	[20366.33..20366.33]	[0.915..0.915]	[1.0..1.0]	0.8997608	[17854.957..18324.824]
Group-1	PG 35:3:0	291.23	240116_PG_FTMSMS-_3.mzXML	25.0	14500.5	0.0	0.0	[6.0..9.0]	[0.0..1.0]	[0.957..0.991]	[13876.979..14369.995]	[0.616..0.625]	[0.46..0.79]	[0.921..0.958]	[13354.961..13891.4795]	[0.607..0.617]	[0.456..0.788]	0.8997608	[12485.962..12929.559]
Group-1	PG 35:3:0	291.23	240116_PG_FTMSMS-_3.mzXML	30.0	14421.7	0.0	0.0	[6.0..9.0]	[0.0..0.0]	[1.031..1.161]	[14868.773..16743.594]	[0.539..0.568]	[0.46..0.79]	[1.013..1.139]	[14609.183..16426.316]	[0.534..0.563]	[0.456..0.788]	0.8997608	[13378.339..15065.2295]
Group-1	PG 35:3:0	291.23	240116_PG_FTMSMS-_3.mzXML	35.0	10528.4	0.0	0.0	[6.0..9.0]	[1.0..1.0]	[1.207..1.469]	[12707.779..15466.22]	[0.481..0.53]	[0.46..0.79]	[1.202..1.468]	[12655.138..15455.692]	[0.48..0.53]	[0.456..0.788]	0.8997608	[11433.962..13915.898]
Group-1	PG 35:3:0	293.25	240116_PG_FTMSMS-_3.mzXML	25.0	0.0	0.0	0.0	[9.0..9.0]	[1.0..1.0]	[0.926..0.926]	[0.0..0.0]	[0.0..0.0]	[0.0..0.46]	[0.926..0.926]	[0.0..0.0]	[0.0..0.0]	[0.0..0.458]	0.8997608	[0.0..0.0]
Group-1	PG 35:3:0	293.25	240116_PG_FTMSMS-_3.mzXML	30.0	542.9	0.0	0.0	[9.0..9.0]	[0.0..0.0]	[0.902..0.902]	[489.696..489.696]	[0.361..0.361]	[0.0..0.46]	[0.902..0.902]	[489.69583..489.69583]	[0.361..0.361]	[0.0..0.458]	0.8997608	[440.6091..440.6091]
Group-1	PG 35:3:0	293.25	240116_PG_FTMSMS-_3.mzXML	35.0	635.3	0.0	0.0	[9.0..9.0]	[0.0..1.0]	[0.95..0.97]	[603.535..616.241]	[0.479..0.482]	[0.0..0.46]	[0.95..0.959]	[603.535..609.2527]	[0.476..0.478]	[0.0..0.458]	0.8997608	[543.0371..554.46954]
Group-1	PG 35:3:0	305.25	240116_PG_FTMSMS-_3.mzXML	25.0	7427.0	0.0	0.0	[5.0..11.0]	[1.0..1.0]	[0.966..0.981]	[7174.482..7285.887]	[0.862..0.864]	[1.0..1.0]	[0.966..0.981]	[7174.482..7285.887]	[0.862..0.864]	[1.0..1.0]	0.8997608	[6455.318..6555.5557]
Group-1	PG 35:3:0	305.25	240116_PG_FTMSMS-_3.mzXML	30.0	9168.8	0.0	0.0	[5.0..11.0]	[1.0..1.0]	[0.987..1.177]	[9049.605..10791.678]	[0.871..0.889]	[1.0..1.0]	[0.987..1.177]	[9049.605..10791.678]	[0.871..0.889]	[1.0..1.0]	0.8997608	[8142.48..9709.929]
Group-1	PG 35:3:0	305.25	240116_PG_FTMSMS-_3.mzXML	35.0	7697.4	0.0	0.0	[5.0..11.0]	[1.0..1.0]	[1.087..1.54]	[8367.074..11853.995]	[0.839..0.881]	[1.0..1.0]	[1.087..1.54]	[8367.074..11853.995]	[0.839..0.881]	[1.0..1.0]	0.8997608	[7528.3647..10665.76]
Group-1	PG 36:1:0	255.23	240116_PG_FTMSMS-_3.mzXML	25.0	132295.6	0.0	0.0	[0.0..0.0]	[0.0..0.0]	[1.0..1.0]	[132295.6..132295.6]	[0.278..0.278]	[0.0..0.07]	[1.0..1.0]	[132295.6..132295.6]	[0.278..0.278]	[0.0..0.067]	0.8817691	[116654.17..116654.17]
Group-1	PG 36:1:0	255.23	240116_PG_FTMSMS-_3.mzXML	30.0	166260.7	0.0	0.0	[0.0..0.0]	[1.0..1.0]	[1.0..1.0]	[166260.7..166260.7]	[0.313..0.313]	[0.0..0.07]	[1.0..1.0]	[166260.7..166260.7]	[0.313..0.313]	[0.0..0.067]	0.8817691	[146603.55..146603.55]
Group-1	PG 36:1:0	255.23	240116_PG_FTMSMS-_3.mzXML	35.0	162670.8	0.0	0.0	[0.0..0.0]	[0.0..1.0]	[1.0..1.0]	[162670.8..162670.8]	[0.257..0.262]	[0.0..0.07]	[1.0..1.0]	[162670.8..162670.8]	[0.257..0.258]	[0.0..0.067]	0.8817691	[143438.08..143438.08]
Group-1	PG 36:1:0	281.25	240116_PG_FTMSMS-_3.mzXML	25.0	1.8967902E7	0.0	0.0	[9.0..9.0]	[0.0..1.0]	[0.925..0.958]	[1.754531E7..1.817125E7]	[0.732..0.738]	[0.99..1.0]	[0.958..0.958]	[1.817125E7..1.817125E7]	[0.739..0.739]	[0.992..1.0]	0.8817691	[1.5470912E7..1.6022847E7]
Group-1	PG 36:1:0	281.25	240116_PG_FTMSMS-_3.mzXML	30.0	2.5168186E7	0.0	0.0	[9.0..9.0]	[0.0..1.0]	[0.911..0.937]	[2.2928218E7..2.358259E7]	[0.733..0.736]	[0.99..1.0]	[0.937..0.937]	[2.358259E7..2.358259E7]	[0.738..0.738]	[0.992..1.0]	0.8817691	[2.0217396E7..2.07944E7]
Group-1	PG 36:1:0	281.25	240116_PG_FTMSMS-_3.mzXML	35.0	2.672502E7	0.0	0.0	[9.0..9.0]	[0.0..1.0]	[0.912..0.936]	[2.4373218E7..2.5014618E7]	[0.713..0.716]	[0.99..1.0]	[0.936..0.936]	[2.5014618E7..2.5014618E7]	[0.719..0.719]	[0.992..1.0]	0.8817691	[2.1491552E7..2.2057118E7]
Group-1	PG 36:1:0	283.26	240116_PG_FTMSMS-_3.mzXML	25.0	6395303.5	0.0	0.0	[0.0..0.0]	[0.0..1.0]	[1.002..1.009]	[6408094.0..6452861.0]	[0.262..0.268]	[0.0..0.01]	[1.002..1.002]	[6408094.0..6408094.0]	[0.261..0.261]	[0.0..0.008]	0.8817691	[5650459.0..5689933.5]
Group-1	PG 36:1:0	283.26	240116_PG_FTMSMS-_3.mzXML	30.0	8575520.0	0.0	0.0	[0.0..0.0]	[0.0..1.0]	[0.976..0.985]	[8369707.5..8446887.0]	[0.264..0.267]	[0.0..0.01]	[0.976..0.976]	[8369707.5..8369707.5]	[0.262..0.262]	[0.0..0.008]	0.8817691	[7380149.5..7448204.0]
Group-1	PG 36:1:0	283.26	240116_PG_FTMSMS-_3.mzXML	35.0	1.0176244E7	0.0	0.0	[0.0..0.0]	[0.0..1.0]	[0.963..0.976]	[9799723.0..9932014.0]	[0.284..0.287]	[0.0..0.01]	[0.963..0.963]	[9799723.0..9799723.0]	[0.281..0.281]	[0.0..0.008]	0.8817691	[8641093.0..8757744.0]
Group-1	PG 36:1:0	309.28	240116_PG_FTMSMS-_3.mzXML	25.0	363707.3	0.0	0.0	[11.0..11.0]	[1.0..1.0]	[0.946..0.946]	[344067.12..344067.12]	[0.722..0.722]	[0.93..1.0]	[0.946..0.946]	[344067.12..344067.12]	[0.722..0.722]	[0.933..1.0]	0.8817691	[303387.75..303387.75]
Group-1	PG 36:1:0	309.28	240116_PG_FTMSMS-_3.mzXML	30.0	416167.6	0.0	0.0	[11.0..11.0]	[0.0..0.0]	[0.876..0.876]	[364562.8..364562.8]	[0.687..0.687]	[0.93..1.0]	[0.876..0.876]	[364562.8..364562.8]	[0.687..0.687]	[0.933..1.0]	0.8817691	[321460.22..321460.22]
Group-1	PG 36:1:0	309.28	240116_PG_FTMSMS-_3.mzXML	35.0	534372.5	0.0	0.0	[11.0..11.0]	[0.0..1.0]	[0.856..0.879]	[457422.88..469713.44]	[0.738..0.743]	[0.93..1.0]	[0.877..0.879]	[468644.66..469713.44]	[0.742..0.743]	[0.933..1.0]	0.8817691	[403341.34..414178.78]
Group-1	PG 36:2:0	255.23	240116_PG_FTMSMS-_3.mzXML	25.0	115033.6	0.0	0.0	[0.0..0.0]	[0.0..0.0]	[1.0..1.0]	[115033.6..115033.6]	[0.221..0.221]	[0.0..0.1]	[1.0..1.0]	[115033.6..115033.6]	[0.221..0.221]	[0.0..0.095]	0.8837351	[101659.234..101659.234]
Group-1	PG 36:2:0	255.23	240116_PG_FTMSMS-_3.mzXML	30.0	249586.1	0.0	0.0	[0.0..0.0]	[1.0..1.0]	[1.0..1.0]	[249586.1..249586.1]	[0.325..0.325]	[0.0..0.1]	[1.0..1.0]	[249586.1..249586.1]	[0.325..0.325]	[0.0..0.095]	0.8837351	[220568.0..220568.0]
Group-1	PG 36:2:0	255.23	240116_PG_FTMSMS-_3.mzXML	35.0	194458.9	0.0	0.0	[0.0..0.0]	[0.0..1.0]	[1.0..1.0]	[194458.9..194458.9]	[0.256..0.26]	[0.0..0.1]	[1.0..1.0]	[194458.9..194458.9]	[0.256..0.256]	[0.0..0.095]	0.8837351	[171850.17..171850.17]
Group-1	PG 36:2:0	279.23	240116_PG_FTMSMS-_3.mzXML	25.0	1.498389E7	0.0	0.0	[9.0..9.0]	[0.0..1.0]	[0.917..0.946]	[1.3740227E7..1.417476E7]	[0.738..0.743]	[1.0..1.0]	[0.946..0.946]	[1.417476E7..1.417476E7]	[0.744..0.744]	[1.0..1.0]	0.8837351	[1.2142721E7..1.2526733E7]
Group-1	PG 36:2:0	279.23	240116_PG_FTMSMS-_3.mzXML	30.0	2.1136942E7	0.0	0.0	[9.0..9.0]	[0.0..1.0]	[0.935..0.957]	[1.976304E7..2.0228052E7]	[0.729..0.732]	[1.0..1.0]	[0.957..0.957]	[2.0228054E7..2.0228054E7]	[0.734..0.734]	[1.0..1.0]	0.8837351	[1.7465294E7..1.7876242E7]
Group-1	PG 36:2:0	279.23	240116_PG_FTMSMS-_3.mzXML	35.0	1.8867542E7	0.0	0.0	[9.0..9.0]	[0.0..1.0]	[0.992..1.01]	[1.8716602E7..1.9056218E7]	[0.722..0.723]	[1.0..1.0]	[1.01..1.01]	[1.9056218E7..1.9056218E7]	[0.726..0.726]	[1.0..1.0]	0.8837351	[1.6540517E7..1.6840648E7]
Group-1	PG 36:2:0	281.25	240116_PG_FTMSMS-_3.mzXML	25.0	6364299.0	0.0	0.0	[9.0..9.0]	[0.5..0.5]	[0.922..0.922]	[5867883.5..5867883.5]	[0.5..0.5]	[0.5..0.5]	[0.922..0.922]	[5867883.5..5867883.5]	[0.5..0.5]	[0.5..0.5]	0.8837351	[5185655.0..5185655.0]
Group-1	PG 36:2:0	281.25	240116_PG_FTMSMS-_3.mzXML	30.0	9038446.0	0.0	0.0	[9.0..9.0]	[0.5..0.5]	[0.916..0.916]	[8279216.5..8279216.5]	[0.5..0.5]	[0.5..0.5]	[0.916..0.916]	[8279216.5..8279216.5]	[0.5..0.5]	[0.5..0.5]	0.8837351	[7316634.5..7316634.5]
Group-1	PG 36:2:0	281.25	240116_PG_FTMSMS-_3.mzXML	35.0	8447279.0	0.0	0.0	[9.0..9.0]	[0.5..0.5]	[0.922..0.922]	[7788391.0..7788391.0]	[0.5..0.5]	[0.5..0.5]	[0.922..0.922]	[7788391.0..7788391.0]	[0.5..0.5]	[0.5..0.5]	0.8837351	[6882874.5..6882874.5]
Group-1	PG 36:2:0	283.26	240116_PG_FTMSMS-_3.mzXML	25.0	4869328.5	0.0	0.0	[0.0..0.0]	[0.0..1.0]	[1.002..1.009]	[4879067.0..4913152.0]	[0.257..0.262]	[0.0..0.0]	[1.002..1.002]	[4879067.0..4879067.0]	[0.256..0.256]	[0.0..0.0]	0.8837351	[4311803.0..4341925.0]
Group-1	PG 36:2:0	283.26	240116_PG_FTMSMS-_3.mzXML	30.0	7514672.5	0.0	0.0	[0.0..0.0]	[0.0..1.0]	[0.976..0.985]	[7334320.5..7401952.5]	[0.268..0.271]	[0.0..0.0]	[0.976..0.976]	[7334320.5..7334320.5]	[0.266..0.266]	[0.0..0.0]	0.8837351	[6481596.5..6541365.5]
Group-1	PG 36:2:0	283.26	240116_PG_FTMSMS-_3.mzXML	35.0	7481773.5	0.0	0.0	[0.0..0.0]	[0.0..1.0]	[0.963..0.976]	[7204948.0..7302211.0]	[0.277..0.278]	[0.0..0.0]	[0.963..0.963]	[7204948.0..7204948.0]	[0.274..0.274]	[0.0..0.0]	0.8837351	[6367265.5..6453220.5]
Group-1	PG 36:2:0	307.26	240116_PG_FTMSMS-_3.mzXML	25.0	436457.9	0.0	0.0	[11.0..11.0]	[1.0..1.0]	[0.928..0.928]	[405032.94..405032.94]	[0.779..0.779]	[0.9..1.0]	[0.928..0.928]	[405032.94..405032.94]	[0.779..0.779]	[0.905..1.0]	0.8837351	[357941.8..357941.8]
Group-1	PG 36:2:0	307.26	240116_PG_FTMSMS-_3.mzXML	30.0	589980.9	0.0	0.0	[11.0..11.0]	[0.0..0.0]	[0.877..0.877]	[517413.22..517413.22]	[0.675..0.675]	[0.9..1.0]	[0.877..0.877]	[517413.22..517413.22]	[0.675..0.675]	[0.905..1.0]	0.8837351	[457256.22..457256.22]
Group-1	PG 36:2:0	307.26	240116_PG_FTMSMS-_3.mzXML	35.0	617343.5	0.0	0.0	[11.0..11.0]	[0.0..1.0]	[0.895..0.916]	[552522.44..565486.6]	[0.74..0.744]	[0.9..1.0]	[0.914..0.916]	[564251.94..565486.6]	[0.744..0.744]	[0.905..1.0]	0.8837351	[488283.47..499740.4]
Group-1	PG 36:3:0	255.23	240116_PG_FTMSMS-_3.mzXML	25.0	392906.8	0.0	0.0	[0.0..0.0]	[0.0..0.0]	[1.0..1.0]	[392906.8..392906.8]	[0.236..0.238]	[0.0..0.0]	[1.0..1.0]	[392906.8..392906.8]	[0.236..0.238]	[0.0..0.003]	0.8857106	[348001.72..348001.72]
Group-1	PG 36:3:0	255.23	240116_PG_FTMSMS-_3.mzXML	30.0	554726.9	0.0	0.0	[0.0..0.0]	[0.0..0.0]	[1.0..1.0]	[554726.9..554726.9]	[0.239..0.272]	[0.0..0.0]	[1.0..1.0]	[554726.9..554726.9]	[0.239..0.272]	[0.0..0.003]	0.8857106	[491327.47..491327.47]
Group-1	PG 36:3:0	255.23	240116_PG_FTMSMS-_3.mzXML	35.0	570064.0	0.0	0.0	[0.0..0.0]	[0.0..0.0]	[1.0..1.0]	[570064.0..570064.0]	[0.22..0.285]	[0.0..0.0]	[1.0..1.0]	[570064.0..570064.0]	[0.22..0.285]	[0.0..0.003]	0.8857106	[504911.72..504911.72]
Group-1	PG 36:3:0	277.22	240116_PG_FTMSMS-_3.mzXML	25.0	122762.1	0.0	0.0	[6.0..9.0]	[0.0..1.0]	[0.989..1.016]	[121411.72..124726.3]	[0.743..0.747]	[0.98..1.0]	[1.001..1.016]	[122884.87..124726.3]	[0.745..0.748]	[0.976..1.0]	0.8857106	[107535.65..110471.41]
Group-1	PG 36:3:0	277.22	240116_PG_FTMSMS-_3.mzXML	30.0	158499.2	0.0	0.0	[6.0..9.0]	[0.0..1.0]	[1.082..1.205]	[171496.14..190991.55]	[0.721..0.74]	[0.98..1.0]	[1.09..1.205]	[172764.14..190991.55]	[0.722..0.742]	[0.976..1.0]	0.8857106	[151895.95..169163.23]
Group-1	PG 36:3:0	277.22	240116_PG_FTMSMS-_3.mzXML	35.0	100482.7	0.0	0.0	[6.0..9.0]	[0.0..1.0]	[1.265..1.537]	[127110.62..154441.9]	[0.706..0.742]	[0.98..1.0]	[1.27..1.537]	[127613.03..154441.9]	[0.707..0.745]	[0.976..1.0]	0.8857106	[112583.22..136790.83]
Group-1	PG 36:3:0	279.23	240116_PG_FTMSMS-_3.mzXML	25.0	2863536.0	0.0	0.0	[9.0..9.0]	[0.0..0.0]	[0.917..0.917]	[2625862.5..2625862.5]	[0.657..0.657]	[0.86..0.93]	[0.917..0.917]	[2625862.5..2625862.5]	[0.657..0.657]	[0.862..0.926]	0.8857106	[2325754.2..2325754.2]
Group-1	PG 36:3:0	279.23	240116_PG_FTMSMS-_3.mzXML	30.0	3815855.5	0.0	0.0	[9.0..9.0]	[1.0..1.0]	[0.957..0.957]	[3651773.8..3651773.8]	[0.684..0.684]	[0.86..0.93]	[0.957..0.957]	[3651773.8..3651773.8]	[0.684..0.684]	[0.862..0.926]	0.8857106	[3234414.8..3234414.8]
Group-1	PG 36:3:0	279.23	240116_PG_FTMSMS-_3.mzXML	35.0	3612573.0	0.0	0.0	[9.0..9.0]	[0.0..1.0]	[0.992..1.01]	[3583672.2..3648698.5]	[0.668..0.67]	[0.86..0.93]	[1.007..1.009]	[3637861.0..3645086.0]	[0.672..0.673]	[0.862..0.926]	0.8857106	[3174096.8..3231691.2]
Group-1	PG 36:3:0	281.25	240116_PG_FTMSMS-_3.mzXML	25.0	1430619.9	0.0	0.0	[9.0..9.0]	[1.0..1.0]	[0.958..0.958]	[1370533.9..1370533.9]	[0.343..0.343]	[0.07..0.14]	[0.958..0.958]	[1370533.9..1370533.9]	[0.343..0.343]	[0.074..0.138]	0.8857106	[1213896.2..1213896.2]
Group-1	PG 36:3:0	281.25	240116_PG_FTMSMS-_3.mzXML	30.0	1848149.0	0.0	0.0	[9.0..9.0]	[0.0..0.0]	[0.911..0.911]	[1683663.8..1683663.8]	[0.316..0.316]	[0.07..0.14]	[0.911..0.911]	[1683663.8..1683663.8]	[0.316..0.316]	[0.074..0.138]	0.8857106	[1491238.8..1491238.8]
Group-1	PG 36:3:0	281.25	240116_PG_FTMSMS-_3.mzXML	35.0	1939277.2	0.0	0.0	[9.0..9.0]	[0.0..1.0]	[0.912..0.936]	[1768620.9..1815163.5]	[0.33..0.332]	[0.07..0.14]	[0.914..0.915]	[1772499.4..1774438.8]	[0.327..0.328]	[0.074..0.138]	0.8857106	[1566486.2..1607709.5]
Group-1	PG 36:3:0	283.26	240116_PG_FTMSMS-_3.mzXML	25.0	41959.6	0.0	0.0	[0.0..0.0]	[0.0..1.0]	[1.002..1.009]	[42043.52..42337.234]	[0.253..0.257]	[0.0..0.02]	[1.002..1.002]	[42043.52..42043.52]	[0.252..0.255]	[0.0..0.024]	0.8857106	[37238.39..37498.535]
Group-1	PG 36:3:0	283.26	240116_PG_FTMSMS-_3.mzXML	30.0	68159.9	0.0	0.0	[0.0..0.0]	[0.0..1.0]	[0.976..0.985]	[66524.06..67137.51]	[0.26..0.279]	[0.0..0.02]	[0.976..0.976]	[66524.06..66524.06]	[0.258..0.278]	[0.0..0.024]	0.8857106	[58921.066..59464.4]
Group-1	PG 36:3:0	283.26	240116_PG_FTMSMS-_3.mzXML	35.0	54990.9	0.0	0.0	[0.0..0.0]	[0.0..1.0]	[0.963..0.976]	[52956.234..53671.117]	[0.258..0.294]	[0.0..0.02]	[0.963..0.963]	[52956.234..52956.234]	[0.255..0.293]	[0.0..0.024]	0.8857106	[46903.902..47537.08]
Group-1	PG 36:3:0	305.25	240116_PG_FTMSMS-_3.mzXML	25.0	1300057.9	0.0	0.0	[5.0..11.0]	[1.0..1.0]	[0.966..0.981]	[1255855.9..1275356.8]	[0.762..0.764]	[1.0..1.0]	[0.966..0.981]	[1255855.9..1275356.8]	[0.762..0.764]	[0.997..1.0]	0.8857106	[1112324.9..1129597.0]
Group-1	PG 36:3:0	305.25	240116_PG_FTMSMS-_3.mzXML	30.0	1502958.2	0.0	0.0	[5.0..11.0]	[1.0..1.0]	[0.987..1.177]	[1483419.8..1768981.9]	[0.728..0.761]	[1.0..1.0]	[0.987..1.177]	[1483419.8..1768981.9]	[0.728..0.761]	[0.997..1.0]	0.8857106	[1313880.6..1566806.0]
Group-1	PG 36:3:0	305.25	240116_PG_FTMSMS-_3.mzXML	35.0	1315394.8	0.0	0.0	[5.0..11.0]	[1.0..1.0]	[1.087..1.54]	[1429834.1..2025707.9]	[0.715..0.78]	[1.0..1.0]	[1.087..1.54]	[1429834.1..2025707.9]	[0.715..0.78]	[0.997..1.0]	0.8857106	[1266419.2..1794191.0]
Group-1	PG 36:4:0	255.23	240116_PG_FTMSMS-_3.mzXML	25.0	1531899.5	0.0	0.0	[0.0..0.0]	[0.0..1.0]	[1.0..1.0]	[1531899.5..1531899.5]	[0.227..0.23]	[0.0..0.03]	[1.0..1.0]	[1531899.5..1531899.5]	[0.227..0.233]	[0.0..0.026]	0.8877056	[1359875.8..1359875.8]
Group-1	PG 36:4:0	255.23	240116_PG_FTMSMS-_3.mzXML	30.0	2235351.0	0.0	0.0	[0.0..0.0]	[0.100000024..1.0]	[1.0..1.0]	[2235351.0..2235351.0]	[0.251..0.266]	[0.0..0.03]	[1.0..1.0]	[2235351.0..2235351.0]	[0.249..0.268]	[0.0..0.026]	0.8877056	[1984333.6..1984333.6]
Group-1	PG 36:4:0	255.23	240116_PG_FTMSMS-_3.mzXML	35.0	2185001.8	0.0	0.0	[0.0..0.0]	[0.0..0.0]	[1.0..1.0]	[2185001.8..2185001.8]	[0.264..0.295]	[0.0..0.03]	[1.0..1.0]	[2185001.8..2185001.8]	[0.264..0.295]	[0.0..0.026]	0.8877056	[1939638.4..1939638.4]
Group-1	PG 36:4:0	277.22	240116_PG_FTMSMS-_3.mzXML	25.0	42548.2	0.0	0.0	[6.0..9.0]	[0.0..0.0]	[0.989..1.014]	[42080.17..43143.875]	[0.534..0.54]	[0.3..0.7]	[0.954..0.972]	[40590.98..41356.85]	[0.525..0.529]	[0.304..0.701]	0.8877056	[37354.805..38299.062]
Group-1	PG 36:4:0	277.22	240116_PG_FTMSMS-_3.mzXML	30.0	63287.4	0.0	0.0	[6.0..9.0]	[1.0..1.0]	[1.093..1.205]	[69173.13..76261.32]	[0.563..0.587]	[0.3..0.7]	[1.062..1.177]	[67211.22..74489.27]	[0.556..0.581]	[0.304..0.701]	0.8877056	[61405.375..67697.6]
Group-1	PG 36:4:0	277.22	240116_PG_FTMSMS-_3.mzXML	35.0	35417.2	0.0	0.0	[6.0..9.0]	[0.0..1.0]	[1.265..1.537]	[44802.758..54436.234]	[0.415..0.456]	[0.3..0.7]	[1.267..1.537]	[44873.59..54436.234]	[0.413..0.458]	[0.304..0.701]	0.8877056	[39771.66..48323.35]
Group-1	PG 36:4:0	279.23	240116_PG_FTMSMS-_3.mzXML	25.0	538264.2	0.0	0.0	[9.0..9.0]	[0.5..0.5]	[0.921..0.921]	[495741.3..495741.3]	[0.5..0.5]	[0.5..0.5]	[0.921..0.921]	[495741.3..495741.3]	[0.5..0.5]	[0.5..0.5]	0.8877056	[440072.38..440072.38]
Group-1	PG 36:4:0	279.23	240116_PG_FTMSMS-_3.mzXML	30.0	784328.3	0.0	0.0	[9.0..9.0]	[0.5..0.5]	[0.945..0.945]	[741190.25..741190.25]	[0.5..0.5]	[0.5..0.5]	[0.945..0.945]	[741190.25..741190.25]	[0.5..0.5]	[0.5..0.5]	0.8877056	[657958.75..657958.75]
Group-1	PG 36:4:0	279.23	240116_PG_FTMSMS-_3.mzXML	35.0	768804.0	0.0	0.0	[9.0..9.0]	[0.5..0.5]	[1.005..1.005]	[772648.0..772648.0]	[0.5..0.5]	[0.5..0.5]	[1.005..1.005]	[772648.0..772648.0]	[0.5..0.5]	[0.5..0.5]	0.8877056	[685884.0..685884.0]
Group-1	PG 36:4:0	281.25	240116_PG_FTMSMS-_3.mzXML	25.0	38381.2	0.0	0.0	[9.0..9.0]	[1.0..1.0]	[0.958..0.958]	[36769.188..36769.188]	[0.46..0.466]	[0.3..0.7]	[0.958..0.958]	[36769.188..36769.188]	[0.471..0.475]	[0.299..0.696]	0.8877056	[32640.217..32640.217]
Group-1	PG 36:4:0	281.25	240116_PG_FTMSMS-_3.mzXML	30.0	58883.6	0.0	0.0	[9.0..9.0]	[0.0..0.0]	[0.911..0.911]	[53642.96..53642.96]	[0.413..0.437]	[0.3..0.7]	[0.911..0.911]	[53642.96..53642.96]	[0.419..0.444]	[0.299..0.696]	0.8877056	[47619.16..47619.16]
Group-1	PG 36:4:0	281.25	240116_PG_FTMSMS-_3.mzXML	35.0	69267.8	0.0	0.0	[9.0..9.0]	[0.0..1.0]	[0.912..0.936]	[63172.23..64834.656]	[0.544..0.585]	[0.3..0.7]	[0.919..0.929]	[63657.105..64349.785]	[0.542..0.587]	[0.299..0.696]	0.8877056	[56078.344..57554.09]
Group-1	PG 36:4:0	303.23	240116_PG_FTMSMS-_3.mzXML	25.0	4581971.0	277835.1	0.06063659	[5.0..6.4]	[0.0..1.0]	[1.117..1.138]	[5118061.5..5214283.0]	[0.77..0.773]	[0.97..1.0]	[1.098..1.138]	[5031004.5..5214283.0]	[0.767..0.773]	[0.974..1.0]	0.8877056	[4543332.0..4628748.5]
Group-1	PG 36:4:0	303.23	240116_PG_FTMSMS-_3.mzXML	30.0	4211327.5	454620.2	0.10795175	[5.0..5.0]	[0.0..0.9]	[1.461..1.582]	[6152749.5..6662320.0]	[0.734..0.749]	[0.97..1.0]	[1.451..1.598]	[6110636.0..6729701.5]	[0.732..0.751]	[0.974..1.0]	0.8877056	[5461830.0..5914179.0]
Group-1	PG 36:4:0	303.23	240116_PG_FTMSMS-_3.mzXML	35.0	2416181.8	320850.7	0.13279244	[5.0..5.0]	[1.0..1.0]	[2.162..2.521]	[5223785.0..6091194.0]	[0.705..0.736]	[0.97..1.0]	[2.162..2.521]	[5223785.0..6091194.0]	[0.705..0.736]	[0.974..1.0]	0.8877056	[4637183.5..5407187.5]
Group-1	PG 36:5:0	227.2	240116_PG_FTMSMS-_3.mzXML	25.0	3901.1	0.0	0.0	[0.0..0.0]	[0.0..1.0]	[0.99..1.002]	[3862.089..3908.902]	[0.244..0.252]	[0.0..0.12]	[0.99..0.991]	[3862.089..3865.9902]	[0.242..0.259]	[0.0..0.119]	0.8897004	[3436.1023..3477.752]
Group-1	PG 36:5:0	227.2	240116_PG_FTMSMS-_3.mzXML	30.0	4650.3	0.0	0.0	[0.0..0.0]	[0.0..1.0]	[1.012..1.029]	[4706.103..4785.159]	[0.26..0.289]	[0.0..0.12]	[1.012..1.014]	[4706.103..4715.4043]	[0.257..0.292]	[0.0..0.119]	0.8897004	[4187.022..4257.3574]
Group-1	PG 36:5:0	227.2	240116_PG_FTMSMS-_3.mzXML	35.0	5039.4	0.0	0.0	[0.0..0.0]	[0.0..0.0]	[1.016..1.016]	[5120.031..5120.031]	[0.279..0.335]	[0.0..0.12]	[1.016..1.016]	[5120.0303..5120.0303]	[0.279..0.335]	[0.0..0.119]	0.8897004	[4555.293..4555.293]
Group-1	PG 36:5:0	253.22	240116_PG_FTMSMS-_3.mzXML	25.0	25982.5	0.0	0.0	[9.0..9.0]	[0.0..1.0]	[0.97..1.014]	[25203.025..26346.256]	[0.241..0.244]	[0.0..0.03]	[0.97..0.971]	[25203.025..25229.008]	[0.236..0.244]	[0.0..0.031]	0.8897004	[22423.143..23440.275]
Group-1	PG 36:5:0	253.22	240116_PG_FTMSMS-_3.mzXML	30.0	32273.0	0.0	0.0	[9.0..9.0]	[0.0..1.0]	[0.979..1.013]	[31595.266..32692.549]	[0.253..0.269]	[0.0..0.03]	[0.979..0.98]	[31595.266..31627.541]	[0.247..0.27]	[0.0..0.031]	0.8897004	[28110.32..29086.574]
Group-1	PG 36:5:0	253.22	240116_PG_FTMSMS-_3.mzXML	35.0	31909.0	0.0	0.0	[9.0..9.0]	[0.0..0.0]	[0.99..0.99]	[31589.91..31589.91]	[0.257..0.297]	[0.0..0.03]	[0.99..0.99]	[31589.91..31589.91]	[0.257..0.297]	[0.0..0.031]	0.8897004	[28105.557..28105.557]
Group-1	PG 36:5:0	255.23	240116_PG_FTMSMS-_3.mzXML	25.0	10158.0	0.0	0.0	[0.0..0.0]	[0.0..0.9]	[1.0..1.0]	[10158.0..10158.0]	[0.396..0.401]	[0.26..0.64]	[1.0..1.0]	[10158.0..10158.0]	[0.397..0.399]	[0.26..0.643]	0.8897004	[9037.577..9037.577]
Group-1	PG 36:5:0	255.23	240116_PG_FTMSMS-_3.mzXML	30.0	15935.3	0.0	0.0	[0.0..0.0]	[0.9..0.9]	[1.0..1.0]	[15935.3..15935.3]	[0.454..0.454]	[0.26..0.64]	[1.0..1.0]	[15935.3..15935.3]	[0.454..0.454]	[0.26..0.643]	0.8897004	[14177.643..14177.643]
Group-1	PG 36:5:0	255.23	240116_PG_FTMSMS-_3.mzXML	35.0	19749.8	0.0	0.0	[0.0..0.0]	[0.0..0.0]	[1.0..1.0]	[19749.8..19749.8]	[0.562..0.562]	[0.26..0.64]	[1.0..1.0]	[19749.8..19749.8]	[0.562..0.562]	[0.26..0.643]	0.8897004	[17571.406..17571.406]
Group-1	PG 36:5:0	277.22	240116_PG_FTMSMS-_3.mzXML	25.0	12554.9	1086.4	0.08653195	[6.0..6.0]	[0.0..0.0]	[1.014..1.014]	[12730.67..12730.67]	[0.253..0.253]	[0.0..0.0]	[1.014..1.014]	[12730.67..12730.67]	[0.253..0.253]	[0.0..0.0]	0.8897004	[11326.481..11326.481]
Group-1	PG 36:5:0	277.22	240116_PG_FTMSMS-_3.mzXML	30.0	13434.5	1131.9	0.08425323	[6.0..6.0]	[0.0..0.0]	[1.207..1.207]	[16215.441..16215.441]	[0.256..0.256]	[0.0..0.0]	[1.207..1.207]	[16215.441..16215.441]	[0.256..0.256]	[0.0..0.0]	0.8897004	[14426.886..14426.886]
Group-1	PG 36:5:0	277.22	240116_PG_FTMSMS-_3.mzXML	35.0	10575.9	713.0	0.06741743	[6.0..6.0]	[0.0..0.0]	[1.543..1.543]	[16318.614..16318.614]	[0.26..0.26]	[0.0..0.0]	[1.543..1.543]	[16318.614..16318.614]	[0.26..0.26]	[0.0..0.0]	0.8897004	[14518.678..14518.678]
Group-1	PG 36:5:0	279.23	240116_PG_FTMSMS-_3.mzXML	25.0	39719.2	0.0	0.0	[9.0..9.0]	[1.0..1.0]	[0.946..0.946]	[37574.363..37574.363]	[0.747..0.747]	[1.0..1.0]	[0.946..0.946]	[37574.363..37574.363]	[0.747..0.747]	[1.0..1.0]	0.8897004	[33429.926..33429.926]
Group-1	PG 36:5:0	279.23	240116_PG_FTMSMS-_3.mzXML	30.0	49274.0	0.0	0.0	[9.0..9.0]	[1.0..1.0]	[0.957..0.957]	[47155.22..47155.22]	[0.744..0.744]	[1.0..1.0]	[0.957..0.957]	[47155.22..47155.22]	[0.744..0.744]	[1.0..1.0]	0.8897004	[41954.016..41954.016]
Group-1	PG 36:5:0	279.23	240116_PG_FTMSMS-_3.mzXML	35.0	46044.5	0.0	0.0	[9.0..9.0]	[1.0..1.0]	[1.01..1.01]	[46504.945..46504.945]	[0.74..0.74]	[1.0..1.0]	[1.01..1.01]	[46504.945..46504.945]	[0.74..0.74]	[1.0..1.0]	0.8897004	[41375.47..41375.47]
Group-1	PG 36:5:0	301.22	240116_PG_FTMSMS-_3.mzXML	25.0	10673.4	1814.1	0.16996458	[5.0..5.0]	[0.1..1.0]	[1.424..1.45]	[15198.923..15476.431]	[0.599..0.604]	[0.36..0.74]	[1.433..1.443]	[15294.982..15401.717]	[0.601..0.603]	[0.357..0.74]	0.8897004	[13522.488..13769.388]
Group-1	PG 36:5:0	301.22	240116_PG_FTMSMS-_3.mzXML	30.0	7964.9	2140.6	0.26875418	[5.0..5.0]	[0.1..0.1]	[2.406..2.406]	[19163.549..19163.549]	[0.546..0.546]	[0.36..0.74]	[2.406..2.406]	[19163.549..19163.549]	[0.546..0.546]	[0.357..0.74]	0.8897004	[17049.816..17049.816]
Group-1	PG 36:5:0	301.22	240116_PG_FTMSMS-_3.mzXML	35.0	3178.6	938.4	0.2952243	[5.0..5.0]	[1.0..1.0]	[4.843..4.843]	[15393.96..15393.96]	[0.438..0.438]	[0.36..0.74]	[4.843..4.843]	[15393.96..15393.96]	[0.438..0.438]	[0.357..0.74]	0.8897004	[13696.012..13696.012]
Group-1	PG 36:5:0	303.23	240116_PG_FTMSMS-_3.mzXML	25.0	71714.3	3848.0	0.05365736	[5.5..6.8]	[0.0..1.0]	[1.104..1.138]	[79172.58..81610.87]	[0.756..0.759]	[0.97..1.0]	[1.089..1.138]	[78096.87..81610.87]	[0.756..0.764]	[0.969..1.0]	0.8897004	[70439.875..72609.23]
Group-1	PG 36:5:0	303.23	240116_PG_FTMSMS-_3.mzXML	30.0	60473.3	5839.1	0.09655666	[5.0..5.5]	[0.0..1.0]	[1.418..1.598]	[85751.14..96636.336]	[0.731..0.747]	[0.97..1.0]	[1.411..1.598]	[85327.83..96636.336]	[0.73..0.753]	[0.969..1.0]	0.8897004	[76292.83..85977.39]
Group-1	PG 36:5:0	303.23	240116_PG_FTMSMS-_3.mzXML	35.0	36249.8	3921.8	0.10818818	[5.3..5.6]	[1.0..1.0]	[2.06..2.521]	[74674.586..91385.74]	[0.703..0.743]	[0.97..1.0]	[2.06..2.521]	[74674.586..91385.74]	[0.703..0.743]	[0.969..1.0]	0.8897004	[66438.01..81305.94]
Group-1	PG 36:5:0	329.25	240116_PG_FTMSMS-_3.mzXML	25.0	8957.3	1579.1	0.17629196	[4.6..5.4]	[0.0..1.0]	[1.283..1.35]	[11492.216..12092.354]	[0.748..0.756]	[0.88..1.0]	[1.234..1.35]	[11053.308..12092.3545]	[0.741..0.758]	[0.881..1.0]	0.8897004	[10224.629..10758.573]
Group-1	PG 36:5:0	329.25	240116_PG_FTMSMS-_3.mzXML	30.0	5819.8	1744.8	0.29980412	[4.0..4.3]	[0.0..1.0]	[1.993..2.345]	[11598.861..13647.431]	[0.711..0.74]	[0.88..1.0]	[1.956..2.345]	[11383.528..13647.431]	[0.708..0.743]	[0.881..1.0]	0.8897004	[10319.512..12142.125]
Group-1	PG 36:5:0	329.25	240116_PG_FTMSMS-_3.mzXML	35.0	2725.9	709.9	0.26042777	[5.2..5.6]	[1.0..1.0]	[3.728..4.843]	[10162.154..13201.533]	[0.665..0.721]	[0.88..1.0]	[3.725..4.843]	[10153.977..13201.533]	[0.665..0.721]	[0.881..1.0]	0.8897004	[9041.273..11745.41]
Group-1	PG 37:1:0	255.23	240116_PG_FTMSMS-_3.mzXML	25.0	224621.1	0.0	0.0	[0.0..0.0]	[0.0..0.0]	[1.0..1.0]	[224621.1..224621.1]	[1.0..1.0]	[1.0..1.0]	[1.0..1.0]	[224621.1..224621.1]	[1.0..1.0]	[1.0..1.0]	0.86830544	[195039.72..195039.72]
Group-1	PG 37:1:0	255.23	240116_PG_FTMSMS-_3.mzXML	30.0	444523.1	0.0	0.0	[0.0..0.0]	[0.0..1.0]	[1.0..1.0]	[444523.1..444523.1]	[0.999..0.999]	[1.0..1.0]	[1.0..1.0]	[444523.1..444523.1]	[0.999..0.999]	[1.0..1.0]	0.86830544	[385981.8..385981.8]
Group-1	PG 37:1:0	255.23	240116_PG_FTMSMS-_3.mzXML	35.0	529531.8	0.0	0.0	[0.0..0.0]	[1.0..1.0]	[1.0..1.0]	[529531.8..529531.8]	[0.999..0.999]	[1.0..1.0]	[1.0..1.0]	[529531.8..529531.8]	[0.999..0.999]	[1.0..1.0]	0.86830544	[459795.34..459795.34]
Group-1	PG 37:1:0	269.25	240116_PG_FTMSMS-_3.mzXML	25.0	0.0	0.0	0.0	[0.0..0.0]	[0.0..0.0]	[1.004..1.004]	[0.0..0.0]	[0.0..0.0]	[0.0..0.05]	[1.004..1.004]	[0.0..0.0]	[0.0..0.0]	[0.0..0.049]	0.86830544	[0.0..0.0]
Group-1	PG 37:1:0	269.25	240116_PG_FTMSMS-_3.mzXML	30.0	954.3	0.0	0.0	[0.0..0.0]	[1.0..1.0]	[0.987..0.987]	[941.894..941.894]	[0.305..0.305]	[0.0..0.05]	[0.987..0.987]	[941.8941..941.8941]	[0.305..0.305]	[0.0..0.049]	0.86830544	[817.8518..817.8518]
Group-1	PG 37:1:0	269.25	240116_PG_FTMSMS-_3.mzXML	35.0	948.7	0.0	0.0	[0.0..0.0]	[0.0..1.0]	[0.981..0.989]	[930.675..938.264]	[0.267..0.271]	[0.0..0.05]	[0.981..0.981]	[930.67474..930.67474]	[0.265..0.266]	[0.0..0.049]	0.86830544	[808.1099..814.7001]
Group-1	PG 37:1:0	281.25	240116_PG_FTMSMS-_3.mzXML	25.0	66039.6	0.0	0.0	[9.0..9.0]	[0.0..1.0]	[0.925..0.958]	[61086.633..63265.938]	[0.778..0.783]	[1.0..1.0]	[0.958..0.958]	[63265.938..63265.938]	[0.784..0.784]	[1.0..1.0]	0.86830544	[53041.855..54934.16]
Group-1	PG 37:1:0	281.25	240116_PG_FTMSMS-_3.mzXML	30.0	97851.4	0.0	0.0	[9.0..9.0]	[0.0..1.0]	[0.911..0.937]	[89142.625..91686.76]	[0.761..0.765]	[1.0..1.0]	[0.937..0.937]	[91686.76..91686.76]	[0.766..0.766]	[1.0..1.0]	0.86830544	[77403.02..79612.11]
Group-1	PG 37:1:0	281.25	240116_PG_FTMSMS-_3.mzXML	35.0	103645.5	0.0	0.0	[9.0..9.0]	[0.0..1.0]	[0.912..0.936]	[94524.695..97012.19]	[0.769..0.771]	[1.0..1.0]	[0.936..0.936]	[97012.19..97012.19]	[0.773..0.773]	[1.0..1.0]	0.86830544	[82076.31..84236.21]
Group-1	PG 37:1:0	283.26	240116_PG_FTMSMS-_3.mzXML	25.0	20040.7	0.0	0.0	[0.0..0.0]	[0.0..0.0]	[1.009..1.009]	[20221.064..20221.064]	[0.477..0.477]	[0.44..0.58]	[1.009..1.009]	[20221.064..20221.064]	[0.477..0.477]	[0.435..0.576]	0.86830544	[17558.06..17558.06]
Group-1	PG 37:1:0	283.26	240116_PG_FTMSMS-_3.mzXML	30.0	30215.4	0.0	0.0	[0.0..0.0]	[0.0..0.0]	[0.985..0.985]	[29762.17..29762.17]	[0.472..0.472]	[0.44..0.58]	[0.985..0.985]	[29762.17..29762.17]	[0.472..0.472]	[0.435..0.576]	0.86830544	[25842.654..25842.654]
Group-1	PG 37:1:0	283.26	240116_PG_FTMSMS-_3.mzXML	35.0	36084.5	0.0	0.0	[0.0..0.0]	[0.0..0.0]	[0.976..0.976]	[35218.473..35218.473]	[0.533..0.533]	[0.44..0.58]	[0.976..0.976]	[35218.473..35218.473]	[0.533..0.533]	[0.435..0.576]	0.86830544	[30580.39..30580.39]
Group-1	PG 37:1:0	295.26	240116_PG_FTMSMS-_3.mzXML	25.0	23658.7	0.0	0.0	[9.0..9.0]	[1.0..1.0]	[0.939..0.939]	[22215.52..22215.52]	[0.523..0.523]	[0.42..0.56]	[0.939..0.939]	[22215.52..22215.52]	[0.523..0.523]	[0.424..0.565]	0.86830544	[19289.855..19289.855]
Group-1	PG 37:1:0	295.26	240116_PG_FTMSMS-_3.mzXML	30.0	36691.5	0.0	0.0	[9.0..9.0]	[1.0..1.0]	[0.908..0.908]	[33315.883..33315.883]	[0.528..0.528]	[0.42..0.56]	[0.908..0.908]	[33315.883..33315.883]	[0.528..0.528]	[0.424..0.565]	0.86830544	[28928.361..28928.361]
Group-1	PG 37:1:0	295.26	240116_PG_FTMSMS-_3.mzXML	35.0	34251.7	0.0	0.0	[9.0..9.0]	[1.0..1.0]	[0.902..0.902]	[30895.033..30895.033]	[0.467..0.467]	[0.42..0.56]	[0.902..0.902]	[30895.033..30895.033]	[0.467..0.467]	[0.424..0.565]	0.86830544	[26826.326..26826.326]
Group-1	PG 37:1:0	297.28	240116_PG_FTMSMS-_3.mzXML	25.0	17313.0	0.0	0.0	[0.0..0.0]	[0.0..1.0]	[1.005..1.012]	[17399.564..17520.756]	[0.217..0.222]	[0.0..0.0]	[1.005..1.005]	[17399.564..17399.564]	[0.216..0.216]	[0.0..0.0]	0.86830544	[15108.137..15213.367]
Group-1	PG 37:1:0	297.28	240116_PG_FTMSMS-_3.mzXML	30.0	28960.4	0.0	0.0	[0.0..0.0]	[0.0..1.0]	[0.966..0.975]	[27975.748..28236.39]	[0.235..0.239]	[0.0..0.0]	[0.966..0.966]	[27975.748..27975.748]	[0.234..0.234]	[0.0..0.0]	0.86830544	[24291.492..24517.81]
Group-1	PG 37:1:0	297.28	240116_PG_FTMSMS-_3.mzXML	35.0	30029.8	0.0	0.0	[0.0..0.0]	[0.0..1.0]	[0.947..0.962]	[28438.223..28888.668]	[0.229..0.231]	[0.0..0.0]	[0.947..0.947]	[28438.223..28438.223]	[0.227..0.227]	[0.0..0.0]	0.86830544	[24693.062..25084.188]
Group-1	PG 37:1:0	309.28	240116_PG_FTMSMS-_3.mzXML	25.0	2058.8	0.0	0.0	[11.0..11.0]	[1.0..1.0]	[0.946..0.946]	[1947.625..1947.625]	[1.0..1.0]	[0.95..1.0]	[0.946..0.946]	[1947.6248..1947.6248]	[1.0..1.0]	[0.951..1.0]	0.86830544	[1691.1332..1691.1332]
Group-1	PG 37:1:0	309.28	240116_PG_FTMSMS-_3.mzXML	30.0	2454.7	0.0	0.0	[11.0..11.0]	[0.0..0.0]	[0.876..0.876]	[2150.317..2150.317]	[0.695..0.695]	[0.95..1.0]	[0.876..0.876]	[2150.3171..2150.3171]	[0.695..0.695]	[0.951..1.0]	0.86830544	[1867.1322..1867.1322]
Group-1	PG 37:1:0	309.28	240116_PG_FTMSMS-_3.mzXML	35.0	2929.9	0.0	0.0	[11.0..11.0]	[0.0..1.0]	[0.856..0.879]	[2507.995..2575.382]	[0.729..0.733]	[0.95..1.0]	[0.878..0.879]	[2572.4521..2575.382]	[0.734..0.735]	[0.951..1.0]	0.86830544	[2177.705..2236.2183]
Group-1	PG 37:1:0	323.3	240116_PG_FTMSMS-_3.mzXML	25.0	0.0	0.0	0.0	[11.0..11.0]	[1.0..1.0]	[0.929..0.929]	[0.0..0.0]	[0.0..0.0]	[0.0..0.0]	[0.929..0.929]	[0.0..0.0]	[0.0..0.0]	[0.0..0.0]	0.86830544	[0.0..0.0]
Group-1	PG 37:1:0	323.3	240116_PG_FTMSMS-_3.mzXML	30.0	521.0	0.0	0.0	[11.0..11.0]	[0.0..1.0]	[0.85..0.872]	[442.85..454.312]	[0.001..0.001]	[0.0..0.0]	[0.85..0.85]	[442.85..442.85]	[0.001..0.001]	[0.0..0.0]	0.86830544	[384.52908..394.48157]
Group-1	PG 37:1:0	323.3	240116_PG_FTMSMS-_3.mzXML	35.0	485.9	0.0	0.0	[11.0..11.0]	[0.0..0.0]	[0.825..0.825]	[400.868..400.868]	[0.001..0.001]	[0.0..0.0]	[0.825..0.825]	[400.8675..400.8675]	[0.001..0.001]	[0.0..0.0]	0.86830544	[348.0754..348.0754]
Group-1	PG 37:2:0	241.22	240116_PG_FTMSMS-_3.mzXML	25.0	801.4	0.0	0.0	[0.0..0.0]	[0.0..0.0]	[0.995..0.995]	[797.393..797.393]	[1.0..1.0]	[0.41..1.0]	[0.995..0.995]	[797.393..797.393]	[1.0..1.0]	[0.407..1.0]	0.8702164	[693.90454..693.90454]
Group-1	PG 37:2:0	241.22	240116_PG_FTMSMS-_3.mzXML	30.0	565.6	0.0	0.0	[0.0..0.0]	[0.0..0.0]	[1.006..1.006]	[568.994..568.994]	[0.46..0.46]	[0.41..1.0]	[1.006..1.006]	[568.9936..568.9936]	[0.46..0.46]	[0.407..1.0]	0.8702164	[495.14758..495.14758]
Group-1	PG 37:2:0	241.22	240116_PG_FTMSMS-_3.mzXML	35.0	873.4	0.0	0.0	[0.0..0.0]	[0.0..0.0]	[1.009..1.009]	[881.261..881.261]	[0.58..0.58]	[0.41..1.0]	[1.009..1.009]	[881.26056..881.26056]	[0.58..0.58]	[0.407..1.0]	0.8702164	[766.88745..766.88745]
Group-1	PG 37:2:0	269.25	240116_PG_FTMSMS-_3.mzXML	25.0	762.8	0.0	0.0	[0.0..0.0]	[0.0..0.0]	[1.004..1.004]	[765.851..765.851]	[0.209..0.209]	[0.0..0.23]	[1.004..1.004]	[765.85114..765.85114]	[0.209..0.209]	[0.0..0.227]	0.8702164	[666.45624..666.45624]
Group-1	PG 37:2:0	269.25	240116_PG_FTMSMS-_3.mzXML	30.0	2132.3	0.0	0.0	[0.0..0.0]	[1.0..1.0]	[0.987..0.987]	[2104.58..2104.58]	[0.382..0.382]	[0.0..0.23]	[0.987..0.987]	[2104.58..2104.58]	[0.382..0.382]	[0.0..0.227]	0.8702164	[1831.4402..1831.4402]
Group-1	PG 37:2:0	269.25	240116_PG_FTMSMS-_3.mzXML	35.0	1319.9	0.0	0.0	[0.0..0.0]	[0.0..1.0]	[0.981..0.989]	[1294.822..1305.381]	[0.248..0.251]	[0.0..0.23]	[0.981..0.983]	[1294.8219..1297.4617]	[0.247..0.248]	[0.0..0.227]	0.8702164	[1126.7753..1135.9641]
Group-1	PG 37:2:0	279.23	240116_PG_FTMSMS-_3.mzXML	25.0	73281.0	0.0	0.0	[9.0..9.0]	[0.0..1.0]	[0.917..0.946]	[67198.68..69323.83]	[0.752..0.757]	[1.0..1.0]	[0.946..0.946]	[69323.83..69323.83]	[0.758..0.758]	[1.0..1.0]	0.8702164	[58477.395..60326.734]
Group-1	PG 37:2:0	279.23	240116_PG_FTMSMS-_3.mzXML	30.0	111687.6	0.0	0.0	[9.0..9.0]	[0.0..1.0]	[0.935..0.957]	[104427.91..106885.04]	[0.776..0.779]	[1.0..1.0]	[0.957..0.957]	[106885.04..106885.04]	[0.78..0.78]	[1.0..1.0]	0.8702164	[90874.875..93013.11]
Group-1	PG 37:2:0	279.23	240116_PG_FTMSMS-_3.mzXML	35.0	102636.9	0.0	0.0	[9.0..9.0]	[0.0..1.0]	[0.992..1.01]	[101815.805..103663.266]	[0.756..0.757]	[1.0..1.0]	[1.01..1.01]	[103663.266..103663.266]	[0.76..0.76]	[1.0..1.0]	0.8702164	[88601.78..90209.48]
Group-1	PG 37:2:0	281.25	240116_PG_FTMSMS-_3.mzXML	25.0	83750.7	0.0	0.0	[9.0..9.0]	[0.0..0.0]	[0.925..0.925]	[77469.4..77469.4]	[0.868..0.868]	[1.0..1.0]	[0.925..0.925]	[77469.4..77469.4]	[0.868..0.868]	[1.0..1.0]	0.8702164	[67415.14..67415.14]
Group-1	PG 37:2:0	281.25	240116_PG_FTMSMS-_3.mzXML	30.0	148800.2	0.0	0.0	[9.0..9.0]	[0.0..0.0]	[0.911..0.911]	[135556.98..135556.98]	[0.895..0.895]	[1.0..1.0]	[0.911..0.911]	[135556.98..135556.98]	[0.895..0.895]	[1.0..1.0]	0.8702164	[117963.92..117963.92]
Group-1	PG 37:2:0	281.25	240116_PG_FTMSMS-_3.mzXML	35.0	160181.6	0.0	0.0	[9.0..9.0]	[0.0..0.0]	[0.912..0.912]	[146085.61..146085.61]	[0.906..0.906]	[1.0..1.0]	[0.912..0.912]	[146085.61..146085.61]	[0.906..0.906]	[1.0..1.0]	0.8702164	[127126.1..127126.1]
Group-1	PG 37:2:0	283.26	240116_PG_FTMSMS-_3.mzXML	25.0	6685.4	0.0	0.0	[0.0..0.0]	[0.0..0.0]	[1.009..1.009]	[6745.569..6745.569]	[0.552..0.552]	[0.61..0.72]	[1.009..1.009]	[6745.5684..6745.5684]	[0.552..0.552]	[0.609..0.72]	0.8702164	[5870.104..5870.104]
Group-1	PG 37:2:0	283.26	240116_PG_FTMSMS-_3.mzXML	30.0	11273.8	0.0	0.0	[0.0..0.0]	[0.0..0.0]	[0.985..0.985]	[11104.693..11104.693]	[0.547..0.547]	[0.61..0.72]	[0.985..0.985]	[11104.693..11104.693]	[0.547..0.547]	[0.609..0.72]	0.8702164	[9663.486..9663.486]
Group-1	PG 37:2:0	283.26	240116_PG_FTMSMS-_3.mzXML	35.0	13331.5	0.0	0.0	[0.0..0.0]	[0.0..0.0]	[0.976..0.976]	[13011.544..13011.544]	[0.595..0.595]	[0.61..0.72]	[0.976..0.976]	[13011.544..13011.544]	[0.595..0.595]	[0.609..0.72]	0.8702164	[11322.859..11322.859]
Group-1	PG 37:2:0	293.25	240116_PG_FTMSMS-_3.mzXML	25.0	5918.2	0.0	0.0	[9.0..9.0]	[1.0..1.0]	[0.926..0.926]	[5480.254..5480.254]	[0.448..0.448]	[0.28..0.39]	[0.926..0.926]	[5480.2534..5480.2534]	[0.448..0.448]	[0.28..0.391]	0.8702164	[4769.007..4769.007]
Group-1	PG 37:2:0	293.25	240116_PG_FTMSMS-_3.mzXML	30.0	9933.7	0.0	0.0	[9.0..9.0]	[1.0..1.0]	[0.925..0.925]	[9188.673..9188.673]	[0.453..0.453]	[0.28..0.39]	[0.925..0.925]	[9188.673..9188.673]	[0.453..0.453]	[0.28..0.391]	0.8702164	[7996.134..7996.134]
Group-1	PG 37:2:0	293.25	240116_PG_FTMSMS-_3.mzXML	35.0	9139.6	0.0	0.0	[9.0..9.0]	[1.0..1.0]	[0.97..0.97]	[8865.412..8865.412]	[0.405..0.405]	[0.28..0.39]	[0.97..0.97]	[8865.412..8865.412]	[0.405..0.405]	[0.28..0.391]	0.8702164	[7714.827..7714.827]
Group-1	PG 37:2:0	295.26	240116_PG_FTMSMS-_3.mzXML	25.0	12522.2	0.0	0.0	[9.0..9.0]	[1.0..1.0]	[0.939..0.939]	[11758.346..11758.346]	[0.132..0.132]	[0.0..0.0]	[0.939..0.939]	[11758.346..11758.346]	[0.132..0.132]	[0.0..0.0]	0.8702164	[10232.306..10232.306]
Group-1	PG 37:2:0	295.26	240116_PG_FTMSMS-_3.mzXML	30.0	17572.1	0.0	0.0	[9.0..9.0]	[1.0..1.0]	[0.908..0.908]	[15955.467..15955.467]	[0.105..0.105]	[0.0..0.0]	[0.908..0.908]	[15955.467..15955.467]	[0.105..0.105]	[0.0..0.0]	0.8702164	[13884.708..13884.708]
Group-1	PG 37:2:0	295.26	240116_PG_FTMSMS-_3.mzXML	35.0	16805.1	0.0	0.0	[9.0..9.0]	[1.0..1.0]	[0.902..0.902]	[15158.2..15158.2]	[0.094..0.094]	[0.0..0.0]	[0.902..0.902]	[15158.2..15158.2]	[0.094..0.094]	[0.0..0.0]	0.8702164	[13190.915..13190.915]
Group-1	PG 37:2:0	297.28	240116_PG_FTMSMS-_3.mzXML	25.0	22024.0	0.0	0.0	[0.0..0.0]	[0.0..1.0]	[1.005..1.012]	[22134.12..22288.287]	[0.243..0.248]	[0.0..0.0]	[1.005..1.005]	[22134.12..22134.12]	[0.242..0.242]	[0.0..0.0]	0.8702164	[19261.475..19395.633]
Group-1	PG 37:2:0	297.28	240116_PG_FTMSMS-_3.mzXML	30.0	31173.0	0.0	0.0	[0.0..0.0]	[0.0..1.0]	[0.966..0.975]	[30113.12..30393.676]	[0.221..0.224]	[0.0..0.0]	[0.966..0.966]	[30113.12..30113.12]	[0.22..0.22]	[0.0..0.0]	0.8702164	[26204.93..26449.074]
Group-1	PG 37:2:0	297.28	240116_PG_FTMSMS-_3.mzXML	35.0	34615.7	0.0	0.0	[0.0..0.0]	[0.0..1.0]	[0.947..0.962]	[32781.066..33300.305]	[0.243..0.244]	[0.0..0.0]	[0.947..0.947]	[32781.066..32781.066]	[0.24..0.24]	[0.0..0.0]	0.8702164	[28526.625..28978.47]
Group-1	PG 37:2:0	307.26	240116_PG_FTMSMS-_3.mzXML	25.0	3132.1	0.0	0.0	[11.0..11.0]	[1.0..1.0]	[0.928..0.928]	[2906.589..2906.589]	[0.791..0.791]	[0.77..1.0]	[0.928..0.928]	[2906.5889..2906.5889]	[0.791..0.791]	[0.773..1.0]	0.8702164	[2529.3613..2529.3613]
Group-1	PG 37:2:0	307.26	240116_PG_FTMSMS-_3.mzXML	30.0	3883.5	0.0	0.0	[11.0..11.0]	[0.0..0.0]	[0.877..0.877]	[3405.829..3405.829]	[0.618..0.618]	[0.77..1.0]	[0.877..0.877]	[3405.8293..3405.8293]	[0.618..0.618]	[0.773..1.0]	0.8702164	[2963.8088..2963.8088]
Group-1	PG 37:2:0	307.26	240116_PG_FTMSMS-_3.mzXML	35.0	4313.2	0.0	0.0	[11.0..11.0]	[0.0..1.0]	[0.895..0.916]	[3860.314..3950.891]	[0.749..0.752]	[0.77..1.0]	[0.911..0.916]	[3929.3254..3950.8914]	[0.752..0.753]	[0.773..1.0]	0.8702164	[3359.3088..3438.1306]
Group-1	PG 37:2:0	335.29	240116_PG_FTMSMS-_3.mzXML	25.0	0.0	0.0	0.0	[13.0..13.0]	[1.0..1.0]	[0.926..0.926]	[0.0..0.0]	[0.0..0.0]	[0.0..0.59]	[0.926..0.926]	[0.0..0.0]	[0.0..0.0]	[0.0..0.593]	0.8702164	[0.0..0.0]
Group-1	PG 37:2:0	335.29	240116_PG_FTMSMS-_3.mzXML	30.0	768.9	0.0	0.0	[13.0..13.0]	[1.0..1.0]	[0.869..0.869]	[668.174..668.174]	[0.54..0.54]	[0.0..0.59]	[0.869..0.869]	[668.17413..668.17413]	[0.54..0.54]	[0.0..0.593]	0.8702164	[581.4561..581.4561]
Group-1	PG 37:2:0	335.29	240116_PG_FTMSMS-_3.mzXML	35.0	741.3	0.0	0.0	[13.0..13.0]	[1.0..1.0]	[0.861..0.861]	[638.259..638.259]	[0.42..0.42]	[0.0..0.59]	[0.861..0.861]	[638.2593..638.2593]	[0.42..0.42]	[0.0..0.593]	0.8702164	[555.4237..555.4237]
Group-1	PG 37:4:0	241.22	240116_PG_FTMSMS-_3.mzXML	25.0	407.2	0.0	0.0	[0.0..0.0]	[0.0..0.0]	[0.995..0.995]	[405.164..405.164]	[0.012..0.012]	[0.0..0.0]	[0.995..0.995]	[405.164..405.164]	[0.012..0.012]	[0.0..0.0]	0.8740563	[354.13617..354.13617]
Group-1	PG 37:4:0	241.22	240116_PG_FTMSMS-_3.mzXML	30.0	470.9	0.0	0.0	[0.0..0.0]	[0.0..0.0]	[1.006..1.006]	[473.725..473.725]	[0.009..0.01]	[0.0..0.0]	[1.006..1.006]	[473.7254..473.7254]	[0.009..0.01]	[0.0..0.0]	0.8740563	[414.06268..414.06268]
Group-1	PG 37:4:0	241.22	240116_PG_FTMSMS-_3.mzXML	35.0	548.1	0.0	0.0	[0.0..0.0]	[0.0..0.0]	[1.009..1.009]	[553.033..553.033]	[0.011..0.013]	[0.0..0.0]	[1.009..1.009]	[553.03284..553.03284]	[0.011..0.013]	[0.0..0.0]	0.8740563	[483.38184..483.38184]
Group-1	PG 37:4:0	255.23	240116_PG_FTMSMS-_3.mzXML	25.0	10604.7	0.0	0.0	[0.0..0.0]	[0.0..1.0]	[1.0..1.0]	[10604.7..10604.7]	[0.528..0.534]	[0.56..0.94]	[1.0..1.0]	[10604.7..10604.7]	[0.537..0.539]	[0.565..0.942]	0.8740563	[9269.1045..9269.1045]
Group-1	PG 37:4:0	255.23	240116_PG_FTMSMS-_3.mzXML	30.0	20989.9	0.0	0.0	[0.0..0.0]	[0.0..1.0]	[1.0..1.0]	[20989.9..20989.9]	[0.587..0.611]	[0.56..0.94]	[1.0..1.0]	[20989.9..20989.9]	[0.593..0.612]	[0.565..0.942]	0.8740563	[18346.354..18346.354]
Group-1	PG 37:4:0	255.23	240116_PG_FTMSMS-_3.mzXML	35.0	24451.4	0.0	0.0	[0.0..0.0]	[0.0..0.9]	[1.0..1.0]	[24451.4..24451.4]	[0.652..0.691]	[0.56..0.94]	[1.0..1.0]	[24451.4..24451.4]	[0.652..0.691]	[0.565..0.942]	0.8740563	[21371.9..21371.9]
Group-1	PG 37:4:0	267.23	240116_PG_FTMSMS-_3.mzXML	25.0	353.3	0.0	0.0	[9.0..9.0]	[0.0..0.0]	[0.945..0.945]	[333.869..333.869]	[0.087..0.088]	[0.0..0.0]	[0.945..0.945]	[333.8685..333.8685]	[0.087..0.088]	[0.0..0.0]	0.8740563	[291.81985..291.81985]
Group-1	PG 37:4:0	267.23	240116_PG_FTMSMS-_3.mzXML	30.0	784.0	0.0	0.0	[9.0..9.0]	[0.0..0.0]	[0.942..0.942]	[738.528..738.528]	[0.13..0.151]	[0.0..0.0]	[0.942..0.942]	[738.52795..738.52795]	[0.13..0.151]	[0.0..0.0]	0.8740563	[645.515..645.515]
Group-1	PG 37:4:0	267.23	240116_PG_FTMSMS-_3.mzXML	35.0	736.7	0.0	0.0	[9.0..9.0]	[0.0..0.0]	[0.949..0.949]	[699.128..699.128]	[0.103..0.14]	[0.0..0.0]	[0.949..0.949]	[699.1283..699.1283]	[0.103..0.14]	[0.0..0.0]	0.8740563	[611.0775..611.0775]
Group-1	PG 37:4:0	269.25	240116_PG_FTMSMS-_3.mzXML	25.0	16185.8	0.0	0.0	[0.0..0.0]	[0.0..1.0]	[1.001..1.004]	[16201.986..16250.542]	[0.165..0.168]	[0.0..0.0]	[1.001..1.001]	[16201.986..16201.986]	[0.164..0.17]	[0.0..0.0]	0.8740563	[14161.448..14203.889]
Group-1	PG 37:4:0	269.25	240116_PG_FTMSMS-_3.mzXML	30.0	23009.7	0.0	0.0	[0.0..0.0]	[0.0..1.0]	[0.987..0.993]	[22710.572..22848.63]	[0.17..0.187]	[0.0..0.0]	[0.987..0.987]	[22710.572..22710.572]	[0.169..0.187]	[0.0..0.0]	0.8740563	[19850.318..19970.988]
Group-1	PG 37:4:0	269.25	240116_PG_FTMSMS-_3.mzXML	35.0	21761.4	0.0	0.0	[0.0..0.0]	[0.0..0.19999999]	[0.987..0.989]	[21478.502..21522.025]	[0.173..0.204]	[0.0..0.0]	[0.987..0.987]	[21478.502..21478.502]	[0.173..0.204]	[0.0..0.0]	0.8740563	[18773.42..18811.463]
Group-1	PG 37:4:0	279.23	240116_PG_FTMSMS-_3.mzXML	25.0	4124.7	0.0	0.0	[9.0..9.0]	[0.0..0.0]	[0.917..0.917]	[3782.35..3782.35]	[0.918..0.918]	[1.0..1.0]	[0.917..0.917]	[3782.35..3782.35]	[0.918..0.918]	[1.0..1.0]	0.8740563	[3305.9868..3305.9868]
Group-1	PG 37:4:0	279.23	240116_PG_FTMSMS-_3.mzXML	30.0	5484.9	0.0	0.0	[9.0..9.0]	[1.0..1.0]	[0.957..0.957]	[5249.05..5249.05]	[0.926..0.926]	[1.0..1.0]	[0.957..0.957]	[5249.0493..5249.0493]	[0.926..0.926]	[1.0..1.0]	0.8740563	[4587.965..4587.965]
Group-1	PG 37:4:0	279.23	240116_PG_FTMSMS-_3.mzXML	35.0	5784.8	0.0	0.0	[9.0..9.0]	[0.0..1.0]	[0.992..1.01]	[5738.522..5842.648]	[0.912..0.912]	[1.0..1.0]	[1.01..1.01]	[5842.648..5842.648]	[0.913..0.913]	[1.0..1.0]	0.8740563	[5015.7905..5106.803]
Group-1	PG 37:4:0	281.25	240116_PG_FTMSMS-_3.mzXML	25.0	10134.7	0.0	0.0	[9.0..9.0]	[0.0..0.0]	[0.925..0.925]	[9374.598..9374.598]	[0.94..0.941]	[1.0..1.0]	[0.925..0.925]	[9374.598..9374.598]	[0.94..0.942]	[1.0..1.0]	0.8740563	[8193.927..8193.927]
Group-1	PG 37:4:0	281.25	240116_PG_FTMSMS-_3.mzXML	30.0	18813.0	0.0	0.0	[9.0..9.0]	[0.0..0.0]	[0.911..0.911]	[17138.643..17138.643]	[0.944..0.949]	[1.0..1.0]	[0.911..0.911]	[17138.643..17138.643]	[0.944..0.95]	[1.0..1.0]	0.8740563	[14980.139..14980.139]
Group-1	PG 37:4:0	281.25	240116_PG_FTMSMS-_3.mzXML	35.0	20839.5	0.0	0.0	[9.0..9.0]	[0.0..0.0]	[0.912..0.912]	[19005.623..19005.623]	[0.959..0.966]	[1.0..1.0]	[0.912..0.912]	[19005.623..19005.623]	[0.959..0.966]	[1.0..1.0]	0.8740563	[16611.986..16611.986]
Group-1	PG 37:4:0	291.23	240116_PG_FTMSMS-_3.mzXML	25.0	600.9	0.0	0.0	[6.0..9.0]	[1.0..1.0]	[0.976..0.991]	[586.478..595.492]	[0.059..0.06]	[0.0..0.0]	[0.957..0.99]	[575.06134..594.89105]	[0.058..0.06]	[0.0..0.0]	0.8740563	[512.6152..520.49347]
Group-1	PG 37:4:0	291.23	240116_PG_FTMSMS-_3.mzXML	30.0	881.0	0.0	0.0	[6.0..9.0]	[1.0..1.0]	[1.047..1.16]	[922.407..1021.96]	[0.051..0.056]	[0.0..0.0]	[1.031..1.161]	[908.31104..1022.841]	[0.05..0.056]	[0.0..0.0]	0.8740563	[806.23566..893.25055]
Group-1	PG 37:4:0	291.23	240116_PG_FTMSMS-_3.mzXML	35.0	551.6	0.0	0.0	[6.0..9.0]	[1.0..1.0]	[1.207..1.469]	[665.781..810.3]	[0.034..0.041]	[0.0..0.0]	[1.195..1.47]	[659.162..810.852]	[0.034..0.041]	[0.0..0.0]	0.8740563	[581.93024..708.2481]
Group-1	PG 37:4:0	293.25	240116_PG_FTMSMS-_3.mzXML	25.0	364.3	0.0	0.0	[9.0..9.0]	[1.0..1.0]	[0.926..0.926]	[337.342..337.342]	[0.082..0.082]	[0.0..0.0]	[0.926..0.926]	[337.3418..337.3418]	[0.082..0.082]	[0.0..0.0]	0.8740563	[294.8557..294.8557]
Group-1	PG 37:4:0	293.25	240116_PG_FTMSMS-_3.mzXML	30.0	466.5	0.0	0.0	[9.0..9.0]	[0.0..0.0]	[0.902..0.902]	[420.783..420.783]	[0.074..0.074]	[0.0..0.0]	[0.902..0.902]	[420.783..420.783]	[0.074..0.074]	[0.0..0.0]	0.8740563	[367.78802..367.78802]
Group-1	PG 37:4:0	293.25	240116_PG_FTMSMS-_3.mzXML	35.0	582.5	0.0	0.0	[9.0..9.0]	[0.0..1.0]	[0.95..0.97]	[553.375..565.025]	[0.088..0.088]	[0.0..0.0]	[0.95..0.95]	[553.375..553.375]	[0.087..0.087]	[0.0..0.0]	0.8740563	[483.68088..493.86368]
Group-1	PG 37:4:0	303.23	240116_PG_FTMSMS-_3.mzXML	25.0	72434.1	3882.3	0.053597685	[5.5..6.8]	[0.0..1.0]	[1.104..1.138]	[79967.25..82430.01]	[0.832..0.835]	[1.0..1.0]	[1.095..1.138]	[79315.34..82430.01]	[0.83..0.836]	[1.0..1.0]	0.8740563	[69895.875..72048.47]
Group-1	PG 37:4:0	303.23	240116_PG_FTMSMS-_3.mzXML	30.0	69675.1	6619.1	0.09499951	[5.0..5.5]	[0.0..1.0]	[1.418..1.598]	[98799.29..111340.81]	[0.813..0.83]	[1.0..1.0]	[1.415..1.598]	[98590.266..111340.81]	[0.813..0.831]	[1.0..1.0]	0.8740563	[86356.14..97318.14]
Group-1	PG 37:4:0	303.23	240116_PG_FTMSMS-_3.mzXML	35.0	40771.2	4579.2	0.11231458	[5.1..5.5]	[0.8..1.0]	[2.058..2.521]	[83907.13..102784.19]	[0.796..0.827]	[1.0..1.0]	[2.06..2.521]	[83988.67..102784.19]	[0.796..0.827]	[1.0..1.0]	0.8740563	[73339.555..89839.17]
Group-1	PG 37:4:0	305.25	240116_PG_FTMSMS-_3.mzXML	25.0	3592.9	0.0	0.0	[5.0..11.0]	[1.0..1.0]	[0.966..0.981]	[3470.742..3524.635]	[0.912..0.913]	[1.0..1.0]	[0.966..0.981]	[3470.7415..3524.6348]	[0.912..0.913]	[1.0..1.0]	0.8740563	[3033.6233..3080.7292]
Group-1	PG 37:4:0	305.25	240116_PG_FTMSMS-_3.mzXML	30.0	4197.3	0.0	0.0	[5.0..11.0]	[1.0..1.0]	[0.987..1.177]	[4142.735..4940.222]	[0.849..0.87]	[1.0..1.0]	[0.987..1.177]	[4142.735..4940.222]	[0.849..0.87]	[1.0..1.0]	0.8740563	[3620.9834..4318.032]
Group-1	PG 37:4:0	305.25	240116_PG_FTMSMS-_3.mzXML	35.0	3953.4	0.0	0.0	[5.0..11.0]	[1.0..1.0]	[1.087..1.54]	[4297.346..6088.236]	[0.86..0.897]	[1.0..1.0]	[1.087..1.54]	[4297.3457..6088.236]	[0.86..0.897]	[1.0..1.0]	0.8740563	[3756.1218..5321.4604]
Group-1	PG 37:4:0	317.25	240116_PG_FTMSMS-_3.mzXML	25.0	8688.5	520.0	0.059849225	[5.0..6.0]	[0.0..1.0]	[1.067..1.09]	[9270.63..9470.465]	[0.466..0.472]	[0.06..0.44]	[1.045..1.053]	[9079.482..9148.99]	[0.461..0.463]	[0.058..0.435]	0.8740563	[8103.052..8277.72]
Group-1	PG 37:4:0	317.25	240116_PG_FTMSMS-_3.mzXML	30.0	9851.3	623.2	0.06326069	[5.9..6.6]	[0.0..1.0]	[1.357..1.498]	[13368.214..14757.247]	[0.389..0.413]	[0.06..0.44]	[1.348..1.464]	[13279.553..14422.303]	[0.388..0.407]	[0.058..0.435]	0.8740563	[11684.571..12898.665]
Group-1	PG 37:4:0	317.25	240116_PG_FTMSMS-_3.mzXML	35.0	5602.7	595.6	0.10630588	[5.0..5.2]	[0.1..1.0]	[1.955..2.331]	[10953.279..13059.895]	[0.309..0.348]	[0.06..0.44]	[1.955..2.329]	[10953.279..13048.688]	[0.309..0.348]	[0.058..0.435]	0.8740563	[9573.782..11415.083]
Group-1	PG 37:4:0	331.26	240116_PG_FTMSMS-_3.mzXML	25.0	32950.9	384.0	0.011653704	[8.9..9.7]	[1.0..1.0]	[0.987..0.995]	[32522.537..32786.145]	[0.988..0.988]	[1.0..1.0]	[0.987..0.995]	[32522.537..32786.145]	[0.988..0.988]	[1.0..1.0]	0.8740563	[28426.527..28656.936]
Group-1	PG 37:4:0	331.26	240116_PG_FTMSMS-_3.mzXML	30.0	42615.6	1227.0	0.028792271	[7.3..8.3]	[1.0..1.0]	[1.091..1.206]	[46493.62..51394.414]	[0.99..0.991]	[1.0..1.0]	[1.091..1.206]	[46493.62..51394.414]	[0.99..0.991]	[1.0..1.0]	0.8740563	[40638.04..44921.61]
Group-1	PG 37:4:0	331.26	240116_PG_FTMSMS-_3.mzXML	35.0	30359.9	1258.8	0.04146259	[7.0..7.8]	[1.0..1.0]	[1.363..1.661]	[41380.547..50427.797]	[0.987..0.989]	[1.0..1.0]	[1.363..1.661]	[41380.547..50427.797]	[0.987..0.989]	[1.0..1.0]	0.8740563	[36168.926..44076.73]
Group-1	PG 38:1:0	255.23	240116_PG_FTMSMS-_3.mzXML	25.0	332524.9	0.0	0.0	[0.0..0.0]	[0.0..1.0]	[1.0..1.0]	[332524.9..332524.9]	[0.981..0.981]	[1.0..1.0]	[1.0..1.0]	[332524.9..332524.9]	[0.981..0.981]	[1.0..1.0]	0.8552974	[284407.7..284407.7]
Group-1	PG 38:1:0	255.23	240116_PG_FTMSMS-_3.mzXML	30.0	660260.9	0.0	0.0	[0.0..0.0]	[1.0..1.0]	[1.0..1.0]	[660260.9..660260.9]	[0.991..0.991]	[1.0..1.0]	[1.0..1.0]	[660260.9..660260.9]	[0.991..0.991]	[1.0..1.0]	0.8552974	[564719.4..564719.4]
Group-1	PG 38:1:0	255.23	240116_PG_FTMSMS-_3.mzXML	35.0	795312.6	0.0	0.0	[0.0..0.0]	[0.0..0.0]	[1.0..1.0]	[795312.6..795312.6]	[0.994..0.994]	[1.0..1.0]	[1.0..1.0]	[795312.6..795312.6]	[0.994..0.994]	[1.0..1.0]	0.8552974	[680228.8..680228.8]
Group-1	PG 38:1:0	281.25	240116_PG_FTMSMS-_3.mzXML	25.0	151151.7	0.0	0.0	[9.0..9.0]	[0.0..1.0]	[0.925..0.958]	[139815.33..144803.33]	[0.921..0.923]	[1.0..1.0]	[0.958..0.958]	[144803.33..144803.33]	[0.923..0.923]	[1.0..1.0]	0.8552974	[119583.68..123849.914]
Group-1	PG 38:1:0	281.25	240116_PG_FTMSMS-_3.mzXML	30.0	254459.9	0.0	0.0	[9.0..9.0]	[0.0..1.0]	[0.911..0.937]	[231812.98..238428.92]	[0.953..0.954]	[1.0..1.0]	[0.937..0.937]	[238428.92..238428.92]	[0.954..0.954]	[1.0..1.0]	0.8552974	[198269.03..203927.64]
Group-1	PG 38:1:0	281.25	240116_PG_FTMSMS-_3.mzXML	35.0	268421.4	0.0	0.0	[9.0..9.0]	[0.0..1.0]	[0.912..0.936]	[244800.34..251242.44]	[0.95..0.951]	[1.0..1.0]	[0.936..0.936]	[251242.44..251242.44]	[0.951..0.951]	[1.0..1.0]	0.8552974	[209377.08..214887.0]
Group-1	PG 38:1:0	283.26	240116_PG_FTMSMS-_3.mzXML	25.0	24538.5	0.0	0.0	[0.0..0.0]	[0.0..0.0]	[1.009..1.009]	[24759.346..24759.346]	[0.345..0.345]	[0.1..0.15]	[1.009..1.009]	[24759.346..24759.346]	[0.345..0.345]	[0.095..0.146]	0.8552974	[21176.604..21176.604]
Group-1	PG 38:1:0	283.26	240116_PG_FTMSMS-_3.mzXML	30.0	35626.2	0.0	0.0	[0.0..0.0]	[0.0..0.0]	[0.985..0.985]	[35091.81..35091.81]	[0.325..0.325]	[0.1..0.15]	[0.985..0.985]	[35091.81..35091.81]	[0.325..0.325]	[0.095..0.146]	0.8552974	[30013.93..30013.93]
Group-1	PG 38:1:0	283.26	240116_PG_FTMSMS-_3.mzXML	35.0	38352.9	0.0	0.0	[0.0..0.0]	[0.0..0.0]	[0.976..0.976]	[37432.43..37432.43]	[0.347..0.347]	[0.1..0.15]	[0.976..0.976]	[37432.43..37432.43]	[0.347..0.347]	[0.095..0.146]	0.8552974	[32015.857..32015.857]
Group-1	PG 38:1:0	309.28	240116_PG_FTMSMS-_3.mzXML	25.0	49673.2	0.0	0.0	[11.0..11.0]	[1.0..1.0]	[0.946..0.946]	[46990.844..46990.844]	[0.655..0.655]	[0.85..0.9]	[0.946..0.946]	[46990.844..46990.844]	[0.655..0.655]	[0.854..0.905]	0.8552974	[40191.15..40191.15]
Group-1	PG 38:1:0	309.28	240116_PG_FTMSMS-_3.mzXML	30.0	81017.7	0.0	0.0	[11.0..11.0]	[1.0..1.0]	[0.899..0.899]	[72834.914..72834.914]	[0.675..0.675]	[0.85..0.9]	[0.899..0.899]	[72834.914..72834.914]	[0.675..0.675]	[0.854..0.905]	0.8552974	[62295.508..62295.508]
Group-1	PG 38:1:0	309.28	240116_PG_FTMSMS-_3.mzXML	35.0	80117.1	0.0	0.0	[11.0..11.0]	[1.0..1.0]	[0.879..0.879]	[70422.93..70422.93]	[0.653..0.653]	[0.85..0.9]	[0.879..0.879]	[70422.93..70422.93]	[0.653..0.653]	[0.854..0.905]	0.8552974	[60232.547..60232.547]
Group-1	PG 38:1:0	311.29	240116_PG_FTMSMS-_3.mzXML	25.0	11950.3	0.0	0.0	[0.0..0.0]	[0.0..1.0]	[1.009..1.016]	[12057.852..12141.505]	[0.077..0.079]	[0.0..0.0]	[1.009..1.009]	[12057.852..12057.852]	[0.077..0.077]	[0.0..0.0]	0.8552974	[10313.05..10384.598]
Group-1	PG 38:1:0	311.29	240116_PG_FTMSMS-_3.mzXML	30.0	11921.5	0.0	0.0	[0.0..0.0]	[0.0..1.0]	[0.957..0.965]	[11408.876..11504.247]	[0.046..0.047]	[0.0..0.0]	[0.957..0.957]	[11408.876..11408.876]	[0.046..0.046]	[0.0..0.0]	0.8552974	[9757.981..9839.553]
Group-1	PG 38:1:0	311.29	240116_PG_FTMSMS-_3.mzXML	35.0	13770.9	0.0	0.0	[0.0..0.0]	[0.0..1.0]	[0.932..0.946]	[12834.479..13027.271]	[0.049..0.05]	[0.0..0.0]	[0.932..0.932]	[12834.479..12834.479]	[0.049..0.049]	[0.0..0.0]	0.8552974	[10977.296..11142.191]
Group-1	PG 38:1:0	337.31	240116_PG_FTMSMS-_3.mzXML	25.0	6846.0	0.0	0.0	[13.0..13.0]	[0.0..1.0]	[0.919..0.934]	[6291.474..6394.164]	[0.019..0.019]	[0.0..0.0]	[0.919..0.919]	[6291.474..6291.474]	[0.019..0.019]	[0.0..0.0]	0.8552974	[5381.081..5468.9116]
Group-1	PG 38:1:0	337.31	240116_PG_FTMSMS-_3.mzXML	30.0	6733.8	0.0	0.0	[13.0..13.0]	[0.0..0.0]	[0.851..0.851]	[5730.464..5730.464]	[0.009..0.009]	[0.0..0.0]	[0.851..0.851]	[5730.464..5730.464]	[0.009..0.009]	[0.0..0.0]	0.8552974	[4901.2505..4901.2505]
Group-1	PG 38:1:0	337.31	240116_PG_FTMSMS-_3.mzXML	35.0	6250.6	0.0	0.0	[13.0..13.0]	[1.0..1.0]	[0.831..0.831]	[5194.249..5194.249]	[0.006..0.006]	[0.0..0.0]	[0.831..0.831]	[5194.2485..5194.2485]	[0.006..0.006]	[0.0..0.0]	0.8552974	[4442.6274..4442.6274]
Group-1	PG 38:2:0	255.23	240116_PG_FTMSMS-_3.mzXML	25.0	133079.9	0.0	0.0	[0.0..0.0]	[0.0..0.0]	[1.0..1.0]	[133079.9..133079.9]	[0.972..0.972]	[1.0..1.0]	[1.0..1.0]	[133079.9..133079.9]	[0.972..0.972]	[1.0..1.0]	0.8571377	[114067.805..114067.805]
Group-1	PG 38:2:0	255.23	240116_PG_FTMSMS-_3.mzXML	30.0	155807.5	0.0	0.0	[0.0..0.0]	[0.0..0.3]	[1.0..1.0]	[155807.5..155807.5]	[0.966..0.966]	[1.0..1.0]	[1.0..1.0]	[155807.5..155807.5]	[0.966..0.966]	[1.0..1.0]	0.8571377	[133548.48..133548.48]
Group-1	PG 38:2:0	255.23	240116_PG_FTMSMS-_3.mzXML	35.0	152533.0	0.0	0.0	[0.0..0.0]	[0.3..0.3]	[1.0..1.0]	[152532.98..152532.98]	[0.968..0.968]	[1.0..1.0]	[1.0..1.0]	[152533.0..152533.0]	[0.968..0.968]	[1.0..1.0]	0.8571377	[130741.78..130741.78]
Group-1	PG 38:2:0	279.23	240116_PG_FTMSMS-_3.mzXML	25.0	79845.3	0.0	0.0	[9.0..9.0]	[0.0..1.0]	[0.917..0.946]	[73218.14..75533.65]	[0.87..0.873]	[1.0..1.0]	[0.946..0.946]	[75533.65..75533.65]	[0.874..0.874]	[1.0..1.0]	0.8571377	[62758.027..64742.74]
Group-1	PG 38:2:0	279.23	240116_PG_FTMSMS-_3.mzXML	30.0	130328.4	0.0	0.0	[9.0..9.0]	[0.0..1.0]	[0.935..0.957]	[121857.055..124724.28]	[0.893..0.894]	[1.0..1.0]	[0.957..0.957]	[124724.28..124724.28]	[0.895..0.895]	[1.0..1.0]	0.8571377	[104448.27..106905.88]
Group-1	PG 38:2:0	279.23	240116_PG_FTMSMS-_3.mzXML	35.0	119528.5	0.0	0.0	[9.0..9.0]	[0.0..1.0]	[0.992..1.01]	[118572.27..120723.78]	[0.896..0.896]	[1.0..1.0]	[1.01..1.01]	[120723.78..120723.78]	[0.897..0.897]	[1.0..1.0]	0.8571377	[101632.766..103476.91]
Group-1	PG 38:2:0	281.25	240116_PG_FTMSMS-_3.mzXML	25.0	130564.4	0.0	0.0	[9.0..9.0]	[0.0..0.0]	[0.925..0.925]	[120772.07..120772.07]	[0.756..0.756]	[1.0..1.0]	[0.925..0.925]	[120772.07..120772.07]	[0.756..0.756]	[1.0..1.0]	0.8571377	[103518.29..103518.29]
Group-1	PG 38:2:0	281.25	240116_PG_FTMSMS-_3.mzXML	30.0	214222.1	0.0	0.0	[9.0..9.0]	[1.0..1.0]	[0.937..0.937]	[200726.1..200726.1]	[0.79..0.79]	[1.0..1.0]	[0.937..0.937]	[200726.1..200726.1]	[0.79..0.79]	[1.0..1.0]	0.8571377	[172049.9..172049.9]
Group-1	PG 38:2:0	281.25	240116_PG_FTMSMS-_3.mzXML	35.0	213376.5	0.0	0.0	[9.0..9.0]	[0.0..1.0]	[0.912..0.936]	[194599.38..199720.4]	[0.787..0.787]	[1.0..1.0]	[0.936..0.936]	[199720.4..199720.4]	[0.792..0.792]	[1.0..1.0]	0.8571377	[166798.44..171187.88]
Group-1	PG 38:2:0	283.26	240116_PG_FTMSMS-_3.mzXML	25.0	37048.0	0.0	0.0	[0.0..0.0]	[0.0..0.0]	[1.009..1.009]	[37381.43..37381.43]	[0.279..0.279]	[0.0..0.09]	[1.009..1.009]	[37381.43..37381.43]	[0.279..0.279]	[0.0..0.086]	0.8571377	[32041.031..32041.031]
Group-1	PG 38:2:0	283.26	240116_PG_FTMSMS-_3.mzXML	30.0	55733.4	0.0	0.0	[0.0..0.0]	[0.0..0.0]	[0.985..0.985]	[54897.4..54897.4]	[0.288..0.288]	[0.0..0.09]	[0.985..0.985]	[54897.4..54897.4]	[0.288..0.288]	[0.0..0.086]	0.8571377	[47054.63..47054.63]
Group-1	PG 38:2:0	283.26	240116_PG_FTMSMS-_3.mzXML	35.0	63306.2	0.0	0.0	[0.0..0.0]	[0.0..0.0]	[0.976..0.976]	[61786.85..61786.85]	[0.321..0.321]	[0.0..0.09]	[0.976..0.976]	[61786.85..61786.85]	[0.321..0.321]	[0.0..0.086]	0.8571377	[52959.84..52959.84]
Group-1	PG 38:2:0	307.26	240116_PG_FTMSMS-_3.mzXML	25.0	104300.7	0.0	0.0	[11.0..11.0]	[1.0..1.0]	[0.928..0.928]	[96791.05..96791.05]	[0.721..0.721]	[0.91..1.0]	[0.928..0.928]	[96791.05..96791.05]	[0.721..0.721]	[0.914..1.0]	0.8571377	[82963.26..82963.26]
Group-1	PG 38:2:0	307.26	240116_PG_FTMSMS-_3.mzXML	30.0	150854.5	0.0	0.0	[11.0..11.0]	[1.0..1.0]	[0.899..0.899]	[135618.19..135618.19]	[0.712..0.712]	[0.91..1.0]	[0.899..0.899]	[135618.19..135618.19]	[0.712..0.712]	[0.914..1.0]	0.8571377	[116243.47..116243.47]
Group-1	PG 38:2:0	307.26	240116_PG_FTMSMS-_3.mzXML	35.0	142499.9	0.0	0.0	[11.0..11.0]	[1.0..1.0]	[0.916..0.916]	[130529.914..130529.914]	[0.679..0.679]	[0.91..1.0]	[0.916..0.916]	[130529.914..130529.914]	[0.679..0.679]	[0.914..1.0]	0.8571377	[111882.11..111882.11]
Group-1	PG 38:2:0	309.28	240116_PG_FTMSMS-_3.mzXML	25.0	41215.1	0.0	0.0	[11.0..11.0]	[1.0..1.0]	[0.946..0.946]	[38989.484..38989.484]	[0.244..0.244]	[0.0..0.0]	[0.946..0.946]	[38989.484..38989.484]	[0.244..0.244]	[0.0..0.0]	0.8571377	[33419.355..33419.355]
Group-1	PG 38:2:0	309.28	240116_PG_FTMSMS-_3.mzXML	30.0	60761.5	0.0	0.0	[11.0..11.0]	[0.0..0.0]	[0.876..0.876]	[53227.074..53227.074]	[0.21..0.21]	[0.0..0.0]	[0.876..0.876]	[53227.074..53227.074]	[0.21..0.21]	[0.0..0.0]	0.8571377	[45622.93..45622.93]
Group-1	PG 38:2:0	309.28	240116_PG_FTMSMS-_3.mzXML	35.0	61453.5	0.0	0.0	[11.0..11.0]	[0.0..1.0]	[0.856..0.879]	[52604.195..54017.63]	[0.213..0.213]	[0.0..0.0]	[0.856..0.856]	[52604.195..52604.195]	[0.208..0.208]	[0.0..0.0]	0.8571377	[45089.04..46300.543]
Group-1	PG 38:2:0	311.29	240116_PG_FTMSMS-_3.mzXML	25.0	10837.2	0.0	0.0	[0.0..0.0]	[0.0..1.0]	[1.009..1.016]	[10934.734..11010.596]	[0.127..0.13]	[0.0..0.0]	[1.009..1.009]	[10934.734..10934.734]	[0.126..0.126]	[0.0..0.0]	0.8571377	[9372.573..9437.597]
Group-1	PG 38:2:0	311.29	240116_PG_FTMSMS-_3.mzXML	30.0	15307.1	0.0	0.0	[0.0..0.0]	[0.0..1.0]	[0.957..0.965]	[14648.895..14771.351]	[0.106..0.107]	[0.0..0.0]	[0.957..0.957]	[14648.895..14648.895]	[0.105..0.105]	[0.0..0.0]	0.8571377	[12556.12..12661.081]
Group-1	PG 38:2:0	311.29	240116_PG_FTMSMS-_3.mzXML	35.0	14801.7	0.0	0.0	[0.0..0.0]	[0.0..1.0]	[0.932..0.946]	[13795.185..14002.408]	[0.104..0.104]	[0.0..0.0]	[0.932..0.932]	[13795.185..13795.185]	[0.103..0.103]	[0.0..0.0]	0.8571377	[11824.372..12001.991]
Group-1	PG 38:2:0	335.29	240116_PG_FTMSMS-_3.mzXML	25.0	4095.1	0.0	0.0	[13.0..13.0]	[1.0..1.0]	[0.926..0.926]	[3792.063..3792.063]	[0.028..0.028]	[0.0..0.0]	[0.926..0.926]	[3792.0627..3792.0627]	[0.028..0.028]	[0.0..0.0]	0.8571377	[3250.3198..3250.3198]
Group-1	PG 38:2:0	335.29	240116_PG_FTMSMS-_3.mzXML	30.0	6308.3	0.0	0.0	[13.0..13.0]	[0.7..1.0]	[0.863..0.869]	[5444.063..5481.913]	[0.034..0.034]	[0.0..0.0]	[0.863..0.863]	[5444.0625..5444.0625]	[0.034..0.034]	[0.0..0.0]	0.8571377	[4666.311..4698.754]
Group-1	PG 38:2:0	335.29	240116_PG_FTMSMS-_3.mzXML	35.0	5951.2	0.0	0.0	[13.0..13.0]	[0.7..0.7]	[0.856..0.856]	[5094.228..5094.228]	[0.032..0.032]	[0.0..0.0]	[0.856..0.856]	[5094.2275..5094.2275]	[0.032..0.032]	[0.0..0.0]	0.8571377	[4366.4546..4366.4546]
Group-1	PG 38:3:0	255.23	240116_PG_FTMSMS-_3.mzXML	25.0	14381.1	0.0	0.0	[0.0..0.0]	[1.0..1.0]	[1.0..1.0]	[14381.1..14381.1]	[0.335..0.335]	[0.12..0.43]	[1.0..1.0]	[14381.1..14381.1]	[0.335..0.335]	[0.12..0.431]	0.8589958	[12353.304..12353.304]
Group-1	PG 38:3:0	255.23	240116_PG_FTMSMS-_3.mzXML	30.0	23164.9	0.0	0.0	[0.0..0.0]	[0.0..1.0]	[1.0..1.0]	[23164.9..23164.9]	[0.39..0.394]	[0.12..0.43]	[1.0..1.0]	[23164.9..23164.9]	[0.39..0.392]	[0.12..0.431]	0.8589958	[19898.553..19898.553]
Group-1	PG 38:3:0	255.23	240116_PG_FTMSMS-_3.mzXML	35.0	26048.5	0.0	0.0	[0.0..0.0]	[0.0..0.0]	[1.0..1.0]	[26048.5..26048.5]	[0.47..0.47]	[0.12..0.43]	[1.0..1.0]	[26048.5..26048.5]	[0.47..0.47]	[0.12..0.431]	0.8589958	[22375.553..22375.553]
Group-1	PG 38:3:0	279.23	240116_PG_FTMSMS-_3.mzXML	25.0	110631.5	0.0	0.0	[9.0..9.0]	[0.0..0.0]	[0.917..0.917]	[101449.086..101449.086]	[0.818..0.818]	[1.0..1.0]	[0.917..0.917]	[101449.086..101449.086]	[0.818..0.818]	[1.0..1.0]	0.8589958	[87144.336..87144.336]
Group-1	PG 38:3:0	279.23	240116_PG_FTMSMS-_3.mzXML	30.0	163238.9	0.0	0.0	[9.0..9.0]	[0.0..0.0]	[0.935..0.935]	[152628.38..152628.38]	[0.803..0.803]	[1.0..1.0]	[0.935..0.935]	[152628.38..152628.38]	[0.803..0.803]	[1.0..1.0]	0.8589958	[131107.12..131107.12]
Group-1	PG 38:3:0	279.23	240116_PG_FTMSMS-_3.mzXML	35.0	167083.2	0.0	0.0	[9.0..9.0]	[0.0..0.0]	[0.992..0.992]	[165746.53..165746.53]	[0.844..0.844]	[1.0..1.0]	[0.992..0.992]	[165746.53..165746.53]	[0.844..0.844]	[1.0..1.0]	0.8589958	[142375.58..142375.58]
Group-1	PG 38:3:0	281.25	240116_PG_FTMSMS-_3.mzXML	25.0	103250.1	0.0	0.0	[9.0..9.0]	[0.0..0.0]	[0.925..0.925]	[95506.34..95506.34]	[0.661..0.661]	[0.87..0.95]	[0.925..0.925]	[95506.34..95506.34]	[0.661..0.661]	[0.871..0.953]	0.8589958	[82039.555..82039.555]
Group-1	PG 38:3:0	281.25	240116_PG_FTMSMS-_3.mzXML	30.0	156046.5	0.0	0.0	[9.0..9.0]	[1.0..1.0]	[0.937..0.937]	[146215.56..146215.56]	[0.696..0.696]	[0.87..0.95]	[0.937..0.937]	[146215.56..146215.56]	[0.696..0.696]	[0.871..0.953]	0.8589958	[125598.555..125598.555]
Group-1	PG 38:3:0	281.25	240116_PG_FTMSMS-_3.mzXML	35.0	169177.8	0.0	0.0	[9.0..9.0]	[0.0..1.0]	[0.912..0.936]	[154290.16..158350.42]	[0.673..0.674]	[0.87..0.95]	[0.933..0.935]	[157842.89..158181.23]	[0.678..0.678]	[0.871..0.953]	0.8589958	[132534.6..136022.34]
Group-1	PG 38:3:0	283.26	240116_PG_FTMSMS-_3.mzXML	25.0	258660.5	0.0	0.0	[0.0..0.0]	[0.0..0.0]	[1.009..1.009]	[260988.44..260988.44]	[0.26..0.263]	[0.0..0.07]	[1.009..1.009]	[260988.44..260988.44]	[0.26..0.266]	[0.0..0.065]	0.8589958	[224187.97..224187.97]
Group-1	PG 38:3:0	283.26	240116_PG_FTMSMS-_3.mzXML	30.0	392533.9	0.0	0.0	[0.0..0.0]	[0.0..0.0]	[0.985..0.985]	[386645.9..386645.9]	[0.259..0.294]	[0.0..0.07]	[0.985..0.985]	[386645.9..386645.9]	[0.259..0.296]	[0.0..0.065]	0.8589958	[332127.2..332127.2]
Group-1	PG 38:3:0	283.26	240116_PG_FTMSMS-_3.mzXML	35.0	390059.3	0.0	0.0	[0.0..0.0]	[0.0..0.0]	[0.976..0.976]	[380697.9..380697.9]	[0.243..0.312]	[0.0..0.07]	[0.976..0.976]	[380697.9..380697.9]	[0.243..0.313]	[0.0..0.065]	0.8589958	[327017.9..327017.9]
Group-1	PG 38:3:0	305.25	240116_PG_FTMSMS-_3.mzXML	25.0	756571.6	0.0	0.0	[5.0..11.0]	[1.0..1.0]	[0.966..0.981]	[730848.2..742196.75]	[0.737..0.74]	[0.93..1.0]	[0.953..0.981]	[721012.75..742196.75]	[0.734..0.74]	[0.935..1.0]	0.8589958	[627795.56..637543.94]
Group-1	PG 38:3:0	305.25	240116_PG_FTMSMS-_3.mzXML	30.0	940205.6	0.0	0.0	[5.0..11.0]	[1.0..1.0]	[0.987..1.177]	[927982.94..1106622.1]	[0.706..0.741]	[0.93..1.0]	[0.98..1.177]	[921401.5..1106622.1]	[0.704..0.741]	[0.935..1.0]	0.8589958	[797133.44..950583.7]
Group-1	PG 38:3:0	305.25	240116_PG_FTMSMS-_3.mzXML	35.0	770996.7	0.0	0.0	[5.0..11.0]	[1.0..1.0]	[1.087..1.54]	[838073.44..1187334.9]	[0.688..0.757]	[0.93..1.0]	[1.086..1.54]	[837302.4..1187334.9]	[0.687..0.757]	[0.935..1.0]	0.8589958	[719901.56..1019915.7]
Group-1	PG 38:3:0	307.26	240116_PG_FTMSMS-_3.mzXML	25.0	52805.0	0.0	0.0	[11.0..11.0]	[1.0..1.0]	[0.928..0.928]	[49003.04..49003.04]	[0.339..0.339]	[0.05..0.13]	[0.928..0.928]	[49003.04..49003.04]	[0.339..0.339]	[0.047..0.129]	0.8589958	[42093.406..42093.406]
Group-1	PG 38:3:0	307.26	240116_PG_FTMSMS-_3.mzXML	30.0	72802.8	0.0	0.0	[11.0..11.0]	[0.0..0.0]	[0.877..0.877]	[63848.05..63848.05]	[0.304..0.304]	[0.05..0.13]	[0.877..0.877]	[63848.05..63848.05]	[0.304..0.304]	[0.047..0.129]	0.8589958	[54845.207..54845.207]
Group-1	PG 38:3:0	307.26	240116_PG_FTMSMS-_3.mzXML	35.0	83596.6	0.0	0.0	[11.0..11.0]	[0.0..1.0]	[0.895..0.916]	[74818.95..76574.484]	[0.326..0.327]	[0.05..0.13]	[0.896..0.898]	[74902.555..75069.75]	[0.322..0.322]	[0.047..0.129]	0.8589958	[64269.17..65777.164]
Group-1	PG 38:3:0	309.28	240116_PG_FTMSMS-_3.mzXML	25.0	23780.6	0.0	0.0	[11.0..11.0]	[1.0..1.0]	[0.946..0.946]	[22496.447..22496.447]	[0.182..0.182]	[0.0..0.0]	[0.946..0.946]	[22496.447..22496.447]	[0.182..0.182]	[0.0..0.0]	0.8589958	[19324.354..19324.354]
Group-1	PG 38:3:0	309.28	240116_PG_FTMSMS-_3.mzXML	30.0	41773.1	0.0	0.0	[11.0..11.0]	[1.0..1.0]	[0.899..0.899]	[37554.02..37554.02]	[0.197..0.197]	[0.0..0.0]	[0.899..0.899]	[37554.02..37554.02]	[0.197..0.197]	[0.0..0.0]	0.8589958	[32258.742..32258.742]
Group-1	PG 38:3:0	309.28	240116_PG_FTMSMS-_3.mzXML	35.0	34967.8	0.0	0.0	[11.0..11.0]	[1.0..1.0]	[0.879..0.879]	[30736.697..30736.697]	[0.156..0.156]	[0.0..0.0]	[0.879..0.879]	[30736.697..30736.697]	[0.156..0.156]	[0.0..0.0]	0.8589958	[26402.693..26402.693]
Group-1	PG 38:3:0	333.28	240116_PG_FTMSMS-_3.mzXML	25.0	30176.5	0.0	0.0	[13.0..13.0]	[0.0..0.0]	[0.945..0.945]	[28516.793..28516.793]	[0.665..0.665]	[0.57..0.88]	[0.945..0.945]	[28516.793..28516.793]	[0.665..0.665]	[0.569..0.88]	0.8589958	[24495.805..24495.805]
Group-1	PG 38:3:0	333.28	240116_PG_FTMSMS-_3.mzXML	30.0	38555.8	0.0	0.0	[13.0..13.0]	[0.0..1.0]	[0.924..0.94]	[35625.562..36242.453]	[0.606..0.61]	[0.57..0.88]	[0.933..0.938]	[35972.562..36165.344]	[0.608..0.61]	[0.569..0.88]	0.8589958	[30602.205..31132.113]
Group-1	PG 38:3:0	333.28	240116_PG_FTMSMS-_3.mzXML	35.0	29494.2	0.0	0.0	[13.0..13.0]	[1.0..1.0]	[0.997..0.997]	[29405.717..29405.717]	[0.53..0.53]	[0.57..0.88]	[0.997..0.997]	[29405.717..29405.717]	[0.53..0.53]	[0.569..0.88]	0.8589958	[25259.387..25259.387]
Group-1	PG 38:4:0	255.23	240116_PG_FTMSMS-_3.mzXML	25.0	106022.5	0.0	0.0	[0.0..0.0]	[0.0..0.0]	[1.0..1.0]	[106022.49..106022.49]	[0.258..0.26]	[0.0..0.13]	[1.0..1.0]	[106022.5..106022.5]	[0.258..0.265]	[0.0..0.135]	0.8608626	[91270.805..91270.805]
Group-1	PG 38:4:0	255.23	240116_PG_FTMSMS-_3.mzXML	30.0	144456.1	0.0	0.0	[0.0..0.0]	[0.0..0.0]	[1.0..1.0]	[144456.1..144456.1]	[0.266..0.288]	[0.0..0.13]	[1.0..1.0]	[144456.1..144456.1]	[0.266..0.291]	[0.0..0.135]	0.8608626	[124356.85..124356.85]
Group-1	PG 38:4:0	255.23	240116_PG_FTMSMS-_3.mzXML	35.0	159723.4	0.0	0.0	[0.0..0.0]	[0.0..0.0]	[1.0..1.0]	[159723.4..159723.4]	[0.294..0.342]	[0.0..0.13]	[1.0..1.0]	[159723.4..159723.4]	[0.294..0.342]	[0.0..0.135]	0.8608626	[137499.9..137499.9]
Group-1	PG 38:4:0	281.25	240116_PG_FTMSMS-_3.mzXML	25.0	69402.5	0.0	0.0	[9.0..9.0]	[0.0..0.0]	[0.925..0.925]	[64197.312..64197.312]	[0.356..0.36]	[0.0..0.18]	[0.925..0.925]	[64197.312..64197.312]	[0.356..0.367]	[0.0..0.177]	0.8608626	[55265.066..55265.066]
Group-1	PG 38:4:0	281.25	240116_PG_FTMSMS-_3.mzXML	30.0	73576.1	0.0	0.0	[9.0..9.0]	[0.0..0.0]	[0.911..0.911]	[67027.83..67027.83]	[0.255..0.29]	[0.0..0.18]	[0.911..0.911]	[67027.83..67027.83]	[0.255..0.293]	[0.0..0.177]	0.8608626	[57701.75..57701.75]
Group-1	PG 38:4:0	281.25	240116_PG_FTMSMS-_3.mzXML	35.0	49905.2	0.0	0.0	[9.0..9.0]	[0.0..0.0]	[0.912..0.912]	[45513.543..45513.543]	[0.184..0.242]	[0.0..0.18]	[0.912..0.912]	[45513.543..45513.543]	[0.184..0.242]	[0.0..0.177]	0.8608626	[39180.906..39180.906]
Group-1	PG 38:4:0	283.26	240116_PG_FTMSMS-_3.mzXML	25.0	2140478.0	0.0	0.0	[0.0..0.0]	[0.0..1.0]	[1.002..1.009]	[2144759.0..2159742.2]	[0.243..0.245]	[0.0..0.05]	[1.002..1.002]	[2144759.0..2144759.0]	[0.241..0.249]	[0.0..0.054]	0.8608626	[1846342.8..1859241.4]
Group-1	PG 38:4:0	283.26	240116_PG_FTMSMS-_3.mzXML	30.0	2860787.0	0.0	0.0	[0.0..0.0]	[0.0..1.0]	[0.976..0.985]	[2792128.2..2817875.2]	[0.245..0.261]	[0.0..0.05]	[0.976..0.976]	[2792128.2..2792128.2]	[0.243..0.263]	[0.0..0.054]	0.8608626	[2403638.8..2425803.2]
Group-1	PG 38:4:0	283.26	240116_PG_FTMSMS-_3.mzXML	35.0	3024843.2	0.0	0.0	[0.0..0.0]	[0.0..0.0]	[0.976..0.976]	[2952247.0..2952247.0]	[0.273..0.307]	[0.0..0.05]	[0.976..0.976]	[2952247.0..2952247.0]	[0.273..0.307]	[0.0..0.054]	0.8608626	[2541479.2..2541479.2]
Group-1	PG 38:4:0	303.23	240116_PG_FTMSMS-_3.mzXML	25.0	5920026.0	345964.8	0.058439746	[5.2..6.5]	[0.0..1.0]	[1.114..1.138]	[6594908.5..6736989.5]	[0.755..0.757]	[0.95..1.0]	[1.092..1.138]	[6464668.5..6736989.5]	[0.751..0.759]	[0.946..1.0]	0.8608626	[5677310.5..5799622.5]
Group-1	PG 38:4:0	303.23	240116_PG_FTMSMS-_3.mzXML	30.0	5444392.0	507406.8	0.09319807	[5.0..5.6]	[0.0..1.0]	[1.45..1.598]	[7894368.5..8700138.0]	[0.739..0.755]	[0.95..1.0]	[1.438..1.598]	[7829035.5..8700139.0]	[0.737..0.757]	[0.946..1.0]	0.8608626	[6795967.0..7489624.0]
Group-1	PG 38:4:0	303.23	240116_PG_FTMSMS-_3.mzXML	35.0	3118808.2	413775.4	0.132671	[5.0..5.0]	[1.0..1.0]	[2.137..2.521]	[6664893.5..7862515.5]	[0.693..0.727]	[0.95..1.0]	[2.136..2.521]	[6661774.0..7862515.5]	[0.693..0.727]	[0.946..1.0]	0.8608626	[5737558.0..6768545.5]
Group-1	PG 38:4:0	305.25	240116_PG_FTMSMS-_3.mzXML	25.0	118367.4	0.0	0.0	[5.0..11.0]	[1.0..1.0]	[0.966..0.981]	[114342.91..116118.42]	[0.64..0.644]	[0.82..1.0]	[0.937..0.981]	[110910.25..116118.42]	[0.633..0.644]	[0.823..1.0]	0.8608626	[98433.54..99962.01]
Group-1	PG 38:4:0	305.25	240116_PG_FTMSMS-_3.mzXML	30.0	166544.0	0.0	0.0	[5.0..11.0]	[1.0..1.0]	[0.987..1.177]	[164378.92..196022.3]	[0.71..0.745]	[0.82..1.0]	[0.971..1.177]	[161714.23..196022.3]	[0.707..0.745]	[0.823..1.0]	0.8608626	[141507.67..168748.27]
Group-1	PG 38:4:0	305.25	240116_PG_FTMSMS-_3.mzXML	35.0	131384.0	0.0	0.0	[5.0..11.0]	[1.0..1.0]	[1.087..1.54]	[142814.4..202331.36]	[0.758..0.816]	[0.82..1.0]	[1.086..1.54]	[142683.02..202331.36]	[0.758..0.816]	[0.823..1.0]	0.8608626	[122943.586..174179.5]
Group-1	PG 38:4:0	331.26	240116_PG_FTMSMS-_3.mzXML	25.0	306009.2	0.0	0.0	[7.0..10.0]	[1.0..1.0]	[0.986..0.995]	[301725.06..304479.16]	[0.74..0.742]	[0.87..1.0]	[0.963..0.995]	[294686.84..304479.16]	[0.735..0.742]	[0.865..1.0]	0.8608626	[259743.83..262114.72]
Group-1	PG 38:4:0	331.26	240116_PG_FTMSMS-_3.mzXML	30.0	330958.0	0.0	0.0	[7.0..10.0]	[1.0..1.0]	[1.078..1.206]	[356772.72..399135.3]	[0.712..0.734]	[0.87..1.0]	[1.064..1.206]	[352139.3..399135.34]	[0.709..0.734]	[0.865..1.0]	0.8608626	[307132.28..343600.7]
Group-1	PG 38:4:0	331.26	240116_PG_FTMSMS-_3.mzXML	35.0	231260.9	0.0	0.0	[7.0..10.0]	[1.0..1.0]	[1.33..1.661]	[307577.0..384124.38]	[0.658..0.706]	[0.87..1.0]	[1.329..1.661]	[307345.75..384124.38]	[0.658..0.706]	[0.865..1.0]	0.8608626	[264781.56..330678.3]
Group-1	PG 38:5:0	255.23	240116_PG_FTMSMS-_3.mzXML	25.0	930764.6	0.0	0.0	[0.0..0.0]	[0.0..1.0]	[1.0..1.0]	[930764.6..930764.6]	[0.236..0.238]	[0.0..0.03]	[1.0..1.0]	[930764.6..930764.6]	[0.236..0.243]	[0.0..0.028]	0.8627383	[803006.3..803006.3]
Group-1	PG 38:5:0	255.23	240116_PG_FTMSMS-_3.mzXML	30.0	1186426.2	0.0	0.0	[0.0..0.0]	[0.9..1.0]	[1.0..1.0]	[1186426.2..1186426.2]	[0.239..0.251]	[0.0..0.03]	[1.0..1.0]	[1186426.2..1186426.2]	[0.237..0.252]	[0.0..0.028]	0.8627383	[1023575.4..1023575.4]
Group-1	PG 38:5:0	255.23	240116_PG_FTMSMS-_3.mzXML	35.0	1228106.8	0.0	0.0	[0.0..0.0]	[0.0..0.0]	[1.0..1.0]	[1228106.8..1228106.8]	[0.272..0.296]	[0.0..0.03]	[1.0..1.0]	[1228106.8..1228106.8]	[0.272..0.296]	[0.0..0.028]	0.8627383	[1059534.8..1059534.8]
Group-1	PG 38:5:0	281.25	240116_PG_FTMSMS-_3.mzXML	25.0	191656.1	0.0	0.0	[9.0..9.0]	[0.0..1.0]	[0.925..0.958]	[177281.89..183606.53]	[0.251..0.254]	[0.0..0.12]	[0.925..0.929]	[177281.89..178048.52]	[0.249..0.257]	[0.0..0.116]	0.8627383	[152947.88..158404.39]
Group-1	PG 38:5:0	281.25	240116_PG_FTMSMS-_3.mzXML	30.0	280625.8	0.0	0.0	[9.0..9.0]	[0.39999998..1.0]	[0.922..0.937]	[258736.98..262946.38]	[0.286..0.295]	[0.0..0.12]	[0.922..0.924]	[258737.0..259298.25]	[0.278..0.298]	[0.0..0.116]	0.8627383	[223222.33..226853.92]
Group-1	PG 38:5:0	281.25	240116_PG_FTMSMS-_3.mzXML	35.0	292449.9	0.0	0.0	[9.0..9.0]	[0.0..0.0]	[0.912..0.912]	[266714.3..266714.3]	[0.303..0.334]	[0.0..0.12]	[0.912..0.912]	[266714.3..266714.3]	[0.303..0.334]	[0.0..0.116]	0.8627383	[230104.66..230104.66]
Group-1	PG 38:5:0	303.23	240116_PG_FTMSMS-_3.mzXML	25.0	472830.5	29229.2	0.0618175	[5.0..6.3]	[0.0..1.0]	[1.121..1.138]	[530043.0..538081.1]	[0.746..0.749]	[0.88..1.0]	[1.084..1.138]	[512548.25..538081.1]	[0.743..0.751]	[0.884..1.0]	0.8627383	[457288.44..464223.22]
Group-1	PG 38:5:0	303.23	240116_PG_FTMSMS-_3.mzXML	30.0	421176.6	45187.0	0.10728754	[5.0..5.0]	[0.0..0.6]	[1.471..1.557]	[619550.75..655772.06]	[0.705..0.714]	[0.88..1.0]	[1.449..1.598]	[610284.9..673040.2]	[0.702..0.722]	[0.884..1.0]	0.8627383	[534510.2..565759.6]
Group-1	PG 38:5:0	303.23	240116_PG_FTMSMS-_3.mzXML	35.0	242868.9	31372.3	0.1291738	[5.0..5.0]	[1.0..1.0]	[2.188..2.521]	[531397.2..612272.5]	[0.666..0.697]	[0.88..1.0]	[2.187..2.521]	[531154.3..612272.5]	[0.666..0.697]	[0.884..1.0]	0.8627383	[458456.7..528230.94]
Group-1	PG 38:5:0	329.25	240116_PG_FTMSMS-_3.mzXML	25.0	2234161.0	472147.6	0.21133105	[4.0..4.8]	[0.0..1.0]	[1.332..1.35]	[2975902.5..3016117.5]	[0.762..0.764]	[0.97..1.0]	[1.297..1.35]	[2897707.0..3016117.5]	[0.757..0.764]	[0.972..1.0]	0.8627383	[2567425.0..2602120.0]
Group-1	PG 38:5:0	329.25	240116_PG_FTMSMS-_3.mzXML	30.0	1630981.2	486051.5	0.2980117	[4.0..4.4]	[0.0..0.1]	[2.168..2.319]	[3535967.2..3782245.5]	[0.749..0.761]	[0.97..1.0]	[2.155..2.345]	[3514764.5..3824651.0]	[0.748..0.763]	[0.972..1.0]	0.8627383	[3050614.5..3263088.0]
Group-1	PG 38:5:0	329.25	240116_PG_FTMSMS-_3.mzXML	35.0	680039.3	303084.8	0.4456872	[4.0..4.0]	[1.0..1.0]	[4.286..4.843]	[2914648.2..3293430.2]	[0.704..0.728]	[0.97..1.0]	[4.285..4.843]	[2913968.2..3293430.2]	[0.704..0.728]	[0.972..1.0]	0.8627383	[2514578.8..2841368.5]
Group-1	PG 38:6:0	253.22	240116_PG_FTMSMS-_3.mzXML	25.0	26173.1	0.0	0.0	[9.0..9.0]	[0.0..1.0]	[0.97..1.014]	[25387.908..26539.525]	[0.523..0.542]	[0.55..1.0]	[0.994..1.014]	[26016.06..26539.525]	[0.534..0.548]	[0.553..1.0]	0.8646135	[21950.727..22946.432]
Group-1	PG 38:6:0	253.22	240116_PG_FTMSMS-_3.mzXML	30.0	41901.3	0.0	0.0	[9.0..9.0]	[0.0..1.0]	[0.979..1.013]	[41021.37..42446.02]	[0.619..0.686]	[0.55..1.0]	[0.998..1.013]	[41817.5..42446.02]	[0.626..0.69]	[0.553..1.0]	0.8646135	[35467.633..36699.4]
Group-1	PG 38:6:0	253.22	240116_PG_FTMSMS-_3.mzXML	35.0	44903.9	0.0	0.0	[9.0..9.0]	[0.0..0.0]	[0.99..0.99]	[44454.86..44454.86]	[0.652..0.767]	[0.55..1.0]	[0.99..0.99]	[44454.86..44454.86]	[0.655..0.765]	[0.553..1.0]	0.8646135	[38436.27..38436.27]
Group-1	PG 38:6:0	255.23	240116_PG_FTMSMS-_3.mzXML	25.0	465417.9	0.0	0.0	[0.0..0.0]	[0.0..0.0]	[1.0..1.0]	[465417.9..465417.9]	[0.228..0.228]	[0.0..0.01]	[1.0..1.0]	[465417.9..465417.9]	[0.228..0.228]	[0.0..0.012]	0.8646135	[402406.6..402406.6]
Group-1	PG 38:6:0	255.23	240116_PG_FTMSMS-_3.mzXML	30.0	640752.9	0.0	0.0	[0.0..0.0]	[0.0..0.0]	[1.0..1.0]	[640752.9..640752.9]	[0.267..0.267]	[0.0..0.01]	[1.0..1.0]	[640752.9..640752.9]	[0.267..0.267]	[0.0..0.012]	0.8646135	[554003.56..554003.56]
Group-1	PG 38:6:0	255.23	240116_PG_FTMSMS-_3.mzXML	35.0	610444.4	0.0	0.0	[0.0..0.0]	[0.0..0.0]	[1.0..1.0]	[610444.4..610444.4]	[0.289..0.289]	[0.0..0.01]	[1.0..1.0]	[610444.4..610444.4]	[0.289..0.289]	[0.0..0.012]	0.8646135	[527798.44..527798.44]
Group-1	PG 38:6:0	279.23	240116_PG_FTMSMS-_3.mzXML	25.0	12691.3	0.0	0.0	[9.0..9.0]	[0.0..1.0]	[0.917..0.946]	[11637.922..12005.97]	[0.253..0.26]	[0.0..0.32]	[0.917..0.926]	[11637.922..11752.144]	[0.249..0.268]	[0.0..0.322]	0.8646135	[10062.304..10380.522]
Group-1	PG 38:6:0	279.23	240116_PG_FTMSMS-_3.mzXML	30.0	21369.9	0.0	0.0	[9.0..9.0]	[0.7..1.0]	[0.95..0.957]	[20301.404..20450.994]	[0.315..0.356]	[0.0..0.32]	[0.95..0.952]	[20301.404..20344.146]	[0.309..0.361]	[0.0..0.322]	0.8646135	[17552.867..17682.205]
Group-1	PG 38:6:0	279.23	240116_PG_FTMSMS-_3.mzXML	35.0	17747.8	0.0	0.0	[9.0..9.0]	[0.0..0.0]	[0.992..0.992]	[17605.818..17605.818]	[0.338..0.423]	[0.0..0.32]	[0.992..0.992]	[17605.818..17605.818]	[0.338..0.423]	[0.0..0.322]	0.8646135	[15222.228..15222.228]
Group-1	PG 38:6:0	303.23	240116_PG_FTMSMS-_3.mzXML	25.0	31171.9	0.0	0.0	[5.0..8.0]	[0.0..1.0]	[1.065..1.138]	[33198.074..35473.62]	[0.74..0.747]	[0.68..1.0]	[1.02..1.138]	[31795.338..35473.62]	[0.732..0.751]	[0.678..1.0]	0.8646135	[28703.504..30670.973]
Group-1	PG 38:6:0	303.23	240116_PG_FTMSMS-_3.mzXML	30.0	28437.4	0.0	0.0	[5.0..8.0]	[0.0..0.3]	[1.291..1.566]	[36712.684..44532.97]	[0.644..0.685]	[0.68..1.0]	[1.262..1.598]	[35888.0..45442.97]	[0.639..0.691]	[0.678..1.0]	0.8646135	[31742.281..38503.805]
Group-1	PG 38:6:0	303.23	240116_PG_FTMSMS-_3.mzXML	35.0	13700.6	0.0	0.0	[5.0..8.0]	[1.0..1.0]	[1.752..2.521]	[24003.45..34539.21]	[0.577..0.662]	[0.68..1.0]	[1.751..2.521]	[23989.75..34539.21]	[0.577..0.662]	[0.678..1.0]	0.8646135	[20753.705..29863.066]
Group-1	PG 38:6:0	327.23	240116_PG_FTMSMS-_3.mzXML	25.0	852345.2	339573.8	0.3983994	[4.0..4.0]	[1.0..1.0]	[1.853..1.853]	[1579395.6..1579395.6]	[0.772..0.772]	[0.99..1.0]	[1.853..1.853]	[1579395.6..1579395.6]	[0.772..0.772]	[0.988..1.0]	0.8646135	[1365566.8..1365566.8]
Group-1	PG 38:6:0	327.23	240116_PG_FTMSMS-_3.mzXML	30.0	436588.9	267229.8	0.61208564	[4.0..4.0]	[1.0..1.0]	[4.039..4.039]	[1763382.6..1763382.6]	[0.733..0.733]	[0.99..1.0]	[4.039..4.039]	[1763382.6..1763382.6]	[0.733..0.733]	[0.988..1.0]	0.8646135	[1524644.4..1524644.4]
Group-1	PG 38:6:0	327.23	240116_PG_FTMSMS-_3.mzXML	35.0	137092.6	133888.1	0.97662526	[4.0..4.0]	[1.0..1.0]	[10.962..10.962]	[1502809.0..1502809.0]	[0.711..0.711]	[0.99..1.0]	[10.962..10.962]	[1502809.0..1502809.0]	[0.711..0.711]	[0.988..1.0]	0.8646135	[1299348.9..1299348.9]
Group-1	PG 38:6:0	329.25	240116_PG_FTMSMS-_3.mzXML	25.0	17950.6	0.0	0.0	[4.0..7.0]	[0.0..1.0]	[1.197..1.35]	[21486.87..24233.31]	[0.458..0.477]	[0.0..0.45]	[1.197..1.292]	[21486.87..23192.176]	[0.452..0.466]	[0.0..0.447]	0.8646135	[18577.836..20952.445]
Group-1	PG 38:6:0	329.25	240116_PG_FTMSMS-_3.mzXML	30.0	11145.6	0.0	0.0	[4.0..7.0]	[0.0..1.0]	[1.687..2.345]	[18802.627..26136.432]	[0.314..0.381]	[0.0..0.45]	[1.687..2.28]	[18802.627..25411.967]	[0.31..0.374]	[0.0..0.447]	0.8646135	[16257.005..22597.91]
Group-1	PG 38:6:0	329.25	240116_PG_FTMSMS-_3.mzXML	35.0	4895.3	0.0	0.0	[4.0..7.0]	[1.0..1.0]	[2.752..4.843]	[13471.865..23707.938]	[0.233..0.348]	[0.0..0.45]	[2.797..4.783]	[13692.153..23414.219]	[0.235..0.345]	[0.0..0.447]	0.8646135	[11647.956..20498.201]
Group-1	PG 39:4:0	255.23	240116_PG_FTMSMS-_3.mzXML	25.0	75515.4	0.0	0.0	[0.0..0.0]	[0.0..0.0]	[1.0..1.0]	[75515.4..75515.4]	[1.0..1.0]	[1.0..1.0]	[1.0..1.0]	[75515.4..75515.4]	[1.0..1.0]	[1.0..1.0]	0.8480838	[64043.387..64043.387]
Group-1	PG 39:4:0	255.23	240116_PG_FTMSMS-_3.mzXML	30.0	133670.2	0.0	0.0	[0.0..0.0]	[1.0..1.0]	[1.0..1.0]	[133670.2..133670.2]	[1.0..1.0]	[1.0..1.0]	[1.0..1.0]	[133670.2..133670.2]	[1.0..1.0]	[1.0..1.0]	0.8480838	[113363.53..113363.53]
Group-1	PG 39:4:0	255.23	240116_PG_FTMSMS-_3.mzXML	35.0	161799.8	0.0	0.0	[0.0..0.0]	[0.0..0.0]	[1.0..1.0]	[161799.8..161799.8]	[1.0..1.0]	[1.0..1.0]	[1.0..1.0]	[161799.8..161799.8]	[1.0..1.0]	[1.0..1.0]	0.8480838	[137219.78..137219.78]
Group-1	PG 39:4:0	269.25	240116_PG_FTMSMS-_3.mzXML	25.0	0.0	0.0	0.0	[0.0..0.0]	[0.0..0.0]	[1.004..1.004]	[0.0..0.0]	[0.0..0.0]	[0.0..0.0]	[1.004..1.004]	[0.0..0.0]	[0.0..0.0]	[0.0..0.0]	0.8480838	[0.0..0.0]
Group-1	PG 39:4:0	269.25	240116_PG_FTMSMS-_3.mzXML	30.0	0.0	0.0	0.0	[0.0..0.0]	[0.0..0.0]	[0.993..0.993]	[0.0..0.0]	[0.0..0.0]	[0.0..0.0]	[0.993..0.993]	[0.0..0.0]	[0.0..0.0]	[0.0..0.0]	0.8480838	[0.0..0.0]
Group-1	PG 39:4:0	269.25	240116_PG_FTMSMS-_3.mzXML	35.0	0.0	0.0	0.0	[0.0..0.0]	[0.0..0.0]	[0.989..0.989]	[0.0..0.0]	[0.0..0.0]	[0.0..0.0]	[0.989..0.989]	[0.0..0.0]	[0.0..0.0]	[0.0..0.0]	0.8480838	[0.0..0.0]
Group-1	PG 39:4:0	297.28	240116_PG_FTMSMS-_3.mzXML	25.0	8039.9	0.0	0.0	[0.0..0.0]	[0.0..1.0]	[1.005..1.012]	[8080.099..8136.379]	[0.25..0.261]	[0.0..0.25]	[1.005..1.007]	[8080.099..8096.179]	[0.249..0.268]	[0.0..0.25]	0.8480838	[6852.601..6900.3306]
Group-1	PG 39:4:0	297.28	240116_PG_FTMSMS-_3.mzXML	30.0	12391.5	0.0	0.0	[0.0..0.0]	[0.0..1.0]	[0.966..0.975]	[11970.189..12081.713]	[0.251..0.292]	[0.0..0.25]	[0.966..0.968]	[11970.189..11994.972]	[0.25..0.296]	[0.0..0.25]	0.8480838	[10151.724..10246.305]
Group-1	PG 39:4:0	297.28	240116_PG_FTMSMS-_3.mzXML	35.0	10422.7	0.0	0.0	[0.0..0.0]	[0.0..0.0]	[0.962..0.962]	[10026.638..10026.638]	[0.309..0.392]	[0.0..0.25]	[0.962..0.962]	[10026.638..10026.638]	[0.309..0.392]	[0.0..0.25]	0.8480838	[8503.429..8503.429]
Group-1	PG 39:4:0	303.23	240116_PG_FTMSMS-_3.mzXML	25.0	21457.4	0.0	0.0	[5.0..8.0]	[0.0..1.0]	[1.065..1.138]	[22852.133..24418.521]	[0.739..0.75]	[0.75..1.0]	[1.026..1.138]	[22015.293..24418.521]	[0.732..0.751]	[0.75..1.0]	0.8480838	[19380.523..20708.953]
Group-1	PG 39:4:0	303.23	240116_PG_FTMSMS-_3.mzXML	30.0	22518.7	0.0	0.0	[5.0..8.0]	[0.0..1.0]	[1.291..1.598]	[29071.64..35984.883]	[0.708..0.749]	[0.75..1.0]	[1.267..1.598]	[28531.191..35984.883]	[0.704..0.75]	[0.75..1.0]	0.8480838	[24655.188..30518.195]
Group-1	PG 39:4:0	303.23	240116_PG_FTMSMS-_3.mzXML	35.0	8878.6	0.0	0.0	[5.0..8.0]	[1.0..1.0]	[1.752..2.521]	[15555.307..22382.95]	[0.608..0.691]	[0.75..1.0]	[1.751..2.521]	[15546.429..22382.95]	[0.608..0.691]	[0.75..1.0]	0.8480838	[13192.203..18982.615]
Group-1	PG 39:4:0	331.26	240116_PG_FTMSMS-_3.mzXML	25.0	34779.8	0.0	0.0	[7.0..10.0]	[1.0..1.0]	[0.986..0.995]	[34292.883..34605.902]	[1.0..1.0]	[1.0..1.0]	[0.986..0.995]	[34292.883..34605.902]	[1.0..1.0]	[1.0..1.0]	0.8480838	[29083.238..29348.705]
Group-1	PG 39:4:0	331.26	240116_PG_FTMSMS-_3.mzXML	30.0	39780.8	0.0	0.0	[7.0..10.0]	[1.0..1.0]	[1.078..1.206]	[42883.703..47975.645]	[1.0..1.0]	[1.0..1.0]	[1.078..1.206]	[42883.703..47975.645]	[1.0..1.0]	[1.0..1.0]	0.8480838	[36368.973..40687.367]
Group-1	PG 39:4:0	331.26	240116_PG_FTMSMS-_3.mzXML	35.0	31455.3	0.0	0.0	[7.0..10.0]	[1.0..1.0]	[1.33..1.661]	[41835.55..52247.254]	[1.0..1.0]	[1.0..1.0]	[1.33..1.661]	[41835.55..52247.254]	[1.0..1.0]	[1.0..1.0]	0.8480838	[35480.05..44310.05]
Group-1	PG 39:4:0	345.28	240116_PG_FTMSMS-_3.mzXML	25.0	0.0	0.0	0.0	[7.0..10.0]	[1.0..1.0]	[0.951..0.953]	[0.0..0.0]	[0.0..0.0]	[0.0..0.0]	[0.927..0.957]	[0.0..0.0]	[0.0..0.0]	[0.0..0.0]	0.8480838	[0.0..0.0]
Group-1	PG 39:4:0	345.28	240116_PG_FTMSMS-_3.mzXML	30.0	0.0	0.0	0.0	[7.0..10.0]	[0.0..0.0]	[1.004..1.14]	[0.0..0.0]	[0.0..0.0]	[0.0..0.0]	[1.004..1.14]	[0.0..0.0]	[0.0..0.0]	[0.0..0.0]	0.8480838	[0.0..0.0]
Group-1	PG 39:4:0	345.28	240116_PG_FTMSMS-_3.mzXML	35.0	0.0	0.0	0.0	[7.0..10.0]	[1.0..1.0]	[1.243..1.532]	[0.0..0.0]	[0.0..0.0]	[0.0..0.0]	[1.24..1.552]	[0.0..0.0]	[0.0..0.0]	[0.0..0.0]	0.8480838	[0.0..0.0]
Group-1	PG 39:5:0	267.23	240116_PG_FTMSMS-_3.mzXML	25.0	663.6	0.0	0.0	[9.0..9.0]	[0.0..0.0]	[0.945..0.945]	[627.102..627.102]	[0.052..0.053]	[0.0..0.0]	[0.945..0.945]	[627.102..627.102]	[0.052..0.053]	[0.0..0.0]	0.8498996	[532.9737..532.9737]
Group-1	PG 39:5:0	267.23	240116_PG_FTMSMS-_3.mzXML	30.0	1268.8	0.0	0.0	[9.0..9.0]	[0.0..1.0]	[0.942..0.972]	[1195.21..1233.274]	[0.067..0.073]	[0.0..0.0]	[0.942..0.942]	[1195.2096..1195.2096]	[0.065..0.073]	[0.0..0.0]	0.8498996	[1015.80817..1048.1588]
Group-1	PG 39:5:0	267.23	240116_PG_FTMSMS-_3.mzXML	35.0	1919.4	0.0	0.0	[9.0..9.0]	[0.0..1.0]	[0.949..0.976]	[1821.511..1873.335]	[0.105..0.124]	[0.0..0.0]	[0.949..0.949]	[1821.5106..1821.5106]	[0.102..0.124]	[0.0..0.0]	0.8498996	[1548.1011..1592.1461]
Group-1	PG 39:5:0	269.25	240116_PG_FTMSMS-_3.mzXML	25.0	5535.8	0.0	0.0	[0.0..0.0]	[0.0..1.0]	[1.001..1.004]	[5541.336..5557.943]	[0.063..0.065]	[0.0..0.0]	[1.001..1.001]	[5541.336..5541.336]	[0.062..0.066]	[0.0..0.0]	0.8498996	[4709.579..4723.6934]
Group-1	PG 39:5:0	269.25	240116_PG_FTMSMS-_3.mzXML	30.0	8103.9	0.0	0.0	[0.0..0.0]	[0.0..1.0]	[0.987..0.993]	[7998.55..8047.173]	[0.062..0.071]	[0.0..0.0]	[0.987..0.987]	[7998.5493..7998.5493]	[0.062..0.071]	[0.0..0.0]	0.8498996	[6797.9634..6839.288]
Group-1	PG 39:5:0	269.25	240116_PG_FTMSMS-_3.mzXML	35.0	8853.6	0.0	0.0	[0.0..0.0]	[0.0..0.0]	[0.989..0.989]	[8756.21..8756.21]	[0.073..0.09]	[0.0..0.0]	[0.989..0.989]	[8756.21..8756.21]	[0.073..0.09]	[0.0..0.0]	0.8498996	[7441.9..7441.9]
Group-1	PG 39:5:0	281.25	240116_PG_FTMSMS-_3.mzXML	25.0	36425.6	0.0	0.0	[9.0..9.0]	[0.0..1.0]	[0.925..0.958]	[33693.684..34895.727]	[0.975..0.975]	[1.0..1.0]	[0.958..0.958]	[34895.727..34895.727]	[0.974..0.976]	[1.0..1.0]	0.8498996	[28636.246..29657.863]
Group-1	PG 39:5:0	281.25	240116_PG_FTMSMS-_3.mzXML	30.0	80212.2	0.0	0.0	[9.0..9.0]	[0.0..1.0]	[0.911..0.937]	[73073.32..75158.83]	[1.0..1.0]	[1.0..1.0]	[0.937..0.937]	[75158.836..75158.836]	[1.0..1.0]	[1.0..1.0]	0.8498996	[62104.984..63877.46]
Group-1	PG 39:5:0	281.25	240116_PG_FTMSMS-_3.mzXML	35.0	90807.1	0.0	0.0	[9.0..9.0]	[0.0..0.0]	[0.912..0.912]	[82816.08..82816.08]	[1.0..1.0]	[1.0..1.0]	[0.912..0.912]	[82816.08..82816.08]	[1.0..1.0]	[1.0..1.0]	0.8498996	[70385.35..70385.35]
Group-1	PG 39:5:0	295.26	240116_PG_FTMSMS-_3.mzXML	25.0	997.6	0.0	0.0	[9.0..9.0]	[0.0..1.0]	[0.909..0.939]	[906.818..936.746]	[0.09..0.093]	[0.0..0.0]	[0.909..0.909]	[906.81836..906.81836]	[0.088..0.093]	[0.0..0.0]	0.8498996	[770.7045..796.1404]
Group-1	PG 39:5:0	295.26	240116_PG_FTMSMS-_3.mzXML	30.0	1757.5	0.0	0.0	[9.0..9.0]	[0.0..1.0]	[0.885..0.908]	[1555.388..1595.81]	[0.11..0.13]	[0.0..0.0]	[0.885..0.885]	[1555.3875..1555.3875]	[0.107..0.129]	[0.0..0.0]	0.8498996	[1321.9231..1356.2782]
Group-1	PG 39:5:0	295.26	240116_PG_FTMSMS-_3.mzXML	35.0	1493.9	0.0	0.0	[9.0..9.0]	[0.0..0.3]	[0.88..0.887]	[1314.632..1325.089]	[0.107..0.146]	[0.0..0.0]	[0.88..0.88]	[1314.632..1314.632]	[0.106..0.146]	[0.0..0.0]	0.8498996	[1117.3052..1126.1929]
Group-1	PG 39:5:0	303.23	240116_PG_FTMSMS-_3.mzXML	25.0	8289.0	0.0	0.0	[5.0..8.0]	[0.0..1.0]	[1.065..1.138]	[8827.785..9432.882]	[0.907..0.91]	[1.0..1.0]	[1.067..1.138]	[8844.363..9432.882]	[0.907..0.912]	[1.0..1.0]	0.8498996	[7502.7314..8017.003]
Group-1	PG 39:5:0	303.23	240116_PG_FTMSMS-_3.mzXML	30.0	8087.3	0.0	0.0	[5.0..8.0]	[0.0..1.0]	[1.291..1.598]	[10440.704..12923.506]	[0.87..0.89]	[1.0..1.0]	[1.294..1.598]	[10464.966..12923.506]	[0.871..0.893]	[1.0..1.0]	0.8498996	[8873.55..10983.682]
Group-1	PG 39:5:0	303.23	240116_PG_FTMSMS-_3.mzXML	35.0	4400.5	0.0	0.0	[5.0..8.0]	[0.7..1.0]	[1.751..2.521]	[7705.276..11093.66]	[0.854..0.893]	[1.0..1.0]	[1.752..2.521]	[7709.676..11093.66]	[0.854..0.894]	[1.0..1.0]	0.8498996	[6548.7104..9428.497]
Group-1	PG 39:5:0	317.25	240116_PG_FTMSMS-_3.mzXML	25.0	832.1	0.0	0.0	[5.0..8.0]	[0.0..1.0]	[1.02..1.09]	[848.742..906.989]	[0.025..0.025]	[0.0..0.0]	[1.02..1.12]	[848.74194..931.95197]	[0.024..0.026]	[0.0..0.0]	0.8498996	[721.34546..770.84955]
Group-1	PG 39:5:0	317.25	240116_PG_FTMSMS-_3.mzXML	30.0	0.0	0.0	0.0	[5.0..8.0]	[0.0..1.0]	[1.214..1.498]	[0.0..0.0]	[0.0..0.0]	[0.0..0.0]	[1.214..1.52]	[0.0..0.0]	[0.0..0.0]	[0.0..0.0]	0.8498996	[0.0..0.0]
Group-1	PG 39:5:0	317.25	240116_PG_FTMSMS-_3.mzXML	35.0	0.0	0.0	0.0	[5.0..8.0]	[1.0..1.0]	[1.628..2.331]	[0.0..0.0]	[0.0..0.0]	[0.0..0.0]	[1.629..2.33]	[0.0..0.0]	[0.0..0.0]	[0.0..0.0]	0.8498996	[0.0..0.0]
Group-1	PG 39:5:0	329.25	240116_PG_FTMSMS-_3.mzXML	25.0	61649.7	10816.1	0.17544448	[4.6..5.4]	[0.0..1.0]	[1.295..1.35]	[79836.36..83227.09]	[0.935..0.937]	[1.0..1.0]	[1.272..1.35]	[78418.414..83227.09]	[0.934..0.938]	[1.0..1.0]	0.8498996	[67852.89..70734.67]
Group-1	PG 39:5:0	329.25	240116_PG_FTMSMS-_3.mzXML	30.0	51687.4	14727.9	0.2849418	[4.1..4.5]	[0.0..1.0]	[2.036..2.345]	[105235.55..121206.95]	[0.929..0.938]	[1.0..1.0]	[2.025..2.345]	[104666.984..121206.95]	[0.929..0.938]	[1.0..1.0]	0.8498996	[89439.64..103013.734]
Group-1	PG 39:5:0	329.25	240116_PG_FTMSMS-_3.mzXML	35.0	23027.1	9244.8	0.40147477	[4.0..4.0]	[1.0..1.0]	[3.867..4.843]	[89045.8..111520.24]	[0.91..0.927]	[1.0..1.0]	[3.867..4.843]	[89045.8..111520.24]	[0.91..0.927]	[1.0..1.0]	0.8498996	[75679.984..94781.01]
Group-1	PG 39:5:0	331.26	240116_PG_FTMSMS-_3.mzXML	25.0	11402.9	0.0	0.0	[7.0..10.0]	[1.0..1.0]	[0.986..0.995]	[11243.26..11345.886]	[0.947..0.948]	[1.0..1.0]	[0.986..0.995]	[11243.26..11345.886]	[0.947..0.948]	[1.0..1.0]	0.8498996	[9555.642..9642.863]
Group-1	PG 39:5:0	331.26	240116_PG_FTMSMS-_3.mzXML	30.0	14184.0	0.0	0.0	[7.0..10.0]	[0.0..1.0]	[1.068..1.206]	[15148.512..17105.904]	[0.927..0.933]	[1.0..1.0]	[1.078..1.206]	[15290.352..17105.904]	[0.927..0.935]	[1.0..1.0]	0.8498996	[12874.714..14538.3]
Group-1	PG 39:5:0	331.26	240116_PG_FTMSMS-_3.mzXML	35.0	9663.3	0.0	0.0	[7.0..10.0]	[0.0..1.0]	[1.334..1.661]	[12890.842..16050.741]	[0.876..0.895]	[1.0..1.0]	[1.33..1.661]	[12852.189..16050.741]	[0.876..0.898]	[1.0..1.0]	0.8498996	[10955.922..13641.519]
Group-1	PG 40:5:0	255.23	240116_PG_FTMSMS-_3.mzXML	25.0	130014.0	0.0	0.0	[0.0..0.0]	[0.0..1.0]	[1.0..1.0]	[130014.0..130014.0]	[0.871..0.878]	[1.0..1.0]	[1.0..1.0]	[130014.0..130014.0]	[0.869..0.878]	[1.0..1.0]	0.83746755	[108882.51..108882.51]
Group-1	PG 40:5:0	255.23	240116_PG_FTMSMS-_3.mzXML	30.0	251584.9	0.0	0.0	[0.0..0.0]	[0.0..1.0]	[1.0..1.0]	[251584.9..251584.9]	[0.916..0.929]	[1.0..1.0]	[1.0..1.0]	[251584.9..251584.9]	[0.913..0.929]	[1.0..1.0]	0.83746755	[210694.2..210694.2]
Group-1	PG 40:5:0	255.23	240116_PG_FTMSMS-_3.mzXML	35.0	290698.8	0.0	0.0	[0.0..0.0]	[0.0..0.0]	[1.0..1.0]	[290698.8..290698.8]	[0.924..0.946]	[1.0..1.0]	[1.0..1.0]	[290698.8..290698.8]	[0.921..0.944]	[1.0..1.0]	0.83746755	[243450.83..243450.83]
Group-1	PG 40:5:0	283.26	240116_PG_FTMSMS-_3.mzXML	25.0	374175.3	0.0	0.0	[0.0..0.0]	[0.0..1.0]	[1.002..1.009]	[374923.66..377542.88]	[0.253..0.255]	[0.0..0.08]	[1.002..1.003]	[374923.66..375297.84]	[0.252..0.262]	[0.0..0.077]	0.83746755	[313986.4..316179.9]
Group-1	PG 40:5:0	283.26	240116_PG_FTMSMS-_3.mzXML	30.0	487740.5	0.0	0.0	[0.0..0.0]	[0.0..1.0]	[0.976..0.985]	[476034.72..480424.4]	[0.244..0.259]	[0.0..0.08]	[0.976..0.977]	[476034.72..476522.47]	[0.243..0.261]	[0.0..0.077]	0.83746755	[398663.66..402339.84]
Group-1	PG 40:5:0	283.26	240116_PG_FTMSMS-_3.mzXML	35.0	512130.5	0.0	0.0	[0.0..0.0]	[0.0..0.0]	[0.976..0.976]	[499839.38..499839.38]	[0.288..0.317]	[0.0..0.08]	[0.976..0.976]	[499839.38..499839.38]	[0.288..0.317]	[0.0..0.077]	0.83746755	[418599.28..418599.28]
Group-1	PG 40:5:0	303.23	240116_PG_FTMSMS-_3.mzXML	25.0	33612.9	0.0	0.0	[5.0..8.0]	[0.0..0.0]	[1.065..1.163]	[35797.74..39091.8]	[0.79..0.805]	[1.0..1.0]	[1.067..1.138]	[35864.965..38251.48]	[0.791..0.801]	[1.0..1.0]	0.83746755	[29979.443..32738.113]
Group-1	PG 40:5:0	303.23	240116_PG_FTMSMS-_3.mzXML	30.0	40217.4	0.0	0.0	[5.0..8.0]	[0.0..0.0]	[1.291..1.609]	[51920.66..64709.793]	[0.822..0.852]	[1.0..1.0]	[1.294..1.598]	[52041.316..64267.406]	[0.822..0.851]	[1.0..1.0]	0.83746755	[43481.867..54192.35]
Group-1	PG 40:5:0	303.23	240116_PG_FTMSMS-_3.mzXML	35.0	25742.2	0.0	0.0	[5.0..8.0]	[0.0..0.0]	[1.752..2.495]	[45100.332..64226.785]	[0.84..0.882]	[1.0..1.0]	[1.752..2.521]	[45100.332..64896.082]	[0.84..0.883]	[1.0..1.0]	0.83746755	[37770.062..53787.848]
Group-1	PG 40:5:0	309.28	240116_PG_FTMSMS-_3.mzXML	25.0	10038.3	0.0	0.0	[11.0..11.0]	[1.0..1.0]	[0.946..0.946]	[9496.231..9496.231]	[0.195..0.21]	[0.0..0.0]	[0.946..0.946]	[9496.231..9496.231]	[0.199..0.209]	[0.0..0.0]	0.83746755	[7952.785..7952.785]
Group-1	PG 40:5:0	309.28	240116_PG_FTMSMS-_3.mzXML	30.0	12530.1	0.0	0.0	[11.0..11.0]	[1.0..1.0]	[0.899..0.899]	[11264.56..11264.56]	[0.148..0.178]	[0.0..0.0]	[0.899..0.899]	[11264.56..11264.56]	[0.149..0.178]	[0.0..0.0]	0.83746755	[9433.703..9433.703]
Group-1	PG 40:5:0	309.28	240116_PG_FTMSMS-_3.mzXML	35.0	9771.7	0.0	0.0	[11.0..11.0]	[1.0..1.0]	[0.879..0.879]	[8589.324..8589.324]	[0.118..0.16]	[0.0..0.0]	[0.879..0.879]	[8589.324..8589.324]	[0.117..0.16]	[0.0..0.0]	0.83746755	[7193.281..7193.281]
Group-1	PG 40:5:0	329.25	240116_PG_FTMSMS-_3.mzXML	25.0	825341.3	169272.5	0.20509394	[4.0..4.9]	[0.0..1.0]	[1.326..1.35]	[1094402.5..1114210.8]	[0.745..0.747]	[0.92..1.0]	[1.28..1.35]	[1056436.9..1114210.8]	[0.738..0.748]	[0.923..1.0]	0.83746755	[916526.6..933115.4]
Group-1	PG 40:5:0	329.25	240116_PG_FTMSMS-_3.mzXML	30.0	634145.2	186627.7	0.29429805	[4.0..4.4]	[0.0..1.0]	[2.146..2.345]	[1360875.5..1487070.5]	[0.741..0.756]	[0.92..1.0]	[2.122..2.345]	[1345656.1..1487070.5]	[0.739..0.757]	[0.923..1.0]	0.83746755	[1139689.0..1245373.2]
Group-1	PG 40:5:0	329.25	240116_PG_FTMSMS-_3.mzXML	35.0	255249.2	103406.5	0.40511978	[4.0..4.0]	[1.0..1.0]	[4.216..4.843]	[1076130.8..1236171.9]	[0.683..0.712]	[0.92..1.0]	[4.213..4.843]	[1075364.9..1236171.9]	[0.683..0.712]	[0.923..1.0]	0.83746755	[901224.5..1035253.8]
Group-1	PG 40:5:0	357.28	240116_PG_FTMSMS-_3.mzXML	25.0	17706.2	0.0	0.0	[6.0..9.0]	[0.0..1.0]	[1.023..1.088]	[18113.441..19264.346]	[0.122..0.129]	[0.0..0.0]	[1.023..1.107]	[18113.441..19600.762]	[0.122..0.131]	[0.0..0.0]	0.83746755	[15169.42..16133.265]
Group-1	PG 40:5:0	357.28	240116_PG_FTMSMS-_3.mzXML	30.0	15176.7	0.0	0.0	[6.0..9.0]	[0.0..1.0]	[1.264..1.525]	[19183.35..23144.467]	[0.071..0.084]	[0.0..0.0]	[1.264..1.577]	[19183.35..23933.656]	[0.071..0.087]	[0.0..0.0]	0.83746755	[16065.434..19382.74]
Group-1	PG 40:5:0	357.28	240116_PG_FTMSMS-_3.mzXML	35.0	9292.2	0.0	0.0	[6.0..9.0]	[1.0..1.0]	[1.788..2.582]	[16614.453..23992.46]	[0.054..0.076]	[0.0..0.0]	[1.866..2.684]	[17339.246..24940.266]	[0.056..0.079]	[0.0..0.0]	0.83746755	[13914.065..20092.908]
Group-1	PG 40:6:0	281.25	240116_PG_FTMSMS-_3.mzXML	25.0	812379.3	0.0	0.0	[9.0..9.0]	[0.0..1.0]	[0.925..0.958]	[751450.9..778259.4]	[0.894..0.896]	[1.0..1.0]	[0.958..0.958]	[778259.4..778259.4]	[0.892..0.9]	[1.0..1.0]	0.8392344	[630643.44..653142.06]
Group-1	PG 40:6:0	281.25	240116_PG_FTMSMS-_3.mzXML	30.0	1573633.0	0.0	0.0	[9.0..9.0]	[0.5..1.0]	[0.924..0.937]	[1454036.9..1474494.1]	[0.927..0.936]	[1.0..1.0]	[0.937..0.937]	[1474494.1..1474494.1]	[0.925..0.937]	[1.0..1.0]	0.8392344	[1220277.9..1237446.2]
Group-1	PG 40:6:0	281.25	240116_PG_FTMSMS-_3.mzXML	35.0	1744303.6	0.0	0.0	[9.0..9.0]	[0.0..0.0]	[0.912..0.912]	[1590804.9..1590804.9]	[0.944..0.958]	[1.0..1.0]	[0.912..0.912]	[1590804.9..1590804.9]	[0.946..0.958]	[1.0..1.0]	0.8392344	[1335058.2..1335058.2]
Group-1	PG 40:6:0	283.26	240116_PG_FTMSMS-_3.mzXML	25.0	152591.0	0.0	0.0	[0.0..0.0]	[0.0..0.0]	[1.009..1.009]	[153964.31..153964.31]	[0.245..0.245]	[0.0..0.05]	[1.009..1.009]	[153964.31..153964.31]	[0.245..0.245]	[0.0..0.049]	0.8392344	[129212.15..129212.15]
Group-1	PG 40:6:0	283.26	240116_PG_FTMSMS-_3.mzXML	30.0	212485.3	0.0	0.0	[0.0..0.0]	[0.0..0.0]	[0.985..0.985]	[209298.02..209298.02]	[0.266..0.266]	[0.0..0.05]	[0.985..0.985]	[209298.02..209298.02]	[0.266..0.266]	[0.0..0.049]	0.8392344	[175650.1..175650.1]
Group-1	PG 40:6:0	283.26	240116_PG_FTMSMS-_3.mzXML	35.0	217341.1	0.0	0.0	[0.0..0.0]	[0.0..0.0]	[0.976..0.976]	[212124.9..212124.9]	[0.305..0.305]	[0.0..0.05]	[0.976..0.976]	[212124.9..212124.9]	[0.305..0.305]	[0.0..0.049]	0.8392344	[178022.53..178022.53]
Group-1	PG 40:6:0	303.23	240116_PG_FTMSMS-_3.mzXML	25.0	19670.4	0.0	0.0	[5.0..8.0]	[0.0..0.0]	[1.065..1.163]	[20948.979..22876.676]	[0.832..0.844]	[0.5..1.0]	[1.012..1.138]	[19906.445..22384.916]	[0.825..0.841]	[0.5..1.0]	0.8392344	[17581.102..19198.893]
Group-1	PG 40:6:0	303.23	240116_PG_FTMSMS-_3.mzXML	30.0	15697.8	0.0	0.0	[5.0..8.0]	[0.0..0.0]	[1.291..1.609]	[20265.86..25257.76]	[0.742..0.782]	[0.5..1.0]	[1.257..1.598]	[19732.135..25085.084]	[0.737..0.781]	[0.5..1.0]	0.8392344	[17007.807..21197.182]
Group-1	PG 40:6:0	303.23	240116_PG_FTMSMS-_3.mzXML	35.0	0.0	0.0	0.0	[5.0..8.0]	[0.0..0.0]	[1.752..2.495]	[0.0..0.0]	[0.5..0.5]	[0.5..1.0]	[1.75..2.521]	[0.0..0.0]	[0.5..0.5]	[0.5..1.0]	0.8392344	[0.0..0.0]
Group-1	PG 40:6:0	307.26	240116_PG_FTMSMS-_3.mzXML	25.0	4544.3	0.0	0.0	[11.0..11.0]	[1.0..1.0]	[0.928..0.928]	[4217.11..4217.11]	[0.156..0.168]	[0.0..0.0]	[0.928..0.928]	[4217.11..4217.11]	[0.159..0.175]	[0.0..0.0]	0.8392344	[3539.1438..3539.1438]
Group-1	PG 40:6:0	307.26	240116_PG_FTMSMS-_3.mzXML	30.0	7836.7	0.0	0.0	[11.0..11.0]	[1.0..1.0]	[0.899..0.899]	[7045.194..7045.194]	[0.218..0.258]	[0.0..0.0]	[0.899..0.899]	[7045.1934..7045.1934]	[0.219..0.263]	[0.0..0.0]	0.8392344	[5912.569..5912.569]
Group-1	PG 40:6:0	307.26	240116_PG_FTMSMS-_3.mzXML	35.0	0.0	0.0	0.0	[11.0..11.0]	[1.0..1.0]	[0.916..0.916]	[0.0..0.0]	[0.0..0.0]	[0.0..0.0]	[0.916..0.916]	[0.0..0.0]	[0.0..0.0]	[0.0..0.0]	0.8392344	[0.0..0.0]
Group-1	PG 40:6:0	327.23	240116_PG_FTMSMS-_3.mzXML	25.0	256218.4	95477.3	0.37264028	[4.0..4.0]	[1.0..1.0]	[1.853..1.853]	[474772.72..474772.72]	[0.755..0.755]	[0.95..1.0]	[1.853..1.853]	[474772.72..474772.72]	[0.755..0.755]	[0.951..1.0]	0.8392344	[398445.6..398445.6]
Group-1	PG 40:6:0	327.23	240116_PG_FTMSMS-_3.mzXML	30.0	143210.5	94150.5	0.6574274	[4.0..4.0]	[1.0..1.0]	[4.039..4.039]	[578427.2..578427.2]	[0.734..0.734]	[0.95..1.0]	[4.039..4.039]	[578427.2..578427.2]	[0.734..0.734]	[0.951..1.0]	0.8392344	[485436.03..485436.03]
Group-1	PG 40:6:0	327.23	240116_PG_FTMSMS-_3.mzXML	35.0	44163.8	32889.8	0.7447231	[4.0..4.0]	[1.0..1.0]	[10.962..10.962]	[484123.6..484123.6]	[0.695..0.695]	[0.95..1.0]	[10.962..10.962]	[484123.6..484123.6]	[0.695..0.695]	[0.951..1.0]	0.8392344	[406293.16..406293.16]
Group-1	PG 40:6:0	329.25	240116_PG_FTMSMS-_3.mzXML	25.0	68398.9	16756.3	0.2449791	[4.0..4.2]	[0.0..1.0]	[1.271..1.35]	[86935.0..92338.516]	[0.104..0.106]	[0.0..0.0]	[1.271..1.381]	[86935.0..94458.88]	[0.1..0.108]	[0.0..0.0]	0.8392344	[72958.84..77493.664]
Group-1	PG 40:6:0	329.25	240116_PG_FTMSMS-_3.mzXML	30.0	51290.9	9898.7	0.19299136	[5.3..5.8]	[0.0..0.5]	[1.949..2.279]	[99965.96..116891.96]	[0.064..0.073]	[0.0..0.0]	[1.949..2.342]	[99965.96..120123.28]	[0.063..0.075]	[0.0..0.0]	0.8392344	[83894.875..98099.75]
Group-1	PG 40:6:0	329.25	240116_PG_FTMSMS-_3.mzXML	35.0	19525.6	7216.5	0.3695917	[4.0..4.4]	[1.0..1.0]	[3.589..4.843]	[70077.375..94562.48]	[0.042..0.056]	[0.0..0.0]	[3.55..4.679]	[69315.875..91360.28]	[0.042..0.054]	[0.0..0.0]	0.8392344	[58811.344..79360.086]
Group-1	PG 40:7:0	281.25	240116_PG_FTMSMS-_3.mzXML	25.0	62564.9	0.0	0.0	[9.0..9.0]	[0.0..0.0]	[0.925..0.925]	[57872.53..57872.53]	[0.608..0.608]	[0.75..1.0]	[0.925..0.925]	[57872.53..57872.53]	[0.608..0.608]	[0.749..1.0]	0.8410006	[48670.836..48670.836]
Group-1	PG 40:7:0	281.25	240116_PG_FTMSMS-_3.mzXML	30.0	112975.7	0.0	0.0	[9.0..9.0]	[0.0..0.0]	[0.911..0.911]	[102920.87..102920.87]	[0.7..0.7]	[0.75..1.0]	[0.911..0.911]	[102920.87..102920.87]	[0.7..0.7]	[0.749..1.0]	0.8410006	[86556.51..86556.51]
Group-1	PG 40:7:0	281.25	240116_PG_FTMSMS-_3.mzXML	35.0	125168.7	0.0	0.0	[9.0..9.0]	[0.0..0.0]	[0.912..0.912]	[114153.86..114153.86]	[0.756..0.756]	[0.75..1.0]	[0.912..0.912]	[114153.86..114153.86]	[0.756..0.756]	[0.749..1.0]	0.8410006	[96003.46..96003.46]
Group-1	PG 40:7:0	327.23	240116_PG_FTMSMS-_3.mzXML	25.0	20097.1	7362.2	0.3663315	[4.0..4.0]	[1.0..1.0]	[1.853..1.853]	[37239.926..37239.926]	[0.392..0.392]	[0.0..0.25]	[1.853..1.853]	[37239.926..37239.926]	[0.392..0.392]	[0.0..0.251]	0.8410006	[31318.803..31318.803]
Group-1	PG 40:7:0	327.23	240116_PG_FTMSMS-_3.mzXML	30.0	10896.0	8061.4	0.73984945	[4.0..4.0]	[1.0..1.0]	[4.039..4.039]	[44008.945..44008.945]	[0.3..0.3]	[0.0..0.25]	[4.039..4.039]	[44008.945..44008.945]	[0.3..0.3]	[0.0..0.251]	0.8410006	[37011.55..37011.55]
Group-1	PG 40:7:0	327.23	240116_PG_FTMSMS-_3.mzXML	35.0	3352.7	0.0	0.0	[4.0..4.0]	[1.0..1.0]	[10.962..10.962]	[36752.297..36752.297]	[0.244..0.244]	[0.0..0.25]	[10.962..10.962]	[36752.297..36752.297]	[0.244..0.244]	[0.0..0.251]	0.8410006	[30908.705..30908.705]
Group-1	PG 30:0:0	227.2	240116_PG_FTMSMS-_2.mzXML	25.0	37243.7	0.0	0.0	[0.0..0.0]	[0.0..1.0]	[0.99..1.002]	[36871.26..37318.188]	[0.508..0.511]	[0.47..0.53]	[0.996..0.996]	[37094.723..37094.723]	[0.509..0.509]	[0.475..0.53]	0.970607	[35787.508..36221.293]
Group-1	PG 30:0:0	227.2	240116_PG_FTMSMS-_2.mzXML	30.0	52400.0	0.0	0.0	[0.0..0.0]	[0.0..1.0]	[1.012..1.029]	[53028.797..53919.6]	[0.509..0.513]	[0.47..0.53]	[1.02..1.021]	[53448.0..53500.402]	[0.511..0.511]	[0.475..0.53]	0.970607	[51470.12..52334.742]
Group-1	PG 30:0:0	227.2	240116_PG_FTMSMS-_2.mzXML	35.0	50686.4	0.0	0.0	[0.0..0.0]	[0.0..1.0]	[1.016..1.044]	[51497.383..52916.6]	[0.489..0.496]	[0.47..0.53]	[1.029..1.031]	[52156.305..52257.676]	[0.492..0.493]	[0.475..0.53]	0.970607	[49983.72..51361.223]
Group-1	PG 30:0:0	241.22	240116_PG_FTMSMS-_2.mzXML	25.0	779.9	0.0	0.0	[0.0..0.0]	[0.5..0.5]	[1.015..1.015]	[791.599..791.599]	[0.5..0.5]	[0.5..0.5]	[1.015..1.015]	[791.5985..791.5985]	[0.5..0.5]	[0.5..0.5]	0.970607	[768.331..768.331]
Group-1	PG 30:0:0	241.22	240116_PG_FTMSMS-_2.mzXML	30.0	1266.3	0.0	0.0	[0.0..0.0]	[0.5..0.5]	[1.031..1.031]	[1305.555..1305.555]	[0.5..0.5]	[0.5..0.5]	[1.031..1.031]	[1305.5554..1305.5554]	[0.5..0.5]	[0.5..0.5]	0.970607	[1267.1812..1267.1812]
Group-1	PG 30:0:0	241.22	240116_PG_FTMSMS-_2.mzXML	35.0	1284.5	0.0	0.0	[0.0..0.0]	[0.5..0.5]	[1.04..1.04]	[1335.88..1335.88]	[0.5..0.5]	[0.5..0.5]	[1.04..1.04]	[1335.88..1335.88]	[0.5..0.5]	[0.5..0.5]	0.970607	[1296.6144..1296.6144]
Group-1	PG 30:0:0	255.23	240116_PG_FTMSMS-_2.mzXML	25.0	35751.9	0.0	0.0	[0.0..0.0]	[0.0..1.0]	[1.0..1.0]	[35751.9..35751.9]	[0.489..0.492]	[0.47..0.53]	[1.0..1.0]	[35751.9..35751.9]	[0.491..0.491]	[0.47..0.525]	0.970607	[34701.043..34701.043]
Group-1	PG 30:0:0	255.23	240116_PG_FTMSMS-_2.mzXML	30.0	51241.8	0.0	0.0	[0.0..0.0]	[0.0..1.0]	[1.0..1.0]	[51241.8..51241.8]	[0.487..0.491]	[0.47..0.53]	[1.0..1.0]	[51241.8..51241.8]	[0.489..0.489]	[0.47..0.525]	0.970607	[49735.65..49735.65]
Group-1	PG 30:0:0	255.23	240116_PG_FTMSMS-_2.mzXML	35.0	53784.8	0.0	0.0	[0.0..0.0]	[0.0..1.0]	[1.0..1.0]	[53784.8..53784.8]	[0.504..0.511]	[0.47..0.53]	[1.0..1.0]	[53784.8..53784.8]	[0.507..0.508]	[0.47..0.525]	0.970607	[52203.902..52203.902]
Group-1	PG 30:1:0	199.17	240116_PG_FTMSMS-_2.mzXML	25.0	678.6	0.0	0.0	[0.0..0.0]	[0.0..0.0]	[0.979..0.979]	[664.349..664.349]	[0.181..0.181]	[0.0..0.0]	[0.979..0.979]	[664.34937..664.34937]	[0.181..0.181]	[0.0..0.0]	0.9730279	[646.4304..646.4304]
Group-1	PG 30:1:0	199.17	240116_PG_FTMSMS-_2.mzXML	30.0	951.5	0.0	0.0	[0.0..0.0]	[1.0..1.0]	[1.065..1.065]	[1013.348..1013.348]	[0.203..0.203]	[0.0..0.0]	[1.065..1.065]	[1013.34753..1013.34753]	[0.203..0.203]	[0.0..0.0]	0.9730279	[986.01544..986.01544]
Group-1	PG 30:1:0	199.17	240116_PG_FTMSMS-_2.mzXML	35.0	904.4	0.0	0.0	[0.0..0.0]	[0.0..1.0]	[1.025..1.096]	[927.01..991.222]	[0.182..0.188]	[0.0..0.0]	[1.025..1.025]	[927.01..927.01]	[0.178..0.178]	[0.0..0.0]	0.9730279	[902.0066..964.48706]
Group-1	PG 30:1:0	225.19	240116_PG_FTMSMS-_2.mzXML	25.0	7165.8	0.0	0.0	[7.0..7.0]	[0.0..1.0]	[0.962..0.969]	[6893.5..6943.66]	[0.507..0.508]	[0.44..0.52]	[0.965..0.966]	[6914.9966..6922.1626]	[0.507..0.508]	[0.442..0.518]	0.9730279	[6707.5674..6756.3745]
Group-1	PG 30:1:0	225.19	240116_PG_FTMSMS-_2.mzXML	30.0	9949.4	0.0	0.0	[7.0..7.0]	[0.0..1.0]	[0.996..1.011]	[9909.603..10058.844]	[0.492..0.495]	[0.44..0.52]	[1.003..1.004]	[9979.249..9989.197]	[0.493..0.494]	[0.442..0.518]	0.9730279	[9642.319..9787.536]
Group-1	PG 30:1:0	225.19	240116_PG_FTMSMS-_2.mzXML	35.0	10282.3	0.0	0.0	[7.0..7.0]	[0.0..1.0]	[1.026..1.055]	[10549.64..10847.826]	[0.475..0.482]	[0.44..0.52]	[1.039..1.041]	[10683.31..10703.874]	[0.478..0.478]	[0.442..0.518]	0.9730279	[10265.094..10555.237]
Group-1	PG 30:1:0	227.2	240116_PG_FTMSMS-_2.mzXML	25.0	4896.5	0.0	0.0	[0.0..0.0]	[0.0..0.0]	[0.99..0.99]	[4847.535..4847.535]	[0.318..0.318]	[0.08..0.1]	[0.99..0.99]	[4847.535..4847.535]	[0.318..0.318]	[0.081..0.105]	0.9730279	[4716.787..4716.787]
Group-1	PG 30:1:0	227.2	240116_PG_FTMSMS-_2.mzXML	30.0	6788.9	0.0	0.0	[0.0..0.0]	[1.0..1.0]	[1.029..1.029]	[6985.779..6985.779]	[0.327..0.327]	[0.08..0.1]	[1.029..1.029]	[6985.7783..6985.7783]	[0.327..0.327]	[0.081..0.105]	0.9730279	[6797.3574..6797.3574]
Group-1	PG 30:1:0	227.2	240116_PG_FTMSMS-_2.mzXML	35.0	7036.9	0.0	0.0	[0.0..0.0]	[0.0..1.0]	[1.016..1.044]	[7149.491..7346.524]	[0.328..0.329]	[0.08..0.1]	[1.018..1.019]	[7163.564..7170.6016]	[0.323..0.323]	[0.081..0.105]	0.9730279	[6956.6533..7148.372]
Group-1	PG 30:1:0	253.22	240116_PG_FTMSMS-_2.mzXML	25.0	10261.3	0.0	0.0	[9.0..9.0]	[1.0..1.0]	[1.014..1.014]	[10404.959..10404.959]	[0.682..0.682]	[0.9..0.92]	[1.014..1.014]	[10404.959..10404.959]	[0.682..0.682]	[0.895..0.919]	0.9730279	[10124.315..10124.315]
Group-1	PG 30:1:0	253.22	240116_PG_FTMSMS-_2.mzXML	30.0	14702.1	0.0	0.0	[9.0..9.0]	[0.0..0.0]	[0.979..0.979]	[14393.355..14393.355]	[0.673..0.673]	[0.9..0.92]	[0.979..0.979]	[14393.355..14393.355]	[0.673..0.673]	[0.895..0.919]	0.9730279	[14005.136..14005.136]
Group-1	PG 30:1:0	253.22	240116_PG_FTMSMS-_2.mzXML	35.0	14721.6	0.0	0.0	[9.0..9.0]	[0.0..1.0]	[0.99..1.021]	[14574.384..15030.754]	[0.671..0.672]	[0.9..0.92]	[1.018..1.019]	[14986.589..15001.311]	[0.677..0.677]	[0.895..0.919]	0.9730279	[14181.282..14625.343]
Group-1	PG 30:1:0	255.23	240116_PG_FTMSMS-_2.mzXML	25.0	6714.0	0.0	0.0	[0.0..0.0]	[0.0..1.0]	[1.0..1.0]	[6714.0..6714.0]	[0.492..0.493]	[0.48..0.56]	[1.0..1.0]	[6714.0..6714.0]	[0.492..0.493]	[0.482..0.558]	0.9730279	[6532.909..6532.909]
Group-1	PG 30:1:0	255.23	240116_PG_FTMSMS-_2.mzXML	30.0	10247.7	0.0	0.0	[0.0..0.0]	[0.0..1.0]	[1.0..1.0]	[10247.7..10247.7]	[0.505..0.508]	[0.48..0.56]	[1.0..1.0]	[10247.7..10247.7]	[0.506..0.507]	[0.482..0.558]	0.9730279	[9971.298..9971.298]
Group-1	PG 30:1:0	255.23	240116_PG_FTMSMS-_2.mzXML	35.0	11679.9	0.0	0.0	[0.0..0.0]	[0.0..1.0]	[1.0..1.0]	[11679.9..11679.9]	[0.518..0.525]	[0.48..0.56]	[1.0..1.0]	[11679.9..11679.9]	[0.522..0.522]	[0.482..0.558]	0.9730279	[11364.869..11364.869]
Group-1	PG 30:1:0	281.25	240116_PG_FTMSMS-_2.mzXML	25.0	3128.1	0.0	0.0	[9.0..9.0]	[1.0..1.0]	[0.958..0.958]	[2996.72..2996.72]	[0.819..0.819]	[1.0..1.0]	[0.958..0.958]	[2996.72..2996.72]	[0.819..0.819]	[1.0..1.0]	0.9730279	[2915.8918..2915.8918]
Group-1	PG 30:1:0	281.25	240116_PG_FTMSMS-_2.mzXML	30.0	4369.2	0.0	0.0	[9.0..9.0]	[0.0..0.0]	[0.911..0.911]	[3980.342..3980.342]	[0.797..0.797]	[1.0..1.0]	[0.911..0.911]	[3980.3416..3980.3416]	[0.797..0.797]	[1.0..1.0]	0.9730279	[3872.9832..3872.9832]
Group-1	PG 30:1:0	281.25	240116_PG_FTMSMS-_2.mzXML	35.0	4577.5	0.0	0.0	[9.0..9.0]	[0.0..1.0]	[0.912..0.936]	[4174.68..4284.54]	[0.812..0.818]	[1.0..1.0]	[0.936..0.936]	[4284.54..4284.54]	[0.822..0.822]	[1.0..1.0]	0.9730279	[4062.08..4168.977]
Group-1	PG 31:0:0	227.2	240116_PG_FTMSMS-_2.mzXML	25.0	718.6	0.0	0.0	[0.0..0.0]	[0.0..1.0]	[0.99..1.002]	[711.414..720.037]	[0.593..0.595]	[0.67..0.87]	[0.998..1.0]	[717.1628..718.6]	[0.595..0.595]	[0.669..0.868]	0.9540769	[678.7436..686.97076]
Group-1	PG 31:0:0	227.2	240116_PG_FTMSMS-_2.mzXML	30.0	1192.7	0.0	0.0	[0.0..0.0]	[0.0..1.0]	[1.012..1.029]	[1207.012..1227.288]	[0.656..0.659]	[0.67..0.87]	[1.023..1.027]	[1220.1321..1224.9028]	[0.659..0.659]	[0.669..0.868]	0.9540769	[1151.5825..1170.9275]
Group-1	PG 31:0:0	227.2	240116_PG_FTMSMS-_2.mzXML	35.0	1115.0	0.0	0.0	[0.0..0.0]	[0.0..1.0]	[1.016..1.044]	[1132.84..1164.06]	[0.573..0.577]	[0.67..0.87]	[1.035..1.04]	[1154.0249..1159.6]	[0.577..0.578]	[0.669..0.868]	0.9540769	[1080.8165..1110.6028]
Group-1	PG 31:0:0	241.22	240116_PG_FTMSMS-_2.mzXML	25.0	15804.9	0.0	0.0	[0.0..0.0]	[0.0..1.0]	[0.995..1.0]	[15725.876..15804.9]	[0.141..0.142]	[0.0..0.0]	[0.995..0.995]	[15725.876..15725.876]	[0.141..0.141]	[0.0..0.0]	0.9540769	[15003.694..15079.09]
Group-1	PG 31:0:0	241.22	240116_PG_FTMSMS-_2.mzXML	30.0	22714.7	0.0	0.0	[0.0..0.0]	[0.0..1.0]	[1.006..1.014]	[22850.988..23032.707]	[0.133..0.134]	[0.0..0.0]	[1.006..1.006]	[22850.988..22850.988]	[0.133..0.133]	[0.0..0.0]	0.9540769	[21801.602..21974.973]
Group-1	PG 31:0:0	241.22	240116_PG_FTMSMS-_2.mzXML	35.0	22714.9	0.0	0.0	[0.0..0.0]	[0.0..1.0]	[1.009..1.021]	[22919.334..23191.914]	[0.128..0.13]	[0.0..0.0]	[1.009..1.009]	[22919.334..22919.334]	[0.128..0.128]	[0.0..0.0]	0.9540769	[21866.807..22126.87]
Group-1	PG 31:0:0	255.23	240116_PG_FTMSMS-_2.mzXML	25.0	95807.7	0.0	0.0	[0.0..0.0]	[0.0..1.0]	[1.0..1.0]	[95807.7..95807.7]	[0.858..0.859]	[1.0..1.0]	[1.0..1.0]	[95807.7..95807.7]	[0.859..0.859]	[1.0..1.0]	0.9540769	[91407.914..91407.914]
Group-1	PG 31:0:0	255.23	240116_PG_FTMSMS-_2.mzXML	30.0	148764.5	0.0	0.0	[0.0..0.0]	[0.0..1.0]	[1.0..1.0]	[148764.5..148764.5]	[0.866..0.867]	[1.0..1.0]	[1.0..1.0]	[148764.5..148764.5]	[0.867..0.867]	[1.0..1.0]	0.9540769	[141932.77..141932.77]
Group-1	PG 31:0:0	255.23	240116_PG_FTMSMS-_2.mzXML	35.0	155704.4	0.0	0.0	[0.0..0.0]	[0.0..1.0]	[1.0..1.0]	[155704.4..155704.4]	[0.87..0.872]	[1.0..1.0]	[1.0..1.0]	[155704.4..155704.4]	[0.872..0.872]	[1.0..1.0]	0.9540769	[148553.97..148553.97]
Group-1	PG 31:0:0	269.25	240116_PG_FTMSMS-_2.mzXML	25.0	487.6	0.0	0.0	[0.0..0.0]	[0.0..1.0]	[1.001..1.004]	[488.088..489.55]	[0.405..0.407]	[0.13..0.33]	[1.001..1.002]	[488.08762..488.5752]	[0.405..0.405]	[0.132..0.331]	0.9540769	[465.67313..467.0687]
Group-1	PG 31:0:0	269.25	240116_PG_FTMSMS-_2.mzXML	30.0	640.1	0.0	0.0	[0.0..0.0]	[0.0..1.0]	[0.987..0.993]	[631.779..635.619]	[0.341..0.344]	[0.13..0.33]	[0.988..0.989]	[632.41876..633.0589]	[0.341..0.341]	[0.132..0.331]	0.9540769	[602.76544..606.4296]
Group-1	PG 31:0:0	269.25	240116_PG_FTMSMS-_2.mzXML	35.0	861.8	0.0	0.0	[0.0..0.0]	[0.0..1.0]	[0.981..0.989]	[845.426..852.32]	[0.423..0.427]	[0.13..0.33]	[0.982..0.984]	[846.2876..848.0112]	[0.422..0.423]	[0.132..0.331]	0.9540769	[806.6012..813.179]
Group-1	PG 32:0:0	227.2	240116_PG_FTMSMS-_2.mzXML	25.0	2941.3	0.0	0.0	[0.0..0.0]	[0.0..1.0]	[0.99..1.002]	[2911.887..2947.183]	[1.0..1.0]	[0.31..1.0]	[0.994..1.002]	[2923.6523..2947.1826]	[1.0..1.0]	[0.308..1.0]	0.9381556	[2731.803..2764.9158]
Group-1	PG 32:0:0	227.2	240116_PG_FTMSMS-_2.mzXML	30.0	10950.3	0.0	0.0	[0.0..0.0]	[0.0..1.0]	[1.012..1.029]	[11081.703..11267.859]	[0.49..0.492]	[0.31..1.0]	[1.017..1.029]	[11136.454..11267.859]	[0.492..0.493]	[0.308..1.0]	0.9381556	[10396.361..10571.005]
Group-1	PG 32:0:0	227.2	240116_PG_FTMSMS-_2.mzXML	35.0	7888.4	0.0	0.0	[0.0..0.0]	[0.0..1.0]	[1.016..1.044]	[8014.615..8235.49]	[0.417..0.42]	[0.31..1.0]	[1.025..1.044]	[8085.61..8235.489]	[0.419..0.421]	[0.308..1.0]	0.9381556	[7518.9556..7726.1704]
Group-1	PG 32:0:0	255.23	240116_PG_FTMSMS-_2.mzXML	25.0	1937049.2	0.0	0.0	[0.0..0.0]	[0.5..0.5]	[1.0..1.0]	[1937049.2..1937049.2]	[0.5..0.5]	[0.5..0.5]	[1.0..1.0]	[1937049.2..1937049.2]	[0.5..0.5]	[0.5..0.5]	0.9381556	[1817253.6..1817253.6]
Group-1	PG 32:0:0	255.23	240116_PG_FTMSMS-_2.mzXML	30.0	3036949.8	0.0	0.0	[0.0..0.0]	[0.5..0.5]	[1.0..1.0]	[3036949.8..3036949.8]	[0.5..0.5]	[0.5..0.5]	[1.0..1.0]	[3036949.8..3036949.8]	[0.5..0.5]	[0.5..0.5]	0.9381556	[2849131.5..2849131.5]
Group-1	PG 32:0:0	255.23	240116_PG_FTMSMS-_2.mzXML	35.0	2948695.2	0.0	0.0	[0.0..0.0]	[0.5..0.5]	[1.0..1.0]	[2948695.2..2948695.2]	[0.5..0.5]	[0.5..0.5]	[1.0..1.0]	[2948695.2..2948695.2]	[0.5..0.5]	[0.5..0.5]	0.9381556	[2766335.0..2766335.0]
Group-1	PG 32:0:0	283.26	240116_PG_FTMSMS-_2.mzXML	25.0	0.0	0.0	0.0	[0.0..0.0]	[0.0..1.0]	[1.002..1.009]	[0.0..0.0]	[0.0..0.0]	[0.0..0.69]	[1.002..1.007]	[0.0..0.0]	[0.0..0.0]	[0.0..0.692]	0.9381556	[0.0..0.0]
Group-1	PG 32:0:0	283.26	240116_PG_FTMSMS-_2.mzXML	30.0	11802.9	0.0	0.0	[0.0..0.0]	[0.0..1.0]	[0.976..0.985]	[11519.631..11625.857]	[0.508..0.51]	[0.0..0.69]	[0.976..0.982]	[11519.631..11590.448]	[0.507..0.508]	[0.0..0.692]	0.9381556	[10807.206..10906.863]
Group-1	PG 32:0:0	283.26	240116_PG_FTMSMS-_2.mzXML	35.0	11658.5	0.0	0.0	[0.0..0.0]	[0.0..1.0]	[0.963..0.976]	[11227.136..11378.696]	[0.58..0.583]	[0.0..0.69]	[0.963..0.972]	[11227.136..11332.0625]	[0.579..0.581]	[0.0..0.692]	0.9381556	[10532.8..10674.987]
Group-1	PG 32:1:0	227.2	240116_PG_FTMSMS-_2.mzXML	25.0	176019.3	0.0	0.0	[0.0..0.0]	[0.0..0.0]	[0.99..0.99]	[174259.11..174259.11]	[0.251..0.251]	[0.0..0.0]	[0.99..0.99]	[174259.11..174259.11]	[0.251..0.251]	[0.0..0.0]	0.9404044	[163874.03..163874.03]
Group-1	PG 32:1:0	227.2	240116_PG_FTMSMS-_2.mzXML	30.0	215036.8	0.0	0.0	[0.0..0.0]	[1.0..1.0]	[1.029..1.029]	[221272.88..221272.88]	[0.261..0.261]	[0.0..0.0]	[1.029..1.029]	[221272.88..221272.88]	[0.261..0.261]	[0.0..0.0]	0.9404044	[208085.98..208085.98]
Group-1	PG 32:1:0	227.2	240116_PG_FTMSMS-_2.mzXML	35.0	212608.6	0.0	0.0	[0.0..0.0]	[0.0..1.0]	[1.016..1.044]	[216010.34..221963.38]	[0.249..0.249]	[0.0..0.0]	[1.016..1.016]	[216010.34..216010.34]	[0.244..0.244]	[0.0..0.0]	0.9404044	[203137.08..208735.34]
Group-1	PG 32:1:0	253.22	240116_PG_FTMSMS-_2.mzXML	25.0	2286823.5	0.0	0.0	[9.0..9.0]	[0.0..1.0]	[0.97..1.014]	[2218218.8..2318839.2]	[0.71..0.719]	[0.95..1.0]	[1.012..1.014]	[2314265.2..2318839.2]	[0.718..0.719]	[0.951..1.0]	0.9404044	[2086022.9..2180646.8]
Group-1	PG 32:1:0	253.22	240116_PG_FTMSMS-_2.mzXML	30.0	3076884.2	0.0	0.0	[9.0..9.0]	[0.0..1.0]	[0.979..1.013]	[3012269.5..3116883.8]	[0.713..0.719]	[0.95..1.0]	[1.011..1.013]	[3110730.0..3116883.8]	[0.719..0.719]	[0.951..1.0]	0.9404044	[2832751.5..2931131.2]
Group-1	PG 32:1:0	253.22	240116_PG_FTMSMS-_2.mzXML	35.0	3081324.0	0.0	0.0	[9.0..9.0]	[0.0..1.0]	[0.99..1.021]	[3050510.8..3146032.2]	[0.695..0.701]	[0.95..1.0]	[1.019..1.021]	[3139869.2..3146032.0]	[0.701..0.701]	[0.951..1.0]	0.9404044	[2868713.8..2958542.2]
Group-1	PG 32:1:0	255.23	240116_PG_FTMSMS-_2.mzXML	25.0	908222.7	0.0	0.0	[0.0..0.0]	[0.0..1.0]	[1.0..1.0]	[908222.6..908222.6]	[0.281..0.29]	[0.0..0.05]	[1.0..1.0]	[908222.7..908222.7]	[0.281..0.282]	[0.0..0.049]	0.9404044	[854096.6..854096.6]
Group-1	PG 32:1:0	255.23	240116_PG_FTMSMS-_2.mzXML	30.0	1215448.5	0.0	0.0	[0.0..0.0]	[0.0..1.0]	[1.0..1.0]	[1215448.5..1215448.5]	[0.281..0.287]	[0.0..0.05]	[1.0..1.0]	[1215448.5..1215448.5]	[0.281..0.281]	[0.0..0.049]	0.9404044	[1143013.1..1143013.1]
Group-1	PG 32:1:0	255.23	240116_PG_FTMSMS-_2.mzXML	35.0	1339546.8	0.0	0.0	[0.0..0.0]	[0.0..1.0]	[1.0..1.0]	[1339546.8..1339546.8]	[0.299..0.305]	[0.0..0.05]	[1.0..1.0]	[1339546.8..1339546.8]	[0.299..0.299]	[0.0..0.049]	0.9404044	[1259715.6..1259715.6]
Group-1	PG 32:1:0	281.25	240116_PG_FTMSMS-_2.mzXML	25.0	543235.3	0.0	0.0	[9.0..9.0]	[1.0..1.0]	[0.958..0.958]	[520419.44..520419.44]	[0.749..0.749]	[1.0..1.0]	[0.958..0.958]	[520419.44..520419.44]	[0.749..0.749]	[1.0..1.0]	0.9404044	[489404.72..489404.72]
Group-1	PG 32:1:0	281.25	240116_PG_FTMSMS-_2.mzXML	30.0	688348.9	0.0	0.0	[9.0..9.0]	[0.0..0.0]	[0.911..0.911]	[627085.8..627085.8]	[0.739..0.739]	[1.0..1.0]	[0.911..0.911]	[627085.8..627085.8]	[0.739..0.739]	[1.0..1.0]	0.9404044	[589714.25..589714.25]
Group-1	PG 32:1:0	281.25	240116_PG_FTMSMS-_2.mzXML	35.0	713774.6	0.0	0.0	[9.0..9.0]	[0.0..1.0]	[0.912..0.936]	[650962.44..668093.06]	[0.751..0.751]	[1.0..1.0]	[0.936..0.936]	[668093.06..668093.06]	[0.756..0.756]	[1.0..1.0]	0.9404044	[612168.0..628277.6]
Group-1	PG 32:2:0	225.19	240116_PG_FTMSMS-_2.mzXML	25.0	2115.9	0.0	0.0	[7.0..7.0]	[0.0..0.0]	[0.962..0.962]	[2035.496..2035.496]	[0.254..0.254]	[0.0..0.0]	[0.962..0.962]	[2035.4957..2035.4957]	[0.254..0.254]	[0.0..0.0]	0.9426762	[1918.8134..1918.8134]
Group-1	PG 32:2:0	225.19	240116_PG_FTMSMS-_2.mzXML	30.0	2537.1	0.0	0.0	[7.0..7.0]	[1.0..1.0]	[0.996..0.996]	[2526.952..2526.952]	[0.217..0.217]	[0.0..0.0]	[0.996..0.996]	[2526.9517..2526.9517]	[0.217..0.217]	[0.0..0.0]	0.9426762	[2382.0972..2382.0972]
Group-1	PG 32:2:0	225.19	240116_PG_FTMSMS-_2.mzXML	35.0	2691.8	0.0	0.0	[7.0..7.0]	[0.0..1.0]	[1.026..1.055]	[2761.787..2839.849]	[0.232..0.232]	[0.0..0.0]	[1.026..1.026]	[2761.7869..2761.7869]	[0.227..0.227]	[0.0..0.0]	0.9426762	[2603.4707..2677.058]
Group-1	PG 32:2:0	227.2	240116_PG_FTMSMS-_2.mzXML	25.0	53212.0	0.0	0.0	[0.0..0.0]	[0.0..0.0]	[0.99..0.99]	[52679.88..52679.88]	[0.253..0.253]	[0.0..0.0]	[0.99..0.99]	[52679.88..52679.88]	[0.253..0.253]	[0.0..0.0]	0.9426762	[49660.066..49660.066]
Group-1	PG 32:2:0	227.2	240116_PG_FTMSMS-_2.mzXML	30.0	72341.2	0.0	0.0	[0.0..0.0]	[0.0..0.0]	[1.012..1.012]	[73209.3..73209.3]	[0.252..0.252]	[0.0..0.0]	[1.012..1.012]	[73209.3..73209.3]	[0.252..0.252]	[0.0..0.0]	0.9426762	[69012.66..69012.66]
Group-1	PG 32:2:0	227.2	240116_PG_FTMSMS-_2.mzXML	35.0	73865.7	0.0	0.0	[0.0..0.0]	[0.0..0.0]	[1.016..1.016]	[75047.555..75047.555]	[0.262..0.262]	[0.0..0.0]	[1.016..1.016]	[75047.555..75047.555]	[0.262..0.262]	[0.0..0.0]	0.9426762	[70745.54..70745.54]
Group-1	PG 32:2:0	251.2	240116_PG_FTMSMS-_2.mzXML	25.0	22296.0	0.0	0.0	[9.0..9.0]	[0.0..1.0]	[0.967..0.996]	[21560.232..22206.816]	[0.632..0.639]	[0.58..0.82]	[0.984..0.991]	[21939.264..22095.336]	[0.636..0.638]	[0.583..0.82]	0.9426762	[20324.318..20933.836]
Group-1	PG 32:2:0	251.2	240116_PG_FTMSMS-_2.mzXML	30.0	25238.8	0.0	0.0	[9.0..9.0]	[0.0..1.0]	[1.012..1.03]	[25541.666..25995.965]	[0.579..0.583]	[0.58..0.82]	[1.022..1.027]	[25794.053..25920.248]	[0.582..0.583]	[0.583..0.82]	0.9426762	[24077.52..24505.775]
Group-1	PG 32:2:0	251.2	240116_PG_FTMSMS-_2.mzXML	35.0	20337.2	0.0	0.0	[9.0..9.0]	[0.0..1.0]	[1.088..1.098]	[22126.873..22330.246]	[0.536..0.539]	[0.58..0.82]	[1.094..1.096]	[22248.896..22289.57]	[0.538..0.538]	[0.583..0.82]	0.9426762	[20858.477..21050.19]
Group-1	PG 32:2:0	253.22	240116_PG_FTMSMS-_2.mzXML	25.0	64130.1	0.0	0.0	[9.0..9.0]	[0.5..0.5]	[0.974..0.974]	[62462.72..62462.72]	[0.5..0.5]	[0.5..0.5]	[0.974..0.974]	[62462.72..62462.72]	[0.5..0.5]	[0.5..0.5]	0.9426762	[58882.113..58882.113]
Group-1	PG 32:2:0	253.22	240116_PG_FTMSMS-_2.mzXML	30.0	90286.1	0.0	0.0	[9.0..9.0]	[0.5..0.5]	[0.979..0.979]	[88390.09..88390.09]	[0.5..0.5]	[0.5..0.5]	[0.979..0.979]	[88390.09..88390.09]	[0.5..0.5]	[0.5..0.5]	0.9426762	[83323.234..83323.234]
Group-1	PG 32:2:0	253.22	240116_PG_FTMSMS-_2.mzXML	35.0	81971.7	0.0	0.0	[9.0..9.0]	[0.5..0.5]	[0.988..0.988]	[80988.04..80988.04]	[0.5..0.5]	[0.5..0.5]	[0.988..0.988]	[80988.04..80988.04]	[0.5..0.5]	[0.5..0.5]	0.9426762	[76345.5..76345.5]
Group-1	PG 32:2:0	255.23	240116_PG_FTMSMS-_2.mzXML	25.0	12552.0	0.0	0.0	[0.0..0.0]	[0.0..1.0]	[1.0..1.0]	[12552.0..12552.0]	[0.361..0.368]	[0.18..0.42]	[1.0..1.0]	[12552.0..12552.0]	[0.362..0.364]	[0.18..0.417]	0.9426762	[11832.472..11832.472]
Group-1	PG 32:2:0	255.23	240116_PG_FTMSMS-_2.mzXML	30.0	18556.4	0.0	0.0	[0.0..0.0]	[0.0..1.0]	[1.0..1.0]	[18556.4..18556.4]	[0.417..0.421]	[0.18..0.42]	[1.0..1.0]	[18556.4..18556.4]	[0.417..0.418]	[0.18..0.417]	0.9426762	[17492.676..17492.676]
Group-1	PG 32:2:0	255.23	240116_PG_FTMSMS-_2.mzXML	35.0	19116.3	0.0	0.0	[0.0..0.0]	[0.0..1.0]	[1.0..1.0]	[19116.3..19116.3]	[0.461..0.464]	[0.18..0.42]	[1.0..1.0]	[19116.3..19116.3]	[0.462..0.462]	[0.18..0.417]	0.9426762	[18020.482..18020.482]
Group-1	PG 32:2:0	279.23	240116_PG_FTMSMS-_2.mzXML	25.0	164110.7	0.0	0.0	[9.0..9.0]	[1.0..1.0]	[0.946..0.946]	[155248.72..155248.72]	[0.747..0.747]	[1.0..1.0]	[0.946..0.946]	[155248.72..155248.72]	[0.747..0.747]	[1.0..1.0]	0.9426762	[146349.27..146349.27]
Group-1	PG 32:2:0	279.23	240116_PG_FTMSMS-_2.mzXML	30.0	226710.2	0.0	0.0	[9.0..9.0]	[1.0..1.0]	[0.957..0.957]	[216961.66..216961.66]	[0.748..0.748]	[1.0..1.0]	[0.957..0.957]	[216961.67..216961.67]	[0.748..0.748]	[1.0..1.0]	0.9426762	[204524.6..204524.6]
Group-1	PG 32:2:0	279.23	240116_PG_FTMSMS-_2.mzXML	35.0	209097.2	0.0	0.0	[9.0..9.0]	[1.0..1.0]	[1.01..1.01]	[211188.17..211188.17]	[0.738..0.738]	[1.0..1.0]	[1.01..1.01]	[211188.17..211188.17]	[0.738..0.738]	[1.0..1.0]	0.9426762	[199082.06..199082.06]
Group-1	PG 32:2:0	281.25	240116_PG_FTMSMS-_2.mzXML	25.0	6239.1	0.0	0.0	[9.0..9.0]	[1.0..1.0]	[0.958..0.958]	[5977.058..5977.058]	[0.746..0.746]	[1.0..1.0]	[0.958..0.958]	[5977.058..5977.058]	[0.746..0.746]	[1.0..1.0]	0.9426762	[5634.43..5634.43]
Group-1	PG 32:2:0	281.25	240116_PG_FTMSMS-_2.mzXML	30.0	10028.8	0.0	0.0	[9.0..9.0]	[0.0..0.0]	[0.911..0.911]	[9136.236..9136.236]	[0.783..0.783]	[1.0..1.0]	[0.911..0.911]	[9136.236..9136.236]	[0.783..0.783]	[1.0..1.0]	0.9426762	[8612.513..8612.513]
Group-1	PG 32:2:0	281.25	240116_PG_FTMSMS-_2.mzXML	35.0	10038.7	0.0	0.0	[9.0..9.0]	[0.0..1.0]	[0.912..0.936]	[9155.295..9396.224]	[0.768..0.768]	[1.0..1.0]	[0.936..0.936]	[9396.224..9396.224]	[0.773..0.773]	[1.0..1.0]	0.9426762	[8630.478..8857.596]
Group-1	PG 33:0:0	241.22	240116_PG_FTMSMS-_2.mzXML	25.0	2078.4	0.0	0.0	[0.0..0.0]	[0.0..1.0]	[0.995..1.0]	[2068.008..2078.4]	[0.293..0.293]	[0.0..0.09]	[0.995..0.995]	[2068.0078..2068.0078]	[0.292..0.292]	[0.0..0.091]	0.9227879	[1908.3326..1917.9222]
Group-1	PG 33:0:0	241.22	240116_PG_FTMSMS-_2.mzXML	30.0	3130.4	0.0	0.0	[0.0..0.0]	[0.0..1.0]	[1.006..1.014]	[3149.182..3174.226]	[0.322..0.323]	[0.0..0.09]	[1.006..1.007]	[3149.1824..3152.3125]	[0.321..0.321]	[0.0..0.091]	0.9227879	[2906.0273..2929.137]
Group-1	PG 33:0:0	241.22	240116_PG_FTMSMS-_2.mzXML	35.0	2778.0	0.0	0.0	[0.0..0.0]	[0.0..1.0]	[1.009..1.021]	[2803.002..2836.338]	[0.267..0.267]	[0.0..0.09]	[1.009..1.01]	[2803.002..2805.78]	[0.265..0.265]	[0.0..0.091]	0.9227879	[2586.5762..2617.3386]
Group-1	PG 33:0:0	255.23	240116_PG_FTMSMS-_2.mzXML	25.0	25603.6	0.0	0.0	[0.0..0.0]	[0.0..1.0]	[1.0..1.0]	[25603.6..25603.6]	[0.457..0.458]	[0.39..0.43]	[1.0..1.0]	[25603.6..25603.6]	[0.458..0.458]	[0.394..0.428]	0.9227879	[23626.691..23626.691]
Group-1	PG 33:0:0	255.23	240116_PG_FTMSMS-_2.mzXML	30.0	39216.9	0.0	0.0	[0.0..0.0]	[0.0..1.0]	[1.0..1.0]	[39216.9..39216.9]	[0.454..0.456]	[0.39..0.43]	[1.0..1.0]	[39216.9..39216.9]	[0.455..0.455]	[0.394..0.428]	0.9227879	[36188.88..36188.88]
Group-1	PG 33:0:0	255.23	240116_PG_FTMSMS-_2.mzXML	35.0	42307.6	0.0	0.0	[0.0..0.0]	[0.0..1.0]	[1.0..1.0]	[42307.6..42307.6]	[0.467..0.469]	[0.39..0.43]	[1.0..1.0]	[42307.6..42307.6]	[0.468..0.468]	[0.394..0.428]	0.9227879	[39040.94..39040.94]
Group-1	PG 33:0:0	269.25	240116_PG_FTMSMS-_2.mzXML	25.0	30255.7	0.0	0.0	[0.0..0.0]	[0.0..1.0]	[1.001..1.004]	[30285.957..30376.72]	[0.542..0.543]	[0.57..0.61]	[1.003..1.003]	[30346.467..30346.467]	[0.542..0.542]	[0.572..0.606]	0.9227879	[27947.514..28031.271]
Group-1	PG 33:0:0	269.25	240116_PG_FTMSMS-_2.mzXML	30.0	47431.3	0.0	0.0	[0.0..0.0]	[0.0..1.0]	[0.987..0.993]	[46814.69..47099.28]	[0.544..0.546]	[0.57..0.61]	[0.99..0.991]	[46956.99..47004.418]	[0.545..0.545]	[0.572..0.606]	0.9227879	[43200.035..43462.65]
Group-1	PG 33:0:0	269.25	240116_PG_FTMSMS-_2.mzXML	35.0	48858.4	0.0	0.0	[0.0..0.0]	[0.0..1.0]	[0.981..0.989]	[47930.09..48320.957]	[0.531..0.533]	[0.57..0.61]	[0.986..0.986]	[48174.383..48174.383]	[0.532..0.532]	[0.572..0.606]	0.9227879	[44229.305..44589.992]
Group-1	PG 33:0:0	283.26	240116_PG_FTMSMS-_2.mzXML	25.0	4978.1	0.0	0.0	[0.0..0.0]	[0.0..1.0]	[1.002..1.009]	[4988.056..5022.903]	[0.707..0.707]	[0.91..1.0]	[1.008..1.009]	[5017.925..5022.903]	[0.708..0.708]	[0.909..1.0]	0.9227879	[4602.918..4635.0737]
Group-1	PG 33:0:0	283.26	240116_PG_FTMSMS-_2.mzXML	30.0	6775.3	0.0	0.0	[0.0..0.0]	[0.0..1.0]	[0.976..0.985]	[6612.693..6673.671]	[0.677..0.678]	[0.91..1.0]	[0.984..0.985]	[6666.895..6673.6704]	[0.679..0.679]	[0.909..1.0]	0.9227879	[6102.113..6158.3823]
Group-1	PG 33:0:0	283.26	240116_PG_FTMSMS-_2.mzXML	35.0	7989.0	0.0	0.0	[0.0..0.0]	[0.0..1.0]	[0.963..0.976]	[7693.407..7797.264]	[0.733..0.733]	[0.91..1.0]	[0.975..0.976]	[7789.2754..7797.264]	[0.735..0.735]	[0.909..1.0]	0.9227879	[7099.383..7195.2207]
Group-1	PG 33:1:0	241.22	240116_PG_FTMSMS-_2.mzXML	25.0	64832.3	0.0	0.0	[0.0..0.0]	[0.0..0.0]	[0.995..0.995]	[64508.14..64508.14]	[0.184..0.184]	[0.0..0.0]	[0.995..0.995]	[64508.14..64508.14]	[0.184..0.184]	[0.0..0.0]	0.9249684	[59667.992..59667.992]
Group-1	PG 33:1:0	241.22	240116_PG_FTMSMS-_2.mzXML	30.0	90067.6	0.0	0.0	[0.0..0.0]	[0.0..0.0]	[1.006..1.006]	[90608.01..90608.01]	[0.177..0.177]	[0.0..0.0]	[1.006..1.006]	[90608.01..90608.01]	[0.177..0.177]	[0.0..0.0]	0.9249684	[83809.55..83809.55]
Group-1	PG 33:1:0	241.22	240116_PG_FTMSMS-_2.mzXML	35.0	95171.1	0.0	0.0	[0.0..0.0]	[0.0..0.0]	[1.009..1.009]	[96027.63..96027.63]	[0.189..0.189]	[0.0..0.0]	[1.009..1.009]	[96027.63..96027.63]	[0.189..0.189]	[0.0..0.0]	0.9249684	[88822.53..88822.53]
Group-1	PG 33:1:0	253.22	240116_PG_FTMSMS-_2.mzXML	25.0	13464.3	0.0	0.0	[9.0..9.0]	[0.0..1.0]	[0.97..1.014]	[13060.371..13652.801]	[0.699..0.707]	[0.96..1.0]	[1.012..1.014]	[13625.871..13652.801]	[0.708..0.708]	[0.959..0.997]	0.9249684	[12080.431..12628.409]
Group-1	PG 33:1:0	253.22	240116_PG_FTMSMS-_2.mzXML	30.0	17811.5	0.0	0.0	[9.0..9.0]	[0.0..1.0]	[0.979..1.013]	[17437.457..18043.049]	[0.702..0.708]	[0.96..1.0]	[1.012..1.013]	[18025.238..18043.049]	[0.709..0.71]	[0.959..0.997]	0.9249684	[16129.098..16689.25]
Group-1	PG 33:1:0	253.22	240116_PG_FTMSMS-_2.mzXML	35.0	18172.7	0.0	0.0	[9.0..9.0]	[0.0..1.0]	[0.99..1.021]	[17990.973..18554.326]	[0.711..0.715]	[0.96..1.0]	[1.02..1.021]	[18536.152..18554.326]	[0.717..0.717]	[0.959..0.997]	0.9249684	[16641.082..17162.166]
Group-1	PG 33:1:0	255.23	240116_PG_FTMSMS-_2.mzXML	25.0	98809.9	0.0	0.0	[0.0..0.0]	[0.0..0.0]	[1.0..1.0]	[98809.9..98809.9]	[0.348..0.348]	[0.15..0.18]	[1.0..1.0]	[98809.9..98809.9]	[0.348..0.348]	[0.148..0.179]	0.9249684	[91396.04..91396.04]
Group-1	PG 33:1:0	255.23	240116_PG_FTMSMS-_2.mzXML	30.0	143754.5	0.0	0.0	[0.0..0.0]	[0.0..0.0]	[1.0..1.0]	[143754.5..143754.5]	[0.348..0.348]	[0.15..0.18]	[1.0..1.0]	[143754.5..143754.5]	[0.348..0.348]	[0.148..0.179]	0.9249684	[132968.38..132968.38]
Group-1	PG 33:1:0	255.23	240116_PG_FTMSMS-_2.mzXML	35.0	142918.9	0.0	0.0	[0.0..0.0]	[0.0..0.0]	[1.0..1.0]	[142918.9..142918.9]	[0.361..0.361]	[0.15..0.18]	[1.0..1.0]	[142918.9..142918.9]	[0.361..0.361]	[0.148..0.179]	0.9249684	[132195.47..132195.47]
Group-1	PG 33:1:0	267.23	240116_PG_FTMSMS-_2.mzXML	25.0	188108.2	0.0	0.0	[9.0..9.0]	[1.0..1.0]	[0.983..0.983]	[184910.36..184910.36]	[0.652..0.652]	[0.82..0.85]	[0.983..0.983]	[184910.36..184910.36]	[0.652..0.652]	[0.821..0.852]	0.9249684	[171036.23..171036.23]
Group-1	PG 33:1:0	267.23	240116_PG_FTMSMS-_2.mzXML	30.0	276580.7	0.0	0.0	[9.0..9.0]	[1.0..1.0]	[0.972..0.972]	[268836.44..268836.44]	[0.652..0.652]	[0.82..0.85]	[0.972..0.972]	[268836.44..268836.44]	[0.652..0.652]	[0.821..0.852]	0.9249684	[248665.22..248665.22]
Group-1	PG 33:1:0	267.23	240116_PG_FTMSMS-_2.mzXML	35.0	259736.5	0.0	0.0	[9.0..9.0]	[1.0..1.0]	[0.976..0.976]	[253502.83..253502.83]	[0.639..0.639]	[0.82..0.85]	[0.976..0.976]	[253502.83..253502.83]	[0.639..0.639]	[0.821..0.852]	0.9249684	[234482.11..234482.11]
Group-1	PG 33:1:0	269.25	240116_PG_FTMSMS-_2.mzXML	25.0	5624.3	0.0	0.0	[0.0..0.0]	[0.0..1.0]	[1.001..1.004]	[5629.925..5646.797]	[0.293..0.301]	[0.0..0.04]	[1.001..1.001]	[5629.9243..5629.9243]	[0.292..0.292]	[0.003..0.041]	0.9249684	[5207.5024..5223.109]
Group-1	PG 33:1:0	269.25	240116_PG_FTMSMS-_2.mzXML	30.0	7483.1	0.0	0.0	[0.0..0.0]	[0.0..1.0]	[0.987..0.993]	[7385.82..7430.719]	[0.292..0.298]	[0.0..0.04]	[0.987..0.987]	[7385.82..7385.82]	[0.29..0.291]	[0.003..0.041]	0.9249684	[6831.65..6873.1797]
Group-1	PG 33:1:0	269.25	240116_PG_FTMSMS-_2.mzXML	35.0	7471.3	0.0	0.0	[0.0..0.0]	[0.0..1.0]	[0.981..0.989]	[7329.345..7389.116]	[0.285..0.289]	[0.0..0.04]	[0.981..0.981]	[7329.345..7329.345]	[0.283..0.283]	[0.003..0.041]	0.9249684	[6779.4126..6834.6987]
Group-1	PG 33:1:0	281.25	240116_PG_FTMSMS-_2.mzXML	25.0	298260.2	0.0	0.0	[9.0..9.0]	[1.0..1.0]	[0.958..0.958]	[285733.25..285733.25]	[0.816..0.816]	[1.0..1.0]	[0.958..0.958]	[285733.25..285733.25]	[0.816..0.816]	[1.0..1.0]	0.9249684	[264294.25..264294.25]
Group-1	PG 33:1:0	281.25	240116_PG_FTMSMS-_2.mzXML	30.0	451147.9	0.0	0.0	[9.0..9.0]	[1.0..1.0]	[0.937..0.937]	[422725.56..422725.56]	[0.823..0.823]	[1.0..1.0]	[0.937..0.937]	[422725.56..422725.56]	[0.823..0.823]	[1.0..1.0]	0.9249684	[391007.8..391007.8]
Group-1	PG 33:1:0	281.25	240116_PG_FTMSMS-_2.mzXML	35.0	439015.2	0.0	0.0	[9.0..9.0]	[1.0..1.0]	[0.936..0.936]	[410918.22..410918.22]	[0.811..0.811]	[1.0..1.0]	[0.936..0.936]	[410918.22..410918.22]	[0.811..0.811]	[1.0..1.0]	0.9249684	[380086.38..380086.38]
Group-1	PG 33:2:0	239.2	240116_PG_FTMSMS-_2.mzXML	25.0	1699.8	0.0	0.0	[7.0..7.0]	[0.0..0.0]	[0.944..0.944]	[1604.611..1604.611]	[0.015..0.015]	[0.0..0.0]	[0.944..0.944]	[1604.6112..1604.6112]	[0.015..0.015]	[0.0..0.0]	0.92714924	[1487.714..1487.714]
Group-1	PG 33:2:0	239.2	240116_PG_FTMSMS-_2.mzXML	30.0	2117.8	0.0	0.0	[7.0..7.0]	[0.0..0.0]	[0.981..0.981]	[2077.562..2077.562]	[0.013..0.013]	[0.0..0.0]	[0.981..0.981]	[2077.5618..2077.5618]	[0.013..0.013]	[0.0..0.0]	0.92714924	[1926.21..1926.21]
Group-1	PG 33:2:0	239.2	240116_PG_FTMSMS-_2.mzXML	35.0	1901.2	0.0	0.0	[7.0..7.0]	[0.0..0.0]	[1.019..1.019]	[1937.323..1937.323]	[0.012..0.012]	[0.0..0.0]	[1.019..1.019]	[1937.3229..1937.3229]	[0.012..0.012]	[0.0..0.0]	0.92714924	[1796.1874..1796.1874]
Group-1	PG 33:2:0	241.22	240116_PG_FTMSMS-_2.mzXML	25.0	47080.4	0.0	0.0	[0.0..0.0]	[0.0..0.0]	[0.995..0.995]	[46844.996..46844.996]	[0.16..0.16]	[0.0..0.0]	[0.995..0.995]	[46844.996..46844.996]	[0.16..0.16]	[0.0..0.0]	0.92714924	[43432.3..43432.3]
Group-1	PG 33:2:0	241.22	240116_PG_FTMSMS-_2.mzXML	30.0	64053.2	0.0	0.0	[0.0..0.0]	[0.0..0.0]	[1.006..1.006]	[64437.52..64437.52]	[0.155..0.155]	[0.0..0.0]	[1.006..1.006]	[64437.52..64437.52]	[0.155..0.155]	[0.0..0.0]	0.92714924	[59743.2..59743.2]
Group-1	PG 33:2:0	241.22	240116_PG_FTMSMS-_2.mzXML	35.0	62799.2	0.0	0.0	[0.0..0.0]	[0.0..0.0]	[1.009..1.009]	[63364.387..63364.387]	[0.151..0.151]	[0.0..0.0]	[1.009..1.009]	[63364.387..63364.387]	[0.151..0.151]	[0.0..0.0]	0.92714924	[58748.246..58748.246]
Group-1	PG 33:2:0	253.22	240116_PG_FTMSMS-_2.mzXML	25.0	6073.0	0.0	0.0	[9.0..9.0]	[0.0..0.0]	[0.97..0.97]	[5890.81..5890.81]	[0.523..0.523]	[0.48..0.61]	[0.97..0.97]	[5890.81..5890.81]	[0.523..0.523]	[0.479..0.611]	0.92714924	[5461.66..5461.66]
Group-1	PG 33:2:0	253.22	240116_PG_FTMSMS-_2.mzXML	30.0	8151.1	0.0	0.0	[9.0..9.0]	[0.0..0.0]	[0.979..0.979]	[7979.927..7979.927]	[0.491..0.491]	[0.48..0.61]	[0.979..0.979]	[7979.927..7979.927]	[0.491..0.491]	[0.479..0.611]	0.92714924	[7398.583..7398.583]
Group-1	PG 33:2:0	253.22	240116_PG_FTMSMS-_2.mzXML	35.0	9216.2	0.0	0.0	[9.0..9.0]	[0.0..0.0]	[0.99..0.99]	[9124.038..9124.038]	[0.548..0.548]	[0.48..0.61]	[0.99..0.99]	[9124.038..9124.038]	[0.548..0.548]	[0.479..0.611]	0.92714924	[8459.345..8459.345]
Group-1	PG 33:2:0	255.23	240116_PG_FTMSMS-_2.mzXML	25.0	12546.8	0.0	0.0	[0.0..0.0]	[0.0..0.0]	[1.0..1.0]	[12546.8..12546.8]	[0.512..0.512]	[0.51..0.62]	[1.0..1.0]	[12546.8..12546.8]	[0.512..0.512]	[0.514..0.616]	0.92714924	[11632.756..11632.756]
Group-1	PG 33:2:0	255.23	240116_PG_FTMSMS-_2.mzXML	30.0	17041.8	0.0	0.0	[0.0..0.0]	[0.0..0.0]	[1.0..1.0]	[17041.8..17041.8]	[0.506..0.506]	[0.51..0.62]	[1.0..1.0]	[17041.8..17041.8]	[0.506..0.506]	[0.514..0.616]	0.92714924	[15800.293..15800.293]
Group-1	PG 33:2:0	255.23	240116_PG_FTMSMS-_2.mzXML	35.0	19863.5	0.0	0.0	[0.0..0.0]	[0.0..0.0]	[1.0..1.0]	[19863.5..19863.5]	[0.55..0.55]	[0.51..0.62]	[1.0..1.0]	[19863.5..19863.5]	[0.55..0.55]	[0.514..0.616]	0.92714924	[18416.43..18416.43]
Group-1	PG 33:2:0	265.22	240116_PG_FTMSMS-_2.mzXML	25.0	12331.1	0.0	0.0	[9.0..9.0]	[1.0..1.0]	[0.97..0.97]	[11961.167..11961.167]	[0.488..0.488]	[0.38..0.49]	[0.97..0.97]	[11961.167..11961.167]	[0.488..0.488]	[0.384..0.486]	0.92714924	[11089.787..11089.787]
Group-1	PG 33:2:0	265.22	240116_PG_FTMSMS-_2.mzXML	30.0	16758.5	0.0	0.0	[9.0..9.0]	[1.0..1.0]	[0.992..0.992]	[16624.432..16624.432]	[0.494..0.494]	[0.38..0.49]	[0.992..0.992]	[16624.432..16624.432]	[0.494..0.494]	[0.384..0.486]	0.92714924	[15413.329..15413.329]
Group-1	PG 33:2:0	265.22	240116_PG_FTMSMS-_2.mzXML	35.0	15469.6	0.0	0.0	[9.0..9.0]	[1.0..1.0]	[1.052..1.052]	[16274.02..16274.02]	[0.45..0.45]	[0.38..0.49]	[1.052..1.052]	[16274.02..16274.02]	[0.45..0.45]	[0.384..0.486]	0.92714924	[15088.445..15088.445]
Group-1	PG 33:2:0	267.23	240116_PG_FTMSMS-_2.mzXML	25.0	5460.5	0.0	0.0	[9.0..9.0]	[1.0..1.0]	[0.983..0.983]	[5367.672..5367.672]	[0.477..0.477]	[0.39..0.52]	[0.983..0.983]	[5367.6714..5367.6714]	[0.477..0.477]	[0.389..0.521]	0.92714924	[4976.6323..4976.6323]
Group-1	PG 33:2:0	267.23	240116_PG_FTMSMS-_2.mzXML	30.0	8526.2	0.0	0.0	[9.0..9.0]	[1.0..1.0]	[0.972..0.972]	[8287.467..8287.467]	[0.509..0.509]	[0.39..0.52]	[0.972..0.972]	[8287.467..8287.467]	[0.509..0.509]	[0.389..0.521]	0.92714924	[7683.7183..7683.7183]
Group-1	PG 33:2:0	267.23	240116_PG_FTMSMS-_2.mzXML	35.0	7719.6	0.0	0.0	[9.0..9.0]	[1.0..1.0]	[0.976..0.976]	[7534.33..7534.33]	[0.452..0.452]	[0.39..0.52]	[0.976..0.976]	[7534.3296..7534.3296]	[0.452..0.452]	[0.389..0.521]	0.92714924	[6985.4478..6985.4478]
Group-1	PG 33:2:0	279.23	240116_PG_FTMSMS-_2.mzXML	25.0	260133.5	0.0	0.0	[9.0..9.0]	[1.0..1.0]	[0.946..0.946]	[246086.28..246086.28]	[0.84..0.84]	[1.0..1.0]	[0.946..0.946]	[246086.28..246086.28]	[0.84..0.84]	[1.0..1.0]	0.92714924	[228158.72..228158.72]
Group-1	PG 33:2:0	279.23	240116_PG_FTMSMS-_2.mzXML	30.0	366428.2	0.0	0.0	[9.0..9.0]	[1.0..1.0]	[0.957..0.957]	[350671.78..350671.78]	[0.845..0.845]	[1.0..1.0]	[0.957..0.957]	[350671.78..350671.78]	[0.845..0.845]	[1.0..1.0]	0.92714924	[325125.1..325125.1]
Group-1	PG 33:2:0	279.23	240116_PG_FTMSMS-_2.mzXML	35.0	351914.6	0.0	0.0	[9.0..9.0]	[1.0..1.0]	[1.01..1.01]	[355433.75..355433.75]	[0.849..0.849]	[1.0..1.0]	[1.01..1.01]	[355433.75..355433.75]	[0.849..0.849]	[1.0..1.0]	0.92714924	[329540.12..329540.12]
Group-1	PG 33:2:0	281.25	240116_PG_FTMSMS-_2.mzXML	25.0	113238.9	0.0	0.0	[9.0..9.0]	[1.0..1.0]	[0.958..0.958]	[108482.87..108482.87]	[0.985..0.985]	[1.0..1.0]	[0.958..0.958]	[108482.87..108482.87]	[0.985..0.985]	[1.0..1.0]	0.92714924	[100579.805..100579.805]
Group-1	PG 33:2:0	281.25	240116_PG_FTMSMS-_2.mzXML	30.0	169608.4	0.0	0.0	[9.0..9.0]	[1.0..1.0]	[0.937..0.937]	[158923.08..158923.08]	[0.987..0.987]	[1.0..1.0]	[0.937..0.937]	[158923.08..158923.08]	[0.987..0.987]	[1.0..1.0]	0.92714924	[147345.4..147345.4]
Group-1	PG 33:2:0	281.25	240116_PG_FTMSMS-_2.mzXML	35.0	165403.7	0.0	0.0	[9.0..9.0]	[1.0..1.0]	[0.936..0.936]	[154817.86..154817.86]	[0.988..0.988]	[1.0..1.0]	[0.936..0.936]	[154817.86..154817.86]	[0.988..0.988]	[1.0..1.0]	0.92714924	[143539.27..143539.27]
Group-1	PG 34:1:0	255.23	240116_PG_FTMSMS-_2.mzXML	25.0	3.143027E7	0.0	0.0	[0.0..0.0]	[0.0..0.0]	[1.0..1.0]	[3.143027E7..3.143027E7]	[0.249..0.249]	[0.0..0.0]	[1.0..1.0]	[3.143027E7..3.143027E7]	[0.249..0.249]	[0.0..0.0]	0.9100603	[2.860344E7..2.860344E7]
Group-1	PG 34:1:0	255.23	240116_PG_FTMSMS-_2.mzXML	30.0	4.3653332E7	0.0	0.0	[0.0..0.0]	[0.0..0.0]	[1.0..1.0]	[4.3653332E7..4.3653332E7]	[0.258..0.258]	[0.0..0.0]	[1.0..1.0]	[4.3653332E7..4.3653332E7]	[0.258..0.258]	[0.0..0.0]	0.9100603	[3.9727164E7..3.9727164E7]
Group-1	PG 34:1:0	255.23	240116_PG_FTMSMS-_2.mzXML	35.0	4.5893724E7	0.0	0.0	[0.0..0.0]	[0.0..0.0]	[1.0..1.0]	[4.5893724E7..4.5893724E7]	[0.269..0.269]	[0.0..0.0]	[1.0..1.0]	[4.5893724E7..4.5893724E7]	[0.269..0.269]	[0.0..0.0]	0.9100603	[4.1766056E7..4.1766056E7]
Group-1	PG 34:1:0	281.25	240116_PG_FTMSMS-_2.mzXML	25.0	9.9127936E7	0.0	0.0	[9.0..9.0]	[1.0..1.0]	[0.958..0.958]	[9.496456E7..9.496456E7]	[0.751..0.751]	[1.0..1.0]	[0.958..0.958]	[9.496456E7..9.496456E7]	[0.751..0.751]	[1.0..1.0]	0.9100603	[8.642348E7..8.642348E7]
Group-1	PG 34:1:0	281.25	240116_PG_FTMSMS-_2.mzXML	30.0	1.34223504E8	0.0	0.0	[9.0..9.0]	[1.0..1.0]	[0.937..0.937]	[1.25767424E8..1.25767424E8]	[0.742..0.742]	[1.0..1.0]	[0.937..0.937]	[1.25767424E8..1.25767424E8]	[0.742..0.742]	[1.0..1.0]	0.9100603	[1.14455936E8..1.14455936E8]
Group-1	PG 34:1:0	281.25	240116_PG_FTMSMS-_2.mzXML	35.0	1.3357276E8	0.0	0.0	[9.0..9.0]	[1.0..1.0]	[0.936..0.936]	[1.25024104E8..1.25024104E8]	[0.731..0.731]	[1.0..1.0]	[0.936..0.936]	[1.25024104E8..1.25024104E8]	[0.731..0.731]	[1.0..1.0]	0.9100603	[1.13779472E8..1.13779472E8]
Group-1	PG 34:2:0	253.22	240116_PG_FTMSMS-_2.mzXML	25.0	918614.5	0.0	0.0	[9.0..9.0]	[0.0..0.0]	[0.97..0.97]	[891056.06..891056.06]	[0.259..0.259]	[0.0..0.0]	[0.97..0.97]	[891056.06..891056.06]	[0.259..0.259]	[0.0..0.0]	0.9121761	[812800.06..812800.06]
Group-1	PG 34:2:0	253.22	240116_PG_FTMSMS-_2.mzXML	30.0	1235617.8	0.0	0.0	[9.0..9.0]	[0.0..0.0]	[0.979..0.979]	[1209669.8..1209669.8]	[0.251..0.251]	[0.0..0.0]	[0.979..0.979]	[1209669.8..1209669.8]	[0.251..0.251]	[0.0..0.0]	0.9121761	[1103431.9..1103431.9]
Group-1	PG 34:2:0	253.22	240116_PG_FTMSMS-_2.mzXML	35.0	1128151.2	0.0	0.0	[9.0..9.0]	[0.0..0.0]	[0.99..0.99]	[1116869.8..1116869.8]	[0.264..0.264]	[0.0..0.0]	[0.99..0.99]	[1116869.8..1116869.8]	[0.264..0.264]	[0.0..0.0]	0.9121761	[1018781.9..1018781.9]
Group-1	PG 34:2:0	255.23	240116_PG_FTMSMS-_2.mzXML	25.0	1.4653168E7	0.0	0.0	[0.0..0.0]	[0.0..0.0]	[1.0..1.0]	[1.4653168E7..1.4653168E7]	[0.258..0.258]	[0.0..0.0]	[1.0..1.0]	[1.4653168E7..1.4653168E7]	[0.258..0.258]	[0.0..0.0]	0.9121761	[1.3366269E7..1.3366269E7]
Group-1	PG 34:2:0	255.23	240116_PG_FTMSMS-_2.mzXML	30.0	2.0453096E7	0.0	0.0	[0.0..0.0]	[0.0..0.0]	[1.0..1.0]	[2.0453096E7..2.0453096E7]	[0.256..0.256]	[0.0..0.0]	[1.0..1.0]	[2.0453096E7..2.0453096E7]	[0.256..0.256]	[0.0..0.0]	0.9121761	[1.8656824E7..1.8656824E7]
Group-1	PG 34:2:0	255.23	240116_PG_FTMSMS-_2.mzXML	35.0	1.8974008E7	0.0	0.0	[0.0..0.0]	[0.0..0.0]	[1.0..1.0]	[1.8974008E7..1.8974008E7]	[0.257..0.257]	[0.0..0.0]	[1.0..1.0]	[1.8974008E7..1.8974008E7]	[0.257..0.257]	[0.0..0.0]	0.9121761	[1.7307636E7..1.7307636E7]
Group-1	PG 34:2:0	279.23	240116_PG_FTMSMS-_2.mzXML	25.0	4.4573656E7	0.0	0.0	[9.0..9.0]	[1.0..1.0]	[0.946..0.946]	[4.2166676E7..4.2166676E7]	[0.742..0.742]	[1.0..1.0]	[0.946..0.946]	[4.2166676E7..4.2166676E7]	[0.742..0.742]	[1.0..1.0]	0.9121761	[3.8463436E7..3.8463436E7]
Group-1	PG 34:2:0	279.23	240116_PG_FTMSMS-_2.mzXML	30.0	6.1977712E7	0.0	0.0	[9.0..9.0]	[1.0..1.0]	[0.957..0.957]	[5.9312672E7..5.9312672E7]	[0.744..0.744]	[1.0..1.0]	[0.957..0.957]	[5.9312672E7..5.9312672E7]	[0.744..0.744]	[1.0..1.0]	0.9121761	[5.4103596E7..5.4103596E7]
Group-1	PG 34:2:0	279.23	240116_PG_FTMSMS-_2.mzXML	35.0	5.4187568E7	0.0	0.0	[9.0..9.0]	[1.0..1.0]	[1.01..1.01]	[5.4729444E7..5.4729444E7]	[0.743..0.743]	[1.0..1.0]	[1.01..1.01]	[5.4729444E7..5.4729444E7]	[0.743..0.743]	[1.0..1.0]	0.9121761	[4.9922888E7..4.9922888E7]
Group-1	PG 34:2:0	281.25	240116_PG_FTMSMS-_2.mzXML	25.0	2664657.2	0.0	0.0	[9.0..9.0]	[1.0..1.0]	[0.958..0.958]	[2552741.8..2552741.8]	[0.741..0.741]	[1.0..1.0]	[0.958..0.958]	[2552741.8..2552741.8]	[0.741..0.741]	[1.0..1.0]	0.9121761	[2328549.8..2328549.8]
Group-1	PG 34:2:0	281.25	240116_PG_FTMSMS-_2.mzXML	30.0	3848570.2	0.0	0.0	[9.0..9.0]	[1.0..1.0]	[0.937..0.937]	[3606110.2..3606110.2]	[0.749..0.749]	[1.0..1.0]	[0.937..0.937]	[3606110.2..3606110.2]	[0.749..0.749]	[1.0..1.0]	0.9121761	[3289407.5..3289407.5]
Group-1	PG 34:2:0	281.25	240116_PG_FTMSMS-_2.mzXML	35.0	3327824.2	0.0	0.0	[9.0..9.0]	[1.0..1.0]	[0.936..0.936]	[3114843.5..3114843.5]	[0.736..0.736]	[1.0..1.0]	[0.936..0.936]	[3114843.5..3114843.5]	[0.736..0.736]	[1.0..1.0]	0.9121761	[2841285.8..2841285.8]
Group-1	PG 34:3:0	251.2	240116_PG_FTMSMS-_2.mzXML	25.0	9770.0	0.0	0.0	[9.0..9.0]	[0.0..0.0]	[0.967..0.967]	[9447.59..9447.59]	[0.192..0.192]	[0.0..0.0]	[0.967..0.967]	[9447.59..9447.59]	[0.192..0.192]	[0.0..0.0]	0.91429204	[8637.856..8637.856]
Group-1	PG 34:3:0	251.2	240116_PG_FTMSMS-_2.mzXML	30.0	11815.4	0.0	0.0	[9.0..9.0]	[1.0..1.0]	[1.03..1.03]	[12169.862..12169.862]	[0.207..0.207]	[0.0..0.0]	[1.03..1.03]	[12169.862..12169.862]	[0.207..0.207]	[0.0..0.0]	0.91429204	[11126.808..11126.808]
Group-1	PG 34:3:0	251.2	240116_PG_FTMSMS-_2.mzXML	35.0	6273.0	0.0	0.0	[9.0..9.0]	[0.0..1.0]	[1.088..1.098]	[6825.025..6887.755]	[0.106..0.108]	[0.0..0.0]	[1.088..1.088]	[6825.0244..6825.0244]	[0.105..0.105]	[0.0..0.0]	0.91429204	[6240.0654..6297.419]
Group-1	PG 34:3:0	253.22	240116_PG_FTMSMS-_2.mzXML	25.0	294559.7	0.0	0.0	[9.0..9.0]	[0.0..0.0]	[0.97..0.97]	[285722.9..285722.9]	[0.259..0.259]	[0.0..0.0]	[0.97..0.97]	[285722.9..285722.9]	[0.259..0.259]	[0.0..0.0]	0.91429204	[261234.16..261234.16]
Group-1	PG 34:3:0	253.22	240116_PG_FTMSMS-_2.mzXML	30.0	399216.0	0.0	0.0	[9.0..9.0]	[0.0..0.0]	[0.979..0.979]	[390832.44..390832.44]	[0.27..0.27]	[0.0..0.0]	[0.979..0.979]	[390832.44..390832.44]	[0.27..0.27]	[0.0..0.0]	0.91429204	[357335.0..357335.0]
Group-1	PG 34:3:0	253.22	240116_PG_FTMSMS-_2.mzXML	35.0	384250.1	0.0	0.0	[9.0..9.0]	[0.0..0.0]	[0.99..0.99]	[380407.6..380407.6]	[0.259..0.259]	[0.0..0.0]	[0.99..0.99]	[380407.6..380407.6]	[0.259..0.259]	[0.0..0.0]	0.91429204	[347803.66..347803.66]
Group-1	PG 34:3:0	255.23	240116_PG_FTMSMS-_2.mzXML	25.0	216217.3	0.0	0.0	[0.0..0.0]	[0.0..1.0]	[1.0..1.0]	[216217.3..216217.3]	[0.238..0.243]	[0.0..0.03]	[1.0..1.0]	[216217.3..216217.3]	[0.238..0.241]	[0.0..0.026]	0.91429204	[197685.75..197685.75]
Group-1	PG 34:3:0	255.23	240116_PG_FTMSMS-_2.mzXML	30.0	285615.2	0.0	0.0	[0.0..0.0]	[0.0..1.0]	[1.0..1.0]	[285615.2..285615.2]	[0.239..0.259]	[0.0..0.03]	[1.0..1.0]	[285615.2..285615.2]	[0.239..0.257]	[0.0..0.026]	0.91429204	[261135.69..261135.69]
Group-1	PG 34:3:0	255.23	240116_PG_FTMSMS-_2.mzXML	35.0	305245.7	0.0	0.0	[0.0..0.0]	[0.0..0.0]	[1.0..1.0]	[305245.7..305245.7]	[0.257..0.295]	[0.0..0.03]	[1.0..1.0]	[305245.7..305245.7]	[0.257..0.295]	[0.0..0.026]	0.91429204	[279083.7..279083.7]
Group-1	PG 34:3:0	277.22	240116_PG_FTMSMS-_2.mzXML	25.0	682436.6	0.0	0.0	[6.0..9.0]	[0.0..1.0]	[0.989..1.016]	[674929.8..693355.6]	[0.757..0.762]	[0.97..1.0]	[0.999..1.016]	[681754.2..693355.6]	[0.759..0.762]	[0.974..1.0]	0.91429204	[617083.0..633929.56]
Group-1	PG 34:3:0	277.22	240116_PG_FTMSMS-_2.mzXML	30.0	756466.9	5906.0	0.007807348	[8.5..9.0]	[0.0..1.0]	[1.082..1.205]	[818497.2..911542.6]	[0.741..0.761]	[0.97..1.0]	[1.089..1.205]	[823792.44..911542.6]	[0.743..0.761]	[0.974..1.0]	0.91429204	[748345.44..833416.1]
Group-1	PG 34:3:0	277.22	240116_PG_FTMSMS-_2.mzXML	35.0	573038.3	11099.7	0.01936991	[6.1..6.7]	[1.0..1.0]	[1.27..1.537]	[727758.6..880759.9]	[0.705..0.743]	[0.97..1.0]	[1.27..1.537]	[727758.6..880759.9]	[0.705..0.743]	[0.974..1.0]	0.91429204	[665383.94..805271.75]
Group-1	PG 34:3:0	279.23	240116_PG_FTMSMS-_2.mzXML	25.0	865376.0	0.0	0.0	[9.0..9.0]	[1.0..1.0]	[0.946..0.946]	[818645.7..818645.7]	[0.741..0.741]	[1.0..1.0]	[0.946..0.946]	[818645.7..818645.7]	[0.741..0.741]	[1.0..1.0]	0.91429204	[748481.2..748481.2]
Group-1	PG 34:3:0	279.23	240116_PG_FTMSMS-_2.mzXML	30.0	1106130.8	0.0	0.0	[9.0..9.0]	[1.0..1.0]	[0.957..0.957]	[1058567.1..1058567.1]	[0.73..0.73]	[1.0..1.0]	[0.957..0.957]	[1058567.1..1058567.1]	[0.73..0.73]	[1.0..1.0]	0.91429204	[967839.56..967839.56]
Group-1	PG 34:3:0	279.23	240116_PG_FTMSMS-_2.mzXML	35.0	1077616.1	0.0	0.0	[9.0..9.0]	[1.0..1.0]	[1.01..1.01]	[1088392.2..1088392.2]	[0.741..0.741]	[1.0..1.0]	[1.01..1.01]	[1088392.2..1088392.2]	[0.741..0.741]	[1.0..1.0]	0.91429204	[995108.4..995108.4]
Group-1	PG 34:3:0	281.25	240116_PG_FTMSMS-_2.mzXML	25.0	41495.4	0.0	0.0	[9.0..9.0]	[1.0..1.0]	[0.958..0.958]	[39752.594..39752.594]	[0.808..0.808]	[1.0..1.0]	[0.958..0.958]	[39752.594..39752.594]	[0.808..0.808]	[1.0..1.0]	0.91429204	[36345.48..36345.48]
Group-1	PG 34:3:0	281.25	240116_PG_FTMSMS-_2.mzXML	30.0	51330.3	0.0	0.0	[9.0..9.0]	[0.0..0.0]	[0.911..0.911]	[46761.906..46761.906]	[0.793..0.793]	[1.0..1.0]	[0.911..0.911]	[46761.906..46761.906]	[0.793..0.793]	[1.0..1.0]	0.91429204	[42754.04..42754.04]
Group-1	PG 34:3:0	281.25	240116_PG_FTMSMS-_2.mzXML	35.0	61827.2	0.0	0.0	[9.0..9.0]	[0.0..1.0]	[0.912..0.936]	[56386.406..57870.258]	[0.892..0.894]	[1.0..1.0]	[0.936..0.936]	[57870.258..57870.258]	[0.895..0.895]	[1.0..1.0]	0.91429204	[51553.645..52910.316]
Group-1	PG 34:4:0	227.2	240116_PG_FTMSMS-_2.mzXML	25.0	6259.0	0.0	0.0	[0.0..0.0]	[0.0..1.0]	[0.99..1.002]	[6196.41..6271.518]	[0.22..0.222]	[0.0..0.06]	[0.99..0.991]	[6196.41..6202.669]	[0.218..0.226]	[0.0..0.061]	0.9164293	[5678.5713..5747.4023]
Group-1	PG 34:4:0	227.2	240116_PG_FTMSMS-_2.mzXML	30.0	8526.0	0.0	0.0	[0.0..0.0]	[0.0..1.0]	[1.012..1.029]	[8628.312..8773.254]	[0.257..0.276]	[0.0..0.06]	[1.012..1.013]	[8628.312..8636.838]	[0.254..0.278]	[0.0..0.061]	0.9164293	[7907.2373..8040.0674]
Group-1	PG 34:4:0	227.2	240116_PG_FTMSMS-_2.mzXML	35.0	8351.0	0.0	0.0	[0.0..0.0]	[0.0..0.0]	[1.016..1.016]	[8484.616..8484.616]	[0.271..0.31]	[0.0..0.06]	[1.016..1.016]	[8484.616..8484.616]	[0.271..0.31]	[0.0..0.061]	0.9164293	[7775.551..7775.551]
Group-1	PG 34:4:0	249.19	240116_PG_FTMSMS-_2.mzXML	25.0	1880.9	1455.4	0.7737785	[7.0..7.0]	[0.0..0.0]	[1.049..1.049]	[1973.064..1973.064]	[0.139..0.139]	[0.0..0.0]	[1.049..1.049]	[1973.0642..1973.0642]	[0.139..0.139]	[0.0..0.0]	0.9164293	[1808.1738..1808.1738]
Group-1	PG 34:4:0	249.19	240116_PG_FTMSMS-_2.mzXML	30.0	1201.4	1324.9	1.1027968	[7.0..7.0]	[0.0..0.0]	[1.246..1.246]	[1496.945..1496.945]	[0.077..0.077]	[0.0..0.0]	[1.246..1.246]	[1496.9445..1496.9445]	[0.077..0.077]	[0.0..0.0]	0.9164293	[1371.8438..1371.8438]
Group-1	PG 34:4:0	249.19	240116_PG_FTMSMS-_2.mzXML	35.0	536.9	939.7	1.7502328	[7.0..7.0]	[0.0..0.0]	[1.566..1.566]	[840.785..840.785]	[0.046..0.046]	[0.0..0.0]	[1.566..1.566]	[840.7854..840.7854]	[0.046..0.046]	[0.0..0.0]	0.9164293	[770.5204..770.5204]
Group-1	PG 34:4:0	251.2	240116_PG_FTMSMS-_2.mzXML	25.0	4466.1	0.0	0.0	[9.0..9.0]	[0.0..0.0]	[0.967..0.967]	[4318.719..4318.719]	[0.15..0.15]	[0.0..0.0]	[0.967..0.967]	[4318.7188..4318.7188]	[0.15..0.15]	[0.0..0.0]	0.9164293	[3957.8005..3957.8005]
Group-1	PG 34:4:0	251.2	240116_PG_FTMSMS-_2.mzXML	30.0	4070.6	0.0	0.0	[9.0..9.0]	[0.0..0.0]	[1.012..1.012]	[4119.447..4119.447]	[0.121..0.121]	[0.0..0.0]	[1.012..1.012]	[4119.4473..4119.4473]	[0.121..0.121]	[0.0..0.0]	0.9164293	[3775.1821..3775.1821]
Group-1	PG 34:4:0	251.2	240116_PG_FTMSMS-_2.mzXML	35.0	2433.3	0.0	0.0	[9.0..9.0]	[0.0..0.0]	[1.088..1.088]	[2647.431..2647.431]	[0.079..0.079]	[0.0..0.0]	[1.088..1.088]	[2647.4307..2647.4307]	[0.079..0.079]	[0.0..0.0]	0.9164293	[2426.183..2426.183]
Group-1	PG 34:4:0	253.22	240116_PG_FTMSMS-_2.mzXML	25.0	3854.8	0.0	0.0	[9.0..9.0]	[0.0..1.0]	[0.97..1.014]	[3739.156..3908.768]	[0.258..0.261]	[0.0..0.03]	[0.97..0.971]	[3739.1562..3743.011]	[0.253..0.256]	[0.0..0.03]	0.9164293	[3426.672..3582.109]
Group-1	PG 34:4:0	253.22	240116_PG_FTMSMS-_2.mzXML	30.0	5540.2	0.0	0.0	[9.0..9.0]	[0.0..1.0]	[0.979..1.013]	[5423.856..5612.223]	[0.282..0.297]	[0.0..0.03]	[0.979..0.98]	[5423.856..5429.3965]	[0.275..0.296]	[0.0..0.03]	0.9164293	[4970.58..5143.2056]
Group-1	PG 34:4:0	253.22	240116_PG_FTMSMS-_2.mzXML	35.0	4842.2	0.0	0.0	[9.0..9.0]	[0.0..0.0]	[0.99..0.99]	[4793.779..4793.779]	[0.258..0.296]	[0.0..0.03]	[0.99..0.99]	[4793.7783..4793.7783]	[0.258..0.296]	[0.0..0.03]	0.9164293	[4393.1587..4393.1587]
Group-1	PG 34:4:0	255.23	240116_PG_FTMSMS-_2.mzXML	25.0	3716.6	0.0	0.0	[0.0..0.0]	[0.0..0.0]	[1.0..1.0]	[3716.6..3716.6]	[0.688..0.688]	[0.93..1.0]	[1.0..1.0]	[3716.6..3716.6]	[0.688..0.688]	[0.933..1.0]	0.9164293	[3406.0012..3406.0012]
Group-1	PG 34:4:0	255.23	240116_PG_FTMSMS-_2.mzXML	30.0	5622.7	0.0	0.0	[0.0..0.0]	[0.0..0.0]	[1.0..1.0]	[5622.7..5622.7]	[0.75..0.75]	[0.93..1.0]	[1.0..1.0]	[5622.7..5622.7]	[0.75..0.75]	[0.933..1.0]	0.9164293	[5152.807..5152.807]
Group-1	PG 34:4:0	255.23	240116_PG_FTMSMS-_2.mzXML	35.0	7367.4	0.0	0.0	[0.0..0.0]	[0.0..0.0]	[1.0..1.0]	[7367.4..7367.4]	[0.81..0.81]	[0.93..1.0]	[1.0..1.0]	[7367.4..7367.4]	[0.81..0.81]	[0.933..1.0]	0.9164293	[6751.701..6751.701]
Group-1	PG 34:4:0	275.2	240116_PG_FTMSMS-_2.mzXML	25.0	1460.6	0.0	0.0	[8.0..8.0]	[1.0..1.0]	[1.153..1.153]	[1684.072..1684.072]	[0.312..0.312]	[0.0..0.07]	[1.153..1.153]	[1684.0718..1684.0718]	[0.312..0.312]	[0.0..0.067]	0.9164293	[1543.3328..1543.3328]
Group-1	PG 34:4:0	275.2	240116_PG_FTMSMS-_2.mzXML	30.0	1289.2	0.0	0.0	[8.0..8.0]	[1.0..1.0]	[1.455..1.455]	[1875.786..1875.786]	[0.25..0.25]	[0.0..0.07]	[1.455..1.455]	[1875.786..1875.786]	[0.25..0.25]	[0.0..0.067]	0.9164293	[1719.0251..1719.0251]
Group-1	PG 34:4:0	275.2	240116_PG_FTMSMS-_2.mzXML	35.0	856.7	0.0	0.0	[8.0..8.0]	[1.0..1.0]	[2.02..2.02]	[1730.534..1730.534]	[0.19..0.19]	[0.0..0.07]	[2.02..2.02]	[1730.534..1730.534]	[0.19..0.19]	[0.0..0.067]	0.9164293	[1585.912..1585.912]
Group-1	PG 34:4:0	277.22	240116_PG_FTMSMS-_2.mzXML	25.0	10880.6	0.0	0.0	[6.0..9.0]	[0.0..1.0]	[0.989..1.016]	[10760.913..11054.689]	[0.739..0.742]	[0.97..1.0]	[0.999..1.016]	[10869.719..11054.689]	[0.744..0.747]	[0.97..1.0]	0.9164293	[9861.616..10130.841]
Group-1	PG 34:4:0	277.22	240116_PG_FTMSMS-_2.mzXML	30.0	11862.3	0.0	0.0	[6.0..9.0]	[0.0..1.0]	[1.082..1.205]	[12835.009..14294.071]	[0.703..0.718]	[0.97..1.0]	[1.089..1.205]	[12918.044..14294.071]	[0.704..0.725]	[0.97..1.0]	0.9164293	[11762.378..13099.506]
Group-1	PG 34:4:0	277.22	240116_PG_FTMSMS-_2.mzXML	35.0	8982.7	0.0	0.0	[6.0..9.0]	[1.0..1.0]	[1.27..1.537]	[11408.029..13806.41]	[0.704..0.742]	[0.97..1.0]	[1.27..1.537]	[11408.029..13806.41]	[0.704..0.742]	[0.97..1.0]	0.9164293	[10454.652..12652.599]
Group-1	PG 34:4:0	279.23	240116_PG_FTMSMS-_2.mzXML	25.0	25960.0	0.0	0.0	[9.0..9.0]	[1.0..1.0]	[0.946..0.946]	[24558.16..24558.16]	[0.85..0.85]	[1.0..1.0]	[0.946..0.946]	[24558.16..24558.16]	[0.85..0.85]	[1.0..1.0]	0.9164293	[22505.816..22505.816]
Group-1	PG 34:4:0	279.23	240116_PG_FTMSMS-_2.mzXML	30.0	31399.0	0.0	0.0	[9.0..9.0]	[1.0..1.0]	[0.957..0.957]	[30048.844..30048.844]	[0.879..0.879]	[1.0..1.0]	[0.957..0.957]	[30048.844..30048.844]	[0.879..0.879]	[1.0..1.0]	0.9164293	[27537.64..27537.64]
Group-1	PG 34:4:0	279.23	240116_PG_FTMSMS-_2.mzXML	35.0	30538.9	0.0	0.0	[9.0..9.0]	[1.0..1.0]	[1.01..1.01]	[30844.29..30844.29]	[0.921..0.921]	[1.0..1.0]	[1.01..1.01]	[30844.29..30844.29]	[0.921..0.921]	[1.0..1.0]	0.9164293	[28266.61..28266.61]
Group-1	PG 34:4:0	281.25	240116_PG_FTMSMS-_2.mzXML	25.0	12707.9	0.0	0.0	[9.0..9.0]	[1.0..1.0]	[0.958..0.958]	[12174.169..12174.169]	[0.861..0.861]	[1.0..1.0]	[0.958..0.958]	[12174.169..12174.169]	[0.861..0.861]	[1.0..1.0]	0.9164293	[11156.765..11156.765]
Group-1	PG 34:4:0	281.25	240116_PG_FTMSMS-_2.mzXML	30.0	19029.2	0.0	0.0	[9.0..9.0]	[1.0..1.0]	[0.937..0.937]	[17830.36..17830.36]	[0.923..0.923]	[1.0..1.0]	[0.937..0.937]	[17830.36..17830.36]	[0.923..0.923]	[1.0..1.0]	0.9164293	[16340.264..16340.264]
Group-1	PG 34:4:0	281.25	240116_PG_FTMSMS-_2.mzXML	35.0	18658.0	0.0	0.0	[9.0..9.0]	[1.0..1.0]	[0.936..0.936]	[17463.889..17463.889]	[0.954..0.954]	[1.0..1.0]	[0.936..0.936]	[17463.889..17463.889]	[0.954..0.954]	[1.0..1.0]	0.9164293	[16004.419..16004.419]
Group-1	PG 34:4:0	303.23	240116_PG_FTMSMS-_2.mzXML	25.0	19582.7	1081.8	0.055242643	[5.4..6.7]	[0.0..1.0]	[1.107..1.138]	[21678.049..22285.111]	[0.778..0.78]	[0.94..1.0]	[1.085..1.138]	[21247.229..22285.111]	[0.774..0.782]	[0.939..1.0]	0.9164293	[19866.396..20422.729]
Group-1	PG 34:4:0	303.23	240116_PG_FTMSMS-_2.mzXML	30.0	15850.3	1399.1	0.08826962	[5.1..5.8]	[0.0..1.0]	[1.429..1.598]	[22650.078..25328.78]	[0.724..0.743]	[0.94..1.0]	[1.417..1.598]	[22459.875..25328.78]	[0.722..0.746]	[0.939..1.0]	0.9164293	[20757.195..23212.035]
Group-1	PG 34:4:0	303.23	240116_PG_FTMSMS-_2.mzXML	35.0	9037.7	1208.2	0.13368444	[5.0..5.0]	[1.0..1.0]	[2.085..2.521]	[18843.605..22784.043]	[0.69..0.729]	[0.94..1.0]	[2.085..2.521]	[18843.605..22784.041]	[0.69..0.729]	[0.939..1.0]	0.9164293	[17268.832..20879.963]
Group-1	PG 35:1:0	255.23	240116_PG_FTMSMS-_2.mzXML	25.0	84255.7	0.0	0.0	[0.0..0.0]	[0.0..0.0]	[1.0..1.0]	[84255.7..84255.7]	[0.361..0.361]	[0.18..0.3]	[1.0..1.0]	[84255.7..84255.7]	[0.361..0.361]	[0.18..0.299]	0.8956729	[75465.555..75465.555]
Group-1	PG 35:1:0	255.23	240116_PG_FTMSMS-_2.mzXML	30.0	125192.2	0.0	0.0	[0.0..0.0]	[1.0..1.0]	[1.0..1.0]	[125192.2..125192.2]	[0.396..0.396]	[0.18..0.3]	[1.0..1.0]	[125192.2..125192.2]	[0.396..0.396]	[0.18..0.299]	0.8956729	[112131.266..112131.266]
Group-1	PG 35:1:0	255.23	240116_PG_FTMSMS-_2.mzXML	35.0	135130.9	0.0	0.0	[0.0..0.0]	[0.0..1.0]	[1.0..1.0]	[135130.9..135130.9]	[0.407..0.413]	[0.18..0.3]	[1.0..1.0]	[135130.9..135130.9]	[0.408..0.409]	[0.18..0.299]	0.8956729	[121033.09..121033.09]
Group-1	PG 35:1:0	267.23	240116_PG_FTMSMS-_2.mzXML	25.0	34249.8	0.0	0.0	[9.0..9.0]	[0.0..1.0]	[0.945..0.983]	[32366.06..33667.555]	[0.669..0.676]	[0.83..0.91]	[0.977..0.98]	[33462.055..33564.805]	[0.676..0.677]	[0.833..0.906]	0.8956729	[28989.404..30155.115]
Group-1	PG 35:1:0	267.23	240116_PG_FTMSMS-_2.mzXML	30.0	47184.9	0.0	0.0	[9.0..9.0]	[0.0..1.0]	[0.942..0.972]	[44448.17..45863.723]	[0.644..0.649]	[0.83..0.91]	[0.967..0.969]	[45627.797..45722.164]	[0.65..0.65]	[0.833..0.906]	0.8956729	[39811.023..41078.89]
Group-1	PG 35:1:0	267.23	240116_PG_FTMSMS-_2.mzXML	35.0	52555.3	0.0	0.0	[9.0..9.0]	[0.0..1.0]	[0.949..0.976]	[49874.98..51293.973]	[0.652..0.656]	[0.83..0.91]	[0.971..0.974]	[51031.2..51188.863]	[0.657..0.658]	[0.833..0.906]	0.8956729	[44671.668..45942.625]
Group-1	PG 35:1:0	269.25	240116_PG_FTMSMS-_2.mzXML	25.0	155527.1	0.0	0.0	[0.0..0.0]	[0.0..0.0]	[1.004..1.004]	[156149.19..156149.19]	[0.231..0.231]	[0.0..0.0]	[1.004..1.004]	[156149.19..156149.19]	[0.231..0.231]	[0.0..0.0]	0.8956729	[139858.61..139858.61]
Group-1	PG 35:1:0	269.25	240116_PG_FTMSMS-_2.mzXML	30.0	227091.4	0.0	0.0	[0.0..0.0]	[0.0..0.0]	[0.993..0.993]	[225501.77..225501.77]	[0.234..0.234]	[0.0..0.0]	[0.993..0.993]	[225501.77..225501.77]	[0.234..0.234]	[0.0..0.0]	0.8956729	[201975.83..201975.83]
Group-1	PG 35:1:0	269.25	240116_PG_FTMSMS-_2.mzXML	35.0	233367.0	0.0	0.0	[0.0..0.0]	[0.0..0.0]	[0.989..0.989]	[230799.97..230799.97]	[0.244..0.244]	[0.0..0.0]	[0.989..0.989]	[230799.97..230799.97]	[0.244..0.244]	[0.0..0.0]	0.8956729	[206721.28..206721.28]
Group-1	PG 35:1:0	281.25	240116_PG_FTMSMS-_2.mzXML	25.0	541154.4	0.0	0.0	[9.0..9.0]	[1.0..1.0]	[0.958..0.958]	[518425.9..518425.9]	[0.769..0.769]	[1.0..1.0]	[0.958..0.958]	[518425.9..518425.9]	[0.769..0.769]	[1.0..1.0]	0.8956729	[464340.03..464340.03]
Group-1	PG 35:1:0	281.25	240116_PG_FTMSMS-_2.mzXML	30.0	785684.3	0.0	0.0	[9.0..9.0]	[1.0..1.0]	[0.937..0.937]	[736186.2..736186.2]	[0.766..0.766]	[1.0..1.0]	[0.937..0.937]	[736186.2..736186.2]	[0.766..0.766]	[1.0..1.0]	0.8956729	[659382.06..659382.06]
Group-1	PG 35:1:0	281.25	240116_PG_FTMSMS-_2.mzXML	35.0	765268.8	0.0	0.0	[9.0..9.0]	[1.0..1.0]	[0.936..0.936]	[716291.6..716291.6]	[0.756..0.756]	[1.0..1.0]	[0.936..0.936]	[716291.6..716291.6]	[0.756..0.756]	[1.0..1.0]	0.8956729	[641563.0..641563.0]
Group-1	PG 35:1:0	283.26	240116_PG_FTMSMS-_2.mzXML	25.0	15959.3	0.0	0.0	[0.0..0.0]	[0.0..1.0]	[1.002..1.009]	[15991.218..16102.933]	[0.324..0.331]	[0.09..0.17]	[1.003..1.003]	[16007.178..16007.178]	[0.323..0.324]	[0.094..0.167]	0.8956729	[14322.9..14422.961]
Group-1	PG 35:1:0	283.26	240116_PG_FTMSMS-_2.mzXML	30.0	25194.0	0.0	0.0	[0.0..0.0]	[0.0..1.0]	[0.976..0.985]	[24589.344..24816.09]	[0.351..0.356]	[0.09..0.17]	[0.977..0.978]	[24614.537..24639.732]	[0.35..0.35]	[0.094..0.167]	0.8956729	[22024.01..22227.1]
Group-1	PG 35:1:0	283.26	240116_PG_FTMSMS-_2.mzXML	35.0	27616.1	0.0	0.0	[0.0..0.0]	[0.0..1.0]	[0.963..0.976]	[26594.305..26953.314]	[0.344..0.348]	[0.09..0.17]	[0.964..0.965]	[26621.92..26649.535]	[0.342..0.343]	[0.094..0.167]	0.8956729	[23819.797..24141.354]
Group-1	PG 35:1:0	295.26	240116_PG_FTMSMS-_2.mzXML	25.0	158918.4	0.0	0.0	[9.0..9.0]	[1.0..1.0]	[0.939..0.939]	[149224.39..149224.39]	[0.639..0.639]	[0.7..0.82]	[0.939..0.939]	[149224.39..149224.39]	[0.639..0.639]	[0.701..0.82]	0.8956729	[133656.23..133656.23]
Group-1	PG 35:1:0	295.26	240116_PG_FTMSMS-_2.mzXML	30.0	215807.0	0.0	0.0	[9.0..9.0]	[0.0..0.0]	[0.885..0.885]	[190989.19..190989.19]	[0.604..0.604]	[0.7..0.82]	[0.885..0.885]	[190989.19..190989.19]	[0.604..0.604]	[0.701..0.82]	0.8956729	[171063.84..171063.84]
Group-1	PG 35:1:0	295.26	240116_PG_FTMSMS-_2.mzXML	35.0	218526.9	0.0	0.0	[9.0..9.0]	[0.0..1.0]	[0.88..0.902]	[192303.66..197111.27]	[0.587..0.593]	[0.7..0.82]	[0.895..0.898]	[195581.58..196237.16]	[0.591..0.592]	[0.701..0.82]	0.8956729	[172241.19..176547.22]
Group-1	PG 35:2:0	253.22	240116_PG_FTMSMS-_2.mzXML	25.0	3572.8	0.0	0.0	[9.0..9.0]	[0.0..0.0]	[0.97..0.97]	[3465.616..3465.616]	[0.472..0.472]	[0.44..0.51]	[0.97..0.97]	[3465.6162..3465.6162]	[0.472..0.472]	[0.435..0.507]	0.89770675	[3111.107..3111.107]
Group-1	PG 35:2:0	253.22	240116_PG_FTMSMS-_2.mzXML	30.0	5986.5	0.0	0.0	[9.0..9.0]	[0.0..0.0]	[0.979..0.979]	[5860.783..5860.783]	[0.491..0.491]	[0.44..0.51]	[0.979..0.979]	[5860.783..5860.783]	[0.491..0.491]	[0.435..0.507]	0.89770675	[5261.2646..5261.2646]
Group-1	PG 35:2:0	253.22	240116_PG_FTMSMS-_2.mzXML	35.0	4729.5	0.0	0.0	[9.0..9.0]	[0.0..0.0]	[0.99..0.99]	[4682.205..4682.205]	[0.503..0.503]	[0.44..0.51]	[0.99..0.99]	[4682.205..4682.205]	[0.503..0.503]	[0.435..0.507]	0.89770675	[4203.247..4203.247]
Group-1	PG 35:2:0	255.23	240116_PG_FTMSMS-_2.mzXML	25.0	16420.0	0.0	0.0	[0.0..0.0]	[0.0..0.0]	[1.0..1.0]	[16420.0..16420.0]	[0.452..0.452]	[0.39..0.55]	[1.0..1.0]	[16420.0..16420.0]	[0.452..0.452]	[0.389..0.549]	0.89770675	[14740.345..14740.345]
Group-1	PG 35:2:0	255.23	240116_PG_FTMSMS-_2.mzXML	30.0	26320.3	0.0	0.0	[0.0..0.0]	[0.0..0.0]	[1.0..1.0]	[26320.3..26320.3]	[0.521..0.521]	[0.39..0.55]	[1.0..1.0]	[26320.3..26320.3]	[0.521..0.521]	[0.389..0.549]	0.89770675	[23627.912..23627.912]
Group-1	PG 35:2:0	255.23	240116_PG_FTMSMS-_2.mzXML	35.0	22634.0	0.0	0.0	[0.0..0.0]	[0.0..0.0]	[1.0..1.0]	[22634.0..22634.0]	[0.472..0.472]	[0.39..0.55]	[1.0..1.0]	[22634.0..22634.0]	[0.472..0.472]	[0.389..0.549]	0.89770675	[20318.695..20318.695]
Group-1	PG 35:2:0	267.23	240116_PG_FTMSMS-_2.mzXML	25.0	35559.6	0.0	0.0	[9.0..9.0]	[0.0..0.0]	[0.945..0.945]	[33603.824..33603.824]	[0.196..0.196]	[0.0..0.0]	[0.945..0.945]	[33603.824..33603.824]	[0.196..0.196]	[0.0..0.0]	0.89770675	[30166.379..30166.379]
Group-1	PG 35:2:0	267.23	240116_PG_FTMSMS-_2.mzXML	30.0	53493.0	0.0	0.0	[9.0..9.0]	[1.0..1.0]	[0.972..0.972]	[51995.195..51995.195]	[0.218..0.218]	[0.0..0.0]	[0.972..0.972]	[51995.195..51995.195]	[0.218..0.218]	[0.0..0.0]	0.89770675	[46676.438..46676.438]
Group-1	PG 35:2:0	267.23	240116_PG_FTMSMS-_2.mzXML	35.0	52541.3	0.0	0.0	[9.0..9.0]	[0.0..1.0]	[0.949..0.976]	[49861.695..51280.31]	[0.21..0.21]	[0.0..0.0]	[0.949..0.949]	[49861.695..49861.695]	[0.206..0.206]	[0.0..0.0]	0.89770675	[44761.18..46034.68]
Group-1	PG 35:2:0	269.25	240116_PG_FTMSMS-_2.mzXML	25.0	95375.2	0.0	0.0	[0.0..0.0]	[0.0..0.0]	[1.004..1.004]	[95756.695..95756.695]	[0.209..0.209]	[0.0..0.0]	[1.004..1.004]	[95756.695..95756.695]	[0.209..0.209]	[0.0..0.0]	0.89770675	[85961.43..85961.43]
Group-1	PG 35:2:0	269.25	240116_PG_FTMSMS-_2.mzXML	30.0	135962.9	0.0	0.0	[0.0..0.0]	[0.0..0.0]	[0.993..0.993]	[135011.16..135011.16]	[0.204..0.204]	[0.0..0.0]	[0.993..0.993]	[135011.16..135011.16]	[0.204..0.204]	[0.0..0.0]	0.89770675	[121200.43..121200.43]
Group-1	PG 35:2:0	269.25	240116_PG_FTMSMS-_2.mzXML	35.0	137205.6	0.0	0.0	[0.0..0.0]	[0.0..0.0]	[0.989..0.989]	[135696.34..135696.34]	[0.206..0.206]	[0.0..0.0]	[0.989..0.989]	[135696.33..135696.33]	[0.206..0.206]	[0.0..0.0]	0.89770675	[121815.516..121815.516]
Group-1	PG 35:2:0	279.23	240116_PG_FTMSMS-_2.mzXML	25.0	384233.5	0.0	0.0	[9.0..9.0]	[1.0..1.0]	[0.946..0.946]	[363484.88..363484.88]	[0.791..0.791]	[1.0..1.0]	[0.946..0.946]	[363484.88..363484.88]	[0.791..0.791]	[1.0..1.0]	0.89770675	[326302.8..326302.8]
Group-1	PG 35:2:0	279.23	240116_PG_FTMSMS-_2.mzXML	30.0	550819.3	0.0	0.0	[9.0..9.0]	[1.0..1.0]	[0.957..0.957]	[527134.06..527134.06]	[0.796..0.796]	[1.0..1.0]	[0.957..0.957]	[527134.06..527134.06]	[0.796..0.796]	[1.0..1.0]	0.89770675	[473211.84..473211.84]
Group-1	PG 35:2:0	279.23	240116_PG_FTMSMS-_2.mzXML	35.0	518240.8	0.0	0.0	[9.0..9.0]	[1.0..1.0]	[1.01..1.01]	[523423.22..523423.22]	[0.794..0.794]	[1.0..1.0]	[1.01..1.01]	[523423.22..523423.22]	[0.794..0.794]	[1.0..1.0]	0.89770675	[469880.56..469880.56]
Group-1	PG 35:2:0	281.25	240116_PG_FTMSMS-_2.mzXML	25.0	143746.7	0.0	0.0	[9.0..9.0]	[1.0..1.0]	[0.958..0.958]	[137709.34..137709.34]	[0.804..0.804]	[1.0..1.0]	[0.958..0.958]	[137709.34..137709.34]	[0.804..0.804]	[1.0..1.0]	0.89770675	[123622.6..123622.6]
Group-1	PG 35:2:0	281.25	240116_PG_FTMSMS-_2.mzXML	30.0	204214.1	0.0	0.0	[9.0..9.0]	[0.0..0.0]	[0.911..0.911]	[186039.05..186039.05]	[0.782..0.782]	[1.0..1.0]	[0.911..0.911]	[186039.05..186039.05]	[0.782..0.782]	[1.0..1.0]	0.89770675	[167008.52..167008.52]
Group-1	PG 35:2:0	281.25	240116_PG_FTMSMS-_2.mzXML	35.0	205652.1	0.0	0.0	[9.0..9.0]	[0.0..1.0]	[0.912..0.936]	[187554.7..192490.36]	[0.79..0.79]	[1.0..1.0]	[0.936..0.936]	[192490.36..192490.36]	[0.794..0.794]	[1.0..1.0]	0.89770675	[168369.12..172799.89]
Group-1	PG 35:2:0	293.25	240116_PG_FTMSMS-_2.mzXML	25.0	21513.7	0.0	0.0	[9.0..9.0]	[1.0..1.0]	[0.926..0.926]	[19921.686..19921.686]	[0.548..0.548]	[0.45..0.61]	[0.926..0.926]	[19921.686..19921.686]	[0.548..0.548]	[0.451..0.611]	0.89770675	[17883.83..17883.83]
Group-1	PG 35:2:0	293.25	240116_PG_FTMSMS-_2.mzXML	30.0	26189.5	0.0	0.0	[9.0..9.0]	[1.0..1.0]	[0.925..0.925]	[24225.287..24225.287]	[0.479..0.479]	[0.45..0.61]	[0.925..0.925]	[24225.287..24225.287]	[0.479..0.479]	[0.451..0.611]	0.89770675	[21747.203..21747.203]
Group-1	PG 35:2:0	293.25	240116_PG_FTMSMS-_2.mzXML	35.0	26072.2	0.0	0.0	[9.0..9.0]	[1.0..1.0]	[0.97..0.97]	[25290.033..25290.033]	[0.528..0.528]	[0.45..0.61]	[0.97..0.97]	[25290.033..25290.033]	[0.528..0.528]	[0.451..0.611]	0.89770675	[22703.035..22703.035]
Group-1	PG 35:2:0	295.26	240116_PG_FTMSMS-_2.mzXML	25.0	4122.9	0.0	0.0	[9.0..9.0]	[1.0..1.0]	[0.939..0.939]	[3871.403..3871.403]	[0.528..0.528]	[0.49..0.56]	[0.939..0.939]	[3871.403..3871.403]	[0.528..0.528]	[0.493..0.565]	0.89770675	[3475.3845..3475.3845]
Group-1	PG 35:2:0	295.26	240116_PG_FTMSMS-_2.mzXML	30.0	6697.1	0.0	0.0	[9.0..9.0]	[1.0..1.0]	[0.908..0.908]	[6080.967..6080.967]	[0.509..0.509]	[0.49..0.56]	[0.908..0.908]	[6080.967..6080.967]	[0.509..0.509]	[0.493..0.565]	0.89770675	[5458.925..5458.925]
Group-1	PG 35:2:0	295.26	240116_PG_FTMSMS-_2.mzXML	35.0	5122.7	0.0	0.0	[9.0..9.0]	[1.0..1.0]	[0.902..0.902]	[4620.676..4620.676]	[0.497..0.497]	[0.49..0.56]	[0.902..0.902]	[4620.676..4620.676]	[0.497..0.497]	[0.493..0.565]	0.89770675	[4148.0117..4148.0117]
Group-1	PG 35:3:0	241.22	240116_PG_FTMSMS-_2.mzXML	25.0	783.9	0.0	0.0	[0.0..0.0]	[0.0..0.0]	[0.995..0.995]	[779.981..779.981]	[0.103..0.105]	[0.0..0.0]	[0.995..0.995]	[779.9805..779.9805]	[0.103..0.105]	[0.0..0.0]	0.8997608	[701.7959..701.7959]
Group-1	PG 35:3:0	241.22	240116_PG_FTMSMS-_2.mzXML	30.0	1589.6	0.0	0.0	[0.0..0.0]	[0.0..0.0]	[1.006..1.006]	[1599.138..1599.138]	[0.125..0.145]	[0.0..0.0]	[1.006..1.006]	[1599.1377..1599.1377]	[0.125..0.145]	[0.0..0.0]	0.8997608	[1438.8414..1438.8414]
Group-1	PG 35:3:0	241.22	240116_PG_FTMSMS-_2.mzXML	35.0	1181.3	0.0	0.0	[0.0..0.0]	[0.0..0.0]	[1.009..1.009]	[1191.932..1191.932]	[0.093..0.127]	[0.0..0.0]	[1.009..1.009]	[1191.9316..1191.9316]	[0.093..0.127]	[0.0..0.0]	0.8997608	[1072.4534..1072.4534]
Group-1	PG 35:3:0	253.22	240116_PG_FTMSMS-_2.mzXML	25.0	720.7	0.0	0.0	[9.0..9.0]	[0.0..0.0]	[0.97..0.97]	[699.079..699.079]	[0.641..0.641]	[0.41..0.82]	[0.97..0.97]	[699.07904..699.07904]	[0.641..0.641]	[0.414..0.825]	0.8997608	[629.00385..629.00385]
Group-1	PG 35:3:0	253.22	240116_PG_FTMSMS-_2.mzXML	30.0	779.4	0.0	0.0	[9.0..9.0]	[0.0..0.39999998]	[0.979..0.992]	[763.033..773.165]	[0.463..0.464]	[0.41..0.82]	[0.984..0.99]	[766.9296..771.606]	[0.464..0.465]	[0.414..0.825]	0.8997608	[686.5468..695.6633]
Group-1	PG 35:3:0	253.22	240116_PG_FTMSMS-_2.mzXML	35.0	832.9	0.0	0.0	[9.0..9.0]	[0.39999998..0.39999998]	[1.002..1.002]	[834.566..834.566]	[0.503..0.503]	[0.41..0.82]	[1.002..1.002]	[834.5658..834.5658]	[0.503..0.503]	[0.414..0.825]	0.8997608	[750.90955..750.90955]
Group-1	PG 35:3:0	255.23	240116_PG_FTMSMS-_2.mzXML	25.0	7999.9	0.0	0.0	[0.0..0.0]	[0.0..0.0]	[1.0..1.0]	[7999.9..7999.9]	[0.353..0.356]	[0.16..0.43]	[1.0..1.0]	[7999.9..7999.9]	[0.359..0.369]	[0.161..0.431]	0.8997608	[7197.996..7197.996]
Group-1	PG 35:3:0	255.23	240116_PG_FTMSMS-_2.mzXML	30.0	10495.1	0.0	0.0	[0.0..0.0]	[0.0..0.0]	[1.0..1.0]	[10495.1..10495.1]	[0.37..0.394]	[0.16..0.43]	[1.0..1.0]	[10495.1..10495.1]	[0.373..0.402]	[0.161..0.431]	0.8997608	[9443.079..9443.079]
Group-1	PG 35:3:0	255.23	240116_PG_FTMSMS-_2.mzXML	35.0	11610.1	0.0	0.0	[0.0..0.0]	[0.0..0.0]	[1.0..1.0]	[11610.1..11610.1]	[0.421..0.47]	[0.16..0.43]	[1.0..1.0]	[11610.1..11610.1]	[0.421..0.471]	[0.161..0.431]	0.8997608	[10446.3125..10446.3125]
Group-1	PG 35:3:0	265.22	240116_PG_FTMSMS-_2.mzXML	25.0	1614.4	0.0	0.0	[9.0..9.0]	[0.0..0.0]	[0.941..0.941]	[1519.15..1519.15]	[0.101..0.101]	[0.0..0.0]	[0.941..0.941]	[1519.1504..1519.1504]	[0.101..0.101]	[0.0..0.0]	0.8997608	[1366.872..1366.872]
Group-1	PG 35:3:0	265.22	240116_PG_FTMSMS-_2.mzXML	30.0	1993.0	0.0	0.0	[9.0..9.0]	[0.0..0.0]	[0.972..0.972]	[1937.196..1937.196]	[0.09..0.09]	[0.0..0.0]	[0.972..0.972]	[1937.196..1937.196]	[0.09..0.09]	[0.0..0.0]	0.8997608	[1743.0131..1743.0131]
Group-1	PG 35:3:0	265.22	240116_PG_FTMSMS-_2.mzXML	35.0	1696.1	0.0	0.0	[9.0..9.0]	[0.0..0.0]	[1.038..1.038]	[1760.552..1760.552]	[0.086..0.086]	[0.0..0.0]	[1.038..1.038]	[1760.5518..1760.5518]	[0.086..0.086]	[0.0..0.0]	0.8997608	[1584.0754..1584.0754]
Group-1	PG 35:3:0	267.23	240116_PG_FTMSMS-_2.mzXML	25.0	14831.3	0.0	0.0	[9.0..9.0]	[0.0..0.0]	[0.945..0.945]	[14015.578..14015.578]	[0.128..0.128]	[0.0..0.0]	[0.945..0.945]	[14015.578..14015.578]	[0.128..0.128]	[0.0..0.0]	0.8997608	[12610.668..12610.668]
Group-1	PG 35:3:0	267.23	240116_PG_FTMSMS-_2.mzXML	30.0	21243.2	0.0	0.0	[9.0..9.0]	[0.0..0.0]	[0.942..0.942]	[20011.094..20011.094]	[0.129..0.129]	[0.0..0.0]	[0.942..0.942]	[20011.094..20011.094]	[0.129..0.129]	[0.0..0.0]	0.8997608	[18005.195..18005.195]
Group-1	PG 35:3:0	267.23	240116_PG_FTMSMS-_2.mzXML	35.0	21154.5	0.0	0.0	[9.0..9.0]	[0.0..0.0]	[0.949..0.949]	[20075.621..20075.621]	[0.13..0.13]	[0.0..0.0]	[0.949..0.949]	[20075.621..20075.621]	[0.13..0.13]	[0.0..0.0]	0.8997608	[18063.256..18063.256]
Group-1	PG 35:3:0	269.25	240116_PG_FTMSMS-_2.mzXML	25.0	1087.3	0.0	0.0	[0.0..0.0]	[0.0..1.0]	[1.001..1.004]	[1088.388..1091.649]	[0.183..0.186]	[0.0..0.0]	[1.001..1.001]	[1088.3875..1088.3875]	[0.182..0.184]	[0.0..0.0]	0.8997608	[979.28827..982.22314]
Group-1	PG 35:3:0	269.25	240116_PG_FTMSMS-_2.mzXML	30.0	2375.4	0.0	0.0	[0.0..0.0]	[0.0..1.0]	[0.987..0.993]	[2344.52..2358.772]	[0.23..0.248]	[0.0..0.0]	[0.987..0.987]	[2344.5198..2344.5198]	[0.229..0.246]	[0.0..0.0]	0.8997608	[2109.5068..2122.3306]
Group-1	PG 35:3:0	269.25	240116_PG_FTMSMS-_2.mzXML	35.0	1966.7	0.0	0.0	[0.0..0.0]	[0.0..0.0]	[0.989..0.989]	[1945.066..1945.066]	[0.216..0.25]	[0.0..0.0]	[0.989..0.989]	[1945.0663..1945.0663]	[0.216..0.25]	[0.0..0.0]	0.8997608	[1750.0944..1750.0944]
Group-1	PG 35:3:0	277.22	240116_PG_FTMSMS-_2.mzXML	25.0	4810.8	0.0	0.0	[6.0..9.0]	[0.0..1.0]	[0.989..1.016]	[4757.882..4887.773]	[0.814..0.817]	[1.0..1.0]	[1.005..1.016]	[4834.854..4887.773]	[0.816..0.818]	[1.0..1.0]	0.8997608	[4280.9546..4397.826]
Group-1	PG 35:3:0	277.22	240116_PG_FTMSMS-_2.mzXML	30.0	6566.0	0.0	0.0	[6.0..9.0]	[0.0..1.0]	[1.082..1.205]	[7104.412..7912.031]	[0.752..0.77]	[1.0..1.0]	[1.093..1.205]	[7176.638..7912.0303]	[0.754..0.771]	[1.0..1.0]	0.8997608	[6392.271..7118.934]
Group-1	PG 35:3:0	277.22	240116_PG_FTMSMS-_2.mzXML	35.0	4599.1	0.0	0.0	[6.0..9.0]	[1.0..1.0]	[1.27..1.537]	[5840.857..7068.817]	[0.75..0.784]	[1.0..1.0]	[1.27..1.537]	[5840.857..7068.8164]	[0.75..0.784]	[1.0..1.0]	0.8997608	[5255.374..6360.2437]
Group-1	PG 35:3:0	279.23	240116_PG_FTMSMS-_2.mzXML	25.0	100594.3	0.0	0.0	[9.0..9.0]	[1.0..1.0]	[0.946..0.946]	[95162.2..95162.2]	[0.872..0.872]	[1.0..1.0]	[0.946..0.946]	[95162.2..95162.2]	[0.872..0.872]	[1.0..1.0]	0.8997608	[85623.22..85623.22]
Group-1	PG 35:3:0	279.23	240116_PG_FTMSMS-_2.mzXML	30.0	141478.0	0.0	0.0	[9.0..9.0]	[1.0..1.0]	[0.957..0.957]	[135394.45..135394.45]	[0.871..0.871]	[1.0..1.0]	[0.957..0.957]	[135394.45..135394.45]	[0.871..0.871]	[1.0..1.0]	0.8997608	[121822.62..121822.62]
Group-1	PG 35:3:0	279.23	240116_PG_FTMSMS-_2.mzXML	35.0	133233.1	0.0	0.0	[9.0..9.0]	[1.0..1.0]	[1.01..1.01]	[134565.42..134565.42]	[0.87..0.87]	[1.0..1.0]	[1.01..1.01]	[134565.42..134565.42]	[0.87..0.87]	[1.0..1.0]	0.8997608	[121076.695..121076.695]
Group-1	PG 35:3:0	281.25	240116_PG_FTMSMS-_2.mzXML	25.0	14118.3	0.0	0.0	[9.0..9.0]	[1.0..1.0]	[0.958..0.958]	[13525.331..13525.331]	[0.899..0.899]	[1.0..1.0]	[0.958..0.958]	[13525.331..13525.331]	[0.899..0.899]	[1.0..1.0]	0.8997608	[12169.5625..12169.5625]
Group-1	PG 35:3:0	281.25	240116_PG_FTMSMS-_2.mzXML	30.0	20866.6	0.0	0.0	[9.0..9.0]	[1.0..1.0]	[0.937..0.937]	[19552.004..19552.004]	[0.91..0.91]	[1.0..1.0]	[0.937..0.937]	[19552.004..19552.004]	[0.91..0.91]	[1.0..1.0]	0.8997608	[17592.125..17592.125]
Group-1	PG 35:3:0	281.25	240116_PG_FTMSMS-_2.mzXML	35.0	20113.7	0.0	0.0	[9.0..9.0]	[1.0..1.0]	[0.936..0.936]	[18826.422..18826.422]	[0.914..0.914]	[1.0..1.0]	[0.936..0.936]	[18826.422..18826.422]	[0.914..0.914]	[1.0..1.0]	0.8997608	[16939.275..16939.275]
Group-1	PG 35:3:0	291.23	240116_PG_FTMSMS-_2.mzXML	25.0	14826.7	0.0	0.0	[6.0..9.0]	[1.0..1.0]	[0.976..0.991]	[14470.859..14693.26]	[0.644..0.647]	[0.57..0.84]	[0.924..0.964]	[13699.871..14292.938]	[0.631..0.641]	[0.569..0.839]	0.8997608	[13020.312..13220.419]
Group-1	PG 35:3:0	291.23	240116_PG_FTMSMS-_2.mzXML	30.0	15410.7	0.0	0.0	[6.0..9.0]	[1.0..1.0]	[1.047..1.16]	[16135.004..17876.412]	[0.606..0.63]	[0.57..0.84]	[1.015..1.143]	[15641.86..17614.43]	[0.598..0.627]	[0.569..0.839]	0.8997608	[14517.644..16084.494]
Group-1	PG 35:3:0	291.23	240116_PG_FTMSMS-_2.mzXML	35.0	10856.6	0.0	0.0	[6.0..9.0]	[1.0..1.0]	[1.207..1.469]	[13103.916..15948.345]	[0.53..0.579]	[0.57..0.84]	[1.203..1.468]	[13060.489..15937.489]	[0.529..0.579]	[0.569..0.839]	0.8997608	[11790.39..14349.695]
Group-1	PG 35:3:0	293.25	240116_PG_FTMSMS-_2.mzXML	25.0	423.1	0.0	0.0	[9.0..9.0]	[1.0..1.0]	[0.926..0.926]	[391.791..391.791]	[0.359..0.359]	[0.18..0.59]	[0.926..0.926]	[391.79062..391.79062]	[0.359..0.359]	[0.175..0.586]	0.8997608	[352.51782..352.51782]
Group-1	PG 35:3:0	293.25	240116_PG_FTMSMS-_2.mzXML	30.0	964.8	0.0	0.0	[9.0..9.0]	[0.6..1.0]	[0.916..0.925]	[883.757..892.44]	[0.536..0.537]	[0.18..0.59]	[0.918..0.921]	[885.6864..888.5808]	[0.535..0.536]	[0.175..0.586]	0.8997608	[795.1697..802.9825]
Group-1	PG 35:3:0	293.25	240116_PG_FTMSMS-_2.mzXML	35.0	856.7	0.0	0.0	[9.0..9.0]	[0.6..0.6]	[0.962..0.962]	[824.145..824.145]	[0.497..0.497]	[0.18..0.59]	[0.962..0.962]	[824.14545..824.14545]	[0.497..0.497]	[0.175..0.586]	0.8997608	[741.53375..741.53375]
Group-1	PG 35:3:0	305.25	240116_PG_FTMSMS-_2.mzXML	25.0	6899.9	0.0	0.0	[5.0..11.0]	[1.0..1.0]	[0.966..0.981]	[6665.303..6768.802]	[0.895..0.897]	[1.0..1.0]	[0.966..0.981]	[6665.303..6768.802]	[0.895..0.897]	[1.0..1.0]	0.8997608	[5997.1787..6090.3022]
Group-1	PG 35:3:0	305.25	240116_PG_FTMSMS-_2.mzXML	30.0	9534.6	0.0	0.0	[5.0..11.0]	[1.0..1.0]	[0.987..1.177]	[9410.649..11222.225]	[0.855..0.875]	[1.0..1.0]	[0.987..1.177]	[9410.649..11222.225]	[0.855..0.875]	[1.0..1.0]	0.8997608	[8467.333..10097.316]
Group-1	PG 35:3:0	305.25	240116_PG_FTMSMS-_2.mzXML	35.0	7528.7	0.0	0.0	[5.0..11.0]	[1.0..1.0]	[1.087..1.54]	[8183.698..11594.198]	[0.873..0.907]	[1.0..1.0]	[1.087..1.54]	[8183.6973..11594.198]	[0.873..0.907]	[1.0..1.0]	0.8997608	[7363.37..10432.005]
Group-1	PG 36:1:0	255.23	240116_PG_FTMSMS-_2.mzXML	25.0	155180.5	0.0	0.0	[0.0..0.0]	[0.0..0.0]	[1.0..1.0]	[155180.5..155180.5]	[0.365..0.365]	[0.03..0.19]	[1.0..1.0]	[155180.5..155180.5]	[0.365..0.365]	[0.028..0.189]	0.8817691	[136833.38..136833.38]
Group-1	PG 36:1:0	255.23	240116_PG_FTMSMS-_2.mzXML	30.0	198462.3	0.0	0.0	[0.0..0.0]	[1.0..1.0]	[1.0..1.0]	[198462.3..198462.3]	[0.312..0.312]	[0.03..0.19]	[1.0..1.0]	[198462.3..198462.3]	[0.312..0.312]	[0.028..0.189]	0.8817691	[174997.92..174997.92]
Group-1	PG 36:1:0	255.23	240116_PG_FTMSMS-_2.mzXML	35.0	187556.0	0.0	0.0	[0.0..0.0]	[0.0..1.0]	[1.0..1.0]	[187556.0..187556.0]	[0.296..0.301]	[0.03..0.19]	[1.0..1.0]	[187556.0..187556.0]	[0.296..0.297]	[0.028..0.189]	0.8817691	[165381.1..165381.1]
Group-1	PG 36:1:0	281.25	240116_PG_FTMSMS-_2.mzXML	25.0	1.9168136E7	0.0	0.0	[9.0..9.0]	[0.0..1.0]	[0.925..0.958]	[1.7730526E7..1.8363074E7]	[0.737..0.742]	[1.0..1.0]	[0.958..0.958]	[1.8363074E7..1.8363074E7]	[0.744..0.744]	[1.0..1.0]	0.8817691	[1.563423E7..1.6191992E7]
Group-1	PG 36:1:0	281.25	240116_PG_FTMSMS-_2.mzXML	30.0	2.7538602E7	0.0	0.0	[9.0..9.0]	[0.0..1.0]	[0.911..0.937]	[2.5087666E7..2.580367E7]	[0.725..0.728]	[1.0..1.0]	[0.937..0.937]	[2.580367E7..2.580367E7]	[0.73..0.73]	[1.0..1.0]	0.8817691	[2.212153E7..2.2752878E7]
Group-1	PG 36:1:0	281.25	240116_PG_FTMSMS-_2.mzXML	35.0	2.6904278E7	0.0	0.0	[9.0..9.0]	[0.0..1.0]	[0.912..0.936]	[2.4536702E7..2.5182404E7]	[0.72..0.722]	[1.0..1.0]	[0.936..0.936]	[2.5182404E7..2.5182404E7]	[0.725..0.725]	[1.0..1.0]	0.8817691	[2.1635706E7..2.2205066E7]
Group-1	PG 36:1:0	283.26	240116_PG_FTMSMS-_2.mzXML	25.0	6315121.0	0.0	0.0	[0.0..0.0]	[0.0..1.0]	[1.002..1.009]	[6327751.0..6371956.5]	[0.258..0.263]	[0.0..0.0]	[1.002..1.002]	[6327751.0..6327751.0]	[0.256..0.256]	[0.0..0.0]	0.8817691	[5579615.5..5618594.5]
Group-1	PG 36:1:0	283.26	240116_PG_FTMSMS-_2.mzXML	30.0	9765555.0	0.0	0.0	[0.0..0.0]	[0.0..1.0]	[0.976..0.985]	[9531182.0..9619072.0]	[0.272..0.275]	[0.0..0.0]	[0.976..0.976]	[9531182.0..9531182.0]	[0.27..0.27]	[0.0..0.0]	0.8817691	[8404302.0..8481801.0]
Group-1	PG 36:1:0	283.26	240116_PG_FTMSMS-_2.mzXML	35.0	9917201.0	0.0	0.0	[0.0..0.0]	[0.0..1.0]	[0.963..0.976]	[9550265.0..9679188.0]	[0.278..0.28]	[0.0..0.0]	[0.963..0.963]	[9550265.0..9550265.0]	[0.275..0.275]	[0.0..0.0]	0.8817691	[8421129.0..8534810.0]
Group-1	PG 36:1:0	309.28	240116_PG_FTMSMS-_2.mzXML	25.0	285050.8	0.0	0.0	[11.0..11.0]	[1.0..1.0]	[0.946..0.946]	[269658.06..269658.06]	[0.635..0.635]	[0.81..0.97]	[0.946..0.946]	[269658.06..269658.06]	[0.635..0.635]	[0.811..0.972]	0.8817691	[237776.16..237776.16]
Group-1	PG 36:1:0	309.28	240116_PG_FTMSMS-_2.mzXML	30.0	499655.1	0.0	0.0	[11.0..11.0]	[0.0..0.0]	[0.876..0.876]	[437697.84..437697.84]	[0.688..0.688]	[0.81..0.97]	[0.876..0.876]	[437697.84..437697.84]	[0.688..0.688]	[0.811..0.972]	0.8817691	[385948.47..385948.47]
Group-1	PG 36:1:0	309.28	240116_PG_FTMSMS-_2.mzXML	35.0	507996.6	0.0	0.0	[11.0..11.0]	[0.0..1.0]	[0.856..0.879]	[434845.1..446529.0]	[0.699..0.704]	[0.81..0.97]	[0.875..0.878]	[444497.03..446021.03]	[0.703..0.704]	[0.811..0.972]	0.8817691	[383432.97..393735.5]
Group-1	PG 36:2:0	255.23	240116_PG_FTMSMS-_2.mzXML	25.0	146449.6	0.0	0.0	[0.0..0.0]	[0.0..0.0]	[1.0..1.0]	[146449.6..146449.6]	[0.266..0.266]	[0.0..0.15]	[1.0..1.0]	[146449.6..146449.6]	[0.266..0.266]	[0.0..0.153]	0.8837351	[129422.65..129422.65]
Group-1	PG 36:2:0	255.23	240116_PG_FTMSMS-_2.mzXML	30.0	216457.6	0.0	0.0	[0.0..0.0]	[0.0..0.0]	[1.0..1.0]	[216457.6..216457.6]	[0.291..0.291]	[0.0..0.15]	[1.0..1.0]	[216457.6..216457.6]	[0.291..0.291]	[0.0..0.153]	0.8837351	[191291.17..191291.17]
Group-1	PG 36:2:0	255.23	240116_PG_FTMSMS-_2.mzXML	35.0	288455.9	0.0	0.0	[0.0..0.0]	[0.0..0.0]	[1.0..1.0]	[288455.9..288455.9]	[0.35..0.35]	[0.0..0.15]	[1.0..1.0]	[288455.9..288455.9]	[0.35..0.35]	[0.0..0.153]	0.8837351	[254918.61..254918.61]
Group-1	PG 36:2:0	279.23	240116_PG_FTMSMS-_2.mzXML	25.0	1.5595028E7	0.0	0.0	[9.0..9.0]	[0.0..1.0]	[0.917..0.946]	[1.4300641E7..1.4752896E7]	[0.723..0.728]	[1.0..1.0]	[0.946..0.946]	[1.4752896E7..1.4752896E7]	[0.729..0.729]	[1.0..1.0]	0.8837351	[1.2637978E7..1.3037653E7]
Group-1	PG 36:2:0	279.23	240116_PG_FTMSMS-_2.mzXML	30.0	2.1310578E7	0.0	0.0	[9.0..9.0]	[0.0..1.0]	[0.935..0.957]	[1.992539E7..2.0394224E7]	[0.726..0.729]	[1.0..1.0]	[0.957..0.957]	[2.0394224E7..2.0394224E7]	[0.73..0.73]	[1.0..1.0]	0.8837351	[1.7608768E7..1.8023092E7]
Group-1	PG 36:2:0	279.23	240116_PG_FTMSMS-_2.mzXML	35.0	2.0773382E7	0.0	0.0	[9.0..9.0]	[0.0..1.0]	[0.992..1.01]	[2.0607194E7..2.0981116E7]	[0.73..0.731]	[1.0..1.0]	[1.01..1.01]	[2.0981116E7..2.0981116E7]	[0.734..0.734]	[1.0..1.0]	0.8837351	[1.8211302E7..1.854175E7]
Group-1	PG 36:2:0	281.25	240116_PG_FTMSMS-_2.mzXML	25.0	6368076.0	0.0	0.0	[9.0..9.0]	[0.5..0.5]	[0.922..0.922]	[5871366.0..5871366.0]	[0.5..0.5]	[0.5..0.5]	[0.922..0.922]	[5871366.0..5871366.0]	[0.5..0.5]	[0.5..0.5]	0.8837351	[5188732.5..5188732.5]
Group-1	PG 36:2:0	281.25	240116_PG_FTMSMS-_2.mzXML	30.0	8669878.0	0.0	0.0	[9.0..9.0]	[0.5..0.5]	[0.916..0.916]	[7941608.5..7941608.5]	[0.5..0.5]	[0.5..0.5]	[0.916..0.916]	[7941608.5..7941608.5]	[0.5..0.5]	[0.5..0.5]	0.8837351	[7018278.0..7018278.0]
Group-1	PG 36:2:0	281.25	240116_PG_FTMSMS-_2.mzXML	35.0	8962195.0	0.0	0.0	[9.0..9.0]	[0.5..0.5]	[0.922..0.922]	[8263143.5..8263143.5]	[0.5..0.5]	[0.5..0.5]	[0.922..0.922]	[8263143.5..8263143.5]	[0.5..0.5]	[0.5..0.5]	0.8837351	[7302430.5..7302430.5]
Group-1	PG 36:2:0	283.26	240116_PG_FTMSMS-_2.mzXML	25.0	5469652.0	0.0	0.0	[0.0..0.0]	[0.0..1.0]	[1.002..1.009]	[5480591.0..5518878.5]	[0.272..0.277]	[0.0..0.0]	[1.002..1.002]	[5480591.0..5480591.0]	[0.271..0.271]	[0.0..0.0]	0.8837351	[4843391.0..4877226.5]
Group-1	PG 36:2:0	283.26	240116_PG_FTMSMS-_2.mzXML	30.0	7710976.5	0.0	0.0	[0.0..0.0]	[0.0..1.0]	[0.976..0.985]	[7525913.0..7595312.0]	[0.271..0.274]	[0.0..0.0]	[0.976..0.976]	[7525913.0..7525913.0]	[0.27..0.27]	[0.0..0.0]	0.8837351	[6650913.5..6712243.5]
Group-1	PG 36:2:0	283.26	240116_PG_FTMSMS-_2.mzXML	35.0	7909133.0	0.0	0.0	[0.0..0.0]	[0.0..1.0]	[0.963..0.976]	[7616495.0..7719314.0]	[0.269..0.27]	[0.0..0.0]	[0.963..0.963]	[7616495.0..7616495.0]	[0.266..0.266]	[0.0..0.0]	0.8837351	[6730964.0..6821828.5]
Group-1	PG 36:2:0	307.26	240116_PG_FTMSMS-_2.mzXML	25.0	436126.9	0.0	0.0	[11.0..11.0]	[1.0..1.0]	[0.928..0.928]	[404725.75..404725.75]	[0.734..0.734]	[0.85..1.0]	[0.928..0.928]	[404725.75..404725.75]	[0.734..0.734]	[0.847..1.0]	0.8837351	[357670.34..357670.34]
Group-1	PG 36:2:0	307.26	240116_PG_FTMSMS-_2.mzXML	30.0	585336.4	0.0	0.0	[11.0..11.0]	[1.0..1.0]	[0.899..0.899]	[526217.4..526217.4]	[0.709..0.709]	[0.85..1.0]	[0.899..0.899]	[526217.4..526217.4]	[0.709..0.709]	[0.847..1.0]	0.8837351	[465036.78..465036.78]
Group-1	PG 36:2:0	307.26	240116_PG_FTMSMS-_2.mzXML	35.0	583650.6	0.0	0.0	[11.0..11.0]	[1.0..1.0]	[0.916..0.916]	[534624.0..534624.0]	[0.65..0.65]	[0.85..1.0]	[0.916..0.916]	[534624.0..534624.0]	[0.65..0.65]	[0.847..1.0]	0.8837351	[472466.0..472466.0]
Group-1	PG 36:3:0	255.23	240116_PG_FTMSMS-_2.mzXML	25.0	419229.0	0.0	0.0	[0.0..0.0]	[0.0..0.0]	[1.0..1.0]	[419229.0..419229.0]	[0.256..0.259]	[0.0..0.07]	[1.0..1.0]	[419229.0..419229.0]	[0.256..0.262]	[0.0..0.065]	0.8857106	[371315.56..371315.56]
Group-1	PG 36:3:0	255.23	240116_PG_FTMSMS-_2.mzXML	30.0	597985.4	0.0	0.0	[0.0..0.0]	[0.0..0.0]	[1.0..1.0]	[597985.4..597985.4]	[0.244..0.278]	[0.0..0.07]	[1.0..1.0]	[597985.4..597985.4]	[0.244..0.28]	[0.0..0.065]	0.8857106	[529642.0..529642.0]
Group-1	PG 36:3:0	255.23	240116_PG_FTMSMS-_2.mzXML	35.0	581658.7	0.0	0.0	[0.0..0.0]	[0.0..0.0]	[1.0..1.0]	[581658.7..581658.7]	[0.242..0.312]	[0.0..0.07]	[1.0..1.0]	[581658.7..581658.7]	[0.242..0.312]	[0.0..0.065]	0.8857106	[515181.25..515181.25]
Group-1	PG 36:3:0	277.22	240116_PG_FTMSMS-_2.mzXML	25.0	129194.1	0.0	0.0	[6.0..9.0]	[0.0..1.0]	[0.989..1.016]	[127772.97..131261.22]	[0.763..0.766]	[0.98..1.0]	[1.001..1.016]	[129323.305..131261.22]	[0.765..0.768]	[0.976..1.0]	0.8857106	[113169.875..116259.445]
Group-1	PG 36:3:0	277.22	240116_PG_FTMSMS-_2.mzXML	30.0	172206.8	0.0	0.0	[6.0..9.0]	[0.0..1.0]	[1.082..1.205]	[186327.75..207509.2]	[0.742..0.76]	[0.98..1.0]	[1.09..1.205]	[187705.42..207509.2]	[0.743..0.762]	[0.976..1.0]	0.8857106	[165032.47..183793.11]
Group-1	PG 36:3:0	277.22	240116_PG_FTMSMS-_2.mzXML	35.0	121959.0	0.0	0.0	[6.0..9.0]	[0.0..1.0]	[1.265..1.537]	[154278.14..187450.97]	[0.706..0.743]	[0.98..1.0]	[1.27..1.537]	[154887.92..187450.97]	[0.707..0.745]	[0.976..1.0]	0.8857106	[136645.77..166027.31]
Group-1	PG 36:3:0	279.23	240116_PG_FTMSMS-_2.mzXML	25.0	2827049.2	0.0	0.0	[9.0..9.0]	[0.0..0.0]	[0.917..0.917]	[2592404.2..2592404.2]	[0.658..0.658]	[0.86..0.88]	[0.917..0.917]	[2592404.2..2592404.2]	[0.658..0.658]	[0.864..0.879]	0.8857106	[2296119.8..2296119.8]
Group-1	PG 36:3:0	279.23	240116_PG_FTMSMS-_2.mzXML	30.0	3873958.5	0.0	0.0	[9.0..9.0]	[0.0..0.0]	[0.935..0.935]	[3622151.2..3622151.2]	[0.664..0.664]	[0.86..0.88]	[0.935..0.935]	[3622151.2..3622151.2]	[0.664..0.664]	[0.864..0.879]	0.8857106	[3208177.5..3208177.5]
Group-1	PG 36:3:0	279.23	240116_PG_FTMSMS-_2.mzXML	35.0	3546137.0	0.0	0.0	[9.0..9.0]	[0.0..0.0]	[0.992..0.992]	[3517767.8..3517767.8]	[0.662..0.662]	[0.86..0.88]	[0.992..0.992]	[3517767.8..3517767.8]	[0.662..0.662]	[0.864..0.879]	0.8857106	[3115724.2..3115724.2]
Group-1	PG 36:3:0	281.25	240116_PG_FTMSMS-_2.mzXML	25.0	1407204.8	0.0	0.0	[9.0..9.0]	[1.0..1.0]	[0.958..0.958]	[1348102.1..1348102.1]	[0.342..0.342]	[0.12..0.14]	[0.958..0.958]	[1348102.1..1348102.1]	[0.342..0.342]	[0.121..0.136]	0.8857106	[1194028.4..1194028.4]
Group-1	PG 36:3:0	281.25	240116_PG_FTMSMS-_2.mzXML	30.0	1958791.6	0.0	0.0	[9.0..9.0]	[1.0..1.0]	[0.937..0.937]	[1835387.8..1835387.8]	[0.336..0.336]	[0.12..0.14]	[0.937..0.937]	[1835387.8..1835387.8]	[0.336..0.336]	[0.121..0.136]	0.8857106	[1625622.4..1625622.4]
Group-1	PG 36:3:0	281.25	240116_PG_FTMSMS-_2.mzXML	35.0	1914875.4	0.0	0.0	[9.0..9.0]	[1.0..1.0]	[0.936..0.936]	[1792323.4..1792323.4]	[0.338..0.338]	[0.12..0.14]	[0.936..0.936]	[1792323.4..1792323.4]	[0.338..0.338]	[0.121..0.136]	0.8857106	[1587479.8..1587479.8]
Group-1	PG 36:3:0	283.26	240116_PG_FTMSMS-_2.mzXML	25.0	39656.9	0.0	0.0	[0.0..0.0]	[0.0..1.0]	[1.002..1.009]	[39736.21..40013.81]	[0.234..0.237]	[0.0..0.02]	[1.002..1.002]	[39736.21..39736.21]	[0.232..0.235]	[0.0..0.024]	0.8857106	[35194.785..35440.652]
Group-1	PG 36:3:0	283.26	240116_PG_FTMSMS-_2.mzXML	30.0	66461.2	0.0	0.0	[0.0..0.0]	[0.0..1.0]	[0.976..0.985]	[64866.137..65464.285]	[0.24..0.258]	[0.0..0.02]	[0.976..0.976]	[64866.137..64866.137]	[0.238..0.257]	[0.0..0.024]	0.8857106	[57452.62..57982.41]
Group-1	PG 36:3:0	283.26	240116_PG_FTMSMS-_2.mzXML	35.0	66597.8	0.0	0.0	[0.0..0.0]	[0.0..1.0]	[0.963..0.976]	[64133.68..64999.45]	[0.257..0.294]	[0.0..0.02]	[0.963..0.963]	[64133.68..64133.68]	[0.255..0.293]	[0.0..0.024]	0.8857106	[56803.88..57570.703]
Group-1	PG 36:3:0	305.25	240116_PG_FTMSMS-_2.mzXML	25.0	1240570.9	0.0	0.0	[5.0..11.0]	[1.0..1.0]	[0.966..0.981]	[1198391.5..1216999.9]	[0.741..0.744]	[0.93..1.0]	[0.953..0.981]	[1182264.0..1217000.0]	[0.738..0.744]	[0.935..1.0]	0.8857106	[1061428.0..1077909.8]
Group-1	PG 36:3:0	305.25	240116_PG_FTMSMS-_2.mzXML	30.0	1572005.5	0.0	0.0	[5.0..11.0]	[1.0..1.0]	[0.987..1.177]	[1551569.4..1850250.5]	[0.722..0.756]	[0.93..1.0]	[0.98..1.177]	[1540565.4..1850250.5]	[0.72..0.756]	[0.935..1.0]	0.8857106	[1374241.4..1638786.5]
Group-1	PG 36:3:0	305.25	240116_PG_FTMSMS-_2.mzXML	35.0	1179894.4	0.0	0.0	[5.0..11.0]	[1.0..1.0]	[1.087..1.54]	[1282545.2..1817037.2]	[0.688..0.758]	[0.93..1.0]	[1.086..1.54]	[1281365.2..1817037.2]	[0.688..0.758]	[0.935..1.0]	0.8857106	[1135963.9..1609369.1]
Group-1	PG 36:4:0	255.23	240116_PG_FTMSMS-_2.mzXML	25.0	1618557.5	0.0	0.0	[0.0..0.0]	[0.0..1.0]	[1.0..1.0]	[1618557.5..1618557.5]	[0.237..0.239]	[0.0..0.03]	[1.0..1.0]	[1618557.5..1618557.5]	[0.237..0.243]	[0.0..0.028]	0.8877056	[1436802.6..1436802.6]
Group-1	PG 36:4:0	255.23	240116_PG_FTMSMS-_2.mzXML	30.0	2160582.0	0.0	0.0	[0.0..0.0]	[0.0..1.0]	[1.0..1.0]	[2160582.0..2160582.0]	[0.238..0.253]	[0.0..0.03]	[1.0..1.0]	[2160582.0..2160582.0]	[0.238..0.255]	[0.0..0.028]	0.8877056	[1917960.8..1917960.8]
Group-1	PG 36:4:0	255.23	240116_PG_FTMSMS-_2.mzXML	35.0	2246939.8	0.0	0.0	[0.0..0.0]	[0.0..0.39999998]	[1.0..1.0]	[2246939.8..2246939.8]	[0.267..0.296]	[0.0..0.03]	[1.0..1.0]	[2246939.8..2246939.8]	[0.267..0.296]	[0.0..0.028]	0.8877056	[1994621.0..1994621.0]
Group-1	PG 36:4:0	277.22	240116_PG_FTMSMS-_2.mzXML	25.0	39560.5	0.0	0.0	[6.0..9.0]	[0.0..0.0]	[0.989..1.014]	[39125.336..40114.348]	[0.458..0.464]	[0.33..0.54]	[0.952..0.964]	[37661.598..38136.32]	[0.449..0.452]	[0.331..0.542]	0.8877056	[34731.78..35609.734]
Group-1	PG 36:4:0	277.22	240116_PG_FTMSMS-_2.mzXML	30.0	50306.8	0.0	0.0	[6.0..9.0]	[1.0..1.0]	[1.093..1.205]	[54985.336..60619.695]	[0.493..0.518]	[0.33..0.54]	[1.061..1.172]	[53375.516..58959.574]	[0.486..0.511]	[0.331..0.542]	0.8877056	[48810.79..53812.445]
Group-1	PG 36:4:0	277.22	240116_PG_FTMSMS-_2.mzXML	35.0	39913.8	0.0	0.0	[6.0..9.0]	[0.0..1.0]	[1.265..1.537]	[50490.957..61347.508]	[0.427..0.468]	[0.33..0.54]	[1.267..1.537]	[50570.785..61347.508]	[0.424..0.47]	[0.331..0.542]	0.8877056	[44821.11..54458.53]
Group-1	PG 36:4:0	279.23	240116_PG_FTMSMS-_2.mzXML	25.0	587104.2	0.0	0.0	[9.0..9.0]	[0.5..0.5]	[0.921..0.921]	[540722.94..540722.94]	[0.5..0.5]	[0.5..0.5]	[0.921..0.921]	[540722.94..540722.94]	[0.5..0.5]	[0.5..0.5]	0.8877056	[480002.8..480002.8]
Group-1	PG 36:4:0	279.23	240116_PG_FTMSMS-_2.mzXML	30.0	802936.7	0.0	0.0	[9.0..9.0]	[0.5..0.5]	[0.945..0.945]	[758775.2..758775.2]	[0.5..0.5]	[0.5..0.5]	[0.945..0.945]	[758775.2..758775.2]	[0.5..0.5]	[0.5..0.5]	0.8877056	[673569.0..673569.0]
Group-1	PG 36:4:0	279.23	240116_PG_FTMSMS-_2.mzXML	35.0	694356.5	0.0	0.0	[9.0..9.0]	[0.5..0.5]	[1.005..1.005]	[697828.25..697828.25]	[0.5..0.5]	[0.5..0.5]	[1.005..1.005]	[697828.25..697828.25]	[0.5..0.5]	[0.5..0.5]	0.8877056	[619466.1..619466.1]
Group-1	PG 36:4:0	281.25	240116_PG_FTMSMS-_2.mzXML	25.0	48291.7	0.0	0.0	[9.0..9.0]	[1.0..1.0]	[0.958..0.958]	[46263.45..46263.45]	[0.536..0.542]	[0.46..0.67]	[0.958..0.958]	[46263.45..46263.45]	[0.548..0.551]	[0.458..0.669]	0.8877056	[41068.324..41068.324]
Group-1	PG 36:4:0	281.25	240116_PG_FTMSMS-_2.mzXML	30.0	61973.3	0.0	0.0	[9.0..9.0]	[0.0..0.0]	[0.911..0.911]	[56457.68..56457.68]	[0.482..0.507]	[0.46..0.67]	[0.911..0.911]	[56457.68..56457.68]	[0.489..0.514]	[0.458..0.669]	0.8877056	[50117.797..50117.797]
Group-1	PG 36:4:0	281.25	240116_PG_FTMSMS-_2.mzXML	35.0	74413.4	0.0	0.0	[9.0..9.0]	[0.0..1.0]	[0.912..0.936]	[67865.016..69650.94]	[0.532..0.573]	[0.46..0.67]	[0.923..0.928]	[68683.56..69055.63]	[0.53..0.576]	[0.458..0.669]	0.8877056	[60244.164..61829.535]
Group-1	PG 36:4:0	303.23	240116_PG_FTMSMS-_2.mzXML	25.0	4590632.5	283944.8	0.061853092	[5.0..6.3]	[0.0..1.0]	[1.121..1.138]	[5146099.5..5224140.0]	[0.761..0.763]	[0.97..1.0]	[1.101..1.138]	[5054286.0..5224140.0]	[0.757..0.763]	[0.972..1.0]	0.8877056	[4568221.0..4637498.5]
Group-1	PG 36:4:0	303.23	240116_PG_FTMSMS-_2.mzXML	30.0	4327915.0	411642.0	0.09511323	[5.0..5.5]	[0.0..1.0]	[1.471..1.598]	[6366363.0..6916008.5]	[0.747..0.762]	[0.97..1.0]	[1.461..1.598]	[6323083.5..6916008.5]	[0.745..0.762]	[0.972..1.0]	0.8877056	[5651456.0..6139379.5]
Group-1	PG 36:4:0	303.23	240116_PG_FTMSMS-_2.mzXML	35.0	2443859.8	320844.8	0.1312861	[5.0..5.0]	[0.6..1.0]	[2.183..2.521]	[5334946.0..6160970.0]	[0.704..0.733]	[0.97..1.0]	[2.188..2.521]	[5347165.0..6160970.0]	[0.704..0.733]	[0.972..1.0]	0.8877056	[4735861.5..5469128.0]
Group-1	PG 36:5:0	227.2	240116_PG_FTMSMS-_2.mzXML	25.0	3819.8	0.0	0.0	[0.0..0.0]	[0.0..1.0]	[0.99..1.002]	[3781.602..3827.44]	[0.259..0.26]	[0.0..0.08]	[0.99..0.991]	[3781.602..3785.4219]	[0.257..0.266]	[0.0..0.079]	0.8897004	[3364.493..3405.2747]
Group-1	PG 36:5:0	227.2	240116_PG_FTMSMS-_2.mzXML	30.0	5090.0	0.0	0.0	[0.0..0.0]	[0.0..1.0]	[1.012..1.029]	[5151.08..5237.611]	[0.292..0.305]	[0.0..0.08]	[1.012..1.013]	[5151.0796..5156.17]	[0.288..0.307]	[0.0..0.079]	0.8897004	[4582.918..4659.9043]
Group-1	PG 36:5:0	227.2	240116_PG_FTMSMS-_2.mzXML	35.0	5038.0	0.0	0.0	[0.0..0.0]	[0.0..0.39999998]	[1.016..1.027]	[5118.609..5174.026]	[0.292..0.318]	[0.0..0.08]	[1.016..1.017]	[5118.6084..5123.646]	[0.29..0.317]	[0.0..0.079]	0.8897004	[4554.028..4603.3325]
Group-1	PG 36:5:0	253.22	240116_PG_FTMSMS-_2.mzXML	25.0	25407.6	0.0	0.0	[9.0..9.0]	[0.0..1.0]	[0.97..1.014]	[24645.373..25763.307]	[0.236..0.241]	[0.0..0.02]	[0.97..0.971]	[24645.373..24670.78]	[0.233..0.239]	[0.0..0.024]	0.8897004	[21926.998..22921.625]
Group-1	PG 36:5:0	253.22	240116_PG_FTMSMS-_2.mzXML	30.0	32316.2	0.0	0.0	[9.0..9.0]	[0.0..1.0]	[0.979..1.013]	[31637.559..32736.31]	[0.248..0.259]	[0.0..0.02]	[0.979..0.98]	[31637.559..31669.875]	[0.242..0.26]	[0.0..0.024]	0.8897004	[28147.95..29125.51]
Group-1	PG 36:5:0	253.22	240116_PG_FTMSMS-_2.mzXML	35.0	31551.8	0.0	0.0	[9.0..9.0]	[0.0..0.0]	[0.99..0.99]	[31236.283..31236.283]	[0.263..0.294]	[0.0..0.02]	[0.99..0.99]	[31236.283..31236.283]	[0.263..0.294]	[0.0..0.024]	0.8897004	[27790.934..27790.934]
Group-1	PG 36:5:0	255.23	240116_PG_FTMSMS-_2.mzXML	25.0	9059.4	0.0	0.0	[0.0..0.0]	[0.0..0.0]	[1.0..1.0]	[9059.4..9059.4]	[0.373..0.373]	[0.21..0.57]	[1.0..1.0]	[9059.4..9059.4]	[0.373..0.373]	[0.207..0.572]	0.8897004	[8060.1523..8060.1523]
Group-1	PG 36:5:0	255.23	240116_PG_FTMSMS-_2.mzXML	30.0	15752.1	0.0	0.0	[0.0..0.0]	[0.0..0.0]	[1.0..1.0]	[15752.1..15752.1]	[0.468..0.468]	[0.21..0.57]	[1.0..1.0]	[15752.1..15752.1]	[0.468..0.468]	[0.207..0.572]	0.8897004	[14014.649..14014.649]
Group-1	PG 36:5:0	255.23	240116_PG_FTMSMS-_2.mzXML	35.0	18884.0	0.0	0.0	[0.0..0.0]	[0.0..0.0]	[1.0..1.0]	[18884.0..18884.0]	[0.531..0.531]	[0.21..0.57]	[1.0..1.0]	[18884.0..18884.0]	[0.531..0.531]	[0.207..0.572]	0.8897004	[16801.104..16801.104]
Group-1	PG 36:5:0	277.22	240116_PG_FTMSMS-_2.mzXML	25.0	12339.2	1146.3	0.092899054	[6.0..6.0]	[0.0..0.0]	[1.014..1.014]	[12511.95..12511.95]	[0.247..0.247]	[0.0..0.0]	[1.014..1.014]	[12511.95..12511.95]	[0.247..0.247]	[0.0..0.0]	0.8897004	[11131.887..11131.887]
Group-1	PG 36:5:0	277.22	240116_PG_FTMSMS-_2.mzXML	30.0	14400.3	1289.0	0.08951203	[6.0..6.0]	[0.0..0.0]	[1.207..1.207]	[17381.162..17381.162]	[0.261..0.261]	[0.0..0.0]	[1.207..1.207]	[17381.162..17381.162]	[0.261..0.261]	[0.0..0.0]	0.8897004	[15464.027..15464.027]
Group-1	PG 36:5:0	277.22	240116_PG_FTMSMS-_2.mzXML	35.0	11069.0	1085.1	0.09803053	[6.0..6.0]	[0.0..0.0]	[1.543..1.543]	[17079.467..17079.467]	[0.265..0.265]	[0.0..0.0]	[1.543..1.543]	[17079.467..17079.467]	[0.265..0.265]	[0.0..0.0]	0.8897004	[15195.608..15195.608]
Group-1	PG 36:5:0	279.23	240116_PG_FTMSMS-_2.mzXML	25.0	40378.5	0.0	0.0	[9.0..9.0]	[1.0..1.0]	[0.946..0.946]	[38198.06..38198.06]	[0.753..0.753]	[1.0..1.0]	[0.946..0.946]	[38198.06..38198.06]	[0.753..0.753]	[1.0..1.0]	0.8897004	[33984.832..33984.832]
Group-1	PG 36:5:0	279.23	240116_PG_FTMSMS-_2.mzXML	30.0	51366.2	0.0	0.0	[9.0..9.0]	[1.0..1.0]	[0.957..0.957]	[49157.453..49157.453]	[0.739..0.739]	[1.0..1.0]	[0.957..0.957]	[49157.453..49157.453]	[0.739..0.739]	[1.0..1.0]	0.8897004	[43735.406..43735.406]
Group-1	PG 36:5:0	279.23	240116_PG_FTMSMS-_2.mzXML	35.0	46816.6	0.0	0.0	[9.0..9.0]	[1.0..1.0]	[1.01..1.01]	[47284.766..47284.766]	[0.735..0.735]	[1.0..1.0]	[1.01..1.01]	[47284.766..47284.766]	[0.735..0.735]	[1.0..1.0]	0.8897004	[42069.277..42069.277]
Group-1	PG 36:5:0	301.22	240116_PG_FTMSMS-_2.mzXML	25.0	10717.0	1939.9	0.18101148	[5.0..5.0]	[1.0..1.0]	[1.424..1.424]	[15261.008..15261.008]	[0.627..0.627]	[0.43..0.79]	[1.424..1.424]	[15261.008..15261.008]	[0.627..0.627]	[0.428..0.793]	0.8897004	[13577.725..13577.725]
Group-1	PG 36:5:0	301.22	240116_PG_FTMSMS-_2.mzXML	30.0	7339.6	2289.8	0.31197885	[5.0..5.0]	[1.0..1.0]	[2.435..2.435]	[17871.926..17871.926]	[0.532..0.532]	[0.43..0.79]	[2.435..2.435]	[17871.926..17871.926]	[0.532..0.532]	[0.428..0.793]	0.8897004	[15900.66..15900.66]
Group-1	PG 36:5:0	301.22	240116_PG_FTMSMS-_2.mzXML	35.0	3447.3	1291.6	0.37467003	[5.0..5.0]	[1.0..1.0]	[4.843..4.843]	[16695.273..16695.273]	[0.469..0.469]	[0.43..0.79]	[4.843..4.843]	[16695.273..16695.273]	[0.469..0.469]	[0.428..0.793]	0.8897004	[14853.792..14853.792]
Group-1	PG 36:5:0	303.23	240116_PG_FTMSMS-_2.mzXML	25.0	71456.9	4275.6	0.059834674	[5.1..6.4]	[0.0..1.0]	[1.117..1.138]	[79817.35..81317.95]	[0.759..0.764]	[0.98..1.0]	[1.1..1.138]	[78602.59..81317.95]	[0.761..0.767]	[0.976..1.0]	0.8897004	[71013.53..72348.61]
Group-1	PG 36:5:0	303.23	240116_PG_FTMSMS-_2.mzXML	30.0	62011.1	5923.2	0.09551838	[5.0..5.5]	[0.0..1.0]	[1.461..1.598]	[90598.22..99093.74]	[0.741..0.752]	[0.98..1.0]	[1.453..1.598]	[90102.125..99093.74]	[0.74..0.758]	[0.976..1.0]	0.8897004	[80605.266..88163.74]
Group-1	PG 36:5:0	303.23	240116_PG_FTMSMS-_2.mzXML	35.0	34675.7	4346.2	0.1253385	[5.0..5.0]	[1.0..1.0]	[2.162..2.521]	[74968.86..87417.44]	[0.706..0.737]	[0.98..1.0]	[2.162..2.521]	[74968.86..87417.44]	[0.706..0.737]	[0.976..1.0]	0.8897004	[66699.83..77775.33]
Group-1	PG 36:5:0	329.25	240116_PG_FTMSMS-_2.mzXML	25.0	8211.6	1575.1	0.19181402	[4.3..5.1]	[0.0..1.0]	[1.314..1.333]	[10790.042..10946.062]	[0.74..0.741]	[0.92..1.0]	[1.269..1.333]	[10420.5205..10946.062]	[0.734..0.743]	[0.921..1.0]	0.8897004	[9599.905..9738.716]
Group-1	PG 36:5:0	329.25	240116_PG_FTMSMS-_2.mzXML	30.0	5590.6	1444.2	0.25832647	[4.4..4.9]	[0.0..1.0]	[2.102..2.276]	[11751.441..12724.206]	[0.695..0.708]	[0.92..1.0]	[2.077..2.276]	[11611.676..12724.206]	[0.693..0.712]	[0.921..1.0]	0.8897004	[10455.262..11320.73]
Group-1	PG 36:5:0	329.25	240116_PG_FTMSMS-_2.mzXML	35.0	2712.1	830.0	0.3060359	[4.7..5.1]	[0.6..1.0]	[4.055..4.634]	[10997.565..12567.871]	[0.682..0.708]	[0.92..1.0]	[4.074..4.634]	[11049.096..12567.871]	[0.683..0.71]	[0.921..1.0]	0.8897004	[9784.538..11181.641]
Group-1	PG 37:1:0	255.23	240116_PG_FTMSMS-_2.mzXML	25.0	225865.4	0.0	0.0	[0.0..0.0]	[0.0..0.0]	[1.0..1.0]	[225865.4..225865.4]	[1.0..1.0]	[1.0..1.0]	[1.0..1.0]	[225865.4..225865.4]	[1.0..1.0]	[1.0..1.0]	0.86830544	[196120.16..196120.16]
Group-1	PG 37:1:0	255.23	240116_PG_FTMSMS-_2.mzXML	30.0	484436.3	0.0	0.0	[0.0..0.0]	[1.0..1.0]	[1.0..1.0]	[484436.3..484436.3]	[0.999..0.999]	[1.0..1.0]	[1.0..1.0]	[484436.3..484436.3]	[0.999..0.999]	[1.0..1.0]	0.86830544	[420638.7..420638.7]
Group-1	PG 37:1:0	255.23	240116_PG_FTMSMS-_2.mzXML	35.0	546751.6	0.0	0.0	[0.0..0.0]	[0.0..1.0]	[1.0..1.0]	[546751.6..546751.6]	[0.999..0.999]	[1.0..1.0]	[1.0..1.0]	[546751.6..546751.6]	[0.999..0.999]	[1.0..1.0]	0.86830544	[474747.4..474747.4]
Group-1	PG 37:1:0	269.25	240116_PG_FTMSMS-_2.mzXML	25.0	881.5	0.0	0.0	[0.0..0.0]	[0.0..0.0]	[1.004..1.004]	[885.026..885.026]	[0.377..0.377]	[0.0..0.22]	[1.004..1.004]	[885.02594..885.02594]	[0.377..0.377]	[0.0..0.217]	0.86830544	[768.47284..768.47284]
Group-1	PG 37:1:0	269.25	240116_PG_FTMSMS-_2.mzXML	30.0	1190.9	0.0	0.0	[0.0..0.0]	[1.0..1.0]	[0.987..0.987]	[1175.418..1175.418]	[0.329..0.329]	[0.0..0.22]	[0.987..0.987]	[1175.4183..1175.4183]	[0.329..0.329]	[0.0..0.217]	0.86830544	[1020.6221..1020.6221]
Group-1	PG 37:1:0	269.25	240116_PG_FTMSMS-_2.mzXML	35.0	1013.9	0.0	0.0	[0.0..0.0]	[0.0..1.0]	[0.981..0.989]	[994.636..1002.747]	[0.261..0.265]	[0.0..0.22]	[0.981..0.983]	[994.6359..996.6637]	[0.26..0.261]	[0.0..0.217]	0.86830544	[863.6478..870.69086]
Group-1	PG 37:1:0	281.25	240116_PG_FTMSMS-_2.mzXML	25.0	62759.3	0.0	0.0	[9.0..9.0]	[0.0..1.0]	[0.925..0.958]	[58052.355..60123.41]	[0.763..0.768]	[1.0..1.0]	[0.958..0.958]	[60123.41..60123.41]	[0.769..0.769]	[1.0..1.0]	0.86830544	[50407.176..52205.484]
Group-1	PG 37:1:0	281.25	240116_PG_FTMSMS-_2.mzXML	30.0	98764.6	0.0	0.0	[9.0..9.0]	[0.0..1.0]	[0.911..0.937]	[89974.555..92542.43]	[0.768..0.771]	[1.0..1.0]	[0.937..0.937]	[92542.43..92542.43]	[0.773..0.773]	[1.0..1.0]	0.86830544	[78125.4..80355.09]
Group-1	PG 37:1:0	281.25	240116_PG_FTMSMS-_2.mzXML	35.0	103696.6	0.0	0.0	[9.0..9.0]	[0.0..1.0]	[0.912..0.936]	[94571.3..97060.016]	[0.757..0.759]	[1.0..1.0]	[0.936..0.936]	[97060.016..97060.016]	[0.762..0.762]	[1.0..1.0]	0.86830544	[82116.77..84277.74]
Group-1	PG 37:1:0	283.26	240116_PG_FTMSMS-_2.mzXML	25.0	19746.5	0.0	0.0	[0.0..0.0]	[0.0..0.0]	[1.009..1.009]	[19924.217..19924.217]	[0.479..0.479]	[0.45..0.55]	[1.009..1.009]	[19924.217..19924.217]	[0.479..0.479]	[0.452..0.551]	0.86830544	[17300.307..17300.307]
Group-1	PG 37:1:0	283.26	240116_PG_FTMSMS-_2.mzXML	30.0	31883.9	0.0	0.0	[0.0..0.0]	[1.0..1.0]	[0.976..0.976]	[31118.688..31118.688]	[0.506..0.506]	[0.45..0.55]	[0.976..0.976]	[31118.688..31118.688]	[0.506..0.506]	[0.452..0.551]	0.86830544	[27020.525..27020.525]
Group-1	PG 37:1:0	283.26	240116_PG_FTMSMS-_2.mzXML	35.0	34221.7	0.0	0.0	[0.0..0.0]	[0.0..1.0]	[0.963..0.976]	[32955.496..33400.38]	[0.519..0.522]	[0.45..0.55]	[0.969..0.97]	[33160.824..33195.05]	[0.52..0.521]	[0.452..0.551]	0.86830544	[28615.438..29001.732]
Group-1	PG 37:1:0	295.26	240116_PG_FTMSMS-_2.mzXML	25.0	23087.6	0.0	0.0	[9.0..9.0]	[1.0..1.0]	[0.939..0.939]	[21679.256..21679.256]	[0.521..0.521]	[0.45..0.55]	[0.939..0.939]	[21679.256..21679.256]	[0.521..0.521]	[0.449..0.548]	0.86830544	[18824.215..18824.215]
Group-1	PG 37:1:0	295.26	240116_PG_FTMSMS-_2.mzXML	30.0	34287.4	0.0	0.0	[9.0..9.0]	[0.0..0.0]	[0.885..0.885]	[30344.348..30344.348]	[0.494..0.494]	[0.45..0.55]	[0.885..0.885]	[30344.348..30344.348]	[0.494..0.494]	[0.449..0.548]	0.86830544	[26348.162..26348.162]
Group-1	PG 37:1:0	295.26	240116_PG_FTMSMS-_2.mzXML	35.0	34314.8	0.0	0.0	[9.0..9.0]	[0.0..1.0]	[0.88..0.902]	[30197.025..30951.951]	[0.478..0.481]	[0.45..0.55]	[0.89..0.892]	[30540.172..30608.803]	[0.479..0.48]	[0.449..0.548]	0.86830544	[26220.24..26875.748]
Group-1	PG 37:1:0	297.28	240116_PG_FTMSMS-_2.mzXML	25.0	17972.7	0.0	0.0	[0.0..0.0]	[0.0..1.0]	[1.005..1.012]	[18062.562..18188.371]	[0.232..0.237]	[0.0..0.0]	[1.005..1.005]	[18062.562..18062.562]	[0.231..0.231]	[0.0..0.0]	0.86830544	[15683.822..15793.062]
Group-1	PG 37:1:0	297.28	240116_PG_FTMSMS-_2.mzXML	30.0	28122.6	0.0	0.0	[0.0..0.0]	[0.0..1.0]	[0.966..0.975]	[27166.432..27419.535]	[0.229..0.232]	[0.0..0.0]	[0.966..0.966]	[27166.432..27166.432]	[0.227..0.227]	[0.0..0.0]	0.86830544	[23588.76..23808.531]
Group-1	PG 37:1:0	297.28	240116_PG_FTMSMS-_2.mzXML	35.0	32045.9	0.0	0.0	[0.0..0.0]	[0.0..1.0]	[0.947..0.962]	[30347.469..30828.156]	[0.241..0.243]	[0.0..0.0]	[0.947..0.947]	[30347.469..30347.469]	[0.238..0.238]	[0.0..0.0]	0.86830544	[26350.871..26768.256]
Group-1	PG 37:1:0	309.28	240116_PG_FTMSMS-_2.mzXML	25.0	1546.9	0.0	0.0	[11.0..11.0]	[1.0..1.0]	[0.946..0.946]	[1463.367..1463.367]	[0.623..0.623]	[0.78..1.0]	[0.946..0.946]	[1463.3674..1463.3674]	[0.623..0.623]	[0.783..1.0]	0.86830544	[1270.6499..1270.6499]
Group-1	PG 37:1:0	309.28	240116_PG_FTMSMS-_2.mzXML	30.0	2733.6	0.0	0.0	[11.0..11.0]	[0.0..0.0]	[0.876..0.876]	[2394.634..2394.634]	[0.671..0.671]	[0.78..1.0]	[0.876..0.876]	[2394.6335..2394.6335]	[0.671..0.671]	[0.783..1.0]	0.86830544	[2079.2734..2079.2734]
Group-1	PG 37:1:0	309.28	240116_PG_FTMSMS-_2.mzXML	35.0	3230.1	0.0	0.0	[11.0..11.0]	[0.0..1.0]	[0.856..0.879]	[2764.966..2839.258]	[0.735..0.739]	[0.78..1.0]	[0.874..0.879]	[2823.1074..2839.258]	[0.739..0.74]	[0.783..1.0]	0.86830544	[2400.835..2465.3433]
Group-1	PG 37:1:0	323.3	240116_PG_FTMSMS-_2.mzXML	25.0	0.0	0.0	0.0	[11.0..11.0]	[1.0..1.0]	[0.929..0.929]	[0.0..0.0]	[0.0..0.0]	[0.0..0.0]	[0.929..0.929]	[0.0..0.0]	[0.0..0.0]	[0.0..0.0]	0.86830544	[0.0..0.0]
Group-1	PG 37:1:0	323.3	240116_PG_FTMSMS-_2.mzXML	30.0	554.1	0.0	0.0	[11.0..11.0]	[0.0..0.0]	[0.85..0.85]	[470.985..470.985]	[0.001..0.001]	[0.0..0.0]	[0.85..0.85]	[470.985..470.985]	[0.001..0.001]	[0.0..0.0]	0.86830544	[408.95883..408.95883]
Group-1	PG 37:1:0	323.3	240116_PG_FTMSMS-_2.mzXML	35.0	812.3	0.0	0.0	[11.0..11.0]	[0.0..1.0]	[0.825..0.846]	[670.147..687.206]	[0.001..0.001]	[0.0..0.0]	[0.825..0.825]	[670.14746..670.14746]	[0.001..0.001]	[0.0..0.0]	0.86830544	[581.8927..596.7045]
Group-1	PG 37:2:0	241.22	240116_PG_FTMSMS-_2.mzXML	25.0	0.0	0.0	0.0	[0.0..0.0]	[0.0..1.0]	[0.995..1.0]	[0.0..0.0]	[0.0..0.0]	[0.0..0.5]	[0.995..0.998]	[0.0..0.0]	[0.0..0.0]	[0.0..0.5]	0.8702164	[0.0..0.0]
Group-1	PG 37:2:0	241.22	240116_PG_FTMSMS-_2.mzXML	30.0	0.0	0.0	0.0	[0.0..0.0]	[1.0..1.0]	[1.014..1.014]	[0.0..0.0]	[0.5..0.5]	[0.0..0.5]	[1.014..1.014]	[0.0..0.0]	[0.5..0.5]	[0.0..0.5]	0.8702164	[0.0..0.0]
Group-1	PG 37:2:0	241.22	240116_PG_FTMSMS-_2.mzXML	35.0	0.0	0.0	0.0	[0.0..0.0]	[0.0..0.0]	[1.009..1.009]	[0.0..0.0]	[0.5..0.5]	[0.0..0.5]	[1.009..1.009]	[0.0..0.0]	[0.5..0.5]	[0.0..0.5]	0.8702164	[0.0..0.0]
Group-1	PG 37:2:0	269.25	240116_PG_FTMSMS-_2.mzXML	25.0	1189.3	0.0	0.0	[0.0..0.0]	[0.0..0.0]	[1.004..1.004]	[1194.057..1194.057]	[0.245..0.245]	[0.0..0.19]	[1.004..1.004]	[1194.0571..1194.0571]	[0.245..0.245]	[0.0..0.186]	0.8702164	[1039.0883..1039.0883]
Group-1	PG 37:2:0	269.25	240116_PG_FTMSMS-_2.mzXML	30.0	0.0	0.0	0.0	[0.0..0.0]	[0.0..0.0]	[0.993..0.993]	[0.0..0.0]	[0.0..0.0]	[0.0..0.19]	[0.993..0.993]	[0.0..0.0]	[0.0..0.0]	[0.0..0.186]	0.8702164	[0.0..0.0]
Group-1	PG 37:2:0	269.25	240116_PG_FTMSMS-_2.mzXML	35.0	1930.3	0.0	0.0	[0.0..0.0]	[0.0..0.0]	[0.989..0.989]	[1909.067..1909.067]	[0.364..0.364]	[0.0..0.19]	[0.989..0.989]	[1909.0668..1909.0668]	[0.364..0.364]	[0.0..0.186]	0.8702164	[1661.3013..1661.3013]
Group-1	PG 37:2:0	279.23	240116_PG_FTMSMS-_2.mzXML	25.0	74910.6	0.0	0.0	[9.0..9.0]	[0.0..1.0]	[0.917..0.946]	[68693.02..70865.43]	[0.771..0.775]	[1.0..1.0]	[0.946..0.946]	[70865.43..70865.43]	[0.776..0.776]	[1.0..1.0]	0.8702164	[59777.797..61668.26]
Group-1	PG 37:2:0	279.23	240116_PG_FTMSMS-_2.mzXML	30.0	109547.7	0.0	0.0	[9.0..9.0]	[0.0..1.0]	[0.935..0.957]	[102427.1..104837.16]	[0.766..0.768]	[1.0..1.0]	[0.957..0.957]	[104837.16..104837.16]	[0.77..0.77]	[1.0..1.0]	0.8702164	[89133.75..91231.016]
Group-1	PG 37:2:0	279.23	240116_PG_FTMSMS-_2.mzXML	35.0	101981.2	0.0	0.0	[9.0..9.0]	[0.0..1.0]	[0.992..1.01]	[101165.35..103001.016]	[0.766..0.766]	[1.0..1.0]	[1.01..1.01]	[103001.016..103001.016]	[0.769..0.769]	[1.0..1.0]	0.8702164	[88035.75..89633.17]
Group-1	PG 37:2:0	281.25	240116_PG_FTMSMS-_2.mzXML	25.0	85255.4	0.0	0.0	[9.0..9.0]	[0.0..0.0]	[0.925..0.925]	[78861.24..78861.24]	[0.873..0.873]	[1.0..1.0]	[0.925..0.925]	[78861.24..78861.24]	[0.873..0.873]	[1.0..1.0]	0.8702164	[68626.35..68626.35]
Group-1	PG 37:2:0	281.25	240116_PG_FTMSMS-_2.mzXML	30.0	154938.9	0.0	0.0	[9.0..9.0]	[1.0..1.0]	[0.937..0.937]	[145177.75..145177.75]	[0.908..0.908]	[1.0..1.0]	[0.937..0.937]	[145177.75..145177.75]	[0.908..0.908]	[1.0..1.0]	0.8702164	[126336.055..126336.055]
Group-1	PG 37:2:0	281.25	240116_PG_FTMSMS-_2.mzXML	35.0	166891.4	0.0	0.0	[9.0..9.0]	[0.0..1.0]	[0.912..0.936]	[152204.97..156210.36]	[0.898..0.898]	[1.0..1.0]	[0.936..0.936]	[156210.36..156210.36]	[0.901..0.901]	[1.0..1.0]	0.8702164	[132451.25..135936.81]
Group-1	PG 37:2:0	283.26	240116_PG_FTMSMS-_2.mzXML	25.0	6080.1	0.0	0.0	[0.0..0.0]	[0.0..0.0]	[1.009..1.009]	[6134.821..6134.821]	[0.498..0.498]	[0.45..0.71]	[1.009..1.009]	[6134.821..6134.821]	[0.498..0.498]	[0.454..0.713]	0.8702164	[5338.6216..5338.6216]
Group-1	PG 37:2:0	283.26	240116_PG_FTMSMS-_2.mzXML	30.0	8884.1	0.0	0.0	[0.0..0.0]	[0.0..0.0]	[0.985..0.985]	[8750.838..8750.838]	[0.48..0.48]	[0.45..0.71]	[0.985..0.985]	[8750.838..8750.838]	[0.48..0.48]	[0.454..0.713]	0.8702164	[7615.123..7615.123]
Group-1	PG 37:2:0	283.26	240116_PG_FTMSMS-_2.mzXML	35.0	11763.2	0.0	0.0	[0.0..0.0]	[0.0..0.0]	[0.976..0.976]	[11480.884..11480.884]	[0.592..0.592]	[0.45..0.71]	[0.976..0.976]	[11480.884..11480.884]	[0.592..0.592]	[0.454..0.713]	0.8702164	[9990.854..9990.854]
Group-1	PG 37:2:0	293.25	240116_PG_FTMSMS-_2.mzXML	25.0	6688.4	0.0	0.0	[9.0..9.0]	[1.0..1.0]	[0.926..0.926]	[6193.459..6193.459]	[0.502..0.502]	[0.29..0.55]	[0.926..0.926]	[6193.4585..6193.4585]	[0.502..0.502]	[0.287..0.546]	0.8702164	[5389.649..5389.649]
Group-1	PG 37:2:0	293.25	240116_PG_FTMSMS-_2.mzXML	30.0	10266.0	0.0	0.0	[9.0..9.0]	[1.0..1.0]	[0.925..0.925]	[9496.05..9496.05]	[0.52..0.52]	[0.29..0.55]	[0.925..0.925]	[9496.05..9496.05]	[0.52..0.52]	[0.287..0.546]	0.8702164	[8263.618..8263.618]
Group-1	PG 37:2:0	293.25	240116_PG_FTMSMS-_2.mzXML	35.0	8150.8	0.0	0.0	[9.0..9.0]	[1.0..1.0]	[0.97..0.97]	[7906.276..7906.276]	[0.408..0.408]	[0.29..0.55]	[0.97..0.97]	[7906.276..7906.276]	[0.408..0.408]	[0.287..0.546]	0.8702164	[6880.1714..6880.1714]
Group-1	PG 37:2:0	295.26	240116_PG_FTMSMS-_2.mzXML	25.0	12254.1	0.0	0.0	[9.0..9.0]	[1.0..1.0]	[0.939..0.939]	[11506.6..11506.6]	[0.127..0.127]	[0.0..0.0]	[0.939..0.939]	[11506.6..11506.6]	[0.127..0.127]	[0.0..0.0]	0.8702164	[10013.232..10013.232]
Group-1	PG 37:2:0	295.26	240116_PG_FTMSMS-_2.mzXML	30.0	16530.1	0.0	0.0	[9.0..9.0]	[0.0..0.0]	[0.885..0.885]	[14629.138..14629.138]	[0.092..0.092]	[0.0..0.0]	[0.885..0.885]	[14629.138..14629.138]	[0.092..0.092]	[0.0..0.0]	0.8702164	[12730.517..12730.517]
Group-1	PG 37:2:0	295.26	240116_PG_FTMSMS-_2.mzXML	35.0	19598.7	0.0	0.0	[9.0..9.0]	[0.0..1.0]	[0.88..0.902]	[17246.855..17678.027]	[0.102..0.102]	[0.0..0.0]	[0.88..0.88]	[17246.855..17246.855]	[0.099..0.099]	[0.0..0.0]	0.8702164	[15008.496..15383.709]
Group-1	PG 37:2:0	297.28	240116_PG_FTMSMS-_2.mzXML	25.0	20327.3	0.0	0.0	[0.0..0.0]	[0.0..1.0]	[1.005..1.012]	[20428.938..20571.229]	[0.225..0.229]	[0.0..0.0]	[1.005..1.005]	[20428.938..20428.938]	[0.224..0.224]	[0.0..0.0]	0.8702164	[17777.596..17901.42]
Group-1	PG 37:2:0	297.28	240116_PG_FTMSMS-_2.mzXML	30.0	32437.8	0.0	0.0	[0.0..0.0]	[0.0..1.0]	[0.966..0.975]	[31334.916..31626.857]	[0.232..0.234]	[0.0..0.0]	[0.966..0.966]	[31334.916..31334.916]	[0.23..0.23]	[0.0..0.0]	0.8702164	[27268.158..27522.209]
Group-1	PG 37:2:0	297.28	240116_PG_FTMSMS-_2.mzXML	35.0	32630.2	0.0	0.0	[0.0..0.0]	[0.0..1.0]	[0.947..0.962]	[30900.799..31390.252]	[0.234..0.234]	[0.0..0.0]	[0.947..0.947]	[30900.799..30900.799]	[0.231..0.231]	[0.0..0.0]	0.8702164	[26890.385..27316.314]
Group-1	PG 37:2:0	307.26	240116_PG_FTMSMS-_2.mzXML	25.0	3955.4	0.0	0.0	[11.0..11.0]	[1.0..1.0]	[0.928..0.928]	[3670.611..3670.611]	[0.755..0.755]	[0.81..1.0]	[0.928..0.928]	[3670.611..3670.611]	[0.755..0.755]	[0.814..1.0]	0.8702164	[3194.226..3194.226]
Group-1	PG 37:2:0	307.26	240116_PG_FTMSMS-_2.mzXML	30.0	5746.3	0.0	0.0	[11.0..11.0]	[1.0..1.0]	[0.899..0.899]	[5165.924..5165.924]	[1.0..1.0]	[0.81..1.0]	[0.899..0.899]	[5165.9233..5165.9233]	[1.0..1.0]	[0.814..1.0]	0.8702164	[4495.471..4495.471]
Group-1	PG 37:2:0	307.26	240116_PG_FTMSMS-_2.mzXML	35.0	3646.7	0.0	0.0	[11.0..11.0]	[1.0..1.0]	[0.916..0.916]	[3340.377..3340.377]	[0.636..0.636]	[0.81..1.0]	[0.916..0.916]	[3340.3772..3340.3772]	[0.636..0.636]	[0.814..1.0]	0.8702164	[2906.851..2906.851]
Group-1	PG 37:2:0	335.29	240116_PG_FTMSMS-_2.mzXML	25.0	448.4	0.0	0.0	[13.0..13.0]	[0.0..1.0]	[0.907..0.926]	[406.699..415.218]	[1.0..1.0]	[0.0..1.0]	[0.907..0.926]	[406.6988..415.21838]	[1.0..1.0]	[0.0..1.0]	0.8702164	[353.916..361.32986]
Group-1	PG 37:2:0	335.29	240116_PG_FTMSMS-_2.mzXML	30.0	0.0	0.0	0.0	[13.0..13.0]	[0.0..0.0]	[0.849..0.849]	[0.0..0.0]	[0.0..0.0]	[0.0..1.0]	[0.849..0.849]	[0.0..0.0]	[0.0..0.0]	[0.0..1.0]	0.8702164	[0.0..0.0]
Group-1	PG 37:2:0	335.29	240116_PG_FTMSMS-_2.mzXML	35.0	0.0	0.0	0.0	[13.0..13.0]	[1.0..1.0]	[0.861..0.861]	[0.0..0.0]	[0.0..0.0]	[0.0..1.0]	[0.861..0.861]	[0.0..0.0]	[0.0..0.0]	[0.0..1.0]	0.8702164	[0.0..0.0]
Group-1	PG 37:4:0	241.22	240116_PG_FTMSMS-_2.mzXML	25.0	468.0	0.0	0.0	[0.0..0.0]	[0.0..0.0]	[0.995..0.995]	[465.66..465.66]	[0.014..0.014]	[0.0..0.0]	[0.995..0.995]	[465.66..465.66]	[0.014..0.014]	[0.0..0.0]	0.8740563	[407.01306..407.01306]
Group-1	PG 37:4:0	241.22	240116_PG_FTMSMS-_2.mzXML	30.0	0.0	0.0	0.0	[0.0..0.0]	[0.0..0.0]	[1.006..1.006]	[0.0..0.0]	[0.0..0.0]	[0.0..0.0]	[1.006..1.006]	[0.0..0.0]	[0.0..0.0]	[0.0..0.0]	0.8740563	[0.0..0.0]
Group-1	PG 37:4:0	241.22	240116_PG_FTMSMS-_2.mzXML	35.0	644.3	0.0	0.0	[0.0..0.0]	[0.0..0.0]	[1.009..1.009]	[650.099..650.099]	[0.013..0.015]	[0.0..0.0]	[1.009..1.009]	[650.09863..650.09863]	[0.013..0.015]	[0.0..0.0]	0.8740563	[568.22284..568.22284]
Group-1	PG 37:4:0	255.23	240116_PG_FTMSMS-_2.mzXML	25.0	11079.4	0.0	0.0	[0.0..0.0]	[0.0..1.0]	[1.0..1.0]	[11079.4..11079.4]	[0.506..0.523]	[0.51..0.99]	[1.0..1.0]	[11079.4..11079.4]	[0.517..0.523]	[0.514..0.985]	0.8740563	[9684.02..9684.02]
Group-1	PG 37:4:0	255.23	240116_PG_FTMSMS-_2.mzXML	30.0	18822.1	0.0	0.0	[0.0..0.0]	[0.0..1.0]	[1.0..1.0]	[18822.1..18822.1]	[0.568..0.618]	[0.51..0.99]	[1.0..1.0]	[18822.1..18822.1]	[0.573..0.618]	[0.514..0.985]	0.8740563	[16451.574..16451.574]
Group-1	PG 37:4:0	255.23	240116_PG_FTMSMS-_2.mzXML	35.0	22880.7	0.0	0.0	[0.0..0.0]	[0.0..0.0]	[1.0..1.0]	[22880.7..22880.7]	[0.631..0.71]	[0.51..0.99]	[1.0..1.0]	[22880.7..22880.7]	[0.631..0.709]	[0.514..0.985]	0.8740563	[19999.02..19999.02]
Group-1	PG 37:4:0	267.23	240116_PG_FTMSMS-_2.mzXML	25.0	0.0	0.0	0.0	[9.0..9.0]	[0.0..0.0]	[0.945..0.945]	[0.0..0.0]	[0.0..0.0]	[0.0..0.0]	[0.945..0.945]	[0.0..0.0]	[0.0..0.0]	[0.0..0.0]	0.8740563	[0.0..0.0]
Group-1	PG 37:4:0	267.23	240116_PG_FTMSMS-_2.mzXML	30.0	0.0	0.0	0.0	[9.0..9.0]	[0.0..0.0]	[0.942..0.942]	[0.0..0.0]	[0.0..0.0]	[0.0..0.0]	[0.942..0.942]	[0.0..0.0]	[0.0..0.0]	[0.0..0.0]	0.8740563	[0.0..0.0]
Group-1	PG 37:4:0	267.23	240116_PG_FTMSMS-_2.mzXML	35.0	734.6	0.0	0.0	[9.0..9.0]	[0.0..0.0]	[0.949..0.949]	[697.135..697.135]	[0.1..0.136]	[0.0..0.0]	[0.949..0.949]	[697.1354..697.1354]	[0.1..0.136]	[0.0..0.0]	0.8740563	[609.3356..609.3356]
Group-1	PG 37:4:0	269.25	240116_PG_FTMSMS-_2.mzXML	25.0	17235.6	0.0	0.0	[0.0..0.0]	[0.0..1.0]	[1.001..1.004]	[17252.836..17304.543]	[0.17..0.173]	[0.0..0.0]	[1.001..1.001]	[17252.836..17252.836]	[0.169..0.174]	[0.0..0.0]	0.8740563	[15079.949..15125.143]
Group-1	PG 37:4:0	269.25	240116_PG_FTMSMS-_2.mzXML	30.0	22107.4	0.0	0.0	[0.0..0.0]	[0.0..1.0]	[0.987..0.993]	[21820.004..21952.648]	[0.165..0.18]	[0.0..0.0]	[0.987..0.987]	[21820.004..21820.004]	[0.164..0.181]	[0.0..0.0]	0.8740563	[19071.91..19187.85]
Group-1	PG 37:4:0	269.25	240116_PG_FTMSMS-_2.mzXML	35.0	22322.2	0.0	0.0	[0.0..0.0]	[0.0..0.39999998]	[0.986..0.989]	[22009.688..22076.656]	[0.181..0.211]	[0.0..0.0]	[0.986..0.986]	[22009.688..22009.688]	[0.181..0.211]	[0.0..0.0]	0.8740563	[19237.707..19296.24]
Group-1	PG 37:4:0	279.23	240116_PG_FTMSMS-_2.mzXML	25.0	3888.5	0.0	0.0	[9.0..9.0]	[0.0..0.0]	[0.917..0.917]	[3565.755..3565.755]	[1.0..1.0]	[1.0..1.0]	[0.917..0.917]	[3565.7544..3565.7544]	[1.0..1.0]	[1.0..1.0]	0.8740563	[3116.6702..3116.6702]
Group-1	PG 37:4:0	279.23	240116_PG_FTMSMS-_2.mzXML	30.0	6344.2	0.0	0.0	[9.0..9.0]	[0.0..0.0]	[0.935..0.935]	[5931.827..5931.827]	[0.903..0.903]	[1.0..1.0]	[0.935..0.935]	[5931.827..5931.827]	[0.903..0.903]	[1.0..1.0]	0.8740563	[5184.751..5184.751]
Group-1	PG 37:4:0	279.23	240116_PG_FTMSMS-_2.mzXML	35.0	6217.7	0.0	0.0	[9.0..9.0]	[0.0..0.0]	[0.992..0.992]	[6167.959..6167.959]	[0.929..0.929]	[1.0..1.0]	[0.992..0.992]	[6167.9585..6167.9585]	[0.929..0.929]	[1.0..1.0]	0.8740563	[5391.143..5391.143]
Group-1	PG 37:4:0	281.25	240116_PG_FTMSMS-_2.mzXML	25.0	10034.0	0.0	0.0	[9.0..9.0]	[0.0..0.0]	[0.925..0.925]	[9281.45..9281.45]	[0.937..0.938]	[1.0..1.0]	[0.925..0.925]	[9281.45..9281.45]	[0.937..0.939]	[1.0..1.0]	0.8740563	[8112.5093..8112.5093]
Group-1	PG 37:4:0	281.25	240116_PG_FTMSMS-_2.mzXML	30.0	18690.0	0.0	0.0	[9.0..9.0]	[0.0..0.0]	[0.911..0.911]	[17026.59..17026.59]	[0.933..0.939]	[1.0..1.0]	[0.911..0.911]	[17026.59..17026.59]	[0.933..0.94]	[1.0..1.0]	0.8740563	[14882.198..14882.198]
Group-1	PG 37:4:0	281.25	240116_PG_FTMSMS-_2.mzXML	35.0	20732.9	0.0	0.0	[9.0..9.0]	[0.0..0.0]	[0.912..0.912]	[18908.404..18908.404]	[0.955..0.963]	[1.0..1.0]	[0.912..0.912]	[18908.404..18908.404]	[0.955..0.963]	[1.0..1.0]	0.8740563	[16527.012..16527.012]
Group-1	PG 37:4:0	291.23	240116_PG_FTMSMS-_2.mzXML	25.0	631.5	0.0	0.0	[6.0..9.0]	[1.0..1.0]	[0.976..0.991]	[616.344..625.817]	[0.062..0.063]	[0.0..0.0]	[0.957..0.99]	[604.3455..625.185]	[0.061..0.063]	[0.0..0.0]	0.8740563	[538.71936..546.99884]
Group-1	PG 37:4:0	291.23	240116_PG_FTMSMS-_2.mzXML	30.0	1060.0	0.0	0.0	[6.0..9.0]	[1.0..1.0]	[1.047..1.16]	[1109.82..1229.6]	[0.061..0.067]	[0.0..0.0]	[1.031..1.161]	[1092.86..1230.66]	[0.06..0.067]	[0.0..0.0]	0.8740563	[970.04517..1074.7395]
Group-1	PG 37:4:0	291.23	240116_PG_FTMSMS-_2.mzXML	35.0	602.6	0.0	0.0	[6.0..9.0]	[1.0..1.0]	[1.207..1.469]	[727.338..885.219]	[0.037..0.045]	[0.0..0.0]	[1.195..1.47]	[720.107..885.82196]	[0.037..0.045]	[0.0..0.0]	0.8740563	[635.7345..773.73157]
Group-1	PG 37:4:0	293.25	240116_PG_FTMSMS-_2.mzXML	25.0	0.0	0.0	0.0	[9.0..9.0]	[1.0..1.0]	[0.926..0.926]	[0.0..0.0]	[0.0..0.0]	[0.0..0.0]	[0.926..0.926]	[0.0..0.0]	[0.0..0.0]	[0.0..0.0]	0.8740563	[0.0..0.0]
Group-1	PG 37:4:0	293.25	240116_PG_FTMSMS-_2.mzXML	30.0	690.2	0.0	0.0	[9.0..9.0]	[1.0..1.0]	[0.925..0.925]	[638.435..638.435]	[0.097..0.097]	[0.0..0.0]	[0.925..0.925]	[638.435..638.435]	[0.097..0.097]	[0.0..0.0]	0.8740563	[558.02814..558.02814]
Group-1	PG 37:4:0	293.25	240116_PG_FTMSMS-_2.mzXML	35.0	482.5	0.0	0.0	[9.0..9.0]	[1.0..1.0]	[0.97..0.97]	[468.025..468.025]	[0.071..0.071]	[0.0..0.0]	[0.97..0.97]	[468.02502..468.02502]	[0.071..0.071]	[0.0..0.0]	0.8740563	[409.0802..409.0802]
Group-1	PG 37:4:0	303.23	240116_PG_FTMSMS-_2.mzXML	25.0	74380.1	4131.3	0.05554308	[5.4..6.7]	[0.0..1.0]	[1.107..1.138]	[82338.77..84644.555]	[0.827..0.83]	[1.0..1.0]	[1.098..1.138]	[81669.35..84644.555]	[0.826..0.831]	[1.0..1.0]	0.8740563	[71968.72..73984.11]
Group-1	PG 37:4:0	303.23	240116_PG_FTMSMS-_2.mzXML	30.0	69396.6	6757.0	0.09736788	[5.0..5.4]	[0.0..1.0]	[1.429..1.598]	[99167.74..110895.77]	[0.82..0.835]	[1.0..1.0]	[1.426..1.598]	[98959.555..110895.77]	[0.819..0.836]	[1.0..1.0]	0.8740563	[86678.19..96929.15]
Group-1	PG 37:4:0	303.23	240116_PG_FTMSMS-_2.mzXML	35.0	39575.2	5529.4	0.13971882	[5.0..5.0]	[0.6..1.0]	[2.081..2.521]	[82355.99..99769.07]	[0.789..0.819]	[1.0..1.0]	[2.085..2.521]	[82514.29..99769.07]	[0.789..0.819]	[1.0..1.0]	0.8740563	[71983.77..87203.79]
Group-1	PG 37:4:0	305.25	240116_PG_FTMSMS-_2.mzXML	25.0	3726.1	0.0	0.0	[5.0..11.0]	[1.0..1.0]	[0.966..0.981]	[3599.413..3655.304]	[1.0..1.0]	[1.0..1.0]	[0.966..0.981]	[3599.4128..3655.3042]	[1.0..1.0]	[1.0..1.0]	0.8740563	[3146.0894..3194.9417]
Group-1	PG 37:4:0	305.25	240116_PG_FTMSMS-_2.mzXML	30.0	4418.0	0.0	0.0	[5.0..11.0]	[1.0..1.0]	[0.987..1.177]	[4360.566..5199.987]	[1.0..1.0]	[1.0..1.0]	[0.987..1.177]	[4360.566..5199.9863]	[1.0..1.0]	[1.0..1.0]	0.8740563	[3811.38..4545.0806]
Group-1	PG 37:4:0	305.25	240116_PG_FTMSMS-_2.mzXML	35.0	4076.1	0.0	0.0	[5.0..11.0]	[1.0..1.0]	[1.087..1.54]	[4430.721..6277.194]	[0.864..0.9]	[1.0..1.0]	[1.087..1.54]	[4430.7207..6277.194]	[0.864..0.9]	[1.0..1.0]	0.8740563	[3872.6995..5486.621]
Group-1	PG 37:4:0	317.25	240116_PG_FTMSMS-_2.mzXML	25.0	9910.7	0.0	0.0	[5.0..8.0]	[0.0..1.0]	[1.02..1.09]	[10108.914..10802.663]	[0.477..0.494]	[0.01..0.49]	[1.018..1.043]	[10089.093..10336.86]	[0.477..0.483]	[0.015..0.486]	0.8740563	[8835.76..9442.136]
Group-1	PG 37:4:0	317.25	240116_PG_FTMSMS-_2.mzXML	30.0	9572.1	0.0	0.0	[5.0..8.0]	[0.0..1.0]	[1.214..1.498]	[11620.528..14339.006]	[0.382..0.432]	[0.01..0.49]	[1.213..1.463]	[11610.957..14003.982]	[0.382..0.427]	[0.015..0.486]	0.8740563	[10156.996..12533.098]
Group-1	PG 37:4:0	317.25	240116_PG_FTMSMS-_2.mzXML	35.0	5751.9	0.0	0.0	[5.0..8.0]	[1.0..1.0]	[1.628..2.331]	[9364.093..13407.679]	[0.29..0.369]	[0.01..0.49]	[1.629..2.329]	[9369.845..13396.175]	[0.291..0.369]	[0.015..0.486]	0.8740563	[8184.7446..11719.066]
Group-1	PG 37:4:0	331.26	240116_PG_FTMSMS-_2.mzXML	25.0	34039.7	610.2	0.017926129	[7.7..8.8]	[1.0..1.0]	[0.99..0.995]	[33699.3..33869.5]	[0.986..0.986]	[1.0..1.0]	[0.99..0.995]	[33699.3..33869.5]	[0.986..0.986]	[1.0..1.0]	0.8740563	[29455.088..29603.85]
Group-1	PG 37:4:0	331.26	240116_PG_FTMSMS-_2.mzXML	30.0	41476.2	1182.0	0.028498271	[7.4..8.4]	[1.0..1.0]	[1.129..1.206]	[46826.625..50020.297]	[1.0..1.0]	[1.0..1.0]	[1.129..1.206]	[46826.625..50020.297]	[1.0..1.0]	[1.0..1.0]	0.8740563	[40929.105..43720.55]
Group-1	PG 37:4:0	331.26	240116_PG_FTMSMS-_2.mzXML	35.0	29285.4	1237.8	0.042266797	[7.0..7.8]	[1.0..1.0]	[1.462..1.661]	[42815.254..48643.05]	[0.985..0.987]	[1.0..1.0]	[1.462..1.661]	[42815.254..48643.05]	[0.985..0.987]	[1.0..1.0]	0.8740563	[37422.94..42516.76]
Group-1	PG 38:1:0	255.23	240116_PG_FTMSMS-_2.mzXML	25.0	331409.2	0.0	0.0	[0.0..0.0]	[0.0..0.0]	[1.0..1.0]	[331409.2..331409.2]	[1.0..1.0]	[1.0..1.0]	[1.0..1.0]	[331409.2..331409.2]	[1.0..1.0]	[1.0..1.0]	0.8552974	[283453.4..283453.4]
Group-1	PG 38:1:0	255.23	240116_PG_FTMSMS-_2.mzXML	30.0	678547.0	0.0	0.0	[0.0..0.0]	[1.0..1.0]	[1.0..1.0]	[678547.0..678547.0]	[1.0..1.0]	[1.0..1.0]	[1.0..1.0]	[678547.0..678547.0]	[1.0..1.0]	[1.0..1.0]	0.8552974	[580359.5..580359.5]
Group-1	PG 38:1:0	255.23	240116_PG_FTMSMS-_2.mzXML	35.0	772579.4	0.0	0.0	[0.0..0.0]	[0.0..0.0]	[1.0..1.0]	[772579.4..772579.4]	[1.0..1.0]	[1.0..1.0]	[1.0..1.0]	[772579.4..772579.4]	[1.0..1.0]	[1.0..1.0]	0.8552974	[660785.1..660785.1]
Group-1	PG 38:1:0	281.25	240116_PG_FTMSMS-_2.mzXML	25.0	152322.8	0.0	0.0	[9.0..9.0]	[0.0..1.0]	[0.925..0.958]	[140898.6..145925.23]	[0.941..0.942]	[1.0..1.0]	[0.958..0.958]	[145925.23..145925.23]	[0.943..0.943]	[1.0..1.0]	0.8552974	[120510.195..124809.48]
Group-1	PG 38:1:0	281.25	240116_PG_FTMSMS-_2.mzXML	30.0	261755.7	0.0	0.0	[9.0..9.0]	[0.0..1.0]	[0.911..0.937]	[238459.45..245265.1]	[0.959..0.96]	[1.0..1.0]	[0.937..0.937]	[245265.1..245265.1]	[0.96..0.96]	[1.0..1.0]	0.8552974	[203953.75..209774.6]
Group-1	PG 38:1:0	281.25	240116_PG_FTMSMS-_2.mzXML	35.0	275118.1	0.0	0.0	[9.0..9.0]	[0.0..1.0]	[0.912..0.936]	[250907.7..257510.53]	[0.951..0.951]	[1.0..1.0]	[0.936..0.936]	[257510.53..257510.53]	[0.952..0.952]	[1.0..1.0]	0.8552974	[214600.7..220248.08]
Group-1	PG 38:1:0	283.26	240116_PG_FTMSMS-_2.mzXML	25.0	25071.3	0.0	0.0	[0.0..0.0]	[0.0..0.0]	[1.009..1.009]	[25296.941..25296.941]	[0.32..0.32]	[0.08..0.14]	[1.009..1.009]	[25296.941..25296.941]	[0.32..0.32]	[0.084..0.137]	0.8552974	[21636.408..21636.408]
Group-1	PG 38:1:0	283.26	240116_PG_FTMSMS-_2.mzXML	30.0	30436.0	0.0	0.0	[0.0..0.0]	[1.0..1.0]	[0.976..0.976]	[29705.537..29705.537]	[0.32..0.32]	[0.08..0.14]	[0.976..0.976]	[29705.537..29705.537]	[0.32..0.32]	[0.084..0.137]	0.8552974	[25407.068..25407.068]
Group-1	PG 38:1:0	283.26	240116_PG_FTMSMS-_2.mzXML	35.0	38287.5	0.0	0.0	[0.0..0.0]	[0.0..1.0]	[0.963..0.976]	[36870.863..37368.6]	[0.34..0.343]	[0.08..0.14]	[0.964..0.965]	[36909.15..36947.438]	[0.338..0.338]	[0.084..0.137]	0.8552974	[31535.553..31961.268]
Group-1	PG 38:1:0	309.28	240116_PG_FTMSMS-_2.mzXML	25.0	56924.6	0.0	0.0	[11.0..11.0]	[1.0..1.0]	[0.946..0.946]	[53850.67..53850.67]	[0.68..0.68]	[0.86..0.92]	[0.946..0.946]	[53850.67..53850.67]	[0.68..0.68]	[0.863..0.916]	0.8552974	[46058.34..46058.34]
Group-1	PG 38:1:0	309.28	240116_PG_FTMSMS-_2.mzXML	30.0	71935.9	0.0	0.0	[11.0..11.0]	[0.0..0.0]	[0.876..0.876]	[63015.848..63015.848]	[0.68..0.68]	[0.86..0.92]	[0.876..0.876]	[63015.848..63015.848]	[0.68..0.68]	[0.863..0.916]	0.8552974	[53897.29..53897.29]
Group-1	PG 38:1:0	309.28	240116_PG_FTMSMS-_2.mzXML	35.0	82610.7	0.0	0.0	[11.0..11.0]	[0.0..1.0]	[0.856..0.879]	[70714.766..72614.81]	[0.657..0.66]	[0.86..0.92]	[0.876..0.877]	[72366.98..72449.586]	[0.662..0.662]	[0.863..0.916]	0.8552974	[60482.152..62107.258]
Group-1	PG 38:1:0	311.29	240116_PG_FTMSMS-_2.mzXML	25.0	8766.6	0.0	0.0	[0.0..0.0]	[0.0..1.0]	[1.009..1.016]	[8845.498..8906.865]	[0.058..0.059]	[0.0..0.0]	[1.009..1.009]	[8845.498..8845.498]	[0.057..0.057]	[0.0..0.0]	0.8552974	[7565.5317..7618.019]
Group-1	PG 38:1:0	311.29	240116_PG_FTMSMS-_2.mzXML	30.0	10586.5	0.0	0.0	[0.0..0.0]	[0.0..1.0]	[0.957..0.965]	[10131.28..10215.973]	[0.04..0.041]	[0.0..0.0]	[0.957..0.957]	[10131.28..10131.28]	[0.04..0.04]	[0.0..0.0]	0.8552974	[8665.258..8737.694]
Group-1	PG 38:1:0	311.29	240116_PG_FTMSMS-_2.mzXML	35.0	13965.3	0.0	0.0	[0.0..0.0]	[0.0..1.0]	[0.932..0.946]	[13015.659..13211.173]	[0.049..0.049]	[0.0..0.0]	[0.932..0.932]	[13015.659..13015.659]	[0.048..0.048]	[0.0..0.0]	0.8552974	[11132.259..11299.482]
Group-1	PG 38:1:0	337.31	240116_PG_FTMSMS-_2.mzXML	25.0	0.0	0.0	0.0	[13.0..13.0]	[1.0..1.0]	[0.934..0.934]	[0.0..0.0]	[0.0..0.0]	[0.0..0.0]	[0.934..0.934]	[0.0..0.0]	[0.0..0.0]	[0.0..0.0]	0.8552974	[0.0..0.0]
Group-1	PG 38:1:0	337.31	240116_PG_FTMSMS-_2.mzXML	30.0	0.0	0.0	0.0	[13.0..13.0]	[0.0..0.0]	[0.851..0.851]	[0.0..0.0]	[0.0..0.0]	[0.0..0.0]	[0.851..0.851]	[0.0..0.0]	[0.0..0.0]	[0.0..0.0]	0.8552974	[0.0..0.0]
Group-1	PG 38:1:0	337.31	240116_PG_FTMSMS-_2.mzXML	35.0	0.0	0.0	0.0	[13.0..13.0]	[1.0..1.0]	[0.831..0.831]	[0.0..0.0]	[0.0..0.0]	[0.0..0.0]	[0.831..0.831]	[0.0..0.0]	[0.0..0.0]	[0.0..0.0]	0.8552974	[0.0..0.0]
Group-1	PG 38:2:0	255.23	240116_PG_FTMSMS-_2.mzXML	25.0	92679.4	0.0	0.0	[0.0..0.0]	[0.0..0.0]	[1.0..1.0]	[92679.4..92679.4]	[0.962..0.962]	[1.0..1.0]	[1.0..1.0]	[92679.4..92679.4]	[0.962..0.962]	[1.0..1.0]	0.8571377	[79439.01..79439.01]
Group-1	PG 38:2:0	255.23	240116_PG_FTMSMS-_2.mzXML	30.0	105747.8	0.0	0.0	[0.0..0.0]	[1.0..1.0]	[1.0..1.0]	[105747.8..105747.8]	[0.958..0.958]	[1.0..1.0]	[1.0..1.0]	[105747.8..105747.8]	[0.958..0.958]	[1.0..1.0]	0.8571377	[90640.42..90640.42]
Group-1	PG 38:2:0	255.23	240116_PG_FTMSMS-_2.mzXML	35.0	114549.6	0.0	0.0	[0.0..0.0]	[0.0..1.0]	[1.0..1.0]	[114549.6..114549.6]	[0.96..0.961]	[1.0..1.0]	[1.0..1.0]	[114549.6..114549.6]	[0.961..0.961]	[1.0..1.0]	0.8571377	[98184.78..98184.78]
Group-1	PG 38:2:0	279.23	240116_PG_FTMSMS-_2.mzXML	25.0	81190.0	0.0	0.0	[9.0..9.0]	[0.0..1.0]	[0.917..0.946]	[74451.23..76805.74]	[0.88..0.883]	[1.0..1.0]	[0.946..0.946]	[76805.74..76805.74]	[0.883..0.883]	[1.0..1.0]	0.8571377	[63814.953..65833.09]
Group-1	PG 38:2:0	279.23	240116_PG_FTMSMS-_2.mzXML	30.0	122801.8	0.0	0.0	[9.0..9.0]	[0.0..1.0]	[0.935..0.957]	[114819.68..117521.32]	[0.877..0.879]	[1.0..1.0]	[0.957..0.957]	[117521.32..117521.32]	[0.88..0.88]	[1.0..1.0]	0.8571377	[98416.27..100731.95]
Group-1	PG 38:2:0	279.23	240116_PG_FTMSMS-_2.mzXML	35.0	123368.3	0.0	0.0	[9.0..9.0]	[0.0..1.0]	[0.992..1.01]	[122381.35..124601.98]	[0.88..0.88]	[1.0..1.0]	[1.01..1.01]	[124601.98..124601.98]	[0.882..0.882]	[1.0..1.0]	0.8571377	[104897.664..106801.055]
Group-1	PG 38:2:0	281.25	240116_PG_FTMSMS-_2.mzXML	25.0	129072.2	0.0	0.0	[9.0..9.0]	[0.0..0.0]	[0.925..0.925]	[119391.79..119391.79]	[0.755..0.755]	[1.0..1.0]	[0.925..0.925]	[119391.79..119391.79]	[0.755..0.755]	[1.0..1.0]	0.8571377	[102335.2..102335.2]
Group-1	PG 38:2:0	281.25	240116_PG_FTMSMS-_2.mzXML	30.0	210421.5	0.0	0.0	[9.0..9.0]	[1.0..1.0]	[0.937..0.937]	[197164.94..197164.94]	[0.784..0.784]	[1.0..1.0]	[0.937..0.937]	[197164.94..197164.94]	[0.784..0.784]	[1.0..1.0]	0.8571377	[168997.5..168997.5]
Group-1	PG 38:2:0	281.25	240116_PG_FTMSMS-_2.mzXML	35.0	219649.5	0.0	0.0	[9.0..9.0]	[0.0..1.0]	[0.912..0.936]	[200320.34..205591.94]	[0.786..0.787]	[1.0..1.0]	[0.936..0.936]	[205591.94..205591.94]	[0.791..0.791]	[1.0..1.0]	0.8571377	[171702.11..176220.6]
Group-1	PG 38:2:0	283.26	240116_PG_FTMSMS-_2.mzXML	25.0	37955.3	0.0	0.0	[0.0..0.0]	[0.0..0.0]	[1.009..1.009]	[38296.895..38296.895]	[0.283..0.283]	[0.0..0.06]	[1.009..1.009]	[38296.895..38296.895]	[0.283..0.283]	[0.0..0.061]	0.8571377	[32825.71..32825.71]
Group-1	PG 38:2:0	283.26	240116_PG_FTMSMS-_2.mzXML	30.0	58095.5	0.0	0.0	[0.0..0.0]	[0.0..0.0]	[0.985..0.985]	[57224.066..57224.066]	[0.29..0.29]	[0.0..0.06]	[0.985..0.985]	[57224.066..57224.066]	[0.29..0.29]	[0.0..0.061]	0.8571377	[49048.906..49048.906]
Group-1	PG 38:2:0	283.26	240116_PG_FTMSMS-_2.mzXML	35.0	64383.9	0.0	0.0	[0.0..0.0]	[0.0..0.0]	[0.976..0.976]	[62838.688..62838.688]	[0.31..0.31]	[0.0..0.06]	[0.976..0.976]	[62838.688..62838.688]	[0.31..0.31]	[0.0..0.061]	0.8571377	[53861.406..53861.406]
Group-1	PG 38:2:0	307.26	240116_PG_FTMSMS-_2.mzXML	25.0	104302.5	0.0	0.0	[11.0..11.0]	[1.0..1.0]	[0.928..0.928]	[96792.72..96792.72]	[0.717..0.717]	[0.94..1.0]	[0.928..0.928]	[96792.72..96792.72]	[0.717..0.717]	[0.939..1.0]	0.8571377	[82964.69..82964.69]
Group-1	PG 38:2:0	307.26	240116_PG_FTMSMS-_2.mzXML	30.0	156183.5	0.0	0.0	[11.0..11.0]	[1.0..1.0]	[0.899..0.899]	[140408.97..140408.97]	[0.71..0.71]	[0.94..1.0]	[0.899..0.899]	[140408.97..140408.97]	[0.71..0.71]	[0.939..1.0]	0.8571377	[120349.82..120349.82]
Group-1	PG 38:2:0	307.26	240116_PG_FTMSMS-_2.mzXML	35.0	152989.8	0.0	0.0	[11.0..11.0]	[1.0..1.0]	[0.916..0.916]	[140138.66..140138.66]	[0.69..0.69]	[0.94..1.0]	[0.916..0.916]	[140138.66..140138.66]	[0.69..0.69]	[0.939..1.0]	0.8571377	[120118.12..120118.12]
Group-1	PG 38:2:0	309.28	240116_PG_FTMSMS-_2.mzXML	25.0	40944.9	0.0	0.0	[11.0..11.0]	[1.0..1.0]	[0.946..0.946]	[38733.875..38733.875]	[0.245..0.245]	[0.0..0.0]	[0.946..0.946]	[38733.875..38733.875]	[0.245..0.245]	[0.0..0.0]	0.8571377	[33200.26..33200.26]
Group-1	PG 38:2:0	309.28	240116_PG_FTMSMS-_2.mzXML	30.0	61889.3	0.0	0.0	[11.0..11.0]	[0.0..0.0]	[0.876..0.876]	[54215.027..54215.027]	[0.216..0.216]	[0.0..0.0]	[0.876..0.876]	[54215.027..54215.027]	[0.216..0.216]	[0.0..0.0]	0.8571377	[46469.742..46469.742]
Group-1	PG 38:2:0	309.28	240116_PG_FTMSMS-_2.mzXML	35.0	63500.1	0.0	0.0	[11.0..11.0]	[0.0..1.0]	[0.856..0.879]	[54356.086..55816.59]	[0.213..0.214]	[0.0..0.0]	[0.856..0.856]	[54356.086..54356.086]	[0.209..0.209]	[0.0..0.0]	0.8571377	[46590.65..47842.5]
Group-1	PG 38:2:0	311.29	240116_PG_FTMSMS-_2.mzXML	25.0	10038.8	0.0	0.0	[0.0..0.0]	[0.0..1.0]	[1.009..1.016]	[10129.148..10199.421]	[0.117..0.12]	[0.0..0.0]	[1.009..1.009]	[10129.148..10129.148]	[0.117..0.117]	[0.0..0.0]	0.8571377	[8682.075..8742.309]
Group-1	PG 38:2:0	311.29	240116_PG_FTMSMS-_2.mzXML	30.0	16782.4	0.0	0.0	[0.0..0.0]	[0.0..1.0]	[0.957..0.965]	[16060.758..16195.016]	[0.121..0.123]	[0.0..0.0]	[0.957..0.957]	[16060.758..16060.758]	[0.12..0.12]	[0.0..0.0]	0.8571377	[13766.281..13881.358]
Group-1	PG 38:2:0	311.29	240116_PG_FTMSMS-_2.mzXML	35.0	17924.7	0.0	0.0	[0.0..0.0]	[0.0..1.0]	[0.932..0.946]	[16705.82..16956.766]	[0.12..0.12]	[0.0..0.0]	[0.932..0.932]	[16705.82..16705.82]	[0.118..0.118]	[0.0..0.0]	0.8571377	[14319.1875..14534.283]
Group-1	PG 38:2:0	335.29	240116_PG_FTMSMS-_2.mzXML	25.0	3946.2	0.0	0.0	[13.0..13.0]	[1.0..1.0]	[0.926..0.926]	[3654.181..3654.181]	[0.038..0.038]	[0.0..0.0]	[0.926..0.926]	[3654.1812..3654.1812]	[0.038..0.038]	[0.0..0.0]	0.8571377	[3132.1365..3132.1365]
Group-1	PG 38:2:0	335.29	240116_PG_FTMSMS-_2.mzXML	30.0	5454.8	0.0	0.0	[13.0..13.0]	[0.0..0.0]	[0.849..0.849]	[4631.125..4631.125]	[0.042..0.042]	[0.0..0.0]	[0.849..0.849]	[4631.125..4631.125]	[0.042..0.042]	[0.0..0.0]	0.8571377	[3969.5117..3969.5117]
Group-1	PG 38:2:0	335.29	240116_PG_FTMSMS-_2.mzXML	35.0	5480.8	0.0	0.0	[13.0..13.0]	[0.0..1.0]	[0.843..0.861]	[4620.314..4718.969]	[0.039..0.04]	[0.0..0.0]	[0.843..0.843]	[4620.314..4620.314]	[0.039..0.039]	[0.0..0.0]	0.8571377	[3960.245..4044.8057]
Group-1	PG 38:3:0	255.23	240116_PG_FTMSMS-_2.mzXML	25.0	9943.1	0.0	0.0	[0.0..0.0]	[0.0..0.0]	[1.0..1.0]	[9943.1..9943.1]	[0.297..0.297]	[0.03..0.27]	[1.0..1.0]	[9943.1..9943.1]	[0.297..0.297]	[0.032..0.267]	0.8589958	[8541.081..8541.081]
Group-1	PG 38:3:0	255.23	240116_PG_FTMSMS-_2.mzXML	30.0	23499.3	0.0	0.0	[0.0..0.0]	[0.0..0.0]	[1.0..1.0]	[23499.3..23499.3]	[0.375..0.375]	[0.03..0.27]	[1.0..1.0]	[23499.3..23499.3]	[0.375..0.375]	[0.032..0.267]	0.8589958	[20185.8..20185.8]
Group-1	PG 38:3:0	255.23	240116_PG_FTMSMS-_2.mzXML	35.0	21696.9	0.0	0.0	[0.0..0.0]	[0.0..0.0]	[1.0..1.0]	[21696.9..21696.9]	[0.399..0.399]	[0.03..0.27]	[1.0..1.0]	[21696.9..21696.9]	[0.399..0.399]	[0.032..0.267]	0.8589958	[18637.547..18637.547]
Group-1	PG 38:3:0	279.23	240116_PG_FTMSMS-_2.mzXML	25.0	110655.6	0.0	0.0	[9.0..9.0]	[0.0..0.0]	[0.917..0.917]	[101471.19..101471.19]	[0.805..0.805]	[1.0..1.0]	[0.917..0.917]	[101471.19..101471.19]	[0.805..0.805]	[1.0..1.0]	0.8589958	[87163.32..87163.32]
Group-1	PG 38:3:0	279.23	240116_PG_FTMSMS-_2.mzXML	30.0	164881.2	0.0	0.0	[9.0..9.0]	[0.0..0.0]	[0.935..0.935]	[154163.92..154163.92]	[0.821..0.821]	[1.0..1.0]	[0.935..0.935]	[154163.92..154163.92]	[0.821..0.821]	[1.0..1.0]	0.8589958	[132426.17..132426.17]
Group-1	PG 38:3:0	279.23	240116_PG_FTMSMS-_2.mzXML	35.0	168019.9	0.0	0.0	[9.0..9.0]	[0.0..0.0]	[0.992..0.992]	[166675.75..166675.75]	[0.837..0.837]	[1.0..1.0]	[0.992..0.992]	[166675.75..166675.75]	[0.837..0.837]	[1.0..1.0]	0.8589958	[143173.77..143173.77]
Group-1	PG 38:3:0	281.25	240116_PG_FTMSMS-_2.mzXML	25.0	115104.1	0.0	0.0	[9.0..9.0]	[0.0..0.0]	[0.925..0.925]	[106471.3..106471.3]	[0.691..0.691]	[0.92..0.98]	[0.925..0.925]	[106471.3..106471.3]	[0.691..0.691]	[0.923..0.976]	0.8589958	[91458.39..91458.39]
Group-1	PG 38:3:0	281.25	240116_PG_FTMSMS-_2.mzXML	30.0	157922.0	0.0	0.0	[9.0..9.0]	[0.0..0.0]	[0.911..0.911]	[143866.94..143866.94]	[0.683..0.683]	[0.92..0.98]	[0.911..0.911]	[143866.94..143866.94]	[0.683..0.683]	[0.923..0.976]	0.8589958	[123581.09..123581.09]
Group-1	PG 38:3:0	281.25	240116_PG_FTMSMS-_2.mzXML	35.0	163054.9	0.0	0.0	[9.0..9.0]	[0.0..0.0]	[0.912..0.912]	[148706.08..148706.08]	[0.706..0.706]	[0.92..0.98]	[0.912..0.912]	[148706.08..148706.08]	[0.706..0.706]	[0.923..0.976]	0.8589958	[127737.9..127737.9]
Group-1	PG 38:3:0	283.26	240116_PG_FTMSMS-_2.mzXML	25.0	274228.7	0.0	0.0	[0.0..0.0]	[0.0..0.0]	[1.009..1.009]	[276696.72..276696.72]	[0.277..0.28]	[0.0..0.02]	[1.009..1.009]	[276696.72..276696.72]	[0.277..0.281]	[0.0..0.022]	0.8589958	[237681.33..237681.33]
Group-1	PG 38:3:0	283.26	240116_PG_FTMSMS-_2.mzXML	30.0	367590.6	0.0	0.0	[0.0..0.0]	[0.0..0.0]	[0.985..0.985]	[362076.75..362076.75]	[0.239..0.273]	[0.0..0.02]	[0.985..0.985]	[362076.75..362076.75]	[0.239..0.273]	[0.0..0.022]	0.8589958	[311022.4..311022.4]
Group-1	PG 38:3:0	283.26	240116_PG_FTMSMS-_2.mzXML	35.0	353856.7	0.0	0.0	[0.0..0.0]	[0.0..0.0]	[0.976..0.976]	[345364.12..345364.12]	[0.227..0.293]	[0.0..0.02]	[0.976..0.976]	[345364.12..345364.12]	[0.227..0.293]	[0.0..0.022]	0.8589958	[296666.34..296666.34]
Group-1	PG 38:3:0	305.25	240116_PG_FTMSMS-_2.mzXML	25.0	736846.4	0.0	0.0	[5.0..11.0]	[1.0..1.0]	[0.966..0.981]	[711793.6..722846.3]	[0.72..0.723]	[0.98..1.0]	[0.962..0.981]	[708846.25..722846.3]	[0.719..0.723]	[0.979..1.0]	0.8589958	[611427.75..620921.94]
Group-1	PG 38:3:0	305.25	240116_PG_FTMSMS-_2.mzXML	30.0	977203.3	0.0	0.0	[5.0..11.0]	[1.0..1.0]	[0.987..1.177]	[964499.7..1150168.4]	[0.727..0.761]	[0.98..1.0]	[0.985..1.177]	[962545.25..1150168.4]	[0.727..0.761]	[0.979..1.0]	0.8589958	[828501.2..987989.8]
Group-1	PG 38:3:0	305.25	240116_PG_FTMSMS-_2.mzXML	35.0	765650.2	0.0	0.0	[5.0..11.0]	[1.0..1.0]	[1.087..1.54]	[832261.75..1179101.2]	[0.707..0.773]	[0.98..1.0]	[1.087..1.54]	[832261.75..1179101.2]	[0.707..0.773]	[0.979..1.0]	0.8589958	[714909.4..1012843.06]
Group-1	PG 38:3:0	307.26	240116_PG_FTMSMS-_2.mzXML	25.0	51189.3	0.0	0.0	[11.0..11.0]	[1.0..1.0]	[0.928..0.928]	[47503.668..47503.668]	[0.309..0.309]	[0.02..0.08]	[0.928..0.928]	[47503.668..47503.668]	[0.309..0.309]	[0.024..0.077]	0.8589958	[40805.453..40805.453]
Group-1	PG 38:3:0	307.26	240116_PG_FTMSMS-_2.mzXML	30.0	74424.3	0.0	0.0	[11.0..11.0]	[1.0..1.0]	[0.899..0.899]	[66907.445..66907.445]	[0.317..0.317]	[0.02..0.08]	[0.899..0.899]	[66907.445..66907.445]	[0.317..0.317]	[0.024..0.077]	0.8589958	[57473.21..57473.21]
Group-1	PG 38:3:0	307.26	240116_PG_FTMSMS-_2.mzXML	35.0	67740.4	0.0	0.0	[11.0..11.0]	[1.0..1.0]	[0.916..0.916]	[62050.207..62050.207]	[0.294..0.294]	[0.02..0.08]	[0.916..0.916]	[62050.207..62050.207]	[0.294..0.294]	[0.024..0.077]	0.8589958	[53300.867..53300.867]
Group-1	PG 38:3:0	309.28	240116_PG_FTMSMS-_2.mzXML	25.0	25922.3	0.0	0.0	[11.0..11.0]	[1.0..1.0]	[0.946..0.946]	[24522.496..24522.496]	[0.195..0.195]	[0.0..0.0]	[0.946..0.946]	[24522.496..24522.496]	[0.195..0.195]	[0.0..0.0]	0.8589958	[21064.72..21064.72]
Group-1	PG 38:3:0	309.28	240116_PG_FTMSMS-_2.mzXML	30.0	37443.4	0.0	0.0	[11.0..11.0]	[1.0..1.0]	[0.899..0.899]	[33661.613..33661.613]	[0.179..0.179]	[0.0..0.0]	[0.899..0.899]	[33661.613..33661.613]	[0.179..0.179]	[0.0..0.0]	0.8589958	[28915.186..28915.186]
Group-1	PG 38:3:0	309.28	240116_PG_FTMSMS-_2.mzXML	35.0	37008.0	0.0	0.0	[11.0..11.0]	[1.0..1.0]	[0.879..0.879]	[32530.033..32530.033]	[0.163..0.163]	[0.0..0.0]	[0.879..0.879]	[32530.033..32530.033]	[0.163..0.163]	[0.0..0.0]	0.8589958	[27943.162..27943.162]
Group-1	PG 38:3:0	333.28	240116_PG_FTMSMS-_2.mzXML	25.0	24438.1	0.0	0.0	[13.0..13.0]	[1.0..1.0]	[0.961..0.961]	[23485.014..23485.014]	[0.703..0.703]	[0.73..0.97]	[0.961..0.961]	[23485.014..23485.014]	[0.703..0.703]	[0.733..0.968]	0.8589958	[20173.53..20173.53]
Group-1	PG 38:3:0	333.28	240116_PG_FTMSMS-_2.mzXML	30.0	41669.9	0.0	0.0	[13.0..13.0]	[1.0..1.0]	[0.94..0.94]	[39169.703..39169.703]	[0.625..0.625]	[0.73..0.97]	[0.94..0.94]	[39169.703..39169.703]	[0.625..0.625]	[0.733..0.968]	0.8589958	[33646.61..33646.61]
Group-1	PG 38:3:0	333.28	240116_PG_FTMSMS-_2.mzXML	35.0	32756.0	0.0	0.0	[13.0..13.0]	[1.0..1.0]	[0.997..0.997]	[32657.73..32657.73]	[0.601..0.601]	[0.73..0.97]	[0.997..0.997]	[32657.73..32657.73]	[0.601..0.601]	[0.733..0.968]	0.8589958	[28052.854..28052.854]
Group-1	PG 38:4:0	255.23	240116_PG_FTMSMS-_2.mzXML	25.0	116587.2	0.0	0.0	[0.0..0.0]	[0.0..0.0]	[1.0..1.0]	[116587.2..116587.2]	[0.283..0.285]	[0.0..0.08]	[1.0..1.0]	[116587.2..116587.2]	[0.283..0.288]	[0.0..0.084]	0.8608626	[100365.56..100365.56]
Group-1	PG 38:4:0	255.23	240116_PG_FTMSMS-_2.mzXML	30.0	170220.3	0.0	0.0	[0.0..0.0]	[0.0..0.0]	[1.0..1.0]	[170220.3..170220.3]	[0.286..0.31]	[0.0..0.08]	[1.0..1.0]	[170220.3..170220.3]	[0.286..0.312]	[0.0..0.084]	0.8608626	[146536.3..146536.3]
Group-1	PG 38:4:0	255.23	240116_PG_FTMSMS-_2.mzXML	35.0	141788.4	0.0	0.0	[0.0..0.0]	[0.0..0.0]	[1.0..1.0]	[141788.4..141788.4]	[0.274..0.32]	[0.0..0.08]	[1.0..1.0]	[141788.4..141788.4]	[0.274..0.32]	[0.0..0.084]	0.8608626	[122060.336..122060.336]
Group-1	PG 38:4:0	281.25	240116_PG_FTMSMS-_2.mzXML	25.0	64939.0	0.0	0.0	[9.0..9.0]	[0.0..0.0]	[0.925..0.925]	[60068.574..60068.574]	[0.307..0.31]	[0.0..0.06]	[0.925..0.925]	[60068.574..60068.574]	[0.307..0.312]	[0.0..0.062]	0.8608626	[51710.793..51710.793]
Group-1	PG 38:4:0	281.25	240116_PG_FTMSMS-_2.mzXML	30.0	60939.0	0.0	0.0	[9.0..9.0]	[0.0..0.0]	[0.911..0.911]	[55515.43..55515.43]	[0.237..0.271]	[0.0..0.06]	[0.911..0.911]	[55515.43..55515.43]	[0.237..0.272]	[0.0..0.062]	0.8608626	[47791.156..47791.156]
Group-1	PG 38:4:0	281.25	240116_PG_FTMSMS-_2.mzXML	35.0	54485.0	0.0	0.0	[9.0..9.0]	[0.0..0.0]	[0.912..0.912]	[49690.32..49690.32]	[0.205..0.267]	[0.0..0.06]	[0.912..0.912]	[49690.32..49690.32]	[0.205..0.268]	[0.0..0.062]	0.8608626	[42776.535..42776.535]
Group-1	PG 38:4:0	283.26	240116_PG_FTMSMS-_2.mzXML	25.0	2122925.5	0.0	0.0	[0.0..0.0]	[0.0..1.0]	[1.002..1.009]	[2127171.2..2142031.8]	[0.239..0.24]	[0.0..0.04]	[1.002..1.002]	[2127171.2..2127171.2]	[0.238..0.244]	[0.0..0.04]	0.8608626	[1831202.2..1843995.1]
Group-1	PG 38:4:0	283.26	240116_PG_FTMSMS-_2.mzXML	30.0	2854012.0	0.0	0.0	[0.0..0.0]	[0.6..1.0]	[0.976..0.979]	[2785515.8..2794077.8]	[0.251..0.26]	[0.0..0.04]	[0.976..0.976]	[2785515.8..2785515.8]	[0.246..0.262]	[0.0..0.04]	0.8608626	[2397946.5..2405317.0]
Group-1	PG 38:4:0	283.26	240116_PG_FTMSMS-_2.mzXML	35.0	2980585.0	0.0	0.0	[0.0..0.0]	[0.0..0.0]	[0.976..0.976]	[2909051.0..2909051.0]	[0.275..0.301]	[0.0..0.04]	[0.976..0.976]	[2909051.0..2909051.0]	[0.275..0.301]	[0.0..0.04]	0.8608626	[2504293.2..2504293.2]
Group-1	PG 38:4:0	303.23	240116_PG_FTMSMS-_2.mzXML	25.0	5977829.0	379951.3	0.06356008	[5.0..6.2]	[0.0..1.0]	[1.124..1.138]	[6719079.5..6802769.5]	[0.76..0.761]	[0.96..1.0]	[1.101..1.138]	[6581589.5..6802769.5]	[0.756..0.762]	[0.96..1.0]	0.8608626	[5784204.5..5856250.0]
Group-1	PG 38:4:0	303.23	240116_PG_FTMSMS-_2.mzXML	30.0	5340402.5	538408.1	0.10081789	[5.0..5.3]	[0.0..0.4]	[1.482..1.56]	[7914476.5..8331027.5]	[0.74..0.749]	[0.96..1.0]	[1.47..1.598]	[7850392.0..8533963.0]	[0.738..0.754]	[0.96..1.0]	0.8608626	[6813277.0..7171870.5]
Group-1	PG 38:4:0	303.23	240116_PG_FTMSMS-_2.mzXML	35.0	3047338.5	378888.8	0.124334335	[5.0..5.0]	[1.0..1.0]	[2.214..2.521]	[6746807.5..7682340.0]	[0.699..0.725]	[0.96..1.0]	[2.213..2.521]	[6743760.5..7682340.0]	[0.699..0.725]	[0.96..1.0]	0.8608626	[5808074.0..6613439.5]
Group-1	PG 38:4:0	305.25	240116_PG_FTMSMS-_2.mzXML	25.0	138488.3	0.0	0.0	[5.0..11.0]	[1.0..1.0]	[0.966..0.981]	[133779.7..135857.02]	[0.69..0.693]	[0.94..1.0]	[0.955..0.981]	[132256.33..135857.02]	[0.688..0.693]	[0.938..1.0]	0.8608626	[115165.94..116954.234]
Group-1	PG 38:4:0	305.25	240116_PG_FTMSMS-_2.mzXML	30.0	151470.7	0.0	0.0	[5.0..11.0]	[1.0..1.0]	[0.987..1.177]	[149501.58..178281.03]	[0.729..0.763]	[0.94..1.0]	[0.981..1.177]	[148592.77..178281.03]	[0.728..0.763]	[0.938..1.0]	0.8608626	[128700.33..153475.47]
Group-1	PG 38:4:0	305.25	240116_PG_FTMSMS-_2.mzXML	35.0	125290.7	0.0	0.0	[5.0..11.0]	[1.0..1.0]	[1.087..1.54]	[136191.02..192947.66]	[0.733..0.795]	[0.94..1.0]	[1.086..1.54]	[136065.7..192947.67]	[0.732..0.795]	[0.938..1.0]	0.8608626	[117241.74..166101.45]
Group-1	PG 38:4:0	331.26	240116_PG_FTMSMS-_2.mzXML	25.0	296346.8	0.0	0.0	[7.0..10.0]	[1.0..1.0]	[0.986..0.995]	[292197.97..294865.1]	[0.715..0.717]	[0.92..1.0]	[0.971..0.995]	[287752.75..294865.1]	[0.712..0.717]	[0.916..1.0]	0.8608626	[251542.3..253838.33]
Group-1	PG 38:4:0	331.26	240116_PG_FTMSMS-_2.mzXML	30.0	351864.7	0.0	0.0	[7.0..10.0]	[1.0..1.0]	[1.078..1.206]	[379310.12..424348.8]	[0.69..0.714]	[0.92..1.0]	[1.069..1.206]	[376143.34..424348.8]	[0.688..0.714]	[0.916..1.0]	0.8608626	[326533.9..365306.03]
Group-1	PG 38:4:0	331.26	240116_PG_FTMSMS-_2.mzXML	35.0	226288.2	0.0	0.0	[7.0..10.0]	[1.0..1.0]	[1.33..1.661]	[300963.3..375864.72]	[0.68..0.726]	[0.92..1.0]	[1.329..1.661]	[300737.03..375864.72]	[0.68..0.726]	[0.916..1.0]	0.8608626	[259088.06..323567.88]
Group-1	PG 38:5:0	255.23	240116_PG_FTMSMS-_2.mzXML	25.0	883006.0	0.0	0.0	[0.0..0.0]	[0.0..1.0]	[1.0..1.0]	[883006.0..883006.0]	[0.226..0.228]	[0.0..0.01]	[1.0..1.0]	[883006.0..883006.0]	[0.226..0.232]	[0.0..0.015]	0.8627383	[761803.1..761803.1]
Group-1	PG 38:5:0	255.23	240116_PG_FTMSMS-_2.mzXML	30.0	1234271.1	0.0	0.0	[0.0..0.0]	[0.0..1.0]	[1.0..1.0]	[1234271.1..1234271.1]	[0.25..0.265]	[0.0..0.01]	[1.0..1.0]	[1234271.1..1234271.1]	[0.25..0.266]	[0.0..0.015]	0.8627383	[1064853.0..1064853.0]
Group-1	PG 38:5:0	255.23	240116_PG_FTMSMS-_2.mzXML	35.0	1219940.2	0.0	0.0	[0.0..0.0]	[0.0..0.0]	[1.0..1.0]	[1219940.2..1219940.2]	[0.266..0.29]	[0.0..0.01]	[1.0..1.0]	[1219940.2..1219940.2]	[0.266..0.29]	[0.0..0.015]	0.8627383	[1052489.2..1052489.2]
Group-1	PG 38:5:0	281.25	240116_PG_FTMSMS-_2.mzXML	25.0	205672.3	0.0	0.0	[9.0..9.0]	[0.0..1.0]	[0.925..0.958]	[190246.88..197034.06]	[0.257..0.257]	[0.0..0.08]	[0.925..0.928]	[190246.88..190863.89]	[0.251..0.261]	[0.0..0.079]	0.8627383	[164133.28..169988.84]
Group-1	PG 38:5:0	281.25	240116_PG_FTMSMS-_2.mzXML	30.0	243524.9	0.0	0.0	[9.0..9.0]	[0.0..1.0]	[0.911..0.937]	[221851.19..228182.83]	[0.251..0.27]	[0.0..0.08]	[0.911..0.913]	[221851.19..222338.23]	[0.246..0.272]	[0.0..0.079]	0.8627383	[191399.52..196862.06]
Group-1	PG 38:5:0	281.25	240116_PG_FTMSMS-_2.mzXML	35.0	256750.7	0.0	0.0	[9.0..9.0]	[0.0..0.0]	[0.912..0.912]	[234156.64..234156.64]	[0.273..0.318]	[0.0..0.08]	[0.912..0.912]	[234156.64..234156.64]	[0.273..0.318]	[0.0..0.079]	0.8627383	[202015.9..202015.9]
Group-1	PG 38:5:0	303.23	240116_PG_FTMSMS-_2.mzXML	25.0	500412.2	25206.8	0.050372075	[5.8..6.9]	[0.0..1.0]	[1.101..1.138]	[550953.8..569469.06]	[0.743..0.743]	[0.92..1.0]	[1.077..1.138]	[538943.94..569469.06]	[0.739..0.749]	[0.921..1.0]	0.8627383	[475328.94..491302.78]
Group-1	PG 38:5:0	303.23	240116_PG_FTMSMS-_2.mzXML	30.0	426432.5	41515.0	0.09735421	[5.0..5.4]	[0.0..1.0]	[1.408..1.598]	[600416.94..681439.1]	[0.73..0.749]	[0.92..1.0]	[1.394..1.598]	[594446.94..681439.1]	[0.728..0.754]	[0.921..1.0]	0.8627383	[518002.72..587903.7]
Group-1	PG 38:5:0	303.23	240116_PG_FTMSMS-_2.mzXML	35.0	247423.0	29320.5	0.11850353	[5.0..5.2]	[1.0..1.0]	[2.034..2.521]	[503258.38..623753.4]	[0.682..0.727]	[0.92..1.0]	[2.034..2.521]	[503258.38..623753.4]	[0.682..0.727]	[0.921..1.0]	0.8627383	[434180.25..538135.94]
Group-1	PG 38:5:0	329.25	240116_PG_FTMSMS-_2.mzXML	25.0	2240287.8	470940.8	0.21021444	[4.0..4.8]	[0.0..1.0]	[1.332..1.35]	[2984063.2..3024388.5]	[0.772..0.774]	[0.99..1.0]	[1.302..1.35]	[2916854.8..3024388.5]	[0.768..0.774]	[0.985..1.0]	0.8627383	[2574465.8..2609256.0]
Group-1	PG 38:5:0	329.25	240116_PG_FTMSMS-_2.mzXML	30.0	1577540.8	490823.8	0.31113225	[4.0..4.2]	[0.0..1.0]	[2.168..2.345]	[3420108.2..3699333.0]	[0.735..0.75]	[0.99..1.0]	[2.16..2.345]	[3407488.2..3699333.0]	[0.734..0.75]	[0.985..1.0]	0.8627383	[2950658.5..3191556.5]
Group-1	PG 38:5:0	329.25	240116_PG_FTMSMS-_2.mzXML	35.0	696835.4	260221.7	0.37343353	[4.0..4.3]	[1.0..1.0]	[4.286..4.843]	[2986636.2..3374773.8]	[0.71..0.734]	[0.99..1.0]	[4.285..4.843]	[2985939.5..3374773.8]	[0.71..0.734]	[0.985..1.0]	0.8627383	[2576685.5..2911546.5]
Group-1	PG 38:6:0	253.22	240116_PG_FTMSMS-_2.mzXML	25.0	31102.7	0.0	0.0	[9.0..9.0]	[0.0..1.0]	[0.97..1.014]	[30169.62..31538.139]	[0.586..0.604]	[0.7..1.0]	[1.001..1.014]	[31133.803..31538.139]	[0.594..0.612]	[0.698..1.0]	0.8646135	[26085.059..27268.299]
Group-1	PG 38:6:0	253.22	240116_PG_FTMSMS-_2.mzXML	30.0	46292.7	0.0	0.0	[9.0..9.0]	[0.0..1.0]	[0.979..1.013]	[45320.55..46894.504]	[0.68..0.74]	[0.7..1.0]	[1.003..1.013]	[46431.58..46894.504]	[0.685..0.745]	[0.698..1.0]	0.8646135	[39184.76..40545.62]
Group-1	PG 38:6:0	253.22	240116_PG_FTMSMS-_2.mzXML	35.0	48902.3	0.0	0.0	[9.0..9.0]	[0.0..0.0]	[0.99..0.99]	[48413.277..48413.277]	[1.0..1.0]	[0.7..1.0]	[0.99..0.99]	[48413.277..48413.277]	[1.0..1.0]	[0.698..1.0]	0.8646135	[41858.773..41858.773]
Group-1	PG 38:6:0	255.23	240116_PG_FTMSMS-_2.mzXML	25.0	484440.6	0.0	0.0	[0.0..0.0]	[0.0..0.0]	[1.0..1.0]	[484440.6..484440.6]	[0.235..0.235]	[0.0..0.04]	[1.0..1.0]	[484440.6..484440.6]	[0.235..0.235]	[0.0..0.04]	0.8646135	[418853.88..418853.88]
Group-1	PG 38:6:0	255.23	240116_PG_FTMSMS-_2.mzXML	30.0	619793.6	0.0	0.0	[0.0..0.0]	[0.0..0.0]	[1.0..1.0]	[619793.6..619793.6]	[0.26..0.26]	[0.0..0.04]	[1.0..1.0]	[619793.6..619793.6]	[0.26..0.26]	[0.0..0.04]	0.8646135	[535881.94..535881.94]
Group-1	PG 38:6:0	255.23	240116_PG_FTMSMS-_2.mzXML	35.0	640370.8	0.0	0.0	[0.0..0.0]	[0.0..0.0]	[1.0..1.0]	[640370.8..640370.8]	[0.301..0.301]	[0.0..0.04]	[1.0..1.0]	[640370.8..640370.8]	[0.301..0.301]	[0.0..0.04]	0.8646135	[553673.25..553673.25]
Group-1	PG 38:6:0	279.23	240116_PG_FTMSMS-_2.mzXML	25.0	12276.6	0.0	0.0	[9.0..9.0]	[0.0..1.0]	[0.917..0.946]	[11257.642..11613.663]	[0.246..0.252]	[0.0..0.5]	[0.917..0.931]	[11257.642..11429.515]	[0.243..0.262]	[0.0..0.498]	0.8646135	[9733.509..10041.33]
Group-1	PG 38:6:0	279.23	240116_PG_FTMSMS-_2.mzXML	30.0	17375.8	0.0	0.0	[9.0..9.0]	[0.0..1.0]	[0.935..0.957]	[16246.374..16628.643]	[0.289..0.329]	[0.0..0.5]	[0.935..0.946]	[16246.374..16437.508]	[0.286..0.335]	[0.0..0.498]	0.8646135	[14046.834..14377.348]
Group-1	PG 38:6:0	279.23	240116_PG_FTMSMS-_2.mzXML	35.0	22020.3	0.0	0.0	[9.0..9.0]	[0.0..0.0]	[0.992..0.992]	[21844.139..21844.139]	[0.409..0.499]	[0.0..0.5]	[0.992..0.992]	[21844.139..21844.139]	[0.409..0.499]	[0.0..0.498]	0.8646135	[18886.736..18886.736]
Group-1	PG 38:6:0	303.23	240116_PG_FTMSMS-_2.mzXML	25.0	31320.2	0.0	0.0	[5.0..8.0]	[0.0..1.0]	[1.065..1.138]	[33356.016..35642.387]	[0.748..0.754]	[0.5..1.0]	[1.012..1.138]	[31696.041..35642.387]	[0.738..0.757]	[0.502..1.0]	0.8646135	[28840.06..30816.889]
Group-1	PG 38:6:0	303.23	240116_PG_FTMSMS-_2.mzXML	30.0	25651.4	0.0	0.0	[5.0..8.0]	[0.0..1.0]	[1.291..1.598]	[33115.957..40990.938]	[0.671..0.711]	[0.5..1.0]	[1.257..1.598]	[32243.809..40990.938]	[0.665..0.714]	[0.502..1.0]	0.8646135	[28632.504..35441.32]
Group-1	PG 38:6:0	303.23	240116_PG_FTMSMS-_2.mzXML	35.0	12521.9	0.0	0.0	[5.0..8.0]	[1.0..1.0]	[1.752..2.521]	[21938.37..31567.707]	[0.501..0.591]	[0.5..1.0]	[1.75..2.521]	[21913.326..31567.709]	[0.501..0.591]	[0.502..1.0]	0.8646135	[18968.209..27293.867]
Group-1	PG 38:6:0	327.23	240116_PG_FTMSMS-_2.mzXML	25.0	850494.7	322717.2	0.37944645	[4.0..4.0]	[1.0..1.0]	[1.853..1.853]	[1575966.8..1575966.8]	[0.765..0.765]	[0.96..1.0]	[1.853..1.853]	[1575966.8..1575966.8]	[0.765..0.765]	[0.96..1.0]	0.8646135	[1362602.1..1362602.1]
Group-1	PG 38:6:0	327.23	240116_PG_FTMSMS-_2.mzXML	30.0	437802.3	290774.4	0.6641683	[4.0..4.0]	[1.0..1.0]	[4.039..4.039]	[1768283.5..1768283.5]	[0.74..0.74]	[0.96..1.0]	[4.039..4.039]	[1768283.5..1768283.5]	[0.74..0.74]	[0.96..1.0]	0.8646135	[1528881.8..1528881.8]
Group-1	PG 38:6:0	327.23	240116_PG_FTMSMS-_2.mzXML	35.0	135549.0	127496.1	0.9405905	[4.0..4.0]	[1.0..1.0]	[10.962..10.962]	[1485888.1..1485888.1]	[0.699..0.699]	[0.96..1.0]	[10.962..10.962]	[1485888.1..1485888.1]	[0.699..0.699]	[0.96..1.0]	0.8646135	[1284718.9..1284718.9]
Group-1	PG 38:6:0	329.25	240116_PG_FTMSMS-_2.mzXML	25.0	16498.0	0.0	0.0	[4.0..7.0]	[0.0..1.0]	[1.197..1.35]	[19748.105..22272.3]	[0.396..0.414]	[0.0..0.3]	[1.197..1.308]	[19748.105..21579.383]	[0.388..0.406]	[0.0..0.302]	0.8646135	[17074.479..19256.932]
Group-1	PG 38:6:0	329.25	240116_PG_FTMSMS-_2.mzXML	30.0	9431.4	0.0	0.0	[4.0..7.0]	[0.0..1.0]	[1.687..2.345]	[15910.772..22116.635]	[0.26..0.32]	[0.0..0.3]	[1.687..2.289]	[15910.772..21588.477]	[0.255..0.315]	[0.0..0.302]	0.8646135	[13756.668..19122.34]
Group-1	PG 38:6:0	329.25	240116_PG_FTMSMS-_2.mzXML	35.0	0.0	0.0	0.0	[4.0..7.0]	[1.0..1.0]	[2.752..4.843]	[0.0..0.0]	[0.0..0.0]	[0.0..0.3]	[2.797..4.754]	[0.0..0.0]	[0.0..0.0]	[0.0..0.302]	0.8646135	[0.0..0.0]
Group-1	PG 39:4:0	255.23	240116_PG_FTMSMS-_2.mzXML	25.0	72305.1	0.0	0.0	[0.0..0.0]	[0.0..0.0]	[1.0..1.0]	[72305.1..72305.1]	[1.0..1.0]	[1.0..1.0]	[1.0..1.0]	[72305.1..72305.1]	[1.0..1.0]	[1.0..1.0]	0.8480838	[61320.785..61320.785]
Group-1	PG 39:4:0	255.23	240116_PG_FTMSMS-_2.mzXML	30.0	133793.4	0.0	0.0	[0.0..0.0]	[1.0..1.0]	[1.0..1.0]	[133793.4..133793.4]	[1.0..1.0]	[1.0..1.0]	[1.0..1.0]	[133793.4..133793.4]	[1.0..1.0]	[1.0..1.0]	0.8480838	[113468.02..113468.02]
Group-1	PG 39:4:0	255.23	240116_PG_FTMSMS-_2.mzXML	35.0	150560.9	0.0	0.0	[0.0..0.0]	[0.0..0.0]	[1.0..1.0]	[150560.9..150560.9]	[1.0..1.0]	[1.0..1.0]	[1.0..1.0]	[150560.9..150560.9]	[1.0..1.0]	[1.0..1.0]	0.8480838	[127688.266..127688.266]
Group-1	PG 39:4:0	269.25	240116_PG_FTMSMS-_2.mzXML	25.0	0.0	0.0	0.0	[0.0..0.0]	[0.0..0.0]	[1.004..1.004]	[0.0..0.0]	[0.0..0.0]	[0.0..0.0]	[1.004..1.004]	[0.0..0.0]	[0.0..0.0]	[0.0..0.0]	0.8480838	[0.0..0.0]
Group-1	PG 39:4:0	269.25	240116_PG_FTMSMS-_2.mzXML	30.0	0.0	0.0	0.0	[0.0..0.0]	[0.0..0.0]	[0.993..0.993]	[0.0..0.0]	[0.0..0.0]	[0.0..0.0]	[0.993..0.993]	[0.0..0.0]	[0.0..0.0]	[0.0..0.0]	0.8480838	[0.0..0.0]
Group-1	PG 39:4:0	269.25	240116_PG_FTMSMS-_2.mzXML	35.0	0.0	0.0	0.0	[0.0..0.0]	[0.0..0.0]	[0.989..0.989]	[0.0..0.0]	[0.0..0.0]	[0.0..0.0]	[0.989..0.989]	[0.0..0.0]	[0.0..0.0]	[0.0..0.0]	0.8480838	[0.0..0.0]
Group-1	PG 39:4:0	297.28	240116_PG_FTMSMS-_2.mzXML	25.0	6404.3	0.0	0.0	[0.0..0.0]	[0.0..1.0]	[1.005..1.012]	[6436.322..6481.152]	[0.224..0.235]	[0.0..0.04]	[1.005..1.005]	[6436.3213..6436.3213]	[0.223..0.236]	[0.0..0.042]	0.8480838	[5458.5396..5496.559]
Group-1	PG 39:4:0	297.28	240116_PG_FTMSMS-_2.mzXML	30.0	11163.5	0.0	0.0	[0.0..0.0]	[0.0..1.0]	[0.966..0.975]	[10783.941..10884.413]	[0.227..0.265]	[0.0..0.04]	[0.966..0.966]	[10783.941..10783.941]	[0.225..0.265]	[0.0..0.042]	0.8480838	[9145.686..9230.894]
Group-1	PG 39:4:0	297.28	240116_PG_FTMSMS-_2.mzXML	35.0	10592.5	0.0	0.0	[0.0..0.0]	[0.0..0.0]	[0.962..0.962]	[10189.985..10189.985]	[0.231..0.302]	[0.0..0.04]	[0.962..0.962]	[10189.985..10189.985]	[0.231..0.302]	[0.0..0.042]	0.8480838	[8641.961..8641.961]
Group-1	PG 39:4:0	303.23	240116_PG_FTMSMS-_2.mzXML	25.0	19719.4	0.0	0.0	[5.0..8.0]	[0.0..1.0]	[1.065..1.138]	[21001.162..22440.678]	[0.765..0.776]	[0.96..1.0]	[1.059..1.138]	[20882.846..22440.678]	[0.764..0.777]	[0.958..1.0]	0.8480838	[17810.744..19031.574]
Group-1	PG 39:4:0	303.23	240116_PG_FTMSMS-_2.mzXML	30.0	23198.7	0.0	0.0	[5.0..8.0]	[0.0..1.0]	[1.291..1.598]	[29949.521..37071.523]	[0.735..0.773]	[0.96..1.0]	[1.288..1.598]	[29879.924..37071.523]	[0.735..0.775]	[0.958..1.0]	0.8480838	[25399.703..31439.758]
Group-1	PG 39:4:0	303.23	240116_PG_FTMSMS-_2.mzXML	35.0	13441.5	0.0	0.0	[5.0..8.0]	[1.0..1.0]	[1.752..2.521]	[23549.508..33886.02]	[0.698..0.769]	[0.96..1.0]	[1.752..2.521]	[23549.508..33886.02]	[0.698..0.769]	[0.958..1.0]	0.8480838	[19971.957..28738.186]
Group-1	PG 39:4:0	331.26	240116_PG_FTMSMS-_2.mzXML	25.0	34283.4	0.0	0.0	[7.0..10.0]	[1.0..1.0]	[0.986..0.995]	[33803.43..34111.98]	[1.0..1.0]	[1.0..1.0]	[0.986..0.995]	[33803.43..34111.98]	[1.0..1.0]	[1.0..1.0]	0.8480838	[28668.143..28929.82]
Group-1	PG 39:4:0	331.26	240116_PG_FTMSMS-_2.mzXML	30.0	45869.9	0.0	0.0	[7.0..10.0]	[1.0..1.0]	[1.078..1.206]	[49447.754..55319.098]	[1.0..1.0]	[1.0..1.0]	[1.078..1.206]	[49447.75..55319.098]	[1.0..1.0]	[1.0..1.0]	0.8480838	[41935.832..46915.227]
Group-1	PG 39:4:0	331.26	240116_PG_FTMSMS-_2.mzXML	35.0	36146.1	0.0	0.0	[7.0..10.0]	[1.0..1.0]	[1.33..1.661]	[48074.316..60038.676]	[1.0..1.0]	[1.0..1.0]	[1.33..1.661]	[48074.316..60038.676]	[1.0..1.0]	[1.0..1.0]	0.8480838	[40771.05..50917.83]
Group-1	PG 39:4:0	345.28	240116_PG_FTMSMS-_2.mzXML	25.0	0.0	0.0	0.0	[7.0..10.0]	[1.0..1.0]	[0.951..0.953]	[0.0..0.0]	[0.0..0.0]	[0.0..0.0]	[0.927..0.957]	[0.0..0.0]	[0.0..0.0]	[0.0..0.0]	0.8480838	[0.0..0.0]
Group-1	PG 39:4:0	345.28	240116_PG_FTMSMS-_2.mzXML	30.0	0.0	0.0	0.0	[7.0..10.0]	[0.0..0.0]	[1.004..1.14]	[0.0..0.0]	[0.0..0.0]	[0.0..0.0]	[1.004..1.14]	[0.0..0.0]	[0.0..0.0]	[0.0..0.0]	0.8480838	[0.0..0.0]
Group-1	PG 39:4:0	345.28	240116_PG_FTMSMS-_2.mzXML	35.0	0.0	0.0	0.0	[7.0..10.0]	[1.0..1.0]	[1.243..1.532]	[0.0..0.0]	[0.0..0.0]	[0.0..0.0]	[1.24..1.552]	[0.0..0.0]	[0.0..0.0]	[0.0..0.0]	0.8480838	[0.0..0.0]
Group-1	PG 39:5:0	267.23	240116_PG_FTMSMS-_2.mzXML	25.0	791.1	0.0	0.0	[9.0..9.0]	[0.0..0.0]	[0.945..0.945]	[747.59..747.59]	[0.059..0.059]	[0.0..0.0]	[0.945..0.945]	[747.5895..747.5895]	[0.059..0.059]	[0.0..0.0]	0.8498996	[635.376..635.376]
Group-1	PG 39:5:0	267.23	240116_PG_FTMSMS-_2.mzXML	30.0	1427.2	0.0	0.0	[9.0..9.0]	[0.0..0.0]	[0.942..0.942]	[1344.422..1344.422]	[0.065..0.072]	[0.0..0.0]	[0.942..0.942]	[1344.4224..1344.4224]	[0.065..0.072]	[0.0..0.0]	0.8498996	[1142.624..1142.624]
Group-1	PG 39:5:0	267.23	240116_PG_FTMSMS-_2.mzXML	35.0	1779.7	0.0	0.0	[9.0..9.0]	[0.0..0.0]	[0.949..0.949]	[1688.935..1688.935]	[0.092..0.112]	[0.0..0.0]	[0.949..0.949]	[1688.9353..1688.9353]	[0.092..0.112]	[0.0..0.0]	0.8498996	[1435.4254..1435.4254]
Group-1	PG 39:5:0	269.25	240116_PG_FTMSMS-_2.mzXML	25.0	5273.1	0.0	0.0	[0.0..0.0]	[0.0..1.0]	[1.001..1.004]	[5278.374..5294.193]	[0.059..0.06]	[0.0..0.0]	[1.001..1.001]	[5278.3735..5278.3735]	[0.059..0.061]	[0.0..0.0]	0.8498996	[4486.0874..4499.5317]
Group-1	PG 39:5:0	269.25	240116_PG_FTMSMS-_2.mzXML	30.0	7121.4	0.0	0.0	[0.0..0.0]	[0.0..1.0]	[0.987..0.993]	[7028.822..7071.55]	[0.054..0.059]	[0.0..0.0]	[0.987..0.987]	[7028.822..7028.822]	[0.054..0.059]	[0.0..0.0]	0.8498996	[5973.793..6010.1074]
Group-1	PG 39:5:0	269.25	240116_PG_FTMSMS-_2.mzXML	35.0	8071.8	0.0	0.0	[0.0..0.0]	[0.0..0.0]	[0.989..0.989]	[7983.011..7983.011]	[0.062..0.072]	[0.0..0.0]	[0.989..0.989]	[7983.0103..7983.0103]	[0.062..0.072]	[0.0..0.0]	0.8498996	[6784.757..6784.757]
Group-1	PG 39:5:0	281.25	240116_PG_FTMSMS-_2.mzXML	25.0	34662.8	0.0	0.0	[9.0..9.0]	[0.0..1.0]	[0.925..0.958]	[32063.092..33206.965]	[1.0..1.0]	[1.0..1.0]	[0.958..0.958]	[33206.965..33206.965]	[1.0..1.0]	[1.0..1.0]	0.8498996	[27250.408..28222.584]
Group-1	PG 39:5:0	281.25	240116_PG_FTMSMS-_2.mzXML	30.0	78602.5	0.0	0.0	[9.0..9.0]	[0.0..1.0]	[0.911..0.937]	[71606.875..73650.54]	[0.975..0.979]	[1.0..1.0]	[0.937..0.937]	[73650.54..73650.54]	[0.975..0.98]	[1.0..1.0]	0.8498996	[60858.66..62595.566]
Group-1	PG 39:5:0	281.25	240116_PG_FTMSMS-_2.mzXML	35.0	83888.1	0.0	0.0	[9.0..9.0]	[0.0..0.0]	[0.912..0.912]	[76505.945..76505.945]	[1.0..1.0]	[1.0..1.0]	[0.912..0.912]	[76505.945..76505.945]	[1.0..1.0]	[1.0..1.0]	0.8498996	[65022.37..65022.37]
Group-1	PG 39:5:0	295.26	240116_PG_FTMSMS-_2.mzXML	25.0	1089.2	0.0	0.0	[9.0..9.0]	[1.0..1.0]	[0.939..0.939]	[1022.759..1022.759]	[0.106..0.114]	[0.0..0.0]	[0.939..0.939]	[1022.7588..1022.7588]	[0.108..0.114]	[0.0..0.0]	0.8498996	[869.24225..869.24225]
Group-1	PG 39:5:0	295.26	240116_PG_FTMSMS-_2.mzXML	30.0	1634.1	0.0	0.0	[9.0..9.0]	[0.0..1.0]	[0.885..0.908]	[1446.179..1483.763]	[0.108..0.128]	[0.0..0.0]	[0.885..0.885]	[1446.1785..1446.1785]	[0.106..0.127]	[0.0..0.0]	0.8498996	[1229.1064..1261.0494]
Group-1	PG 39:5:0	295.26	240116_PG_FTMSMS-_2.mzXML	35.0	1539.0	0.0	0.0	[9.0..9.0]	[0.0..0.0]	[0.88..0.88]	[1354.32..1354.32]	[0.11..0.151]	[0.0..0.0]	[0.88..0.88]	[1354.32..1354.32]	[0.11..0.151]	[0.0..0.0]	0.8498996	[1151.036..1151.036]
Group-1	PG 39:5:0	303.23	240116_PG_FTMSMS-_2.mzXML	25.0	7434.8	0.0	0.0	[5.0..8.0]	[0.0..0.0]	[1.065..1.163]	[7918.062..8646.672]	[0.886..0.894]	[1.0..1.0]	[1.067..1.138]	[7932.9316..8460.803]	[0.886..0.892]	[1.0..1.0]	0.8498996	[6729.558..7348.803]
Group-1	PG 39:5:0	303.23	240116_PG_FTMSMS-_2.mzXML	30.0	7664.1	0.0	0.0	[5.0..8.0]	[0.0..1.0]	[1.291..1.598]	[9894.354..12247.232]	[0.872..0.892]	[1.0..1.0]	[1.294..1.598]	[9917.346..12247.232]	[0.873..0.894]	[1.0..1.0]	0.8498996	[8409.207..10408.917]
Group-1	PG 39:5:0	303.23	240116_PG_FTMSMS-_2.mzXML	35.0	4338.7	0.0	0.0	[5.0..8.0]	[1.0..1.0]	[1.752..2.521]	[7601.403..10937.863]	[0.849..0.89]	[1.0..1.0]	[1.752..2.521]	[7601.403..10937.863]	[0.849..0.89]	[1.0..1.0]	0.8498996	[6460.4287..9296.085]
Group-1	PG 39:5:0	317.25	240116_PG_FTMSMS-_2.mzXML	25.0	0.0	0.0	0.0	[5.0..8.0]	[0.0..1.0]	[1.02..1.09]	[0.0..0.0]	[0.0..0.0]	[0.0..0.0]	[1.02..1.12]	[0.0..0.0]	[0.0..0.0]	[0.0..0.0]	0.8498996	[0.0..0.0]
Group-1	PG 39:5:0	317.25	240116_PG_FTMSMS-_2.mzXML	30.0	1251.3	0.0	0.0	[5.0..8.0]	[0.0..1.0]	[1.214..1.498]	[1519.078..1874.448]	[0.021..0.025]	[0.0..0.0]	[1.214..1.52]	[1519.0782..1901.9761]	[0.02..0.025]	[0.0..0.0]	0.8498996	[1291.064..1593.0922]
Group-1	PG 39:5:0	317.25	240116_PG_FTMSMS-_2.mzXML	35.0	0.0	0.0	0.0	[5.0..8.0]	[1.0..1.0]	[1.628..2.331]	[0.0..0.0]	[0.0..0.0]	[0.0..0.0]	[1.629..2.33]	[0.0..0.0]	[0.0..0.0]	[0.0..0.0]	0.8498996	[0.0..0.0]
Group-1	PG 39:5:0	329.25	240116_PG_FTMSMS-_2.mzXML	25.0	62258.8	12477.3	0.20041022	[4.1..5.0]	[0.0..1.0]	[1.32..1.35]	[82181.62..84049.38]	[0.94..0.941]	[1.0..1.0]	[1.294..1.35]	[80562.89..84049.38]	[0.939..0.941]	[1.0..1.0]	0.8498996	[69846.125..71433.54]
Group-1	PG 39:5:0	329.25	240116_PG_FTMSMS-_2.mzXML	30.0	52994.9	13845.7	0.26126477	[4.4..4.9]	[0.0..1.0]	[2.124..2.345]	[112561.17..124273.04]	[0.941..0.946]	[1.0..1.0]	[2.116..2.345]	[112137.2..124273.04]	[0.941..0.946]	[1.0..1.0]	0.8498996	[95665.695..105619.61]
Group-1	PG 39:5:0	329.25	240116_PG_FTMSMS-_2.mzXML	35.0	24772.1	9499.4	0.38347176	[4.0..4.2]	[1.0..1.0]	[4.146..4.843]	[102705.125..119971.27]	[0.928..0.938]	[1.0..1.0]	[4.146..4.843]	[102705.125..119971.27]	[0.928..0.938]	[1.0..1.0]	0.8498996	[87289.04..101963.54]
Group-1	PG 39:5:0	331.26	240116_PG_FTMSMS-_2.mzXML	25.0	12018.6	0.0	0.0	[7.0..10.0]	[1.0..1.0]	[0.986..0.995]	[11850.339..11958.507]	[0.941..0.941]	[1.0..1.0]	[0.986..0.995]	[11850.339..11958.507]	[0.941..0.941]	[1.0..1.0]	0.8498996	[10071.598..10163.529]
Group-1	PG 39:5:0	331.26	240116_PG_FTMSMS-_2.mzXML	30.0	16052.2	0.0	0.0	[7.0..10.0]	[1.0..1.0]	[1.078..1.206]	[17304.271..19358.953]	[0.928..0.935]	[1.0..1.0]	[1.078..1.206]	[17304.271..19358.953]	[0.928..0.935]	[1.0..1.0]	0.8498996	[14706.894..16453.166]
Group-1	PG 39:5:0	331.26	240116_PG_FTMSMS-_2.mzXML	35.0	10032.5	0.0	0.0	[7.0..10.0]	[1.0..1.0]	[1.33..1.661]	[13343.226..16663.982]	[0.888..0.908]	[1.0..1.0]	[1.33..1.661]	[13343.226..16663.982]	[0.888..0.908]	[1.0..1.0]	0.8498996	[11340.401..14162.711]
Group-1	PG 40:5:0	255.23	240116_PG_FTMSMS-_2.mzXML	25.0	135810.8	0.0	0.0	[0.0..0.0]	[0.0..1.0]	[1.0..1.0]	[135810.8..135810.8]	[0.885..0.891]	[1.0..1.0]	[1.0..1.0]	[135810.8..135810.8]	[0.883..0.891]	[1.0..1.0]	0.83746755	[113737.13..113737.13]
Group-1	PG 40:5:0	255.23	240116_PG_FTMSMS-_2.mzXML	30.0	247841.7	0.0	0.0	[0.0..0.0]	[1.0..1.0]	[1.0..1.0]	[247841.7..247841.7]	[0.917..0.932]	[1.0..1.0]	[1.0..1.0]	[247841.7..247841.7]	[0.917..0.932]	[1.0..1.0]	0.83746755	[207559.39..207559.39]
Group-1	PG 40:5:0	255.23	240116_PG_FTMSMS-_2.mzXML	35.0	308921.7	0.0	0.0	[0.0..0.0]	[0.0..0.0]	[1.0..1.0]	[308921.7..308921.7]	[0.929..0.95]	[1.0..1.0]	[1.0..1.0]	[308921.7..308921.7]	[0.927..0.948]	[1.0..1.0]	0.83746755	[258711.89..258711.89]
Group-1	PG 40:5:0	283.26	240116_PG_FTMSMS-_2.mzXML	25.0	351828.8	0.0	0.0	[0.0..0.0]	[0.0..1.0]	[1.002..1.009]	[352532.47..354995.25]	[0.235..0.237]	[0.0..0.06]	[1.002..1.002]	[352532.47..352532.47]	[0.234..0.243]	[0.0..0.056]	0.83746755	[295234.5..297297.0]
Group-1	PG 40:5:0	283.26	240116_PG_FTMSMS-_2.mzXML	30.0	505629.4	0.0	0.0	[0.0..0.0]	[0.0..1.0]	[0.976..0.985]	[493494.3..498044.97]	[0.26..0.275]	[0.0..0.06]	[0.976..0.977]	[493494.3..493999.94]	[0.258..0.277]	[0.0..0.056]	0.83746755	[413285.47..417096.5]
Group-1	PG 40:5:0	283.26	240116_PG_FTMSMS-_2.mzXML	35.0	515353.7	0.0	0.0	[0.0..0.0]	[0.0..0.0]	[0.976..0.976]	[502985.22..502985.22]	[0.279..0.308]	[0.0..0.06]	[0.976..0.976]	[502985.22..502985.22]	[0.279..0.308]	[0.0..0.056]	0.83746755	[421233.78..421233.78]
Group-1	PG 40:5:0	303.23	240116_PG_FTMSMS-_2.mzXML	25.0	38978.7	0.0	0.0	[5.0..8.0]	[0.0..0.0]	[1.065..1.163]	[41512.316..45332.227]	[0.876..0.885]	[1.0..1.0]	[1.067..1.138]	[41590.273..44357.76]	[0.876..0.883]	[1.0..1.0]	0.83746755	[34765.22..37964.27]
Group-1	PG 40:5:0	303.23	240116_PG_FTMSMS-_2.mzXML	30.0	38016.9	0.0	0.0	[5.0..8.0]	[1.0..1.0]	[1.294..1.598]	[49193.867..60751.004]	[0.83..0.858]	[1.0..1.0]	[1.294..1.598]	[49193.867..60751.004]	[0.83..0.858]	[1.0..1.0]	0.83746755	[41198.266..50876.996]
Group-1	PG 40:5:0	303.23	240116_PG_FTMSMS-_2.mzXML	35.0	17080.5	0.0	0.0	[5.0..8.0]	[0.0..1.0]	[1.752..2.521]	[29925.035..43059.938]	[0.729..0.791]	[1.0..1.0]	[1.752..2.521]	[29925.035..43059.938]	[0.729..0.795]	[1.0..1.0]	0.83746755	[25061.246..36061.3]
Group-1	PG 40:5:0	309.28	240116_PG_FTMSMS-_2.mzXML	25.0	6236.9	0.0	0.0	[11.0..11.0]	[1.0..1.0]	[0.946..0.946]	[5900.108..5900.108]	[0.115..0.124]	[0.0..0.0]	[0.946..0.946]	[5900.1074..5900.1074]	[0.117..0.124]	[0.0..0.0]	0.83746755	[4941.1484..4941.1484]
Group-1	PG 40:5:0	309.28	240116_PG_FTMSMS-_2.mzXML	30.0	11472.3	0.0	0.0	[11.0..11.0]	[0.0..0.0]	[0.876..0.876]	[10049.734..10049.734]	[0.142..0.17]	[0.0..0.0]	[0.876..0.876]	[10049.734..10049.734]	[0.142..0.17]	[0.0..0.0]	0.83746755	[8416.326..8416.326]
Group-1	PG 40:5:0	309.28	240116_PG_FTMSMS-_2.mzXML	35.0	12980.5	0.0	0.0	[11.0..11.0]	[0.0..1.0]	[0.856..0.879]	[11111.308..11409.859]	[0.209..0.271]	[0.0..0.0]	[0.856..0.856]	[11111.308..11111.308]	[0.205..0.271]	[0.0..0.0]	0.83746755	[9305.359..9555.387]
Group-1	PG 40:5:0	329.25	240116_PG_FTMSMS-_2.mzXML	25.0	856632.0	176316.9	0.20582573	[4.0..4.9]	[0.0..1.0]	[1.326..1.35]	[1135894.0..1156453.2]	[0.763..0.765]	[0.94..1.0]	[1.285..1.35]	[1100772.1..1156453.2]	[0.757..0.766]	[0.944..1.0]	0.83746755	[951274.4..968492.06]
Group-1	PG 40:5:0	329.25	240116_PG_FTMSMS-_2.mzXML	30.0	605097.1	194676.8	0.32172817	[4.0..4.1]	[0.0..1.0]	[2.146..2.345]	[1298538.4..1418952.8]	[0.725..0.74]	[0.94..1.0]	[2.126..2.345]	[1286436.5..1418952.8]	[0.723..0.742]	[0.944..1.0]	0.83746755	[1087483.8..1188326.9]
Group-1	PG 40:5:0	329.25	240116_PG_FTMSMS-_2.mzXML	35.0	268388.9	106392.5	0.3964117	[4.0..4.1]	[1.0..1.0]	[4.216..4.843]	[1131527.6..1299807.5]	[0.692..0.721]	[0.94..1.0]	[4.214..4.843]	[1130990.9..1299807.5]	[0.692..0.721]	[0.944..1.0]	0.83746755	[947617.7..1088546.6]
Group-1	PG 40:5:0	357.28	240116_PG_FTMSMS-_2.mzXML	25.0	16219.0	0.0	0.0	[6.0..9.0]	[0.0..1.0]	[1.023..1.088]	[16592.037..17646.273]	[0.109..0.115]	[0.0..0.0]	[1.023..1.107]	[16592.037..17954.434]	[0.109..0.117]	[0.0..0.0]	0.83746755	[13895.292..14778.181]
Group-1	PG 40:5:0	357.28	240116_PG_FTMSMS-_2.mzXML	30.0	14250.1	0.0	0.0	[6.0..9.0]	[0.0..0.0]	[1.264..1.577]	[18012.127..22472.408]	[0.068..0.083]	[0.0..0.0]	[1.264..1.577]	[18012.127..22472.408]	[0.068..0.083]	[0.0..0.0]	0.83746755	[15084.571..18819.912]
Group-1	PG 40:5:0	357.28	240116_PG_FTMSMS-_2.mzXML	35.0	9124.8	0.0	0.0	[6.0..9.0]	[1.0..1.0]	[1.788..2.582]	[16315.142..23560.232]	[0.05..0.071]	[0.0..0.0]	[1.866..2.684]	[17026.877..24490.963]	[0.052..0.073]	[0.0..0.0]	0.83746755	[13663.401..19730.93]
Group-1	PG 40:6:0	281.25	240116_PG_FTMSMS-_2.mzXML	25.0	853988.2	0.0	0.0	[9.0..9.0]	[0.0..1.0]	[0.925..0.958]	[789939.06..818120.7]	[0.889..0.892]	[1.0..1.0]	[0.958..0.958]	[818120.7..818120.7]	[0.89..0.892]	[1.0..1.0]	0.8392344	[662944.06..686595.0]
Group-1	PG 40:6:0	281.25	240116_PG_FTMSMS-_2.mzXML	30.0	1609101.6	0.0	0.0	[9.0..9.0]	[0.0..1.0]	[0.911..0.937]	[1465891.6..1507728.1]	[0.932..0.933]	[1.0..1.0]	[0.937..0.937]	[1507728.1..1507728.1]	[0.932..0.935]	[1.0..1.0]	0.8392344	[1230226.8..1265337.4]
Group-1	PG 40:6:0	281.25	240116_PG_FTMSMS-_2.mzXML	35.0	1684736.8	0.0	0.0	[9.0..9.0]	[0.0..0.0]	[0.912..0.912]	[1536479.9..1536479.9]	[0.934..0.938]	[1.0..1.0]	[0.912..0.912]	[1536479.9..1536479.9]	[0.936..0.94]	[1.0..1.0]	0.8392344	[1289466.8..1289466.8]
Group-1	PG 40:6:0	283.26	240116_PG_FTMSMS-_2.mzXML	25.0	155984.9	0.0	0.0	[0.0..0.0]	[0.0..0.0]	[1.009..1.009]	[157388.77..157388.77]	[0.247..0.247]	[0.0..0.11]	[1.009..1.009]	[157388.77..157388.77]	[0.247..0.247]	[0.0..0.114]	0.8392344	[132086.06..132086.06]
Group-1	PG 40:6:0	283.26	240116_PG_FTMSMS-_2.mzXML	30.0	198331.9	0.0	0.0	[0.0..0.0]	[0.0..0.0]	[0.985..0.985]	[195356.94..195356.94]	[0.253..0.253]	[0.0..0.11]	[0.985..0.985]	[195356.94..195356.94]	[0.253..0.253]	[0.0..0.114]	0.8392344	[163950.25..163950.25]
Group-1	PG 40:6:0	283.26	240116_PG_FTMSMS-_2.mzXML	35.0	220411.0	0.0	0.0	[0.0..0.0]	[0.0..0.0]	[0.976..0.976]	[215121.14..215121.14]	[0.333..0.333]	[0.0..0.11]	[0.976..0.976]	[215121.14..215121.14]	[0.333..0.333]	[0.0..0.114]	0.8392344	[180537.06..180537.06]
Group-1	PG 40:6:0	303.23	240116_PG_FTMSMS-_2.mzXML	25.0	19249.3	0.0	0.0	[5.0..8.0]	[0.0..0.0]	[1.065..1.163]	[20500.506..22386.938]	[1.0..1.0]	[1.0..1.0]	[1.067..1.138]	[20539.004..21905.705]	[1.0..1.0]	[1.0..1.0]	0.8392344	[17204.73..18787.889]
Group-1	PG 40:6:0	303.23	240116_PG_FTMSMS-_2.mzXML	30.0	14476.5	0.0	0.0	[5.0..8.0]	[1.0..1.0]	[1.294..1.598]	[18732.592..23133.447]	[1.0..1.0]	[1.0..1.0]	[1.294..1.598]	[18732.592..23133.447]	[1.0..1.0]	[1.0..1.0]	0.8392344	[15721.035..19414.385]
Group-1	PG 40:6:0	303.23	240116_PG_FTMSMS-_2.mzXML	35.0	9823.6	0.0	0.0	[5.0..8.0]	[0.0..0.0]	[1.752..2.495]	[17210.945..24509.88]	[1.0..1.0]	[1.0..1.0]	[1.752..2.521]	[17210.945..24765.293]	[1.0..1.0]	[1.0..1.0]	0.8392344	[14444.019..20569.535]
Group-1	PG 40:6:0	307.26	240116_PG_FTMSMS-_2.mzXML	25.0	0.0	0.0	0.0	[11.0..11.0]	[1.0..1.0]	[0.928..0.928]	[0.0..0.0]	[0.0..0.0]	[0.0..0.0]	[0.928..0.928]	[0.0..0.0]	[0.0..0.0]	[0.0..0.0]	0.8392344	[0.0..0.0]
Group-1	PG 40:6:0	307.26	240116_PG_FTMSMS-_2.mzXML	30.0	0.0	0.0	0.0	[11.0..11.0]	[0.0..0.0]	[0.877..0.877]	[0.0..0.0]	[0.0..0.0]	[0.0..0.0]	[0.877..0.877]	[0.0..0.0]	[0.0..0.0]	[0.0..0.0]	0.8392344	[0.0..0.0]
Group-1	PG 40:6:0	307.26	240116_PG_FTMSMS-_2.mzXML	35.0	0.0	0.0	0.0	[11.0..11.0]	[1.0..1.0]	[0.916..0.916]	[0.0..0.0]	[0.0..0.0]	[0.0..0.0]	[0.916..0.916]	[0.0..0.0]	[0.0..0.0]	[0.0..0.0]	0.8392344	[0.0..0.0]
Group-1	PG 40:6:0	327.23	240116_PG_FTMSMS-_2.mzXML	25.0	258645.0	106229.9	0.410717	[4.0..4.0]	[1.0..1.0]	[1.853..1.853]	[479269.2..479269.2]	[0.753..0.753]	[0.89..1.0]	[1.853..1.853]	[479269.2..479269.2]	[0.753..0.753]	[0.886..1.0]	0.8392344	[402219.2..402219.2]
Group-1	PG 40:6:0	327.23	240116_PG_FTMSMS-_2.mzXML	30.0	142984.3	85395.2	0.59723485	[4.0..4.0]	[1.0..1.0]	[4.039..4.039]	[577513.56..577513.56]	[0.747..0.747]	[0.89..1.0]	[4.039..4.039]	[577513.56..577513.56]	[0.747..0.747]	[0.886..1.0]	0.8392344	[484669.28..484669.28]
Group-1	PG 40:6:0	327.23	240116_PG_FTMSMS-_2.mzXML	35.0	39350.5	42687.0	1.0847893	[4.0..4.0]	[1.0..1.0]	[10.962..10.962]	[431360.2..431360.2]	[0.667..0.667]	[0.89..1.0]	[10.962..10.962]	[431360.2..431360.2]	[0.667..0.667]	[0.886..1.0]	0.8392344	[362012.28..362012.28]
Group-1	PG 40:6:0	329.25	240116_PG_FTMSMS-_2.mzXML	25.0	73089.1	17668.4	0.24173783	[4.0..4.3]	[0.0..1.0]	[1.35..1.35]	[98670.29..98670.29]	[0.108..0.111]	[0.0..0.0]	[1.35..1.381]	[98670.29..100936.055]	[0.108..0.11]	[0.0..0.0]	0.8392344	[82807.5..82807.5]
Group-1	PG 40:6:0	329.25	240116_PG_FTMSMS-_2.mzXML	30.0	47014.3	19739.9	0.41987014	[4.0..4.0]	[0.0..1.0]	[2.233..2.345]	[104982.94..110248.54]	[0.067..0.068]	[0.0..0.0]	[2.233..2.342]	[104982.94..110107.49]	[0.065..0.068]	[0.0..0.0]	0.8392344	[88105.3..92524.37]
Group-1	PG 40:6:0	329.25	240116_PG_FTMSMS-_2.mzXML	35.0	22486.5	8049.5	0.35797033	[4.2..4.5]	[1.0..1.0]	[4.495..4.843]	[101076.81..108902.12]	[0.062..0.066]	[0.0..0.0]	[4.365..4.679]	[98153.57..105214.33]	[0.06..0.064]	[0.0..0.0]	0.8392344	[84827.14..91394.41]
Group-1	PG 40:7:0	281.25	240116_PG_FTMSMS-_2.mzXML	25.0	63208.2	0.0	0.0	[9.0..9.0]	[0.0..0.0]	[0.925..0.925]	[58467.586..58467.586]	[0.58..0.58]	[0.68..1.0]	[0.925..0.925]	[58467.586..58467.586]	[0.58..0.58]	[0.684..1.0]	0.8410006	[49171.273..49171.273]
Group-1	PG 40:7:0	281.25	240116_PG_FTMSMS-_2.mzXML	30.0	113831.4	0.0	0.0	[9.0..9.0]	[0.0..0.0]	[0.911..0.911]	[103700.41..103700.41]	[0.707..0.707]	[0.68..1.0]	[0.911..0.911]	[103700.41..103700.41]	[0.707..0.707]	[0.684..1.0]	0.8410006	[87212.1..87212.1]
Group-1	PG 40:7:0	281.25	240116_PG_FTMSMS-_2.mzXML	35.0	132462.4	0.0	0.0	[9.0..9.0]	[0.0..0.0]	[0.912..0.912]	[120805.71..120805.71]	[0.769..0.769]	[0.68..1.0]	[0.912..0.912]	[120805.71..120805.71]	[0.769..0.769]	[0.684..1.0]	0.8410006	[101597.68..101597.68]
Group-1	PG 40:7:0	327.23	240116_PG_FTMSMS-_2.mzXML	25.0	22853.1	7533.6	0.32965332	[4.0..4.0]	[1.0..1.0]	[1.853..1.853]	[42346.793..42346.793]	[0.42..0.42]	[0.0..0.32]	[1.853..1.853]	[42346.793..42346.793]	[0.42..0.42]	[0.0..0.316]	0.8410006	[35613.68..35613.68]
Group-1	PG 40:7:0	327.23	240116_PG_FTMSMS-_2.mzXML	30.0	10642.6	6089.6	0.57219106	[4.0..4.0]	[1.0..1.0]	[4.039..4.039]	[42985.46..42985.46]	[0.293..0.293]	[0.0..0.32]	[4.039..4.039]	[42985.46..42985.46]	[0.293..0.293]	[0.0..0.316]	0.8410006	[36150.797..36150.797]
Group-1	PG 40:7:0	327.23	240116_PG_FTMSMS-_2.mzXML	35.0	3311.5	3890.6	1.1748755	[4.0..4.0]	[1.0..1.0]	[10.962..10.962]	[36300.664..36300.664]	[0.231..0.231]	[0.0..0.32]	[10.962..10.962]	[36300.664..36300.664]	[0.231..0.231]	[0.0..0.316]	0.8410006	[30528.88..30528.88]
Group-1	PG 30:0:0	227.2	240116_PG_FTMSMS-_1.mzXML	25.0	36213.1	0.0	0.0	[0.0..0.0]	[0.0..1.0]	[0.99..1.002]	[35850.973..36285.527]	[0.506..0.509]	[0.51..0.54]	[0.996..0.996]	[36068.25..36068.25]	[0.507..0.507]	[0.514..0.542]	0.970607	[34797.2..35218.984]
Group-1	PG 30:0:0	227.2	240116_PG_FTMSMS-_1.mzXML	30.0	50425.2	0.0	0.0	[0.0..0.0]	[0.0..1.0]	[1.012..1.029]	[51030.3..51887.53]	[0.51..0.515]	[0.51..0.54]	[1.021..1.021]	[51484.13..51484.13]	[0.513..0.513]	[0.514..0.542]	0.970607	[49530.367..50362.402]
Group-1	PG 30:0:0	227.2	240116_PG_FTMSMS-_1.mzXML	35.0	51331.0	0.0	0.0	[0.0..0.0]	[0.0..1.0]	[1.016..1.044]	[52152.297..53589.566]	[0.511..0.518]	[0.51..0.54]	[1.03..1.031]	[52870.93..52922.26]	[0.514..0.514]	[0.514..0.542]	0.970607	[50619.383..52014.406]
Group-1	PG 30:0:0	241.22	240116_PG_FTMSMS-_1.mzXML	25.0	925.6	0.0	0.0	[0.0..0.0]	[0.5..0.5]	[1.015..1.015]	[939.484..939.484]	[0.5..0.5]	[0.5..0.5]	[1.015..1.015]	[939.48395..939.48395]	[0.5..0.5]	[0.5..0.5]	0.970607	[911.8697..911.8697]
Group-1	PG 30:0:0	241.22	240116_PG_FTMSMS-_1.mzXML	30.0	1357.5	0.0	0.0	[0.0..0.0]	[0.5..0.5]	[1.031..1.031]	[1399.583..1399.583]	[0.5..0.5]	[0.5..0.5]	[1.031..1.031]	[1399.5825..1399.5825]	[0.5..0.5]	[0.5..0.5]	0.970607	[1358.4446..1358.4446]
Group-1	PG 30:0:0	241.22	240116_PG_FTMSMS-_1.mzXML	35.0	1366.2	0.0	0.0	[0.0..0.0]	[0.5..0.5]	[1.04..1.04]	[1420.848..1420.848]	[0.5..0.5]	[0.5..0.5]	[1.04..1.04]	[1420.8479..1420.8479]	[0.5..0.5]	[0.5..0.5]	0.970607	[1379.0848..1379.0848]
Group-1	PG 30:0:0	255.23	240116_PG_FTMSMS-_1.mzXML	25.0	35006.4	0.0	0.0	[0.0..0.0]	[0.0..1.0]	[1.0..1.0]	[35006.4..35006.4]	[0.491..0.494]	[0.46..0.49]	[1.0..1.0]	[35006.4..35006.4]	[0.493..0.493]	[0.458..0.486]	0.970607	[33977.453..33977.453]
Group-1	PG 30:0:0	255.23	240116_PG_FTMSMS-_1.mzXML	30.0	48933.1	0.0	0.0	[0.0..0.0]	[0.0..1.0]	[1.0..1.0]	[48933.1..48933.1]	[0.485..0.49]	[0.46..0.49]	[1.0..1.0]	[48933.1..48933.1]	[0.487..0.487]	[0.458..0.486]	0.970607	[47494.81..47494.81]
Group-1	PG 30:0:0	255.23	240116_PG_FTMSMS-_1.mzXML	35.0	49956.4	0.0	0.0	[0.0..0.0]	[0.0..1.0]	[1.0..1.0]	[49956.4..49956.4]	[0.482..0.489]	[0.46..0.49]	[1.0..1.0]	[49956.4..49956.4]	[0.486..0.486]	[0.458..0.486]	0.970607	[48488.027..48488.027]
Group-1	PG 30:1:0	199.17	240116_PG_FTMSMS-_1.mzXML	25.0	517.9	0.0	0.0	[0.0..0.0]	[0.0..0.0]	[0.979..0.979]	[507.024..507.024]	[0.174..0.174]	[0.0..0.0]	[0.979..0.979]	[507.0241..507.0241]	[0.174..0.174]	[0.0..0.0]	0.9730279	[493.34857..493.34857]
Group-1	PG 30:1:0	199.17	240116_PG_FTMSMS-_1.mzXML	30.0	800.0	0.0	0.0	[0.0..0.0]	[1.0..1.0]	[1.065..1.065]	[852.0..852.0]	[0.208..0.208]	[0.0..0.0]	[1.065..1.065]	[852.00006..852.00006]	[0.208..0.208]	[0.0..0.0]	0.9730279	[829.0198..829.0198]
Group-1	PG 30:1:0	199.17	240116_PG_FTMSMS-_1.mzXML	35.0	911.2	0.0	0.0	[0.0..0.0]	[0.0..1.0]	[1.025..1.096]	[933.98..998.675]	[0.211..0.217]	[0.0..0.0]	[1.025..1.025]	[933.98..933.98]	[0.206..0.206]	[0.0..0.0]	0.9730279	[908.7886..971.73883]
Group-1	PG 30:1:0	225.19	240116_PG_FTMSMS-_1.mzXML	25.0	6651.4	0.0	0.0	[7.0..7.0]	[0.0..1.0]	[0.962..0.969]	[6398.647..6445.207]	[0.518..0.52]	[0.48..0.6]	[0.965..0.966]	[6418.6006..6425.2524]	[0.519..0.519]	[0.479..0.599]	0.9730279	[6226.0615..6271.3657]
Group-1	PG 30:1:0	225.19	240116_PG_FTMSMS-_1.mzXML	30.0	9639.9	0.0	0.0	[7.0..7.0]	[0.0..1.0]	[0.996..1.011]	[9601.341..9745.939]	[0.539..0.543]	[0.48..0.6]	[1.003..1.005]	[9668.82..9688.1]	[0.541..0.542]	[0.479..0.599]	0.9730279	[9342.372..9483.07]
Group-1	PG 30:1:0	225.19	240116_PG_FTMSMS-_1.mzXML	35.0	9291.2	0.0	0.0	[7.0..7.0]	[0.0..1.0]	[1.026..1.055]	[9532.771..9802.216]	[0.491..0.498]	[0.48..0.6]	[1.04..1.043]	[9662.848..9690.722]	[0.494..0.495]	[0.479..0.599]	0.9730279	[9275.652..9537.829]
Group-1	PG 30:1:0	227.2	240116_PG_FTMSMS-_1.mzXML	25.0	4846.7	0.0	0.0	[0.0..0.0]	[0.0..0.0]	[0.99..0.99]	[4798.234..4798.234]	[0.326..0.326]	[0.1..0.13]	[0.99..0.99]	[4798.2334..4798.2334]	[0.326..0.326]	[0.099..0.13]	0.9730279	[4668.815..4668.815]
Group-1	PG 30:1:0	227.2	240116_PG_FTMSMS-_1.mzXML	30.0	6507.0	0.0	0.0	[0.0..0.0]	[1.0..1.0]	[1.029..1.029]	[6695.703..6695.703]	[0.336..0.336]	[0.1..0.13]	[1.029..1.029]	[6695.703..6695.703]	[0.336..0.336]	[0.099..0.13]	0.9730279	[6515.1064..6515.1064]
Group-1	PG 30:1:0	227.2	240116_PG_FTMSMS-_1.mzXML	35.0	7016.7	0.0	0.0	[0.0..0.0]	[0.0..1.0]	[1.016..1.044]	[7128.968..7325.435]	[0.339..0.34]	[0.1..0.13]	[1.019..1.02]	[7150.018..7157.034]	[0.335..0.335]	[0.099..0.13]	0.9730279	[6936.684..7127.8525]
Group-1	PG 30:1:0	253.22	240116_PG_FTMSMS-_1.mzXML	25.0	9769.7	0.0	0.0	[9.0..9.0]	[1.0..1.0]	[1.014..1.014]	[9906.477..9906.477]	[0.674..0.674]	[0.87..0.9]	[1.014..1.014]	[9906.477..9906.477]	[0.674..0.674]	[0.87..0.901]	0.9730279	[9639.277..9639.277]
Group-1	PG 30:1:0	253.22	240116_PG_FTMSMS-_1.mzXML	30.0	13496.1	0.0	0.0	[9.0..9.0]	[0.0..0.0]	[0.979..0.979]	[13212.681..13212.681]	[0.664..0.664]	[0.87..0.9]	[0.979..0.979]	[13212.681..13212.681]	[0.664..0.664]	[0.87..0.901]	0.9730279	[12856.307..12856.307]
Group-1	PG 30:1:0	253.22	240116_PG_FTMSMS-_1.mzXML	35.0	13977.8	0.0	0.0	[9.0..9.0]	[0.0..1.0]	[0.99..1.021]	[13838.021..14271.334]	[0.66..0.661]	[0.87..0.9]	[1.017..1.018]	[14215.422..14229.4]	[0.665..0.665]	[0.87..0.901]	0.9730279	[13464.781..13886.406]
Group-1	PG 30:1:0	255.23	240116_PG_FTMSMS-_1.mzXML	25.0	5951.2	0.0	0.0	[0.0..0.0]	[0.0..1.0]	[1.0..1.0]	[5951.2..5951.2]	[0.48..0.482]	[0.4..0.52]	[1.0..1.0]	[5951.2..5951.2]	[0.481..0.481]	[0.401..0.521]	0.9730279	[5790.6836..5790.6836]
Group-1	PG 30:1:0	255.23	240116_PG_FTMSMS-_1.mzXML	30.0	8202.2	0.0	0.0	[0.0..0.0]	[0.0..1.0]	[1.0..1.0]	[8202.2..8202.2]	[0.457..0.461]	[0.4..0.52]	[1.0..1.0]	[8202.2..8202.2]	[0.458..0.459]	[0.401..0.521]	0.9730279	[7980.9697..7980.9697]
Group-1	PG 30:1:0	255.23	240116_PG_FTMSMS-_1.mzXML	35.0	9891.4	0.0	0.0	[0.0..0.0]	[0.0..1.0]	[1.0..1.0]	[9891.4..9891.4]	[0.502..0.509]	[0.4..0.52]	[1.0..1.0]	[9891.4..9891.4]	[0.505..0.506]	[0.401..0.521]	0.9730279	[9624.608..9624.608]
Group-1	PG 30:1:0	281.25	240116_PG_FTMSMS-_1.mzXML	25.0	2506.3	0.0	0.0	[9.0..9.0]	[1.0..1.0]	[0.958..0.958]	[2401.036..2401.036]	[0.826..0.826]	[1.0..1.0]	[0.958..0.958]	[2401.0354..2401.0354]	[0.826..0.826]	[1.0..1.0]	0.9730279	[2336.2747..2336.2747]
Group-1	PG 30:1:0	281.25	240116_PG_FTMSMS-_1.mzXML	30.0	3550.7	0.0	0.0	[9.0..9.0]	[0.0..0.0]	[0.911..0.911]	[3234.688..3234.688]	[0.792..0.792]	[1.0..1.0]	[0.911..0.911]	[3234.6877..3234.6877]	[0.792..0.792]	[1.0..1.0]	0.9730279	[3147.4414..3147.4414]
Group-1	PG 30:1:0	281.25	240116_PG_FTMSMS-_1.mzXML	35.0	3840.0	0.0	0.0	[9.0..9.0]	[0.0..1.0]	[0.912..0.936]	[3502.08..3594.24]	[0.783..0.789]	[1.0..1.0]	[0.936..0.936]	[3594.24..3594.24]	[0.794..0.794]	[1.0..1.0]	0.9730279	[3407.6213..3497.2957]
Group-1	PG 31:0:0	227.2	240116_PG_FTMSMS-_1.mzXML	25.0	540.8	0.0	0.0	[0.0..0.0]	[0.0..1.0]	[0.99..1.002]	[535.392..541.882]	[0.51..0.513]	[0.52..0.62]	[0.996..0.997]	[538.6368..539.17755]	[0.512..0.512]	[0.523..0.623]	0.9540769	[510.80515..516.9967]
Group-1	PG 31:0:0	227.2	240116_PG_FTMSMS-_1.mzXML	30.0	953.9	0.0	0.0	[0.0..0.0]	[0.0..1.0]	[1.012..1.029]	[965.347..981.563]	[0.551..0.553]	[0.52..0.62]	[1.021..1.023]	[973.93195..975.8397]	[0.552..0.553]	[0.523..0.623]	0.9540769	[921.0151..936.48676]
Group-1	PG 31:0:0	227.2	240116_PG_FTMSMS-_1.mzXML	35.0	907.2	0.0	0.0	[0.0..0.0]	[0.0..1.0]	[1.016..1.044]	[921.715..947.117]	[0.546..0.551]	[0.52..0.62]	[1.031..1.033]	[935.32324..937.13763]	[0.549..0.549]	[0.523..0.623]	0.9540769	[879.3872..903.6223]
Group-1	PG 31:0:0	241.22	240116_PG_FTMSMS-_1.mzXML	25.0	15212.3	0.0	0.0	[0.0..0.0]	[0.0..1.0]	[0.995..1.0]	[15136.238..15212.3]	[0.147..0.148]	[0.0..0.0]	[0.995..0.995]	[15136.238..15136.238]	[0.147..0.147]	[0.0..0.0]	0.9540769	[14441.136..14513.704]
Group-1	PG 31:0:0	241.22	240116_PG_FTMSMS-_1.mzXML	30.0	22686.6	0.0	0.0	[0.0..0.0]	[0.0..1.0]	[1.006..1.014]	[22822.72..23004.213]	[0.139..0.14]	[0.0..0.0]	[1.006..1.006]	[22822.72..22822.72]	[0.139..0.139]	[0.0..0.0]	0.9540769	[21774.629..21947.787]
Group-1	PG 31:0:0	241.22	240116_PG_FTMSMS-_1.mzXML	35.0	21577.8	0.0	0.0	[0.0..0.0]	[0.0..1.0]	[1.009..1.021]	[21772.0..22030.936]	[0.132..0.133]	[0.0..0.0]	[1.009..1.009]	[21772.0..21772.0]	[0.132..0.132]	[0.0..0.0]	0.9540769	[20772.162..21019.205]
Group-1	PG 31:0:0	255.23	240116_PG_FTMSMS-_1.mzXML	25.0	87486.2	0.0	0.0	[0.0..0.0]	[0.0..1.0]	[1.0..1.0]	[87486.2..87486.2]	[0.852..0.853]	[1.0..1.0]	[1.0..1.0]	[87486.2..87486.2]	[0.853..0.853]	[1.0..1.0]	0.9540769	[83468.56..83468.56]
Group-1	PG 31:0:0	255.23	240116_PG_FTMSMS-_1.mzXML	30.0	141654.6	0.0	0.0	[0.0..0.0]	[0.0..1.0]	[1.0..1.0]	[141654.6..141654.6]	[0.86..0.861]	[1.0..1.0]	[1.0..1.0]	[141654.6..141654.6]	[0.861..0.861]	[1.0..1.0]	0.9540769	[135149.38..135149.38]
Group-1	PG 31:0:0	255.23	240116_PG_FTMSMS-_1.mzXML	35.0	143322.8	0.0	0.0	[0.0..0.0]	[0.0..1.0]	[1.0..1.0]	[143322.8..143322.8]	[0.867..0.868]	[1.0..1.0]	[1.0..1.0]	[143322.8..143322.8]	[0.868..0.868]	[1.0..1.0]	0.9540769	[136740.97..136740.97]
Group-1	PG 31:0:0	269.25	240116_PG_FTMSMS-_1.mzXML	25.0	513.3	0.0	0.0	[0.0..0.0]	[0.0..1.0]	[1.001..1.004]	[513.813..515.353]	[0.487..0.49]	[0.38..0.48]	[1.002..1.002]	[514.3266..514.3266]	[0.488..0.488]	[0.377..0.477]	0.9540769	[490.2174..491.68655]
Group-1	PG 31:0:0	269.25	240116_PG_FTMSMS-_1.mzXML	30.0	798.0	0.0	0.0	[0.0..0.0]	[0.0..1.0]	[0.987..0.993]	[787.626..792.414]	[0.447..0.449]	[0.38..0.48]	[0.989..0.99]	[789.22205..790.02]	[0.447..0.448]	[0.377..0.477]	0.9540769	[751.45575..756.02386]
Group-1	PG 31:0:0	269.25	240116_PG_FTMSMS-_1.mzXML	35.0	780.1	0.0	0.0	[0.0..0.0]	[0.0..1.0]	[0.981..0.989]	[765.278..771.519]	[0.449..0.454]	[0.38..0.48]	[0.984..0.985]	[767.6184..768.3985]	[0.451..0.451]	[0.377..0.477]	0.9540769	[730.1341..736.0883]
Group-1	PG 32:0:0	227.2	240116_PG_FTMSMS-_1.mzXML	25.0	3291.9	0.0	0.0	[0.0..0.0]	[0.0..1.0]	[0.99..1.002]	[3258.981..3298.484]	[0.329..0.33]	[0.06..0.28]	[0.991..0.993]	[3262.2727..3268.8564]	[0.328..0.328]	[0.058..0.28]	0.9381556	[3057.4312..3094.4907]
Group-1	PG 32:0:0	227.2	240116_PG_FTMSMS-_1.mzXML	30.0	6926.3	0.0	0.0	[0.0..0.0]	[0.0..1.0]	[1.012..1.029]	[7009.415..7127.163]	[0.403..0.405]	[0.06..0.28]	[1.013..1.017]	[7016.342..7044.0464]	[0.402..0.402]	[0.058..0.28]	0.9381556	[6575.922..6686.3877]
Group-1	PG 32:0:0	227.2	240116_PG_FTMSMS-_1.mzXML	35.0	5047.9	0.0	0.0	[0.0..0.0]	[0.0..1.0]	[1.016..1.044]	[5128.667..5270.008]	[0.309..0.312]	[0.06..0.28]	[1.018..1.024]	[5138.762..5169.05]	[0.308..0.308]	[0.058..0.28]	0.9381556	[4811.487..4944.087]
Group-1	PG 32:0:0	255.23	240116_PG_FTMSMS-_1.mzXML	25.0	1970061.9	0.0	0.0	[0.0..0.0]	[0.5..0.5]	[1.0..1.0]	[1970061.9..1970061.9]	[0.5..0.5]	[0.5..0.5]	[1.0..1.0]	[1970061.9..1970061.9]	[0.5..0.5]	[0.5..0.5]	0.9381556	[1848224.6..1848224.6]
Group-1	PG 32:0:0	255.23	240116_PG_FTMSMS-_1.mzXML	30.0	2815451.0	0.0	0.0	[0.0..0.0]	[0.5..0.5]	[1.0..1.0]	[2815451.0..2815451.0]	[0.5..0.5]	[0.5..0.5]	[1.0..1.0]	[2815451.0..2815451.0]	[0.5..0.5]	[0.5..0.5]	0.9381556	[2641331.0..2641331.0]
Group-1	PG 32:0:0	255.23	240116_PG_FTMSMS-_1.mzXML	35.0	2763520.5	0.0	0.0	[0.0..0.0]	[0.5..0.5]	[1.0..1.0]	[2763520.5..2763520.5]	[0.5..0.5]	[0.5..0.5]	[1.0..1.0]	[2763520.5..2763520.5]	[0.5..0.5]	[0.5..0.5]	0.9381556	[2592612.2..2592612.2]
Group-1	PG 32:0:0	283.26	240116_PG_FTMSMS-_1.mzXML	25.0	6627.4	0.0	0.0	[0.0..0.0]	[0.0..1.0]	[1.002..1.009]	[6640.655..6687.046]	[0.67..0.671]	[0.72..0.94]	[1.007..1.009]	[6673.7915..6687.046]	[0.672..0.672]	[0.72..0.942]	0.9381556	[6229.9673..6273.4897]
Group-1	PG 32:0:0	283.26	240116_PG_FTMSMS-_1.mzXML	30.0	10636.6	0.0	0.0	[0.0..0.0]	[0.0..1.0]	[0.976..0.985]	[10381.321..10477.051]	[0.595..0.597]	[0.72..0.94]	[0.982..0.984]	[10445.141..10466.414]	[0.598..0.598]	[0.72..0.942]	0.9381556	[9739.294..9829.104]
Group-1	PG 32:0:0	283.26	240116_PG_FTMSMS-_1.mzXML	35.0	11899.6	0.0	0.0	[0.0..0.0]	[0.0..1.0]	[0.963..0.976]	[11459.314..11614.01]	[0.688..0.691]	[0.72..0.94]	[0.972..0.975]	[11566.411..11602.11]	[0.692..0.692]	[0.72..0.942]	0.9381556	[10750.62..10895.748]
Group-1	PG 32:1:0	227.2	240116_PG_FTMSMS-_1.mzXML	25.0	151603.1	0.0	0.0	[0.0..0.0]	[0.0..0.0]	[0.99..0.99]	[150087.06..150087.06]	[0.249..0.249]	[0.0..0.0]	[0.99..0.99]	[150087.06..150087.06]	[0.249..0.249]	[0.0..0.0]	0.9404044	[141142.53..141142.53]
Group-1	PG 32:1:0	227.2	240116_PG_FTMSMS-_1.mzXML	30.0	220074.2	0.0	0.0	[0.0..0.0]	[1.0..1.0]	[1.029..1.029]	[226456.36..226456.36]	[0.275..0.275]	[0.0..0.0]	[1.029..1.029]	[226456.36..226456.36]	[0.275..0.275]	[0.0..0.0]	0.9404044	[212960.56..212960.56]
Group-1	PG 32:1:0	227.2	240116_PG_FTMSMS-_1.mzXML	35.0	217720.0	0.0	0.0	[0.0..0.0]	[0.0..1.0]	[1.016..1.044]	[221203.53..227299.69]	[0.268..0.268]	[0.0..0.0]	[1.016..1.016]	[221203.53..221203.53]	[0.263..0.263]	[0.0..0.0]	0.9404044	[208020.77..213753.62]
Group-1	PG 32:1:0	253.22	240116_PG_FTMSMS-_1.mzXML	25.0	2157706.5	0.0	0.0	[9.0..9.0]	[0.0..1.0]	[0.97..1.014]	[2092975.4..2187914.5]	[0.709..0.718]	[0.96..1.0]	[1.012..1.014]	[2183599.0..2187914.5]	[0.718..0.718]	[0.96..1.0]	0.9404044	[1968243.2..2057524.5]
Group-1	PG 32:1:0	253.22	240116_PG_FTMSMS-_1.mzXML	30.0	2904188.5	0.0	0.0	[9.0..9.0]	[0.0..1.0]	[0.979..1.013]	[2843200.5..2941943.0]	[0.702..0.709]	[0.96..1.0]	[1.012..1.013]	[2939038.8..2941943.0]	[0.709..0.709]	[0.96..1.0]	0.9404044	[2673758.2..2766616.2]
Group-1	PG 32:1:0	253.22	240116_PG_FTMSMS-_1.mzXML	35.0	2930767.2	0.0	0.0	[9.0..9.0]	[0.0..1.0]	[0.99..1.021]	[2901459.5..2992313.5]	[0.699..0.705]	[0.96..1.0]	[1.02..1.021]	[2989382.5..2992313.5]	[0.705..0.705]	[0.96..1.0]	0.9404044	[2728545.5..2813984.8]
Group-1	PG 32:1:0	255.23	240116_PG_FTMSMS-_1.mzXML	25.0	859057.2	0.0	0.0	[0.0..0.0]	[0.0..1.0]	[1.0..1.0]	[859057.2..859057.2]	[0.282..0.291]	[0.0..0.04]	[1.0..1.0]	[859057.2..859057.2]	[0.282..0.282]	[0.0..0.04]	0.9404044	[807861.2..807861.2]
Group-1	PG 32:1:0	255.23	240116_PG_FTMSMS-_1.mzXML	30.0	1205506.2	0.0	0.0	[0.0..0.0]	[0.0..1.0]	[1.0..1.0]	[1205506.2..1205506.2]	[0.291..0.298]	[0.0..0.04]	[1.0..1.0]	[1205506.2..1205506.2]	[0.291..0.291]	[0.0..0.04]	0.9404044	[1133663.4..1133663.4]
Group-1	PG 32:1:0	255.23	240116_PG_FTMSMS-_1.mzXML	35.0	1250212.2	0.0	0.0	[0.0..0.0]	[0.0..1.0]	[1.0..1.0]	[1250212.2..1250212.2]	[0.295..0.301]	[0.0..0.04]	[1.0..1.0]	[1250212.2..1250212.2]	[0.295..0.295]	[0.0..0.04]	0.9404044	[1175705.1..1175705.1]
Group-1	PG 32:1:0	281.25	240116_PG_FTMSMS-_1.mzXML	25.0	473480.8	0.0	0.0	[9.0..9.0]	[1.0..1.0]	[0.958..0.958]	[453594.62..453594.62]	[0.751..0.751]	[1.0..1.0]	[0.958..0.958]	[453594.62..453594.62]	[0.751..0.751]	[1.0..1.0]	0.9404044	[426562.38..426562.38]
Group-1	PG 32:1:0	281.25	240116_PG_FTMSMS-_1.mzXML	30.0	655486.6	0.0	0.0	[9.0..9.0]	[0.0..0.0]	[0.911..0.911]	[597148.3..597148.3]	[0.725..0.725]	[1.0..1.0]	[0.911..0.911]	[597148.3..597148.3]	[0.725..0.725]	[1.0..1.0]	0.9404044	[561560.9..561560.9]
Group-1	PG 32:1:0	281.25	240116_PG_FTMSMS-_1.mzXML	35.0	662783.4	0.0	0.0	[9.0..9.0]	[0.0..1.0]	[0.912..0.936]	[604458.44..620365.25]	[0.732..0.732]	[1.0..1.0]	[0.936..0.936]	[620365.25..620365.25]	[0.737..0.737]	[1.0..1.0]	0.9404044	[568435.44..583394.25]
Group-1	PG 32:2:0	225.19	240116_PG_FTMSMS-_1.mzXML	25.0	2089.2	0.0	0.0	[7.0..7.0]	[0.0..0.0]	[0.962..0.962]	[2009.81..2009.81]	[0.243..0.243]	[0.0..0.0]	[0.962..0.962]	[2009.8104..2009.8104]	[0.243..0.243]	[0.0..0.0]	0.9426762	[1894.6005..1894.6005]
Group-1	PG 32:2:0	225.19	240116_PG_FTMSMS-_1.mzXML	30.0	2552.4	0.0	0.0	[7.0..7.0]	[0.0..0.0]	[1.011..1.011]	[2580.476..2580.476]	[0.231..0.231]	[0.0..0.0]	[1.011..1.011]	[2580.4763..2580.4763]	[0.231..0.231]	[0.0..0.0]	0.9426762	[2432.5537..2432.5537]
Group-1	PG 32:2:0	225.19	240116_PG_FTMSMS-_1.mzXML	35.0	2612.3	0.0	0.0	[7.0..7.0]	[0.0..0.0]	[1.055..1.055]	[2755.976..2755.976]	[0.264..0.264]	[0.0..0.0]	[1.055..1.055]	[2755.9763..2755.9763]	[0.264..0.264]	[0.0..0.0]	0.9426762	[2597.9932..2597.9932]
Group-1	PG 32:2:0	227.2	240116_PG_FTMSMS-_1.mzXML	25.0	51451.6	0.0	0.0	[0.0..0.0]	[0.0..0.0]	[0.99..0.99]	[50937.086..50937.086]	[0.251..0.251]	[0.0..0.0]	[0.99..0.99]	[50937.086..50937.086]	[0.251..0.251]	[0.0..0.0]	0.9426762	[48017.176..48017.176]
Group-1	PG 32:2:0	227.2	240116_PG_FTMSMS-_1.mzXML	30.0	70047.7	0.0	0.0	[0.0..0.0]	[0.0..0.0]	[1.012..1.012]	[70888.27..70888.27]	[0.259..0.259]	[0.0..0.0]	[1.012..1.012]	[70888.27..70888.27]	[0.259..0.259]	[0.0..0.0]	0.9426762	[66824.69..66824.69]
Group-1	PG 32:2:0	227.2	240116_PG_FTMSMS-_1.mzXML	35.0	68316.7	0.0	0.0	[0.0..0.0]	[0.0..0.0]	[1.016..1.016]	[69409.77..69409.77]	[0.256..0.256]	[0.0..0.0]	[1.016..1.016]	[69409.77..69409.77]	[0.256..0.256]	[0.0..0.0]	0.9426762	[65430.938..65430.938]
Group-1	PG 32:2:0	251.2	240116_PG_FTMSMS-_1.mzXML	25.0	22111.9	0.0	0.0	[9.0..9.0]	[0.0..1.0]	[0.967..0.996]	[21382.207..22023.453]	[0.659..0.666]	[0.64..0.88]	[0.986..0.993]	[21802.334..21957.117]	[0.663..0.665]	[0.643..0.883]	0.9426762	[20156.498..20760.984]
Group-1	PG 32:2:0	251.2	240116_PG_FTMSMS-_1.mzXML	30.0	24611.1	0.0	0.0	[9.0..9.0]	[0.0..1.0]	[1.012..1.03]	[24906.432..25349.432]	[0.611..0.616]	[0.64..0.88]	[1.024..1.028]	[25201.768..25300.21]	[0.614..0.615]	[0.643..0.883]	0.9426762	[23478.7..23896.305]
Group-1	PG 32:2:0	251.2	240116_PG_FTMSMS-_1.mzXML	35.0	20155.3	0.0	0.0	[9.0..9.0]	[0.0..1.0]	[1.088..1.098]	[21928.969..22130.521]	[0.562..0.565]	[0.64..0.88]	[1.094..1.097]	[22049.898..22110.365]	[0.564..0.564]	[0.643..0.883]	0.9426762	[20671.916..20861.916]
Group-1	PG 32:2:0	253.22	240116_PG_FTMSMS-_1.mzXML	25.0	61745.0	0.0	0.0	[9.0..9.0]	[0.5..0.5]	[0.974..0.974]	[60139.63..60139.63]	[0.5..0.5]	[0.5..0.5]	[0.974..0.974]	[60139.63..60139.63]	[0.5..0.5]	[0.5..0.5]	0.9426762	[56692.2..56692.2]
Group-1	PG 32:2:0	253.22	240116_PG_FTMSMS-_1.mzXML	30.0	80711.9	0.0	0.0	[9.0..9.0]	[0.5..0.5]	[0.979..0.979]	[79016.945..79016.945]	[0.5..0.5]	[0.5..0.5]	[0.979..0.979]	[79016.945..79016.945]	[0.5..0.5]	[0.5..0.5]	0.9426762	[74487.4..74487.4]
Group-1	PG 32:2:0	253.22	240116_PG_FTMSMS-_1.mzXML	35.0	79557.6	0.0	0.0	[9.0..9.0]	[0.5..0.5]	[0.988..0.988]	[78602.91..78602.91]	[0.5..0.5]	[0.5..0.5]	[0.988..0.988]	[78602.91..78602.91]	[0.5..0.5]	[0.5..0.5]	0.9426762	[74097.086..74097.086]
Group-1	PG 32:2:0	255.23	240116_PG_FTMSMS-_1.mzXML	25.0	11065.8	0.0	0.0	[0.0..0.0]	[0.0..1.0]	[1.0..1.0]	[11065.8..11065.8]	[0.334..0.341]	[0.12..0.36]	[1.0..1.0]	[11065.8..11065.8]	[0.335..0.337]	[0.117..0.357]	0.9426762	[10431.466..10431.466]
Group-1	PG 32:2:0	255.23	240116_PG_FTMSMS-_1.mzXML	30.0	15823.7	0.0	0.0	[0.0..0.0]	[0.0..1.0]	[1.0..1.0]	[15823.7..15823.7]	[0.384..0.389]	[0.12..0.36]	[1.0..1.0]	[15823.7..15823.7]	[0.385..0.386]	[0.117..0.357]	0.9426762	[14916.625..14916.625]
Group-1	PG 32:2:0	255.23	240116_PG_FTMSMS-_1.mzXML	35.0	17061.8	0.0	0.0	[0.0..0.0]	[0.0..1.0]	[1.0..1.0]	[17061.8..17061.8]	[0.435..0.438]	[0.12..0.36]	[1.0..1.0]	[17061.8..17061.8]	[0.436..0.436]	[0.117..0.357]	0.9426762	[16083.753..16083.753]
Group-1	PG 32:2:0	279.23	240116_PG_FTMSMS-_1.mzXML	25.0	161071.9	0.0	0.0	[9.0..9.0]	[1.0..1.0]	[0.946..0.946]	[152374.02..152374.02]	[0.749..0.749]	[1.0..1.0]	[0.946..0.946]	[152374.02..152374.02]	[0.749..0.749]	[1.0..1.0]	0.9426762	[143639.36..143639.36]
Group-1	PG 32:2:0	279.23	240116_PG_FTMSMS-_1.mzXML	30.0	211973.8	0.0	0.0	[9.0..9.0]	[1.0..1.0]	[0.957..0.957]	[202858.92..202858.92]	[0.741..0.741]	[1.0..1.0]	[0.957..0.957]	[202858.92..202858.92]	[0.741..0.741]	[1.0..1.0]	0.9426762	[191230.28..191230.28]
Group-1	PG 32:2:0	279.23	240116_PG_FTMSMS-_1.mzXML	35.0	199610.5	0.0	0.0	[9.0..9.0]	[1.0..1.0]	[1.01..1.01]	[201606.61..201606.61]	[0.744..0.744]	[1.0..1.0]	[1.01..1.01]	[201606.61..201606.61]	[0.744..0.744]	[1.0..1.0]	0.9426762	[190049.73..190049.73]
Group-1	PG 32:2:0	281.25	240116_PG_FTMSMS-_1.mzXML	25.0	6519.4	0.0	0.0	[9.0..9.0]	[1.0..1.0]	[0.958..0.958]	[6245.585..6245.585]	[0.757..0.757]	[1.0..1.0]	[0.958..0.958]	[6245.585..6245.585]	[0.757..0.757]	[1.0..1.0]	0.9426762	[5887.5645..5887.5645]
Group-1	PG 32:2:0	281.25	240116_PG_FTMSMS-_1.mzXML	30.0	9185.0	0.0	0.0	[9.0..9.0]	[1.0..1.0]	[0.937..0.937]	[8606.345..8606.345]	[0.769..0.769]	[1.0..1.0]	[0.937..0.937]	[8606.345..8606.345]	[0.769..0.769]	[1.0..1.0]	0.9426762	[8112.996..8112.996]
Group-1	PG 32:2:0	281.25	240116_PG_FTMSMS-_1.mzXML	35.0	8196.2	0.0	0.0	[9.0..9.0]	[1.0..1.0]	[0.936..0.936]	[7671.643..7671.643]	[0.736..0.736]	[1.0..1.0]	[0.936..0.936]	[7671.643..7671.643]	[0.736..0.736]	[1.0..1.0]	0.9426762	[7231.8755..7231.8755]
Group-1	PG 33:0:0	241.22	240116_PG_FTMSMS-_1.mzXML	25.0	1509.4	0.0	0.0	[0.0..0.0]	[0.0..1.0]	[0.995..1.0]	[1501.853..1509.4]	[0.255..0.255]	[0.0..0.11]	[0.995..0.996]	[1501.853..1503.3624]	[0.254..0.254]	[0.0..0.107]	0.9227879	[1385.8918..1392.8561]
Group-1	PG 33:0:0	241.22	240116_PG_FTMSMS-_1.mzXML	30.0	3341.9	0.0	0.0	[0.0..0.0]	[0.0..1.0]	[1.006..1.014]	[3361.952..3388.687]	[0.33..0.33]	[0.0..0.11]	[1.006..1.007]	[3361.9514..3365.2932]	[0.328..0.328]	[0.0..0.107]	0.9227879	[3102.3682..3127.039]
Group-1	PG 33:0:0	241.22	240116_PG_FTMSMS-_1.mzXML	35.0	2640.2	0.0	0.0	[0.0..0.0]	[0.0..1.0]	[1.009..1.021]	[2663.962..2695.644]	[0.277..0.277]	[0.0..0.11]	[1.009..1.01]	[2663.9617..2666.6018]	[0.275..0.275]	[0.0..0.107]	0.9227879	[2458.2715..2487.5078]
Group-1	PG 33:0:0	255.23	240116_PG_FTMSMS-_1.mzXML	25.0	23822.0	0.0	0.0	[0.0..0.0]	[0.0..1.0]	[1.0..1.0]	[23822.0..23822.0]	[0.448..0.448]	[0.38..0.45]	[1.0..1.0]	[23822.0..23822.0]	[0.448..0.448]	[0.38..0.449]	0.9227879	[21982.654..21982.654]
Group-1	PG 33:0:0	255.23	240116_PG_FTMSMS-_1.mzXML	30.0	37792.4	0.0	0.0	[0.0..0.0]	[0.0..1.0]	[1.0..1.0]	[37792.4..37792.4]	[0.453..0.455]	[0.38..0.45]	[1.0..1.0]	[37792.4..37792.4]	[0.454..0.454]	[0.38..0.449]	0.9227879	[34874.367..34874.367]
Group-1	PG 33:0:0	255.23	240116_PG_FTMSMS-_1.mzXML	35.0	40699.0	0.0	0.0	[0.0..0.0]	[0.0..1.0]	[1.0..1.0]	[40699.0..40699.0]	[0.476..0.478]	[0.38..0.45]	[1.0..1.0]	[40699.0..40699.0]	[0.477..0.477]	[0.38..0.449]	0.9227879	[37556.547..37556.547]
Group-1	PG 33:0:0	269.25	240116_PG_FTMSMS-_1.mzXML	25.0	29292.4	0.0	0.0	[0.0..0.0]	[0.0..1.0]	[1.001..1.004]	[29321.693..29409.568]	[0.552..0.552]	[0.55..0.62]	[1.003..1.003]	[29380.277..29380.277]	[0.552..0.552]	[0.551..0.62]	0.9227879	[27057.703..27138.793]
Group-1	PG 33:0:0	269.25	240116_PG_FTMSMS-_1.mzXML	30.0	45918.9	0.0	0.0	[0.0..0.0]	[0.0..1.0]	[0.987..0.993]	[45321.953..45597.465]	[0.545..0.547]	[0.55..0.62]	[0.99..0.991]	[45459.71..45505.63]	[0.546..0.546]	[0.551..0.62]	0.9227879	[41822.547..42076.79]
Group-1	PG 33:0:0	269.25	240116_PG_FTMSMS-_1.mzXML	35.0	45287.0	0.0	0.0	[0.0..0.0]	[0.0..1.0]	[0.981..0.989]	[44426.547..44788.844]	[0.522..0.524]	[0.55..0.62]	[0.985..0.986]	[44607.695..44652.98]	[0.523..0.523]	[0.551..0.62]	0.9227879	[40996.28..41330.605]
Group-1	PG 33:0:0	283.26	240116_PG_FTMSMS-_1.mzXML	25.0	4375.8	0.0	0.0	[0.0..0.0]	[0.0..1.0]	[1.002..1.009]	[4384.552..4415.182]	[0.745..0.745]	[0.89..1.0]	[1.008..1.009]	[4410.806..4415.1816]	[0.746..0.746]	[0.893..1.0]	0.9227879	[4046.0107..4074.2764]
Group-1	PG 33:0:0	283.26	240116_PG_FTMSMS-_1.mzXML	30.0	6985.0	0.0	0.0	[0.0..0.0]	[0.0..1.0]	[0.976..0.985]	[6817.36..6880.225]	[0.67..0.67]	[0.89..1.0]	[0.984..0.985]	[6873.24..6880.225]	[0.672..0.672]	[0.893..1.0]	0.9227879	[6290.977..6348.9883]
Group-1	PG 33:0:0	283.26	240116_PG_FTMSMS-_1.mzXML	35.0	7216.4	0.0	0.0	[0.0..0.0]	[0.0..1.0]	[0.963..0.976]	[6949.393..7043.207]	[0.723..0.723]	[0.89..1.0]	[0.975..0.976]	[7035.99..7043.2065]	[0.725..0.725]	[0.893..1.0]	0.9227879	[6412.816..6499.3857]
Group-1	PG 33:1:0	241.22	240116_PG_FTMSMS-_1.mzXML	25.0	63178.1	0.0	0.0	[0.0..0.0]	[0.0..0.0]	[0.995..0.995]	[62862.21..62862.21]	[0.191..0.191]	[0.0..0.0]	[0.995..0.995]	[62862.21..62862.21]	[0.191..0.191]	[0.0..0.0]	0.9249684	[58145.562..58145.562]
Group-1	PG 33:1:0	241.22	240116_PG_FTMSMS-_1.mzXML	30.0	82984.2	0.0	0.0	[0.0..0.0]	[1.0..1.0]	[1.014..1.014]	[84145.984..84145.984]	[0.183..0.183]	[0.0..0.0]	[1.014..1.014]	[84145.984..84145.984]	[0.183..0.183]	[0.0..0.0]	0.9249684	[77832.375..77832.375]
Group-1	PG 33:1:0	241.22	240116_PG_FTMSMS-_1.mzXML	35.0	89282.3	0.0	0.0	[0.0..0.0]	[0.0..1.0]	[1.009..1.021]	[90085.83..91157.23]	[0.189..0.191]	[0.0..0.0]	[1.009..1.009]	[90085.836..90085.836]	[0.187..0.187]	[0.0..0.0]	0.9249684	[83326.55..84317.555]
Group-1	PG 33:1:0	253.22	240116_PG_FTMSMS-_1.mzXML	25.0	11578.0	0.0	0.0	[9.0..9.0]	[0.0..1.0]	[0.97..1.014]	[11230.66..11740.093]	[0.675..0.684]	[0.86..0.92]	[1.008..1.01]	[11670.624..11693.78]	[0.683..0.684]	[0.863..0.924]	0.9249684	[10388.006..10859.215]
Group-1	PG 33:1:0	253.22	240116_PG_FTMSMS-_1.mzXML	30.0	15991.5	0.0	0.0	[9.0..9.0]	[0.0..1.0]	[0.979..1.013]	[15655.678..16199.39]	[0.665..0.672]	[0.86..0.92]	[1.008..1.01]	[16119.433..16151.415]	[0.672..0.672]	[0.863..0.924]	0.9249684	[14481.008..14983.924]
Group-1	PG 33:1:0	253.22	240116_PG_FTMSMS-_1.mzXML	35.0	16239.7	0.0	0.0	[9.0..9.0]	[0.0..1.0]	[0.99..1.021]	[16077.304..16580.734]	[0.657..0.662]	[0.86..0.92]	[1.017..1.019]	[16515.775..16548.256]	[0.663..0.664]	[0.863..0.924]	0.9249684	[14870.998..15336.656]
Group-1	PG 33:1:0	255.23	240116_PG_FTMSMS-_1.mzXML	25.0	90821.9	0.0	0.0	[0.0..0.0]	[0.0..0.0]	[1.0..1.0]	[90821.9..90821.9]	[0.336..0.336]	[0.12..0.17]	[1.0..1.0]	[90821.9..90821.9]	[0.336..0.336]	[0.122..0.174]	0.9249684	[84007.39..84007.39]
Group-1	PG 33:1:0	255.23	240116_PG_FTMSMS-_1.mzXML	30.0	134340.8	0.0	0.0	[0.0..0.0]	[0.0..0.0]	[1.0..1.0]	[134340.8..134340.8]	[0.35..0.35]	[0.12..0.17]	[1.0..1.0]	[134340.8..134340.8]	[0.35..0.35]	[0.122..0.174]	0.9249684	[124260.99..124260.99]
Group-1	PG 33:1:0	255.23	240116_PG_FTMSMS-_1.mzXML	35.0	137041.4	0.0	0.0	[0.0..0.0]	[0.0..0.0]	[1.0..1.0]	[137041.4..137041.4]	[0.359..0.359]	[0.12..0.17]	[1.0..1.0]	[137041.4..137041.4]	[0.359..0.359]	[0.122..0.174]	0.9249684	[126758.98..126758.98]
Group-1	PG 33:1:0	267.23	240116_PG_FTMSMS-_1.mzXML	25.0	182592.0	0.0	0.0	[9.0..9.0]	[1.0..1.0]	[0.983..0.983]	[179487.94..179487.94]	[0.664..0.664]	[0.83..0.88]	[0.983..0.983]	[179487.94..179487.94]	[0.664..0.664]	[0.826..0.878]	0.9249684	[166020.66..166020.66]
Group-1	PG 33:1:0	267.23	240116_PG_FTMSMS-_1.mzXML	30.0	256690.0	0.0	0.0	[9.0..9.0]	[1.0..1.0]	[0.972..0.972]	[249502.69..249502.69]	[0.65..0.65]	[0.83..0.88]	[0.972..0.972]	[249502.69..249502.69]	[0.65..0.65]	[0.826..0.878]	0.9249684	[230782.1..230782.1]
Group-1	PG 33:1:0	267.23	240116_PG_FTMSMS-_1.mzXML	35.0	250535.1	0.0	0.0	[9.0..9.0]	[1.0..1.0]	[0.976..0.976]	[244522.25..244522.25]	[0.641..0.641]	[0.83..0.88]	[0.976..0.976]	[244522.25..244522.25]	[0.641..0.641]	[0.826..0.878]	0.9249684	[226175.36..226175.36]
Group-1	PG 33:1:0	269.25	240116_PG_FTMSMS-_1.mzXML	25.0	5403.8	0.0	0.0	[0.0..0.0]	[0.0..1.0]	[1.001..1.004]	[5409.204..5425.415]	[0.316..0.325]	[0.08..0.14]	[1.001..1.001]	[5409.2036..5409.2036]	[0.316..0.317]	[0.076..0.137]	0.9249684	[5003.343..5018.3374]
Group-1	PG 33:1:0	269.25	240116_PG_FTMSMS-_1.mzXML	30.0	7975.1	0.0	0.0	[0.0..0.0]	[0.0..1.0]	[0.987..0.993]	[7871.424..7919.274]	[0.328..0.335]	[0.08..0.14]	[0.987..0.988]	[7871.424..7879.399]	[0.328..0.328]	[0.076..0.137]	0.9249684	[7280.8184..7325.0786]
Group-1	PG 33:1:0	269.25	240116_PG_FTMSMS-_1.mzXML	35.0	8541.6	0.0	0.0	[0.0..0.0]	[0.0..1.0]	[0.981..0.989]	[8379.31..8447.643]	[0.338..0.343]	[0.08..0.14]	[0.982..0.982]	[8387.851..8387.851]	[0.336..0.337]	[0.076..0.137]	0.9249684	[7750.5967..7813.8022]
Group-1	PG 33:1:0	281.25	240116_PG_FTMSMS-_1.mzXML	25.0	277837.0	0.0	0.0	[9.0..9.0]	[1.0..1.0]	[0.958..0.958]	[266167.84..266167.84]	[0.809..0.809]	[1.0..1.0]	[0.958..0.958]	[266167.84..266167.84]	[0.809..0.809]	[1.0..1.0]	0.9249684	[246196.86..246196.86]
Group-1	PG 33:1:0	281.25	240116_PG_FTMSMS-_1.mzXML	30.0	411262.0	0.0	0.0	[9.0..9.0]	[0.0..0.0]	[0.911..0.911]	[374659.7..374659.7]	[0.817..0.817]	[1.0..1.0]	[0.911..0.911]	[374659.7..374659.7]	[0.817..0.817]	[1.0..1.0]	0.9249684	[346548.4..346548.4]
Group-1	PG 33:1:0	281.25	240116_PG_FTMSMS-_1.mzXML	35.0	417713.4	0.0	0.0	[9.0..9.0]	[0.0..1.0]	[0.912..0.936]	[380954.62..390979.75]	[0.809..0.811]	[1.0..1.0]	[0.936..0.936]	[390979.75..390979.75]	[0.813..0.813]	[1.0..1.0]	0.9249684	[352371.0..361643.94]
Group-1	PG 33:2:0	239.2	240116_PG_FTMSMS-_1.mzXML	25.0	1467.4	0.0	0.0	[7.0..7.0]	[0.0..0.0]	[0.944..0.944]	[1385.226..1385.226]	[0.013..0.013]	[0.0..0.0]	[0.944..0.944]	[1385.2256..1385.2256]	[0.013..0.013]	[0.0..0.0]	0.92714924	[1284.3109..1284.3109]
Group-1	PG 33:2:0	239.2	240116_PG_FTMSMS-_1.mzXML	30.0	2080.2	0.0	0.0	[7.0..7.0]	[0.0..0.0]	[0.981..0.981]	[2040.676..2040.676]	[0.014..0.014]	[0.0..0.0]	[0.981..0.981]	[2040.6761..2040.6761]	[0.014..0.014]	[0.0..0.0]	0.92714924	[1892.0114..1892.0114]
Group-1	PG 33:2:0	239.2	240116_PG_FTMSMS-_1.mzXML	35.0	2066.0	0.0	0.0	[7.0..7.0]	[0.0..0.0]	[1.019..1.019]	[2105.254..2105.254]	[0.014..0.014]	[0.0..0.0]	[1.019..1.019]	[2105.2542..2105.2542]	[0.014..0.014]	[0.0..0.0]	0.92714924	[1951.8848..1951.8848]
Group-1	PG 33:2:0	241.22	240116_PG_FTMSMS-_1.mzXML	25.0	41793.8	0.0	0.0	[0.0..0.0]	[0.0..0.0]	[0.995..0.995]	[41584.832..41584.832]	[0.153..0.153]	[0.0..0.0]	[0.995..0.995]	[41584.832..41584.832]	[0.153..0.153]	[0.0..0.0]	0.92714924	[38555.344..38555.344]
Group-1	PG 33:2:0	241.22	240116_PG_FTMSMS-_1.mzXML	30.0	61059.6	0.0	0.0	[0.0..0.0]	[0.0..0.0]	[1.006..1.006]	[61425.96..61425.96]	[0.157..0.157]	[0.0..0.0]	[1.006..1.006]	[61425.96..61425.96]	[0.157..0.157]	[0.0..0.0]	0.92714924	[56951.035..56951.035]
Group-1	PG 33:2:0	241.22	240116_PG_FTMSMS-_1.mzXML	35.0	59845.6	0.0	0.0	[0.0..0.0]	[0.0..0.0]	[1.009..1.009]	[60384.207..60384.207]	[0.154..0.154]	[0.0..0.0]	[1.009..1.009]	[60384.207..60384.207]	[0.154..0.154]	[0.0..0.0]	0.92714924	[55985.17..55985.17]
Group-1	PG 33:2:0	253.22	240116_PG_FTMSMS-_1.mzXML	25.0	5590.4	0.0	0.0	[9.0..9.0]	[0.0..0.0]	[0.97..0.97]	[5422.688..5422.688]	[0.532..0.532]	[0.57..0.65]	[0.97..0.97]	[5422.688..5422.688]	[0.532..0.532]	[0.574..0.65]	0.92714924	[5027.641..5027.641]
Group-1	PG 33:2:0	253.22	240116_PG_FTMSMS-_1.mzXML	30.0	8401.2	0.0	0.0	[9.0..9.0]	[0.0..0.0]	[0.979..0.979]	[8224.775..8224.775]	[0.562..0.562]	[0.57..0.65]	[0.979..0.979]	[8224.774..8224.774]	[0.562..0.562]	[0.574..0.65]	0.92714924	[7625.5938..7625.5938]
Group-1	PG 33:2:0	253.22	240116_PG_FTMSMS-_1.mzXML	35.0	8069.3	0.0	0.0	[9.0..9.0]	[0.0..0.0]	[0.99..0.99]	[7988.607..7988.607]	[0.565..0.565]	[0.57..0.65]	[0.99..0.99]	[7988.607..7988.607]	[0.565..0.565]	[0.574..0.65]	0.92714924	[7406.631..7406.631]
Group-1	PG 33:2:0	255.23	240116_PG_FTMSMS-_1.mzXML	25.0	9497.7	0.0	0.0	[0.0..0.0]	[0.0..0.0]	[1.0..1.0]	[9497.7..9497.7]	[0.45..0.45]	[0.38..0.46]	[1.0..1.0]	[9497.7..9497.7]	[0.45..0.45]	[0.385..0.461]	0.92714924	[8805.785..8805.785]
Group-1	PG 33:2:0	255.23	240116_PG_FTMSMS-_1.mzXML	30.0	13728.0	0.0	0.0	[0.0..0.0]	[0.0..0.0]	[1.0..1.0]	[13728.0..13728.0]	[0.462..0.462]	[0.38..0.46]	[1.0..1.0]	[13728.0..13728.0]	[0.462..0.462]	[0.385..0.461]	0.92714924	[12727.904..12727.904]
Group-1	PG 33:2:0	255.23	240116_PG_FTMSMS-_1.mzXML	35.0	14943.4	0.0	0.0	[0.0..0.0]	[0.0..0.0]	[1.0..1.0]	[14943.4..14943.4]	[0.483..0.483]	[0.38..0.46]	[1.0..1.0]	[14943.4..14943.4]	[0.483..0.483]	[0.385..0.461]	0.92714924	[13854.763..13854.763]
Group-1	PG 33:2:0	265.22	240116_PG_FTMSMS-_1.mzXML	25.0	11988.9	0.0	0.0	[9.0..9.0]	[1.0..1.0]	[0.97..0.97]	[11629.233..11629.233]	[0.55..0.55]	[0.54..0.62]	[0.97..0.97]	[11629.233..11629.233]	[0.55..0.55]	[0.539..0.615]	0.92714924	[10782.035..10782.035]
Group-1	PG 33:2:0	265.22	240116_PG_FTMSMS-_1.mzXML	30.0	16106.6	0.0	0.0	[9.0..9.0]	[1.0..1.0]	[0.992..0.992]	[15977.746..15977.746]	[0.538..0.538]	[0.54..0.62]	[0.992..0.992]	[15977.746..15977.746]	[0.538..0.538]	[0.539..0.615]	0.92714924	[14813.756..14813.756]
Group-1	PG 33:2:0	265.22	240116_PG_FTMSMS-_1.mzXML	35.0	15194.5	0.0	0.0	[9.0..9.0]	[1.0..1.0]	[1.052..1.052]	[15984.614..15984.614]	[0.517..0.517]	[0.54..0.62]	[1.052..1.052]	[15984.614..15984.614]	[0.517..0.517]	[0.539..0.615]	0.92714924	[14820.124..14820.124]
Group-1	PG 33:2:0	267.23	240116_PG_FTMSMS-_1.mzXML	25.0	4845.3	0.0	0.0	[9.0..9.0]	[1.0..1.0]	[0.983..0.983]	[4762.93..4762.93]	[0.468..0.468]	[0.35..0.43]	[0.983..0.983]	[4762.9297..4762.9297]	[0.468..0.468]	[0.35..0.426]	0.92714924	[4415.9463..4415.9463]
Group-1	PG 33:2:0	267.23	240116_PG_FTMSMS-_1.mzXML	30.0	6588.4	0.0	0.0	[9.0..9.0]	[1.0..1.0]	[0.972..0.972]	[6403.925..6403.925]	[0.438..0.438]	[0.35..0.43]	[0.972..0.972]	[6403.925..6403.925]	[0.438..0.438]	[0.35..0.426]	0.92714924	[5937.394..5937.394]
Group-1	PG 33:2:0	267.23	240116_PG_FTMSMS-_1.mzXML	35.0	6312.8	0.0	0.0	[9.0..9.0]	[1.0..1.0]	[0.976..0.976]	[6161.293..6161.293]	[0.435..0.435]	[0.35..0.43]	[0.976..0.976]	[6161.2925..6161.2925]	[0.435..0.435]	[0.35..0.426]	0.92714924	[5712.438..5712.438]
Group-1	PG 33:2:0	279.23	240116_PG_FTMSMS-_1.mzXML	25.0	243565.6	0.0	0.0	[9.0..9.0]	[1.0..1.0]	[0.946..0.946]	[230413.05..230413.05]	[0.847..0.847]	[1.0..1.0]	[0.946..0.946]	[230413.05..230413.05]	[0.847..0.847]	[1.0..1.0]	0.92714924	[213627.28..213627.28]
Group-1	PG 33:2:0	279.23	240116_PG_FTMSMS-_1.mzXML	30.0	345218.5	0.0	0.0	[9.0..9.0]	[1.0..1.0]	[0.957..0.957]	[330374.12..330374.12]	[0.843..0.843]	[1.0..1.0]	[0.957..0.957]	[330374.12..330374.12]	[0.843..0.843]	[1.0..1.0]	0.92714924	[306306.1..306306.1]
Group-1	PG 33:2:0	279.23	240116_PG_FTMSMS-_1.mzXML	35.0	329531.9	0.0	0.0	[9.0..9.0]	[1.0..1.0]	[1.01..1.01]	[332827.22..332827.22]	[0.846..0.846]	[1.0..1.0]	[1.01..1.01]	[332827.22..332827.22]	[0.846..0.846]	[1.0..1.0]	0.92714924	[308580.5..308580.5]
Group-1	PG 33:2:0	281.25	240116_PG_FTMSMS-_1.mzXML	25.0	106815.6	0.0	0.0	[9.0..9.0]	[1.0..1.0]	[0.958..0.958]	[102329.34..102329.34]	[0.987..0.987]	[1.0..1.0]	[0.958..0.958]	[102329.34..102329.34]	[0.987..0.987]	[1.0..1.0]	0.92714924	[94874.57..94874.57]
Group-1	PG 33:2:0	281.25	240116_PG_FTMSMS-_1.mzXML	30.0	157021.1	0.0	0.0	[9.0..9.0]	[1.0..1.0]	[0.937..0.937]	[147128.77..147128.77]	[0.986..0.986]	[1.0..1.0]	[0.937..0.937]	[147128.77..147128.77]	[0.986..0.986]	[1.0..1.0]	0.92714924	[136410.31..136410.31]
Group-1	PG 33:2:0	281.25	240116_PG_FTMSMS-_1.mzXML	35.0	156164.9	0.0	0.0	[9.0..9.0]	[1.0..1.0]	[0.936..0.936]	[146170.34..146170.34]	[0.986..0.986]	[1.0..1.0]	[0.936..0.936]	[146170.34..146170.34]	[0.986..0.986]	[1.0..1.0]	0.92714924	[135521.73..135521.73]
Group-1	PG 34:1:0	255.23	240116_PG_FTMSMS-_1.mzXML	25.0	2.7322498E7	0.0	0.0	[0.0..0.0]	[0.0..0.0]	[1.0..1.0]	[2.7322498E7..2.7322498E7]	[0.246..0.246]	[0.0..0.0]	[1.0..1.0]	[2.7322498E7..2.7322498E7]	[0.246..0.246]	[0.0..0.0]	0.9100603	[2.486512E7..2.486512E7]
Group-1	PG 34:1:0	255.23	240116_PG_FTMSMS-_1.mzXML	30.0	4.2311692E7	0.0	0.0	[0.0..0.0]	[1.0..1.0]	[1.0..1.0]	[4.2311692E7..4.2311692E7]	[0.268..0.268]	[0.0..0.0]	[1.0..1.0]	[4.2311692E7..4.2311692E7]	[0.268..0.268]	[0.0..0.0]	0.9100603	[3.8506192E7..3.8506192E7]
Group-1	PG 34:1:0	255.23	240116_PG_FTMSMS-_1.mzXML	35.0	4.4198176E7	0.0	0.0	[0.0..0.0]	[0.0..1.0]	[1.0..1.0]	[4.4198176E7..4.4198176E7]	[0.263..0.268]	[0.0..0.0]	[1.0..1.0]	[4.4198176E7..4.4198176E7]	[0.263..0.263]	[0.0..0.0]	0.9100603	[4.0223004E7..4.0223004E7]
Group-1	PG 34:1:0	281.25	240116_PG_FTMSMS-_1.mzXML	25.0	8.7603568E7	0.0	0.0	[9.0..9.0]	[1.0..1.0]	[0.958..0.958]	[8.3924216E7..8.3924216E7]	[0.754..0.754]	[1.0..1.0]	[0.958..0.958]	[8.3924216E7..8.3924216E7]	[0.754..0.754]	[1.0..1.0]	0.9100603	[7.6376096E7..7.6376096E7]
Group-1	PG 34:1:0	281.25	240116_PG_FTMSMS-_1.mzXML	30.0	1.26841152E8	0.0	0.0	[9.0..9.0]	[0.0..0.0]	[0.911..0.911]	[1.15552288E8..1.15552288E8]	[0.732..0.732]	[1.0..1.0]	[0.911..0.911]	[1.15552288E8..1.15552288E8]	[0.732..0.732]	[1.0..1.0]	0.9100603	[1.05159552E8..1.05159552E8]
Group-1	PG 34:1:0	281.25	240116_PG_FTMSMS-_1.mzXML	35.0	1.32525816E8	0.0	0.0	[9.0..9.0]	[0.0..1.0]	[0.912..0.936]	[1.20863544E8..1.2404416E8]	[0.732..0.737]	[1.0..1.0]	[0.936..0.936]	[1.2404416E8..1.2404416E8]	[0.737..0.737]	[1.0..1.0]	0.9100603	[1.09993112E8..1.12887664E8]
Group-1	PG 34:2:0	253.22	240116_PG_FTMSMS-_1.mzXML	25.0	955305.8	0.0	0.0	[9.0..9.0]	[0.0..0.0]	[0.97..0.97]	[926646.6..926646.6]	[0.271..0.271]	[0.0..0.0]	[0.97..0.97]	[926646.7..926646.7]	[0.271..0.271]	[0.0..0.0]	0.9121761	[845264.94..845264.94]
Group-1	PG 34:2:0	253.22	240116_PG_FTMSMS-_1.mzXML	30.0	1306470.6	0.0	0.0	[9.0..9.0]	[0.0..0.0]	[0.979..0.979]	[1279034.8..1279034.8]	[0.282..0.282]	[0.0..0.0]	[0.979..0.979]	[1279034.8..1279034.8]	[0.282..0.282]	[0.0..0.0]	0.9121761	[1166704.9..1166704.9]
Group-1	PG 34:2:0	253.22	240116_PG_FTMSMS-_1.mzXML	35.0	1048532.2	0.0	0.0	[9.0..9.0]	[0.0..0.0]	[0.99..0.99]	[1038046.9..1038046.9]	[0.253..0.253]	[0.0..0.0]	[0.99..0.99]	[1038046.9..1038046.9]	[0.253..0.253]	[0.0..0.0]	0.9121761	[946881.56..946881.56]
Group-1	PG 34:2:0	255.23	240116_PG_FTMSMS-_1.mzXML	25.0	1.325766E7	0.0	0.0	[0.0..0.0]	[0.0..0.0]	[1.0..1.0]	[1.325766E7..1.325766E7]	[0.252..0.252]	[0.0..0.0]	[1.0..1.0]	[1.325766E7..1.325766E7]	[0.252..0.252]	[0.0..0.0]	0.9121761	[1.209332E7..1.209332E7]
Group-1	PG 34:2:0	255.23	240116_PG_FTMSMS-_1.mzXML	30.0	1.8461058E7	0.0	0.0	[0.0..0.0]	[0.0..0.0]	[1.0..1.0]	[1.8461058E7..1.8461058E7]	[0.255..0.255]	[0.0..0.0]	[1.0..1.0]	[1.8461058E7..1.8461058E7]	[0.255..0.255]	[0.0..0.0]	0.9121761	[1.6839736E7..1.6839736E7]
Group-1	PG 34:2:0	255.23	240116_PG_FTMSMS-_1.mzXML	35.0	1.9315924E7	0.0	0.0	[0.0..0.0]	[0.0..0.0]	[1.0..1.0]	[1.9315924E7..1.9315924E7]	[0.264..0.264]	[0.0..0.0]	[1.0..1.0]	[1.9315924E7..1.9315924E7]	[0.264..0.264]	[0.0..0.0]	0.9121761	[1.7619524E7..1.7619524E7]
Group-1	PG 34:2:0	279.23	240116_PG_FTMSMS-_1.mzXML	25.0	4.1538992E7	0.0	0.0	[9.0..9.0]	[1.0..1.0]	[0.946..0.946]	[3.9295884E7..3.9295884E7]	[0.748..0.748]	[1.0..1.0]	[0.946..0.946]	[3.9295884E7..3.9295884E7]	[0.748..0.748]	[1.0..1.0]	0.9121761	[3.5844768E7..3.5844768E7]
Group-1	PG 34:2:0	279.23	240116_PG_FTMSMS-_1.mzXML	30.0	5.6356056E7	0.0	0.0	[9.0..9.0]	[1.0..1.0]	[0.957..0.957]	[5.3932748E7..5.3932748E7]	[0.745..0.745]	[1.0..1.0]	[0.957..0.957]	[5.3932748E7..5.3932748E7]	[0.745..0.745]	[1.0..1.0]	0.9121761	[4.919616E7..4.919616E7]
Group-1	PG 34:2:0	279.23	240116_PG_FTMSMS-_1.mzXML	35.0	5.3403344E7	0.0	0.0	[9.0..9.0]	[1.0..1.0]	[1.01..1.01]	[5.3937376E7..5.3937376E7]	[0.736..0.736]	[1.0..1.0]	[1.01..1.01]	[5.3937376E7..5.3937376E7]	[0.736..0.736]	[1.0..1.0]	0.9121761	[4.9200384E7..4.9200384E7]
Group-1	PG 34:2:0	281.25	240116_PG_FTMSMS-_1.mzXML	25.0	2597998.2	0.0	0.0	[9.0..9.0]	[1.0..1.0]	[0.958..0.958]	[2488882.2..2488882.2]	[0.729..0.729]	[1.0..1.0]	[0.958..0.958]	[2488882.2..2488882.2]	[0.729..0.729]	[1.0..1.0]	0.9121761	[2270298.8..2270298.8]
Group-1	PG 34:2:0	281.25	240116_PG_FTMSMS-_1.mzXML	30.0	3468841.8	0.0	0.0	[9.0..9.0]	[1.0..1.0]	[0.937..0.937]	[3250304.8..3250304.8]	[0.718..0.718]	[1.0..1.0]	[0.937..0.937]	[3250304.8..3250304.8]	[0.718..0.718]	[1.0..1.0]	0.9121761	[2964850.2..2964850.2]
Group-1	PG 34:2:0	281.25	240116_PG_FTMSMS-_1.mzXML	35.0	3265882.0	0.0	0.0	[9.0..9.0]	[1.0..1.0]	[0.936..0.936]	[3056865.5..3056865.5]	[0.747..0.747]	[1.0..1.0]	[0.936..0.936]	[3056865.5..3056865.5]	[0.747..0.747]	[1.0..1.0]	0.9121761	[2788399.8..2788399.8]
Group-1	PG 34:3:0	251.2	240116_PG_FTMSMS-_1.mzXML	25.0	0.0	0.0	0.0	[9.0..9.0]	[0.0..0.0]	[0.967..0.967]	[0.0..0.0]	[0.0..0.0]	[0.0..0.0]	[0.967..0.967]	[0.0..0.0]	[0.0..0.0]	[0.0..0.0]	0.91429204	[0.0..0.0]
Group-1	PG 34:3:0	251.2	240116_PG_FTMSMS-_1.mzXML	30.0	8906.8	0.0	0.0	[9.0..9.0]	[0.0..0.0]	[1.012..1.012]	[9013.681..9013.681]	[0.138..0.138]	[0.0..0.0]	[1.012..1.012]	[9013.681..9013.681]	[0.138..0.138]	[0.0..0.0]	0.91429204	[8241.137..8241.137]
Group-1	PG 34:3:0	251.2	240116_PG_FTMSMS-_1.mzXML	35.0	0.0	0.0	0.0	[9.0..9.0]	[0.0..0.0]	[1.088..1.088]	[0.0..0.0]	[0.0..0.0]	[0.0..0.0]	[1.088..1.088]	[0.0..0.0]	[0.0..0.0]	[0.0..0.0]	0.91429204	[0.0..0.0]
Group-1	PG 34:3:0	253.22	240116_PG_FTMSMS-_1.mzXML	25.0	277820.8	0.0	0.0	[9.0..9.0]	[0.0..0.0]	[0.97..0.97]	[269486.2..269486.2]	[0.257..0.257]	[0.0..0.0]	[0.97..0.97]	[269486.2..269486.2]	[0.257..0.257]	[0.0..0.0]	0.91429204	[246389.08..246389.08]
Group-1	PG 34:3:0	253.22	240116_PG_FTMSMS-_1.mzXML	30.0	391134.7	0.0	0.0	[9.0..9.0]	[0.0..0.0]	[0.979..0.979]	[382920.84..382920.84]	[0.265..0.265]	[0.0..0.0]	[0.979..0.979]	[382920.84..382920.84]	[0.265..0.265]	[0.0..0.0]	0.91429204	[350101.5..350101.5]
Group-1	PG 34:3:0	253.22	240116_PG_FTMSMS-_1.mzXML	35.0	370132.8	0.0	0.0	[9.0..9.0]	[0.0..0.0]	[0.99..0.99]	[366431.5..366431.5]	[0.262..0.262]	[0.0..0.0]	[0.99..0.99]	[366431.5..366431.5]	[0.262..0.262]	[0.0..0.0]	0.91429204	[335025.38..335025.38]
Group-1	PG 34:3:0	255.23	240116_PG_FTMSMS-_1.mzXML	25.0	193860.8	0.0	0.0	[0.0..0.0]	[0.0..1.0]	[1.0..1.0]	[193860.8..193860.8]	[0.231..0.235]	[0.0..0.0]	[1.0..1.0]	[193860.8..193860.8]	[0.231..0.233]	[0.0..0.0]	0.91429204	[177245.39..177245.39]
Group-1	PG 34:3:0	255.23	240116_PG_FTMSMS-_1.mzXML	30.0	282974.0	0.0	0.0	[0.0..0.0]	[0.0..1.0]	[1.0..1.0]	[282974.03..282974.03]	[0.247..0.268]	[0.0..0.0]	[1.0..1.0]	[282974.0..282974.0]	[0.247..0.266]	[0.0..0.0]	0.91429204	[258720.88..258720.88]
Group-1	PG 34:3:0	255.23	240116_PG_FTMSMS-_1.mzXML	35.0	271248.0	0.0	0.0	[0.0..0.0]	[0.0..0.0]	[1.0..1.0]	[271248.0..271248.0]	[0.238..0.274]	[0.0..0.0]	[1.0..1.0]	[271248.0..271248.0]	[0.238..0.274]	[0.0..0.0]	0.91429204	[247999.89..247999.89]
Group-1	PG 34:3:0	277.22	240116_PG_FTMSMS-_1.mzXML	25.0	636684.0	0.0	0.0	[6.0..9.0]	[0.0..1.0]	[0.989..1.016]	[629680.5..646870.94]	[0.765..0.769]	[1.0..1.0]	[1.005..1.016]	[639867.44..646870.94]	[0.767..0.769]	[1.0..1.0]	0.91429204	[575711.9..591429.0]
Group-1	PG 34:3:0	277.22	240116_PG_FTMSMS-_1.mzXML	30.0	715234.1	8707.8	0.012174754	[6.8..8.0]	[0.0..1.0]	[1.082..1.205]	[773883.3..861857.1]	[0.732..0.753]	[1.0..1.0]	[1.093..1.205]	[781750.94..861857.1]	[0.734..0.753]	[1.0..1.0]	0.91429204	[707555.4..787989.1]
Group-1	PG 34:3:0	277.22	240116_PG_FTMSMS-_1.mzXML	35.0	564717.2	9761.4	0.017285468	[6.7..7.2]	[1.0..1.0]	[1.27..1.537]	[717190.8..867970.3]	[0.726..0.762]	[1.0..1.0]	[1.27..1.537]	[717190.8..867970.3]	[0.726..0.762]	[1.0..1.0]	0.91429204	[655721.9..793578.3]
Group-1	PG 34:3:0	279.23	240116_PG_FTMSMS-_1.mzXML	25.0	823233.1	0.0	0.0	[9.0..9.0]	[1.0..1.0]	[0.946..0.946]	[778778.5..778778.5]	[0.743..0.743]	[1.0..1.0]	[0.946..0.946]	[778778.5..778778.5]	[0.743..0.743]	[1.0..1.0]	0.91429204	[712031.0..712031.0]
Group-1	PG 34:3:0	279.23	240116_PG_FTMSMS-_1.mzXML	30.0	1109135.2	0.0	0.0	[9.0..9.0]	[1.0..1.0]	[0.957..0.957]	[1061442.5..1061442.5]	[0.735..0.735]	[1.0..1.0]	[0.957..0.957]	[1061442.5..1061442.5]	[0.735..0.735]	[1.0..1.0]	0.91429204	[970468.4..970468.4]
Group-1	PG 34:3:0	279.23	240116_PG_FTMSMS-_1.mzXML	35.0	1024128.3	0.0	0.0	[9.0..9.0]	[1.0..1.0]	[1.01..1.01]	[1034369.56..1034369.56]	[0.738..0.738]	[1.0..1.0]	[1.01..1.01]	[1034369.56..1034369.56]	[0.738..0.738]	[1.0..1.0]	0.91429204	[945715.9..945715.9]
Group-1	PG 34:3:0	281.25	240116_PG_FTMSMS-_1.mzXML	25.0	38608.8	0.0	0.0	[9.0..9.0]	[1.0..1.0]	[0.958..0.958]	[36987.23..36987.23]	[1.0..1.0]	[1.0..1.0]	[0.958..0.958]	[36987.23..36987.23]	[1.0..1.0]	[1.0..1.0]	0.91429204	[33817.13..33817.13]
Group-1	PG 34:3:0	281.25	240116_PG_FTMSMS-_1.mzXML	30.0	60064.6	0.0	0.0	[9.0..9.0]	[1.0..1.0]	[0.937..0.937]	[56280.53..56280.53]	[0.862..0.862]	[1.0..1.0]	[0.937..0.937]	[56280.53..56280.53]	[0.862..0.862]	[1.0..1.0]	0.91429204	[51456.84..51456.84]
Group-1	PG 34:3:0	281.25	240116_PG_FTMSMS-_1.mzXML	35.0	55759.5	0.0	0.0	[9.0..9.0]	[1.0..1.0]	[0.936..0.936]	[52190.89..52190.89]	[1.0..1.0]	[1.0..1.0]	[0.936..0.936]	[52190.89..52190.89]	[1.0..1.0]	[1.0..1.0]	0.91429204	[47717.72..47717.72]
Group-1	PG 34:4:0	227.2	240116_PG_FTMSMS-_1.mzXML	25.0	6302.0	0.0	0.0	[0.0..0.0]	[0.0..1.0]	[0.99..1.002]	[6238.98..6314.604]	[0.235..0.235]	[0.0..0.0]	[0.99..0.99]	[6238.98..6238.98]	[0.233..0.237]	[0.0..0.0]	0.9164293	[5717.584..5786.8877]
Group-1	PG 34:4:0	227.2	240116_PG_FTMSMS-_1.mzXML	30.0	7134.4	0.0	0.0	[0.0..0.0]	[0.0..1.0]	[1.012..1.029]	[7220.012..7341.298]	[0.23..0.24]	[0.0..0.0]	[1.012..1.012]	[7220.012..7220.012]	[0.227..0.241]	[0.0..0.0]	0.9164293	[6616.631..6727.7803]
Group-1	PG 34:4:0	227.2	240116_PG_FTMSMS-_1.mzXML	35.0	8028.9	0.0	0.0	[0.0..0.0]	[0.0..0.0]	[1.016..1.016]	[8157.363..8157.363]	[0.255..0.28]	[0.0..0.0]	[1.016..1.016]	[8157.363..8157.363]	[0.255..0.28]	[0.0..0.0]	0.9164293	[7475.646..7475.646]
Group-1	PG 34:4:0	249.19	240116_PG_FTMSMS-_1.mzXML	25.0	2033.8	1082.4	0.5322057	[7.0..7.0]	[0.0..0.0]	[1.049..1.049]	[2133.456..2133.456]	[0.143..0.143]	[0.0..0.0]	[1.049..1.049]	[2133.4563..2133.4563]	[0.143..0.143]	[0.0..0.0]	0.9164293	[1955.1617..1955.1617]
Group-1	PG 34:4:0	249.19	240116_PG_FTMSMS-_1.mzXML	30.0	1256.2	1398.9	1.1135967	[7.0..7.0]	[1.0..1.0]	[1.238..1.238]	[1555.176..1555.176]	[0.092..0.092]	[0.0..0.0]	[1.238..1.238]	[1555.1755..1555.1755]	[0.092..0.092]	[0.0..0.0]	0.9164293	[1425.2084..1425.2084]
Group-1	PG 34:4:0	249.19	240116_PG_FTMSMS-_1.mzXML	35.0	490.3	837.9	1.7089537	[7.0..7.0]	[0.0..1.0]	[1.546..1.566]	[758.004..767.81]	[0.045..0.045]	[0.0..0.0]	[1.546..1.546]	[758.0038..758.0038]	[0.044..0.044]	[0.0..0.0]	0.9164293	[694.65686..703.6434]
Group-1	PG 34:4:0	251.2	240116_PG_FTMSMS-_1.mzXML	25.0	4622.5	0.0	0.0	[9.0..9.0]	[0.0..0.0]	[0.967..0.967]	[4469.958..4469.958]	[0.167..0.167]	[0.0..0.0]	[0.967..0.967]	[4469.9575..4469.9575]	[0.167..0.167]	[0.0..0.0]	0.9164293	[4096.4..4096.4]
Group-1	PG 34:4:0	251.2	240116_PG_FTMSMS-_1.mzXML	30.0	3779.7	0.0	0.0	[9.0..9.0]	[0.0..0.0]	[1.012..1.012]	[3825.056..3825.056]	[0.113..0.113]	[0.0..0.0]	[1.012..1.012]	[3825.0562..3825.0562]	[0.113..0.113]	[0.0..0.0]	0.9164293	[3505.3936..3505.3936]
Group-1	PG 34:4:0	251.2	240116_PG_FTMSMS-_1.mzXML	35.0	2499.6	0.0	0.0	[9.0..9.0]	[0.0..0.0]	[1.088..1.088]	[2719.565..2719.565]	[0.086..0.086]	[0.0..0.0]	[1.088..1.088]	[2719.565..2719.565]	[0.086..0.086]	[0.0..0.0]	0.9164293	[2492.289..2492.289]
Group-1	PG 34:4:0	253.22	240116_PG_FTMSMS-_1.mzXML	25.0	3834.3	0.0	0.0	[9.0..9.0]	[0.0..1.0]	[0.97..1.014]	[3719.271..3887.981]	[0.261..0.265]	[0.0..0.05]	[0.97..0.972]	[3719.2712..3726.9397]	[0.257..0.26]	[0.0..0.047]	0.9164293	[3408.449..3563.059]
Group-1	PG 34:4:0	253.22	240116_PG_FTMSMS-_1.mzXML	30.0	4527.9	0.0	0.0	[9.0..9.0]	[0.0..1.0]	[0.979..1.013]	[4432.814..4586.763]	[0.244..0.258]	[0.0..0.05]	[0.979..0.981]	[4432.814..4441.8696]	[0.239..0.257]	[0.0..0.047]	0.9164293	[4062.3604..4203.4434]
Group-1	PG 34:4:0	253.22	240116_PG_FTMSMS-_1.mzXML	35.0	4956.7	0.0	0.0	[9.0..9.0]	[0.0..0.0]	[0.99..0.99]	[4907.134..4907.134]	[0.265..0.304]	[0.0..0.05]	[0.99..0.99]	[4907.1333..4907.1333]	[0.265..0.304]	[0.0..0.047]	0.9164293	[4497.0405..4497.0405]
Group-1	PG 34:4:0	255.23	240116_PG_FTMSMS-_1.mzXML	25.0	3434.6	0.0	0.0	[0.0..0.0]	[1.0..1.0]	[1.0..1.0]	[3434.6..3434.6]	[0.722..0.722]	[1.0..1.0]	[1.0..1.0]	[3434.6..3434.6]	[0.722..0.722]	[1.0..1.0]	0.9164293	[3147.568..3147.568]
Group-1	PG 34:4:0	255.23	240116_PG_FTMSMS-_1.mzXML	30.0	5110.0	0.0	0.0	[0.0..0.0]	[0.0..1.0]	[1.0..1.0]	[5110.0..5110.0]	[0.752..0.752]	[1.0..1.0]	[1.0..1.0]	[5110.0..5110.0]	[0.752..0.752]	[1.0..1.0]	0.9164293	[4682.9536..4682.9536]
Group-1	PG 34:4:0	255.23	240116_PG_FTMSMS-_1.mzXML	35.0	6425.1	0.0	0.0	[0.0..0.0]	[0.0..0.0]	[1.0..1.0]	[6425.1..6425.1]	[0.792..0.792]	[1.0..1.0]	[1.0..1.0]	[6425.1..6425.1]	[0.792..0.792]	[1.0..1.0]	0.9164293	[5888.15..5888.15]
Group-1	PG 34:4:0	275.2	240116_PG_FTMSMS-_1.mzXML	25.0	1139.4	0.0	0.0	[8.0..8.0]	[0.0..0.0]	[1.162..1.162]	[1323.983..1323.983]	[0.278..0.278]	[0.0..0.0]	[1.162..1.162]	[1323.9828..1323.9828]	[0.278..0.278]	[0.0..0.0]	0.9164293	[1213.3365..1213.3365]
Group-1	PG 34:4:0	275.2	240116_PG_FTMSMS-_1.mzXML	30.0	1155.2	0.0	0.0	[8.0..8.0]	[0.0..1.0]	[1.455..1.461]	[1680.816..1687.747]	[0.248..0.248]	[0.0..0.0]	[1.455..1.455]	[1680.8159..1680.8159]	[0.248..0.248]	[0.0..0.0]	0.9164293	[1540.349..1546.7008]
Group-1	PG 34:4:0	275.2	240116_PG_FTMSMS-_1.mzXML	35.0	834.4	0.0	0.0	[8.0..8.0]	[1.0..1.0]	[2.02..2.02]	[1685.488..1685.488]	[0.208..0.208]	[0.0..0.0]	[2.02..2.02]	[1685.488..1685.488]	[0.208..0.208]	[0.0..0.0]	0.9164293	[1544.6306..1544.6306]
Group-1	PG 34:4:0	277.22	240116_PG_FTMSMS-_1.mzXML	25.0	10622.5	0.0	0.0	[6.0..9.0]	[0.0..1.0]	[0.989..1.016]	[10505.652..10792.46]	[0.735..0.739]	[0.95..1.0]	[0.995..1.016]	[10569.388..10792.46]	[0.74..0.743]	[0.953..1.0]	0.9164293	[9627.688..9890.527]
Group-1	PG 34:4:0	277.22	240116_PG_FTMSMS-_1.mzXML	30.0	11764.0	0.0	0.0	[6.0..9.0]	[0.0..1.0]	[1.082..1.205]	[12728.648..14175.62]	[0.742..0.756]	[0.95..1.0]	[1.087..1.205]	[12787.468..14175.62]	[0.743..0.761]	[0.953..1.0]	0.9164293	[11664.906..12990.954]
Group-1	PG 34:4:0	277.22	240116_PG_FTMSMS-_1.mzXML	35.0	8862.9	0.0	0.0	[6.0..9.0]	[1.0..1.0]	[1.27..1.537]	[11255.884..13622.277]	[0.696..0.735]	[0.95..1.0]	[1.27..1.537]	[11255.884..13622.277]	[0.696..0.735]	[0.953..1.0]	0.9164293	[10315.221..12483.854]
Group-1	PG 34:4:0	279.23	240116_PG_FTMSMS-_1.mzXML	25.0	23575.3	0.0	0.0	[9.0..9.0]	[1.0..1.0]	[0.946..0.946]	[22302.234..22302.234]	[0.833..0.833]	[1.0..1.0]	[0.946..0.946]	[22302.234..22302.234]	[0.833..0.833]	[1.0..1.0]	0.9164293	[20438.42..20438.42]
Group-1	PG 34:4:0	279.23	240116_PG_FTMSMS-_1.mzXML	30.0	31423.9	0.0	0.0	[9.0..9.0]	[1.0..1.0]	[0.957..0.957]	[30072.674..30072.674]	[0.887..0.887]	[1.0..1.0]	[0.957..0.957]	[30072.674..30072.674]	[0.887..0.887]	[1.0..1.0]	0.9164293	[27559.479..27559.479]
Group-1	PG 34:4:0	279.23	240116_PG_FTMSMS-_1.mzXML	35.0	28681.2	0.0	0.0	[9.0..9.0]	[1.0..1.0]	[1.01..1.01]	[28968.012..28968.012]	[0.914..0.914]	[1.0..1.0]	[1.01..1.01]	[28968.012..28968.012]	[0.914..0.914]	[1.0..1.0]	0.9164293	[26547.133..26547.133]
Group-1	PG 34:4:0	281.25	240116_PG_FTMSMS-_1.mzXML	25.0	13356.6	0.0	0.0	[9.0..9.0]	[1.0..1.0]	[0.958..0.958]	[12795.622..12795.622]	[0.857..0.857]	[1.0..1.0]	[0.958..0.958]	[12795.622..12795.622]	[0.857..0.857]	[1.0..1.0]	0.9164293	[11726.283..11726.283]
Group-1	PG 34:4:0	281.25	240116_PG_FTMSMS-_1.mzXML	30.0	16917.9	0.0	0.0	[9.0..9.0]	[0.0..0.0]	[0.911..0.911]	[15412.207..15412.207]	[0.908..0.908]	[1.0..1.0]	[0.911..0.911]	[15412.207..15412.207]	[0.908..0.908]	[1.0..1.0]	0.9164293	[14124.198..14124.198]
Group-1	PG 34:4:0	281.25	240116_PG_FTMSMS-_1.mzXML	35.0	17597.2	0.0	0.0	[9.0..9.0]	[0.0..1.0]	[0.912..0.936]	[16048.646..16470.979]	[0.955..0.955]	[1.0..1.0]	[0.936..0.936]	[16470.979..16470.979]	[0.956..0.956]	[1.0..1.0]	0.9164293	[14707.449..15094.487]
Group-1	PG 34:4:0	303.23	240116_PG_FTMSMS-_1.mzXML	25.0	18057.7	1173.8	0.06500275	[5.0..6.2]	[0.0..1.0]	[1.124..1.138]	[20296.854..20549.662]	[0.765..0.765]	[1.0..1.0]	[1.11..1.138]	[20044.047..20549.662]	[0.763..0.767]	[1.0..1.0]	0.9164293	[18600.629..18832.31]
Group-1	PG 34:4:0	303.23	240116_PG_FTMSMS-_1.mzXML	30.0	15397.6	1452.1	0.09430691	[5.0..5.6]	[0.0..1.0]	[1.482..1.598]	[22819.242..24605.365]	[0.76..0.77]	[1.0..1.0]	[1.476..1.598]	[22726.855..24605.365]	[0.759..0.773]	[1.0..1.0]	0.9164293	[20912.223..22549.078]
Group-1	PG 34:4:0	303.23	240116_PG_FTMSMS-_1.mzXML	35.0	9467.8	1309.3	0.1382898	[5.0..5.0]	[1.0..1.0]	[2.214..2.521]	[20961.707..23868.322]	[0.72..0.745]	[1.0..1.0]	[2.214..2.521]	[20961.709..23868.322]	[0.72..0.745]	[1.0..1.0]	0.9164293	[19209.924..21873.63]
Group-1	PG 35:1:0	255.23	240116_PG_FTMSMS-_1.mzXML	25.0	73849.1	0.0	0.0	[0.0..0.0]	[0.0..0.0]	[1.0..1.0]	[73849.1..73849.1]	[0.373..0.373]	[0.21..0.3]	[1.0..1.0]	[73849.1..73849.1]	[0.373..0.373]	[0.207..0.301]	0.8956729	[66144.64..66144.64]
Group-1	PG 35:1:0	255.23	240116_PG_FTMSMS-_1.mzXML	30.0	115039.6	0.0	0.0	[0.0..0.0]	[0.0..0.0]	[1.0..1.0]	[115039.6..115039.6]	[0.39..0.39]	[0.21..0.3]	[1.0..1.0]	[115039.6..115039.6]	[0.39..0.39]	[0.207..0.301]	0.8956729	[103037.86..103037.86]
Group-1	PG 35:1:0	255.23	240116_PG_FTMSMS-_1.mzXML	35.0	124537.0	0.0	0.0	[0.0..0.0]	[0.0..0.0]	[1.0..1.0]	[124537.0..124537.0]	[0.414..0.414]	[0.21..0.3]	[1.0..1.0]	[124537.0..124537.0]	[0.414..0.414]	[0.207..0.301]	0.8956729	[111544.42..111544.42]
Group-1	PG 35:1:0	267.23	240116_PG_FTMSMS-_1.mzXML	25.0	31321.2	0.0	0.0	[9.0..9.0]	[0.0..1.0]	[0.945..0.983]	[29598.533..30788.738]	[0.655..0.662]	[0.84..0.92]	[0.977..0.98]	[30600.812..30694.775]	[0.662..0.663]	[0.842..0.919]	0.8956729	[26510.605..27576.64]
Group-1	PG 35:1:0	267.23	240116_PG_FTMSMS-_1.mzXML	30.0	44012.1	0.0	0.0	[9.0..9.0]	[0.0..1.0]	[0.942..0.972]	[41459.4..42779.76]	[0.676..0.681]	[0.84..0.92]	[0.967..0.97]	[42559.703..42691.74]	[0.682..0.683]	[0.842..0.919]	0.8956729	[37134.062..38316.676]
Group-1	PG 35:1:0	267.23	240116_PG_FTMSMS-_1.mzXML	35.0	41004.6	0.0	0.0	[9.0..9.0]	[0.0..1.0]	[0.949..0.976]	[38913.367..40020.492]	[0.648..0.652]	[0.84..0.92]	[0.972..0.974]	[39856.473..39938.48]	[0.654..0.654]	[0.842..0.919]	0.8956729	[34853.65..35845.27]
Group-1	PG 35:1:0	269.25	240116_PG_FTMSMS-_1.mzXML	25.0	138892.1	0.0	0.0	[0.0..0.0]	[0.0..0.0]	[1.004..1.004]	[139447.66..139447.66]	[0.235..0.235]	[0.0..0.0]	[1.004..1.004]	[139447.66..139447.66]	[0.235..0.235]	[0.0..0.0]	0.8956729	[124899.49..124899.49]
Group-1	PG 35:1:0	269.25	240116_PG_FTMSMS-_1.mzXML	30.0	212792.5	0.0	0.0	[0.0..0.0]	[0.0..0.0]	[0.993..0.993]	[211302.95..211302.95]	[0.24..0.24]	[0.0..0.0]	[0.993..0.993]	[211302.95..211302.95]	[0.24..0.24]	[0.0..0.0]	0.8956729	[189258.33..189258.33]
Group-1	PG 35:1:0	269.25	240116_PG_FTMSMS-_1.mzXML	35.0	210561.6	0.0	0.0	[0.0..0.0]	[0.0..0.0]	[0.989..0.989]	[208245.42..208245.42]	[0.238..0.238]	[0.0..0.0]	[0.989..0.989]	[208245.42..208245.42]	[0.238..0.238]	[0.0..0.0]	0.8956729	[186519.78..186519.78]
Group-1	PG 35:1:0	281.25	240116_PG_FTMSMS-_1.mzXML	25.0	473451.7	0.0	0.0	[9.0..9.0]	[1.0..1.0]	[0.958..0.958]	[453566.72..453566.72]	[0.765..0.765]	[1.0..1.0]	[0.958..0.958]	[453566.72..453566.72]	[0.765..0.765]	[1.0..1.0]	0.8956729	[406247.4..406247.4]
Group-1	PG 35:1:0	281.25	240116_PG_FTMSMS-_1.mzXML	30.0	714093.4	0.0	0.0	[9.0..9.0]	[1.0..1.0]	[0.937..0.937]	[669105.5..669105.5]	[0.76..0.76]	[1.0..1.0]	[0.937..0.937]	[669105.5..669105.5]	[0.76..0.76]	[1.0..1.0]	0.8956729	[599299.7..599299.7]
Group-1	PG 35:1:0	281.25	240116_PG_FTMSMS-_1.mzXML	35.0	711150.0	0.0	0.0	[9.0..9.0]	[1.0..1.0]	[0.936..0.936]	[665636.4..665636.4]	[0.762..0.762]	[1.0..1.0]	[0.936..0.936]	[665636.4..665636.4]	[0.762..0.762]	[1.0..1.0]	0.8956729	[596192.5..596192.5]
Group-1	PG 35:1:0	283.26	240116_PG_FTMSMS-_1.mzXML	25.0	15587.6	0.0	0.0	[0.0..0.0]	[0.0..1.0]	[1.002..1.009]	[15618.774..15727.887]	[0.338..0.345]	[0.08..0.16]	[1.003..1.003]	[15634.362..15634.362]	[0.337..0.338]	[0.081..0.158]	0.8956729	[13989.313..14087.042]
Group-1	PG 35:1:0	283.26	240116_PG_FTMSMS-_1.mzXML	30.0	20326.9	0.0	0.0	[0.0..0.0]	[0.0..1.0]	[0.976..0.985]	[19839.055..20021.998]	[0.319..0.324]	[0.08..0.16]	[0.977..0.977]	[19859.38..19859.38]	[0.317..0.318]	[0.081..0.158]	0.8956729	[17769.305..17933.16]
Group-1	PG 35:1:0	283.26	240116_PG_FTMSMS-_1.mzXML	35.0	21916.6	0.0	0.0	[0.0..0.0]	[0.0..1.0]	[0.963..0.976]	[21105.686..21390.602]	[0.348..0.352]	[0.08..0.16]	[0.964..0.965]	[21127.602..21149.518]	[0.346..0.346]	[0.081..0.158]	0.8956729	[18903.791..19158.982]
Group-1	PG 35:1:0	295.26	240116_PG_FTMSMS-_1.mzXML	25.0	132033.9	0.0	0.0	[9.0..9.0]	[1.0..1.0]	[0.939..0.939]	[123979.83..123979.83]	[0.627..0.627]	[0.7..0.79]	[0.939..0.939]	[123979.836..123979.836]	[0.627..0.627]	[0.699..0.793]	0.8956729	[111045.38..111045.38]
Group-1	PG 35:1:0	295.26	240116_PG_FTMSMS-_1.mzXML	30.0	197815.1	0.0	0.0	[9.0..9.0]	[1.0..1.0]	[0.908..0.908]	[179616.11..179616.11]	[0.61..0.61]	[0.7..0.79]	[0.908..0.908]	[179616.11..179616.11]	[0.61..0.61]	[0.699..0.793]	0.8956729	[160877.28..160877.28]
Group-1	PG 35:1:0	295.26	240116_PG_FTMSMS-_1.mzXML	35.0	195754.9	0.0	0.0	[9.0..9.0]	[1.0..1.0]	[0.902..0.902]	[176570.92..176570.92]	[0.586..0.586]	[0.7..0.79]	[0.902..0.902]	[176570.92..176570.92]	[0.586..0.586]	[0.699..0.793]	0.8956729	[158149.8..158149.8]
Group-1	PG 35:2:0	253.22	240116_PG_FTMSMS-_1.mzXML	25.0	0.0	0.0	0.0	[9.0..9.0]	[0.0..0.0]	[0.97..0.97]	[0.0..0.0]	[0.0..0.0]	[0.0..0.77]	[0.97..0.97]	[0.0..0.0]	[0.0..0.0]	[0.0..0.768]	0.89770675	[0.0..0.0]
Group-1	PG 35:2:0	253.22	240116_PG_FTMSMS-_1.mzXML	30.0	6901.8	0.0	0.0	[9.0..9.0]	[1.0..1.0]	[1.013..1.013]	[6991.524..6991.524]	[0.616..0.616]	[0.0..0.77]	[1.013..1.013]	[6991.5234..6991.5234]	[0.616..0.616]	[0.0..0.768]	0.89770675	[6276.338..6276.338]
Group-1	PG 35:2:0	253.22	240116_PG_FTMSMS-_1.mzXML	35.0	5926.0	0.0	0.0	[9.0..9.0]	[0.0..1.0]	[0.99..1.021]	[5866.74..6050.447]	[0.57..0.571]	[0.0..0.77]	[0.99..1.014]	[5866.74..6008.9644]	[0.568..0.57]	[0.0..0.768]	0.89770675	[5266.612..5431.5264]
Group-1	PG 35:2:0	255.23	240116_PG_FTMSMS-_1.mzXML	25.0	13952.9	0.0	0.0	[0.0..0.0]	[0.0..0.0]	[1.0..1.0]	[13952.9..13952.9]	[0.422..0.422]	[0.32..0.5]	[1.0..1.0]	[13952.9..13952.9]	[0.422..0.422]	[0.32..0.5]	0.89770675	[12525.613..12525.613]
Group-1	PG 35:2:0	255.23	240116_PG_FTMSMS-_1.mzXML	30.0	21308.0	0.0	0.0	[0.0..0.0]	[1.0..1.0]	[1.0..1.0]	[21308.0..21308.0]	[0.488..0.488]	[0.32..0.5]	[1.0..1.0]	[21308.0..21308.0]	[0.488..0.488]	[0.32..0.5]	0.89770675	[19128.336..19128.336]
Group-1	PG 35:2:0	255.23	240116_PG_FTMSMS-_1.mzXML	35.0	24149.3	0.0	0.0	[0.0..0.0]	[0.0..1.0]	[1.0..1.0]	[24149.3..24149.3]	[0.495..0.5]	[0.32..0.5]	[1.0..1.0]	[24149.3..24149.3]	[0.497..0.498]	[0.32..0.5]	0.89770675	[21678.99..21678.99]
Group-1	PG 35:2:0	267.23	240116_PG_FTMSMS-_1.mzXML	25.0	38201.4	0.0	0.0	[9.0..9.0]	[0.0..0.0]	[0.945..0.945]	[36100.32..36100.32]	[0.21..0.21]	[0.0..0.0]	[0.945..0.945]	[36100.32..36100.32]	[0.21..0.21]	[0.0..0.0]	0.89770675	[32407.502..32407.502]
Group-1	PG 35:2:0	267.23	240116_PG_FTMSMS-_1.mzXML	30.0	48330.2	0.0	0.0	[9.0..9.0]	[1.0..1.0]	[0.972..0.972]	[46976.953..46976.953]	[0.207..0.207]	[0.0..0.0]	[0.972..0.972]	[46976.953..46976.953]	[0.207..0.207]	[0.0..0.0]	0.89770675	[42171.53..42171.53]
Group-1	PG 35:2:0	267.23	240116_PG_FTMSMS-_1.mzXML	35.0	48830.0	0.0	0.0	[9.0..9.0]	[0.0..1.0]	[0.949..0.976]	[46339.67..47658.086]	[0.201..0.201]	[0.0..0.0]	[0.949..0.949]	[46339.67..46339.67]	[0.197..0.197]	[0.0..0.0]	0.89770675	[41599.434..42782.98]
Group-1	PG 35:2:0	269.25	240116_PG_FTMSMS-_1.mzXML	25.0	93204.8	0.0	0.0	[0.0..0.0]	[0.0..0.0]	[1.004..1.004]	[93577.61..93577.61]	[0.211..0.211]	[0.0..0.0]	[1.004..1.004]	[93577.61..93577.61]	[0.211..0.211]	[0.0..0.0]	0.89770675	[84005.26..84005.26]
Group-1	PG 35:2:0	269.25	240116_PG_FTMSMS-_1.mzXML	30.0	125967.8	0.0	0.0	[0.0..0.0]	[0.0..0.0]	[0.993..0.993]	[125086.016..125086.016]	[0.2..0.2]	[0.0..0.0]	[0.993..0.993]	[125086.016..125086.016]	[0.2..0.2]	[0.0..0.0]	0.89770675	[112290.56..112290.56]
Group-1	PG 35:2:0	269.25	240116_PG_FTMSMS-_1.mzXML	35.0	131174.7	0.0	0.0	[0.0..0.0]	[0.0..0.0]	[0.989..0.989]	[129731.78..129731.78]	[0.207..0.207]	[0.0..0.0]	[0.989..0.989]	[129731.78..129731.78]	[0.207..0.207]	[0.0..0.0]	0.89770675	[116461.09..116461.09]
Group-1	PG 35:2:0	279.23	240116_PG_FTMSMS-_1.mzXML	25.0	370480.5	0.0	0.0	[9.0..9.0]	[1.0..1.0]	[0.946..0.946]	[350474.53..350474.53]	[0.789..0.789]	[1.0..1.0]	[0.946..0.946]	[350474.53..350474.53]	[0.789..0.789]	[1.0..1.0]	0.89770675	[314623.38..314623.38]
Group-1	PG 35:2:0	279.23	240116_PG_FTMSMS-_1.mzXML	30.0	523528.3	0.0	0.0	[9.0..9.0]	[1.0..1.0]	[0.957..0.957]	[501016.6..501016.6]	[0.8..0.8]	[1.0..1.0]	[0.957..0.957]	[501016.6..501016.6]	[0.8..0.8]	[1.0..1.0]	0.89770675	[449766.0..449766.0]
Group-1	PG 35:2:0	279.23	240116_PG_FTMSMS-_1.mzXML	35.0	490774.6	0.0	0.0	[9.0..9.0]	[1.0..1.0]	[1.01..1.01]	[495682.34..495682.34]	[0.793..0.793]	[1.0..1.0]	[1.01..1.01]	[495682.34..495682.34]	[0.793..0.793]	[1.0..1.0]	0.89770675	[444977.38..444977.38]
Group-1	PG 35:2:0	281.25	240116_PG_FTMSMS-_1.mzXML	25.0	142167.7	0.0	0.0	[9.0..9.0]	[1.0..1.0]	[0.958..0.958]	[136196.66..136196.66]	[0.79..0.79]	[1.0..1.0]	[0.958..0.958]	[136196.66..136196.66]	[0.79..0.79]	[1.0..1.0]	0.89770675	[122264.664..122264.664]
Group-1	PG 35:2:0	281.25	240116_PG_FTMSMS-_1.mzXML	30.0	197000.9	0.0	0.0	[9.0..9.0]	[0.0..0.0]	[0.911..0.911]	[179467.83..179467.83]	[0.793..0.793]	[1.0..1.0]	[0.911..0.911]	[179467.83..179467.83]	[0.793..0.793]	[1.0..1.0]	0.89770675	[161109.48..161109.48]
Group-1	PG 35:2:0	281.25	240116_PG_FTMSMS-_1.mzXML	35.0	202005.4	0.0	0.0	[9.0..9.0]	[0.0..1.0]	[0.912..0.936]	[184228.94..189077.06]	[0.799..0.799]	[1.0..1.0]	[0.936..0.936]	[189077.06..189077.06]	[0.803..0.803]	[1.0..1.0]	0.89770675	[165383.55..169735.75]
Group-1	PG 35:2:0	293.25	240116_PG_FTMSMS-_1.mzXML	25.0	20630.7	0.0	0.0	[9.0..9.0]	[1.0..1.0]	[0.926..0.926]	[19104.027..19104.027]	[0.578..0.578]	[0.5..0.68]	[0.926..0.926]	[19104.027..19104.027]	[0.578..0.578]	[0.5..0.68]	0.89770675	[17149.814..17149.814]
Group-1	PG 35:2:0	293.25	240116_PG_FTMSMS-_1.mzXML	30.0	24739.9	0.0	0.0	[9.0..9.0]	[0.0..0.0]	[0.902..0.902]	[22315.39..22315.39]	[0.512..0.512]	[0.5..0.68]	[0.902..0.902]	[22315.39..22315.39]	[0.512..0.512]	[0.5..0.68]	0.89770675	[20032.678..20032.678]
Group-1	PG 35:2:0	293.25	240116_PG_FTMSMS-_1.mzXML	35.0	25384.0	0.0	0.0	[9.0..9.0]	[0.0..1.0]	[0.95..0.97]	[24114.799..24622.48]	[0.5..0.505]	[0.5..0.68]	[0.96..0.964]	[24368.639..24470.176]	[0.502..0.503]	[0.5..0.68]	0.89770675	[21648.02..22103.768]
Group-1	PG 35:2:0	295.26	240116_PG_FTMSMS-_1.mzXML	25.0	3253.8	0.0	0.0	[9.0..9.0]	[1.0..1.0]	[0.939..0.939]	[3055.318..3055.318]	[1.0..1.0]	[0.23..1.0]	[0.939..0.939]	[3055.3184..3055.3184]	[1.0..1.0]	[0.232..1.0]	0.89770675	[2742.7798..2742.7798]
Group-1	PG 35:2:0	295.26	240116_PG_FTMSMS-_1.mzXML	30.0	4923.0	0.0	0.0	[9.0..9.0]	[0.0..0.0]	[0.885..0.885]	[4356.855..4356.855]	[0.384..0.384]	[0.23..1.0]	[0.885..0.885]	[4356.855..4356.855]	[0.384..0.384]	[0.232..1.0]	0.89770675	[3911.178..3911.178]
Group-1	PG 35:2:0	295.26	240116_PG_FTMSMS-_1.mzXML	35.0	5033.7	0.0	0.0	[9.0..9.0]	[0.0..1.0]	[0.88..0.902]	[4429.656..4540.398]	[0.429..0.43]	[0.23..1.0]	[0.885..0.902]	[4454.8247..4540.3975]	[0.43..0.432]	[0.232..1.0]	0.89770675	[3976.5322..4075.9456]
Group-1	PG 35:3:0	241.22	240116_PG_FTMSMS-_1.mzXML	25.0	1051.4	0.0	0.0	[0.0..0.0]	[0.0..0.0]	[0.995..0.995]	[1046.143..1046.143]	[0.14..0.142]	[0.0..0.0]	[0.995..0.995]	[1046.1431..1046.1431]	[0.14..0.142]	[0.0..0.0]	0.8997608	[941.27844..941.27844]
Group-1	PG 35:3:0	241.22	240116_PG_FTMSMS-_1.mzXML	30.0	1317.7	0.0	0.0	[0.0..0.0]	[0.0..0.0]	[1.006..1.006]	[1325.606..1325.606]	[0.111..0.13]	[0.0..0.0]	[1.006..1.006]	[1325.6062..1325.6062]	[0.111..0.13]	[0.0..0.0]	0.8997608	[1192.7285..1192.7285]
Group-1	PG 35:3:0	241.22	240116_PG_FTMSMS-_1.mzXML	35.0	1064.0	0.0	0.0	[0.0..0.0]	[0.0..0.0]	[1.009..1.009]	[1073.576..1073.576]	[0.088..0.12]	[0.0..0.0]	[1.009..1.009]	[1073.5759..1073.5759]	[0.088..0.12]	[0.0..0.0]	0.8997608	[965.9615..965.9615]
Group-1	PG 35:3:0	253.22	240116_PG_FTMSMS-_1.mzXML	25.0	484.3	0.0	0.0	[9.0..9.0]	[0.0..0.0]	[0.97..0.97]	[469.771..469.771]	[0.505..0.505]	[0.33..0.51]	[0.97..0.97]	[469.771..469.771]	[0.505..0.505]	[0.331..0.512]	0.8997608	[422.68155..422.68155]
Group-1	PG 35:3:0	253.22	240116_PG_FTMSMS-_1.mzXML	30.0	556.4	0.0	0.0	[9.0..9.0]	[0.0..0.0]	[0.979..0.979]	[544.716..544.716]	[0.427..0.427]	[0.33..0.51]	[0.979..0.979]	[544.71564..544.71564]	[0.427..0.427]	[0.331..0.512]	0.8997608	[490.11374..490.11374]
Group-1	PG 35:3:0	253.22	240116_PG_FTMSMS-_1.mzXML	35.0	611.9	0.0	0.0	[9.0..9.0]	[0.0..0.0]	[0.99..0.99]	[605.781..605.781]	[0.491..0.491]	[0.33..0.51]	[0.99..0.99]	[605.781..605.781]	[0.491..0.491]	[0.331..0.512]	0.8997608	[545.05804..545.05804]
Group-1	PG 35:3:0	255.23	240116_PG_FTMSMS-_1.mzXML	25.0	6052.2	0.0	0.0	[0.0..0.0]	[0.0..0.0]	[1.0..1.0]	[6052.2..6052.2]	[0.304..0.307]	[0.05..0.38]	[1.0..1.0]	[6052.2..6052.2]	[0.306..0.319]	[0.048..0.382]	0.8997608	[5445.532..5445.532]
Group-1	PG 35:3:0	255.23	240116_PG_FTMSMS-_1.mzXML	30.0	9764.9	0.0	0.0	[0.0..0.0]	[0.0..0.0]	[1.0..1.0]	[9764.9..9764.9]	[0.369..0.393]	[0.05..0.38]	[1.0..1.0]	[9764.9..9764.9]	[0.37..0.4]	[0.048..0.382]	0.8997608	[8786.074..8786.074]
Group-1	PG 35:3:0	255.23	240116_PG_FTMSMS-_1.mzXML	35.0	9259.4	0.0	0.0	[0.0..0.0]	[0.0..0.0]	[1.0..1.0]	[9259.4..9259.4]	[0.401..0.449]	[0.05..0.38]	[1.0..1.0]	[9259.4..9259.4]	[0.401..0.45]	[0.048..0.382]	0.8997608	[8331.245..8331.245]
Group-1	PG 35:3:0	265.22	240116_PG_FTMSMS-_1.mzXML	25.0	1087.1	0.0	0.0	[9.0..9.0]	[0.0..0.0]	[0.941..0.941]	[1022.961..1022.961]	[0.082..0.082]	[0.0..0.0]	[0.941..0.941]	[1022.96106..1022.96106]	[0.082..0.082]	[0.0..0.0]	0.8997608	[920.4203..920.4203]
Group-1	PG 35:3:0	265.22	240116_PG_FTMSMS-_1.mzXML	30.0	1844.0	0.0	0.0	[9.0..9.0]	[1.0..1.0]	[0.992..0.992]	[1829.248..1829.248]	[0.102..0.102]	[0.0..0.0]	[0.992..0.992]	[1829.2479..1829.2479]	[0.102..0.102]	[0.0..0.0]	0.8997608	[1645.8856..1645.8856]
Group-1	PG 35:3:0	265.22	240116_PG_FTMSMS-_1.mzXML	35.0	1681.6	0.0	0.0	[9.0..9.0]	[0.0..1.0]	[1.038..1.052]	[1745.501..1769.043]	[0.094..0.096]	[0.0..0.0]	[1.038..1.038]	[1745.5007..1745.5007]	[0.093..0.093]	[0.0..0.0]	0.8997608	[1570.5331..1591.7157]
Group-1	PG 35:3:0	267.23	240116_PG_FTMSMS-_1.mzXML	25.0	13886.4	0.0	0.0	[9.0..9.0]	[0.0..0.0]	[0.945..0.945]	[13122.648..13122.648]	[0.13..0.13]	[0.0..0.0]	[0.945..0.945]	[13122.648..13122.648]	[0.13..0.13]	[0.0..0.0]	0.8997608	[11807.244..11807.244]
Group-1	PG 35:3:0	267.23	240116_PG_FTMSMS-_1.mzXML	30.0	19451.9	0.0	0.0	[9.0..9.0]	[0.0..0.0]	[0.942..0.942]	[18323.69..18323.69]	[0.127..0.127]	[0.0..0.0]	[0.942..0.942]	[18323.69..18323.69]	[0.127..0.127]	[0.0..0.0]	0.8997608	[16486.938..16486.938]
Group-1	PG 35:3:0	267.23	240116_PG_FTMSMS-_1.mzXML	35.0	19799.9	0.0	0.0	[9.0..9.0]	[0.0..0.0]	[0.949..0.949]	[18790.105..18790.105]	[0.129..0.129]	[0.0..0.0]	[0.949..0.949]	[18790.105..18790.105]	[0.129..0.129]	[0.0..0.0]	0.8997608	[16906.6..16906.6]
Group-1	PG 35:3:0	269.25	240116_PG_FTMSMS-_1.mzXML	25.0	1221.8	0.0	0.0	[0.0..0.0]	[0.0..1.0]	[1.001..1.004]	[1223.022..1226.687]	[0.193..0.197]	[0.0..0.0]	[1.001..1.001]	[1223.0219..1223.0219]	[0.192..0.194]	[0.0..0.0]	0.8997608	[1100.4271..1103.725]
Group-1	PG 35:3:0	269.25	240116_PG_FTMSMS-_1.mzXML	30.0	1621.6	0.0	0.0	[0.0..0.0]	[0.0..1.0]	[0.987..0.993]	[1600.519..1610.249]	[0.188..0.204]	[0.0..0.0]	[0.987..0.987]	[1600.5192..1600.5192]	[0.187..0.203]	[0.0..0.0]	0.8997608	[1440.0845..1448.8387]
Group-1	PG 35:3:0	269.25	240116_PG_FTMSMS-_1.mzXML	35.0	1798.0	0.0	0.0	[0.0..0.0]	[0.0..0.8]	[0.982..0.989]	[1765.636..1778.222]	[0.2..0.232]	[0.0..0.0]	[0.982..0.982]	[1765.636..1765.636]	[0.199..0.231]	[0.0..0.0]	0.8997608	[1588.65..1599.9745]
Group-1	PG 35:3:0	277.22	240116_PG_FTMSMS-_1.mzXML	25.0	5051.1	0.0	0.0	[6.0..9.0]	[0.0..1.0]	[0.989..1.016]	[4995.538..5131.918]	[0.803..0.807]	[1.0..1.0]	[1.005..1.016]	[5076.3555..5131.918]	[0.806..0.808]	[1.0..1.0]	0.8997608	[4494.789..4617.4985]
Group-1	PG 35:3:0	277.22	240116_PG_FTMSMS-_1.mzXML	30.0	5766.2	0.0	0.0	[6.0..9.0]	[0.0..1.0]	[1.082..1.205]	[6239.029..6948.272]	[0.796..0.812]	[1.0..1.0]	[1.093..1.205]	[6302.457..6948.2715]	[0.797..0.813]	[1.0..1.0]	0.8997608	[5613.6333..6251.782]
Group-1	PG 35:3:0	277.22	240116_PG_FTMSMS-_1.mzXML	35.0	4616.0	0.0	0.0	[6.0..9.0]	[0.2..1.0]	[1.266..1.537]	[5843.856..7094.792]	[0.768..0.8]	[1.0..1.0]	[1.27..1.537]	[5862.32..7094.7915]	[0.769..0.801]	[1.0..1.0]	0.8997608	[5258.0728..6383.6157]
Group-1	PG 35:3:0	279.23	240116_PG_FTMSMS-_1.mzXML	25.0	92696.8	0.0	0.0	[9.0..9.0]	[1.0..1.0]	[0.946..0.946]	[87691.17..87691.17]	[0.87..0.87]	[1.0..1.0]	[0.946..0.946]	[87691.17..87691.17]	[0.87..0.87]	[1.0..1.0]	0.8997608	[78901.08..78901.08]
Group-1	PG 35:3:0	279.23	240116_PG_FTMSMS-_1.mzXML	30.0	131888.1	0.0	0.0	[9.0..9.0]	[1.0..1.0]	[0.957..0.957]	[126216.91..126216.91]	[0.873..0.873]	[1.0..1.0]	[0.957..0.957]	[126216.91..126216.91]	[0.873..0.873]	[1.0..1.0]	0.8997608	[113565.02..113565.02]
Group-1	PG 35:3:0	279.23	240116_PG_FTMSMS-_1.mzXML	35.0	125107.7	0.0	0.0	[9.0..9.0]	[1.0..1.0]	[1.01..1.01]	[126358.78..126358.78]	[0.871..0.871]	[1.0..1.0]	[1.01..1.01]	[126358.78..126358.78]	[0.871..0.871]	[1.0..1.0]	0.8997608	[113692.68..113692.68]
Group-1	PG 35:3:0	281.25	240116_PG_FTMSMS-_1.mzXML	25.0	11936.9	0.0	0.0	[9.0..9.0]	[1.0..1.0]	[0.958..0.958]	[11435.551..11435.551]	[0.918..0.918]	[1.0..1.0]	[0.958..0.958]	[11435.551..11435.551]	[0.918..0.918]	[1.0..1.0]	0.8997608	[10289.26..10289.26]
Group-1	PG 35:3:0	281.25	240116_PG_FTMSMS-_1.mzXML	30.0	17671.9	0.0	0.0	[9.0..9.0]	[0.0..0.0]	[0.911..0.911]	[16099.102..16099.102]	[0.898..0.898]	[1.0..1.0]	[0.911..0.911]	[16099.102..16099.102]	[0.898..0.898]	[1.0..1.0]	0.8997608	[14485.341..14485.341]
Group-1	PG 35:3:0	281.25	240116_PG_FTMSMS-_1.mzXML	35.0	18121.8	0.0	0.0	[9.0..9.0]	[0.0..1.0]	[0.912..0.936]	[16527.082..16962.006]	[0.904..0.906]	[1.0..1.0]	[0.936..0.936]	[16962.006..16962.006]	[0.907..0.907]	[1.0..1.0]	0.8997608	[14870.421..15261.748]
Group-1	PG 35:3:0	291.23	240116_PG_FTMSMS-_1.mzXML	25.0	13980.5	0.0	0.0	[6.0..9.0]	[1.0..1.0]	[0.976..0.991]	[13644.968..13854.676]	[0.693..0.696]	[0.62..0.95]	[0.926..0.982]	[12945.943..13728.851]	[0.681..0.694]	[0.618..0.952]	0.8997608	[12277.207..12465.894]
Group-1	PG 35:3:0	291.23	240116_PG_FTMSMS-_1.mzXML	30.0	14381.6	0.0	0.0	[6.0..9.0]	[1.0..1.0]	[1.047..1.16]	[15057.535..16682.654]	[0.607..0.631]	[0.62..0.95]	[1.017..1.154]	[14626.086..16596.367]	[0.6..0.63]	[0.618..0.952]	0.8997608	[13548.18..15010.398]
Group-1	PG 35:3:0	291.23	240116_PG_FTMSMS-_1.mzXML	35.0	9415.3	0.0	0.0	[6.0..9.0]	[1.0..1.0]	[1.207..1.469]	[11364.267..13831.075]	[0.551..0.599]	[0.62..0.95]	[1.204..1.468]	[11336.0205..13821.66]	[0.55..0.599]	[0.618..0.952]	0.8997608	[10225.122..12444.659]
Group-1	PG 35:3:0	293.25	240116_PG_FTMSMS-_1.mzXML	25.0	497.0	0.0	0.0	[9.0..9.0]	[1.0..1.0]	[0.926..0.926]	[460.222..460.222]	[0.495..0.495]	[0.49..0.67]	[0.926..0.926]	[460.222..460.222]	[0.495..0.495]	[0.488..0.669]	0.8997608	[414.08972..414.08972]
Group-1	PG 35:3:0	293.25	240116_PG_FTMSMS-_1.mzXML	30.0	790.6	0.0	0.0	[9.0..9.0]	[1.0..1.0]	[0.925..0.925]	[731.305..731.305]	[0.573..0.573]	[0.49..0.67]	[0.925..0.925]	[731.305..731.305]	[0.573..0.573]	[0.488..0.669]	0.8997608	[657.9995..657.9995]
Group-1	PG 35:3:0	293.25	240116_PG_FTMSMS-_1.mzXML	35.0	647.3	0.0	0.0	[9.0..9.0]	[1.0..1.0]	[0.97..0.97]	[627.881..627.881]	[0.509..0.509]	[0.49..0.67]	[0.97..0.97]	[627.881..627.881]	[0.509..0.509]	[0.488..0.669]	0.8997608	[564.94275..564.94275]
Group-1	PG 35:3:0	305.25	240116_PG_FTMSMS-_1.mzXML	25.0	6541.1	0.0	0.0	[5.0..11.0]	[1.0..1.0]	[0.966..0.981]	[6318.703..6416.82]	[0.858..0.86]	[1.0..1.0]	[0.966..0.981]	[6318.7026..6416.8193]	[0.858..0.86]	[1.0..1.0]	0.8997608	[5685.321..5773.602]
Group-1	PG 35:3:0	305.25	240116_PG_FTMSMS-_1.mzXML	30.0	8986.8	0.0	0.0	[5.0..11.0]	[1.0..1.0]	[0.987..1.177]	[8869.972..10577.464]	[0.87..0.889]	[1.0..1.0]	[0.987..1.177]	[8869.972..10577.464]	[0.87..0.889]	[1.0..1.0]	0.8997608	[7980.8525..9517.1875]
Group-1	PG 35:3:0	305.25	240116_PG_FTMSMS-_1.mzXML	35.0	7214.6	0.0	0.0	[5.0..11.0]	[1.0..1.0]	[1.087..1.54]	[7842.271..11110.483]	[0.88..0.912]	[1.0..1.0]	[1.087..1.54]	[7842.2705..11110.483]	[0.88..0.912]	[1.0..1.0]	0.8997608	[7056.167..9996.777]
Group-1	PG 36:1:0	255.23	240116_PG_FTMSMS-_1.mzXML	25.0	163300.9	0.0	0.0	[0.0..0.0]	[0.0..0.0]	[1.0..1.0]	[163300.9..163300.9]	[0.355..0.355]	[0.0..0.17]	[1.0..1.0]	[163300.9..163300.9]	[0.355..0.355]	[0.0..0.166]	0.8817691	[143993.7..143993.7]
Group-1	PG 36:1:0	255.23	240116_PG_FTMSMS-_1.mzXML	30.0	197240.4	0.0	0.0	[0.0..0.0]	[1.0..1.0]	[1.0..1.0]	[197240.4..197240.4]	[0.339..0.339]	[0.0..0.17]	[1.0..1.0]	[197240.4..197240.4]	[0.339..0.339]	[0.0..0.166]	0.8817691	[173920.5..173920.5]
Group-1	PG 36:1:0	255.23	240116_PG_FTMSMS-_1.mzXML	35.0	167895.5	0.0	0.0	[0.0..0.0]	[0.0..1.0]	[1.0..1.0]	[167895.5..167895.5]	[0.27..0.275]	[0.0..0.17]	[1.0..1.0]	[167895.5..167895.5]	[0.27..0.271]	[0.0..0.166]	0.8817691	[148045.06..148045.06]
Group-1	PG 36:1:0	281.25	240116_PG_FTMSMS-_1.mzXML	25.0	1.728738E7	0.0	0.0	[9.0..9.0]	[0.0..1.0]	[0.925..0.958]	[1.5990827E7..1.656131E7]	[0.731..0.737]	[1.0..1.0]	[0.958..0.958]	[1.656131E7..1.656131E7]	[0.738..0.738]	[1.0..1.0]	0.8817691	[1.4100217E7..1.4603252E7]
Group-1	PG 36:1:0	281.25	240116_PG_FTMSMS-_1.mzXML	30.0	2.5575584E7	0.0	0.0	[9.0..9.0]	[0.0..1.0]	[0.911..0.937]	[2.3299358E7..2.3964322E7]	[0.725..0.729]	[1.0..1.0]	[0.937..0.937]	[2.3964322E7..2.3964322E7]	[0.73..0.73]	[1.0..1.0]	0.8817691	[2.0544654E7..2.1130998E7]
Group-1	PG 36:1:0	281.25	240116_PG_FTMSMS-_1.mzXML	35.0	2.5871112E7	0.0	0.0	[9.0..9.0]	[0.0..1.0]	[0.912..0.936]	[2.3594452E7..2.421536E7]	[0.724..0.726]	[1.0..1.0]	[0.936..0.936]	[2.421536E7..2.421536E7]	[0.729..0.729]	[1.0..1.0]	0.8817691	[2.0804862E7..2.1352358E7]
Group-1	PG 36:1:0	283.26	240116_PG_FTMSMS-_1.mzXML	25.0	5860012.5	0.0	0.0	[0.0..0.0]	[0.0..1.0]	[1.002..1.009]	[5871732.5..5912752.5]	[0.263..0.269]	[0.0..0.0]	[1.002..1.002]	[5871732.5..5871732.5]	[0.262..0.262]	[0.0..0.0]	0.8817691	[5177512.0..5213682.5]
Group-1	PG 36:1:0	283.26	240116_PG_FTMSMS-_1.mzXML	30.0	9063032.0	0.0	0.0	[0.0..0.0]	[0.0..1.0]	[0.976..0.985]	[8845519.0..8927087.0]	[0.271..0.275]	[0.0..0.0]	[0.976..0.976]	[8845519.0..8845519.0]	[0.27..0.27]	[0.0..0.0]	0.8817691	[7799706.0..7871629.5]
Group-1	PG 36:1:0	283.26	240116_PG_FTMSMS-_1.mzXML	35.0	9355856.0	0.0	0.0	[0.0..0.0]	[0.0..1.0]	[0.963..0.976]	[9009689.0..9131316.0]	[0.274..0.276]	[0.0..0.0]	[0.963..0.963]	[9009689.0..9009689.0]	[0.271..0.271]	[0.0..0.0]	0.8817691	[7944466.0..8051712.0]
Group-1	PG 36:1:0	309.28	240116_PG_FTMSMS-_1.mzXML	25.0	313916.8	0.0	0.0	[11.0..11.0]	[1.0..1.0]	[0.946..0.946]	[296965.3..296965.3]	[0.645..0.645]	[0.83..1.0]	[0.946..0.946]	[296965.3..296965.3]	[0.645..0.645]	[0.834..1.0]	0.8817691	[261854.83..261854.83]
Group-1	PG 36:1:0	309.28	240116_PG_FTMSMS-_1.mzXML	30.0	439932.1	0.0	0.0	[11.0..11.0]	[0.0..0.0]	[0.876..0.876]	[385380.5..385380.5]	[0.661..0.661]	[0.83..1.0]	[0.876..0.876]	[385380.5..385380.5]	[0.661..0.661]	[0.834..1.0]	0.8817691	[339816.62..339816.62]
Group-1	PG 36:1:0	309.28	240116_PG_FTMSMS-_1.mzXML	35.0	517381.4	0.0	0.0	[11.0..11.0]	[0.0..1.0]	[0.856..0.879]	[442878.5..454778.25]	[0.725..0.73]	[0.83..1.0]	[0.875..0.879]	[452708.72..454778.25]	[0.729..0.73]	[0.834..1.0]	0.8817691	[390516.56..401009.4]
Group-1	PG 36:2:0	255.23	240116_PG_FTMSMS-_1.mzXML	25.0	89322.3	0.0	0.0	[0.0..0.0]	[0.0..0.0]	[1.0..1.0]	[89322.3..89322.3]	[0.187..0.187]	[0.0..0.04]	[1.0..1.0]	[89322.3..89322.3]	[0.187..0.187]	[0.0..0.04]	0.8837351	[78937.25..78937.25]
Group-1	PG 36:2:0	255.23	240116_PG_FTMSMS-_1.mzXML	30.0	116161.6	0.0	0.0	[0.0..0.0]	[1.0..1.0]	[1.0..1.0]	[116161.6..116161.6]	[0.198..0.198]	[0.0..0.04]	[1.0..1.0]	[116161.6..116161.6]	[0.198..0.198]	[0.0..0.04]	0.8837351	[102656.086..102656.086]
Group-1	PG 36:2:0	255.23	240116_PG_FTMSMS-_1.mzXML	35.0	209807.7	0.0	0.0	[0.0..0.0]	[0.0..1.0]	[1.0..1.0]	[209807.7..209807.7]	[0.296..0.301]	[0.0..0.04]	[1.0..1.0]	[209807.7..209807.7]	[0.296..0.296]	[0.0..0.04]	0.8837351	[185414.44..185414.44]
Group-1	PG 36:2:0	279.23	240116_PG_FTMSMS-_1.mzXML	25.0	1.3521011E7	0.0	0.0	[9.0..9.0]	[0.0..1.0]	[0.917..0.946]	[1.2398767E7..1.2790876E7]	[0.73..0.735]	[1.0..1.0]	[0.946..0.946]	[1.2790876E7..1.2790876E7]	[0.736..0.736]	[1.0..1.0]	0.8837351	[1.0957226E7..1.1303746E7]
Group-1	PG 36:2:0	279.23	240116_PG_FTMSMS-_1.mzXML	30.0	1.8883174E7	0.0	0.0	[9.0..9.0]	[0.0..1.0]	[0.935..0.957]	[1.7655768E7..1.8071198E7]	[0.722..0.725]	[1.0..1.0]	[0.957..0.957]	[1.8071198E7..1.8071198E7]	[0.727..0.727]	[1.0..1.0]	0.8837351	[1.5603022E7..1.5970152E7]
Group-1	PG 36:2:0	279.23	240116_PG_FTMSMS-_1.mzXML	35.0	1.7644318E7	0.0	0.0	[9.0..9.0]	[0.0..1.0]	[0.992..1.01]	[1.7503164E7..1.7820762E7]	[0.722..0.723]	[1.0..1.0]	[1.01..1.01]	[1.7820762E7..1.7820762E7]	[0.726..0.726]	[1.0..1.0]	0.8837351	[1.546816E7..1.5748832E7]
Group-1	PG 36:2:0	281.25	240116_PG_FTMSMS-_1.mzXML	25.0	5707681.0	0.0	0.0	[9.0..9.0]	[0.5..0.5]	[0.922..0.922]	[5262482.0..5262482.0]	[0.5..0.5]	[0.5..0.5]	[0.922..0.922]	[5262482.0..5262482.0]	[0.5..0.5]	[0.5..0.5]	0.8837351	[4650640.0..4650640.0]
Group-1	PG 36:2:0	281.25	240116_PG_FTMSMS-_1.mzXML	30.0	8011339.0	0.0	0.0	[9.0..9.0]	[0.5..0.5]	[0.916..0.916]	[7338386.5..7338386.5]	[0.5..0.5]	[0.5..0.5]	[0.916..0.916]	[7338386.5..7338386.5]	[0.5..0.5]	[0.5..0.5]	0.8837351	[6485190.0..6485190.0]
Group-1	PG 36:2:0	281.25	240116_PG_FTMSMS-_1.mzXML	35.0	7792250.0	0.0	0.0	[9.0..9.0]	[0.5..0.5]	[0.922..0.922]	[7184454.5..7184454.5]	[0.5..0.5]	[0.5..0.5]	[0.922..0.922]	[7184454.5..7184454.5]	[0.5..0.5]	[0.5..0.5]	0.8837351	[6349154.5..6349154.5]
Group-1	PG 36:2:0	283.26	240116_PG_FTMSMS-_1.mzXML	25.0	4571843.5	0.0	0.0	[0.0..0.0]	[0.0..1.0]	[1.002..1.009]	[4580987.0..4612990.0]	[0.265..0.27]	[0.0..0.0]	[1.002..1.002]	[4580987.0..4580987.0]	[0.264..0.264]	[0.0..0.0]	0.8837351	[4048379.2..4076661.2]
Group-1	PG 36:2:0	283.26	240116_PG_FTMSMS-_1.mzXML	30.0	6969053.0	0.0	0.0	[0.0..0.0]	[0.0..1.0]	[0.976..0.985]	[6801796.0..6864517.5]	[0.275..0.278]	[0.0..0.0]	[0.976..0.976]	[6801796.0..6801796.0]	[0.273..0.273]	[0.0..0.0]	0.8837351	[6010986.0..6066415.0]
Group-1	PG 36:2:0	283.26	240116_PG_FTMSMS-_1.mzXML	35.0	6990531.5	0.0	0.0	[0.0..0.0]	[0.0..1.0]	[0.963..0.976]	[6731882.0..6822759.0]	[0.277..0.278]	[0.0..0.0]	[0.963..0.963]	[6731882.0..6731882.0]	[0.274..0.274]	[0.0..0.0]	0.8837351	[5949200.0..6029511.5]
Group-1	PG 36:2:0	307.26	240116_PG_FTMSMS-_1.mzXML	25.0	419259.4	0.0	0.0	[11.0..11.0]	[1.0..1.0]	[0.928..0.928]	[389072.72..389072.72]	[0.813..0.813]	[0.96..1.0]	[0.928..0.928]	[389072.72..389072.72]	[0.813..0.813]	[0.96..1.0]	0.8837351	[343837.22..343837.22]
Group-1	PG 36:2:0	307.26	240116_PG_FTMSMS-_1.mzXML	30.0	537725.4	0.0	0.0	[11.0..11.0]	[0.0..0.0]	[0.877..0.877]	[471585.12..471585.12]	[0.802..0.802]	[0.96..1.0]	[0.877..0.877]	[471585.12..471585.12]	[0.802..0.802]	[0.96..1.0]	0.8837351	[416756.38..416756.38]
Group-1	PG 36:2:0	307.26	240116_PG_FTMSMS-_1.mzXML	35.0	545111.2	0.0	0.0	[11.0..11.0]	[0.0..1.0]	[0.895..0.916]	[487874.5..499321.84]	[0.699..0.704]	[0.96..1.0]	[0.915..0.916]	[498776.75..499321.84]	[0.704..0.704]	[0.96..1.0]	0.8837351	[431151.84..441268.25]
Group-1	PG 36:3:0	255.23	240116_PG_FTMSMS-_1.mzXML	25.0	366999.2	0.0	0.0	[0.0..0.0]	[0.0..0.0]	[1.0..1.0]	[366999.2..366999.2]	[0.25..0.253]	[0.0..0.0]	[1.0..1.0]	[366999.2..366999.2]	[0.25..0.253]	[0.0..0.003]	0.8857106	[325055.06..325055.06]
Group-1	PG 36:3:0	255.23	240116_PG_FTMSMS-_1.mzXML	30.0	503308.6	0.0	0.0	[0.0..0.0]	[0.0..0.0]	[1.0..1.0]	[503308.6..503308.6]	[0.229..0.262]	[0.0..0.0]	[1.0..1.0]	[503308.6..503308.6]	[0.229..0.262]	[0.0..0.003]	0.8857106	[445785.75..445785.75]
Group-1	PG 36:3:0	255.23	240116_PG_FTMSMS-_1.mzXML	35.0	495384.5	0.0	0.0	[0.0..0.0]	[0.0..0.0]	[1.0..1.0]	[495384.5..495384.5]	[0.22..0.285]	[0.0..0.0]	[1.0..1.0]	[495384.5..495384.5]	[0.22..0.285]	[0.0..0.003]	0.8857106	[438767.3..438767.3]
Group-1	PG 36:3:0	277.22	240116_PG_FTMSMS-_1.mzXML	25.0	102103.5	0.0	0.0	[6.0..9.0]	[0.0..1.0]	[0.989..1.016]	[100980.37..103737.16]	[0.691..0.695]	[0.87..1.0]	[0.981..1.016]	[100163.53..103737.16]	[0.689..0.696]	[0.868..1.0]	0.8857106	[89439.375..91881.1]
Group-1	PG 36:3:0	277.22	240116_PG_FTMSMS-_1.mzXML	30.0	119884.7	0.0	0.0	[6.0..9.0]	[0.0..1.0]	[1.082..1.205]	[129715.25..144461.08]	[0.72..0.739]	[0.87..1.0]	[1.079..1.205]	[129355.59..144461.08]	[0.719..0.741]	[0.868..1.0]	0.8857106	[114890.17..127950.695]
Group-1	PG 36:3:0	277.22	240116_PG_FTMSMS-_1.mzXML	35.0	96685.7	0.0	0.0	[6.0..9.0]	[0.0..1.0]	[1.265..1.537]	[122307.414..148605.92]	[0.659..0.698]	[0.87..1.0]	[1.27..1.537]	[122790.84..148605.92]	[0.66..0.701]	[0.868..1.0]	0.8857106	[108328.98..131621.84]
Group-1	PG 36:3:0	279.23	240116_PG_FTMSMS-_1.mzXML	25.0	2569898.8	0.0	0.0	[9.0..9.0]	[0.0..0.0]	[0.917..0.917]	[2356597.2..2356597.2]	[0.668..0.668]	[0.88..0.89]	[0.917..0.917]	[2356597.2..2356597.2]	[0.668..0.668]	[0.877..0.887]	0.8857106	[2087263.0..2087263.0]
Group-1	PG 36:3:0	279.23	240116_PG_FTMSMS-_1.mzXML	30.0	3596088.2	0.0	0.0	[9.0..9.0]	[0.0..0.0]	[0.935..0.935]	[3362342.5..3362342.5]	[0.663..0.663]	[0.88..0.89]	[0.935..0.935]	[3362342.5..3362342.5]	[0.663..0.663]	[0.877..0.887]	0.8857106	[2978062.5..2978062.5]
Group-1	PG 36:3:0	279.23	240116_PG_FTMSMS-_1.mzXML	35.0	3224105.8	0.0	0.0	[9.0..9.0]	[0.0..0.0]	[0.992..0.992]	[3198312.8..3198312.8]	[0.664..0.664]	[0.88..0.89]	[0.992..0.992]	[3198312.8..3198312.8]	[0.664..0.664]	[0.877..0.887]	0.8857106	[2832779.8..2832779.8]
Group-1	PG 36:3:0	281.25	240116_PG_FTMSMS-_1.mzXML	25.0	1223852.8	0.0	0.0	[9.0..9.0]	[1.0..1.0]	[0.958..0.958]	[1172451.0..1172451.0]	[0.332..0.332]	[0.11..0.12]	[0.958..0.958]	[1172451.0..1172451.0]	[0.332..0.332]	[0.113..0.123]	0.8857106	[1038452.25..1038452.25]
Group-1	PG 36:3:0	281.25	240116_PG_FTMSMS-_1.mzXML	30.0	1826685.4	0.0	0.0	[9.0..9.0]	[1.0..1.0]	[0.937..0.937]	[1711604.1..1711604.1]	[0.337..0.337]	[0.11..0.12]	[0.937..0.937]	[1711604.1..1711604.1]	[0.337..0.337]	[0.113..0.123]	0.8857106	[1515986.0..1515986.0]
Group-1	PG 36:3:0	281.25	240116_PG_FTMSMS-_1.mzXML	35.0	1730527.9	0.0	0.0	[9.0..9.0]	[1.0..1.0]	[0.936..0.936]	[1619774.1..1619774.1]	[0.336..0.336]	[0.11..0.12]	[0.936..0.936]	[1619774.1..1619774.1]	[0.336..0.336]	[0.113..0.123]	0.8857106	[1434651.0..1434651.0]
Group-1	PG 36:3:0	283.26	240116_PG_FTMSMS-_1.mzXML	25.0	45079.7	0.0	0.0	[0.0..0.0]	[0.0..1.0]	[1.002..1.009]	[45169.86..45485.414]	[0.305..0.309]	[0.0..0.13]	[1.002..1.003]	[45169.86..45214.938]	[0.304..0.311]	[0.0..0.132]	0.8857106	[40007.42..40286.914]
Group-1	PG 36:3:0	283.26	240116_PG_FTMSMS-_1.mzXML	30.0	51735.7	0.0	0.0	[0.0..0.0]	[0.0..1.0]	[0.976..0.985]	[50494.043..50959.664]	[0.261..0.28]	[0.0..0.13]	[0.976..0.977]	[50494.043..50545.777]	[0.259..0.281]	[0.0..0.132]	0.8857106	[44723.11..45135.51]
Group-1	PG 36:3:0	283.26	240116_PG_FTMSMS-_1.mzXML	35.0	65740.2	0.0	0.0	[0.0..0.0]	[0.0..1.0]	[0.963..0.976]	[63307.816..64162.438]	[0.302..0.341]	[0.0..0.13]	[0.963..0.965]	[63307.816..63439.293]	[0.299..0.34]	[0.0..0.132]	0.8857106	[56072.402..56829.35]
Group-1	PG 36:3:0	305.25	240116_PG_FTMSMS-_1.mzXML	25.0	1119850.0	0.0	0.0	[5.0..11.0]	[1.0..1.0]	[0.966..0.981]	[1081775.1..1098572.9]	[0.747..0.75]	[1.0..1.0]	[0.966..0.981]	[1081775.1..1098572.9]	[0.747..0.75]	[0.997..1.0]	0.8857106	[958139.7..973017.6]
Group-1	PG 36:3:0	305.25	240116_PG_FTMSMS-_1.mzXML	30.0	1437862.2	0.0	0.0	[5.0..11.0]	[1.0..1.0]	[0.987..1.177]	[1419170.0..1692363.9]	[0.738..0.771]	[1.0..1.0]	[0.987..1.177]	[1419170.0..1692363.9]	[0.738..0.771]	[0.997..1.0]	0.8857106	[1256974.0..1498944.8]
Group-1	PG 36:3:0	305.25	240116_PG_FTMSMS-_1.mzXML	35.0	1141076.2	0.0	0.0	[5.0..11.0]	[1.0..1.0]	[1.087..1.54]	[1240349.9..1757257.4]	[0.715..0.78]	[1.0..1.0]	[1.087..1.54]	[1240349.9..1757257.4]	[0.715..0.78]	[0.997..1.0]	0.8857106	[1098591.0..1556421.5]
Group-1	PG 36:4:0	255.23	240116_PG_FTMSMS-_1.mzXML	25.0	1586583.9	0.0	0.0	[0.0..0.0]	[0.0..1.0]	[1.0..1.0]	[1586583.9..1586583.9]	[0.234..0.237]	[0.0..0.02]	[1.0..1.0]	[1586583.9..1586583.9]	[0.234..0.24]	[0.0..0.022]	0.8877056	[1408419.4..1408419.4]
Group-1	PG 36:4:0	255.23	240116_PG_FTMSMS-_1.mzXML	30.0	2086892.2	0.0	0.0	[0.0..0.0]	[0.0..1.0]	[1.0..1.0]	[2086892.2..2086892.2]	[0.247..0.264]	[0.0..0.02]	[1.0..1.0]	[2086892.2..2086892.2]	[0.247..0.265]	[0.0..0.022]	0.8877056	[1852546.0..1852546.0]
Group-1	PG 36:4:0	255.23	240116_PG_FTMSMS-_1.mzXML	35.0	2002307.9	0.0	0.0	[0.0..0.0]	[0.0..0.0]	[1.0..1.0]	[2002307.9..2002307.9]	[0.262..0.293]	[0.0..0.02]	[1.0..1.0]	[2002307.9..2002307.9]	[0.262..0.293]	[0.0..0.022]	0.8877056	[1777460.0..1777460.0]
Group-1	PG 36:4:0	277.22	240116_PG_FTMSMS-_1.mzXML	25.0	44545.2	0.0	0.0	[6.0..9.0]	[0.0..0.0]	[0.989..1.014]	[44055.203..45168.836]	[0.492..0.498]	[0.42..0.66]	[0.949..0.969]	[42273.395..43164.297]	[0.481..0.486]	[0.417..0.66]	0.8877056	[39108.05..40096.63]
Group-1	PG 36:4:0	277.22	240116_PG_FTMSMS-_1.mzXML	30.0	45857.6	0.0	0.0	[6.0..9.0]	[0.0..0.9]	[1.082..1.193]	[49617.926..54708.117]	[0.464..0.482]	[0.42..0.66]	[1.059..1.175]	[48563.2..53882.68]	[0.456..0.481]	[0.417..0.66]	0.8877056	[44046.113..48564.703]
Group-1	PG 36:4:0	277.22	240116_PG_FTMSMS-_1.mzXML	35.0	46198.5	0.0	0.0	[6.0..9.0]	[0.9..0.9]	[1.27..1.537]	[58672.094..71007.09]	[0.522..0.569]	[0.42..0.66]	[1.267..1.537]	[58533.496..71007.09]	[0.521..0.569]	[0.417..0.66]	0.8877056	[52083.547..63033.395]
Group-1	PG 36:4:0	279.23	240116_PG_FTMSMS-_1.mzXML	25.0	578009.4	0.0	0.0	[9.0..9.0]	[0.5..0.5]	[0.921..0.921]	[532346.6..532346.6]	[0.5..0.5]	[0.5..0.5]	[0.921..0.921]	[532346.6..532346.6]	[0.5..0.5]	[0.5..0.5]	0.8877056	[472567.12..472567.12]
Group-1	PG 36:4:0	279.23	240116_PG_FTMSMS-_1.mzXML	30.0	732814.8	0.0	0.0	[9.0..9.0]	[0.5..0.5]	[0.945..0.945]	[692510.0..692510.0]	[0.5..0.5]	[0.5..0.5]	[0.945..0.945]	[692510.0..692510.0]	[0.5..0.5]	[0.5..0.5]	0.8877056	[614745.0..614745.0]
Group-1	PG 36:4:0	279.23	240116_PG_FTMSMS-_1.mzXML	35.0	634172.1	0.0	0.0	[9.0..9.0]	[0.5..0.5]	[1.005..1.005]	[637343.0..637343.0]	[0.5..0.5]	[0.5..0.5]	[1.005..1.005]	[637343.0..637343.0]	[0.5..0.5]	[0.5..0.5]	0.8877056	[565773.0..565773.0]
Group-1	PG 36:4:0	281.25	240116_PG_FTMSMS-_1.mzXML	25.0	47570.7	0.0	0.0	[9.0..9.0]	[1.0..1.0]	[0.958..0.958]	[45572.73..45572.73]	[0.502..0.508]	[0.34..0.58]	[0.958..0.958]	[45572.73..45572.73]	[0.514..0.519]	[0.341..0.583]	0.8877056	[40455.168..40455.168]
Group-1	PG 36:4:0	281.25	240116_PG_FTMSMS-_1.mzXML	30.0	62743.5	0.0	0.0	[9.0..9.0]	[0.1..1.0]	[0.914..0.937]	[57347.56..58790.656]	[0.518..0.536]	[0.34..0.58]	[0.922..0.927]	[57849.508..58163.223]	[0.519..0.544]	[0.341..0.583]	0.8877056	[50907.75..52188.797]
Group-1	PG 36:4:0	281.25	240116_PG_FTMSMS-_1.mzXML	35.0	58787.1	0.0	0.0	[9.0..9.0]	[0.1..0.1]	[0.915..0.915]	[53790.2..53790.2]	[0.431..0.478]	[0.34..0.58]	[0.915..0.915]	[53790.2..53790.2]	[0.431..0.479]	[0.341..0.583]	0.8877056	[47749.863..47749.863]
Group-1	PG 36:4:0	303.23	240116_PG_FTMSMS-_1.mzXML	25.0	4574929.5	276268.7	0.06038753	[5.0..6.4]	[0.0..1.0]	[1.117..1.138]	[5110196.0..5206270.0]	[0.763..0.766]	[0.98..1.0]	[1.1..1.138]	[5032422.5..5206270.0]	[0.76..0.766]	[0.979..1.0]	0.8877056	[4536350.0..4621635.0]
Group-1	PG 36:4:0	303.23	240116_PG_FTMSMS-_1.mzXML	30.0	3984972.5	395213.2	0.099175885	[5.0..5.3]	[0.0..1.0]	[1.461..1.598]	[5822044.5..6367986.5]	[0.736..0.753]	[0.98..1.0]	[1.453..1.598]	[5790165.0..6367986.5]	[0.735..0.753]	[0.979..1.0]	0.8877056	[5168262.0..5652897.0]
Group-1	PG 36:4:0	303.23	240116_PG_FTMSMS-_1.mzXML	35.0	2233050.5	271096.5	0.12140187	[5.0..5.1]	[1.0..1.0]	[2.162..2.521]	[4827855.0..5629520.0]	[0.707..0.738]	[0.98..1.0]	[2.162..2.521]	[4827855.0..5629520.0]	[0.707..0.738]	[0.979..1.0]	0.8877056	[4285714.0..4997356.5]
Group-1	PG 36:5:0	227.2	240116_PG_FTMSMS-_1.mzXML	25.0	3508.7	0.0	0.0	[0.0..0.0]	[0.0..1.0]	[0.99..1.002]	[3473.613..3515.717]	[0.248..0.257]	[0.0..0.2]	[0.99..0.992]	[3473.613..3480.6304]	[0.246..0.267]	[0.0..0.197]	0.8897004	[3090.475..3127.9353]
Group-1	PG 36:5:0	227.2	240116_PG_FTMSMS-_1.mzXML	30.0	4581.8	0.0	0.0	[0.0..0.0]	[0.0..1.0]	[1.012..1.029]	[4636.781..4714.673]	[0.265..0.299]	[0.0..0.2]	[1.012..1.015]	[4636.7812..4650.527]	[0.262..0.304]	[0.0..0.197]	0.8897004	[4125.346..4194.646]
Group-1	PG 36:5:0	227.2	240116_PG_FTMSMS-_1.mzXML	35.0	4847.5	0.0	0.0	[0.0..0.0]	[0.0..0.0]	[1.016..1.016]	[4925.06..4925.06]	[0.302..0.369]	[0.0..0.2]	[1.016..1.016]	[4925.06..4925.06]	[0.302..0.369]	[0.0..0.197]	0.8897004	[4381.828..4381.828]
Group-1	PG 36:5:0	253.22	240116_PG_FTMSMS-_1.mzXML	25.0	23402.9	0.0	0.0	[9.0..9.0]	[0.0..1.0]	[0.97..1.014]	[22700.814..23730.543]	[0.234..0.237]	[0.0..0.06]	[0.97..0.973]	[22700.814..22771.021]	[0.229..0.237]	[0.0..0.058]	0.8897004	[20196.924..21113.074]
Group-1	PG 36:5:0	253.22	240116_PG_FTMSMS-_1.mzXML	30.0	30954.3	0.0	0.0	[9.0..9.0]	[0.0..1.0]	[0.979..1.013]	[30304.26..31356.707]	[0.264..0.279]	[0.0..0.06]	[0.979..0.981]	[30304.26..30366.17]	[0.258..0.281]	[0.0..0.058]	0.8897004	[26961.713..27898.076]
Group-1	PG 36:5:0	253.22	240116_PG_FTMSMS-_1.mzXML	35.0	30204.8	0.0	0.0	[9.0..9.0]	[0.0..0.0]	[0.99..0.99]	[29902.754..29902.754]	[0.27..0.309]	[0.0..0.06]	[0.99..0.99]	[29902.754..29902.754]	[0.27..0.309]	[0.0..0.058]	0.8897004	[26604.492..26604.492]
Group-1	PG 36:5:0	255.23	240116_PG_FTMSMS-_1.mzXML	25.0	9057.7	0.0	0.0	[0.0..0.0]	[0.0..0.0]	[1.0..1.0]	[9057.7..9057.7]	[0.376..0.376]	[0.21..0.6]	[1.0..1.0]	[9057.7..9057.7]	[0.376..0.376]	[0.214..0.597]	0.8897004	[8058.6396..8058.6396]
Group-1	PG 36:5:0	255.23	240116_PG_FTMSMS-_1.mzXML	30.0	14529.7	0.0	0.0	[0.0..0.0]	[0.0..0.0]	[1.0..1.0]	[14529.7..14529.7]	[0.451..0.451]	[0.21..0.6]	[1.0..1.0]	[14529.7..14529.7]	[0.451..0.451]	[0.214..0.597]	0.8897004	[12927.08..12927.08]
Group-1	PG 36:5:0	255.23	240116_PG_FTMSMS-_1.mzXML	35.0	17319.7	0.0	0.0	[0.0..0.0]	[0.0..0.0]	[1.0..1.0]	[17319.7..17319.7]	[0.542..0.542]	[0.21..0.6]	[1.0..1.0]	[17319.7..17319.7]	[0.542..0.542]	[0.214..0.597]	0.8897004	[15409.344..15409.344]
Group-1	PG 36:5:0	277.22	240116_PG_FTMSMS-_1.mzXML	25.0	12123.2	1346.8	0.11109278	[6.0..6.0]	[0.0..0.0]	[1.014..1.014]	[12292.926..12292.926]	[0.259..0.259]	[0.0..0.0]	[1.014..1.014]	[12292.926..12292.926]	[0.259..0.259]	[0.0..0.0]	0.8897004	[10937.021..10937.021]
Group-1	PG 36:5:0	277.22	240116_PG_FTMSMS-_1.mzXML	30.0	12187.9	1198.9	0.098368056	[6.0..6.0]	[0.0..0.0]	[1.207..1.207]	[14710.796..14710.796]	[0.246..0.246]	[0.0..0.0]	[1.207..1.207]	[14710.796..14710.796]	[0.246..0.246]	[0.0..0.0]	0.8897004	[13088.201..13088.201]
Group-1	PG 36:5:0	277.22	240116_PG_FTMSMS-_1.mzXML	35.0	10494.6	683.3	0.06510968	[6.0..6.0]	[0.0..0.0]	[1.543..1.543]	[16193.167..16193.167]	[0.266..0.266]	[0.0..0.0]	[1.543..1.543]	[16193.167..16193.167]	[0.266..0.266]	[0.0..0.0]	0.8897004	[14407.067..14407.067]
Group-1	PG 36:5:0	279.23	240116_PG_FTMSMS-_1.mzXML	25.0	37240.7	0.0	0.0	[9.0..9.0]	[1.0..1.0]	[0.946..0.946]	[35229.7..35229.7]	[0.741..0.741]	[1.0..1.0]	[0.946..0.946]	[35229.7..35229.7]	[0.741..0.741]	[1.0..1.0]	0.8897004	[31343.88..31343.88]
Group-1	PG 36:5:0	279.23	240116_PG_FTMSMS-_1.mzXML	30.0	47021.1	0.0	0.0	[9.0..9.0]	[1.0..1.0]	[0.957..0.957]	[44999.195..44999.195]	[0.754..0.754]	[1.0..1.0]	[0.957..0.957]	[44999.195..44999.195]	[0.754..0.754]	[1.0..1.0]	0.8897004	[40035.805..40035.805]
Group-1	PG 36:5:0	279.23	240116_PG_FTMSMS-_1.mzXML	35.0	44344.8	0.0	0.0	[9.0..9.0]	[1.0..1.0]	[1.01..1.01]	[44788.246..44788.246]	[0.734..0.734]	[1.0..1.0]	[1.01..1.01]	[44788.25..44788.25]	[0.734..0.734]	[1.0..1.0]	0.8897004	[39848.12..39848.12]
Group-1	PG 36:5:0	301.22	240116_PG_FTMSMS-_1.mzXML	25.0	10546.5	2161.9	0.20498742	[5.0..5.0]	[1.0..1.0]	[1.424..1.424]	[15018.216..15018.216]	[0.624..0.624]	[0.4..0.79]	[1.424..1.424]	[15018.216..15018.216]	[0.624..0.624]	[0.403..0.786]	0.8897004	[13361.714..13361.714]
Group-1	PG 36:5:0	301.22	240116_PG_FTMSMS-_1.mzXML	30.0	7255.5	2424.2	0.33411893	[5.0..5.0]	[1.0..1.0]	[2.435..2.435]	[17667.143..17667.143]	[0.549..0.549]	[0.4..0.79]	[2.435..2.435]	[17667.143..17667.143]	[0.549..0.549]	[0.403..0.786]	0.8897004	[15718.463..15718.463]
Group-1	PG 36:5:0	301.22	240116_PG_FTMSMS-_1.mzXML	35.0	3021.8	1014.8	0.3358263	[5.0..5.0]	[1.0..1.0]	[4.843..4.843]	[14634.577..14634.577]	[0.458..0.458]	[0.4..0.79]	[4.843..4.843]	[14634.577..14634.577]	[0.458..0.458]	[0.403..0.786]	0.8897004	[13020.39..13020.39]
Group-1	PG 36:5:0	303.23	240116_PG_FTMSMS-_1.mzXML	25.0	67291.8	3696.8	0.05493686	[5.4..6.7]	[0.0..1.0]	[1.107..1.138]	[74492.016..76578.06]	[0.763..0.766]	[0.94..1.0]	[1.085..1.138]	[73011.6..76578.06]	[0.763..0.771]	[0.942..1.0]	0.8897004	[66275.58..68131.54]
Group-1	PG 36:5:0	303.23	240116_PG_FTMSMS-_1.mzXML	30.0	54683.1	5755.5	0.10525189	[5.0..5.1]	[0.0..1.0]	[1.429..1.598]	[78142.16..87383.6]	[0.721..0.736]	[0.94..1.0]	[1.417..1.598]	[77485.96..87383.6]	[0.719..0.742]	[0.942..1.0]	0.8897004	[69523.11..77745.23]
Group-1	PG 36:5:0	303.23	240116_PG_FTMSMS-_1.mzXML	35.0	32106.4	4269.3	0.13297348	[5.0..5.0]	[1.0..1.0]	[2.085..2.521]	[66941.84..80940.234]	[0.691..0.73]	[0.94..1.0]	[2.085..2.521]	[66941.84..80940.234]	[0.691..0.73]	[0.942..1.0]	0.8897004	[59558.188..72012.56]
Group-1	PG 36:5:0	329.25	240116_PG_FTMSMS-_1.mzXML	25.0	7889.1	1187.8	0.15056217	[5.1..5.8]	[0.0..1.0]	[1.271..1.35]	[10027.047..10650.285]	[0.743..0.752]	[0.8..1.0]	[1.21..1.35]	[9545.812..10650.285]	[0.733..0.754]	[0.803..1.0]	0.8897004	[8921.067..9475.563]
Group-1	PG 36:5:0	329.25	240116_PG_FTMSMS-_1.mzXML	30.0	5585.6	1368.0	0.24491549	[4.6..5.1]	[0.0..1.0]	[1.949..2.345]	[10886.335..13098.232]	[0.701..0.735]	[0.8..1.0]	[1.9..2.345]	[10612.64..13098.232]	[0.696..0.738]	[0.803..1.0]	0.8897004	[9685.576..11653.503]
Group-1	PG 36:5:0	329.25	240116_PG_FTMSMS-_1.mzXML	35.0	2348.6	911.8	0.38823128	[4.0..4.2]	[1.0..1.0]	[3.589..4.843]	[8429.126..11374.271]	[0.631..0.698]	[0.8..1.0]	[3.584..4.843]	[8417.383..11374.2705]	[0.631..0.698]	[0.803..1.0]	0.8897004	[7499.397..10119.693]
Group-1	PG 37:1:0	255.23	240116_PG_FTMSMS-_1.mzXML	25.0	239824.2	0.0	0.0	[0.0..0.0]	[1.0..1.0]	[1.0..1.0]	[239824.2..239824.2]	[0.998..0.998]	[1.0..1.0]	[1.0..1.0]	[239824.2..239824.2]	[0.998..0.998]	[1.0..1.0]	0.86830544	[208240.66..208240.66]
Group-1	PG 37:1:0	255.23	240116_PG_FTMSMS-_1.mzXML	30.0	475585.6	0.0	0.0	[0.0..0.0]	[1.0..1.0]	[1.0..1.0]	[475585.6..475585.6]	[1.0..1.0]	[1.0..1.0]	[1.0..1.0]	[475585.6..475585.6]	[1.0..1.0]	[1.0..1.0]	0.86830544	[412953.56..412953.56]
Group-1	PG 37:1:0	255.23	240116_PG_FTMSMS-_1.mzXML	35.0	563228.2	0.0	0.0	[0.0..0.0]	[1.0..1.0]	[1.0..1.0]	[563228.2..563228.2]	[1.0..1.0]	[1.0..1.0]	[1.0..1.0]	[563228.2..563228.2]	[1.0..1.0]	[1.0..1.0]	0.86830544	[489054.1..489054.1]
Group-1	PG 37:1:0	269.25	240116_PG_FTMSMS-_1.mzXML	25.0	698.8	0.0	0.0	[0.0..0.0]	[0.0..0.0]	[1.004..1.004]	[701.595..701.595]	[0.316..0.316]	[0.03..0.23]	[1.004..1.004]	[701.59515..701.59515]	[0.316..0.316]	[0.028..0.23]	0.86830544	[609.1989..609.1989]
Group-1	PG 37:1:0	269.25	240116_PG_FTMSMS-_1.mzXML	30.0	961.6	0.0	0.0	[0.0..0.0]	[0.0..0.0]	[0.993..0.993]	[954.869..954.869]	[0.296..0.296]	[0.03..0.23]	[0.993..0.993]	[954.8688..954.8688]	[0.296..0.296]	[0.028..0.23]	0.86830544	[829.11774..829.11774]
Group-1	PG 37:1:0	269.25	240116_PG_FTMSMS-_1.mzXML	35.0	1281.4	0.0	0.0	[0.0..0.0]	[0.0..0.0]	[0.989..0.989]	[1267.305..1267.305]	[0.383..0.383]	[0.03..0.23]	[0.989..0.989]	[1267.3047..1267.3047]	[0.383..0.383]	[0.028..0.23]	0.86830544	[1100.4075..1100.4075]
Group-1	PG 37:1:0	281.25	240116_PG_FTMSMS-_1.mzXML	25.0	62316.1	0.0	0.0	[9.0..9.0]	[0.0..1.0]	[0.925..0.958]	[57642.395..59698.824]	[0.758..0.763]	[1.0..1.0]	[0.958..0.958]	[59698.824..59698.824]	[0.764..0.764]	[1.0..1.0]	0.86830544	[50051.203..51836.816]
Group-1	PG 37:1:0	281.25	240116_PG_FTMSMS-_1.mzXML	30.0	92983.4	0.0	0.0	[9.0..9.0]	[0.0..1.0]	[0.911..0.937]	[84707.875..87125.445]	[0.763..0.767]	[1.0..1.0]	[0.937..0.937]	[87125.445..87125.445]	[0.768..0.768]	[1.0..1.0]	0.86830544	[73552.31..75651.5]
Group-1	PG 37:1:0	281.25	240116_PG_FTMSMS-_1.mzXML	35.0	100136.9	0.0	0.0	[9.0..9.0]	[0.0..1.0]	[0.912..0.936]	[91324.85..93728.13]	[0.767..0.769]	[1.0..1.0]	[0.936..0.936]	[93728.13..93728.13]	[0.772..0.772]	[1.0..1.0]	0.86830544	[79297.87..81384.65]
Group-1	PG 37:1:0	283.26	240116_PG_FTMSMS-_1.mzXML	25.0	18130.2	0.0	0.0	[0.0..0.0]	[0.0..0.0]	[1.009..1.009]	[18293.37..18293.37]	[0.458..0.458]	[0.4..0.54]	[1.009..1.009]	[18293.37..18293.37]	[0.458..0.458]	[0.403..0.539]	0.86830544	[15884.232..15884.232]
Group-1	PG 37:1:0	283.26	240116_PG_FTMSMS-_1.mzXML	30.0	29639.0	0.0	0.0	[0.0..0.0]	[1.0..1.0]	[0.976..0.976]	[28927.664..28927.664]	[0.507..0.507]	[0.4..0.54]	[0.976..0.976]	[28927.664..28927.664]	[0.507..0.507]	[0.403..0.539]	0.86830544	[25118.049..25118.049]
Group-1	PG 37:1:0	283.26	240116_PG_FTMSMS-_1.mzXML	35.0	31537.2	0.0	0.0	[0.0..0.0]	[0.0..1.0]	[0.963..0.976]	[30370.322..30780.307]	[0.515..0.517]	[0.4..0.54]	[0.968..0.97]	[30528.008..30591.084]	[0.516..0.516]	[0.403..0.539]	0.86830544	[26370.717..26726.709]
Group-1	PG 37:1:0	295.26	240116_PG_FTMSMS-_1.mzXML	25.0	23053.4	0.0	0.0	[9.0..9.0]	[1.0..1.0]	[0.939..0.939]	[21647.143..21647.143]	[0.542..0.542]	[0.46..0.6]	[0.939..0.939]	[21647.143..21647.143]	[0.542..0.542]	[0.461..0.597]	0.86830544	[18796.332..18796.332]
Group-1	PG 37:1:0	295.26	240116_PG_FTMSMS-_1.mzXML	30.0	31808.6	0.0	0.0	[9.0..9.0]	[0.0..0.0]	[0.885..0.885]	[28150.61..28150.61]	[0.493..0.493]	[0.46..0.6]	[0.885..0.885]	[28150.61..28150.61]	[0.493..0.493]	[0.461..0.597]	0.86830544	[24443.328..24443.328]
Group-1	PG 37:1:0	295.26	240116_PG_FTMSMS-_1.mzXML	35.0	32190.7	0.0	0.0	[9.0..9.0]	[0.0..1.0]	[0.88..0.902]	[28327.814..29036.012]	[0.483..0.485]	[0.46..0.6]	[0.89..0.893]	[28649.723..28746.295]	[0.484..0.484]	[0.461..0.597]	0.86830544	[24597.195..25212.127]
Group-1	PG 37:1:0	297.28	240116_PG_FTMSMS-_1.mzXML	25.0	18324.5	0.0	0.0	[0.0..0.0]	[0.0..1.0]	[1.005..1.012]	[18416.123..18544.393]	[0.237..0.242]	[0.0..0.0]	[1.005..1.005]	[18416.123..18416.123]	[0.236..0.236]	[0.0..0.0]	0.86830544	[15990.819..16102.197]
Group-1	PG 37:1:0	297.28	240116_PG_FTMSMS-_1.mzXML	30.0	27221.4	0.0	0.0	[0.0..0.0]	[0.0..1.0]	[0.966..0.975]	[26295.873..26540.865]	[0.233..0.237]	[0.0..0.0]	[0.966..0.966]	[26295.873..26295.873]	[0.232..0.232]	[0.0..0.0]	0.86830544	[22832.85..23045.578]
Group-1	PG 37:1:0	297.28	240116_PG_FTMSMS-_1.mzXML	35.0	29300.4	0.0	0.0	[0.0..0.0]	[0.0..1.0]	[0.947..0.962]	[27747.48..28186.986]	[0.231..0.233]	[0.0..0.0]	[0.947..0.947]	[27747.48..27747.48]	[0.228..0.228]	[0.0..0.0]	0.86830544	[24093.287..24474.912]
Group-1	PG 37:1:0	309.28	240116_PG_FTMSMS-_1.mzXML	25.0	1605.2	0.0	0.0	[11.0..11.0]	[1.0..1.0]	[0.946..0.946]	[1518.519..1518.519]	[0.684..0.684]	[0.77..0.97]	[0.946..0.946]	[1518.5192..1518.5192]	[0.684..0.684]	[0.77..0.972]	0.86830544	[1318.5385..1318.5385]
Group-1	PG 37:1:0	309.28	240116_PG_FTMSMS-_1.mzXML	30.0	2522.6	0.0	0.0	[11.0..11.0]	[1.0..1.0]	[0.899..0.899]	[2267.818..2267.818]	[0.704..0.704]	[0.77..0.97]	[0.899..0.899]	[2267.8174..2267.8174]	[0.704..0.704]	[0.77..0.972]	0.86830544	[1969.1583..1969.1583]
Group-1	PG 37:1:0	309.28	240116_PG_FTMSMS-_1.mzXML	35.0	2319.2	0.0	0.0	[11.0..11.0]	[1.0..1.0]	[0.879..0.879]	[2038.577..2038.577]	[0.617..0.617]	[0.77..0.97]	[0.879..0.879]	[2038.5768..2038.5768]	[0.617..0.617]	[0.77..0.972]	0.86830544	[1770.1073..1770.1073]
Group-1	PG 37:1:0	323.3	240116_PG_FTMSMS-_1.mzXML	25.0	566.7	0.0	0.0	[11.0..11.0]	[0.0..0.0]	[0.904..0.904]	[512.297..512.297]	[0.002..0.002]	[0.0..0.0]	[0.904..0.904]	[512.2968..512.2968]	[0.002..0.002]	[0.0..0.0]	0.86830544	[444.83008..444.83008]
Group-1	PG 37:1:0	323.3	240116_PG_FTMSMS-_1.mzXML	30.0	0.0	0.0	0.0	[11.0..11.0]	[0.0..0.0]	[0.85..0.85]	[0.0..0.0]	[0.0..0.0]	[0.0..0.0]	[0.85..0.85]	[0.0..0.0]	[0.0..0.0]	[0.0..0.0]	0.86830544	[0.0..0.0]
Group-1	PG 37:1:0	323.3	240116_PG_FTMSMS-_1.mzXML	35.0	0.0	0.0	0.0	[11.0..11.0]	[0.0..0.0]	[0.825..0.825]	[0.0..0.0]	[0.0..0.0]	[0.0..0.0]	[0.825..0.825]	[0.0..0.0]	[0.0..0.0]	[0.0..0.0]	0.86830544	[0.0..0.0]
Group-1	PG 37:2:0	241.22	240116_PG_FTMSMS-_1.mzXML	25.0	0.0	0.0	0.0	[0.0..0.0]	[0.0..0.0]	[0.995..0.995]	[0.0..0.0]	[0.5..0.5]	[0.0..0.5]	[0.995..0.995]	[0.0..0.0]	[0.5..0.5]	[0.0..0.5]	0.8702164	[0.0..0.0]
Group-1	PG 37:2:0	241.22	240116_PG_FTMSMS-_1.mzXML	30.0	0.0	0.0	0.0	[0.0..0.0]	[1.0..1.0]	[1.014..1.014]	[0.0..0.0]	[0.5..0.5]	[0.0..0.5]	[1.014..1.014]	[0.0..0.0]	[0.5..0.5]	[0.0..0.5]	0.8702164	[0.0..0.0]
Group-1	PG 37:2:0	241.22	240116_PG_FTMSMS-_1.mzXML	35.0	0.0	0.0	0.0	[0.0..0.0]	[0.0..1.0]	[1.009..1.021]	[0.0..0.0]	[0.0..0.0]	[0.0..0.5]	[1.009..1.015]	[0.0..0.0]	[0.0..0.0]	[0.0..0.5]	0.8702164	[0.0..0.0]
Group-1	PG 37:2:0	269.25	240116_PG_FTMSMS-_1.mzXML	25.0	0.0	0.0	0.0	[0.0..0.0]	[0.0..0.0]	[1.004..1.004]	[0.0..0.0]	[0.0..0.0]	[0.0..0.0]	[1.004..1.004]	[0.0..0.0]	[0.0..0.0]	[0.0..0.0]	0.8702164	[0.0..0.0]
Group-1	PG 37:2:0	269.25	240116_PG_FTMSMS-_1.mzXML	30.0	0.0	0.0	0.0	[0.0..0.0]	[0.0..0.0]	[0.993..0.993]	[0.0..0.0]	[0.0..0.0]	[0.0..0.0]	[0.993..0.993]	[0.0..0.0]	[0.0..0.0]	[0.0..0.0]	0.8702164	[0.0..0.0]
Group-1	PG 37:2:0	269.25	240116_PG_FTMSMS-_1.mzXML	35.0	1352.9	0.0	0.0	[0.0..0.0]	[0.0..0.0]	[0.989..0.989]	[1338.018..1338.018]	[0.246..0.246]	[0.0..0.0]	[0.989..0.989]	[1338.0182..1338.0182]	[0.246..0.246]	[0.0..0.0]	0.8702164	[1164.3654..1164.3654]
Group-1	PG 37:2:0	279.23	240116_PG_FTMSMS-_1.mzXML	25.0	72056.5	0.0	0.0	[9.0..9.0]	[0.0..1.0]	[0.917..0.946]	[66075.81..68165.445]	[0.756..0.761]	[1.0..1.0]	[0.946..0.946]	[68165.445..68165.445]	[0.762..0.762]	[1.0..1.0]	0.8702164	[57500.254..59318.69]
Group-1	PG 37:2:0	279.23	240116_PG_FTMSMS-_1.mzXML	30.0	107984.4	0.0	0.0	[9.0..9.0]	[0.0..1.0]	[0.935..0.957]	[100965.414..103341.07]	[0.755..0.757]	[1.0..1.0]	[0.957..0.957]	[103341.07..103341.07]	[0.759..0.759]	[1.0..1.0]	0.8702164	[87861.76..89929.09]
Group-1	PG 37:2:0	279.23	240116_PG_FTMSMS-_1.mzXML	35.0	95778.4	0.0	0.0	[9.0..9.0]	[0.0..1.0]	[0.992..1.01]	[95012.17..96736.18]	[0.765..0.765]	[1.0..1.0]	[1.01..1.01]	[96736.18..96736.18]	[0.768..0.768]	[1.0..1.0]	0.8702164	[82681.16..84181.414]
Group-1	PG 37:2:0	281.25	240116_PG_FTMSMS-_1.mzXML	25.0	86764.3	0.0	0.0	[9.0..9.0]	[0.0..0.0]	[0.925..0.925]	[80256.98..80256.98]	[0.882..0.882]	[1.0..1.0]	[0.925..0.925]	[80256.98..80256.98]	[0.882..0.882]	[1.0..1.0]	0.8702164	[69840.94..69840.94]
Group-1	PG 37:2:0	281.25	240116_PG_FTMSMS-_1.mzXML	30.0	155778.1	0.0	0.0	[9.0..9.0]	[1.0..1.0]	[0.937..0.937]	[145964.06..145964.06]	[0.91..0.91]	[1.0..1.0]	[0.937..0.937]	[145964.06..145964.06]	[0.91..0.91]	[1.0..1.0]	0.8702164	[127020.33..127020.33]
Group-1	PG 37:2:0	281.25	240116_PG_FTMSMS-_1.mzXML	35.0	160341.9	0.0	0.0	[9.0..9.0]	[0.0..1.0]	[0.912..0.936]	[146231.81..150080.02]	[0.908..0.908]	[1.0..1.0]	[0.936..0.936]	[150080.02..150080.02]	[0.91..0.91]	[1.0..1.0]	0.8702164	[127253.33..130602.09]
Group-1	PG 37:2:0	283.26	240116_PG_FTMSMS-_1.mzXML	25.0	5614.7	0.0	0.0	[0.0..0.0]	[0.0..0.0]	[1.009..1.009]	[5665.233..5665.233]	[0.524..0.524]	[0.44..0.59]	[1.009..1.009]	[5665.2324..5665.2324]	[0.524..0.524]	[0.442..0.59]	0.8702164	[4929.978..4929.978]
Group-1	PG 37:2:0	283.26	240116_PG_FTMSMS-_1.mzXML	30.0	7592.9	0.0	0.0	[0.0..0.0]	[0.0..0.0]	[0.985..0.985]	[7479.007..7479.007]	[0.475..0.475]	[0.44..0.59]	[0.985..0.985]	[7479.0063..7479.0063]	[0.475..0.475]	[0.442..0.59]	0.8702164	[6508.3545..6508.3545]
Group-1	PG 37:2:0	283.26	240116_PG_FTMSMS-_1.mzXML	35.0	10072.5	0.0	0.0	[0.0..0.0]	[0.0..0.0]	[0.976..0.976]	[9830.76..9830.76]	[0.539..0.539]	[0.44..0.59]	[0.976..0.976]	[9830.76..9830.76]	[0.539..0.539]	[0.442..0.59]	0.8702164	[8554.889..8554.889]
Group-1	PG 37:2:0	293.25	240116_PG_FTMSMS-_1.mzXML	25.0	5567.9	0.0	0.0	[9.0..9.0]	[1.0..1.0]	[0.926..0.926]	[5155.876..5155.876]	[0.476..0.476]	[0.41..0.56]	[0.926..0.926]	[5155.8755..5155.8755]	[0.476..0.476]	[0.41..0.558]	0.8702164	[4486.727..4486.727]
Group-1	PG 37:2:0	293.25	240116_PG_FTMSMS-_1.mzXML	30.0	8924.9	0.0	0.0	[9.0..9.0]	[1.0..1.0]	[0.925..0.925]	[8255.533..8255.533]	[0.525..0.525]	[0.41..0.56]	[0.925..0.925]	[8255.533..8255.533]	[0.525..0.525]	[0.41..0.558]	0.8702164	[7184.1..7184.1]
Group-1	PG 37:2:0	293.25	240116_PG_FTMSMS-_1.mzXML	35.0	8652.8	0.0	0.0	[9.0..9.0]	[1.0..1.0]	[0.97..0.97]	[8393.216..8393.216]	[0.461..0.461]	[0.41..0.56]	[0.97..0.97]	[8393.216..8393.216]	[0.461..0.461]	[0.41..0.558]	0.8702164	[7303.9146..7303.9146]
Group-1	PG 37:2:0	295.26	240116_PG_FTMSMS-_1.mzXML	25.0	11406.0	0.0	0.0	[9.0..9.0]	[1.0..1.0]	[0.939..0.939]	[10710.234..10710.234]	[0.118..0.118]	[0.0..0.0]	[0.939..0.939]	[10710.234..10710.234]	[0.118..0.118]	[0.0..0.0]	0.8702164	[9320.222..9320.222]
Group-1	PG 37:2:0	295.26	240116_PG_FTMSMS-_1.mzXML	30.0	16250.2	0.0	0.0	[9.0..9.0]	[0.0..0.0]	[0.885..0.885]	[14381.427..14381.427]	[0.09..0.09]	[0.0..0.0]	[0.885..0.885]	[14381.427..14381.427]	[0.09..0.09]	[0.0..0.0]	0.8702164	[12514.954..12514.954]
Group-1	PG 37:2:0	295.26	240116_PG_FTMSMS-_1.mzXML	35.0	16866.8	0.0	0.0	[9.0..9.0]	[0.0..1.0]	[0.88..0.902]	[14842.784..15213.854]	[0.092..0.092]	[0.0..0.0]	[0.88..0.88]	[14842.784..14842.784]	[0.09..0.09]	[0.0..0.0]	0.8702164	[12916.436..13239.347]
Group-1	PG 37:2:0	297.28	240116_PG_FTMSMS-_1.mzXML	25.0	21186.0	0.0	0.0	[0.0..0.0]	[0.0..1.0]	[1.005..1.012]	[21291.93..21440.23]	[0.239..0.244]	[0.0..0.0]	[1.005..1.005]	[21291.93..21291.93]	[0.238..0.238]	[0.0..0.0]	0.8702164	[18528.586..18657.64]
Group-1	PG 37:2:0	297.28	240116_PG_FTMSMS-_1.mzXML	30.0	34004.2	0.0	0.0	[0.0..0.0]	[0.0..1.0]	[0.966..0.975]	[32848.06..33154.094]	[0.243..0.245]	[0.0..0.0]	[0.966..0.966]	[32848.06..32848.06]	[0.241..0.241]	[0.0..0.0]	0.8702164	[28584.92..28851.238]
Group-1	PG 37:2:0	297.28	240116_PG_FTMSMS-_1.mzXML	35.0	30877.8	0.0	0.0	[0.0..0.0]	[0.0..1.0]	[0.947..0.962]	[29241.277..29704.445]	[0.235..0.235]	[0.0..0.0]	[0.947..0.947]	[29241.277..29241.277]	[0.232..0.232]	[0.0..0.0]	0.8702164	[25446.24..25849.295]
Group-1	PG 37:2:0	307.26	240116_PG_FTMSMS-_1.mzXML	25.0	3049.6	0.0	0.0	[11.0..11.0]	[1.0..1.0]	[0.928..0.928]	[2830.029..2830.029]	[1.0..1.0]	[1.0..1.0]	[0.928..0.928]	[2830.0288..2830.0288]	[1.0..1.0]	[1.0..1.0]	0.8702164	[2462.7375..2462.7375]
Group-1	PG 37:2:0	307.26	240116_PG_FTMSMS-_1.mzXML	30.0	4560.4	0.0	0.0	[11.0..11.0]	[1.0..1.0]	[0.899..0.899]	[4099.799..4099.799]	[1.0..1.0]	[1.0..1.0]	[0.899..0.899]	[4099.7993..4099.7993]	[1.0..1.0]	[1.0..1.0]	0.8702164	[3567.713..3567.713]
Group-1	PG 37:2:0	307.26	240116_PG_FTMSMS-_1.mzXML	35.0	4482.5	0.0	0.0	[11.0..11.0]	[1.0..1.0]	[0.916..0.916]	[4105.97..4105.97]	[0.754..0.754]	[1.0..1.0]	[0.916..0.916]	[4105.97..4105.97]	[0.754..0.754]	[1.0..1.0]	0.8702164	[3573.0825..3573.0825]
Group-1	PG 37:2:0	335.29	240116_PG_FTMSMS-_1.mzXML	25.0	0.0	0.0	0.0	[13.0..13.0]	[1.0..1.0]	[0.926..0.926]	[0.0..0.0]	[0.0..0.0]	[0.0..1.0]	[0.926..0.926]	[0.0..0.0]	[0.0..0.0]	[0.0..1.0]	0.8702164	[0.0..0.0]
Group-1	PG 37:2:0	335.29	240116_PG_FTMSMS-_1.mzXML	30.0	0.0	0.0	0.0	[13.0..13.0]	[0.0..0.0]	[0.849..0.849]	[0.0..0.0]	[0.0..0.0]	[0.0..1.0]	[0.849..0.849]	[0.0..0.0]	[0.0..0.0]	[0.0..1.0]	0.8702164	[0.0..0.0]
Group-1	PG 37:2:0	335.29	240116_PG_FTMSMS-_1.mzXML	35.0	704.7	0.0	0.0	[13.0..13.0]	[0.0..1.0]	[0.843..0.861]	[594.062..606.747]	[1.0..1.0]	[0.0..1.0]	[0.843..0.861]	[594.06213..606.7467]	[1.0..1.0]	[0.0..1.0]	0.8702164	[516.9626..528.001]
Group-1	PG 37:4:0	241.22	240116_PG_FTMSMS-_1.mzXML	25.0	0.0	0.0	0.0	[0.0..0.0]	[0.0..0.0]	[0.995..0.995]	[0.0..0.0]	[0.0..0.0]	[0.0..0.0]	[0.995..0.995]	[0.0..0.0]	[0.0..0.0]	[0.0..0.0]	0.8740563	[0.0..0.0]
Group-1	PG 37:4:0	241.22	240116_PG_FTMSMS-_1.mzXML	30.0	512.0	0.0	0.0	[0.0..0.0]	[0.0..0.0]	[1.006..1.006]	[515.072..515.072]	[0.011..0.011]	[0.0..0.0]	[1.006..1.006]	[515.072..515.072]	[0.011..0.011]	[0.0..0.0]	0.8740563	[450.20193..450.20193]
Group-1	PG 37:4:0	241.22	240116_PG_FTMSMS-_1.mzXML	35.0	0.0	0.0	0.0	[0.0..0.0]	[0.0..0.0]	[1.009..1.009]	[0.0..0.0]	[0.0..0.0]	[0.0..0.0]	[1.009..1.009]	[0.0..0.0]	[0.0..0.0]	[0.0..0.0]	0.8740563	[0.0..0.0]
Group-1	PG 37:4:0	255.23	240116_PG_FTMSMS-_1.mzXML	25.0	10548.3	0.0	0.0	[0.0..0.0]	[0.0..1.0]	[1.0..1.0]	[10548.3..10548.3]	[0.54..0.544]	[0.59..0.88]	[1.0..1.0]	[10548.3..10548.3]	[0.55..0.55]	[0.592..0.884]	0.8740563	[9219.808..9219.808]
Group-1	PG 37:4:0	255.23	240116_PG_FTMSMS-_1.mzXML	30.0	16823.3	0.0	0.0	[0.0..0.0]	[0.0..1.0]	[1.0..1.0]	[16823.3..16823.3]	[0.587..0.607]	[0.59..0.88]	[1.0..1.0]	[16823.3..16823.3]	[0.593..0.61]	[0.592..0.884]	0.8740563	[14704.512..14704.512]
Group-1	PG 37:4:0	255.23	240116_PG_FTMSMS-_1.mzXML	35.0	18780.9	0.0	0.0	[0.0..0.0]	[0.0..0.0]	[1.0..1.0]	[18780.9..18780.9]	[0.633..0.666]	[0.59..0.88]	[1.0..1.0]	[18780.9..18780.9]	[0.633..0.666]	[0.592..0.884]	0.8740563	[16415.564..16415.564]
Group-1	PG 37:4:0	267.23	240116_PG_FTMSMS-_1.mzXML	25.0	528.6	0.0	0.0	[9.0..9.0]	[0.0..0.0]	[0.945..0.945]	[499.527..499.527]	[0.143..0.145]	[0.0..0.0]	[0.945..0.945]	[499.52698..499.52698]	[0.143..0.145]	[0.0..0.0]	0.8740563	[436.6147..436.6147]
Group-1	PG 37:4:0	267.23	240116_PG_FTMSMS-_1.mzXML	30.0	1098.2	0.0	0.0	[9.0..9.0]	[0.0..0.0]	[0.942..0.942]	[1034.504..1034.504]	[0.163..0.188]	[0.0..0.0]	[0.942..0.942]	[1034.5043..1034.5043]	[0.163..0.188]	[0.0..0.0]	0.8740563	[904.21497..904.21497]
Group-1	PG 37:4:0	267.23	240116_PG_FTMSMS-_1.mzXML	35.0	842.0	0.0	0.0	[9.0..9.0]	[0.0..0.0]	[0.949..0.949]	[799.058..799.058]	[0.131..0.176]	[0.0..0.0]	[0.949..0.949]	[799.058..799.058]	[0.131..0.176]	[0.0..0.0]	0.8740563	[698.42163..698.42163]
Group-1	PG 37:4:0	269.25	240116_PG_FTMSMS-_1.mzXML	25.0	14904.9	0.0	0.0	[0.0..0.0]	[0.0..1.0]	[1.001..1.004]	[14919.806..14964.52]	[0.164..0.168]	[0.0..0.0]	[1.001..1.001]	[14919.806..14919.806]	[0.164..0.169]	[0.0..0.0]	0.8740563	[13040.75..13079.832]
Group-1	PG 37:4:0	269.25	240116_PG_FTMSMS-_1.mzXML	30.0	21007.0	0.0	0.0	[0.0..0.0]	[0.0..1.0]	[0.987..0.993]	[20733.908..20859.951]	[0.162..0.178]	[0.0..0.0]	[0.987..0.987]	[20733.908..20733.908]	[0.161..0.178]	[0.0..0.0]	0.8740563	[18122.604..18232.771]
Group-1	PG 37:4:0	269.25	240116_PG_FTMSMS-_1.mzXML	35.0	21328.9	0.0	0.0	[0.0..0.0]	[0.0..0.0]	[0.989..0.989]	[21094.283..21094.283]	[0.177..0.209]	[0.0..0.0]	[0.989..0.989]	[21094.283..21094.283]	[0.177..0.209]	[0.0..0.0]	0.8740563	[18437.592..18437.592]
Group-1	PG 37:4:0	279.23	240116_PG_FTMSMS-_1.mzXML	25.0	3650.3	0.0	0.0	[9.0..9.0]	[0.0..0.0]	[0.917..0.917]	[3347.325..3347.325]	[0.862..0.862]	[1.0..1.0]	[0.917..0.917]	[3347.3252..3347.3252]	[0.862..0.862]	[1.0..1.0]	0.8740563	[2925.7505..2925.7505]
Group-1	PG 37:4:0	279.23	240116_PG_FTMSMS-_1.mzXML	30.0	5166.5	0.0	0.0	[9.0..9.0]	[1.0..1.0]	[0.957..0.957]	[4944.341..4944.341]	[0.93..0.93]	[1.0..1.0]	[0.957..0.957]	[4944.341..4944.341]	[0.93..0.93]	[1.0..1.0]	0.8740563	[4321.6323..4321.6323]
Group-1	PG 37:4:0	279.23	240116_PG_FTMSMS-_1.mzXML	35.0	5618.7	0.0	0.0	[9.0..9.0]	[0.0..1.0]	[0.992..1.01]	[5573.751..5674.887]	[0.907..0.907]	[1.0..1.0]	[1.01..1.01]	[5674.887..5674.887]	[0.909..0.909]	[1.0..1.0]	0.8740563	[4871.7715..4960.1704]
Group-1	PG 37:4:0	281.25	240116_PG_FTMSMS-_1.mzXML	25.0	10099.8	0.0	0.0	[9.0..9.0]	[0.0..0.0]	[0.925..0.925]	[9342.314..9342.314]	[0.933..0.934]	[1.0..1.0]	[0.925..0.925]	[9342.314..9342.314]	[0.933..0.935]	[1.0..1.0]	0.8740563	[8165.7085..8165.7085]
Group-1	PG 37:4:0	281.25	240116_PG_FTMSMS-_1.mzXML	30.0	17063.6	0.0	0.0	[9.0..9.0]	[0.0..0.0]	[0.911..0.911]	[15544.939..15544.939]	[0.946..0.951]	[1.0..1.0]	[0.911..0.911]	[15544.939..15544.939]	[0.946..0.951]	[1.0..1.0]	0.8740563	[13587.152..13587.152]
Group-1	PG 37:4:0	281.25	240116_PG_FTMSMS-_1.mzXML	35.0	18947.7	0.0	0.0	[9.0..9.0]	[0.0..0.0]	[0.912..0.912]	[17280.3..17280.3]	[0.956..0.964]	[1.0..1.0]	[0.912..0.912]	[17280.3..17280.3]	[0.956..0.964]	[1.0..1.0]	0.8740563	[15103.956..15103.956]
Group-1	PG 37:4:0	291.23	240116_PG_FTMSMS-_1.mzXML	25.0	678.4	0.0	0.0	[6.0..9.0]	[1.0..1.0]	[0.976..0.991]	[662.118..672.294]	[0.066..0.067]	[0.0..0.0]	[0.957..0.99]	[649.2288..671.616]	[0.065..0.067]	[0.0..0.0]	0.8740563	[578.72876..587.6231]
Group-1	PG 37:4:0	291.23	240116_PG_FTMSMS-_1.mzXML	30.0	771.6	0.0	0.0	[6.0..9.0]	[1.0..1.0]	[1.047..1.16]	[807.865..895.056]	[0.049..0.054]	[0.0..0.0]	[1.031..1.161]	[795.5196..895.8276]	[0.049..0.054]	[0.0..0.0]	0.8740563	[706.1197..782.3293]
Group-1	PG 37:4:0	291.23	240116_PG_FTMSMS-_1.mzXML	35.0	539.5	0.0	0.0	[6.0..9.0]	[1.0..1.0]	[1.207..1.469]	[651.177..792.526]	[0.036..0.044]	[0.0..0.0]	[1.195..1.47]	[644.7025..793.065]	[0.036..0.044]	[0.0..0.0]	0.8740563	[569.1649..692.7119]
Group-1	PG 37:4:0	293.25	240116_PG_FTMSMS-_1.mzXML	25.0	577.3	0.0	0.0	[9.0..9.0]	[1.0..1.0]	[0.926..0.926]	[534.58..534.58]	[0.138..0.138]	[0.0..0.0]	[0.926..0.926]	[534.5798..534.5798]	[0.138..0.138]	[0.0..0.0]	0.8740563	[467.25284..467.25284]
Group-1	PG 37:4:0	293.25	240116_PG_FTMSMS-_1.mzXML	30.0	411.9	0.0	0.0	[9.0..9.0]	[0.0..0.0]	[0.902..0.902]	[371.534..371.534]	[0.07..0.07]	[0.0..0.0]	[0.902..0.902]	[371.5338..371.5338]	[0.07..0.07]	[0.0..0.0]	0.8740563	[324.74146..324.74146]
Group-1	PG 37:4:0	293.25	240116_PG_FTMSMS-_1.mzXML	35.0	600.0	0.0	0.0	[9.0..9.0]	[0.0..1.0]	[0.95..0.97]	[570.0..582.0]	[0.093..0.093]	[0.0..0.0]	[0.95..0.95]	[570.0..570.0]	[0.091..0.091]	[0.0..0.0]	0.8740563	[498.21207..508.70078]
Group-1	PG 37:4:0	303.23	240116_PG_FTMSMS-_1.mzXML	25.0	67046.2	3591.4	0.053566046	[5.5..6.8]	[0.0..1.0]	[1.104..1.138]	[74019.01..76298.58]	[0.832..0.836]	[1.0..1.0]	[1.095..1.138]	[73415.59..76298.58]	[0.831..0.836]	[1.0..1.0]	0.8740563	[64696.777..66689.26]
Group-1	PG 37:4:0	303.23	240116_PG_FTMSMS-_1.mzXML	30.0	67636.1	5888.9	0.0870674	[5.1..5.9]	[0.0..1.0]	[1.418..1.598]	[95907.99..108082.49]	[0.822..0.838]	[1.0..1.0]	[1.415..1.598]	[95705.08..108082.49]	[0.822..0.839]	[1.0..1.0]	0.8740563	[83828.98..94470.18]
Group-1	PG 37:4:0	303.23	240116_PG_FTMSMS-_1.mzXML	35.0	38794.1	4624.6	0.11920885	[5.0..5.2]	[1.0..1.0]	[2.06..2.521]	[79915.84..97799.93]	[0.791..0.823]	[1.0..1.0]	[2.06..2.521]	[79915.84..97799.93]	[0.791..0.823]	[1.0..1.0]	0.8740563	[69850.945..85482.63]
Group-1	PG 37:4:0	305.25	240116_PG_FTMSMS-_1.mzXML	25.0	3049.7	0.0	0.0	[5.0..11.0]	[1.0..1.0]	[0.966..0.981]	[2946.01..2991.756]	[0.855..0.857]	[1.0..1.0]	[0.966..0.981]	[2946.0103..2991.7556]	[0.855..0.857]	[1.0..1.0]	0.8740563	[2574.9788..2614.963]
Group-1	PG 37:4:0	305.25	240116_PG_FTMSMS-_1.mzXML	30.0	4522.9	0.0	0.0	[5.0..11.0]	[1.0..1.0]	[0.987..1.177]	[4464.102..5323.454]	[0.812..0.837]	[1.0..1.0]	[0.987..1.177]	[4464.102..5323.4536]	[0.812..0.837]	[1.0..1.0]	0.8740563	[3901.8765..4652.998]
Group-1	PG 37:4:0	305.25	240116_PG_FTMSMS-_1.mzXML	35.0	3450.3	0.0	0.0	[5.0..11.0]	[1.0..1.0]	[1.087..1.54]	[3750.476..5313.462]	[0.824..0.869]	[1.0..1.0]	[1.087..1.54]	[3750.476..5313.462]	[0.824..0.869]	[1.0..1.0]	0.8740563	[3278.1272..4644.2646]
Group-1	PG 37:4:0	317.25	240116_PG_FTMSMS-_1.mzXML	25.0	8283.2	415.1	0.05011348	[5.3..6.6]	[0.0..1.0]	[1.067..1.083]	[8838.175..8970.705]	[0.456..0.46]	[0.12..0.41]	[1.04..1.041]	[8614.528..8622.812]	[0.45..0.45]	[0.116..0.408]	0.8740563	[7725.062..7840.901]
Group-1	PG 37:4:0	317.25	240116_PG_FTMSMS-_1.mzXML	30.0	8040.3	545.6	0.06785816	[5.6..6.3]	[0.0..1.0]	[1.357..1.47]	[10910.687..11819.241]	[0.393..0.413]	[0.12..0.41]	[1.339..1.438]	[10765.961..11561.951]	[0.39..0.407]	[0.116..0.408]	0.8740563	[9536.554..10330.682]
Group-1	PG 37:4:0	317.25	240116_PG_FTMSMS-_1.mzXML	35.0	4821.6	451.9	0.09372407	[5.3..5.8]	[1.0..1.0]	[1.956..2.261]	[9431.05..10901.638]	[0.334..0.367]	[0.12..0.41]	[1.955..2.258]	[9426.229..10887.173]	[0.334..0.367]	[0.116..0.408]	0.8740563	[8243.268..9528.645]
Group-1	PG 37:4:0	331.26	240116_PG_FTMSMS-_1.mzXML	25.0	29883.4	493.5	0.016514186	[8.0..9.0]	[1.0..1.0]	[0.989..0.993]	[29554.684..29674.215]	[1.0..1.0]	[1.0..1.0]	[0.989..0.993]	[29554.684..29674.215]	[1.0..1.0]	[1.0..1.0]	0.8740563	[25832.457..25936.934]
Group-1	PG 37:4:0	331.26	240116_PG_FTMSMS-_1.mzXML	30.0	39829.5	898.7	0.022563677	[8.2..9.1]	[1.0..1.0]	[1.116..1.18]	[44449.723..46998.81]	[0.989..0.989]	[1.0..1.0]	[1.116..1.18]	[44449.723..46998.81]	[0.989..0.989]	[1.0..1.0]	0.8740563	[38851.56..41079.6]
Group-1	PG 37:4:0	331.26	240116_PG_FTMSMS-_1.mzXML	35.0	27723.7	966.6	0.034865476	[7.6..8.5]	[1.0..1.0]	[1.429..1.595]	[39617.168..44219.3]	[1.0..1.0]	[1.0..1.0]	[1.429..1.595]	[39617.168..44219.3]	[1.0..1.0]	[1.0..1.0]	0.8740563	[34627.633..38650.16]
Group-1	PG 38:1:0	255.23	240116_PG_FTMSMS-_1.mzXML	25.0	320944.6	0.0	0.0	[0.0..0.0]	[0.0..0.0]	[1.0..1.0]	[320944.6..320944.6]	[1.0..1.0]	[1.0..1.0]	[1.0..1.0]	[320944.6..320944.6]	[1.0..1.0]	[1.0..1.0]	0.8552974	[274503.06..274503.06]
Group-1	PG 38:1:0	255.23	240116_PG_FTMSMS-_1.mzXML	30.0	644101.7	0.0	0.0	[0.0..0.0]	[1.0..1.0]	[1.0..1.0]	[644101.7..644101.7]	[1.0..1.0]	[1.0..1.0]	[1.0..1.0]	[644101.7..644101.7]	[1.0..1.0]	[1.0..1.0]	0.8552974	[550898.5..550898.5]
Group-1	PG 38:1:0	255.23	240116_PG_FTMSMS-_1.mzXML	35.0	724684.7	0.0	0.0	[0.0..0.0]	[0.0..1.0]	[1.0..1.0]	[724684.7..724684.7]	[0.99..0.99]	[1.0..1.0]	[1.0..1.0]	[724684.7..724684.7]	[0.99..0.99]	[1.0..1.0]	0.8552974	[619820.94..619820.94]
Group-1	PG 38:1:0	281.25	240116_PG_FTMSMS-_1.mzXML	25.0	158926.7	0.0	0.0	[9.0..9.0]	[0.0..1.0]	[0.925..0.958]	[147007.2..152251.78]	[0.948..0.95]	[1.0..1.0]	[0.958..0.958]	[152251.78..152251.78]	[0.95..0.95]	[1.0..1.0]	0.8552974	[125734.875..130220.555]
Group-1	PG 38:1:0	281.25	240116_PG_FTMSMS-_1.mzXML	30.0	247199.3	0.0	0.0	[9.0..9.0]	[0.0..1.0]	[0.911..0.937]	[225198.56..231625.73]	[0.95..0.951]	[1.0..1.0]	[0.937..0.937]	[231625.73..231625.73]	[0.951..0.951]	[1.0..1.0]	0.8552974	[192611.73..198108.88]
Group-1	PG 38:1:0	281.25	240116_PG_FTMSMS-_1.mzXML	35.0	268087.2	0.0	0.0	[9.0..9.0]	[0.0..1.0]	[0.912..0.936]	[244495.52..250929.61]	[0.957..0.957]	[1.0..1.0]	[0.936..0.936]	[250929.61..250929.61]	[0.958..0.958]	[1.0..1.0]	0.8552974	[209116.38..214619.44]
Group-1	PG 38:1:0	283.26	240116_PG_FTMSMS-_1.mzXML	25.0	21331.8	0.0	0.0	[0.0..0.0]	[0.0..0.0]	[1.009..1.009]	[21523.785..21523.785]	[0.336..0.336]	[0.04..0.15]	[1.009..1.009]	[21523.785..21523.785]	[0.336..0.336]	[0.035..0.146]	0.8552974	[18409.238..18409.238]
Group-1	PG 38:1:0	283.26	240116_PG_FTMSMS-_1.mzXML	30.0	26368.8	0.0	0.0	[0.0..0.0]	[1.0..1.0]	[0.976..0.976]	[25735.95..25735.95]	[0.299..0.299]	[0.04..0.15]	[0.976..0.976]	[25735.95..25735.95]	[0.299..0.299]	[0.035..0.146]	0.8552974	[22011.89..22011.89]
Group-1	PG 38:1:0	283.26	240116_PG_FTMSMS-_1.mzXML	35.0	32939.9	0.0	0.0	[0.0..0.0]	[0.0..1.0]	[0.963..0.976]	[31721.123..32149.342]	[0.344..0.347]	[0.04..0.15]	[0.964..0.965]	[31754.062..31787.002]	[0.341..0.342]	[0.035..0.146]	0.8552974	[27130.992..27497.246]
Group-1	PG 38:1:0	309.28	240116_PG_FTMSMS-_1.mzXML	25.0	44901.7	0.0	0.0	[11.0..11.0]	[1.0..1.0]	[0.946..0.946]	[42477.008..42477.008]	[0.664..0.664]	[0.85..0.96]	[0.946..0.946]	[42477.008..42477.008]	[0.664..0.664]	[0.854..0.965]	0.8552974	[36330.473..36330.473]
Group-1	PG 38:1:0	309.28	240116_PG_FTMSMS-_1.mzXML	30.0	68823.2	0.0	0.0	[11.0..11.0]	[0.0..0.0]	[0.876..0.876]	[60289.125..60289.125]	[0.701..0.701]	[0.85..0.96]	[0.876..0.876]	[60289.125..60289.125]	[0.701..0.701]	[0.854..0.965]	0.8552974	[51565.13..51565.13]
Group-1	PG 38:1:0	309.28	240116_PG_FTMSMS-_1.mzXML	35.0	69850.2	0.0	0.0	[11.0..11.0]	[0.0..1.0]	[0.856..0.879]	[59791.773..61398.33]	[0.653..0.656]	[0.85..0.96]	[0.876..0.878]	[61188.777..61328.48]	[0.658..0.659]	[0.854..0.965]	0.8552974	[51139.746..52513.83]
Group-1	PG 38:1:0	311.29	240116_PG_FTMSMS-_1.mzXML	25.0	7928.5	0.0	0.0	[0.0..0.0]	[0.0..1.0]	[1.009..1.016]	[7999.856..8055.357]	[0.05..0.052]	[0.0..0.0]	[1.009..1.009]	[7999.856..7999.856]	[0.05..0.05]	[0.0..0.0]	0.8552974	[6842.256..6889.725]
Group-1	PG 38:1:0	311.29	240116_PG_FTMSMS-_1.mzXML	30.0	12485.4	0.0	0.0	[0.0..0.0]	[0.0..1.0]	[0.957..0.965]	[11948.528..12048.411]	[0.049..0.05]	[0.0..0.0]	[0.957..0.957]	[11948.528..11948.528]	[0.049..0.049]	[0.0..0.0]	0.8552974	[10219.545..10304.975]
Group-1	PG 38:1:0	311.29	240116_PG_FTMSMS-_1.mzXML	35.0	11845.2	0.0	0.0	[0.0..0.0]	[0.0..1.0]	[0.932..0.946]	[11039.727..11205.56]	[0.043..0.043]	[0.0..0.0]	[0.932..0.932]	[11039.727..11039.727]	[0.042..0.042]	[0.0..0.0]	0.8552974	[9442.249..9584.086]
Group-1	PG 38:1:0	337.31	240116_PG_FTMSMS-_1.mzXML	25.0	0.0	0.0	0.0	[13.0..13.0]	[1.0..1.0]	[0.934..0.934]	[0.0..0.0]	[0.0..0.0]	[0.0..0.0]	[0.934..0.934]	[0.0..0.0]	[0.0..0.0]	[0.0..0.0]	0.8552974	[0.0..0.0]
Group-1	PG 38:1:0	337.31	240116_PG_FTMSMS-_1.mzXML	30.0	0.0	0.0	0.0	[13.0..13.0]	[0.0..0.0]	[0.851..0.851]	[0.0..0.0]	[0.0..0.0]	[0.0..0.0]	[0.851..0.851]	[0.0..0.0]	[0.0..0.0]	[0.0..0.0]	0.8552974	[0.0..0.0]
Group-1	PG 38:1:0	337.31	240116_PG_FTMSMS-_1.mzXML	35.0	8561.2	0.0	0.0	[13.0..13.0]	[0.0..1.0]	[0.816..0.831]	[6985.94..7114.357]	[0.01..0.01]	[0.0..0.0]	[0.816..0.816]	[6985.9395..6985.9395]	[0.01..0.01]	[0.0..0.0]	0.8552974	[5975.0557..6084.891]
Group-1	PG 38:2:0	255.23	240116_PG_FTMSMS-_1.mzXML	25.0	54630.8	0.0	0.0	[0.0..0.0]	[0.0..0.0]	[1.0..1.0]	[54630.8..54630.8]	[0.937..0.937]	[1.0..1.0]	[1.0..1.0]	[54630.8..54630.8]	[0.937..0.937]	[1.0..1.0]	0.8571377	[46826.117..46826.117]
Group-1	PG 38:2:0	255.23	240116_PG_FTMSMS-_1.mzXML	30.0	75002.4	0.0	0.0	[0.0..0.0]	[1.0..1.0]	[1.0..1.0]	[75002.4..75002.4]	[0.951..0.951]	[1.0..1.0]	[1.0..1.0]	[75002.4..75002.4]	[0.951..0.951]	[1.0..1.0]	0.8571377	[64287.383..64287.383]
Group-1	PG 38:2:0	255.23	240116_PG_FTMSMS-_1.mzXML	35.0	80837.5	0.0	0.0	[0.0..0.0]	[0.0..1.0]	[1.0..1.0]	[80837.51..80837.51]	[0.944..0.945]	[1.0..1.0]	[1.0..1.0]	[80837.5..80837.5]	[0.945..0.945]	[1.0..1.0]	0.8571377	[69288.87..69288.87]
Group-1	PG 38:2:0	279.23	240116_PG_FTMSMS-_1.mzXML	25.0	77248.4	0.0	0.0	[9.0..9.0]	[0.0..1.0]	[0.917..0.946]	[70836.78..73076.984]	[0.873..0.875]	[1.0..1.0]	[0.946..0.946]	[73076.984..73076.984]	[0.876..0.876]	[1.0..1.0]	0.8571377	[60716.875..62637.04]
Group-1	PG 38:2:0	279.23	240116_PG_FTMSMS-_1.mzXML	30.0	125722.4	0.0	0.0	[9.0..9.0]	[0.0..1.0]	[0.935..0.957]	[117550.445..120316.336]	[0.892..0.894]	[1.0..1.0]	[0.957..0.957]	[120316.336..120316.336]	[0.895..0.895]	[1.0..1.0]	0.8571377	[100756.914..103127.664]
Group-1	PG 38:2:0	279.23	240116_PG_FTMSMS-_1.mzXML	35.0	120389.2	0.0	0.0	[9.0..9.0]	[0.0..1.0]	[0.992..1.01]	[119426.086..121593.09]	[0.885..0.885]	[1.0..1.0]	[1.01..1.01]	[121593.09..121593.09]	[0.887..0.887]	[1.0..1.0]	0.8571377	[102364.6..104222.02]
Group-1	PG 38:2:0	281.25	240116_PG_FTMSMS-_1.mzXML	25.0	126155.8	0.0	0.0	[9.0..9.0]	[0.0..0.0]	[0.925..0.925]	[116694.12..116694.12]	[0.769..0.769]	[1.0..1.0]	[0.925..0.925]	[116694.12..116694.12]	[0.769..0.769]	[1.0..1.0]	0.8571377	[100022.92..100022.92]
Group-1	PG 38:2:0	281.25	240116_PG_FTMSMS-_1.mzXML	30.0	206025.1	0.0	0.0	[9.0..9.0]	[1.0..1.0]	[0.937..0.937]	[193045.52..193045.52]	[0.792..0.792]	[1.0..1.0]	[0.937..0.937]	[193045.52..193045.52]	[0.792..0.792]	[1.0..1.0]	0.8571377	[165466.58..165466.58]
Group-1	PG 38:2:0	281.25	240116_PG_FTMSMS-_1.mzXML	35.0	213018.3	0.0	0.0	[9.0..9.0]	[0.0..1.0]	[0.912..0.936]	[194272.69..199385.12]	[0.793..0.793]	[1.0..1.0]	[0.936..0.936]	[199385.12..199385.12]	[0.797..0.797]	[1.0..1.0]	0.8571377	[166518.45..170900.52]
Group-1	PG 38:2:0	283.26	240116_PG_FTMSMS-_1.mzXML	25.0	38260.4	0.0	0.0	[0.0..0.0]	[0.0..0.0]	[1.009..1.009]	[38604.74..38604.74]	[0.301..0.301]	[0.03..0.08]	[1.009..1.009]	[38604.74..38604.74]	[0.301..0.301]	[0.028..0.077]	0.8571377	[33089.58..33089.58]
Group-1	PG 38:2:0	283.26	240116_PG_FTMSMS-_1.mzXML	30.0	55444.8	0.0	0.0	[0.0..0.0]	[0.0..0.0]	[0.985..0.985]	[54613.13..54613.13]	[0.296..0.296]	[0.03..0.08]	[0.985..0.985]	[54613.13..54613.13]	[0.296..0.296]	[0.028..0.077]	0.8571377	[46810.973..46810.973]
Group-1	PG 38:2:0	283.26	240116_PG_FTMSMS-_1.mzXML	35.0	61098.1	0.0	0.0	[0.0..0.0]	[0.0..0.0]	[0.976..0.976]	[59631.746..59631.746]	[0.317..0.317]	[0.03..0.08]	[0.976..0.976]	[59631.746..59631.746]	[0.317..0.317]	[0.028..0.077]	0.8571377	[51112.617..51112.617]
Group-1	PG 38:2:0	307.26	240116_PG_FTMSMS-_1.mzXML	25.0	96755.8	0.0	0.0	[11.0..11.0]	[1.0..1.0]	[0.928..0.928]	[89789.375..89789.375]	[0.699..0.699]	[0.92..0.97]	[0.928..0.928]	[89789.375..89789.375]	[0.699..0.699]	[0.923..0.972]	0.8571377	[76961.86..76961.86]
Group-1	PG 38:2:0	307.26	240116_PG_FTMSMS-_1.mzXML	30.0	144529.5	0.0	0.0	[11.0..11.0]	[1.0..1.0]	[0.899..0.899]	[129932.016..129932.016]	[0.704..0.704]	[0.92..0.97]	[0.899..0.899]	[129932.016..129932.016]	[0.704..0.704]	[0.923..0.972]	0.8571377	[111369.625..111369.625]
Group-1	PG 38:2:0	307.26	240116_PG_FTMSMS-_1.mzXML	35.0	140177.2	0.0	0.0	[11.0..11.0]	[1.0..1.0]	[0.916..0.916]	[128402.32..128402.32]	[0.683..0.683]	[0.92..0.97]	[0.916..0.916]	[128402.32..128402.32]	[0.683..0.683]	[0.923..0.972]	0.8571377	[110058.47..110058.47]
Group-1	PG 38:2:0	309.28	240116_PG_FTMSMS-_1.mzXML	25.0	37150.7	0.0	0.0	[11.0..11.0]	[1.0..1.0]	[0.946..0.946]	[35144.562..35144.562]	[0.231..0.231]	[0.0..0.0]	[0.946..0.946]	[35144.562..35144.562]	[0.231..0.231]	[0.0..0.0]	0.8571377	[30123.727..30123.727]
Group-1	PG 38:2:0	309.28	240116_PG_FTMSMS-_1.mzXML	30.0	57756.8	0.0	0.0	[11.0..11.0]	[0.0..0.0]	[0.876..0.876]	[50594.957..50594.957]	[0.208..0.208]	[0.0..0.0]	[0.876..0.876]	[50594.957..50594.957]	[0.208..0.208]	[0.0..0.0]	0.8571377	[43366.844..43366.844]
Group-1	PG 38:2:0	309.28	240116_PG_FTMSMS-_1.mzXML	35.0	59158.1	0.0	0.0	[11.0..11.0]	[0.0..1.0]	[0.856..0.879]	[50639.336..51999.973]	[0.207..0.207]	[0.0..0.0]	[0.856..0.856]	[50639.336..50639.336]	[0.203..0.203]	[0.0..0.0]	0.8571377	[43404.883..44571.133]
Group-1	PG 38:2:0	311.29	240116_PG_FTMSMS-_1.mzXML	25.0	10243.3	0.0	0.0	[0.0..0.0]	[0.0..1.0]	[1.009..1.016]	[10335.489..10407.193]	[0.125..0.127]	[0.0..0.0]	[1.009..1.009]	[10335.489..10335.489]	[0.124..0.124]	[0.0..0.0]	0.8571377	[8858.937..8920.396]
Group-1	PG 38:2:0	311.29	240116_PG_FTMSMS-_1.mzXML	30.0	14815.1	0.0	0.0	[0.0..0.0]	[0.0..1.0]	[0.957..0.965]	[14178.051..14296.57]	[0.106..0.108]	[0.0..0.0]	[0.957..0.957]	[14178.051..14178.051]	[0.105..0.105]	[0.0..0.0]	0.8571377	[12152.541..12254.13]
Group-1	PG 38:2:0	311.29	240116_PG_FTMSMS-_1.mzXML	35.0	16672.7	0.0	0.0	[0.0..0.0]	[0.0..1.0]	[0.932..0.946]	[15538.955..15772.373]	[0.115..0.115]	[0.0..0.0]	[0.932..0.932]	[15538.955..15538.955]	[0.113..0.113]	[0.0..0.0]	0.8571377	[13319.024..13519.096]
Group-1	PG 38:2:0	335.29	240116_PG_FTMSMS-_1.mzXML	25.0	3934.8	0.0	0.0	[13.0..13.0]	[1.0..1.0]	[0.926..0.926]	[3643.625..3643.625]	[0.063..0.063]	[0.0..0.0]	[0.926..0.926]	[3643.6248..3643.6248]	[0.063..0.063]	[0.0..0.0]	0.8571377	[3123.0881..3123.0881]
Group-1	PG 38:2:0	335.29	240116_PG_FTMSMS-_1.mzXML	30.0	4543.0	0.0	0.0	[13.0..13.0]	[0.0..0.0]	[0.849..0.849]	[3857.007..3857.007]	[0.049..0.049]	[0.0..0.0]	[0.849..0.849]	[3857.0068..3857.0068]	[0.049..0.049]	[0.0..0.0]	0.8571377	[3305.986..3305.986]
Group-1	PG 38:2:0	335.29	240116_PG_FTMSMS-_1.mzXML	35.0	5551.4	0.0	0.0	[13.0..13.0]	[0.0..1.0]	[0.843..0.861]	[4679.83..4779.756]	[0.055..0.056]	[0.0..0.0]	[0.843..0.843]	[4679.83..4679.83]	[0.055..0.055]	[0.0..0.0]	0.8571377	[4011.2585..4096.908]
Group-1	PG 38:3:0	255.23	240116_PG_FTMSMS-_1.mzXML	25.0	10536.3	0.0	0.0	[0.0..0.0]	[0.0..0.0]	[1.0..1.0]	[10536.3..10536.3]	[0.306..0.306]	[0.05..0.45]	[1.0..1.0]	[10536.3..10536.3]	[0.306..0.306]	[0.053..0.451]	0.8589958	[9050.638..9050.638]
Group-1	PG 38:3:0	255.23	240116_PG_FTMSMS-_1.mzXML	30.0	18620.6	0.0	0.0	[0.0..0.0]	[0.0..0.0]	[1.0..1.0]	[18620.6..18620.6]	[0.371..0.371]	[0.05..0.45]	[1.0..1.0]	[18620.6..18620.6]	[0.371..0.371]	[0.053..0.451]	0.8589958	[15995.017..15995.017]
Group-1	PG 38:3:0	255.23	240116_PG_FTMSMS-_1.mzXML	35.0	25942.7	0.0	0.0	[0.0..0.0]	[0.0..0.0]	[1.0..1.0]	[25942.7..25942.7]	[0.479..0.479]	[0.05..0.45]	[1.0..1.0]	[25942.7..25942.7]	[0.479..0.479]	[0.053..0.451]	0.8589958	[22284.67..22284.67]
Group-1	PG 38:3:0	279.23	240116_PG_FTMSMS-_1.mzXML	25.0	106541.1	0.0	0.0	[9.0..9.0]	[0.0..0.0]	[0.917..0.917]	[97698.19..97698.19]	[0.816..0.816]	[1.0..1.0]	[0.917..0.917]	[97698.19..97698.19]	[0.816..0.816]	[1.0..1.0]	0.8589958	[83922.336..83922.336]
Group-1	PG 38:3:0	279.23	240116_PG_FTMSMS-_1.mzXML	30.0	172931.8	0.0	0.0	[9.0..9.0]	[1.0..1.0]	[0.957..0.957]	[165495.73..165495.73]	[0.849..0.849]	[1.0..1.0]	[0.957..0.957]	[165495.73..165495.73]	[0.849..0.849]	[1.0..1.0]	0.8589958	[142160.14..142160.14]
Group-1	PG 38:3:0	279.23	240116_PG_FTMSMS-_1.mzXML	35.0	160640.0	0.0	0.0	[9.0..9.0]	[0.0..1.0]	[0.992..1.01]	[159354.88..162246.4]	[0.832..0.833]	[1.0..1.0]	[1.01..1.01]	[162246.4..162246.4]	[0.836..0.836]	[1.0..1.0]	0.8589958	[136885.16..139368.97]
Group-1	PG 38:3:0	281.25	240116_PG_FTMSMS-_1.mzXML	25.0	106840.3	0.0	0.0	[9.0..9.0]	[0.0..0.0]	[0.925..0.925]	[98827.27..98827.27]	[0.72..0.72]	[0.91..1.0]	[0.925..0.925]	[98827.27..98827.27]	[0.72..0.72]	[0.907..1.0]	0.8589958	[84892.22..84892.22]
Group-1	PG 38:3:0	281.25	240116_PG_FTMSMS-_1.mzXML	30.0	145914.0	0.0	0.0	[9.0..9.0]	[1.0..1.0]	[0.937..0.937]	[136721.42..136721.42]	[0.682..0.682]	[0.91..1.0]	[0.937..0.937]	[136721.42..136721.42]	[0.682..0.682]	[0.907..1.0]	0.8589958	[117443.125..117443.125]
Group-1	PG 38:3:0	281.25	240116_PG_FTMSMS-_1.mzXML	35.0	150180.1	0.0	0.0	[9.0..9.0]	[0.0..1.0]	[0.912..0.936]	[136964.25..140568.56]	[0.676..0.677]	[0.91..1.0]	[0.934..0.936]	[140268.2..140568.56]	[0.682..0.682]	[0.907..1.0]	0.8589958	[117651.71..120747.805]
Group-1	PG 38:3:0	283.26	240116_PG_FTMSMS-_1.mzXML	25.0	233138.7	0.0	0.0	[0.0..0.0]	[0.0..0.0]	[1.009..1.009]	[235236.94..235236.94]	[0.248..0.251]	[0.0..0.03]	[1.009..1.009]	[235236.94..235236.94]	[0.248..0.252]	[0.0..0.028]	0.8589958	[202067.55..202067.55]
Group-1	PG 38:3:0	283.26	240116_PG_FTMSMS-_1.mzXML	30.0	337447.6	0.0	0.0	[0.0..0.0]	[0.0..0.0]	[0.985..0.985]	[332385.88..332385.88]	[0.248..0.282]	[0.0..0.03]	[0.985..0.985]	[332385.88..332385.88]	[0.248..0.283]	[0.0..0.028]	0.8589958	[285518.06..285518.06]
Group-1	PG 38:3:0	283.26	240116_PG_FTMSMS-_1.mzXML	35.0	347680.9	0.0	0.0	[0.0..0.0]	[0.0..0.0]	[0.976..0.976]	[339336.56..339336.56]	[0.229..0.296]	[0.0..0.03]	[0.976..0.976]	[339336.56..339336.56]	[0.229..0.296]	[0.0..0.028]	0.8589958	[291488.7..291488.7]
Group-1	PG 38:3:0	305.25	240116_PG_FTMSMS-_1.mzXML	25.0	726997.4	0.0	0.0	[5.0..11.0]	[1.0..1.0]	[0.966..0.981]	[702279.5..713184.44]	[0.749..0.752]	[0.97..1.0]	[0.961..0.981]	[698644.5..713184.44]	[0.748..0.752]	[0.972..1.0]	0.8589958	[603255.1..612622.44]
Group-1	PG 38:3:0	305.25	240116_PG_FTMSMS-_1.mzXML	30.0	856740.1	0.0	0.0	[5.0..11.0]	[1.0..1.0]	[0.987..1.177]	[845602.5..1008383.2]	[0.718..0.752]	[0.97..1.0]	[0.984..1.177]	[843032.3..1008383.2]	[0.717..0.752]	[0.972..1.0]	0.8589958	[726369.0..866196.94]
Group-1	PG 38:3:0	305.25	240116_PG_FTMSMS-_1.mzXML	35.0	743104.0	0.0	0.0	[5.0..11.0]	[1.0..1.0]	[1.087..1.54]	[807754.06..1144380.1]	[0.704..0.771]	[0.97..1.0]	[1.086..1.54]	[807010.94..1144380.1]	[0.704..0.771]	[0.972..1.0]	0.8589958	[693857.3..983017.7]
Group-1	PG 38:3:0	307.26	240116_PG_FTMSMS-_1.mzXML	25.0	41511.6	0.0	0.0	[11.0..11.0]	[1.0..1.0]	[0.928..0.928]	[38522.766..38522.766]	[0.28..0.28]	[0.0..0.09]	[0.928..0.928]	[38522.766..38522.766]	[0.28..0.28]	[0.0..0.093]	0.8589958	[33090.895..33090.895]
Group-1	PG 38:3:0	307.26	240116_PG_FTMSMS-_1.mzXML	30.0	72722.7	0.0	0.0	[11.0..11.0]	[0.0..0.0]	[0.877..0.877]	[63777.81..63777.81]	[0.318..0.318]	[0.0..0.09]	[0.877..0.877]	[63777.81..63777.81]	[0.318..0.318]	[0.0..0.093]	0.8589958	[54784.87..54784.87]
Group-1	PG 38:3:0	307.26	240116_PG_FTMSMS-_1.mzXML	35.0	73221.3	0.0	0.0	[11.0..11.0]	[0.0..1.0]	[0.895..0.916]	[65533.06..67070.71]	[0.323..0.324]	[0.0..0.09]	[0.895..0.897]	[65533.06..65679.51]	[0.318..0.318]	[0.0..0.093]	0.8589958	[56292.62..57613.457]
Group-1	PG 38:3:0	309.28	240116_PG_FTMSMS-_1.mzXML	25.0	23277.9	0.0	0.0	[11.0..11.0]	[1.0..1.0]	[0.946..0.946]	[22020.893..22020.893]	[0.184..0.184]	[0.0..0.0]	[0.946..0.946]	[22020.893..22020.893]	[0.184..0.184]	[0.0..0.0]	0.8589958	[18915.855..18915.855]
Group-1	PG 38:3:0	309.28	240116_PG_FTMSMS-_1.mzXML	30.0	33582.9	0.0	0.0	[11.0..11.0]	[0.0..0.0]	[0.876..0.876]	[29418.62..29418.62]	[0.151..0.151]	[0.0..0.0]	[0.876..0.876]	[29418.62..29418.62]	[0.151..0.151]	[0.0..0.0]	0.8589958	[25270.469..25270.469]
Group-1	PG 38:3:0	309.28	240116_PG_FTMSMS-_1.mzXML	35.0	37254.6	0.0	0.0	[11.0..11.0]	[0.0..1.0]	[0.856..0.879]	[31889.94..32746.795]	[0.167..0.168]	[0.0..0.0]	[0.856..0.856]	[31889.94..31889.94]	[0.164..0.164]	[0.0..0.0]	0.8589958	[27393.324..28129.36]
Group-1	PG 38:3:0	333.28	240116_PG_FTMSMS-_1.mzXML	25.0	24816.8	0.0	0.0	[13.0..13.0]	[1.0..1.0]	[0.961..0.961]	[23848.945..23848.945]	[0.694..0.694]	[0.55..0.95]	[0.961..0.961]	[23848.945..23848.945]	[0.694..0.694]	[0.549..0.947]	0.8589958	[20486.145..20486.145]
Group-1	PG 38:3:0	333.28	240116_PG_FTMSMS-_1.mzXML	30.0	33640.2	0.0	0.0	[13.0..13.0]	[1.0..1.0]	[0.94..0.94]	[31621.787..31621.787]	[0.629..0.629]	[0.55..0.95]	[0.94..0.94]	[31621.787..31621.787]	[0.629..0.629]	[0.549..0.947]	0.8589958	[27162.982..27162.982]
Group-1	PG 38:3:0	333.28	240116_PG_FTMSMS-_1.mzXML	35.0	28248.7	0.0	0.0	[13.0..13.0]	[1.0..1.0]	[0.997..0.997]	[28163.953..28163.953]	[0.521..0.521]	[0.55..0.95]	[0.997..0.997]	[28163.953..28163.953]	[0.521..0.521]	[0.549..0.947]	0.8589958	[24192.717..24192.717]
Group-1	PG 38:4:0	255.23	240116_PG_FTMSMS-_1.mzXML	25.0	114742.1	0.0	0.0	[0.0..0.0]	[0.0..1.0]	[1.0..1.0]	[114742.1..114742.1]	[0.272..0.277]	[0.0..0.12]	[1.0..1.0]	[114742.1..114742.1]	[0.272..0.278]	[0.0..0.123]	0.8608626	[98777.19..98777.19]
Group-1	PG 38:4:0	255.23	240116_PG_FTMSMS-_1.mzXML	30.0	131149.6	0.0	0.0	[0.0..0.0]	[1.0..1.0]	[1.0..1.0]	[131149.6..131149.6]	[0.275..0.3]	[0.0..0.12]	[1.0..1.0]	[131149.6..131149.6]	[0.275..0.301]	[0.0..0.123]	0.8608626	[112901.78..112901.78]
Group-1	PG 38:4:0	255.23	240116_PG_FTMSMS-_1.mzXML	35.0	136179.6	0.0	0.0	[0.0..0.0]	[0.0..0.0]	[1.0..1.0]	[136179.6..136179.6]	[0.29..0.337]	[0.0..0.12]	[1.0..1.0]	[136179.6..136179.6]	[0.29..0.337]	[0.0..0.123]	0.8608626	[117231.92..117231.92]
Group-1	PG 38:4:0	281.25	240116_PG_FTMSMS-_1.mzXML	25.0	48613.6	0.0	0.0	[9.0..9.0]	[0.0..0.0]	[0.925..0.925]	[44967.586..44967.586]	[0.296..0.299]	[0.0..0.17]	[0.925..0.925]	[44967.582..44967.582]	[0.296..0.305]	[0.0..0.174]	0.8608626	[38710.91..38710.91]
Group-1	PG 38:4:0	281.25	240116_PG_FTMSMS-_1.mzXML	30.0	75049.5	0.0	0.0	[9.0..9.0]	[0.0..0.0]	[0.911..0.911]	[68370.09..68370.09]	[0.32..0.359]	[0.0..0.17]	[0.911..0.911]	[68370.09..68370.09]	[0.32..0.363]	[0.0..0.174]	0.8608626	[58857.258..58857.258]
Group-1	PG 38:4:0	281.25	240116_PG_FTMSMS-_1.mzXML	35.0	47579.8	0.0	0.0	[9.0..9.0]	[0.0..0.0]	[0.912..0.912]	[43392.777..43392.777]	[0.206..0.269]	[0.0..0.17]	[0.912..0.912]	[43392.777..43392.777]	[0.206..0.269]	[0.0..0.174]	0.8608626	[37355.223..37355.223]
Group-1	PG 38:4:0	283.26	240116_PG_FTMSMS-_1.mzXML	25.0	1934924.8	0.0	0.0	[0.0..0.0]	[0.0..1.0]	[1.002..1.009]	[1938794.5..1952339.0]	[0.235..0.238]	[0.0..0.07]	[1.002..1.002]	[1938794.5..1938794.5]	[0.234..0.242]	[0.0..0.068]	0.8608626	[1669035.8..1680695.6]
Group-1	PG 38:4:0	283.26	240116_PG_FTMSMS-_1.mzXML	30.0	2669972.5	0.0	0.0	[0.0..0.0]	[0.9..1.0]	[0.976..0.977]	[2605893.5..2608563.2]	[0.245..0.264]	[0.0..0.07]	[0.976..0.976]	[2605893.2..2605893.2]	[0.244..0.265]	[0.0..0.068]	0.8608626	[2243316.0..2245614.5]
Group-1	PG 38:4:0	283.26	240116_PG_FTMSMS-_1.mzXML	35.0	2862001.0	0.0	0.0	[0.0..0.0]	[0.0..0.0]	[0.976..0.976]	[2793313.0..2793313.0]	[0.276..0.313]	[0.0..0.07]	[0.976..0.976]	[2793313.0..2793313.0]	[0.276..0.313]	[0.0..0.068]	0.8608626	[2404658.8..2404658.8]
Group-1	PG 38:4:0	303.23	240116_PG_FTMSMS-_1.mzXML	25.0	5577442.0	319316.5	0.057251424	[5.3..6.6]	[0.0..1.0]	[1.111..1.138]	[6196537.5..6347129.0]	[0.762..0.765]	[0.93..1.0]	[1.086..1.138]	[6057102.0..6347129.0]	[0.758..0.766]	[0.932..1.0]	0.8608626	[5334368.0..5464006.5]
Group-1	PG 38:4:0	303.23	240116_PG_FTMSMS-_1.mzXML	30.0	5061088.0	488991.4	0.09661784	[5.0..5.5]	[0.0..0.1]	[1.439..1.591]	[7282905.5..8052191.0]	[0.736..0.755]	[0.93..1.0]	[1.425..1.598]	[7212050.0..8087619.0]	[0.735..0.756]	[0.932..1.0]	0.8608626	[6269581.5..6931830.0]
Group-1	PG 38:4:0	303.23	240116_PG_FTMSMS-_1.mzXML	35.0	2904092.8	405834.1	0.13974556	[5.0..5.0]	[1.0..1.0]	[2.111..2.521]	[6130540.0..7321217.5]	[0.687..0.724]	[0.93..1.0]	[2.11..2.521]	[6127635.5..7321217.5]	[0.687..0.724]	[0.932..1.0]	0.8608626	[5277552.5..6302562.0]
Group-1	PG 38:4:0	305.25	240116_PG_FTMSMS-_1.mzXML	25.0	109063.8	0.0	0.0	[5.0..11.0]	[1.0..1.0]	[0.966..0.981]	[105355.63..106991.586]	[0.701..0.704]	[0.83..1.0]	[0.938..0.981]	[102301.84..106991.586]	[0.695..0.704]	[0.826..1.0]	0.8608626	[90696.73..92105.055]
Group-1	PG 38:4:0	305.25	240116_PG_FTMSMS-_1.mzXML	30.0	123673.9	0.0	0.0	[5.0..11.0]	[1.0..1.0]	[0.987..1.177]	[122066.13..145564.19]	[0.641..0.68]	[0.83..1.0]	[0.971..1.177]	[120087.36..145564.19]	[0.637..0.68]	[0.826..1.0]	0.8608626	[105082.17..125310.766]
Group-1	PG 38:4:0	305.25	240116_PG_FTMSMS-_1.mzXML	35.0	108696.6	0.0	0.0	[5.0..11.0]	[1.0..1.0]	[1.087..1.54]	[118153.21..167392.77]	[0.731..0.794]	[0.83..1.0]	[1.086..1.54]	[118044.51..167392.77]	[0.731..0.794]	[0.826..1.0]	0.8608626	[101713.68..144102.17]
Group-1	PG 38:4:0	331.26	240116_PG_FTMSMS-_1.mzXML	25.0	308781.5	0.0	0.0	[7.0..10.0]	[0.0..1.0]	[0.968..0.995]	[298900.5..307237.6]	[0.723..0.728]	[0.88..1.0]	[0.964..0.995]	[297665.38..307237.6]	[0.722..0.728]	[0.877..1.0]	0.8608626	[257312.25..264489.34]
Group-1	PG 38:4:0	331.26	240116_PG_FTMSMS-_1.mzXML	30.0	286029.1	0.0	0.0	[7.0..10.0]	[0.0..0.0]	[1.068..1.211]	[305479.06..346381.22]	[0.7..0.725]	[0.88..1.0]	[1.065..1.206]	[304621.0..344951.1]	[0.699..0.725]	[0.877..1.0]	0.8608626	[262975.5..298186.66]
Group-1	PG 38:4:0	331.26	240116_PG_FTMSMS-_1.mzXML	35.0	201175.5	0.0	0.0	[7.0..10.0]	[1.0..1.0]	[1.33..1.661]	[267563.44..334152.5]	[0.663..0.71]	[0.88..1.0]	[1.329..1.661]	[267362.25..334152.5]	[0.663..0.71]	[0.877..1.0]	0.8608626	[230335.34..287659.4]
Group-1	PG 38:5:0	255.23	240116_PG_FTMSMS-_1.mzXML	25.0	842956.3	0.0	0.0	[0.0..0.0]	[0.0..1.0]	[1.0..1.0]	[842956.3..842956.3]	[0.23..0.234]	[0.0..0.05]	[1.0..1.0]	[842956.3..842956.3]	[0.23..0.239]	[0.0..0.049]	0.8627383	[727250.7..727250.7]
Group-1	PG 38:5:0	255.23	240116_PG_FTMSMS-_1.mzXML	30.0	1102460.8	0.0	0.0	[0.0..0.0]	[0.0..1.0]	[1.0..1.0]	[1102460.8..1102460.8]	[0.24..0.257]	[0.0..0.05]	[1.0..1.0]	[1102460.8..1102460.8]	[0.24..0.258]	[0.0..0.049]	0.8627383	[951135.1..951135.1]
Group-1	PG 38:5:0	255.23	240116_PG_FTMSMS-_1.mzXML	35.0	1134062.5	0.0	0.0	[0.0..0.0]	[0.0..0.0]	[1.0..1.0]	[1134062.5..1134062.5]	[0.276..0.305]	[0.0..0.05]	[1.0..1.0]	[1134062.5..1134062.5]	[0.276..0.305]	[0.0..0.049]	0.8627383	[978399.2..978399.2]
Group-1	PG 38:5:0	281.25	240116_PG_FTMSMS-_1.mzXML	25.0	181961.6	0.0	0.0	[9.0..9.0]	[0.0..1.0]	[0.925..0.958]	[168314.47..174319.2]	[0.268..0.268]	[0.0..0.15]	[0.925..0.93]	[168314.47..169224.28]	[0.262..0.274]	[0.0..0.149]	0.8627383	[145211.34..150391.86]
Group-1	PG 38:5:0	281.25	240116_PG_FTMSMS-_1.mzXML	30.0	237510.7	0.0	0.0	[9.0..9.0]	[0.0..1.0]	[0.911..0.937]	[216372.25..222547.52]	[0.255..0.274]	[0.0..0.15]	[0.911..0.915]	[216372.25..217322.3]	[0.251..0.278]	[0.0..0.149]	0.8627383	[186672.62..192000.27]
Group-1	PG 38:5:0	281.25	240116_PG_FTMSMS-_1.mzXML	35.0	261618.9	0.0	0.0	[9.0..9.0]	[0.0..0.0]	[0.912..0.912]	[238596.44..238596.44]	[0.301..0.348]	[0.0..0.15]	[0.912..0.912]	[238596.44..238596.44]	[0.301..0.348]	[0.0..0.149]	0.8627383	[205846.3..205846.3]
Group-1	PG 38:5:0	303.23	240116_PG_FTMSMS-_1.mzXML	25.0	418322.2	21065.5	0.05035712	[5.8..6.9]	[0.0..1.0]	[1.101..1.138]	[460572.72..476050.66]	[0.732..0.732]	[0.85..1.0]	[1.065..1.138]	[445513.16..476050.66]	[0.726..0.738]	[0.851..1.0]	0.8627383	[397353.72..410707.12]
Group-1	PG 38:5:0	303.23	240116_PG_FTMSMS-_1.mzXML	30.0	406263.3	39804.1	0.09797612	[5.0..5.4]	[0.0..1.0]	[1.408..1.598]	[572018.75..649208.8]	[0.726..0.745]	[0.85..1.0]	[1.386..1.598]	[563080.94..649208.8]	[0.722..0.749]	[0.851..1.0]	0.8627383	[493502.5..560097.3]
Group-1	PG 38:5:0	303.23	240116_PG_FTMSMS-_1.mzXML	35.0	220110.1	23889.5	0.10853432	[5.3..5.6]	[1.0..1.0]	[2.034..2.521]	[447703.9..554897.5]	[0.652..0.699]	[0.85..1.0]	[2.033..2.521]	[447483.8..554897.5]	[0.652..0.699]	[0.851..1.0]	0.8627383	[386251.3..478731.34]
Group-1	PG 38:5:0	329.25	240116_PG_FTMSMS-_1.mzXML	25.0	2086422.5	424255.7	0.20334122	[4.1..4.9]	[0.0..1.0]	[1.326..1.35]	[2766596.2..2816670.5]	[0.766..0.77]	[0.95..1.0]	[1.287..1.35]	[2685225.8..2816670.5]	[0.761..0.77]	[0.951..1.0]	0.8627383	[2386848.5..2430049.5]
Group-1	PG 38:5:0	329.25	240116_PG_FTMSMS-_1.mzXML	30.0	1487916.8	454545.6	0.30549127	[4.0..4.3]	[0.0..1.0]	[2.146..2.345]	[3193069.2..3489164.8]	[0.743..0.76]	[0.95..1.0]	[2.128..2.345]	[3166287.0..3489164.8]	[0.742..0.76]	[0.951..1.0]	0.8627383	[2754783.0..3010236.0]
Group-1	PG 38:5:0	329.25	240116_PG_FTMSMS-_1.mzXML	35.0	614011.5	265825.9	0.4329331	[4.0..4.0]	[1.0..1.0]	[4.216..4.843]	[2588672.5..2973657.8]	[0.695..0.724]	[0.95..1.0]	[4.214..4.843]	[2587444.5..2973657.8]	[0.695..0.724]	[0.951..1.0]	0.8627383	[2233347.0..2565488.5]
Group-1	PG 38:6:0	253.22	240116_PG_FTMSMS-_1.mzXML	25.0	26169.4	0.0	0.0	[9.0..9.0]	[0.0..1.0]	[0.97..1.014]	[25384.318..26535.773]	[0.553..0.572]	[0.62..1.0]	[0.997..1.014]	[26090.893..26535.773]	[0.563..0.579]	[0.622..1.0]	0.8646135	[21947.625..22943.188]
Group-1	PG 38:6:0	253.22	240116_PG_FTMSMS-_1.mzXML	30.0	45409.6	0.0	0.0	[9.0..9.0]	[0.0..1.0]	[0.979..1.013]	[44456.0..45999.926]	[0.693..0.752]	[0.62..1.0]	[1.0..1.013]	[45409.6..45999.926]	[0.699..0.756]	[0.622..1.0]	0.8646135	[38437.258..39772.156]
Group-1	PG 38:6:0	253.22	240116_PG_FTMSMS-_1.mzXML	35.0	52337.4	0.0	0.0	[9.0..9.0]	[0.0..0.0]	[0.99..0.99]	[51814.023..51814.023]	[0.598..0.724]	[0.62..1.0]	[0.99..0.99]	[51814.023..51814.023]	[0.602..0.721]	[0.622..1.0]	0.8646135	[44799.105..44799.105]
Group-1	PG 38:6:0	255.23	240116_PG_FTMSMS-_1.mzXML	25.0	435182.9	0.0	0.0	[0.0..0.0]	[0.0..0.0]	[1.0..1.0]	[435182.9..435182.9]	[0.234..0.234]	[0.0..0.02]	[1.0..1.0]	[435182.9..435182.9]	[0.234..0.234]	[0.0..0.024]	0.8646135	[376265.0..376265.0]
Group-1	PG 38:6:0	255.23	240116_PG_FTMSMS-_1.mzXML	30.0	595526.8	0.0	0.0	[0.0..0.0]	[0.0..0.0]	[1.0..1.0]	[595526.8..595526.8]	[0.262..0.262]	[0.0..0.02]	[1.0..1.0]	[595526.8..595526.8]	[0.262..0.262]	[0.0..0.024]	0.8646135	[514900.5..514900.5]
Group-1	PG 38:6:0	255.23	240116_PG_FTMSMS-_1.mzXML	35.0	574386.8	0.0	0.0	[0.0..0.0]	[0.0..0.0]	[1.0..1.0]	[574386.8..574386.8]	[0.294..0.294]	[0.0..0.02]	[1.0..1.0]	[574386.8..574386.8]	[0.294..0.294]	[0.0..0.024]	0.8646135	[496622.56..496622.56]
Group-1	PG 38:6:0	279.23	240116_PG_FTMSMS-_1.mzXML	25.0	12480.5	0.0	0.0	[9.0..9.0]	[0.0..1.0]	[0.917..0.946]	[11444.618..11806.553]	[0.265..0.271]	[0.0..0.43]	[0.917..0.929]	[11444.618..11594.385]	[0.261..0.281]	[0.0..0.428]	0.8646135	[9895.172..10208.1045]
Group-1	PG 38:6:0	279.23	240116_PG_FTMSMS-_1.mzXML	30.0	20187.7	0.0	0.0	[9.0..9.0]	[0.0..1.0]	[0.935..0.957]	[18875.498..19319.629]	[0.355..0.399]	[0.0..0.43]	[0.935..0.944]	[18875.498..19057.188]	[0.352..0.406]	[0.0..0.428]	0.8646135	[16320.011..16704.012]
Group-1	PG 38:6:0	279.23	240116_PG_FTMSMS-_1.mzXML	35.0	15939.1	0.0	0.0	[9.0..9.0]	[0.0..0.0]	[0.992..0.992]	[15811.587..15811.587]	[0.38..0.469]	[0.0..0.43]	[0.992..0.992]	[15811.587..15811.587]	[0.38..0.469]	[0.0..0.428]	0.8646135	[13670.911..13670.911]
Group-1	PG 38:6:0	303.23	240116_PG_FTMSMS-_1.mzXML	25.0	28842.5	0.0	0.0	[5.0..8.0]	[0.0..1.0]	[1.065..1.138]	[30717.264..32822.766]	[0.729..0.735]	[0.57..1.0]	[1.013..1.138]	[29217.453..32822.766]	[0.719..0.739]	[0.572..1.0]	0.8646135	[26558.56..28379.004]
Group-1	PG 38:6:0	303.23	240116_PG_FTMSMS-_1.mzXML	30.0	21984.2	0.0	0.0	[5.0..8.0]	[0.0..1.0]	[1.291..1.598]	[28381.602..35130.754]	[0.601..0.645]	[0.57..1.0]	[1.258..1.598]	[27656.123..35130.75]	[0.594..0.648]	[0.572..1.0]	0.8646135	[24539.113..30374.52]
Group-1	PG 38:6:0	303.23	240116_PG_FTMSMS-_1.mzXML	35.0	10233.5	0.0	0.0	[5.0..8.0]	[1.0..1.0]	[1.752..2.521]	[17929.092..25798.652]	[0.531..0.62]	[0.57..1.0]	[1.751..2.521]	[17918.86..25798.652]	[0.531..0.62]	[0.572..1.0]	0.8646135	[15501.735..22305.863]
Group-1	PG 38:6:0	327.23	240116_PG_FTMSMS-_1.mzXML	25.0	769779.0	308650.3	0.40095964	[4.0..4.0]	[1.0..1.0]	[1.853..1.853]	[1426400.5..1426400.5]	[0.766..0.766]	[0.98..1.0]	[1.853..1.853]	[1426400.5..1426400.5]	[0.766..0.766]	[0.976..1.0]	0.8646135	[1233285.1..1233285.1]
Group-1	PG 38:6:0	327.23	240116_PG_FTMSMS-_1.mzXML	30.0	415771.9	247063.7	0.5942289	[4.0..4.0]	[1.0..1.0]	[4.039..4.039]	[1679302.8..1679302.8]	[0.738..0.738]	[0.98..1.0]	[4.039..4.039]	[1679302.8..1679302.8]	[0.738..0.738]	[0.976..1.0]	0.8646135	[1451947.8..1451947.8]
Group-1	PG 38:6:0	327.23	240116_PG_FTMSMS-_1.mzXML	35.0	126001.7	122937.6	0.9756821	[4.0..4.0]	[1.0..1.0]	[10.962..10.962]	[1381230.6..1381230.6]	[0.706..0.706]	[0.98..1.0]	[10.962..10.962]	[1381230.6..1381230.6]	[0.706..0.706]	[0.976..1.0]	0.8646135	[1194230.6..1194230.6]
Group-1	PG 38:6:0	329.25	240116_PG_FTMSMS-_1.mzXML	25.0	15872.9	0.0	0.0	[4.0..7.0]	[0.0..1.0]	[1.197..1.35]	[18999.861..21428.416]	[0.428..0.447]	[0.0..0.38]	[1.197..1.297]	[18999.861..20587.152]	[0.421..0.437]	[0.0..0.378]	0.8646135	[16427.537..18527.297]
Group-1	PG 38:6:0	329.25	240116_PG_FTMSMS-_1.mzXML	30.0	8680.4	0.0	0.0	[4.0..7.0]	[0.0..1.0]	[1.687..2.345]	[14643.836..20355.54]	[0.248..0.307]	[0.0..0.38]	[1.687..2.283]	[14643.836..19817.354]	[0.244..0.301]	[0.0..0.378]	0.8646135	[12661.258..17599.674]
Group-1	PG 38:6:0	329.25	240116_PG_FTMSMS-_1.mzXML	35.0	7181.3	0.0	0.0	[4.0..7.0]	[1.0..1.0]	[2.752..4.843]	[19762.938..34779.035]	[0.276..0.402]	[0.0..0.38]	[2.797..4.77]	[20086.096..34254.8]	[0.279..0.398]	[0.0..0.378]	0.8646135	[17087.3..30070.42]
Group-1	PG 39:4:0	255.23	240116_PG_FTMSMS-_1.mzXML	25.0	73773.5	0.0	0.0	[0.0..0.0]	[0.0..0.0]	[1.0..1.0]	[73773.51..73773.51]	[1.0..1.0]	[1.0..1.0]	[1.0..1.0]	[73773.5..73773.5]	[1.0..1.0]	[1.0..1.0]	0.8480838	[62566.11..62566.11]
Group-1	PG 39:4:0	255.23	240116_PG_FTMSMS-_1.mzXML	30.0	127035.6	0.0	0.0	[0.0..0.0]	[1.0..1.0]	[1.0..1.0]	[127035.6..127035.6]	[1.0..1.0]	[1.0..1.0]	[1.0..1.0]	[127035.6..127035.6]	[1.0..1.0]	[1.0..1.0]	0.8480838	[107736.836..107736.836]
Group-1	PG 39:4:0	255.23	240116_PG_FTMSMS-_1.mzXML	35.0	154738.3	0.0	0.0	[0.0..0.0]	[0.0..0.0]	[1.0..1.0]	[154738.3..154738.3]	[1.0..1.0]	[1.0..1.0]	[1.0..1.0]	[154738.3..154738.3]	[1.0..1.0]	[1.0..1.0]	0.8480838	[131231.05..131231.05]
Group-1	PG 39:4:0	269.25	240116_PG_FTMSMS-_1.mzXML	25.0	0.0	0.0	0.0	[0.0..0.0]	[0.0..0.0]	[1.004..1.004]	[0.0..0.0]	[0.0..0.0]	[0.0..0.0]	[1.004..1.004]	[0.0..0.0]	[0.0..0.0]	[0.0..0.0]	0.8480838	[0.0..0.0]
Group-1	PG 39:4:0	269.25	240116_PG_FTMSMS-_1.mzXML	30.0	1637.9	0.0	0.0	[0.0..0.0]	[0.0..0.0]	[0.993..0.993]	[1626.435..1626.435]	[0.031..0.034]	[0.0..0.0]	[0.993..0.993]	[1626.4347..1626.4347]	[0.031..0.034]	[0.0..0.0]	0.8480838	[1379.3528..1379.3528]
Group-1	PG 39:4:0	269.25	240116_PG_FTMSMS-_1.mzXML	35.0	0.0	0.0	0.0	[0.0..0.0]	[0.0..0.0]	[0.989..0.989]	[0.0..0.0]	[0.0..0.0]	[0.0..0.0]	[0.989..0.989]	[0.0..0.0]	[0.0..0.0]	[0.0..0.0]	0.8480838	[0.0..0.0]
Group-1	PG 39:4:0	297.28	240116_PG_FTMSMS-_1.mzXML	25.0	7664.7	0.0	0.0	[0.0..0.0]	[0.0..1.0]	[1.005..1.012]	[7703.024..7756.677]	[0.259..0.27]	[0.0..0.03]	[1.005..1.005]	[7703.0234..7703.0234]	[0.257..0.271]	[0.0..0.028]	0.8480838	[6532.8096..6578.3115]
Group-1	PG 39:4:0	297.28	240116_PG_FTMSMS-_1.mzXML	30.0	9584.5	0.0	0.0	[0.0..0.0]	[0.0..1.0]	[0.966..0.975]	[9258.627..9344.888]	[0.221..0.258]	[0.0..0.03]	[0.966..0.966]	[9258.627..9258.627]	[0.22..0.259]	[0.0..0.028]	0.8480838	[7852.0913..7925.2476]
Group-1	PG 39:4:0	297.28	240116_PG_FTMSMS-_1.mzXML	35.0	9289.3	0.0	0.0	[0.0..0.0]	[0.0..0.0]	[0.962..0.962]	[8936.307..8936.307]	[0.226..0.296]	[0.0..0.03]	[0.962..0.962]	[8936.307..8936.307]	[0.226..0.296]	[0.0..0.028]	0.8480838	[7578.737..7578.737]
Group-1	PG 39:4:0	303.23	240116_PG_FTMSMS-_1.mzXML	25.0	19519.1	0.0	0.0	[5.0..8.0]	[0.0..1.0]	[1.065..1.138]	[20787.842..22212.736]	[0.73..0.741]	[0.97..1.0]	[1.061..1.138]	[20709.764..22212.736]	[0.729..0.743]	[0.972..1.0]	0.8480838	[17629.832..18838.262]
Group-1	PG 39:4:0	303.23	240116_PG_FTMSMS-_1.mzXML	30.0	20585.4	0.0	0.0	[5.0..8.0]	[0.0..1.0]	[1.291..1.598]	[26575.752..32895.473]	[0.742..0.779]	[0.97..1.0]	[1.29..1.598]	[26555.166..32895.473]	[0.741..0.78]	[0.972..1.0]	0.8480838	[22538.465..27898.115]
Group-1	PG 39:4:0	303.23	240116_PG_FTMSMS-_1.mzXML	35.0	12131.3	0.0	0.0	[5.0..8.0]	[1.0..1.0]	[1.752..2.521]	[21254.037..30583.006]	[0.704..0.774]	[0.97..1.0]	[1.752..2.521]	[21254.037..30583.006]	[0.704..0.774]	[0.972..1.0]	0.8480838	[18025.203..25936.951]
Group-1	PG 39:4:0	331.26	240116_PG_FTMSMS-_1.mzXML	25.0	31911.9	0.0	0.0	[7.0..10.0]	[1.0..1.0]	[0.986..0.995]	[31465.135..31752.342]	[1.0..1.0]	[1.0..1.0]	[0.986..0.995]	[31465.135..31752.342]	[1.0..1.0]	[1.0..1.0]	0.8480838	[26685.07..26928.645]
Group-1	PG 39:4:0	331.26	240116_PG_FTMSMS-_1.mzXML	30.0	42864.5	0.0	0.0	[7.0..10.0]	[1.0..1.0]	[1.078..1.206]	[46207.93..51694.586]	[0.966..0.969]	[1.0..1.0]	[1.078..1.206]	[46207.93..51694.586]	[0.966..0.969]	[1.0..1.0]	0.8480838	[39188.195..43841.34]
Group-1	PG 39:4:0	331.26	240116_PG_FTMSMS-_1.mzXML	35.0	29884.2	0.0	0.0	[7.0..10.0]	[1.0..1.0]	[1.33..1.661]	[39745.984..49637.656]	[1.0..1.0]	[1.0..1.0]	[1.33..1.661]	[39745.984..49637.656]	[1.0..1.0]	[1.0..1.0]	0.8480838	[33707.926..42096.89]
Group-1	PG 39:4:0	345.28	240116_PG_FTMSMS-_1.mzXML	25.0	0.0	0.0	0.0	[7.0..10.0]	[1.0..1.0]	[0.951..0.953]	[0.0..0.0]	[0.0..0.0]	[0.0..0.0]	[0.927..0.957]	[0.0..0.0]	[0.0..0.0]	[0.0..0.0]	0.8480838	[0.0..0.0]
Group-1	PG 39:4:0	345.28	240116_PG_FTMSMS-_1.mzXML	30.0	0.0	0.0	0.0	[7.0..10.0]	[0.0..0.0]	[1.004..1.14]	[0.0..0.0]	[0.0..0.0]	[0.0..0.0]	[1.004..1.14]	[0.0..0.0]	[0.0..0.0]	[0.0..0.0]	0.8480838	[0.0..0.0]
Group-1	PG 39:4:0	345.28	240116_PG_FTMSMS-_1.mzXML	35.0	0.0	0.0	0.0	[7.0..10.0]	[1.0..1.0]	[1.243..1.532]	[0.0..0.0]	[0.0..0.0]	[0.0..0.0]	[1.24..1.552]	[0.0..0.0]	[0.0..0.0]	[0.0..0.0]	0.8480838	[0.0..0.0]
Group-1	PG 39:5:0	267.23	240116_PG_FTMSMS-_1.mzXML	25.0	0.0	0.0	0.0	[9.0..9.0]	[0.0..0.0]	[0.945..0.945]	[0.0..0.0]	[0.0..0.0]	[0.0..0.0]	[0.945..0.945]	[0.0..0.0]	[0.0..0.0]	[0.0..0.0]	0.8498996	[0.0..0.0]
Group-1	PG 39:5:0	267.23	240116_PG_FTMSMS-_1.mzXML	30.0	1615.9	0.0	0.0	[9.0..9.0]	[0.0..0.0]	[0.942..0.942]	[1522.178..1522.178]	[0.083..0.092]	[0.0..0.0]	[0.942..0.942]	[1522.1777..1522.1777]	[0.083..0.092]	[0.0..0.0]	0.8498996	[1293.6982..1293.6982]
Group-1	PG 39:5:0	267.23	240116_PG_FTMSMS-_1.mzXML	35.0	2061.1	0.0	0.0	[9.0..9.0]	[0.0..0.0]	[0.949..0.949]	[1955.984..1955.984]	[0.122..0.148]	[0.0..0.0]	[0.949..0.949]	[1955.984..1955.984]	[0.122..0.148]	[0.0..0.0]	0.8498996	[1662.39..1662.39]
Group-1	PG 39:5:0	269.25	240116_PG_FTMSMS-_1.mzXML	25.0	5223.0	0.0	0.0	[0.0..0.0]	[0.0..1.0]	[1.001..1.004]	[5228.223..5243.892]	[0.062..0.062]	[0.0..0.0]	[1.001..1.001]	[5228.223..5228.223]	[0.061..0.064]	[0.0..0.0]	0.8498996	[4443.465..4456.7812]
Group-1	PG 39:5:0	269.25	240116_PG_FTMSMS-_1.mzXML	30.0	6839.5	0.0	0.0	[0.0..0.0]	[0.0..1.0]	[0.987..0.993]	[6750.587..6791.624]	[0.057..0.062]	[0.0..0.0]	[0.987..0.987]	[6750.5864..6750.5864]	[0.057..0.062]	[0.0..0.0]	0.8498996	[5737.321..5772.1978]
Group-1	PG 39:5:0	269.25	240116_PG_FTMSMS-_1.mzXML	35.0	7368.1	0.0	0.0	[0.0..0.0]	[0.0..0.9]	[0.982..0.989]	[7235.474..7287.052]	[0.068..0.078]	[0.0..0.0]	[0.982..0.982]	[7235.474..7235.474]	[0.067..0.077]	[0.0..0.0]	0.8498996	[6149.4263..6193.2617]
Group-1	PG 39:5:0	281.25	240116_PG_FTMSMS-_1.mzXML	25.0	31735.2	0.0	0.0	[9.0..9.0]	[0.0..1.0]	[0.925..0.958]	[29355.06..30402.32]	[0.97..0.971]	[1.0..1.0]	[0.958..0.958]	[30402.32..30402.32]	[0.969..0.972]	[1.0..1.0]	0.8498996	[24948.854..25838.92]
Group-1	PG 39:5:0	281.25	240116_PG_FTMSMS-_1.mzXML	30.0	73565.2	0.0	0.0	[9.0..9.0]	[0.0..1.0]	[0.911..0.937]	[67017.9..68930.59]	[0.988..0.99]	[1.0..1.0]	[0.937..0.937]	[68930.59..68930.59]	[0.988..0.99]	[1.0..1.0]	0.8498996	[56958.484..58584.082]
Group-1	PG 39:5:0	281.25	240116_PG_FTMSMS-_1.mzXML	35.0	78935.8	0.0	0.0	[9.0..9.0]	[0.0..0.0]	[0.912..0.912]	[71989.445..71989.445]	[0.982..0.988]	[1.0..1.0]	[0.912..0.912]	[71989.445..71989.445]	[0.982..0.988]	[1.0..1.0]	0.8498996	[61183.8..61183.8]
Group-1	PG 39:5:0	295.26	240116_PG_FTMSMS-_1.mzXML	25.0	1005.8	0.0	0.0	[9.0..9.0]	[0.0..1.0]	[0.909..0.939]	[914.272..944.446]	[0.101..0.104]	[0.0..0.0]	[0.909..0.909]	[914.27216..914.27216]	[0.098..0.103]	[0.0..0.0]	0.8498996	[777.03955..802.68445]
Group-1	PG 39:5:0	295.26	240116_PG_FTMSMS-_1.mzXML	30.0	1535.6	0.0	0.0	[9.0..9.0]	[0.19999999..1.0]	[0.889..0.908]	[1365.148..1394.325]	[0.115..0.134]	[0.0..0.0]	[0.889..0.889]	[1365.1483..1365.1483]	[0.111..0.134]	[0.0..0.0]	0.8498996	[1160.2391..1185.0361]
Group-1	PG 39:5:0	295.26	240116_PG_FTMSMS-_1.mzXML	35.0	1720.0	0.0	0.0	[9.0..9.0]	[0.0..0.0]	[0.88..0.88]	[1513.6..1513.6]	[0.124..0.169]	[0.0..0.0]	[0.88..0.88]	[1513.6..1513.6]	[0.124..0.169]	[0.0..0.0]	0.8498996	[1286.408..1286.408]
Group-1	PG 39:5:0	303.23	240116_PG_FTMSMS-_1.mzXML	25.0	7426.9	0.0	0.0	[5.0..8.0]	[0.0..1.0]	[1.065..1.138]	[7909.649..8451.812]	[0.896..0.899]	[1.0..1.0]	[1.067..1.138]	[7924.5024..8451.8125]	[0.897..0.902]	[1.0..1.0]	0.8498996	[6722.407..7183.192]
Group-1	PG 39:5:0	303.23	240116_PG_FTMSMS-_1.mzXML	30.0	6819.0	0.0	0.0	[5.0..8.0]	[0.0..0.8]	[1.291..1.57]	[8803.329..10705.83]	[0.866..0.885]	[1.0..1.0]	[1.294..1.598]	[8823.786..10896.763]	[0.866..0.889]	[1.0..1.0]	0.8498996	[7481.946..9098.881]
Group-1	PG 39:5:0	303.23	240116_PG_FTMSMS-_1.mzXML	35.0	4258.9	0.0	0.0	[5.0..8.0]	[1.0..1.0]	[1.752..2.521]	[7461.593..10736.687]	[0.831..0.876]	[1.0..1.0]	[1.752..2.521]	[7461.5923..10736.687]	[0.831..0.876]	[1.0..1.0]	0.8498996	[6341.6045..9125.105]
Group-1	PG 39:5:0	317.25	240116_PG_FTMSMS-_1.mzXML	25.0	857.6	0.0	0.0	[5.0..8.0]	[0.0..1.0]	[1.02..1.09]	[874.752..934.784]	[0.029..0.03]	[0.0..0.0]	[1.02..1.12]	[874.75195..960.51196]	[0.028..0.031]	[0.0..0.0]	0.8498996	[743.4513..794.47253]
Group-1	PG 39:5:0	317.25	240116_PG_FTMSMS-_1.mzXML	30.0	547.8	0.0	0.0	[5.0..8.0]	[0.0..1.0]	[1.214..1.498]	[665.029..820.604]	[0.01..0.012]	[0.0..0.0]	[1.214..1.52]	[665.0292..832.65594]	[0.01..0.012]	[0.0..0.0]	0.8498996	[565.208..697.43134]
Group-1	PG 39:5:0	317.25	240116_PG_FTMSMS-_1.mzXML	35.0	551.3	0.0	0.0	[5.0..8.0]	[1.0..1.0]	[1.628..2.331]	[897.516..1285.08]	[0.012..0.018]	[0.0..0.0]	[1.629..2.33]	[898.0676..1284.5289]	[0.012..0.018]	[0.0..0.0]	0.8498996	[762.79877..1092.1892]
Group-1	PG 39:5:0	329.25	240116_PG_FTMSMS-_1.mzXML	25.0	59148.5	12183.7	0.20598494	[4.0..4.9]	[0.0..1.0]	[1.326..1.35]	[78430.91..79850.48]	[0.938..0.938]	[1.0..1.0]	[1.299..1.35]	[76833.91..79850.48]	[0.936..0.939]	[1.0..1.0]	0.8498996	[66658.4..67864.88]
Group-1	PG 39:5:0	329.25	240116_PG_FTMSMS-_1.mzXML	30.0	47941.2	14478.0	0.30199495	[4.0..4.3]	[0.0..1.0]	[2.146..2.345]	[102881.81..112422.12]	[0.938..0.943]	[1.0..1.0]	[2.139..2.345]	[102546.22..112422.12]	[0.938..0.943]	[1.0..1.0]	0.8498996	[87439.21..95547.51]
Group-1	PG 39:5:0	329.25	240116_PG_FTMSMS-_1.mzXML	35.0	20717.0	8287.0	0.40000966	[4.0..4.1]	[0.1..1.0]	[4.131..4.843]	[85581.93..100332.43]	[0.922..0.932]	[1.0..1.0]	[4.216..4.843]	[87342.875..100332.43]	[0.923..0.933]	[1.0..1.0]	0.8498996	[72736.04..85272.484]
Group-1	PG 39:5:0	331.26	240116_PG_FTMSMS-_1.mzXML	25.0	10875.5	0.0	0.0	[7.0..10.0]	[1.0..1.0]	[0.986..0.995]	[10723.243..10821.122]	[1.0..1.0]	[1.0..1.0]	[0.986..0.995]	[10723.243..10821.122]	[1.0..1.0]	[1.0..1.0]	0.8498996	[9113.68..9196.867]
Group-1	PG 39:5:0	331.26	240116_PG_FTMSMS-_1.mzXML	30.0	14019.9	0.0	0.0	[7.0..10.0]	[1.0..1.0]	[1.078..1.206]	[15113.452..16908.0]	[0.908..0.917]	[1.0..1.0]	[1.078..1.206]	[15113.452..16908.0]	[0.908..0.917]	[1.0..1.0]	0.8498996	[12844.917..14370.103]
Group-1	PG 39:5:0	331.26	240116_PG_FTMSMS-_1.mzXML	35.0	8478.3	0.0	0.0	[7.0..10.0]	[1.0..1.0]	[1.33..1.661]	[11276.139..14082.456]	[0.852..0.878]	[1.0..1.0]	[1.33..1.661]	[11276.139..14082.456]	[0.852..0.878]	[1.0..1.0]	0.8498996	[9583.586..11968.674]
Group-1	PG 40:5:0	255.23	240116_PG_FTMSMS-_1.mzXML	25.0	139345.6	0.0	0.0	[0.0..0.0]	[0.0..1.0]	[1.0..1.0]	[139345.6..139345.6]	[0.901..0.906]	[1.0..1.0]	[1.0..1.0]	[139345.6..139345.6]	[0.899..0.906]	[1.0..1.0]	0.83746755	[116697.414..116697.414]
Group-1	PG 40:5:0	255.23	240116_PG_FTMSMS-_1.mzXML	30.0	260482.2	0.0	0.0	[0.0..0.0]	[0.0..1.0]	[1.0..1.0]	[260482.2..260482.2]	[0.911..0.925]	[1.0..1.0]	[1.0..1.0]	[260482.2..260482.2]	[0.908..0.925]	[1.0..1.0]	0.83746755	[218145.39..218145.39]
Group-1	PG 40:5:0	255.23	240116_PG_FTMSMS-_1.mzXML	35.0	292381.5	0.0	0.0	[0.0..0.0]	[0.0..0.0]	[1.0..1.0]	[292381.5..292381.5]	[0.93..0.951]	[1.0..1.0]	[1.0..1.0]	[292381.5..292381.5]	[0.928..0.949]	[1.0..1.0]	0.83746755	[244860.02..244860.02]
Group-1	PG 40:5:0	283.26	240116_PG_FTMSMS-_1.mzXML	25.0	334852.7	0.0	0.0	[0.0..0.0]	[0.0..1.0]	[1.002..1.009]	[335522.38..337866.34]	[0.244..0.247]	[0.0..0.07]	[1.002..1.002]	[335522.38..335522.38]	[0.243..0.253]	[0.0..0.068]	0.83746755	[280989.1..282952.1]
Group-1	PG 40:5:0	283.26	240116_PG_FTMSMS-_1.mzXML	30.0	479157.8	0.0	0.0	[0.0..0.0]	[0.3..1.0]	[0.976..0.982]	[467658.03..470532.97]	[0.269..0.283]	[0.0..0.07]	[0.976..0.976]	[467658.03..467658.03]	[0.263..0.285]	[0.0..0.068]	0.83746755	[391648.44..394056.1]
Group-1	PG 40:5:0	283.26	240116_PG_FTMSMS-_1.mzXML	35.0	473863.3	0.0	0.0	[0.0..0.0]	[0.0..0.0]	[0.976..0.976]	[462490.6..462490.6]	[0.28..0.313]	[0.0..0.07]	[0.976..0.976]	[462490.6..462490.6]	[0.28..0.313]	[0.0..0.068]	0.83746755	[387320.88..387320.88]
Group-1	PG 40:5:0	303.23	240116_PG_FTMSMS-_1.mzXML	25.0	42517.0	0.0	0.0	[5.0..8.0]	[0.0..0.0]	[1.065..1.163]	[45280.61..49447.27]	[0.857..0.867]	[1.0..1.0]	[1.067..1.138]	[45365.64..48384.348]	[0.857..0.865]	[1.0..1.0]	0.83746755	[37921.043..41410.484]
Group-1	PG 40:5:0	303.23	240116_PG_FTMSMS-_1.mzXML	30.0	33206.9	0.0	0.0	[5.0..8.0]	[1.0..1.0]	[1.294..1.598]	[42969.727..53064.625]	[0.814..0.844]	[1.0..1.0]	[1.294..1.598]	[42969.727..53064.625]	[0.814..0.844]	[1.0..1.0]	0.83746755	[35985.75..44439.902]
Group-1	PG 40:5:0	303.23	240116_PG_FTMSMS-_1.mzXML	35.0	25769.8	0.0	0.0	[5.0..8.0]	[0.0..1.0]	[1.752..2.521]	[45148.69..64965.664]	[0.811..0.858]	[1.0..1.0]	[1.752..2.521]	[45148.69..64965.664]	[0.811..0.861]	[1.0..1.0]	0.83746755	[37810.562..54406.633]
Group-1	PG 40:5:0	309.28	240116_PG_FTMSMS-_1.mzXML	25.0	8009.1	0.0	0.0	[11.0..11.0]	[1.0..1.0]	[0.946..0.946]	[7576.609..7576.609]	[0.133..0.143]	[0.0..0.0]	[0.946..0.946]	[7576.6084..7576.6084]	[0.135..0.143]	[0.0..0.0]	0.83746755	[6345.1636..6345.1636]
Group-1	PG 40:5:0	309.28	240116_PG_FTMSMS-_1.mzXML	30.0	11212.5	0.0	0.0	[11.0..11.0]	[0.0..0.0]	[0.876..0.876]	[9822.149..9822.149]	[0.156..0.186]	[0.0..0.0]	[0.876..0.876]	[9822.149..9822.149]	[0.156..0.186]	[0.0..0.0]	0.83746755	[8225.731..8225.731]
Group-1	PG 40:5:0	309.28	240116_PG_FTMSMS-_1.mzXML	35.0	12257.3	0.0	0.0	[11.0..11.0]	[0.0..1.0]	[0.856..0.879]	[10492.249..10774.167]	[0.142..0.189]	[0.0..0.0]	[0.856..0.856]	[10492.249..10492.249]	[0.139..0.189]	[0.0..0.0]	0.83746755	[8786.918..9023.015]
Group-1	PG 40:5:0	329.25	240116_PG_FTMSMS-_1.mzXML	25.0	774185.6	152751.7	0.1973063	[4.2..5.0]	[0.0..1.0]	[1.32..1.35]	[1021925.06..1045150.6]	[0.753..0.756]	[0.93..1.0]	[1.277..1.35]	[988635.0..1045150.6]	[0.747..0.757]	[0.932..1.0]	0.83746755	[855829.06..875279.7]
Group-1	PG 40:5:0	329.25	240116_PG_FTMSMS-_1.mzXML	30.0	557770.5	185227.2	0.33208498	[4.0..4.0]	[0.0..0.7]	[2.124..2.29]	[1184704.6..1277294.4]	[0.717..0.731]	[0.93..1.0]	[2.101..2.345]	[1171875.9..1307971.9]	[0.715..0.737]	[0.932..1.0]	0.83746755	[992151.6..1069692.6]
Group-1	PG 40:5:0	329.25	240116_PG_FTMSMS-_1.mzXML	35.0	245261.7	99611.9	0.40614533	[4.0..4.0]	[1.0..1.0]	[4.146..4.843]	[1016855.0..1187802.4]	[0.687..0.72]	[0.93..1.0]	[4.144..4.843]	[1016364.5..1187802.4]	[0.687..0.72]	[0.932..1.0]	0.83746755	[851583.06..994746.0]
Group-1	PG 40:5:0	357.28	240116_PG_FTMSMS-_1.mzXML	25.0	14101.7	0.0	0.0	[6.0..9.0]	[0.0..1.0]	[1.023..1.088]	[14426.039..15342.65]	[0.094..0.099]	[0.0..0.0]	[1.023..1.107]	[14426.039..15610.582]	[0.094..0.101]	[0.0..0.0]	0.83746755	[12081.34..12848.973]
Group-1	PG 40:5:0	357.28	240116_PG_FTMSMS-_1.mzXML	30.0	16784.2	0.0	0.0	[6.0..9.0]	[0.0..1.0]	[1.264..1.525]	[21215.229..25595.904]	[0.075..0.089]	[0.0..0.0]	[1.264..1.577]	[21215.229..26468.682]	[0.075..0.092]	[0.0..0.0]	0.83746755	[17767.066..21435.738]
Group-1	PG 40:5:0	357.28	240116_PG_FTMSMS-_1.mzXML	35.0	8478.4	0.0	0.0	[6.0..9.0]	[1.0..1.0]	[1.788..2.582]	[15159.38..21891.23]	[0.049..0.07]	[0.0..0.0]	[1.866..2.684]	[15820.695..22756.027]	[0.051..0.072]	[0.0..0.0]	0.83746755	[12695.488..18333.195]
Group-1	PG 40:6:0	281.25	240116_PG_FTMSMS-_1.mzXML	25.0	798920.9	0.0	0.0	[9.0..9.0]	[0.0..1.0]	[0.925..0.958]	[739001.8..765366.2]	[0.89..0.892]	[1.0..1.0]	[0.958..0.958]	[765366.2..765366.2]	[0.89..0.893]	[1.0..1.0]	0.8392344	[620195.75..642321.6]
Group-1	PG 40:6:0	281.25	240116_PG_FTMSMS-_1.mzXML	30.0	1527938.5	0.0	0.0	[9.0..9.0]	[0.0..1.0]	[0.911..0.937]	[1391952.0..1431678.4]	[0.937..0.939]	[1.0..1.0]	[0.937..0.937]	[1431678.4..1431678.4]	[0.937..0.941]	[1.0..1.0]	0.8392344	[1168174.1..1201513.8]
Group-1	PG 40:6:0	281.25	240116_PG_FTMSMS-_1.mzXML	35.0	1841524.2	0.0	0.0	[9.0..9.0]	[0.0..0.0]	[0.912..0.912]	[1679470.1..1679470.1]	[0.951..0.957]	[1.0..1.0]	[0.912..0.912]	[1679470.1..1679470.1]	[0.953..0.958]	[1.0..1.0]	0.8392344	[1409469.1..1409469.1]
Group-1	PG 40:6:0	283.26	240116_PG_FTMSMS-_1.mzXML	25.0	137834.9	0.0	0.0	[0.0..0.0]	[0.0..0.0]	[1.009..1.009]	[139075.4..139075.4]	[0.237..0.237]	[0.0..0.03]	[1.009..1.009]	[139075.4..139075.4]	[0.237..0.237]	[0.0..0.028]	0.8392344	[116716.875..116716.875]
Group-1	PG 40:6:0	283.26	240116_PG_FTMSMS-_1.mzXML	30.0	180831.9	0.0	0.0	[0.0..0.0]	[0.0..0.0]	[0.985..0.985]	[178119.44..178119.44]	[0.262..0.262]	[0.0..0.03]	[0.985..0.985]	[178119.44..178119.44]	[0.262..0.262]	[0.0..0.028]	0.8392344	[149483.95..149483.95]
Group-1	PG 40:6:0	283.26	240116_PG_FTMSMS-_1.mzXML	35.0	197031.5	0.0	0.0	[0.0..0.0]	[0.0..0.0]	[0.976..0.976]	[192302.75..192302.75]	[0.296..0.296]	[0.0..0.03]	[0.976..0.976]	[192302.75..192302.75]	[0.296..0.296]	[0.0..0.028]	0.8392344	[161387.08..161387.08]
Group-1	PG 40:6:0	303.23	240116_PG_FTMSMS-_1.mzXML	25.0	14920.2	0.0	0.0	[5.0..8.0]	[0.0..0.0]	[1.065..1.163]	[15890.014..17352.193]	[1.0..1.0]	[0.95..1.0]	[1.057..1.138]	[15770.652..16979.188]	[1.0..1.0]	[0.951..1.0]	0.8392344	[13335.447..14562.558]
Group-1	PG 40:6:0	303.23	240116_PG_FTMSMS-_1.mzXML	30.0	11940.0	0.0	0.0	[5.0..8.0]	[1.0..1.0]	[1.294..1.598]	[15450.36..19080.121]	[1.0..1.0]	[0.95..1.0]	[1.287..1.598]	[15366.779..19080.121]	[1.0..1.0]	[0.951..1.0]	0.8392344	[12966.475..16012.694]
Group-1	PG 40:6:0	303.23	240116_PG_FTMSMS-_1.mzXML	35.0	7598.2	0.0	0.0	[5.0..8.0]	[0.0..1.0]	[1.752..2.521]	[13312.047..19155.062]	[0.695..0.762]	[0.95..1.0]	[1.752..2.521]	[13312.047..19155.062]	[0.695..0.766]	[0.951..1.0]	0.8392344	[11171.928..16075.587]
Group-1	PG 40:6:0	307.26	240116_PG_FTMSMS-_1.mzXML	25.0	0.0	0.0	0.0	[11.0..11.0]	[1.0..1.0]	[0.928..0.928]	[0.0..0.0]	[0.0..0.0]	[0.0..0.05]	[0.928..0.928]	[0.0..0.0]	[0.0..0.0]	[0.0..0.049]	0.8392344	[0.0..0.0]
Group-1	PG 40:6:0	307.26	240116_PG_FTMSMS-_1.mzXML	30.0	0.0	0.0	0.0	[11.0..11.0]	[0.0..0.0]	[0.877..0.877]	[0.0..0.0]	[0.0..0.0]	[0.0..0.05]	[0.877..0.877]	[0.0..0.0]	[0.0..0.0]	[0.0..0.049]	0.8392344	[0.0..0.0]
Group-1	PG 40:6:0	307.26	240116_PG_FTMSMS-_1.mzXML	35.0	6530.2	0.0	0.0	[11.0..11.0]	[0.0..1.0]	[0.895..0.916]	[5844.529..5981.664]	[0.238..0.305]	[0.0..0.05]	[0.895..0.896]	[5844.529..5851.0596]	[0.234..0.305]	[0.0..0.049]	0.8392344	[4904.9297..5020.0176]
Group-1	PG 40:6:0	327.23	240116_PG_FTMSMS-_1.mzXML	25.0	242265.1	95163.7	0.39280814	[4.0..4.0]	[1.0..1.0]	[1.853..1.853]	[448917.22..448917.22]	[0.763..0.763]	[0.97..1.0]	[1.853..1.853]	[448917.22..448917.22]	[0.763..0.763]	[0.972..1.0]	0.8392344	[376746.78..376746.78]
Group-1	PG 40:6:0	327.23	240116_PG_FTMSMS-_1.mzXML	30.0	124511.1	77352.0	0.6212458	[4.0..4.0]	[1.0..1.0]	[4.039..4.039]	[502900.34..502900.34]	[0.738..0.738]	[0.97..1.0]	[4.039..4.039]	[502900.34..502900.34]	[0.738..0.738]	[0.972..1.0]	0.8392344	[422051.28..422051.28]
Group-1	PG 40:6:0	327.23	240116_PG_FTMSMS-_1.mzXML	35.0	41821.6	38696.0	0.92526346	[4.0..4.0]	[1.0..1.0]	[10.962..10.962]	[458448.4..458448.4]	[0.704..0.704]	[0.97..1.0]	[10.962..10.962]	[458448.4..458448.4]	[0.704..0.704]	[0.972..1.0]	0.8392344	[384745.7..384745.7]
Group-1	PG 40:6:0	329.25	240116_PG_FTMSMS-_1.mzXML	25.0	68802.0	14682.3	0.21339932	[4.0..4.8]	[0.0..1.0]	[1.332..1.35]	[91644.266..92882.7]	[0.108..0.11]	[0.0..0.0]	[1.332..1.381]	[91644.266..95015.56]	[0.107..0.11]	[0.0..0.0]	0.8392344	[76911.02..77950.36]
Group-1	PG 40:6:0	329.25	240116_PG_FTMSMS-_1.mzXML	30.0	41393.2	12254.8	0.2960583	[4.0..4.4]	[0.0..1.0]	[2.168..2.345]	[89740.45..97067.055]	[0.061..0.063]	[0.0..0.0]	[2.168..2.342]	[89740.45..96942.875]	[0.059..0.063]	[0.0..0.0]	0.8392344	[75313.28..81462.016]
Group-1	PG 40:6:0	329.25	240116_PG_FTMSMS-_1.mzXML	35.0	17727.5	7353.7	0.4148188	[4.0..4.0]	[1.0..1.0]	[4.286..4.843]	[75980.06..85854.28]	[0.043..0.049]	[0.0..0.0]	[4.177..4.679]	[74047.766..82946.97]	[0.042..0.047]	[0.0..0.0]	0.8392344	[63765.082..72051.87]
Group-1	PG 40:7:0	281.25	240116_PG_FTMSMS-_1.mzXML	25.0	63749.3	0.0	0.0	[9.0..9.0]	[0.0..1.0]	[0.925..0.958]	[58968.105..61071.832]	[0.627..0.627]	[0.79..1.0]	[0.951..0.958]	[60625.582..61071.832]	[0.634..0.634]	[0.793..1.0]	0.8410006	[49592.215..51361.45]
Group-1	PG 40:7:0	281.25	240116_PG_FTMSMS-_1.mzXML	30.0	124377.0	0.0	0.0	[9.0..9.0]	[0.0..0.0]	[0.911..0.911]	[113307.445..113307.445]	[0.7..0.7]	[0.79..1.0]	[0.911..0.911]	[113307.445..113307.445]	[0.7..0.7]	[0.793..1.0]	0.8410006	[95291.63..95291.63]
Group-1	PG 40:7:0	281.25	240116_PG_FTMSMS-_1.mzXML	35.0	125022.6	0.0	0.0	[9.0..9.0]	[1.0..1.0]	[0.936..0.936]	[117021.16..117021.16]	[0.74..0.74]	[0.79..1.0]	[0.936..0.936]	[117021.16..117021.16]	[0.74..0.74]	[0.793..1.0]	0.8410006	[98414.87..98414.87]
Group-1	PG 40:7:0	327.23	240116_PG_FTMSMS-_1.mzXML	25.0	19606.1	5954.4	0.3037014	[4.0..4.0]	[0.0..1.0]	[1.788..1.853]	[35055.707..36330.1]	[0.373..0.373]	[0.0..0.21]	[1.788..1.802]	[35055.707..35330.19]	[0.366..0.366]	[0.0..0.207]	0.8410006	[29481.871..30553.64]
Group-1	PG 40:7:0	327.23	240116_PG_FTMSMS-_1.mzXML	30.0	12031.2	6188.1	0.5143377	[4.0..4.0]	[1.0..1.0]	[4.039..4.039]	[48594.02..48594.02]	[0.3..0.3]	[0.0..0.21]	[4.039..4.039]	[48594.02..48594.02]	[0.3..0.3]	[0.0..0.207]	0.8410006	[40867.6..40867.6]
Group-1	PG 40:7:0	327.23	240116_PG_FTMSMS-_1.mzXML	35.0	4198.5	0.0	0.0	[4.0..4.0]	[0.0..0.0]	[9.787..9.787]	[41090.72..41090.72]	[0.26..0.26]	[0.0..0.21]	[9.787..9.787]	[41090.72..41090.72]	[0.26..0.26]	[0.0..0.207]	0.8410006	[34557.32..34557.32]
