PRM,EC,CLASS,PRC,PRDB,PROH,SPECIE,PRERR,PRI:240116_PS_FTMSMS-_1.mzXML,PRI:240116_PS_FTMSMS-_2.mzXML,PRI:240116_PS_FTMSMS-_3.mzXML,PRI:240116_PS_FTMSMS-_4.mzXML,FA1M,FA1C,FA1DB,FA1ERR,FA1I:240116_PS_FTMSMS-_1.mzXML,FA1I:240116_PS_FTMSMS-_2.mzXML,FA1I:240116_PS_FTMSMS-_3.mzXML,FA1I:240116_PS_FTMSMS-_4.mzXML,FA2M,FA2C,FA2DB,FA2ERR,FA2I:240116_PS_FTMSMS-_1.mzXML,FA2I:240116_PS_FTMSMS-_2.mzXML,FA2I:240116_PS_FTMSMS-_3.mzXML,FA2I:240116_PS_FTMSMS-_4.mzXML,FACO2M,FACO2I:240116_PS_FTMSMS-_1.mzXML,FACO2I:240116_PS_FTMSMS-_2.mzXML,FACO2I:240116_PS_FTMSMS-_3.mzXML,FACO2I:240116_PS_FTMSMS-_4.mzXML,FACO1M,FACO1I:240116_PS_FTMSMS-_1.mzXML,FACO1I:240116_PS_FTMSMS-_2.mzXML,FACO1I:240116_PS_FTMSMS-_3.mzXML,FACO1I:240116_PS_FTMSMS-_4.mzXML
#NCE,25,,,,,,,,,,,,,,,,,,,,,,,,,,,,,,,,,,,,
###,PSFAS,,,,,,,,,,,,,,,,,,,,,,,,,,,,,,,,,,,,
758.4987182617188,C40 H73 O10 N1 P1 ,PS,34.0,2.0,0.0,PS 34:2:0,1.26,81521.7,97927.3,127366.2,104675.2,283.2644500732422,18.0,0.0,0.69,12949.7,19344.9,24486.6,47903.9,251.2016868591309,16.0,2.0,0.13,579.4,859.1,780.7,879.8,, None, None, None, None,,,,,
758.4987182617188,C40 H73 O10 N1 P1 ,PS,34.0,2.0,0.0,PS 34:2:0,1.26,81521.7,97927.3,127366.2,104675.2,281.2487869262696,18.0,1.0,0.65,28264.4,30680.1,39117.7,38944.8,253.21738052368164,16.0,1.0,0.3,14247.4,15116.4,19312.7,18940.9,, None, None, None, None,,,,,
758.4987182617188,C40 H73 O10 N1 P1 ,PS,34.0,2.0,0.0,PS 34:2:0,1.26,81521.7,97927.3,127366.2,104675.2,279.2331314086914,18.0,2.0,0.63,4657.0,4955.3,7197.6,6623.0,255.2330474853516,16.0,0.0,0.36,10736.2,12112.9,14100.1,15328.3,, None, None, None, None,,,,,
758.4987182617188,C40 H73 O10 N1 P1 ,PS,34.0,2.0,0.0,PS 34:2:0,1.26,81521.7,97927.3,127366.2,104675.2,255.2330474853516,16.0,0.0,0.36,10736.2,12112.9,14100.1,15328.3,279.2331314086914,18.0,2.0,0.63,4657.0,4955.3,7197.6,6623.0,, None, None, None, None,,,,,
758.4987182617188,C40 H73 O10 N1 P1 ,PS,34.0,2.0,0.0,PS 34:2:0,1.26,81521.7,97927.3,127366.2,104675.2,253.21738052368164,16.0,1.0,0.3,14247.4,15116.4,19312.7,18940.9,281.2487869262696,18.0,1.0,0.65,28264.4,30680.1,39117.7,38944.8,, None, None, None, None,,,,,
758.4987182617188,C40 H73 O10 N1 P1 ,PS,34.0,2.0,0.0,PS 34:2:0,1.26,81521.7,97927.3,127366.2,104675.2,251.2016868591309,16.0,2.0,0.13,579.4,859.1,780.7,879.8,283.2644500732422,18.0,0.0,0.69,12949.7,19344.9,24486.6,47903.9,, None, None, None, None,,,,,
760.5145111083984,C40 H75 O10 N1 P1 ,PS,34.0,1.0,0.0,PS 34:1:0,1.45,1875283.5,2020877.5,2596026.5,2888356.0,283.2644577026367,18.0,0.0,0.71,199787.6,192727.7,272741.5,275301.0,253.2173957824707,16.0,1.0,0.36,83452.1,70090.0,105195.5,99730.6,, None, None, None, None,,,,,
760.5145111083984,C40 H75 O10 N1 P1 ,PS,34.0,1.0,0.0,PS 34:1:0,1.45,1875283.5,2020877.5,2596026.5,2888356.0,281.2487869262696,18.0,1.0,0.65,313884.9,334216.0,396974.2,440460.6,255.2330551147461,16.0,0.0,0.39,565574.4,614083.5,774183.4,818640.7,, None, None, None, None,,,,,
760.5145111083984,C40 H75 O10 N1 P1 ,PS,34.0,1.0,0.0,PS 34:1:0,1.45,1875283.5,2020877.5,2596026.5,2888356.0,255.2330551147461,16.0,0.0,0.39,565574.4,614083.5,774183.4,818640.7,281.2487869262696,18.0,1.0,0.65,313884.9,334216.0,396974.2,440460.6,, None, None, None, None,,,,,
760.5145111083984,C40 H75 O10 N1 P1 ,PS,34.0,1.0,0.0,PS 34:1:0,1.45,1875283.5,2020877.5,2596026.5,2888356.0,253.2173957824707,16.0,1.0,0.36,83452.1,70090.0,105195.5,99730.6,283.2644577026367,18.0,0.0,0.71,199787.6,192727.7,272741.5,275301.0,, None, None, None, None,,,,,
762.5305938720703,C40 H77 O10 N1 P1 ,PS,34.0,0.0,0.0,PS 34:0:0,2.01,37136.9,28490.9,38660.9,40878.1,283.26444244384766,18.0,0.0,0.66,19126.4,23431.0,27249.3,23890.1,255.2330665588379,16.0,0.0,0.44,7629.4,7416.9,13039.8,11343.8,, None, None, None, None,,,,,
762.5305938720703,C40 H77 O10 N1 P1 ,PS,34.0,0.0,0.0,PS 34:0:0,2.01,37136.9,28490.9,38660.9,40878.1,255.2330665588379,16.0,0.0,0.44,7629.4,7416.9,13039.8,11343.8,283.26444244384766,18.0,0.0,0.66,19126.4,23431.0,27249.3,23890.1,, None, None, None, None,,,,,
774.5304718017578,C41 H77 O10 N1 P1 ,PS,35.0,1.0,0.0,PS 35:1:0,1.82,532522.4,581640.8,778291.2,861164.5,283.2644500732422,18.0,0.0,0.69,82254.8,78683.9,95725.7,108198.9,267.2331848144531,17.0,1.0,0.86,34151.3,32659.6,44957.5,47092.9,, None, None, None, None,,,,,
774.5304718017578,C41 H77 O10 N1 P1 ,PS,35.0,1.0,0.0,PS 35:1:0,1.82,532522.4,581640.8,778291.2,861164.5,281.248779296875,18.0,1.0,0.62,85047.2,89120.1,111978.6,117955.9,269.2488555908203,17.0,0.0,0.93,166279.2,181727.2,220872.3,237501.3,, None, None, None, None,,,,,
774.5304718017578,C41 H77 O10 N1 P1 ,PS,35.0,1.0,0.0,PS 35:1:0,1.82,532522.4,581640.8,778291.2,861164.5,269.2488555908203,17.0,0.0,0.93,166279.2,181727.2,220872.3,237501.3,281.248779296875,18.0,1.0,0.62,85047.2,89120.1,111978.6,117955.9,, None, None, None, None,,,,,
774.5304718017578,C41 H77 O10 N1 P1 ,PS,35.0,1.0,0.0,PS 35:1:0,1.82,532522.4,581640.8,778291.2,861164.5,267.2331848144531,17.0,1.0,0.86,34151.3,32659.6,44957.5,47092.9,283.2644500732422,18.0,0.0,0.69,82254.8,78683.9,95725.7,108198.9,, None, None, None, None,,,,,
776.5460968017578,C41 H79 O10 N1 P1 ,PS,35.0,0.0,0.0,PS 35:0:0,1.79,26873.3,24091.6,25067.9,38134.1,283.2644577026367,18.0,0.0,0.71,13093.4,11162.1,8296.6,9180.3,269.2488784790039,17.0,0.0,1.01,1017.7,1251.4,2049.6,1051.7,, None, None, None, None,,,,,
776.5460968017578,C41 H79 O10 N1 P1 ,PS,35.0,0.0,0.0,PS 35:0:0,1.79,26873.3,24091.6,25067.9,38134.1,269.2488784790039,17.0,0.0,1.01,1017.7,1251.4,2049.6,1051.7,283.2644577026367,18.0,0.0,0.71,13093.4,11162.1,8296.6,9180.3,, None, None, None, None,,,,,
782.4981231689453,C42 H73 O10 N1 P1 ,PS,36.0,4.0,0.0,PS 36:4:0,0.47,103148.7,102208.6,150964.7,184123.4,305.24890899658203,20.0,3.0,0.99,419.0,429.4,527.5,620.6,253.21739196777344,16.0,1.0,0.34,3281.2,3559.2,5155.1,4725.7,, None, None, None, None,,,,,
782.4981231689453,C42 H73 O10 N1 P1 ,PS,36.0,4.0,0.0,PS 36:4:0,0.47,103148.7,102208.6,150964.7,184123.4,303.23313903808594,20.0,4.0,0.61,10864.9,10876.1,14970.7,13935.5,255.23305892944336,16.0,0.0,0.41,50329.4,52009.1,71377.8,71797.5,, None, None, None, None,,,,,
782.4981231689453,C42 H73 O10 N1 P1 ,PS,36.0,4.0,0.0,PS 36:4:0,0.47,103148.7,102208.6,150964.7,184123.4,281.2488021850586,18.0,1.0,0.7,14476.2,14077.8,20616.3,20265.5,277.2174301147461,18.0,3.0,0.45,454.5,498.6,626.2,554.4,, None, None, None, None,,,,,
782.4981231689453,C42 H73 O10 N1 P1 ,PS,36.0,4.0,0.0,PS 36:4:0,0.47,103148.7,102208.6,150964.7,184123.4,279.23313903808594,18.0,2.0,0.66,1395.2,1198.8,1775.9,1773.1,279.23313903808594,18.0,2.0,0.66,1395.2,1198.8,1775.9,1773.1,, None, None, None, None,,,,,
782.4981231689453,C42 H73 O10 N1 P1 ,PS,36.0,4.0,0.0,PS 36:4:0,0.47,103148.7,102208.6,150964.7,184123.4,277.2174301147461,18.0,3.0,0.45,454.5,498.6,626.2,554.4,281.2488021850586,18.0,1.0,0.7,14476.2,14077.8,20616.3,20265.5,, None, None, None, None,,,,,
782.4981231689453,C42 H73 O10 N1 P1 ,PS,36.0,4.0,0.0,PS 36:4:0,0.47,103148.7,102208.6,150964.7,184123.4,255.23305892944336,16.0,0.0,0.41,50329.4,52009.1,71377.8,71797.5,303.23313903808594,20.0,4.0,0.61,10864.9,10876.1,14970.7,13935.5,, None, None, None, None,,,,,
782.4981231689453,C42 H73 O10 N1 P1 ,PS,36.0,4.0,0.0,PS 36:4:0,0.47,103148.7,102208.6,150964.7,184123.4,253.21739196777344,16.0,1.0,0.34,3281.2,3559.2,5155.1,4725.7,305.24890899658203,20.0,3.0,0.99,419.0,429.4,527.5,620.6,, None, None, None, None,,,,,
784.5147552490234,C42 H75 O10 N1 P1 ,PS,36.0,3.0,0.0,PS 36:3:0,1.72,127841.6,152381.5,192074.1,199278.3,307.2644805908203,20.0,2.0,0.73,660.5,796.8,973.8,878.0,253.2173767089844,16.0,1.0,0.28,403.1,303.2,687.0,814.3,, None, None, None, None,,,,,
784.5147552490234,C42 H75 O10 N1 P1 ,PS,36.0,3.0,0.0,PS 36:3:0,1.72,127841.6,152381.5,192074.1,199278.3,305.24877166748047,20.0,3.0,0.55,4104.3,4463.4,5524.5,5330.8,255.2330665588379,16.0,0.0,0.44,8934.1,9794.2,12618.5,12824.1,, None, None, None, None,,,,,
784.5147552490234,C42 H75 O10 N1 P1 ,PS,36.0,3.0,0.0,PS 36:3:0,1.72,127841.6,152381.5,192074.1,199278.3,283.2644271850586,18.0,0.0,0.61,8730.8,9172.1,10954.9,11395.3,277.2174453735352,18.0,3.0,0.51,2160.1,2252.2,2487.1,3013.5,, None, None, None, None,,,,,
784.5147552490234,C42 H75 O10 N1 P1 ,PS,36.0,3.0,0.0,PS 36:3:0,1.72,127841.6,152381.5,192074.1,199278.3,281.248779296875,18.0,1.0,0.62,54567.9,58143.0,75532.1,78356.2,279.2331237792969,18.0,2.0,0.6,47538.6,50315.3,65093.9,65697.9,, None, None, None, None,,,,,
784.5147552490234,C42 H75 O10 N1 P1 ,PS,36.0,3.0,0.0,PS 36:3:0,1.72,127841.6,152381.5,192074.1,199278.3,279.2331237792969,18.0,2.0,0.6,47538.6,50315.3,65093.9,65697.9,281.248779296875,18.0,1.0,0.62,54567.9,58143.0,75532.1,78356.2,, None, None, None, None,,,,,
784.5147552490234,C42 H75 O10 N1 P1 ,PS,36.0,3.0,0.0,PS 36:3:0,1.72,127841.6,152381.5,192074.1,199278.3,277.2174453735352,18.0,3.0,0.51,2160.1,2252.2,2487.1,3013.5,283.2644271850586,18.0,0.0,0.61,8730.8,9172.1,10954.9,11395.3,, None, None, None, None,,,,,
784.5147552490234,C42 H75 O10 N1 P1 ,PS,36.0,3.0,0.0,PS 36:3:0,1.72,127841.6,152381.5,192074.1,199278.3,255.2330665588379,16.0,0.0,0.44,8934.1,9794.2,12618.5,12824.1,305.24877166748047,20.0,3.0,0.55,4104.3,4463.4,5524.5,5330.8,, None, None, None, None,,,,,
784.5147552490234,C42 H75 O10 N1 P1 ,PS,36.0,3.0,0.0,PS 36:3:0,1.72,127841.6,152381.5,192074.1,199278.3,253.2173767089844,16.0,1.0,0.28,403.1,303.2,687.0,814.3,307.2644805908203,20.0,2.0,0.73,660.5,796.8,973.8,878.0,, None, None, None, None,,,,,
786.5304107666016,C42 H77 O10 N1 P1 ,PS,36.0,2.0,0.0,PS 36:2:0,1.72,7359223.8,7916884.7,10130513.8,11235914.0,283.2644348144531,18.0,0.0,0.63,263459.3,292232.4,392764.8,374106.0,279.2331237792969,18.0,2.0,0.6,127014.2,104528.1,146494.6,160862.2,, None, None, None, None,,,,,
786.5304107666016,C42 H77 O10 N1 P1 ,PS,36.0,2.0,0.0,PS 36:2:0,1.72,7359223.8,7916884.7,10130513.8,11235914.0,281.24877166748047,18.0,1.0,0.59,4718653.8,4739077.3,6131592.0,6379702.5,281.24877166748047,18.0,1.0,0.59,4718653.8,4739077.3,6131592.0,6379702.5,, None, None, None, None,,,,,
786.5304107666016,C42 H77 O10 N1 P1 ,PS,36.0,2.0,0.0,PS 36:2:0,1.72,7359223.8,7916884.7,10130513.8,11235914.0,279.2331237792969,18.0,2.0,0.6,127014.2,104528.1,146494.6,160862.2,283.2644348144531,18.0,0.0,0.63,263459.3,292232.4,392764.8,374106.0,, None, None, None, None,,,,,
788.5456390380859,C42 H79 O10 N1 P1 ,PS,36.0,1.0,0.0,PS 36:1:0,1.18,54686318.8,58554321.7,75600202.9,83308639.3,283.2644500732422,18.0,0.0,0.69,25419740.9,28300869.3,35904355.6,36388344.7,281.24879455566406,18.0,1.0,0.67,11423674.8,12909866.8,15941441.7,17069541.7,, None, None, None, None,,,,,
788.5456390380859,C42 H79 O10 N1 P1 ,PS,36.0,1.0,0.0,PS 36:1:0,1.18,54686318.8,58554321.7,75600202.9,83308639.3,281.24879455566406,18.0,1.0,0.67,11423674.8,12909866.8,15941441.7,17069541.7,283.2644500732422,18.0,0.0,0.69,25419740.9,28300869.3,35904355.6,36388344.7,, None, None, None, None,,,,,
796.5130157470703,C43 H75 O10 N1 P1 ,PS,37.0,4.0,0.0,PS 37:4:0,-0.49,34987.9,31711.8,43926.3,53590.0,305.2488250732422,20.0,3.0,0.72,0.0,340.1,0.0,346.3,267.2332077026367,17.0,1.0,0.94,1416.9,1491.0,2397.1,2065.6,, None, None, None, None,,,,,
796.5130157470703,C43 H75 O10 N1 P1 ,PS,37.0,4.0,0.0,PS 37:4:0,-0.49,34987.9,31711.8,43926.3,53590.0,303.23311614990234,20.0,4.0,0.53,2807.2,3452.9,4424.8,4745.5,269.2488708496094,17.0,0.0,0.99,15428.1,15144.4,21097.4,20665.3,, None, None, None, None,,,,,
796.5130157470703,C43 H75 O10 N1 P1 ,PS,37.0,4.0,0.0,PS 37:4:0,-0.49,34987.9,31711.8,43926.3,53590.0,269.2488708496094,17.0,0.0,0.99,15428.1,15144.4,21097.4,20665.3,303.23311614990234,20.0,4.0,0.53,2807.2,3452.9,4424.8,4745.5,, None, None, None, None,,,,,
796.5130157470703,C43 H75 O10 N1 P1 ,PS,37.0,4.0,0.0,PS 37:4:0,-0.49,34987.9,31711.8,43926.3,53590.0,267.2332077026367,17.0,1.0,0.94,1416.9,1491.0,2397.1,2065.6,305.2488250732422,20.0,3.0,0.72,0.0,340.1,0.0,346.3,, None, None, None, None,,,,,
798.5299072265625,C43 H77 O10 N1 P1 ,PS,37.0,3.0,0.0,PS 37:3:0,1.06,0.0,0.0,19625.6,23300.3,307.2645034790039,20.0,2.0,0.81,418.6,524.8,690.6,497.2,267.23316955566406,17.0,1.0,0.8,175.6,298.1,0.0,0.0,, None, None, None, None,,,,,
798.5299072265625,C43 H77 O10 N1 P1 ,PS,37.0,3.0,0.0,PS 37:3:0,1.06,0.0,0.0,19625.6,23300.3,305.2487487792969,20.0,3.0,0.47,1340.4,1669.4,2453.8,2169.5,269.24886322021484,17.0,0.0,0.96,3819.4,4050.0,4957.4,5839.4,, None, None, None, None,,,,,
798.5299072265625,C43 H77 O10 N1 P1 ,PS,37.0,3.0,0.0,PS 37:3:0,1.06,0.0,0.0,19625.6,23300.3,295.26438903808594,19.0,1.0,0.45,372.9,452.0,495.3,507.5,279.2331848144531,18.0,2.0,0.82,485.6,617.1,541.5,669.9,, None, None, None, None,,,,,
798.5299072265625,C43 H77 O10 N1 P1 ,PS,37.0,3.0,0.0,PS 37:3:0,1.06,0.0,0.0,19625.6,23300.3,293.2489471435547,19.0,2.0,1.17,2999.7,3099.4,4166.1,4074.8,281.2487869262696,18.0,1.0,0.65,12325.7,11368.9,18322.0,19055.8,, None, None, None, None,,,,,
798.5299072265625,C43 H77 O10 N1 P1 ,PS,37.0,3.0,0.0,PS 37:3:0,1.06,0.0,0.0,19625.6,23300.3,291.2332534790039,19.0,3.0,1.02,1385.3,1297.5,1717.3,1653.0,283.26444244384766,18.0,0.0,0.66,11153.2,12551.9,15278.4,15313.9,, None, None, None, None,,,,,
798.5299072265625,C43 H77 O10 N1 P1 ,PS,37.0,3.0,0.0,PS 37:3:0,1.06,0.0,0.0,19625.6,23300.3,283.26444244384766,18.0,0.0,0.66,11153.2,12551.9,15278.4,15313.9,291.2332534790039,19.0,3.0,1.02,1385.3,1297.5,1717.3,1653.0,, None, None, None, None,,,,,
798.5299072265625,C43 H77 O10 N1 P1 ,PS,37.0,3.0,0.0,PS 37:3:0,1.06,0.0,0.0,19625.6,23300.3,281.2487869262696,18.0,1.0,0.65,12325.7,11368.9,18322.0,19055.8,293.2489471435547,19.0,2.0,1.17,2999.7,3099.4,4166.1,4074.8,, None, None, None, None,,,,,
798.5299072265625,C43 H77 O10 N1 P1 ,PS,37.0,3.0,0.0,PS 37:3:0,1.06,0.0,0.0,19625.6,23300.3,279.2331848144531,18.0,2.0,0.82,485.6,617.1,541.5,669.9,295.26438903808594,19.0,1.0,0.45,372.9,452.0,495.3,507.5,, None, None, None, None,,,,,
798.5299072265625,C43 H77 O10 N1 P1 ,PS,37.0,3.0,0.0,PS 37:3:0,1.06,0.0,0.0,19625.6,23300.3,269.24886322021484,17.0,0.0,0.96,3819.4,4050.0,4957.4,5839.4,305.2487487792969,20.0,3.0,0.47,1340.4,1669.4,2453.8,2169.5,, None, None, None, None,,,,,
798.5299072265625,C43 H77 O10 N1 P1 ,PS,37.0,3.0,0.0,PS 37:3:0,1.06,0.0,0.0,19625.6,23300.3,267.23316955566406,17.0,1.0,0.8,175.6,298.1,0.0,0.0,307.2645034790039,20.0,2.0,0.81,418.6,524.8,690.6,497.2,, None, None, None, None,,,,,
800.5458068847656,C43 H79 O10 N1 P1 ,PS,37.0,2.0,0.0,PS 37:2:0,1.37,156370.1,152494.6,202970.9,238486.3,309.28011322021484,20.0,1.0,0.67,2174.7,1971.6,2410.6,2706.2,267.23321533203125,17.0,1.0,0.97,1201.1,1293.6,1812.9,1766.1,, None, None, None, None,,,,,
800.5458068847656,C43 H79 O10 N1 P1 ,PS,37.0,2.0,0.0,PS 37:2:0,1.37,156370.1,152494.6,202970.9,238486.3,307.26446533203125,20.0,2.0,0.68,1525.1,1527.2,1645.0,2422.6,269.24889373779297,17.0,0.0,1.07,3345.4,3704.6,4737.2,5057.1,, None, None, None, None,,,,,
800.5458068847656,C43 H79 O10 N1 P1 ,PS,37.0,2.0,0.0,PS 37:2:0,1.37,156370.1,152494.6,202970.9,238486.3,297.2801284790039,19.0,0.0,0.75,811.8,776.6,793.7,975.0,279.23319244384766,18.0,2.0,0.85,588.0,681.7,1109.3,688.7,, None, None, None, None,,,,,
800.5458068847656,C43 H79 O10 N1 P1 ,PS,37.0,2.0,0.0,PS 37:2:0,1.37,156370.1,152494.6,202970.9,238486.3,295.2643737792969,19.0,1.0,0.4,42829.4,46187.9,58745.2,60507.4,281.2488021850586,18.0,1.0,0.7,48670.7,52148.0,65781.2,68001.9,, None, None, None, None,,,,,
800.5458068847656,C43 H79 O10 N1 P1 ,PS,37.0,2.0,0.0,PS 37:2:0,1.37,156370.1,152494.6,202970.9,238486.3,293.2489700317383,19.0,2.0,1.24,2192.6,2795.4,2964.7,2382.9,283.26446533203125,18.0,0.0,0.74,9879.5,10141.2,12874.7,13619.5,, None, None, None, None,,,,,
800.5458068847656,C43 H79 O10 N1 P1 ,PS,37.0,2.0,0.0,PS 37:2:0,1.37,156370.1,152494.6,202970.9,238486.3,283.26446533203125,18.0,0.0,0.74,9879.5,10141.2,12874.7,13619.5,293.2489700317383,19.0,2.0,1.24,2192.6,2795.4,2964.7,2382.9,, None, None, None, None,,,,,
800.5458068847656,C43 H79 O10 N1 P1 ,PS,37.0,2.0,0.0,PS 37:2:0,1.37,156370.1,152494.6,202970.9,238486.3,281.2488021850586,18.0,1.0,0.7,48670.7,52148.0,65781.2,68001.9,295.2643737792969,19.0,1.0,0.4,42829.4,46187.9,58745.2,60507.4,, None, None, None, None,,,,,
800.5458068847656,C43 H79 O10 N1 P1 ,PS,37.0,2.0,0.0,PS 37:2:0,1.37,156370.1,152494.6,202970.9,238486.3,279.23319244384766,18.0,2.0,0.85,588.0,681.7,1109.3,688.7,297.2801284790039,19.0,0.0,0.75,811.8,776.6,793.7,975.0,, None, None, None, None,,,,,
800.5458068847656,C43 H79 O10 N1 P1 ,PS,37.0,2.0,0.0,PS 37:2:0,1.37,156370.1,152494.6,202970.9,238486.3,269.24889373779297,17.0,0.0,1.07,3345.4,3704.6,4737.2,5057.1,307.26446533203125,20.0,2.0,0.68,1525.1,1527.2,1645.0,2422.6,, None, None, None, None,,,,,
800.5458068847656,C43 H79 O10 N1 P1 ,PS,37.0,2.0,0.0,PS 37:2:0,1.37,156370.1,152494.6,202970.9,238486.3,267.23321533203125,17.0,1.0,0.97,1201.1,1293.6,1812.9,1766.1,309.28011322021484,20.0,1.0,0.67,2174.7,1971.6,2410.6,2706.2,, None, None, None, None,,,,,
802.5612640380859,C43 H81 O10 N1 P1 ,PS,37.0,1.0,0.0,PS 37:1:0,1.13,481712.3,528651.1,656655.5,762700.6,309.28016662597656,20.0,1.0,0.84,6464.5,6489.3,7185.6,7889.0,269.24888610839844,17.0,0.0,1.04,16052.8,16610.0,20544.9,21326.2,, None, None, None, None,,,,,
802.5612640380859,C43 H81 O10 N1 P1 ,PS,37.0,1.0,0.0,PS 37:1:0,1.13,481712.3,528651.1,656655.5,762700.6,297.28002166748047,19.0,0.0,0.39,72949.7,70054.9,92488.6,88335.3,281.2487869262696,18.0,1.0,0.65,77084.8,79101.5,98430.2,105306.4,, None, None, None, None,,,,,
802.5612640380859,C43 H81 O10 N1 P1 ,PS,37.0,1.0,0.0,PS 37:1:0,1.13,481712.3,528651.1,656655.5,762700.6,295.2643585205078,19.0,1.0,0.35,32084.4,30294.8,37020.3,43910.5,283.2644577026367,18.0,0.0,0.71,138304.5,148766.4,184501.1,198911.3,, None, None, None, None,,,,,
802.5612640380859,C43 H81 O10 N1 P1 ,PS,37.0,1.0,0.0,PS 37:1:0,1.13,481712.3,528651.1,656655.5,762700.6,283.2644577026367,18.0,0.0,0.71,138304.5,148766.4,184501.1,198911.3,295.2643585205078,19.0,1.0,0.35,32084.4,30294.8,37020.3,43910.5,, None, None, None, None,,,,,
802.5612640380859,C43 H81 O10 N1 P1 ,PS,37.0,1.0,0.0,PS 37:1:0,1.13,481712.3,528651.1,656655.5,762700.6,281.2487869262696,18.0,1.0,0.65,77084.8,79101.5,98430.2,105306.4,297.28002166748047,19.0,0.0,0.39,72949.7,70054.9,92488.6,88335.3,, None, None, None, None,,,,,
802.5612640380859,C43 H81 O10 N1 P1 ,PS,37.0,1.0,0.0,PS 37:1:0,1.13,481712.3,528651.1,656655.5,762700.6,269.24888610839844,17.0,0.0,1.04,16052.8,16610.0,20544.9,21326.2,309.28016662597656,20.0,1.0,0.84,6464.5,6489.3,7185.6,7889.0,, None, None, None, None,,,,,
804.5770721435547,C43 H83 O10 N1 P1 ,PS,37.0,0.0,0.0,PS 37:0:0,1.32,90107.8,87619.1,120579.8,121534.7,297.2800369262696,19.0,0.0,0.44,-1.7,-1.7,-1.7,-1.7,283.26444244384766,18.0,0.0,0.66,27243.5,27441.9,31769.4,32286.4,, None, None, None, None,,,,,
804.5770721435547,C43 H83 O10 N1 P1 ,PS,37.0,0.0,0.0,PS 37:0:0,1.32,90107.8,87619.1,120579.8,121534.7,283.26444244384766,18.0,0.0,0.66,27243.5,27441.9,31769.4,32286.4,297.2800369262696,19.0,0.0,0.44,-1.7,-1.7,-1.7,-1.7,, None, None, None, None,,,,,
806.4991149902344,C44 H73 O10 N1 P1 ,PS,38.0,6.0,0.0,PS 38:6:0,1.68,137681.6,159146.2,204618.0,257128.6,329.2489776611328,22.0,5.0,1.13,436.5,476.9,714.9,793.0,253.21743392944336,16.0,1.0,0.51,1114.5,1373.8,1390.8,1421.2,, None, None, None, None,,,,,
806.4991149902344,C44 H73 O10 N1 P1 ,PS,38.0,6.0,0.0,PS 38:6:0,1.68,137681.6,159146.2,204618.0,257128.6,327.2332077026367,22.0,6.0,0.77,22129.0,22868.1,29415.9,30939.0,255.23303985595703,16.0,0.0,0.33,88440.1,95473.3,123379.1,126029.9,, None, None, None, None,,,,,
806.4991149902344,C44 H73 O10 N1 P1 ,PS,38.0,6.0,0.0,PS 38:6:0,1.68,137681.6,159146.2,204618.0,257128.6,303.2332000732422,20.0,4.0,0.81,864.8,903.0,1153.9,1019.2,279.2331237792969,18.0,2.0,0.6,3879.5,4111.8,5540.2,6008.1,, None, None, None, None,,,,,
806.4991149902344,C44 H73 O10 N1 P1 ,PS,38.0,6.0,0.0,PS 38:6:0,1.68,137681.6,159146.2,204618.0,257128.6,279.2331237792969,18.0,2.0,0.6,3879.5,4111.8,5540.2,6008.1,303.2332000732422,20.0,4.0,0.81,864.8,903.0,1153.9,1019.2,, None, None, None, None,,,,,
806.4991149902344,C44 H73 O10 N1 P1 ,PS,38.0,6.0,0.0,PS 38:6:0,1.68,137681.6,159146.2,204618.0,257128.6,255.23303985595703,16.0,0.0,0.33,88440.1,95473.3,123379.1,126029.9,327.2332077026367,22.0,6.0,0.77,22129.0,22868.1,29415.9,30939.0,, None, None, None, None,,,,,
806.4991149902344,C44 H73 O10 N1 P1 ,PS,38.0,6.0,0.0,PS 38:6:0,1.68,137681.6,159146.2,204618.0,257128.6,253.21743392944336,16.0,1.0,0.51,1114.5,1373.8,1390.8,1421.2,329.2489776611328,22.0,5.0,1.13,436.5,476.9,714.9,793.0,, None, None, None, None,,,,,
808.5135803222656,C44 H75 O10 N1 P1 ,PS,38.0,5.0,0.0,PS 38:5:0,0.21,550523.5,568835.4,788154.9,952566.8,329.2488555908203,22.0,5.0,0.76,25039.6,22091.2,30283.7,33985.3,255.2330665588379,16.0,0.0,0.44,77712.9,85683.9,112123.4,104411.6,, None, None, None, None,,,,,
808.5135803222656,C44 H75 O10 N1 P1 ,PS,38.0,5.0,0.0,PS 38:5:0,0.21,550523.5,568835.4,788154.9,952566.8,303.2331237792969,20.0,4.0,0.56,52814.1,56206.9,75385.7,76845.4,281.248779296875,18.0,1.0,0.62,339150.1,348777.6,494162.6,474893.8,, None, None, None, None,,,,,
808.5135803222656,C44 H75 O10 N1 P1 ,PS,38.0,5.0,0.0,PS 38:5:0,0.21,550523.5,568835.4,788154.9,952566.8,281.248779296875,18.0,1.0,0.62,339150.1,348777.6,494162.6,474893.8,303.2331237792969,20.0,4.0,0.56,52814.1,56206.9,75385.7,76845.4,, None, None, None, None,,,,,
808.5135803222656,C44 H75 O10 N1 P1 ,PS,38.0,5.0,0.0,PS 38:5:0,0.21,550523.5,568835.4,788154.9,952566.8,255.2330665588379,16.0,0.0,0.44,77712.9,85683.9,112123.4,104411.6,329.2488555908203,22.0,5.0,0.76,25039.6,22091.2,30283.7,33985.3,, None, None, None, None,,,,,
810.5290069580078,C44 H77 O10 N1 P1 ,PS,38.0,4.0,0.0,PS 38:4:0,-0.06,5125154.4,5560513.4,7563425.6,8446008.1,331.264404296875,22.0,4.0,0.45,35452.9,0.0,0.0,0.0,255.2330474853516,16.0,0.0,0.36,59461.4,36584.0,63752.7,50900.3,, None, None, None, None,,,,,
810.5290069580078,C44 H77 O10 N1 P1 ,PS,38.0,4.0,0.0,PS 38:4:0,-0.06,5125154.4,5560513.4,7563425.6,8446008.1,305.2488555908203,20.0,3.0,0.82,37187.8,51671.8,63734.5,68024.4,281.248779296875,18.0,1.0,0.62,468366.2,463851.1,776721.5,694652.0,, None, None, None, None,,,,,
810.5290069580078,C44 H77 O10 N1 P1 ,PS,38.0,4.0,0.0,PS 38:4:0,-0.06,5125154.4,5560513.4,7563425.6,8446008.1,303.2331085205078,20.0,4.0,0.51,540304.4,592614.4,683063.6,746778.8,283.2644577026367,18.0,0.0,0.71,2484419.4,2554240.2,3467772.8,3515800.9,, None, None, None, None,,,,,
810.5290069580078,C44 H77 O10 N1 P1 ,PS,38.0,4.0,0.0,PS 38:4:0,-0.06,5125154.4,5560513.4,7563425.6,8446008.1,283.2644577026367,18.0,0.0,0.71,2484419.4,2554240.2,3467772.8,3515800.9,303.2331085205078,20.0,4.0,0.51,540304.4,592614.4,683063.6,746778.8,, None, None, None, None,,,,,
810.5290069580078,C44 H77 O10 N1 P1 ,PS,38.0,4.0,0.0,PS 38:4:0,-0.06,5125154.4,5560513.4,7563425.6,8446008.1,281.248779296875,18.0,1.0,0.62,468366.2,463851.1,776721.5,694652.0,305.2488555908203,20.0,3.0,0.82,37187.8,51671.8,63734.5,68024.4,, None, None, None, None,,,,,
810.5290069580078,C44 H77 O10 N1 P1 ,PS,38.0,4.0,0.0,PS 38:4:0,-0.06,5125154.4,5560513.4,7563425.6,8446008.1,255.2330474853516,16.0,0.0,0.36,59461.4,36584.0,63752.7,50900.3,331.264404296875,22.0,4.0,0.45,35452.9,0.0,0.0,0.0,, None, None, None, None,,,,,
812.5458984375,C44 H79 O10 N1 P1 ,PS,38.0,3.0,0.0,PS 38:3:0,1.46,1589301.9,1727551.0,2144865.7,2511844.9,307.2644500732422,20.0,2.0,0.63,103212.7,103522.9,126720.0,145815.1,281.2487869262696,18.0,1.0,0.65,114399.3,112307.1,169848.2,160510.9,, None, None, None, None,,,,,
812.5458984375,C44 H79 O10 N1 P1 ,PS,38.0,3.0,0.0,PS 38:3:0,1.46,1589301.9,1727551.0,2144865.7,2511844.9,305.24876403808594,20.0,3.0,0.52,262756.2,311832.5,363814.7,373460.6,283.2644500732422,18.0,0.0,0.69,660765.8,697966.5,947304.1,1016478.5,, None, None, None, None,,,,,
812.5458984375,C44 H79 O10 N1 P1 ,PS,38.0,3.0,0.0,PS 38:3:0,1.46,1589301.9,1727551.0,2144865.7,2511844.9,283.2644500732422,18.0,0.0,0.69,660765.8,697966.5,947304.1,1016478.5,305.24876403808594,20.0,3.0,0.52,262756.2,311832.5,363814.7,373460.6,, None, None, None, None,,,,,
812.5458984375,C44 H79 O10 N1 P1 ,PS,38.0,3.0,0.0,PS 38:3:0,1.46,1589301.9,1727551.0,2144865.7,2511844.9,281.2487869262696,18.0,1.0,0.65,114399.3,112307.1,169848.2,160510.9,307.2644500732422,20.0,2.0,0.63,103212.7,103522.9,126720.0,145815.1,, None, None, None, None,,,,,
814.5528564453125,C44 H81 O10 N1 P1 ,PS,38.0,2.0,0.0,PS 38:2:0,-9.21,2297420.0,2473040.9,3162936.2,3526472.8,309.2801208496094,20.0,1.0,0.7,512659.3,526168.1,714338.0,668767.3,281.24877166748047,18.0,1.0,0.59,501651.6,575008.9,704185.8,691661.1,, None, None, None, None,,,,,
814.5528564453125,C44 H81 O10 N1 P1 ,PS,38.0,2.0,0.0,PS 38:2:0,-9.21,2297420.0,2473040.9,3162936.2,3526472.8,307.2644348144531,20.0,2.0,0.58,264751.1,255675.8,335537.7,339667.9,283.26444244384766,18.0,0.0,0.66,626270.3,652140.2,817052.2,774907.0,, None, None, None, None,,,,,
814.5528564453125,C44 H81 O10 N1 P1 ,PS,38.0,2.0,0.0,PS 38:2:0,-9.21,2297420.0,2473040.9,3162936.2,3526472.8,283.26444244384766,18.0,0.0,0.66,626270.3,652140.2,817052.2,774907.0,307.2644348144531,20.0,2.0,0.58,264751.1,255675.8,335537.7,339667.9,, None, None, None, None,,,,,
814.5528564453125,C44 H81 O10 N1 P1 ,PS,38.0,2.0,0.0,PS 38:2:0,-9.21,2297420.0,2473040.9,3162936.2,3526472.8,281.24877166748047,18.0,1.0,0.59,501651.6,575008.9,704185.8,691661.1,309.2801208496094,20.0,1.0,0.7,512659.3,526168.1,714338.0,668767.3,, None, None, None, None,,,,,
816.5688934326172,C44 H83 O10 N1 P1 ,PS,38.0,1.0,0.0,PS 38:1:0,-8.71,3876716.0,4181255.7,5332546.2,5941397.9,311.29576110839844,20.0,0.0,0.66,220978.5,256945.1,322458.2,294926.3,281.24877166748047,18.0,1.0,0.59,154020.5,151384.4,178794.0,189764.1,, None, None, None, None,,,,,
816.5688934326172,C44 H83 O10 N1 P1 ,PS,38.0,1.0,0.0,PS 38:1:0,-8.71,3876716.0,4181255.7,5332546.2,5941397.9,309.2801055908203,20.0,1.0,0.65,758493.5,782709.5,961807.3,1035525.2,283.26444244384766,18.0,0.0,0.66,1736859.9,1874930.2,2334853.0,2385944.8,, None, None, None, None,,,,,
816.5688934326172,C44 H83 O10 N1 P1 ,PS,38.0,1.0,0.0,PS 38:1:0,-8.71,3876716.0,4181255.7,5332546.2,5941397.9,283.26444244384766,18.0,0.0,0.66,1736859.9,1874930.2,2334853.0,2385944.8,309.2801055908203,20.0,1.0,0.65,758493.5,782709.5,961807.3,1035525.2,, None, None, None, None,,,,,
816.5688934326172,C44 H83 O10 N1 P1 ,PS,38.0,1.0,0.0,PS 38:1:0,-8.71,3876716.0,4181255.7,5332546.2,5941397.9,281.24877166748047,18.0,1.0,0.59,154020.5,151384.4,178794.0,189764.1,311.29576110839844,20.0,0.0,0.66,220978.5,256945.1,322458.2,294926.3,, None, None, None, None,,,,,
820.5145568847656,C45 H75 O10 N1 P1 ,PS,39.0,6.0,0.0,PS 39:6:0,1.4,29312.0,27802.9,0.0,0.0,327.2332077026367,22.0,6.0,0.77,4036.1,3685.7,4701.7,5267.5,269.2488708496094,17.0,0.0,0.99,14274.0,15325.2,19991.6,20876.1,, None, None, None, None,,,,,
820.5145568847656,C45 H75 O10 N1 P1 ,PS,39.0,6.0,0.0,PS 39:6:0,1.4,29312.0,27802.9,0.0,0.0,269.2488708496094,17.0,0.0,0.99,14274.0,15325.2,19991.6,20876.1,327.2332077026367,22.0,6.0,0.77,4036.1,3685.7,4701.7,5267.5,, None, None, None, None,,,,,
822.5300089518229,C45 H77 O10 N1 P1 ,PS,39.0,5.0,0.0,PS 39:5:0,1.15,19120.5,0.0,34297.3,43214.1,331.26451110839844,22.0,4.0,0.77,585.2,587.8,760.1,874.0,267.23313903808594,17.0,1.0,0.69,527.3,429.0,629.6,498.6,, None, None, None, None,,,,,
822.5300089518229,C45 H77 O10 N1 P1 ,PS,39.0,5.0,0.0,PS 39:5:0,1.15,19120.5,0.0,34297.3,43214.1,329.24889373779297,22.0,5.0,0.88,3136.0,2968.9,4516.5,4233.8,269.2488784790039,17.0,0.0,1.01,9553.7,10621.9,13752.0,13444.3,, None, None, None, None,,,,,
822.5300089518229,C45 H77 O10 N1 P1 ,PS,39.0,5.0,0.0,PS 39:5:0,1.15,19120.5,0.0,34297.3,43214.1,315.2330017089844,21.0,5.0,0.15,0.0,0.0,432.0,0.0,283.2644729614258,18.0,0.0,0.77,5646.6,6162.3,6804.5,7838.4,, None, None, None, None,,,,,
822.5300089518229,C45 H77 O10 N1 P1 ,PS,39.0,5.0,0.0,PS 39:5:0,1.15,19120.5,0.0,34297.3,43214.1,303.2331314086914,20.0,4.0,0.58,805.6,773.6,921.0,1376.6,295.26439666748047,19.0,1.0,0.48,3417.7,3326.9,4726.1,4667.1,, None, None, None, None,,,,,
822.5300089518229,C45 H77 O10 N1 P1 ,PS,39.0,5.0,0.0,PS 39:5:0,1.15,19120.5,0.0,34297.3,43214.1,295.26439666748047,19.0,1.0,0.48,3417.7,3326.9,4726.1,4667.1,303.2331314086914,20.0,4.0,0.58,805.6,773.6,921.0,1376.6,, None, None, None, None,,,,,
822.5300089518229,C45 H77 O10 N1 P1 ,PS,39.0,5.0,0.0,PS 39:5:0,1.15,19120.5,0.0,34297.3,43214.1,283.2644729614258,18.0,0.0,0.77,5646.6,6162.3,6804.5,7838.4,315.2330017089844,21.0,5.0,0.15,0.0,0.0,432.0,0.0,, None, None, None, None,,,,,
822.5300089518229,C45 H77 O10 N1 P1 ,PS,39.0,5.0,0.0,PS 39:5:0,1.15,19120.5,0.0,34297.3,43214.1,269.2488784790039,17.0,0.0,1.01,9553.7,10621.9,13752.0,13444.3,329.24889373779297,22.0,5.0,0.88,3136.0,2968.9,4516.5,4233.8,, None, None, None, None,,,,,
822.5300089518229,C45 H77 O10 N1 P1 ,PS,39.0,5.0,0.0,PS 39:5:0,1.15,19120.5,0.0,34297.3,43214.1,267.23313903808594,17.0,1.0,0.69,527.3,429.0,629.6,498.6,331.26451110839844,22.0,4.0,0.77,585.2,587.8,760.1,874.0,, None, None, None, None,,,,,
824.5461730957031,C45 H79 O10 N1 P1 ,PS,39.0,4.0,0.0,PS 39:4:0,1.78,67768.0,88195.1,99701.2,110138.9,331.2645492553711,22.0,4.0,0.89,7841.8,6794.5,8326.0,9208.9,269.2488784790039,17.0,0.0,1.01,13671.0,15083.5,19679.0,22210.2,, None, None, None, None,,,,,
824.5461730957031,C45 H79 O10 N1 P1 ,PS,39.0,4.0,0.0,PS 39:4:0,1.78,67768.0,88195.1,99701.2,110138.9,319.2644271850586,21.0,3.0,0.54,2953.1,2800.0,4239.9,4900.3,281.2487869262696,18.0,1.0,0.65,135248.8,132184.8,210155.0,198069.8,, None, None, None, None,,,,,
824.5461730957031,C45 H79 O10 N1 P1 ,PS,39.0,4.0,0.0,PS 39:4:0,1.78,67768.0,88195.1,99701.2,110138.9,317.2487487792969,21.0,4.0,0.45,0.0,1036.2,0.0,0.0,283.2644500732422,18.0,0.0,0.69,25623.2,28556.7,40463.5,35978.0,, None, None, None, None,,,,,
824.5461730957031,C45 H79 O10 N1 P1 ,PS,39.0,4.0,0.0,PS 39:4:0,1.78,67768.0,88195.1,99701.2,110138.9,303.2331771850586,20.0,4.0,0.73,5266.6,5231.8,6149.2,7123.3,297.2800598144531,19.0,0.0,0.52,6348.0,7080.5,8668.9,7738.9,, None, None, None, None,,,,,
824.5461730957031,C45 H79 O10 N1 P1 ,PS,39.0,4.0,0.0,PS 39:4:0,1.78,67768.0,88195.1,99701.2,110138.9,297.2800598144531,19.0,0.0,0.52,6348.0,7080.5,8668.9,7738.9,303.2331771850586,20.0,4.0,0.73,5266.6,5231.8,6149.2,7123.3,, None, None, None, None,,,,,
824.5461730957031,C45 H79 O10 N1 P1 ,PS,39.0,4.0,0.0,PS 39:4:0,1.78,67768.0,88195.1,99701.2,110138.9,283.2644500732422,18.0,0.0,0.69,25623.2,28556.7,40463.5,35978.0,317.2487487792969,21.0,4.0,0.45,0.0,1036.2,0.0,0.0,, None, None, None, None,,,,,
824.5461730957031,C45 H79 O10 N1 P1 ,PS,39.0,4.0,0.0,PS 39:4:0,1.78,67768.0,88195.1,99701.2,110138.9,281.2487869262696,18.0,1.0,0.65,135248.8,132184.8,210155.0,198069.8,319.2644271850586,21.0,3.0,0.54,2953.1,2800.0,4239.9,4900.3,, None, None, None, None,,,,,
824.5461730957031,C45 H79 O10 N1 P1 ,PS,39.0,4.0,0.0,PS 39:4:0,1.78,67768.0,88195.1,99701.2,110138.9,269.2488784790039,17.0,0.0,1.01,13671.0,15083.5,19679.0,22210.2,331.2645492553711,22.0,4.0,0.89,7841.8,6794.5,8326.0,9208.9,, None, None, None, None,,,,,
826.5615234375,C45 H81 O10 N1 P1 ,PS,39.0,3.0,0.0,PS 39:3:0,1.41,100528.1,98176.3,128895.1,153287.3,319.26441955566406,21.0,3.0,0.51,17014.8,17322.0,22425.6,23651.7,283.2644577026367,18.0,0.0,0.71,653664.9,669813.9,961918.1,990167.5,, None, None, None, None,,,,,
826.5615234375,C45 H81 O10 N1 P1 ,PS,39.0,3.0,0.0,PS 39:3:0,1.41,100528.1,98176.3,128895.1,153287.3,283.2644577026367,18.0,0.0,0.71,653664.9,669813.9,961918.1,990167.5,319.26441955566406,21.0,3.0,0.51,17014.8,17322.0,22425.6,23651.7,, None, None, None, None,,,,,
828.5728912353516,C45 H83 O10 N1 P1 ,PS,39.0,2.0,0.0,PS 39:2:0,-3.76,95543.2,51666.3,107520.2,120274.3,323.2957229614258,21.0,1.0,0.52,15162.5,15626.0,23950.9,20443.8,281.24879455566406,18.0,1.0,0.67,47798.6,48595.6,69793.4,91080.2,, None, None, None, None,,,,,
828.5728912353516,C45 H83 O10 N1 P1 ,PS,39.0,2.0,0.0,PS 39:2:0,-3.76,95543.2,51666.3,107520.2,120274.3,321.2800699869792,21.0,2.0,0.51,4672.5,5341.9,0.0,7142.9,283.2644577026367,18.0,0.0,0.71,60122.9,58814.2,99689.8,91262.4,, None, None, None, None,,,,,
828.5728912353516,C45 H83 O10 N1 P1 ,PS,39.0,2.0,0.0,PS 39:2:0,-3.76,95543.2,51666.3,107520.2,120274.3,309.28014373779297,20.0,1.0,0.77,4455.5,4780.9,6336.8,6771.3,295.2643585205078,19.0,1.0,0.35,5627.5,6214.1,5537.4,6074.0,, None, None, None, None,,,,,
828.5728912353516,C45 H83 O10 N1 P1 ,PS,39.0,2.0,0.0,PS 39:2:0,-3.76,95543.2,51666.3,107520.2,120274.3,295.2643585205078,19.0,1.0,0.35,5627.5,6214.1,5537.4,6074.0,309.28014373779297,20.0,1.0,0.77,4455.5,4780.9,6336.8,6771.3,, None, None, None, None,,,,,
828.5728912353516,C45 H83 O10 N1 P1 ,PS,39.0,2.0,0.0,PS 39:2:0,-3.76,95543.2,51666.3,107520.2,120274.3,283.2644577026367,18.0,0.0,0.71,60122.9,58814.2,99689.8,91262.4,321.2800699869792,21.0,2.0,0.51,4672.5,5341.9,0.0,7142.9,, None, None, None, None,,,,,
828.5728912353516,C45 H83 O10 N1 P1 ,PS,39.0,2.0,0.0,PS 39:2:0,-3.76,95543.2,51666.3,107520.2,120274.3,281.24879455566406,18.0,1.0,0.67,47798.6,48595.6,69793.4,91080.2,323.2957229614258,21.0,1.0,0.52,15162.5,15626.0,23950.9,20443.8,, None, None, None, None,,,,,
830.4971923828125,C46 H73 O10 N1 P1 ,PS,40.0,8.0,0.0,PS 40:8:0,-0.68,26803.9,0.0,38041.3,51434.9,327.23316955566406,22.0,6.0,0.65,1802.6,1934.1,0.0,0.0,279.23309326171875,18.0,2.0,0.49,1982.4,2390.7,3309.6,3282.6,, None, None, None, None,,,,,
830.4971923828125,C46 H73 O10 N1 P1 ,PS,40.0,8.0,0.0,PS 40:8:0,-0.68,26803.9,0.0,38041.3,51434.9,303.2331314086914,20.0,4.0,0.58,4314.6,4262.4,6351.1,5365.5,303.2331314086914,20.0,4.0,0.58,4314.6,4262.4,6351.1,5365.5,, None, None, None, None,,,,,
830.4971923828125,C46 H73 O10 N1 P1 ,PS,40.0,8.0,0.0,PS 40:8:0,-0.68,26803.9,0.0,38041.3,51434.9,279.23309326171875,18.0,2.0,0.49,1982.4,2390.7,3309.6,3282.6,327.23316955566406,22.0,6.0,0.65,1802.6,1934.1,0.0,0.0,, None, None, None, None,,,,,
830.5932006835938,C45 H85 O10 N1 P1 ,PS,39.0,1.0,0.0,PS 39:1:0,1.86,136240.4,177152.4,215328.6,240517.1,353.3426818847656,23.0,0.0,0.5,0.0,493.4,0.0,0.0,253.2173614501953,16.0,1.0,0.22,0.0,585.2,0.0,0.0,, None, None, None, None,,,,,
830.5932006835938,C45 H85 O10 N1 P1 ,PS,39.0,1.0,0.0,PS 39:1:0,1.86,136240.4,177152.4,215328.6,240517.1,339.32696533203125,22.0,0.0,0.32,0.0,1400.7,1531.5,0.0,267.2332458496094,17.0,1.0,1.09,0.0,1198.0,0.0,3032.5,, None, None, None, None,,,,,
830.5932006835938,C45 H85 O10 N1 P1 ,PS,39.0,1.0,0.0,PS 39:1:0,1.86,136240.4,177152.4,215328.6,240517.1,337.3114013671875,22.0,1.0,0.58,0.0,744.9,0.0,0.0,269.24888610839844,17.0,0.0,1.04,2216.6,2032.0,1803.4,2212.2,, None, None, None, None,,,,,
830.5932006835938,C45 H85 O10 N1 P1 ,PS,39.0,1.0,0.0,PS 39:1:0,1.86,136240.4,177152.4,215328.6,240517.1,325.31140899658203,21.0,0.0,0.63,43136.7,44867.2,56957.1,59336.7,281.24879455566406,18.0,1.0,0.67,86891.8,97556.9,115516.2,124425.6,, None, None, None, None,,,,,
830.5932006835938,C45 H85 O10 N1 P1 ,PS,39.0,1.0,0.0,PS 39:1:0,1.86,136240.4,177152.4,215328.6,240517.1,323.2957229614258,21.0,1.0,0.52,8131.1,9988.3,12367.0,12808.4,283.2644577026367,18.0,0.0,0.71,50410.6,62372.2,82255.9,125041.1,, None, None, None, None,,,,,
830.5932006835938,C45 H85 O10 N1 P1 ,PS,39.0,1.0,0.0,PS 39:1:0,1.86,136240.4,177152.4,215328.6,240517.1,311.2957763671875,20.0,0.0,0.71,0.0,844.7,0.0,0.0,295.26434326171875,19.0,1.0,0.3,0.0,-1.7,0.0,0.0,, None, None, None, None,,,,,
830.5932006835938,C45 H85 O10 N1 P1 ,PS,39.0,1.0,0.0,PS 39:1:0,1.86,136240.4,177152.4,215328.6,240517.1,309.2801055908203,20.0,1.0,0.65,4724.5,5272.0,6413.4,8049.6,297.28004455566406,19.0,0.0,0.47,5816.5,6328.9,10235.3,8380.9,, None, None, None, None,,,,,
830.5932006835938,C45 H85 O10 N1 P1 ,PS,39.0,1.0,0.0,PS 39:1:0,1.86,136240.4,177152.4,215328.6,240517.1,297.28004455566406,19.0,0.0,0.47,5816.5,6328.9,10235.3,8380.9,309.2801055908203,20.0,1.0,0.65,4724.5,5272.0,6413.4,8049.6,, None, None, None, None,,,,,
830.5932006835938,C45 H85 O10 N1 P1 ,PS,39.0,1.0,0.0,PS 39:1:0,1.86,136240.4,177152.4,215328.6,240517.1,295.26434326171875,19.0,1.0,0.3,0.0,-1.7,0.0,0.0,311.2957763671875,20.0,0.0,0.71,0.0,844.7,0.0,0.0,, None, None, None, None,,,,,
830.5932006835938,C45 H85 O10 N1 P1 ,PS,39.0,1.0,0.0,PS 39:1:0,1.86,136240.4,177152.4,215328.6,240517.1,283.2644577026367,18.0,0.0,0.71,50410.6,62372.2,82255.9,125041.1,323.2957229614258,21.0,1.0,0.52,8131.1,9988.3,12367.0,12808.4,, None, None, None, None,,,,,
830.5932006835938,C45 H85 O10 N1 P1 ,PS,39.0,1.0,0.0,PS 39:1:0,1.86,136240.4,177152.4,215328.6,240517.1,281.24879455566406,18.0,1.0,0.67,86891.8,97556.9,115516.2,124425.6,325.31140899658203,21.0,0.0,0.63,43136.7,44867.2,56957.1,59336.7,, None, None, None, None,,,,,
830.5932006835938,C45 H85 O10 N1 P1 ,PS,39.0,1.0,0.0,PS 39:1:0,1.86,136240.4,177152.4,215328.6,240517.1,269.24888610839844,17.0,0.0,1.04,2216.6,2032.0,1803.4,2212.2,337.3114013671875,22.0,1.0,0.58,0.0,744.9,0.0,0.0,, None, None, None, None,,,,,
830.5932006835938,C45 H85 O10 N1 P1 ,PS,39.0,1.0,0.0,PS 39:1:0,1.86,136240.4,177152.4,215328.6,240517.1,267.2332458496094,17.0,1.0,1.09,0.0,1198.0,0.0,3032.5,339.32696533203125,22.0,0.0,0.32,0.0,1400.7,1531.5,0.0,, None, None, None, None,,,,,
830.5932006835938,C45 H85 O10 N1 P1 ,PS,39.0,1.0,0.0,PS 39:1:0,1.86,136240.4,177152.4,215328.6,240517.1,253.2173614501953,16.0,1.0,0.22,0.0,585.2,0.0,0.0,353.3426818847656,23.0,0.0,0.5,0.0,493.4,0.0,0.0,, None, None, None, None,,,,,
832.5138549804688,C46 H75 O10 N1 P1 ,PS,40.0,7.0,0.0,PS 40:7:0,0.54,242714.3,263470.9,339643.1,405273.9,327.2331848144531,22.0,6.0,0.7,27712.1,26472.4,35333.3,33057.8,281.248779296875,18.0,1.0,0.62,167509.5,179313.8,223038.6,226450.2,, None, None, None, None,,,,,
832.5138549804688,C46 H75 O10 N1 P1 ,PS,40.0,7.0,0.0,PS 40:7:0,0.54,242714.3,263470.9,339643.1,405273.9,305.24879455566406,20.0,3.0,0.62,2897.1,3577.4,4644.6,5059.4,303.2331237792969,20.0,4.0,0.56,24897.8,27325.6,40140.1,36508.1,, None, None, None, None,,,,,
832.5138549804688,C46 H75 O10 N1 P1 ,PS,40.0,7.0,0.0,PS 40:7:0,0.54,242714.3,263470.9,339643.1,405273.9,303.2331237792969,20.0,4.0,0.56,24897.8,27325.6,40140.1,36508.1,305.24879455566406,20.0,3.0,0.62,2897.1,3577.4,4644.6,5059.4,, None, None, None, None,,,,,
832.5138549804688,C46 H75 O10 N1 P1 ,PS,40.0,7.0,0.0,PS 40:7:0,0.54,242714.3,263470.9,339643.1,405273.9,281.248779296875,18.0,1.0,0.62,167509.5,179313.8,223038.6,226450.2,327.2331848144531,22.0,6.0,0.7,27712.1,26472.4,35333.3,33057.8,, None, None, None, None,,,,,
832.6002502441406,C45 H87 O10 N1 P1 ,PS,39.0,0.0,0.0,PS 39:0:0,-8.48,0.0,-1.7,-1.7,0.0,325.3114624023437,21.0,0.0,0.79,-1.7,-1.7,0.0,0.0,283.2644500732422,18.0,0.0,0.69,88930.4,83489.7,113688.9,111568.8,, None, None, None, None,,,,,
832.6002502441406,C45 H87 O10 N1 P1 ,PS,39.0,0.0,0.0,PS 39:0:0,-8.48,0.0,-1.7,-1.7,0.0,283.2644500732422,18.0,0.0,0.69,88930.4,83489.7,113688.9,111568.8,325.3114624023437,21.0,0.0,0.79,-1.7,-1.7,0.0,0.0,, None, None, None, None,,,,,
834.5303039550781,C46 H77 O10 N1 P1 ,PS,40.0,6.0,0.0,PS 40:6:0,1.49,14247009.4,15131412.8,19484205.4,21846640.1,327.23316955566406,22.0,6.0,0.65,2052032.1,2495882.7,2909258.4,3053248.0,283.2644348144531,18.0,0.0,0.63,9308510.9,10663706.6,12417131.0,12485690.6,, None, None, None, None,,,,,
834.5303039550781,C46 H77 O10 N1 P1 ,PS,40.0,6.0,0.0,PS 40:6:0,1.49,14247009.4,15131412.8,19484205.4,21846640.1,283.2644348144531,18.0,0.0,0.63,9308510.9,10663706.6,12417131.0,12485690.6,327.23316955566406,22.0,6.0,0.65,2052032.1,2495882.7,2909258.4,3053248.0,, None, None, None, None,,,,,
836.5375366210938,C46 H79 O10 N1 P1 ,PS,40.0,5.0,0.0,PS 40:5:0,-8.57,4930950.6,5411731.5,6708083.9,7678339.7,331.2645492553711,22.0,4.0,0.89,114835.8,124898.4,130202.7,138541.5,281.2488021850586,18.0,1.0,0.7,202653.9,208322.6,272111.0,304774.9,, None, None, None, None,,,,,
836.5375366210938,C46 H79 O10 N1 P1 ,PS,40.0,5.0,0.0,PS 40:5:0,-8.57,4930950.6,5411731.5,6708083.9,7678339.7,329.2488708496094,22.0,5.0,0.81,1626872.1,1612481.2,2215538.5,2194142.5,283.26446533203125,18.0,0.0,0.74,6084814.0,6063146.0,7699412.9,7931121.0,, None, None, None, None,,,,,
836.5375366210938,C46 H79 O10 N1 P1 ,PS,40.0,5.0,0.0,PS 40:5:0,-8.57,4930950.6,5411731.5,6708083.9,7678339.7,283.26446533203125,18.0,0.0,0.74,6084814.0,6063146.0,7699412.9,7931121.0,329.2488708496094,22.0,5.0,0.81,1626872.1,1612481.2,2215538.5,2194142.5,, None, None, None, None,,,,,
836.5375366210938,C46 H79 O10 N1 P1 ,PS,40.0,5.0,0.0,PS 40:5:0,-8.57,4930950.6,5411731.5,6708083.9,7678339.7,281.2488021850586,18.0,1.0,0.7,202653.9,208322.6,272111.0,304774.9,331.2645492553711,22.0,4.0,0.89,114835.8,124898.4,130202.7,138541.5,, None, None, None, None,,,,,
838.5528106689453,C46 H81 O10 N1 P1 ,PS,40.0,4.0,0.0,PS 40:4:0,-9.0,5548817.5,6017420.4,7728022.3,8725717.3,333.28023529052734,22.0,3.0,0.99,60436.2,85987.0,111947.4,122061.5,281.2488250732422,18.0,1.0,0.78,137694.7,151779.9,170974.0,182435.1,, None, None, None, None,,,,,
838.5528106689453,C46 H81 O10 N1 P1 ,PS,40.0,4.0,0.0,PS 40:4:0,-9.0,5548817.5,6017420.4,7728022.3,8725717.3,331.26451110839844,22.0,4.0,0.77,1479126.9,1496403.4,2055365.8,2082800.4,283.2644577026367,18.0,0.0,0.71,3606376.1,3698710.9,4779555.0,4945414.2,, None, None, None, None,,,,,
838.5528106689453,C46 H81 O10 N1 P1 ,PS,40.0,4.0,0.0,PS 40:4:0,-9.0,5548817.5,6017420.4,7728022.3,8725717.3,283.2644577026367,18.0,0.0,0.71,3606376.1,3698710.9,4779555.0,4945414.2,331.26451110839844,22.0,4.0,0.77,1479126.9,1496403.4,2055365.8,2082800.4,, None, None, None, None,,,,,
838.5528106689453,C46 H81 O10 N1 P1 ,PS,40.0,4.0,0.0,PS 40:4:0,-9.0,5548817.5,6017420.4,7728022.3,8725717.3,281.2488250732422,18.0,1.0,0.78,137694.7,151779.9,170974.0,182435.1,333.28023529052734,22.0,3.0,0.99,60436.2,85987.0,111947.4,122061.5,, None, None, None, None,,,,,
840.5677032470703,C46 H83 O10 N1 P1 ,PS,40.0,3.0,0.0,PS 40:3:0,-9.88,737062.1,714097.6,936106.7,1028581.9,335.2958679199219,22.0,2.0,0.93,95850.4,82495.3,103257.0,108133.0,281.2487869262696,18.0,1.0,0.65,72295.1,75545.0,105819.7,103639.8,, None, None, None, None,,,,,
840.5677032470703,C46 H83 O10 N1 P1 ,PS,40.0,3.0,0.0,PS 40:3:0,-9.88,737062.1,714097.6,936106.7,1028581.9,333.2801971435547,22.0,3.0,0.88,416487.7,403593.6,568209.5,525774.6,283.2644500732422,18.0,0.0,0.69,903132.2,998546.6,1253579.6,1227439.7,, None, None, None, None,,,,,
840.5677032470703,C46 H83 O10 N1 P1 ,PS,40.0,3.0,0.0,PS 40:3:0,-9.88,737062.1,714097.6,936106.7,1028581.9,283.2644500732422,18.0,0.0,0.69,903132.2,998546.6,1253579.6,1227439.7,333.2801971435547,22.0,3.0,0.88,416487.7,403593.6,568209.5,525774.6,, None, None, None, None,,,,,
840.5677032470703,C46 H83 O10 N1 P1 ,PS,40.0,3.0,0.0,PS 40:3:0,-9.88,737062.1,714097.6,936106.7,1028581.9,281.2487869262696,18.0,1.0,0.65,72295.1,75545.0,105819.7,103639.8,335.2958679199219,22.0,2.0,0.93,95850.4,82495.3,103257.0,108133.0,, None, None, None, None,,,,,
842.5833892822266,C46 H85 O10 N1 P1 ,PS,40.0,2.0,0.0,PS 40:2:0,-9.82,1282708.9,1373460.9,1700103.7,1941285.1,337.31153869628906,22.0,1.0,0.99,430337.4,475687.9,586313.5,578467.5,281.24879455566406,18.0,1.0,0.67,234455.9,226570.4,317442.4,337404.2,, None, None, None, None,,,,,
842.5833892822266,C46 H85 O10 N1 P1 ,PS,40.0,2.0,0.0,PS 40:2:0,-9.82,1282708.9,1373460.9,1700103.7,1941285.1,335.29591369628906,22.0,2.0,1.07,76670.2,82002.6,106204.0,121492.1,283.26444244384766,18.0,0.0,0.66,189383.7,186318.2,269912.0,263472.7,, None, None, None, None,,,,,
842.5833892822266,C46 H85 O10 N1 P1 ,PS,40.0,2.0,0.0,PS 40:2:0,-9.82,1282708.9,1373460.9,1700103.7,1941285.1,309.28009033203125,20.0,1.0,0.6,46009.1,53688.5,62731.5,63258.5,309.28009033203125,20.0,1.0,0.6,46009.1,53688.5,62731.5,63258.5,, None, None, None, None,,,,,
842.5833892822266,C46 H85 O10 N1 P1 ,PS,40.0,2.0,0.0,PS 40:2:0,-9.82,1282708.9,1373460.9,1700103.7,1941285.1,283.26444244384766,18.0,0.0,0.66,189383.7,186318.2,269912.0,263472.7,335.29591369628906,22.0,2.0,1.07,76670.2,82002.6,106204.0,121492.1,, None, None, None, None,,,,,
842.5833892822266,C46 H85 O10 N1 P1 ,PS,40.0,2.0,0.0,PS 40:2:0,-9.82,1282708.9,1373460.9,1700103.7,1941285.1,281.24879455566406,18.0,1.0,0.67,234455.9,226570.4,317442.4,337404.2,337.31153869628906,22.0,1.0,0.99,430337.4,475687.9,586313.5,578467.5,, None, None, None, None,,,,,
844.5989379882812,C46 H87 O10 N1 P1 ,PS,40.0,1.0,0.0,PS 40:1:0,-9.91,677277.6,793426.1,969188.7,1121087.3,339.32691955566406,22.0,0.0,0.19,311011.7,333343.7,441189.0,466994.3,281.2487869262696,18.0,1.0,0.65,183248.4,204644.1,267734.3,403251.0,, None, None, None, None,,,,,
844.5989379882812,C46 H87 O10 N1 P1 ,PS,40.0,1.0,0.0,PS 40:1:0,-9.91,677277.6,793426.1,969188.7,1121087.3,337.3115539550781,22.0,1.0,1.03,80955.5,94855.1,112305.2,109775.9,283.2644500732422,18.0,0.0,0.69,173327.7,178536.8,228708.2,261864.1,, None, None, None, None,,,,,
844.5989379882812,C46 H87 O10 N1 P1 ,PS,40.0,1.0,0.0,PS 40:1:0,-9.91,677277.6,793426.1,969188.7,1121087.3,311.2958526611328,20.0,0.0,0.95,8534.8,8752.0,16928.7,19393.0,309.2802276611328,20.0,1.0,1.04,7082.6,9521.1,10148.1,10063.4,, None, None, None, None,,,,,
844.5989379882812,C46 H87 O10 N1 P1 ,PS,40.0,1.0,0.0,PS 40:1:0,-9.91,677277.6,793426.1,969188.7,1121087.3,309.2802276611328,20.0,1.0,1.04,7082.6,9521.1,10148.1,10063.4,311.2958526611328,20.0,0.0,0.95,8534.8,8752.0,16928.7,19393.0,, None, None, None, None,,,,,
844.5989379882812,C46 H87 O10 N1 P1 ,PS,40.0,1.0,0.0,PS 40:1:0,-9.91,677277.6,793426.1,969188.7,1121087.3,283.2644500732422,18.0,0.0,0.69,173327.7,178536.8,228708.2,261864.1,337.3115539550781,22.0,1.0,1.03,80955.5,94855.1,112305.2,109775.9,, None, None, None, None,,,,,
844.5989379882812,C46 H87 O10 N1 P1 ,PS,40.0,1.0,0.0,PS 40:1:0,-9.91,677277.6,793426.1,969188.7,1121087.3,281.2487869262696,18.0,1.0,0.65,183248.4,204644.1,267734.3,403251.0,339.32691955566406,22.0,0.0,0.19,311011.7,333343.7,441189.0,466994.3,, None, None, None, None,,,,,
848.5454864501953,C47 H79 O10 N1 P1 ,PS,41.0,6.0,0.0,PS 41:6:0,0.92,50669.4,66117.3,96976.8,95849.0,327.2331848144531,22.0,6.0,0.7,7962.2,9634.6,13386.1,11975.8,297.2799835205078,19.0,0.0,0.26,13281.0,10936.8,16701.2,14894.4,, None, None, None, None,,,,,
848.5454864501953,C47 H79 O10 N1 P1 ,PS,41.0,6.0,0.0,PS 41:6:0,0.92,50669.4,66117.3,96976.8,95849.0,297.2799835205078,19.0,0.0,0.26,13281.0,10936.8,16701.2,14894.4,327.2331848144531,22.0,6.0,0.7,7962.2,9634.6,13386.1,11975.8,, None, None, None, None,,,,,
850.5609741210938,C47 H81 O10 N1 P1 ,PS,41.0,5.0,0.0,PS 41:5:0,0.72,44272.0,35549.4,47259.8,42411.5,331.2644348144531,22.0,4.0,0.54,1544.4,0.0,0.0,0.0,295.2642288208008,19.0,1.0,-0.09,3065.7,3074.5,4473.4,4856.8,, None, None, None, None,,,,,
850.5609741210938,C47 H81 O10 N1 P1 ,PS,41.0,5.0,0.0,PS 41:5:0,0.72,44272.0,35549.4,47259.8,42411.5,329.2488784790039,22.0,5.0,0.83,7039.6,7586.1,10794.4,11274.2,297.280029296875,19.0,0.0,0.42,8245.8,8060.4,8827.3,9901.4,, None, None, None, None,,,,,
850.5609741210938,C47 H81 O10 N1 P1 ,PS,41.0,5.0,0.0,PS 41:5:0,0.72,44272.0,35549.4,47259.8,42411.5,297.280029296875,19.0,0.0,0.42,8245.8,8060.4,8827.3,9901.4,329.2488784790039,22.0,5.0,0.83,7039.6,7586.1,10794.4,11274.2,, None, None, None, None,,,,,
850.5609741210938,C47 H81 O10 N1 P1 ,PS,41.0,5.0,0.0,PS 41:5:0,0.72,44272.0,35549.4,47259.8,42411.5,295.2642288208008,19.0,1.0,-0.09,3065.7,3074.5,4473.4,4856.8,331.2644348144531,22.0,4.0,0.54,1544.4,0.0,0.0,0.0,, None, None, None, None,,,,,
852.5767211914062,C47 H83 O10 N1 P1 ,PS,41.0,4.0,0.0,PS 41:4:0,0.83,33429.8,43523.7,65344.1,71537.8,347.29581451416016,23.0,3.0,0.75,2817.9,3207.4,3933.4,3908.5,281.2487869262696,18.0,1.0,0.65,45358.5,50836.5,40293.9,41342.2,, None, None, None, None,,,,,
852.5767211914062,C47 H83 O10 N1 P1 ,PS,41.0,4.0,0.0,PS 41:4:0,0.83,33429.8,43523.7,65344.1,71537.8,345.280029296875,23.0,4.0,0.36,0.0,0.0,2616.5,0.0,283.26446533203125,18.0,0.0,0.74,82135.4,90289.2,70219.1,69556.0,, None, None, None, None,,,,,
852.5767211914062,C47 H83 O10 N1 P1 ,PS,41.0,4.0,0.0,PS 41:4:0,0.83,33429.8,43523.7,65344.1,71537.8,333.2802734375,22.0,3.0,1.1,0.0,0.0,0.0,1967.0,295.26430257161456,19.0,1.0,0.16,0.0,2506.3,2536.6,3111.2,, None, None, None, None,,,,,
852.5767211914062,C47 H83 O10 N1 P1 ,PS,41.0,4.0,0.0,PS 41:4:0,0.83,33429.8,43523.7,65344.1,71537.8,331.2645492553711,22.0,4.0,0.89,7401.9,7114.4,9995.0,9498.4,297.2800369262696,19.0,0.0,0.44,4962.8,8156.9,10213.9,8686.9,, None, None, None, None,,,,,
852.5767211914062,C47 H83 O10 N1 P1 ,PS,41.0,4.0,0.0,PS 41:4:0,0.83,33429.8,43523.7,65344.1,71537.8,325.31141662597656,21.0,0.0,0.65,0.0,0.0,3264.6,2660.3,303.2331848144531,20.0,4.0,0.76,0.0,0.0,2314.0,2100.4,, None, None, None, None,,,,,
852.5767211914062,C47 H83 O10 N1 P1 ,PS,41.0,4.0,0.0,PS 41:4:0,0.83,33429.8,43523.7,65344.1,71537.8,303.2331848144531,20.0,4.0,0.76,0.0,0.0,2314.0,2100.4,325.31141662597656,21.0,0.0,0.65,0.0,0.0,3264.6,2660.3,, None, None, None, None,,,,,
852.5767211914062,C47 H83 O10 N1 P1 ,PS,41.0,4.0,0.0,PS 41:4:0,0.83,33429.8,43523.7,65344.1,71537.8,297.2800369262696,19.0,0.0,0.44,4962.8,8156.9,10213.9,8686.9,331.2645492553711,22.0,4.0,0.89,7401.9,7114.4,9995.0,9498.4,, None, None, None, None,,,,,
852.5767211914062,C47 H83 O10 N1 P1 ,PS,41.0,4.0,0.0,PS 41:4:0,0.83,33429.8,43523.7,65344.1,71537.8,295.26430257161456,19.0,1.0,0.16,0.0,2506.3,2536.6,3111.2,333.2802734375,22.0,3.0,1.1,0.0,0.0,0.0,1967.0,, None, None, None, None,,,,,
852.5767211914062,C47 H83 O10 N1 P1 ,PS,41.0,4.0,0.0,PS 41:4:0,0.83,33429.8,43523.7,65344.1,71537.8,283.26446533203125,18.0,0.0,0.74,82135.4,90289.2,70219.1,69556.0,345.280029296875,23.0,4.0,0.36,0.0,0.0,2616.5,0.0,, None, None, None, None,,,,,
852.5767211914062,C47 H83 O10 N1 P1 ,PS,41.0,4.0,0.0,PS 41:4:0,0.83,33429.8,43523.7,65344.1,71537.8,281.2487869262696,18.0,1.0,0.65,45358.5,50836.5,40293.9,41342.2,347.29581451416016,23.0,3.0,0.75,2817.9,3207.4,3933.4,3908.5,, None, None, None, None,,,,,
854.5924377441406,C47 H85 O10 N1 P1 ,PS,41.0,3.0,0.0,PS 41:3:0,0.91,39004.2,53660.3,79107.1,71406.7,349.3113098144531,23.0,2.0,0.3,7203.9,4222.0,7359.9,0.0,281.248779296875,18.0,1.0,0.62,91681.5,82386.4,131122.6,118459.9,, None, None, None, None,,,,,
854.5924377441406,C47 H85 O10 N1 P1 ,PS,41.0,3.0,0.0,PS 41:3:0,0.91,39004.2,53660.3,79107.1,71406.7,347.2957000732422,23.0,3.0,0.42,5355.2,8644.6,9005.0,15526.6,283.2644500732422,18.0,0.0,0.69,76805.8,79924.8,120707.9,109471.3,, None, None, None, None,,,,,
854.5924377441406,C47 H85 O10 N1 P1 ,PS,41.0,3.0,0.0,PS 41:3:0,0.91,39004.2,53660.3,79107.1,71406.7,333.2801208496094,22.0,3.0,0.65,3659.3,3122.8,0.0,0.0,297.2799580891927,19.0,0.0,0.18,3520.4,4777.1,0.0,5217.3,, None, None, None, None,,,,,
854.5924377441406,C47 H85 O10 N1 P1 ,PS,41.0,3.0,0.0,PS 41:3:0,0.91,39004.2,53660.3,79107.1,71406.7,297.2799580891927,19.0,0.0,0.18,3520.4,4777.1,0.0,5217.3,333.2801208496094,22.0,3.0,0.65,3659.3,3122.8,0.0,0.0,, None, None, None, None,,,,,
854.5924377441406,C47 H85 O10 N1 P1 ,PS,41.0,3.0,0.0,PS 41:3:0,0.91,39004.2,53660.3,79107.1,71406.7,283.2644500732422,18.0,0.0,0.69,76805.8,79924.8,120707.9,109471.3,347.2957000732422,23.0,3.0,0.42,5355.2,8644.6,9005.0,15526.6,, None, None, None, None,,,,,
854.5924377441406,C47 H85 O10 N1 P1 ,PS,41.0,3.0,0.0,PS 41:3:0,0.91,39004.2,53660.3,79107.1,71406.7,281.248779296875,18.0,1.0,0.62,91681.5,82386.4,131122.6,118459.9,349.3113098144531,23.0,2.0,0.3,7203.9,4222.0,7359.9,0.0,, None, None, None, None,,,,,
856.6083831787109,C47 H87 O10 N1 P1 ,PS,41.0,2.0,0.0,PS 41:2:0,1.25,113610.2,127473.3,152942.1,185676.1,351.3270797729492,23.0,1.0,0.64,54671.8,43629.7,73442.1,77938.2,281.24879455566406,18.0,1.0,0.67,226420.7,204675.5,306040.6,271751.1,, None, None, None, None,,,,,
856.6083831787109,C47 H87 O10 N1 P1 ,PS,41.0,2.0,0.0,PS 41:2:0,1.25,113610.2,127473.3,152942.1,185676.1,281.24879455566406,18.0,1.0,0.67,226420.7,204675.5,306040.6,271751.1,351.3270797729492,23.0,1.0,0.64,54671.8,43629.7,73442.1,77938.2,, None, None, None, None,,,,,
858.6237640380859,C47 H89 O10 N1 P1 ,PS,41.0,1.0,0.0,PS 41:1:0,0.94,131451.4,152813.0,191344.3,186515.4,353.3427505493164,23.0,0.0,0.69,79106.0,83623.4,115684.1,95908.0,281.24876403808594,18.0,1.0,0.56,27542.4,52721.8,48601.6,52891.4,, None, None, None, None,,,,,
858.6237640380859,C47 H89 O10 N1 P1 ,PS,41.0,1.0,0.0,PS 41:1:0,0.94,131451.4,152813.0,191344.3,186515.4,281.24876403808594,18.0,1.0,0.56,27542.4,52721.8,48601.6,52891.4,353.3427505493164,23.0,0.0,0.69,79106.0,83623.4,115684.1,95908.0,, None, None, None, None,,,,,
860.5368347167969,C48 H79 O10 N1 P1 ,PS,42.0,7.0,0.0,PS 42:7:0,-9.15,398569.9,463120.9,701805.7,777679.4,329.24886322021484,22.0,5.0,0.78,-1.8,-1.8,-1.8,17.1,307.2646789550781,20.0,2.0,1.38,3551.4,0.0,0.0,0.0,, None, None, None, None,,,,,
860.5368347167969,C48 H79 O10 N1 P1 ,PS,42.0,7.0,0.0,PS 42:7:0,-9.15,398569.9,463120.9,701805.7,777679.4,327.23325602213544,22.0,6.0,0.92,5574.6,4661.4,0.0,7570.5,309.2801208496094,20.0,1.0,0.7,21053.5,22383.6,27206.2,23323.9,, None, None, None, None,,,,,
860.5368347167969,C48 H79 O10 N1 P1 ,PS,42.0,7.0,0.0,PS 42:7:0,-9.15,398569.9,463120.9,701805.7,777679.4,309.2801208496094,20.0,1.0,0.7,21053.5,22383.6,27206.2,23323.9,327.23325602213544,22.0,6.0,0.92,5574.6,4661.4,0.0,7570.5,, None, None, None, None,,,,,
860.5368347167969,C48 H79 O10 N1 P1 ,PS,42.0,7.0,0.0,PS 42:7:0,-9.15,398569.9,463120.9,701805.7,777679.4,307.2646789550781,20.0,2.0,1.38,3551.4,0.0,0.0,0.0,329.24886322021484,22.0,5.0,0.78,-1.8,-1.8,-1.8,17.1,, None, None, None, None,,,,,
860.63037109375,C47 H91 O10 N1 P1 ,PS,41.0,0.0,0.0,PS 41:0:0,-9.57,-1.8,-1.8,0.0,-1.8,353.3427022298177,23.0,0.0,0.56,0.0,-1.8,1697.0,2066.3,283.2644500732422,18.0,0.0,0.69,179165.3,175449.8,250439.7,241757.8,, None, None, None, None,,,,,
860.63037109375,C47 H91 O10 N1 P1 ,PS,41.0,0.0,0.0,PS 41:0:0,-9.57,-1.8,-1.8,0.0,-1.8,283.2644500732422,18.0,0.0,0.69,179165.3,175449.8,250439.7,241757.8,353.3427022298177,23.0,0.0,0.56,0.0,-1.8,1697.0,2066.3,, None, None, None, None,,,,,
862.5606689453125,C48 H81 O10 N1 P1 ,PS,42.0,6.0,0.0,PS 42:6:0,0.36,83564.4,75484.3,54587.4,75737.5,357.2802047729492,24.0,5.0,0.84,30082.3,29514.3,46429.2,44853.4,281.2487564086914,18.0,1.0,0.54,110044.2,96342.0,143927.3,132266.9,, None, None, None, None,,,,,
862.5606689453125,C48 H81 O10 N1 P1 ,PS,42.0,6.0,0.0,PS 42:6:0,0.36,83564.4,75484.3,54587.4,75737.5,355.26444244384766,24.0,6.0,0.53,9524.3,7849.4,13432.4,10818.0,283.2644271850586,18.0,0.0,0.61,172291.1,189622.7,264405.6,254952.2,, None, None, None, None,,,,,
862.5606689453125,C48 H81 O10 N1 P1 ,PS,42.0,6.0,0.0,PS 42:6:0,0.36,83564.4,75484.3,54587.4,75737.5,327.2330780029297,22.0,6.0,0.38,7923.0,7025.8,13218.7,9014.6,311.2957458496094,20.0,0.0,0.61,8542.5,8296.8,15152.4,14245.0,, None, None, None, None,,,,,
862.5606689453125,C48 H81 O10 N1 P1 ,PS,42.0,6.0,0.0,PS 42:6:0,0.36,83564.4,75484.3,54587.4,75737.5,311.2957458496094,20.0,0.0,0.61,8542.5,8296.8,15152.4,14245.0,327.2330780029297,22.0,6.0,0.38,7923.0,7025.8,13218.7,9014.6,, None, None, None, None,,,,,
862.5606689453125,C48 H81 O10 N1 P1 ,PS,42.0,6.0,0.0,PS 42:6:0,0.36,83564.4,75484.3,54587.4,75737.5,283.2644271850586,18.0,0.0,0.61,172291.1,189622.7,264405.6,254952.2,355.26444244384766,24.0,6.0,0.53,9524.3,7849.4,13432.4,10818.0,, None, None, None, None,,,,,
862.5606689453125,C48 H81 O10 N1 P1 ,PS,42.0,6.0,0.0,PS 42:6:0,0.36,83564.4,75484.3,54587.4,75737.5,281.2487564086914,18.0,1.0,0.54,110044.2,96342.0,143927.3,132266.9,357.2802047729492,24.0,5.0,0.84,30082.3,29514.3,46429.2,44853.4,, None, None, None, None,,,,,
864.5768890380859,C48 H83 O10 N1 P1 ,PS,42.0,5.0,0.0,PS 42:5:0,1.02,652256.7,726401.8,962864.1,1024203.7,359.29588317871094,24.0,4.0,0.91,112965.2,120860.0,155467.7,153031.8,281.24877166748047,18.0,1.0,0.59,133493.0,129565.0,173664.9,177585.7,, None, None, None, None,,,,,
864.5768890380859,C48 H83 O10 N1 P1 ,PS,42.0,5.0,0.0,PS 42:5:0,1.02,652256.7,726401.8,962864.1,1024203.7,357.2802200317383,24.0,5.0,0.88,87873.2,94583.2,109203.7,130545.8,283.26444244384766,18.0,0.0,0.66,296394.8,311042.8,388489.2,402950.4,, None, None, None, None,,,,,
864.5768890380859,C48 H83 O10 N1 P1 ,PS,42.0,5.0,0.0,PS 42:5:0,1.02,652256.7,726401.8,962864.1,1024203.7,331.26448822021484,22.0,4.0,0.7,6681.7,6490.9,7190.5,7949.9,309.2801513671875,20.0,1.0,0.8,15545.0,13632.5,20293.2,20160.7,, None, None, None, None,,,,,
864.5768890380859,C48 H83 O10 N1 P1 ,PS,42.0,5.0,0.0,PS 42:5:0,1.02,652256.7,726401.8,962864.1,1024203.7,329.2489725748698,22.0,5.0,1.12,6828.2,0.0,8114.8,6052.9,311.2959899902344,20.0,0.0,1.4,4527.7,0.0,0.0,0.0,, None, None, None, None,,,,,
864.5768890380859,C48 H83 O10 N1 P1 ,PS,42.0,5.0,0.0,PS 42:5:0,1.02,652256.7,726401.8,962864.1,1024203.7,311.2959899902344,20.0,0.0,1.4,4527.7,0.0,0.0,0.0,329.2489725748698,22.0,5.0,1.12,6828.2,0.0,8114.8,6052.9,, None, None, None, None,,,,,
864.5768890380859,C48 H83 O10 N1 P1 ,PS,42.0,5.0,0.0,PS 42:5:0,1.02,652256.7,726401.8,962864.1,1024203.7,309.2801513671875,20.0,1.0,0.8,15545.0,13632.5,20293.2,20160.7,331.26448822021484,22.0,4.0,0.7,6681.7,6490.9,7190.5,7949.9,, None, None, None, None,,,,,
864.5768890380859,C48 H83 O10 N1 P1 ,PS,42.0,5.0,0.0,PS 42:5:0,1.02,652256.7,726401.8,962864.1,1024203.7,283.26444244384766,18.0,0.0,0.66,296394.8,311042.8,388489.2,402950.4,357.2802200317383,24.0,5.0,0.88,87873.2,94583.2,109203.7,130545.8,, None, None, None, None,,,,,
864.5768890380859,C48 H83 O10 N1 P1 ,PS,42.0,5.0,0.0,PS 42:5:0,1.02,652256.7,726401.8,962864.1,1024203.7,281.24877166748047,18.0,1.0,0.59,133493.0,129565.0,173664.9,177585.7,359.29588317871094,24.0,4.0,0.91,112965.2,120860.0,155467.7,153031.8,, None, None, None, None,,,,,
866.5832977294922,C48 H85 O10 N1 P1 ,PS,42.0,4.0,0.0,PS 42:4:0,-9.65,767648.2,824262.5,1099905.4,1181782.9,361.3115692138672,24.0,3.0,1.01,42244.0,46118.6,66639.5,57889.0,281.248779296875,18.0,1.0,0.62,29642.5,41886.6,48558.9,45040.4,, None, None, None, None,,,,,
866.5832977294922,C48 H85 O10 N1 P1 ,PS,42.0,4.0,0.0,PS 42:4:0,-9.65,767648.2,824262.5,1099905.4,1181782.9,359.29591369628906,24.0,4.0,1.0,197146.1,208113.8,270088.0,296507.4,283.2644500732422,18.0,0.0,0.69,464388.6,496547.0,648300.4,638518.0,, None, None, None, None,,,,,
866.5832977294922,C48 H85 O10 N1 P1 ,PS,42.0,4.0,0.0,PS 42:4:0,-9.65,767648.2,824262.5,1099905.4,1181782.9,333.2801818847656,22.0,3.0,0.83,0.0,5180.5,0.0,0.0,309.28014373779297,20.0,1.0,0.77,7833.6,10851.9,7846.3,11496.4,, None, None, None, None,,,,,
866.5832977294922,C48 H85 O10 N1 P1 ,PS,42.0,4.0,0.0,PS 42:4:0,-9.65,767648.2,824262.5,1099905.4,1181782.9,331.2645492553711,22.0,4.0,0.89,6789.5,8094.1,13391.8,7275.5,311.2956949869792,20.0,0.0,0.45,5918.5,8144.0,0.0,9633.4,, None, None, None, None,,,,,
866.5832977294922,C48 H85 O10 N1 P1 ,PS,42.0,4.0,0.0,PS 42:4:0,-9.65,767648.2,824262.5,1099905.4,1181782.9,311.2956949869792,20.0,0.0,0.45,5918.5,8144.0,0.0,9633.4,331.2645492553711,22.0,4.0,0.89,6789.5,8094.1,13391.8,7275.5,, None, None, None, None,,,,,
866.5832977294922,C48 H85 O10 N1 P1 ,PS,42.0,4.0,0.0,PS 42:4:0,-9.65,767648.2,824262.5,1099905.4,1181782.9,309.28014373779297,20.0,1.0,0.77,7833.6,10851.9,7846.3,11496.4,333.2801818847656,22.0,3.0,0.83,0.0,5180.5,0.0,0.0,, None, None, None, None,,,,,
866.5832977294922,C48 H85 O10 N1 P1 ,PS,42.0,4.0,0.0,PS 42:4:0,-9.65,767648.2,824262.5,1099905.4,1181782.9,283.2644500732422,18.0,0.0,0.69,464388.6,496547.0,648300.4,638518.0,359.29591369628906,24.0,4.0,1.0,197146.1,208113.8,270088.0,296507.4,, None, None, None, None,,,,,
866.5832977294922,C48 H85 O10 N1 P1 ,PS,42.0,4.0,0.0,PS 42:4:0,-9.65,767648.2,824262.5,1099905.4,1181782.9,281.248779296875,18.0,1.0,0.62,29642.5,41886.6,48558.9,45040.4,361.3115692138672,24.0,3.0,1.01,42244.0,46118.6,66639.5,57889.0,, None, None, None, None,,,,,
868.5989379882812,C48 H87 O10 N1 P1 ,PS,42.0,3.0,0.0,PS 42:3:0,-9.64,109984.5,136835.2,173540.6,184688.8,363.3272247314453,24.0,2.0,1.02,36342.3,39394.7,56966.0,44537.6,281.24879455566406,18.0,1.0,0.67,54216.6,38158.9,63802.4,63696.0,, None, None, None, None,,,,,
868.5989379882812,C48 H87 O10 N1 P1 ,PS,42.0,3.0,0.0,PS 42:3:0,-9.64,109984.5,136835.2,173540.6,184688.8,361.31153869628906,24.0,3.0,0.92,42493.1,49723.8,67143.5,59847.5,283.2644500732422,18.0,0.0,0.69,168971.9,170151.6,223852.3,220960.6,, None, None, None, None,,,,,
868.5989379882812,C48 H87 O10 N1 P1 ,PS,42.0,3.0,0.0,PS 42:3:0,-9.64,109984.5,136835.2,173540.6,184688.8,283.2644500732422,18.0,0.0,0.69,168971.9,170151.6,223852.3,220960.6,361.31153869628906,24.0,3.0,0.92,42493.1,49723.8,67143.5,59847.5,, None, None, None, None,,,,,
868.5989379882812,C48 H87 O10 N1 P1 ,PS,42.0,3.0,0.0,PS 42:3:0,-9.64,109984.5,136835.2,173540.6,184688.8,281.24879455566406,18.0,1.0,0.67,54216.6,38158.9,63802.4,63696.0,363.3272247314453,24.0,2.0,1.02,36342.3,39394.7,56966.0,44537.6,, None, None, None, None,,,,,
870.6239471435547,C48 H89 O10 N1 P1 ,PS,42.0,2.0,0.0,PS 42:2:0,1.13,880239.7,944942.6,1182215.2,1365677.7,365.3426132202149,24.0,1.0,0.29,423784.8,451747.8,573729.2,568091.7,281.248779296875,18.0,1.0,0.62,247450.3,245704.2,317316.0,352377.4,, None, None, None, None,,,,,
870.6239471435547,C48 H89 O10 N1 P1 ,PS,42.0,2.0,0.0,PS 42:2:0,1.13,880239.7,944942.6,1182215.2,1365677.7,363.327128092448,24.0,2.0,0.75,6874.9,0.0,10989.2,9727.0,283.2644500732422,18.0,0.0,0.69,51219.7,44818.4,86865.9,69807.4,, None, None, None, None,,,,,
870.6239471435547,C48 H89 O10 N1 P1 ,PS,42.0,2.0,0.0,PS 42:2:0,1.13,880239.7,944942.6,1182215.2,1365677.7,337.3115768432617,22.0,1.0,1.1,12021.5,9493.9,12482.0,14990.6,309.2802429199219,20.0,1.0,1.09,13388.7,0.0,9923.3,10055.8,, None, None, None, None,,,,,
870.6239471435547,C48 H89 O10 N1 P1 ,PS,42.0,2.0,0.0,PS 42:2:0,1.13,880239.7,944942.6,1182215.2,1365677.7,309.2802429199219,20.0,1.0,1.09,13388.7,0.0,9923.3,10055.8,337.3115768432617,22.0,1.0,1.1,12021.5,9493.9,12482.0,14990.6,, None, None, None, None,,,,,
870.6239471435547,C48 H89 O10 N1 P1 ,PS,42.0,2.0,0.0,PS 42:2:0,1.13,880239.7,944942.6,1182215.2,1365677.7,283.2644500732422,18.0,0.0,0.69,51219.7,44818.4,86865.9,69807.4,363.327128092448,24.0,2.0,0.75,6874.9,0.0,10989.2,9727.0,, None, None, None, None,,,,,
870.6239471435547,C48 H89 O10 N1 P1 ,PS,42.0,2.0,0.0,PS 42:2:0,1.13,880239.7,944942.6,1182215.2,1365677.7,281.248779296875,18.0,1.0,0.62,247450.3,245704.2,317316.0,352377.4,365.3426132202149,24.0,1.0,0.29,423784.8,451747.8,573729.2,568091.7,, None, None, None, None,,,,,
872.6301879882812,C48 H91 O10 N1 P1 ,PS,42.0,1.0,0.0,PS 42:1:0,-9.65,148689.9,119795.8,218290.9,183987.2,367.3582458496094,24.0,0.0,0.25,159586.4,177022.1,198383.2,247442.0,281.248779296875,18.0,1.0,0.62,213478.7,231781.4,268402.4,230093.0,, None, None, None, None,,,,,
872.6301879882812,C48 H91 O10 N1 P1 ,PS,42.0,1.0,0.0,PS 42:1:0,-9.65,148689.9,119795.8,218290.9,183987.2,365.3426208496094,24.0,1.0,0.32,992.1,0.0,9859.5,9587.4,283.2644500732422,18.0,0.0,0.69,488496.7,467577.4,718802.8,645870.2,, None, None, None, None,,,,,
872.6301879882812,C48 H91 O10 N1 P1 ,PS,42.0,1.0,0.0,PS 42:1:0,-9.65,148689.9,119795.8,218290.9,183987.2,283.2644500732422,18.0,0.0,0.69,488496.7,467577.4,718802.8,645870.2,365.3426208496094,24.0,1.0,0.32,992.1,0.0,9859.5,9587.4,, None, None, None, None,,,,,
872.6301879882812,C48 H91 O10 N1 P1 ,PS,42.0,1.0,0.0,PS 42:1:0,-9.65,148689.9,119795.8,218290.9,183987.2,281.248779296875,18.0,1.0,0.62,213478.7,231781.4,268402.4,230093.0,367.3582458496094,24.0,0.0,0.25,159586.4,177022.1,198383.2,247442.0,, None, None, None, None,,,,,
###,PSCOCO,,,,,,,,,,,,,,,,,,,,,,,,,,,,,,,,,,,,
###,PSCO,,,,,,,,,,,,,,,,,,,,,,,,,,,,,,,,,,,,
806.4991149902344,C44 H73 O10 N1 P1 ,PS,38.0,6.0,0.0,PS 38:6:0,1.68,137681.6,159146.2,204618.0,257128.6,255.23303985595703,16.0,0.0,0.33,88440.1,95473.3,123379.1,126029.9,327.2332077026367,22.0,6.0,0.77,22129.0,22868.1,29415.9,30939.0,283.2433624267578,4232.7,4768.8,5978.5,7029.5,,,,,
820.5145568847656,C45 H75 O10 N1 P1 ,PS,39.0,6.0,0.0,PS 39:6:0,1.4,29312.0,27802.9,0.0,0.0,269.2488708496094,17.0,0.0,0.99,14274.0,15325.2,19991.6,20876.1,327.2332077026367,22.0,6.0,0.77,4036.1,3685.7,4701.7,5267.5,283.2433395385742,860.5,833.7,1173.7,1057.0,,,,,
822.5300089518229,C45 H77 O10 N1 P1 ,PS,39.0,5.0,0.0,PS 39:5:0,1.15,19120.5,0.0,34297.3,43214.1,269.2488784790039,17.0,0.0,1.01,9553.7,10621.9,13752.0,13444.3,329.24889373779297,22.0,5.0,0.88,3136.0,2968.9,4516.5,4233.8,285.2589925130208,379.9,0.0,333.0,586.2,,,,,
830.4971923828125,C46 H73 O10 N1 P1 ,PS,40.0,8.0,0.0,PS 40:8:0,-0.68,26803.9,0.0,38041.3,51434.9,279.23309326171875,18.0,2.0,0.49,1982.4,2390.7,3309.6,3282.6,327.23316955566406,22.0,6.0,0.65,1802.6,1934.1,0.0,0.0,283.24334716796875,0.0,623.4,0.0,0.0,,,,,
832.5138549804688,C46 H75 O10 N1 P1 ,PS,40.0,7.0,0.0,PS 40:7:0,0.54,242714.3,263470.9,339643.1,405273.9,281.248779296875,18.0,1.0,0.62,167509.5,179313.8,223038.6,226450.2,327.2331848144531,22.0,6.0,0.7,27712.1,26472.4,35333.3,33057.8,283.24334716796875,4543.2,5201.7,6496.9,8022.9,,,,,
834.5303039550781,C46 H77 O10 N1 P1 ,PS,40.0,6.0,0.0,PS 40:6:0,1.49,14247009.4,15131412.8,19484205.4,21846640.1,283.2644348144531,18.0,0.0,0.63,9308510.9,10663706.6,12417131.0,12485690.6,327.23316955566406,22.0,6.0,0.65,2052032.1,2495882.7,2909258.4,3053248.0,283.2433853149414,493510.4,483213.0,524787.6,593087.2,,,,,
836.5375366210938,C46 H79 O10 N1 P1 ,PS,40.0,5.0,0.0,PS 40:5:0,-8.57,4930950.6,5411731.5,6708083.9,7678339.7,283.26446533203125,18.0,0.0,0.74,6084814.0,6063146.0,7699412.9,7931121.0,329.2488708496094,22.0,5.0,0.81,1626872.1,1612481.2,2215538.5,2194142.5,285.2590026855469,137066.6,189015.8,229847.9,222660.1,,,,,
850.5609741210938,C47 H81 O10 N1 P1 ,PS,41.0,5.0,0.0,PS 41:5:0,0.72,44272.0,35549.4,47259.8,42411.5,297.280029296875,19.0,0.0,0.42,8245.8,8060.4,8827.3,9901.4,329.2488784790039,22.0,5.0,0.83,7039.6,7586.1,10794.4,11274.2,285.25897216796875,0.0,0.0,0.0,2550.0,,,,,
#NCE,30,,,,,,,,,,,,,,,,,,,,,,,,,,,,,,,,,,,,
###,PSFAS,,,,,,,,,,,,,,,,,,,,,,,,,,,,,,,,,,,,
758.4987182617188,C40 H73 O10 N1 P1 ,PS,34.0,2.0,0.0,PS 34:2:0,1.26,81521.7,97927.3,127366.2,104675.2,283.2644348144531,18.0,0.0,0.63,17848.7,25746.9,29956.8,54180.9,251.20171737670896,16.0,2.0,0.25,935.8,1005.9,1449.4,1484.2, None, None, None, None, None,, None, None, None, None
758.4987182617188,C40 H73 O10 N1 P1 ,PS,34.0,2.0,0.0,PS 34:2:0,1.26,81521.7,97927.3,127366.2,104675.2,281.24879455566406,18.0,1.0,0.67,56071.5,61227.1,75907.9,78773.9,253.21738052368164,16.0,1.0,0.3,25506.4,26493.0,33424.5,34487.6, None, None, None, None, None,, None, None, None, None
758.4987182617188,C40 H73 O10 N1 P1 ,PS,34.0,2.0,0.0,PS 34:2:0,1.26,81521.7,97927.3,127366.2,104675.2,279.2331314086914,18.0,2.0,0.63,8694.2,8827.8,11261.2,11111.2,255.23303985595703,16.0,0.0,0.33,21289.5,23162.5,29737.8,31537.3, None, None, None, None, None,, None, None, None, None
758.4987182617188,C40 H73 O10 N1 P1 ,PS,34.0,2.0,0.0,PS 34:2:0,1.26,81521.7,97927.3,127366.2,104675.2,255.23303985595703,16.0,0.0,0.33,21289.5,23162.5,29737.8,31537.3,279.2331314086914,18.0,2.0,0.63,8694.2,8827.8,11261.2,11111.2, None, None, None, None, None,, None, None, None, None
758.4987182617188,C40 H73 O10 N1 P1 ,PS,34.0,2.0,0.0,PS 34:2:0,1.26,81521.7,97927.3,127366.2,104675.2,253.21738052368164,16.0,1.0,0.3,25506.4,26493.0,33424.5,34487.6,281.24879455566406,18.0,1.0,0.67,56071.5,61227.1,75907.9,78773.9, None, None, None, None, None,, None, None, None, None
758.4987182617188,C40 H73 O10 N1 P1 ,PS,34.0,2.0,0.0,PS 34:2:0,1.26,81521.7,97927.3,127366.2,104675.2,251.20171737670896,16.0,2.0,0.25,935.8,1005.9,1449.4,1484.2,283.2644348144531,18.0,0.0,0.63,17848.7,25746.9,29956.8,54180.9, None, None, None, None, None,, None, None, None, None
760.5145111083984,C40 H75 O10 N1 P1 ,PS,34.0,1.0,0.0,PS 34:1:0,1.45,1875283.5,2020877.5,2596026.5,2888356.0,283.2644500732422,18.0,0.0,0.69,438655.2,455814.6,595753.8,625709.6,253.2173957824707,16.0,1.0,0.36,145623.3,151251.9,197813.6,199654.6, None, None, None, None, None,, None, None, None, None
760.5145111083984,C40 H75 O10 N1 P1 ,PS,34.0,1.0,0.0,PS 34:1:0,1.45,1875283.5,2020877.5,2596026.5,2888356.0,281.2487869262696,18.0,1.0,0.65,608812.2,627336.5,806716.8,846596.8,255.23303985595703,16.0,0.0,0.33,1289214.0,1373286.8,1797957.8,1833065.5, None, None, None, None, None,, None, None, None, None
760.5145111083984,C40 H75 O10 N1 P1 ,PS,34.0,1.0,0.0,PS 34:1:0,1.45,1875283.5,2020877.5,2596026.5,2888356.0,255.23303985595703,16.0,0.0,0.33,1289214.0,1373286.8,1797957.8,1833065.5,281.2487869262696,18.0,1.0,0.65,608812.2,627336.5,806716.8,846596.8, None, None, None, None, None,, None, None, None, None
760.5145111083984,C40 H75 O10 N1 P1 ,PS,34.0,1.0,0.0,PS 34:1:0,1.45,1875283.5,2020877.5,2596026.5,2888356.0,253.2173957824707,16.0,1.0,0.36,145623.3,151251.9,197813.6,199654.6,283.2644500732422,18.0,0.0,0.69,438655.2,455814.6,595753.8,625709.6, None, None, None, None, None,, None, None, None, None
762.5305938720703,C40 H77 O10 N1 P1 ,PS,34.0,0.0,0.0,PS 34:0:0,2.01,37136.9,28490.9,38660.9,40878.1,283.2644348144531,18.0,0.0,0.63,41514.0,45593.3,56886.2,56335.3,255.2330551147461,16.0,0.0,0.39,10726.5,11560.4,9241.9,14958.2, None, None, None, None, None,, None, None, None, None
762.5305938720703,C40 H77 O10 N1 P1 ,PS,34.0,0.0,0.0,PS 34:0:0,2.01,37136.9,28490.9,38660.9,40878.1,255.2330551147461,16.0,0.0,0.39,10726.5,11560.4,9241.9,14958.2,283.2644348144531,18.0,0.0,0.63,41514.0,45593.3,56886.2,56335.3, None, None, None, None, None,, None, None, None, None
774.5304718017578,C41 H77 O10 N1 P1 ,PS,35.0,1.0,0.0,PS 35:1:0,1.82,532522.4,581640.8,778291.2,861164.5,295.2642822265625,19.0,1.0,0.09,2713.9,3091.5,0.0,0.0,255.2330474853516,16.0,0.0,0.36,11803.0,12554.3,15934.9,16833.4, None, None, None, None, None,, None, None, None, None
774.5304718017578,C41 H77 O10 N1 P1 ,PS,35.0,1.0,0.0,PS 35:1:0,1.82,532522.4,581640.8,778291.2,861164.5,283.2644500732422,18.0,0.0,0.69,172113.8,187366.5,220834.5,241368.2,267.23319244384766,17.0,1.0,0.89,58524.6,63207.6,80472.4,80830.1, None, None, None, None, None,, None, None, None, None
774.5304718017578,C41 H77 O10 N1 P1 ,PS,35.0,1.0,0.0,PS 35:1:0,1.82,532522.4,581640.8,778291.2,861164.5,281.24877166748047,18.0,1.0,0.59,154880.6,159281.4,209047.7,215233.7,269.2488479614258,17.0,0.0,0.9,383553.7,416544.7,515411.5,545000.4, None, None, None, None, None,, None, None, None, None
774.5304718017578,C41 H77 O10 N1 P1 ,PS,35.0,1.0,0.0,PS 35:1:0,1.82,532522.4,581640.8,778291.2,861164.5,269.2488479614258,17.0,0.0,0.9,383553.7,416544.7,515411.5,545000.4,281.24877166748047,18.0,1.0,0.59,154880.6,159281.4,209047.7,215233.7, None, None, None, None, None,, None, None, None, None
774.5304718017578,C41 H77 O10 N1 P1 ,PS,35.0,1.0,0.0,PS 35:1:0,1.82,532522.4,581640.8,778291.2,861164.5,267.23319244384766,17.0,1.0,0.89,58524.6,63207.6,80472.4,80830.1,283.2644500732422,18.0,0.0,0.69,172113.8,187366.5,220834.5,241368.2, None, None, None, None, None,, None, None, None, None
774.5304718017578,C41 H77 O10 N1 P1 ,PS,35.0,1.0,0.0,PS 35:1:0,1.82,532522.4,581640.8,778291.2,861164.5,255.2330474853516,16.0,0.0,0.36,11803.0,12554.3,15934.9,16833.4,295.2642822265625,19.0,1.0,0.09,2713.9,3091.5,0.0,0.0, None, None, None, None, None,, None, None, None, None
776.5460968017578,C41 H79 O10 N1 P1 ,PS,35.0,0.0,0.0,PS 35:0:0,1.79,26873.3,24091.6,25067.9,38134.1,297.28009033203125,19.0,0.0,0.62,0.0,0.0,411.6,0.0,255.23305892944336,16.0,0.0,0.41,2472.3,2457.6,2617.7,3515.9, None, None, None, None, None,, None, None, None, None
776.5460968017578,C41 H79 O10 N1 P1 ,PS,35.0,0.0,0.0,PS 35:0:0,1.79,26873.3,24091.6,25067.9,38134.1,283.2644271850586,18.0,0.0,0.61,20673.0,19344.0,17299.5,17187.5,269.2488708496094,17.0,0.0,0.99,757.6,87.5,1845.6,1532.7, None, None, None, None, None,, None, None, None, None
776.5460968017578,C41 H79 O10 N1 P1 ,PS,35.0,0.0,0.0,PS 35:0:0,1.79,26873.3,24091.6,25067.9,38134.1,269.2488708496094,17.0,0.0,0.99,757.6,87.5,1845.6,1532.7,283.2644271850586,18.0,0.0,0.61,20673.0,19344.0,17299.5,17187.5, None, None, None, None, None,, None, None, None, None
776.5460968017578,C41 H79 O10 N1 P1 ,PS,35.0,0.0,0.0,PS 35:0:0,1.79,26873.3,24091.6,25067.9,38134.1,255.23305892944336,16.0,0.0,0.41,2472.3,2457.6,2617.7,3515.9,297.28009033203125,19.0,0.0,0.62,0.0,0.0,411.6,0.0, None, None, None, None, None,, None, None, None, None
782.4981231689453,C42 H73 O10 N1 P1 ,PS,36.0,4.0,0.0,PS 36:4:0,0.47,103148.7,102208.6,150964.7,184123.4,305.2488784790039,20.0,3.0,0.89,608.6,611.1,610.8,848.3,253.2174072265625,16.0,1.0,0.4,8774.3,8986.2,12871.4,12797.7, None, None, None, None, None,, None, None, None, None
782.4981231689453,C42 H73 O10 N1 P1 ,PS,36.0,4.0,0.0,PS 36:4:0,0.47,103148.7,102208.6,150964.7,184123.4,303.2331314086914,20.0,4.0,0.58,14134.2,15164.6,19672.9,18930.2,255.23300552368164,16.0,0.0,0.2,127970.2,130131.8,183057.8,183294.8, None, None, None, None, None,, None, None, None, None
782.4981231689453,C42 H73 O10 N1 P1 ,PS,36.0,4.0,0.0,PS 36:4:0,0.47,103148.7,102208.6,150964.7,184123.4,281.2487869262696,18.0,1.0,0.65,37835.2,37592.1,54550.9,53197.8,277.2175064086914,18.0,3.0,0.73,862.8,1096.8,1040.7,1076.0, None, None, None, None, None,, None, None, None, None
782.4981231689453,C42 H73 O10 N1 P1 ,PS,36.0,4.0,0.0,PS 36:4:0,0.47,103148.7,102208.6,150964.7,184123.4,279.2331237792969,18.0,2.0,0.6,2139.5,2120.7,2604.5,2647.8,279.2331237792969,18.0,2.0,0.6,2139.5,2120.7,2604.5,2647.8, None, None, None, None, None,, None, None, None, None
782.4981231689453,C42 H73 O10 N1 P1 ,PS,36.0,4.0,0.0,PS 36:4:0,0.47,103148.7,102208.6,150964.7,184123.4,277.2175064086914,18.0,3.0,0.73,862.8,1096.8,1040.7,1076.0,281.2487869262696,18.0,1.0,0.65,37835.2,37592.1,54550.9,53197.8, None, None, None, None, None,, None, None, None, None
782.4981231689453,C42 H73 O10 N1 P1 ,PS,36.0,4.0,0.0,PS 36:4:0,0.47,103148.7,102208.6,150964.7,184123.4,255.23300552368164,16.0,0.0,0.2,127970.2,130131.8,183057.8,183294.8,303.2331314086914,20.0,4.0,0.58,14134.2,15164.6,19672.9,18930.2, None, None, None, None, None,, None, None, None, None
782.4981231689453,C42 H73 O10 N1 P1 ,PS,36.0,4.0,0.0,PS 36:4:0,0.47,103148.7,102208.6,150964.7,184123.4,253.2174072265625,16.0,1.0,0.4,8774.3,8986.2,12871.4,12797.7,305.2488784790039,20.0,3.0,0.89,608.6,611.1,610.8,848.3, None, None, None, None, None,, None, None, None, None
784.5147552490234,C42 H75 O10 N1 P1 ,PS,36.0,3.0,0.0,PS 36:3:0,1.72,127841.6,152381.5,192074.1,199278.3,307.2644500732422,20.0,2.0,0.63,1683.4,1664.6,2123.9,2015.2,253.21739196777344,16.0,1.0,0.34,627.3,842.0,787.5,1126.5, None, None, None, None, None,, None, None, None, None
784.5147552490234,C42 H75 O10 N1 P1 ,PS,36.0,3.0,0.0,PS 36:3:0,1.72,127841.6,152381.5,192074.1,199278.3,305.2487869262696,20.0,3.0,0.59,5783.8,6594.5,8767.3,8012.5,255.23305892944336,16.0,0.0,0.41,18504.1,18681.5,24959.9,25511.7, None, None, None, None, None,, None, None, None, None
784.5147552490234,C42 H75 O10 N1 P1 ,PS,36.0,3.0,0.0,PS 36:3:0,1.72,127841.6,152381.5,192074.1,199278.3,283.26441955566406,18.0,0.0,0.58,18768.9,18487.6,22359.4,23252.5,277.2174758911133,18.0,3.0,0.62,3010.0,3782.2,4112.4,4252.6, None, None, None, None, None,, None, None, None, None
784.5147552490234,C42 H75 O10 N1 P1 ,PS,36.0,3.0,0.0,PS 36:3:0,1.72,127841.6,152381.5,192074.1,199278.3,281.2487564086914,18.0,1.0,0.54,103235.2,108833.1,139821.4,141329.8,279.23314666748047,18.0,2.0,0.69,88324.1,94566.5,120504.6,123559.0, None, None, None, None, None,, None, None, None, None
784.5147552490234,C42 H75 O10 N1 P1 ,PS,36.0,3.0,0.0,PS 36:3:0,1.72,127841.6,152381.5,192074.1,199278.3,279.23314666748047,18.0,2.0,0.69,88324.1,94566.5,120504.6,123559.0,281.2487564086914,18.0,1.0,0.54,103235.2,108833.1,139821.4,141329.8, None, None, None, None, None,, None, None, None, None
784.5147552490234,C42 H75 O10 N1 P1 ,PS,36.0,3.0,0.0,PS 36:3:0,1.72,127841.6,152381.5,192074.1,199278.3,277.2174758911133,18.0,3.0,0.62,3010.0,3782.2,4112.4,4252.6,283.26441955566406,18.0,0.0,0.58,18768.9,18487.6,22359.4,23252.5, None, None, None, None, None,, None, None, None, None
784.5147552490234,C42 H75 O10 N1 P1 ,PS,36.0,3.0,0.0,PS 36:3:0,1.72,127841.6,152381.5,192074.1,199278.3,255.23305892944336,16.0,0.0,0.41,18504.1,18681.5,24959.9,25511.7,305.2487869262696,20.0,3.0,0.59,5783.8,6594.5,8767.3,8012.5, None, None, None, None, None,, None, None, None, None
784.5147552490234,C42 H75 O10 N1 P1 ,PS,36.0,3.0,0.0,PS 36:3:0,1.72,127841.6,152381.5,192074.1,199278.3,253.21739196777344,16.0,1.0,0.34,627.3,842.0,787.5,1126.5,307.2644500732422,20.0,2.0,0.63,1683.4,1664.6,2123.9,2015.2, None, None, None, None, None,, None, None, None, None
786.5304107666016,C42 H77 O10 N1 P1 ,PS,36.0,2.0,0.0,PS 36:2:0,1.72,7359223.8,7916884.7,10130513.8,11235914.0,283.2644348144531,18.0,0.0,0.63,572850.9,600547.1,846641.9,814469.3,279.2331237792969,18.0,2.0,0.6,202437.3,222194.7,316218.4,305801.6, None, None, None, None, None,, None, None, None, None
786.5304107666016,C42 H77 O10 N1 P1 ,PS,36.0,2.0,0.0,PS 36:2:0,1.72,7359223.8,7916884.7,10130513.8,11235914.0,281.24876403808594,18.0,1.0,0.56,9609842.6,9898076.9,13567464.7,13504681.9,281.24876403808594,18.0,1.0,0.56,9609842.6,9898076.9,13567464.7,13504681.9, None, None, None, None, None,, None, None, None, None
786.5304107666016,C42 H77 O10 N1 P1 ,PS,36.0,2.0,0.0,PS 36:2:0,1.72,7359223.8,7916884.7,10130513.8,11235914.0,279.2331237792969,18.0,2.0,0.6,202437.3,222194.7,316218.4,305801.6,283.2644348144531,18.0,0.0,0.63,572850.9,600547.1,846641.9,814469.3, None, None, None, None, None,, None, None, None, None
788.5456390380859,C42 H79 O10 N1 P1 ,PS,36.0,1.0,0.0,PS 36:1:0,1.18,54686318.8,58554321.7,75600202.9,83308639.3,283.26444244384766,18.0,0.0,0.66,50250591.6,53743941.9,76827284.7,71067788.3,281.24879455566406,18.0,1.0,0.67,18632470.4,20080061.6,29456291.3,25419206.0, None, None, None, None, None,, None, None, None, None
788.5456390380859,C42 H79 O10 N1 P1 ,PS,36.0,1.0,0.0,PS 36:1:0,1.18,54686318.8,58554321.7,75600202.9,83308639.3,281.24879455566406,18.0,1.0,0.67,18632470.4,20080061.6,29456291.3,25419206.0,283.26444244384766,18.0,0.0,0.66,50250591.6,53743941.9,76827284.7,71067788.3, None, None, None, None, None,, None, None, None, None
796.5130157470703,C43 H75 O10 N1 P1 ,PS,37.0,4.0,0.0,PS 37:4:0,-0.49,34987.9,31711.8,43926.3,53590.0,305.24886322021484,20.0,3.0,0.84,404.2,536.1,636.0,574.9,267.23321533203125,17.0,1.0,0.97,3422.0,3838.8,5513.7,5084.6, None, None, None, None, None,, None, None, None, None
796.5130157470703,C43 H75 O10 N1 P1 ,PS,37.0,4.0,0.0,PS 37:4:0,-0.49,34987.9,31711.8,43926.3,53590.0,303.23313903808594,20.0,4.0,0.61,4562.3,4878.7,6295.4,6631.1,269.2488784790039,17.0,0.0,1.01,39551.2,40013.1,55800.2,57733.9, None, None, None, None, None,, None, None, None, None
796.5130157470703,C43 H75 O10 N1 P1 ,PS,37.0,4.0,0.0,PS 37:4:0,-0.49,34987.9,31711.8,43926.3,53590.0,291.2333679199219,19.0,3.0,1.42,422.8,517.8,609.7,689.8,281.2488021850586,18.0,1.0,0.7,11574.7,12412.5,17908.8,18201.2, None, None, None, None, None,, None, None, None, None
796.5130157470703,C43 H75 O10 N1 P1 ,PS,37.0,4.0,0.0,PS 37:4:0,-0.49,34987.9,31711.8,43926.3,53590.0,281.2488021850586,18.0,1.0,0.7,11574.7,12412.5,17908.8,18201.2,291.2333679199219,19.0,3.0,1.42,422.8,517.8,609.7,689.8, None, None, None, None, None,, None, None, None, None
796.5130157470703,C43 H75 O10 N1 P1 ,PS,37.0,4.0,0.0,PS 37:4:0,-0.49,34987.9,31711.8,43926.3,53590.0,269.2488784790039,17.0,0.0,1.01,39551.2,40013.1,55800.2,57733.9,303.23313903808594,20.0,4.0,0.61,4562.3,4878.7,6295.4,6631.1, None, None, None, None, None,, None, None, None, None
796.5130157470703,C43 H75 O10 N1 P1 ,PS,37.0,4.0,0.0,PS 37:4:0,-0.49,34987.9,31711.8,43926.3,53590.0,267.23321533203125,17.0,1.0,0.97,3422.0,3838.8,5513.7,5084.6,305.24886322021484,20.0,3.0,0.84,404.2,536.1,636.0,574.9, None, None, None, None, None,, None, None, None, None
798.5299072265625,C43 H77 O10 N1 P1 ,PS,37.0,3.0,0.0,PS 37:3:0,1.06,0.0,0.0,19625.6,23300.3,319.2644551595052,21.0,3.0,0.63,0.0,326.8,618.0,472.9,255.2330551147461,16.0,0.0,0.39,38867.9,39022.5,62171.6,60601.3, None, None, None, None, None,, None, None, None, None
798.5299072265625,C43 H77 O10 N1 P1 ,PS,37.0,3.0,0.0,PS 37:3:0,1.06,0.0,0.0,19625.6,23300.3,307.26453399658203,20.0,2.0,0.91,599.9,657.2,1089.6,1030.6,267.2332534790039,17.0,1.0,1.12,429.1,442.7,614.9,471.9, None, None, None, None, None,, None, None, None, None
798.5299072265625,C43 H77 O10 N1 P1 ,PS,37.0,3.0,0.0,PS 37:3:0,1.06,0.0,0.0,19625.6,23300.3,305.2488021850586,20.0,3.0,0.64,2687.2,2580.2,3182.1,3536.7,269.2488784790039,17.0,0.0,1.01,7883.6,8186.3,10263.1,11116.2, None, None, None, None, None,, None, None, None, None
798.5299072265625,C43 H77 O10 N1 P1 ,PS,37.0,3.0,0.0,PS 37:3:0,1.06,0.0,0.0,19625.6,23300.3,295.264404296875,19.0,1.0,0.5,789.2,981.6,1304.3,1325.1,279.23316955566406,18.0,2.0,0.77,867.8,855.0,1338.9,1228.3, None, None, None, None, None,, None, None, None, None
798.5299072265625,C43 H77 O10 N1 P1 ,PS,37.0,3.0,0.0,PS 37:3:0,1.06,0.0,0.0,19625.6,23300.3,293.2489624023437,19.0,2.0,1.22,6023.1,6432.3,7259.9,8221.5,281.24879455566406,18.0,1.0,0.67,23483.8,23376.4,36169.1,34923.2, None, None, None, None, None,, None, None, None, None
798.5299072265625,C43 H77 O10 N1 P1 ,PS,37.0,3.0,0.0,PS 37:3:0,1.06,0.0,0.0,19625.6,23300.3,291.23329162597656,19.0,3.0,1.16,1929.6,1708.2,2690.5,2586.4,283.26446533203125,18.0,0.0,0.74,25107.2,26698.7,34726.7,33258.6, None, None, None, None, None,, None, None, None, None
798.5299072265625,C43 H77 O10 N1 P1 ,PS,37.0,3.0,0.0,PS 37:3:0,1.06,0.0,0.0,19625.6,23300.3,283.26446533203125,18.0,0.0,0.74,25107.2,26698.7,34726.7,33258.6,291.23329162597656,19.0,3.0,1.16,1929.6,1708.2,2690.5,2586.4, None, None, None, None, None,, None, None, None, None
798.5299072265625,C43 H77 O10 N1 P1 ,PS,37.0,3.0,0.0,PS 37:3:0,1.06,0.0,0.0,19625.6,23300.3,281.24879455566406,18.0,1.0,0.67,23483.8,23376.4,36169.1,34923.2,293.2489624023437,19.0,2.0,1.22,6023.1,6432.3,7259.9,8221.5, None, None, None, None, None,, None, None, None, None
798.5299072265625,C43 H77 O10 N1 P1 ,PS,37.0,3.0,0.0,PS 37:3:0,1.06,0.0,0.0,19625.6,23300.3,279.23316955566406,18.0,2.0,0.77,867.8,855.0,1338.9,1228.3,295.264404296875,19.0,1.0,0.5,789.2,981.6,1304.3,1325.1, None, None, None, None, None,, None, None, None, None
798.5299072265625,C43 H77 O10 N1 P1 ,PS,37.0,3.0,0.0,PS 37:3:0,1.06,0.0,0.0,19625.6,23300.3,269.2488784790039,17.0,0.0,1.01,7883.6,8186.3,10263.1,11116.2,305.2488021850586,20.0,3.0,0.64,2687.2,2580.2,3182.1,3536.7, None, None, None, None, None,, None, None, None, None
798.5299072265625,C43 H77 O10 N1 P1 ,PS,37.0,3.0,0.0,PS 37:3:0,1.06,0.0,0.0,19625.6,23300.3,267.2332534790039,17.0,1.0,1.12,429.1,442.7,614.9,471.9,307.26453399658203,20.0,2.0,0.91,599.9,657.2,1089.6,1030.6, None, None, None, None, None,, None, None, None, None
798.5299072265625,C43 H77 O10 N1 P1 ,PS,37.0,3.0,0.0,PS 37:3:0,1.06,0.0,0.0,19625.6,23300.3,255.2330551147461,16.0,0.0,0.39,38867.9,39022.5,62171.6,60601.3,319.2644551595052,21.0,3.0,0.63,0.0,326.8,618.0,472.9, None, None, None, None, None,, None, None, None, None
800.5458068847656,C43 H79 O10 N1 P1 ,PS,37.0,2.0,0.0,PS 37:2:0,1.37,156370.1,152494.6,202970.9,238486.3,323.2957000732422,21.0,1.0,0.45,0.0,0.0,497.7,474.1,253.21740341186523,16.0,1.0,0.39,900.2,1189.5,1307.7,2676.4, None, None, None, None, None,, None, None, None, None
800.5458068847656,C43 H79 O10 N1 P1 ,PS,37.0,2.0,0.0,PS 37:2:0,1.37,156370.1,152494.6,202970.9,238486.3,309.28013610839844,20.0,1.0,0.75,4320.1,4890.7,5970.2,6375.1,267.2332229614258,17.0,1.0,1.0,1774.6,2360.0,2936.4,2974.2, None, None, None, None, None,, None, None, None, None
800.5458068847656,C43 H79 O10 N1 P1 ,PS,37.0,2.0,0.0,PS 37:2:0,1.37,156370.1,152494.6,202970.9,238486.3,307.26446533203125,20.0,2.0,0.68,2525.0,3287.2,4370.5,3441.3,269.24888610839844,17.0,0.0,1.04,8427.2,9104.3,10474.0,11309.4, None, None, None, None, None,, None, None, None, None
800.5458068847656,C43 H79 O10 N1 P1 ,PS,37.0,2.0,0.0,PS 37:2:0,1.37,156370.1,152494.6,202970.9,238486.3,297.2800521850586,19.0,0.0,0.49,1626.5,1710.8,2240.8,2510.4,279.23319244384766,18.0,2.0,0.85,958.9,1298.1,1287.9,1553.4, None, None, None, None, None,, None, None, None, None
800.5458068847656,C43 H79 O10 N1 P1 ,PS,37.0,2.0,0.0,PS 37:2:0,1.37,156370.1,152494.6,202970.9,238486.3,295.26436614990234,19.0,1.0,0.38,95071.1,101483.1,129669.9,131696.8,281.2488098144531,18.0,1.0,0.73,96140.4,99512.8,128645.9,131328.8, None, None, None, None, None,, None, None, None, None
800.5458068847656,C43 H79 O10 N1 P1 ,PS,37.0,2.0,0.0,PS 37:2:0,1.37,156370.1,152494.6,202970.9,238486.3,293.2489700317383,19.0,2.0,1.24,4303.4,4083.5,5542.3,5860.1,283.26446533203125,18.0,0.0,0.74,21192.5,23159.6,25972.4,28547.3, None, None, None, None, None,, None, None, None, None
800.5458068847656,C43 H79 O10 N1 P1 ,PS,37.0,2.0,0.0,PS 37:2:0,1.37,156370.1,152494.6,202970.9,238486.3,283.26446533203125,18.0,0.0,0.74,21192.5,23159.6,25972.4,28547.3,293.2489700317383,19.0,2.0,1.24,4303.4,4083.5,5542.3,5860.1, None, None, None, None, None,, None, None, None, None
800.5458068847656,C43 H79 O10 N1 P1 ,PS,37.0,2.0,0.0,PS 37:2:0,1.37,156370.1,152494.6,202970.9,238486.3,281.2488098144531,18.0,1.0,0.73,96140.4,99512.8,128645.9,131328.8,295.26436614990234,19.0,1.0,0.38,95071.1,101483.1,129669.9,131696.8, None, None, None, None, None,, None, None, None, None
800.5458068847656,C43 H79 O10 N1 P1 ,PS,37.0,2.0,0.0,PS 37:2:0,1.37,156370.1,152494.6,202970.9,238486.3,279.23319244384766,18.0,2.0,0.85,958.9,1298.1,1287.9,1553.4,297.2800521850586,19.0,0.0,0.49,1626.5,1710.8,2240.8,2510.4, None, None, None, None, None,, None, None, None, None
800.5458068847656,C43 H79 O10 N1 P1 ,PS,37.0,2.0,0.0,PS 37:2:0,1.37,156370.1,152494.6,202970.9,238486.3,269.24888610839844,17.0,0.0,1.04,8427.2,9104.3,10474.0,11309.4,307.26446533203125,20.0,2.0,0.68,2525.0,3287.2,4370.5,3441.3, None, None, None, None, None,, None, None, None, None
800.5458068847656,C43 H79 O10 N1 P1 ,PS,37.0,2.0,0.0,PS 37:2:0,1.37,156370.1,152494.6,202970.9,238486.3,267.2332229614258,17.0,1.0,1.0,1774.6,2360.0,2936.4,2974.2,309.28013610839844,20.0,1.0,0.75,4320.1,4890.7,5970.2,6375.1, None, None, None, None, None,, None, None, None, None
800.5458068847656,C43 H79 O10 N1 P1 ,PS,37.0,2.0,0.0,PS 37:2:0,1.37,156370.1,152494.6,202970.9,238486.3,253.21740341186523,16.0,1.0,0.39,900.2,1189.5,1307.7,2676.4,323.2957000732422,21.0,1.0,0.45,0.0,0.0,497.7,474.1, None, None, None, None, None,, None, None, None, None
802.5612640380859,C43 H81 O10 N1 P1 ,PS,37.0,1.0,0.0,PS 37:1:0,1.13,481712.3,528651.1,656655.5,762700.6,309.2801284790039,20.0,1.0,0.72,11283.6,13552.2,17151.7,15827.8,269.2488708496094,17.0,0.0,0.99,33395.2,36750.1,50177.8,48297.6, None, None, None, None, None,, None, None, None, None
802.5612640380859,C43 H81 O10 N1 P1 ,PS,37.0,1.0,0.0,PS 37:1:0,1.13,481712.3,528651.1,656655.5,762700.6,297.280029296875,19.0,0.0,0.42,147272.0,158210.2,198675.4,201896.4,281.2487869262696,18.0,1.0,0.65,126882.6,140305.4,172433.1,182251.4, None, None, None, None, None,, None, None, None, None
802.5612640380859,C43 H81 O10 N1 P1 ,PS,37.0,1.0,0.0,PS 37:1:0,1.13,481712.3,528651.1,656655.5,762700.6,295.2643508911133,19.0,1.0,0.32,53496.1,53940.3,67528.2,71271.3,283.2644500732422,18.0,0.0,0.69,308789.9,321190.2,396377.4,412222.0, None, None, None, None, None,, None, None, None, None
802.5612640380859,C43 H81 O10 N1 P1 ,PS,37.0,1.0,0.0,PS 37:1:0,1.13,481712.3,528651.1,656655.5,762700.6,283.2644500732422,18.0,0.0,0.69,308789.9,321190.2,396377.4,412222.0,295.2643508911133,19.0,1.0,0.32,53496.1,53940.3,67528.2,71271.3, None, None, None, None, None,, None, None, None, None
802.5612640380859,C43 H81 O10 N1 P1 ,PS,37.0,1.0,0.0,PS 37:1:0,1.13,481712.3,528651.1,656655.5,762700.6,281.2487869262696,18.0,1.0,0.65,126882.6,140305.4,172433.1,182251.4,297.280029296875,19.0,0.0,0.42,147272.0,158210.2,198675.4,201896.4, None, None, None, None, None,, None, None, None, None
802.5612640380859,C43 H81 O10 N1 P1 ,PS,37.0,1.0,0.0,PS 37:1:0,1.13,481712.3,528651.1,656655.5,762700.6,269.2488708496094,17.0,0.0,0.99,33395.2,36750.1,50177.8,48297.6,309.2801284790039,20.0,1.0,0.72,11283.6,13552.2,17151.7,15827.8, None, None, None, None, None,, None, None, None, None
804.5770721435547,C43 H83 O10 N1 P1 ,PS,37.0,0.0,0.0,PS 37:0:0,1.32,90107.8,87619.1,120579.8,121534.7,311.2958374023437,20.0,0.0,0.91,0.0,0.0,499.1,0.0,269.24888610839844,17.0,0.0,1.04,67.9,470.4,134.6,-1.7, None, None, None, None, None,, None, None, None, None
804.5770721435547,C43 H83 O10 N1 P1 ,PS,37.0,0.0,0.0,PS 37:0:0,1.32,90107.8,87619.1,120579.8,121534.7,297.28002166748047,19.0,0.0,0.39,279.4,-1.7,-1.7,-1.7,283.2644577026367,18.0,0.0,0.71,65616.3,70112.9,80181.5,83756.0, None, None, None, None, None,, None, None, None, None
804.5770721435547,C43 H83 O10 N1 P1 ,PS,37.0,0.0,0.0,PS 37:0:0,1.32,90107.8,87619.1,120579.8,121534.7,283.2644577026367,18.0,0.0,0.71,65616.3,70112.9,80181.5,83756.0,297.28002166748047,19.0,0.0,0.39,279.4,-1.7,-1.7,-1.7, None, None, None, None, None,, None, None, None, None
804.5770721435547,C43 H83 O10 N1 P1 ,PS,37.0,0.0,0.0,PS 37:0:0,1.32,90107.8,87619.1,120579.8,121534.7,269.24888610839844,17.0,0.0,1.04,67.9,470.4,134.6,-1.7,311.2958374023437,20.0,0.0,0.91,0.0,0.0,499.1,0.0, None, None, None, None, None,, None, None, None, None
806.4991149902344,C44 H73 O10 N1 P1 ,PS,38.0,6.0,0.0,PS 38:6:0,1.68,137681.6,159146.2,204618.0,257128.6,329.2489013671875,22.0,5.0,0.9,516.5,627.5,845.7,686.1,253.21743392944336,16.0,1.0,0.51,1878.3,2177.4,2701.9,2362.5, None, None, None, None, None,, None, None, None, None
806.4991149902344,C44 H73 O10 N1 P1 ,PS,38.0,6.0,0.0,PS 38:6:0,1.68,137681.6,159146.2,204618.0,257128.6,327.23319244384766,22.0,6.0,0.72,19340.7,19667.1,25734.9,27407.9,255.2329864501953,16.0,0.0,0.12,158785.8,164538.5,218465.0,231465.2, None, None, None, None, None,, None, None, None, None
806.4991149902344,C44 H73 O10 N1 P1 ,PS,38.0,6.0,0.0,PS 38:6:0,1.68,137681.6,159146.2,204618.0,257128.6,305.2488327026367,20.0,3.0,0.74,436.3,410.0,910.4,728.9,277.217529296875,18.0,3.0,0.81,0.0,0.0,381.0,0.0, None, None, None, None, None,, None, None, None, None
806.4991149902344,C44 H73 O10 N1 P1 ,PS,38.0,6.0,0.0,PS 38:6:0,1.68,137681.6,159146.2,204618.0,257128.6,303.2332000732422,20.0,4.0,0.81,880.7,1041.1,1479.4,1572.2,279.23311614990234,18.0,2.0,0.58,8694.0,10344.4,13021.5,12903.2, None, None, None, None, None,, None, None, None, None
806.4991149902344,C44 H73 O10 N1 P1 ,PS,38.0,6.0,0.0,PS 38:6:0,1.68,137681.6,159146.2,204618.0,257128.6,279.23311614990234,18.0,2.0,0.58,8694.0,10344.4,13021.5,12903.2,303.2332000732422,20.0,4.0,0.81,880.7,1041.1,1479.4,1572.2, None, None, None, None, None,, None, None, None, None
806.4991149902344,C44 H73 O10 N1 P1 ,PS,38.0,6.0,0.0,PS 38:6:0,1.68,137681.6,159146.2,204618.0,257128.6,277.217529296875,18.0,3.0,0.81,0.0,0.0,381.0,0.0,305.2488327026367,20.0,3.0,0.74,436.3,410.0,910.4,728.9, None, None, None, None, None,, None, None, None, None
806.4991149902344,C44 H73 O10 N1 P1 ,PS,38.0,6.0,0.0,PS 38:6:0,1.68,137681.6,159146.2,204618.0,257128.6,255.2329864501953,16.0,0.0,0.12,158785.8,164538.5,218465.0,231465.2,327.23319244384766,22.0,6.0,0.72,19340.7,19667.1,25734.9,27407.9, None, None, None, None, None,, None, None, None, None
806.4991149902344,C44 H73 O10 N1 P1 ,PS,38.0,6.0,0.0,PS 38:6:0,1.68,137681.6,159146.2,204618.0,257128.6,253.21743392944336,16.0,1.0,0.51,1878.3,2177.4,2701.9,2362.5,329.2489013671875,22.0,5.0,0.9,516.5,627.5,845.7,686.1, None, None, None, None, None,, None, None, None, None
808.5135803222656,C44 H75 O10 N1 P1 ,PS,38.0,5.0,0.0,PS 38:5:0,0.21,550523.5,568835.4,788154.9,952566.8,329.2488784790039,22.0,5.0,0.83,24048.7,27731.0,38716.5,34665.1,255.23306274414065,16.0,0.0,0.42,149366.6,157264.3,200830.4,191980.2, None, None, None, None, None,, None, None, None, None
808.5135803222656,C44 H75 O10 N1 P1 ,PS,38.0,5.0,0.0,PS 38:5:0,0.21,550523.5,568835.4,788154.9,952566.8,303.2331237792969,20.0,4.0,0.56,75180.0,79890.1,103999.2,102348.0,281.24877166748047,18.0,1.0,0.59,833184.5,875682.5,1191804.2,1225324.9, None, None, None, None, None,, None, None, None, None
808.5135803222656,C44 H75 O10 N1 P1 ,PS,38.0,5.0,0.0,PS 38:5:0,0.21,550523.5,568835.4,788154.9,952566.8,281.24877166748047,18.0,1.0,0.59,833184.5,875682.5,1191804.2,1225324.9,303.2331237792969,20.0,4.0,0.56,75180.0,79890.1,103999.2,102348.0, None, None, None, None, None,, None, None, None, None
808.5135803222656,C44 H75 O10 N1 P1 ,PS,38.0,5.0,0.0,PS 38:5:0,0.21,550523.5,568835.4,788154.9,952566.8,255.23306274414065,16.0,0.0,0.42,149366.6,157264.3,200830.4,191980.2,329.2488784790039,22.0,5.0,0.83,24048.7,27731.0,38716.5,34665.1, None, None, None, None, None,, None, None, None, None
810.5290069580078,C44 H77 O10 N1 P1 ,PS,38.0,4.0,0.0,PS 38:4:0,-0.06,5125154.4,5560513.4,7563425.6,8446008.1,331.2646789550781,22.0,4.0,1.28,44493.7,0.0,47649.5,0.0,255.23302841186523,16.0,0.0,0.29,118515.6,96511.0,130515.5,143065.6, None, None, None, None, None,, None, None, None, None
810.5290069580078,C44 H77 O10 N1 P1 ,PS,38.0,4.0,0.0,PS 38:4:0,-0.06,5125154.4,5560513.4,7563425.6,8446008.1,305.2488250732422,20.0,3.0,0.72,87281.5,71218.4,92081.4,77348.6,281.24879455566406,18.0,1.0,0.67,1446326.5,1370424.2,1960095.2,1912427.0, None, None, None, None, None,, None, None, None, None
810.5290069580078,C44 H77 O10 N1 P1 ,PS,38.0,4.0,0.0,PS 38:4:0,-0.06,5125154.4,5560513.4,7563425.6,8446008.1,303.2331008911133,20.0,4.0,0.48,687845.7,745311.2,965402.9,923939.0,283.26444244384766,18.0,0.0,0.66,6295056.7,6464499.8,8576478.6,8447634.3, None, None, None, None, None,, None, None, None, None
810.5290069580078,C44 H77 O10 N1 P1 ,PS,38.0,4.0,0.0,PS 38:4:0,-0.06,5125154.4,5560513.4,7563425.6,8446008.1,283.26444244384766,18.0,0.0,0.66,6295056.7,6464499.8,8576478.6,8447634.3,303.2331008911133,20.0,4.0,0.48,687845.7,745311.2,965402.9,923939.0, None, None, None, None, None,, None, None, None, None
810.5290069580078,C44 H77 O10 N1 P1 ,PS,38.0,4.0,0.0,PS 38:4:0,-0.06,5125154.4,5560513.4,7563425.6,8446008.1,281.24879455566406,18.0,1.0,0.67,1446326.5,1370424.2,1960095.2,1912427.0,305.2488250732422,20.0,3.0,0.72,87281.5,71218.4,92081.4,77348.6, None, None, None, None, None,, None, None, None, None
810.5290069580078,C44 H77 O10 N1 P1 ,PS,38.0,4.0,0.0,PS 38:4:0,-0.06,5125154.4,5560513.4,7563425.6,8446008.1,255.23302841186523,16.0,0.0,0.29,118515.6,96511.0,130515.5,143065.6,331.2646789550781,22.0,4.0,1.28,44493.7,0.0,47649.5,0.0, None, None, None, None, None,, None, None, None, None
812.5458984375,C44 H79 O10 N1 P1 ,PS,38.0,3.0,0.0,PS 38:3:0,1.46,1589301.9,1727551.0,2144865.7,2511844.9,309.28013610839844,20.0,1.0,0.75,0.0,17604.5,0.0,23533.3,279.233154296875,18.0,2.0,0.71,0.0,11504.6,18667.0,0.0, None, None, None, None, None,, None, None, None, None
812.5458984375,C44 H79 O10 N1 P1 ,PS,38.0,3.0,0.0,PS 38:3:0,1.46,1589301.9,1727551.0,2144865.7,2511844.9,307.2644271850586,20.0,2.0,0.56,204827.4,230596.7,286103.5,298757.4,281.2487869262696,18.0,1.0,0.65,262859.8,262614.6,349251.8,352029.0, None, None, None, None, None,, None, None, None, None
812.5458984375,C44 H79 O10 N1 P1 ,PS,38.0,3.0,0.0,PS 38:3:0,1.46,1589301.9,1727551.0,2144865.7,2511844.9,305.24877166748047,20.0,3.0,0.55,462362.4,461763.0,595559.8,579099.7,283.26444244384766,18.0,0.0,0.66,1546306.6,1554809.5,2030859.7,1997333.3, None, None, None, None, None,, None, None, None, None
812.5458984375,C44 H79 O10 N1 P1 ,PS,38.0,3.0,0.0,PS 38:3:0,1.46,1589301.9,1727551.0,2144865.7,2511844.9,283.26444244384766,18.0,0.0,0.66,1546306.6,1554809.5,2030859.7,1997333.3,305.24877166748047,20.0,3.0,0.55,462362.4,461763.0,595559.8,579099.7, None, None, None, None, None,, None, None, None, None
812.5458984375,C44 H79 O10 N1 P1 ,PS,38.0,3.0,0.0,PS 38:3:0,1.46,1589301.9,1727551.0,2144865.7,2511844.9,281.2487869262696,18.0,1.0,0.65,262859.8,262614.6,349251.8,352029.0,307.2644271850586,20.0,2.0,0.56,204827.4,230596.7,286103.5,298757.4, None, None, None, None, None,, None, None, None, None
812.5458984375,C44 H79 O10 N1 P1 ,PS,38.0,3.0,0.0,PS 38:3:0,1.46,1589301.9,1727551.0,2144865.7,2511844.9,279.233154296875,18.0,2.0,0.71,0.0,11504.6,18667.0,0.0,309.28013610839844,20.0,1.0,0.75,0.0,17604.5,0.0,23533.3, None, None, None, None, None,, None, None, None, None
814.5528564453125,C44 H81 O10 N1 P1 ,PS,38.0,2.0,0.0,PS 38:2:0,-9.21,2297420.0,2473040.9,3162936.2,3526472.8,309.2801208496094,20.0,1.0,0.7,1057655.4,1080166.7,1348518.6,1460617.3,281.2487869262696,18.0,1.0,0.65,1028057.2,1091570.8,1320676.9,1398674.9, None, None, None, None, None,, None, None, None, None
814.5528564453125,C44 H81 O10 N1 P1 ,PS,38.0,2.0,0.0,PS 38:2:0,-9.21,2297420.0,2473040.9,3162936.2,3526472.8,307.26444244384766,20.0,2.0,0.61,423873.9,438135.4,525734.8,578419.5,283.2644500732422,18.0,0.0,0.69,1238769.9,1393536.2,1630564.5,1779049.7, None, None, None, None, None,, None, None, None, None
814.5528564453125,C44 H81 O10 N1 P1 ,PS,38.0,2.0,0.0,PS 38:2:0,-9.21,2297420.0,2473040.9,3162936.2,3526472.8,283.2644500732422,18.0,0.0,0.69,1238769.9,1393536.2,1630564.5,1779049.7,307.26444244384766,20.0,2.0,0.61,423873.9,438135.4,525734.8,578419.5, None, None, None, None, None,, None, None, None, None
814.5528564453125,C44 H81 O10 N1 P1 ,PS,38.0,2.0,0.0,PS 38:2:0,-9.21,2297420.0,2473040.9,3162936.2,3526472.8,281.2487869262696,18.0,1.0,0.65,1028057.2,1091570.8,1320676.9,1398674.9,309.2801208496094,20.0,1.0,0.7,1057655.4,1080166.7,1348518.6,1460617.3, None, None, None, None, None,, None, None, None, None
816.5688934326172,C44 H83 O10 N1 P1 ,PS,38.0,1.0,0.0,PS 38:1:0,-8.71,3876716.0,4181255.7,5332546.2,5941397.9,311.2958068847656,20.0,0.0,0.81,539155.8,591047.4,757064.1,785067.5,281.2488098144531,18.0,1.0,0.73,304031.3,318865.9,345383.5,319582.1, None, None, None, None, None,, None, None, None, None
816.5688934326172,C44 H83 O10 N1 P1 ,PS,38.0,1.0,0.0,PS 38:1:0,-8.71,3876716.0,4181255.7,5332546.2,5941397.9,309.28014373779297,20.0,1.0,0.77,1391107.5,1513906.6,1994461.2,1922846.3,283.2644500732422,18.0,0.0,0.69,4177500.8,4453547.5,5826046.3,5524181.5, None, None, None, None, None,, None, None, None, None
816.5688934326172,C44 H83 O10 N1 P1 ,PS,38.0,1.0,0.0,PS 38:1:0,-8.71,3876716.0,4181255.7,5332546.2,5941397.9,283.2644500732422,18.0,0.0,0.69,4177500.8,4453547.5,5826046.3,5524181.5,309.28014373779297,20.0,1.0,0.77,1391107.5,1513906.6,1994461.2,1922846.3, None, None, None, None, None,, None, None, None, None
816.5688934326172,C44 H83 O10 N1 P1 ,PS,38.0,1.0,0.0,PS 38:1:0,-8.71,3876716.0,4181255.7,5332546.2,5941397.9,281.2488098144531,18.0,1.0,0.73,304031.3,318865.9,345383.5,319582.1,311.2958068847656,20.0,0.0,0.81,539155.8,591047.4,757064.1,785067.5, None, None, None, None, None,, None, None, None, None
820.5145568847656,C45 H75 O10 N1 P1 ,PS,39.0,6.0,0.0,PS 39:6:0,1.4,29312.0,27802.9,0.0,0.0,329.2488250732422,22.0,5.0,0.67,0.0,0.0,611.3,538.6,267.23319244384766,17.0,1.0,0.89,532.8,720.2,839.5,678.0, None, None, None, None, None,, None, None, None, None
820.5145568847656,C45 H75 O10 N1 P1 ,PS,39.0,6.0,0.0,PS 39:6:0,1.4,29312.0,27802.9,0.0,0.0,327.23319244384766,22.0,6.0,0.72,2715.9,3177.9,3871.9,4013.8,269.2488784790039,17.0,0.0,1.01,25981.6,27444.6,35433.8,34506.7, None, None, None, None, None,, None, None, None, None
820.5145568847656,C45 H75 O10 N1 P1 ,PS,39.0,6.0,0.0,PS 39:6:0,1.4,29312.0,27802.9,0.0,0.0,303.2331848144531,20.0,4.0,0.76,626.3,578.9,755.3,1011.9,293.24891662597656,19.0,2.0,1.06,501.9,547.1,678.9,789.3, None, None, None, None, None,, None, None, None, None
820.5145568847656,C45 H75 O10 N1 P1 ,PS,39.0,6.0,0.0,PS 39:6:0,1.4,29312.0,27802.9,0.0,0.0,293.24891662597656,19.0,2.0,1.06,501.9,547.1,678.9,789.3,303.2331848144531,20.0,4.0,0.76,626.3,578.9,755.3,1011.9, None, None, None, None, None,, None, None, None, None
820.5145568847656,C45 H75 O10 N1 P1 ,PS,39.0,6.0,0.0,PS 39:6:0,1.4,29312.0,27802.9,0.0,0.0,269.2488784790039,17.0,0.0,1.01,25981.6,27444.6,35433.8,34506.7,327.23319244384766,22.0,6.0,0.72,2715.9,3177.9,3871.9,4013.8, None, None, None, None, None,, None, None, None, None
820.5145568847656,C45 H75 O10 N1 P1 ,PS,39.0,6.0,0.0,PS 39:6:0,1.4,29312.0,27802.9,0.0,0.0,267.23319244384766,17.0,1.0,0.89,532.8,720.2,839.5,678.0,329.2488250732422,22.0,5.0,0.67,0.0,0.0,611.3,538.6, None, None, None, None, None,, None, None, None, None
822.5300089518229,C45 H77 O10 N1 P1 ,PS,39.0,5.0,0.0,PS 39:5:0,1.15,19120.5,0.0,34297.3,43214.1,331.2646942138672,22.0,4.0,1.32,958.7,1030.3,1078.4,1078.0,267.23328399658203,17.0,1.0,1.23,879.2,782.6,1277.1,1264.4, None, None, None, None, None,, None, None, None, None
822.5300089518229,C45 H77 O10 N1 P1 ,PS,39.0,5.0,0.0,PS 39:5:0,1.15,19120.5,0.0,34297.3,43214.1,329.24889373779297,22.0,5.0,0.88,3255.5,3478.4,5222.4,4923.5,269.24888610839844,17.0,0.0,1.04,19425.3,20044.9,26145.4,27013.5, None, None, None, None, None,, None, None, None, None
822.5300089518229,C45 H77 O10 N1 P1 ,PS,39.0,5.0,0.0,PS 39:5:0,1.15,19120.5,0.0,34297.3,43214.1,303.2331848144531,20.0,4.0,0.76,1048.5,1000.4,1406.4,1495.6,295.2643737792969,19.0,1.0,0.4,8943.8,9577.7,13087.8,11886.9, None, None, None, None, None,, None, None, None, None
822.5300089518229,C45 H77 O10 N1 P1 ,PS,39.0,5.0,0.0,PS 39:5:0,1.15,19120.5,0.0,34297.3,43214.1,295.2643737792969,19.0,1.0,0.4,8943.8,9577.7,13087.8,11886.9,303.2331848144531,20.0,4.0,0.76,1048.5,1000.4,1406.4,1495.6, None, None, None, None, None,, None, None, None, None
822.5300089518229,C45 H77 O10 N1 P1 ,PS,39.0,5.0,0.0,PS 39:5:0,1.15,19120.5,0.0,34297.3,43214.1,269.24888610839844,17.0,0.0,1.04,19425.3,20044.9,26145.4,27013.5,329.24889373779297,22.0,5.0,0.88,3255.5,3478.4,5222.4,4923.5, None, None, None, None, None,, None, None, None, None
822.5300089518229,C45 H77 O10 N1 P1 ,PS,39.0,5.0,0.0,PS 39:5:0,1.15,19120.5,0.0,34297.3,43214.1,267.23328399658203,17.0,1.0,1.23,879.2,782.6,1277.1,1264.4,331.2646942138672,22.0,4.0,1.32,958.7,1030.3,1078.4,1078.0, None, None, None, None, None,, None, None, None, None
824.5461730957031,C45 H79 O10 N1 P1 ,PS,39.0,4.0,0.0,PS 39:4:0,1.78,67768.0,88195.1,99701.2,110138.9,331.26453399658203,22.0,4.0,0.84,9181.5,10446.6,14249.2,14306.3,269.2488784790039,17.0,0.0,1.01,29256.3,30805.0,42585.3,41752.6, None, None, None, None, None,, None, None, None, None
824.5461730957031,C45 H79 O10 N1 P1 ,PS,39.0,4.0,0.0,PS 39:4:0,1.78,67768.0,88195.1,99701.2,110138.9,319.26439666748047,21.0,3.0,0.44,3908.1,4872.4,6302.1,6087.4,281.24874114990234,18.0,1.0,0.48,314215.0,305691.1,484302.8,457684.8, None, None, None, None, None,, None, None, None, None
824.5461730957031,C45 H79 O10 N1 P1 ,PS,39.0,4.0,0.0,PS 39:4:0,1.78,67768.0,88195.1,99701.2,110138.9,317.2487030029297,21.0,4.0,0.31,1440.1,1056.9,0.0,0.0,283.2644271850586,18.0,0.0,0.61,65036.0,63887.5,91694.1,82981.7, None, None, None, None, None,, None, None, None, None
824.5461730957031,C45 H79 O10 N1 P1 ,PS,39.0,4.0,0.0,PS 39:4:0,1.78,67768.0,88195.1,99701.2,110138.9,305.2488708496094,20.0,3.0,0.87,0.0,855.7,0.0,0.0,295.2643737792969,19.0,1.0,0.4,5262.5,4792.4,6121.5,6608.1, None, None, None, None, None,, None, None, None, None
824.5461730957031,C45 H79 O10 N1 P1 ,PS,39.0,4.0,0.0,PS 39:4:0,1.78,67768.0,88195.1,99701.2,110138.9,303.23313903808594,20.0,4.0,0.61,5286.0,6427.2,8824.5,6123.3,297.2800369262696,19.0,0.0,0.44,14588.0,17728.1,22675.6,21253.6, None, None, None, None, None,, None, None, None, None
824.5461730957031,C45 H79 O10 N1 P1 ,PS,39.0,4.0,0.0,PS 39:4:0,1.78,67768.0,88195.1,99701.2,110138.9,297.2800369262696,19.0,0.0,0.44,14588.0,17728.1,22675.6,21253.6,303.23313903808594,20.0,4.0,0.61,5286.0,6427.2,8824.5,6123.3, None, None, None, None, None,, None, None, None, None
824.5461730957031,C45 H79 O10 N1 P1 ,PS,39.0,4.0,0.0,PS 39:4:0,1.78,67768.0,88195.1,99701.2,110138.9,295.2643737792969,19.0,1.0,0.4,5262.5,4792.4,6121.5,6608.1,305.2488708496094,20.0,3.0,0.87,0.0,855.7,0.0,0.0, None, None, None, None, None,, None, None, None, None
824.5461730957031,C45 H79 O10 N1 P1 ,PS,39.0,4.0,0.0,PS 39:4:0,1.78,67768.0,88195.1,99701.2,110138.9,283.2644271850586,18.0,0.0,0.61,65036.0,63887.5,91694.1,82981.7,317.2487030029297,21.0,4.0,0.31,1440.1,1056.9,0.0,0.0, None, None, None, None, None,, None, None, None, None
824.5461730957031,C45 H79 O10 N1 P1 ,PS,39.0,4.0,0.0,PS 39:4:0,1.78,67768.0,88195.1,99701.2,110138.9,281.24874114990234,18.0,1.0,0.48,314215.0,305691.1,484302.8,457684.8,319.26439666748047,21.0,3.0,0.44,3908.1,4872.4,6302.1,6087.4, None, None, None, None, None,, None, None, None, None
824.5461730957031,C45 H79 O10 N1 P1 ,PS,39.0,4.0,0.0,PS 39:4:0,1.78,67768.0,88195.1,99701.2,110138.9,269.2488784790039,17.0,0.0,1.01,29256.3,30805.0,42585.3,41752.6,331.26453399658203,22.0,4.0,0.84,9181.5,10446.6,14249.2,14306.3, None, None, None, None, None,, None, None, None, None
826.5615234375,C45 H81 O10 N1 P1 ,PS,39.0,3.0,0.0,PS 39:3:0,1.41,100528.1,98176.3,128895.1,153287.3,321.27996826171875,21.0,2.0,0.2,6788.8,0.0,0.0,0.0,281.2487869262696,18.0,1.0,0.65,733792.4,719644.0,1198060.9,1065020.9, None, None, None, None, None,, None, None, None, None
826.5615234375,C45 H81 O10 N1 P1 ,PS,39.0,3.0,0.0,PS 39:3:0,1.41,100528.1,98176.3,128895.1,153287.3,319.2644271850586,21.0,3.0,0.54,26432.7,24308.3,38151.4,40439.7,283.26444244384766,18.0,0.0,0.66,1775681.5,1732429.6,2709557.5,2530064.4, None, None, None, None, None,, None, None, None, None
826.5615234375,C45 H81 O10 N1 P1 ,PS,39.0,3.0,0.0,PS 39:3:0,1.41,100528.1,98176.3,128895.1,153287.3,283.26444244384766,18.0,0.0,0.66,1775681.5,1732429.6,2709557.5,2530064.4,319.2644271850586,21.0,3.0,0.54,26432.7,24308.3,38151.4,40439.7, None, None, None, None, None,, None, None, None, None
826.5615234375,C45 H81 O10 N1 P1 ,PS,39.0,3.0,0.0,PS 39:3:0,1.41,100528.1,98176.3,128895.1,153287.3,281.2487869262696,18.0,1.0,0.65,733792.4,719644.0,1198060.9,1065020.9,321.27996826171875,21.0,2.0,0.2,6788.8,0.0,0.0,0.0, None, None, None, None, None,, None, None, None, None
828.5728912353516,C45 H83 O10 N1 P1 ,PS,39.0,2.0,0.0,PS 39:2:0,-3.76,95543.2,51666.3,107520.2,120274.3,323.2957000732422,21.0,1.0,0.45,31533.2,37487.6,48342.4,48858.0,281.248779296875,18.0,1.0,0.62,105468.5,108176.7,144292.1,165072.4, None, None, None, None, None,, None, None, None, None
828.5728912353516,C45 H83 O10 N1 P1 ,PS,39.0,2.0,0.0,PS 39:2:0,-3.76,95543.2,51666.3,107520.2,120274.3,321.2800979614258,21.0,2.0,0.6,10140.5,9515.3,13418.2,13000.6,283.26444244384766,18.0,0.0,0.66,146080.9,162133.4,218835.7,230147.5, None, None, None, None, None,, None, None, None, None
828.5728912353516,C45 H83 O10 N1 P1 ,PS,39.0,2.0,0.0,PS 39:2:0,-3.76,95543.2,51666.3,107520.2,120274.3,309.2801971435547,20.0,1.0,0.94,8434.8,8411.7,11065.2,11416.1,295.264404296875,19.0,1.0,0.5,9951.7,9994.4,11949.4,16406.4, None, None, None, None, None,, None, None, None, None
828.5728912353516,C45 H83 O10 N1 P1 ,PS,39.0,2.0,0.0,PS 39:2:0,-3.76,95543.2,51666.3,107520.2,120274.3,307.26453399658203,20.0,2.0,0.91,2947.5,2946.7,4666.1,4273.5,297.28000895182294,19.0,0.0,0.35,3012.3,3789.4,6364.7,0.0, None, None, None, None, None,, None, None, None, None
828.5728912353516,C45 H83 O10 N1 P1 ,PS,39.0,2.0,0.0,PS 39:2:0,-3.76,95543.2,51666.3,107520.2,120274.3,297.28000895182294,19.0,0.0,0.35,3012.3,3789.4,6364.7,0.0,307.26453399658203,20.0,2.0,0.91,2947.5,2946.7,4666.1,4273.5, None, None, None, None, None,, None, None, None, None
828.5728912353516,C45 H83 O10 N1 P1 ,PS,39.0,2.0,0.0,PS 39:2:0,-3.76,95543.2,51666.3,107520.2,120274.3,295.264404296875,19.0,1.0,0.5,9951.7,9994.4,11949.4,16406.4,309.2801971435547,20.0,1.0,0.94,8434.8,8411.7,11065.2,11416.1, None, None, None, None, None,, None, None, None, None
828.5728912353516,C45 H83 O10 N1 P1 ,PS,39.0,2.0,0.0,PS 39:2:0,-3.76,95543.2,51666.3,107520.2,120274.3,283.26444244384766,18.0,0.0,0.66,146080.9,162133.4,218835.7,230147.5,321.2800979614258,21.0,2.0,0.6,10140.5,9515.3,13418.2,13000.6, None, None, None, None, None,, None, None, None, None
828.5728912353516,C45 H83 O10 N1 P1 ,PS,39.0,2.0,0.0,PS 39:2:0,-3.76,95543.2,51666.3,107520.2,120274.3,281.248779296875,18.0,1.0,0.62,105468.5,108176.7,144292.1,165072.4,323.2957000732422,21.0,1.0,0.45,31533.2,37487.6,48342.4,48858.0, None, None, None, None, None,, None, None, None, None
830.4971923828125,C46 H73 O10 N1 P1 ,PS,40.0,8.0,0.0,PS 40:8:0,-0.68,26803.9,0.0,38041.3,51434.9,327.2331848144531,22.0,6.0,0.7,0.0,1080.2,0.0,0.0,279.23314666748047,18.0,2.0,0.69,2597.2,4098.9,3856.3,5386.7, None, None, None, None, None,, None, None, None, None
830.4971923828125,C46 H73 O10 N1 P1 ,PS,40.0,8.0,0.0,PS 40:8:0,-0.68,26803.9,0.0,38041.3,51434.9,303.23313903808594,20.0,4.0,0.61,7198.8,7927.8,9992.1,10000.9,303.23313903808594,20.0,4.0,0.61,7198.8,7927.8,9992.1,10000.9, None, None, None, None, None,, None, None, None, None
830.4971923828125,C46 H73 O10 N1 P1 ,PS,40.0,8.0,0.0,PS 40:8:0,-0.68,26803.9,0.0,38041.3,51434.9,279.23314666748047,18.0,2.0,0.69,2597.2,4098.9,3856.3,5386.7,327.2331848144531,22.0,6.0,0.7,0.0,1080.2,0.0,0.0, None, None, None, None, None,, None, None, None, None
830.5932006835938,C45 H85 O10 N1 P1 ,PS,39.0,1.0,0.0,PS 39:1:0,1.86,136240.4,177152.4,215328.6,240517.1,353.3426818847656,23.0,0.0,0.5,0.0,1599.1,0.0,0.0,253.2173614501953,16.0,1.0,0.22,0.0,420.8,0.0,0.0, None, None, None, None, None,, None, None, None, None
830.5932006835938,C45 H85 O10 N1 P1 ,PS,39.0,1.0,0.0,PS 39:1:0,1.86,136240.4,177152.4,215328.6,240517.1,339.326904296875,22.0,0.0,0.14,2562.3,2655.7,3431.5,3875.2,267.2332458496094,17.0,1.0,1.09,0.0,1504.5,0.0,4423.0, None, None, None, None, None,, None, None, None, None
830.5932006835938,C45 H85 O10 N1 P1 ,PS,39.0,1.0,0.0,PS 39:1:0,1.86,136240.4,177152.4,215328.6,240517.1,337.3115539550781,22.0,1.0,1.03,0.0,1688.2,2214.6,0.0,269.24893951416016,17.0,0.0,1.24,3266.2,3272.8,5853.7,6035.1, None, None, None, None, None,, None, None, None, None
830.5932006835938,C45 H85 O10 N1 P1 ,PS,39.0,1.0,0.0,PS 39:1:0,1.86,136240.4,177152.4,215328.6,240517.1,325.31138610839844,21.0,0.0,0.56,100496.0,107741.2,128911.4,136110.3,281.2487869262696,18.0,1.0,0.65,132958.4,137098.0,168488.9,180947.1, None, None, None, None, None,, None, None, None, None
830.5932006835938,C45 H85 O10 N1 P1 ,PS,39.0,1.0,0.0,PS 39:1:0,1.86,136240.4,177152.4,215328.6,240517.1,323.2957229614258,21.0,1.0,0.52,18296.5,19041.2,23080.1,24251.9,283.2644271850586,18.0,0.0,0.61,105632.9,116236.4,160242.6,192498.2, None, None, None, None, None,, None, None, None, None
830.5932006835938,C45 H85 O10 N1 P1 ,PS,39.0,1.0,0.0,PS 39:1:0,1.86,136240.4,177152.4,215328.6,240517.1,311.2958374023437,20.0,0.0,0.91,2219.5,2537.6,2855.0,0.0,295.26438903808594,19.0,1.0,0.45,0.0,211.2,0.0,149.6, None, None, None, None, None,, None, None, None, None
830.5932006835938,C45 H85 O10 N1 P1 ,PS,39.0,1.0,0.0,PS 39:1:0,1.86,136240.4,177152.4,215328.6,240517.1,309.28011322021484,20.0,1.0,0.67,8601.9,11274.9,12556.3,15300.6,297.28004455566406,19.0,0.0,0.47,15218.2,14109.0,18719.5,19546.7, None, None, None, None, None,, None, None, None, None
830.5932006835938,C45 H85 O10 N1 P1 ,PS,39.0,1.0,0.0,PS 39:1:0,1.86,136240.4,177152.4,215328.6,240517.1,297.28004455566406,19.0,0.0,0.47,15218.2,14109.0,18719.5,19546.7,309.28011322021484,20.0,1.0,0.67,8601.9,11274.9,12556.3,15300.6, None, None, None, None, None,, None, None, None, None
830.5932006835938,C45 H85 O10 N1 P1 ,PS,39.0,1.0,0.0,PS 39:1:0,1.86,136240.4,177152.4,215328.6,240517.1,295.26438903808594,19.0,1.0,0.45,0.0,211.2,0.0,149.6,311.2958374023437,20.0,0.0,0.91,2219.5,2537.6,2855.0,0.0, None, None, None, None, None,, None, None, None, None
830.5932006835938,C45 H85 O10 N1 P1 ,PS,39.0,1.0,0.0,PS 39:1:0,1.86,136240.4,177152.4,215328.6,240517.1,283.2644271850586,18.0,0.0,0.61,105632.9,116236.4,160242.6,192498.2,323.2957229614258,21.0,1.0,0.52,18296.5,19041.2,23080.1,24251.9, None, None, None, None, None,, None, None, None, None
830.5932006835938,C45 H85 O10 N1 P1 ,PS,39.0,1.0,0.0,PS 39:1:0,1.86,136240.4,177152.4,215328.6,240517.1,281.2487869262696,18.0,1.0,0.65,132958.4,137098.0,168488.9,180947.1,325.31138610839844,21.0,0.0,0.56,100496.0,107741.2,128911.4,136110.3, None, None, None, None, None,, None, None, None, None
830.5932006835938,C45 H85 O10 N1 P1 ,PS,39.0,1.0,0.0,PS 39:1:0,1.86,136240.4,177152.4,215328.6,240517.1,269.24893951416016,17.0,0.0,1.24,3266.2,3272.8,5853.7,6035.1,337.3115539550781,22.0,1.0,1.03,0.0,1688.2,2214.6,0.0, None, None, None, None, None,, None, None, None, None
830.5932006835938,C45 H85 O10 N1 P1 ,PS,39.0,1.0,0.0,PS 39:1:0,1.86,136240.4,177152.4,215328.6,240517.1,267.2332458496094,17.0,1.0,1.09,0.0,1504.5,0.0,4423.0,339.326904296875,22.0,0.0,0.14,2562.3,2655.7,3431.5,3875.2, None, None, None, None, None,, None, None, None, None
830.5932006835938,C45 H85 O10 N1 P1 ,PS,39.0,1.0,0.0,PS 39:1:0,1.86,136240.4,177152.4,215328.6,240517.1,253.2173614501953,16.0,1.0,0.22,0.0,420.8,0.0,0.0,353.3426818847656,23.0,0.0,0.5,0.0,1599.1,0.0,0.0, None, None, None, None, None,, None, None, None, None
832.5138549804688,C46 H75 O10 N1 P1 ,PS,40.0,7.0,0.0,PS 40:7:0,0.54,242714.3,263470.9,339643.1,405273.9,329.2491760253906,22.0,5.0,1.73,0.0,1236.1,0.0,0.0,279.2330856323242,18.0,2.0,0.47,3282.4,2729.5,4802.0,4108.5, None, None, None, None, None,, None, None, None, None
832.5138549804688,C46 H75 O10 N1 P1 ,PS,40.0,7.0,0.0,PS 40:7:0,0.54,242714.3,263470.9,339643.1,405273.9,327.2331848144531,22.0,6.0,0.7,21250.7,22532.9,29759.8,28213.9,281.248779296875,18.0,1.0,0.62,251225.9,266768.5,343570.6,352241.7, None, None, None, None, None,, None, None, None, None
832.5138549804688,C46 H75 O10 N1 P1 ,PS,40.0,7.0,0.0,PS 40:7:0,0.54,242714.3,263470.9,339643.1,405273.9,305.2488555908203,20.0,3.0,0.82,6892.1,6939.0,7732.9,9819.0,303.2331008911133,20.0,4.0,0.48,53720.3,58578.9,79218.3,83785.3, None, None, None, None, None,, None, None, None, None
832.5138549804688,C46 H75 O10 N1 P1 ,PS,40.0,7.0,0.0,PS 40:7:0,0.54,242714.3,263470.9,339643.1,405273.9,303.2331008911133,20.0,4.0,0.48,53720.3,58578.9,79218.3,83785.3,305.2488555908203,20.0,3.0,0.82,6892.1,6939.0,7732.9,9819.0, None, None, None, None, None,, None, None, None, None
832.5138549804688,C46 H75 O10 N1 P1 ,PS,40.0,7.0,0.0,PS 40:7:0,0.54,242714.3,263470.9,339643.1,405273.9,281.248779296875,18.0,1.0,0.62,251225.9,266768.5,343570.6,352241.7,327.2331848144531,22.0,6.0,0.7,21250.7,22532.9,29759.8,28213.9, None, None, None, None, None,, None, None, None, None
832.5138549804688,C46 H75 O10 N1 P1 ,PS,40.0,7.0,0.0,PS 40:7:0,0.54,242714.3,263470.9,339643.1,405273.9,279.2330856323242,18.0,2.0,0.47,3282.4,2729.5,4802.0,4108.5,329.2491760253906,22.0,5.0,1.73,0.0,1236.1,0.0,0.0, None, None, None, None, None,, None, None, None, None
832.6002502441406,C45 H87 O10 N1 P1 ,PS,39.0,0.0,0.0,PS 39:0:0,-8.48,0.0,-1.7,-1.7,0.0,325.3114318847656,21.0,0.0,0.7,-1.7,-1.7,-1.7,-1.7,283.26444244384766,18.0,0.0,0.66,237455.4,234089.5,320012.5,310186.6, None, None, None, None, None,, None, None, None, None
832.6002502441406,C45 H87 O10 N1 P1 ,PS,39.0,0.0,0.0,PS 39:0:0,-8.48,0.0,-1.7,-1.7,0.0,283.26444244384766,18.0,0.0,0.66,237455.4,234089.5,320012.5,310186.6,325.3114318847656,21.0,0.0,0.7,-1.7,-1.7,-1.7,-1.7, None, None, None, None, None,, None, None, None, None
834.5303039550781,C46 H77 O10 N1 P1 ,PS,40.0,6.0,0.0,PS 40:6:0,1.49,14247009.4,15131412.8,19484205.4,21846640.1,329.24884033203125,22.0,5.0,0.71,55378.7,0.0,0.0,0.0,281.24881744384766,18.0,1.0,0.75,218386.0,188186.2,316095.0,253802.4, None, None, None, None, None,, None, None, None, None
834.5303039550781,C46 H77 O10 N1 P1 ,PS,40.0,6.0,0.0,PS 40:6:0,1.49,14247009.4,15131412.8,19484205.4,21846640.1,327.2331848144531,22.0,6.0,0.7,1983945.7,2034035.8,2767387.6,2782739.4,283.2644348144531,18.0,0.0,0.63,17541669.4,18899263.3,25672044.1,26037653.3, None, None, None, None, None,, None, None, None, None
834.5303039550781,C46 H77 O10 N1 P1 ,PS,40.0,6.0,0.0,PS 40:6:0,1.49,14247009.4,15131412.8,19484205.4,21846640.1,283.2644348144531,18.0,0.0,0.63,17541669.4,18899263.3,25672044.1,26037653.3,327.2331848144531,22.0,6.0,0.7,1983945.7,2034035.8,2767387.6,2782739.4, None, None, None, None, None,, None, None, None, None
834.5303039550781,C46 H77 O10 N1 P1 ,PS,40.0,6.0,0.0,PS 40:6:0,1.49,14247009.4,15131412.8,19484205.4,21846640.1,281.24881744384766,18.0,1.0,0.75,218386.0,188186.2,316095.0,253802.4,329.24884033203125,22.0,5.0,0.71,55378.7,0.0,0.0,0.0, None, None, None, None, None,, None, None, None, None
836.5375366210938,C46 H79 O10 N1 P1 ,PS,40.0,5.0,0.0,PS 40:5:0,-8.57,4930950.6,5411731.5,6708083.9,7678339.7,331.26448822021484,22.0,4.0,0.7,130048.9,106061.3,171687.3,195550.0,281.2487869262696,18.0,1.0,0.65,458051.8,469274.3,593585.9,572242.9, None, None, None, None, None,, None, None, None, None
836.5375366210938,C46 H79 O10 N1 P1 ,PS,40.0,5.0,0.0,PS 40:5:0,-8.57,4930950.6,5411731.5,6708083.9,7678339.7,329.2488555908203,22.0,5.0,0.76,1820427.7,1702737.4,2302140.1,2333294.8,283.26444244384766,18.0,0.0,0.66,10910870.0,10631999.8,14062202.2,14426267.5, None, None, None, None, None,, None, None, None, None
836.5375366210938,C46 H79 O10 N1 P1 ,PS,40.0,5.0,0.0,PS 40:5:0,-8.57,4930950.6,5411731.5,6708083.9,7678339.7,283.26444244384766,18.0,0.0,0.66,10910870.0,10631999.8,14062202.2,14426267.5,329.2488555908203,22.0,5.0,0.76,1820427.7,1702737.4,2302140.1,2333294.8, None, None, None, None, None,, None, None, None, None
836.5375366210938,C46 H79 O10 N1 P1 ,PS,40.0,5.0,0.0,PS 40:5:0,-8.57,4930950.6,5411731.5,6708083.9,7678339.7,281.2487869262696,18.0,1.0,0.65,458051.8,469274.3,593585.9,572242.9,331.26448822021484,22.0,4.0,0.7,130048.9,106061.3,171687.3,195550.0, None, None, None, None, None,, None, None, None, None
838.5528106689453,C46 H81 O10 N1 P1 ,PS,40.0,4.0,0.0,PS 40:4:0,-9.0,5548817.5,6017420.4,7728022.3,8725717.3,333.2802047729492,22.0,3.0,0.9,148261.3,149383.8,189094.4,204795.4,281.2487869262696,18.0,1.0,0.65,281369.4,263271.4,359509.1,391449.4, None, None, None, None, None,, None, None, None, None
838.5528106689453,C46 H81 O10 N1 P1 ,PS,40.0,4.0,0.0,PS 40:4:0,-9.0,5548817.5,6017420.4,7728022.3,8725717.3,331.2645263671875,22.0,4.0,0.82,2265499.3,2494393.9,3146024.8,3244298.5,283.2644500732422,18.0,0.0,0.69,7109268.3,8068108.5,10545499.6,10464989.5, None, None, None, None, None,, None, None, None, None
838.5528106689453,C46 H81 O10 N1 P1 ,PS,40.0,4.0,0.0,PS 40:4:0,-9.0,5548817.5,6017420.4,7728022.3,8725717.3,283.2644500732422,18.0,0.0,0.69,7109268.3,8068108.5,10545499.6,10464989.5,331.2645263671875,22.0,4.0,0.82,2265499.3,2494393.9,3146024.8,3244298.5, None, None, None, None, None,, None, None, None, None
838.5528106689453,C46 H81 O10 N1 P1 ,PS,40.0,4.0,0.0,PS 40:4:0,-9.0,5548817.5,6017420.4,7728022.3,8725717.3,281.2487869262696,18.0,1.0,0.65,281369.4,263271.4,359509.1,391449.4,333.2802047729492,22.0,3.0,0.9,148261.3,149383.8,189094.4,204795.4, None, None, None, None, None,, None, None, None, None
840.5677032470703,C46 H83 O10 N1 P1 ,PS,40.0,3.0,0.0,PS 40:3:0,-9.88,737062.1,714097.6,936106.7,1028581.9,335.2958755493164,22.0,2.0,0.95,155634.7,180924.4,219304.9,234141.4,281.2487869262696,18.0,1.0,0.65,118746.8,128331.5,209375.5,211518.4, None, None, None, None, None,, None, None, None, None
840.5677032470703,C46 H83 O10 N1 P1 ,PS,40.0,3.0,0.0,PS 40:3:0,-9.88,737062.1,714097.6,936106.7,1028581.9,333.28018951416016,22.0,3.0,0.85,674421.0,698974.5,873085.8,888979.3,283.2644500732422,18.0,0.0,0.69,1855864.1,1931985.6,2552432.1,2571112.6, None, None, None, None, None,, None, None, None, None
840.5677032470703,C46 H83 O10 N1 P1 ,PS,40.0,3.0,0.0,PS 40:3:0,-9.88,737062.1,714097.6,936106.7,1028581.9,309.2801284790039,20.0,1.0,0.72,12914.9,24816.9,21380.8,37258.3,307.2644551595052,20.0,2.0,0.65,0.0,21035.9,23738.9,34108.0, None, None, None, None, None,, None, None, None, None
840.5677032470703,C46 H83 O10 N1 P1 ,PS,40.0,3.0,0.0,PS 40:3:0,-9.88,737062.1,714097.6,936106.7,1028581.9,307.2644551595052,20.0,2.0,0.65,0.0,21035.9,23738.9,34108.0,309.2801284790039,20.0,1.0,0.72,12914.9,24816.9,21380.8,37258.3, None, None, None, None, None,, None, None, None, None
840.5677032470703,C46 H83 O10 N1 P1 ,PS,40.0,3.0,0.0,PS 40:3:0,-9.88,737062.1,714097.6,936106.7,1028581.9,283.2644500732422,18.0,0.0,0.69,1855864.1,1931985.6,2552432.1,2571112.6,333.28018951416016,22.0,3.0,0.85,674421.0,698974.5,873085.8,888979.3, None, None, None, None, None,, None, None, None, None
840.5677032470703,C46 H83 O10 N1 P1 ,PS,40.0,3.0,0.0,PS 40:3:0,-9.88,737062.1,714097.6,936106.7,1028581.9,281.2487869262696,18.0,1.0,0.65,118746.8,128331.5,209375.5,211518.4,335.2958755493164,22.0,2.0,0.95,155634.7,180924.4,219304.9,234141.4, None, None, None, None, None,, None, None, None, None
842.5833892822266,C46 H85 O10 N1 P1 ,PS,40.0,2.0,0.0,PS 40:2:0,-9.82,1282708.9,1373460.9,1700103.7,1941285.1,337.31153869628906,22.0,1.0,0.99,1014025.0,1019186.3,1343010.0,1376333.8,281.248779296875,18.0,1.0,0.62,430305.0,478606.4,608981.7,639518.2, None, None, None, None, None,, None, None, None, None
842.5833892822266,C46 H85 O10 N1 P1 ,PS,40.0,2.0,0.0,PS 40:2:0,-9.82,1282708.9,1373460.9,1700103.7,1941285.1,335.2958755493164,22.0,2.0,0.95,141438.4,148691.3,194700.9,204413.6,283.2644500732422,18.0,0.0,0.69,446203.0,457416.1,585198.7,602169.7, None, None, None, None, None,, None, None, None, None
842.5833892822266,C46 H85 O10 N1 P1 ,PS,40.0,2.0,0.0,PS 40:2:0,-9.82,1282708.9,1373460.9,1700103.7,1941285.1,309.28011322021484,20.0,1.0,0.67,92952.7,119548.2,126382.2,129033.8,309.28011322021484,20.0,1.0,0.67,92952.7,119548.2,126382.2,129033.8, None, None, None, None, None,, None, None, None, None
842.5833892822266,C46 H85 O10 N1 P1 ,PS,40.0,2.0,0.0,PS 40:2:0,-9.82,1282708.9,1373460.9,1700103.7,1941285.1,283.2644500732422,18.0,0.0,0.69,446203.0,457416.1,585198.7,602169.7,335.2958755493164,22.0,2.0,0.95,141438.4,148691.3,194700.9,204413.6, None, None, None, None, None,, None, None, None, None
842.5833892822266,C46 H85 O10 N1 P1 ,PS,40.0,2.0,0.0,PS 40:2:0,-9.82,1282708.9,1373460.9,1700103.7,1941285.1,281.248779296875,18.0,1.0,0.62,430305.0,478606.4,608981.7,639518.2,337.31153869628906,22.0,1.0,0.99,1014025.0,1019186.3,1343010.0,1376333.8, None, None, None, None, None,, None, None, None, None
844.5989379882812,C46 H87 O10 N1 P1 ,PS,40.0,1.0,0.0,PS 40:1:0,-9.91,677277.6,793426.1,969188.7,1121087.3,339.3269119262696,22.0,0.0,0.17,720704.2,804274.2,981824.0,1027656.3,281.248779296875,18.0,1.0,0.62,439758.8,457684.9,598532.8,705005.6, None, None, None, None, None,, None, None, None, None
844.5989379882812,C46 H87 O10 N1 P1 ,PS,40.0,1.0,0.0,PS 40:1:0,-9.91,677277.6,793426.1,969188.7,1121087.3,337.3115539550781,22.0,1.0,1.03,145194.3,154707.6,196401.1,205554.0,283.26444244384766,18.0,0.0,0.66,415412.8,431502.2,558396.9,548858.0, None, None, None, None, None,, None, None, None, None
844.5989379882812,C46 H87 O10 N1 P1 ,PS,40.0,1.0,0.0,PS 40:1:0,-9.91,677277.6,793426.1,969188.7,1121087.3,311.2958221435547,20.0,0.0,0.86,20767.1,29351.7,34678.0,32598.7,309.28014373779297,20.0,1.0,0.77,13158.6,14857.5,12472.9,15049.3, None, None, None, None, None,, None, None, None, None
844.5989379882812,C46 H87 O10 N1 P1 ,PS,40.0,1.0,0.0,PS 40:1:0,-9.91,677277.6,793426.1,969188.7,1121087.3,309.28014373779297,20.0,1.0,0.77,13158.6,14857.5,12472.9,15049.3,311.2958221435547,20.0,0.0,0.86,20767.1,29351.7,34678.0,32598.7, None, None, None, None, None,, None, None, None, None
844.5989379882812,C46 H87 O10 N1 P1 ,PS,40.0,1.0,0.0,PS 40:1:0,-9.91,677277.6,793426.1,969188.7,1121087.3,283.26444244384766,18.0,0.0,0.66,415412.8,431502.2,558396.9,548858.0,337.3115539550781,22.0,1.0,1.03,145194.3,154707.6,196401.1,205554.0, None, None, None, None, None,, None, None, None, None
844.5989379882812,C46 H87 O10 N1 P1 ,PS,40.0,1.0,0.0,PS 40:1:0,-9.91,677277.6,793426.1,969188.7,1121087.3,281.248779296875,18.0,1.0,0.62,439758.8,457684.9,598532.8,705005.6,339.3269119262696,22.0,0.0,0.17,720704.2,804274.2,981824.0,1027656.3, None, None, None, None, None,, None, None, None, None
848.5454864501953,C47 H79 O10 N1 P1 ,PS,41.0,6.0,0.0,PS 41:6:0,0.92,50669.4,66117.3,96976.8,95849.0,327.2332077026367,22.0,6.0,0.77,7983.4,7065.5,9801.1,14107.4,297.28001403808594,19.0,0.0,0.37,24052.1,28473.7,29701.3,34718.5, None, None, None, None, None,, None, None, None, None
848.5454864501953,C47 H79 O10 N1 P1 ,PS,41.0,6.0,0.0,PS 41:6:0,0.92,50669.4,66117.3,96976.8,95849.0,297.28001403808594,19.0,0.0,0.37,24052.1,28473.7,29701.3,34718.5,327.2332077026367,22.0,6.0,0.77,7983.4,7065.5,9801.1,14107.4, None, None, None, None, None,, None, None, None, None
850.5609741210938,C47 H81 O10 N1 P1 ,PS,41.0,5.0,0.0,PS 41:5:0,0.72,44272.0,35549.4,47259.8,42411.5,331.2645365397136,22.0,4.0,0.85,0.0,2323.9,3467.4,3136.2,295.2643737792969,19.0,1.0,0.4,6617.5,5874.8,8033.5,9243.4, None, None, None, None, None,, None, None, None, None
850.5609741210938,C47 H81 O10 N1 P1 ,PS,41.0,5.0,0.0,PS 41:5:0,0.72,44272.0,35549.4,47259.8,42411.5,329.2488708496094,22.0,5.0,0.81,7432.4,8136.1,11053.7,9061.6,297.280029296875,19.0,0.0,0.42,12754.7,13023.6,18430.1,16904.6, None, None, None, None, None,, None, None, None, None
850.5609741210938,C47 H81 O10 N1 P1 ,PS,41.0,5.0,0.0,PS 41:5:0,0.72,44272.0,35549.4,47259.8,42411.5,323.2957305908203,21.0,1.0,0.54,2518.6,2078.0,4510.8,2624.9,303.2331771850586,20.0,4.0,0.73,2497.7,1759.6,4388.4,2659.6, None, None, None, None, None,, None, None, None, None
850.5609741210938,C47 H81 O10 N1 P1 ,PS,41.0,5.0,0.0,PS 41:5:0,0.72,44272.0,35549.4,47259.8,42411.5,303.2331771850586,20.0,4.0,0.73,2497.7,1759.6,4388.4,2659.6,323.2957305908203,21.0,1.0,0.54,2518.6,2078.0,4510.8,2624.9, None, None, None, None, None,, None, None, None, None
850.5609741210938,C47 H81 O10 N1 P1 ,PS,41.0,5.0,0.0,PS 41:5:0,0.72,44272.0,35549.4,47259.8,42411.5,297.280029296875,19.0,0.0,0.42,12754.7,13023.6,18430.1,16904.6,329.2488708496094,22.0,5.0,0.81,7432.4,8136.1,11053.7,9061.6, None, None, None, None, None,, None, None, None, None
850.5609741210938,C47 H81 O10 N1 P1 ,PS,41.0,5.0,0.0,PS 41:5:0,0.72,44272.0,35549.4,47259.8,42411.5,295.2643737792969,19.0,1.0,0.4,6617.5,5874.8,8033.5,9243.4,331.2645365397136,22.0,4.0,0.85,0.0,2323.9,3467.4,3136.2, None, None, None, None, None,, None, None, None, None
852.5767211914062,C47 H83 O10 N1 P1 ,PS,41.0,4.0,0.0,PS 41:4:0,0.83,33429.8,43523.7,65344.1,71537.8,359.2958984375,24.0,4.0,0.95,0.0,0.0,3574.0,2611.9,269.2488708496094,17.0,0.0,0.99,6255.7,5758.4,7225.0,8648.4, None, None, None, None, None,, None, None, None, None
852.5767211914062,C47 H83 O10 N1 P1 ,PS,41.0,4.0,0.0,PS 41:4:0,0.83,33429.8,43523.7,65344.1,71537.8,347.2957534790039,23.0,3.0,0.57,6255.4,4639.7,7839.4,8431.5,281.24879455566406,18.0,1.0,0.67,103519.2,108025.0,88280.7,88958.2, None, None, None, None, None,, None, None, None, None
852.5767211914062,C47 H83 O10 N1 P1 ,PS,41.0,4.0,0.0,PS 41:4:0,0.83,33429.8,43523.7,65344.1,71537.8,345.2800750732422,23.0,4.0,0.49,0.0,0.0,3833.0,3823.2,283.2644500732422,18.0,0.0,0.69,230653.6,242518.5,166432.0,172597.8, None, None, None, None, None,, None, None, None, None
852.5767211914062,C47 H83 O10 N1 P1 ,PS,41.0,4.0,0.0,PS 41:4:0,0.83,33429.8,43523.7,65344.1,71537.8,333.2801818847656,22.0,3.0,0.83,0.0,0.0,1982.7,2599.8,295.2643814086914,19.0,1.0,0.43,3812.5,4584.2,6100.8,5857.1, None, None, None, None, None,, None, None, None, None
852.5767211914062,C47 H83 O10 N1 P1 ,PS,41.0,4.0,0.0,PS 41:4:0,0.83,33429.8,43523.7,65344.1,71537.8,331.2645492553711,22.0,4.0,0.89,8958.0,11388.0,12039.0,12914.5,297.2800369262696,19.0,0.0,0.44,14408.0,15642.4,19808.4,21970.6, None, None, None, None, None,, None, None, None, None
852.5767211914062,C47 H83 O10 N1 P1 ,PS,41.0,4.0,0.0,PS 41:4:0,0.83,33429.8,43523.7,65344.1,71537.8,325.31138610839844,21.0,0.0,0.56,6003.1,7245.3,8313.5,8192.7,303.2331848144531,20.0,4.0,0.76,0.0,0.0,2255.4,2682.0, None, None, None, None, None,, None, None, None, None
852.5767211914062,C47 H83 O10 N1 P1 ,PS,41.0,4.0,0.0,PS 41:4:0,0.83,33429.8,43523.7,65344.1,71537.8,323.29571533203125,21.0,1.0,0.49,0.0,0.0,2090.8,2332.7,305.24888610839844,20.0,3.0,0.92,0.0,0.0,1790.3,1993.7, None, None, None, None, None,, None, None, None, None
852.5767211914062,C47 H83 O10 N1 P1 ,PS,41.0,4.0,0.0,PS 41:4:0,0.83,33429.8,43523.7,65344.1,71537.8,305.24888610839844,20.0,3.0,0.92,0.0,0.0,1790.3,1993.7,323.29571533203125,21.0,1.0,0.49,0.0,0.0,2090.8,2332.7, None, None, None, None, None,, None, None, None, None
852.5767211914062,C47 H83 O10 N1 P1 ,PS,41.0,4.0,0.0,PS 41:4:0,0.83,33429.8,43523.7,65344.1,71537.8,303.2331848144531,20.0,4.0,0.76,0.0,0.0,2255.4,2682.0,325.31138610839844,21.0,0.0,0.56,6003.1,7245.3,8313.5,8192.7, None, None, None, None, None,, None, None, None, None
852.5767211914062,C47 H83 O10 N1 P1 ,PS,41.0,4.0,0.0,PS 41:4:0,0.83,33429.8,43523.7,65344.1,71537.8,297.2800369262696,19.0,0.0,0.44,14408.0,15642.4,19808.4,21970.6,331.2645492553711,22.0,4.0,0.89,8958.0,11388.0,12039.0,12914.5, None, None, None, None, None,, None, None, None, None
852.5767211914062,C47 H83 O10 N1 P1 ,PS,41.0,4.0,0.0,PS 41:4:0,0.83,33429.8,43523.7,65344.1,71537.8,295.2643814086914,19.0,1.0,0.43,3812.5,4584.2,6100.8,5857.1,333.2801818847656,22.0,3.0,0.83,0.0,0.0,1982.7,2599.8, None, None, None, None, None,, None, None, None, None
852.5767211914062,C47 H83 O10 N1 P1 ,PS,41.0,4.0,0.0,PS 41:4:0,0.83,33429.8,43523.7,65344.1,71537.8,283.2644500732422,18.0,0.0,0.69,230653.6,242518.5,166432.0,172597.8,345.2800750732422,23.0,4.0,0.49,0.0,0.0,3833.0,3823.2, None, None, None, None, None,, None, None, None, None
852.5767211914062,C47 H83 O10 N1 P1 ,PS,41.0,4.0,0.0,PS 41:4:0,0.83,33429.8,43523.7,65344.1,71537.8,281.24879455566406,18.0,1.0,0.67,103519.2,108025.0,88280.7,88958.2,347.2957534790039,23.0,3.0,0.57,6255.4,4639.7,7839.4,8431.5, None, None, None, None, None,, None, None, None, None
852.5767211914062,C47 H83 O10 N1 P1 ,PS,41.0,4.0,0.0,PS 41:4:0,0.83,33429.8,43523.7,65344.1,71537.8,269.2488708496094,17.0,0.0,0.99,6255.7,5758.4,7225.0,8648.4,359.2958984375,24.0,4.0,0.95,0.0,0.0,3574.0,2611.9, None, None, None, None, None,, None, None, None, None
854.5924377441406,C47 H85 O10 N1 P1 ,PS,41.0,3.0,0.0,PS 41:3:0,0.91,39004.2,53660.3,79107.1,71406.7,349.3114624023437,23.0,2.0,0.74,9659.9,7749.1,10162.0,15862.6,281.24879455566406,18.0,1.0,0.67,306947.3,307649.4,471931.3,443988.6, None, None, None, None, None,, None, None, None, None
854.5924377441406,C47 H85 O10 N1 P1 ,PS,41.0,3.0,0.0,PS 41:3:0,0.91,39004.2,53660.3,79107.1,71406.7,347.2957229614258,23.0,3.0,0.48,15734.3,13155.3,19039.9,17089.9,283.2644500732422,18.0,0.0,0.69,199882.6,204288.3,301613.9,278277.7, None, None, None, None, None,, None, None, None, None
854.5924377441406,C47 H85 O10 N1 P1 ,PS,41.0,3.0,0.0,PS 41:3:0,0.91,39004.2,53660.3,79107.1,71406.7,333.2802225748698,22.0,3.0,0.95,0.0,4787.6,6262.0,5554.5,297.2801055908203,19.0,0.0,0.67,6435.4,6365.3,7768.9,9259.9, None, None, None, None, None,, None, None, None, None
854.5924377441406,C47 H85 O10 N1 P1 ,PS,41.0,3.0,0.0,PS 41:3:0,0.91,39004.2,53660.3,79107.1,71406.7,297.2801055908203,19.0,0.0,0.67,6435.4,6365.3,7768.9,9259.9,333.2802225748698,22.0,3.0,0.95,0.0,4787.6,6262.0,5554.5, None, None, None, None, None,, None, None, None, None
854.5924377441406,C47 H85 O10 N1 P1 ,PS,41.0,3.0,0.0,PS 41:3:0,0.91,39004.2,53660.3,79107.1,71406.7,283.2644500732422,18.0,0.0,0.69,199882.6,204288.3,301613.9,278277.7,347.2957229614258,23.0,3.0,0.48,15734.3,13155.3,19039.9,17089.9, None, None, None, None, None,, None, None, None, None
854.5924377441406,C47 H85 O10 N1 P1 ,PS,41.0,3.0,0.0,PS 41:3:0,0.91,39004.2,53660.3,79107.1,71406.7,281.24879455566406,18.0,1.0,0.67,306947.3,307649.4,471931.3,443988.6,349.3114624023437,23.0,2.0,0.74,9659.9,7749.1,10162.0,15862.6, None, None, None, None, None,, None, None, None, None
856.6083831787109,C47 H87 O10 N1 P1 ,PS,41.0,2.0,0.0,PS 41:2:0,1.25,113610.2,127473.3,152942.1,185676.1,351.3270568847656,23.0,1.0,0.57,141305.0,146579.6,199010.4,183448.4,281.2487869262696,18.0,1.0,0.65,786949.0,789197.5,1181091.7,1093280.9, None, None, None, None, None,, None, None, None, None
856.6083831787109,C47 H87 O10 N1 P1 ,PS,41.0,2.0,0.0,PS 41:2:0,1.25,113610.2,127473.3,152942.1,185676.1,281.2487869262696,18.0,1.0,0.65,786949.0,789197.5,1181091.7,1093280.9,351.3270568847656,23.0,1.0,0.57,141305.0,146579.6,199010.4,183448.4, None, None, None, None, None,, None, None, None, None
858.6237640380859,C47 H89 O10 N1 P1 ,PS,41.0,1.0,0.0,PS 41:1:0,0.94,131451.4,152813.0,191344.3,186515.4,353.3427505493164,23.0,0.0,0.69,171208.7,194115.7,242749.4,250839.3,281.248779296875,18.0,1.0,0.62,33023.5,37679.4,23690.1,58162.1, None, None, None, None, None,, None, None, None, None
858.6237640380859,C47 H89 O10 N1 P1 ,PS,41.0,1.0,0.0,PS 41:1:0,0.94,131451.4,152813.0,191344.3,186515.4,351.3271179199219,23.0,1.0,0.75,-1.8,-1.8,0.0,-1.8,283.26444244384766,18.0,0.0,0.66,511408.5,529768.2,758778.0,769875.6, None, None, None, None, None,, None, None, None, None
858.6237640380859,C47 H89 O10 N1 P1 ,PS,41.0,1.0,0.0,PS 41:1:0,0.94,131451.4,152813.0,191344.3,186515.4,283.26444244384766,18.0,0.0,0.66,511408.5,529768.2,758778.0,769875.6,351.3271179199219,23.0,1.0,0.75,-1.8,-1.8,0.0,-1.8, None, None, None, None, None,, None, None, None, None
858.6237640380859,C47 H89 O10 N1 P1 ,PS,41.0,1.0,0.0,PS 41:1:0,0.94,131451.4,152813.0,191344.3,186515.4,281.248779296875,18.0,1.0,0.62,33023.5,37679.4,23690.1,58162.1,353.3427505493164,23.0,0.0,0.69,171208.7,194115.7,242749.4,250839.3, None, None, None, None, None,, None, None, None, None
860.5368347167969,C48 H79 O10 N1 P1 ,PS,42.0,7.0,0.0,PS 42:7:0,-9.15,398569.9,463120.9,701805.7,777679.4,355.2644958496094,24.0,6.0,0.68,0.0,6305.3,6182.7,0.0,281.2487869262696,18.0,1.0,0.65,136222.7,128240.9,185206.6,163715.0, None, None, None, None, None,, None, None, None, None
860.5368347167969,C48 H79 O10 N1 P1 ,PS,42.0,7.0,0.0,PS 42:7:0,-9.15,398569.9,463120.9,701805.7,777679.4,331.26453399658203,22.0,4.0,0.84,170409.0,165266.9,261921.2,243064.1,305.2489929199219,20.0,3.0,1.27,0.0,0.0,0.0,5884.6, None, None, None, None, None,, None, None, None, None
860.5368347167969,C48 H79 O10 N1 P1 ,PS,42.0,7.0,0.0,PS 42:7:0,-9.15,398569.9,463120.9,701805.7,777679.4,329.2489547729492,22.0,5.0,1.06,-1.8,-1.8,-1.8,1326.2,307.26462809244794,20.0,2.0,1.21,0.0,5100.6,8233.4,7900.8, None, None, None, None, None,, None, None, None, None
860.5368347167969,C48 H79 O10 N1 P1 ,PS,42.0,7.0,0.0,PS 42:7:0,-9.15,398569.9,463120.9,701805.7,777679.4,327.2333374023437,22.0,6.0,1.17,0.0,5172.5,5029.5,0.0,309.2801208496094,20.0,1.0,0.7,42010.1,36628.9,49215.7,47736.2, None, None, None, None, None,, None, None, None, None
860.5368347167969,C48 H79 O10 N1 P1 ,PS,42.0,7.0,0.0,PS 42:7:0,-9.15,398569.9,463120.9,701805.7,777679.4,309.2801208496094,20.0,1.0,0.7,42010.1,36628.9,49215.7,47736.2,327.2333374023437,22.0,6.0,1.17,0.0,5172.5,5029.5,0.0, None, None, None, None, None,, None, None, None, None
860.5368347167969,C48 H79 O10 N1 P1 ,PS,42.0,7.0,0.0,PS 42:7:0,-9.15,398569.9,463120.9,701805.7,777679.4,307.26462809244794,20.0,2.0,1.21,0.0,5100.6,8233.4,7900.8,329.2489547729492,22.0,5.0,1.06,-1.8,-1.8,-1.8,1326.2, None, None, None, None, None,, None, None, None, None
860.5368347167969,C48 H79 O10 N1 P1 ,PS,42.0,7.0,0.0,PS 42:7:0,-9.15,398569.9,463120.9,701805.7,777679.4,305.2489929199219,20.0,3.0,1.27,0.0,0.0,0.0,5884.6,331.26453399658203,22.0,4.0,0.84,170409.0,165266.9,261921.2,243064.1, None, None, None, None, None,, None, None, None, None
860.5368347167969,C48 H79 O10 N1 P1 ,PS,42.0,7.0,0.0,PS 42:7:0,-9.15,398569.9,463120.9,701805.7,777679.4,281.2487869262696,18.0,1.0,0.65,136222.7,128240.9,185206.6,163715.0,355.2644958496094,24.0,6.0,0.68,0.0,6305.3,6182.7,0.0, None, None, None, None, None,, None, None, None, None
860.63037109375,C47 H91 O10 N1 P1 ,PS,41.0,0.0,0.0,PS 41:0:0,-9.57,-1.8,-1.8,0.0,-1.8,353.34290313720703,23.0,0.0,1.12,785.0,-1.8,-1.8,-1.8,283.2644500732422,18.0,0.0,0.69,542139.2,561280.6,835186.0,800468.1, None, None, None, None, None,, None, None, None, None
860.63037109375,C47 H91 O10 N1 P1 ,PS,41.0,0.0,0.0,PS 41:0:0,-9.57,-1.8,-1.8,0.0,-1.8,283.2644500732422,18.0,0.0,0.69,542139.2,561280.6,835186.0,800468.1,353.34290313720703,23.0,0.0,1.12,785.0,-1.8,-1.8,-1.8, None, None, None, None, None,, None, None, None, None
862.5606689453125,C48 H81 O10 N1 P1 ,PS,42.0,6.0,0.0,PS 42:6:0,0.36,83564.4,75484.3,54587.4,75737.5,359.29586029052734,24.0,4.0,0.85,8735.4,6178.1,6891.6,8997.4,279.2330474853516,18.0,2.0,0.33,0.0,0.0,10015.8,4516.4, None, None, None, None, None,, None, None, None, None
862.5606689453125,C48 H81 O10 N1 P1 ,PS,42.0,6.0,0.0,PS 42:6:0,0.36,83564.4,75484.3,54587.4,75737.5,357.28023529052734,24.0,5.0,0.92,51757.9,59891.8,62654.6,71326.6,281.248779296875,18.0,1.0,0.62,254868.9,281197.0,357226.3,346150.8, None, None, None, None, None,, None, None, None, None
862.5606689453125,C48 H81 O10 N1 P1 ,PS,42.0,6.0,0.0,PS 42:6:0,0.36,83564.4,75484.3,54587.4,75737.5,355.26444244384766,24.0,6.0,0.53,10198.9,7193.5,10164.3,11760.6,283.2644577026367,18.0,0.0,0.71,579838.0,546310.8,735730.5,726236.0, None, None, None, None, None,, None, None, None, None
862.5606689453125,C48 H81 O10 N1 P1 ,PS,42.0,6.0,0.0,PS 42:6:0,0.36,83564.4,75484.3,54587.4,75737.5,331.26451873779297,22.0,4.0,0.8,-1.8,-1.8,-1.8,-1.8,307.2644449869792,20.0,2.0,0.62,7381.5,0.0,9127.1,9005.8, None, None, None, None, None,, None, None, None, None
862.5606689453125,C48 H81 O10 N1 P1 ,PS,42.0,6.0,0.0,PS 42:6:0,0.36,83564.4,75484.3,54587.4,75737.5,327.23317464192706,22.0,6.0,0.67,8780.4,0.0,9383.5,13183.1,311.2958679199219,20.0,0.0,1.0,14180.9,18044.9,24962.4,23965.0, None, None, None, None, None,, None, None, None, None
862.5606689453125,C48 H81 O10 N1 P1 ,PS,42.0,6.0,0.0,PS 42:6:0,0.36,83564.4,75484.3,54587.4,75737.5,311.2958679199219,20.0,0.0,1.0,14180.9,18044.9,24962.4,23965.0,327.23317464192706,22.0,6.0,0.67,8780.4,0.0,9383.5,13183.1, None, None, None, None, None,, None, None, None, None
862.5606689453125,C48 H81 O10 N1 P1 ,PS,42.0,6.0,0.0,PS 42:6:0,0.36,83564.4,75484.3,54587.4,75737.5,307.2644449869792,20.0,2.0,0.62,7381.5,0.0,9127.1,9005.8,331.26451873779297,22.0,4.0,0.8,-1.8,-1.8,-1.8,-1.8, None, None, None, None, None,, None, None, None, None
862.5606689453125,C48 H81 O10 N1 P1 ,PS,42.0,6.0,0.0,PS 42:6:0,0.36,83564.4,75484.3,54587.4,75737.5,283.2644577026367,18.0,0.0,0.71,579838.0,546310.8,735730.5,726236.0,355.26444244384766,24.0,6.0,0.53,10198.9,7193.5,10164.3,11760.6, None, None, None, None, None,, None, None, None, None
862.5606689453125,C48 H81 O10 N1 P1 ,PS,42.0,6.0,0.0,PS 42:6:0,0.36,83564.4,75484.3,54587.4,75737.5,281.248779296875,18.0,1.0,0.62,254868.9,281197.0,357226.3,346150.8,357.28023529052734,24.0,5.0,0.92,51757.9,59891.8,62654.6,71326.6, None, None, None, None, None,, None, None, None, None
862.5606689453125,C48 H81 O10 N1 P1 ,PS,42.0,6.0,0.0,PS 42:6:0,0.36,83564.4,75484.3,54587.4,75737.5,279.2330474853516,18.0,2.0,0.33,0.0,0.0,10015.8,4516.4,359.29586029052734,24.0,4.0,0.85,8735.4,6178.1,6891.6,8997.4, None, None, None, None, None,, None, None, None, None
864.5768890380859,C48 H83 O10 N1 P1 ,PS,42.0,5.0,0.0,PS 42:5:0,1.02,652256.7,726401.8,962864.1,1024203.7,359.29589080810547,24.0,4.0,0.93,215895.9,232085.2,311461.8,309077.8,281.24877166748047,18.0,1.0,0.59,284905.2,315348.3,397643.1,391995.7, None, None, None, None, None,, None, None, None, None
864.5768890380859,C48 H83 O10 N1 P1 ,PS,42.0,5.0,0.0,PS 42:5:0,1.02,652256.7,726401.8,962864.1,1024203.7,357.2802200317383,24.0,5.0,0.88,136602.8,136248.2,184268.4,175103.2,283.26444244384766,18.0,0.0,0.66,669674.6,724711.1,925968.6,918277.9, None, None, None, None, None,, None, None, None, None
864.5768890380859,C48 H83 O10 N1 P1 ,PS,42.0,5.0,0.0,PS 42:5:0,1.02,652256.7,726401.8,962864.1,1024203.7,333.27984619140625,22.0,3.0,-0.18,0.0,1963.5,0.0,0.0,307.2644856770833,20.0,2.0,0.75,0.0,4955.5,8185.0,6498.7, None, None, None, None, None,, None, None, None, None
864.5768890380859,C48 H83 O10 N1 P1 ,PS,42.0,5.0,0.0,PS 42:5:0,1.02,652256.7,726401.8,962864.1,1024203.7,331.2645034790039,22.0,4.0,0.75,8496.8,9157.6,11727.9,12009.3,309.2800827026367,20.0,1.0,0.57,31741.3,30727.4,46125.0,45166.3, None, None, None, None, None,, None, None, None, None
864.5768890380859,C48 H83 O10 N1 P1 ,PS,42.0,5.0,0.0,PS 42:5:0,1.02,652256.7,726401.8,962864.1,1024203.7,329.24884033203125,22.0,5.0,0.71,0.0,7030.0,6758.9,0.0,311.2958450317383,20.0,0.0,0.93,9249.7,9391.1,14658.4,14351.8, None, None, None, None, None,, None, None, None, None
864.5768890380859,C48 H83 O10 N1 P1 ,PS,42.0,5.0,0.0,PS 42:5:0,1.02,652256.7,726401.8,962864.1,1024203.7,311.2958450317383,20.0,0.0,0.93,9249.7,9391.1,14658.4,14351.8,329.24884033203125,22.0,5.0,0.71,0.0,7030.0,6758.9,0.0, None, None, None, None, None,, None, None, None, None
864.5768890380859,C48 H83 O10 N1 P1 ,PS,42.0,5.0,0.0,PS 42:5:0,1.02,652256.7,726401.8,962864.1,1024203.7,309.2800827026367,20.0,1.0,0.57,31741.3,30727.4,46125.0,45166.3,331.2645034790039,22.0,4.0,0.75,8496.8,9157.6,11727.9,12009.3, None, None, None, None, None,, None, None, None, None
864.5768890380859,C48 H83 O10 N1 P1 ,PS,42.0,5.0,0.0,PS 42:5:0,1.02,652256.7,726401.8,962864.1,1024203.7,307.2644856770833,20.0,2.0,0.75,0.0,4955.5,8185.0,6498.7,333.27984619140625,22.0,3.0,-0.18,0.0,1963.5,0.0,0.0, None, None, None, None, None,, None, None, None, None
864.5768890380859,C48 H83 O10 N1 P1 ,PS,42.0,5.0,0.0,PS 42:5:0,1.02,652256.7,726401.8,962864.1,1024203.7,283.26444244384766,18.0,0.0,0.66,669674.6,724711.1,925968.6,918277.9,357.2802200317383,24.0,5.0,0.88,136602.8,136248.2,184268.4,175103.2, None, None, None, None, None,, None, None, None, None
864.5768890380859,C48 H83 O10 N1 P1 ,PS,42.0,5.0,0.0,PS 42:5:0,1.02,652256.7,726401.8,962864.1,1024203.7,281.24877166748047,18.0,1.0,0.59,284905.2,315348.3,397643.1,391995.7,359.29589080810547,24.0,4.0,0.93,215895.9,232085.2,311461.8,309077.8, None, None, None, None, None,, None, None, None, None
866.5832977294922,C48 H85 O10 N1 P1 ,PS,42.0,4.0,0.0,PS 42:4:0,-9.65,767648.2,824262.5,1099905.4,1181782.9,361.3115615844727,24.0,3.0,0.99,80946.6,93570.6,126447.0,113069.4,281.2487869262696,18.0,1.0,0.65,109776.3,112849.5,145362.6,165880.1, None, None, None, None, None,, None, None, None, None
866.5832977294922,C48 H85 O10 N1 P1 ,PS,42.0,4.0,0.0,PS 42:4:0,-9.65,767648.2,824262.5,1099905.4,1181782.9,359.29588317871094,24.0,4.0,0.91,309127.3,335761.8,411715.7,435372.2,283.26444244384766,18.0,0.0,0.66,965198.7,999090.4,1370141.9,1277736.9, None, None, None, None, None,, None, None, None, None
866.5832977294922,C48 H85 O10 N1 P1 ,PS,42.0,4.0,0.0,PS 42:4:0,-9.65,767648.2,824262.5,1099905.4,1181782.9,333.2801742553711,22.0,3.0,0.81,9800.6,9185.6,12891.3,10211.3,309.28011322021484,20.0,1.0,0.67,19028.4,21411.7,21631.0,20487.9, None, None, None, None, None,, None, None, None, None
866.5832977294922,C48 H85 O10 N1 P1 ,PS,42.0,4.0,0.0,PS 42:4:0,-9.65,767648.2,824262.5,1099905.4,1181782.9,331.26446533203125,22.0,4.0,0.63,9844.6,13327.3,9788.1,14414.1,311.2958221435547,20.0,0.0,0.86,9091.4,14360.4,12031.2,13427.6, None, None, None, None, None,, None, None, None, None
866.5832977294922,C48 H85 O10 N1 P1 ,PS,42.0,4.0,0.0,PS 42:4:0,-9.65,767648.2,824262.5,1099905.4,1181782.9,311.2958221435547,20.0,0.0,0.86,9091.4,14360.4,12031.2,13427.6,331.26446533203125,22.0,4.0,0.63,9844.6,13327.3,9788.1,14414.1, None, None, None, None, None,, None, None, None, None
866.5832977294922,C48 H85 O10 N1 P1 ,PS,42.0,4.0,0.0,PS 42:4:0,-9.65,767648.2,824262.5,1099905.4,1181782.9,309.28011322021484,20.0,1.0,0.67,19028.4,21411.7,21631.0,20487.9,333.2801742553711,22.0,3.0,0.81,9800.6,9185.6,12891.3,10211.3, None, None, None, None, None,, None, None, None, None
866.5832977294922,C48 H85 O10 N1 P1 ,PS,42.0,4.0,0.0,PS 42:4:0,-9.65,767648.2,824262.5,1099905.4,1181782.9,283.26444244384766,18.0,0.0,0.66,965198.7,999090.4,1370141.9,1277736.9,359.29588317871094,24.0,4.0,0.91,309127.3,335761.8,411715.7,435372.2, None, None, None, None, None,, None, None, None, None
866.5832977294922,C48 H85 O10 N1 P1 ,PS,42.0,4.0,0.0,PS 42:4:0,-9.65,767648.2,824262.5,1099905.4,1181782.9,281.2487869262696,18.0,1.0,0.65,109776.3,112849.5,145362.6,165880.1,361.3115615844727,24.0,3.0,0.99,80946.6,93570.6,126447.0,113069.4, None, None, None, None, None,, None, None, None, None
868.5989379882812,C48 H87 O10 N1 P1 ,PS,42.0,3.0,0.0,PS 42:3:0,-9.64,109984.5,136835.2,173540.6,184688.8,365.34256744384766,24.0,1.0,0.17,9847.1,6964.3,13281.7,10331.1,279.23313903808594,18.0,2.0,0.66,5998.9,0.0,0.0,10827.8, None, None, None, None, None,, None, None, None, None
868.5989379882812,C48 H87 O10 N1 P1 ,PS,42.0,3.0,0.0,PS 42:3:0,-9.64,109984.5,136835.2,173540.6,184688.8,363.3272476196289,24.0,2.0,1.08,80552.5,86925.0,113150.0,113140.8,281.2487869262696,18.0,1.0,0.65,183476.4,194219.1,260569.2,248922.6, None, None, None, None, None,, None, None, None, None
868.5989379882812,C48 H87 O10 N1 P1 ,PS,42.0,3.0,0.0,PS 42:3:0,-9.64,109984.5,136835.2,173540.6,184688.8,361.3115234375,24.0,3.0,0.88,82825.3,85310.6,112267.2,110178.3,283.26444244384766,18.0,0.0,0.66,595301.3,589490.5,783467.0,789418.1, None, None, None, None, None,, None, None, None, None
868.5989379882812,C48 H87 O10 N1 P1 ,PS,42.0,3.0,0.0,PS 42:3:0,-9.64,109984.5,136835.2,173540.6,184688.8,335.2958984375,22.0,2.0,1.02,0.0,6665.0,0.0,0.0,309.28011322021484,20.0,1.0,0.67,7091.0,10733.0,11321.6,8053.7, None, None, None, None, None,, None, None, None, None
868.5989379882812,C48 H87 O10 N1 P1 ,PS,42.0,3.0,0.0,PS 42:3:0,-9.64,109984.5,136835.2,173540.6,184688.8,333.2802124023437,22.0,3.0,0.92,7082.4,0.0,0.0,0.0,311.29578399658203,20.0,0.0,0.73,6029.6,6706.7,11939.7,12134.5, None, None, None, None, None,, None, None, None, None
868.5989379882812,C48 H87 O10 N1 P1 ,PS,42.0,3.0,0.0,PS 42:3:0,-9.64,109984.5,136835.2,173540.6,184688.8,311.29578399658203,20.0,0.0,0.73,6029.6,6706.7,11939.7,12134.5,333.2802124023437,22.0,3.0,0.92,7082.4,0.0,0.0,0.0, None, None, None, None, None,, None, None, None, None
868.5989379882812,C48 H87 O10 N1 P1 ,PS,42.0,3.0,0.0,PS 42:3:0,-9.64,109984.5,136835.2,173540.6,184688.8,309.28011322021484,20.0,1.0,0.67,7091.0,10733.0,11321.6,8053.7,335.2958984375,22.0,2.0,1.02,0.0,6665.0,0.0,0.0, None, None, None, None, None,, None, None, None, None
868.5989379882812,C48 H87 O10 N1 P1 ,PS,42.0,3.0,0.0,PS 42:3:0,-9.64,109984.5,136835.2,173540.6,184688.8,283.26444244384766,18.0,0.0,0.66,595301.3,589490.5,783467.0,789418.1,361.3115234375,24.0,3.0,0.88,82825.3,85310.6,112267.2,110178.3, None, None, None, None, None,, None, None, None, None
868.5989379882812,C48 H87 O10 N1 P1 ,PS,42.0,3.0,0.0,PS 42:3:0,-9.64,109984.5,136835.2,173540.6,184688.8,281.2487869262696,18.0,1.0,0.65,183476.4,194219.1,260569.2,248922.6,363.3272476196289,24.0,2.0,1.08,80552.5,86925.0,113150.0,113140.8, None, None, None, None, None,, None, None, None, None
868.5989379882812,C48 H87 O10 N1 P1 ,PS,42.0,3.0,0.0,PS 42:3:0,-9.64,109984.5,136835.2,173540.6,184688.8,279.23313903808594,18.0,2.0,0.66,5998.9,0.0,0.0,10827.8,365.34256744384766,24.0,1.0,0.17,9847.1,6964.3,13281.7,10331.1, None, None, None, None, None,, None, None, None, None
870.6239471435547,C48 H89 O10 N1 P1 ,PS,42.0,2.0,0.0,PS 42:2:0,1.13,880239.7,944942.6,1182215.2,1365677.7,365.3425979614258,24.0,1.0,0.25,985653.4,1025441.6,1301570.8,1376157.2,281.248779296875,18.0,1.0,0.62,532281.0,576323.9,725886.1,734453.4, None, None, None, None, None,, None, None, None, None
870.6239471435547,C48 H89 O10 N1 P1 ,PS,42.0,2.0,0.0,PS 42:2:0,1.13,880239.7,944942.6,1182215.2,1365677.7,363.3273010253906,24.0,2.0,1.23,7693.8,9026.0,14316.8,18235.7,283.2644500732422,18.0,0.0,0.69,198361.9,186958.3,236851.5,251265.5, None, None, None, None, None,, None, None, None, None
870.6239471435547,C48 H89 O10 N1 P1 ,PS,42.0,2.0,0.0,PS 42:2:0,1.13,880239.7,944942.6,1182215.2,1365677.7,339.32696533203125,22.0,0.0,0.32,0.0,6391.4,0.0,0.0,307.2645874023437,20.0,2.0,1.08,0.0,0.0,0.0,8976.9, None, None, None, None, None,, None, None, None, None
870.6239471435547,C48 H89 O10 N1 P1 ,PS,42.0,2.0,0.0,PS 42:2:0,1.13,880239.7,944942.6,1182215.2,1365677.7,337.3115997314453,22.0,1.0,1.17,20350.3,23534.3,30375.9,28417.3,309.2802124023437,20.0,1.0,0.99,17892.2,19000.2,16308.6,22423.2, None, None, None, None, None,, None, None, None, None
870.6239471435547,C48 H89 O10 N1 P1 ,PS,42.0,2.0,0.0,PS 42:2:0,1.13,880239.7,944942.6,1182215.2,1365677.7,309.2802124023437,20.0,1.0,0.99,17892.2,19000.2,16308.6,22423.2,337.3115997314453,22.0,1.0,1.17,20350.3,23534.3,30375.9,28417.3, None, None, None, None, None,, None, None, None, None
870.6239471435547,C48 H89 O10 N1 P1 ,PS,42.0,2.0,0.0,PS 42:2:0,1.13,880239.7,944942.6,1182215.2,1365677.7,307.2645874023437,20.0,2.0,1.08,0.0,0.0,0.0,8976.9,339.32696533203125,22.0,0.0,0.32,0.0,6391.4,0.0,0.0, None, None, None, None, None,, None, None, None, None
870.6239471435547,C48 H89 O10 N1 P1 ,PS,42.0,2.0,0.0,PS 42:2:0,1.13,880239.7,944942.6,1182215.2,1365677.7,283.2644500732422,18.0,0.0,0.69,198361.9,186958.3,236851.5,251265.5,363.3273010253906,24.0,2.0,1.23,7693.8,9026.0,14316.8,18235.7, None, None, None, None, None,, None, None, None, None
870.6239471435547,C48 H89 O10 N1 P1 ,PS,42.0,2.0,0.0,PS 42:2:0,1.13,880239.7,944942.6,1182215.2,1365677.7,281.248779296875,18.0,1.0,0.62,532281.0,576323.9,725886.1,734453.4,365.3425979614258,24.0,1.0,0.25,985653.4,1025441.6,1301570.8,1376157.2, None, None, None, None, None,, None, None, None, None
872.6301879882812,C48 H91 O10 N1 P1 ,PS,42.0,1.0,0.0,PS 42:1:0,-9.65,148689.9,119795.8,218290.9,183987.2,367.35826873779297,24.0,0.0,0.31,412046.8,441535.1,544632.0,568005.5,281.2487869262696,18.0,1.0,0.65,666525.3,663511.9,750287.4,648552.1, None, None, None, None, None,, None, None, None, None
872.6301879882812,C48 H91 O10 N1 P1 ,PS,42.0,1.0,0.0,PS 42:1:0,-9.65,148689.9,119795.8,218290.9,183987.2,365.34254455566406,24.0,1.0,0.11,-1.8,10737.1,-1.8,-1.8,283.26446533203125,18.0,0.0,0.74,1395633.3,1370740.9,1988335.2,1810600.0, None, None, None, None, None,, None, None, None, None
872.6301879882812,C48 H91 O10 N1 P1 ,PS,42.0,1.0,0.0,PS 42:1:0,-9.65,148689.9,119795.8,218290.9,183987.2,339.3268127441406,22.0,0.0,-0.13,0.0,0.0,23483.9,0.0,309.28013610839844,20.0,1.0,0.75,19391.0,14238.8,0.0,0.0, None, None, None, None, None,, None, None, None, None
872.6301879882812,C48 H91 O10 N1 P1 ,PS,42.0,1.0,0.0,PS 42:1:0,-9.65,148689.9,119795.8,218290.9,183987.2,309.28013610839844,20.0,1.0,0.75,19391.0,14238.8,0.0,0.0,339.3268127441406,22.0,0.0,-0.13,0.0,0.0,23483.9,0.0, None, None, None, None, None,, None, None, None, None
872.6301879882812,C48 H91 O10 N1 P1 ,PS,42.0,1.0,0.0,PS 42:1:0,-9.65,148689.9,119795.8,218290.9,183987.2,283.26446533203125,18.0,0.0,0.74,1395633.3,1370740.9,1988335.2,1810600.0,365.34254455566406,24.0,1.0,0.11,-1.8,10737.1,-1.8,-1.8, None, None, None, None, None,, None, None, None, None
872.6301879882812,C48 H91 O10 N1 P1 ,PS,42.0,1.0,0.0,PS 42:1:0,-9.65,148689.9,119795.8,218290.9,183987.2,281.2487869262696,18.0,1.0,0.65,666525.3,663511.9,750287.4,648552.1,367.35826873779297,24.0,0.0,0.31,412046.8,441535.1,544632.0,568005.5, None, None, None, None, None,, None, None, None, None
###,PSCOCO,,,,,,,,,,,,,,,,,,,,,,,,,,,,,,,,,,,,
830.4971923828125,C46 H73 O10 N1 P1 ,PS,40.0,8.0,0.0,PS 40:8:0,-0.68,26803.9,0.0,38041.3,51434.9,303.23313903808594,20.0,4.0,0.61,7198.8,7927.8,9992.1,10000.9,303.23313903808594,20.0,4.0,0.61,7198.8,7927.8,9992.1,10000.9,259.243408203125,0.0,429.8,0.0,0.0,259.243408203125,0.0,429.8,0.0,0.0
###,PSCO,,,,,,,,,,,,,,,,,,,,,,,,,,,,,,,,,,,,
782.4981231689453,C42 H73 O10 N1 P1 ,PS,36.0,4.0,0.0,PS 36:4:0,0.47,103148.7,102208.6,150964.7,184123.4,255.23300552368164,16.0,0.0,0.2,127970.2,130131.8,183057.8,183294.8,303.2331314086914,20.0,4.0,0.58,14134.2,15164.6,19672.9,18930.2, 259.24330139160156,848.9,823.7,749.2,864.5,, None, None, None, None
806.4991149902344,C44 H73 O10 N1 P1 ,PS,38.0,6.0,0.0,PS 38:6:0,1.68,137681.6,159146.2,204618.0,257128.6,255.2329864501953,16.0,0.0,0.12,158785.8,164538.5,218465.0,231465.2,327.23319244384766,22.0,6.0,0.72,19340.7,19667.1,25734.9,27407.9, 283.2433547973633,6849.0,7447.1,10178.1,10316.1,, None, None, None, None
808.5135803222656,C44 H75 O10 N1 P1 ,PS,38.0,5.0,0.0,PS 38:5:0,0.21,550523.5,568835.4,788154.9,952566.8,281.24877166748047,18.0,1.0,0.59,833184.5,875682.5,1191804.2,1225324.9,303.2331237792969,20.0,4.0,0.56,75180.0,79890.1,103999.2,102348.0, 259.24327087402344,5373.1,0.0,6242.5,0.0,, None, None, None, None
808.5135803222656,C44 H75 O10 N1 P1 ,PS,38.0,5.0,0.0,PS 38:5:0,0.21,550523.5,568835.4,788154.9,952566.8,255.23306274414065,16.0,0.0,0.42,149366.6,157264.3,200830.4,191980.2,329.2488784790039,22.0,5.0,0.83,24048.7,27731.0,38716.5,34665.1, 285.25885009765625,0.0,0.0,0.0,7514.1,, None, None, None, None
810.5290069580078,C44 H77 O10 N1 P1 ,PS,38.0,4.0,0.0,PS 38:4:0,-0.06,5125154.4,5560513.4,7563425.6,8446008.1,283.26444244384766,18.0,0.0,0.66,6295056.7,6464499.8,8576478.6,8447634.3,303.2331008911133,20.0,4.0,0.48,687845.7,745311.2,965402.9,923939.0, 259.24327087402344,0.0,44291.9,52462.6,0.0,, None, None, None, None
820.5145568847656,C45 H75 O10 N1 P1 ,PS,39.0,6.0,0.0,PS 39:6:0,1.4,29312.0,27802.9,0.0,0.0,269.2488784790039,17.0,0.0,1.01,25981.6,27444.6,35433.8,34506.7,327.23319244384766,22.0,6.0,0.72,2715.9,3177.9,3871.9,4013.8, 283.243408203125,1100.2,1297.3,1542.5,1753.7,, None, None, None, None
822.5300089518229,C45 H77 O10 N1 P1 ,PS,39.0,5.0,0.0,PS 39:5:0,1.15,19120.5,0.0,34297.3,43214.1,269.24888610839844,17.0,0.0,1.04,19425.3,20044.9,26145.4,27013.5,329.24889373779297,22.0,5.0,0.88,3255.5,3478.4,5222.4,4923.5, 285.2591323852539,664.5,580.9,816.6,844.7,, None, None, None, None
830.4971923828125,C46 H73 O10 N1 P1 ,PS,40.0,8.0,0.0,PS 40:8:0,-0.68,26803.9,0.0,38041.3,51434.9,303.23313903808594,20.0,4.0,0.61,7198.8,7927.8,9992.1,10000.9,303.23313903808594,20.0,4.0,0.61,7198.8,7927.8,9992.1,10000.9, 259.243408203125,0.0,429.8,0.0,0.0,, None, None, None, None
832.5138549804688,C46 H75 O10 N1 P1 ,PS,40.0,7.0,0.0,PS 40:7:0,0.54,242714.3,263470.9,339643.1,405273.9,305.2488555908203,20.0,3.0,0.82,6892.1,6939.0,7732.9,9819.0,303.2331008911133,20.0,4.0,0.48,53720.3,58578.9,79218.3,83785.3, 259.2431335449219,2636.8,0.0,0.0,0.0,, None, None, None, None
832.5138549804688,C46 H75 O10 N1 P1 ,PS,40.0,7.0,0.0,PS 40:7:0,0.54,242714.3,263470.9,339643.1,405273.9,281.248779296875,18.0,1.0,0.62,251225.9,266768.5,343570.6,352241.7,327.2331848144531,22.0,6.0,0.7,21250.7,22532.9,29759.8,28213.9, 283.243408203125,7283.4,11121.9,11241.5,11208.8,, None, None, None, None
834.5303039550781,C46 H77 O10 N1 P1 ,PS,40.0,6.0,0.0,PS 40:6:0,1.49,14247009.4,15131412.8,19484205.4,21846640.1,283.2644348144531,18.0,0.0,0.63,17541669.4,18899263.3,25672044.1,26037653.3,327.2331848144531,22.0,6.0,0.7,1983945.7,2034035.8,2767387.6,2782739.4, 283.2434387207031,749919.9,823919.7,952827.8,1098835.1,, None, None, None, None
836.5375366210938,C46 H79 O10 N1 P1 ,PS,40.0,5.0,0.0,PS 40:5:0,-8.57,4930950.6,5411731.5,6708083.9,7678339.7,283.26444244384766,18.0,0.0,0.66,10910870.0,10631999.8,14062202.2,14426267.5,329.2488555908203,22.0,5.0,0.76,1820427.7,1702737.4,2302140.1,2333294.8, 285.2589874267578,329123.0,347593.8,431755.1,454661.3,, None, None, None, None
838.5528106689453,C46 H81 O10 N1 P1 ,PS,40.0,4.0,0.0,PS 40:4:0,-9.0,5548817.5,6017420.4,7728022.3,8725717.3,283.2644500732422,18.0,0.0,0.69,7109268.3,8068108.5,10545499.6,10464989.5,331.2645263671875,22.0,4.0,0.82,2265499.3,2494393.9,3146024.8,3244298.5, 287.27455139160156,45454.3,49157.6,0.0,0.0,, None, None, None, None
850.5609741210938,C47 H81 O10 N1 P1 ,PS,41.0,5.0,0.0,PS 41:5:0,0.72,44272.0,35549.4,47259.8,42411.5,297.280029296875,19.0,0.0,0.42,12754.7,13023.6,18430.1,16904.6,329.2488708496094,22.0,5.0,0.81,7432.4,8136.1,11053.7,9061.6, 285.2591094970703,1883.7,0.0,0.0,2662.0,, None, None, None, None
860.5368347167969,C48 H79 O10 N1 P1 ,PS,42.0,7.0,0.0,PS 42:7:0,-9.15,398569.9,463120.9,701805.7,777679.4,305.2489929199219,20.0,3.0,1.27,0.0,0.0,0.0,5884.6,331.26453399658203,22.0,4.0,0.84,170409.0,165266.9,261921.2,243064.1, 287.27459716796875,0.0,4300.8,0.0,0.0,, None, None, None, None
864.5768890380859,C48 H83 O10 N1 P1 ,PS,42.0,5.0,0.0,PS 42:5:0,1.02,652256.7,726401.8,962864.1,1024203.7,283.26444244384766,18.0,0.0,0.66,669674.6,724711.1,925968.6,918277.9,357.2802200317383,24.0,5.0,0.88,136602.8,136248.2,184268.4,175103.2, 313.29041290283203,5766.0,6708.9,8433.9,8054.4,, None, None, None, None
#NCE,35,,,,,,,,,,,,,,,,,,,,,,,,,,,,,,,,,,,,
###,PSFAS,,,,,,,,,,,,,,,,,,,,,,,,,,,,,,,,,,,,
758.4987182617188,C40 H73 O10 N1 P1 ,PS,34.0,2.0,0.0,PS 34:2:0,1.26,81521.7,97927.3,127366.2,104675.2,283.26444244384766,18.0,0.0,0.66,19774.7,28868.7,35295.4,57114.5,251.20174407958984,16.0,2.0,0.35,1052.0,911.7,1153.6,1390.7, None, None, None, None, None,, None, None, None, None
758.4987182617188,C40 H73 O10 N1 P1 ,PS,34.0,2.0,0.0,PS 34:2:0,1.26,81521.7,97927.3,127366.2,104675.2,281.2487869262696,18.0,1.0,0.65,69504.6,74411.0,91982.2,94382.9,253.2173843383789,16.0,1.0,0.31,29197.8,31486.7,38211.7,40189.3, None, None, None, None, None,, None, None, None, None
758.4987182617188,C40 H73 O10 N1 P1 ,PS,34.0,2.0,0.0,PS 34:2:0,1.26,81521.7,97927.3,127366.2,104675.2,279.23313903808594,18.0,2.0,0.66,9369.3,10146.3,12018.9,12968.9,255.2330436706543,16.0,0.0,0.35,27647.0,28262.2,36053.2,38400.7, None, None, None, None, None,, None, None, None, None
758.4987182617188,C40 H73 O10 N1 P1 ,PS,34.0,2.0,0.0,PS 34:2:0,1.26,81521.7,97927.3,127366.2,104675.2,255.2330436706543,16.0,0.0,0.35,27647.0,28262.2,36053.2,38400.7,279.23313903808594,18.0,2.0,0.66,9369.3,10146.3,12018.9,12968.9, None, None, None, None, None,, None, None, None, None
758.4987182617188,C40 H73 O10 N1 P1 ,PS,34.0,2.0,0.0,PS 34:2:0,1.26,81521.7,97927.3,127366.2,104675.2,253.2173843383789,16.0,1.0,0.31,29197.8,31486.7,38211.7,40189.3,281.2487869262696,18.0,1.0,0.65,69504.6,74411.0,91982.2,94382.9, None, None, None, None, None,, None, None, None, None
758.4987182617188,C40 H73 O10 N1 P1 ,PS,34.0,2.0,0.0,PS 34:2:0,1.26,81521.7,97927.3,127366.2,104675.2,251.20174407958984,16.0,2.0,0.35,1052.0,911.7,1153.6,1390.7,283.26444244384766,18.0,0.0,0.66,19774.7,28868.7,35295.4,57114.5, None, None, None, None, None,, None, None, None, None
760.5145111083984,C40 H75 O10 N1 P1 ,PS,34.0,1.0,0.0,PS 34:1:0,1.45,1875283.5,2020877.5,2596026.5,2888356.0,283.2644348144531,18.0,0.0,0.63,503483.1,572146.8,709788.9,683249.2,253.21738052368164,16.0,1.0,0.3,161077.8,151425.3,191531.4,208565.2, None, None, None, None, None,, None, None, None, None
760.5145111083984,C40 H75 O10 N1 P1 ,PS,34.0,1.0,0.0,PS 34:1:0,1.45,1875283.5,2020877.5,2596026.5,2888356.0,281.248779296875,18.0,1.0,0.62,629634.5,661833.8,871244.8,866687.0,255.23302841186523,16.0,0.0,0.29,1554617.8,1663055.4,2113938.7,2093893.4, None, None, None, None, None,, None, None, None, None
760.5145111083984,C40 H75 O10 N1 P1 ,PS,34.0,1.0,0.0,PS 34:1:0,1.45,1875283.5,2020877.5,2596026.5,2888356.0,255.23302841186523,16.0,0.0,0.29,1554617.8,1663055.4,2113938.7,2093893.4,281.248779296875,18.0,1.0,0.62,629634.5,661833.8,871244.8,866687.0, None, None, None, None, None,, None, None, None, None
760.5145111083984,C40 H75 O10 N1 P1 ,PS,34.0,1.0,0.0,PS 34:1:0,1.45,1875283.5,2020877.5,2596026.5,2888356.0,253.21738052368164,16.0,1.0,0.3,161077.8,151425.3,191531.4,208565.2,283.2644348144531,18.0,0.0,0.63,503483.1,572146.8,709788.9,683249.2, None, None, None, None, None,, None, None, None, None
762.5305938720703,C40 H77 O10 N1 P1 ,PS,34.0,0.0,0.0,PS 34:0:0,2.01,37136.9,28490.9,38660.9,40878.1,283.2644271850586,18.0,0.0,0.61,57211.2,56252.3,74316.3,78017.9,255.2330436706543,16.0,0.0,0.35,15090.5,16486.7,21915.2,30963.7, None, None, None, None, None,, None, None, None, None
762.5305938720703,C40 H77 O10 N1 P1 ,PS,34.0,0.0,0.0,PS 34:0:0,2.01,37136.9,28490.9,38660.9,40878.1,255.2330436706543,16.0,0.0,0.35,15090.5,16486.7,21915.2,30963.7,283.2644271850586,18.0,0.0,0.61,57211.2,56252.3,74316.3,78017.9, None, None, None, None, None,, None, None, None, None
774.5304718017578,C41 H77 O10 N1 P1 ,PS,35.0,1.0,0.0,PS 35:1:0,1.82,532522.4,581640.8,778291.2,861164.5,295.26438395182294,19.0,1.0,0.44,0.0,2820.6,4797.8,5137.2,255.23305130004883,16.0,0.0,0.38,14577.2,15849.7,19856.9,20999.4, None, None, None, None, None,, None, None, None, None
774.5304718017578,C41 H77 O10 N1 P1 ,PS,35.0,1.0,0.0,PS 35:1:0,1.82,532522.4,581640.8,778291.2,861164.5,283.2644348144531,18.0,0.0,0.63,203255.2,222006.5,273007.7,281767.9,267.23319244384766,17.0,1.0,0.89,68195.9,68328.5,91761.0,90027.4, None, None, None, None, None,, None, None, None, None
774.5304718017578,C41 H77 O10 N1 P1 ,PS,35.0,1.0,0.0,PS 35:1:0,1.82,532522.4,581640.8,778291.2,861164.5,281.24877166748047,18.0,1.0,0.59,174905.5,173418.7,222505.6,231100.2,269.2488479614258,17.0,0.0,0.9,458947.4,482450.1,625908.9,634756.4, None, None, None, None, None,, None, None, None, None
774.5304718017578,C41 H77 O10 N1 P1 ,PS,35.0,1.0,0.0,PS 35:1:0,1.82,532522.4,581640.8,778291.2,861164.5,269.2488479614258,17.0,0.0,0.9,458947.4,482450.1,625908.9,634756.4,281.24877166748047,18.0,1.0,0.59,174905.5,173418.7,222505.6,231100.2, None, None, None, None, None,, None, None, None, None
774.5304718017578,C41 H77 O10 N1 P1 ,PS,35.0,1.0,0.0,PS 35:1:0,1.82,532522.4,581640.8,778291.2,861164.5,267.23319244384766,17.0,1.0,0.89,68195.9,68328.5,91761.0,90027.4,283.2644348144531,18.0,0.0,0.63,203255.2,222006.5,273007.7,281767.9, None, None, None, None, None,, None, None, None, None
774.5304718017578,C41 H77 O10 N1 P1 ,PS,35.0,1.0,0.0,PS 35:1:0,1.82,532522.4,581640.8,778291.2,861164.5,255.23305130004883,16.0,0.0,0.38,14577.2,15849.7,19856.9,20999.4,295.26438395182294,19.0,1.0,0.44,0.0,2820.6,4797.8,5137.2, None, None, None, None, None,, None, None, None, None
776.5460968017578,C41 H79 O10 N1 P1 ,PS,35.0,0.0,0.0,PS 35:0:0,1.79,26873.3,24091.6,25067.9,38134.1,297.2801106770833,19.0,0.0,0.69,0.0,361.1,458.0,132.7,255.2330665588379,16.0,0.0,0.44,3063.0,3436.2,4310.4,4654.8, None, None, None, None, None,, None, None, None, None
776.5460968017578,C41 H79 O10 N1 P1 ,PS,35.0,0.0,0.0,PS 35:0:0,1.79,26873.3,24091.6,25067.9,38134.1,283.26444244384766,18.0,0.0,0.66,26863.7,24140.5,22091.9,23013.5,269.2488708496094,17.0,0.0,0.99,3242.8,3183.5,3542.8,3782.2, None, None, None, None, None,, None, None, None, None
776.5460968017578,C41 H79 O10 N1 P1 ,PS,35.0,0.0,0.0,PS 35:0:0,1.79,26873.3,24091.6,25067.9,38134.1,269.2488708496094,17.0,0.0,0.99,3242.8,3183.5,3542.8,3782.2,283.26444244384766,18.0,0.0,0.66,26863.7,24140.5,22091.9,23013.5, None, None, None, None, None,, None, None, None, None
776.5460968017578,C41 H79 O10 N1 P1 ,PS,35.0,0.0,0.0,PS 35:0:0,1.79,26873.3,24091.6,25067.9,38134.1,255.2330665588379,16.0,0.0,0.44,3063.0,3436.2,4310.4,4654.8,297.2801106770833,19.0,0.0,0.69,0.0,361.1,458.0,132.7, None, None, None, None, None,, None, None, None, None
782.4981231689453,C42 H73 O10 N1 P1 ,PS,36.0,4.0,0.0,PS 36:4:0,0.47,103148.7,102208.6,150964.7,184123.4,305.2487869262696,20.0,3.0,0.59,648.9,733.8,903.7,891.7,253.2174186706543,16.0,1.0,0.45,11441.9,11566.7,16321.8,17457.8, None, None, None, None, None,, None, None, None, None
782.4981231689453,C42 H73 O10 N1 P1 ,PS,36.0,4.0,0.0,PS 36:4:0,0.47,103148.7,102208.6,150964.7,184123.4,303.23311614990234,20.0,4.0,0.53,10739.4,11593.0,13814.9,14826.3,255.2329635620117,16.0,0.0,0.03,165144.6,180682.9,243818.8,249976.9, None, None, None, None, None,, None, None, None, None
782.4981231689453,C42 H73 O10 N1 P1 ,PS,36.0,4.0,0.0,PS 36:4:0,0.47,103148.7,102208.6,150964.7,184123.4,281.248779296875,18.0,1.0,0.62,48963.9,50610.8,70004.7,68120.6,277.2174377441406,18.0,3.0,0.48,748.3,758.7,1333.1,1471.3, None, None, None, None, None,, None, None, None, None
782.4981231689453,C42 H73 O10 N1 P1 ,PS,36.0,4.0,0.0,PS 36:4:0,0.47,103148.7,102208.6,150964.7,184123.4,279.23313903808594,18.0,2.0,0.66,2213.3,2349.8,2911.0,3154.4,279.23313903808594,18.0,2.0,0.66,2213.3,2349.8,2911.0,3154.4, None, None, None, None, None,, None, None, None, None
782.4981231689453,C42 H73 O10 N1 P1 ,PS,36.0,4.0,0.0,PS 36:4:0,0.47,103148.7,102208.6,150964.7,184123.4,277.2174377441406,18.0,3.0,0.48,748.3,758.7,1333.1,1471.3,281.248779296875,18.0,1.0,0.62,48963.9,50610.8,70004.7,68120.6, None, None, None, None, None,, None, None, None, None
782.4981231689453,C42 H73 O10 N1 P1 ,PS,36.0,4.0,0.0,PS 36:4:0,0.47,103148.7,102208.6,150964.7,184123.4,255.2329635620117,16.0,0.0,0.03,165144.6,180682.9,243818.8,249976.9,303.23311614990234,20.0,4.0,0.53,10739.4,11593.0,13814.9,14826.3, None, None, None, None, None,, None, None, None, None
782.4981231689453,C42 H73 O10 N1 P1 ,PS,36.0,4.0,0.0,PS 36:4:0,0.47,103148.7,102208.6,150964.7,184123.4,253.2174186706543,16.0,1.0,0.45,11441.9,11566.7,16321.8,17457.8,305.2487869262696,20.0,3.0,0.59,648.9,733.8,903.7,891.7, None, None, None, None, None,, None, None, None, None
784.5147552490234,C42 H75 O10 N1 P1 ,PS,36.0,3.0,0.0,PS 36:3:0,1.72,127841.6,152381.5,192074.1,199278.3,307.2644729614258,20.0,2.0,0.71,1851.5,1760.3,2452.4,2351.6,253.21739196777344,16.0,1.0,0.34,558.7,879.6,924.4,1039.2, None, None, None, None, None,, None, None, None, None
784.5147552490234,C42 H75 O10 N1 P1 ,PS,36.0,3.0,0.0,PS 36:3:0,1.72,127841.6,152381.5,192074.1,199278.3,305.248779296875,20.0,3.0,0.57,5714.4,6692.3,8545.9,8232.2,255.23305892944336,16.0,0.0,0.41,22075.3,22905.2,30429.8,32938.0, None, None, None, None, None,, None, None, None, None
784.5147552490234,C42 H75 O10 N1 P1 ,PS,36.0,3.0,0.0,PS 36:3:0,1.72,127841.6,152381.5,192074.1,199278.3,283.264404296875,18.0,0.0,0.53,22800.9,23987.3,28726.3,29725.8,277.2174835205078,18.0,3.0,0.64,3028.6,3331.8,4557.1,4383.1, None, None, None, None, None,, None, None, None, None
784.5147552490234,C42 H75 O10 N1 P1 ,PS,36.0,3.0,0.0,PS 36:3:0,1.72,127841.6,152381.5,192074.1,199278.3,281.2487487792969,18.0,1.0,0.51,121959.2,129142.7,162567.7,169295.6,279.23313903808594,18.0,2.0,0.66,103267.7,107882.7,138601.9,140616.5, None, None, None, None, None,, None, None, None, None
784.5147552490234,C42 H75 O10 N1 P1 ,PS,36.0,3.0,0.0,PS 36:3:0,1.72,127841.6,152381.5,192074.1,199278.3,279.23313903808594,18.0,2.0,0.66,103267.7,107882.7,138601.9,140616.5,281.2487487792969,18.0,1.0,0.51,121959.2,129142.7,162567.7,169295.6, None, None, None, None, None,, None, None, None, None
784.5147552490234,C42 H75 O10 N1 P1 ,PS,36.0,3.0,0.0,PS 36:3:0,1.72,127841.6,152381.5,192074.1,199278.3,277.2174835205078,18.0,3.0,0.64,3028.6,3331.8,4557.1,4383.1,283.264404296875,18.0,0.0,0.53,22800.9,23987.3,28726.3,29725.8, None, None, None, None, None,, None, None, None, None
784.5147552490234,C42 H75 O10 N1 P1 ,PS,36.0,3.0,0.0,PS 36:3:0,1.72,127841.6,152381.5,192074.1,199278.3,255.23305892944336,16.0,0.0,0.41,22075.3,22905.2,30429.8,32938.0,305.248779296875,20.0,3.0,0.57,5714.4,6692.3,8545.9,8232.2, None, None, None, None, None,, None, None, None, None
784.5147552490234,C42 H75 O10 N1 P1 ,PS,36.0,3.0,0.0,PS 36:3:0,1.72,127841.6,152381.5,192074.1,199278.3,253.21739196777344,16.0,1.0,0.34,558.7,879.6,924.4,1039.2,307.2644729614258,20.0,2.0,0.71,1851.5,1760.3,2452.4,2351.6, None, None, None, None, None,, None, None, None, None
786.5304107666016,C42 H77 O10 N1 P1 ,PS,36.0,2.0,0.0,PS 36:2:0,1.72,7359223.8,7916884.7,10130513.8,11235914.0,283.2644348144531,18.0,0.0,0.63,841117.5,704280.1,1035285.2,952453.4,279.2331314086914,18.0,2.0,0.63,221860.9,222580.3,311353.7,228164.5, None, None, None, None, None,, None, None, None, None
786.5304107666016,C42 H77 O10 N1 P1 ,PS,36.0,2.0,0.0,PS 36:2:0,1.72,7359223.8,7916884.7,10130513.8,11235914.0,281.24877166748047,18.0,1.0,0.59,11708166.4,11565455.9,15029798.5,14563932.1,281.24877166748047,18.0,1.0,0.59,11708166.4,11565455.9,15029798.5,14563932.1, None, None, None, None, None,, None, None, None, None
786.5304107666016,C42 H77 O10 N1 P1 ,PS,36.0,2.0,0.0,PS 36:2:0,1.72,7359223.8,7916884.7,10130513.8,11235914.0,279.2331314086914,18.0,2.0,0.63,221860.9,222580.3,311353.7,228164.5,283.2644348144531,18.0,0.0,0.63,841117.5,704280.1,1035285.2,952453.4, None, None, None, None, None,, None, None, None, None
788.5456390380859,C42 H79 O10 N1 P1 ,PS,36.0,1.0,0.0,PS 36:1:0,1.18,54686318.8,58554321.7,75600202.9,83308639.3,283.2644271850586,18.0,0.0,0.61,71083915.9,70065232.1,100176826.8,98356193.6,281.2487869262696,18.0,1.0,0.65,24062650.5,22789240.0,32292571.9,33209098.5, None, None, None, None, None,, None, None, None, None
788.5456390380859,C42 H79 O10 N1 P1 ,PS,36.0,1.0,0.0,PS 36:1:0,1.18,54686318.8,58554321.7,75600202.9,83308639.3,281.2487869262696,18.0,1.0,0.65,24062650.5,22789240.0,32292571.9,33209098.5,283.2644271850586,18.0,0.0,0.61,71083915.9,70065232.1,100176826.8,98356193.6, None, None, None, None, None,, None, None, None, None
796.5130157470703,C43 H75 O10 N1 P1 ,PS,37.0,4.0,0.0,PS 37:4:0,-0.49,34987.9,31711.8,43926.3,53590.0,305.24879455566406,20.0,3.0,0.62,456.4,580.1,668.7,887.2,267.23321533203125,17.0,1.0,0.97,4813.7,4783.3,7237.2,6627.4, None, None, None, None, None,, None, None, None, None
796.5130157470703,C43 H75 O10 N1 P1 ,PS,37.0,4.0,0.0,PS 37:4:0,-0.49,34987.9,31711.8,43926.3,53590.0,303.23313903808594,20.0,4.0,0.61,3228.9,3476.8,4399.9,4764.9,269.2488708496094,17.0,0.0,0.99,51223.9,53089.9,72545.4,75088.3, None, None, None, None, None,, None, None, None, None
796.5130157470703,C43 H75 O10 N1 P1 ,PS,37.0,4.0,0.0,PS 37:4:0,-0.49,34987.9,31711.8,43926.3,53590.0,291.2333170572917,19.0,3.0,1.24,0.0,311.6,498.8,370.8,281.2488021850586,18.0,1.0,0.7,15119.9,16189.2,23279.7,24212.2, None, None, None, None, None,, None, None, None, None
796.5130157470703,C43 H75 O10 N1 P1 ,PS,37.0,4.0,0.0,PS 37:4:0,-0.49,34987.9,31711.8,43926.3,53590.0,281.2488021850586,18.0,1.0,0.7,15119.9,16189.2,23279.7,24212.2,291.2333170572917,19.0,3.0,1.24,0.0,311.6,498.8,370.8, None, None, None, None, None,, None, None, None, None
796.5130157470703,C43 H75 O10 N1 P1 ,PS,37.0,4.0,0.0,PS 37:4:0,-0.49,34987.9,31711.8,43926.3,53590.0,269.2488708496094,17.0,0.0,0.99,51223.9,53089.9,72545.4,75088.3,303.23313903808594,20.0,4.0,0.61,3228.9,3476.8,4399.9,4764.9, None, None, None, None, None,, None, None, None, None
796.5130157470703,C43 H75 O10 N1 P1 ,PS,37.0,4.0,0.0,PS 37:4:0,-0.49,34987.9,31711.8,43926.3,53590.0,267.23321533203125,17.0,1.0,0.97,4813.7,4783.3,7237.2,6627.4,305.24879455566406,20.0,3.0,0.62,456.4,580.1,668.7,887.2, None, None, None, None, None,, None, None, None, None
798.5299072265625,C43 H77 O10 N1 P1 ,PS,37.0,3.0,0.0,PS 37:3:0,1.06,0.0,0.0,19625.6,23300.3,319.264404296875,21.0,3.0,0.47,0.0,489.2,450.3,456.5,255.2330474853516,16.0,0.0,0.36,50514.4,50590.7,78018.4,78196.0, None, None, None, None, None,, None, None, None, None
798.5299072265625,C43 H77 O10 N1 P1 ,PS,37.0,3.0,0.0,PS 37:3:0,1.06,0.0,0.0,19625.6,23300.3,307.2644805908203,20.0,2.0,0.73,1035.4,1280.5,1195.5,1327.0,267.23321533203125,17.0,1.0,0.97,301.8,545.4,667.2,562.5, None, None, None, None, None,, None, None, None, None
798.5299072265625,C43 H77 O10 N1 P1 ,PS,37.0,3.0,0.0,PS 37:3:0,1.06,0.0,0.0,19625.6,23300.3,305.24879455566406,20.0,3.0,0.62,2551.9,2333.1,3047.6,4052.9,269.2488708496094,17.0,0.0,0.99,8932.4,10120.7,13116.0,12967.7, None, None, None, None, None,, None, None, None, None
798.5299072265625,C43 H77 O10 N1 P1 ,PS,37.0,3.0,0.0,PS 37:3:0,1.06,0.0,0.0,19625.6,23300.3,295.2643585205078,19.0,1.0,0.35,1104.5,1206.5,1312.7,1445.5,279.23316955566406,18.0,2.0,0.77,1234.5,1288.1,1219.3,1360.7, None, None, None, None, None,, None, None, None, None
798.5299072265625,C43 H77 O10 N1 P1 ,PS,37.0,3.0,0.0,PS 37:3:0,1.06,0.0,0.0,19625.6,23300.3,293.2489624023437,19.0,2.0,1.22,7083.1,7747.3,9434.0,9938.7,281.2488021850586,18.0,1.0,0.7,27171.4,27567.4,40541.7,40902.0, None, None, None, None, None,, None, None, None, None
798.5299072265625,C43 H77 O10 N1 P1 ,PS,37.0,3.0,0.0,PS 37:3:0,1.06,0.0,0.0,19625.6,23300.3,291.23328399658203,19.0,3.0,1.13,1652.6,2073.9,2285.1,2499.6,283.2644577026367,18.0,0.0,0.71,31232.4,34057.5,44404.2,45978.4, None, None, None, None, None,, None, None, None, None
798.5299072265625,C43 H77 O10 N1 P1 ,PS,37.0,3.0,0.0,PS 37:3:0,1.06,0.0,0.0,19625.6,23300.3,283.2644577026367,18.0,0.0,0.71,31232.4,34057.5,44404.2,45978.4,291.23328399658203,19.0,3.0,1.13,1652.6,2073.9,2285.1,2499.6, None, None, None, None, None,, None, None, None, None
798.5299072265625,C43 H77 O10 N1 P1 ,PS,37.0,3.0,0.0,PS 37:3:0,1.06,0.0,0.0,19625.6,23300.3,281.2488021850586,18.0,1.0,0.7,27171.4,27567.4,40541.7,40902.0,293.2489624023437,19.0,2.0,1.22,7083.1,7747.3,9434.0,9938.7, None, None, None, None, None,, None, None, None, None
798.5299072265625,C43 H77 O10 N1 P1 ,PS,37.0,3.0,0.0,PS 37:3:0,1.06,0.0,0.0,19625.6,23300.3,279.23316955566406,18.0,2.0,0.77,1234.5,1288.1,1219.3,1360.7,295.2643585205078,19.0,1.0,0.35,1104.5,1206.5,1312.7,1445.5, None, None, None, None, None,, None, None, None, None
798.5299072265625,C43 H77 O10 N1 P1 ,PS,37.0,3.0,0.0,PS 37:3:0,1.06,0.0,0.0,19625.6,23300.3,269.2488708496094,17.0,0.0,0.99,8932.4,10120.7,13116.0,12967.7,305.24879455566406,20.0,3.0,0.62,2551.9,2333.1,3047.6,4052.9, None, None, None, None, None,, None, None, None, None
798.5299072265625,C43 H77 O10 N1 P1 ,PS,37.0,3.0,0.0,PS 37:3:0,1.06,0.0,0.0,19625.6,23300.3,267.23321533203125,17.0,1.0,0.97,301.8,545.4,667.2,562.5,307.2644805908203,20.0,2.0,0.73,1035.4,1280.5,1195.5,1327.0, None, None, None, None, None,, None, None, None, None
798.5299072265625,C43 H77 O10 N1 P1 ,PS,37.0,3.0,0.0,PS 37:3:0,1.06,0.0,0.0,19625.6,23300.3,255.2330474853516,16.0,0.0,0.36,50514.4,50590.7,78018.4,78196.0,319.264404296875,21.0,3.0,0.47,0.0,489.2,450.3,456.5, None, None, None, None, None,, None, None, None, None
800.5458068847656,C43 H79 O10 N1 P1 ,PS,37.0,2.0,0.0,PS 37:2:0,1.37,156370.1,152494.6,202970.9,238486.3,323.2957356770833,21.0,1.0,0.56,569.4,487.2,633.9,0.0,253.217399597168,16.0,1.0,0.37,807.0,1012.8,1499.7,2320.6, None, None, None, None, None,, None, None, None, None
800.5458068847656,C43 H79 O10 N1 P1 ,PS,37.0,2.0,0.0,PS 37:2:0,1.37,156370.1,152494.6,202970.9,238486.3,309.2801284790039,20.0,1.0,0.72,4963.8,5642.7,7266.5,6725.5,267.2332229614258,17.0,1.0,1.0,2964.9,2736.1,3492.9,3887.7, None, None, None, None, None,, None, None, None, None
800.5458068847656,C43 H79 O10 N1 P1 ,PS,37.0,2.0,0.0,PS 37:2:0,1.37,156370.1,152494.6,202970.9,238486.3,307.26444244384766,20.0,2.0,0.61,3142.0,3233.3,4082.9,4239.4,269.24888610839844,17.0,0.0,1.04,9657.2,10801.6,13256.2,12344.2, None, None, None, None, None,, None, None, None, None
800.5458068847656,C43 H79 O10 N1 P1 ,PS,37.0,2.0,0.0,PS 37:2:0,1.37,156370.1,152494.6,202970.9,238486.3,297.28002166748047,19.0,0.0,0.39,1842.8,2128.6,2622.9,2461.5,279.2331314086914,18.0,2.0,0.63,1153.7,1235.7,1569.8,1801.8, None, None, None, None, None,, None, None, None, None
800.5458068847656,C43 H79 O10 N1 P1 ,PS,37.0,2.0,0.0,PS 37:2:0,1.37,156370.1,152494.6,202970.9,238486.3,295.2643508911133,19.0,1.0,0.32,111837.9,117313.9,152116.3,157947.5,281.24879455566406,18.0,1.0,0.67,108731.1,114055.7,146016.1,148610.4, None, None, None, None, None,, None, None, None, None
800.5458068847656,C43 H79 O10 N1 P1 ,PS,37.0,2.0,0.0,PS 37:2:0,1.37,156370.1,152494.6,202970.9,238486.3,293.2489700317383,19.0,2.0,1.24,4218.5,4219.4,5892.7,5647.9,283.2644577026367,18.0,0.0,0.71,26942.9,27968.2,32836.0,32632.1, None, None, None, None, None,, None, None, None, None
800.5458068847656,C43 H79 O10 N1 P1 ,PS,37.0,2.0,0.0,PS 37:2:0,1.37,156370.1,152494.6,202970.9,238486.3,283.2644577026367,18.0,0.0,0.71,26942.9,27968.2,32836.0,32632.1,293.2489700317383,19.0,2.0,1.24,4218.5,4219.4,5892.7,5647.9, None, None, None, None, None,, None, None, None, None
800.5458068847656,C43 H79 O10 N1 P1 ,PS,37.0,2.0,0.0,PS 37:2:0,1.37,156370.1,152494.6,202970.9,238486.3,281.24879455566406,18.0,1.0,0.67,108731.1,114055.7,146016.1,148610.4,295.2643508911133,19.0,1.0,0.32,111837.9,117313.9,152116.3,157947.5, None, None, None, None, None,, None, None, None, None
800.5458068847656,C43 H79 O10 N1 P1 ,PS,37.0,2.0,0.0,PS 37:2:0,1.37,156370.1,152494.6,202970.9,238486.3,279.2331314086914,18.0,2.0,0.63,1153.7,1235.7,1569.8,1801.8,297.28002166748047,19.0,0.0,0.39,1842.8,2128.6,2622.9,2461.5, None, None, None, None, None,, None, None, None, None
800.5458068847656,C43 H79 O10 N1 P1 ,PS,37.0,2.0,0.0,PS 37:2:0,1.37,156370.1,152494.6,202970.9,238486.3,269.24888610839844,17.0,0.0,1.04,9657.2,10801.6,13256.2,12344.2,307.26444244384766,20.0,2.0,0.61,3142.0,3233.3,4082.9,4239.4, None, None, None, None, None,, None, None, None, None
800.5458068847656,C43 H79 O10 N1 P1 ,PS,37.0,2.0,0.0,PS 37:2:0,1.37,156370.1,152494.6,202970.9,238486.3,267.2332229614258,17.0,1.0,1.0,2964.9,2736.1,3492.9,3887.7,309.2801284790039,20.0,1.0,0.72,4963.8,5642.7,7266.5,6725.5, None, None, None, None, None,, None, None, None, None
800.5458068847656,C43 H79 O10 N1 P1 ,PS,37.0,2.0,0.0,PS 37:2:0,1.37,156370.1,152494.6,202970.9,238486.3,253.217399597168,16.0,1.0,0.37,807.0,1012.8,1499.7,2320.6,323.2957356770833,21.0,1.0,0.56,569.4,487.2,633.9,0.0, None, None, None, None, None,, None, None, None, None
802.5612640380859,C43 H81 O10 N1 P1 ,PS,37.0,1.0,0.0,PS 37:1:0,1.13,481712.3,528651.1,656655.5,762700.6,309.2801055908203,20.0,1.0,0.65,13588.4,16166.4,19811.5,18940.5,269.24886322021484,17.0,0.0,0.96,40426.9,46795.2,61289.5,61166.3, None, None, None, None, None,, None, None, None, None
802.5612640380859,C43 H81 O10 N1 P1 ,PS,37.0,1.0,0.0,PS 37:1:0,1.13,481712.3,528651.1,656655.5,762700.6,297.280029296875,19.0,0.0,0.42,184250.2,191953.1,246187.8,252133.6,281.2487869262696,18.0,1.0,0.65,147649.7,153356.7,193110.4,207733.5, None, None, None, None, None,, None, None, None, None
802.5612640380859,C43 H81 O10 N1 P1 ,PS,37.0,1.0,0.0,PS 37:1:0,1.13,481712.3,528651.1,656655.5,762700.6,295.2643585205078,19.0,1.0,0.35,57063.3,60217.9,82951.8,92958.4,283.2644348144531,18.0,0.0,0.63,377234.2,411371.6,512631.6,529017.1, None, None, None, None, None,, None, None, None, None
802.5612640380859,C43 H81 O10 N1 P1 ,PS,37.0,1.0,0.0,PS 37:1:0,1.13,481712.3,528651.1,656655.5,762700.6,283.2644348144531,18.0,0.0,0.63,377234.2,411371.6,512631.6,529017.1,295.2643585205078,19.0,1.0,0.35,57063.3,60217.9,82951.8,92958.4, None, None, None, None, None,, None, None, None, None
802.5612640380859,C43 H81 O10 N1 P1 ,PS,37.0,1.0,0.0,PS 37:1:0,1.13,481712.3,528651.1,656655.5,762700.6,281.2487869262696,18.0,1.0,0.65,147649.7,153356.7,193110.4,207733.5,297.280029296875,19.0,0.0,0.42,184250.2,191953.1,246187.8,252133.6, None, None, None, None, None,, None, None, None, None
802.5612640380859,C43 H81 O10 N1 P1 ,PS,37.0,1.0,0.0,PS 37:1:0,1.13,481712.3,528651.1,656655.5,762700.6,269.24886322021484,17.0,0.0,0.96,40426.9,46795.2,61289.5,61166.3,309.2801055908203,20.0,1.0,0.65,13588.4,16166.4,19811.5,18940.5, None, None, None, None, None,, None, None, None, None
804.5770721435547,C43 H83 O10 N1 P1 ,PS,37.0,0.0,0.0,PS 37:0:0,1.32,90107.8,87619.1,120579.8,121534.7,297.2800369262696,19.0,0.0,0.44,-1.7,-1.7,295.6,-1.7,283.2644348144531,18.0,0.0,0.63,83728.1,87967.2,102329.4,103251.8, None, None, None, None, None,, None, None, None, None
804.5770721435547,C43 H83 O10 N1 P1 ,PS,37.0,0.0,0.0,PS 37:0:0,1.32,90107.8,87619.1,120579.8,121534.7,283.2644348144531,18.0,0.0,0.63,83728.1,87967.2,102329.4,103251.8,297.2800369262696,19.0,0.0,0.44,-1.7,-1.7,295.6,-1.7, None, None, None, None, None,, None, None, None, None
806.4991149902344,C44 H73 O10 N1 P1 ,PS,38.0,6.0,0.0,PS 38:6:0,1.68,137681.6,159146.2,204618.0,257128.6,327.2331771850586,22.0,6.0,0.68,9117.5,9369.2,12089.4,12442.8,255.23295974731445,16.0,0.0,0.02,187353.5,200544.2,259369.2,272161.5, None, None, None, None, None,, None, None, None, None
806.4991149902344,C44 H73 O10 N1 P1 ,PS,38.0,6.0,0.0,PS 38:6:0,1.68,137681.6,159146.2,204618.0,257128.6,305.24884033203125,20.0,3.0,0.77,534.2,0.0,764.2,620.2,277.2174530029297,18.0,3.0,0.53,371.6,489.9,0.0,0.0, None, None, None, None, None,, None, None, None, None
806.4991149902344,C44 H73 O10 N1 P1 ,PS,38.0,6.0,0.0,PS 38:6:0,1.68,137681.6,159146.2,204618.0,257128.6,303.233154296875,20.0,4.0,0.66,762.5,888.2,1111.5,1184.2,279.2331314086914,18.0,2.0,0.63,10622.7,11364.4,16456.1,16162.6, None, None, None, None, None,, None, None, None, None
806.4991149902344,C44 H73 O10 N1 P1 ,PS,38.0,6.0,0.0,PS 38:6:0,1.68,137681.6,159146.2,204618.0,257128.6,279.2331314086914,18.0,2.0,0.63,10622.7,11364.4,16456.1,16162.6,303.233154296875,20.0,4.0,0.66,762.5,888.2,1111.5,1184.2, None, None, None, None, None,, None, None, None, None
806.4991149902344,C44 H73 O10 N1 P1 ,PS,38.0,6.0,0.0,PS 38:6:0,1.68,137681.6,159146.2,204618.0,257128.6,277.2174530029297,18.0,3.0,0.53,371.6,489.9,0.0,0.0,305.24884033203125,20.0,3.0,0.77,534.2,0.0,764.2,620.2, None, None, None, None, None,, None, None, None, None
806.4991149902344,C44 H73 O10 N1 P1 ,PS,38.0,6.0,0.0,PS 38:6:0,1.68,137681.6,159146.2,204618.0,257128.6,255.23295974731445,16.0,0.0,0.02,187353.5,200544.2,259369.2,272161.5,327.2331771850586,22.0,6.0,0.68,9117.5,9369.2,12089.4,12442.8, None, None, None, None, None,, None, None, None, None
808.5135803222656,C44 H75 O10 N1 P1 ,PS,38.0,5.0,0.0,PS 38:5:0,0.21,550523.5,568835.4,788154.9,952566.8,329.2488784790039,22.0,5.0,0.83,18252.1,18296.3,22244.2,18549.7,255.2330551147461,16.0,0.0,0.39,174975.8,182312.6,242571.5,244150.4, None, None, None, None, None,, None, None, None, None
808.5135803222656,C44 H75 O10 N1 P1 ,PS,38.0,5.0,0.0,PS 38:5:0,0.21,550523.5,568835.4,788154.9,952566.8,303.2331085205078,20.0,4.0,0.51,54102.5,55387.1,85992.0,85594.1,281.248779296875,18.0,1.0,0.62,1096387.9,1133800.1,1599128.6,1525990.3, None, None, None, None, None,, None, None, None, None
808.5135803222656,C44 H75 O10 N1 P1 ,PS,38.0,5.0,0.0,PS 38:5:0,0.21,550523.5,568835.4,788154.9,952566.8,281.248779296875,18.0,1.0,0.62,1096387.9,1133800.1,1599128.6,1525990.3,303.2331085205078,20.0,4.0,0.51,54102.5,55387.1,85992.0,85594.1, None, None, None, None, None,, None, None, None, None
808.5135803222656,C44 H75 O10 N1 P1 ,PS,38.0,5.0,0.0,PS 38:5:0,0.21,550523.5,568835.4,788154.9,952566.8,255.2330551147461,16.0,0.0,0.39,174975.8,182312.6,242571.5,244150.4,329.2488784790039,22.0,5.0,0.83,18252.1,18296.3,22244.2,18549.7, None, None, None, None, None,, None, None, None, None
810.5290069580078,C44 H77 O10 N1 P1 ,PS,38.0,4.0,0.0,PS 38:4:0,-0.06,5125154.4,5560513.4,7563425.6,8446008.1,331.2644348144531,22.0,4.0,0.54,42567.4,0.0,62191.6,52080.0,255.2330322265625,16.0,0.0,0.3,116571.9,112293.4,175483.0,156636.4, None, None, None, None, None,, None, None, None, None
810.5290069580078,C44 H77 O10 N1 P1 ,PS,38.0,4.0,0.0,PS 38:4:0,-0.06,5125154.4,5560513.4,7563425.6,8446008.1,305.24884033203125,20.0,3.0,0.77,58224.9,67191.6,88280.5,89588.2,281.2487869262696,18.0,1.0,0.65,1787002.3,1837032.6,2574796.3,2347484.1, None, None, None, None, None,, None, None, None, None
810.5290069580078,C44 H77 O10 N1 P1 ,PS,38.0,4.0,0.0,PS 38:4:0,-0.06,5125154.4,5560513.4,7563425.6,8446008.1,303.2331008911133,20.0,4.0,0.48,476278.5,582788.8,750702.8,735350.3,283.26444244384766,18.0,0.0,0.66,8410312.3,8300249.2,11920829.8,11252564.4, None, None, None, None, None,, None, None, None, None
810.5290069580078,C44 H77 O10 N1 P1 ,PS,38.0,4.0,0.0,PS 38:4:0,-0.06,5125154.4,5560513.4,7563425.6,8446008.1,283.26444244384766,18.0,0.0,0.66,8410312.3,8300249.2,11920829.8,11252564.4,303.2331008911133,20.0,4.0,0.48,476278.5,582788.8,750702.8,735350.3, None, None, None, None, None,, None, None, None, None
810.5290069580078,C44 H77 O10 N1 P1 ,PS,38.0,4.0,0.0,PS 38:4:0,-0.06,5125154.4,5560513.4,7563425.6,8446008.1,281.2487869262696,18.0,1.0,0.65,1787002.3,1837032.6,2574796.3,2347484.1,305.24884033203125,20.0,3.0,0.77,58224.9,67191.6,88280.5,89588.2, None, None, None, None, None,, None, None, None, None
810.5290069580078,C44 H77 O10 N1 P1 ,PS,38.0,4.0,0.0,PS 38:4:0,-0.06,5125154.4,5560513.4,7563425.6,8446008.1,255.2330322265625,16.0,0.0,0.3,116571.9,112293.4,175483.0,156636.4,331.2644348144531,22.0,4.0,0.54,42567.4,0.0,62191.6,52080.0, None, None, None, None, None,, None, None, None, None
812.5458984375,C44 H79 O10 N1 P1 ,PS,38.0,3.0,0.0,PS 38:3:0,1.46,1589301.9,1727551.0,2144865.7,2511844.9,309.2801513671875,20.0,1.0,0.8,12735.0,11007.2,0.0,0.0,279.2330780029297,18.0,2.0,0.44,0.0,0.0,14950.4,19206.2, None, None, None, None, None,, None, None, None, None
812.5458984375,C44 H79 O10 N1 P1 ,PS,38.0,3.0,0.0,PS 38:3:0,1.46,1589301.9,1727551.0,2144865.7,2511844.9,307.2644271850586,20.0,2.0,0.56,216829.8,242276.1,315645.1,344901.3,281.2487869262696,18.0,1.0,0.65,273170.4,325345.6,419408.0,421244.4, None, None, None, None, None,, None, None, None, None
812.5458984375,C44 H79 O10 N1 P1 ,PS,38.0,3.0,0.0,PS 38:3:0,1.46,1589301.9,1727551.0,2144865.7,2511844.9,305.2487564086914,20.0,3.0,0.5,414830.4,428541.5,525720.2,585671.0,283.26444244384766,18.0,0.0,0.66,1582190.4,1736151.1,2282786.0,2364828.1, None, None, None, None, None,, None, None, None, None
812.5458984375,C44 H79 O10 N1 P1 ,PS,38.0,3.0,0.0,PS 38:3:0,1.46,1589301.9,1727551.0,2144865.7,2511844.9,283.26444244384766,18.0,0.0,0.66,1582190.4,1736151.1,2282786.0,2364828.1,305.2487564086914,20.0,3.0,0.5,414830.4,428541.5,525720.2,585671.0, None, None, None, None, None,, None, None, None, None
812.5458984375,C44 H79 O10 N1 P1 ,PS,38.0,3.0,0.0,PS 38:3:0,1.46,1589301.9,1727551.0,2144865.7,2511844.9,281.2487869262696,18.0,1.0,0.65,273170.4,325345.6,419408.0,421244.4,307.2644271850586,20.0,2.0,0.56,216829.8,242276.1,315645.1,344901.3, None, None, None, None, None,, None, None, None, None
812.5458984375,C44 H79 O10 N1 P1 ,PS,38.0,3.0,0.0,PS 38:3:0,1.46,1589301.9,1727551.0,2144865.7,2511844.9,279.2330780029297,18.0,2.0,0.44,0.0,0.0,14950.4,19206.2,309.2801513671875,20.0,1.0,0.8,12735.0,11007.2,0.0,0.0, None, None, None, None, None,, None, None, None, None
814.5528564453125,C44 H81 O10 N1 P1 ,PS,38.0,2.0,0.0,PS 38:2:0,-9.21,2297420.0,2473040.9,3162936.2,3526472.8,309.28013610839844,20.0,1.0,0.75,1255942.4,1312348.1,1735485.6,1716247.0,281.2487869262696,18.0,1.0,0.65,1200984.3,1300074.2,1659079.6,1663208.9, None, None, None, None, None,, None, None, None, None
814.5528564453125,C44 H81 O10 N1 P1 ,PS,38.0,2.0,0.0,PS 38:2:0,-9.21,2297420.0,2473040.9,3162936.2,3526472.8,307.26444244384766,20.0,2.0,0.61,458179.3,482893.4,674157.5,645643.1,283.26444244384766,18.0,0.0,0.66,1596999.2,1722841.2,2118237.6,2185805.8, None, None, None, None, None,, None, None, None, None
814.5528564453125,C44 H81 O10 N1 P1 ,PS,38.0,2.0,0.0,PS 38:2:0,-9.21,2297420.0,2473040.9,3162936.2,3526472.8,283.26444244384766,18.0,0.0,0.66,1596999.2,1722841.2,2118237.6,2185805.8,307.26444244384766,20.0,2.0,0.61,458179.3,482893.4,674157.5,645643.1, None, None, None, None, None,, None, None, None, None
814.5528564453125,C44 H81 O10 N1 P1 ,PS,38.0,2.0,0.0,PS 38:2:0,-9.21,2297420.0,2473040.9,3162936.2,3526472.8,281.2487869262696,18.0,1.0,0.65,1200984.3,1300074.2,1659079.6,1663208.9,309.28013610839844,20.0,1.0,0.75,1255942.4,1312348.1,1735485.6,1716247.0, None, None, None, None, None,, None, None, None, None
816.5688934326172,C44 H83 O10 N1 P1 ,PS,38.0,1.0,0.0,PS 38:1:0,-8.71,3876716.0,4181255.7,5332546.2,5941397.9,311.29576873779297,20.0,0.0,0.69,627888.8,662850.5,870509.8,908668.1,281.24879455566406,18.0,1.0,0.67,295627.0,317050.6,389762.5,405245.8, None, None, None, None, None,, None, None, None, None
816.5688934326172,C44 H83 O10 N1 P1 ,PS,38.0,1.0,0.0,PS 38:1:0,-8.71,3876716.0,4181255.7,5332546.2,5941397.9,309.28011322021484,20.0,1.0,0.67,1555010.7,1677880.6,1988636.2,2044226.2,283.26444244384766,18.0,0.0,0.66,4895840.7,5519657.9,6780142.6,6642583.3, None, None, None, None, None,, None, None, None, None
816.5688934326172,C44 H83 O10 N1 P1 ,PS,38.0,1.0,0.0,PS 38:1:0,-8.71,3876716.0,4181255.7,5332546.2,5941397.9,283.26444244384766,18.0,0.0,0.66,4895840.7,5519657.9,6780142.6,6642583.3,309.28011322021484,20.0,1.0,0.67,1555010.7,1677880.6,1988636.2,2044226.2, None, None, None, None, None,, None, None, None, None
816.5688934326172,C44 H83 O10 N1 P1 ,PS,38.0,1.0,0.0,PS 38:1:0,-8.71,3876716.0,4181255.7,5332546.2,5941397.9,281.24879455566406,18.0,1.0,0.67,295627.0,317050.6,389762.5,405245.8,311.29576873779297,20.0,0.0,0.69,627888.8,662850.5,870509.8,908668.1, None, None, None, None, None,, None, None, None, None
820.5145568847656,C45 H75 O10 N1 P1 ,PS,39.0,6.0,0.0,PS 39:6:0,1.4,29312.0,27802.9,0.0,0.0,329.2489013671875,22.0,5.0,0.9,0.0,0.0,0.0,493.2,267.2332229614258,17.0,1.0,1.0,675.6,804.9,912.5,1153.6, None, None, None, None, None,, None, None, None, None
820.5145568847656,C45 H75 O10 N1 P1 ,PS,39.0,6.0,0.0,PS 39:6:0,1.4,29312.0,27802.9,0.0,0.0,327.23323822021484,22.0,6.0,0.86,1290.9,1483.3,1970.5,2107.1,269.2488708496094,17.0,0.0,0.99,30345.5,31512.8,40796.9,40624.3, None, None, None, None, None,, None, None, None, None
820.5145568847656,C45 H75 O10 N1 P1 ,PS,39.0,6.0,0.0,PS 39:6:0,1.4,29312.0,27802.9,0.0,0.0,303.233154296875,20.0,4.0,0.66,314.2,508.2,717.4,734.5,293.2489776611328,19.0,2.0,1.27,733.9,639.2,1107.6,949.7, None, None, None, None, None,, None, None, None, None
820.5145568847656,C45 H75 O10 N1 P1 ,PS,39.0,6.0,0.0,PS 39:6:0,1.4,29312.0,27802.9,0.0,0.0,293.2489776611328,19.0,2.0,1.27,733.9,639.2,1107.6,949.7,303.233154296875,20.0,4.0,0.66,314.2,508.2,717.4,734.5, None, None, None, None, None,, None, None, None, None
820.5145568847656,C45 H75 O10 N1 P1 ,PS,39.0,6.0,0.0,PS 39:6:0,1.4,29312.0,27802.9,0.0,0.0,269.2488708496094,17.0,0.0,0.99,30345.5,31512.8,40796.9,40624.3,327.23323822021484,22.0,6.0,0.86,1290.9,1483.3,1970.5,2107.1, None, None, None, None, None,, None, None, None, None
820.5145568847656,C45 H75 O10 N1 P1 ,PS,39.0,6.0,0.0,PS 39:6:0,1.4,29312.0,27802.9,0.0,0.0,267.2332229614258,17.0,1.0,1.0,675.6,804.9,912.5,1153.6,329.2489013671875,22.0,5.0,0.9,0.0,0.0,0.0,493.2, None, None, None, None, None,, None, None, None, None
822.5300089518229,C45 H77 O10 N1 P1 ,PS,39.0,5.0,0.0,PS 39:5:0,1.15,19120.5,0.0,34297.3,43214.1,331.2646942138672,22.0,4.0,1.32,815.5,1056.2,1348.5,1422.7,267.23321533203125,17.0,1.0,0.97,1032.8,1120.3,1251.9,1360.6, None, None, None, None, None,, None, None, None, None
822.5300089518229,C45 H77 O10 N1 P1 ,PS,39.0,5.0,0.0,PS 39:5:0,1.15,19120.5,0.0,34297.3,43214.1,329.2488784790039,22.0,5.0,0.83,2311.7,2211.5,2717.9,2857.4,269.2488708496094,17.0,0.0,0.99,21408.6,23247.4,29746.2,32160.5, None, None, None, None, None,, None, None, None, None
822.5300089518229,C45 H77 O10 N1 P1 ,PS,39.0,5.0,0.0,PS 39:5:0,1.15,19120.5,0.0,34297.3,43214.1,305.2489929199219,20.0,3.0,1.27,0.0,312.5,0.0,0.0,293.24903869628906,19.0,2.0,1.48,309.2,383.4,757.3,495.2, None, None, None, None, None,, None, None, None, None
822.5300089518229,C45 H77 O10 N1 P1 ,PS,39.0,5.0,0.0,PS 39:5:0,1.15,19120.5,0.0,34297.3,43214.1,303.23321533203125,20.0,4.0,0.86,818.4,659.0,1012.2,1092.7,295.2643737792969,19.0,1.0,0.4,11562.1,12263.3,17025.5,16882.0, None, None, None, None, None,, None, None, None, None
822.5300089518229,C45 H77 O10 N1 P1 ,PS,39.0,5.0,0.0,PS 39:5:0,1.15,19120.5,0.0,34297.3,43214.1,295.2643737792969,19.0,1.0,0.4,11562.1,12263.3,17025.5,16882.0,303.23321533203125,20.0,4.0,0.86,818.4,659.0,1012.2,1092.7, None, None, None, None, None,, None, None, None, None
822.5300089518229,C45 H77 O10 N1 P1 ,PS,39.0,5.0,0.0,PS 39:5:0,1.15,19120.5,0.0,34297.3,43214.1,293.24903869628906,19.0,2.0,1.48,309.2,383.4,757.3,495.2,305.2489929199219,20.0,3.0,1.27,0.0,312.5,0.0,0.0, None, None, None, None, None,, None, None, None, None
822.5300089518229,C45 H77 O10 N1 P1 ,PS,39.0,5.0,0.0,PS 39:5:0,1.15,19120.5,0.0,34297.3,43214.1,269.2488708496094,17.0,0.0,0.99,21408.6,23247.4,29746.2,32160.5,329.2488784790039,22.0,5.0,0.83,2311.7,2211.5,2717.9,2857.4, None, None, None, None, None,, None, None, None, None
822.5300089518229,C45 H77 O10 N1 P1 ,PS,39.0,5.0,0.0,PS 39:5:0,1.15,19120.5,0.0,34297.3,43214.1,267.23321533203125,17.0,1.0,0.97,1032.8,1120.3,1251.9,1360.6,331.2646942138672,22.0,4.0,1.32,815.5,1056.2,1348.5,1422.7, None, None, None, None, None,, None, None, None, None
824.5461730957031,C45 H79 O10 N1 P1 ,PS,39.0,4.0,0.0,PS 39:4:0,1.78,67768.0,88195.1,99701.2,110138.9,331.2645797729492,22.0,4.0,0.98,7971.8,10019.4,13773.3,12508.7,269.2488784790039,17.0,0.0,1.01,37071.9,40023.9,51818.1,49743.9, None, None, None, None, None,, None, None, None, None
824.5461730957031,C45 H79 O10 N1 P1 ,PS,39.0,4.0,0.0,PS 39:4:0,1.78,67768.0,88195.1,99701.2,110138.9,319.2643508911133,21.0,3.0,0.3,3678.6,4097.8,6391.5,5146.4,281.2487335205078,18.0,1.0,0.46,384015.7,375382.5,584800.9,542873.8, None, None, None, None, None,, None, None, None, None
824.5461730957031,C45 H79 O10 N1 P1 ,PS,39.0,4.0,0.0,PS 39:4:0,1.78,67768.0,88195.1,99701.2,110138.9,317.2487080891927,21.0,4.0,0.32,1157.0,0.0,1877.4,2004.0,283.2644271850586,18.0,0.0,0.61,83999.3,85338.1,115874.8,117304.5, None, None, None, None, None,, None, None, None, None
824.5461730957031,C45 H79 O10 N1 P1 ,PS,39.0,4.0,0.0,PS 39:4:0,1.78,67768.0,88195.1,99701.2,110138.9,305.24884033203125,20.0,3.0,0.77,0.0,1218.8,0.0,0.0,295.26434326171875,19.0,1.0,0.3,4359.3,5302.0,8313.9,7061.6, None, None, None, None, None,, None, None, None, None
824.5461730957031,C45 H79 O10 N1 P1 ,PS,39.0,4.0,0.0,PS 39:4:0,1.78,67768.0,88195.1,99701.2,110138.9,303.233154296875,20.0,4.0,0.66,4634.9,4613.9,6893.0,6980.7,297.2800369262696,19.0,0.0,0.44,19962.5,21392.6,30227.7,30957.4, None, None, None, None, None,, None, None, None, None
824.5461730957031,C45 H79 O10 N1 P1 ,PS,39.0,4.0,0.0,PS 39:4:0,1.78,67768.0,88195.1,99701.2,110138.9,297.2800369262696,19.0,0.0,0.44,19962.5,21392.6,30227.7,30957.4,303.233154296875,20.0,4.0,0.66,4634.9,4613.9,6893.0,6980.7, None, None, None, None, None,, None, None, None, None
824.5461730957031,C45 H79 O10 N1 P1 ,PS,39.0,4.0,0.0,PS 39:4:0,1.78,67768.0,88195.1,99701.2,110138.9,295.26434326171875,19.0,1.0,0.3,4359.3,5302.0,8313.9,7061.6,305.24884033203125,20.0,3.0,0.77,0.0,1218.8,0.0,0.0, None, None, None, None, None,, None, None, None, None
824.5461730957031,C45 H79 O10 N1 P1 ,PS,39.0,4.0,0.0,PS 39:4:0,1.78,67768.0,88195.1,99701.2,110138.9,283.2644271850586,18.0,0.0,0.61,83999.3,85338.1,115874.8,117304.5,317.2487080891927,21.0,4.0,0.32,1157.0,0.0,1877.4,2004.0, None, None, None, None, None,, None, None, None, None
824.5461730957031,C45 H79 O10 N1 P1 ,PS,39.0,4.0,0.0,PS 39:4:0,1.78,67768.0,88195.1,99701.2,110138.9,281.2487335205078,18.0,1.0,0.46,384015.7,375382.5,584800.9,542873.8,319.2643508911133,21.0,3.0,0.3,3678.6,4097.8,6391.5,5146.4, None, None, None, None, None,, None, None, None, None
824.5461730957031,C45 H79 O10 N1 P1 ,PS,39.0,4.0,0.0,PS 39:4:0,1.78,67768.0,88195.1,99701.2,110138.9,269.2488784790039,17.0,0.0,1.01,37071.9,40023.9,51818.1,49743.9,331.2645797729492,22.0,4.0,0.98,7971.8,10019.4,13773.3,12508.7, None, None, None, None, None,, None, None, None, None
826.5615234375,C45 H81 O10 N1 P1 ,PS,39.0,3.0,0.0,PS 39:3:0,1.41,100528.1,98176.3,128895.1,153287.3,321.28004455566406,21.0,2.0,0.43,0.0,9319.9,0.0,14184.9,281.24879455566406,18.0,1.0,0.67,835658.6,817971.6,1232371.3,1226284.5, None, None, None, None, None,, None, None, None, None
826.5615234375,C45 H81 O10 N1 P1 ,PS,39.0,3.0,0.0,PS 39:3:0,1.41,100528.1,98176.3,128895.1,153287.3,319.2643737792969,21.0,3.0,0.37,25535.3,34396.9,37719.2,42678.2,283.2644348144531,18.0,0.0,0.63,2274405.7,2297479.2,3411204.9,3255605.2, None, None, None, None, None,, None, None, None, None
826.5615234375,C45 H81 O10 N1 P1 ,PS,39.0,3.0,0.0,PS 39:3:0,1.41,100528.1,98176.3,128895.1,153287.3,283.2644348144531,18.0,0.0,0.63,2274405.7,2297479.2,3411204.9,3255605.2,319.2643737792969,21.0,3.0,0.37,25535.3,34396.9,37719.2,42678.2, None, None, None, None, None,, None, None, None, None
826.5615234375,C45 H81 O10 N1 P1 ,PS,39.0,3.0,0.0,PS 39:3:0,1.41,100528.1,98176.3,128895.1,153287.3,281.24879455566406,18.0,1.0,0.67,835658.6,817971.6,1232371.3,1226284.5,321.28004455566406,21.0,2.0,0.43,0.0,9319.9,0.0,14184.9, None, None, None, None, None,, None, None, None, None
828.5728912353516,C45 H83 O10 N1 P1 ,PS,39.0,2.0,0.0,PS 39:2:0,-3.76,95543.2,51666.3,107520.2,120274.3,323.2957000732422,21.0,1.0,0.45,38943.9,39754.8,57852.7,57757.1,281.24879455566406,18.0,1.0,0.67,116864.7,132244.2,186133.0,188589.2, None, None, None, None, None,, None, None, None, None
828.5728912353516,C45 H83 O10 N1 P1 ,PS,39.0,2.0,0.0,PS 39:2:0,-3.76,95543.2,51666.3,107520.2,120274.3,321.2799987792969,21.0,2.0,0.29,11557.1,12220.1,16629.1,13692.3,283.26444244384766,18.0,0.0,0.66,200521.5,200780.2,306722.9,287065.2, None, None, None, None, None,, None, None, None, None
828.5728912353516,C45 H83 O10 N1 P1 ,PS,39.0,2.0,0.0,PS 39:2:0,-3.76,95543.2,51666.3,107520.2,120274.3,309.2801513671875,20.0,1.0,0.8,12247.2,8894.0,10475.6,12221.6,295.2643280029297,19.0,1.0,0.25,14225.0,15871.7,17219.5,18686.7, None, None, None, None, None,, None, None, None, None
828.5728912353516,C45 H83 O10 N1 P1 ,PS,39.0,2.0,0.0,PS 39:2:0,-3.76,95543.2,51666.3,107520.2,120274.3,307.2644500732422,20.0,2.0,0.63,0.0,3790.0,0.0,4558.0,297.2799758911133,19.0,0.0,0.24,6436.4,5266.0,6399.2,6520.2, None, None, None, None, None,, None, None, None, None
828.5728912353516,C45 H83 O10 N1 P1 ,PS,39.0,2.0,0.0,PS 39:2:0,-3.76,95543.2,51666.3,107520.2,120274.3,297.2799758911133,19.0,0.0,0.24,6436.4,5266.0,6399.2,6520.2,307.2644500732422,20.0,2.0,0.63,0.0,3790.0,0.0,4558.0, None, None, None, None, None,, None, None, None, None
828.5728912353516,C45 H83 O10 N1 P1 ,PS,39.0,2.0,0.0,PS 39:2:0,-3.76,95543.2,51666.3,107520.2,120274.3,295.2643280029297,19.0,1.0,0.25,14225.0,15871.7,17219.5,18686.7,309.2801513671875,20.0,1.0,0.8,12247.2,8894.0,10475.6,12221.6, None, None, None, None, None,, None, None, None, None
828.5728912353516,C45 H83 O10 N1 P1 ,PS,39.0,2.0,0.0,PS 39:2:0,-3.76,95543.2,51666.3,107520.2,120274.3,283.26444244384766,18.0,0.0,0.66,200521.5,200780.2,306722.9,287065.2,321.2799987792969,21.0,2.0,0.29,11557.1,12220.1,16629.1,13692.3, None, None, None, None, None,, None, None, None, None
828.5728912353516,C45 H83 O10 N1 P1 ,PS,39.0,2.0,0.0,PS 39:2:0,-3.76,95543.2,51666.3,107520.2,120274.3,281.24879455566406,18.0,1.0,0.67,116864.7,132244.2,186133.0,188589.2,323.2957000732422,21.0,1.0,0.45,38943.9,39754.8,57852.7,57757.1, None, None, None, None, None,, None, None, None, None
830.4971923828125,C46 H73 O10 N1 P1 ,PS,40.0,8.0,0.0,PS 40:8:0,-0.68,26803.9,0.0,38041.3,51434.9,327.2332763671875,22.0,6.0,0.98,0.0,553.8,0.0,0.0,279.2331619262696,18.0,2.0,0.74,4279.7,3992.4,5186.3,5396.2, None, None, None, None, None,, None, None, None, None
830.4971923828125,C46 H73 O10 N1 P1 ,PS,40.0,8.0,0.0,PS 40:8:0,-0.68,26803.9,0.0,38041.3,51434.9,303.23313903808594,20.0,4.0,0.61,6060.5,5904.9,7573.1,7893.3,303.23313903808594,20.0,4.0,0.61,6060.5,5904.9,7573.1,7893.3, None, None, None, None, None,, None, None, None, None
830.4971923828125,C46 H73 O10 N1 P1 ,PS,40.0,8.0,0.0,PS 40:8:0,-0.68,26803.9,0.0,38041.3,51434.9,279.2331619262696,18.0,2.0,0.74,4279.7,3992.4,5186.3,5396.2,327.2332763671875,22.0,6.0,0.98,0.0,553.8,0.0,0.0, None, None, None, None, None,, None, None, None, None
830.5932006835938,C45 H85 O10 N1 P1 ,PS,39.0,1.0,0.0,PS 39:1:0,1.86,136240.4,177152.4,215328.6,240517.1,353.3427047729492,23.0,0.0,0.56,1892.8,2198.7,2151.1,2840.7,253.21743774414065,16.0,1.0,0.52,0.0,533.5,0.0,0.0, None, None, None, None, None,, None, None, None, None
830.5932006835938,C45 H85 O10 N1 P1 ,PS,39.0,1.0,0.0,PS 39:1:0,1.86,136240.4,177152.4,215328.6,240517.1,351.32696533203125,23.0,1.0,0.31,0.0,325.8,0.0,0.0,255.2330703735352,16.0,0.0,0.45,8485.3,8580.1,11988.2,14370.6, None, None, None, None, None,, None, None, None, None
830.5932006835938,C45 H85 O10 N1 P1 ,PS,39.0,1.0,0.0,PS 39:1:0,1.86,136240.4,177152.4,215328.6,240517.1,339.3269119262696,22.0,0.0,0.17,3347.3,4203.4,3783.7,4674.3,267.23316955566406,17.0,1.0,0.8,0.0,1661.0,0.0,4100.6, None, None, None, None, None,, None, None, None, None
830.5932006835938,C45 H85 O10 N1 P1 ,PS,39.0,1.0,0.0,PS 39:1:0,1.86,136240.4,177152.4,215328.6,240517.1,337.31158447265625,22.0,1.0,1.12,1313.0,2031.1,1506.0,2202.5,269.24889373779297,17.0,0.0,1.07,4843.6,4915.0,5583.0,5949.7, None, None, None, None, None,, None, None, None, None
830.5932006835938,C45 H85 O10 N1 P1 ,PS,39.0,1.0,0.0,PS 39:1:0,1.86,136240.4,177152.4,215328.6,240517.1,325.31141662597656,21.0,0.0,0.65,123253.3,128772.1,162031.1,164379.5,281.24879455566406,18.0,1.0,0.67,131588.6,140011.2,170843.2,177151.8, None, None, None, None, None,, None, None, None, None
830.5932006835938,C45 H85 O10 N1 P1 ,PS,39.0,1.0,0.0,PS 39:1:0,1.86,136240.4,177152.4,215328.6,240517.1,323.29571533203125,21.0,1.0,0.49,16776.3,20999.2,24994.7,24421.1,283.2644271850586,18.0,0.0,0.61,124244.7,137158.6,180205.2,216411.5, None, None, None, None, None,, None, None, None, None
830.5932006835938,C45 H85 O10 N1 P1 ,PS,39.0,1.0,0.0,PS 39:1:0,1.86,136240.4,177152.4,215328.6,240517.1,311.2958374023437,20.0,0.0,0.91,2689.5,2904.9,4295.7,2690.6,295.26441955566406,19.0,1.0,0.56,-1.7,-1.7,0.0,0.0, None, None, None, None, None,, None, None, None, None
830.5932006835938,C45 H85 O10 N1 P1 ,PS,39.0,1.0,0.0,PS 39:1:0,1.86,136240.4,177152.4,215328.6,240517.1,309.28014373779297,20.0,1.0,0.77,9285.0,12302.8,15110.2,15275.3,297.2800521850586,19.0,0.0,0.49,15737.7,18314.8,23463.1,22649.8, None, None, None, None, None,, None, None, None, None
830.5932006835938,C45 H85 O10 N1 P1 ,PS,39.0,1.0,0.0,PS 39:1:0,1.86,136240.4,177152.4,215328.6,240517.1,297.2800521850586,19.0,0.0,0.49,15737.7,18314.8,23463.1,22649.8,309.28014373779297,20.0,1.0,0.77,9285.0,12302.8,15110.2,15275.3, None, None, None, None, None,, None, None, None, None
830.5932006835938,C45 H85 O10 N1 P1 ,PS,39.0,1.0,0.0,PS 39:1:0,1.86,136240.4,177152.4,215328.6,240517.1,295.26441955566406,19.0,1.0,0.56,-1.7,-1.7,0.0,0.0,311.2958374023437,20.0,0.0,0.91,2689.5,2904.9,4295.7,2690.6, None, None, None, None, None,, None, None, None, None
830.5932006835938,C45 H85 O10 N1 P1 ,PS,39.0,1.0,0.0,PS 39:1:0,1.86,136240.4,177152.4,215328.6,240517.1,283.2644271850586,18.0,0.0,0.61,124244.7,137158.6,180205.2,216411.5,323.29571533203125,21.0,1.0,0.49,16776.3,20999.2,24994.7,24421.1, None, None, None, None, None,, None, None, None, None
830.5932006835938,C45 H85 O10 N1 P1 ,PS,39.0,1.0,0.0,PS 39:1:0,1.86,136240.4,177152.4,215328.6,240517.1,281.24879455566406,18.0,1.0,0.67,131588.6,140011.2,170843.2,177151.8,325.31141662597656,21.0,0.0,0.65,123253.3,128772.1,162031.1,164379.5, None, None, None, None, None,, None, None, None, None
830.5932006835938,C45 H85 O10 N1 P1 ,PS,39.0,1.0,0.0,PS 39:1:0,1.86,136240.4,177152.4,215328.6,240517.1,269.24889373779297,17.0,0.0,1.07,4843.6,4915.0,5583.0,5949.7,337.31158447265625,22.0,1.0,1.12,1313.0,2031.1,1506.0,2202.5, None, None, None, None, None,, None, None, None, None
830.5932006835938,C45 H85 O10 N1 P1 ,PS,39.0,1.0,0.0,PS 39:1:0,1.86,136240.4,177152.4,215328.6,240517.1,267.23316955566406,17.0,1.0,0.8,0.0,1661.0,0.0,4100.6,339.3269119262696,22.0,0.0,0.17,3347.3,4203.4,3783.7,4674.3, None, None, None, None, None,, None, None, None, None
830.5932006835938,C45 H85 O10 N1 P1 ,PS,39.0,1.0,0.0,PS 39:1:0,1.86,136240.4,177152.4,215328.6,240517.1,255.2330703735352,16.0,0.0,0.45,8485.3,8580.1,11988.2,14370.6,351.32696533203125,23.0,1.0,0.31,0.0,325.8,0.0,0.0, None, None, None, None, None,, None, None, None, None
830.5932006835938,C45 H85 O10 N1 P1 ,PS,39.0,1.0,0.0,PS 39:1:0,1.86,136240.4,177152.4,215328.6,240517.1,253.21743774414065,16.0,1.0,0.52,0.0,533.5,0.0,0.0,353.3427047729492,23.0,0.0,0.56,1892.8,2198.7,2151.1,2840.7, None, None, None, None, None,, None, None, None, None
832.5138549804688,C46 H75 O10 N1 P1 ,PS,40.0,7.0,0.0,PS 40:7:0,0.54,242714.3,263470.9,339643.1,405273.9,327.2332229614258,22.0,6.0,0.82,9645.9,8690.3,11587.1,13343.9,281.248779296875,18.0,1.0,0.62,289104.8,301791.1,387179.1,392250.8, None, None, None, None, None,, None, None, None, None
832.5138549804688,C46 H75 O10 N1 P1 ,PS,40.0,7.0,0.0,PS 40:7:0,0.54,242714.3,263470.9,339643.1,405273.9,305.24879455566406,20.0,3.0,0.62,6904.4,7628.6,9013.7,11081.0,303.23311614990234,20.0,4.0,0.53,51472.4,51121.1,71305.9,65256.8, None, None, None, None, None,, None, None, None, None
832.5138549804688,C46 H75 O10 N1 P1 ,PS,40.0,7.0,0.0,PS 40:7:0,0.54,242714.3,263470.9,339643.1,405273.9,303.23311614990234,20.0,4.0,0.53,51472.4,51121.1,71305.9,65256.8,305.24879455566406,20.0,3.0,0.62,6904.4,7628.6,9013.7,11081.0, None, None, None, None, None,, None, None, None, None
832.5138549804688,C46 H75 O10 N1 P1 ,PS,40.0,7.0,0.0,PS 40:7:0,0.54,242714.3,263470.9,339643.1,405273.9,281.248779296875,18.0,1.0,0.62,289104.8,301791.1,387179.1,392250.8,327.2332229614258,22.0,6.0,0.82,9645.9,8690.3,11587.1,13343.9, None, None, None, None, None,, None, None, None, None
832.6002502441406,C45 H87 O10 N1 P1 ,PS,39.0,0.0,0.0,PS 39:0:0,-8.48,0.0,-1.7,-1.7,0.0,325.3114471435547,21.0,0.0,0.74,-1.7,-1.7,-1.7,-1.7,283.26444244384766,18.0,0.0,0.66,296960.1,296112.0,408868.3,428504.9, None, None, None, None, None,, None, None, None, None
832.6002502441406,C45 H87 O10 N1 P1 ,PS,39.0,0.0,0.0,PS 39:0:0,-8.48,0.0,-1.7,-1.7,0.0,283.26444244384766,18.0,0.0,0.66,296960.1,296112.0,408868.3,428504.9,325.3114471435547,21.0,0.0,0.74,-1.7,-1.7,-1.7,-1.7, None, None, None, None, None,, None, None, None, None
834.5303039550781,C46 H77 O10 N1 P1 ,PS,40.0,6.0,0.0,PS 40:6:0,1.49,14247009.4,15131412.8,19484205.4,21846640.1,327.23316955566406,22.0,6.0,0.65,895753.0,977342.3,1243074.6,1133412.2,283.2644348144531,18.0,0.0,0.63,20643438.4,21511774.6,27013841.0,27702043.3, None, None, None, None, None,, None, None, None, None
834.5303039550781,C46 H77 O10 N1 P1 ,PS,40.0,6.0,0.0,PS 40:6:0,1.49,14247009.4,15131412.8,19484205.4,21846640.1,283.2644348144531,18.0,0.0,0.63,20643438.4,21511774.6,27013841.0,27702043.3,327.23316955566406,22.0,6.0,0.65,895753.0,977342.3,1243074.6,1133412.2, None, None, None, None, None,, None, None, None, None
836.5375366210938,C46 H79 O10 N1 P1 ,PS,40.0,5.0,0.0,PS 40:5:0,-8.57,4930950.6,5411731.5,6708083.9,7678339.7,331.2645492553711,22.0,4.0,0.89,113716.8,143502.6,208122.1,169419.4,281.2488021850586,18.0,1.0,0.7,534654.9,521914.7,773636.6,817279.7, None, None, None, None, None,, None, None, None, None
836.5375366210938,C46 H79 O10 N1 P1 ,PS,40.0,5.0,0.0,PS 40:5:0,-8.57,4930950.6,5411731.5,6708083.9,7678339.7,329.24886322021484,22.0,5.0,0.78,1090096.2,987022.8,1559939.7,1415268.4,283.2644500732422,18.0,0.0,0.69,12253481.7,12451178.5,17601056.8,16837133.5, None, None, None, None, None,, None, None, None, None
836.5375366210938,C46 H79 O10 N1 P1 ,PS,40.0,5.0,0.0,PS 40:5:0,-8.57,4930950.6,5411731.5,6708083.9,7678339.7,283.2644500732422,18.0,0.0,0.69,12253481.7,12451178.5,17601056.8,16837133.5,329.24886322021484,22.0,5.0,0.78,1090096.2,987022.8,1559939.7,1415268.4, None, None, None, None, None,, None, None, None, None
836.5375366210938,C46 H79 O10 N1 P1 ,PS,40.0,5.0,0.0,PS 40:5:0,-8.57,4930950.6,5411731.5,6708083.9,7678339.7,281.2488021850586,18.0,1.0,0.7,534654.9,521914.7,773636.6,817279.7,331.2645492553711,22.0,4.0,0.89,113716.8,143502.6,208122.1,169419.4, None, None, None, None, None,, None, None, None, None
838.5528106689453,C46 H81 O10 N1 P1 ,PS,40.0,4.0,0.0,PS 40:4:0,-9.0,5548817.5,6017420.4,7728022.3,8725717.3,333.2801818847656,22.0,3.0,0.83,153984.1,159464.8,249922.3,182128.3,281.24879455566406,18.0,1.0,0.67,315030.9,366835.2,490619.3,452851.8, None, None, None, None, None,, None, None, None, None
838.5528106689453,C46 H81 O10 N1 P1 ,PS,40.0,4.0,0.0,PS 40:4:0,-9.0,5548817.5,6017420.4,7728022.3,8725717.3,331.26451110839844,22.0,4.0,0.77,1958457.7,2023054.0,2758548.2,2738094.4,283.2644348144531,18.0,0.0,0.63,8826798.9,9062750.8,12042823.8,12044687.0, None, None, None, None, None,, None, None, None, None
838.5528106689453,C46 H81 O10 N1 P1 ,PS,40.0,4.0,0.0,PS 40:4:0,-9.0,5548817.5,6017420.4,7728022.3,8725717.3,283.2644348144531,18.0,0.0,0.63,8826798.9,9062750.8,12042823.8,12044687.0,331.26451110839844,22.0,4.0,0.77,1958457.7,2023054.0,2758548.2,2738094.4, None, None, None, None, None,, None, None, None, None
838.5528106689453,C46 H81 O10 N1 P1 ,PS,40.0,4.0,0.0,PS 40:4:0,-9.0,5548817.5,6017420.4,7728022.3,8725717.3,281.24879455566406,18.0,1.0,0.67,315030.9,366835.2,490619.3,452851.8,333.2801818847656,22.0,3.0,0.83,153984.1,159464.8,249922.3,182128.3, None, None, None, None, None,, None, None, None, None
840.5677032470703,C46 H83 O10 N1 P1 ,PS,40.0,3.0,0.0,PS 40:3:0,-9.88,737062.1,714097.6,936106.7,1028581.9,335.29586029052734,22.0,2.0,0.91,188656.3,221293.4,253667.7,276056.7,281.24879455566406,18.0,1.0,0.67,157789.8,159766.1,238144.1,206972.6, None, None, None, None, None,, None, None, None, None
840.5677032470703,C46 H83 O10 N1 P1 ,PS,40.0,3.0,0.0,PS 40:3:0,-9.88,737062.1,714097.6,936106.7,1028581.9,333.28018951416016,22.0,3.0,0.85,709367.2,670480.3,853455.5,881691.2,283.2644500732422,18.0,0.0,0.69,2357692.5,2511499.0,3030582.4,3035990.5, None, None, None, None, None,, None, None, None, None
840.5677032470703,C46 H83 O10 N1 P1 ,PS,40.0,3.0,0.0,PS 40:3:0,-9.88,737062.1,714097.6,936106.7,1028581.9,309.2801513671875,20.0,1.0,0.8,30768.7,22417.3,25227.1,35411.6,307.26442464192706,20.0,2.0,0.55,22019.4,20362.2,30604.2,0.0, None, None, None, None, None,, None, None, None, None
840.5677032470703,C46 H83 O10 N1 P1 ,PS,40.0,3.0,0.0,PS 40:3:0,-9.88,737062.1,714097.6,936106.7,1028581.9,307.26442464192706,20.0,2.0,0.55,22019.4,20362.2,30604.2,0.0,309.2801513671875,20.0,1.0,0.8,30768.7,22417.3,25227.1,35411.6, None, None, None, None, None,, None, None, None, None
840.5677032470703,C46 H83 O10 N1 P1 ,PS,40.0,3.0,0.0,PS 40:3:0,-9.88,737062.1,714097.6,936106.7,1028581.9,283.2644500732422,18.0,0.0,0.69,2357692.5,2511499.0,3030582.4,3035990.5,333.28018951416016,22.0,3.0,0.85,709367.2,670480.3,853455.5,881691.2, None, None, None, None, None,, None, None, None, None
840.5677032470703,C46 H83 O10 N1 P1 ,PS,40.0,3.0,0.0,PS 40:3:0,-9.88,737062.1,714097.6,936106.7,1028581.9,281.24879455566406,18.0,1.0,0.67,157789.8,159766.1,238144.1,206972.6,335.29586029052734,22.0,2.0,0.91,188656.3,221293.4,253667.7,276056.7, None, None, None, None, None,, None, None, None, None
842.5833892822266,C46 H85 O10 N1 P1 ,PS,40.0,2.0,0.0,PS 40:2:0,-9.82,1282708.9,1373460.9,1700103.7,1941285.1,365.34251912434894,24.0,1.0,0.04,11015.7,10556.0,15544.8,0.0,253.21717834472656,16.0,1.0,-0.5,0.0,5675.6,0.0,0.0, None, None, None, None, None,, None, None, None, None
842.5833892822266,C46 H85 O10 N1 P1 ,PS,40.0,2.0,0.0,PS 40:2:0,-9.82,1282708.9,1373460.9,1700103.7,1941285.1,339.32691446940106,22.0,0.0,0.17,9392.8,10513.6,12683.0,0.0,279.23297119140625,18.0,2.0,0.06,6921.0,6860.2,0.0,0.0, None, None, None, None, None,, None, None, None, None
842.5833892822266,C46 H85 O10 N1 P1 ,PS,40.0,2.0,0.0,PS 40:2:0,-9.82,1282708.9,1373460.9,1700103.7,1941285.1,337.31156158447266,22.0,1.0,1.06,1182519.8,1257894.6,1595813.3,1663960.8,281.24879455566406,18.0,1.0,0.67,503693.4,531356.0,662795.5,720161.4, None, None, None, None, None,, None, None, None, None
842.5833892822266,C46 H85 O10 N1 P1 ,PS,40.0,2.0,0.0,PS 40:2:0,-9.82,1282708.9,1373460.9,1700103.7,1941285.1,335.29590606689453,22.0,2.0,1.05,151432.5,177092.1,212105.9,212945.1,283.2644577026367,18.0,0.0,0.71,519870.4,524754.0,708555.1,749549.9, None, None, None, None, None,, None, None, None, None
842.5833892822266,C46 H85 O10 N1 P1 ,PS,40.0,2.0,0.0,PS 40:2:0,-9.82,1282708.9,1373460.9,1700103.7,1941285.1,311.29589080810547,20.0,0.0,1.08,7395.2,9922.9,11997.0,10552.5,307.2644958496094,20.0,2.0,0.78,0.0,6800.9,0.0,0.0, None, None, None, None, None,, None, None, None, None
842.5833892822266,C46 H85 O10 N1 P1 ,PS,40.0,2.0,0.0,PS 40:2:0,-9.82,1282708.9,1373460.9,1700103.7,1941285.1,309.28011322021484,20.0,1.0,0.67,115830.8,107542.8,148921.1,167797.9,309.28011322021484,20.0,1.0,0.67,115830.8,107542.8,148921.1,167797.9, None, None, None, None, None,, None, None, None, None
842.5833892822266,C46 H85 O10 N1 P1 ,PS,40.0,2.0,0.0,PS 40:2:0,-9.82,1282708.9,1373460.9,1700103.7,1941285.1,307.2644958496094,20.0,2.0,0.78,0.0,6800.9,0.0,0.0,311.29589080810547,20.0,0.0,1.08,7395.2,9922.9,11997.0,10552.5, None, None, None, None, None,, None, None, None, None
842.5833892822266,C46 H85 O10 N1 P1 ,PS,40.0,2.0,0.0,PS 40:2:0,-9.82,1282708.9,1373460.9,1700103.7,1941285.1,283.2644577026367,18.0,0.0,0.71,519870.4,524754.0,708555.1,749549.9,335.29590606689453,22.0,2.0,1.05,151432.5,177092.1,212105.9,212945.1, None, None, None, None, None,, None, None, None, None
842.5833892822266,C46 H85 O10 N1 P1 ,PS,40.0,2.0,0.0,PS 40:2:0,-9.82,1282708.9,1373460.9,1700103.7,1941285.1,281.24879455566406,18.0,1.0,0.67,503693.4,531356.0,662795.5,720161.4,337.31156158447266,22.0,1.0,1.06,1182519.8,1257894.6,1595813.3,1663960.8, None, None, None, None, None,, None, None, None, None
842.5833892822266,C46 H85 O10 N1 P1 ,PS,40.0,2.0,0.0,PS 40:2:0,-9.82,1282708.9,1373460.9,1700103.7,1941285.1,279.23297119140625,18.0,2.0,0.06,6921.0,6860.2,0.0,0.0,339.32691446940106,22.0,0.0,0.17,9392.8,10513.6,12683.0,0.0, None, None, None, None, None,, None, None, None, None
842.5833892822266,C46 H85 O10 N1 P1 ,PS,40.0,2.0,0.0,PS 40:2:0,-9.82,1282708.9,1373460.9,1700103.7,1941285.1,253.21717834472656,16.0,1.0,-0.5,0.0,5675.6,0.0,0.0,365.34251912434894,24.0,1.0,0.04,11015.7,10556.0,15544.8,0.0, None, None, None, None, None,, None, None, None, None
844.5989379882812,C46 H87 O10 N1 P1 ,PS,40.0,1.0,0.0,PS 40:1:0,-9.91,677277.6,793426.1,969188.7,1121087.3,339.326904296875,22.0,0.0,0.14,940353.0,960061.5,1276230.8,1245690.4,281.248779296875,18.0,1.0,0.62,595131.6,582778.7,759591.5,902935.7, None, None, None, None, None,, None, None, None, None
844.5989379882812,C46 H87 O10 N1 P1 ,PS,40.0,1.0,0.0,PS 40:1:0,-9.91,677277.6,793426.1,969188.7,1121087.3,337.31156158447266,22.0,1.0,1.06,170363.2,163330.7,223471.0,206368.4,283.2644500732422,18.0,0.0,0.69,519924.8,558347.3,712458.4,718536.1, None, None, None, None, None,, None, None, None, None
844.5989379882812,C46 H87 O10 N1 P1 ,PS,40.0,1.0,0.0,PS 40:1:0,-9.91,677277.6,793426.1,969188.7,1121087.3,311.2958068847656,20.0,0.0,0.81,26798.3,35097.3,33652.6,36326.6,309.2801208496094,20.0,1.0,0.7,13622.2,13221.7,20721.3,14830.6, None, None, None, None, None,, None, None, None, None
844.5989379882812,C46 H87 O10 N1 P1 ,PS,40.0,1.0,0.0,PS 40:1:0,-9.91,677277.6,793426.1,969188.7,1121087.3,309.2801208496094,20.0,1.0,0.7,13622.2,13221.7,20721.3,14830.6,311.2958068847656,20.0,0.0,0.81,26798.3,35097.3,33652.6,36326.6, None, None, None, None, None,, None, None, None, None
844.5989379882812,C46 H87 O10 N1 P1 ,PS,40.0,1.0,0.0,PS 40:1:0,-9.91,677277.6,793426.1,969188.7,1121087.3,283.2644500732422,18.0,0.0,0.69,519924.8,558347.3,712458.4,718536.1,337.31156158447266,22.0,1.0,1.06,170363.2,163330.7,223471.0,206368.4, None, None, None, None, None,, None, None, None, None
844.5989379882812,C46 H87 O10 N1 P1 ,PS,40.0,1.0,0.0,PS 40:1:0,-9.91,677277.6,793426.1,969188.7,1121087.3,281.248779296875,18.0,1.0,0.62,595131.6,582778.7,759591.5,902935.7,339.326904296875,22.0,0.0,0.14,940353.0,960061.5,1276230.8,1245690.4, None, None, None, None, None,, None, None, None, None
848.5454864501953,C47 H79 O10 N1 P1 ,PS,41.0,6.0,0.0,PS 41:6:0,0.92,50669.4,66117.3,96976.8,95849.0,327.23321533203125,22.0,6.0,0.79,0.0,5149.2,0.0,0.0,297.2800521850586,19.0,0.0,0.49,24961.0,29820.7,37620.5,35674.0, None, None, None, None, None,, None, None, None, None
848.5454864501953,C47 H79 O10 N1 P1 ,PS,41.0,6.0,0.0,PS 41:6:0,0.92,50669.4,66117.3,96976.8,95849.0,297.2800521850586,19.0,0.0,0.49,24961.0,29820.7,37620.5,35674.0,327.23321533203125,22.0,6.0,0.79,0.0,5149.2,0.0,0.0, None, None, None, None, None,, None, None, None, None
850.5609741210938,C47 H81 O10 N1 P1 ,PS,41.0,5.0,0.0,PS 41:5:0,0.72,44272.0,35549.4,47259.8,42411.5,331.2645467122396,22.0,4.0,0.88,2298.6,2245.1,0.0,3211.2,295.2643814086914,19.0,1.0,0.43,7146.5,8482.0,9983.6,8409.5, None, None, None, None, None,, None, None, None, None
850.5609741210938,C47 H81 O10 N1 P1 ,PS,41.0,5.0,0.0,PS 41:5:0,0.72,44272.0,35549.4,47259.8,42411.5,329.2488555908203,22.0,5.0,0.76,4854.5,5115.6,5262.6,7039.0,297.2800521850586,19.0,0.0,0.49,15385.6,17669.9,19671.2,21693.5, None, None, None, None, None,, None, None, None, None
850.5609741210938,C47 H81 O10 N1 P1 ,PS,41.0,5.0,0.0,PS 41:5:0,0.72,44272.0,35549.4,47259.8,42411.5,323.29571533203125,21.0,1.0,0.49,4282.6,2812.8,5492.8,4635.1,303.2331619262696,20.0,4.0,0.68,2029.4,2567.6,3797.5,3217.0, None, None, None, None, None,, None, None, None, None
850.5609741210938,C47 H81 O10 N1 P1 ,PS,41.0,5.0,0.0,PS 41:5:0,0.72,44272.0,35549.4,47259.8,42411.5,303.2331619262696,20.0,4.0,0.68,2029.4,2567.6,3797.5,3217.0,323.29571533203125,21.0,1.0,0.49,4282.6,2812.8,5492.8,4635.1, None, None, None, None, None,, None, None, None, None
850.5609741210938,C47 H81 O10 N1 P1 ,PS,41.0,5.0,0.0,PS 41:5:0,0.72,44272.0,35549.4,47259.8,42411.5,297.2800521850586,19.0,0.0,0.49,15385.6,17669.9,19671.2,21693.5,329.2488555908203,22.0,5.0,0.76,4854.5,5115.6,5262.6,7039.0, None, None, None, None, None,, None, None, None, None
850.5609741210938,C47 H81 O10 N1 P1 ,PS,41.0,5.0,0.0,PS 41:5:0,0.72,44272.0,35549.4,47259.8,42411.5,295.2643814086914,19.0,1.0,0.43,7146.5,8482.0,9983.6,8409.5,331.2645467122396,22.0,4.0,0.88,2298.6,2245.1,0.0,3211.2, None, None, None, None, None,, None, None, None, None
852.5767211914062,C47 H83 O10 N1 P1 ,PS,41.0,4.0,0.0,PS 41:4:0,0.83,33429.8,43523.7,65344.1,71537.8,359.2959493001302,24.0,4.0,1.1,0.0,2805.8,2910.8,3134.1,269.2488479614258,17.0,0.0,0.9,8616.3,7696.3,9926.4,10701.9, None, None, None, None, None,, None, None, None, None
852.5767211914062,C47 H83 O10 N1 P1 ,PS,41.0,4.0,0.0,PS 41:4:0,0.83,33429.8,43523.7,65344.1,71537.8,347.2956848144531,23.0,3.0,0.37,5856.1,6648.9,8191.1,8379.0,281.24879455566406,18.0,1.0,0.67,133139.6,133853.6,110345.4,102651.0, None, None, None, None, None,, None, None, None, None
852.5767211914062,C47 H83 O10 N1 P1 ,PS,41.0,4.0,0.0,PS 41:4:0,0.83,33429.8,43523.7,65344.1,71537.8,345.28004964192706,23.0,4.0,0.42,0.0,2914.4,3020.1,3319.8,283.26444244384766,18.0,0.0,0.66,302940.6,316286.2,211647.5,209207.4, None, None, None, None, None,, None, None, None, None
852.5767211914062,C47 H83 O10 N1 P1 ,PS,41.0,4.0,0.0,PS 41:4:0,0.83,33429.8,43523.7,65344.1,71537.8,333.2802276611328,22.0,3.0,0.97,0.0,0.0,2362.7,2612.5,295.26434326171875,19.0,1.0,0.3,3709.8,5024.4,6965.4,6637.1, None, None, None, None, None,, None, None, None, None
852.5767211914062,C47 H83 O10 N1 P1 ,PS,41.0,4.0,0.0,PS 41:4:0,0.83,33429.8,43523.7,65344.1,71537.8,331.26453399658203,22.0,4.0,0.84,7402.1,8652.9,10022.9,11022.4,297.28001403808594,19.0,0.0,0.37,17312.5,18014.3,23031.6,25315.8, None, None, None, None, None,, None, None, None, None
852.5767211914062,C47 H83 O10 N1 P1 ,PS,41.0,4.0,0.0,PS 41:4:0,0.83,33429.8,43523.7,65344.1,71537.8,325.31136322021484,21.0,0.0,0.48,8767.7,10095.5,12689.6,12988.8,303.233154296875,20.0,4.0,0.66,0.0,0.0,0.0,1259.5, None, None, None, None, None,, None, None, None, None
852.5767211914062,C47 H83 O10 N1 P1 ,PS,41.0,4.0,0.0,PS 41:4:0,0.83,33429.8,43523.7,65344.1,71537.8,323.2957305908203,21.0,1.0,0.54,0.0,0.0,2342.8,2182.2,305.24884033203125,20.0,3.0,0.77,1713.4,0.0,2250.5,2459.6, None, None, None, None, None,, None, None, None, None
852.5767211914062,C47 H83 O10 N1 P1 ,PS,41.0,4.0,0.0,PS 41:4:0,0.83,33429.8,43523.7,65344.1,71537.8,305.24884033203125,20.0,3.0,0.77,1713.4,0.0,2250.5,2459.6,323.2957305908203,21.0,1.0,0.54,0.0,0.0,2342.8,2182.2, None, None, None, None, None,, None, None, None, None
852.5767211914062,C47 H83 O10 N1 P1 ,PS,41.0,4.0,0.0,PS 41:4:0,0.83,33429.8,43523.7,65344.1,71537.8,303.233154296875,20.0,4.0,0.66,0.0,0.0,0.0,1259.5,325.31136322021484,21.0,0.0,0.48,8767.7,10095.5,12689.6,12988.8, None, None, None, None, None,, None, None, None, None
852.5767211914062,C47 H83 O10 N1 P1 ,PS,41.0,4.0,0.0,PS 41:4:0,0.83,33429.8,43523.7,65344.1,71537.8,297.28001403808594,19.0,0.0,0.37,17312.5,18014.3,23031.6,25315.8,331.26453399658203,22.0,4.0,0.84,7402.1,8652.9,10022.9,11022.4, None, None, None, None, None,, None, None, None, None
852.5767211914062,C47 H83 O10 N1 P1 ,PS,41.0,4.0,0.0,PS 41:4:0,0.83,33429.8,43523.7,65344.1,71537.8,295.26434326171875,19.0,1.0,0.3,3709.8,5024.4,6965.4,6637.1,333.2802276611328,22.0,3.0,0.97,0.0,0.0,2362.7,2612.5, None, None, None, None, None,, None, None, None, None
852.5767211914062,C47 H83 O10 N1 P1 ,PS,41.0,4.0,0.0,PS 41:4:0,0.83,33429.8,43523.7,65344.1,71537.8,283.26444244384766,18.0,0.0,0.66,302940.6,316286.2,211647.5,209207.4,345.28004964192706,23.0,4.0,0.42,0.0,2914.4,3020.1,3319.8, None, None, None, None, None,, None, None, None, None
852.5767211914062,C47 H83 O10 N1 P1 ,PS,41.0,4.0,0.0,PS 41:4:0,0.83,33429.8,43523.7,65344.1,71537.8,281.24879455566406,18.0,1.0,0.67,133139.6,133853.6,110345.4,102651.0,347.2956848144531,23.0,3.0,0.37,5856.1,6648.9,8191.1,8379.0, None, None, None, None, None,, None, None, None, None
852.5767211914062,C47 H83 O10 N1 P1 ,PS,41.0,4.0,0.0,PS 41:4:0,0.83,33429.8,43523.7,65344.1,71537.8,269.2488479614258,17.0,0.0,0.9,8616.3,7696.3,9926.4,10701.9,359.2959493001302,24.0,4.0,1.1,0.0,2805.8,2910.8,3134.1, None, None, None, None, None,, None, None, None, None
854.5924377441406,C47 H85 O10 N1 P1 ,PS,41.0,3.0,0.0,PS 41:3:0,0.91,39004.2,53660.3,79107.1,71406.7,349.3113555908203,23.0,2.0,0.43,11950.6,10250.3,12340.7,14064.9,281.248779296875,18.0,1.0,0.62,529161.4,510267.3,766474.0,739550.6, None, None, None, None, None,, None, None, None, None
854.5924377441406,C47 H85 O10 N1 P1 ,PS,41.0,3.0,0.0,PS 41:3:0,0.91,39004.2,53660.3,79107.1,71406.7,347.2957534790039,23.0,3.0,0.57,15535.0,14668.4,18406.4,16373.6,283.26444244384766,18.0,0.0,0.66,265643.6,259459.8,404996.9,383839.4, None, None, None, None, None,, None, None, None, None
854.5924377441406,C47 H85 O10 N1 P1 ,PS,41.0,3.0,0.0,PS 41:3:0,0.91,39004.2,53660.3,79107.1,71406.7,333.2802124023437,22.0,3.0,0.92,4270.0,0.0,7493.3,7319.5,297.280029296875,19.0,0.0,0.42,9174.4,7514.7,11655.4,14778.6, None, None, None, None, None,, None, None, None, None
854.5924377441406,C47 H85 O10 N1 P1 ,PS,41.0,3.0,0.0,PS 41:3:0,0.91,39004.2,53660.3,79107.1,71406.7,297.280029296875,19.0,0.0,0.42,9174.4,7514.7,11655.4,14778.6,333.2802124023437,22.0,3.0,0.92,4270.0,0.0,7493.3,7319.5, None, None, None, None, None,, None, None, None, None
854.5924377441406,C47 H85 O10 N1 P1 ,PS,41.0,3.0,0.0,PS 41:3:0,0.91,39004.2,53660.3,79107.1,71406.7,283.26444244384766,18.0,0.0,0.66,265643.6,259459.8,404996.9,383839.4,347.2957534790039,23.0,3.0,0.57,15535.0,14668.4,18406.4,16373.6, None, None, None, None, None,, None, None, None, None
854.5924377441406,C47 H85 O10 N1 P1 ,PS,41.0,3.0,0.0,PS 41:3:0,0.91,39004.2,53660.3,79107.1,71406.7,281.248779296875,18.0,1.0,0.62,529161.4,510267.3,766474.0,739550.6,349.3113555908203,23.0,2.0,0.43,11950.6,10250.3,12340.7,14064.9, None, None, None, None, None,, None, None, None, None
856.6083831787109,C47 H87 O10 N1 P1 ,PS,41.0,2.0,0.0,PS 41:2:0,1.25,113610.2,127473.3,152942.1,185676.1,351.3271026611328,23.0,1.0,0.7,171774.0,162567.4,195350.6,233403.5,281.24876403808594,18.0,1.0,0.56,1059945.3,1096150.7,1717778.0,1555713.3, None, None, None, None, None,, None, None, None, None
856.6083831787109,C47 H87 O10 N1 P1 ,PS,41.0,2.0,0.0,PS 41:2:0,1.25,113610.2,127473.3,152942.1,185676.1,281.24876403808594,18.0,1.0,0.56,1059945.3,1096150.7,1717778.0,1555713.3,351.3271026611328,23.0,1.0,0.7,171774.0,162567.4,195350.6,233403.5, None, None, None, None, None,, None, None, None, None
858.6237640380859,C47 H89 O10 N1 P1 ,PS,41.0,1.0,0.0,PS 41:1:0,0.94,131451.4,152813.0,191344.3,186515.4,353.34276580810547,23.0,0.0,0.74,227843.7,224993.7,287260.5,304452.1,281.248779296875,18.0,1.0,0.62,54012.0,34017.8,50055.7,63901.7, None, None, None, None, None,, None, None, None, None
858.6237640380859,C47 H89 O10 N1 P1 ,PS,41.0,1.0,0.0,PS 41:1:0,0.94,131451.4,152813.0,191344.3,186515.4,351.32701619466144,23.0,1.0,0.46,-1.8,-1.8,0.0,-1.8,283.2644577026367,18.0,0.0,0.71,622861.7,590312.3,856905.5,925471.3, None, None, None, None, None,, None, None, None, None
858.6237640380859,C47 H89 O10 N1 P1 ,PS,41.0,1.0,0.0,PS 41:1:0,0.94,131451.4,152813.0,191344.3,186515.4,283.2644577026367,18.0,0.0,0.71,622861.7,590312.3,856905.5,925471.3,351.32701619466144,23.0,1.0,0.46,-1.8,-1.8,0.0,-1.8, None, None, None, None, None,, None, None, None, None
858.6237640380859,C47 H89 O10 N1 P1 ,PS,41.0,1.0,0.0,PS 41:1:0,0.94,131451.4,152813.0,191344.3,186515.4,281.248779296875,18.0,1.0,0.62,54012.0,34017.8,50055.7,63901.7,353.34276580810547,23.0,0.0,0.74,227843.7,224993.7,287260.5,304452.1, None, None, None, None, None,, None, None, None, None
860.5368347167969,C48 H79 O10 N1 P1 ,PS,42.0,7.0,0.0,PS 42:7:0,-9.15,398569.9,463120.9,701805.7,777679.4,331.26453399658203,22.0,4.0,0.84,160021.1,179249.6,242609.8,245552.8,305.2488250732422,20.0,3.0,0.72,4504.7,0.0,0.0,5122.0, None, None, None, None, None,, None, None, None, None
860.5368347167969,C48 H79 O10 N1 P1 ,PS,42.0,7.0,0.0,PS 42:7:0,-9.15,398569.9,463120.9,701805.7,777679.4,329.24886322021484,22.0,5.0,0.78,-1.8,621.5,718.8,198.9,307.2644958496094,20.0,2.0,0.78,3479.2,5945.5,8680.9,0.0, None, None, None, None, None,, None, None, None, None
860.5368347167969,C48 H79 O10 N1 P1 ,PS,42.0,7.0,0.0,PS 42:7:0,-9.15,398569.9,463120.9,701805.7,777679.4,327.2331848144531,22.0,6.0,0.7,0.0,3253.0,0.0,0.0,309.2800827026367,20.0,1.0,0.57,38277.2,37341.0,47203.8,53659.6, None, None, None, None, None,, None, None, None, None
860.5368347167969,C48 H79 O10 N1 P1 ,PS,42.0,7.0,0.0,PS 42:7:0,-9.15,398569.9,463120.9,701805.7,777679.4,309.2800827026367,20.0,1.0,0.57,38277.2,37341.0,47203.8,53659.6,327.2331848144531,22.0,6.0,0.7,0.0,3253.0,0.0,0.0, None, None, None, None, None,, None, None, None, None
860.5368347167969,C48 H79 O10 N1 P1 ,PS,42.0,7.0,0.0,PS 42:7:0,-9.15,398569.9,463120.9,701805.7,777679.4,307.2644958496094,20.0,2.0,0.78,3479.2,5945.5,8680.9,0.0,329.24886322021484,22.0,5.0,0.78,-1.8,621.5,718.8,198.9, None, None, None, None, None,, None, None, None, None
860.5368347167969,C48 H79 O10 N1 P1 ,PS,42.0,7.0,0.0,PS 42:7:0,-9.15,398569.9,463120.9,701805.7,777679.4,305.2488250732422,20.0,3.0,0.72,4504.7,0.0,0.0,5122.0,331.26453399658203,22.0,4.0,0.84,160021.1,179249.6,242609.8,245552.8, None, None, None, None, None,, None, None, None, None
860.63037109375,C47 H91 O10 N1 P1 ,PS,41.0,0.0,0.0,PS 41:0:0,-9.57,-1.8,-1.8,0.0,-1.8,353.34268951416016,23.0,0.0,0.52,-1.8,-1.8,1264.0,-1.8,283.26444244384766,18.0,0.0,0.66,752280.1,774708.1,1031763.4,1104581.5, None, None, None, None, None,, None, None, None, None
860.63037109375,C47 H91 O10 N1 P1 ,PS,41.0,0.0,0.0,PS 41:0:0,-9.57,-1.8,-1.8,0.0,-1.8,283.26444244384766,18.0,0.0,0.66,752280.1,774708.1,1031763.4,1104581.5,353.34268951416016,23.0,0.0,0.52,-1.8,-1.8,1264.0,-1.8, None, None, None, None, None,, None, None, None, None
862.5606689453125,C48 H81 O10 N1 P1 ,PS,42.0,6.0,0.0,PS 42:6:0,0.36,83564.4,75484.3,54587.4,75737.5,359.29575602213544,24.0,4.0,0.56,6378.3,6123.2,0.0,9134.1,279.2331085205078,18.0,2.0,0.55,0.0,6344.7,9120.7,0.0, None, None, None, None, None,, None, None, None, None
862.5606689453125,C48 H81 O10 N1 P1 ,PS,42.0,6.0,0.0,PS 42:6:0,0.36,83564.4,75484.3,54587.4,75737.5,357.2802505493164,24.0,5.0,0.97,46250.5,41161.0,64228.7,63943.3,281.248779296875,18.0,1.0,0.62,372916.3,382972.8,480020.7,470353.1, None, None, None, None, None,, None, None, None, None
862.5606689453125,C48 H81 O10 N1 P1 ,PS,42.0,6.0,0.0,PS 42:6:0,0.36,83564.4,75484.3,54587.4,75737.5,355.2643585205078,24.0,6.0,0.29,7240.2,0.0,0.0,7262.8,283.2644348144531,18.0,0.0,0.63,879871.3,852772.9,1138026.3,1116826.3, None, None, None, None, None,, None, None, None, None
862.5606689453125,C48 H81 O10 N1 P1 ,PS,42.0,6.0,0.0,PS 42:6:0,0.36,83564.4,75484.3,54587.4,75737.5,331.26448822021484,22.0,4.0,0.7,-1.8,-1.8,-1.8,-1.8,307.26438903808594,20.0,2.0,0.44,6646.0,8806.5,10094.5,7032.6, None, None, None, None, None,, None, None, None, None
862.5606689453125,C48 H81 O10 N1 P1 ,PS,42.0,6.0,0.0,PS 42:6:0,0.36,83564.4,75484.3,54587.4,75737.5,307.26438903808594,20.0,2.0,0.44,6646.0,8806.5,10094.5,7032.6,331.26448822021484,22.0,4.0,0.7,-1.8,-1.8,-1.8,-1.8, None, None, None, None, None,, None, None, None, None
862.5606689453125,C48 H81 O10 N1 P1 ,PS,42.0,6.0,0.0,PS 42:6:0,0.36,83564.4,75484.3,54587.4,75737.5,283.2644348144531,18.0,0.0,0.63,879871.3,852772.9,1138026.3,1116826.3,355.2643585205078,24.0,6.0,0.29,7240.2,0.0,0.0,7262.8, None, None, None, None, None,, None, None, None, None
862.5606689453125,C48 H81 O10 N1 P1 ,PS,42.0,6.0,0.0,PS 42:6:0,0.36,83564.4,75484.3,54587.4,75737.5,281.248779296875,18.0,1.0,0.62,372916.3,382972.8,480020.7,470353.1,357.2802505493164,24.0,5.0,0.97,46250.5,41161.0,64228.7,63943.3, None, None, None, None, None,, None, None, None, None
862.5606689453125,C48 H81 O10 N1 P1 ,PS,42.0,6.0,0.0,PS 42:6:0,0.36,83564.4,75484.3,54587.4,75737.5,279.2331085205078,18.0,2.0,0.55,0.0,6344.7,9120.7,0.0,359.29575602213544,24.0,4.0,0.56,6378.3,6123.2,0.0,9134.1, None, None, None, None, None,, None, None, None, None
864.5768890380859,C48 H83 O10 N1 P1 ,PS,42.0,5.0,0.0,PS 42:5:0,1.02,652256.7,726401.8,962864.1,1024203.7,359.29589080810547,24.0,4.0,0.93,222081.2,233664.3,292130.9,284373.3,281.248779296875,18.0,1.0,0.62,342136.1,354507.9,475121.7,480286.2, None, None, None, None, None,, None, None, None, None
864.5768890380859,C48 H83 O10 N1 P1 ,PS,42.0,5.0,0.0,PS 42:5:0,1.02,652256.7,726401.8,962864.1,1024203.7,357.28023529052734,24.0,5.0,0.92,95693.3,89041.2,139903.4,130480.1,283.2644348144531,18.0,0.0,0.63,826724.5,883962.7,1184795.4,1156358.0, None, None, None, None, None,, None, None, None, None
864.5768890380859,C48 H83 O10 N1 P1 ,PS,42.0,5.0,0.0,PS 42:5:0,1.02,652256.7,726401.8,962864.1,1024203.7,333.2802225748698,22.0,3.0,0.95,3020.7,2381.1,1457.6,0.0,307.2643737792969,20.0,2.0,0.39,0.0,0.0,0.0,7769.2, None, None, None, None, None,, None, None, None, None
864.5768890380859,C48 H83 O10 N1 P1 ,PS,42.0,5.0,0.0,PS 42:5:0,1.02,652256.7,726401.8,962864.1,1024203.7,331.2645874023437,22.0,4.0,1.0,8143.3,7982.4,11176.0,14320.1,309.2800979614258,20.0,1.0,0.62,39792.8,49492.3,64032.5,58688.2, None, None, None, None, None,, None, None, None, None
864.5768890380859,C48 H83 O10 N1 P1 ,PS,42.0,5.0,0.0,PS 42:5:0,1.02,652256.7,726401.8,962864.1,1024203.7,309.2800979614258,20.0,1.0,0.62,39792.8,49492.3,64032.5,58688.2,331.2645874023437,22.0,4.0,1.0,8143.3,7982.4,11176.0,14320.1, None, None, None, None, None,, None, None, None, None
864.5768890380859,C48 H83 O10 N1 P1 ,PS,42.0,5.0,0.0,PS 42:5:0,1.02,652256.7,726401.8,962864.1,1024203.7,307.2643737792969,20.0,2.0,0.39,0.0,0.0,0.0,7769.2,333.2802225748698,22.0,3.0,0.95,3020.7,2381.1,1457.6,0.0, None, None, None, None, None,, None, None, None, None
864.5768890380859,C48 H83 O10 N1 P1 ,PS,42.0,5.0,0.0,PS 42:5:0,1.02,652256.7,726401.8,962864.1,1024203.7,283.2644348144531,18.0,0.0,0.63,826724.5,883962.7,1184795.4,1156358.0,357.28023529052734,24.0,5.0,0.92,95693.3,89041.2,139903.4,130480.1, None, None, None, None, None,, None, None, None, None
864.5768890380859,C48 H83 O10 N1 P1 ,PS,42.0,5.0,0.0,PS 42:5:0,1.02,652256.7,726401.8,962864.1,1024203.7,281.248779296875,18.0,1.0,0.62,342136.1,354507.9,475121.7,480286.2,359.29589080810547,24.0,4.0,0.93,222081.2,233664.3,292130.9,284373.3, None, None, None, None, None,, None, None, None, None
866.5832977294922,C48 H85 O10 N1 P1 ,PS,42.0,4.0,0.0,PS 42:4:0,-9.65,767648.2,824262.5,1099905.4,1181782.9,361.3115615844727,24.0,3.0,0.99,94979.2,113478.4,135351.8,132512.8,281.24879455566406,18.0,1.0,0.67,214777.5,207750.2,278387.3,281240.4, None, None, None, None, None,, None, None, None, None
866.5832977294922,C48 H85 O10 N1 P1 ,PS,42.0,4.0,0.0,PS 42:4:0,-9.65,767648.2,824262.5,1099905.4,1181782.9,359.2958984375,24.0,4.0,0.95,308250.5,308542.1,415785.9,431984.7,283.2644348144531,18.0,0.0,0.63,1203233.1,1268788.1,1713143.2,1659123.9, None, None, None, None, None,, None, None, None, None
866.5832977294922,C48 H85 O10 N1 P1 ,PS,42.0,4.0,0.0,PS 42:4:0,-9.65,767648.2,824262.5,1099905.4,1181782.9,333.2801742553711,22.0,3.0,0.81,8461.2,7274.7,16737.5,10422.7,309.28009033203125,20.0,1.0,0.6,23384.2,24680.9,25612.9,29626.2, None, None, None, None, None,, None, None, None, None
866.5832977294922,C48 H85 O10 N1 P1 ,PS,42.0,4.0,0.0,PS 42:4:0,-9.65,767648.2,824262.5,1099905.4,1181782.9,331.2645034790039,22.0,4.0,0.75,7049.8,7225.6,14264.1,6492.8,311.2958068847656,20.0,0.0,0.81,14122.0,13866.8,15477.1,19631.5, None, None, None, None, None,, None, None, None, None
866.5832977294922,C48 H85 O10 N1 P1 ,PS,42.0,4.0,0.0,PS 42:4:0,-9.65,767648.2,824262.5,1099905.4,1181782.9,311.2958068847656,20.0,0.0,0.81,14122.0,13866.8,15477.1,19631.5,331.2645034790039,22.0,4.0,0.75,7049.8,7225.6,14264.1,6492.8, None, None, None, None, None,, None, None, None, None
866.5832977294922,C48 H85 O10 N1 P1 ,PS,42.0,4.0,0.0,PS 42:4:0,-9.65,767648.2,824262.5,1099905.4,1181782.9,309.28009033203125,20.0,1.0,0.6,23384.2,24680.9,25612.9,29626.2,333.2801742553711,22.0,3.0,0.81,8461.2,7274.7,16737.5,10422.7, None, None, None, None, None,, None, None, None, None
866.5832977294922,C48 H85 O10 N1 P1 ,PS,42.0,4.0,0.0,PS 42:4:0,-9.65,767648.2,824262.5,1099905.4,1181782.9,283.2644348144531,18.0,0.0,0.63,1203233.1,1268788.1,1713143.2,1659123.9,359.2958984375,24.0,4.0,0.95,308250.5,308542.1,415785.9,431984.7, None, None, None, None, None,, None, None, None, None
866.5832977294922,C48 H85 O10 N1 P1 ,PS,42.0,4.0,0.0,PS 42:4:0,-9.65,767648.2,824262.5,1099905.4,1181782.9,281.24879455566406,18.0,1.0,0.67,214777.5,207750.2,278387.3,281240.4,361.3115615844727,24.0,3.0,0.99,94979.2,113478.4,135351.8,132512.8, None, None, None, None, None,, None, None, None, None
868.5989379882812,C48 H87 O10 N1 P1 ,PS,42.0,3.0,0.0,PS 42:3:0,-9.64,109984.5,136835.2,173540.6,184688.8,365.34252166748047,24.0,1.0,0.04,9888.6,8585.4,12395.8,16813.6,279.2330474853516,18.0,2.0,0.33,10530.9,5322.5,8091.6,11528.8, None, None, None, None, None,, None, None, None, None
868.5989379882812,C48 H87 O10 N1 P1 ,PS,42.0,3.0,0.0,PS 42:3:0,-9.64,109984.5,136835.2,173540.6,184688.8,363.3272476196289,24.0,2.0,1.08,94505.1,117145.7,137171.8,128548.2,281.2487869262696,18.0,1.0,0.65,350431.4,349880.3,454947.1,418161.9, None, None, None, None, None,, None, None, None, None
868.5989379882812,C48 H87 O10 N1 P1 ,PS,42.0,3.0,0.0,PS 42:3:0,-9.64,109984.5,136835.2,173540.6,184688.8,361.3115692138672,24.0,3.0,1.01,82217.3,92056.6,108319.6,114499.5,283.26444244384766,18.0,0.0,0.66,1012081.9,1061779.7,1393281.2,1379181.6, None, None, None, None, None,, None, None, None, None
868.5989379882812,C48 H87 O10 N1 P1 ,PS,42.0,3.0,0.0,PS 42:3:0,-9.64,109984.5,136835.2,173540.6,184688.8,337.3114776611328,22.0,1.0,0.81,9013.8,7986.4,13375.0,15527.3,307.2644500732422,20.0,2.0,0.63,0.0,5300.5,0.0,6797.1, None, None, None, None, None,, None, None, None, None
868.5989379882812,C48 H87 O10 N1 P1 ,PS,42.0,3.0,0.0,PS 42:3:0,-9.64,109984.5,136835.2,173540.6,184688.8,335.2959289550781,22.0,2.0,1.11,0.0,7308.6,0.0,0.0,309.28013610839844,20.0,1.0,0.75,9566.8,11278.5,12403.8,14801.3, None, None, None, None, None,, None, None, None, None
868.5989379882812,C48 H87 O10 N1 P1 ,PS,42.0,3.0,0.0,PS 42:3:0,-9.64,109984.5,136835.2,173540.6,184688.8,309.28013610839844,20.0,1.0,0.75,9566.8,11278.5,12403.8,14801.3,335.2959289550781,22.0,2.0,1.11,0.0,7308.6,0.0,0.0, None, None, None, None, None,, None, None, None, None
868.5989379882812,C48 H87 O10 N1 P1 ,PS,42.0,3.0,0.0,PS 42:3:0,-9.64,109984.5,136835.2,173540.6,184688.8,307.2644500732422,20.0,2.0,0.63,0.0,5300.5,0.0,6797.1,337.3114776611328,22.0,1.0,0.81,9013.8,7986.4,13375.0,15527.3, None, None, None, None, None,, None, None, None, None
868.5989379882812,C48 H87 O10 N1 P1 ,PS,42.0,3.0,0.0,PS 42:3:0,-9.64,109984.5,136835.2,173540.6,184688.8,283.26444244384766,18.0,0.0,0.66,1012081.9,1061779.7,1393281.2,1379181.6,361.3115692138672,24.0,3.0,1.01,82217.3,92056.6,108319.6,114499.5, None, None, None, None, None,, None, None, None, None
868.5989379882812,C48 H87 O10 N1 P1 ,PS,42.0,3.0,0.0,PS 42:3:0,-9.64,109984.5,136835.2,173540.6,184688.8,281.2487869262696,18.0,1.0,0.65,350431.4,349880.3,454947.1,418161.9,363.3272476196289,24.0,2.0,1.08,94505.1,117145.7,137171.8,128548.2, None, None, None, None, None,, None, None, None, None
868.5989379882812,C48 H87 O10 N1 P1 ,PS,42.0,3.0,0.0,PS 42:3:0,-9.64,109984.5,136835.2,173540.6,184688.8,279.2330474853516,18.0,2.0,0.33,10530.9,5322.5,8091.6,11528.8,365.34252166748047,24.0,1.0,0.04,9888.6,8585.4,12395.8,16813.6, None, None, None, None, None,, None, None, None, None
870.6239471435547,C48 H89 O10 N1 P1 ,PS,42.0,2.0,0.0,PS 42:2:0,1.13,880239.7,944942.6,1182215.2,1365677.7,365.3425827026367,24.0,1.0,0.21,1246987.7,1262640.6,1634707.8,1698348.3,281.24879455566406,18.0,1.0,0.67,778431.4,755829.3,932820.5,914054.9, None, None, None, None, None,, None, None, None, None
870.6239471435547,C48 H89 O10 N1 P1 ,PS,42.0,2.0,0.0,PS 42:2:0,1.13,880239.7,944942.6,1182215.2,1365677.7,363.32727813720703,24.0,2.0,1.16,10613.7,9040.3,13044.6,8924.9,283.2644500732422,18.0,0.0,0.69,378258.6,366965.3,466695.1,508490.3, None, None, None, None, None,, None, None, None, None
870.6239471435547,C48 H89 O10 N1 P1 ,PS,42.0,2.0,0.0,PS 42:2:0,1.13,880239.7,944942.6,1182215.2,1365677.7,339.32696533203125,22.0,0.0,0.32,6462.2,0.0,0.0,0.0,307.2645263671875,20.0,2.0,0.88,8262.4,6721.0,0.0,12312.8, None, None, None, None, None,, None, None, None, None
870.6239471435547,C48 H89 O10 N1 P1 ,PS,42.0,2.0,0.0,PS 42:2:0,1.13,880239.7,944942.6,1182215.2,1365677.7,337.31160736083984,22.0,1.0,1.19,21390.0,23554.4,34867.3,32433.7,309.28016662597656,20.0,1.0,0.84,16905.7,13439.2,24849.2,29890.4, None, None, None, None, None,, None, None, None, None
870.6239471435547,C48 H89 O10 N1 P1 ,PS,42.0,2.0,0.0,PS 42:2:0,1.13,880239.7,944942.6,1182215.2,1365677.7,309.28016662597656,20.0,1.0,0.84,16905.7,13439.2,24849.2,29890.4,337.31160736083984,22.0,1.0,1.19,21390.0,23554.4,34867.3,32433.7, None, None, None, None, None,, None, None, None, None
870.6239471435547,C48 H89 O10 N1 P1 ,PS,42.0,2.0,0.0,PS 42:2:0,1.13,880239.7,944942.6,1182215.2,1365677.7,307.2645263671875,20.0,2.0,0.88,8262.4,6721.0,0.0,12312.8,339.32696533203125,22.0,0.0,0.32,6462.2,0.0,0.0,0.0, None, None, None, None, None,, None, None, None, None
870.6239471435547,C48 H89 O10 N1 P1 ,PS,42.0,2.0,0.0,PS 42:2:0,1.13,880239.7,944942.6,1182215.2,1365677.7,283.2644500732422,18.0,0.0,0.69,378258.6,366965.3,466695.1,508490.3,363.32727813720703,24.0,2.0,1.16,10613.7,9040.3,13044.6,8924.9, None, None, None, None, None,, None, None, None, None
870.6239471435547,C48 H89 O10 N1 P1 ,PS,42.0,2.0,0.0,PS 42:2:0,1.13,880239.7,944942.6,1182215.2,1365677.7,281.24879455566406,18.0,1.0,0.67,778431.4,755829.3,932820.5,914054.9,365.3425827026367,24.0,1.0,0.21,1246987.7,1262640.6,1634707.8,1698348.3, None, None, None, None, None,, None, None, None, None
872.6301879882812,C48 H91 O10 N1 P1 ,PS,42.0,1.0,0.0,PS 42:1:0,-9.65,148689.9,119795.8,218290.9,183987.2,367.3582534790039,24.0,0.0,0.27,491578.0,489666.1,646926.5,651339.3,281.24876403808594,18.0,1.0,0.56,924760.9,912341.7,856660.9,844640.7, None, None, None, None, None,, None, None, None, None
872.6301879882812,C48 H91 O10 N1 P1 ,PS,42.0,1.0,0.0,PS 42:1:0,-9.65,148689.9,119795.8,218290.9,183987.2,365.3426132202149,24.0,1.0,0.29,-1.8,7457.2,8788.2,2131.8,283.26444244384766,18.0,0.0,0.66,2083778.5,2162500.0,2627879.4,2416206.5, None, None, None, None, None,, None, None, None, None
872.6301879882812,C48 H91 O10 N1 P1 ,PS,42.0,1.0,0.0,PS 42:1:0,-9.65,148689.9,119795.8,218290.9,183987.2,339.32691955566406,22.0,0.0,0.19,0.0,0.0,27038.5,27056.4,309.2801513671875,20.0,1.0,0.8,33734.9,32954.9,46685.7,43827.7, None, None, None, None, None,, None, None, None, None
872.6301879882812,C48 H91 O10 N1 P1 ,PS,42.0,1.0,0.0,PS 42:1:0,-9.65,148689.9,119795.8,218290.9,183987.2,309.2801513671875,20.0,1.0,0.8,33734.9,32954.9,46685.7,43827.7,339.32691955566406,22.0,0.0,0.19,0.0,0.0,27038.5,27056.4, None, None, None, None, None,, None, None, None, None
872.6301879882812,C48 H91 O10 N1 P1 ,PS,42.0,1.0,0.0,PS 42:1:0,-9.65,148689.9,119795.8,218290.9,183987.2,283.26444244384766,18.0,0.0,0.66,2083778.5,2162500.0,2627879.4,2416206.5,365.3426132202149,24.0,1.0,0.29,-1.8,7457.2,8788.2,2131.8, None, None, None, None, None,, None, None, None, None
872.6301879882812,C48 H91 O10 N1 P1 ,PS,42.0,1.0,0.0,PS 42:1:0,-9.65,148689.9,119795.8,218290.9,183987.2,281.24876403808594,18.0,1.0,0.56,924760.9,912341.7,856660.9,844640.7,367.3582534790039,24.0,0.0,0.27,491578.0,489666.1,646926.5,651339.3, None, None, None, None, None,, None, None, None, None
###,PSCOCO,,,,,,,,,,,,,,,,,,,,,,,,,,,,,,,,,,,,
830.4971923828125,C46 H73 O10 N1 P1 ,PS,40.0,8.0,0.0,PS 40:8:0,-0.68,26803.9,0.0,38041.3,51434.9,303.23313903808594,20.0,4.0,0.61,6060.5,5904.9,7573.1,7893.3,303.23313903808594,20.0,4.0,0.61,6060.5,5904.9,7573.1,7893.3,259.2432861328125,755.5,629.7,0.0,0.0,259.2432861328125,755.5,629.7,0.0,0.0
###,PSCO,,,,,,,,,,,,,,,,,,,,,,,,,,,,,,,,,,,,
782.4981231689453,C42 H73 O10 N1 P1 ,PS,36.0,4.0,0.0,PS 36:4:0,0.47,103148.7,102208.6,150964.7,184123.4,255.2329635620117,16.0,0.0,0.03,165144.6,180682.9,243818.8,249976.9,303.23311614990234,20.0,4.0,0.53,10739.4,11593.0,13814.9,14826.3, 259.2432174682617,957.0,1000.1,1627.3,1445.0,, None, None, None, None
796.5130157470703,C43 H75 O10 N1 P1 ,PS,37.0,4.0,0.0,PS 37:4:0,-0.49,34987.9,31711.8,43926.3,53590.0,269.2488708496094,17.0,0.0,0.99,51223.9,53089.9,72545.4,75088.3,303.23313903808594,20.0,4.0,0.61,3228.9,3476.8,4399.9,4764.9, 259.24330139160156,266.7,371.6,0.0,0.0,, None, None, None, None
806.4991149902344,C44 H73 O10 N1 P1 ,PS,38.0,6.0,0.0,PS 38:6:0,1.68,137681.6,159146.2,204618.0,257128.6,255.23295974731445,16.0,0.0,0.02,187353.5,200544.2,259369.2,272161.5,327.2331771850586,22.0,6.0,0.68,9117.5,9369.2,12089.4,12442.8, 283.2433776855469,5473.6,5803.6,6983.6,7121.0,, None, None, None, None
808.5135803222656,C44 H75 O10 N1 P1 ,PS,38.0,5.0,0.0,PS 38:5:0,0.21,550523.5,568835.4,788154.9,952566.8,281.248779296875,18.0,1.0,0.62,1096387.9,1133800.1,1599128.6,1525990.3,303.2331085205078,20.0,4.0,0.51,54102.5,55387.1,85992.0,85594.1, 259.2432556152344,6443.3,5797.3,0.0,8377.0,, None, None, None, None
808.5135803222656,C44 H75 O10 N1 P1 ,PS,38.0,5.0,0.0,PS 38:5:0,0.21,550523.5,568835.4,788154.9,952566.8,255.2330551147461,16.0,0.0,0.39,174975.8,182312.6,242571.5,244150.4,329.2488784790039,22.0,5.0,0.83,18252.1,18296.3,22244.2,18549.7, 285.25901285807294,6723.5,5473.6,9160.0,0.0,, None, None, None, None
810.5290069580078,C44 H77 O10 N1 P1 ,PS,38.0,4.0,0.0,PS 38:4:0,-0.06,5125154.4,5560513.4,7563425.6,8446008.1,283.26444244384766,18.0,0.0,0.66,8410312.3,8300249.2,11920829.8,11252564.4,303.2331008911133,20.0,4.0,0.48,476278.5,582788.8,750702.8,735350.3, 259.24327087402344,49572.4,59559.7,67580.5,69247.2,, None, None, None, None
820.5145568847656,C45 H75 O10 N1 P1 ,PS,39.0,6.0,0.0,PS 39:6:0,1.4,29312.0,27802.9,0.0,0.0,269.2488708496094,17.0,0.0,0.99,30345.5,31512.8,40796.9,40624.3,327.23323822021484,22.0,6.0,0.86,1290.9,1483.3,1970.5,2107.1, 283.24340057373047,821.0,1162.7,1098.0,1197.9,, None, None, None, None
822.5300089518229,C45 H77 O10 N1 P1 ,PS,39.0,5.0,0.0,PS 39:5:0,1.15,19120.5,0.0,34297.3,43214.1,269.2488708496094,17.0,0.0,0.99,21408.6,23247.4,29746.2,32160.5,329.2488784790039,22.0,5.0,0.83,2311.7,2211.5,2717.9,2857.4, 285.25911712646484,682.7,578.9,964.6,688.9,, None, None, None, None
830.4971923828125,C46 H73 O10 N1 P1 ,PS,40.0,8.0,0.0,PS 40:8:0,-0.68,26803.9,0.0,38041.3,51434.9,303.23313903808594,20.0,4.0,0.61,6060.5,5904.9,7573.1,7893.3,303.23313903808594,20.0,4.0,0.61,6060.5,5904.9,7573.1,7893.3, 259.2432861328125,755.5,629.7,0.0,0.0,, None, None, None, None
832.5138549804688,C46 H75 O10 N1 P1 ,PS,40.0,7.0,0.0,PS 40:7:0,0.54,242714.3,263470.9,339643.1,405273.9,305.24879455566406,20.0,3.0,0.62,6904.4,7628.6,9013.7,11081.0,303.23311614990234,20.0,4.0,0.53,51472.4,51121.1,71305.9,65256.8, 259.2430725097656,1651.8,3875.5,5360.1,5060.9,, None, None, None, None
832.5138549804688,C46 H75 O10 N1 P1 ,PS,40.0,7.0,0.0,PS 40:7:0,0.54,242714.3,263470.9,339643.1,405273.9,281.248779296875,18.0,1.0,0.62,289104.8,301791.1,387179.1,392250.8,327.2332229614258,22.0,6.0,0.82,9645.9,8690.3,11587.1,13343.9, 283.24342346191406,5284.7,7523.9,8897.5,7696.7,, None, None, None, None
834.5303039550781,C46 H77 O10 N1 P1 ,PS,40.0,6.0,0.0,PS 40:6:0,1.49,14247009.4,15131412.8,19484205.4,21846640.1,283.2644348144531,18.0,0.0,0.63,20643438.4,21511774.6,27013841.0,27702043.3,327.23316955566406,22.0,6.0,0.65,895753.0,977342.3,1243074.6,1133412.2, 283.2434768676758,575010.6,588852.0,762703.2,775856.4,, None, None, None, None
836.5375366210938,C46 H79 O10 N1 P1 ,PS,40.0,5.0,0.0,PS 40:5:0,-8.57,4930950.6,5411731.5,6708083.9,7678339.7,283.2644500732422,18.0,0.0,0.69,12253481.7,12451178.5,17601056.8,16837133.5,329.24886322021484,22.0,5.0,0.78,1090096.2,987022.8,1559939.7,1415268.4, 285.25902557373047,365607.4,335229.5,398339.2,439621.4,, None, None, None, None
838.5528106689453,C46 H81 O10 N1 P1 ,PS,40.0,4.0,0.0,PS 40:4:0,-9.0,5548817.5,6017420.4,7728022.3,8725717.3,283.2644348144531,18.0,0.0,0.63,8826798.9,9062750.8,12042823.8,12044687.0,331.26451110839844,22.0,4.0,0.77,1958457.7,2023054.0,2758548.2,2738094.4, 287.27467346191406,62795.5,77836.8,118001.1,96054.3,, None, None, None, None
850.5609741210938,C47 H81 O10 N1 P1 ,PS,41.0,5.0,0.0,PS 41:5:0,0.72,44272.0,35549.4,47259.8,42411.5,297.2800521850586,19.0,0.0,0.49,15385.6,17669.9,19671.2,21693.5,329.2488555908203,22.0,5.0,0.76,4854.5,5115.6,5262.6,7039.0, 285.25909423828125,1822.5,1650.5,2700.3,0.0,, None, None, None, None
860.5368347167969,C48 H79 O10 N1 P1 ,PS,42.0,7.0,0.0,PS 42:7:0,-9.15,398569.9,463120.9,701805.7,777679.4,305.2488250732422,20.0,3.0,0.72,4504.7,0.0,0.0,5122.0,331.26453399658203,22.0,4.0,0.84,160021.1,179249.6,242609.8,245552.8, 287.27455139160156,0.0,0.0,7307.8,8645.7,, None, None, None, None
864.5768890380859,C48 H83 O10 N1 P1 ,PS,42.0,5.0,0.0,PS 42:5:0,1.02,652256.7,726401.8,962864.1,1024203.7,283.2644348144531,18.0,0.0,0.63,826724.5,883962.7,1184795.4,1156358.0,357.28023529052734,24.0,5.0,0.92,95693.3,89041.2,139903.4,130480.1, 313.29039001464844,8318.8,7209.6,9726.8,9042.6,, None, None, None, None
