Group	Specie	Mz	Sample	CE	C.FAI	C.COI	FA-CO.ratio	FA_Isomer	1st Pos	1st CF	1st C.FAI	1st rel_FAI	2nd Pos	2nd CF	2nd C.FAI	2nd rel_FAI	3rd Pos	TX.CF	C.FAI with TX.CF
Group-1	PS 34:0:0	255.23	240116_PS_FTMSMS-_4.mzXML	25.0	11343.8	0.0	0.0	[0.0..0.0]	[0.0..1.0]	[1.0..1.0]	[11343.8..11343.8]	[0.321..0.325]	[0.9..1.0]	[1.0..1.0]	[11343.8..11343.8]	[0.325..0.325]	[0.898..1.0]	0.89466476	[10148.898..10148.898]
Group-1	PS 34:0:0	255.23	240116_PS_FTMSMS-_4.mzXML	30.0	14958.2	0.0	0.0	[0.0..0.0]	[0.0..1.0]	[1.0..1.0]	[14958.2..14958.2]	[0.214..0.215]	[0.9..1.0]	[1.0..1.0]	[14958.2..14958.2]	[0.215..0.215]	[0.898..1.0]	0.89466476	[13382.574..13382.574]
Group-1	PS 34:0:0	255.23	240116_PS_FTMSMS-_4.mzXML	35.0	30963.7	0.0	0.0	[0.0..0.0]	[0.0..1.0]	[1.0..1.0]	[30963.7..30963.7]	[0.292..0.292]	[0.9..1.0]	[1.0..1.0]	[30963.7..30963.7]	[0.292..0.292]	[0.898..1.0]	0.89466476	[27702.13..27702.13]
Group-1	PS 34:0:0	283.26	240116_PS_FTMSMS-_4.mzXML	25.0	23890.1	0.0	0.0	[0.0..0.0]	[0.0..1.0]	[0.986..1.005]	[23555.639..24009.55]	[0.675..0.679]	[0.0..0.1]	[0.986..0.988]	[23555.639..23603.418]	[0.675..0.675]	[0.0..0.102]	0.89466476	[21074.4..21480.498]
Group-1	PS 34:0:0	283.26	240116_PS_FTMSMS-_4.mzXML	30.0	56335.3	0.0	0.0	[0.0..0.0]	[0.0..1.0]	[0.968..0.978]	[54532.57..55095.92]	[0.785..0.786]	[0.0..0.1]	[0.968..0.969]	[54532.57..54588.906]	[0.785..0.785]	[0.0..0.102]	0.89466476	[48788.367..49292.38]
Group-1	PS 34:0:0	283.26	240116_PS_FTMSMS-_4.mzXML	35.0	78017.9	0.0	0.0	[0.0..0.0]	[0.0..1.0]	[0.961..0.963]	[74975.2..75131.234]	[0.708..0.708]	[0.0..0.1]	[0.961..0.961]	[74975.2..74975.2]	[0.708..0.708]	[0.0..0.102]	0.89466476	[67077.67..67217.27]
Group-1	PS 34:1:0	253.22	240116_PS_FTMSMS-_4.mzXML	25.0	99730.6	0.0	0.0	[9.0..9.0]	[0.0..1.0]	[0.92..0.938]	[91752.16..93547.305]	[0.253..0.253]	[1.0..1.0]	[0.938..0.938]	[93547.305..93547.305]	[0.256..0.256]	[1.0..1.0]	0.8967037	[82274.5..83884.22]
Group-1	PS 34:1:0	253.22	240116_PS_FTMSMS-_4.mzXML	30.0	199654.6	0.0	0.0	[9.0..9.0]	[0.0..1.0]	[0.953..0.972]	[190270.83..194064.27]	[0.239..0.241]	[1.0..1.0]	[0.972..0.972]	[194064.27..194064.27]	[0.243..0.243]	[1.0..1.0]	0.8967037	[170616.56..174018.14]
Group-1	PS 34:1:0	253.22	240116_PS_FTMSMS-_4.mzXML	35.0	208565.2	0.0	0.0	[9.0..9.0]	[0.0..1.0]	[0.96..1.004]	[200222.6..209399.45]	[0.234..0.241]	[1.0..1.0]	[1.004..1.004]	[209399.45..209399.45]	[0.242..0.242]	[1.0..1.0]	0.8967037	[179540.34..187769.27]
Group-1	PS 34:1:0	255.23	240116_PS_FTMSMS-_4.mzXML	25.0	818640.7	0.0	0.0	[0.0..0.0]	[0.8..0.8]	[1.0..1.0]	[818640.7..818640.7]	[0.674..0.674]	[0.0..0.11]	[1.0..1.0]	[818640.7..818640.7]	[0.674..0.674]	[0.0..0.113]	0.8967037	[734078.1..734078.1]
Group-1	PS 34:1:0	255.23	240116_PS_FTMSMS-_4.mzXML	30.0	1833065.5	0.0	0.0	[0.0..0.0]	[1.0..1.0]	[1.0..1.0]	[1833065.5..1833065.5]	[0.702..0.702]	[0.0..0.11]	[1.0..1.0]	[1833065.5..1833065.5]	[0.702..0.702]	[0.0..0.113]	0.8967037	[1643716.6..1643716.6]
Group-1	PS 34:1:0	255.23	240116_PS_FTMSMS-_4.mzXML	35.0	2093893.4	0.0	0.0	[0.0..0.0]	[0.8..1.0]	[1.0..1.0]	[2093893.4..2093893.4]	[0.722..0.723]	[0.0..0.11]	[1.0..1.0]	[2093893.4..2093893.4]	[0.722..0.722]	[0.0..0.113]	0.8967037	[1877602.0..1877602.0]
Group-1	PS 34:1:0	281.25	240116_PS_FTMSMS-_4.mzXML	25.0	440460.6	0.0	0.0	[9.0..9.0]	[0.2..0.2]	[0.9..0.9]	[396414.53..396414.53]	[0.326..0.326]	[0.89..1.0]	[0.9..0.9]	[396414.53..396414.53]	[0.326..0.326]	[0.887..1.0]	0.8967037	[355466.38..355466.38]
Group-1	PS 34:1:0	281.25	240116_PS_FTMSMS-_4.mzXML	30.0	846596.8	0.0	0.0	[9.0..9.0]	[0.0..0.0]	[0.919..0.919]	[778022.5..778022.5]	[0.298..0.298]	[0.89..1.0]	[0.919..0.919]	[778022.5..778022.5]	[0.298..0.298]	[0.887..1.0]	0.8967037	[697655.6..697655.6]
Group-1	PS 34:1:0	281.25	240116_PS_FTMSMS-_4.mzXML	35.0	866687.0	0.0	0.0	[9.0..9.0]	[0.0..0.2]	[0.926..0.932]	[802552.2..807752.25]	[0.277..0.278]	[0.89..1.0]	[0.931..0.932]	[806885.56..807752.25]	[0.278..0.278]	[0.887..1.0]	0.8967037	[719651.5..724314.44]
Group-1	PS 34:1:0	283.26	240116_PS_FTMSMS-_4.mzXML	25.0	275301.0	0.0	0.0	[0.0..0.0]	[0.0..1.0]	[0.986..1.005]	[271446.78..276677.5]	[0.747..0.747]	[0.0..0.0]	[0.986..0.986]	[271446.78..271446.78]	[0.744..0.744]	[0.0..0.0]	0.8967037	[243407.34..248097.75]
Group-1	PS 34:1:0	283.26	240116_PS_FTMSMS-_4.mzXML	30.0	625709.6	0.0	0.0	[0.0..0.0]	[0.0..1.0]	[0.968..0.978]	[605686.94..611944.0]	[0.759..0.761]	[0.0..0.0]	[0.968..0.968]	[605686.94..605686.94]	[0.757..0.757]	[0.0..0.0]	0.8967037	[543121.7..548732.44]
Group-1	PS 34:1:0	283.26	240116_PS_FTMSMS-_4.mzXML	35.0	683249.2	0.0	0.0	[0.0..0.0]	[0.0..1.0]	[0.961..0.963]	[656602.5..657968.94]	[0.759..0.766]	[0.0..0.0]	[0.961..0.961]	[656602.5..656602.5]	[0.758..0.758]	[0.0..0.0]	0.8967037	[588777.9..590003.2]
Group-1	PS 34:2:0	251.2	240116_PS_FTMSMS-_4.mzXML	25.0	879.8	0.0	0.0	[9.0..9.0]	[0.0..1.0]	[0.903..0.923]	[794.459..812.055]	[0.017..0.017]	[1.0..1.0]	[0.923..0.923]	[812.05536..812.05536]	[0.017..0.017]	[1.0..1.0]	0.8987426	[714.0145..729.8288]
Group-1	PS 34:2:0	251.2	240116_PS_FTMSMS-_4.mzXML	30.0	1484.2	0.0	0.0	[9.0..9.0]	[0.0..1.0]	[0.962..0.975]	[1427.8..1447.095]	[0.027..0.027]	[1.0..1.0]	[0.975..0.975]	[1447.095..1447.095]	[0.027..0.027]	[1.0..1.0]	0.8987426	[1283.225..1300.5659]
Group-1	PS 34:2:0	251.2	240116_PS_FTMSMS-_4.mzXML	35.0	1390.7	0.0	0.0	[9.0..9.0]	[0.0..1.0]	[1.016..1.049]	[1412.951..1458.844]	[0.025..0.026]	[1.0..1.0]	[1.049..1.049]	[1458.8442..1458.8442]	[0.026..0.026]	[1.0..1.0]	0.8987426	[1269.8795..1311.1256]
Group-1	PS 34:2:0	253.22	240116_PS_FTMSMS-_4.mzXML	25.0	18940.9	0.0	0.0	[9.0..9.0]	[1.0..1.0]	[0.938..0.938]	[17766.564..17766.564]	[0.338..0.338]	[0.86..0.95]	[0.938..0.938]	[17766.564..17766.564]	[0.338..0.338]	[0.86..0.945]	0.8987426	[15967.569..15967.569]
Group-1	PS 34:2:0	253.22	240116_PS_FTMSMS-_4.mzXML	30.0	34487.6	0.0	0.0	[9.0..9.0]	[1.0..1.0]	[0.953..0.953]	[32866.684..32866.684]	[0.312..0.312]	[0.86..0.95]	[0.953..0.953]	[32866.684..32866.684]	[0.312..0.312]	[0.86..0.945]	0.8987426	[29538.69..29538.69]
Group-1	PS 34:2:0	253.22	240116_PS_FTMSMS-_4.mzXML	35.0	40189.3	0.0	0.0	[9.0..9.0]	[1.0..1.0]	[0.96..0.96]	[38581.727..38581.727]	[0.305..0.305]	[0.86..0.95]	[0.96..0.96]	[38581.727..38581.727]	[0.305..0.305]	[0.86..0.945]	0.8987426	[34675.043..34675.043]
Group-1	PS 34:2:0	255.23	240116_PS_FTMSMS-_4.mzXML	25.0	15328.3	0.0	0.0	[0.0..0.0]	[1.0..1.0]	[1.0..1.0]	[15328.3..15328.3]	[0.725..0.725]	[0.0..0.0]	[1.0..1.0]	[15328.3..15328.3]	[0.725..0.725]	[0.0..0.0]	0.8987426	[13776.196..13776.196]
Group-1	PS 34:2:0	255.23	240116_PS_FTMSMS-_4.mzXML	30.0	31537.3	0.0	0.0	[0.0..0.0]	[1.0..1.0]	[1.0..1.0]	[31537.3..31537.3]	[0.755..0.755]	[0.0..0.0]	[1.0..1.0]	[31537.3..31537.3]	[0.755..0.755]	[0.0..0.0]	0.8987426	[28343.916..28343.916]
Group-1	PS 34:2:0	255.23	240116_PS_FTMSMS-_4.mzXML	35.0	38400.7	0.0	0.0	[0.0..0.0]	[1.0..1.0]	[1.0..1.0]	[38400.7..38400.7]	[0.753..0.753]	[0.0..0.0]	[1.0..1.0]	[38400.7..38400.7]	[0.753..0.753]	[0.0..0.0]	0.8987426	[34512.344..34512.344]
Group-1	PS 34:2:0	279.23	240116_PS_FTMSMS-_4.mzXML	25.0	6623.0	0.0	0.0	[9.0..9.0]	[0.0..0.0]	[0.878..0.878]	[5814.994..5814.994]	[0.275..0.275]	[1.0..1.0]	[0.878..0.878]	[5814.994..5814.994]	[0.275..0.275]	[1.0..1.0]	0.8987426	[5226.183..5226.183]
Group-1	PS 34:2:0	279.23	240116_PS_FTMSMS-_4.mzXML	30.0	11111.2	0.0	0.0	[9.0..9.0]	[0.0..0.0]	[0.923..0.923]	[10255.638..10255.638]	[0.245..0.245]	[1.0..1.0]	[0.923..0.923]	[10255.638..10255.638]	[0.245..0.245]	[1.0..1.0]	0.8987426	[9217.179..9217.179]
Group-1	PS 34:2:0	279.23	240116_PS_FTMSMS-_4.mzXML	35.0	12968.9	0.0	0.0	[9.0..9.0]	[0.0..0.0]	[0.972..0.972]	[12605.771..12605.771]	[0.247..0.247]	[1.0..1.0]	[0.972..0.972]	[12605.771..12605.771]	[0.247..0.247]	[1.0..1.0]	0.8987426	[11329.344..11329.344]
Group-1	PS 34:2:0	281.25	240116_PS_FTMSMS-_4.mzXML	25.0	38944.8	0.0	0.0	[9.0..9.0]	[0.0..0.0]	[0.893..0.893]	[34777.707..34777.707]	[0.662..0.662]	[0.05..0.14]	[0.893..0.893]	[34777.707..34777.707]	[0.662..0.662]	[0.055..0.14]	0.8987426	[31256.207..31256.207]
Group-1	PS 34:2:0	281.25	240116_PS_FTMSMS-_4.mzXML	30.0	78773.9	0.0	0.0	[9.0..9.0]	[0.0..0.0]	[0.919..0.919]	[72393.22..72393.22]	[0.688..0.688]	[0.05..0.14]	[0.919..0.919]	[72393.22..72393.22]	[0.688..0.688]	[0.055..0.14]	0.8987426	[65062.867..65062.867]
Group-1	PS 34:2:0	281.25	240116_PS_FTMSMS-_4.mzXML	35.0	94382.9	0.0	0.0	[9.0..9.0]	[0.0..0.0]	[0.932..0.932]	[87964.86..87964.86]	[0.695..0.695]	[0.05..0.14]	[0.932..0.932]	[87964.86..87964.86]	[0.695..0.695]	[0.055..0.14]	0.8987426	[79057.766..79057.766]
Group-1	PS 34:2:0	283.26	240116_PS_FTMSMS-_4.mzXML	25.0	47903.9	0.0	0.0	[0.0..0.0]	[0.0..1.0]	[0.986..1.005]	[47233.242..48143.414]	[0.983..0.983]	[0.0..0.0]	[0.986..0.986]	[47233.242..47233.242]	[0.983..0.983]	[0.0..0.0]	0.8987426	[42450.527..43268.54]
Group-1	PS 34:2:0	283.26	240116_PS_FTMSMS-_4.mzXML	30.0	54180.9	0.0	0.0	[0.0..0.0]	[0.0..1.0]	[0.968..0.978]	[52447.11..52988.914]	[0.973..0.973]	[0.0..0.0]	[0.968..0.968]	[52447.11..52447.11]	[0.973..0.973]	[0.0..0.0]	0.8987426	[47136.453..47623.4]
Group-1	PS 34:2:0	283.26	240116_PS_FTMSMS-_4.mzXML	35.0	57114.5	0.0	0.0	[0.0..0.0]	[0.0..1.0]	[0.961..0.963]	[54887.035..55001.26]	[0.974..0.975]	[0.0..0.0]	[0.961..0.961]	[54887.035..54887.035]	[0.974..0.974]	[0.0..0.0]	0.8987426	[49329.316..49431.98]
Group-1	PS 35:0:0	269.25	240116_PS_FTMSMS-_4.mzXML	25.0	1051.7	0.0	0.0	[0.0..0.0]	[0.0..1.0]	[0.99..1.001]	[1041.183..1052.752]	[0.102..0.103]	[1.0..1.0]	[1.001..1.001]	[1052.7517..1052.7517]	[0.104..0.104]	[1.0..1.0]	0.88078475	[917.0581..927.2477]
Group-1	PS 35:0:0	269.25	240116_PS_FTMSMS-_4.mzXML	30.0	1532.7	0.0	0.0	[0.0..0.0]	[0.0..1.0]	[0.981..0.988]	[1503.579..1514.308]	[0.083..0.083]	[1.0..1.0]	[0.988..0.988]	[1514.3075..1514.3075]	[0.083..0.083]	[1.0..1.0]	0.88078475	[1324.3292..1333.7789]
Group-1	PS 35:0:0	269.25	240116_PS_FTMSMS-_4.mzXML	35.0	3782.2	0.0	0.0	[0.0..0.0]	[0.0..1.0]	[0.979..0.98]	[3702.774..3706.556]	[0.143..0.143]	[1.0..1.0]	[0.98..0.98]	[3706.556..3706.556]	[0.144..0.144]	[1.0..1.0]	0.88078475	[3261.3464..3264.678]
Group-1	PS 35:0:0	283.26	240116_PS_FTMSMS-_4.mzXML	25.0	9180.3	0.0	0.0	[0.0..0.0]	[0.0..1.0]	[0.986..1.005]	[9051.775..9226.201]	[0.897..0.898]	[0.0..0.0]	[0.986..0.986]	[9051.775..9051.775]	[0.896..0.896]	[0.0..0.0]	0.88078475	[7972.666..8126.2974]
Group-1	PS 35:0:0	283.26	240116_PS_FTMSMS-_4.mzXML	30.0	17187.5	0.0	0.0	[0.0..0.0]	[0.0..1.0]	[0.968..0.978]	[16637.5..16809.377]	[0.917..0.917]	[0.0..0.0]	[0.968..0.968]	[16637.5..16637.5]	[0.917..0.917]	[0.0..0.0]	0.88078475	[14654.057..14805.441]
Group-1	PS 35:0:0	283.26	240116_PS_FTMSMS-_4.mzXML	35.0	23013.5	0.0	0.0	[0.0..0.0]	[0.0..1.0]	[0.961..0.963]	[22115.975..22162.0]	[0.857..0.857]	[0.0..0.0]	[0.961..0.961]	[22115.975..22115.975]	[0.856..0.856]	[0.0..0.0]	0.88078475	[19479.412..19519.951]
Group-1	PS 35:1:0	267.23	240116_PS_FTMSMS-_4.mzXML	25.0	47092.9	0.0	0.0	[9.0..9.0]	[0.0..1.0]	[0.905..0.932]	[42619.07..43890.586]	[0.285..0.288]	[0.98..1.0]	[0.931..0.932]	[43843.49..43890.582]	[0.291..0.291]	[0.978..1.0]	0.8827558	[37622.234..38744.668]
Group-1	PS 35:1:0	267.23	240116_PS_FTMSMS-_4.mzXML	30.0	80830.1	0.0	0.0	[9.0..9.0]	[0.0..1.0]	[0.932..0.944]	[75333.66..76303.62]	[0.244..0.244]	[0.98..1.0]	[0.944..0.944]	[76303.62..76303.62]	[0.246..0.246]	[0.978..1.0]	0.8827558	[66501.22..67357.46]
Group-1	PS 35:1:0	267.23	240116_PS_FTMSMS-_4.mzXML	35.0	90027.4	0.0	0.0	[9.0..9.0]	[0.0..1.0]	[0.931..0.966]	[83815.51..86966.47]	[0.236..0.243]	[0.98..1.0]	[0.965..0.966]	[86876.44..86966.47]	[0.243..0.243]	[0.978..1.0]	0.8827558	[73988.625..76770.16]
Group-1	PS 35:1:0	269.25	240116_PS_FTMSMS-_4.mzXML	25.0	237501.3	0.0	0.0	[0.0..0.0]	[0.8..0.8]	[0.999..0.999]	[237263.8..237263.8]	[0.691..0.691]	[0.0..0.07]	[0.999..0.999]	[237263.8..237263.8]	[0.691..0.691]	[0.0..0.075]	0.8827558	[209446.0..209446.0]
Group-1	PS 35:1:0	269.25	240116_PS_FTMSMS-_4.mzXML	30.0	545000.4	0.0	0.0	[0.0..0.0]	[0.9..0.9]	[0.987..0.987]	[537915.4..537915.4]	[0.731..0.731]	[0.0..0.07]	[0.987..0.987]	[537915.4..537915.4]	[0.731..0.731]	[0.0..0.075]	0.8827558	[474847.9..474847.9]
Group-1	PS 35:1:0	269.25	240116_PS_FTMSMS-_4.mzXML	35.0	634756.4	0.0	0.0	[0.0..0.0]	[0.8..0.9]	[0.98..0.98]	[622061.25..622061.25]	[0.743..0.744]	[0.0..0.07]	[0.98..0.98]	[622061.25..622061.25]	[0.743..0.743]	[0.0..0.075]	0.8827558	[549128.2..549128.2]
Group-1	PS 35:1:0	281.25	240116_PS_FTMSMS-_4.mzXML	25.0	117955.9	0.0	0.0	[9.0..9.0]	[0.2..0.2]	[0.9..0.9]	[106160.305..106160.305]	[0.309..0.309]	[0.93..1.0]	[0.9..0.9]	[106160.305..106160.305]	[0.309..0.309]	[0.925..1.0]	0.8827558	[93713.63..93713.63]
Group-1	PS 35:1:0	281.25	240116_PS_FTMSMS-_4.mzXML	30.0	215233.7	0.0	0.0	[9.0..9.0]	[0.1..0.1]	[0.919..0.919]	[197799.78..197799.78]	[0.269..0.269]	[0.93..1.0]	[0.919..0.919]	[197799.78..197799.78]	[0.269..0.269]	[0.925..1.0]	0.8827558	[174608.9..174608.9]
Group-1	PS 35:1:0	281.25	240116_PS_FTMSMS-_4.mzXML	35.0	231100.2	0.0	0.0	[9.0..9.0]	[0.1..0.2]	[0.926..0.929]	[213998.78..214692.1]	[0.256..0.257]	[0.93..1.0]	[0.929..0.929]	[214692.1..214692.1]	[0.257..0.257]	[0.925..1.0]	0.8827558	[188908.67..189520.69]
Group-1	PS 35:1:0	283.26	240116_PS_FTMSMS-_4.mzXML	25.0	108198.9	0.0	0.0	[0.0..0.0]	[0.0..1.0]	[0.986..1.005]	[106684.12..108739.89]	[0.712..0.715]	[0.0..0.02]	[0.986..0.986]	[106684.12..106684.12]	[0.709..0.709]	[0.0..0.022]	0.8827558	[94176.016..95990.766]
Group-1	PS 35:1:0	283.26	240116_PS_FTMSMS-_4.mzXML	30.0	241368.2	0.0	0.0	[0.0..0.0]	[0.0..1.0]	[0.968..0.978]	[233644.42..236058.1]	[0.756..0.756]	[0.0..0.02]	[0.968..0.968]	[233644.42..233644.42]	[0.754..0.754]	[0.0..0.022]	0.8827558	[206250.97..208381.66]
Group-1	PS 35:1:0	283.26	240116_PS_FTMSMS-_4.mzXML	35.0	281767.9	0.0	0.0	[0.0..0.0]	[0.0..1.0]	[0.961..0.963]	[270778.97..271342.5]	[0.757..0.764]	[0.0..0.02]	[0.961..0.961]	[270778.97..270778.97]	[0.757..0.757]	[0.0..0.022]	0.8827558	[239031.72..239529.17]
Group-1	PS 36:1:0	281.25	240116_PS_FTMSMS-_4.mzXML	25.0	1.7069542E7	0.0	0.0	[9.0..9.0]	[0.0..1.0]	[0.893..0.928]	[1.5243101E7..1.5840535E7]	[0.298..0.302]	[0.95..1.0]	[0.926..0.928]	[1.5806396E7..1.5840535E7]	[0.306..0.306]	[0.95..1.0]	0.86926925	[1.3250359E7..1.376969E7]
Group-1	PS 36:1:0	281.25	240116_PS_FTMSMS-_4.mzXML	30.0	2.5419206E7	0.0	0.0	[9.0..9.0]	[0.0..1.0]	[0.914..0.919]	[2.3233154E7..2.3360252E7]	[0.252..0.252]	[0.95..1.0]	[0.919..0.919]	[2.3360252E7..2.3360252E7]	[0.253..0.253]	[0.95..1.0]	0.86926925	[2.0195866E7..2.0306348E7]
Group-1	PS 36:1:0	281.25	240116_PS_FTMSMS-_4.mzXML	35.0	3.3209098E7	0.0	0.0	[9.0..9.0]	[0.0..1.0]	[0.904..0.932]	[3.0021024E7..3.0950878E7]	[0.241..0.246]	[0.95..1.0]	[0.931..0.932]	[3.091767E7..3.0950878E7]	[0.246..0.247]	[0.95..1.0]	0.86926925	[2.6096354E7..2.6904648E7]
Group-1	PS 36:1:0	283.26	240116_PS_FTMSMS-_4.mzXML	25.0	3.6388344E7	0.0	0.0	[0.0..0.0]	[0.0..1.0]	[0.986..1.005]	[3.5878908E7..3.6570284E7]	[0.698..0.702]	[0.0..0.05]	[0.986..0.987]	[3.5878908E7..3.5915296E7]	[0.694..0.694]	[0.0..0.05]	0.86926925	[3.118843E7..3.1789424E7]
Group-1	PS 36:1:0	283.26	240116_PS_FTMSMS-_4.mzXML	30.0	7.1067792E7	0.0	0.0	[0.0..0.0]	[0.0..1.0]	[0.968..0.978]	[6.8793624E7..6.9504296E7]	[0.748..0.748]	[0.0..0.05]	[0.968..0.969]	[6.8793624E7..6.8864688E7]	[0.747..0.747]	[0.0..0.05]	0.86926925	[5.9800184E7..6.0417952E7]
Group-1	PS 36:1:0	283.26	240116_PS_FTMSMS-_4.mzXML	35.0	9.8356192E7	0.0	0.0	[0.0..0.0]	[0.0..1.0]	[0.961..0.963]	[9.4520304E7..9.4717016E7]	[0.754..0.759]	[0.0..0.05]	[0.961..0.961]	[9.4520304E7..9.4520304E7]	[0.753..0.754]	[0.0..0.05]	0.86926925	[8.2163592E7..8.2334592E7]
Group-1	PS 36:2:0	279.23	240116_PS_FTMSMS-_4.mzXML	25.0	160862.2	0.0	0.0	[9.0..9.0]	[0.0..1.0]	[0.878..0.909]	[141237.02..146223.73]	[0.277..0.28]	[1.0..1.0]	[0.909..0.909]	[146223.73..146223.73]	[0.284..0.284]	[0.996..1.0]	0.8711848	[123043.54..127387.9]
Group-1	PS 36:2:0	279.23	240116_PS_FTMSMS-_4.mzXML	30.0	305801.6	0.0	0.0	[9.0..9.0]	[0.0..1.0]	[0.919..0.923]	[281031.7..282254.88]	[0.262..0.263]	[1.0..1.0]	[0.923..0.923]	[282254.88..282254.88]	[0.264..0.264]	[0.996..1.0]	0.8711848	[244830.55..245896.17]
Group-1	PS 36:2:0	279.23	240116_PS_FTMSMS-_4.mzXML	35.0	228164.5	0.0	0.0	[9.0..9.0]	[0.0..1.0]	[0.95..0.972]	[216756.27..221775.89]	[0.191..0.195]	[1.0..1.0]	[0.972..0.972]	[221775.89..221775.89]	[0.195..0.195]	[0.996..1.0]	0.8711848	[188834.78..193207.8]
Group-1	PS 36:2:0	281.25	240116_PS_FTMSMS-_4.mzXML	25.0	6379702.5	0.0	0.0	[9.0..9.0]	[0.5..0.5]	[0.947..0.947]	[6041578.5..6041578.5]	[0.5..0.5]	[0.5..0.5]	[0.947..0.947]	[6041578.5..6041578.5]	[0.5..0.5]	[0.5..0.5]	0.8711848	[5263331.5..5263331.5]
Group-1	PS 36:2:0	281.25	240116_PS_FTMSMS-_4.mzXML	30.0	1.3504682E7	0.0	0.0	[9.0..9.0]	[0.5..0.5]	[0.913..0.913]	[1.2329774E7..1.2329774E7]	[0.5..0.5]	[0.5..0.5]	[0.913..0.913]	[1.2329774E7..1.2329774E7]	[0.5..0.5]	[0.5..0.5]	0.8711848	[1.0741512E7..1.0741512E7]
Group-1	PS 36:2:0	281.25	240116_PS_FTMSMS-_4.mzXML	35.0	1.4563932E7	0.0	0.0	[9.0..9.0]	[0.5..0.5]	[0.887..0.887]	[1.2918209E7..1.2918209E7]	[0.5..0.5]	[0.5..0.5]	[0.887..0.887]	[1.2918208E7..1.2918208E7]	[0.5..0.5]	[0.5..0.5]	0.8711848	[1.1254147E7..1.1254147E7]
Group-1	PS 36:2:0	283.26	240116_PS_FTMSMS-_4.mzXML	25.0	374106.0	0.0	0.0	[0.0..0.0]	[0.0..1.0]	[0.986..1.005]	[368868.53..375976.53]	[0.72..0.723]	[0.0..0.0]	[0.986..0.986]	[368868.53..368868.53]	[0.716..0.716]	[0.0..0.004]	0.8711848	[321352.66..327545.03]
Group-1	PS 36:2:0	283.26	240116_PS_FTMSMS-_4.mzXML	30.0	814469.3	0.0	0.0	[0.0..0.0]	[0.0..1.0]	[0.968..0.978]	[788406.3..796551.0]	[0.737..0.738]	[0.0..0.0]	[0.968..0.968]	[788406.3..788406.3]	[0.736..0.736]	[0.0..0.004]	0.8711848	[686847.6..693943.1]
Group-1	PS 36:2:0	283.26	240116_PS_FTMSMS-_4.mzXML	35.0	952453.4	0.0	0.0	[0.0..0.0]	[0.0..1.0]	[0.961..0.963]	[915307.7..917212.6]	[0.805..0.809]	[0.0..0.0]	[0.961..0.961]	[915307.7..915307.7]	[0.805..0.805]	[0.0..0.004]	0.8711848	[797402.2..799061.7]
Group-1	PS 36:3:0	253.22	240116_PS_FTMSMS-_4.mzXML	25.0	814.3	0.0	0.0	[9.0..9.0]	[1.0..1.0]	[0.938..0.938]	[763.813..763.813]	[0.496..0.496]	[0.51..0.91]	[0.938..0.938]	[763.8134..763.8134]	[0.496..0.496]	[0.509..0.909]	0.8731096	[666.8928..666.8928]
Group-1	PS 36:3:0	253.22	240116_PS_FTMSMS-_4.mzXML	30.0	1126.5	0.0	0.0	[9.0..9.0]	[1.0..1.0]	[0.953..0.953]	[1073.555..1073.555]	[0.375..0.375]	[0.51..0.91]	[0.953..0.953]	[1073.5546..1073.5546]	[0.375..0.375]	[0.509..0.909]	0.8731096	[937.3307..937.3307]
Group-1	PS 36:3:0	253.22	240116_PS_FTMSMS-_4.mzXML	35.0	1039.2	0.0	0.0	[9.0..9.0]	[1.0..1.0]	[0.96..0.96]	[997.632..997.632]	[0.321..0.321]	[0.51..0.91]	[0.96..0.96]	[997.63196..997.63196]	[0.321..0.321]	[0.509..0.909]	0.8731096	[871.042..871.042]
Group-1	PS 36:3:0	255.23	240116_PS_FTMSMS-_4.mzXML	25.0	12824.1	0.0	0.0	[0.0..0.0]	[0.5..1.0]	[1.0..1.0]	[12824.1..12824.1]	[0.63..0.726]	[0.0..0.0]	[1.0..1.0]	[12824.1..12824.1]	[0.717..0.719]	[0.0..0.0]	0.8731096	[11196.844..11196.844]
Group-1	PS 36:3:0	255.23	240116_PS_FTMSMS-_4.mzXML	30.0	25511.7	0.0	0.0	[0.0..0.0]	[0.0..1.0]	[1.0..1.0]	[25511.7..25511.7]	[0.748..0.769]	[0.0..0.0]	[1.0..1.0]	[25511.7..25511.7]	[0.748..0.769]	[0.0..0.0]	0.8731096	[22274.51..22274.51]
Group-1	PS 36:3:0	255.23	240116_PS_FTMSMS-_4.mzXML	35.0	32938.0	0.0	0.0	[0.0..0.0]	[0.0..1.0]	[1.0..1.0]	[32938.0..32938.0]	[0.752..0.795]	[0.0..0.0]	[1.0..1.0]	[32938.0..32938.0]	[0.752..0.798]	[0.0..0.0]	0.8731096	[28758.482..28758.482]
Group-1	PS 36:3:0	277.22	240116_PS_FTMSMS-_4.mzXML	25.0	3013.5	0.0	0.0	[6.0..9.0]	[0.0..1.0]	[0.923..0.953]	[2781.461..2871.866]	[0.198..0.2]	[1.0..1.0]	[0.951..0.953]	[2865.8384..2871.8655]	[0.203..0.204]	[1.0..1.0]	0.8731096	[2428.5198..2507.4534]
Group-1	PS 36:3:0	277.22	240116_PS_FTMSMS-_4.mzXML	30.0	4252.6	0.0	0.0	[6.0..9.0]	[0.0..1.0]	[1.023..1.093]	[4350.41..4648.093]	[0.162..0.17]	[1.0..1.0]	[1.017..1.093]	[4324.894..4648.0923]	[0.161..0.171]	[1.0..1.0]	0.8731096	[3798.3845..4058.2937]
Group-1	PS 36:3:0	277.22	240116_PS_FTMSMS-_4.mzXML	35.0	4383.1	0.0	0.0	[6.0..9.0]	[0.0..1.0]	[1.165..1.332]	[5106.312..5838.29]	[0.152..0.169]	[1.0..1.0]	[1.141..1.332]	[5001.117..5838.2896]	[0.149..0.17]	[1.0..1.0]	0.8731096	[4458.3696..5097.4663]
Group-1	PS 36:3:0	279.23	240116_PS_FTMSMS-_4.mzXML	25.0	65697.9	0.0	0.0	[9.0..9.0]	[1.0..1.0]	[0.909..0.909]	[59719.387..59719.387]	[0.46..0.46]	[0.58..0.6]	[0.909..0.909]	[59719.387..59719.387]	[0.46..0.46]	[0.578..0.596]	0.8731096	[52141.57..52141.57]
Group-1	PS 36:3:0	279.23	240116_PS_FTMSMS-_4.mzXML	30.0	123559.0	0.0	0.0	[9.0..9.0]	[1.0..1.0]	[0.919..0.919]	[113550.73..113550.73]	[0.466..0.466]	[0.58..0.6]	[0.919..0.919]	[113550.73..113550.73]	[0.466..0.466]	[0.578..0.596]	0.8731096	[99142.23..99142.23]
Group-1	PS 36:3:0	279.23	240116_PS_FTMSMS-_4.mzXML	35.0	140616.5	0.0	0.0	[9.0..9.0]	[1.0..1.0]	[0.95..0.95]	[133585.67..133585.67]	[0.458..0.458]	[0.58..0.6]	[0.95..0.95]	[133585.67..133585.67]	[0.458..0.458]	[0.578..0.596]	0.8731096	[116634.93..116634.93]
Group-1	PS 36:3:0	281.25	240116_PS_FTMSMS-_4.mzXML	25.0	78356.2	0.0	0.0	[9.0..9.0]	[0.0..0.0]	[0.893..0.893]	[69972.09..69972.09]	[0.54..0.54]	[0.4..0.42]	[0.893..0.893]	[69972.09..69972.09]	[0.54..0.54]	[0.404..0.422]	0.8731096	[61093.305..61093.305]
Group-1	PS 36:3:0	281.25	240116_PS_FTMSMS-_4.mzXML	30.0	141329.8	0.0	0.0	[9.0..9.0]	[0.0..0.0]	[0.919..0.919]	[129882.086..129882.086]	[0.534..0.534]	[0.4..0.42]	[0.919..0.919]	[129882.086..129882.086]	[0.534..0.534]	[0.404..0.422]	0.8731096	[113401.3..113401.3]
Group-1	PS 36:3:0	281.25	240116_PS_FTMSMS-_4.mzXML	35.0	169295.6	0.0	0.0	[9.0..9.0]	[0.0..0.0]	[0.932..0.932]	[157783.48..157783.48]	[0.542..0.542]	[0.4..0.42]	[0.932..0.932]	[157783.48..157783.48]	[0.542..0.542]	[0.404..0.422]	0.8731096	[137762.28..137762.28]
Group-1	PS 36:3:0	283.26	240116_PS_FTMSMS-_4.mzXML	25.0	11395.3	0.0	0.0	[0.0..0.0]	[0.0..1.0]	[0.986..1.005]	[11235.766..11452.276]	[0.8..0.802]	[0.0..0.0]	[0.986..0.986]	[11235.766..11235.766]	[0.796..0.797]	[0.0..0.0]	0.8731096	[9810.055..9999.093]
Group-1	PS 36:3:0	283.26	240116_PS_FTMSMS-_4.mzXML	30.0	23252.5	0.0	0.0	[0.0..0.0]	[0.0..1.0]	[0.968..0.978]	[22508.42..22740.945]	[0.83..0.838]	[0.0..0.0]	[0.968..0.968]	[22508.42..22508.42]	[0.829..0.839]	[0.0..0.0]	0.8731096	[19652.316..19855.336]
Group-1	PS 36:3:0	283.26	240116_PS_FTMSMS-_4.mzXML	35.0	29725.8	0.0	0.0	[0.0..0.0]	[0.0..1.0]	[0.961..0.963]	[28566.496..28625.945]	[0.831..0.848]	[0.0..0.0]	[0.961..0.961]	[28566.496..28566.496]	[0.83..0.851]	[0.0..0.0]	0.8731096	[24941.68..24993.588]
Group-1	PS 36:3:0	305.25	240116_PS_FTMSMS-_4.mzXML	25.0	5330.8	0.0	0.0	[5.0..11.0]	[0.0..0.5]	[0.909..1.413]	[4845.697..7532.42]	[0.274..0.37]	[1.0..1.0]	[0.94..0.95]	[5010.9517..5064.26]	[0.281..0.283]	[1.0..1.0]	0.8731096	[4230.8247..6576.6284]
Group-1	PS 36:3:0	305.25	240116_PS_FTMSMS-_4.mzXML	30.0	8012.5	0.0	0.0	[5.0..11.0]	[0.0..1.0]	[0.959..1.075]	[7683.988..8613.438]	[0.231..0.252]	[1.0..1.0]	[0.957..1.075]	[7667.9624..8613.4375]	[0.231..0.252]	[1.0..1.0]	0.8731096	[6708.963..7520.475]
Group-1	PS 36:3:0	305.25	240116_PS_FTMSMS-_4.mzXML	35.0	8232.2	0.0	0.0	[5.0..11.0]	[0.0..1.0]	[1.031..1.322]	[8487.398..10882.969]	[0.205..0.248]	[1.0..1.0]	[1.014..1.322]	[8347.451..10882.969]	[0.202..0.248]	[1.0..1.0]	0.8731096	[7410.4287..9502.024]
Group-1	PS 36:3:0	307.26	240116_PS_FTMSMS-_4.mzXML	25.0	878.0	0.0	0.0	[11.0..11.0]	[0.0..0.0]	[0.883..0.883]	[775.274..775.274]	[0.504..0.504]	[0.09..0.49]	[0.883..0.883]	[775.274..775.274]	[0.504..0.504]	[0.091..0.491]	0.8731096	[676.8992..676.8992]
Group-1	PS 36:3:0	307.26	240116_PS_FTMSMS-_4.mzXML	30.0	2015.2	0.0	0.0	[11.0..11.0]	[0.0..0.0]	[0.888..0.888]	[1789.498..1789.498]	[0.625..0.625]	[0.09..0.49]	[0.888..0.888]	[1789.4976..1789.4976]	[0.625..0.625]	[0.091..0.491]	0.8731096	[1562.4275..1562.4275]
Group-1	PS 36:3:0	307.26	240116_PS_FTMSMS-_4.mzXML	35.0	2351.6	0.0	0.0	[11.0..11.0]	[0.0..0.0]	[0.897..0.897]	[2109.385..2109.385]	[0.679..0.679]	[0.09..0.49]	[0.897..0.897]	[2109.3853..2109.3853]	[0.679..0.679]	[0.091..0.491]	0.8731096	[1841.7245..1841.7245]
Group-1	PS 36:4:0	253.22	240116_PS_FTMSMS-_4.mzXML	25.0	4725.7	0.0	0.0	[9.0..9.0]	[0.100000024..1.0]	[0.921..0.938]	[4352.37..4432.707]	[0.864..0.885]	[0.0..0.0]	[0.921..0.921]	[4352.37..4352.37]	[0.881..0.882]	[0.0..0.0]	0.875034	[3808.4717..3878.7693]
Group-1	PS 36:4:0	253.22	240116_PS_FTMSMS-_4.mzXML	30.0	12797.7	0.0	0.0	[9.0..9.0]	[1.0..1.0]	[0.953..0.953]	[12196.208..12196.208]	[0.93..0.937]	[0.0..0.0]	[0.953..0.953]	[12196.208..12196.208]	[0.93..0.938]	[0.0..0.0]	0.875034	[10672.097..10672.097]
Group-1	PS 36:4:0	253.22	240116_PS_FTMSMS-_4.mzXML	35.0	17457.8	0.0	0.0	[9.0..9.0]	[0.100000024..1.0]	[0.96..1.0]	[16759.488..17457.8]	[0.935..0.948]	[0.0..0.0]	[0.96..0.96]	[16759.488..16759.488]	[0.934..0.949]	[0.0..0.0]	0.875034	[14665.122..15276.169]
Group-1	PS 36:4:0	255.23	240116_PS_FTMSMS-_4.mzXML	25.0	71797.5	0.0	0.0	[0.0..0.0]	[0.19999999..1.0]	[1.0..1.0]	[71797.51..71797.51]	[0.791..0.842]	[0.0..0.0]	[1.0..1.0]	[71797.5..71797.5]	[0.833..0.838]	[0.0..0.0]	0.875034	[62825.25..62825.25]
Group-1	PS 36:4:0	255.23	240116_PS_FTMSMS-_4.mzXML	30.0	183294.8	0.0	0.0	[0.0..0.0]	[0.19999999..1.0]	[1.0..1.0]	[183294.8..183294.8]	[0.863..0.894]	[0.0..0.0]	[1.0..1.0]	[183294.8..183294.8]	[0.879..0.895]	[0.0..0.0]	0.875034	[160389.17..160389.17]
Group-1	PS 36:4:0	255.23	240116_PS_FTMSMS-_4.mzXML	35.0	249976.9	0.0	0.0	[0.0..0.0]	[1.0..1.0]	[1.0..1.0]	[249976.9..249976.9]	[0.897..0.92]	[0.0..0.0]	[1.0..1.0]	[249976.9..249976.9]	[0.898..0.921]	[0.0..0.0]	0.875034	[218738.28..218738.28]
Group-1	PS 36:4:0	279.23	240116_PS_FTMSMS-_4.mzXML	25.0	1773.1	0.0	0.0	[9.0..9.0]	[0.5..0.5]	[0.932..0.932]	[1652.529..1652.529]	[0.5..0.5]	[0.5..0.5]	[0.932..0.932]	[1652.5292..1652.5292]	[0.5..0.5]	[0.5..0.5]	0.875034	[1446.0192..1446.0192]
Group-1	PS 36:4:0	279.23	240116_PS_FTMSMS-_4.mzXML	30.0	2647.8	0.0	0.0	[9.0..9.0]	[0.5..0.5]	[0.915..0.915]	[2422.737..2422.737]	[0.5..0.5]	[0.5..0.5]	[0.915..0.915]	[2422.737..2422.737]	[0.5..0.5]	[0.5..0.5]	0.875034	[2119.9773..2119.9773]
Group-1	PS 36:4:0	279.23	240116_PS_FTMSMS-_4.mzXML	35.0	3154.4	0.0	0.0	[9.0..9.0]	[0.5..0.5]	[0.922..0.922]	[2908.357..2908.357]	[0.5..0.5]	[0.5..0.5]	[0.922..0.922]	[2908.3567..2908.3567]	[0.5..0.5]	[0.5..0.5]	0.875034	[2544.911..2544.911]
Group-1	PS 36:4:0	303.23	240116_PS_FTMSMS-_4.mzXML	25.0	13935.5	0.0	0.0	[5.0..8.0]	[0.0..0.8]	[0.965..1.362]	[13447.757..18980.15]	[0.158..0.209]	[1.0..1.0]	[0.996..1.036]	[13879.758..14437.178]	[0.162..0.167]	[1.0..1.0]	0.875034	[11767.244..16608.277]
Group-1	PS 36:4:0	303.23	240116_PS_FTMSMS-_4.mzXML	30.0	18930.2	0.0	0.0	[5.0..8.0]	[0.0..0.8]	[1.147..1.533]	[21712.938..29019.996]	[0.106..0.137]	[1.0..1.0]	[1.142..1.33]	[21618.287..25177.166]	[0.105..0.121]	[1.0..1.0]	0.875034	[18999.559..25393.482]
Group-1	PS 36:4:0	303.23	240116_PS_FTMSMS-_4.mzXML	35.0	14826.3	0.0	0.0	[5.0..8.0]	[0.0..0.0]	[1.462..1.927]	[21676.05..28570.281]	[0.08..0.103]	[1.0..1.0]	[1.444..1.906]	[21409.178..28258.928]	[0.079..0.102]	[1.0..1.0]	0.875034	[18967.28..24999.965]
Group-1	PS 36:4:0	305.25	240116_PS_FTMSMS-_4.mzXML	25.0	620.6	0.0	0.0	[5.0..11.0]	[0.0..0.9]	[0.909..1.12]	[564.125..695.072]	[0.115..0.136]	[1.0..1.0]	[0.94..0.95]	[583.36395..589.56995]	[0.118..0.119]	[1.0..1.0]	0.875034	[493.62888..608.2116]
Group-1	PS 36:4:0	305.25	240116_PS_FTMSMS-_4.mzXML	30.0	848.3	0.0	0.0	[5.0..11.0]	[0.0..0.0]	[0.959..1.078]	[813.52..914.467]	[0.063..0.07]	[1.0..1.0]	[0.957..1.075]	[811.8231..911.92255]	[0.062..0.07]	[1.0..1.0]	0.875034	[711.85736..800.19]
Group-1	PS 36:4:0	305.25	240116_PS_FTMSMS-_4.mzXML	35.0	891.7	0.0	0.0	[5.0..11.0]	[0.0..0.9]	[1.031..1.372]	[919.343..1223.412]	[0.052..0.065]	[1.0..1.0]	[1.014..1.322]	[904.18384..1178.8274]	[0.051..0.066]	[1.0..1.0]	0.875034	[804.4561..1070.5275]
Group-1	PS 37:0:0	283.26	240116_PS_FTMSMS-_4.mzXML	25.0	32286.4	0.0	0.0	[0.0..0.0]	[0.0..1.0]	[0.986..1.005]	[31834.39..32447.832]	[1.0..1.0]	[0.0..0.0]	[0.986..0.986]	[31834.39..31834.39]	[1.0..1.0]	[0.0..0.0]	0.854385	[27198.828..27722.943]
Group-1	PS 37:0:0	283.26	240116_PS_FTMSMS-_4.mzXML	30.0	83756.0	0.0	0.0	[0.0..0.0]	[0.0..1.0]	[0.968..0.978]	[81075.805..81913.37]	[1.0..1.0]	[0.0..0.0]	[0.968..0.968]	[81075.805..81075.805]	[1.0..1.0]	[0.0..0.0]	0.854385	[69269.96..69985.555]
Group-1	PS 37:0:0	283.26	240116_PS_FTMSMS-_4.mzXML	35.0	103251.8	0.0	0.0	[0.0..0.0]	[0.0..1.0]	[0.961..0.963]	[99224.98..99431.48]	[1.0..1.0]	[0.0..0.0]	[0.961..0.961]	[99224.98..99224.98]	[1.0..1.0]	[0.0..0.0]	0.854385	[84776.336..84952.766]
Group-1	PS 37:0:0	297.28	240116_PS_FTMSMS-_4.mzXML	25.0	-1.7	0.0	-0.0	[0.0..0.0]	[0.0..1.0]	[0.986..1.012]	[-1.72..-1.676]	[-0.0..-0.0]	[1.0..1.0]	[1.012..1.012]	[-1.7204..-1.7204]	[-0.0..-0.0]	[1.0..1.0]	0.854385	[-1.4698839..-1.4321202]
Group-1	PS 37:0:0	297.28	240116_PS_FTMSMS-_4.mzXML	30.0	-1.7	0.0	-0.0	[0.0..0.0]	[0.0..1.0]	[0.958..0.97]	[-1.649..-1.629]	[-0.0..-0.0]	[1.0..1.0]	[0.97..0.97]	[-1.649..-1.649]	[-0.0..-0.0]	[1.0..1.0]	0.854385	[-1.408881..-1.3914515]
Group-1	PS 37:0:0	297.28	240116_PS_FTMSMS-_4.mzXML	35.0	-1.7	0.0	-0.0	[0.0..0.0]	[0.0..1.0]	[0.946..0.947]	[-1.61..-1.608]	[-0.0..-0.0]	[1.0..1.0]	[0.947..0.947]	[-1.6099001..-1.6099001]	[-0.0..-0.0]	[1.0..1.0]	0.854385	[-1.3754746..-1.374022]
Group-1	PS 37:1:0	269.25	240116_PS_FTMSMS-_4.mzXML	25.0	21326.2	0.0	0.0	[0.0..0.0]	[1.0..1.0]	[1.001..1.001]	[21347.527..21347.527]	[0.75..0.75]	[0.0..0.0]	[1.001..1.001]	[21347.527..21347.527]	[0.75..0.75]	[0.0..0.0]	0.8562302	[18278.398..18278.398]
Group-1	PS 37:1:0	269.25	240116_PS_FTMSMS-_4.mzXML	30.0	48297.6	0.0	0.0	[0.0..0.0]	[1.0..1.0]	[0.988..0.988]	[47718.027..47718.027]	[0.77..0.77]	[0.0..0.0]	[0.988..0.988]	[47718.027..47718.027]	[0.77..0.77]	[0.0..0.0]	0.8562302	[40857.617..40857.617]
Group-1	PS 37:1:0	269.25	240116_PS_FTMSMS-_4.mzXML	35.0	61166.3	0.0	0.0	[0.0..0.0]	[1.0..1.0]	[0.98..0.98]	[59942.977..59942.977]	[0.782..0.782]	[0.0..0.0]	[0.98..0.98]	[59942.977..59942.977]	[0.782..0.782]	[0.0..0.0]	0.8562302	[51324.984..51324.984]
Group-1	PS 37:1:0	281.25	240116_PS_FTMSMS-_4.mzXML	25.0	105306.4	0.0	0.0	[9.0..9.0]	[0.0..1.0]	[0.893..0.928]	[94038.62..97724.336]	[0.519..0.522]	[0.46..0.62]	[0.909..0.915]	[95723.516..96355.36]	[0.521..0.522]	[0.458..0.619]	0.8562302	[80518.695..83674.52]
Group-1	PS 37:1:0	281.25	240116_PS_FTMSMS-_4.mzXML	30.0	182251.4	0.0	0.0	[9.0..9.0]	[0.0..1.0]	[0.914..0.919]	[166577.78..167489.05]	[0.461..0.463]	[0.46..0.62]	[0.916..0.917]	[166942.3..167124.53]	[0.462..0.462]	[0.458..0.619]	0.8562302	[142628.92..143409.17]
Group-1	PS 37:1:0	281.25	240116_PS_FTMSMS-_4.mzXML	35.0	207733.5	0.0	0.0	[9.0..9.0]	[0.0..1.0]	[0.904..0.932]	[187791.08..193607.62]	[0.441..0.448]	[0.46..0.62]	[0.917..0.921]	[190491.62..191322.55]	[0.444..0.445]	[0.458..0.619]	0.8562302	[160792.4..165772.7]
Group-1	PS 37:1:0	283.26	240116_PS_FTMSMS-_4.mzXML	25.0	198911.3	0.0	0.0	[0.0..0.0]	[1.0..1.0]	[1.005..1.005]	[199905.86..199905.86]	[0.837..0.837]	[0.0..0.0]	[1.005..1.005]	[199905.86..199905.86]	[0.837..0.837]	[0.0..0.0]	0.8562302	[171165.42..171165.42]
Group-1	PS 37:1:0	283.26	240116_PS_FTMSMS-_4.mzXML	30.0	412222.0	0.0	0.0	[0.0..0.0]	[1.0..1.0]	[0.978..0.978]	[403153.12..403153.12]	[0.863..0.863]	[0.0..0.0]	[0.978..0.978]	[403153.12..403153.12]	[0.863..0.863]	[0.0..0.0]	0.8562302	[345191.88..345191.88]
Group-1	PS 37:1:0	283.26	240116_PS_FTMSMS-_4.mzXML	35.0	529017.1	0.0	0.0	[0.0..0.0]	[1.0..1.0]	[0.963..0.963]	[509443.5..509443.5]	[0.859..0.859]	[0.0..0.0]	[0.963..0.963]	[509443.5..509443.5]	[0.859..0.859]	[0.0..0.0]	0.8562302	[436200.9..436200.9]
Group-1	PS 37:1:0	295.26	240116_PS_FTMSMS-_4.mzXML	25.0	43910.5	0.0	0.0	[9.0..9.0]	[0.0..0.0]	[0.885..0.885]	[38860.793..38860.793]	[0.163..0.163]	[1.0..1.0]	[0.885..0.885]	[38860.793..38860.793]	[0.163..0.163]	[1.0..1.0]	0.8562302	[33273.785..33273.785]
Group-1	PS 37:1:0	295.26	240116_PS_FTMSMS-_4.mzXML	30.0	71271.3	0.0	0.0	[9.0..9.0]	[0.0..0.0]	[0.899..0.899]	[64072.895..64072.895]	[0.137..0.137]	[1.0..1.0]	[0.899..0.899]	[64072.895..64072.895]	[0.137..0.137]	[1.0..1.0]	0.8562302	[54861.15..54861.15]
Group-1	PS 37:1:0	295.26	240116_PS_FTMSMS-_4.mzXML	35.0	92958.4	0.0	0.0	[9.0..9.0]	[0.0..0.0]	[0.902..0.902]	[83848.48..83848.48]	[0.141..0.141]	[1.0..1.0]	[0.902..0.902]	[83848.48..83848.48]	[0.141..0.141]	[1.0..1.0]	0.8562302	[71793.6..71793.6]
Group-1	PS 37:1:0	297.28	240116_PS_FTMSMS-_4.mzXML	25.0	88335.3	0.0	0.0	[0.0..0.0]	[0.0..1.0]	[0.986..1.012]	[87098.6..89395.32]	[0.478..0.481]	[0.38..0.54]	[0.996..1.0]	[87981.95..88335.3]	[0.478..0.479]	[0.381..0.542]	0.8562302	[74576.45..76542.98]
Group-1	PS 37:1:0	297.28	240116_PS_FTMSMS-_4.mzXML	30.0	201896.4	0.0	0.0	[0.0..0.0]	[0.0..1.0]	[0.958..0.97]	[193416.77..195839.52]	[0.537..0.539]	[0.38..0.54]	[0.963..0.964]	[194426.23..194628.14]	[0.538..0.538]	[0.381..0.542]	0.8562302	[165609.27..167683.7]
Group-1	PS 37:1:0	297.28	240116_PS_FTMSMS-_4.mzXML	35.0	252133.6	0.0	0.0	[0.0..0.0]	[0.0..1.0]	[0.946..0.947]	[238518.38..238770.52]	[0.552..0.559]	[0.38..0.54]	[0.946..0.947]	[238518.38..238770.52]	[0.555..0.556]	[0.381..0.542]	0.8562302	[204226.62..204442.53]
Group-1	PS 37:1:0	309.28	240116_PS_FTMSMS-_4.mzXML	25.0	7889.0	0.0	0.0	[11.0..11.0]	[0.0..0.0]	[0.901..0.901]	[7107.99..7107.99]	[0.25..0.25]	[1.0..1.0]	[0.901..0.901]	[7107.9893..7107.9893]	[0.25..0.25]	[1.0..1.0]	0.8562302	[6086.0747..6086.0747]
Group-1	PS 37:1:0	309.28	240116_PS_FTMSMS-_4.mzXML	30.0	15827.8	0.0	0.0	[11.0..11.0]	[0.0..0.0]	[0.898..0.898]	[14213.364..14213.364]	[0.23..0.23]	[1.0..1.0]	[0.898..0.898]	[14213.364..14213.364]	[0.23..0.23]	[1.0..1.0]	0.8562302	[12169.912..12169.912]
Group-1	PS 37:1:0	309.28	240116_PS_FTMSMS-_4.mzXML	35.0	18940.5	0.0	0.0	[11.0..11.0]	[0.0..0.0]	[0.884..0.884]	[16743.402..16743.402]	[0.218..0.218]	[1.0..1.0]	[0.884..0.884]	[16743.402..16743.402]	[0.218..0.218]	[1.0..1.0]	0.8562302	[14336.206..14336.206]
Group-1	PS 37:2:0	267.23	240116_PS_FTMSMS-_4.mzXML	25.0	1766.1	0.0	0.0	[9.0..9.0]	[1.0..1.0]	[0.932..0.932]	[1646.005..1646.005]	[0.403..0.403]	[0.72..0.9]	[0.932..0.932]	[1646.0051..1646.0051]	[0.403..0.403]	[0.716..0.897]	0.85807484	[1412.3956..1412.3956]
Group-1	PS 37:2:0	267.23	240116_PS_FTMSMS-_4.mzXML	30.0	2974.2	0.0	0.0	[9.0..9.0]	[1.0..1.0]	[0.932..0.932]	[2771.954..2771.954]	[0.326..0.326]	[0.72..0.9]	[0.932..0.932]	[2771.9543..2771.9543]	[0.326..0.326]	[0.716..0.897]	0.85807484	[2378.5442..2378.5442]
Group-1	PS 37:2:0	267.23	240116_PS_FTMSMS-_4.mzXML	35.0	3887.7	0.0	0.0	[9.0..9.0]	[1.0..1.0]	[0.931..0.931]	[3619.449..3619.449]	[0.378..0.378]	[0.72..0.9]	[0.931..0.931]	[3619.4487..3619.4487]	[0.378..0.378]	[0.716..0.897]	0.85807484	[3105.7578..3105.7578]
Group-1	PS 37:2:0	269.25	240116_PS_FTMSMS-_4.mzXML	25.0	5057.1	0.0	0.0	[0.0..0.0]	[0.19999999..0.19999999]	[0.992..0.992]	[5016.643..5016.643]	[0.695..0.695]	[0.0..0.07]	[0.992..0.992]	[5016.643..5016.643]	[0.695..0.695]	[0.0..0.066]	0.85807484	[4304.656..4304.656]
Group-1	PS 37:2:0	269.25	240116_PS_FTMSMS-_4.mzXML	30.0	11309.4	0.0	0.0	[0.0..0.0]	[1.0..1.0]	[0.988..0.988]	[11173.688..11173.688]	[0.785..0.785]	[0.0..0.07]	[0.988..0.988]	[11173.6875..11173.6875]	[0.785..0.785]	[0.0..0.066]	0.85807484	[9587.859..9587.859]
Group-1	PS 37:2:0	269.25	240116_PS_FTMSMS-_4.mzXML	35.0	12344.2	0.0	0.0	[0.0..0.0]	[0.19999999..1.0]	[0.979..0.98]	[12084.972..12097.316]	[0.761..0.764]	[0.0..0.07]	[0.979..0.979]	[12084.972..12084.972]	[0.761..0.761]	[0.0..0.066]	0.85807484	[10369.811..10380.403]
Group-1	PS 37:2:0	279.23	240116_PS_FTMSMS-_4.mzXML	25.0	688.7	0.0	0.0	[9.0..9.0]	[0.0..1.0]	[0.878..0.909]	[604.679..626.028]	[0.386..0.388]	[0.67..0.79]	[0.899..0.902]	[619.1413..621.2074]	[0.39..0.391]	[0.674..0.792]	0.85807484	[518.85956..537.17914]
Group-1	PS 37:2:0	279.23	240116_PS_FTMSMS-_4.mzXML	30.0	1553.4	0.0	0.0	[9.0..9.0]	[0.0..1.0]	[0.919..0.923]	[1427.575..1433.788]	[0.371..0.372]	[0.67..0.79]	[0.922..0.922]	[1432.2349..1432.2349]	[0.372..0.373]	[0.674..0.792]	0.85807484	[1224.966..1230.2976]
Group-1	PS 37:2:0	279.23	240116_PS_FTMSMS-_4.mzXML	35.0	1801.8	0.0	0.0	[9.0..9.0]	[0.0..1.0]	[0.95..0.972]	[1711.71..1751.35]	[0.424..0.429]	[0.67..0.79]	[0.965..0.967]	[1738.737..1742.3407]	[0.427..0.428]	[0.674..0.792]	0.85807484	[1468.7754..1502.7892]
Group-1	PS 37:2:0	281.25	240116_PS_FTMSMS-_4.mzXML	25.0	68001.9	0.0	0.0	[9.0..9.0]	[1.0..1.0]	[0.928..0.928]	[63105.76..63105.76]	[0.541..0.541]	[0.41..0.53]	[0.928..0.928]	[63105.76..63105.76]	[0.541..0.541]	[0.409..0.534]	0.85807484	[54149.465..54149.465]
Group-1	PS 37:2:0	281.25	240116_PS_FTMSMS-_4.mzXML	30.0	131328.8	0.0	0.0	[9.0..9.0]	[1.0..1.0]	[0.914..0.914]	[120034.516..120034.516]	[0.503..0.503]	[0.41..0.53]	[0.914..0.914]	[120034.516..120034.516]	[0.503..0.503]	[0.409..0.534]	0.85807484	[102998.6..102998.6]
Group-1	PS 37:2:0	281.25	240116_PS_FTMSMS-_4.mzXML	35.0	148610.4	0.0	0.0	[9.0..9.0]	[1.0..1.0]	[0.904..0.904]	[134343.81..134343.81]	[0.485..0.485]	[0.41..0.53]	[0.904..0.904]	[134343.81..134343.81]	[0.485..0.485]	[0.409..0.534]	0.85807484	[115277.04..115277.04]
Group-1	PS 37:2:0	283.26	240116_PS_FTMSMS-_4.mzXML	25.0	13619.5	0.0	0.0	[0.0..0.0]	[1.0..1.0]	[1.005..1.005]	[13687.598..13687.598]	[0.869..0.869]	[0.0..0.0]	[1.005..1.005]	[13687.598..13687.598]	[0.869..0.869]	[0.0..0.0]	0.85807484	[11744.983..11744.983]
Group-1	PS 37:2:0	283.26	240116_PS_FTMSMS-_4.mzXML	30.0	28547.3	0.0	0.0	[0.0..0.0]	[1.0..1.0]	[0.978..0.978]	[27919.26..27919.26]	[0.841..0.841]	[0.0..0.0]	[0.978..0.978]	[27919.26..27919.26]	[0.841..0.841]	[0.0..0.0]	0.85807484	[23956.814..23956.814]
Group-1	PS 37:2:0	283.26	240116_PS_FTMSMS-_4.mzXML	35.0	32632.1	0.0	0.0	[0.0..0.0]	[1.0..1.0]	[0.963..0.963]	[31424.71..31424.71]	[0.856..0.856]	[0.0..0.0]	[0.963..0.963]	[31424.71..31424.71]	[0.856..0.856]	[0.0..0.0]	0.85807484	[26964.754..26964.754]
Group-1	PS 37:2:0	293.25	240116_PS_FTMSMS-_4.mzXML	25.0	2382.9	0.0	0.0	[9.0..9.0]	[0.0..0.0]	[0.867..0.867]	[2065.974..2065.974]	[0.131..0.131]	[1.0..1.0]	[0.867..0.867]	[2065.974..2065.974]	[0.131..0.131]	[1.0..1.0]	0.85807484	[1772.7604..1772.7604]
Group-1	PS 37:2:0	293.25	240116_PS_FTMSMS-_4.mzXML	30.0	5860.1	0.0	0.0	[9.0..9.0]	[0.0..0.0]	[0.898..0.898]	[5262.37..5262.37]	[0.159..0.159]	[1.0..1.0]	[0.898..0.898]	[5262.37..5262.37]	[0.159..0.159]	[1.0..1.0]	0.85807484	[4515.507..4515.507]
Group-1	PS 37:2:0	293.25	240116_PS_FTMSMS-_4.mzXML	35.0	5647.9	0.0	0.0	[9.0..9.0]	[0.0..0.0]	[0.936..0.936]	[5286.434..5286.434]	[0.144..0.144]	[1.0..1.0]	[0.936..0.936]	[5286.434..5286.434]	[0.144..0.144]	[1.0..1.0]	0.85807484	[4536.1562..4536.1562]
Group-1	PS 37:2:0	295.26	240116_PS_FTMSMS-_4.mzXML	25.0	60507.4	0.0	0.0	[9.0..9.0]	[0.0..0.0]	[0.885..0.885]	[53549.047..53549.047]	[0.459..0.459]	[0.47..0.59]	[0.885..0.885]	[53549.047..53549.047]	[0.459..0.459]	[0.466..0.591]	0.85807484	[45949.09..45949.09]
Group-1	PS 37:2:0	295.26	240116_PS_FTMSMS-_4.mzXML	30.0	131696.8	0.0	0.0	[9.0..9.0]	[0.0..0.0]	[0.899..0.899]	[118395.42..118395.42]	[0.497..0.497]	[0.47..0.59]	[0.899..0.899]	[118395.42..118395.42]	[0.497..0.497]	[0.466..0.591]	0.85807484	[101592.13..101592.13]
Group-1	PS 37:2:0	295.26	240116_PS_FTMSMS-_4.mzXML	35.0	157947.5	0.0	0.0	[9.0..9.0]	[0.0..0.0]	[0.902..0.902]	[142468.64..142468.64]	[0.515..0.515]	[0.47..0.59]	[0.902..0.902]	[142468.64..142468.64]	[0.515..0.515]	[0.466..0.591]	0.85807484	[122248.766..122248.766]
Group-1	PS 37:2:0	297.28	240116_PS_FTMSMS-_4.mzXML	25.0	975.0	0.0	0.0	[0.0..0.0]	[0.0..1.0]	[0.986..1.012]	[961.35..986.7]	[0.612..0.614]	[0.21..0.33]	[0.991..0.995]	[966.225..970.125]	[0.609..0.61]	[0.208..0.326]	0.85807484	[824.9103..846.6624]
Group-1	PS 37:2:0	297.28	240116_PS_FTMSMS-_4.mzXML	30.0	2510.4	0.0	0.0	[0.0..0.0]	[0.0..1.0]	[0.958..0.97]	[2404.963..2435.088]	[0.628..0.629]	[0.21..0.33]	[0.961..0.962]	[2412.4944..2415.0046]	[0.627..0.628]	[0.208..0.326]	0.85807484	[2063.6384..2089.4878]
Group-1	PS 37:2:0	297.28	240116_PS_FTMSMS-_4.mzXML	35.0	2461.5	0.0	0.0	[0.0..0.0]	[0.0..1.0]	[0.946..0.947]	[2328.579..2331.041]	[0.571..0.576]	[0.21..0.33]	[0.946..0.946]	[2328.5789..2328.5789]	[0.572..0.573]	[0.208..0.326]	0.85807484	[1998.095..2000.2072]
Group-1	PS 37:2:0	307.26	240116_PS_FTMSMS-_4.mzXML	25.0	2422.6	0.0	0.0	[11.0..11.0]	[0.8..0.8]	[0.909..0.909]	[2202.144..2202.144]	[0.305..0.305]	[0.93..1.0]	[0.909..0.909]	[2202.1436..2202.1436]	[0.305..0.305]	[0.934..1.0]	0.85807484	[1889.6039..1889.6039]
Group-1	PS 37:2:0	307.26	240116_PS_FTMSMS-_4.mzXML	30.0	3441.3	0.0	0.0	[11.0..11.0]	[0.0..0.0]	[0.888..0.888]	[3055.875..3055.875]	[0.215..0.215]	[0.93..1.0]	[0.888..0.888]	[3055.8745..3055.8745]	[0.215..0.215]	[0.934..1.0]	0.85807484	[2622.1692..2622.1692]
Group-1	PS 37:2:0	307.26	240116_PS_FTMSMS-_4.mzXML	35.0	4239.4	0.0	0.0	[11.0..11.0]	[0.0..0.8]	[0.88..0.897]	[3730.672..3802.742]	[0.236..0.239]	[0.93..1.0]	[0.896..0.897]	[3798.5024..3802.7417]	[0.239..0.239]	[0.934..1.0]	0.85807484	[3201.1958..3263.037]
Group-1	PS 37:2:0	309.28	240116_PS_FTMSMS-_4.mzXML	25.0	2706.2	0.0	0.0	[11.0..11.0]	[0.0..0.0]	[0.901..0.901]	[2438.286..2438.286]	[0.597..0.597]	[0.1..0.28]	[0.901..0.901]	[2438.2861..2438.2861]	[0.597..0.597]	[0.103..0.284]	0.85807484	[2092.232..2092.232]
Group-1	PS 37:2:0	309.28	240116_PS_FTMSMS-_4.mzXML	30.0	6375.1	0.0	0.0	[11.0..11.0]	[0.0..0.0]	[0.898..0.898]	[5724.84..5724.84]	[0.674..0.674]	[0.1..0.28]	[0.898..0.898]	[5724.84..5724.84]	[0.674..0.674]	[0.103..0.284]	0.85807484	[4912.3413..4912.3413]
Group-1	PS 37:2:0	309.28	240116_PS_FTMSMS-_4.mzXML	35.0	6725.5	0.0	0.0	[11.0..11.0]	[0.0..0.0]	[0.884..0.884]	[5945.342..5945.342]	[0.622..0.622]	[0.1..0.28]	[0.884..0.884]	[5945.342..5945.342]	[0.622..0.622]	[0.103..0.284]	0.85807484	[5101.5483..5101.5483]
Group-1	PS 37:3:0	269.25	240116_PS_FTMSMS-_4.mzXML	25.0	5839.4	0.0	0.0	[0.0..0.0]	[1.0..1.0]	[1.001..1.001]	[5845.24..5845.24]	[0.746..0.748]	[0.0..0.0]	[1.001..1.001]	[5845.2397..5845.2397]	[0.739..0.741]	[0.0..0.0]	0.85993737	[5026.54..5026.54]
Group-1	PS 37:3:0	269.25	240116_PS_FTMSMS-_4.mzXML	30.0	11116.2	0.0	0.0	[0.0..0.0]	[1.0..1.0]	[0.988..0.988]	[10982.806..10982.806]	[0.742..0.764]	[0.0..0.0]	[0.988..0.988]	[10982.806..10982.806]	[0.743..0.764]	[0.0..0.0]	0.85993737	[9444.525..9444.525]
Group-1	PS 37:3:0	269.25	240116_PS_FTMSMS-_4.mzXML	35.0	12967.7	0.0	0.0	[0.0..0.0]	[1.0..1.0]	[0.98..0.98]	[12708.347..12708.347]	[0.701..0.753]	[0.0..0.0]	[0.98..0.98]	[12708.347..12708.347]	[0.703..0.756]	[0.0..0.0]	0.85993737	[10928.382..10928.382]
Group-1	PS 37:3:0	279.23	240116_PS_FTMSMS-_4.mzXML	25.0	669.9	0.0	0.0	[9.0..9.0]	[1.0..1.0]	[0.909..0.909]	[608.939..608.939]	[0.576..0.576]	[0.33..0.53]	[0.909..0.909]	[608.9391..608.9391]	[0.576..0.576]	[0.331..0.53]	0.85993737	[523.64954..523.64954]
Group-1	PS 37:3:0	279.23	240116_PS_FTMSMS-_4.mzXML	30.0	1228.3	0.0	0.0	[9.0..9.0]	[0.5..0.5]	[0.921..0.921]	[1131.264..1131.264]	[0.487..0.487]	[0.33..0.53]	[0.921..0.921]	[1131.2644..1131.2644]	[0.487..0.487]	[0.331..0.53]	0.85993737	[972.81647..972.81647]
Group-1	PS 37:3:0	279.23	240116_PS_FTMSMS-_4.mzXML	35.0	1360.7	0.0	0.0	[9.0..9.0]	[0.5..1.0]	[0.95..0.961]	[1292.665..1307.633]	[0.501..0.501]	[0.33..0.53]	[0.954..0.956]	[1298.1078..1300.8291]	[0.501..0.501]	[0.331..0.53]	0.85993737	[1111.6108..1124.4822]
Group-1	PS 37:3:0	281.25	240116_PS_FTMSMS-_4.mzXML	25.0	19055.8	0.0	0.0	[9.0..9.0]	[1.0..1.0]	[0.928..0.928]	[17683.783..17683.783]	[0.833..0.833]	[0.0..0.0]	[0.928..0.928]	[17683.783..17683.783]	[0.833..0.833]	[0.0..0.0]	0.85993737	[15206.945..15206.945]
Group-1	PS 37:3:0	281.25	240116_PS_FTMSMS-_4.mzXML	30.0	34923.2	0.0	0.0	[9.0..9.0]	[1.0..1.0]	[0.914..0.914]	[31919.803..31919.803]	[0.812..0.812]	[0.0..0.0]	[0.914..0.914]	[31919.803..31919.803]	[0.812..0.812]	[0.0..0.0]	0.85993737	[27449.031..27449.031]
Group-1	PS 37:3:0	281.25	240116_PS_FTMSMS-_4.mzXML	35.0	40902.0	0.0	0.0	[9.0..9.0]	[1.0..1.0]	[0.904..0.904]	[36975.406..36975.406]	[0.799..0.799]	[0.0..0.0]	[0.904..0.904]	[36975.406..36975.406]	[0.799..0.799]	[0.0..0.0]	0.85993737	[31796.537..31796.537]
Group-1	PS 37:3:0	283.26	240116_PS_FTMSMS-_4.mzXML	25.0	15313.9	0.0	0.0	[0.0..0.0]	[0.19999999..1.0]	[0.989..1.005]	[15145.448..15390.47]	[0.883..0.91]	[0.0..0.0]	[0.989..0.989]	[15145.448..15145.448]	[0.907..0.907]	[0.0..0.0]	0.85993737	[13024.137..13234.84]
Group-1	PS 37:3:0	283.26	240116_PS_FTMSMS-_4.mzXML	30.0	33258.6	0.0	0.0	[0.0..0.0]	[0.19999999..1.0]	[0.97..0.978]	[32260.844..32526.912]	[0.912..0.927]	[0.0..0.0]	[0.97..0.97]	[32260.844..32260.844]	[0.922..0.927]	[0.0..0.0]	0.85993737	[27742.307..27971.107]
Group-1	PS 37:3:0	283.26	240116_PS_FTMSMS-_4.mzXML	35.0	45978.4	0.0	0.0	[0.0..0.0]	[1.0..1.0]	[0.963..0.963]	[44277.2..44277.2]	[0.932..0.941]	[0.0..0.0]	[0.963..0.963]	[44277.2..44277.2]	[0.933..0.942]	[0.0..0.0]	0.85993737	[38075.617..38075.617]
Group-1	PS 37:3:0	291.23	240116_PS_FTMSMS-_4.mzXML	25.0	1653.0	0.0	0.0	[6.0..9.0]	[0.0..0.8]	[0.904..1.237]	[1494.312..2044.761]	[0.09..0.117]	[1.0..1.0]	[0.935..0.939]	[1545.555..1552.167]	[0.093..0.093]	[1.0..1.0]	0.85993737	[1285.0146..1758.3663]
Group-1	PS 37:3:0	291.23	240116_PS_FTMSMS-_4.mzXML	30.0	2586.4	0.0	0.0	[6.0..9.0]	[0.0..0.8]	[0.985..1.219]	[2547.604..3152.822]	[0.073..0.088]	[1.0..1.0]	[0.982..1.058]	[2539.8447..2736.4111]	[0.073..0.078]	[1.0..1.0]	0.85993737	[2190.7798..2711.2288]
Group-1	PS 37:3:0	291.23	240116_PS_FTMSMS-_4.mzXML	35.0	2499.6	0.0	0.0	[6.0..9.0]	[0.0..0.0]	[1.107..1.286]	[2767.057..3214.486]	[0.059..0.068]	[1.0..1.0]	[1.089..1.273]	[2722.0645..3181.991]	[0.058..0.067]	[1.0..1.0]	0.85993737	[2379.4958..2764.2563]
Group-1	PS 37:3:0	293.25	240116_PS_FTMSMS-_4.mzXML	25.0	4074.8	0.0	0.0	[9.0..9.0]	[0.0..0.0]	[0.867..0.867]	[3532.852..3532.852]	[0.167..0.167]	[1.0..1.0]	[0.867..0.867]	[3532.8516..3532.8516]	[0.167..0.167]	[1.0..1.0]	0.85993737	[3038.031..3038.031]
Group-1	PS 37:3:0	293.25	240116_PS_FTMSMS-_4.mzXML	30.0	8221.5	0.0	0.0	[9.0..9.0]	[0.0..0.0]	[0.898..0.898]	[7382.907..7382.907]	[0.188..0.188]	[1.0..1.0]	[0.898..0.898]	[7382.907..7382.907]	[0.188..0.188]	[1.0..1.0]	0.85993737	[6348.838..6348.838]
Group-1	PS 37:3:0	293.25	240116_PS_FTMSMS-_4.mzXML	35.0	9938.7	0.0	0.0	[9.0..9.0]	[0.0..0.0]	[0.936..0.936]	[9302.623..9302.623]	[0.201..0.201]	[1.0..1.0]	[0.936..0.936]	[9302.623..9302.623]	[0.201..0.201]	[1.0..1.0]	0.85993737	[7999.674..7999.674]
Group-1	PS 37:3:0	295.26	240116_PS_FTMSMS-_4.mzXML	25.0	507.5	0.0	0.0	[9.0..9.0]	[0.0..0.0]	[0.885..0.885]	[449.137..449.137]	[0.424..0.424]	[0.47..0.67]	[0.885..0.885]	[449.13748..449.13748]	[0.424..0.424]	[0.47..0.669]	0.85993737	[386.2301..386.2301]
Group-1	PS 37:3:0	295.26	240116_PS_FTMSMS-_4.mzXML	30.0	1325.1	0.0	0.0	[9.0..9.0]	[0.5..0.5]	[0.898..0.898]	[1189.94..1189.94]	[0.513..0.513]	[0.47..0.67]	[0.898..0.898]	[1189.9398..1189.9398]	[0.513..0.513]	[0.47..0.669]	0.85993737	[1023.2736..1023.2736]
Group-1	PS 37:3:0	295.26	240116_PS_FTMSMS-_4.mzXML	35.0	1445.5	0.0	0.0	[9.0..9.0]	[0.0..0.5]	[0.891..0.902]	[1287.94..1303.841]	[0.499..0.499]	[0.47..0.67]	[0.896..0.898]	[1295.1681..1298.059]	[0.499..0.499]	[0.47..0.669]	0.85993737	[1107.5481..1121.2216]
Group-1	PS 37:3:0	305.25	240116_PS_FTMSMS-_4.mzXML	25.0	2169.5	0.0	0.0	[5.0..11.0]	[0.0..0.0]	[0.909..0.917]	[1972.076..1989.432]	[0.252..0.254]	[1.0..1.0]	[0.94..0.95]	[2039.33..2061.025]	[0.259..0.261]	[1.0..1.0]	0.85993737	[1695.8615..1710.7865]
Group-1	PS 37:3:0	305.25	240116_PS_FTMSMS-_4.mzXML	30.0	3536.7	0.0	0.0	[5.0..11.0]	[0.0..0.0]	[0.959..1.078]	[3391.695..3812.562]	[0.236..0.258]	[1.0..1.0]	[0.957..1.075]	[3384.6218..3801.9526]	[0.236..0.257]	[1.0..1.0]	0.85993737	[2916.6453..3278.5647]
Group-1	PS 37:3:0	305.25	240116_PS_FTMSMS-_4.mzXML	35.0	4052.9	0.0	0.0	[5.0..11.0]	[0.0..0.0]	[1.031..1.339]	[4178.54..5426.833]	[0.247..0.299]	[1.0..1.0]	[1.014..1.322]	[4109.6406..5357.9336]	[0.244..0.297]	[1.0..1.0]	0.85993737	[3593.2825..4666.7363]
Group-1	PS 37:4:0	267.23	240116_PS_FTMSMS-_4.mzXML	25.0	2065.6	0.0	0.0	[9.0..9.0]	[1.0..1.0]	[0.932..0.932]	[1925.139..1925.139]	[0.858..0.859]	[0.0..0.0]	[0.932..0.932]	[1925.1393..1925.1393]	[0.854..0.855]	[0.0..0.0]	0.86180866	[1659.1017..1659.1017]
Group-1	PS 37:4:0	267.23	240116_PS_FTMSMS-_4.mzXML	30.0	5084.6	0.0	0.0	[9.0..9.0]	[1.0..1.0]	[0.932..0.932]	[4738.847..4738.847]	[0.884..0.896]	[0.0..0.0]	[0.932..0.932]	[4738.847..4738.847]	[0.885..0.896]	[0.0..0.0]	0.86180866	[4083.9792..4083.9792]
Group-1	PS 37:4:0	267.23	240116_PS_FTMSMS-_4.mzXML	35.0	6627.4	0.0	0.0	[9.0..9.0]	[1.0..1.0]	[0.931..0.931]	[6170.11..6170.11]	[0.839..0.871]	[0.0..0.0]	[0.931..0.931]	[6170.1094..6170.1094]	[0.84..0.873]	[0.0..0.0]	0.86180866	[5317.4536..5317.4536]
Group-1	PS 37:4:0	269.25	240116_PS_FTMSMS-_4.mzXML	25.0	20665.3	0.0	0.0	[0.0..0.0]	[0.0..1.0]	[0.99..1.001]	[20458.648..20685.967]	[0.808..0.817]	[0.0..0.0]	[0.99..0.99]	[20458.648..20458.648]	[0.806..0.812]	[0.0..0.0]	0.86180866	[17631.44..17827.346]
Group-1	PS 37:4:0	269.25	240116_PS_FTMSMS-_4.mzXML	30.0	57733.9	0.0	0.0	[0.0..0.0]	[0.0..1.0]	[0.981..0.988]	[56636.953..57041.09]	[0.866..0.882]	[0.0..0.0]	[0.981..0.981]	[56636.953..56636.953]	[0.865..0.882]	[0.0..0.0]	0.86180866	[48810.22..49158.508]
Group-1	PS 37:4:0	269.25	240116_PS_FTMSMS-_4.mzXML	35.0	75088.3	0.0	0.0	[0.0..0.0]	[1.0..1.0]	[0.98..0.98]	[73586.53..73586.53]	[0.889..0.914]	[0.0..0.0]	[0.98..0.98]	[73586.53..73586.53]	[0.89..0.914]	[0.0..0.0]	0.86180866	[63417.51..63417.51]
Group-1	PS 37:4:0	303.23	240116_PS_FTMSMS-_4.mzXML	25.0	4745.5	0.0	0.0	[5.0..8.0]	[0.0..1.0]	[0.965..1.036]	[4579.407..4916.338]	[0.183..0.192]	[1.0..1.0]	[0.996..1.036]	[4726.518..4916.338]	[0.188..0.194]	[1.0..1.0]	0.86180866	[3946.5728..4236.9424]
Group-1	PS 37:4:0	303.23	240116_PS_FTMSMS-_4.mzXML	30.0	6631.1	0.0	0.0	[5.0..8.0]	[0.0..1.0]	[1.147..1.33]	[7605.872..8819.363]	[0.118..0.134]	[1.0..1.0]	[1.142..1.33]	[7572.716..8819.363]	[0.118..0.135]	[1.0..1.0]	0.86180866	[6554.8057..7600.6035]
Group-1	PS 37:4:0	303.23	240116_PS_FTMSMS-_4.mzXML	35.0	4764.9	0.0	0.0	[5.0..8.0]	[0.0..0.0]	[1.462..1.927]	[6966.284..9181.962]	[0.086..0.111]	[1.0..1.0]	[1.444..1.906]	[6880.5156..9081.899]	[0.086..0.11]	[1.0..1.0]	0.86180866	[6003.604..7913.0947]
Group-1	PS 37:4:0	305.25	240116_PS_FTMSMS-_4.mzXML	25.0	346.3	0.0	0.0	[5.0..11.0]	[0.0..0.0]	[0.909..0.917]	[314.787..317.557]	[0.141..0.142]	[1.0..1.0]	[0.94..0.95]	[325.52197..328.985]	[0.145..0.146]	[1.0..1.0]	0.86180866	[271.2859..273.67346]
Group-1	PS 37:4:0	305.25	240116_PS_FTMSMS-_4.mzXML	30.0	574.9	0.0	0.0	[5.0..11.0]	[0.0..0.0]	[0.959..1.078]	[551.329..619.742]	[0.104..0.116]	[1.0..1.0]	[0.957..1.075]	[550.1793..618.0176]	[0.104..0.115]	[1.0..1.0]	0.86180866	[475.14023..534.0992]
Group-1	PS 37:4:0	305.25	240116_PS_FTMSMS-_4.mzXML	35.0	887.2	0.0	0.0	[5.0..11.0]	[0.0..0.0]	[1.031..1.339]	[914.703..1187.961]	[0.129..0.161]	[1.0..1.0]	[1.014..1.322]	[899.62085..1172.8784]	[0.127..0.16]	[1.0..1.0]	0.86180866	[788.2992..1023.7949]
Group-1	PS 38:1:0	281.25	240116_PS_FTMSMS-_4.mzXML	25.0	189764.1	0.0	0.0	[9.0..9.0]	[0.0..1.0]	[0.893..0.928]	[169459.34..176101.08]	[0.367..0.369]	[0.8..1.0]	[0.921..0.928]	[174772.73..176101.08]	[0.374..0.375]	[0.796..0.999]	0.84360737	[142957.14..148560.17]
Group-1	PS 38:1:0	281.25	240116_PS_FTMSMS-_4.mzXML	30.0	319582.1	0.0	0.0	[9.0..9.0]	[0.0..1.0]	[0.914..0.919]	[292098.03..293695.97]	[0.279..0.281]	[0.8..1.0]	[0.918..0.919]	[293376.34..293695.97]	[0.281..0.282]	[0.796..0.999]	0.84360737	[246416.05..247764.08]
Group-1	PS 38:1:0	281.25	240116_PS_FTMSMS-_4.mzXML	35.0	405245.8	0.0	0.0	[9.0..9.0]	[0.0..1.0]	[0.904..0.932]	[366342.22..377689.1]	[0.302..0.308]	[0.8..1.0]	[0.926..0.932]	[375257.62..377689.1]	[0.307..0.308]	[0.796..0.999]	0.84360737	[309048.97..318621.28]
Group-1	PS 38:1:0	283.26	240116_PS_FTMSMS-_4.mzXML	25.0	2385944.8	0.0	0.0	[0.0..0.0]	[0.100000024..0.100000024]	[0.988..0.988]	[2357313.2..2357313.2]	[0.709..0.709]	[0.0..0.03]	[0.988..0.988]	[2357313.2..2357313.2]	[0.709..0.709]	[0.0..0.035]	0.84360737	[1988647.0..1988647.0]
Group-1	PS 38:1:0	283.26	240116_PS_FTMSMS-_4.mzXML	30.0	5524181.5	0.0	0.0	[0.0..0.0]	[1.0..1.0]	[0.978..0.978]	[5402649.5..5402649.5]	[0.758..0.758]	[0.0..0.03]	[0.978..0.978]	[5402649.5..5402649.5]	[0.758..0.758]	[0.0..0.035]	0.84360737	[4557714.5..4557714.5]
Group-1	PS 38:1:0	283.26	240116_PS_FTMSMS-_4.mzXML	35.0	6642583.5	0.0	0.0	[0.0..0.0]	[0.100000024..1.0]	[0.961..0.963]	[6383523.0..6396808.0]	[0.78..0.784]	[0.0..0.03]	[0.961..0.961]	[6383523.0..6383523.0]	[0.779..0.78]	[0.0..0.035]	0.84360737	[5385187.0..5396394.5]
Group-1	PS 38:1:0	309.28	240116_PS_FTMSMS-_4.mzXML	25.0	1035525.2	0.0	0.0	[11.0..11.0]	[0.9..0.9]	[0.935..0.935]	[968216.06..968216.06]	[0.291..0.291]	[0.97..1.0]	[0.935..0.935]	[968216.06..968216.06]	[0.291..0.291]	[0.965..1.0]	0.84360737	[816794.2..816794.2]
Group-1	PS 38:1:0	309.28	240116_PS_FTMSMS-_4.mzXML	30.0	1922846.2	0.0	0.0	[11.0..11.0]	[0.0..0.0]	[0.898..0.898]	[1726715.9..1726715.9]	[0.242..0.242]	[0.97..1.0]	[0.898..0.898]	[1726715.9..1726715.9]	[0.242..0.242]	[0.965..1.0]	0.84360737	[1456670.2..1456670.2]
Group-1	PS 38:1:0	309.28	240116_PS_FTMSMS-_4.mzXML	35.0	2044226.2	0.0	0.0	[11.0..11.0]	[0.0..0.9]	[0.859..0.884]	[1755990.4..1807096.1]	[0.216..0.22]	[0.97..1.0]	[0.883..0.884]	[1805051.8..1807096.0]	[0.22..0.221]	[0.965..1.0]	0.84360737	[1481366.5..1524479.5]
Group-1	PS 38:1:0	311.29	240116_PS_FTMSMS-_4.mzXML	25.0	294926.3	0.0	0.0	[0.0..0.0]	[0.0..1.0]	[0.991..1.022]	[292271.97..301414.7]	[0.631..0.633]	[0.0..0.2]	[0.991..0.997]	[292271.97..294041.53]	[0.625..0.626]	[0.001..0.204]	0.84360737	[246562.8..254275.66]
Group-1	PS 38:1:0	311.29	240116_PS_FTMSMS-_4.mzXML	30.0	785067.5	0.0	0.0	[0.0..0.0]	[0.0..1.0]	[0.953..0.965]	[748169.4..757590.1]	[0.719..0.721]	[0.0..0.2]	[0.953..0.955]	[748169.3..749739.44]	[0.718..0.719]	[0.001..0.204]	0.84360737	[631161.2..639108.6]
Group-1	PS 38:1:0	311.29	240116_PS_FTMSMS-_4.mzXML	35.0	908668.1	0.0	0.0	[0.0..0.0]	[0.0..1.0]	[0.933..0.935]	[847787.4..849604.7]	[0.692..0.698]	[0.0..0.2]	[0.933..0.933]	[847787.4..847787.4]	[0.692..0.693]	[0.001..0.204]	0.84360737	[715199.7..716732.8]
Group-1	PS 38:2:0	281.25	240116_PS_FTMSMS-_4.mzXML	25.0	691661.1	0.0	0.0	[9.0..9.0]	[1.0..1.0]	[0.928..0.928]	[641861.5..641861.5]	[0.516..0.516]	[0.46..0.51]	[0.928..0.928]	[641861.5..641861.5]	[0.516..0.516]	[0.464..0.514]	0.8454025	[542631.25..542631.25]
Group-1	PS 38:2:0	281.25	240116_PS_FTMSMS-_4.mzXML	30.0	1398674.9	0.0	0.0	[9.0..9.0]	[1.0..1.0]	[0.914..0.914]	[1278388.8..1278388.8]	[0.494..0.494]	[0.46..0.51]	[0.914..0.914]	[1278388.8..1278388.8]	[0.494..0.494]	[0.464..0.514]	0.8454025	[1080753.1..1080753.1]
Group-1	PS 38:2:0	281.25	240116_PS_FTMSMS-_4.mzXML	35.0	1663208.9	0.0	0.0	[9.0..9.0]	[1.0..1.0]	[0.904..0.904]	[1503540.8..1503540.8]	[0.498..0.498]	[0.46..0.51]	[0.904..0.904]	[1503540.8..1503540.8]	[0.498..0.498]	[0.464..0.514]	0.8454025	[1271097.1..1271097.1]
Group-1	PS 38:2:0	283.26	240116_PS_FTMSMS-_4.mzXML	25.0	774907.0	0.0	0.0	[0.0..0.0]	[0.19999999..0.19999999]	[0.989..0.989]	[766383.06..766383.06]	[0.713..0.713]	[0.0..0.03]	[0.989..0.989]	[766383.06..766383.06]	[0.713..0.713]	[0.0..0.026]	0.8454025	[647902.1..647902.1]
Group-1	PS 38:2:0	283.26	240116_PS_FTMSMS-_4.mzXML	30.0	1779049.8	0.0	0.0	[0.0..0.0]	[0.5..0.5]	[0.973..0.973]	[1731015.4..1731015.4]	[0.772..0.772]	[0.0..0.03]	[0.973..0.973]	[1731015.4..1731015.4]	[0.772..0.772]	[0.0..0.026]	0.8454025	[1463404.8..1463404.8]
Group-1	PS 38:2:0	283.26	240116_PS_FTMSMS-_4.mzXML	35.0	2185805.8	0.0	0.0	[0.0..0.0]	[0.19999999..0.5]	[0.961..0.962]	[2100559.5..2102745.2]	[0.786..0.787]	[0.0..0.03]	[0.961..0.961]	[2100559.5..2100559.5]	[0.786..0.786]	[0.0..0.026]	0.8454025	[1775818.1..1777666.0]
Group-1	PS 38:2:0	307.26	240116_PS_FTMSMS-_4.mzXML	25.0	339667.9	0.0	0.0	[11.0..11.0]	[0.8..0.8]	[0.909..0.909]	[308758.12..308758.12]	[0.287..0.287]	[0.97..1.0]	[0.909..0.909]	[308758.12..308758.12]	[0.287..0.287]	[0.974..1.0]	0.8454025	[261024.89..261024.89]
Group-1	PS 38:2:0	307.26	240116_PS_FTMSMS-_4.mzXML	30.0	578419.5	0.0	0.0	[11.0..11.0]	[0.5..0.5]	[0.886..0.886]	[512479.66..512479.66]	[0.228..0.228]	[0.97..1.0]	[0.886..0.886]	[512479.66..512479.66]	[0.228..0.228]	[0.974..1.0]	0.8454025	[433251.6..433251.6]
Group-1	PS 38:2:0	307.26	240116_PS_FTMSMS-_4.mzXML	35.0	645643.1	0.0	0.0	[11.0..11.0]	[0.5..0.8]	[0.88..0.886]	[568165.94..572039.8]	[0.213..0.214]	[0.97..1.0]	[0.886..0.886]	[572039.8..572039.8]	[0.214..0.214]	[0.974..1.0]	0.8454025	[480328.9..483603.88]
Group-1	PS 38:2:0	309.28	240116_PS_FTMSMS-_4.mzXML	25.0	668767.3	0.0	0.0	[11.0..11.0]	[0.0..0.0]	[0.901..0.901]	[602559.4..602559.4]	[0.484..0.484]	[0.49..0.54]	[0.901..0.901]	[602559.4..602559.4]	[0.484..0.484]	[0.486..0.536]	0.8454025	[509405.2..509405.2]
Group-1	PS 38:2:0	309.28	240116_PS_FTMSMS-_4.mzXML	30.0	1460617.2	0.0	0.0	[11.0..11.0]	[0.0..0.0]	[0.898..0.898]	[1311634.2..1311634.2]	[0.506..0.506]	[0.49..0.54]	[0.898..0.898]	[1311634.2..1311634.2]	[0.506..0.506]	[0.486..0.536]	0.8454025	[1108858.9..1108858.9]
Group-1	PS 38:2:0	309.28	240116_PS_FTMSMS-_4.mzXML	35.0	1716247.0	0.0	0.0	[11.0..11.0]	[0.0..0.0]	[0.884..0.884]	[1517162.4..1517162.4]	[0.502..0.502]	[0.49..0.54]	[0.884..0.884]	[1517162.4..1517162.4]	[0.502..0.502]	[0.486..0.536]	0.8454025	[1282612.9..1282612.9]
Group-1	PS 38:3:0	281.25	240116_PS_FTMSMS-_4.mzXML	25.0	160510.9	0.0	0.0	[9.0..9.0]	[1.0..1.0]	[0.928..0.928]	[148954.11..148954.11]	[0.536..0.536]	[0.38..0.42]	[0.928..0.928]	[148954.11..148954.11]	[0.536..0.536]	[0.381..0.42]	0.847188	[126192.13..126192.13]
Group-1	PS 38:3:0	281.25	240116_PS_FTMSMS-_4.mzXML	30.0	352029.0	0.0	0.0	[9.0..9.0]	[1.0..1.0]	[0.914..0.914]	[321754.5..321754.5]	[0.548..0.548]	[0.38..0.42]	[0.914..0.914]	[321754.5..321754.5]	[0.548..0.548]	[0.381..0.42]	0.847188	[272586.56..272586.56]
Group-1	PS 38:3:0	281.25	240116_PS_FTMSMS-_4.mzXML	35.0	421244.4	0.0	0.0	[9.0..9.0]	[1.0..1.0]	[0.904..0.904]	[380804.94..380804.94]	[0.552..0.552]	[0.38..0.42]	[0.904..0.904]	[380804.94..380804.94]	[0.552..0.552]	[0.381..0.42]	0.847188	[322613.38..322613.38]
Group-1	PS 38:3:0	283.26	240116_PS_FTMSMS-_4.mzXML	25.0	1016478.5	0.0	0.0	[0.0..0.0]	[0.3..1.0]	[0.991..1.005]	[1007330.2..1021560.9]	[0.671..0.748]	[0.0..0.0]	[0.991..0.991]	[1007330.2..1007330.2]	[0.74..0.742]	[0.0..0.0]	0.847188	[853398.06..865454.1]
Group-1	PS 38:3:0	283.26	240116_PS_FTMSMS-_4.mzXML	30.0	1997333.2	0.0	0.0	[0.0..0.0]	[0.9..1.0]	[0.977..0.978]	[1951394.8..1953391.9]	[0.742..0.778]	[0.0..0.0]	[0.977..0.977]	[1951394.6..1951394.6]	[0.758..0.779]	[0.0..0.0]	0.847188	[1653198.0..1654890.1]
Group-1	PS 38:3:0	283.26	240116_PS_FTMSMS-_4.mzXML	35.0	2364828.0	0.0	0.0	[0.0..0.0]	[0.3..1.0]	[0.961..0.963]	[2272599.8..2277329.2]	[0.73..0.79]	[0.0..0.0]	[0.961..0.961]	[2272599.8..2272599.8]	[0.746..0.793]	[0.0..0.0]	0.847188	[1925319.2..1929326.1]
Group-1	PS 38:3:0	305.25	240116_PS_FTMSMS-_4.mzXML	25.0	373460.6	0.0	0.0	[5.0..11.0]	[0.0..0.7]	[0.909..1.343]	[339475.7..501557.6]	[0.252..0.329]	[1.0..1.0]	[0.94..0.95]	[351052.97..354787.56]	[0.258..0.26]	[1.0..1.0]	0.847188	[287599.72..424913.6]
Group-1	PS 38:3:0	305.25	240116_PS_FTMSMS-_4.mzXML	30.0	579099.7	0.0	0.0	[5.0..11.0]	[0.0..0.1]	[0.959..1.17]	[555356.6..677546.6]	[0.222..0.258]	[1.0..1.0]	[0.957..1.075]	[554198.44..622532.2]	[0.221..0.242]	[1.0..1.0]	0.847188	[470491.44..574009.4]
Group-1	PS 38:3:0	305.25	240116_PS_FTMSMS-_4.mzXML	35.0	585671.0	0.0	0.0	[5.0..11.0]	[0.0..0.7]	[1.031..1.44]	[603826.8..843366.25]	[0.21..0.27]	[1.0..1.0]	[1.014..1.322]	[593870.44..774257.06]	[0.207..0.254]	[1.0..1.0]	0.847188	[511554.8..714489.75]
Group-1	PS 38:3:0	307.26	240116_PS_FTMSMS-_4.mzXML	25.0	145815.1	0.0	0.0	[11.0..11.0]	[0.0..0.0]	[0.883..0.883]	[128754.73..128754.73]	[0.464..0.464]	[0.58..0.62]	[0.883..0.883]	[128754.73..128754.73]	[0.464..0.464]	[0.58..0.619]	0.847188	[109079.46..109079.46]
Group-1	PS 38:3:0	307.26	240116_PS_FTMSMS-_4.mzXML	30.0	298757.4	0.0	0.0	[11.0..11.0]	[0.0..0.0]	[0.888..0.888]	[265296.6..265296.6]	[0.452..0.452]	[0.58..0.62]	[0.888..0.888]	[265296.6..265296.6]	[0.452..0.452]	[0.58..0.619]	0.847188	[224756.08..224756.08]
Group-1	PS 38:3:0	307.26	240116_PS_FTMSMS-_4.mzXML	35.0	344901.3	0.0	0.0	[11.0..11.0]	[0.0..0.0]	[0.897..0.897]	[309376.47..309376.47]	[0.448..0.448]	[0.58..0.62]	[0.897..0.897]	[309376.47..309376.47]	[0.448..0.448]	[0.58..0.619]	0.847188	[262100.05..262100.05]
Group-1	PS 38:4:0	281.25	240116_PS_FTMSMS-_4.mzXML	25.0	694652.0	0.0	0.0	[9.0..9.0]	[1.0..1.0]	[0.928..0.928]	[644637.06..644637.06]	[0.912..0.912]	[0.0..0.0]	[0.928..0.928]	[644637.06..644637.06]	[0.909..0.91]	[0.0..0.0]	0.8489996	[547296.6..547296.6]
Group-1	PS 38:4:0	281.25	240116_PS_FTMSMS-_4.mzXML	30.0	1912427.0	0.0	0.0	[9.0..9.0]	[1.0..1.0]	[0.914..0.914]	[1747958.2..1747958.2]	[0.954..0.959]	[0.0..0.0]	[0.914..0.914]	[1747958.2..1747958.2]	[0.955..0.959]	[0.0..0.0]	0.8489996	[1484015.9..1484015.9]
Group-1	PS 38:4:0	281.25	240116_PS_FTMSMS-_4.mzXML	35.0	2347484.0	0.0	0.0	[9.0..9.0]	[1.0..1.0]	[0.904..0.904]	[2122125.5..2122125.5]	[0.946..0.958]	[0.0..0.0]	[0.904..0.904]	[2122125.5..2122125.5]	[0.947..0.959]	[0.0..0.0]	0.8489996	[1801683.8..1801683.8]
Group-1	PS 38:4:0	283.26	240116_PS_FTMSMS-_4.mzXML	25.0	3515801.0	0.0	0.0	[0.0..0.0]	[0.0..1.0]	[0.986..1.005]	[3466579.8..3533380.0]	[0.82..0.828]	[0.0..0.0]	[0.986..0.986]	[3466579.8..3466579.8]	[0.818..0.823]	[0.0..0.0]	0.8489996	[2943125.0..2999838.2]
Group-1	PS 38:4:0	283.26	240116_PS_FTMSMS-_4.mzXML	30.0	8447634.0	0.0	0.0	[0.0..0.0]	[0.0..1.0]	[0.968..0.978]	[8177309.5..8261786.0]	[0.871..0.885]	[0.0..0.0]	[0.968..0.968]	[8177309.5..8177309.5]	[0.869..0.886]	[0.0..0.0]	0.8489996	[6942532.5..7014253.0]
Group-1	PS 38:4:0	283.26	240116_PS_FTMSMS-_4.mzXML	35.0	1.1252564E7	0.0	0.0	[0.0..0.0]	[1.0..1.0]	[0.963..0.963]	[1.0836219E7..1.0836219E7]	[0.884..0.91]	[0.0..0.0]	[0.963..0.963]	[1.0836219E7..1.0836219E7]	[0.885..0.911]	[0.0..0.0]	0.8489996	[9199946.0..9199946.0]
Group-1	PS 38:4:0	303.23	240116_PS_FTMSMS-_4.mzXML	25.0	746778.8	0.0	0.0	[5.0..8.0]	[0.0..1.0]	[0.965..1.036]	[720641.56..773662.9]	[0.172..0.18]	[1.0..1.0]	[0.996..1.036]	[743791.7..773662.9]	[0.177..0.182]	[1.0..1.0]	0.8489996	[611824.4..656839.5]
Group-1	PS 38:4:0	303.23	240116_PS_FTMSMS-_4.mzXML	30.0	923939.0	0.0	0.0	[5.0..8.0]	[0.0..1.0]	[1.147..1.33]	[1059758.0..1228838.9]	[0.115..0.129]	[1.0..1.0]	[1.142..1.33]	[1055138.2..1228838.9]	[0.114..0.131]	[1.0..1.0]	0.8489996	[899734.1..1043283.8]
Group-1	PS 38:4:0	303.23	240116_PS_FTMSMS-_4.mzXML	35.0	735350.3	0.0	0.0	[5.0..8.0]	[0.0..0.0]	[1.462..1.927]	[1075082.1..1417020.1]	[0.09..0.116]	[1.0..1.0]	[1.444..1.906]	[1061845.9..1401577.8]	[0.089..0.115]	[1.0..1.0]	0.8489996	[912744.3..1203049.5]
Group-1	PS 38:4:0	305.25	240116_PS_FTMSMS-_4.mzXML	25.0	68024.4	0.0	0.0	[5.0..11.0]	[0.0..0.0]	[0.909..0.917]	[61834.176..62378.375]	[0.088..0.088]	[1.0..1.0]	[0.94..0.95]	[63942.934..64623.176]	[0.09..0.091]	[1.0..1.0]	0.8489996	[52497.19..52959.215]
Group-1	PS 38:4:0	305.25	240116_PS_FTMSMS-_4.mzXML	30.0	77348.6	0.0	0.0	[5.0..11.0]	[0.0..0.0]	[0.959..1.078]	[74177.305..83381.79]	[0.041..0.046]	[1.0..1.0]	[0.957..1.075]	[74022.61..83149.75]	[0.041..0.045]	[1.0..1.0]	0.8489996	[62976.504..70791.1]
Group-1	PS 38:4:0	305.25	240116_PS_FTMSMS-_4.mzXML	35.0	89588.2	0.0	0.0	[5.0..11.0]	[0.0..0.0]	[1.031..1.339]	[92365.44..119958.6]	[0.042..0.054]	[1.0..1.0]	[1.014..1.322]	[90842.445..118435.61]	[0.041..0.053]	[1.0..1.0]	0.8489996	[78418.23..101844.81]
Group-1	PS 38:5:0	255.23	240116_PS_FTMSMS-_4.mzXML	25.0	104411.6	0.0	0.0	[0.0..0.0]	[1.0..1.0]	[1.0..1.0]	[104411.6..104411.6]	[0.737..0.749]	[0.0..0.0]	[1.0..1.0]	[104411.6..104411.6]	[0.727..0.744]	[0.0..0.0]	0.8508197	[88835.445..88835.445]
Group-1	PS 38:5:0	255.23	240116_PS_FTMSMS-_4.mzXML	30.0	191980.2	0.0	0.0	[0.0..0.0]	[1.0..1.0]	[1.0..1.0]	[191980.2..191980.2]	[0.763..0.804]	[0.0..0.0]	[1.0..1.0]	[191980.2..191980.2]	[0.762..0.804]	[0.0..0.0]	0.8508197	[163340.55..163340.55]
Group-1	PS 38:5:0	255.23	240116_PS_FTMSMS-_4.mzXML	35.0	244150.4	0.0	0.0	[0.0..0.0]	[1.0..1.0]	[1.0..1.0]	[244150.4..244150.4]	[0.811..0.868]	[0.0..0.0]	[1.0..1.0]	[244150.4..244150.4]	[0.811..0.868]	[0.0..0.0]	0.8508197	[207727.98..207727.98]
Group-1	PS 38:5:0	281.25	240116_PS_FTMSMS-_4.mzXML	25.0	474893.8	0.0	0.0	[9.0..9.0]	[0.6..0.9]	[0.914..0.924]	[434052.94..438801.9]	[0.791..0.831]	[0.0..0.0]	[0.914..0.914]	[434052.94..434052.94]	[0.845..0.85]	[0.0..0.0]	0.8508197	[369300.78..373341.28]
Group-1	PS 38:5:0	281.25	240116_PS_FTMSMS-_4.mzXML	30.0	1225324.9	0.0	0.0	[9.0..9.0]	[0.6..1.0]	[0.914..0.916]	[1119946.9..1122397.6]	[0.87..0.905]	[0.0..0.0]	[0.914..0.914]	[1119946.9..1119946.9]	[0.892..0.905]	[0.0..0.0]	0.8508197	[952872.94..954958.0]
Group-1	PS 38:5:0	281.25	240116_PS_FTMSMS-_4.mzXML	35.0	1525990.2	0.0	0.0	[9.0..9.0]	[1.0..1.0]	[0.904..0.904]	[1379495.1..1379495.1]	[0.893..0.917]	[0.0..0.0]	[0.904..0.904]	[1379495.1..1379495.1]	[0.894..0.918]	[0.0..0.0]	0.8508197	[1173701.8..1173701.8]
Group-1	PS 38:5:0	303.23	240116_PS_FTMSMS-_4.mzXML	25.0	76845.4	0.0	0.0	[5.0..8.0]	[0.1..0.4]	[1.149..1.513]	[88295.37..116267.086]	[0.169..0.209]	[1.0..1.0]	[0.996..1.036]	[76538.016..79611.836]	[0.15..0.155]	[1.0..1.0]	0.8508197	[75123.44..98922.33]
Group-1	PS 38:5:0	303.23	240116_PS_FTMSMS-_4.mzXML	30.0	102348.0	0.0	0.0	[5.0..8.0]	[0.0..0.4]	[1.147..1.635]	[117393.15..167338.98]	[0.095..0.13]	[1.0..1.0]	[1.142..1.33]	[116881.414..136122.84]	[0.095..0.108]	[1.0..1.0]	0.8508197	[99880.41..142375.3]
Group-1	PS 38:5:0	303.23	240116_PS_FTMSMS-_4.mzXML	35.0	85594.1	0.0	0.0	[5.0..8.0]	[0.0..0.0]	[1.462..1.927]	[125138.58..164939.84]	[0.083..0.107]	[1.0..1.0]	[1.444..1.906]	[123597.88..163142.36]	[0.082..0.106]	[1.0..1.0]	0.8508197	[106470.37..140334.06]
Group-1	PS 38:5:0	329.25	240116_PS_FTMSMS-_4.mzXML	25.0	33985.3	0.0	0.0	[4.0..7.0]	[0.0..0.0]	[1.028..1.094]	[34936.89..37179.914]	[0.251..0.263]	[1.0..1.0]	[1.056..1.153]	[35888.477..39185.05]	[0.256..0.273]	[1.0..1.0]	0.8508197	[29724.994..31633.406]
Group-1	PS 38:5:0	329.25	240116_PS_FTMSMS-_4.mzXML	30.0	34665.1	0.0	0.0	[4.0..7.0]	[0.0..0.0]	[1.352..1.717]	[46867.22..59519.98]	[0.196..0.237]	[1.0..1.0]	[1.347..1.731]	[46693.89..60005.29]	[0.196..0.238]	[1.0..1.0]	0.8508197	[39875.55..50640.773]
Group-1	PS 38:5:0	329.25	240116_PS_FTMSMS-_4.mzXML	35.0	18549.7	0.0	0.0	[4.0..7.0]	[0.0..0.0]	[2.01..3.073]	[37284.895..57003.227]	[0.132..0.189]	[1.0..1.0]	[2.006..3.077]	[37210.7..57077.42]	[0.132..0.189]	[1.0..1.0]	0.8508197	[31722.723..48499.465]
Group-1	PS 38:6:0	255.23	240116_PS_FTMSMS-_4.mzXML	25.0	126029.9	0.0	0.0	[0.0..0.0]	[0.0..1.0]	[1.0..1.0]	[126029.9..126029.9]	[0.744..0.756]	[0.0..0.0]	[1.0..1.0]	[126029.9..126029.9]	[0.744..0.744]	[0.0..0.0]	0.85263914	[107458.02..107458.02]
Group-1	PS 38:6:0	255.23	240116_PS_FTMSMS-_4.mzXML	30.0	231465.2	0.0	0.0	[0.0..0.0]	[0.0..0.0]	[1.0..1.0]	[231465.2..231465.2]	[0.771..0.771]	[0.0..0.0]	[1.0..1.0]	[231465.2..231465.2]	[0.771..0.771]	[0.0..0.0]	0.85263914	[197356.3..197356.3]
Group-1	PS 38:6:0	255.23	240116_PS_FTMSMS-_4.mzXML	35.0	272161.5	0.0	0.0	[0.0..0.0]	[1.0..1.0]	[1.0..1.0]	[272161.5..272161.5]	[0.799..0.799]	[0.0..0.0]	[1.0..1.0]	[272161.5..272161.5]	[0.799..0.799]	[0.0..0.0]	0.85263914	[232055.55..232055.55]
Group-1	PS 38:6:0	279.23	240116_PS_FTMSMS-_4.mzXML	25.0	6008.1	0.0	0.0	[9.0..9.0]	[1.0..1.0]	[0.909..0.909]	[5461.363..5461.363]	[0.843..0.847]	[0.0..0.0]	[0.909..0.909]	[5461.363..5461.363]	[0.838..0.843]	[0.0..0.0]	0.85263914	[4656.572..4656.572]
Group-1	PS 38:6:0	279.23	240116_PS_FTMSMS-_4.mzXML	30.0	12903.2	0.0	0.0	[9.0..9.0]	[0.6..1.0]	[0.919..0.92]	[11858.041..11870.944]	[0.822..0.868]	[0.0..0.0]	[0.919..0.919]	[11858.041..11858.041]	[0.85..0.868]	[0.0..0.0]	0.85263914	[10110.63..10121.632]
Group-1	PS 38:6:0	279.23	240116_PS_FTMSMS-_4.mzXML	35.0	16162.6	0.0	0.0	[9.0..9.0]	[0.6..1.0]	[0.95..0.959]	[15354.47..15499.933]	[0.862..0.899]	[0.0..0.0]	[0.95..0.95]	[15354.47..15354.47]	[0.872..0.9]	[0.0..0.0]	0.85263914	[13091.822..13215.85]
Group-1	PS 38:6:0	303.23	240116_PS_FTMSMS-_4.mzXML	25.0	1019.2	0.0	0.0	[5.0..8.0]	[0.0..0.0]	[0.965..0.998]	[983.528..1017.162]	[0.153..0.157]	[1.0..1.0]	[0.996..1.036]	[1015.1232..1055.8912]	[0.157..0.162]	[1.0..1.0]	0.85263914	[838.5945..867.27185]
Group-1	PS 38:6:0	303.23	240116_PS_FTMSMS-_4.mzXML	30.0	1572.2	0.0	0.0	[5.0..8.0]	[0.0..0.4]	[1.147..1.635]	[1803.313..2570.547]	[0.132..0.178]	[1.0..1.0]	[1.142..1.33]	[1795.4523..2091.0261]	[0.132..0.15]	[1.0..1.0]	0.85263914	[1537.5754..2191.7488]
Group-1	PS 38:6:0	303.23	240116_PS_FTMSMS-_4.mzXML	35.0	1184.2	0.0	0.0	[5.0..8.0]	[0.0..0.4]	[1.462..2.104]	[1731.3..2491.557]	[0.101..0.138]	[1.0..1.0]	[1.444..1.906]	[1709.9847..2257.0852]	[0.1..0.128]	[1.0..1.0]	0.85263914	[1476.1744..2124.399]
Group-1	PS 38:6:0	327.23	240116_PS_FTMSMS-_4.mzXML	25.0	30939.0	7029.5	0.22720514	[4.0..4.0]	[0.0..1.0]	[1.314..1.405]	[40653.848..43469.293]	[0.244..0.256]	[1.0..1.0]	[1.405..1.405]	[43469.293..43469.293]	[0.256..0.256]	[1.0..1.0]	0.85263914	[34663.062..37063.62]
Group-1	PS 38:6:0	327.23	240116_PS_FTMSMS-_4.mzXML	30.0	27407.9	10316.1	0.37639147	[4.0..4.0]	[1.0..1.0]	[2.513..2.513]	[68876.055..68876.055]	[0.229..0.229]	[1.0..1.0]	[2.513..2.513]	[68876.055..68876.055]	[0.229..0.229]	[1.0..1.0]	0.85263914	[58726.42..58726.42]
Group-1	PS 38:6:0	327.23	240116_PS_FTMSMS-_4.mzXML	35.0	12442.8	7121.0	0.5722988	[4.0..4.0]	[0.0..0.0]	[5.509..5.509]	[68547.38..68547.38]	[0.201..0.201]	[1.0..1.0]	[5.509..5.509]	[68547.38..68547.38]	[0.201..0.201]	[1.0..1.0]	0.85263914	[58446.18..58446.18]
Group-1	PS 39:0:0	283.26	240116_PS_FTMSMS-_4.mzXML	25.0	111568.8	0.0	0.0	[0.0..0.0]	[0.0..1.0]	[0.986..1.005]	[110006.83..112126.64]	[1.0..1.0]	[0.0..0.0]	[0.986..0.986]	[110006.836..110006.836]	[1.0..1.0]	[0.0..0.0]	0.8296493	[91267.09..93025.79]
Group-1	PS 39:0:0	283.26	240116_PS_FTMSMS-_4.mzXML	30.0	310186.6	0.0	0.0	[0.0..0.0]	[0.0..1.0]	[0.968..0.978]	[300260.62..303362.47]	[1.0..1.0]	[0.0..0.0]	[0.968..0.968]	[300260.62..300260.62]	[1.0..1.0]	[0.0..0.0]	0.8296493	[249111.02..251684.47]
Group-1	PS 39:0:0	283.26	240116_PS_FTMSMS-_4.mzXML	35.0	428504.9	0.0	0.0	[0.0..0.0]	[0.0..1.0]	[0.961..0.963]	[411793.22..412650.22]	[1.0..1.0]	[0.0..0.0]	[0.961..0.961]	[411793.22..411793.22]	[1.0..1.0]	[0.0..0.0]	0.8296493	[341643.97..342355.0]
Group-1	PS 39:0:0	325.31	240116_PS_FTMSMS-_4.mzXML	25.0	0.0	0.0	0.0	[0.0..0.0]	[0.0..1.0]	[1.001..1.035]	[0.0..0.0]	[0.0..0.0]	[1.0..1.0]	[1.035..1.035]	[0.0..0.0]	[0.0..0.0]	[1.0..1.0]	0.8296493	[0.0..0.0]
Group-1	PS 39:0:0	325.31	240116_PS_FTMSMS-_4.mzXML	30.0	-1.7	0.0	-0.0	[0.0..0.0]	[0.0..1.0]	[0.952..0.962]	[-1.635..-1.618]	[-0.0..-0.0]	[1.0..1.0]	[0.962..0.962]	[-1.6354..-1.6354]	[-0.0..-0.0]	[1.0..1.0]	0.8296493	[-1.3568085..-1.3427045]
Group-1	PS 39:0:0	325.31	240116_PS_FTMSMS-_4.mzXML	35.0	-1.7	0.0	-0.0	[0.0..0.0]	[0.0..1.0]	[0.922..0.927]	[-1.576..-1.567]	[-0.0..-0.0]	[1.0..1.0]	[0.927..0.927]	[-1.5759001..-1.5759001]	[-0.0..-0.0]	[1.0..1.0]	0.8296493	[-1.3074443..-1.3003924]
Group-1	PS 39:1:0	253.22	240116_PS_FTMSMS-_4.mzXML	25.0	0.0	0.0	0.0	[9.0..9.0]	[0.0..1.0]	[0.92..0.938]	[0.0..0.0]	[0.5..0.5]	[0.5..1.0]	[0.929..0.938]	[0.0..0.0]	[0.5..0.5]	[0.5..1.0]	0.8313721	[0.0..0.0]
Group-1	PS 39:1:0	253.22	240116_PS_FTMSMS-_4.mzXML	30.0	0.0	0.0	0.0	[9.0..9.0]	[0.0..1.0]	[0.953..0.972]	[0.0..0.0]	[0.5..0.5]	[0.5..1.0]	[0.963..0.972]	[0.0..0.0]	[0.5..0.5]	[0.5..1.0]	0.8313721	[0.0..0.0]
Group-1	PS 39:1:0	253.22	240116_PS_FTMSMS-_4.mzXML	35.0	0.0	0.0	0.0	[9.0..9.0]	[0.0..1.0]	[0.96..1.004]	[0.0..0.0]	[0.0..0.0]	[0.5..1.0]	[0.982..1.004]	[0.0..0.0]	[0.0..0.0]	[0.5..1.0]	0.8313721	[0.0..0.0]
Group-1	PS 39:1:0	267.23	240116_PS_FTMSMS-_4.mzXML	25.0	3032.5	0.0	0.0	[9.0..9.0]	[0.0..1.0]	[0.905..0.932]	[2744.412..2826.29]	[1.0..1.0]	[0.0..0.55]	[0.905..0.92]	[2744.4124..2789.9001]	[1.0..1.0]	[0.0..0.548]	0.8313721	[2281.6277..2349.6985]
Group-1	PS 39:1:0	267.23	240116_PS_FTMSMS-_4.mzXML	30.0	4423.0	0.0	0.0	[9.0..9.0]	[0.0..1.0]	[0.932..0.944]	[4122.236..4175.312]	[0.527..0.529]	[0.0..0.55]	[0.932..0.939]	[4122.236..4153.1973]	[0.526..0.527]	[0.0..0.548]	0.8313721	[3427.1118..3471.2378]
Group-1	PS 39:1:0	267.23	240116_PS_FTMSMS-_4.mzXML	35.0	4100.6	0.0	0.0	[9.0..9.0]	[0.0..1.0]	[0.931..0.966]	[3817.659..3961.18]	[0.472..0.479]	[0.0..0.55]	[0.931..0.95]	[3817.6587..3895.57]	[0.471..0.475]	[0.0..0.548]	0.8313721	[3173.895..3293.2144]
Group-1	PS 39:1:0	281.25	240116_PS_FTMSMS-_4.mzXML	25.0	124425.6	0.0	0.0	[9.0..9.0]	[0.0..1.0]	[0.893..0.928]	[111112.06..115466.95]	[0.652..0.653]	[0.16..0.45]	[0.899..0.909]	[111858.62..113102.87]	[0.649..0.649]	[0.162..0.454]	0.8313721	[92375.46..95996.0]
Group-1	PS 39:1:0	281.25	240116_PS_FTMSMS-_4.mzXML	30.0	180947.1	0.0	0.0	[9.0..9.0]	[0.0..1.0]	[0.914..0.919]	[165385.64..166290.39]	[0.559..0.561]	[0.16..0.45]	[0.915..0.916]	[165566.6..165747.55]	[0.559..0.559]	[0.162..0.454]	0.8313721	[137497.0..138249.19]
Group-1	PS 39:1:0	281.25	240116_PS_FTMSMS-_4.mzXML	35.0	177151.8	0.0	0.0	[9.0..9.0]	[0.0..1.0]	[0.904..0.932]	[160145.22..165105.47]	[0.514..0.52]	[0.16..0.45]	[0.908..0.917]	[160853.83..162448.2]	[0.514..0.516]	[0.162..0.454]	0.8313721	[133140.27..137264.08]
Group-1	PS 39:1:0	283.26	240116_PS_FTMSMS-_4.mzXML	25.0	125041.1	0.0	0.0	[0.0..0.0]	[0.100000024..0.100000024]	[0.988..0.988]	[123540.6..123540.6]	[0.912..0.912]	[0.0..0.0]	[0.988..0.988]	[123540.6..123540.6]	[0.912..0.912]	[0.0..0.0]	0.8313721	[102708.21..102708.21]
Group-1	PS 39:1:0	283.26	240116_PS_FTMSMS-_4.mzXML	30.0	192498.2	0.0	0.0	[0.0..0.0]	[1.0..1.0]	[0.978..0.978]	[188263.23..188263.23]	[0.899..0.899]	[0.0..0.0]	[0.978..0.978]	[188263.23..188263.23]	[0.899..0.899]	[0.0..0.0]	0.8313721	[156516.8..156516.8]
Group-1	PS 39:1:0	283.26	240116_PS_FTMSMS-_4.mzXML	35.0	216411.5	0.0	0.0	[0.0..0.0]	[0.100000024..1.0]	[0.961..0.963]	[207971.45..208404.28]	[0.909..0.911]	[0.0..0.0]	[0.961..0.961]	[207971.45..207971.45]	[0.909..0.909]	[0.0..0.0]	0.8313721	[172901.67..173261.5]
Group-1	PS 39:1:0	295.26	240116_PS_FTMSMS-_4.mzXML	25.0	0.0	0.0	0.0	[9.0..9.0]	[0.0..1.0]	[0.885..0.925]	[0.0..0.0]	[0.5..0.5]	[0.0..1.0]	[0.885..0.925]	[0.0..0.0]	[0.5..0.5]	[0.0..1.0]	0.8313721	[0.0..0.0]
Group-1	PS 39:1:0	295.26	240116_PS_FTMSMS-_4.mzXML	30.0	149.6	0.0	0.0	[9.0..9.0]	[0.0..1.0]	[0.898..0.899]	[134.341..134.49]	[1.0..1.0]	[0.0..1.0]	[0.898..0.899]	[134.3408..134.4904]	[1.0..1.0]	[0.0..1.0]	0.8313721	[111.687195..111.81157]
Group-1	PS 39:1:0	295.26	240116_PS_FTMSMS-_4.mzXML	35.0	0.0	0.0	0.0	[9.0..9.0]	[0.0..1.0]	[0.88..0.902]	[0.0..0.0]	[0.0..0.0]	[0.0..1.0]	[0.88..0.902]	[0.0..0.0]	[0.0..0.0]	[0.0..1.0]	0.8313721	[0.0..0.0]
Group-1	PS 39:1:0	297.28	240116_PS_FTMSMS-_4.mzXML	25.0	8380.9	0.0	0.0	[0.0..0.0]	[0.0..0.0]	[0.986..0.986]	[8263.568..8263.568]	[0.522..0.522]	[0.24..0.45]	[0.986..0.986]	[8263.567..8263.567]	[0.522..0.522]	[0.24..0.451]	0.8313721	[6870.0996..6870.0996]
Group-1	PS 39:1:0	297.28	240116_PS_FTMSMS-_4.mzXML	30.0	19546.7	0.0	0.0	[0.0..0.0]	[0.0..1.0]	[0.958..0.97]	[18725.738..18960.299]	[0.578..0.58]	[0.24..0.45]	[0.961..0.963]	[18784.379..18823.47]	[0.578..0.578]	[0.24..0.451]	0.8313721	[15568.056..15763.063]
Group-1	PS 39:1:0	297.28	240116_PS_FTMSMS-_4.mzXML	35.0	22649.8	0.0	0.0	[0.0..0.0]	[1.0..1.0]	[0.947..0.947]	[21449.361..21449.361]	[0.614..0.614]	[0.24..0.45]	[0.947..0.947]	[21449.361..21449.361]	[0.614..0.614]	[0.24..0.451]	0.8313721	[17832.4..17832.4]
Group-1	PS 39:1:0	309.28	240116_PS_FTMSMS-_4.mzXML	25.0	8049.6	0.0	0.0	[11.0..11.0]	[1.0..1.0]	[0.939..0.939]	[7558.575..7558.575]	[0.478..0.478]	[0.55..0.76]	[0.939..0.939]	[7558.5747..7558.5747]	[0.478..0.478]	[0.549..0.76]	0.8313721	[6283.988..6283.988]
Group-1	PS 39:1:0	309.28	240116_PS_FTMSMS-_4.mzXML	30.0	15300.6	0.0	0.0	[11.0..11.0]	[0.0..1.0]	[0.892..0.898]	[13648.135..13739.938]	[0.42..0.422]	[0.55..0.76]	[0.895..0.897]	[13694.036..13724.638]	[0.422..0.422]	[0.549..0.76]	0.8313721	[11346.679..11423.001]
Group-1	PS 39:1:0	309.28	240116_PS_FTMSMS-_4.mzXML	35.0	15275.3	0.0	0.0	[11.0..11.0]	[0.0..0.0]	[0.884..0.884]	[13503.365..13503.365]	[0.386..0.386]	[0.55..0.76]	[0.884..0.884]	[13503.365..13503.365]	[0.386..0.386]	[0.549..0.76]	0.8313721	[11226.321..11226.321]
Group-1	PS 39:1:0	311.29	240116_PS_FTMSMS-_4.mzXML	25.0	0.0	0.0	0.0	[0.0..0.0]	[0.0..1.0]	[0.991..1.022]	[0.0..0.0]	[0.0..0.0]	[0.0..1.0]	[0.991..1.022]	[0.0..0.0]	[0.0..0.0]	[0.0..1.0]	0.8313721	[0.0..0.0]
Group-1	PS 39:1:0	311.29	240116_PS_FTMSMS-_4.mzXML	30.0	0.0	0.0	0.0	[0.0..0.0]	[0.0..1.0]	[0.953..0.965]	[0.0..0.0]	[0.0..0.0]	[0.0..1.0]	[0.953..0.965]	[0.0..0.0]	[0.0..0.0]	[0.0..1.0]	0.8313721	[0.0..0.0]
Group-1	PS 39:1:0	311.29	240116_PS_FTMSMS-_4.mzXML	35.0	2690.6	0.0	0.0	[0.0..0.0]	[0.0..1.0]	[0.933..0.935]	[2510.33..2515.711]	[1.0..1.0]	[0.0..1.0]	[0.933..0.935]	[2510.33..2515.7112]	[1.0..1.0]	[0.0..1.0]	0.8313721	[2087.0183..2091.492]
Group-1	PS 39:1:0	323.3	240116_PS_FTMSMS-_4.mzXML	25.0	12808.4	0.0	0.0	[11.0..11.0]	[0.9..0.9]	[0.929..0.929]	[11899.004..11899.004]	[0.088..0.088]	[1.0..1.0]	[0.929..0.929]	[11899.004..11899.004]	[0.088..0.088]	[1.0..1.0]	0.8313721	[9892.5..9892.5]
Group-1	PS 39:1:0	323.3	240116_PS_FTMSMS-_4.mzXML	30.0	24251.9	0.0	0.0	[11.0..11.0]	[0.0..0.0]	[0.875..0.875]	[21220.412..21220.412]	[0.101..0.101]	[1.0..1.0]	[0.875..0.875]	[21220.412..21220.412]	[0.101..0.101]	[1.0..1.0]	0.8313721	[17642.059..17642.059]
Group-1	PS 39:1:0	323.3	240116_PS_FTMSMS-_4.mzXML	35.0	24421.1	0.0	0.0	[11.0..11.0]	[0.0..0.9]	[0.833..0.853]	[20342.775..20831.197]	[0.089..0.091]	[1.0..1.0]	[0.853..0.853]	[20831.197..20831.197]	[0.091..0.091]	[1.0..1.0]	0.8313721	[16912.416..17318.475]
Group-1	PS 39:1:0	325.31	240116_PS_FTMSMS-_4.mzXML	25.0	59336.7	0.0	0.0	[0.0..0.0]	[0.0..1.0]	[1.001..1.035]	[59396.04..61413.48]	[0.347..0.348]	[0.55..0.84]	[1.02..1.03]	[60523.434..61116.797]	[0.351..0.351]	[0.546..0.838]	0.8313721	[49380.207..51057.453]
Group-1	PS 39:1:0	325.31	240116_PS_FTMSMS-_4.mzXML	30.0	136110.3	0.0	0.0	[0.0..0.0]	[0.0..1.0]	[0.952..0.962]	[129577.01..130938.11]	[0.439..0.441]	[0.55..0.84]	[0.958..0.96]	[130393.664..130665.88]	[0.441..0.441]	[0.546..0.838]	0.8313721	[107726.71..108858.29]
Group-1	PS 39:1:0	325.31	240116_PS_FTMSMS-_4.mzXML	35.0	164379.5	0.0	0.0	[0.0..0.0]	[0.0..1.0]	[0.922..0.927]	[151557.89..152379.8]	[0.48..0.486]	[0.55..0.84]	[0.925..0.926]	[152051.05..152215.42]	[0.484..0.486]	[0.546..0.838]	0.8313721	[126001.01..126684.31]
Group-1	PS 39:1:0	339.32	240116_PS_FTMSMS-_4.mzXML	25.0	0.0	0.0	0.0	[0.0..0.0]	[0.0..1.0]	[1.016..1.052]	[0.0..0.0]	[0.0..0.0]	[0.45..1.0]	[1.032..1.052]	[0.0..0.0]	[0.0..0.0]	[0.452..1.0]	0.8313721	[0.0..0.0]
Group-1	PS 39:1:0	339.32	240116_PS_FTMSMS-_4.mzXML	30.0	3875.2	0.0	0.0	[0.0..0.0]	[0.0..1.0]	[0.955..0.961]	[3700.816..3724.067]	[0.471..0.473]	[0.45..1.0]	[0.958..0.961]	[3712.4417..3724.0671]	[0.473..0.474]	[0.452..1.0]	0.8313721	[3076.7551..3096.0857]
Group-1	PS 39:1:0	339.32	240116_PS_FTMSMS-_4.mzXML	35.0	4674.3	0.0	0.0	[0.0..0.0]	[0.0..1.0]	[0.912..0.921]	[4262.962..4305.031]	[0.521..0.528]	[0.45..1.0]	[0.916..0.921]	[4281.6587..4305.0303]	[0.525..0.529]	[0.452..1.0]	0.8313721	[3544.107..3579.0818]
Group-1	PS 39:1:0	353.34	240116_PS_FTMSMS-_4.mzXML	25.0	0.0	0.0	0.0	[0.0..0.0]	[0.0..1.0]	[1.036..1.072]	[0.0..0.0]	[0.0..0.0]	[0.0..1.0]	[1.036..1.072]	[0.0..0.0]	[0.0..0.0]	[0.0..1.0]	0.8313721	[0.0..0.0]
Group-1	PS 39:1:0	353.34	240116_PS_FTMSMS-_4.mzXML	30.0	0.0	0.0	0.0	[0.0..0.0]	[0.0..1.0]	[0.962..0.963]	[0.0..0.0]	[0.0..0.0]	[0.0..1.0]	[0.962..0.963]	[0.0..0.0]	[0.0..0.0]	[0.0..1.0]	0.8313721	[0.0..0.0]
Group-1	PS 39:1:0	353.34	240116_PS_FTMSMS-_4.mzXML	35.0	2840.7	0.0	0.0	[0.0..0.0]	[0.0..1.0]	[0.903..0.919]	[2565.152..2610.603]	[1.0..1.0]	[0.0..1.0]	[0.903..0.919]	[2565.152..2610.6033]	[1.0..1.0]	[0.0..1.0]	0.8313721	[2132.596..2170.3828]
Group-1	PS 39:2:0	281.25	240116_PS_FTMSMS-_4.mzXML	25.0	91080.2	0.0	0.0	[9.0..9.0]	[1.0..1.0]	[0.928..0.928]	[84522.43..84522.43]	[0.823..0.823]	[0.0..0.0]	[0.928..0.928]	[84522.43..84522.43]	[0.823..0.823]	[0.0..0.0]	0.8331112	[70416.58..70416.58]
Group-1	PS 39:2:0	281.25	240116_PS_FTMSMS-_4.mzXML	30.0	165072.4	0.0	0.0	[9.0..9.0]	[1.0..1.0]	[0.914..0.914]	[150876.17..150876.17]	[0.779..0.779]	[0.0..0.0]	[0.914..0.914]	[150876.17..150876.17]	[0.779..0.779]	[0.0..0.0]	0.8331112	[125696.63..125696.63]
Group-1	PS 39:2:0	281.25	240116_PS_FTMSMS-_4.mzXML	35.0	188589.2	0.0	0.0	[9.0..9.0]	[1.0..1.0]	[0.904..0.904]	[170484.64..170484.64]	[0.776..0.776]	[0.0..0.0]	[0.904..0.904]	[170484.64..170484.64]	[0.776..0.776]	[0.0..0.0]	0.8331112	[142032.66..142032.66]
Group-1	PS 39:2:0	283.26	240116_PS_FTMSMS-_4.mzXML	25.0	91262.4	0.0	0.0	[0.0..0.0]	[0.100000024..0.100000024]	[0.988..0.988]	[90167.25..90167.25]	[0.933..0.933]	[0.0..0.0]	[0.988..0.988]	[90167.25..90167.25]	[0.933..0.933]	[0.0..0.0]	0.8331112	[75119.34..75119.34]
Group-1	PS 39:2:0	283.26	240116_PS_FTMSMS-_4.mzXML	30.0	230147.5	0.0	0.0	[0.0..0.0]	[1.0..1.0]	[0.978..0.978]	[225084.25..225084.25]	[0.953..0.953]	[0.0..0.0]	[0.978..0.978]	[225084.25..225084.25]	[0.953..0.953]	[0.0..0.0]	0.8331112	[187520.22..187520.22]
Group-1	PS 39:2:0	283.26	240116_PS_FTMSMS-_4.mzXML	35.0	287065.2	0.0	0.0	[0.0..0.0]	[0.100000024..1.0]	[0.961..0.963]	[275869.66..276443.78]	[0.959..0.96]	[0.0..0.0]	[0.961..0.961]	[275869.66..275869.66]	[0.959..0.959]	[0.0..0.0]	0.8331112	[229830.11..230308.42]
Group-1	PS 39:2:0	295.26	240116_PS_FTMSMS-_4.mzXML	25.0	6074.0	0.0	0.0	[9.0..9.0]	[0.3..0.3]	[0.897..0.897]	[5448.378..5448.378]	[0.465..0.465]	[0.25..0.58]	[0.897..0.897]	[5448.378..5448.378]	[0.465..0.465]	[0.253..0.578]	0.8331112	[4539.105..4539.105]
Group-1	PS 39:2:0	295.26	240116_PS_FTMSMS-_4.mzXML	30.0	16406.4	0.0	0.0	[9.0..9.0]	[1.0..1.0]	[0.898..0.898]	[14732.947..14732.947]	[0.59..0.59]	[0.25..0.58]	[0.898..0.898]	[14732.947..14732.947]	[0.59..0.59]	[0.253..0.578]	0.8331112	[12274.185..12274.185]
Group-1	PS 39:2:0	295.26	240116_PS_FTMSMS-_4.mzXML	35.0	18686.7	0.0	0.0	[9.0..9.0]	[0.3..1.0]	[0.88..0.895]	[16444.295..16724.596]	[0.608..0.609]	[0.25..0.58]	[0.884..0.889]	[16519.043..16612.475]	[0.607..0.608]	[0.253..0.578]	0.8331112	[13699.927..13933.448]
Group-1	PS 39:2:0	309.28	240116_PS_FTMSMS-_4.mzXML	25.0	6771.3	0.0	0.0	[11.0..11.0]	[0.7..0.7]	[0.927..0.927]	[6276.995..6276.995]	[0.535..0.535]	[0.42..0.75]	[0.927..0.927]	[6276.9946..6276.9946]	[0.535..0.535]	[0.422..0.747]	0.8331112	[5229.435..5229.435]
Group-1	PS 39:2:0	309.28	240116_PS_FTMSMS-_4.mzXML	30.0	11416.1	0.0	0.0	[11.0..11.0]	[0.0..0.0]	[0.898..0.898]	[10251.657..10251.657]	[0.41..0.41]	[0.42..0.75]	[0.898..0.898]	[10251.657..10251.657]	[0.41..0.41]	[0.422..0.747]	0.8331112	[8540.771..8540.771]
Group-1	PS 39:2:0	309.28	240116_PS_FTMSMS-_4.mzXML	35.0	12221.6	0.0	0.0	[11.0..11.0]	[0.0..0.7]	[0.865..0.884]	[10571.684..10803.895]	[0.391..0.392]	[0.42..0.75]	[0.873..0.879]	[10669.457..10742.786]	[0.392..0.393]	[0.422..0.747]	0.8331112	[8807.389..9000.846]
Group-1	PS 39:2:0	321.28	240116_PS_FTMSMS-_4.mzXML	25.0	7142.9	0.0	0.0	[11.0..11.0]	[0.9..0.9]	[0.9..0.9]	[6428.61..6428.61]	[0.067..0.067]	[1.0..1.0]	[0.9..0.9]	[6428.61..6428.61]	[0.067..0.067]	[1.0..1.0]	0.8331112	[5355.747..5355.747]
Group-1	PS 39:2:0	321.28	240116_PS_FTMSMS-_4.mzXML	30.0	13000.6	0.0	0.0	[11.0..11.0]	[0.0..0.0]	[0.86..0.86]	[11180.516..11180.516]	[0.047..0.047]	[1.0..1.0]	[0.86..0.86]	[11180.516..11180.516]	[0.047..0.047]	[1.0..1.0]	0.8331112	[9314.613..9314.613]
Group-1	PS 39:2:0	321.28	240116_PS_FTMSMS-_4.mzXML	35.0	13692.3	0.0	0.0	[11.0..11.0]	[0.0..0.9]	[0.843..0.859]	[11542.608..11761.686]	[0.04..0.041]	[1.0..1.0]	[0.859..0.859]	[11761.686..11761.686]	[0.041..0.041]	[1.0..1.0]	0.8331112	[9616.277..9798.793]
Group-1	PS 39:2:0	323.3	240116_PS_FTMSMS-_4.mzXML	25.0	20443.8	0.0	0.0	[11.0..11.0]	[0.0..0.0]	[0.89..0.89]	[18194.982..18194.982]	[0.177..0.177]	[1.0..1.0]	[0.89..0.89]	[18194.982..18194.982]	[0.177..0.177]	[1.0..1.0]	0.8331112	[15158.443..15158.443]
Group-1	PS 39:2:0	323.3	240116_PS_FTMSMS-_4.mzXML	30.0	48858.0	0.0	0.0	[11.0..11.0]	[0.0..0.0]	[0.875..0.875]	[42750.754..42750.754]	[0.221..0.221]	[1.0..1.0]	[0.875..0.875]	[42750.75..42750.75]	[0.221..0.221]	[1.0..1.0]	0.8331112	[35616.13..35616.13]
Group-1	PS 39:2:0	323.3	240116_PS_FTMSMS-_4.mzXML	35.0	57757.1	0.0	0.0	[11.0..11.0]	[0.0..0.0]	[0.853..0.853]	[49266.81..49266.81]	[0.224..0.224]	[1.0..1.0]	[0.853..0.853]	[49266.81..49266.81]	[0.224..0.224]	[1.0..1.0]	0.8331112	[41044.73..41044.73]
Group-1	PS 39:3:0	283.26	240116_PS_FTMSMS-_4.mzXML	25.0	990167.5	0.0	0.0	[0.0..0.0]	[0.7..1.0]	[0.999..1.005]	[989177.4..995118.3]	[0.97..0.979]	[0.0..0.0]	[0.999..0.999]	[989177.4..989177.4]	[0.978..0.978]	[0.0..0.0]	0.8348496	[825814.3..830774.1]
Group-1	PS 39:3:0	283.26	240116_PS_FTMSMS-_4.mzXML	30.0	2530064.5	0.0	0.0	[0.0..0.0]	[1.0..1.0]	[0.978..0.978]	[2474403.0..2474403.0]	[0.983..0.985]	[0.0..0.0]	[0.978..0.978]	[2474403.0..2474403.0]	[0.983..0.985]	[0.0..0.0]	0.8348496	[2065754.2..2065754.2]
Group-1	PS 39:3:0	283.26	240116_PS_FTMSMS-_4.mzXML	35.0	3255605.2	0.0	0.0	[0.0..0.0]	[0.7..1.0]	[0.962..0.963]	[3131892.2..3135147.8]	[0.982..0.987]	[0.0..0.0]	[0.962..0.962]	[3131892.2..3131892.2]	[0.983..0.987]	[0.0..0.0]	0.8348496	[2614659.0..2617377.0]
Group-1	PS 39:3:0	319.26	240116_PS_FTMSMS-_4.mzXML	25.0	23651.7	0.0	0.0	[5.0..11.0]	[0.0..0.3]	[0.891..1.297]	[21073.664..30676.256]	[0.021..0.03]	[1.0..1.0]	[0.924..0.928]	[21854.17..21948.775]	[0.022..0.022]	[1.0..1.0]	0.8348496	[17593.34..25610.059]
Group-1	PS 39:3:0	319.26	240116_PS_FTMSMS-_4.mzXML	30.0	40439.7	0.0	0.0	[5.0..11.0]	[0.0..0.0]	[0.919..1.041]	[37164.086..42097.727]	[0.015..0.017]	[1.0..1.0]	[0.918..1.037]	[37123.645..41935.965]	[0.015..0.017]	[1.0..1.0]	0.8348496	[31026.422..35145.27]
Group-1	PS 39:3:0	319.26	240116_PS_FTMSMS-_4.mzXML	35.0	42678.2	0.0	0.0	[5.0..11.0]	[0.0..0.3]	[0.975..1.381]	[41611.246..58938.594]	[0.013..0.018]	[1.0..1.0]	[0.961..1.258]	[41013.75..53689.176]	[0.013..0.017]	[1.0..1.0]	0.8348496	[34739.133..49204.863]
Group-1	PS 39:4:0	269.25	240116_PS_FTMSMS-_4.mzXML	25.0	22210.2	0.0	0.0	[0.0..0.0]	[0.100000024..1.0]	[0.991..1.001]	[22010.307..22232.41]	[0.683..0.726]	[0.0..0.0]	[0.991..0.991]	[22010.307..22010.307]	[0.715..0.719]	[0.0..0.0]	0.83659583	[18413.732..18599.543]
Group-1	PS 39:4:0	269.25	240116_PS_FTMSMS-_4.mzXML	30.0	41752.6	0.0	0.0	[0.0..0.0]	[0.100000024..1.0]	[0.982..0.988]	[41001.055..41251.57]	[0.714..0.741]	[0.0..0.0]	[0.982..0.982]	[41001.055..41001.055]	[0.73..0.741]	[0.0..0.0]	0.83659583	[34301.31..34510.89]
Group-1	PS 39:4:0	269.25	240116_PS_FTMSMS-_4.mzXML	35.0	49743.9	0.0	0.0	[0.0..0.0]	[1.0..1.0]	[0.98..0.98]	[48749.02..48749.02]	[0.741..0.769]	[0.0..0.0]	[0.98..0.98]	[48749.02..48749.02]	[0.743..0.77]	[0.0..0.0]	0.83659583	[40783.23..40783.23]
Group-1	PS 39:4:0	281.25	240116_PS_FTMSMS-_4.mzXML	25.0	198069.8	0.0	0.0	[9.0..9.0]	[1.0..1.0]	[0.928..0.928]	[183808.77..183808.77]	[0.977..0.977]	[0.0..0.0]	[0.928..0.928]	[183808.77..183808.77]	[0.976..0.976]	[0.0..0.0]	0.83659583	[153773.64..153773.64]
Group-1	PS 39:4:0	281.25	240116_PS_FTMSMS-_4.mzXML	30.0	457684.8	0.0	0.0	[9.0..9.0]	[1.0..1.0]	[0.914..0.914]	[418323.9..418323.9]	[0.985..0.987]	[0.0..0.0]	[0.914..0.914]	[418323.9..418323.9]	[0.985..0.987]	[0.0..0.0]	0.83659583	[349968.06..349968.06]
Group-1	PS 39:4:0	281.25	240116_PS_FTMSMS-_4.mzXML	35.0	542873.8	0.0	0.0	[9.0..9.0]	[1.0..1.0]	[0.904..0.904]	[490757.9..490757.9]	[0.987..0.99]	[0.0..0.0]	[0.904..0.904]	[490757.9..490757.9]	[0.987..0.99]	[0.0..0.0]	0.83659583	[410566.03..410566.03]
Group-1	PS 39:4:0	283.26	240116_PS_FTMSMS-_4.mzXML	25.0	35978.0	0.0	0.0	[0.0..0.0]	[1.0..1.0]	[1.005..1.005]	[36157.89..36157.89]	[1.0..1.0]	[0.0..0.0]	[1.005..1.005]	[36157.89..36157.89]	[1.0..1.0]	[0.0..0.0]	0.83659583	[30249.54..30249.54]
Group-1	PS 39:4:0	283.26	240116_PS_FTMSMS-_4.mzXML	30.0	82981.7	0.0	0.0	[0.0..0.0]	[1.0..1.0]	[0.978..0.978]	[81156.1..81156.1]	[1.0..1.0]	[0.0..0.0]	[0.978..0.978]	[81156.1..81156.1]	[1.0..1.0]	[0.0..0.0]	0.83659583	[67894.86..67894.86]
Group-1	PS 39:4:0	283.26	240116_PS_FTMSMS-_4.mzXML	35.0	117304.5	0.0	0.0	[0.0..0.0]	[1.0..1.0]	[0.963..0.963]	[112964.234..112964.234]	[0.969..0.976]	[0.0..0.0]	[0.963..0.963]	[112964.234..112964.234]	[0.969..0.977]	[0.0..0.0]	0.83659583	[94505.41..94505.41]
Group-1	PS 39:4:0	297.28	240116_PS_FTMSMS-_4.mzXML	25.0	7738.9	0.0	0.0	[0.0..0.0]	[1.0..1.0]	[1.012..1.012]	[7831.767..7831.767]	[0.524..0.533]	[0.01..0.43]	[1.012..1.012]	[7831.7666..7831.7666]	[0.427..0.51]	[0.008..0.427]	0.83659583	[6552.0234..6552.0234]
Group-1	PS 39:4:0	297.28	240116_PS_FTMSMS-_4.mzXML	30.0	21253.6	0.0	0.0	[0.0..0.0]	[1.0..1.0]	[0.97..0.97]	[20615.992..20615.992]	[0.716..0.746]	[0.01..0.43]	[0.97..0.97]	[20615.992..20615.992]	[0.705..0.715]	[0.008..0.427]	0.83659583	[17247.254..17247.254]
Group-1	PS 39:4:0	297.28	240116_PS_FTMSMS-_4.mzXML	35.0	30957.4	0.0	0.0	[0.0..0.0]	[1.0..1.0]	[0.947..0.947]	[29316.658..29316.658]	[0.685..0.742]	[0.01..0.43]	[0.947..0.947]	[29316.658..29316.658]	[0.687..0.725]	[0.008..0.427]	0.83659583	[24526.195..24526.195]
Group-1	PS 39:4:0	303.23	240116_PS_FTMSMS-_4.mzXML	25.0	7123.3	0.0	0.0	[5.0..8.0]	[0.0..0.0]	[0.965..0.998]	[6873.984..7109.053]	[0.467..0.476]	[0.57..0.99]	[1.056..1.477]	[7522.2046..10521.114]	[0.49..0.573]	[0.573..0.992]	0.83659583	[5750.746..5947.4043]
Group-1	PS 39:4:0	303.23	240116_PS_FTMSMS-_4.mzXML	30.0	6123.3	0.0	0.0	[5.0..8.0]	[0.0..0.0]	[1.147..1.333]	[7023.425..8162.359]	[0.254..0.284]	[0.57..0.99]	[1.342..1.411]	[8217.469..8639.977]	[0.285..0.295]	[0.573..0.992]	0.83659583	[5875.7676..6828.5947]
Group-1	PS 39:4:0	303.23	240116_PS_FTMSMS-_4.mzXML	35.0	6980.7	0.0	0.0	[5.0..8.0]	[0.0..0.0]	[1.462..1.927]	[10205.784..13451.81]	[0.258..0.315]	[0.57..0.99]	[1.596..1.913]	[11141.197..13354.079]	[0.275..0.313]	[0.573..0.992]	0.83659583	[8538.116..11253.729]
Group-1	PS 39:4:0	317.25	240116_PS_FTMSMS-_4.mzXML	25.0	0.0	0.0	0.0	[5.0..8.0]	[0.0..0.0]	[0.933..0.966]	[0.0..0.0]	[0.0..0.0]	[1.0..1.0]	[0.964..1.004]	[0.0..0.0]	[0.0..0.0]	[1.0..1.0]	0.83659583	[0.0..0.0]
Group-1	PS 39:4:0	317.25	240116_PS_FTMSMS-_4.mzXML	30.0	0.0	0.0	0.0	[5.0..8.0]	[0.0..0.0]	[1.086..1.265]	[0.0..0.0]	[0.0..0.0]	[1.0..1.0]	[1.083..1.262]	[0.0..0.0]	[0.0..0.0]	[1.0..1.0]	0.83659583	[0.0..0.0]
Group-1	PS 39:4:0	317.25	240116_PS_FTMSMS-_4.mzXML	35.0	2004.0	0.0	0.0	[5.0..8.0]	[0.0..0.0]	[1.362..1.8]	[2729.448..3607.2]	[0.024..0.031]	[1.0..1.0]	[1.349..1.78]	[2703.396..3567.1199]	[0.023..0.031]	[1.0..1.0]	0.83659583	[2283.4448..3017.7686]
Group-1	PS 39:4:0	319.26	240116_PS_FTMSMS-_4.mzXML	25.0	4900.3	0.0	0.0	[5.0..11.0]	[0.0..0.0]	[0.891..0.895]	[4366.167..4385.768]	[0.023..0.023]	[1.0..1.0]	[0.924..0.928]	[4527.877..4547.478]	[0.024..0.024]	[1.0..1.0]	0.83659583	[3652.717..3669.1152]
Group-1	PS 39:4:0	319.26	240116_PS_FTMSMS-_4.mzXML	30.0	6087.4	0.0	0.0	[5.0..11.0]	[0.0..0.0]	[0.919..1.041]	[5594.321..6336.984]	[0.013..0.015]	[1.0..1.0]	[0.918..1.037]	[5588.233..6312.6333]	[0.013..0.015]	[1.0..1.0]	0.83659583	[4680.1855..5301.4937]
Group-1	PS 39:4:0	319.26	240116_PS_FTMSMS-_4.mzXML	35.0	5146.4	0.0	0.0	[5.0..11.0]	[0.0..0.0]	[0.975..1.279]	[5017.74..6582.246]	[0.01..0.013]	[1.0..1.0]	[0.961..1.258]	[4945.6904..6474.1714]	[0.01..0.013]	[1.0..1.0]	0.83659583	[4197.8203..5506.679]
Group-1	PS 39:4:0	331.26	240116_PS_FTMSMS-_4.mzXML	25.0	9208.9	0.0	0.0	[7.0..10.0]	[0.0..0.9]	[0.904..1.122]	[8324.846..10332.386]	[0.274..0.317]	[1.0..1.0]	[0.935..0.952]	[8610.322..8766.873]	[0.281..0.285]	[1.0..1.0]	0.83659583	[6964.5317..8644.031]
Group-1	PS 39:4:0	331.26	240116_PS_FTMSMS-_4.mzXML	30.0	14306.3	0.0	0.0	[7.0..10.0]	[0.0..0.9]	[1.001..1.154]	[14320.606..16509.47]	[0.259..0.286]	[1.0..1.0]	[1.002..1.062]	[14334.912..15193.291]	[0.259..0.27]	[1.0..1.0]	0.83659583	[11980.56..13811.754]
Group-1	PS 39:4:0	331.26	240116_PS_FTMSMS-_4.mzXML	35.0	12508.7	0.0	0.0	[7.0..10.0]	[0.0..0.0]	[1.169..1.363]	[14622.671..17049.36]	[0.231..0.259]	[1.0..1.0]	[1.163..1.349]	[14547.618..16874.236]	[0.23..0.257]	[1.0..1.0]	0.83659583	[12233.266..14263.423]
Group-1	PS 39:5:0	267.23	240116_PS_FTMSMS-_4.mzXML	25.0	498.6	0.0	0.0	[9.0..9.0]	[1.0..1.0]	[0.932..0.932]	[464.695..464.695]	[0.366..0.37]	[0.49..0.79]	[0.932..0.932]	[464.6952..464.6952]	[0.273..0.303]	[0.486..0.789]	0.8383587	[389.58127..389.58127]
Group-1	PS 39:5:0	267.23	240116_PS_FTMSMS-_4.mzXML	30.0	1264.4	0.0	0.0	[9.0..9.0]	[1.0..1.0]	[0.932..0.932]	[1178.421..1178.421]	[0.506..0.522]	[0.49..0.79]	[0.932..0.932]	[1178.4208..1178.4208]	[0.454..0.486]	[0.486..0.789]	0.8383587	[987.93933..987.93933]
Group-1	PS 39:5:0	267.23	240116_PS_FTMSMS-_4.mzXML	35.0	1360.6	0.0	0.0	[9.0..9.0]	[1.0..1.0]	[0.931..0.931]	[1266.719..1266.719]	[0.395..0.432]	[0.49..0.79]	[0.931..0.931]	[1266.7186..1266.7186]	[0.374..0.417]	[0.486..0.789]	0.8383587	[1061.9645..1061.9645]
Group-1	PS 39:5:0	269.25	240116_PS_FTMSMS-_4.mzXML	25.0	13444.3	0.0	0.0	[0.0..0.0]	[1.0..1.0]	[1.001..1.001]	[13457.745..13457.745]	[0.744..0.747]	[0.0..0.0]	[1.001..1.001]	[13457.745..13457.745]	[0.734..0.739]	[0.0..0.0]	0.8383587	[11282.417..11282.417]
Group-1	PS 39:5:0	269.25	240116_PS_FTMSMS-_4.mzXML	30.0	27013.5	0.0	0.0	[0.0..0.0]	[1.0..1.0]	[0.988..0.988]	[26689.338..26689.338]	[0.759..0.771]	[0.0..0.0]	[0.988..0.988]	[26689.338..26689.338]	[0.758..0.77]	[0.0..0.0]	0.8383587	[22375.238..22375.238]
Group-1	PS 39:5:0	269.25	240116_PS_FTMSMS-_4.mzXML	35.0	32160.5	0.0	0.0	[0.0..0.0]	[1.0..1.0]	[0.98..0.98]	[31517.293..31517.293]	[0.782..0.8]	[0.0..0.0]	[0.98..0.98]	[31517.291..31517.291]	[0.782..0.8]	[0.0..0.0]	0.8383587	[26422.795..26422.795]
Group-1	PS 39:5:0	295.26	240116_PS_FTMSMS-_4.mzXML	25.0	4667.1	0.0	0.0	[9.0..9.0]	[1.0..1.0]	[0.925..0.925]	[4317.068..4317.068]	[0.759..0.765]	[0.0..0.0]	[0.925..0.925]	[4317.068..4317.068]	[0.752..0.759]	[0.0..0.0]	0.8383587	[3619.2512..3619.2512]
Group-1	PS 39:5:0	295.26	240116_PS_FTMSMS-_4.mzXML	30.0	11886.9	0.0	0.0	[9.0..9.0]	[1.0..1.0]	[0.898..0.898]	[10674.437..10674.437]	[0.843..0.862]	[0.0..0.0]	[0.898..0.898]	[10674.437..10674.437]	[0.843..0.862]	[0.0..0.0]	0.8383587	[8949.007..8949.007]
Group-1	PS 39:5:0	295.26	240116_PS_FTMSMS-_4.mzXML	35.0	16882.0	0.0	0.0	[9.0..9.0]	[1.0..1.0]	[0.88..0.88]	[14856.16..14856.16]	[0.876..0.903]	[0.0..0.0]	[0.88..0.88]	[14856.16..14856.16]	[0.877..0.904]	[0.0..0.0]	0.8383587	[12454.791..12454.791]
Group-1	PS 39:5:0	303.23	240116_PS_FTMSMS-_4.mzXML	25.0	1376.6	0.0	0.0	[5.0..8.0]	[0.0..0.0]	[0.965..0.998]	[1328.419..1373.847]	[0.235..0.241]	[1.0..1.0]	[0.996..1.036]	[1371.0935..1426.1576]	[0.241..0.248]	[1.0..1.0]	0.8383587	[1113.6917..1151.7765]
Group-1	PS 39:5:0	303.23	240116_PS_FTMSMS-_4.mzXML	30.0	1495.6	0.0	0.0	[5.0..8.0]	[0.0..0.0]	[1.147..1.333]	[1715.453..1993.635]	[0.138..0.157]	[1.0..1.0]	[1.142..1.33]	[1707.9751..1989.1481]	[0.138..0.157]	[1.0..1.0]	0.8383587	[1438.165..1671.381]
Group-1	PS 39:5:0	303.23	240116_PS_FTMSMS-_4.mzXML	35.0	1092.7	0.0	0.0	[5.0..8.0]	[0.0..0.0]	[1.462..1.927]	[1597.527..2105.633]	[0.097..0.124]	[1.0..1.0]	[1.444..1.906]	[1577.8588..2082.686]	[0.096..0.123]	[1.0..1.0]	0.8383587	[1339.301..1765.2756]
Group-1	PS 39:5:0	329.25	240116_PS_FTMSMS-_4.mzXML	25.0	4233.8	586.2	0.1384572	[4.0..4.0]	[0.0..0.0]	[1.074..1.094]	[4547.101..4631.777]	[0.253..0.256]	[1.0..1.0]	[1.124..1.153]	[4758.791..4881.5713]	[0.261..0.266]	[1.0..1.0]	0.8383587	[3812.1016..3883.0903]
Group-1	PS 39:5:0	329.25	240116_PS_FTMSMS-_4.mzXML	30.0	4923.5	844.7	0.17156495	[4.2..4.9]	[0.0..0.0]	[1.607..1.717]	[7912.065..8453.649]	[0.229..0.241]	[1.0..1.0]	[1.616..1.731]	[7956.3765..8522.578]	[0.23..0.242]	[1.0..1.0]	0.8383587	[6633.1484..7087.191]
Group-1	PS 39:5:0	329.25	240116_PS_FTMSMS-_4.mzXML	35.0	2857.4	688.9	0.24109332	[4.5..4.9]	[0.0..0.0]	[2.754..3.073]	[7869.28..8780.79]	[0.2..0.218]	[1.0..1.0]	[2.756..3.077]	[7874.994..8792.219]	[0.2..0.218]	[1.0..1.0]	0.8383587	[6597.279..7361.4517]
Group-1	PS 39:5:0	331.26	240116_PS_FTMSMS-_4.mzXML	25.0	874.0	0.0	0.0	[7.0..10.0]	[0.0..0.0]	[0.904..0.921]	[790.096..804.954]	[0.63..0.634]	[0.21..0.51]	[1.224..1.418]	[1069.776..1239.332]	[0.697..0.727]	[0.211..0.514]	0.8383587	[662.38385..674.8402]
Group-1	PS 39:5:0	331.26	240116_PS_FTMSMS-_4.mzXML	30.0	1078.0	0.0	0.0	[7.0..10.0]	[0.0..0.0]	[1.001..1.066]	[1079.078..1149.148]	[0.478..0.494]	[0.21..0.51]	[1.158..1.317]	[1248.324..1419.7261]	[0.514..0.546]	[0.211..0.514]	0.8383587	[904.6545..963.3982]
Group-1	PS 39:5:0	331.26	240116_PS_FTMSMS-_4.mzXML	35.0	1422.7	0.0	0.0	[7.0..10.0]	[0.0..0.0]	[1.169..1.363]	[1663.136..1939.14]	[0.568..0.605]	[0.21..0.51]	[1.245..1.492]	[1771.2615..2122.6682]	[0.583..0.626]	[0.211..0.514]	0.8383587	[1394.3048..1625.695]
Group-1	PS 39:6:0	269.25	240116_PS_FTMSMS-_4.mzXML	25.0	20876.1	0.0	0.0	[0.0..0.0]	[1.0..1.0]	[1.001..1.001]	[20896.977..20896.977]	[0.751..0.751]	[0.0..0.0]	[1.001..1.001]	[20896.977..20896.977]	[0.751..0.751]	[0.0..0.0]	0.8401297	[17556.17..17556.17]
Group-1	PS 39:6:0	269.25	240116_PS_FTMSMS-_4.mzXML	30.0	34506.7	0.0	0.0	[0.0..0.0]	[1.0..1.0]	[0.988..0.988]	[34092.617..34092.617]	[0.776..0.776]	[0.0..0.0]	[0.988..0.988]	[34092.617..34092.617]	[0.776..0.776]	[0.0..0.0]	0.8401297	[28642.219..28642.219]
Group-1	PS 39:6:0	269.25	240116_PS_FTMSMS-_4.mzXML	35.0	40624.3	0.0	0.0	[0.0..0.0]	[1.0..1.0]	[0.98..0.98]	[39811.816..39811.816]	[0.774..0.774]	[0.0..0.0]	[0.98..0.98]	[39811.816..39811.816]	[0.774..0.774]	[0.0..0.0]	0.8401297	[33447.086..33447.086]
Group-1	PS 39:6:0	327.23	240116_PS_FTMSMS-_4.mzXML	25.0	5267.5	1057.0	0.20066445	[4.0..4.0]	[0.0..0.0]	[1.314..1.314]	[6921.495..6921.495]	[0.249..0.249]	[1.0..1.0]	[1.314..1.314]	[6921.495..6921.495]	[0.249..0.249]	[1.0..1.0]	0.8401297	[5814.953..5814.953]
Group-1	PS 39:6:0	327.23	240116_PS_FTMSMS-_4.mzXML	30.0	4013.8	1753.7	0.4369176	[4.0..4.0]	[0.0..0.0]	[2.457..2.457]	[9861.907..9861.907]	[0.224..0.224]	[1.0..1.0]	[2.457..2.457]	[9861.907..9861.907]	[0.224..0.224]	[1.0..1.0]	0.8401297	[8285.28..8285.28]
Group-1	PS 39:6:0	327.23	240116_PS_FTMSMS-_4.mzXML	35.0	2107.1	1197.9	0.5685065	[4.0..4.0]	[0.0..0.0]	[5.509..5.509]	[11608.014..11608.014]	[0.226..0.226]	[1.0..1.0]	[5.509..5.509]	[11608.014..11608.014]	[0.226..0.226]	[1.0..1.0]	0.8401297	[9752.237..9752.237]
Group-1	PS 40:1:0	281.25	240116_PS_FTMSMS-_4.mzXML	25.0	403251.0	0.0	0.0	[9.0..9.0]	[0.0..1.0]	[0.893..0.928]	[360103.16..374216.9]	[0.431..0.432]	[0.65..0.74]	[0.916..0.919]	[369377.9..370587.7]	[0.435..0.436]	[0.654..0.737]	0.8195229	[295112.78..306679.34]
Group-1	PS 40:1:0	281.25	240116_PS_FTMSMS-_4.mzXML	30.0	705005.6	0.0	0.0	[9.0..9.0]	[0.0..1.0]	[0.914..0.919]	[644375.1..647900.2]	[0.396..0.396]	[0.65..0.74]	[0.917..0.918]	[646490.1..647195.1]	[0.397..0.397]	[0.654..0.737]	0.8195229	[528080.2..530969.06]
Group-1	PS 40:1:0	281.25	240116_PS_FTMSMS-_4.mzXML	35.0	902935.7	0.0	0.0	[9.0..9.0]	[0.0..1.0]	[0.904..0.932]	[816253.9..841536.06]	[0.418..0.423]	[0.65..0.74]	[0.922..0.925]	[832506.7..835215.5]	[0.422..0.423]	[0.654..0.737]	0.8195229	[668938.75..689658.06]
Group-1	PS 40:1:0	283.26	240116_PS_FTMSMS-_4.mzXML	25.0	261864.1	0.0	0.0	[0.0..0.0]	[0.5..0.5]	[0.995..0.995]	[260554.78..260554.78]	[0.72..0.72]	[0.0..0.01]	[0.995..0.995]	[260554.78..260554.78]	[0.72..0.72]	[0.0..0.01]	0.8195229	[213530.61..213530.61]
Group-1	PS 40:1:0	283.26	240116_PS_FTMSMS-_4.mzXML	30.0	548858.0	0.0	0.0	[0.0..0.0]	[1.0..1.0]	[0.978..0.978]	[536783.1..536783.1]	[0.749..0.749]	[0.0..0.01]	[0.978..0.978]	[536783.1..536783.1]	[0.749..0.749]	[0.0..0.01]	0.8195229	[439906.06..439906.06]
Group-1	PS 40:1:0	283.26	240116_PS_FTMSMS-_4.mzXML	35.0	718536.1	0.0	0.0	[0.0..0.0]	[0.5..1.0]	[0.962..0.963]	[691231.75..691950.3]	[0.8..0.802]	[0.0..0.01]	[0.962..0.962]	[691231.75..691231.75]	[0.8..0.8]	[0.0..0.01]	0.8195229	[566480.25..567069.1]
Group-1	PS 40:1:0	309.28	240116_PS_FTMSMS-_4.mzXML	25.0	10063.4	0.0	0.0	[11.0..11.0]	[0.0..1.0]	[0.901..0.939]	[9067.124..9449.533]	[0.321..0.323]	[0.9..1.0]	[0.935..0.939]	[9409.279..9449.533]	[0.329..0.329]	[0.898..1.0]	0.8195229	[7430.7163..7744.1094]
Group-1	PS 40:1:0	309.28	240116_PS_FTMSMS-_4.mzXML	30.0	15049.3	0.0	0.0	[11.0..11.0]	[0.0..1.0]	[0.892..0.898]	[13423.976..13514.271]	[0.301..0.302]	[0.9..1.0]	[0.897..0.898]	[13499.222..13514.271]	[0.303..0.303]	[0.898..1.0]	0.8195229	[11001.256..11075.255]
Group-1	PS 40:1:0	309.28	240116_PS_FTMSMS-_4.mzXML	35.0	14830.6	0.0	0.0	[11.0..11.0]	[0.0..1.0]	[0.856..0.884]	[12694.993..13110.25]	[0.272..0.278]	[0.9..1.0]	[0.881..0.884]	[13065.758..13110.25]	[0.278..0.279]	[0.898..1.0]	0.8195229	[10403.838..10744.15]
Group-1	PS 40:1:0	311.29	240116_PS_FTMSMS-_4.mzXML	25.0	19393.0	0.0	0.0	[0.0..0.0]	[0.0..1.0]	[0.991..1.022]	[19218.463..19819.645]	[0.677..0.679]	[0.0..0.1]	[0.991..0.994]	[19218.463..19276.643]	[0.671..0.671]	[0.0..0.102]	0.8195229	[15749.971..16242.653]
Group-1	PS 40:1:0	311.29	240116_PS_FTMSMS-_4.mzXML	30.0	32598.7	0.0	0.0	[0.0..0.0]	[0.0..1.0]	[0.953..0.965]	[31066.56..31457.744]	[0.698..0.699]	[0.0..0.1]	[0.953..0.954]	[31066.56..31099.158]	[0.697..0.697]	[0.0..0.102]	0.8195229	[25459.758..25780.342]
Group-1	PS 40:1:0	311.29	240116_PS_FTMSMS-_4.mzXML	35.0	36326.6	0.0	0.0	[0.0..0.0]	[0.0..1.0]	[0.933..0.935]	[33892.72..33965.37]	[0.722..0.728]	[0.0..0.1]	[0.933..0.933]	[33892.72..33892.72]	[0.721..0.722]	[0.0..0.102]	0.8195229	[27775.861..27835.4]
Group-1	PS 40:1:0	337.31	240116_PS_FTMSMS-_4.mzXML	25.0	109775.9	0.0	0.0	[13.0..13.0]	[0.5..0.5]	[0.921..0.921]	[101103.6..101103.6]	[0.28..0.28]	[0.99..1.0]	[0.921..0.921]	[101103.6..101103.6]	[0.28..0.28]	[0.99..1.0]	0.8195229	[82856.72..82856.72]
Group-1	PS 40:1:0	337.31	240116_PS_FTMSMS-_4.mzXML	30.0	205554.0	0.0	0.0	[13.0..13.0]	[0.0..0.0]	[0.873..0.873]	[179448.64..179448.64]	[0.251..0.251]	[0.99..1.0]	[0.873..0.873]	[179448.64..179448.64]	[0.251..0.251]	[0.99..1.0]	0.8195229	[147062.28..147062.28]
Group-1	PS 40:1:0	337.31	240116_PS_FTMSMS-_4.mzXML	35.0	206368.4	0.0	0.0	[13.0..13.0]	[0.0..0.5]	[0.827..0.839]	[170666.67..173143.1]	[0.198..0.2]	[0.99..1.0]	[0.839..0.839]	[173143.1..173143.1]	[0.2..0.2]	[0.99..1.0]	0.8195229	[139865.25..141894.73]
Group-1	PS 40:1:0	339.32	240116_PS_FTMSMS-_4.mzXML	25.0	466994.3	0.0	0.0	[0.0..0.0]	[0.0..1.0]	[1.016..1.052]	[474466.25..491278.03]	[0.568..0.569]	[0.26..0.35]	[1.025..1.029]	[478669.16..480537.16]	[0.564..0.565]	[0.263..0.346]	0.8195229	[388835.94..402613.6]
Group-1	PS 40:1:0	339.32	240116_PS_FTMSMS-_4.mzXML	30.0	1027656.3	0.0	0.0	[0.0..0.0]	[0.0..1.0]	[0.955..0.961]	[981411.75..987577.75]	[0.604..0.604]	[0.26..0.35]	[0.957..0.957]	[983467.1..983467.1]	[0.603..0.603]	[0.263..0.346]	0.8195229	[804289.44..809342.56]
Group-1	PS 40:1:0	339.32	240116_PS_FTMSMS-_4.mzXML	35.0	1245690.4	0.0	0.0	[0.0..0.0]	[0.0..1.0]	[0.912..0.921]	[1136069.6..1147280.9]	[0.577..0.582]	[0.26..0.35]	[0.914..0.915]	[1138561.0..1139806.8]	[0.577..0.578]	[0.263..0.346]	0.8195229	[931035.06..940222.94]
Group-1	PS 40:2:0	281.25	240116_PS_FTMSMS-_4.mzXML	25.0	337404.2	0.0	0.0	[9.0..9.0]	[1.0..1.0]	[0.928..0.928]	[313111.06..313111.06]	[0.375..0.375]	[0.78..0.92]	[0.928..0.928]	[313111.06..313111.06]	[0.375..0.375]	[0.778..0.916]	0.8212088	[257129.56..257129.56]
Group-1	PS 40:2:0	281.25	240116_PS_FTMSMS-_4.mzXML	30.0	639518.2	0.0	0.0	[9.0..9.0]	[1.0..1.0]	[0.914..0.914]	[584519.6..584519.6]	[0.327..0.327]	[0.78..0.92]	[0.914..0.914]	[584519.6..584519.6]	[0.327..0.327]	[0.778..0.916]	0.8212088	[480012.62..480012.62]
Group-1	PS 40:2:0	281.25	240116_PS_FTMSMS-_4.mzXML	35.0	720161.4	0.0	0.0	[9.0..9.0]	[1.0..1.0]	[0.904..0.904]	[651025.9..651025.9]	[0.318..0.318]	[0.78..0.92]	[0.904..0.904]	[651025.9..651025.9]	[0.318..0.318]	[0.778..0.916]	0.8212088	[534628.1..534628.1]
Group-1	PS 40:2:0	283.26	240116_PS_FTMSMS-_4.mzXML	25.0	263472.7	0.0	0.0	[0.0..0.0]	[1.0..1.0]	[1.005..1.005]	[264790.06..264790.06]	[0.709..0.709]	[0.0..0.03]	[1.005..1.005]	[264790.06..264790.06]	[0.709..0.709]	[0.0..0.035]	0.8212088	[217447.9..217447.9]
Group-1	PS 40:2:0	283.26	240116_PS_FTMSMS-_4.mzXML	30.0	602169.7	0.0	0.0	[0.0..0.0]	[1.0..1.0]	[0.978..0.978]	[588921.94..588921.94]	[0.769..0.769]	[0.0..0.03]	[0.978..0.978]	[588921.94..588921.94]	[0.769..0.769]	[0.0..0.035]	0.8212088	[483627.88..483627.88]
Group-1	PS 40:2:0	283.26	240116_PS_FTMSMS-_4.mzXML	35.0	749549.9	0.0	0.0	[0.0..0.0]	[1.0..1.0]	[0.963..0.963]	[721816.5..721816.5]	[0.8..0.8]	[0.0..0.03]	[0.963..0.963]	[721816.5..721816.5]	[0.8..0.8]	[0.0..0.035]	0.8212088	[592762.06..592762.06]
Group-1	PS 40:2:0	309.28	240116_PS_FTMSMS-_4.mzXML	25.0	63258.5	0.0	0.0	[11.0..11.0]	[0.5..0.5]	[0.953..0.953]	[60285.35..60285.35]	[0.5..0.5]	[0.5..0.5]	[0.953..0.953]	[60285.35..60285.35]	[0.5..0.5]	[0.5..0.5]	0.8212088	[49506.86..49506.86]
Group-1	PS 40:2:0	309.28	240116_PS_FTMSMS-_4.mzXML	30.0	129033.8	0.0	0.0	[11.0..11.0]	[0.5..0.5]	[0.895..0.895]	[115485.24..115485.24]	[0.5..0.5]	[0.5..0.5]	[0.895..0.895]	[115485.24..115485.24]	[0.5..0.5]	[0.5..0.5]	0.8212088	[94837.5..94837.5]
Group-1	PS 40:2:0	309.28	240116_PS_FTMSMS-_4.mzXML	35.0	167797.9	0.0	0.0	[11.0..11.0]	[0.5..0.5]	[0.848..0.848]	[142292.62..142292.62]	[0.5..0.5]	[0.5..0.5]	[0.848..0.848]	[142292.62..142292.62]	[0.5..0.5]	[0.5..0.5]	0.8212088	[116851.945..116851.945]
Group-1	PS 40:2:0	335.29	240116_PS_FTMSMS-_4.mzXML	25.0	121492.1	0.0	0.0	[13.0..13.0]	[0.0..0.0]	[0.893..0.893]	[108492.445..108492.445]	[0.291..0.291]	[0.97..1.0]	[0.893..0.893]	[108492.445..108492.445]	[0.291..0.291]	[0.965..1.0]	0.8212088	[89094.95..89094.95]
Group-1	PS 40:2:0	335.29	240116_PS_FTMSMS-_4.mzXML	30.0	204413.6	0.0	0.0	[13.0..13.0]	[0.0..0.0]	[0.867..0.867]	[177226.58..177226.58]	[0.231..0.231]	[0.97..1.0]	[0.867..0.867]	[177226.58..177226.58]	[0.231..0.231]	[0.965..1.0]	0.8212088	[145540.02..145540.02]
Group-1	PS 40:2:0	335.29	240116_PS_FTMSMS-_4.mzXML	35.0	212945.1	0.0	0.0	[13.0..13.0]	[0.0..0.0]	[0.848..0.848]	[180577.44..180577.44]	[0.2..0.2]	[0.97..1.0]	[0.848..0.848]	[180577.44..180577.44]	[0.2..0.2]	[0.965..1.0]	0.8212088	[148291.77..148291.77]
Group-1	PS 40:2:0	337.31	240116_PS_FTMSMS-_4.mzXML	25.0	578467.5	0.0	0.0	[13.0..13.0]	[0.0..0.0]	[0.901..0.901]	[521199.22..521199.22]	[0.625..0.625]	[0.08..0.22]	[0.901..0.901]	[521199.22..521199.22]	[0.625..0.625]	[0.084..0.222]	0.8212088	[428013.38..428013.38]
Group-1	PS 40:2:0	337.31	240116_PS_FTMSMS-_4.mzXML	30.0	1376333.8	0.0	0.0	[13.0..13.0]	[0.0..0.0]	[0.873..0.873]	[1201539.4..1201539.4]	[0.673..0.673]	[0.08..0.22]	[0.873..0.873]	[1201539.4..1201539.4]	[0.673..0.673]	[0.084..0.222]	0.8212088	[986714.7..986714.7]
Group-1	PS 40:2:0	337.31	240116_PS_FTMSMS-_4.mzXML	35.0	1663960.8	0.0	0.0	[13.0..13.0]	[0.0..0.0]	[0.839..0.839]	[1396063.0..1396063.0]	[0.682..0.682]	[0.08..0.22]	[0.839..0.839]	[1396063.0..1396063.0]	[0.682..0.682]	[0.084..0.222]	0.8212088	[1146459.2..1146459.2]
Group-1	PS 40:3:0	281.25	240116_PS_FTMSMS-_4.mzXML	25.0	103639.8	0.0	0.0	[9.0..9.0]	[1.0..1.0]	[0.928..0.928]	[96177.73..96177.73]	[0.499..0.499]	[0.5..0.63]	[0.928..0.928]	[96177.73..96177.73]	[0.499..0.499]	[0.502..0.628]	0.82289374	[79144.05..79144.05]
Group-1	PS 40:3:0	281.25	240116_PS_FTMSMS-_4.mzXML	30.0	211518.4	0.0	0.0	[9.0..9.0]	[1.0..1.0]	[0.914..0.914]	[193327.81..193327.81]	[0.488..0.488]	[0.5..0.63]	[0.914..0.914]	[193327.81..193327.81]	[0.488..0.488]	[0.502..0.628]	0.82289374	[159088.25..159088.25]
Group-1	PS 40:3:0	281.25	240116_PS_FTMSMS-_4.mzXML	35.0	206972.6	0.0	0.0	[9.0..9.0]	[1.0..1.0]	[0.904..0.904]	[187103.22..187103.22]	[0.444..0.444]	[0.5..0.63]	[0.904..0.904]	[187103.22..187103.22]	[0.444..0.444]	[0.502..0.628]	0.82289374	[153966.08..153966.08]
Group-1	PS 40:3:0	283.26	240116_PS_FTMSMS-_4.mzXML	25.0	1227439.8	0.0	0.0	[0.0..0.0]	[0.39999998..0.39999998]	[0.993..0.993]	[1218847.6..1218847.6]	[0.71..0.71]	[0.0..0.03]	[0.993..0.993]	[1218847.6..1218847.6]	[0.71..0.71]	[0.0..0.033]	0.82289374	[1002982.1..1002982.1]
Group-1	PS 40:3:0	283.26	240116_PS_FTMSMS-_4.mzXML	30.0	2571112.5	0.0	0.0	[0.0..0.0]	[0.39999998..1.0]	[0.972..0.978]	[2499121.2..2514548.0]	[0.752..0.753]	[0.0..0.03]	[0.972..0.972]	[2499121.2..2499121.2]	[0.751..0.751]	[0.0..0.033]	0.82289374	[2056511.4..2069205.9]
Group-1	PS 40:3:0	283.26	240116_PS_FTMSMS-_4.mzXML	35.0	3035990.5	0.0	0.0	[0.0..0.0]	[1.0..1.0]	[0.963..0.963]	[2923658.8..2923658.8]	[0.776..0.776]	[0.0..0.03]	[0.963..0.963]	[2923658.8..2923658.8]	[0.776..0.776]	[0.0..0.033]	0.82289374	[2405860.5..2405860.5]
Group-1	PS 40:3:0	333.28	240116_PS_FTMSMS-_4.mzXML	25.0	525774.6	0.0	0.0	[13.0..13.0]	[0.6..0.6]	[0.948..0.948]	[498434.34..498434.34]	[0.29..0.29]	[0.97..1.0]	[0.948..0.948]	[498434.34..498434.34]	[0.29..0.29]	[0.967..1.0]	0.82289374	[410158.53..410158.53]
Group-1	PS 40:3:0	333.28	240116_PS_FTMSMS-_4.mzXML	30.0	888979.3	0.0	0.0	[13.0..13.0]	[0.0..0.6]	[0.928..0.93]	[824972.75..826750.75]	[0.247..0.248]	[0.97..1.0]	[0.93..0.93]	[826750.75..826750.75]	[0.249..0.249]	[0.967..1.0]	0.82289374	[678864.94..680328.0]
Group-1	PS 40:3:0	333.28	240116_PS_FTMSMS-_4.mzXML	35.0	881691.2	0.0	0.0	[13.0..13.0]	[0.0..0.0]	[0.959..0.959]	[845541.8..845541.8]	[0.224..0.224]	[0.97..1.0]	[0.959..0.959]	[845541.8..845541.8]	[0.224..0.224]	[0.967..1.0]	0.82289374	[695791.1..695791.1]
Group-1	PS 40:3:0	335.29	240116_PS_FTMSMS-_4.mzXML	25.0	108133.0	0.0	0.0	[13.0..13.0]	[0.0..0.0]	[0.893..0.893]	[96562.77..96562.77]	[0.501..0.501]	[0.37..0.5]	[0.893..0.893]	[96562.77..96562.77]	[0.501..0.501]	[0.372..0.498]	0.82289374	[79460.9..79460.9]
Group-1	PS 40:3:0	335.29	240116_PS_FTMSMS-_4.mzXML	30.0	234141.4	0.0	0.0	[13.0..13.0]	[0.0..0.0]	[0.867..0.867]	[203000.6..203000.6]	[0.512..0.512]	[0.37..0.5]	[0.867..0.867]	[203000.6..203000.6]	[0.512..0.512]	[0.372..0.498]	0.82289374	[167047.92..167047.92]
Group-1	PS 40:3:0	335.29	240116_PS_FTMSMS-_4.mzXML	35.0	276056.7	0.0	0.0	[13.0..13.0]	[0.0..0.0]	[0.848..0.848]	[234096.06..234096.06]	[0.556..0.556]	[0.37..0.5]	[0.848..0.848]	[234096.06..234096.06]	[0.556..0.556]	[0.372..0.498]	0.82289374	[192636.19..192636.19]
Group-1	PS 40:4:0	281.25	240116_PS_FTMSMS-_4.mzXML	25.0	182435.1	0.0	0.0	[9.0..9.0]	[0.6..0.6]	[0.914..0.914]	[166745.66..166745.66]	[0.592..0.592]	[0.04..0.3]	[0.914..0.914]	[166745.67..166745.67]	[0.592..0.592]	[0.041..0.295]	0.8245947	[137497.6..137497.6]
Group-1	PS 40:4:0	281.25	240116_PS_FTMSMS-_4.mzXML	30.0	391449.4	0.0	0.0	[9.0..9.0]	[0.6..1.0]	[0.914..0.916]	[357784.75..358567.66]	[0.653..0.653]	[0.04..0.3]	[0.914..0.915]	[357784.75..358176.22]	[0.653..0.653]	[0.041..0.295]	0.8245947	[295027.4..295672.97]
Group-1	PS 40:4:0	281.25	240116_PS_FTMSMS-_4.mzXML	35.0	452851.8	0.0	0.0	[9.0..9.0]	[1.0..1.0]	[0.904..0.904]	[409378.03..409378.03]	[0.701..0.701]	[0.04..0.3]	[0.904..0.904]	[409378.03..409378.03]	[0.701..0.701]	[0.041..0.295]	0.8245947	[337570.94..337570.94]
Group-1	PS 40:4:0	283.26	240116_PS_FTMSMS-_4.mzXML	25.0	4945414.0	0.0	0.0	[0.0..0.0]	[0.100000024..1.0]	[0.988..1.005]	[4886069.0..4970141.0]	[0.68..0.722]	[0.0..0.01]	[0.988..0.988]	[4886069.0..4886069.0]	[0.711..0.711]	[0.0..0.006]	0.8245947	[4029026.2..4098351.8]
Group-1	PS 40:4:0	283.26	240116_PS_FTMSMS-_4.mzXML	30.0	1.046499E7	0.0	0.0	[0.0..0.0]	[0.100000024..1.0]	[0.969..0.978]	[1.0140575E7..1.023476E7]	[0.732..0.757]	[0.0..0.01]	[0.969..0.969]	[1.0140575E7..1.0140575E7]	[0.746..0.756]	[0.0..0.006]	0.8245947	[8361864.0..8439529.0]
Group-1	PS 40:4:0	283.26	240116_PS_FTMSMS-_4.mzXML	35.0	1.2044687E7	0.0	0.0	[0.0..0.0]	[1.0..1.0]	[0.963..0.963]	[1.1599034E7..1.1599034E7]	[0.757..0.784]	[0.0..0.01]	[0.963..0.963]	[1.1599034E7..1.1599034E7]	[0.758..0.784]	[0.0..0.006]	0.8245947	[9564502.0..9564502.0]
Group-1	PS 40:4:0	331.26	240116_PS_FTMSMS-_4.mzXML	25.0	2082800.4	0.0	0.0	[7.0..10.0]	[0.0..0.9]	[0.904..1.122]	[1882851.5..2336902.0]	[0.278..0.32]	[0.99..1.0]	[0.952..0.954]	[1982826.0..1986991.5]	[0.289..0.289]	[0.994..1.0]	0.8245947	[1552589.4..1926997.0]
Group-1	PS 40:4:0	331.26	240116_PS_FTMSMS-_4.mzXML	30.0	3244298.5	0.0	0.0	[7.0..10.0]	[0.0..0.9]	[1.001..1.154]	[3247543.0..3743920.5]	[0.243..0.268]	[0.99..1.0]	[1.011..1.062]	[3279986.0..3445445.0]	[0.244..0.254]	[0.994..1.0]	0.8245947	[2677906.5..3087217.0]
Group-1	PS 40:4:0	331.26	240116_PS_FTMSMS-_4.mzXML	35.0	2738094.5	0.0	0.0	[7.0..10.0]	[0.0..0.0]	[1.169..1.363]	[3200832.5..3732023.0]	[0.216..0.243]	[0.99..1.0]	[1.168..1.349]	[3198094.2..3693689.5]	[0.216..0.242]	[0.994..1.0]	0.8245947	[2639389.5..3077406.2]
Group-1	PS 40:4:0	333.28	240116_PS_FTMSMS-_4.mzXML	25.0	122061.5	0.0	0.0	[13.0..13.0]	[0.4..0.4]	[0.942..0.942]	[114981.93..114981.93]	[0.408..0.408]	[0.7..0.96]	[0.942..0.942]	[114981.93..114981.93]	[0.408..0.408]	[0.705..0.959]	0.8245947	[94813.49..94813.49]
Group-1	PS 40:4:0	333.28	240116_PS_FTMSMS-_4.mzXML	30.0	204795.4	0.0	0.0	[13.0..13.0]	[0.0..0.4]	[0.929..0.93]	[190254.94..190459.73]	[0.347..0.347]	[0.7..0.96]	[0.93..0.93]	[190459.73..190459.73]	[0.347..0.347]	[0.705..0.959]	0.8245947	[156883.2..157052.08]
Group-1	PS 40:4:0	333.28	240116_PS_FTMSMS-_4.mzXML	35.0	182128.3	0.0	0.0	[13.0..13.0]	[0.0..0.0]	[0.959..0.959]	[174661.03..174661.03]	[0.299..0.299]	[0.7..0.96]	[0.959..0.959]	[174661.03..174661.03]	[0.299..0.299]	[0.705..0.959]	0.8245947	[144024.56..144024.56]
Group-1	PS 40:5:0	283.26	240116_PS_FTMSMS-_4.mzXML	25.0	7931121.0	0.0	0.0	[0.0..0.0]	[1.0..1.0]	[1.005..1.005]	[7970776.5..7970776.5]	[0.769..0.772]	[0.0..0.0]	[1.005..1.005]	[7970776.5..7970776.5]	[0.759..0.764]	[0.0..0.0]	0.8262947	[6586210.5..6586210.5]
Group-1	PS 40:5:0	283.26	240116_PS_FTMSMS-_4.mzXML	30.0	1.4426268E7	0.0	0.0	[0.0..0.0]	[0.9..1.0]	[0.977..0.978]	[1.4094464E7..1.410889E7]	[0.764..0.791]	[0.0..0.0]	[0.977..0.977]	[1.4094464E7..1.4094464E7]	[0.777..0.79]	[0.0..0.0]	0.8262947	[1.1646181E7..1.1658101E7]
Group-1	PS 40:5:0	283.26	240116_PS_FTMSMS-_4.mzXML	35.0	1.6837134E7	0.0	0.0	[0.0..0.0]	[0.9..1.0]	[0.962..0.963]	[1.6197323E7..1.621416E7]	[0.783..0.808]	[0.0..0.0]	[0.962..0.962]	[1.6197323E7..1.6197323E7]	[0.788..0.808]	[0.0..0.0]	0.8262947	[1.3383763E7..1.3397675E7]
Group-1	PS 40:5:0	329.25	240116_PS_FTMSMS-_4.mzXML	25.0	2194142.5	222660.1	0.10147932	[4.6..5.0]	[0.0..0.0]	[1.072..1.094]	[2352120.8..2400391.8]	[0.228..0.231]	[1.0..1.0]	[1.121..1.153]	[2459633.8..2529846.2]	[0.236..0.241]	[1.0..1.0]	0.8262947	[1943545.0..1983431.1]
Group-1	PS 40:5:0	329.25	240116_PS_FTMSMS-_4.mzXML	30.0	2333294.8	454661.3	0.19485807	[4.0..4.4]	[0.0..0.1]	[1.595..1.863]	[3721605.5..4346928.0]	[0.209..0.236]	[1.0..1.0]	[1.603..1.731]	[3740271.5..4038933.0]	[0.21..0.223]	[1.0..1.0]	0.8262947	[3075142.8..3591843.8]
Group-1	PS 40:5:0	329.25	240116_PS_FTMSMS-_4.mzXML	35.0	1415268.4	439621.4	0.31062758	[4.0..4.0]	[0.0..0.1]	[2.719..3.181]	[3848114.8..4501968.5]	[0.192..0.217]	[1.0..1.0]	[2.72..3.077]	[3849530.0..4354780.5]	[0.192..0.212]	[1.0..1.0]	0.8262947	[3179677.0..3719952.8]
Group-1	PS 40:6:0	283.26	240116_PS_FTMSMS-_4.mzXML	25.0	1.2485691E7	0.0	0.0	[0.0..0.0]	[0.100000024..1.0]	[0.988..1.005]	[1.2335862E7..1.2548119E7]	[0.746..0.755]	[0.0..0.0]	[0.988..0.988]	[1.2335862E7..1.2335862E7]	[0.743..0.743]	[0.0..0.0]	0.8280024	[1.0214124E7..1.0389873E7]
Group-1	PS 40:6:0	283.26	240116_PS_FTMSMS-_4.mzXML	30.0	2.6037654E7	0.0	0.0	[0.0..0.0]	[0.100000024..0.100000024]	[0.969..0.969]	[2.5230486E7..2.5230486E7]	[0.783..0.783]	[0.0..0.0]	[0.969..0.969]	[2.5230486E7..2.5230486E7]	[0.783..0.783]	[0.0..0.0]	0.8280024	[2.0890904E7..2.0890904E7]
Group-1	PS 40:6:0	283.26	240116_PS_FTMSMS-_4.mzXML	35.0	2.7702044E7	0.0	0.0	[0.0..0.0]	[1.0..1.0]	[0.963..0.963]	[2.6677068E7..2.6677068E7]	[0.81..0.81]	[0.0..0.0]	[0.963..0.963]	[2.6677068E7..2.6677068E7]	[0.81..0.81]	[0.0..0.0]	0.8280024	[2.2088676E7..2.2088676E7]
Group-1	PS 40:6:0	327.23	240116_PS_FTMSMS-_4.mzXML	25.0	3053248.0	593087.2	0.19424796	[4.0..4.0]	[0.0..0.9]	[1.314..1.396]	[4011968.0..4262334.5]	[0.245..0.254]	[1.0..1.0]	[1.396..1.396]	[4262334.5..4262334.5]	[0.257..0.257]	[1.0..1.0]	0.8280024	[3321919.2..3529223.2]
Group-1	PS 40:6:0	327.23	240116_PS_FTMSMS-_4.mzXML	30.0	2782739.5	1098835.1	0.39487532	[4.0..4.0]	[0.9..0.9]	[2.508..2.508]	[6979110.5..6979110.5]	[0.217..0.217]	[1.0..1.0]	[2.508..2.508]	[6979110.5..6979110.5]	[0.217..0.217]	[1.0..1.0]	0.8280024	[5778720.0..5778720.0]
Group-1	PS 40:6:0	327.23	240116_PS_FTMSMS-_4.mzXML	35.0	1133412.2	775856.4	0.6845315	[4.0..4.0]	[0.0..0.0]	[5.509..5.509]	[6243968.0..6243968.0]	[0.19..0.19]	[1.0..1.0]	[5.509..5.509]	[6243968.0..6243968.0]	[0.19..0.19]	[1.0..1.0]	0.8280024	[5170020.5..5170020.5]
Group-1	PS 40:7:0	281.25	240116_PS_FTMSMS-_4.mzXML	25.0	226450.2	0.0	0.0	[9.0..9.0]	[0.5..1.0]	[0.91..0.928]	[206069.69..210145.78]	[0.824..0.826]	[0.0..0.0]	[0.91..0.91]	[206069.69..206069.69]	[0.821..0.821]	[0.0..0.0]	0.8297263	[170981.44..174363.48]
Group-1	PS 40:7:0	281.25	240116_PS_FTMSMS-_4.mzXML	30.0	352241.7	0.0	0.0	[9.0..9.0]	[0.5..0.5]	[0.917..0.917]	[323005.62..323005.62]	[0.822..0.822]	[0.0..0.0]	[0.917..0.917]	[323005.62..323005.62]	[0.822..0.822]	[0.0..0.0]	0.8297263	[268006.25..268006.25]
Group-1	PS 40:7:0	281.25	240116_PS_FTMSMS-_4.mzXML	35.0	392250.8	0.0	0.0	[9.0..9.0]	[1.0..1.0]	[0.904..0.904]	[354594.72..354594.72]	[0.828..0.828]	[0.0..0.0]	[0.904..0.904]	[354594.72..354594.72]	[0.828..0.828]	[0.0..0.0]	0.8297263	[294216.56..294216.56]
Group-1	PS 40:7:0	303.23	240116_PS_FTMSMS-_4.mzXML	25.0	36508.1	0.0	0.0	[5.0..8.0]	[1.0..1.0]	[0.996..1.036]	[36362.07..37822.395]	[0.888..0.891]	[0.0..0.0]	[0.965..0.998]	[35230.316..36435.086]	[0.881..0.883]	[0.0..0.0]	0.8297263	[30170.562..31382.232]
Group-1	PS 40:7:0	303.23	240116_PS_FTMSMS-_4.mzXML	30.0	83785.3	0.0	0.0	[5.0..8.0]	[1.0..1.0]	[1.142..1.33]	[95682.805..111434.445]	[0.91..0.913]	[0.0..0.0]	[1.147..1.333]	[96101.734..111685.8]	[0.911..0.914]	[0.0..0.0]	0.8297263	[79390.53..92460.086]
Group-1	PS 40:7:0	303.23	240116_PS_FTMSMS-_4.mzXML	35.0	65256.8	0.0	0.0	[5.0..8.0]	[1.0..1.0]	[1.444..1.906]	[94230.82..124379.46]	[0.892..0.893]	[0.0..0.0]	[1.462..1.927]	[95405.445..125749.86]	[0.895..0.896]	[0.0..0.0]	0.8297263	[78185.79..103200.91]
Group-1	PS 40:7:0	305.25	240116_PS_FTMSMS-_4.mzXML	25.0	5059.4	0.0	0.0	[5.0..11.0]	[0.0..0.0]	[0.909..0.917]	[4598.995..4639.47]	[0.109..0.112]	[1.0..1.0]	[0.94..0.95]	[4755.836..4806.4297]	[0.117..0.119]	[1.0..1.0]	0.8297263	[3815.9065..3849.4897]
Group-1	PS 40:7:0	305.25	240116_PS_FTMSMS-_4.mzXML	30.0	9819.0	0.0	0.0	[5.0..11.0]	[0.0..0.0]	[0.959..1.078]	[9416.421..10584.882]	[0.087..0.09]	[1.0..1.0]	[0.957..1.075]	[9396.783..10555.426]	[0.086..0.089]	[1.0..1.0]	0.8297263	[7813.0522..8782.555]
Group-1	PS 40:7:0	305.25	240116_PS_FTMSMS-_4.mzXML	35.0	11081.0	0.0	0.0	[5.0..11.0]	[0.0..0.0]	[1.031..1.339]	[11424.511..14837.459]	[0.107..0.108]	[1.0..1.0]	[1.014..1.322]	[11236.135..14649.082]	[0.104..0.105]	[1.0..1.0]	0.8297263	[9479.218..12311.03]
Group-1	PS 40:7:0	327.23	240116_PS_FTMSMS-_4.mzXML	25.0	33057.8	8022.9	0.2426931	[4.0..4.0]	[0.0..0.5]	[1.314..1.36]	[43437.95..44958.61]	[0.174..0.176]	[1.0..1.0]	[1.36..1.36]	[44958.61..44958.61]	[0.179..0.179]	[1.0..1.0]	0.8297263	[36041.61..37303.34]
Group-1	PS 40:7:0	327.23	240116_PS_FTMSMS-_4.mzXML	30.0	28213.9	11208.8	0.39727935	[4.0..4.0]	[0.5..0.5]	[2.485..2.485]	[70111.54..70111.54]	[0.178..0.178]	[1.0..1.0]	[2.485..2.485]	[70111.54..70111.54]	[0.178..0.178]	[1.0..1.0]	0.8297263	[58173.387..58173.387]
Group-1	PS 40:7:0	327.23	240116_PS_FTMSMS-_4.mzXML	35.0	13343.9	7696.7	0.5767954	[4.0..4.0]	[0.0..0.0]	[5.509..5.509]	[73511.55..73511.55]	[0.172..0.172]	[1.0..1.0]	[5.509..5.509]	[73511.55..73511.55]	[0.172..0.172]	[1.0..1.0]	0.8297263	[60994.46..60994.46]
Group-1	PS 40:8:0	279.23	240116_PS_FTMSMS-_4.mzXML	25.0	3282.6	0.0	0.0	[9.0..9.0]	[1.0..1.0]	[0.909..0.909]	[2983.883..2983.883]	[1.0..1.0]	[0.0..0.0]	[0.909..0.909]	[2983.8833..2983.8833]	[1.0..1.0]	[0.0..0.0]	0.8314494	[2480.948..2480.948]
Group-1	PS 40:8:0	279.23	240116_PS_FTMSMS-_4.mzXML	30.0	5386.7	0.0	0.0	[9.0..9.0]	[1.0..1.0]	[0.919..0.919]	[4950.378..4950.378]	[1.0..1.0]	[0.0..0.0]	[0.919..0.919]	[4950.3774..4950.3774]	[1.0..1.0]	[0.0..0.0]	0.8314494	[4115.9883..4115.9883]
Group-1	PS 40:8:0	279.23	240116_PS_FTMSMS-_4.mzXML	35.0	5396.2	0.0	0.0	[9.0..9.0]	[1.0..1.0]	[0.95..0.95]	[5126.39..5126.39]	[1.0..1.0]	[0.0..0.0]	[0.95..0.95]	[5126.39..5126.39]	[1.0..1.0]	[0.0..0.0]	0.8314494	[4262.334..4262.334]
Group-1	PS 40:8:0	303.23	240116_PS_FTMSMS-_4.mzXML	25.0	5365.5	0.0	0.0	[5.0..8.0]	[0.5..0.5]	[1.018..1.018]	[5462.079..5462.079]	[0.5..0.5]	[0.5..0.5]	[1.018..1.018]	[5462.079..5462.079]	[0.5..0.5]	[0.5..0.5]	0.8314494	[4541.4424..4541.4424]
Group-1	PS 40:8:0	303.23	240116_PS_FTMSMS-_4.mzXML	30.0	10000.9	0.0	0.0	[5.0..8.0]	[0.5..0.5]	[1.306..1.306]	[13061.176..13061.176]	[0.5..0.5]	[0.5..0.5]	[1.306..1.306]	[13061.176..13061.176]	[0.5..0.5]	[0.5..0.5]	0.8314494	[10859.706..10859.706]
Group-1	PS 40:8:0	303.23	240116_PS_FTMSMS-_4.mzXML	35.0	7893.3	0.0	0.0	[5.0..8.0]	[0.5..0.5]	[1.856..1.856]	[14649.964..14649.964]	[0.5..0.5]	[0.5..0.5]	[1.856..1.856]	[14649.964..14649.964]	[0.5..0.5]	[0.5..0.5]	0.8314494	[12180.704..12180.704]
Group-1	PS 40:8:0	327.23	240116_PS_FTMSMS-_4.mzXML	25.0	0.0	0.0	0.0	[4.0..4.0]	[0.0..0.0]	[1.314..1.314]	[0.0..0.0]	[0.0..0.0]	[1.0..1.0]	[1.314..1.314]	[0.0..0.0]	[0.0..0.0]	[1.0..1.0]	0.8314494	[0.0..0.0]
Group-1	PS 40:8:0	327.23	240116_PS_FTMSMS-_4.mzXML	30.0	0.0	0.0	0.0	[4.0..4.0]	[0.0..0.0]	[2.457..2.457]	[0.0..0.0]	[0.0..0.0]	[1.0..1.0]	[2.457..2.457]	[0.0..0.0]	[0.0..0.0]	[1.0..1.0]	0.8314494	[0.0..0.0]
Group-1	PS 40:8:0	327.23	240116_PS_FTMSMS-_4.mzXML	35.0	0.0	0.0	0.0	[4.0..4.0]	[0.0..0.0]	[5.509..5.509]	[0.0..0.0]	[0.0..0.0]	[1.0..1.0]	[5.509..5.509]	[0.0..0.0]	[0.0..0.0]	[1.0..1.0]	0.8314494	[0.0..0.0]
Group-1	PS 41:0:0	283.26	240116_PS_FTMSMS-_4.mzXML	25.0	241757.8	0.0	0.0	[0.0..0.0]	[0.0..1.0]	[0.986..1.005]	[238373.19..242966.58]	[0.991..0.991]	[0.0..0.0]	[0.986..0.986]	[238373.19..238373.19]	[0.991..0.991]	[0.0..0.0]	0.8064056	[192225.47..195929.61]
Group-1	PS 41:0:0	283.26	240116_PS_FTMSMS-_4.mzXML	30.0	800468.1	0.0	0.0	[0.0..0.0]	[0.0..1.0]	[0.968..0.978]	[774853.1..782857.8]	[1.0..1.0]	[0.0..0.0]	[0.968..0.968]	[774853.1..774853.1]	[1.0..1.0]	[0.0..0.0]	0.8064056	[624845.94..631300.94]
Group-1	PS 41:0:0	283.26	240116_PS_FTMSMS-_4.mzXML	35.0	1104581.5	0.0	0.0	[0.0..0.0]	[0.0..1.0]	[0.961..0.963]	[1061502.9..1063712.0]	[1.0..1.0]	[0.0..0.0]	[0.961..0.961]	[1061502.9..1061502.9]	[1.0..1.0]	[0.0..0.0]	0.8064056	[856001.8..857783.3]
Group-1	PS 41:0:0	353.34	240116_PS_FTMSMS-_4.mzXML	25.0	2066.3	0.0	0.0	[0.0..0.0]	[0.0..1.0]	[1.036..1.072]	[2140.687..2215.074]	[0.009..0.009]	[1.0..1.0]	[1.072..1.072]	[2215.0737..2215.0737]	[0.009..0.009]	[1.0..1.0]	0.8064056	[1726.2618..1786.2478]
Group-1	PS 41:0:0	353.34	240116_PS_FTMSMS-_4.mzXML	30.0	-1.8	0.0	-0.0	[0.0..0.0]	[0.0..1.0]	[0.962..0.963]	[-1.733..-1.732]	[-0.0..-0.0]	[1.0..1.0]	[0.963..0.963]	[-1.7334..-1.7334]	[-0.0..-0.0]	[1.0..1.0]	0.8064056	[-1.3978235..-1.396372]
Group-1	PS 41:0:0	353.34	240116_PS_FTMSMS-_4.mzXML	35.0	-1.8	0.0	-0.0	[0.0..0.0]	[0.0..1.0]	[0.903..0.919]	[-1.654..-1.625]	[-0.0..-0.0]	[1.0..1.0]	[0.919..0.919]	[-1.6542..-1.6542]	[-0.0..-0.0]	[1.0..1.0]	0.8064056	[-1.3339562..-1.3107316]
Group-1	PS 41:1:0	281.25	240116_PS_FTMSMS-_4.mzXML	25.0	52891.4	0.0	0.0	[9.0..9.0]	[0.0..1.0]	[0.893..0.928]	[47232.02..49083.215]	[0.322..0.323]	[0.9..1.0]	[0.925..0.928]	[48924.543..49083.215]	[0.33..0.33]	[0.896..1.0]	0.8080254	[38164.67..39660.484]
Group-1	PS 41:1:0	281.25	240116_PS_FTMSMS-_4.mzXML	30.0	58162.1	0.0	0.0	[9.0..9.0]	[0.0..1.0]	[0.914..0.919]	[53160.16..53450.973]	[0.181..0.181]	[0.9..1.0]	[0.919..0.919]	[53450.973..53450.973]	[0.181..0.181]	[0.896..1.0]	0.8080254	[42954.76..43189.746]
Group-1	PS 41:1:0	281.25	240116_PS_FTMSMS-_4.mzXML	35.0	63901.7	0.0	0.0	[9.0..9.0]	[0.0..1.0]	[0.904..0.932]	[57767.137..59556.383]	[0.174..0.176]	[0.9..1.0]	[0.929..0.932]	[59364.68..59556.383]	[0.178..0.178]	[0.896..1.0]	0.8080254	[46677.316..48123.074]
Group-1	PS 41:1:0	353.34	240116_PS_FTMSMS-_4.mzXML	25.0	95908.0	0.0	0.0	[0.0..0.0]	[0.0..1.0]	[1.036..1.072]	[99360.69..102813.375]	[0.677..0.678]	[0.0..0.1]	[1.036..1.04]	[99360.69..99744.31]	[0.67..0.67]	[0.0..0.104]	0.8080254	[80285.96..83075.82]
Group-1	PS 41:1:0	353.34	240116_PS_FTMSMS-_4.mzXML	30.0	250839.3	0.0	0.0	[0.0..0.0]	[0.0..1.0]	[0.962..0.963]	[241307.4..241558.25]	[0.819..0.819]	[0.0..0.1]	[0.962..0.962]	[241307.4..241307.4]	[0.819..0.819]	[0.0..0.104]	0.8080254	[194982.52..195185.2]
Group-1	PS 41:1:0	353.34	240116_PS_FTMSMS-_4.mzXML	35.0	304452.1	0.0	0.0	[0.0..0.0]	[0.0..1.0]	[0.903..0.919]	[274920.25..279791.47]	[0.824..0.826]	[0.0..0.1]	[0.903..0.905]	[274920.25..275529.12]	[0.822..0.822]	[0.0..0.104]	0.8080254	[222142.55..226078.62]
Group-1	PS 41:2:0	281.25	240116_PS_FTMSMS-_4.mzXML	25.0	271751.1	0.0	0.0	[9.0..9.0]	[1.0..1.0]	[0.928..0.928]	[252184.98..252184.98]	[0.783..0.783]	[0.0..0.0]	[0.928..0.928]	[252185.0..252185.0]	[0.783..0.783]	[0.0..0.0]	0.8096523	[204182.17..204182.17]
Group-1	PS 41:2:0	281.25	240116_PS_FTMSMS-_4.mzXML	30.0	1093280.9	0.0	0.0	[9.0..9.0]	[1.0..1.0]	[0.914..0.914]	[999258.7..999258.7]	[0.864..0.864]	[0.0..0.0]	[0.914..0.914]	[999258.7..999258.7]	[0.864..0.864]	[0.0..0.0]	0.8096523	[809052.1..809052.1]
Group-1	PS 41:2:0	281.25	240116_PS_FTMSMS-_4.mzXML	35.0	1555713.2	0.0	0.0	[9.0..9.0]	[1.0..1.0]	[0.904..0.904]	[1406364.8..1406364.8]	[0.881..0.881]	[0.0..0.0]	[0.904..0.904]	[1406364.8..1406364.8]	[0.881..0.881]	[0.0..0.0]	0.8096523	[1138666.5..1138666.5]
Group-1	PS 41:2:0	351.33	240116_PS_FTMSMS-_4.mzXML	25.0	77938.2	0.0	0.0	[13.0..13.0]	[0.0..0.0]	[0.896..0.896]	[69832.63..69832.63]	[0.217..0.217]	[1.0..1.0]	[0.896..0.896]	[69832.63..69832.63]	[0.217..0.217]	[1.0..1.0]	0.8096523	[56540.152..56540.152]
Group-1	PS 41:2:0	351.33	240116_PS_FTMSMS-_4.mzXML	30.0	183448.4	0.0	0.0	[13.0..13.0]	[0.0..0.0]	[0.856..0.856]	[157031.84..157031.84]	[0.136..0.136]	[1.0..1.0]	[0.856..0.856]	[157031.84..157031.84]	[0.136..0.136]	[1.0..1.0]	0.8096523	[127141.19..127141.19]
Group-1	PS 41:2:0	351.33	240116_PS_FTMSMS-_4.mzXML	35.0	233403.5	0.0	0.0	[13.0..13.0]	[0.0..0.0]	[0.815..0.815]	[190223.86..190223.86]	[0.119..0.119]	[1.0..1.0]	[0.815..0.815]	[190223.86..190223.86]	[0.119..0.119]	[1.0..1.0]	0.8096523	[154015.19..154015.19]
Group-1	PS 41:3:0	281.25	240116_PS_FTMSMS-_4.mzXML	25.0	118459.9	0.0	0.0	[9.0..9.0]	[1.0..1.0]	[0.928..0.928]	[109930.78..109930.78]	[1.0..1.0]	[0.0..0.0]	[0.928..0.928]	[109930.78..109930.78]	[1.0..1.0]	[0.0..0.0]	0.81129444	[89186.234..89186.234]
Group-1	PS 41:3:0	281.25	240116_PS_FTMSMS-_4.mzXML	30.0	443988.6	0.0	0.0	[9.0..9.0]	[1.0..1.0]	[0.914..0.914]	[405805.56..405805.56]	[0.968..0.968]	[0.0..0.0]	[0.914..0.914]	[405805.56..405805.56]	[0.968..0.968]	[0.0..0.0]	0.81129444	[329227.78..329227.78]
Group-1	PS 41:3:0	281.25	240116_PS_FTMSMS-_4.mzXML	35.0	739550.6	0.0	0.0	[9.0..9.0]	[1.0..1.0]	[0.904..0.904]	[668553.75..668553.75]	[0.983..0.983]	[0.0..0.0]	[0.904..0.904]	[668553.75..668553.75]	[0.983..0.983]	[0.0..0.0]	0.81129444	[542393.94..542393.94]
Group-1	PS 41:3:0	283.26	240116_PS_FTMSMS-_4.mzXML	25.0	109471.3	0.0	0.0	[0.0..0.0]	[1.0..1.0]	[1.005..1.005]	[110018.66..110018.66]	[0.887..0.887]	[0.0..0.0]	[1.005..1.005]	[110018.66..110018.66]	[0.887..0.887]	[0.0..0.0]	0.81129444	[89257.52..89257.52]
Group-1	PS 41:3:0	283.26	240116_PS_FTMSMS-_4.mzXML	30.0	278277.7	0.0	0.0	[0.0..0.0]	[1.0..1.0]	[0.978..0.978]	[272155.56..272155.56]	[0.947..0.947]	[0.0..0.0]	[0.978..0.978]	[272155.56..272155.56]	[0.947..0.947]	[0.0..0.0]	0.81129444	[220798.3..220798.3]
Group-1	PS 41:3:0	283.26	240116_PS_FTMSMS-_4.mzXML	35.0	383839.4	0.0	0.0	[0.0..0.0]	[1.0..1.0]	[0.963..0.963]	[369637.34..369637.34]	[0.961..0.961]	[0.0..0.0]	[0.963..0.963]	[369637.34..369637.34]	[0.961..0.961]	[0.0..0.0]	0.81129444	[299884.72..299884.72]
Group-1	PS 41:3:0	297.28	240116_PS_FTMSMS-_4.mzXML	25.0	5217.3	0.0	0.0	[0.0..0.0]	[1.0..1.0]	[1.012..1.012]	[5279.907..5279.907]	[1.0..1.0]	[0.0..0.19]	[1.012..1.012]	[5279.907..5279.907]	[1.0..1.0]	[0.0..0.192]	0.81129444	[4283.559..4283.559]
Group-1	PS 41:3:0	297.28	240116_PS_FTMSMS-_4.mzXML	30.0	9259.9	0.0	0.0	[0.0..0.0]	[1.0..1.0]	[0.97..0.97]	[8982.104..8982.104]	[0.635..0.635]	[0.0..0.19]	[0.97..0.97]	[8982.104..8982.104]	[0.635..0.635]	[0.0..0.192]	0.81129444	[7287.131..7287.131]
Group-1	PS 41:3:0	297.28	240116_PS_FTMSMS-_4.mzXML	35.0	14778.6	0.0	0.0	[0.0..0.0]	[1.0..1.0]	[0.947..0.947]	[13995.334..13995.334]	[0.666..0.666]	[0.0..0.19]	[0.947..0.947]	[13995.334..13995.334]	[0.666..0.666]	[0.0..0.192]	0.81129444	[11354.337..11354.337]
Group-1	PS 41:3:0	333.28	240116_PS_FTMSMS-_4.mzXML	25.0	0.0	0.0	0.0	[13.0..13.0]	[0.0..0.0]	[0.93..0.93]	[0.0..0.0]	[0.0..0.0]	[0.81..1.0]	[0.93..0.93]	[0.0..0.0]	[0.0..0.0]	[0.808..1.0]	0.81129444	[0.0..0.0]
Group-1	PS 41:3:0	333.28	240116_PS_FTMSMS-_4.mzXML	30.0	5554.5	0.0	0.0	[13.0..13.0]	[0.0..0.0]	[0.93..0.93]	[5165.685..5165.685]	[0.365..0.365]	[0.81..1.0]	[0.93..0.93]	[5165.685..5165.685]	[0.365..0.365]	[0.808..1.0]	0.81129444	[4190.8916..4190.8916]
Group-1	PS 41:3:0	333.28	240116_PS_FTMSMS-_4.mzXML	35.0	7319.5	0.0	0.0	[13.0..13.0]	[0.0..0.0]	[0.959..0.959]	[7019.401..7019.401]	[0.334..0.334]	[0.81..1.0]	[0.959..0.959]	[7019.4004..7019.4004]	[0.334..0.334]	[0.808..1.0]	0.81129444	[5694.8003..5694.8003]
Group-1	PS 41:3:0	347.3	240116_PS_FTMSMS-_4.mzXML	25.0	15526.6	0.0	0.0	[13.0..13.0]	[0.0..0.0]	[0.906..0.906]	[14067.1..14067.1]	[0.113..0.113]	[1.0..1.0]	[0.906..0.906]	[14067.1..14067.1]	[0.113..0.113]	[1.0..1.0]	0.81129444	[11412.56..11412.56]
Group-1	PS 41:3:0	347.3	240116_PS_FTMSMS-_4.mzXML	30.0	17089.9	0.0	0.0	[13.0..13.0]	[0.0..0.0]	[0.891..0.891]	[15227.101..15227.101]	[0.053..0.053]	[1.0..1.0]	[0.891..0.891]	[15227.101..15227.101]	[0.053..0.053]	[1.0..1.0]	0.81129444	[12353.662..12353.662]
Group-1	PS 41:3:0	347.3	240116_PS_FTMSMS-_4.mzXML	35.0	16373.6	0.0	0.0	[13.0..13.0]	[0.0..0.0]	[0.907..0.907]	[14850.854..14850.854]	[0.039..0.039]	[1.0..1.0]	[0.907..0.907]	[14850.8545..14850.8545]	[0.039..0.039]	[1.0..1.0]	0.81129444	[12048.416..12048.416]
Group-1	PS 41:3:0	349.31	240116_PS_FTMSMS-_4.mzXML	25.0	0.0	0.0	0.0	[13.0..13.0]	[0.0..0.0]	[0.878..0.878]	[0.0..0.0]	[0.0..0.0]	[1.0..1.0]	[0.878..0.878]	[0.0..0.0]	[0.0..0.0]	[1.0..1.0]	0.81129444	[0.0..0.0]
Group-1	PS 41:3:0	349.31	240116_PS_FTMSMS-_4.mzXML	30.0	15862.6	0.0	0.0	[13.0..13.0]	[0.0..0.0]	[0.841..0.841]	[13340.446..13340.446]	[0.032..0.032]	[1.0..1.0]	[0.841..0.841]	[13340.446..13340.446]	[0.032..0.032]	[1.0..1.0]	0.81129444	[10823.03..10823.03]
Group-1	PS 41:3:0	349.31	240116_PS_FTMSMS-_4.mzXML	35.0	14064.9	0.0	0.0	[13.0..13.0]	[0.0..0.0]	[0.814..0.814]	[11448.829..11448.829]	[0.017..0.017]	[1.0..1.0]	[0.814..0.814]	[11448.829..11448.829]	[0.017..0.017]	[1.0..1.0]	0.81129444	[9288.371..9288.371]
Group-1	PS 41:4:0	281.25	240116_PS_FTMSMS-_4.mzXML	25.0	41342.2	0.0	0.0	[9.0..9.0]	[1.0..1.0]	[0.928..0.928]	[38365.56..38365.56]	[0.916..0.916]	[0.0..0.0]	[0.928..0.928]	[38365.56..38365.56]	[0.916..0.916]	[0.0..0.0]	0.81293565	[31188.73..31188.73]
Group-1	PS 41:4:0	281.25	240116_PS_FTMSMS-_4.mzXML	30.0	88958.2	0.0	0.0	[9.0..9.0]	[1.0..1.0]	[0.914..0.914]	[81307.8..81307.8]	[0.915..0.915]	[0.0..0.0]	[0.914..0.914]	[81307.8..81307.8]	[0.915..0.915]	[0.0..0.0]	0.81293565	[66098.01..66098.01]
Group-1	PS 41:4:0	281.25	240116_PS_FTMSMS-_4.mzXML	35.0	102651.0	0.0	0.0	[9.0..9.0]	[1.0..1.0]	[0.904..0.904]	[92796.49..92796.49]	[0.924..0.924]	[0.0..0.0]	[0.904..0.904]	[92796.5..92796.5]	[0.924..0.924]	[0.0..0.0]	0.81293565	[75437.586..75437.586]
Group-1	PS 41:4:0	283.26	240116_PS_FTMSMS-_4.mzXML	25.0	69556.0	0.0	0.0	[0.0..0.0]	[1.0..1.0]	[1.005..1.005]	[69903.78..69903.78]	[1.0..1.0]	[0.0..0.0]	[1.005..1.005]	[69903.78..69903.78]	[1.0..1.0]	[0.0..0.0]	0.81293565	[56827.273..56827.273]
Group-1	PS 41:4:0	283.26	240116_PS_FTMSMS-_4.mzXML	30.0	172597.8	0.0	0.0	[0.0..0.0]	[0.100000024..1.0]	[0.969..0.978]	[167247.27..168800.64]	[0.976..0.979]	[0.0..0.0]	[0.969..0.969]	[167247.27..167247.27]	[0.978..0.979]	[0.0..0.0]	0.81293565	[135961.27..137224.06]
Group-1	PS 41:4:0	283.26	240116_PS_FTMSMS-_4.mzXML	35.0	209207.4	0.0	0.0	[0.0..0.0]	[0.100000024..1.0]	[0.961..0.963]	[201048.34..201466.73]	[0.979..0.982]	[0.0..0.0]	[0.961..0.961]	[201048.33..201048.33]	[0.98..0.982]	[0.0..0.0]	0.81293565	[163439.34..163779.48]
Group-1	PS 41:4:0	295.26	240116_PS_FTMSMS-_4.mzXML	25.0	3111.2	0.0	0.0	[9.0..9.0]	[1.0..1.0]	[0.925..0.925]	[2877.86..2877.86]	[0.611..0.611]	[0.04..0.25]	[0.925..0.925]	[2877.86..2877.86]	[0.611..0.611]	[0.043..0.253]	0.81293565	[2339.515..2339.515]
Group-1	PS 41:4:0	295.26	240116_PS_FTMSMS-_4.mzXML	30.0	5857.1	0.0	0.0	[9.0..9.0]	[1.0..1.0]	[0.898..0.898]	[5259.676..5259.676]	[0.685..0.685]	[0.04..0.25]	[0.898..0.898]	[5259.676..5259.676]	[0.685..0.685]	[0.043..0.253]	0.81293565	[4275.778..4275.778]
Group-1	PS 41:4:0	295.26	240116_PS_FTMSMS-_4.mzXML	35.0	6637.1	0.0	0.0	[9.0..9.0]	[1.0..1.0]	[0.88..0.88]	[5840.648..5840.648]	[0.7..0.7]	[0.04..0.25]	[0.88..0.88]	[5840.648..5840.648]	[0.7..0.7]	[0.043..0.253]	0.81293565	[4748.071..4748.071]
Group-1	PS 41:4:0	297.28	240116_PS_FTMSMS-_4.mzXML	25.0	8686.9	0.0	0.0	[0.0..0.0]	[0.39999998..1.0]	[0.996..1.012]	[8652.152..8791.143]	[0.398..0.502]	[0.27..0.5]	[1.0..1.004]	[8686.9..8721.647]	[0.397..0.409]	[0.267..0.496]	0.81293565	[7033.6436..7146.634]
Group-1	PS 41:4:0	297.28	240116_PS_FTMSMS-_4.mzXML	30.0	21970.6	0.0	0.0	[0.0..0.0]	[0.19999999..1.0]	[0.96..0.97]	[21091.775..21311.482]	[0.574..0.62]	[0.27..0.5]	[0.963..0.965]	[21157.688..21201.629]	[0.565..0.57]	[0.267..0.496]	0.81293565	[17146.256..17324.863]
Group-1	PS 41:4:0	297.28	240116_PS_FTMSMS-_4.mzXML	35.0	25315.8	0.0	0.0	[0.0..0.0]	[0.19999999..1.0]	[0.946..0.947]	[23948.746..23974.064]	[0.602..0.65]	[0.27..0.5]	[0.946..0.947]	[23948.746..23974.064]	[0.598..0.629]	[0.267..0.496]	0.81293565	[19468.791..19489.371]
Group-1	PS 41:4:0	303.23	240116_PS_FTMSMS-_4.mzXML	25.0	2100.4	0.0	0.0	[5.0..8.0]	[0.0..1.0]	[0.965..1.036]	[2026.886..2176.015]	[0.432..0.441]	[0.65..1.0]	[1.036..1.444]	[2176.0144..3032.9775]	[0.45..0.53]	[0.651..1.0]	0.81293565	[1647.7278..1768.9596]
Group-1	PS 41:4:0	303.23	240116_PS_FTMSMS-_4.mzXML	30.0	2682.0	0.0	0.0	[5.0..8.0]	[0.0..1.0]	[1.147..1.33]	[3076.254..3567.06]	[0.283..0.312]	[0.65..1.0]	[1.33..1.391]	[3567.06..3730.662]	[0.314..0.323]	[0.651..1.0]	0.81293565	[2500.7964..2899.7903]
Group-1	PS 41:4:0	303.23	240116_PS_FTMSMS-_4.mzXML	35.0	1259.5	0.0	0.0	[5.0..8.0]	[0.0..1.0]	[1.462..1.906]	[1841.389..2400.607]	[0.133..0.166]	[0.65..1.0]	[1.584..1.906]	[1995.048..2400.607]	[0.143..0.167]	[0.651..1.0]	0.81293565	[1496.9308..1951.5391]
Group-1	PS 41:4:0	325.31	240116_PS_FTMSMS-_4.mzXML	25.0	2660.3	0.0	0.0	[0.0..0.0]	[0.0..1.0]	[1.001..1.035]	[2662.961..2753.411]	[0.559..0.568]	[0.0..0.35]	[1.001..1.013]	[2662.9604..2694.884]	[0.47..0.55]	[0.0..0.349]	0.81293565	[2164.8157..2238.3457]
Group-1	PS 41:4:0	325.31	240116_PS_FTMSMS-_4.mzXML	30.0	8192.7	0.0	0.0	[0.0..0.0]	[0.0..1.0]	[0.952..0.962]	[7799.451..7881.378]	[0.688..0.717]	[0.0..0.35]	[0.952..0.956]	[7799.4507..7832.221]	[0.677..0.686]	[0.0..0.349]	0.81293565	[6340.4517..6407.053]
Group-1	PS 41:4:0	325.31	240116_PS_FTMSMS-_4.mzXML	35.0	12988.8	0.0	0.0	[0.0..0.0]	[0.0..1.0]	[0.922..0.927]	[11975.673..12040.617]	[0.834..0.867]	[0.0..0.35]	[0.922..0.924]	[11975.673..12001.651]	[0.833..0.857]	[0.0..0.349]	0.81293565	[9735.452..9788.247]
Group-1	PS 41:4:0	331.26	240116_PS_FTMSMS-_4.mzXML	25.0	9498.4	0.0	0.0	[7.0..10.0]	[0.0..0.6]	[0.904..1.402]	[8586.554..13316.757]	[0.498..0.602]	[0.5..0.73]	[1.323..1.392]	[12566.383..13221.773]	[0.591..0.603]	[0.504..0.733]	0.81293565	[6980.316..10825.667]
Group-1	PS 41:4:0	331.26	240116_PS_FTMSMS-_4.mzXML	30.0	12914.5	0.0	0.0	[7.0..10.0]	[0.0..0.8]	[1.001..1.225]	[12927.415..15820.263]	[0.38..0.426]	[0.5..0.73]	[1.238..1.263]	[15988.151..16311.014]	[0.43..0.435]	[0.504..0.733]	0.81293565	[10509.156..12860.855]
Group-1	PS 41:4:0	331.26	240116_PS_FTMSMS-_4.mzXML	35.0	11022.4	0.0	0.0	[7.0..10.0]	[0.0..0.8]	[1.169..1.439]	[12885.187..15861.234]	[0.35..0.398]	[0.5..0.73]	[1.282..1.46]	[14130.717..16092.705]	[0.371..0.402]	[0.504..0.733]	0.81293565	[10474.827..12894.162]
Group-1	PS 41:4:0	333.28	240116_PS_FTMSMS-_4.mzXML	25.0	1967.0	0.0	0.0	[13.0..13.0]	[0.0..0.0]	[0.93..0.93]	[1829.31..1829.31]	[0.389..0.389]	[0.75..0.96]	[0.93..0.93]	[1829.31..1829.31]	[0.389..0.389]	[0.747..0.957]	0.81293565	[1487.1113..1487.1113]
Group-1	PS 41:4:0	333.28	240116_PS_FTMSMS-_4.mzXML	30.0	2599.8	0.0	0.0	[13.0..13.0]	[0.0..0.0]	[0.93..0.93]	[2417.814..2417.814]	[0.315..0.315]	[0.75..0.96]	[0.93..0.93]	[2417.814..2417.814]	[0.315..0.315]	[0.747..0.957]	0.81293565	[1965.5273..1965.5273]
Group-1	PS 41:4:0	333.28	240116_PS_FTMSMS-_4.mzXML	35.0	2612.5	0.0	0.0	[13.0..13.0]	[0.0..0.0]	[0.959..0.959]	[2505.388..2505.388]	[0.3..0.3]	[0.75..0.96]	[0.959..0.959]	[2505.3875..2505.3875]	[0.3..0.3]	[0.747..0.957]	0.81293565	[2036.7189..2036.7189]
Group-1	PS 41:4:0	345.28	240116_PS_FTMSMS-_4.mzXML	25.0	0.0	0.0	0.0	[7.0..10.0]	[0.0..0.0]	[0.874..0.89]	[0.0..0.0]	[0.0..0.0]	[1.0..1.0]	[0.903..0.917]	[0.0..0.0]	[0.0..0.0]	[1.0..1.0]	0.81293565	[0.0..0.0]
Group-1	PS 41:4:0	345.28	240116_PS_FTMSMS-_4.mzXML	30.0	3823.2	0.0	0.0	[7.0..10.0]	[0.0..0.9]	[0.948..1.091]	[3624.394..4171.111]	[0.021..0.024]	[1.0..1.0]	[0.946..1.004]	[3616.747..3838.4927]	[0.021..0.022]	[1.0..1.0]	0.81293565	[2946.399..3390.845]
Group-1	PS 41:4:0	345.28	240116_PS_FTMSMS-_4.mzXML	35.0	3319.8	0.0	0.0	[7.0..10.0]	[0.0..0.9]	[1.088..1.301]	[3611.943..4319.06]	[0.018..0.021]	[1.0..1.0]	[1.081..1.254]	[3588.7039..4163.0293]	[0.018..0.02]	[1.0..1.0]	0.81293565	[2936.2769..3511.1177]
Group-1	PS 41:4:0	347.3	240116_PS_FTMSMS-_4.mzXML	25.0	3908.5	0.0	0.0	[13.0..13.0]	[0.0..0.0]	[0.906..0.906]	[3541.101..3541.101]	[0.084..0.084]	[1.0..1.0]	[0.906..0.906]	[3541.101..3541.101]	[0.084..0.084]	[1.0..1.0]	0.81293565	[2878.6873..2878.6873]
Group-1	PS 41:4:0	347.3	240116_PS_FTMSMS-_4.mzXML	30.0	8431.5	0.0	0.0	[13.0..13.0]	[0.0..0.0]	[0.891..0.891]	[7512.467..7512.467]	[0.085..0.085]	[1.0..1.0]	[0.891..0.891]	[7512.4663..7512.4663]	[0.085..0.085]	[1.0..1.0]	0.81293565	[6107.152..6107.152]
Group-1	PS 41:4:0	347.3	240116_PS_FTMSMS-_4.mzXML	35.0	8379.0	0.0	0.0	[13.0..13.0]	[0.0..0.0]	[0.907..0.907]	[7599.753..7599.753]	[0.076..0.076]	[1.0..1.0]	[0.907..0.907]	[7599.753..7599.753]	[0.076..0.076]	[1.0..1.0]	0.81293565	[6178.1104..6178.1104]
Group-1	PS 41:5:0	297.28	240116_PS_FTMSMS-_4.mzXML	25.0	9901.4	0.0	0.0	[0.0..0.0]	[0.3..1.0]	[0.994..1.012]	[9841.992..10020.217]	[0.355..0.459]	[0.47..0.59]	[1.002..1.005]	[9921.203..9950.907]	[0.343..0.361]	[0.47..0.591]	0.81459224	[8017.2104..8162.391]
Group-1	PS 41:5:0	297.28	240116_PS_FTMSMS-_4.mzXML	30.0	16904.6	0.0	0.0	[0.0..0.0]	[1.0..1.0]	[0.97..0.97]	[16397.463..16397.463]	[0.513..0.572]	[0.47..0.59]	[0.97..0.97]	[16397.463..16397.463]	[0.46..0.522]	[0.47..0.591]	0.81459224	[13357.245..13357.245]
Group-1	PS 41:5:0	297.28	240116_PS_FTMSMS-_4.mzXML	35.0	21693.5	0.0	0.0	[0.0..0.0]	[0.3..1.0]	[0.946..0.947]	[20522.05..20543.744]	[0.467..0.592]	[0.47..0.59]	[0.946..0.947]	[20522.05..20543.744]	[0.464..0.57]	[0.47..0.591]	0.81459224	[16717.104..16734.775]
Group-1	PS 41:5:0	329.25	240116_PS_FTMSMS-_4.mzXML	25.0	11274.2	2550.0	0.22618012	[4.0..4.0]	[0.0..0.7]	[1.028..1.614]	[11589.878..18196.559]	[0.541..0.645]	[0.41..0.53]	[1.56..1.693]	[17587.752..19087.22]	[0.639..0.657]	[0.409..0.53]	0.81459224	[9441.024..14822.775]
Group-1	PS 41:5:0	329.25	240116_PS_FTMSMS-_4.mzXML	30.0	9061.6	2662.0	0.29376712	[4.0..4.0]	[0.0..0.0]	[1.352..1.717]	[12251.282..15558.767]	[0.428..0.487]	[0.41..0.53]	[1.66..2.126]	[15042.255..19264.96]	[0.478..0.54]	[0.409..0.53]	0.81459224	[9979.8..12674.051]
Group-1	PS 41:5:0	329.25	240116_PS_FTMSMS-_4.mzXML	35.0	7039.0	0.0	0.0	[4.0..7.0]	[0.0..0.7]	[2.01..3.328]	[14148.39..23425.793]	[0.408..0.533]	[0.41..0.53]	[2.2..3.375]	[15485.801..23756.625]	[0.43..0.536]	[0.409..0.53]	0.81459224	[11525.168..19082.469]
Group-1	PS 41:6:0	297.28	240116_PS_FTMSMS-_4.mzXML	25.0	14894.4	0.0	0.0	[0.0..0.0]	[1.0..1.0]	[1.012..1.012]	[15073.133..15073.133]	[0.489..0.489]	[0.0..0.52]	[1.012..1.012]	[15073.133..15073.133]	[0.489..0.489]	[0.0..0.524]	0.81624794	[12303.413..12303.413]
Group-1	PS 41:6:0	297.28	240116_PS_FTMSMS-_4.mzXML	30.0	34718.5	0.0	0.0	[0.0..0.0]	[1.0..1.0]	[0.97..0.97]	[33676.945..33676.945]	[0.493..0.493]	[0.0..0.52]	[0.97..0.97]	[33676.945..33676.945]	[0.493..0.493]	[0.0..0.524]	0.81624794	[27488.738..27488.738]
Group-1	PS 41:6:0	297.28	240116_PS_FTMSMS-_4.mzXML	35.0	35674.0	0.0	0.0	[0.0..0.0]	[1.0..1.0]	[0.947..0.947]	[33783.277..33783.277]	[1.0..1.0]	[0.0..0.52]	[0.947..0.947]	[33783.277..33783.277]	[1.0..1.0]	[0.0..0.524]	0.81624794	[27575.531..27575.531]
Group-1	PS 41:6:0	327.23	240116_PS_FTMSMS-_4.mzXML	25.0	11975.8	0.0	0.0	[4.0..4.0]	[0.0..0.0]	[1.314..1.314]	[15736.201..15736.201]	[0.511..0.511]	[0.48..1.0]	[1.314..1.314]	[15736.201..15736.201]	[0.511..0.511]	[0.476..1.0]	0.81624794	[12844.642..12844.642]
Group-1	PS 41:6:0	327.23	240116_PS_FTMSMS-_4.mzXML	30.0	14107.4	0.0	0.0	[4.0..4.0]	[0.0..0.0]	[2.457..2.457]	[34661.883..34661.883]	[0.507..0.507]	[0.48..1.0]	[2.457..2.457]	[34661.883..34661.883]	[0.507..0.507]	[0.476..1.0]	0.81624794	[28292.691..28292.691]
Group-1	PS 41:6:0	327.23	240116_PS_FTMSMS-_4.mzXML	35.0	0.0	0.0	0.0	[4.0..4.0]	[0.0..0.0]	[5.509..5.509]	[0.0..0.0]	[0.0..0.0]	[0.48..1.0]	[5.509..5.509]	[0.0..0.0]	[0.0..0.0]	[0.476..1.0]	0.81624794	[0.0..0.0]
Group-1	PS 42:1:0	281.25	240116_PS_FTMSMS-_4.mzXML	25.0	230093.0	0.0	0.0	[9.0..9.0]	[0.0..1.0]	[0.893..0.928]	[205473.05..213526.3]	[0.439..0.441]	[0.35..0.63]	[0.905..0.915]	[208234.16..210535.1]	[0.439..0.44]	[0.347..0.631]	0.7968794	[163737.25..170154.72]
Group-1	PS 42:1:0	281.25	240116_PS_FTMSMS-_4.mzXML	30.0	648552.1	0.0	0.0	[9.0..9.0]	[0.0..1.0]	[0.914..0.919]	[592776.6..596019.44]	[0.519..0.519]	[0.35..0.63]	[0.916..0.917]	[594073.75..594722.3]	[0.519..0.519]	[0.347..0.631]	0.7968794	[472371.5..474955.62]
Group-1	PS 42:1:0	281.25	240116_PS_FTMSMS-_4.mzXML	35.0	844640.7	0.0	0.0	[9.0..9.0]	[0.0..1.0]	[0.904..0.932]	[763555.2..787205.1]	[0.567..0.568]	[0.35..0.63]	[0.914..0.922]	[772001.56..778758.7]	[0.567..0.567]	[0.347..0.631]	0.7968794	[608461.4..627307.5]
Group-1	PS 42:1:0	283.26	240116_PS_FTMSMS-_4.mzXML	25.0	645870.2	0.0	0.0	[0.0..0.0]	[1.0..1.0]	[1.005..1.005]	[649099.56..649099.56]	[0.987..0.987]	[0.0..0.0]	[1.005..1.005]	[649099.56..649099.56]	[0.987..0.987]	[0.0..0.0]	0.7968794	[517254.06..517254.06]
Group-1	PS 42:1:0	283.26	240116_PS_FTMSMS-_4.mzXML	30.0	1810600.0	0.0	0.0	[0.0..0.0]	[1.0..1.0]	[0.978..0.978]	[1770766.8..1770766.8]	[1.0..1.0]	[0.0..0.0]	[0.978..0.978]	[1770766.8..1770766.8]	[1.0..1.0]	[0.0..0.0]	0.7968794	[1411087.6..1411087.6]
Group-1	PS 42:1:0	283.26	240116_PS_FTMSMS-_4.mzXML	35.0	2416206.5	0.0	0.0	[0.0..0.0]	[1.0..1.0]	[0.963..0.963]	[2326806.8..2326806.8]	[0.999..0.999]	[0.0..0.0]	[0.963..0.963]	[2326806.8..2326806.8]	[0.999..0.999]	[0.0..0.0]	0.7968794	[1854184.5..1854184.5]
Group-1	PS 42:1:0	365.34	240116_PS_FTMSMS-_4.mzXML	25.0	9587.4	0.0	0.0	[15.0..15.0]	[0.0..0.0]	[0.914..0.914]	[8762.884..8762.884]	[0.013..0.013]	[1.0..1.0]	[0.914..0.914]	[8762.884..8762.884]	[0.013..0.013]	[1.0..1.0]	0.7968794	[6982.9614..6982.9614]
Group-1	PS 42:1:0	365.34	240116_PS_FTMSMS-_4.mzXML	30.0	-1.8	0.0	-0.0	[15.0..15.0]	[0.0..0.0]	[0.867..0.867]	[-1.561..-1.561]	[-0.0..-0.0]	[1.0..1.0]	[0.867..0.867]	[-1.5605999..-1.5605999]	[-0.0..-0.0]	[1.0..1.0]	0.7968794	[-1.2436099..-1.2436099]
Group-1	PS 42:1:0	365.34	240116_PS_FTMSMS-_4.mzXML	35.0	2131.8	0.0	0.0	[15.0..15.0]	[0.0..0.0]	[0.821..0.821]	[1750.208..1750.208]	[0.001..0.001]	[1.0..1.0]	[0.821..0.821]	[1750.2078..1750.2078]	[0.001..0.001]	[1.0..1.0]	0.7968794	[1394.7046..1394.7046]
Group-1	PS 42:1:0	367.36	240116_PS_FTMSMS-_4.mzXML	25.0	247442.0	0.0	0.0	[0.0..0.0]	[0.0..1.0]	[1.062..1.095]	[262783.4..270949.0]	[0.559..0.561]	[0.37..0.65]	[1.074..1.083]	[265752.72..267979.7]	[0.56..0.561]	[0.369..0.653]	0.7968794	[209406.69..215913.69]
Group-1	PS 42:1:0	367.36	240116_PS_FTMSMS-_4.mzXML	30.0	568005.5	0.0	0.0	[0.0..0.0]	[0.0..1.0]	[0.967..0.974]	[549261.3..553237.4]	[0.481..0.481]	[0.37..0.65]	[0.97..0.972]	[550965.4..552101.4]	[0.481..0.481]	[0.369..0.653]	0.7968794	[437695.03..440863.44]
Group-1	PS 42:1:0	367.36	240116_PS_FTMSMS-_4.mzXML	35.0	651339.3	0.0	0.0	[0.0..0.0]	[0.0..1.0]	[0.897..0.92]	[584251.4..599232.2]	[0.432..0.433]	[0.37..0.65]	[0.906..0.912]	[590113.44..594021.44]	[0.433..0.433]	[0.369..0.653]	0.7968794	[465577.88..477515.78]
Group-1	PS 42:2:0	281.25	240116_PS_FTMSMS-_4.mzXML	25.0	352377.4	0.0	0.0	[9.0..9.0]	[1.0..1.0]	[0.928..0.928]	[327006.22..327006.22]	[0.386..0.386]	[0.75..0.82]	[0.928..0.928]	[327006.22..327006.22]	[0.386..0.386]	[0.754..0.819]	0.79845804	[261100.73..261100.73]
Group-1	PS 42:2:0	281.25	240116_PS_FTMSMS-_4.mzXML	30.0	734453.4	0.0	0.0	[9.0..9.0]	[1.0..1.0]	[0.914..0.914]	[671290.4..671290.4]	[0.36..0.36]	[0.75..0.82]	[0.914..0.914]	[671290.4..671290.4]	[0.36..0.36]	[0.754..0.819]	0.79845804	[535997.2..535997.2]
Group-1	PS 42:2:0	281.25	240116_PS_FTMSMS-_4.mzXML	35.0	914054.9	0.0	0.0	[9.0..9.0]	[1.0..1.0]	[0.904..0.904]	[826305.56..826305.56]	[0.372..0.372]	[0.75..0.82]	[0.904..0.904]	[826305.56..826305.56]	[0.372..0.372]	[0.754..0.819]	0.79845804	[659770.3..659770.3]
Group-1	PS 42:2:0	283.26	240116_PS_FTMSMS-_4.mzXML	25.0	69807.4	0.0	0.0	[0.0..0.0]	[0.8..0.8]	[1.001..1.001]	[69877.21..69877.21]	[0.886..0.886]	[0.0..0.0]	[1.001..1.001]	[69877.21..69877.21]	[0.886..0.886]	[0.0..0.0]	0.79845804	[55794.02..55794.02]
Group-1	PS 42:2:0	283.26	240116_PS_FTMSMS-_4.mzXML	30.0	251265.5	0.0	0.0	[0.0..0.0]	[0.8..1.0]	[0.976..0.978]	[245235.12..245737.66]	[0.939..0.939]	[0.0..0.0]	[0.976..0.976]	[245235.12..245235.12]	[0.939..0.939]	[0.0..0.0]	0.79845804	[195809.95..196211.2]
Group-1	PS 42:2:0	283.26	240116_PS_FTMSMS-_4.mzXML	35.0	508490.3	0.0	0.0	[0.0..0.0]	[1.0..1.0]	[0.963..0.963]	[489676.16..489676.16]	[0.985..0.985]	[0.0..0.0]	[0.963..0.963]	[489676.16..489676.16]	[0.985..0.985]	[0.0..0.0]	0.79845804	[390985.88..390985.88]
Group-1	PS 42:2:0	309.28	240116_PS_FTMSMS-_4.mzXML	25.0	10055.8	0.0	0.0	[11.0..11.0]	[0.39999998..0.39999998]	[0.916..0.916]	[9211.112..9211.112]	[0.399..0.399]	[0.51..0.72]	[0.916..0.916]	[9211.112..9211.112]	[0.399..0.399]	[0.514..0.725]	0.79845804	[7354.687..7354.687]
Group-1	PS 42:2:0	309.28	240116_PS_FTMSMS-_4.mzXML	30.0	22423.2	0.0	0.0	[11.0..11.0]	[0.39999998..0.39999998]	[0.896..0.896]	[20091.188..20091.188]	[0.448..0.448]	[0.51..0.72]	[0.896..0.896]	[20091.188..20091.188]	[0.448..0.448]	[0.514..0.725]	0.79845804	[16041.971..16041.971]
Group-1	PS 42:2:0	309.28	240116_PS_FTMSMS-_4.mzXML	35.0	29890.4	0.0	0.0	[11.0..11.0]	[0.39999998..0.39999998]	[0.873..0.873]	[26094.32..26094.32]	[0.494..0.494]	[0.51..0.72]	[0.873..0.873]	[26094.32..26094.32]	[0.494..0.494]	[0.514..0.725]	0.79845804	[20835.22..20835.22]
Group-1	PS 42:2:0	337.31	240116_PS_FTMSMS-_4.mzXML	25.0	14990.6	0.0	0.0	[13.0..13.0]	[0.6..0.6]	[0.925..0.925]	[13866.305..13866.305]	[0.601..0.601]	[0.28..0.49]	[0.925..0.925]	[13866.305..13866.305]	[0.601..0.601]	[0.275..0.486]	0.79845804	[11071.663..11071.663]
Group-1	PS 42:2:0	337.31	240116_PS_FTMSMS-_4.mzXML	30.0	28417.3	0.0	0.0	[13.0..13.0]	[0.6..0.6]	[0.871..0.871]	[24751.469..24751.469]	[0.552..0.552]	[0.28..0.49]	[0.871..0.871]	[24751.469..24751.469]	[0.552..0.552]	[0.275..0.486]	0.79845804	[19763.008..19763.008]
Group-1	PS 42:2:0	337.31	240116_PS_FTMSMS-_4.mzXML	35.0	32433.7	0.0	0.0	[13.0..13.0]	[0.6..0.6]	[0.825..0.825]	[26757.8..26757.8]	[0.506..0.506]	[0.28..0.49]	[0.825..0.825]	[26757.8..26757.8]	[0.506..0.506]	[0.275..0.486]	0.79845804	[21364.98..21364.98]
Group-1	PS 42:2:0	363.32	240116_PS_FTMSMS-_4.mzXML	25.0	9727.0	0.0	0.0	[15.0..15.0]	[0.2..0.2]	[0.921..0.921]	[8958.567..8958.567]	[0.114..0.114]	[1.0..1.0]	[0.921..0.921]	[8958.567..8958.567]	[0.114..0.114]	[1.0..1.0]	0.79845804	[7153.04..7153.04]
Group-1	PS 42:2:0	363.32	240116_PS_FTMSMS-_4.mzXML	30.0	18235.7	0.0	0.0	[15.0..15.0]	[0.0..0.2]	[0.868..0.874]	[15828.586..15938.001]	[0.061..0.061]	[1.0..1.0]	[0.874..0.874]	[15938.001..15938.001]	[0.061..0.061]	[1.0..1.0]	0.79845804	[12638.462..12725.825]
Group-1	PS 42:2:0	363.32	240116_PS_FTMSMS-_4.mzXML	35.0	8924.9	0.0	0.0	[15.0..15.0]	[0.0..0.0]	[0.84..0.84]	[7496.916..7496.916]	[0.015..0.015]	[1.0..1.0]	[0.84..0.84]	[7496.916..7496.916]	[0.015..0.015]	[1.0..1.0]	0.79845804	[5985.973..5985.973]
Group-1	PS 42:2:0	365.34	240116_PS_FTMSMS-_4.mzXML	25.0	568091.7	0.0	0.0	[15.0..15.0]	[0.0..0.0]	[0.914..0.914]	[519235.78..519235.78]	[0.614..0.614]	[0.18..0.25]	[0.914..0.914]	[519235.78..519235.78]	[0.614..0.614]	[0.181..0.246]	0.79845804	[414588.0..414588.0]
Group-1	PS 42:2:0	365.34	240116_PS_FTMSMS-_4.mzXML	30.0	1376157.2	0.0	0.0	[15.0..15.0]	[0.0..0.0]	[0.867..0.867]	[1193128.4..1193128.4]	[0.64..0.64]	[0.18..0.25]	[0.867..0.867]	[1193128.4..1193128.4]	[0.64..0.64]	[0.181..0.246]	0.79845804	[952662.94..952662.94]
Group-1	PS 42:2:0	365.34	240116_PS_FTMSMS-_4.mzXML	35.0	1698348.2	0.0	0.0	[15.0..15.0]	[0.0..0.0]	[0.821..0.821]	[1394343.9..1394343.9]	[0.628..0.628]	[0.18..0.25]	[0.821..0.821]	[1394343.9..1394343.9]	[0.628..0.628]	[0.181..0.246]	0.79845804	[1113325.1..1113325.1]
Group-1	PS 42:3:0	281.25	240116_PS_FTMSMS-_4.mzXML	25.0	63696.0	0.0	0.0	[9.0..9.0]	[1.0..1.0]	[0.928..0.928]	[59109.887..59109.887]	[0.591..0.591]	[0.0..0.3]	[0.928..0.928]	[59109.887..59109.887]	[0.591..0.591]	[0.0..0.298]	0.80005133	[47290.945..47290.945]
Group-1	PS 42:3:0	281.25	240116_PS_FTMSMS-_4.mzXML	30.0	248922.6	0.0	0.0	[9.0..9.0]	[0.5..0.5]	[0.917..0.917]	[228262.02..228262.02]	[0.702..0.702]	[0.0..0.3]	[0.917..0.917]	[228262.02..228262.02]	[0.702..0.702]	[0.0..0.298]	0.80005133	[182621.34..182621.34]
Group-1	PS 42:3:0	281.25	240116_PS_FTMSMS-_4.mzXML	35.0	418161.9	0.0	0.0	[9.0..9.0]	[0.5..1.0]	[0.904..0.918]	[378018.34..383872.62]	[0.78..0.782]	[0.0..0.3]	[0.904..0.908]	[378018.34..379691.0]	[0.779..0.779]	[0.0..0.298]	0.80005133	[302434.1..307117.8]
Group-1	PS 42:3:0	283.26	240116_PS_FTMSMS-_4.mzXML	25.0	220960.6	0.0	0.0	[0.0..0.0]	[0.3..0.3]	[0.991..0.991]	[218971.95..218971.95]	[0.79..0.79]	[0.0..0.0]	[0.991..0.991]	[218971.95..218971.95]	[0.79..0.79]	[0.0..0.0]	0.80005133	[175188.8..175188.8]
Group-1	PS 42:3:0	283.26	240116_PS_FTMSMS-_4.mzXML	30.0	789418.1	0.0	0.0	[0.0..0.0]	[1.0..1.0]	[0.978..0.978]	[772050.94..772050.94]	[0.881..0.881]	[0.0..0.0]	[0.978..0.978]	[772050.94..772050.94]	[0.881..0.881]	[0.0..0.0]	0.80005133	[617680.3..617680.3]
Group-1	PS 42:3:0	283.26	240116_PS_FTMSMS-_4.mzXML	35.0	1379181.6	0.0	0.0	[0.0..0.0]	[0.3..1.0]	[0.961..0.963]	[1325393.6..1328151.9]	[0.924..0.926]	[0.0..0.0]	[0.961..0.961]	[1325393.6..1325393.6]	[0.924..0.924]	[0.0..0.0]	0.80005133	[1060382.9..1062589.8]
Group-1	PS 42:3:0	361.3	240116_PS_FTMSMS-_4.mzXML	25.0	59847.5	0.0	0.0	[15.0..15.0]	[0.7..0.7]	[0.972..0.972]	[58171.77..58171.77]	[0.21..0.21]	[1.0..1.0]	[0.972..0.972]	[58171.77..58171.77]	[0.21..0.21]	[1.0..1.0]	0.80005133	[46540.402..46540.402]
Group-1	PS 42:3:0	361.3	240116_PS_FTMSMS-_4.mzXML	30.0	110178.3	0.0	0.0	[15.0..15.0]	[0.0..0.0]	[0.945..0.945]	[104118.49..104118.49]	[0.119..0.119]	[1.0..1.0]	[0.945..0.945]	[104118.49..104118.49]	[0.119..0.119]	[1.0..1.0]	0.80005133	[83300.14..83300.14]
Group-1	PS 42:3:0	361.3	240116_PS_FTMSMS-_4.mzXML	35.0	114499.5	0.0	0.0	[15.0..15.0]	[0.0..0.7]	[0.931..0.954]	[106599.03..109232.52]	[0.074..0.076]	[1.0..1.0]	[0.954..0.954]	[109232.52..109232.52]	[0.076..0.076]	[1.0..1.0]	0.80005133	[85284.695..87391.625]
Group-1	PS 42:3:0	363.32	240116_PS_FTMSMS-_4.mzXML	25.0	44537.6	0.0	0.0	[15.0..15.0]	[0.0..0.0]	[0.92..0.92]	[40974.594..40974.594]	[0.409..0.409]	[0.7..1.0]	[0.92..0.92]	[40974.594..40974.594]	[0.409..0.409]	[0.702..1.0]	0.80005133	[32781.777..32781.777]
Group-1	PS 42:3:0	363.32	240116_PS_FTMSMS-_4.mzXML	30.0	113140.8	0.0	0.0	[15.0..15.0]	[0.5..0.5]	[0.858..0.858]	[97074.805..97074.805]	[0.298..0.298]	[0.7..1.0]	[0.858..0.858]	[97074.805..97074.805]	[0.298..0.298]	[0.702..1.0]	0.80005133	[77664.83..77664.83]
Group-1	PS 42:3:0	363.32	240116_PS_FTMSMS-_4.mzXML	35.0	128548.2	0.0	0.0	[15.0..15.0]	[0.0..0.5]	[0.818..0.84]	[105152.43..107980.484]	[0.218..0.22]	[0.7..1.0]	[0.833..0.84]	[107080.66..107980.484]	[0.221..0.221]	[0.702..1.0]	0.80005133	[84127.34..86389.94]
Group-1	PS 42:4:0	281.25	240116_PS_FTMSMS-_4.mzXML	25.0	45040.4	0.0	0.0	[9.0..9.0]	[1.0..1.0]	[0.928..0.928]	[41797.49..41797.49]	[0.427..0.427]	[0.12..0.66]	[0.928..0.928]	[41797.49..41797.49]	[0.427..0.427]	[0.116..0.662]	0.80165154	[33507.02..33507.02]
Group-1	PS 42:4:0	281.25	240116_PS_FTMSMS-_4.mzXML	30.0	165880.1	0.0	0.0	[9.0..9.0]	[1.0..1.0]	[0.914..0.914]	[151614.4..151614.4]	[0.587..0.587]	[0.12..0.66]	[0.914..0.914]	[151614.4..151614.4]	[0.587..0.587]	[0.116..0.662]	0.80165154	[121541.914..121541.914]
Group-1	PS 42:4:0	281.25	240116_PS_FTMSMS-_4.mzXML	35.0	281240.4	0.0	0.0	[9.0..9.0]	[1.0..1.0]	[0.904..0.904]	[254241.33..254241.33]	[0.668..0.668]	[0.12..0.66]	[0.904..0.904]	[254241.33..254241.33]	[0.668..0.668]	[0.116..0.662]	0.80165154	[203812.94..203812.94]
Group-1	PS 42:4:0	283.26	240116_PS_FTMSMS-_4.mzXML	25.0	638518.0	0.0	0.0	[0.0..0.0]	[1.0..1.0]	[1.005..1.005]	[641710.56..641710.56]	[0.719..0.719]	[0.0..0.01]	[1.005..1.005]	[641710.56..641710.56]	[0.719..0.719]	[0.0..0.013]	0.80165154	[514428.28..514428.28]
Group-1	PS 42:4:0	283.26	240116_PS_FTMSMS-_4.mzXML	30.0	1277736.9	0.0	0.0	[0.0..0.0]	[1.0..1.0]	[0.978..0.978]	[1249626.6..1249626.6]	[0.761..0.761]	[0.0..0.01]	[0.978..0.978]	[1249626.6..1249626.6]	[0.761..0.761]	[0.0..0.013]	0.80165154	[1001765.1..1001765.1]
Group-1	PS 42:4:0	283.26	240116_PS_FTMSMS-_4.mzXML	35.0	1659123.9	0.0	0.0	[0.0..0.0]	[1.0..1.0]	[0.963..0.963]	[1597736.2..1597736.2]	[0.78..0.78]	[0.0..0.01]	[0.963..0.963]	[1597736.2..1597736.2]	[0.78..0.78]	[0.0..0.013]	0.80165154	[1280827.8..1280827.8]
Group-1	PS 42:4:0	309.28	240116_PS_FTMSMS-_4.mzXML	25.0	11496.4	0.0	0.0	[11.0..11.0]	[1.0..1.0]	[0.939..0.939]	[10795.12..10795.12]	[1.0..1.0]	[0.0..0.14]	[0.939..0.939]	[10795.12..10795.12]	[1.0..1.0]	[0.0..0.14]	0.80165154	[8653.925..8653.925]
Group-1	PS 42:4:0	309.28	240116_PS_FTMSMS-_4.mzXML	30.0	20487.9	0.0	0.0	[11.0..11.0]	[1.0..1.0]	[0.892..0.892]	[18275.207..18275.207]	[0.658..0.658]	[0.0..0.14]	[0.892..0.892]	[18275.207..18275.207]	[0.658..0.658]	[0.0..0.14]	0.80165154	[14650.348..14650.348]
Group-1	PS 42:4:0	309.28	240116_PS_FTMSMS-_4.mzXML	35.0	29626.2	0.0	0.0	[11.0..11.0]	[1.0..1.0]	[0.856..0.856]	[25360.027..25360.027]	[0.717..0.717]	[0.0..0.14]	[0.856..0.856]	[25360.027..25360.027]	[0.717..0.717]	[0.0..0.14]	0.80165154	[20329.904..20329.904]
Group-1	PS 42:4:0	333.28	240116_PS_FTMSMS-_4.mzXML	25.0	0.0	0.0	0.0	[13.0..13.0]	[0.0..0.0]	[0.93..0.93]	[0.0..0.0]	[0.0..0.0]	[0.86..1.0]	[0.93..0.93]	[0.0..0.0]	[0.0..0.0]	[0.86..1.0]	0.80165154	[0.0..0.0]
Group-1	PS 42:4:0	333.28	240116_PS_FTMSMS-_4.mzXML	30.0	10211.3	0.0	0.0	[13.0..13.0]	[0.0..0.0]	[0.93..0.93]	[9496.509..9496.509]	[0.342..0.342]	[0.86..1.0]	[0.93..0.93]	[9496.509..9496.509]	[0.342..0.342]	[0.86..1.0]	0.80165154	[7612.891..7612.891]
Group-1	PS 42:4:0	333.28	240116_PS_FTMSMS-_4.mzXML	35.0	10422.7	0.0	0.0	[13.0..13.0]	[0.0..0.0]	[0.959..0.959]	[9995.369..9995.369]	[0.283..0.283]	[0.86..1.0]	[0.959..0.959]	[9995.369..9995.369]	[0.283..0.283]	[0.86..1.0]	0.80165154	[8012.8037..8012.8037]
Group-1	PS 42:4:0	359.3	240116_PS_FTMSMS-_4.mzXML	25.0	296507.4	0.0	0.0	[9.0..9.0]	[0.0..0.0]	[0.847..0.847]	[251141.78..251141.78]	[0.281..0.281]	[0.99..1.0]	[0.847..0.847]	[251141.78..251141.78]	[0.281..0.281]	[0.987..1.0]	0.80165154	[201328.19..201328.19]
Group-1	PS 42:4:0	359.3	240116_PS_FTMSMS-_4.mzXML	30.0	435372.2	0.0	0.0	[9.0..9.0]	[0.0..0.0]	[0.902..0.902]	[392705.72..392705.72]	[0.239..0.239]	[0.99..1.0]	[0.902..0.902]	[392705.72..392705.72]	[0.239..0.239]	[0.987..1.0]	0.80165154	[314813.12..314813.12]
Group-1	PS 42:4:0	359.3	240116_PS_FTMSMS-_4.mzXML	35.0	431984.7	0.0	0.0	[9.0..9.0]	[0.0..0.0]	[1.044..1.044]	[450992.03..450992.03]	[0.22..0.22]	[0.99..1.0]	[1.044..1.044]	[450992.03..450992.03]	[0.22..0.22]	[0.987..1.0]	0.80165154	[361538.44..361538.44]
Group-1	PS 42:4:0	361.3	240116_PS_FTMSMS-_4.mzXML	25.0	57889.0	0.0	0.0	[15.0..15.0]	[0.0..0.0]	[0.968..0.968]	[56036.55..56036.55]	[0.573..0.573]	[0.34..0.88]	[0.968..0.968]	[56036.55..56036.55]	[0.573..0.573]	[0.338..0.884]	0.80165154	[44921.785..44921.785]
Group-1	PS 42:4:0	361.3	240116_PS_FTMSMS-_4.mzXML	30.0	113069.4	0.0	0.0	[15.0..15.0]	[0.0..0.0]	[0.945..0.945]	[106850.58..106850.58]	[0.413..0.413]	[0.34..0.88]	[0.945..0.945]	[106850.58..106850.58]	[0.413..0.413]	[0.338..0.884]	0.80165154	[85656.93..85656.93]
Group-1	PS 42:4:0	361.3	240116_PS_FTMSMS-_4.mzXML	35.0	132512.8	0.0	0.0	[15.0..15.0]	[0.0..0.0]	[0.954..0.954]	[126417.21..126417.21]	[0.332..0.332]	[0.34..0.88]	[0.954..0.954]	[126417.21..126417.21]	[0.332..0.332]	[0.338..0.884]	0.80165154	[101342.55..101342.55]
Group-1	PS 42:5:0	281.25	240116_PS_FTMSMS-_4.mzXML	25.0	177585.7	0.0	0.0	[9.0..9.0]	[1.0..1.0]	[0.928..0.928]	[164799.53..164799.53]	[0.56..0.56]	[0.29..0.37]	[0.928..0.928]	[164799.53..164799.53]	[0.56..0.56]	[0.285..0.366]	0.8032428	[132374.03..132374.03]
Group-1	PS 42:5:0	281.25	240116_PS_FTMSMS-_4.mzXML	30.0	391995.7	0.0	0.0	[9.0..9.0]	[1.0..1.0]	[0.914..0.914]	[358284.06..358284.06]	[0.562..0.562]	[0.29..0.37]	[0.914..0.914]	[358284.06..358284.06]	[0.562..0.562]	[0.285..0.366]	0.8032428	[287789.1..287789.1]
Group-1	PS 42:5:0	281.25	240116_PS_FTMSMS-_4.mzXML	35.0	480286.2	0.0	0.0	[9.0..9.0]	[1.0..1.0]	[0.904..0.904]	[434178.72..434178.72]	[0.594..0.594]	[0.29..0.37]	[0.904..0.904]	[434178.72..434178.72]	[0.594..0.594]	[0.285..0.366]	0.8032428	[348750.94..348750.94]
Group-1	PS 42:5:0	283.26	240116_PS_FTMSMS-_4.mzXML	25.0	402950.4	0.0	0.0	[0.0..0.0]	[1.0..1.0]	[1.005..1.005]	[404965.16..404965.16]	[0.763..0.765]	[0.0..0.0]	[1.005..1.005]	[404965.16..404965.16]	[0.761..0.763]	[0.0..0.0]	0.8032428	[325285.34..325285.34]
Group-1	PS 42:5:0	283.26	240116_PS_FTMSMS-_4.mzXML	30.0	918277.9	0.0	0.0	[0.0..0.0]	[1.0..1.0]	[0.978..0.978]	[898075.75..898075.75]	[0.803..0.824]	[0.0..0.0]	[0.978..0.978]	[898075.75..898075.75]	[0.805..0.825]	[0.0..0.0]	0.8032428	[721372.94..721372.94]
Group-1	PS 42:5:0	283.26	240116_PS_FTMSMS-_4.mzXML	35.0	1156358.0	0.0	0.0	[0.0..0.0]	[1.0..1.0]	[0.963..0.963]	[1113572.8..1113572.8]	[0.819..0.856]	[0.0..0.0]	[0.963..0.963]	[1113572.8..1113572.8]	[0.82..0.856]	[0.0..0.0]	0.8032428	[894469.3..894469.3]
Group-1	PS 42:5:0	357.28	240116_PS_FTMSMS-_4.mzXML	25.0	130545.8	0.0	0.0	[6.0..9.0]	[0.0..0.0]	[0.952..0.961]	[124279.6..125454.516]	[0.235..0.237]	[1.0..1.0]	[0.962..0.975]	[125585.055..127282.16]	[0.237..0.239]	[1.0..1.0]	0.8032428	[99826.695..100770.43]
Group-1	PS 42:5:0	357.28	240116_PS_FTMSMS-_4.mzXML	30.0	175103.2	0.0	0.0	[6.0..9.0]	[0.0..0.0]	[1.098..1.255]	[192263.33..219754.52]	[0.176..0.197]	[1.0..1.0]	[1.087..1.241]	[190337.19..217303.08]	[0.175..0.195]	[1.0..1.0]	0.8032428	[154434.14..176516.23]
Group-1	PS 42:5:0	357.28	240116_PS_FTMSMS-_4.mzXML	35.0	130480.1	0.0	0.0	[6.0..9.0]	[0.0..0.0]	[1.437..1.88]	[187499.9..245302.6]	[0.144..0.181]	[1.0..1.0]	[1.436..1.871]	[187369.42..244128.28]	[0.144..0.18]	[1.0..1.0]	0.8032428	[150607.95..197037.55]
Group-1	PS 42:5:0	359.3	240116_PS_FTMSMS-_4.mzXML	25.0	153031.8	0.0	0.0	[9.0..9.0]	[0.0..0.0]	[0.847..0.847]	[129617.93..129617.93]	[0.44..0.44]	[0.63..0.71]	[0.847..0.847]	[129617.93..129617.93]	[0.44..0.44]	[0.634..0.715]	0.8032428	[104114.67..104114.67]
Group-1	PS 42:5:0	359.3	240116_PS_FTMSMS-_4.mzXML	30.0	309077.8	0.0	0.0	[9.0..9.0]	[0.0..0.0]	[0.902..0.902]	[278788.2..278788.2]	[0.438..0.438]	[0.63..0.71]	[0.902..0.902]	[278788.2..278788.2]	[0.438..0.438]	[0.634..0.715]	0.8032428	[223934.61..223934.61]
Group-1	PS 42:5:0	359.3	240116_PS_FTMSMS-_4.mzXML	35.0	284373.3	0.0	0.0	[9.0..9.0]	[0.0..0.0]	[1.044..1.044]	[296885.75..296885.75]	[0.406..0.406]	[0.63..0.71]	[1.044..1.044]	[296885.75..296885.75]	[0.406..0.406]	[0.634..0.715]	0.8032428	[238471.33..238471.33]
Group-1	PS 42:6:0	281.25	240116_PS_FTMSMS-_4.mzXML	25.0	132266.9	0.0	0.0	[9.0..9.0]	[1.0..1.0]	[0.928..0.928]	[122743.69..122743.69]	[0.74..0.742]	[0.0..0.0]	[0.928..0.928]	[122743.69..122743.69]	[0.737..0.74]	[0.0..0.0]	0.80485684	[98791.09..98791.09]
Group-1	PS 42:6:0	281.25	240116_PS_FTMSMS-_4.mzXML	30.0	346150.8	0.0	0.0	[9.0..9.0]	[1.0..1.0]	[0.914..0.914]	[316381.84..316381.84]	[0.779..0.802]	[0.0..0.0]	[0.914..0.914]	[316381.84..316381.84]	[0.781..0.803]	[0.0..0.0]	0.80485684	[254642.08..254642.08]
Group-1	PS 42:6:0	281.25	240116_PS_FTMSMS-_4.mzXML	35.0	470353.1	0.0	0.0	[9.0..9.0]	[1.0..1.0]	[0.904..0.904]	[425199.2..425199.2]	[0.78..0.822]	[0.0..0.0]	[0.904..0.904]	[425199.2..425199.2]	[0.78..0.822]	[0.0..0.0]	0.80485684	[342224.47..342224.47]
Group-1	PS 42:6:0	283.26	240116_PS_FTMSMS-_4.mzXML	25.0	254952.2	0.0	0.0	[0.0..0.0]	[0.0..0.0]	[0.986..0.986]	[251382.88..251382.88]	[0.953..0.953]	[0.0..0.0]	[0.986..0.986]	[251382.88..251382.88]	[0.953..0.953]	[0.0..0.0]	0.80485684	[202327.23..202327.23]
Group-1	PS 42:6:0	283.26	240116_PS_FTMSMS-_4.mzXML	30.0	726236.0	0.0	0.0	[0.0..0.0]	[0.0..1.0]	[0.968..0.978]	[702996.44..710258.8]	[0.972..0.973]	[0.0..0.0]	[0.968..0.968]	[702996.44..702996.44]	[0.972..0.972]	[0.0..0.0]	0.80485684	[565811.5..571656.6]
Group-1	PS 42:6:0	283.26	240116_PS_FTMSMS-_4.mzXML	35.0	1116826.2	0.0	0.0	[0.0..0.0]	[1.0..1.0]	[0.963..0.963]	[1075503.6..1075503.6]	[0.98..0.98]	[0.0..0.0]	[0.963..0.963]	[1075503.6..1075503.6]	[0.98..0.98]	[0.0..0.0]	0.80485684	[865626.5..865626.5]
Group-1	PS 42:6:0	355.26	240116_PS_FTMSMS-_4.mzXML	25.0	10818.0	0.0	0.0	[6.0..6.0]	[1.0..1.0]	[1.148..1.148]	[12419.064..12419.064]	[0.047..0.047]	[1.0..1.0]	[1.148..1.148]	[12419.064..12419.064]	[0.047..0.047]	[1.0..1.0]	0.80485684	[9995.568..9995.568]
Group-1	PS 42:6:0	355.26	240116_PS_FTMSMS-_4.mzXML	30.0	11760.6	0.0	0.0	[6.0..6.0]	[0.0..1.0]	[1.684..1.714]	[19804.85..20157.668]	[0.027..0.028]	[1.0..1.0]	[1.714..1.714]	[20157.668..20157.668]	[0.028..0.028]	[1.0..1.0]	0.80485684	[15940.068..16224.036]
Group-1	PS 42:6:0	355.26	240116_PS_FTMSMS-_4.mzXML	35.0	7262.8	0.0	0.0	[6.0..6.0]	[0.0..0.0]	[3.072..3.072]	[22311.32..22311.32]	[0.02..0.02]	[1.0..1.0]	[3.072..3.072]	[22311.32..22311.32]	[0.02..0.02]	[1.0..1.0]	0.80485684	[17957.42..17957.42]
Group-1	PS 42:6:0	357.28	240116_PS_FTMSMS-_4.mzXML	25.0	44853.4	0.0	0.0	[6.0..9.0]	[0.0..0.0]	[0.952..0.961]	[42700.438..43104.117]	[0.258..0.26]	[1.0..1.0]	[0.962..0.975]	[43148.97..43732.066]	[0.26..0.263]	[1.0..1.0]	0.80485684	[34367.734..34692.64]
Group-1	PS 42:6:0	357.28	240116_PS_FTMSMS-_4.mzXML	30.0	71326.6	0.0	0.0	[6.0..9.0]	[0.0..0.0]	[1.098..1.255]	[78316.61..89514.88]	[0.198..0.221]	[1.0..1.0]	[1.087..1.241]	[77532.016..88516.32]	[0.197..0.219]	[1.0..1.0]	0.80485684	[63033.66..72046.664]
Group-1	PS 42:6:0	357.28	240116_PS_FTMSMS-_4.mzXML	35.0	63943.3	0.0	0.0	[6.0..9.0]	[0.0..0.0]	[1.437..1.88]	[91886.52..120213.41]	[0.178..0.22]	[1.0..1.0]	[1.436..1.871]	[91822.58..119637.92]	[0.178..0.22]	[1.0..1.0]	0.80485684	[73955.5..96754.58]
Group-1	PS 42:7:0	309.28	240116_PS_FTMSMS-_4.mzXML	25.0	23323.9	0.0	0.0	[11.0..11.0]	[1.0..1.0]	[0.939..0.939]	[21901.143..21901.143]	[0.688..0.688]	[0.0..0.08]	[0.939..0.939]	[21901.143..21901.143]	[0.688..0.688]	[0.0..0.082]	0.80647796	[17662.79..17662.79]
Group-1	PS 42:7:0	309.28	240116_PS_FTMSMS-_4.mzXML	30.0	47736.2	0.0	0.0	[11.0..11.0]	[1.0..1.0]	[0.892..0.892]	[42580.69..42580.69]	[1.0..1.0]	[0.0..0.08]	[0.892..0.892]	[42580.69..42580.69]	[1.0..1.0]	[0.0..0.082]	0.80647796	[34340.387..34340.387]
Group-1	PS 42:7:0	309.28	240116_PS_FTMSMS-_4.mzXML	35.0	53659.6	0.0	0.0	[11.0..11.0]	[1.0..1.0]	[0.856..0.856]	[45932.62..45932.62]	[1.0..1.0]	[0.0..0.08]	[0.856..0.856]	[45932.62..45932.62]	[1.0..1.0]	[0.0..0.082]	0.80647796	[37043.645..37043.645]
Group-1	PS 42:7:0	327.23	240116_PS_FTMSMS-_4.mzXML	25.0	7570.5	0.0	0.0	[4.0..4.0]	[0.0..0.0]	[1.314..1.314]	[9947.637..9947.637]	[0.312..0.312]	[0.92..1.0]	[1.314..1.314]	[9947.637..9947.637]	[0.312..0.312]	[0.918..1.0]	0.80647796	[8022.5503..8022.5503]
Group-1	PS 42:7:0	327.23	240116_PS_FTMSMS-_4.mzXML	30.0	0.0	0.0	0.0	[4.0..4.0]	[0.0..0.0]	[2.457..2.457]	[0.0..0.0]	[0.0..0.0]	[0.92..1.0]	[2.457..2.457]	[0.0..0.0]	[0.0..0.0]	[0.918..1.0]	0.80647796	[0.0..0.0]
Group-1	PS 42:7:0	327.23	240116_PS_FTMSMS-_4.mzXML	35.0	0.0	0.0	0.0	[4.0..4.0]	[0.0..0.0]	[5.509..5.509]	[0.0..0.0]	[0.0..0.0]	[0.92..1.0]	[5.509..5.509]	[0.0..0.0]	[0.0..0.0]	[0.918..1.0]	0.80647796	[0.0..0.0]
Group-1	PS 34:0:0	255.23	240116_PS_FTMSMS-_3.mzXML	25.0	13039.8	0.0	0.0	[0.0..0.0]	[0.0..1.0]	[1.0..1.0]	[13039.8..13039.8]	[0.323..0.327]	[0.89..1.0]	[1.0..1.0]	[13039.8..13039.8]	[0.326..0.327]	[0.894..1.0]	0.89466476	[11666.249..11666.249]
Group-1	PS 34:0:0	255.23	240116_PS_FTMSMS-_3.mzXML	30.0	9241.9	0.0	0.0	[0.0..0.0]	[0.0..1.0]	[1.0..1.0]	[9241.9..9241.9]	[0.142..0.144]	[0.89..1.0]	[1.0..1.0]	[9241.9..9241.9]	[0.144..0.144]	[0.894..1.0]	0.89466476	[8268.402..8268.402]
Group-1	PS 34:0:0	255.23	240116_PS_FTMSMS-_3.mzXML	35.0	21915.2	0.0	0.0	[0.0..0.0]	[0.0..1.0]	[1.0..1.0]	[21915.2..21915.2]	[0.234..0.235]	[0.89..1.0]	[1.0..1.0]	[21915.2..21915.2]	[0.235..0.235]	[0.894..1.0]	0.89466476	[19606.756..19606.756]
Group-1	PS 34:0:0	283.26	240116_PS_FTMSMS-_3.mzXML	25.0	27249.3	0.0	0.0	[0.0..0.0]	[0.0..1.0]	[0.986..1.005]	[26867.81..27385.547]	[0.673..0.677]	[0.0..0.11]	[0.986..0.988]	[26867.81..26922.309]	[0.673..0.674]	[0.0..0.106]	0.89466476	[24037.684..24500.885]
Group-1	PS 34:0:0	283.26	240116_PS_FTMSMS-_3.mzXML	30.0	56886.2	0.0	0.0	[0.0..0.0]	[0.0..1.0]	[0.968..0.978]	[55065.84..55634.703]	[0.856..0.858]	[0.0..0.11]	[0.968..0.969]	[55065.84..55122.727]	[0.856..0.856]	[0.0..0.106]	0.89466476	[49265.47..49774.406]
Group-1	PS 34:0:0	283.26	240116_PS_FTMSMS-_3.mzXML	35.0	74316.3	0.0	0.0	[0.0..0.0]	[0.0..1.0]	[0.961..0.963]	[71417.96..71566.59]	[0.765..0.766]	[0.0..0.11]	[0.961..0.961]	[71417.96..71417.96]	[0.765..0.765]	[0.0..0.106]	0.89466476	[63895.137..64028.11]
Group-1	PS 34:1:0	253.22	240116_PS_FTMSMS-_3.mzXML	25.0	105195.5	0.0	0.0	[9.0..9.0]	[0.0..1.0]	[0.92..0.938]	[96779.86..98673.38]	[0.265..0.265]	[1.0..1.0]	[0.938..0.938]	[98673.38..98673.38]	[0.268..0.268]	[1.0..1.0]	0.8967037	[86782.86..88480.79]
Group-1	PS 34:1:0	253.22	240116_PS_FTMSMS-_3.mzXML	30.0	197813.6	0.0	0.0	[9.0..9.0]	[0.0..1.0]	[0.953..0.972]	[188516.36..192274.81]	[0.246..0.248]	[1.0..1.0]	[0.972..0.972]	[192274.81..192274.81]	[0.25..0.25]	[1.0..1.0]	0.8967037	[169043.31..172413.55]
Group-1	PS 34:1:0	253.22	240116_PS_FTMSMS-_3.mzXML	35.0	191531.4	0.0	0.0	[9.0..9.0]	[0.0..1.0]	[0.96..1.004]	[183870.14..192297.52]	[0.212..0.22]	[1.0..1.0]	[1.004..1.004]	[192297.52..192297.52]	[0.22..0.22]	[1.0..1.0]	0.8967037	[164877.05..172433.9]
Group-1	PS 34:1:0	255.23	240116_PS_FTMSMS-_3.mzXML	25.0	774183.4	0.0	0.0	[0.0..0.0]	[1.0..1.0]	[1.0..1.0]	[774183.4..774183.4]	[0.686..0.686]	[0.0..0.09]	[1.0..1.0]	[774183.4..774183.4]	[0.686..0.686]	[0.0..0.086]	0.8967037	[694213.1..694213.1]
Group-1	PS 34:1:0	255.23	240116_PS_FTMSMS-_3.mzXML	30.0	1797957.8	0.0	0.0	[0.0..0.0]	[0.5..0.5]	[1.0..1.0]	[1797957.8..1797957.8]	[0.708..0.708]	[0.0..0.09]	[1.0..1.0]	[1797957.8..1797957.8]	[0.708..0.708]	[0.0..0.086]	0.8967037	[1612235.4..1612235.4]
Group-1	PS 34:1:0	255.23	240116_PS_FTMSMS-_3.mzXML	35.0	2113938.8	0.0	0.0	[0.0..0.0]	[0.5..1.0]	[1.0..1.0]	[2113938.8..2113938.8]	[0.722..0.726]	[0.0..0.09]	[1.0..1.0]	[2113938.8..2113938.8]	[0.722..0.723]	[0.0..0.086]	0.8967037	[1895576.8..1895576.8]
Group-1	PS 34:1:0	281.25	240116_PS_FTMSMS-_3.mzXML	25.0	396974.2	0.0	0.0	[9.0..9.0]	[0.0..0.0]	[0.893..0.893]	[354497.94..354497.94]	[0.314..0.314]	[0.91..1.0]	[0.893..0.893]	[354497.94..354497.94]	[0.314..0.314]	[0.914..1.0]	0.8967037	[317879.62..317879.62]
Group-1	PS 34:1:0	281.25	240116_PS_FTMSMS-_3.mzXML	30.0	806716.8	0.0	0.0	[9.0..9.0]	[0.5..0.5]	[0.917..0.917]	[739759.3..739759.3]	[0.292..0.292]	[0.91..1.0]	[0.917..0.917]	[739759.3..739759.3]	[0.292..0.292]	[0.914..1.0]	0.8967037	[663344.9..663344.9]
Group-1	PS 34:1:0	281.25	240116_PS_FTMSMS-_3.mzXML	35.0	871244.8	0.0	0.0	[9.0..9.0]	[0.0..0.5]	[0.918..0.932]	[799802.75..812000.1]	[0.274..0.278]	[0.91..1.0]	[0.931..0.932]	[811128.94..812000.1]	[0.277..0.278]	[0.914..1.0]	0.8967037	[717186.06..728123.5]
Group-1	PS 34:1:0	283.26	240116_PS_FTMSMS-_3.mzXML	25.0	272741.5	0.0	0.0	[0.0..0.0]	[0.0..1.0]	[0.986..1.005]	[268923.12..274105.22]	[0.735..0.735]	[0.0..0.0]	[0.986..0.986]	[268923.12..268923.12]	[0.732..0.732]	[0.0..0.0]	0.8967037	[241144.36..245791.16]
Group-1	PS 34:1:0	283.26	240116_PS_FTMSMS-_3.mzXML	30.0	595753.8	0.0	0.0	[0.0..0.0]	[0.0..1.0]	[0.968..0.978]	[576689.7..582647.25]	[0.752..0.754]	[0.0..0.0]	[0.968..0.968]	[576689.7..576689.7]	[0.75..0.75]	[0.0..0.0]	0.8967037	[517119.8..522461.97]
Group-1	PS 34:1:0	283.26	240116_PS_FTMSMS-_3.mzXML	35.0	709788.9	0.0	0.0	[0.0..0.0]	[0.0..1.0]	[0.961..0.963]	[682107.1..683526.6]	[0.78..0.788]	[0.0..0.0]	[0.961..0.961]	[682107.1..682107.1]	[0.78..0.78]	[0.0..0.0]	0.8967037	[611648.0..612920.94]
Group-1	PS 34:2:0	251.2	240116_PS_FTMSMS-_3.mzXML	25.0	780.7	0.0	0.0	[9.0..9.0]	[0.0..1.0]	[0.903..0.923]	[704.972..720.586]	[0.028..0.028]	[1.0..1.0]	[0.923..0.923]	[720.5861..720.5861]	[0.029..0.029]	[1.0..1.0]	0.8987426	[633.5885..647.62146]
Group-1	PS 34:2:0	251.2	240116_PS_FTMSMS-_3.mzXML	30.0	1449.4	0.0	0.0	[9.0..9.0]	[0.0..1.0]	[0.962..0.975]	[1394.323..1413.165]	[0.046..0.046]	[1.0..1.0]	[0.975..0.975]	[1413.165..1413.165]	[0.046..0.046]	[1.0..1.0]	0.8987426	[1253.1373..1270.0717]
Group-1	PS 34:2:0	251.2	240116_PS_FTMSMS-_3.mzXML	35.0	1153.6	0.0	0.0	[9.0..9.0]	[0.0..1.0]	[1.016..1.049]	[1172.058..1210.126]	[0.033..0.034]	[1.0..1.0]	[1.049..1.049]	[1210.1263..1210.1263]	[0.034..0.034]	[1.0..1.0]	0.8987426	[1053.378..1087.5922]
Group-1	PS 34:2:0	253.22	240116_PS_FTMSMS-_3.mzXML	25.0	19312.7	0.0	0.0	[9.0..9.0]	[1.0..1.0]	[0.938..0.938]	[18115.312..18115.312]	[0.341..0.341]	[0.85..0.96]	[0.938..0.938]	[18115.312..18115.312]	[0.341..0.341]	[0.854..0.957]	0.8987426	[16281.004..16281.004]
Group-1	PS 34:2:0	253.22	240116_PS_FTMSMS-_3.mzXML	30.0	33424.5	0.0	0.0	[9.0..9.0]	[1.0..1.0]	[0.953..0.953]	[31853.549..31853.549]	[0.313..0.313]	[0.85..0.96]	[0.953..0.953]	[31853.549..31853.549]	[0.313..0.313]	[0.854..0.957]	0.8987426	[28628.143..28628.143]
Group-1	PS 34:2:0	253.22	240116_PS_FTMSMS-_3.mzXML	35.0	38211.7	0.0	0.0	[9.0..9.0]	[1.0..1.0]	[0.96..0.96]	[36683.23..36683.23]	[0.3..0.3]	[0.85..0.96]	[0.96..0.96]	[36683.23..36683.23]	[0.3..0.3]	[0.854..0.957]	0.8987426	[32968.785..32968.785]
Group-1	PS 34:2:0	255.23	240116_PS_FTMSMS-_3.mzXML	25.0	14100.1	0.0	0.0	[0.0..0.0]	[0.0..0.0]	[1.0..1.0]	[14100.1..14100.1]	[0.683..0.683]	[0.0..0.09]	[1.0..1.0]	[14100.1..14100.1]	[0.683..0.683]	[0.0..0.093]	0.8987426	[12672.36..12672.36]
Group-1	PS 34:2:0	255.23	240116_PS_FTMSMS-_3.mzXML	30.0	29737.8	0.0	0.0	[0.0..0.0]	[0.5..0.5]	[1.0..1.0]	[29737.8..29737.8]	[0.741..0.741]	[0.0..0.09]	[1.0..1.0]	[29737.8..29737.8]	[0.741..0.741]	[0.0..0.093]	0.8987426	[26726.629..26726.629]
Group-1	PS 34:2:0	255.23	240116_PS_FTMSMS-_3.mzXML	35.0	36053.2	0.0	0.0	[0.0..0.0]	[0.0..0.5]	[1.0..1.0]	[36053.2..36053.2]	[0.757..0.759]	[0.0..0.09]	[1.0..1.0]	[36053.2..36053.2]	[0.757..0.758]	[0.0..0.093]	0.8987426	[32402.547..32402.547]
Group-1	PS 34:2:0	279.23	240116_PS_FTMSMS-_3.mzXML	25.0	7197.6	0.0	0.0	[9.0..9.0]	[1.0..1.0]	[0.909..0.909]	[6542.618..6542.618]	[0.317..0.317]	[0.91..1.0]	[0.909..0.909]	[6542.618..6542.618]	[0.317..0.317]	[0.907..1.0]	0.8987426	[5880.13..5880.13]
Group-1	PS 34:2:0	279.23	240116_PS_FTMSMS-_3.mzXML	30.0	11261.2	0.0	0.0	[9.0..9.0]	[0.5..0.5]	[0.921..0.921]	[10371.565..10371.565]	[0.259..0.259]	[0.91..1.0]	[0.921..0.921]	[10371.565..10371.565]	[0.259..0.259]	[0.907..1.0]	0.8987426	[9321.368..9321.368]
Group-1	PS 34:2:0	279.23	240116_PS_FTMSMS-_3.mzXML	35.0	12018.9	0.0	0.0	[9.0..9.0]	[0.5..1.0]	[0.95..0.961]	[11417.955..11550.164]	[0.241..0.243]	[0.91..1.0]	[0.96..0.961]	[11538.145..11550.164]	[0.242..0.243]	[0.907..1.0]	0.8987426	[10261.804..10380.625]
Group-1	PS 34:2:0	281.25	240116_PS_FTMSMS-_3.mzXML	25.0	39117.7	0.0	0.0	[9.0..9.0]	[0.0..0.0]	[0.893..0.893]	[34932.105..34932.105]	[0.659..0.659]	[0.04..0.15]	[0.893..0.893]	[34932.105..34932.105]	[0.659..0.659]	[0.043..0.146]	0.8987426	[31394.97..31394.97]
Group-1	PS 34:2:0	281.25	240116_PS_FTMSMS-_3.mzXML	30.0	75907.9	0.0	0.0	[9.0..9.0]	[0.0..0.0]	[0.919..0.919]	[69759.36..69759.36]	[0.687..0.687]	[0.04..0.15]	[0.919..0.919]	[69759.36..69759.36]	[0.687..0.687]	[0.043..0.146]	0.8987426	[62695.71..62695.71]
Group-1	PS 34:2:0	281.25	240116_PS_FTMSMS-_3.mzXML	35.0	91982.2	0.0	0.0	[9.0..9.0]	[0.0..0.0]	[0.932..0.932]	[85727.414..85727.414]	[0.7..0.7]	[0.04..0.15]	[0.932..0.932]	[85727.414..85727.414]	[0.7..0.7]	[0.043..0.146]	0.8987426	[77046.88..77046.88]
Group-1	PS 34:2:0	283.26	240116_PS_FTMSMS-_3.mzXML	25.0	24486.6	0.0	0.0	[0.0..0.0]	[0.0..1.0]	[0.986..1.005]	[24143.787..24609.033]	[0.972..0.972]	[0.0..0.0]	[0.986..0.986]	[24143.787..24143.787]	[0.971..0.971]	[0.0..0.0]	0.8987426	[21699.05..22117.186]
Group-1	PS 34:2:0	283.26	240116_PS_FTMSMS-_3.mzXML	30.0	29956.8	0.0	0.0	[0.0..0.0]	[0.0..1.0]	[0.968..0.978]	[28998.184..29297.75]	[0.954..0.954]	[0.0..0.0]	[0.968..0.968]	[28998.184..28998.184]	[0.954..0.954]	[0.0..0.0]	0.8987426	[26061.902..26331.137]
Group-1	PS 34:2:0	283.26	240116_PS_FTMSMS-_3.mzXML	35.0	35295.4	0.0	0.0	[0.0..0.0]	[0.0..1.0]	[0.961..0.963]	[33918.88..33989.47]	[0.966..0.967]	[0.0..0.0]	[0.961..0.961]	[33918.88..33918.88]	[0.966..0.966]	[0.0..0.0]	0.8987426	[30484.342..30547.783]
Group-1	PS 35:0:0	269.25	240116_PS_FTMSMS-_3.mzXML	25.0	2049.6	0.0	0.0	[0.0..0.0]	[0.0..1.0]	[0.99..1.001]	[2029.104..2051.65]	[0.197..0.199]	[1.0..1.0]	[1.001..1.001]	[2051.65..2051.65]	[0.201..0.201]	[1.0..1.0]	0.88078475	[1787.204..1807.0618]
Group-1	PS 35:0:0	269.25	240116_PS_FTMSMS-_3.mzXML	30.0	1845.6	0.0	0.0	[0.0..0.0]	[0.0..1.0]	[0.981..0.988]	[1810.534..1823.453]	[0.097..0.098]	[1.0..1.0]	[0.988..0.988]	[1823.4528..1823.4528]	[0.098..0.098]	[1.0..1.0]	0.88078475	[1594.6903..1606.0693]
Group-1	PS 35:0:0	269.25	240116_PS_FTMSMS-_3.mzXML	35.0	3542.8	0.0	0.0	[0.0..0.0]	[0.0..1.0]	[0.979..0.98]	[3468.401..3471.944]	[0.14..0.14]	[1.0..1.0]	[0.98..0.98]	[3471.944..3471.944]	[0.141..0.141]	[1.0..1.0]	0.88078475	[3054.915..3058.0354]
Group-1	PS 35:0:0	283.26	240116_PS_FTMSMS-_3.mzXML	25.0	8296.6	0.0	0.0	[0.0..0.0]	[0.0..1.0]	[0.986..1.005]	[8180.448..8338.083]	[0.801..0.803]	[0.0..0.0]	[0.986..0.986]	[8180.4473..8180.4473]	[0.799..0.799]	[0.0..0.0]	0.88078475	[7205.2134..7344.056]
Group-1	PS 35:0:0	283.26	240116_PS_FTMSMS-_3.mzXML	30.0	17299.5	0.0	0.0	[0.0..0.0]	[0.0..1.0]	[0.968..0.978]	[16745.916..16918.91]	[0.902..0.903]	[0.0..0.0]	[0.968..0.968]	[16745.916..16745.916]	[0.902..0.902]	[0.0..0.0]	0.88078475	[14749.547..14901.919]
Group-1	PS 35:0:0	283.26	240116_PS_FTMSMS-_3.mzXML	35.0	22091.9	0.0	0.0	[0.0..0.0]	[0.0..1.0]	[0.961..0.963]	[21230.316..21274.5]	[0.86..0.86]	[0.0..0.0]	[0.961..0.961]	[21230.316..21230.316]	[0.859..0.859]	[0.0..0.0]	0.88078475	[18699.34..18738.256]
Group-1	PS 35:1:0	267.23	240116_PS_FTMSMS-_3.mzXML	25.0	44957.5	0.0	0.0	[9.0..9.0]	[0.0..1.0]	[0.905..0.932]	[40686.535..41900.39]	[0.301..0.303]	[0.94..1.0]	[0.93..0.932]	[41810.477..41900.39]	[0.307..0.307]	[0.943..1.0]	0.8827558	[35916.277..36987.812]
Group-1	PS 35:1:0	267.23	240116_PS_FTMSMS-_3.mzXML	30.0	80472.4	0.0	0.0	[9.0..9.0]	[0.0..1.0]	[0.932..0.944]	[75000.27..75965.945]	[0.26..0.26]	[0.94..1.0]	[0.943..0.944]	[75885.48..75965.945]	[0.262..0.262]	[0.943..1.0]	0.8827558	[66206.93..67059.375]
Group-1	PS 35:1:0	267.23	240116_PS_FTMSMS-_3.mzXML	35.0	91761.0	0.0	0.0	[9.0..9.0]	[0.0..1.0]	[0.931..0.966]	[85429.49..88641.125]	[0.246..0.252]	[0.94..1.0]	[0.964..0.966]	[88457.6..88641.125]	[0.252..0.253]	[0.943..1.0]	0.8827558	[75413.375..78248.47]
Group-1	PS 35:1:0	269.25	240116_PS_FTMSMS-_3.mzXML	25.0	220872.3	0.0	0.0	[0.0..0.0]	[1.0..1.0]	[1.001..1.001]	[221093.17..221093.17]	[0.689..0.689]	[0.0..0.08]	[1.001..1.001]	[221093.17..221093.17]	[0.689..0.689]	[0.0..0.079]	0.8827558	[195171.28..195171.28]
Group-1	PS 35:1:0	269.25	240116_PS_FTMSMS-_3.mzXML	30.0	515411.5	0.0	0.0	[0.0..0.0]	[1.0..1.0]	[0.988..0.988]	[509226.56..509226.56]	[0.726..0.726]	[0.0..0.08]	[0.988..0.988]	[509226.56..509226.56]	[0.726..0.726]	[0.0..0.079]	0.8827558	[449522.7..449522.7]
Group-1	PS 35:1:0	269.25	240116_PS_FTMSMS-_3.mzXML	35.0	625908.9	0.0	0.0	[0.0..0.0]	[1.0..1.0]	[0.98..0.98]	[613390.6..613390.6]	[0.747..0.747]	[0.0..0.08]	[0.98..0.98]	[613390.7..613390.7]	[0.747..0.747]	[0.0..0.079]	0.8827558	[541474.2..541474.2]
Group-1	PS 35:1:0	281.25	240116_PS_FTMSMS-_3.mzXML	25.0	111978.6	0.0	0.0	[9.0..9.0]	[0.0..0.0]	[0.893..0.893]	[99996.89..99996.89]	[0.311..0.311]	[0.92..1.0]	[0.893..0.893]	[99996.89..99996.89]	[0.311..0.311]	[0.921..1.0]	0.8827558	[88272.84..88272.84]
Group-1	PS 35:1:0	281.25	240116_PS_FTMSMS-_3.mzXML	30.0	209047.7	0.0	0.0	[9.0..9.0]	[0.0..0.0]	[0.919..0.919]	[192114.84..192114.84]	[0.274..0.274]	[0.92..1.0]	[0.919..0.919]	[192114.84..192114.84]	[0.274..0.274]	[0.921..1.0]	0.8827558	[169590.5..169590.5]
Group-1	PS 35:1:0	281.25	240116_PS_FTMSMS-_3.mzXML	35.0	222505.6	0.0	0.0	[9.0..9.0]	[0.0..0.0]	[0.932..0.932]	[207375.2..207375.2]	[0.253..0.253]	[0.92..1.0]	[0.932..0.932]	[207375.2..207375.2]	[0.253..0.253]	[0.921..1.0]	0.8827558	[183061.67..183061.67]
Group-1	PS 35:1:0	283.26	240116_PS_FTMSMS-_3.mzXML	25.0	95725.7	0.0	0.0	[0.0..0.0]	[0.0..1.0]	[0.986..1.005]	[94385.55..96204.33]	[0.697..0.699]	[0.0..0.06]	[0.986..0.987]	[94385.55..94481.266]	[0.693..0.693]	[0.0..0.057]	0.8827558	[83319.39..84924.93]
Group-1	PS 35:1:0	283.26	240116_PS_FTMSMS-_3.mzXML	30.0	220834.5	0.0	0.0	[0.0..0.0]	[0.0..1.0]	[0.968..0.978]	[213767.8..215976.14]	[0.74..0.74]	[0.0..0.06]	[0.968..0.969]	[213767.8..213988.62]	[0.738..0.738]	[0.0..0.057]	0.8827558	[188704.77..190654.19]
Group-1	PS 35:1:0	283.26	240116_PS_FTMSMS-_3.mzXML	35.0	273007.7	0.0	0.0	[0.0..0.0]	[0.0..1.0]	[0.961..0.963]	[262360.4..262906.4]	[0.748..0.754]	[0.0..0.06]	[0.961..0.961]	[262360.4..262360.4]	[0.747..0.748]	[0.0..0.057]	0.8827558	[231600.17..232082.16]
Group-1	PS 36:1:0	281.25	240116_PS_FTMSMS-_3.mzXML	25.0	1.5941442E7	0.0	0.0	[9.0..9.0]	[0.0..1.0]	[0.893..0.928]	[1.4235708E7..1.4793658E7]	[0.287..0.291]	[0.97..1.0]	[0.927..0.928]	[1.4777717E7..1.4793658E7]	[0.294..0.295]	[0.974..1.0]	0.86926925	[1.2374663E7..1.2859671E7]
Group-1	PS 36:1:0	281.25	240116_PS_FTMSMS-_3.mzXML	30.0	2.9456292E7	0.0	0.0	[9.0..9.0]	[0.0..1.0]	[0.914..0.919]	[2.6923052E7..2.7070334E7]	[0.265..0.266]	[0.97..1.0]	[0.919..0.919]	[2.7070334E7..2.7070334E7]	[0.267..0.267]	[0.974..1.0]	0.86926925	[2.3403378E7..2.3531408E7]
Group-1	PS 36:1:0	281.25	240116_PS_FTMSMS-_3.mzXML	35.0	3.2292572E7	0.0	0.0	[9.0..9.0]	[0.0..1.0]	[0.904..0.932]	[2.9192484E7..3.0096676E7]	[0.233..0.238]	[0.97..1.0]	[0.931..0.932]	[3.0064384E7..3.0096676E7]	[0.238..0.238]	[0.974..1.0]	0.86926925	[2.537613E7..2.6162116E7]
Group-1	PS 36:1:0	283.26	240116_PS_FTMSMS-_3.mzXML	25.0	3.5904356E7	0.0	0.0	[0.0..0.0]	[0.0..1.0]	[0.986..1.005]	[3.5401696E7..3.6083876E7]	[0.709..0.713]	[0.0..0.03]	[0.986..0.987]	[3.5401696E7..3.54376E7]	[0.705..0.706]	[0.0..0.026]	0.86926925	[3.0773604E7..3.1366604E7]
Group-1	PS 36:1:0	283.26	240116_PS_FTMSMS-_3.mzXML	30.0	7.6827288E7	0.0	0.0	[0.0..0.0]	[0.0..1.0]	[0.968..0.978]	[7.4368816E7..7.5137088E7]	[0.734..0.735]	[0.0..0.03]	[0.968..0.968]	[7.4368816E7..7.4368816E7]	[0.733..0.733]	[0.0..0.026]	0.86926925	[6.4646524E7..6.531436E7]
Group-1	PS 36:1:0	283.26	240116_PS_FTMSMS-_3.mzXML	35.0	1.00176824E8	0.0	0.0	[0.0..0.0]	[0.0..1.0]	[0.961..0.963]	[9.6269928E7..9.647028E7]	[0.762..0.767]	[0.0..0.03]	[0.961..0.961]	[9.6269928E7..9.6269928E7]	[0.762..0.762]	[0.0..0.026]	0.86926925	[8.3684488E7..8.3858648E7]
Group-1	PS 36:2:0	279.23	240116_PS_FTMSMS-_3.mzXML	25.0	146494.6	0.0	0.0	[9.0..9.0]	[0.0..1.0]	[0.878..0.909]	[128622.26..133163.58]	[0.249..0.252]	[1.0..1.0]	[0.909..0.909]	[133163.58..133163.58]	[0.256..0.256]	[1.0..1.0]	0.8711848	[112053.76..116010.09]
Group-1	PS 36:2:0	279.23	240116_PS_FTMSMS-_3.mzXML	30.0	316218.4	0.0	0.0	[9.0..9.0]	[0.0..1.0]	[0.919..0.923]	[290604.72..291869.6]	[0.261..0.262]	[1.0..1.0]	[0.923..0.923]	[291869.6..291869.6]	[0.263..0.263]	[1.0..1.0]	0.8711848	[253170.44..254272.36]
Group-1	PS 36:2:0	279.23	240116_PS_FTMSMS-_3.mzXML	35.0	311353.7	0.0	0.0	[9.0..9.0]	[0.0..1.0]	[0.95..0.972]	[295785.97..302635.78]	[0.229..0.233]	[1.0..1.0]	[0.972..0.972]	[302635.78..302635.78]	[0.233..0.233]	[1.0..1.0]	0.8711848	[257684.27..263651.7]
Group-1	PS 36:2:0	281.25	240116_PS_FTMSMS-_3.mzXML	25.0	6131592.0	0.0	0.0	[9.0..9.0]	[0.5..0.5]	[0.947..0.947]	[5806618.0..5806618.0]	[0.5..0.5]	[0.5..0.5]	[0.947..0.947]	[5806618.0..5806618.0]	[0.5..0.5]	[0.5..0.5]	0.8711848	[5058637.5..5058637.5]
Group-1	PS 36:2:0	281.25	240116_PS_FTMSMS-_3.mzXML	30.0	1.3567465E7	0.0	0.0	[9.0..9.0]	[0.5..0.5]	[0.913..0.913]	[1.2387095E7..1.2387095E7]	[0.5..0.5]	[0.5..0.5]	[0.913..0.913]	[1.2387095E7..1.2387095E7]	[0.5..0.5]	[0.5..0.5]	0.8711848	[1.079145E7..1.079145E7]
Group-1	PS 36:2:0	281.25	240116_PS_FTMSMS-_3.mzXML	35.0	1.5029798E7	0.0	0.0	[9.0..9.0]	[0.5..0.5]	[0.887..0.887]	[1.3331431E7..1.3331431E7]	[0.5..0.5]	[0.5..0.5]	[0.887..0.887]	[1.3331431E7..1.3331431E7]	[0.5..0.5]	[0.5..0.5]	0.8711848	[1.1614141E7..1.1614141E7]
Group-1	PS 36:2:0	283.26	240116_PS_FTMSMS-_3.mzXML	25.0	392764.8	0.0	0.0	[0.0..0.0]	[0.0..1.0]	[0.986..1.005]	[387266.1..394728.62]	[0.748..0.751]	[0.0..0.0]	[0.986..0.986]	[387266.1..387266.1]	[0.744..0.744]	[0.0..0.0]	0.8711848	[337380.38..343881.6]
Group-1	PS 36:2:0	283.26	240116_PS_FTMSMS-_3.mzXML	30.0	846641.9	0.0	0.0	[0.0..0.0]	[0.0..1.0]	[0.968..0.978]	[819549.3..828015.75]	[0.738..0.739]	[0.0..0.0]	[0.968..0.968]	[819549.3..819549.3]	[0.737..0.737]	[0.0..0.0]	0.8711848	[713978.94..721354.75]
Group-1	PS 36:2:0	283.26	240116_PS_FTMSMS-_3.mzXML	35.0	1035285.2	0.0	0.0	[0.0..0.0]	[0.0..1.0]	[0.961..0.963]	[994909.06..996979.6]	[0.767..0.771]	[0.0..0.0]	[0.961..0.961]	[994909.06..994909.06]	[0.767..0.767]	[0.0..0.0]	0.8711848	[866749.7..868553.56]
Group-1	PS 36:3:0	253.22	240116_PS_FTMSMS-_3.mzXML	25.0	687.0	0.0	0.0	[9.0..9.0]	[1.0..1.0]	[0.938..0.938]	[644.406..644.406]	[0.428..0.428]	[0.66..0.99]	[0.938..0.938]	[644.406..644.406]	[0.428..0.428]	[0.66..0.99]	0.8731096	[562.6371..562.6371]
Group-1	PS 36:3:0	253.22	240116_PS_FTMSMS-_3.mzXML	30.0	787.5	0.0	0.0	[9.0..9.0]	[1.0..1.0]	[0.953..0.953]	[750.488..750.488]	[0.285..0.285]	[0.66..0.99]	[0.953..0.953]	[750.4875..750.4875]	[0.285..0.285]	[0.66..0.99]	0.8731096	[655.2578..655.2578]
Group-1	PS 36:3:0	253.22	240116_PS_FTMSMS-_3.mzXML	35.0	924.4	0.0	0.0	[9.0..9.0]	[1.0..1.0]	[0.96..0.96]	[887.424..887.424]	[0.287..0.287]	[0.66..0.99]	[0.96..0.96]	[887.424..887.424]	[0.287..0.287]	[0.66..0.99]	0.8731096	[774.8184..774.8184]
Group-1	PS 36:3:0	255.23	240116_PS_FTMSMS-_3.mzXML	25.0	12618.5	0.0	0.0	[0.0..0.0]	[0.100000024..1.0]	[1.0..1.0]	[12618.5..12618.5]	[0.671..0.715]	[0.0..0.02]	[1.0..1.0]	[12618.5..12618.5]	[0.7..0.706]	[0.0..0.022]	0.8731096	[11017.333..11017.333]
Group-1	PS 36:3:0	255.23	240116_PS_FTMSMS-_3.mzXML	30.0	24959.9	0.0	0.0	[0.0..0.0]	[0.100000024..1.0]	[1.0..1.0]	[24959.9..24959.9]	[0.709..0.748]	[0.0..0.02]	[1.0..1.0]	[24959.9..24959.9]	[0.726..0.745]	[0.0..0.022]	0.8731096	[21792.729..21792.729]
Group-1	PS 36:3:0	255.23	240116_PS_FTMSMS-_3.mzXML	35.0	30429.8	0.0	0.0	[0.0..0.0]	[1.0..1.0]	[1.0..1.0]	[30429.8..30429.8]	[0.727..0.775]	[0.0..0.02]	[1.0..1.0]	[30429.8..30429.8]	[0.729..0.777]	[0.0..0.022]	0.8731096	[26568.55..26568.55]
Group-1	PS 36:3:0	277.22	240116_PS_FTMSMS-_3.mzXML	25.0	2487.1	0.0	0.0	[6.0..9.0]	[0.0..1.0]	[0.923..0.953]	[2295.593..2370.206]	[0.175..0.177]	[1.0..1.0]	[0.951..0.953]	[2365.2322..2370.2063]	[0.18..0.18]	[1.0..1.0]	0.8731096	[2004.3046..2069.45]
Group-1	PS 36:3:0	277.22	240116_PS_FTMSMS-_3.mzXML	30.0	4112.4	0.0	0.0	[6.0..9.0]	[0.0..1.0]	[1.023..1.093]	[4206.986..4494.854]	[0.163..0.171]	[1.0..1.0]	[1.017..1.093]	[4182.3105..4494.8535]	[0.162..0.172]	[1.0..1.0]	0.8731096	[3673.159..3924.4995]
Group-1	PS 36:3:0	277.22	240116_PS_FTMSMS-_3.mzXML	35.0	4557.1	0.0	0.0	[6.0..9.0]	[0.0..1.0]	[1.165..1.332]	[5309.022..6070.058]	[0.161..0.18]	[1.0..1.0]	[1.141..1.332]	[5199.6514..6070.0576]	[0.158..0.18]	[1.0..1.0]	0.8731096	[4635.3574..5299.825]
Group-1	PS 36:3:0	279.23	240116_PS_FTMSMS-_3.mzXML	25.0	65093.9	0.0	0.0	[9.0..9.0]	[1.0..1.0]	[0.909..0.909]	[59170.35..59170.35]	[0.467..0.467]	[0.57..0.58]	[0.909..0.909]	[59170.35..59170.35]	[0.467..0.467]	[0.573..0.584]	0.8731096	[51662.2..51662.2]
Group-1	PS 36:3:0	279.23	240116_PS_FTMSMS-_3.mzXML	30.0	120504.6	0.0	0.0	[9.0..9.0]	[1.0..1.0]	[0.919..0.919]	[110743.734..110743.734]	[0.463..0.463]	[0.57..0.58]	[0.919..0.919]	[110743.734..110743.734]	[0.463..0.463]	[0.573..0.584]	0.8731096	[96691.414..96691.414]
Group-1	PS 36:3:0	279.23	240116_PS_FTMSMS-_3.mzXML	35.0	138601.9	0.0	0.0	[9.0..9.0]	[1.0..1.0]	[0.95..0.95]	[131671.81..131671.81]	[0.465..0.465]	[0.57..0.58]	[0.95..0.95]	[131671.81..131671.81]	[0.465..0.465]	[0.573..0.584]	0.8731096	[114963.914..114963.914]
Group-1	PS 36:3:0	281.25	240116_PS_FTMSMS-_3.mzXML	25.0	75532.1	0.0	0.0	[9.0..9.0]	[0.0..0.0]	[0.893..0.893]	[67450.17..67450.17]	[0.533..0.533]	[0.42..0.43]	[0.893..0.893]	[67450.164..67450.164]	[0.533..0.533]	[0.416..0.427]	0.8731096	[58891.39..58891.39]
Group-1	PS 36:3:0	281.25	240116_PS_FTMSMS-_3.mzXML	30.0	139821.4	0.0	0.0	[9.0..9.0]	[0.0..0.0]	[0.919..0.919]	[128495.875..128495.875]	[0.537..0.537]	[0.42..0.43]	[0.919..0.919]	[128495.875..128495.875]	[0.537..0.537]	[0.416..0.427]	0.8731096	[112190.98..112190.98]
Group-1	PS 36:3:0	281.25	240116_PS_FTMSMS-_3.mzXML	35.0	162567.7	0.0	0.0	[9.0..9.0]	[0.0..0.0]	[0.932..0.932]	[151513.1..151513.1]	[0.535..0.535]	[0.42..0.43]	[0.932..0.932]	[151513.1..151513.1]	[0.535..0.535]	[0.416..0.427]	0.8731096	[132287.53..132287.53]
Group-1	PS 36:3:0	283.26	240116_PS_FTMSMS-_3.mzXML	25.0	10954.9	0.0	0.0	[0.0..0.0]	[0.0..1.0]	[0.986..1.005]	[10801.532..11009.675]	[0.823..0.825]	[0.0..0.0]	[0.986..0.986]	[10801.532..10801.532]	[0.82..0.82]	[0.0..0.0]	0.8731096	[9430.921..9612.652]
Group-1	PS 36:3:0	283.26	240116_PS_FTMSMS-_3.mzXML	30.0	22359.4	0.0	0.0	[0.0..0.0]	[0.0..1.0]	[0.968..0.978]	[21643.9..21867.494]	[0.829..0.837]	[0.0..0.0]	[0.968..0.968]	[21643.9..21643.9]	[0.828..0.838]	[0.0..0.0]	0.8731096	[18897.496..19092.719]
Group-1	PS 36:3:0	283.26	240116_PS_FTMSMS-_3.mzXML	35.0	28726.3	0.0	0.0	[0.0..0.0]	[0.0..1.0]	[0.961..0.963]	[27605.977..27663.428]	[0.82..0.839]	[0.0..0.0]	[0.961..0.961]	[27605.977..27605.977]	[0.82..0.842]	[0.0..0.0]	0.8731096	[24103.043..24153.205]
Group-1	PS 36:3:0	305.25	240116_PS_FTMSMS-_3.mzXML	25.0	5524.5	0.0	0.0	[5.0..11.0]	[0.0..0.9]	[0.909..1.12]	[5021.771..6187.44]	[0.285..0.329]	[0.98..1.0]	[0.95..0.977]	[5248.275..5397.4365]	[0.294..0.3]	[0.978..1.0]	0.8731096	[4384.5557..5402.313]
Group-1	PS 36:3:0	305.25	240116_PS_FTMSMS-_3.mzXML	30.0	8767.3	0.0	0.0	[5.0..11.0]	[0.0..0.9]	[0.959..1.167]	[8407.841..10231.439]	[0.252..0.291]	[0.98..1.0]	[0.974..1.075]	[8539.35..9424.848]	[0.255..0.274]	[0.978..1.0]	0.8731096	[7340.966..8933.168]
Group-1	PS 36:3:0	305.25	240116_PS_FTMSMS-_3.mzXML	35.0	8545.9	0.0	0.0	[5.0..11.0]	[0.0..0.0]	[1.031..1.339]	[8810.823..11442.961]	[0.225..0.273]	[0.98..1.0]	[1.022..1.322]	[8733.91..11297.681]	[0.223..0.271]	[0.978..1.0]	0.8731096	[7692.814..9990.958]
Group-1	PS 36:3:0	307.26	240116_PS_FTMSMS-_3.mzXML	25.0	973.8	0.0	0.0	[11.0..11.0]	[0.0..0.0]	[0.883..0.883]	[859.865..859.865]	[0.572..0.572]	[0.01..0.34]	[0.883..0.883]	[859.8654..859.8654]	[0.572..0.572]	[0.01..0.34]	0.8731096	[750.7567..750.7567]
Group-1	PS 36:3:0	307.26	240116_PS_FTMSMS-_3.mzXML	30.0	2123.9	0.0	0.0	[11.0..11.0]	[0.0..0.0]	[0.888..0.888]	[1886.023..1886.023]	[0.715..0.715]	[0.01..0.34]	[0.888..0.888]	[1886.0232..1886.0232]	[0.715..0.715]	[0.01..0.34]	0.8731096	[1646.7048..1646.7048]
Group-1	PS 36:3:0	307.26	240116_PS_FTMSMS-_3.mzXML	35.0	2452.4	0.0	0.0	[11.0..11.0]	[0.0..0.0]	[0.897..0.897]	[2199.803..2199.803]	[0.713..0.713]	[0.01..0.34]	[0.897..0.897]	[2199.8027..2199.8027]	[0.713..0.713]	[0.01..0.34]	0.8731096	[1920.6688..1920.6688]
Group-1	PS 36:4:0	253.22	240116_PS_FTMSMS-_3.mzXML	25.0	5155.1	0.0	0.0	[9.0..9.0]	[0.3..1.0]	[0.925..0.938]	[4768.468..4835.484]	[0.872..0.909]	[0.0..0.0]	[0.925..0.925]	[4768.468..4768.468]	[0.905..0.906]	[0.0..0.0]	0.875034	[4172.5713..4231.213]
Group-1	PS 36:4:0	253.22	240116_PS_FTMSMS-_3.mzXML	30.0	12871.4	0.0	0.0	[9.0..9.0]	[1.0..1.0]	[0.953..0.953]	[12266.444..12266.444]	[0.949..0.954]	[0.0..0.0]	[0.953..0.953]	[12266.444..12266.444]	[0.949..0.955]	[0.0..0.0]	0.875034	[10733.557..10733.557]
Group-1	PS 36:4:0	253.22	240116_PS_FTMSMS-_3.mzXML	35.0	16321.8	0.0	0.0	[9.0..9.0]	[0.3..1.0]	[0.96..0.991]	[15668.928..16174.903]	[0.926..0.944]	[0.0..0.0]	[0.96..0.96]	[15668.928..15668.928]	[0.929..0.945]	[0.0..0.0]	0.875034	[13710.844..14153.59]
Group-1	PS 36:4:0	255.23	240116_PS_FTMSMS-_3.mzXML	25.0	71377.8	0.0	0.0	[0.0..0.0]	[0.6..1.0]	[1.0..1.0]	[71377.8..71377.8]	[0.759..0.832]	[0.0..0.0]	[1.0..1.0]	[71377.8..71377.8]	[0.821..0.827]	[0.0..0.0]	0.875034	[62457.996..62457.996]
Group-1	PS 36:4:0	255.23	240116_PS_FTMSMS-_3.mzXML	30.0	183057.8	0.0	0.0	[0.0..0.0]	[0.6..1.0]	[1.0..1.0]	[183057.8..183057.8]	[0.851..0.89]	[0.0..0.0]	[1.0..1.0]	[183057.8..183057.8]	[0.875..0.891]	[0.0..0.0]	0.875034	[160181.8..160181.8]
Group-1	PS 36:4:0	255.23	240116_PS_FTMSMS-_3.mzXML	35.0	243818.8	0.0	0.0	[0.0..0.0]	[1.0..1.0]	[1.0..1.0]	[243818.8..243818.8]	[0.902..0.923]	[0.0..0.0]	[1.0..1.0]	[243818.8..243818.8]	[0.903..0.924]	[0.0..0.0]	0.875034	[213349.73..213349.73]
Group-1	PS 36:4:0	279.23	240116_PS_FTMSMS-_3.mzXML	25.0	1775.9	0.0	0.0	[9.0..9.0]	[0.5..0.5]	[0.932..0.932]	[1655.139..1655.139]	[0.5..0.5]	[0.5..0.5]	[0.932..0.932]	[1655.1388..1655.1388]	[0.5..0.5]	[0.5..0.5]	0.875034	[1448.3027..1448.3027]
Group-1	PS 36:4:0	279.23	240116_PS_FTMSMS-_3.mzXML	30.0	2604.5	0.0	0.0	[9.0..9.0]	[0.5..0.5]	[0.915..0.915]	[2383.118..2383.118]	[0.5..0.5]	[0.5..0.5]	[0.915..0.915]	[2383.1177..2383.1177]	[0.5..0.5]	[0.5..0.5]	0.875034	[2085.3088..2085.3088]
Group-1	PS 36:4:0	279.23	240116_PS_FTMSMS-_3.mzXML	35.0	2911.0	0.0	0.0	[9.0..9.0]	[0.5..0.5]	[0.922..0.922]	[2683.942..2683.942]	[0.5..0.5]	[0.5..0.5]	[0.922..0.922]	[2683.942..2683.942]	[0.5..0.5]	[0.5..0.5]	0.875034	[2348.5403..2348.5403]
Group-1	PS 36:4:0	303.23	240116_PS_FTMSMS-_3.mzXML	25.0	14970.7	0.0	0.0	[5.0..8.0]	[0.0..0.4]	[0.965..1.513]	[14446.726..22650.67]	[0.168..0.241]	[1.0..1.0]	[0.996..1.036]	[14910.817..15509.6455]	[0.173..0.179]	[1.0..1.0]	0.875034	[12641.375..19820.105]
Group-1	PS 36:4:0	303.23	240116_PS_FTMSMS-_3.mzXML	30.0	19672.9	0.0	0.0	[5.0..8.0]	[0.0..0.4]	[1.147..1.635]	[22564.816..32165.191]	[0.11..0.149]	[1.0..1.0]	[1.142..1.33]	[22466.451..26164.959]	[0.109..0.125]	[1.0..1.0]	0.875034	[19744.98..28145.637]
Group-1	PS 36:4:0	303.23	240116_PS_FTMSMS-_3.mzXML	35.0	13814.9	0.0	0.0	[5.0..8.0]	[0.0..0.0]	[1.462..1.927]	[20197.385..26621.314]	[0.077..0.098]	[1.0..1.0]	[1.444..1.906]	[19948.717..26331.201]	[0.076..0.097]	[1.0..1.0]	0.875034	[17673.396..23294.553]
Group-1	PS 36:4:0	305.25	240116_PS_FTMSMS-_3.mzXML	25.0	527.5	0.0	0.0	[5.0..11.0]	[0.0..0.7]	[0.909..1.343]	[479.498..708.433]	[0.091..0.128]	[1.0..1.0]	[0.94..0.95]	[495.85..501.125]	[0.094..0.095]	[1.0..1.0]	0.875034	[419.5766..619.9025]
Group-1	PS 36:4:0	305.25	240116_PS_FTMSMS-_3.mzXML	30.0	610.8	0.0	0.0	[5.0..11.0]	[0.0..0.0]	[0.959..1.078]	[585.757..658.442]	[0.046..0.051]	[1.0..1.0]	[0.957..1.075]	[584.5356..656.61005]	[0.045..0.051]	[1.0..1.0]	0.875034	[512.55743..576.1595]
Group-1	PS 36:4:0	305.25	240116_PS_FTMSMS-_3.mzXML	35.0	903.7	0.0	0.0	[5.0..11.0]	[0.0..0.7]	[1.031..1.44]	[931.715..1301.328]	[0.056..0.074]	[1.0..1.0]	[1.014..1.322]	[916.35187..1194.6914]	[0.055..0.071]	[1.0..1.0]	0.875034	[815.28204..1138.7062]
Group-1	PS 37:0:0	283.26	240116_PS_FTMSMS-_3.mzXML	25.0	31769.4	0.0	0.0	[0.0..0.0]	[0.0..1.0]	[0.986..1.005]	[31324.629..31928.248]	[1.0..1.0]	[0.0..0.0]	[0.986..0.986]	[31324.629..31324.629]	[1.0..1.0]	[0.0..0.0]	0.854385	[26763.293..27279.016]
Group-1	PS 37:0:0	283.26	240116_PS_FTMSMS-_3.mzXML	30.0	80181.5	0.0	0.0	[0.0..0.0]	[0.0..1.0]	[0.968..0.978]	[77615.695..78417.51]	[1.0..1.0]	[0.0..0.0]	[0.968..0.968]	[77615.695..77615.695]	[1.0..1.0]	[0.0..0.0]	0.854385	[66313.69..66998.74]
Group-1	PS 37:0:0	283.26	240116_PS_FTMSMS-_3.mzXML	35.0	102329.4	0.0	0.0	[0.0..0.0]	[0.0..1.0]	[0.961..0.963]	[98338.555..98543.21]	[0.997..0.997]	[0.0..0.0]	[0.961..0.961]	[98338.555..98338.555]	[0.997..0.997]	[0.0..0.0]	0.854385	[84018.984..84193.84]
Group-1	PS 37:0:0	297.28	240116_PS_FTMSMS-_3.mzXML	25.0	-1.7	0.0	-0.0	[0.0..0.0]	[0.0..1.0]	[0.986..1.012]	[-1.72..-1.676]	[-0.0..-0.0]	[1.0..1.0]	[1.012..1.012]	[-1.7204..-1.7204]	[-0.0..-0.0]	[1.0..1.0]	0.854385	[-1.4698839..-1.4321202]
Group-1	PS 37:0:0	297.28	240116_PS_FTMSMS-_3.mzXML	30.0	-1.7	0.0	-0.0	[0.0..0.0]	[0.0..1.0]	[0.958..0.97]	[-1.649..-1.629]	[-0.0..-0.0]	[1.0..1.0]	[0.97..0.97]	[-1.649..-1.649]	[-0.0..-0.0]	[1.0..1.0]	0.854385	[-1.408881..-1.3914515]
Group-1	PS 37:0:0	297.28	240116_PS_FTMSMS-_3.mzXML	35.0	295.6	0.0	0.0	[0.0..0.0]	[0.0..1.0]	[0.946..0.947]	[279.638..279.933]	[0.003..0.003]	[1.0..1.0]	[0.947..0.947]	[279.93323..279.93323]	[0.003..0.003]	[1.0..1.0]	0.854385	[238.91817..239.17075]
Group-1	PS 37:1:0	269.25	240116_PS_FTMSMS-_3.mzXML	25.0	20544.9	0.0	0.0	[0.0..0.0]	[1.0..1.0]	[1.001..1.001]	[20565.445..20565.445]	[0.761..0.761]	[0.0..0.0]	[1.001..1.001]	[20565.445..20565.445]	[0.761..0.761]	[0.0..0.0]	0.8562302	[17608.756..17608.756]
Group-1	PS 37:1:0	269.25	240116_PS_FTMSMS-_3.mzXML	30.0	50177.8	0.0	0.0	[0.0..0.0]	[0.39999998..0.39999998]	[0.984..0.984]	[49374.957..49374.957]	[0.763..0.763]	[0.0..0.0]	[0.984..0.984]	[49374.957..49374.957]	[0.763..0.763]	[0.0..0.0]	0.8562302	[42276.332..42276.332]
Group-1	PS 37:1:0	269.25	240116_PS_FTMSMS-_3.mzXML	35.0	61289.5	0.0	0.0	[0.0..0.0]	[0.39999998..1.0]	[0.979..0.98]	[60002.414..60063.71]	[0.774..0.777]	[0.0..0.0]	[0.979..0.979]	[60002.418..60002.418]	[0.774..0.774]	[0.0..0.0]	0.8562302	[51375.883..51428.363]
Group-1	PS 37:1:0	281.25	240116_PS_FTMSMS-_3.mzXML	25.0	98430.2	0.0	0.0	[9.0..9.0]	[0.0..1.0]	[0.893..0.928]	[87898.17..91343.23]	[0.491..0.494]	[0.52..0.65]	[0.911..0.916]	[89669.914..90162.07]	[0.494..0.494]	[0.52..0.646]	0.8562302	[75261.07..78210.83]
Group-1	PS 37:1:0	281.25	240116_PS_FTMSMS-_3.mzXML	30.0	172433.1	0.0	0.0	[9.0..9.0]	[0.0..1.0]	[0.914..0.919]	[157603.84..158466.02]	[0.451..0.453]	[0.52..0.65]	[0.917..0.917]	[158121.14..158121.14]	[0.452..0.453]	[0.52..0.646]	0.8562302	[134945.17..135683.39]
Group-1	PS 37:1:0	281.25	240116_PS_FTMSMS-_3.mzXML	35.0	193110.4	0.0	0.0	[9.0..9.0]	[0.0..1.0]	[0.904..0.932]	[174571.8..179978.89]	[0.428..0.436]	[0.52..0.65]	[0.919..0.922]	[177468.47..178047.8]	[0.432..0.433]	[0.52..0.646]	0.8562302	[149473.66..154103.38]
Group-1	PS 37:1:0	283.26	240116_PS_FTMSMS-_3.mzXML	25.0	184501.1	0.0	0.0	[0.0..0.0]	[1.0..1.0]	[1.005..1.005]	[185423.6..185423.6]	[0.85..0.85]	[0.0..0.0]	[1.005..1.005]	[185423.6..185423.6]	[0.85..0.85]	[0.0..0.0]	0.8562302	[158765.28..158765.28]
Group-1	PS 37:1:0	283.26	240116_PS_FTMSMS-_3.mzXML	30.0	396377.4	0.0	0.0	[0.0..0.0]	[1.0..1.0]	[0.978..0.978]	[387657.1..387657.1]	[0.865..0.865]	[0.0..0.0]	[0.978..0.978]	[387657.1..387657.1]	[0.865..0.865]	[0.0..0.0]	0.8562302	[331923.72..331923.72]
Group-1	PS 37:1:0	283.26	240116_PS_FTMSMS-_3.mzXML	35.0	512631.6	0.0	0.0	[0.0..0.0]	[1.0..1.0]	[0.963..0.963]	[493664.22..493664.22]	[0.868..0.868]	[0.0..0.0]	[0.963..0.963]	[493664.22..493664.22]	[0.868..0.868]	[0.0..0.0]	0.8562302	[422690.22..422690.22]
Group-1	PS 37:1:0	295.26	240116_PS_FTMSMS-_3.mzXML	25.0	37020.3	0.0	0.0	[9.0..9.0]	[0.0..0.0]	[0.885..0.885]	[32762.967..32762.967]	[0.15..0.15]	[1.0..1.0]	[0.885..0.885]	[32762.967..32762.967]	[0.15..0.15]	[1.0..1.0]	0.8562302	[28052.64..28052.64]
Group-1	PS 37:1:0	295.26	240116_PS_FTMSMS-_3.mzXML	30.0	67528.2	0.0	0.0	[9.0..9.0]	[0.0..0.0]	[0.899..0.899]	[60707.855..60707.855]	[0.135..0.135]	[1.0..1.0]	[0.899..0.899]	[60707.855..60707.855]	[0.135..0.135]	[1.0..1.0]	0.8562302	[51979.9..51979.9]
Group-1	PS 37:1:0	295.26	240116_PS_FTMSMS-_3.mzXML	35.0	82951.8	0.0	0.0	[9.0..9.0]	[0.0..0.0]	[0.902..0.902]	[74822.52..74822.52]	[0.132..0.132]	[1.0..1.0]	[0.902..0.902]	[74822.52..74822.52]	[0.132..0.132]	[1.0..1.0]	0.8562302	[64065.305..64065.305]
Group-1	PS 37:1:0	297.28	240116_PS_FTMSMS-_3.mzXML	25.0	92488.6	0.0	0.0	[0.0..0.0]	[0.0..1.0]	[0.986..1.012]	[91193.76..93598.46]	[0.506..0.509]	[0.35..0.48]	[0.995..0.998]	[92026.16..92303.625]	[0.506..0.506]	[0.354..0.48]	0.8562302	[78082.85..80141.83]
Group-1	PS 37:1:0	297.28	240116_PS_FTMSMS-_3.mzXML	30.0	198675.4	0.0	0.0	[0.0..0.0]	[0.0..1.0]	[0.958..0.97]	[190331.05..192715.16]	[0.547..0.549]	[0.35..0.48]	[0.962..0.964]	[191125.75..191523.1]	[0.547..0.548]	[0.354..0.48]	0.8562302	[162967.17..165008.53]
Group-1	PS 37:1:0	297.28	240116_PS_FTMSMS-_3.mzXML	35.0	246187.8	0.0	0.0	[0.0..0.0]	[0.0..1.0]	[0.946..0.947]	[232893.66..233139.84]	[0.564..0.572]	[0.35..0.48]	[0.946..0.946]	[232893.66..232893.66]	[0.567..0.568]	[0.354..0.48]	0.8562302	[199410.58..199621.38]
Group-1	PS 37:1:0	309.28	240116_PS_FTMSMS-_3.mzXML	25.0	7185.6	0.0	0.0	[11.0..11.0]	[0.0..0.0]	[0.901..0.901]	[6474.226..6474.226]	[0.239..0.239]	[1.0..1.0]	[0.901..0.901]	[6474.226..6474.226]	[0.239..0.239]	[1.0..1.0]	0.8562302	[5543.4277..5543.4277]
Group-1	PS 37:1:0	309.28	240116_PS_FTMSMS-_3.mzXML	30.0	17151.7	0.0	0.0	[11.0..11.0]	[0.6..0.6]	[0.895..0.895]	[15350.771..15350.771]	[0.237..0.237]	[1.0..1.0]	[0.895..0.895]	[15350.7705..15350.7705]	[0.237..0.237]	[1.0..1.0]	0.8562302	[13143.793..13143.793]
Group-1	PS 37:1:0	309.28	240116_PS_FTMSMS-_3.mzXML	35.0	19811.5	0.0	0.0	[11.0..11.0]	[0.0..0.6]	[0.867..0.884]	[17176.57..17513.365]	[0.223..0.226]	[1.0..1.0]	[0.884..0.884]	[17513.365..17513.365]	[0.226..0.226]	[1.0..1.0]	0.8562302	[14707.099..14995.474]
Group-1	PS 37:2:0	267.23	240116_PS_FTMSMS-_3.mzXML	25.0	1812.9	0.0	0.0	[9.0..9.0]	[1.0..1.0]	[0.932..0.932]	[1689.623..1689.623]	[0.438..0.438]	[0.64..0.87]	[0.932..0.932]	[1689.6228..1689.6228]	[0.438..0.438]	[0.638..0.875]	0.85807484	[1449.8228..1449.8228]
Group-1	PS 37:2:0	267.23	240116_PS_FTMSMS-_3.mzXML	30.0	2936.4	0.0	0.0	[9.0..9.0]	[1.0..1.0]	[0.932..0.932]	[2736.725..2736.725]	[0.338..0.338]	[0.64..0.87]	[0.932..0.932]	[2736.7246..2736.7246]	[0.338..0.338]	[0.638..0.875]	0.85807484	[2348.3145..2348.3145]
Group-1	PS 37:2:0	267.23	240116_PS_FTMSMS-_3.mzXML	35.0	3492.9	0.0	0.0	[9.0..9.0]	[1.0..1.0]	[0.931..0.931]	[3251.89..3251.89]	[0.336..0.336]	[0.64..0.87]	[0.931..0.931]	[3251.89..3251.89]	[0.336..0.336]	[0.638..0.875]	0.85807484	[2790.3647..2790.3647]
Group-1	PS 37:2:0	269.25	240116_PS_FTMSMS-_3.mzXML	25.0	4737.2	0.0	0.0	[0.0..0.0]	[1.0..1.0]	[1.001..1.001]	[4741.938..4741.938]	[0.766..0.766]	[0.0..0.0]	[1.001..1.001]	[4741.9375..4741.9375]	[0.766..0.766]	[0.0..0.0]	0.85807484	[4068.9373..4068.9373]
Group-1	PS 37:2:0	269.25	240116_PS_FTMSMS-_3.mzXML	30.0	10474.0	0.0	0.0	[0.0..0.0]	[1.0..1.0]	[0.988..0.988]	[10348.312..10348.312]	[0.727..0.727]	[0.0..0.0]	[0.988..0.988]	[10348.312..10348.312]	[0.727..0.727]	[0.0..0.0]	0.85807484	[8879.626..8879.626]
Group-1	PS 37:2:0	269.25	240116_PS_FTMSMS-_3.mzXML	35.0	13256.2	0.0	0.0	[0.0..0.0]	[1.0..1.0]	[0.98..0.98]	[12991.076..12991.076]	[0.78..0.78]	[0.0..0.0]	[0.98..0.98]	[12991.076..12991.076]	[0.78..0.78]	[0.0..0.0]	0.85807484	[11147.315..11147.315]
Group-1	PS 37:2:0	279.23	240116_PS_FTMSMS-_3.mzXML	25.0	1109.3	0.0	0.0	[9.0..9.0]	[0.0..1.0]	[0.878..0.909]	[973.965..1008.354]	[0.554..0.557]	[0.38..0.83]	[0.89..0.904]	[987.27704..1002.80725]	[0.557..0.558]	[0.38..0.831]	0.85807484	[835.7353..865.243]
Group-1	PS 37:2:0	279.23	240116_PS_FTMSMS-_3.mzXML	30.0	1287.9	0.0	0.0	[9.0..9.0]	[0.0..1.0]	[0.919..0.923]	[1183.58..1188.732]	[0.354..0.355]	[0.38..0.83]	[0.921..0.922]	[1186.1559..1187.4438]	[0.354..0.355]	[0.38..0.831]	0.85807484	[1015.60034..1020.02075]
Group-1	PS 37:2:0	279.23	240116_PS_FTMSMS-_3.mzXML	35.0	1569.8	0.0	0.0	[9.0..9.0]	[0.0..1.0]	[0.95..0.972]	[1491.31..1525.846]	[0.375..0.381]	[0.38..0.83]	[0.958..0.968]	[1503.8684..1519.5664]	[0.377..0.38]	[0.38..0.831]	0.85807484	[1279.6556..1309.2898]
Group-1	PS 37:2:0	281.25	240116_PS_FTMSMS-_3.mzXML	25.0	65781.2	0.0	0.0	[9.0..9.0]	[1.0..1.0]	[0.928..0.928]	[61044.953..61044.953]	[0.54..0.54]	[0.41..0.52]	[0.928..0.928]	[61044.953..61044.953]	[0.54..0.54]	[0.411..0.523]	0.85807484	[52381.14..52381.14]
Group-1	PS 37:2:0	281.25	240116_PS_FTMSMS-_3.mzXML	30.0	128645.9	0.0	0.0	[9.0..9.0]	[1.0..1.0]	[0.914..0.914]	[117582.35..117582.35]	[0.502..0.502]	[0.41..0.52]	[0.914..0.914]	[117582.35..117582.35]	[0.502..0.502]	[0.411..0.523]	0.85807484	[100894.46..100894.46]
Group-1	PS 37:2:0	281.25	240116_PS_FTMSMS-_3.mzXML	35.0	146016.1	0.0	0.0	[9.0..9.0]	[1.0..1.0]	[0.904..0.904]	[131998.55..131998.55]	[0.49..0.49]	[0.41..0.52]	[0.904..0.904]	[131998.55..131998.55]	[0.49..0.49]	[0.411..0.523]	0.85807484	[113264.63..113264.63]
Group-1	PS 37:2:0	283.26	240116_PS_FTMSMS-_3.mzXML	25.0	12874.7	0.0	0.0	[0.0..0.0]	[1.0..1.0]	[1.005..1.005]	[12939.073..12939.073]	[0.834..0.834]	[0.0..0.0]	[1.005..1.005]	[12939.073..12939.073]	[0.834..0.834]	[0.0..0.0]	0.85807484	[11102.693..11102.693]
Group-1	PS 37:2:0	283.26	240116_PS_FTMSMS-_3.mzXML	30.0	25972.4	0.0	0.0	[0.0..0.0]	[0.0..0.0]	[0.968..0.968]	[25141.283..25141.283]	[0.835..0.835]	[0.0..0.0]	[0.968..0.968]	[25141.283..25141.283]	[0.835..0.835]	[0.0..0.0]	0.85807484	[21573.104..21573.104]
Group-1	PS 37:2:0	283.26	240116_PS_FTMSMS-_3.mzXML	35.0	32836.0	0.0	0.0	[0.0..0.0]	[0.0..1.0]	[0.961..0.963]	[31555.396..31621.068]	[0.851..0.854]	[0.0..0.0]	[0.961..0.961]	[31555.396..31555.396]	[0.851..0.851]	[0.0..0.0]	0.85807484	[27076.893..27133.244]
Group-1	PS 37:2:0	293.25	240116_PS_FTMSMS-_3.mzXML	25.0	2964.7	0.0	0.0	[9.0..9.0]	[0.0..0.0]	[0.867..0.867]	[2570.395..2570.395]	[0.166..0.166]	[1.0..1.0]	[0.867..0.867]	[2570.3948..2570.3948]	[0.166..0.166]	[1.0..1.0]	0.85807484	[2205.591..2205.591]
Group-1	PS 37:2:0	293.25	240116_PS_FTMSMS-_3.mzXML	30.0	5542.3	0.0	0.0	[9.0..9.0]	[1.0..1.0]	[0.897..0.897]	[4971.443..4971.443]	[0.165..0.165]	[1.0..1.0]	[0.897..0.897]	[4971.443..4971.443]	[0.165..0.165]	[1.0..1.0]	0.85807484	[4265.87..4265.87]
Group-1	PS 37:2:0	293.25	240116_PS_FTMSMS-_3.mzXML	35.0	5892.7	0.0	0.0	[9.0..9.0]	[0.0..1.0]	[0.918..0.936]	[5409.499..5515.568]	[0.146..0.149]	[1.0..1.0]	[0.936..0.936]	[5515.5674..5515.5674]	[0.149..0.149]	[1.0..1.0]	0.85807484	[4641.755..4732.7695]
Group-1	PS 37:2:0	295.26	240116_PS_FTMSMS-_3.mzXML	25.0	58745.2	0.0	0.0	[9.0..9.0]	[0.0..0.0]	[0.885..0.885]	[51989.5..51989.5]	[0.46..0.46]	[0.48..0.59]	[0.885..0.885]	[51989.5..51989.5]	[0.46..0.46]	[0.477..0.589]	0.85807484	[44610.883..44610.883]
Group-1	PS 37:2:0	295.26	240116_PS_FTMSMS-_3.mzXML	30.0	129669.9	0.0	0.0	[9.0..9.0]	[0.0..0.0]	[0.899..0.899]	[116573.234..116573.234]	[0.498..0.498]	[0.48..0.59]	[0.899..0.899]	[116573.234..116573.234]	[0.498..0.498]	[0.477..0.589]	0.85807484	[100028.56..100028.56]
Group-1	PS 37:2:0	295.26	240116_PS_FTMSMS-_3.mzXML	35.0	152116.3	0.0	0.0	[9.0..9.0]	[0.0..0.0]	[0.902..0.902]	[137208.9..137208.9]	[0.51..0.51]	[0.48..0.59]	[0.902..0.902]	[137208.9..137208.9]	[0.51..0.51]	[0.477..0.589]	0.85807484	[117735.5..117735.5]
Group-1	PS 37:2:0	297.28	240116_PS_FTMSMS-_3.mzXML	25.0	793.7	0.0	0.0	[0.0..0.0]	[0.0..1.0]	[0.986..1.012]	[782.588..803.224]	[0.443..0.446]	[0.17..0.62]	[0.99..1.002]	[785.763..795.2874]	[0.442..0.443]	[0.169..0.62]	0.85807484	[671.5193..689.2266]
Group-1	PS 37:2:0	297.28	240116_PS_FTMSMS-_3.mzXML	30.0	2240.8	0.0	0.0	[0.0..0.0]	[0.0..1.0]	[0.958..0.97]	[2146.687..2173.576]	[0.645..0.646]	[0.17..0.62]	[0.96..0.965]	[2151.168..2162.372]	[0.645..0.646]	[0.169..0.62]	0.85807484	[1842.0177..1865.091]
Group-1	PS 37:2:0	297.28	240116_PS_FTMSMS-_3.mzXML	35.0	2622.9	0.0	0.0	[0.0..0.0]	[0.0..1.0]	[0.946..0.947]	[2481.263..2483.886]	[0.619..0.625]	[0.17..0.62]	[0.946..0.947]	[2481.2632..2483.8862]	[0.62..0.623]	[0.169..0.62]	0.85807484	[2129.1096..2131.3604]
Group-1	PS 37:2:0	307.26	240116_PS_FTMSMS-_3.mzXML	25.0	1645.0	0.0	0.0	[11.0..11.0]	[0.0..0.0]	[0.883..0.883]	[1452.535..1452.535]	[0.234..0.234]	[1.0..1.0]	[0.883..0.883]	[1452.535..1452.535]	[0.234..0.234]	[1.0..1.0]	0.85807484	[1246.3838..1246.3838]
Group-1	PS 37:2:0	307.26	240116_PS_FTMSMS-_3.mzXML	30.0	4370.5	0.0	0.0	[11.0..11.0]	[0.0..0.0]	[0.888..0.888]	[3881.004..3881.004]	[0.273..0.273]	[1.0..1.0]	[0.888..0.888]	[3881.0042..3881.0042]	[0.273..0.273]	[1.0..1.0]	0.85807484	[3330.192..3330.192]
Group-1	PS 37:2:0	307.26	240116_PS_FTMSMS-_3.mzXML	35.0	4082.9	0.0	0.0	[11.0..11.0]	[0.0..0.0]	[0.897..0.897]	[3662.361..3662.361]	[0.22..0.22]	[1.0..1.0]	[0.897..0.897]	[3662.3613..3662.3613]	[0.22..0.22]	[1.0..1.0]	0.85807484	[3142.58..3142.58]
Group-1	PS 37:2:0	309.28	240116_PS_FTMSMS-_3.mzXML	25.0	2410.6	0.0	0.0	[11.0..11.0]	[0.0..0.0]	[0.901..0.901]	[2171.951..2171.951]	[0.562..0.562]	[0.13..0.36]	[0.901..0.901]	[2171.9507..2171.9507]	[0.562..0.562]	[0.125..0.362]	0.85807484	[1863.6963..1863.6963]
Group-1	PS 37:2:0	309.28	240116_PS_FTMSMS-_3.mzXML	30.0	5970.2	0.0	0.0	[11.0..11.0]	[0.0..0.0]	[0.898..0.898]	[5361.24..5361.24]	[0.662..0.662]	[0.13..0.36]	[0.898..0.898]	[5361.2397..5361.2397]	[0.662..0.662]	[0.125..0.362]	0.85807484	[4600.3447..4600.3447]
Group-1	PS 37:2:0	309.28	240116_PS_FTMSMS-_3.mzXML	35.0	7266.5	0.0	0.0	[11.0..11.0]	[0.0..0.0]	[0.884..0.884]	[6423.586..6423.586]	[0.664..0.664]	[0.13..0.36]	[0.884..0.884]	[6423.586..6423.586]	[0.664..0.664]	[0.125..0.362]	0.85807484	[5511.9175..5511.9175]
Group-1	PS 37:3:0	269.25	240116_PS_FTMSMS-_3.mzXML	25.0	4957.4	0.0	0.0	[0.0..0.0]	[1.0..1.0]	[1.001..1.001]	[4962.358..4962.358]	[0.688..0.69]	[0.0..0.08]	[1.001..1.001]	[4962.3574..4962.3574]	[0.652..0.68]	[0.0..0.077]	0.85993737	[4267.3164..4267.3164]
Group-1	PS 37:3:0	269.25	240116_PS_FTMSMS-_3.mzXML	30.0	10263.1	0.0	0.0	[0.0..0.0]	[1.0..1.0]	[0.988..0.988]	[10139.942..10139.942]	[0.747..0.769]	[0.0..0.08]	[0.988..0.988]	[10139.942..10139.942]	[0.748..0.757]	[0.0..0.077]	0.85993737	[8719.716..8719.716]
Group-1	PS 37:3:0	269.25	240116_PS_FTMSMS-_3.mzXML	35.0	13116.0	0.0	0.0	[0.0..0.0]	[1.0..1.0]	[0.98..0.98]	[12853.681..12853.681]	[0.759..0.804]	[0.0..0.08]	[0.98..0.98]	[12853.681..12853.681]	[0.761..0.801]	[0.0..0.077]	0.85993737	[11053.36..11053.36]
Group-1	PS 37:3:0	279.23	240116_PS_FTMSMS-_3.mzXML	25.0	541.5	0.0	0.0	[9.0..9.0]	[1.0..1.0]	[0.909..0.909]	[492.223..492.223]	[0.529..0.529]	[0.44..0.51]	[0.909..0.909]	[492.22348..492.22348]	[0.529..0.529]	[0.435..0.511]	0.85993737	[423.28137..423.28137]
Group-1	PS 37:3:0	279.23	240116_PS_FTMSMS-_3.mzXML	30.0	1338.9	0.0	0.0	[9.0..9.0]	[1.0..1.0]	[0.919..0.919]	[1230.449..1230.449]	[0.512..0.512]	[0.44..0.51]	[0.919..0.919]	[1230.4492..1230.4492]	[0.512..0.512]	[0.435..0.511]	0.85993737	[1058.1091..1058.1091]
Group-1	PS 37:3:0	279.23	240116_PS_FTMSMS-_3.mzXML	35.0	1219.3	0.0	0.0	[9.0..9.0]	[1.0..1.0]	[0.95..0.95]	[1158.335..1158.335]	[0.495..0.495]	[0.44..0.51]	[0.95..0.95]	[1158.3351..1158.3351]	[0.495..0.495]	[0.435..0.511]	0.85993737	[996.09564..996.09564]
Group-1	PS 37:3:0	281.25	240116_PS_FTMSMS-_3.mzXML	25.0	18322.0	0.0	0.0	[9.0..9.0]	[1.0..1.0]	[0.928..0.928]	[17002.816..17002.816]	[0.825..0.825]	[0.0..0.0]	[0.928..0.928]	[17002.816..17002.816]	[0.825..0.825]	[0.0..0.0]	0.85993737	[14621.356..14621.356]
Group-1	PS 37:3:0	281.25	240116_PS_FTMSMS-_3.mzXML	30.0	36169.1	0.0	0.0	[9.0..9.0]	[1.0..1.0]	[0.914..0.914]	[33058.56..33058.56]	[0.835..0.835]	[0.0..0.0]	[0.914..0.914]	[33058.56..33058.56]	[0.835..0.835]	[0.0..0.0]	0.85993737	[28428.29..28428.29]
Group-1	PS 37:3:0	281.25	240116_PS_FTMSMS-_3.mzXML	35.0	40541.7	0.0	0.0	[9.0..9.0]	[1.0..1.0]	[0.904..0.904]	[36649.695..36649.695]	[0.806..0.806]	[0.0..0.0]	[0.904..0.904]	[36649.695..36649.695]	[0.806..0.806]	[0.0..0.0]	0.85993737	[31516.441..31516.441]
Group-1	PS 37:3:0	283.26	240116_PS_FTMSMS-_3.mzXML	25.0	15278.4	0.0	0.0	[0.0..0.0]	[0.19999999..1.0]	[0.989..1.005]	[15110.338..15354.792]	[0.878..0.907]	[0.0..0.0]	[0.989..0.989]	[15110.338..15110.338]	[0.904..0.904]	[0.0..0.0]	0.85993737	[12993.945..13204.16]
Group-1	PS 37:3:0	283.26	240116_PS_FTMSMS-_3.mzXML	30.0	34726.7	0.0	0.0	[0.0..0.0]	[0.19999999..1.0]	[0.97..0.978]	[33684.9..33962.71]	[0.912..0.927]	[0.0..0.0]	[0.97..0.97]	[33684.9..33684.9]	[0.922..0.927]	[0.0..0.0]	0.85993737	[28966.904..29205.805]
Group-1	PS 37:3:0	283.26	240116_PS_FTMSMS-_3.mzXML	35.0	44404.2	0.0	0.0	[0.0..0.0]	[1.0..1.0]	[0.963..0.963]	[42761.242..42761.242]	[0.936..0.944]	[0.0..0.0]	[0.963..0.963]	[42761.242..42761.242]	[0.936..0.945]	[0.0..0.0]	0.85993737	[36771.992..36771.992]
Group-1	PS 37:3:0	291.23	240116_PS_FTMSMS-_3.mzXML	25.0	1717.3	0.0	0.0	[6.0..9.0]	[0.0..0.8]	[0.904..1.237]	[1552.439..2124.3]	[0.093..0.122]	[1.0..1.0]	[0.935..0.939]	[1605.6755..1612.5448]	[0.096..0.096]	[1.0..1.0]	0.85993737	[1335.0005..1826.7651]
Group-1	PS 37:3:0	291.23	240116_PS_FTMSMS-_3.mzXML	30.0	2690.5	0.0	0.0	[6.0..9.0]	[0.0..0.8]	[0.985..1.219]	[2650.143..3279.72]	[0.073..0.088]	[1.0..1.0]	[0.982..1.058]	[2642.071..2846.5488]	[0.073..0.078]	[1.0..1.0]	0.85993737	[2278.9565..2820.3533]
Group-1	PS 37:3:0	291.23	240116_PS_FTMSMS-_3.mzXML	35.0	2285.1	0.0	0.0	[6.0..9.0]	[0.0..0.0]	[1.107..1.286]	[2529.606..2938.639]	[0.056..0.064]	[1.0..1.0]	[1.089..1.273]	[2488.4739..2908.9324]	[0.055..0.064]	[1.0..1.0]	0.85993737	[2175.3025..2527.0452]
Group-1	PS 37:3:0	293.25	240116_PS_FTMSMS-_3.mzXML	25.0	4166.1	0.0	0.0	[9.0..9.0]	[0.0..0.0]	[0.867..0.867]	[3612.009..3612.009]	[0.175..0.175]	[1.0..1.0]	[0.867..0.867]	[3612.0088..3612.0088]	[0.175..0.175]	[1.0..1.0]	0.85993737	[3106.1013..3106.1013]
Group-1	PS 37:3:0	293.25	240116_PS_FTMSMS-_3.mzXML	30.0	7259.9	0.0	0.0	[9.0..9.0]	[0.0..0.0]	[0.898..0.898]	[6519.39..6519.39]	[0.165..0.165]	[1.0..1.0]	[0.898..0.898]	[6519.39..6519.39]	[0.165..0.165]	[1.0..1.0]	0.85993737	[5606.267..5606.267]
Group-1	PS 37:3:0	293.25	240116_PS_FTMSMS-_3.mzXML	35.0	9434.0	0.0	0.0	[9.0..9.0]	[0.0..0.0]	[0.936..0.936]	[8830.224..8830.224]	[0.194..0.194]	[1.0..1.0]	[0.936..0.936]	[8830.224..8830.224]	[0.194..0.194]	[1.0..1.0]	0.85993737	[7593.4395..7593.4395]
Group-1	PS 37:3:0	295.26	240116_PS_FTMSMS-_3.mzXML	25.0	495.3	0.0	0.0	[9.0..9.0]	[0.0..0.0]	[0.885..0.885]	[438.341..438.341]	[0.471..0.471]	[0.49..0.56]	[0.885..0.885]	[438.34048..438.34048]	[0.471..0.471]	[0.489..0.565]	0.85993737	[376.94537..376.94537]
Group-1	PS 37:3:0	295.26	240116_PS_FTMSMS-_3.mzXML	30.0	1304.3	0.0	0.0	[9.0..9.0]	[0.0..0.0]	[0.899..0.899]	[1172.566..1172.566]	[0.488..0.488]	[0.49..0.56]	[0.899..0.899]	[1172.5657..1172.5657]	[0.488..0.488]	[0.489..0.565]	0.85993737	[1008.33307..1008.33307]
Group-1	PS 37:3:0	295.26	240116_PS_FTMSMS-_3.mzXML	35.0	1312.7	0.0	0.0	[9.0..9.0]	[0.0..0.0]	[0.902..0.902]	[1184.055..1184.055]	[0.505..0.505]	[0.49..0.56]	[0.902..0.902]	[1184.0554..1184.0554]	[0.505..0.505]	[0.489..0.565]	0.85993737	[1018.21344..1018.21344]
Group-1	PS 37:3:0	305.25	240116_PS_FTMSMS-_3.mzXML	25.0	2453.8	0.0	0.0	[5.0..11.0]	[0.0..0.0]	[0.909..0.917]	[2230.504..2250.135]	[0.31..0.312]	[0.92..1.0]	[0.95..1.078]	[2331.11..2645.1963]	[0.32..0.348]	[0.923..1.0]	0.85993737	[1918.0939..1934.9747]
Group-1	PS 37:3:0	305.25	240116_PS_FTMSMS-_3.mzXML	30.0	3182.1	0.0	0.0	[5.0..11.0]	[0.0..0.0]	[0.959..1.078]	[3051.634..3430.304]	[0.231..0.253]	[0.92..1.0]	[1.024..1.075]	[3258.4707..3420.7578]	[0.243..0.252]	[0.923..1.0]	0.85993737	[2624.214..2949.8464]
Group-1	PS 37:3:0	305.25	240116_PS_FTMSMS-_3.mzXML	35.0	3047.6	0.0	0.0	[5.0..11.0]	[0.0..0.0]	[1.031..1.339]	[3142.076..4080.737]	[0.196..0.241]	[0.92..1.0]	[1.046..1.322]	[3187.7898..4028.9275]	[0.199..0.239]	[0.923..1.0]	0.85993737	[2701.9883..3509.1777]
Group-1	PS 37:4:0	267.23	240116_PS_FTMSMS-_3.mzXML	25.0	2397.1	0.0	0.0	[9.0..9.0]	[1.0..1.0]	[0.932..0.932]	[2234.097..2234.097]	[1.0..1.0]	[0.0..0.0]	[0.932..0.932]	[2234.0972..2234.0972]	[1.0..1.0]	[0.0..0.0]	0.86180866	[1925.3643..1925.3643]
Group-1	PS 37:4:0	267.23	240116_PS_FTMSMS-_3.mzXML	30.0	5513.7	0.0	0.0	[9.0..9.0]	[1.0..1.0]	[0.932..0.932]	[5138.769..5138.769]	[0.882..0.894]	[0.0..0.0]	[0.932..0.932]	[5138.7686..5138.7686]	[0.883..0.894]	[0.0..0.0]	0.86180866	[4428.635..4428.635]
Group-1	PS 37:4:0	267.23	240116_PS_FTMSMS-_3.mzXML	35.0	7237.2	0.0	0.0	[9.0..9.0]	[1.0..1.0]	[0.931..0.931]	[6737.834..6737.834]	[0.883..0.907]	[0.0..0.0]	[0.931..0.931]	[6737.8335..6737.8335]	[0.884..0.909]	[0.0..0.0]	0.86180866	[5806.7227..5806.7227]
Group-1	PS 37:4:0	269.25	240116_PS_FTMSMS-_3.mzXML	25.0	21097.4	0.0	0.0	[0.0..0.0]	[0.100000024..1.0]	[0.991..1.001]	[20907.523..21118.498]	[0.796..0.83]	[0.0..0.0]	[0.991..0.991]	[20907.523..20907.523]	[0.82..0.826]	[0.0..0.0]	0.86180866	[18018.285..18200.105]
Group-1	PS 37:4:0	269.25	240116_PS_FTMSMS-_3.mzXML	30.0	55800.2	0.0	0.0	[0.0..0.0]	[0.100000024..1.0]	[0.982..0.988]	[54795.797..55130.594]	[0.858..0.884]	[0.0..0.0]	[0.982..0.982]	[54795.797..54795.797]	[0.867..0.884]	[0.0..0.0]	0.86180866	[47223.49..47512.023]
Group-1	PS 37:4:0	269.25	240116_PS_FTMSMS-_3.mzXML	35.0	72545.4	0.0	0.0	[0.0..0.0]	[1.0..1.0]	[0.98..0.98]	[71094.49..71094.49]	[0.893..0.917]	[0.0..0.0]	[0.98..0.98]	[71094.49..71094.49]	[0.894..0.918]	[0.0..0.0]	0.86180866	[61269.85..61269.85]
Group-1	PS 37:4:0	303.23	240116_PS_FTMSMS-_3.mzXML	25.0	4424.8	0.0	0.0	[5.0..8.0]	[0.0..0.9]	[0.965..1.22]	[4269.932..5398.256]	[0.17..0.204]	[1.0..1.0]	[0.996..1.036]	[4407.1006..4584.093]	[0.174..0.18]	[1.0..1.0]	0.86180866	[3679.864..4652.2637]
Group-1	PS 37:4:0	303.23	240116_PS_FTMSMS-_3.mzXML	30.0	6295.4	0.0	0.0	[5.0..8.0]	[0.0..0.9]	[1.147..1.444]	[7220.823..9090.558]	[0.116..0.142]	[1.0..1.0]	[1.142..1.33]	[7189.3467..8372.882]	[0.116..0.133]	[1.0..1.0]	0.86180866	[6222.9683..7834.3213]
Group-1	PS 37:4:0	303.23	240116_PS_FTMSMS-_3.mzXML	35.0	4399.9	0.0	0.0	[5.0..8.0]	[0.0..0.0]	[1.462..1.927]	[6432.654..8478.607]	[0.083..0.107]	[1.0..1.0]	[1.444..1.906]	[6353.4556..8386.209]	[0.082..0.106]	[1.0..1.0]	0.86180866	[5543.717..7306.937]
Group-1	PS 37:4:0	305.25	240116_PS_FTMSMS-_3.mzXML	25.0	0.0	0.0	0.0	[5.0..11.0]	[0.0..0.0]	[0.909..0.917]	[0.0..0.0]	[0.0..0.0]	[1.0..1.0]	[0.94..0.95]	[0.0..0.0]	[0.0..0.0]	[1.0..1.0]	0.86180866	[0.0..0.0]
Group-1	PS 37:4:0	305.25	240116_PS_FTMSMS-_3.mzXML	30.0	636.0	0.0	0.0	[5.0..11.0]	[0.0..0.0]	[0.959..1.078]	[609.924..685.608]	[0.106..0.118]	[1.0..1.0]	[0.957..1.075]	[608.65204..683.7]	[0.106..0.117]	[1.0..1.0]	0.86180866	[525.63776..590.86285]
Group-1	PS 37:4:0	305.25	240116_PS_FTMSMS-_3.mzXML	35.0	668.7	0.0	0.0	[5.0..11.0]	[0.0..0.0]	[1.031..1.339]	[689.43..895.389]	[0.093..0.117]	[1.0..1.0]	[1.014..1.322]	[678.0618..884.0214]	[0.091..0.116]	[1.0..1.0]	0.86180866	[594.1565..771.65424]
Group-1	PS 38:1:0	281.25	240116_PS_FTMSMS-_3.mzXML	25.0	178794.0	0.0	0.0	[9.0..9.0]	[0.0..1.0]	[0.893..0.928]	[159663.05..165920.83]	[0.333..0.335]	[0.87..0.95]	[0.923..0.926]	[165026.86..165563.25]	[0.34..0.34]	[0.872..0.947]	0.84360737	[134692.92..139972.03]
Group-1	PS 38:1:0	281.25	240116_PS_FTMSMS-_3.mzXML	30.0	345383.5	0.0	0.0	[9.0..9.0]	[0.0..1.0]	[0.914..0.919]	[315680.5..317407.44]	[0.303..0.304]	[0.87..0.95]	[0.918..0.919]	[317062.06..317407.44]	[0.305..0.305]	[0.872..0.947]	0.84360737	[266310.4..267767.25]
Group-1	PS 38:1:0	281.25	240116_PS_FTMSMS-_3.mzXML	35.0	389762.5	0.0	0.0	[9.0..9.0]	[0.0..1.0]	[0.904..0.932]	[352345.28..363258.66]	[0.303..0.309]	[0.87..0.95]	[0.928..0.931]	[361699.6..362868.88]	[0.308..0.309]	[0.872..0.947]	0.84360737	[297241.1..306447.7]
Group-1	PS 38:1:0	283.26	240116_PS_FTMSMS-_3.mzXML	25.0	2334853.0	0.0	0.0	[0.0..0.0]	[0.5..0.5]	[0.995..0.995]	[2323178.8..2323178.8]	[0.724..0.724]	[0.0..0.0]	[0.995..0.995]	[2323178.8..2323178.8]	[0.724..0.724]	[0.0..0.002]	0.84360737	[1959850.8..1959850.8]
Group-1	PS 38:1:0	283.26	240116_PS_FTMSMS-_3.mzXML	30.0	5826046.5	0.0	0.0	[0.0..0.0]	[0.5..1.0]	[0.973..0.978]	[5668743.0..5697873.5]	[0.761..0.761]	[0.0..0.0]	[0.973..0.973]	[5668743.0..5668743.0]	[0.76..0.76]	[0.0..0.002]	0.84360737	[4782193.5..4806767.5]
Group-1	PS 38:1:0	283.26	240116_PS_FTMSMS-_3.mzXML	35.0	6780142.5	0.0	0.0	[0.0..0.0]	[1.0..1.0]	[0.963..0.963]	[6529277.0..6529277.0]	[0.788..0.788]	[0.0..0.0]	[0.963..0.963]	[6529277.0..6529277.0]	[0.788..0.788]	[0.0..0.002]	0.84360737	[5508146.0..5508146.0]
Group-1	PS 38:1:0	309.28	240116_PS_FTMSMS-_3.mzXML	25.0	961807.3	0.0	0.0	[11.0..11.0]	[0.5..0.5]	[0.92..0.92]	[884862.75..884862.75]	[0.276..0.276]	[1.0..1.0]	[0.92..0.92]	[884862.75..884862.75]	[0.276..0.276]	[0.998..1.0]	0.84360737	[746476.75..746476.75]
Group-1	PS 38:1:0	309.28	240116_PS_FTMSMS-_3.mzXML	30.0	1994461.2	0.0	0.0	[11.0..11.0]	[0.0..0.5]	[0.895..0.898]	[1785042.8..1791026.2]	[0.239..0.239]	[1.0..1.0]	[0.898..0.898]	[1791026.2..1791026.2]	[0.24..0.24]	[0.998..1.0]	0.84360737	[1505875.2..1510923.0]
Group-1	PS 38:1:0	309.28	240116_PS_FTMSMS-_3.mzXML	35.0	1988636.2	0.0	0.0	[11.0..11.0]	[0.0..0.0]	[0.884..0.884]	[1757954.5..1757954.5]	[0.212..0.212]	[1.0..1.0]	[0.884..0.884]	[1757954.5..1757954.5]	[0.212..0.212]	[0.998..1.0]	0.84360737	[1483023.4..1483023.4]
Group-1	PS 38:1:0	311.29	240116_PS_FTMSMS-_3.mzXML	25.0	322458.2	0.0	0.0	[0.0..0.0]	[0.0..1.0]	[0.991..1.022]	[319556.06..329552.25]	[0.665..0.667]	[0.05..0.13]	[0.993..0.995]	[320200.97..320845.9]	[0.66..0.66]	[0.053..0.128]	0.84360737	[269579.84..278012.7]
Group-1	PS 38:1:0	311.29	240116_PS_FTMSMS-_3.mzXML	30.0	757064.1	0.0	0.0	[0.0..0.0]	[0.0..1.0]	[0.953..0.965]	[721482.1..730566.9]	[0.696..0.697]	[0.05..0.13]	[0.954..0.955]	[722239.2..722996.25]	[0.695..0.695]	[0.053..0.128]	0.84360737	[608647.6..616311.56]
Group-1	PS 38:1:0	311.29	240116_PS_FTMSMS-_3.mzXML	35.0	870509.8	0.0	0.0	[0.0..0.0]	[0.0..1.0]	[0.933..0.935]	[812185.7..813926.6]	[0.691..0.697]	[0.05..0.13]	[0.933..0.933]	[812185.7..812185.7]	[0.691..0.692]	[0.053..0.128]	0.84360737	[685165.8..686634.56]
Group-1	PS 38:2:0	281.25	240116_PS_FTMSMS-_3.mzXML	25.0	704185.8	0.0	0.0	[9.0..9.0]	[1.0..1.0]	[0.928..0.928]	[653484.44..653484.44]	[0.504..0.504]	[0.49..0.51]	[0.928..0.928]	[653484.44..653484.44]	[0.504..0.504]	[0.491..0.514]	0.8454025	[552457.4..552457.4]
Group-1	PS 38:2:0	281.25	240116_PS_FTMSMS-_3.mzXML	30.0	1320676.9	0.0	0.0	[9.0..9.0]	[1.0..1.0]	[0.914..0.914]	[1207098.6..1207098.6]	[0.499..0.499]	[0.49..0.51]	[0.914..0.914]	[1207098.6..1207098.6]	[0.499..0.499]	[0.491..0.514]	0.8454025	[1020484.2..1020484.2]
Group-1	PS 38:2:0	281.25	240116_PS_FTMSMS-_3.mzXML	35.0	1659079.6	0.0	0.0	[9.0..9.0]	[1.0..1.0]	[0.904..0.904]	[1499808.0..1499808.0]	[0.494..0.494]	[0.49..0.51]	[0.904..0.904]	[1499808.0..1499808.0]	[0.494..0.494]	[0.491..0.514]	0.8454025	[1267941.4..1267941.4]
Group-1	PS 38:2:0	283.26	240116_PS_FTMSMS-_3.mzXML	25.0	817052.2	0.0	0.0	[0.0..0.0]	[1.0..1.0]	[1.005..1.005]	[821137.44..821137.44]	[0.735..0.735]	[0.0..0.0]	[1.005..1.005]	[821137.44..821137.44]	[0.735..0.735]	[0.0..0.0]	0.8454025	[694191.6..694191.6]
Group-1	PS 38:2:0	283.26	240116_PS_FTMSMS-_3.mzXML	30.0	1630564.5	0.0	0.0	[0.0..0.0]	[1.0..1.0]	[0.978..0.978]	[1594692.0..1594692.0]	[0.774..0.774]	[0.0..0.0]	[0.978..0.978]	[1594692.0..1594692.0]	[0.774..0.774]	[0.0..0.0]	0.8454025	[1348156.6..1348156.6]
Group-1	PS 38:2:0	283.26	240116_PS_FTMSMS-_3.mzXML	35.0	2118237.5	0.0	0.0	[0.0..0.0]	[1.0..1.0]	[0.963..0.963]	[2039862.8..2039862.8]	[0.771..0.771]	[0.0..0.0]	[0.963..0.963]	[2039862.8..2039862.8]	[0.771..0.771]	[0.0..0.0]	0.8454025	[1724505.0..1724505.0]
Group-1	PS 38:2:0	307.26	240116_PS_FTMSMS-_3.mzXML	25.0	335537.7	0.0	0.0	[11.0..11.0]	[0.0..0.0]	[0.883..0.883]	[296279.78..296279.78]	[0.265..0.265]	[1.0..1.0]	[0.883..0.883]	[296279.78..296279.78]	[0.265..0.265]	[1.0..1.0]	0.8454025	[250475.67..250475.67]
Group-1	PS 38:2:0	307.26	240116_PS_FTMSMS-_3.mzXML	30.0	525734.8	0.0	0.0	[11.0..11.0]	[0.0..0.0]	[0.888..0.888]	[466852.53..466852.53]	[0.226..0.226]	[1.0..1.0]	[0.888..0.888]	[466852.53..466852.53]	[0.226..0.226]	[1.0..1.0]	0.8454025	[394678.25..394678.25]
Group-1	PS 38:2:0	307.26	240116_PS_FTMSMS-_3.mzXML	35.0	674157.5	0.0	0.0	[11.0..11.0]	[0.0..0.0]	[0.897..0.897]	[604719.3..604719.3]	[0.229..0.229]	[1.0..1.0]	[0.897..0.897]	[604719.3..604719.3]	[0.229..0.229]	[1.0..1.0]	0.8454025	[511231.2..511231.2]
Group-1	PS 38:2:0	309.28	240116_PS_FTMSMS-_3.mzXML	25.0	714338.0	0.0	0.0	[11.0..11.0]	[0.0..0.0]	[0.901..0.901]	[643618.56..643618.56]	[0.496..0.496]	[0.49..0.51]	[0.901..0.901]	[643618.56..643618.56]	[0.496..0.496]	[0.486..0.509]	0.8454025	[544116.75..544116.75]
Group-1	PS 38:2:0	309.28	240116_PS_FTMSMS-_3.mzXML	30.0	1348518.6	0.0	0.0	[11.0..11.0]	[0.0..0.0]	[0.898..0.898]	[1210969.8..1210969.8]	[0.501..0.501]	[0.49..0.51]	[0.898..0.898]	[1210969.8..1210969.8]	[0.501..0.501]	[0.486..0.509]	0.8454025	[1023756.8..1023756.8]
Group-1	PS 38:2:0	309.28	240116_PS_FTMSMS-_3.mzXML	35.0	1735485.6	0.0	0.0	[11.0..11.0]	[0.0..0.0]	[0.884..0.884]	[1534169.2..1534169.2]	[0.506..0.506]	[0.49..0.51]	[0.884..0.884]	[1534169.2..1534169.2]	[0.506..0.506]	[0.486..0.509]	0.8454025	[1296990.5..1296990.5]
Group-1	PS 38:3:0	281.25	240116_PS_FTMSMS-_3.mzXML	25.0	169848.2	0.0	0.0	[9.0..9.0]	[1.0..1.0]	[0.928..0.928]	[157619.12..157619.12]	[0.585..0.585]	[0.31..0.37]	[0.928..0.928]	[157619.12..157619.12]	[0.585..0.585]	[0.311..0.365]	0.847188	[133533.03..133533.03]
Group-1	PS 38:3:0	281.25	240116_PS_FTMSMS-_3.mzXML	30.0	349251.8	0.0	0.0	[9.0..9.0]	[0.0..0.0]	[0.919..0.919]	[320962.44..320962.44]	[0.559..0.559]	[0.31..0.37]	[0.919..0.919]	[320962.44..320962.44]	[0.559..0.559]	[0.311..0.365]	0.847188	[271915.5..271915.5]
Group-1	PS 38:3:0	281.25	240116_PS_FTMSMS-_3.mzXML	35.0	419408.0	0.0	0.0	[9.0..9.0]	[0.0..1.0]	[0.904..0.932]	[379144.8..390888.25]	[0.579..0.58]	[0.31..0.37]	[0.913..0.914]	[382919.5..383338.9]	[0.577..0.577]	[0.311..0.365]	0.847188	[321206.97..331155.84]
Group-1	PS 38:3:0	283.26	240116_PS_FTMSMS-_3.mzXML	25.0	947304.1	0.0	0.0	[0.0..0.0]	[0.0..1.0]	[0.986..1.005]	[934041.9..952040.6]	[0.734..0.739]	[0.0..0.0]	[0.986..0.986]	[934041.9..934041.9]	[0.73..0.732]	[0.0..0.0]	0.847188	[791309.06..806557.44]
Group-1	PS 38:3:0	283.26	240116_PS_FTMSMS-_3.mzXML	30.0	2030859.8	0.0	0.0	[0.0..0.0]	[0.0..1.0]	[0.968..0.978]	[1965872.2..1986180.8]	[0.756..0.775]	[0.0..0.0]	[0.968..0.968]	[1965872.2..1965872.2]	[0.754..0.775]	[0.0..0.0]	0.847188	[1665463.4..1682668.5]
Group-1	PS 38:3:0	283.26	240116_PS_FTMSMS-_3.mzXML	35.0	2282786.0	0.0	0.0	[0.0..0.0]	[0.0..1.0]	[0.961..0.963]	[2193757.5..2198323.0]	[0.76..0.802]	[0.0..0.0]	[0.961..0.961]	[2193757.5..2193757.5]	[0.759..0.805]	[0.0..0.0]	0.847188	[1858524.9..1862392.8]
Group-1	PS 38:3:0	305.25	240116_PS_FTMSMS-_3.mzXML	25.0	363814.7	0.0	0.0	[5.0..11.0]	[0.0..1.0]	[0.909..0.95]	[330707.53..345623.94]	[0.261..0.266]	[1.0..1.0]	[0.94..0.95]	[341985.8..345623.94]	[0.268..0.27]	[1.0..1.0]	0.847188	[280171.47..292808.47]
Group-1	PS 38:3:0	305.25	240116_PS_FTMSMS-_3.mzXML	30.0	595559.8	0.0	0.0	[5.0..11.0]	[0.0..1.0]	[0.959..1.075]	[571141.9..640226.8]	[0.225..0.244]	[1.0..1.0]	[0.957..1.075]	[569950.75..640226.8]	[0.225..0.246]	[1.0..1.0]	0.847188	[483864.53..542392.5]
Group-1	PS 38:3:0	305.25	240116_PS_FTMSMS-_3.mzXML	35.0	525720.2	0.0	0.0	[5.0..11.0]	[0.0..1.0]	[1.031..1.322]	[542017.5..695002.1]	[0.198..0.24]	[1.0..1.0]	[1.014..1.322]	[533080.3..695002.1]	[0.195..0.241]	[1.0..1.0]	0.847188	[459190.75..588797.44]
Group-1	PS 38:3:0	307.26	240116_PS_FTMSMS-_3.mzXML	25.0	126720.0	0.0	0.0	[11.0..11.0]	[0.0..0.0]	[0.883..0.883]	[111893.766..111893.766]	[0.415..0.415]	[0.63..0.69]	[0.883..0.883]	[111893.766..111893.766]	[0.415..0.415]	[0.635..0.689]	0.847188	[94795.055..94795.055]
Group-1	PS 38:3:0	307.26	240116_PS_FTMSMS-_3.mzXML	30.0	286103.5	0.0	0.0	[11.0..11.0]	[1.0..1.0]	[0.884..0.884]	[252915.5..252915.5]	[0.441..0.441]	[0.63..0.69]	[0.884..0.884]	[252915.5..252915.5]	[0.441..0.441]	[0.635..0.689]	0.847188	[214266.97..214266.97]
Group-1	PS 38:3:0	307.26	240116_PS_FTMSMS-_3.mzXML	35.0	315645.1	0.0	0.0	[11.0..11.0]	[0.0..1.0]	[0.875..0.897]	[276189.47..283133.66]	[0.42..0.421]	[0.63..0.69]	[0.889..0.89]	[280608.5..280924.12]	[0.423..0.423]	[0.635..0.689]	0.847188	[233984.4..239867.45]
Group-1	PS 38:4:0	281.25	240116_PS_FTMSMS-_3.mzXML	25.0	776721.5	0.0	0.0	[9.0..9.0]	[0.19999999..1.0]	[0.9..0.928]	[699049.4..720797.56]	[0.9..0.923]	[0.0..0.0]	[0.9..0.9]	[699049.3..699049.3]	[0.92..0.921]	[0.0..0.0]	0.8489996	[593492.6..611956.8]
Group-1	PS 38:4:0	281.25	240116_PS_FTMSMS-_3.mzXML	30.0	1960095.2	0.0	0.0	[9.0..9.0]	[0.19999999..1.0]	[0.914..0.918]	[1791527.0..1799367.4]	[0.94..0.953]	[0.0..0.0]	[0.914..0.914]	[1791527.0..1791527.0]	[0.948..0.953]	[0.0..0.0]	0.8489996	[1521005.8..1527662.2]
Group-1	PS 38:4:0	281.25	240116_PS_FTMSMS-_3.mzXML	35.0	2574796.2	0.0	0.0	[9.0..9.0]	[1.0..1.0]	[0.904..0.904]	[2327615.8..2327615.8]	[0.952..0.962]	[0.0..0.0]	[0.904..0.904]	[2327615.8..2327615.8]	[0.952..0.963]	[0.0..0.0]	0.8489996	[1976144.9..1976144.9]
Group-1	PS 38:4:0	283.26	240116_PS_FTMSMS-_3.mzXML	25.0	3467772.8	0.0	0.0	[0.0..0.0]	[0.0..1.0]	[0.986..1.005]	[3419224.0..3485111.5]	[0.831..0.838]	[0.0..0.0]	[0.986..0.986]	[3419224.0..3419224.0]	[0.829..0.834]	[0.0..0.0]	0.8489996	[2902919.8..2958858.5]
Group-1	PS 38:4:0	283.26	240116_PS_FTMSMS-_3.mzXML	30.0	8576479.0	0.0	0.0	[0.0..0.0]	[0.0..1.0]	[0.968..0.978]	[8302031.5..8387796.5]	[0.867..0.882]	[0.0..0.0]	[0.968..0.968]	[8302031.5..8302031.5]	[0.866..0.883]	[0.0..0.0]	0.8489996	[7048422.0..7121236.0]
Group-1	PS 38:4:0	283.26	240116_PS_FTMSMS-_3.mzXML	35.0	1.192083E7	0.0	0.0	[0.0..0.0]	[1.0..1.0]	[0.963..0.963]	[1.1479759E7..1.1479759E7]	[0.888..0.913]	[0.0..0.0]	[0.963..0.963]	[1.1479759E7..1.1479759E7]	[0.889..0.914]	[0.0..0.0]	0.8489996	[9746311.0..9746311.0]
Group-1	PS 38:4:0	303.23	240116_PS_FTMSMS-_3.mzXML	25.0	683063.6	0.0	0.0	[5.0..8.0]	[0.0..1.0]	[0.965..1.036]	[659156.4..707653.94]	[0.162..0.169]	[1.0..1.0]	[0.996..1.036]	[680331.4..707653.94]	[0.166..0.171]	[1.0..1.0]	0.8489996	[559623.5..600797.9]
Group-1	PS 38:4:0	303.23	240116_PS_FTMSMS-_3.mzXML	30.0	965402.9	0.0	0.0	[5.0..8.0]	[0.0..1.0]	[1.147..1.33]	[1107317.0..1283985.9]	[0.118..0.133]	[1.0..1.0]	[1.142..1.33]	[1102490.0..1283985.9]	[0.117..0.134]	[1.0..1.0]	0.8489996	[940111.75..1090103.5]
Group-1	PS 38:4:0	303.23	240116_PS_FTMSMS-_3.mzXML	35.0	750702.8	0.0	0.0	[5.0..8.0]	[0.0..0.0]	[1.462..1.927]	[1097527.5..1446604.4]	[0.087..0.112]	[1.0..1.0]	[1.444..1.906]	[1084014.9..1430839.6]	[0.086..0.111]	[1.0..1.0]	0.8489996	[931800.44..1228166.5]
Group-1	PS 38:4:0	305.25	240116_PS_FTMSMS-_3.mzXML	25.0	63734.5	0.0	0.0	[5.0..11.0]	[0.0..0.8]	[0.909..1.25]	[57934.66..79668.125]	[0.077..0.1]	[1.0..1.0]	[0.94..0.95]	[59910.43..60547.773]	[0.079..0.08]	[1.0..1.0]	0.8489996	[49186.504..67638.21]
Group-1	PS 38:4:0	305.25	240116_PS_FTMSMS-_3.mzXML	30.0	92081.4	0.0	0.0	[5.0..11.0]	[0.0..0.8]	[0.959..1.239]	[88306.06..114088.85]	[0.047..0.06]	[1.0..1.0]	[0.957..1.075]	[88121.9..98987.51]	[0.047..0.052]	[1.0..1.0]	0.8489996	[74971.81..96861.39]
Group-1	PS 38:4:0	305.25	240116_PS_FTMSMS-_3.mzXML	35.0	88280.5	0.0	0.0	[5.0..11.0]	[0.0..0.0]	[1.031..1.339]	[91017.195..118207.586]	[0.038..0.048]	[1.0..1.0]	[1.014..1.322]	[89516.43..116706.82]	[0.037..0.048]	[1.0..1.0]	0.8489996	[77273.56..100358.195]
Group-1	PS 38:5:0	255.23	240116_PS_FTMSMS-_3.mzXML	25.0	112123.4	0.0	0.0	[0.0..0.0]	[0.100000024..1.0]	[1.0..1.0]	[112123.4..112123.4]	[0.733..0.783]	[0.0..0.0]	[1.0..1.0]	[112123.4..112123.4]	[0.763..0.778]	[0.0..0.0]	0.8508197	[95396.8..95396.8]
Group-1	PS 38:5:0	255.23	240116_PS_FTMSMS-_3.mzXML	30.0	200830.4	0.0	0.0	[0.0..0.0]	[0.100000024..1.0]	[1.0..1.0]	[200830.4..200830.4]	[0.735..0.793]	[0.0..0.0]	[1.0..1.0]	[200830.4..200830.4]	[0.75..0.794]	[0.0..0.0]	0.8508197	[170870.47..170870.47]
Group-1	PS 38:5:0	255.23	240116_PS_FTMSMS-_3.mzXML	35.0	242571.5	0.0	0.0	[0.0..0.0]	[1.0..1.0]	[1.0..1.0]	[242571.5..242571.5]	[0.78..0.844]	[0.0..0.0]	[1.0..1.0]	[242571.5..242571.5]	[0.78..0.845]	[0.0..0.0]	0.8508197	[206384.61..206384.61]
Group-1	PS 38:5:0	281.25	240116_PS_FTMSMS-_3.mzXML	25.0	494162.6	0.0	0.0	[9.0..9.0]	[0.0..1.0]	[0.893..0.928]	[441287.2..458582.88]	[0.854..0.858]	[0.0..0.0]	[0.893..0.893]	[441287.2..441287.2]	[0.85..0.855]	[0.0..0.0]	0.8508197	[375455.84..390171.34]
Group-1	PS 38:5:0	281.25	240116_PS_FTMSMS-_3.mzXML	30.0	1191804.2	0.0	0.0	[9.0..9.0]	[0.0..1.0]	[0.914..0.919]	[1089309.0..1095268.1]	[0.888..0.901]	[0.0..0.0]	[0.914..0.914]	[1089309.0..1089309.0]	[0.887..0.902]	[0.0..0.0]	0.8508197	[926805.6..931875.75]
Group-1	PS 38:5:0	281.25	240116_PS_FTMSMS-_3.mzXML	35.0	1599128.6	0.0	0.0	[9.0..9.0]	[1.0..1.0]	[0.904..0.904]	[1445612.2..1445612.2]	[0.897..0.92]	[0.0..0.0]	[0.904..0.904]	[1445612.2..1445612.2]	[0.898..0.921]	[0.0..0.0]	0.8508197	[1229955.4..1229955.4]
Group-1	PS 38:5:0	303.23	240116_PS_FTMSMS-_3.mzXML	25.0	75385.7	0.0	0.0	[5.0..8.0]	[0.0..1.0]	[0.965..1.036]	[72747.2..78099.586]	[0.142..0.146]	[1.0..1.0]	[0.996..1.036]	[75084.16..78099.586]	[0.145..0.15]	[1.0..1.0]	0.8508197	[61894.75..66448.67]
Group-1	PS 38:5:0	303.23	240116_PS_FTMSMS-_3.mzXML	30.0	103999.2	0.0	0.0	[5.0..8.0]	[0.0..1.0]	[1.147..1.33]	[119287.08..138318.94]	[0.099..0.112]	[1.0..1.0]	[1.142..1.33]	[118767.086..138318.94]	[0.098..0.113]	[1.0..1.0]	0.8508197	[101491.8..117684.484]
Group-1	PS 38:5:0	303.23	240116_PS_FTMSMS-_3.mzXML	35.0	85992.0	0.0	0.0	[5.0..8.0]	[0.0..0.0]	[1.462..1.927]	[125720.305..165706.6]	[0.08..0.103]	[1.0..1.0]	[1.444..1.906]	[124172.445..163900.75]	[0.079..0.102]	[1.0..1.0]	0.8508197	[106965.31..140986.42]
Group-1	PS 38:5:0	329.25	240116_PS_FTMSMS-_3.mzXML	25.0	30283.7	0.0	0.0	[4.0..7.0]	[0.0..0.9]	[1.028..1.352]	[31131.643..40943.562]	[0.217..0.267]	[1.0..1.0]	[1.056..1.153]	[31979.586..34917.105]	[0.222..0.237]	[1.0..1.0]	0.8508197	[26487.416..34835.59]
Group-1	PS 38:5:0	329.25	240116_PS_FTMSMS-_3.mzXML	30.0	38716.5	0.0	0.0	[4.0..7.0]	[0.0..0.9]	[1.352..1.875]	[52344.707..72593.44]	[0.207..0.265]	[1.0..1.0]	[1.347..1.731]	[52151.125..67018.26]	[0.206..0.25]	[1.0..1.0]	0.8508197	[44535.91..61763.93]
Group-1	PS 38:5:0	329.25	240116_PS_FTMSMS-_3.mzXML	35.0	22244.2	0.0	0.0	[4.0..7.0]	[0.0..0.0]	[2.01..3.073]	[44710.84..68356.42]	[0.156..0.22]	[1.0..1.0]	[2.006..3.077]	[44621.863..68445.4]	[0.155..0.22]	[1.0..1.0]	0.8508197	[38040.863..58158.992]
Group-1	PS 38:6:0	255.23	240116_PS_FTMSMS-_3.mzXML	25.0	123379.1	0.0	0.0	[0.0..0.0]	[0.100000024..0.6]	[1.0..1.0]	[123379.1..123379.1]	[0.75..0.756]	[0.0..0.0]	[1.0..1.0]	[123379.1..123379.1]	[0.75..0.75]	[0.0..0.0]	0.85263914	[105197.85..105197.85]
Group-1	PS 38:6:0	255.23	240116_PS_FTMSMS-_3.mzXML	30.0	218465.0	0.0	0.0	[0.0..0.0]	[0.100000024..0.100000024]	[1.0..1.0]	[218464.98..218464.98]	[0.772..0.772]	[0.0..0.0]	[1.0..1.0]	[218465.0..218465.0]	[0.772..0.772]	[0.0..0.0]	0.85263914	[186271.81..186271.81]
Group-1	PS 38:6:0	255.23	240116_PS_FTMSMS-_3.mzXML	35.0	259369.2	0.0	0.0	[0.0..0.0]	[0.6..0.6]	[1.0..1.0]	[259369.2..259369.2]	[0.794..0.794]	[0.0..0.0]	[1.0..1.0]	[259369.2..259369.2]	[0.794..0.794]	[0.0..0.0]	0.85263914	[221148.33..221148.33]
Group-1	PS 38:6:0	279.23	240116_PS_FTMSMS-_3.mzXML	25.0	5540.2	0.0	0.0	[9.0..9.0]	[0.19999999..1.0]	[0.884..0.909]	[4897.537..5036.042]	[0.762..0.815]	[0.0..0.0]	[0.884..0.884]	[4897.537..4897.537]	[0.804..0.81]	[0.0..0.0]	0.85263914	[4175.8315..4293.9263]
Group-1	PS 38:6:0	279.23	240116_PS_FTMSMS-_3.mzXML	30.0	13021.5	0.0	0.0	[9.0..9.0]	[0.19999999..1.0]	[0.919..0.922]	[11966.759..12005.823]	[0.841..0.876]	[0.0..0.0]	[0.919..0.919]	[11966.759..11966.759]	[0.859..0.876]	[0.0..0.0]	0.85263914	[10203.327..10236.635]
Group-1	PS 38:6:0	279.23	240116_PS_FTMSMS-_3.mzXML	35.0	16456.1	0.0	0.0	[9.0..9.0]	[1.0..1.0]	[0.95..0.95]	[15633.294..15633.294]	[0.88..0.906]	[0.0..0.0]	[0.95..0.95]	[15633.294..15633.294]	[0.881..0.907]	[0.0..0.0]	0.85263914	[13329.559..13329.559]
Group-1	PS 38:6:0	303.23	240116_PS_FTMSMS-_3.mzXML	25.0	1153.9	0.0	0.0	[5.0..8.0]	[0.0..0.8]	[0.965..1.362]	[1113.514..1571.612]	[0.185..0.238]	[1.0..1.0]	[0.996..1.036]	[1149.2844..1195.4404]	[0.19..0.196]	[1.0..1.0]	0.85263914	[949.42523..1340.0178]
Group-1	PS 38:6:0	303.23	240116_PS_FTMSMS-_3.mzXML	30.0	1479.4	0.0	0.0	[5.0..8.0]	[0.0..0.8]	[1.147..1.533]	[1696.872..2267.92]	[0.124..0.159]	[1.0..1.0]	[1.142..1.33]	[1689.4747..1967.602]	[0.124..0.141]	[1.0..1.0]	0.85263914	[1446.8193..1933.7177]
Group-1	PS 38:6:0	303.23	240116_PS_FTMSMS-_3.mzXML	35.0	1111.5	0.0	0.0	[5.0..8.0]	[0.0..0.0]	[1.462..1.927]	[1625.013..2141.861]	[0.094..0.12]	[1.0..1.0]	[1.444..1.906]	[1605.006..2118.519]	[0.093..0.119]	[1.0..1.0]	0.85263914	[1385.5497..1826.2341]
Group-1	PS 38:6:0	327.23	240116_PS_FTMSMS-_3.mzXML	25.0	29415.9	5978.5	0.20324042	[4.0..4.0]	[0.4..0.9]	[1.351..1.396]	[39740.88..41064.598]	[0.244..0.25]	[1.0..1.0]	[1.396..1.396]	[41064.598..41064.598]	[0.25..0.25]	[1.0..1.0]	0.85263914	[33884.63..35013.285]
Group-1	PS 38:6:0	327.23	240116_PS_FTMSMS-_3.mzXML	30.0	25734.9	10178.1	0.39549792	[4.0..4.0]	[0.9..0.9]	[2.508..2.508]	[64543.13..64543.13]	[0.228..0.228]	[1.0..1.0]	[2.508..2.508]	[64543.13..64543.13]	[0.228..0.228]	[1.0..1.0]	0.85263914	[55032.0..55032.0]
Group-1	PS 38:6:0	327.23	240116_PS_FTMSMS-_3.mzXML	35.0	12089.4	6983.6	0.57766306	[4.0..4.0]	[0.4..0.4]	[5.552..5.552]	[67120.35..67120.35]	[0.206..0.206]	[1.0..1.0]	[5.552..5.552]	[67120.35..67120.35]	[0.206..0.206]	[1.0..1.0]	0.85263914	[57229.438..57229.438]
Group-1	PS 39:0:0	283.26	240116_PS_FTMSMS-_3.mzXML	25.0	113688.9	0.0	0.0	[0.0..0.0]	[0.0..1.0]	[0.986..1.005]	[112097.26..114257.34]	[1.0..1.0]	[0.0..0.0]	[0.986..0.986]	[112097.26..112097.26]	[1.0..1.0]	[0.0..0.0]	0.8296493	[93001.414..94793.53]
Group-1	PS 39:0:0	283.26	240116_PS_FTMSMS-_3.mzXML	30.0	320012.5	0.0	0.0	[0.0..0.0]	[0.0..1.0]	[0.968..0.978]	[309772.1..312972.22]	[1.0..1.0]	[0.0..0.0]	[0.968..0.968]	[309772.1..309772.1]	[1.0..1.0]	[0.0..0.0]	0.8296493	[257002.22..259657.19]
Group-1	PS 39:0:0	283.26	240116_PS_FTMSMS-_3.mzXML	35.0	408868.3	0.0	0.0	[0.0..0.0]	[0.0..1.0]	[0.961..0.963]	[392922.47..393740.2]	[1.0..1.0]	[0.0..0.0]	[0.961..0.961]	[392922.47..392922.47]	[1.0..1.0]	[0.0..0.0]	0.8296493	[325987.84..326666.28]
Group-1	PS 39:0:0	325.31	240116_PS_FTMSMS-_3.mzXML	25.0	0.0	0.0	0.0	[0.0..0.0]	[0.0..1.0]	[1.001..1.035]	[0.0..0.0]	[0.0..0.0]	[1.0..1.0]	[1.035..1.035]	[0.0..0.0]	[0.0..0.0]	[1.0..1.0]	0.8296493	[0.0..0.0]
Group-1	PS 39:0:0	325.31	240116_PS_FTMSMS-_3.mzXML	30.0	-1.7	0.0	-0.0	[0.0..0.0]	[0.0..1.0]	[0.952..0.962]	[-1.635..-1.618]	[-0.0..-0.0]	[1.0..1.0]	[0.962..0.962]	[-1.6354..-1.6354]	[-0.0..-0.0]	[1.0..1.0]	0.8296493	[-1.3568085..-1.3427045]
Group-1	PS 39:0:0	325.31	240116_PS_FTMSMS-_3.mzXML	35.0	-1.7	0.0	-0.0	[0.0..0.0]	[0.0..1.0]	[0.922..0.927]	[-1.576..-1.567]	[-0.0..-0.0]	[1.0..1.0]	[0.927..0.927]	[-1.5759001..-1.5759001]	[-0.0..-0.0]	[1.0..1.0]	0.8296493	[-1.3074443..-1.3003924]
Group-1	PS 39:1:0	253.22	240116_PS_FTMSMS-_3.mzXML	25.0	0.0	0.0	0.0	[9.0..9.0]	[0.0..1.0]	[0.92..0.938]	[0.0..0.0]	[0.5..0.5]	[0.5..1.0]	[0.929..0.938]	[0.0..0.0]	[0.5..0.5]	[0.5..1.0]	0.8313721	[0.0..0.0]
Group-1	PS 39:1:0	253.22	240116_PS_FTMSMS-_3.mzXML	30.0	0.0	0.0	0.0	[9.0..9.0]	[0.0..1.0]	[0.953..0.972]	[0.0..0.0]	[0.5..0.5]	[0.5..1.0]	[0.963..0.972]	[0.0..0.0]	[0.5..0.5]	[0.5..1.0]	0.8313721	[0.0..0.0]
Group-1	PS 39:1:0	253.22	240116_PS_FTMSMS-_3.mzXML	35.0	0.0	0.0	0.0	[9.0..9.0]	[0.0..1.0]	[0.96..1.004]	[0.0..0.0]	[0.0..0.0]	[0.5..1.0]	[0.982..1.004]	[0.0..0.0]	[0.0..0.0]	[0.5..1.0]	0.8313721	[0.0..0.0]
Group-1	PS 39:1:0	267.23	240116_PS_FTMSMS-_3.mzXML	25.0	0.0	0.0	0.0	[9.0..9.0]	[0.0..1.0]	[0.905..0.932]	[0.0..0.0]	[0.0..0.0]	[1.0..1.0]	[0.932..0.932]	[0.0..0.0]	[0.0..0.0]	[1.0..1.0]	0.8313721	[0.0..0.0]
Group-1	PS 39:1:0	267.23	240116_PS_FTMSMS-_3.mzXML	30.0	0.0	0.0	0.0	[9.0..9.0]	[0.0..1.0]	[0.932..0.944]	[0.0..0.0]	[0.0..0.0]	[1.0..1.0]	[0.944..0.944]	[0.0..0.0]	[0.0..0.0]	[1.0..1.0]	0.8313721	[0.0..0.0]
Group-1	PS 39:1:0	267.23	240116_PS_FTMSMS-_3.mzXML	35.0	0.0	0.0	0.0	[9.0..9.0]	[0.0..1.0]	[0.931..0.966]	[0.0..0.0]	[0.0..0.0]	[1.0..1.0]	[0.966..0.966]	[0.0..0.0]	[0.0..0.0]	[1.0..1.0]	0.8313721	[0.0..0.0]
Group-1	PS 39:1:0	281.25	240116_PS_FTMSMS-_3.mzXML	25.0	115516.2	0.0	0.0	[9.0..9.0]	[0.0..1.0]	[0.893..0.928]	[103155.97..107199.03]	[0.644..0.645]	[0.18..0.47]	[0.899..0.909]	[103849.06..105004.23]	[0.641..0.642]	[0.18..0.466]	0.8313721	[85760.99..89122.28]
Group-1	PS 39:1:0	281.25	240116_PS_FTMSMS-_3.mzXML	30.0	168488.9	0.0	0.0	[9.0..9.0]	[0.0..1.0]	[0.914..0.919]	[153998.86..154841.31]	[0.555..0.557]	[0.18..0.47]	[0.915..0.916]	[154167.36..154335.84]	[0.555..0.555]	[0.18..0.466]	0.8313721	[128030.34..128730.74]
Group-1	PS 39:1:0	281.25	240116_PS_FTMSMS-_3.mzXML	35.0	170843.2	0.0	0.0	[9.0..9.0]	[0.0..1.0]	[0.904..0.932]	[154442.25..159225.86]	[0.508..0.515]	[0.18..0.47]	[0.909..0.917]	[155296.47..156663.22]	[0.509..0.511]	[0.18..0.466]	0.8313721	[128398.98..132375.94]
Group-1	PS 39:1:0	283.26	240116_PS_FTMSMS-_3.mzXML	25.0	82255.9	0.0	0.0	[0.0..0.0]	[0.100000024..0.100000024]	[0.988..0.988]	[81268.83..81268.83]	[0.876..0.876]	[0.0..0.0]	[0.988..0.988]	[81268.83..81268.83]	[0.876..0.876]	[0.0..0.0]	0.8313721	[67564.63..67564.63]
Group-1	PS 39:1:0	283.26	240116_PS_FTMSMS-_3.mzXML	30.0	160242.6	0.0	0.0	[0.0..0.0]	[1.0..1.0]	[0.978..0.978]	[156717.25..156717.25]	[0.886..0.886]	[0.0..0.0]	[0.978..0.978]	[156717.25..156717.25]	[0.886..0.886]	[0.0..0.0]	0.8313721	[130290.35..130290.35]
Group-1	PS 39:1:0	283.26	240116_PS_FTMSMS-_3.mzXML	35.0	180205.2	0.0	0.0	[0.0..0.0]	[0.100000024..1.0]	[0.961..0.963]	[173177.2..173537.61]	[0.891..0.893]	[0.0..0.0]	[0.961..0.961]	[173177.2..173177.2]	[0.89..0.89]	[0.0..0.0]	0.8313721	[143974.7..144274.33]
Group-1	PS 39:1:0	295.26	240116_PS_FTMSMS-_3.mzXML	25.0	0.0	0.0	0.0	[9.0..9.0]	[0.0..1.0]	[0.885..0.925]	[0.0..0.0]	[0.5..0.5]	[0.5..1.0]	[0.905..0.925]	[0.0..0.0]	[0.5..0.5]	[0.5..1.0]	0.8313721	[0.0..0.0]
Group-1	PS 39:1:0	295.26	240116_PS_FTMSMS-_3.mzXML	30.0	0.0	0.0	0.0	[9.0..9.0]	[0.0..1.0]	[0.898..0.899]	[0.0..0.0]	[0.0..0.0]	[0.5..1.0]	[0.898..0.899]	[0.0..0.0]	[0.0..0.0]	[0.5..1.0]	0.8313721	[0.0..0.0]
Group-1	PS 39:1:0	295.26	240116_PS_FTMSMS-_3.mzXML	35.0	0.0	0.0	0.0	[9.0..9.0]	[0.0..1.0]	[0.88..0.902]	[0.0..0.0]	[0.0..0.0]	[0.5..1.0]	[0.891..0.902]	[0.0..0.0]	[0.0..0.0]	[0.5..1.0]	0.8313721	[0.0..0.0]
Group-1	PS 39:1:0	297.28	240116_PS_FTMSMS-_3.mzXML	25.0	10235.3	0.0	0.0	[0.0..0.0]	[1.0..1.0]	[1.012..1.012]	[10358.123..10358.123]	[0.642..0.642]	[0.18..0.23]	[1.012..1.012]	[10358.123..10358.123]	[0.642..0.642]	[0.184..0.233]	0.8313721	[8611.454..8611.454]
Group-1	PS 39:1:0	297.28	240116_PS_FTMSMS-_3.mzXML	30.0	18719.5	0.0	0.0	[0.0..0.0]	[1.0..1.0]	[0.97..0.97]	[18157.916..18157.916]	[0.617..0.617]	[0.18..0.23]	[0.97..0.97]	[18157.916..18157.916]	[0.617..0.617]	[0.184..0.233]	0.8313721	[15095.984..15095.984]
Group-1	PS 39:1:0	297.28	240116_PS_FTMSMS-_3.mzXML	35.0	23463.1	0.0	0.0	[0.0..0.0]	[1.0..1.0]	[0.947..0.947]	[22219.557..22219.557]	[0.625..0.625]	[0.18..0.23]	[0.947..0.947]	[22219.557..22219.557]	[0.625..0.625]	[0.184..0.233]	0.8313721	[18472.719..18472.719]
Group-1	PS 39:1:0	309.28	240116_PS_FTMSMS-_3.mzXML	25.0	6413.4	0.0	0.0	[11.0..11.0]	[0.0..0.0]	[0.901..0.901]	[5778.474..5778.474]	[0.358..0.358]	[0.77..0.82]	[0.901..0.901]	[5778.4736..5778.4736]	[0.358..0.358]	[0.767..0.816]	0.8313721	[4804.0615..4804.0615]
Group-1	PS 39:1:0	309.28	240116_PS_FTMSMS-_3.mzXML	30.0	12556.3	0.0	0.0	[11.0..11.0]	[0.0..0.0]	[0.898..0.898]	[11275.558..11275.558]	[0.383..0.383]	[0.77..0.82]	[0.898..0.898]	[11275.558..11275.558]	[0.383..0.383]	[0.767..0.816]	0.8313721	[9374.184..9374.184]
Group-1	PS 39:1:0	309.28	240116_PS_FTMSMS-_3.mzXML	35.0	15110.2	0.0	0.0	[11.0..11.0]	[0.0..0.0]	[0.884..0.884]	[13357.417..13357.417]	[0.375..0.375]	[0.77..0.82]	[0.884..0.884]	[13357.417..13357.417]	[0.375..0.375]	[0.767..0.816]	0.8313721	[11104.983..11104.983]
Group-1	PS 39:1:0	311.29	240116_PS_FTMSMS-_3.mzXML	25.0	0.0	0.0	0.0	[0.0..0.0]	[0.0..1.0]	[0.991..1.022]	[0.0..0.0]	[0.0..0.0]	[0.0..1.0]	[0.991..1.022]	[0.0..0.0]	[0.0..0.0]	[0.0..1.0]	0.8313721	[0.0..0.0]
Group-1	PS 39:1:0	311.29	240116_PS_FTMSMS-_3.mzXML	30.0	2855.0	0.0	0.0	[0.0..0.0]	[0.0..1.0]	[0.953..0.965]	[2720.815..2755.075]	[1.0..1.0]	[0.0..1.0]	[0.953..0.965]	[2720.815..2755.075]	[1.0..1.0]	[0.0..1.0]	0.8313721	[2262.0098..2290.4924]
Group-1	PS 39:1:0	311.29	240116_PS_FTMSMS-_3.mzXML	35.0	4295.7	0.0	0.0	[0.0..0.0]	[0.0..1.0]	[0.933..0.935]	[4007.889..4016.48]	[1.0..1.0]	[0.0..1.0]	[0.933..0.935]	[4007.8884..4016.4797]	[1.0..1.0]	[0.0..1.0]	0.8313721	[3332.0464..3339.189]
Group-1	PS 39:1:0	323.3	240116_PS_FTMSMS-_3.mzXML	25.0	12367.0	0.0	0.0	[11.0..11.0]	[0.9..0.9]	[0.929..0.929]	[11488.943..11488.943]	[0.124..0.124]	[1.0..1.0]	[0.929..0.929]	[11488.943..11488.943]	[0.124..0.124]	[1.0..1.0]	0.8313721	[9551.586..9551.586]
Group-1	PS 39:1:0	323.3	240116_PS_FTMSMS-_3.mzXML	30.0	23080.1	0.0	0.0	[11.0..11.0]	[0.0..0.0]	[0.875..0.875]	[20195.088..20195.088]	[0.114..0.114]	[1.0..1.0]	[0.875..0.875]	[20195.088..20195.088]	[0.114..0.114]	[1.0..1.0]	0.8313721	[16789.63..16789.63]
Group-1	PS 39:1:0	323.3	240116_PS_FTMSMS-_3.mzXML	35.0	24994.7	0.0	0.0	[11.0..11.0]	[0.0..0.9]	[0.833..0.853]	[20820.584..21320.479]	[0.107..0.109]	[1.0..1.0]	[0.853..0.853]	[21320.479..21320.479]	[0.11..0.11]	[1.0..1.0]	0.8313721	[17309.652..17725.25]
Group-1	PS 39:1:0	325.31	240116_PS_FTMSMS-_3.mzXML	25.0	56957.1	0.0	0.0	[0.0..0.0]	[0.0..1.0]	[1.001..1.035]	[57014.062..58950.598]	[0.355..0.356]	[0.53..0.82]	[1.019..1.029]	[58039.29..58608.86]	[0.358..0.359]	[0.534..0.82]	0.8313721	[47399.9..49009.88]
Group-1	PS 39:1:0	325.31	240116_PS_FTMSMS-_3.mzXML	30.0	128911.4	0.0	0.0	[0.0..0.0]	[0.0..1.0]	[0.952..0.962]	[122723.66..124012.766]	[0.443..0.445]	[0.53..0.82]	[0.957..0.96]	[123368.21..123754.94]	[0.445..0.445]	[0.534..0.82]	0.8313721	[102029.016..103100.75]
Group-1	PS 39:1:0	325.31	240116_PS_FTMSMS-_3.mzXML	35.0	162031.1	0.0	0.0	[0.0..0.0]	[0.0..1.0]	[0.922..0.927]	[149392.67..150202.83]	[0.485..0.492]	[0.53..0.82]	[0.925..0.926]	[149878.77..150040.8]	[0.489..0.491]	[0.534..0.82]	0.8313721	[124200.89..124874.43]
Group-1	PS 39:1:0	339.32	240116_PS_FTMSMS-_3.mzXML	25.0	1531.5	0.0	0.0	[0.0..0.0]	[0.0..1.0]	[1.016..1.052]	[1556.004..1611.138]	[1.0..1.0]	[0.0..0.0]	[1.016..1.016]	[1556.004..1556.004]	[1.0..1.0]	[0.0..0.0]	0.8313721	[1293.6183..1339.4552]
Group-1	PS 39:1:0	339.32	240116_PS_FTMSMS-_3.mzXML	30.0	3431.5	0.0	0.0	[0.0..0.0]	[0.0..1.0]	[0.955..0.961]	[3277.083..3297.672]	[1.0..1.0]	[0.0..0.0]	[0.955..0.955]	[3277.0825..3277.0825]	[1.0..1.0]	[0.0..0.0]	0.8313721	[2724.4749..2741.592]
Group-1	PS 39:1:0	339.32	240116_PS_FTMSMS-_3.mzXML	35.0	3783.7	0.0	0.0	[0.0..0.0]	[0.0..1.0]	[0.912..0.921]	[3450.735..3484.788]	[1.0..1.0]	[0.0..0.0]	[0.912..0.912]	[3450.7344..3450.7344]	[1.0..1.0]	[0.0..0.0]	0.8313721	[2868.8442..2897.1553]
Group-1	PS 39:1:0	353.34	240116_PS_FTMSMS-_3.mzXML	25.0	0.0	0.0	0.0	[0.0..0.0]	[0.0..1.0]	[1.036..1.072]	[0.0..0.0]	[0.0..0.0]	[0.0..1.0]	[1.036..1.072]	[0.0..0.0]	[0.0..0.0]	[0.0..1.0]	0.8313721	[0.0..0.0]
Group-1	PS 39:1:0	353.34	240116_PS_FTMSMS-_3.mzXML	30.0	0.0	0.0	0.0	[0.0..0.0]	[0.0..1.0]	[0.962..0.963]	[0.0..0.0]	[0.0..0.0]	[0.0..1.0]	[0.962..0.963]	[0.0..0.0]	[0.0..0.0]	[0.0..1.0]	0.8313721	[0.0..0.0]
Group-1	PS 39:1:0	353.34	240116_PS_FTMSMS-_3.mzXML	35.0	2151.1	0.0	0.0	[0.0..0.0]	[0.0..1.0]	[0.903..0.919]	[1942.443..1976.861]	[1.0..1.0]	[0.0..1.0]	[0.903..0.919]	[1942.4434..1976.8611]	[1.0..1.0]	[0.0..1.0]	0.8313721	[1614.8933..1643.5072]
Group-1	PS 39:2:0	281.25	240116_PS_FTMSMS-_3.mzXML	25.0	69793.4	0.0	0.0	[9.0..9.0]	[1.0..1.0]	[0.928..0.928]	[64768.273..64768.273]	[0.752..0.752]	[0.0..0.0]	[0.928..0.928]	[64768.273..64768.273]	[0.752..0.752]	[0.0..0.0]	0.8331112	[53959.176..53959.176]
Group-1	PS 39:2:0	281.25	240116_PS_FTMSMS-_3.mzXML	30.0	144292.1	0.0	0.0	[9.0..9.0]	[1.0..1.0]	[0.914..0.914]	[131882.97..131882.97]	[0.757..0.757]	[0.0..0.0]	[0.914..0.914]	[131882.97..131882.97]	[0.757..0.757]	[0.0..0.0]	0.8331112	[109873.18..109873.18]
Group-1	PS 39:2:0	281.25	240116_PS_FTMSMS-_3.mzXML	35.0	186133.0	0.0	0.0	[9.0..9.0]	[1.0..1.0]	[0.904..0.904]	[168264.23..168264.23]	[0.773..0.773]	[0.0..0.0]	[0.904..0.904]	[168264.23..168264.23]	[0.773..0.773]	[0.0..0.0]	0.8331112	[140182.81..140182.81]
Group-1	PS 39:2:0	283.26	240116_PS_FTMSMS-_3.mzXML	25.0	99689.8	0.0	0.0	[0.0..0.0]	[1.0..1.0]	[1.005..1.005]	[100188.24..100188.24]	[1.0..1.0]	[0.0..0.0]	[1.005..1.005]	[100188.24..100188.24]	[1.0..1.0]	[0.0..0.0]	0.8331112	[83467.95..83467.95]
Group-1	PS 39:2:0	283.26	240116_PS_FTMSMS-_3.mzXML	30.0	218835.7	0.0	0.0	[0.0..0.0]	[1.0..1.0]	[0.978..0.978]	[214021.31..214021.31]	[0.949..0.949]	[0.0..0.0]	[0.978..0.978]	[214021.31..214021.31]	[0.949..0.949]	[0.0..0.0]	0.8331112	[178303.56..178303.56]
Group-1	PS 39:2:0	283.26	240116_PS_FTMSMS-_3.mzXML	35.0	306722.9	0.0	0.0	[0.0..0.0]	[1.0..1.0]	[0.963..0.963]	[295374.16..295374.16]	[0.954..0.954]	[0.0..0.0]	[0.963..0.963]	[295374.16..295374.16]	[0.954..0.954]	[0.0..0.0]	0.8331112	[246079.53..246079.53]
Group-1	PS 39:2:0	295.26	240116_PS_FTMSMS-_3.mzXML	25.0	5537.4	0.0	0.0	[9.0..9.0]	[0.8..0.8]	[0.917..0.917]	[5077.796..5077.796]	[0.469..0.469]	[0.22..0.57]	[0.917..0.917]	[5077.796..5077.796]	[0.469..0.469]	[0.224..0.569]	0.8331112	[4230.3687..4230.3687]
Group-1	PS 39:2:0	295.26	240116_PS_FTMSMS-_3.mzXML	30.0	11949.4	0.0	0.0	[9.0..9.0]	[0.8..1.0]	[0.898..0.898]	[10730.562..10730.562]	[0.519..0.519]	[0.22..0.57]	[0.898..0.898]	[10730.562..10730.562]	[0.519..0.519]	[0.224..0.569]	0.8331112	[8939.751..8939.751]
Group-1	PS 39:2:0	295.26	240116_PS_FTMSMS-_3.mzXML	35.0	17219.5	0.0	0.0	[9.0..9.0]	[1.0..1.0]	[0.88..0.88]	[15153.16..15153.16]	[0.621..0.621]	[0.22..0.57]	[0.88..0.88]	[15153.16..15153.16]	[0.621..0.621]	[0.224..0.569]	0.8331112	[12624.268..12624.268]
Group-1	PS 39:2:0	309.28	240116_PS_FTMSMS-_3.mzXML	25.0	6336.8	0.0	0.0	[11.0..11.0]	[0.2..0.2]	[0.908..0.908]	[5753.814..5753.814]	[0.531..0.531]	[0.43..0.78]	[0.908..0.908]	[5753.814..5753.814]	[0.531..0.531]	[0.431..0.776]	0.8331112	[4793.5674..4793.5674]
Group-1	PS 39:2:0	309.28	240116_PS_FTMSMS-_3.mzXML	30.0	11065.2	0.0	0.0	[11.0..11.0]	[0.0..0.2]	[0.897..0.898]	[9925.484..9936.55]	[0.481..0.481]	[0.43..0.78]	[0.897..0.898]	[9925.484..9936.55]	[0.481..0.481]	[0.431..0.776]	0.8331112	[8269.033..8278.252]
Group-1	PS 39:2:0	309.28	240116_PS_FTMSMS-_3.mzXML	35.0	10475.6	0.0	0.0	[11.0..11.0]	[0.0..0.0]	[0.884..0.884]	[9260.43..9260.43]	[0.379..0.379]	[0.43..0.78]	[0.884..0.884]	[9260.43..9260.43]	[0.379..0.379]	[0.431..0.776]	0.8331112	[7714.9683..7714.9683]
Group-1	PS 39:2:0	321.28	240116_PS_FTMSMS-_3.mzXML	25.0	0.0	0.0	0.0	[11.0..11.0]	[0.0..0.0]	[0.867..0.867]	[0.0..0.0]	[0.0..0.0]	[1.0..1.0]	[0.867..0.867]	[0.0..0.0]	[0.0..0.0]	[1.0..1.0]	0.8331112	[0.0..0.0]
Group-1	PS 39:2:0	321.28	240116_PS_FTMSMS-_3.mzXML	30.0	13418.2	0.0	0.0	[11.0..11.0]	[0.0..0.0]	[0.86..0.86]	[11539.652..11539.652]	[0.051..0.051]	[1.0..1.0]	[0.86..0.86]	[11539.652..11539.652]	[0.051..0.051]	[1.0..1.0]	0.8331112	[9613.814..9613.814]
Group-1	PS 39:2:0	321.28	240116_PS_FTMSMS-_3.mzXML	35.0	16629.1	0.0	0.0	[11.0..11.0]	[0.0..0.0]	[0.859..0.859]	[14284.397..14284.397]	[0.046..0.046]	[1.0..1.0]	[0.859..0.859]	[14284.397..14284.397]	[0.046..0.046]	[1.0..1.0]	0.8331112	[11900.491..11900.491]
Group-1	PS 39:2:0	323.3	240116_PS_FTMSMS-_3.mzXML	25.0	23950.9	0.0	0.0	[11.0..11.0]	[0.0..0.0]	[0.89..0.89]	[21316.3..21316.3]	[0.248..0.248]	[1.0..1.0]	[0.89..0.89]	[21316.3..21316.3]	[0.248..0.248]	[1.0..1.0]	0.8331112	[17758.85..17758.85]
Group-1	PS 39:2:0	323.3	240116_PS_FTMSMS-_3.mzXML	30.0	48342.4	0.0	0.0	[11.0..11.0]	[0.0..0.0]	[0.875..0.875]	[42299.598..42299.598]	[0.243..0.243]	[1.0..1.0]	[0.875..0.875]	[42299.598..42299.598]	[0.243..0.243]	[1.0..1.0]	0.8331112	[35240.27..35240.27]
Group-1	PS 39:2:0	323.3	240116_PS_FTMSMS-_3.mzXML	35.0	57852.7	0.0	0.0	[11.0..11.0]	[0.0..0.0]	[0.853..0.853]	[49348.35..49348.35]	[0.227..0.227]	[1.0..1.0]	[0.853..0.853]	[49348.35..49348.35]	[0.227..0.227]	[1.0..1.0]	0.8331112	[41112.668..41112.668]
Group-1	PS 39:3:0	283.26	240116_PS_FTMSMS-_3.mzXML	25.0	961918.1	0.0	0.0	[0.0..0.0]	[0.0..1.0]	[0.986..1.005]	[948451.25..966727.7]	[0.979..0.979]	[0.0..0.0]	[0.986..0.986]	[948451.25..948451.25]	[0.979..0.979]	[0.0..0.0]	0.8348496	[791814.1..807072.2]
Group-1	PS 39:3:0	283.26	240116_PS_FTMSMS-_3.mzXML	30.0	2709557.5	0.0	0.0	[0.0..0.0]	[0.0..1.0]	[0.968..0.978]	[2622851.8..2649947.2]	[0.985..0.987]	[0.0..0.0]	[0.968..0.968]	[2622851.8..2622851.8]	[0.985..0.987]	[0.0..0.0]	0.8348496	[2189686.8..2212307.2]
Group-1	PS 39:3:0	283.26	240116_PS_FTMSMS-_3.mzXML	35.0	3411205.0	0.0	0.0	[0.0..0.0]	[1.0..1.0]	[0.963..0.963]	[3284990.5..3284990.5]	[0.986..0.989]	[0.0..0.0]	[0.963..0.963]	[3284990.5..3284990.5]	[0.986..0.989]	[0.0..0.0]	0.8348496	[2742472.8..2742472.8]
Group-1	PS 39:3:0	319.26	240116_PS_FTMSMS-_3.mzXML	25.0	22425.6	0.0	0.0	[5.0..11.0]	[0.0..1.0]	[0.891..0.928]	[19981.207..20810.955]	[0.021..0.021]	[1.0..1.0]	[0.924..0.928]	[20721.254..20810.955]	[0.021..0.021]	[1.0..1.0]	0.8348496	[16681.303..17374.018]
Group-1	PS 39:3:0	319.26	240116_PS_FTMSMS-_3.mzXML	30.0	38151.4	0.0	0.0	[5.0..11.0]	[0.0..1.0]	[0.919..1.037]	[35061.137..39562.996]	[0.013..0.015]	[1.0..1.0]	[0.918..1.037]	[35022.984..39562.996]	[0.013..0.015]	[1.0..1.0]	0.8348496	[29270.775..33029.152]
Group-1	PS 39:3:0	319.26	240116_PS_FTMSMS-_3.mzXML	35.0	37719.2	0.0	0.0	[5.0..11.0]	[0.0..0.0]	[0.975..1.279]	[36776.22..48242.86]	[0.011..0.014]	[1.0..1.0]	[0.961..1.258]	[36248.152..47450.754]	[0.011..0.014]	[1.0..1.0]	0.8348496	[30702.611..40275.527]
Group-1	PS 39:4:0	269.25	240116_PS_FTMSMS-_3.mzXML	25.0	19679.0	0.0	0.0	[0.0..0.0]	[1.0..1.0]	[1.001..1.001]	[19698.68..19698.68]	[0.72..0.724]	[0.0..0.0]	[1.001..1.001]	[19698.68..19698.68]	[0.713..0.717]	[0.0..0.002]	0.83659583	[16479.834..16479.834]
Group-1	PS 39:4:0	269.25	240116_PS_FTMSMS-_3.mzXML	30.0	42585.3	0.0	0.0	[0.0..0.0]	[1.0..1.0]	[0.988..0.988]	[42074.277..42074.277]	[0.735..0.747]	[0.0..0.0]	[0.988..0.988]	[42074.277..42074.277]	[0.735..0.747]	[0.0..0.002]	0.83659583	[35199.164..35199.164]
Group-1	PS 39:4:0	269.25	240116_PS_FTMSMS-_3.mzXML	35.0	51818.1	0.0	0.0	[0.0..0.0]	[1.0..1.0]	[0.98..0.98]	[50781.742..50781.742]	[0.73..0.759]	[0.0..0.0]	[0.98..0.98]	[50781.742..50781.742]	[0.732..0.76]	[0.0..0.002]	0.83659583	[42483.793..42483.793]
Group-1	PS 39:4:0	281.25	240116_PS_FTMSMS-_3.mzXML	25.0	210155.0	0.0	0.0	[9.0..9.0]	[0.6..1.0]	[0.914..0.928]	[192081.66..195023.83]	[0.971..0.981]	[0.0..0.0]	[0.914..0.914]	[192081.67..192081.67]	[0.98..0.98]	[0.0..0.0]	0.83659583	[160694.72..163156.12]
Group-1	PS 39:4:0	281.25	240116_PS_FTMSMS-_3.mzXML	30.0	484302.8	0.0	0.0	[9.0..9.0]	[1.0..1.0]	[0.914..0.914]	[442652.75..442652.75]	[0.985..0.987]	[0.0..0.0]	[0.914..0.914]	[442652.75..442652.75]	[0.985..0.987]	[0.0..0.0]	0.83659583	[370321.47..370321.47]
Group-1	PS 39:4:0	281.25	240116_PS_FTMSMS-_3.mzXML	35.0	584800.9	0.0	0.0	[9.0..9.0]	[0.6..1.0]	[0.904..0.915]	[528660.0..535092.8]	[0.984..0.988]	[0.0..0.0]	[0.904..0.904]	[528660.0..528660.0]	[0.985..0.989]	[0.0..0.0]	0.83659583	[442274.72..447656.4]
Group-1	PS 39:4:0	283.26	240116_PS_FTMSMS-_3.mzXML	25.0	40463.5	0.0	0.0	[0.0..0.0]	[1.0..1.0]	[1.005..1.005]	[40665.816..40665.816]	[1.0..1.0]	[0.0..0.0]	[1.005..1.005]	[40665.816..40665.816]	[1.0..1.0]	[0.0..0.0]	0.83659583	[34020.85..34020.85]
Group-1	PS 39:4:0	283.26	240116_PS_FTMSMS-_3.mzXML	30.0	91694.1	0.0	0.0	[0.0..0.0]	[1.0..1.0]	[0.978..0.978]	[89676.83..89676.83]	[1.0..1.0]	[0.0..0.0]	[0.978..0.978]	[89676.83..89676.83]	[1.0..1.0]	[0.0..0.0]	0.83659583	[75023.266..75023.266]
Group-1	PS 39:4:0	283.26	240116_PS_FTMSMS-_3.mzXML	35.0	115874.8	0.0	0.0	[0.0..0.0]	[1.0..1.0]	[0.963..0.963]	[111587.43..111587.43]	[0.971..0.978]	[0.0..0.0]	[0.963..0.963]	[111587.43..111587.43]	[0.971..0.978]	[0.0..0.0]	0.83659583	[93353.58..93353.58]
Group-1	PS 39:4:0	297.28	240116_PS_FTMSMS-_3.mzXML	25.0	8668.9	0.0	0.0	[0.0..0.0]	[0.19999999..1.0]	[0.991..1.012]	[8590.88..8772.927]	[0.512..0.591]	[0.08..0.3]	[0.993..0.997]	[8608.218..8642.894]	[0.499..0.541]	[0.082..0.298]	0.83659583	[7187.094..7339.394]
Group-1	PS 39:4:0	297.28	240116_PS_FTMSMS-_3.mzXML	30.0	22675.6	0.0	0.0	[0.0..0.0]	[0.19999999..1.0]	[0.96..0.97]	[21768.574..21995.332]	[0.619..0.683]	[0.08..0.3]	[0.961..0.963]	[21791.252..21836.602]	[0.635..0.643]	[0.082..0.298]	0.83659583	[18211.5..18401.203]
Group-1	PS 39:4:0	297.28	240116_PS_FTMSMS-_3.mzXML	35.0	30227.7	0.0	0.0	[0.0..0.0]	[1.0..1.0]	[0.947..0.947]	[28625.633..28625.633]	[0.683..0.74]	[0.08..0.3]	[0.947..0.947]	[28625.633..28625.633]	[0.679..0.725]	[0.082..0.298]	0.83659583	[23948.084..23948.084]
Group-1	PS 39:4:0	303.23	240116_PS_FTMSMS-_3.mzXML	25.0	6149.2	0.0	0.0	[5.0..8.0]	[0.0..0.8]	[0.965..1.362]	[5933.978..8375.211]	[0.409..0.488]	[0.7..0.92]	[1.186..1.41]	[7292.951..8670.372]	[0.459..0.501]	[0.702..0.918]	0.83659583	[4964.341..7006.666]
Group-1	PS 39:4:0	303.23	240116_PS_FTMSMS-_3.mzXML	30.0	8824.5	0.0	0.0	[5.0..8.0]	[0.0..0.8]	[1.147..1.533]	[10121.701..13527.958]	[0.317..0.381]	[0.7..0.92]	[1.372..1.423]	[12107.214..12557.264]	[0.357..0.365]	[0.702..0.918]	0.83659583	[8467.773..11317.434]
Group-1	PS 39:4:0	303.23	240116_PS_FTMSMS-_3.mzXML	35.0	6893.0	0.0	0.0	[5.0..8.0]	[0.0..0.0]	[1.462..1.927]	[10077.566..13282.812]	[0.26..0.317]	[0.7..0.92]	[1.573..1.964]	[10842.688..13537.852]	[0.275..0.321]	[0.702..0.918]	0.83659583	[8430.85..11112.345]
Group-1	PS 39:4:0	317.25	240116_PS_FTMSMS-_3.mzXML	25.0	0.0	0.0	0.0	[5.0..8.0]	[0.0..0.0]	[0.933..0.966]	[0.0..0.0]	[0.0..0.0]	[1.0..1.0]	[0.964..1.004]	[0.0..0.0]	[0.0..0.0]	[1.0..1.0]	0.83659583	[0.0..0.0]
Group-1	PS 39:4:0	317.25	240116_PS_FTMSMS-_3.mzXML	30.0	0.0	0.0	0.0	[5.0..8.0]	[0.0..0.0]	[1.086..1.265]	[0.0..0.0]	[0.0..0.0]	[1.0..1.0]	[1.083..1.262]	[0.0..0.0]	[0.0..0.0]	[1.0..1.0]	0.83659583	[0.0..0.0]
Group-1	PS 39:4:0	317.25	240116_PS_FTMSMS-_3.mzXML	35.0	1877.4	0.0	0.0	[5.0..8.0]	[0.0..0.0]	[1.362..1.8]	[2557.019..3379.32]	[0.022..0.029]	[1.0..1.0]	[1.349..1.78]	[2532.6125..3341.772]	[0.022..0.029]	[1.0..1.0]	0.83659583	[2139.1912..2827.125]
Group-1	PS 39:4:0	319.26	240116_PS_FTMSMS-_3.mzXML	25.0	4239.9	0.0	0.0	[5.0..11.0]	[0.0..0.4]	[0.891..1.357]	[3777.751..5753.544]	[0.019..0.029]	[1.0..1.0]	[0.924..0.928]	[3917.6677..3934.627]	[0.02..0.02]	[1.0..1.0]	0.83659583	[3160.4504..4813.391]
Group-1	PS 39:4:0	319.26	240116_PS_FTMSMS-_3.mzXML	30.0	6302.1	0.0	0.0	[5.0..11.0]	[0.0..0.0]	[0.919..1.041]	[5791.631..6560.487]	[0.013..0.015]	[1.0..1.0]	[0.918..1.037]	[5785.3276..6535.2773]	[0.013..0.015]	[1.0..1.0]	0.83659583	[4845.2534..5488.475]
Group-1	PS 39:4:0	319.26	240116_PS_FTMSMS-_3.mzXML	35.0	6391.5	0.0	0.0	[5.0..11.0]	[0.0..0.4]	[0.975..1.395]	[6231.713..8916.143]	[0.012..0.016]	[1.0..1.0]	[0.961..1.258]	[6142.2314..8040.5073]	[0.011..0.015]	[1.0..1.0]	0.83659583	[5213.425..7459.207]
Group-1	PS 39:4:0	331.26	240116_PS_FTMSMS-_3.mzXML	25.0	8326.0	0.0	0.0	[7.0..10.0]	[0.0..0.0]	[0.904..0.921]	[7526.704..7668.246]	[0.276..0.28]	[1.0..1.0]	[0.935..0.952]	[7784.81..7926.352]	[0.283..0.287]	[0.998..1.0]	0.83659583	[6296.809..6415.2227]
Group-1	PS 39:4:0	331.26	240116_PS_FTMSMS-_3.mzXML	30.0	14249.2	0.0	0.0	[7.0..10.0]	[0.0..0.0]	[1.001..1.066]	[14263.45..15189.647]	[0.253..0.265]	[1.0..1.0]	[1.002..1.062]	[14277.698..15132.651]	[0.253..0.265]	[0.998..1.0]	0.83659583	[11932.742..12707.596]
Group-1	PS 39:4:0	331.26	240116_PS_FTMSMS-_3.mzXML	35.0	13773.3	0.0	0.0	[7.0..10.0]	[0.0..0.0]	[1.169..1.363]	[16100.988..18773.008]	[0.241..0.27]	[1.0..1.0]	[1.163..1.349]	[16018.348..18580.182]	[0.24..0.268]	[0.998..1.0]	0.83659583	[13470.02..15705.421]
Group-1	PS 39:5:0	267.23	240116_PS_FTMSMS-_3.mzXML	25.0	629.6	0.0	0.0	[9.0..9.0]	[1.0..1.0]	[0.932..0.932]	[586.787..586.787]	[0.456..0.461]	[0.48..0.67]	[0.932..0.932]	[586.7872..586.7872]	[0.353..0.367]	[0.479..0.671]	0.8383587	[491.93814..491.93814]
Group-1	PS 39:5:0	267.23	240116_PS_FTMSMS-_3.mzXML	30.0	1277.1	0.0	0.0	[9.0..9.0]	[1.0..1.0]	[0.932..0.932]	[1190.257..1190.257]	[0.509..0.524]	[0.48..0.67]	[0.932..0.932]	[1190.2572..1190.2572]	[0.456..0.477]	[0.479..0.671]	0.8383587	[997.8624..997.8624]
Group-1	PS 39:5:0	267.23	240116_PS_FTMSMS-_3.mzXML	35.0	1251.9	0.0	0.0	[9.0..9.0]	[1.0..1.0]	[0.931..0.931]	[1165.519..1165.519]	[0.388..0.425]	[0.48..0.67]	[0.931..0.931]	[1165.5189..1165.5189]	[0.367..0.405]	[0.479..0.671]	0.8383587	[977.1229..977.1229]
Group-1	PS 39:5:0	269.25	240116_PS_FTMSMS-_3.mzXML	25.0	13752.0	0.0	0.0	[0.0..0.0]	[1.0..1.0]	[1.001..1.001]	[13765.753..13765.753]	[0.736..0.743]	[0.0..0.0]	[1.001..1.001]	[13765.753..13765.753]	[0.726..0.736]	[0.0..0.0]	0.8383587	[11540.638..11540.638]
Group-1	PS 39:5:0	269.25	240116_PS_FTMSMS-_3.mzXML	30.0	26145.4	0.0	0.0	[0.0..0.0]	[1.0..1.0]	[0.988..0.988]	[25831.654..25831.654]	[0.742..0.769]	[0.0..0.0]	[0.988..0.988]	[25831.654..25831.654]	[0.741..0.769]	[0.0..0.0]	0.8383587	[21656.193..21656.193]
Group-1	PS 39:5:0	269.25	240116_PS_FTMSMS-_3.mzXML	35.0	29746.2	0.0	0.0	[0.0..0.0]	[1.0..1.0]	[0.98..0.98]	[29151.275..29151.275]	[0.777..0.817]	[0.0..0.0]	[0.98..0.98]	[29151.275..29151.275]	[0.777..0.817]	[0.0..0.0]	0.8383587	[24439.225..24439.225]
Group-1	PS 39:5:0	295.26	240116_PS_FTMSMS-_3.mzXML	25.0	4726.1	0.0	0.0	[9.0..9.0]	[1.0..1.0]	[0.925..0.925]	[4371.643..4371.643]	[0.826..0.831]	[0.0..0.0]	[0.925..0.925]	[4371.6426..4371.6426]	[0.821..0.827]	[0.0..0.0]	0.8383587	[3665.0046..3665.0046]
Group-1	PS 39:5:0	295.26	240116_PS_FTMSMS-_3.mzXML	30.0	13087.8	0.0	0.0	[9.0..9.0]	[1.0..1.0]	[0.898..0.898]	[11752.845..11752.845]	[0.862..0.879]	[0.0..0.0]	[0.898..0.898]	[11752.845..11752.845]	[0.863..0.88]	[0.0..0.0]	0.8383587	[9853.099..9853.099]
Group-1	PS 39:5:0	295.26	240116_PS_FTMSMS-_3.mzXML	35.0	17025.5	0.0	0.0	[9.0..9.0]	[1.0..1.0]	[0.88..0.88]	[14982.439..14982.439]	[0.885..0.91]	[0.0..0.0]	[0.88..0.88]	[14982.439..14982.439]	[0.886..0.911]	[0.0..0.0]	0.8383587	[12560.658..12560.658]
Group-1	PS 39:5:0	303.23	240116_PS_FTMSMS-_3.mzXML	25.0	921.0	0.0	0.0	[5.0..8.0]	[0.0..0.0]	[0.965..0.998]	[888.765..919.158]	[0.169..0.174]	[1.0..1.0]	[0.996..1.036]	[917.316..954.156]	[0.173..0.179]	[1.0..1.0]	0.8383587	[745.1038..770.5841]
Group-1	PS 39:5:0	303.23	240116_PS_FTMSMS-_3.mzXML	30.0	1406.4	0.0	0.0	[5.0..8.0]	[0.0..0.0]	[1.147..1.333]	[1613.141..1874.731]	[0.121..0.138]	[1.0..1.0]	[1.142..1.33]	[1606.1088..1870.5121]	[0.12..0.137]	[1.0..1.0]	0.8383587	[1352.3906..1571.6973]
Group-1	PS 39:5:0	303.23	240116_PS_FTMSMS-_3.mzXML	35.0	1012.2	0.0	0.0	[5.0..8.0]	[0.0..0.0]	[1.462..1.927]	[1479.836..1950.51]	[0.09..0.115]	[1.0..1.0]	[1.444..1.906]	[1461.6168..1929.2533]	[0.089..0.114]	[1.0..1.0]	0.8383587	[1240.6337..1635.2266]
Group-1	PS 39:5:0	329.25	240116_PS_FTMSMS-_3.mzXML	25.0	4516.5	333.0	0.07372966	[5.6..5.9]	[0.0..0.0]	[1.052..1.094]	[4751.359..4941.051]	[0.257..0.264]	[1.0..1.0]	[1.092..1.153]	[4932.018..5207.5244]	[0.264..0.274]	[1.0..1.0]	0.8383587	[3983.3425..4142.373]
Group-1	PS 39:5:0	329.25	240116_PS_FTMSMS-_3.mzXML	30.0	5222.4	816.6	0.15636489	[4.6..5.2]	[0.0..0.0]	[1.486..1.717]	[7760.486..8966.86]	[0.231..0.258]	[1.0..1.0]	[1.488..1.731]	[7770.931..9039.974]	[0.231..0.259]	[1.0..1.0]	0.8383587	[6506.0713..7517.4463]
Group-1	PS 39:5:0	329.25	240116_PS_FTMSMS-_3.mzXML	35.0	2717.9	964.6	0.35490638	[4.0..4.0]	[0.0..0.0]	[2.4..3.073]	[6522.96..8352.107]	[0.183..0.223]	[1.0..1.0]	[2.399..3.077]	[6520.2417..8362.978]	[0.183..0.223]	[1.0..1.0]	0.8383587	[5468.58..7002.0605]
Group-1	PS 39:5:0	331.26	240116_PS_FTMSMS-_3.mzXML	25.0	760.1	0.0	0.0	[7.0..10.0]	[0.0..0.0]	[0.904..0.921]	[687.13..700.052]	[0.539..0.544]	[0.33..0.52]	[1.332..1.418]	[1012.4532..1077.8218]	[0.633..0.647]	[0.329..0.521]	0.8383587	[576.06177..586.8948]
Group-1	PS 39:5:0	331.26	240116_PS_FTMSMS-_3.mzXML	30.0	1078.4	0.0	0.0	[7.0..10.0]	[0.0..0.0]	[1.001..1.066]	[1079.479..1149.575]	[0.476..0.491]	[0.33..0.52]	[1.211..1.316]	[1305.9424..1419.1744]	[0.523..0.544]	[0.329..0.521]	0.8383587	[904.9902..963.75574]
Group-1	PS 39:5:0	331.26	240116_PS_FTMSMS-_3.mzXML	35.0	1348.5	0.0	0.0	[7.0..10.0]	[0.0..0.0]	[1.169..1.363]	[1576.397..1838.006]	[0.575..0.612]	[0.33..0.52]	[1.269..1.492]	[1711.2466..2011.962]	[0.595..0.633]	[0.329..0.521]	0.8383587	[1321.5858..1540.908]
Group-1	PS 39:6:0	269.25	240116_PS_FTMSMS-_3.mzXML	25.0	19991.6	0.0	0.0	[0.0..0.0]	[0.3..1.0]	[0.994..1.001]	[19871.65..20011.592]	[0.755..0.763]	[0.0..0.0]	[0.994..0.994]	[19871.65..19871.65]	[0.754..0.754]	[0.0..0.0]	0.8401297	[16694.762..16812.332]
Group-1	PS 39:6:0	269.25	240116_PS_FTMSMS-_3.mzXML	30.0	35433.8	0.0	0.0	[0.0..0.0]	[1.0..1.0]	[0.988..0.988]	[35008.594..35008.594]	[0.786..0.786]	[0.0..0.0]	[0.988..0.988]	[35008.594..35008.594]	[0.786..0.786]	[0.0..0.0]	0.8401297	[29411.76..29411.76]
Group-1	PS 39:6:0	269.25	240116_PS_FTMSMS-_3.mzXML	35.0	40796.9	0.0	0.0	[0.0..0.0]	[0.3..0.3]	[0.979..0.979]	[39940.164..39940.164]	[0.784..0.784]	[0.0..0.0]	[0.979..0.979]	[39940.164..39940.164]	[0.784..0.784]	[0.0..0.0]	0.8401297	[33554.914..33554.914]
Group-1	PS 39:6:0	327.23	240116_PS_FTMSMS-_3.mzXML	25.0	4701.7	1173.7	0.24963309	[4.0..4.0]	[0.0..0.7]	[1.314..1.378]	[6178.034..6478.943]	[0.237..0.245]	[1.0..1.0]	[1.378..1.378]	[6478.943..6478.943]	[0.246..0.246]	[1.0..1.0]	0.8401297	[5190.3496..5443.1523]
Group-1	PS 39:6:0	327.23	240116_PS_FTMSMS-_3.mzXML	30.0	3871.9	1542.5	0.39838323	[4.0..4.0]	[0.0..0.0]	[2.457..2.457]	[9513.258..9513.258]	[0.214..0.214]	[1.0..1.0]	[2.457..2.457]	[9513.258..9513.258]	[0.214..0.214]	[1.0..1.0]	0.8401297	[7992.37..7992.37]
Group-1	PS 39:6:0	327.23	240116_PS_FTMSMS-_3.mzXML	35.0	1970.5	1098.0	0.55721897	[4.0..4.0]	[0.7..0.7]	[5.585..5.585]	[11005.242..11005.242]	[0.216..0.216]	[1.0..1.0]	[5.585..5.585]	[11005.242..11005.242]	[0.216..0.216]	[1.0..1.0]	0.8401297	[9245.83..9245.83]
Group-1	PS 40:1:0	281.25	240116_PS_FTMSMS-_3.mzXML	25.0	267734.3	0.0	0.0	[9.0..9.0]	[0.0..1.0]	[0.893..0.928]	[239086.75..248457.44]	[0.348..0.349]	[0.79..0.84]	[0.921..0.922]	[246583.3..246851.03]	[0.353..0.354]	[0.795..0.836]	0.8195229	[195937.06..203616.56]
Group-1	PS 40:1:0	281.25	240116_PS_FTMSMS-_3.mzXML	30.0	598532.8	0.0	0.0	[9.0..9.0]	[0.0..1.0]	[0.914..0.919]	[547059.0..550051.7]	[0.368..0.368]	[0.79..0.84]	[0.918..0.918]	[549453.1..549453.1]	[0.369..0.369]	[0.795..0.836]	0.8195229	[448327.34..450779.94]
Group-1	PS 40:1:0	281.25	240116_PS_FTMSMS-_3.mzXML	35.0	759591.5	0.0	0.0	[9.0..9.0]	[0.0..1.0]	[0.904..0.932]	[686670.6..707939.25]	[0.371..0.376]	[0.79..0.84]	[0.926..0.928]	[703381.75..704900.9]	[0.376..0.377]	[0.795..0.836]	0.8195229	[562742.4..580172.44]
Group-1	PS 40:1:0	283.26	240116_PS_FTMSMS-_3.mzXML	25.0	228708.2	0.0	0.0	[0.0..0.0]	[0.0..0.0]	[0.986..0.986]	[225506.28..225506.28]	[0.681..0.681]	[0.0..0.1]	[0.986..0.986]	[225506.28..225506.28]	[0.681..0.681]	[0.0..0.097]	0.8195229	[184807.56..184807.56]
Group-1	PS 40:1:0	283.26	240116_PS_FTMSMS-_3.mzXML	30.0	558396.9	0.0	0.0	[0.0..0.0]	[0.5..0.5]	[0.973..0.973]	[543320.1..543320.1]	[0.761..0.761]	[0.0..0.1]	[0.973..0.973]	[543320.1..543320.1]	[0.761..0.761]	[0.0..0.097]	0.8195229	[445263.3..445263.3]
Group-1	PS 40:1:0	283.26	240116_PS_FTMSMS-_3.mzXML	35.0	712458.4	0.0	0.0	[0.0..0.0]	[0.0..0.5]	[0.961..0.962]	[684672.5..685384.94]	[0.788..0.79]	[0.0..0.1]	[0.961..0.961]	[684672.5..684672.5]	[0.787..0.788]	[0.0..0.097]	0.8195229	[561104.8..561688.7]
Group-1	PS 40:1:0	309.28	240116_PS_FTMSMS-_3.mzXML	25.0	10148.1	0.0	0.0	[11.0..11.0]	[0.0..1.0]	[0.901..0.939]	[9143.438..9529.065]	[0.353..0.355]	[0.82..1.0]	[0.932..0.939]	[9458.028..9529.065]	[0.361..0.361]	[0.818..1.0]	0.8195229	[7493.2573..7809.288]
Group-1	PS 40:1:0	309.28	240116_PS_FTMSMS-_3.mzXML	30.0	12472.9	0.0	0.0	[11.0..11.0]	[0.0..1.0]	[0.892..0.898]	[11125.827..11200.665]	[0.251..0.252]	[0.82..1.0]	[0.897..0.898]	[11188.191..11200.665]	[0.253..0.253]	[0.818..1.0]	0.8195229	[9117.871..9179.202]
Group-1	PS 40:1:0	309.28	240116_PS_FTMSMS-_3.mzXML	35.0	20721.3	0.0	0.0	[11.0..11.0]	[0.0..1.0]	[0.856..0.884]	[17737.434..18317.63]	[0.361..0.368]	[0.82..1.0]	[0.879..0.884]	[18214.023..18317.63]	[0.367..0.368]	[0.818..1.0]	0.8195229	[14536.232..15011.717]
Group-1	PS 40:1:0	311.29	240116_PS_FTMSMS-_3.mzXML	25.0	16928.7	0.0	0.0	[0.0..0.0]	[0.0..1.0]	[0.991..1.022]	[16776.342..17301.129]	[0.645..0.647]	[0.0..0.18]	[0.991..0.997]	[16776.342..16877.912]	[0.639..0.639]	[0.0..0.182]	0.8195229	[13748.596..14178.673]
Group-1	PS 40:1:0	311.29	240116_PS_FTMSMS-_3.mzXML	30.0	34678.0	0.0	0.0	[0.0..0.0]	[0.0..1.0]	[0.953..0.965]	[33048.133..33464.27]	[0.748..0.749]	[0.0..0.18]	[0.953..0.955]	[33048.133..33117.49]	[0.747..0.747]	[0.0..0.182]	0.8195229	[27083.703..27424.736]
Group-1	PS 40:1:0	311.29	240116_PS_FTMSMS-_3.mzXML	35.0	33652.6	0.0	0.0	[0.0..0.0]	[0.0..1.0]	[0.933..0.935]	[31397.879..31465.182]	[0.632..0.639]	[0.0..0.18]	[0.933..0.933]	[31397.879..31397.879]	[0.632..0.633]	[0.0..0.182]	0.8195229	[25731.281..25786.438]
Group-1	PS 40:1:0	337.31	240116_PS_FTMSMS-_3.mzXML	25.0	112305.2	0.0	0.0	[13.0..13.0]	[1.0..1.0]	[0.941..0.941]	[105679.195..105679.195]	[0.319..0.319]	[0.9..1.0]	[0.941..0.941]	[105679.195..105679.195]	[0.319..0.319]	[0.903..1.0]	0.8195229	[86606.52..86606.52]
Group-1	PS 40:1:0	337.31	240116_PS_FTMSMS-_3.mzXML	30.0	196401.1	0.0	0.0	[13.0..13.0]	[0.5..0.5]	[0.871..0.871]	[171065.34..171065.34]	[0.239..0.239]	[0.9..1.0]	[0.871..0.871]	[171065.34..171065.34]	[0.239..0.239]	[0.903..1.0]	0.8195229	[140191.98..140191.98]
Group-1	PS 40:1:0	337.31	240116_PS_FTMSMS-_3.mzXML	35.0	223471.0	0.0	0.0	[13.0..13.0]	[0.5..1.0]	[0.815..0.827]	[182128.86..184810.52]	[0.21..0.212]	[0.9..1.0]	[0.826..0.827]	[184587.05..184810.52]	[0.212..0.213]	[0.903..1.0]	0.8195229	[149258.78..151456.47]
Group-1	PS 40:1:0	339.32	240116_PS_FTMSMS-_3.mzXML	25.0	441189.0	0.0	0.0	[0.0..0.0]	[0.0..1.0]	[1.016..1.052]	[448248.03..464130.84]	[0.651..0.652]	[0.16..0.21]	[1.022..1.024]	[450895.12..451777.56]	[0.646..0.647]	[0.164..0.205]	0.8195229	[367349.53..380365.88]
Group-1	PS 40:1:0	339.32	240116_PS_FTMSMS-_3.mzXML	30.0	981824.0	0.0	0.0	[0.0..0.0]	[0.0..1.0]	[0.955..0.961]	[937641.9..943532.9]	[0.632..0.632]	[0.16..0.21]	[0.956..0.956]	[938623.7..938623.7]	[0.631..0.631]	[0.164..0.205]	0.8195229	[768419.0..773246.8]
Group-1	PS 40:1:0	339.32	240116_PS_FTMSMS-_3.mzXML	35.0	1276230.8	0.0	0.0	[0.0..0.0]	[0.0..1.0]	[0.912..0.921]	[1163922.5..1175408.5]	[0.624..0.629]	[0.16..0.21]	[0.913..0.914]	[1165198.6..1166474.9]	[0.623..0.624]	[0.164..0.205]	0.8195229	[953861.1..963274.25]
Group-1	PS 40:2:0	281.25	240116_PS_FTMSMS-_3.mzXML	25.0	317442.4	0.0	0.0	[9.0..9.0]	[1.0..1.0]	[0.928..0.928]	[294586.53..294586.53]	[0.358..0.358]	[0.82..0.93]	[0.928..0.928]	[294586.53..294586.53]	[0.358..0.358]	[0.816..0.932]	0.8212088	[241917.05..241917.05]
Group-1	PS 40:2:0	281.25	240116_PS_FTMSMS-_3.mzXML	30.0	608981.7	0.0	0.0	[9.0..9.0]	[0.8..0.8]	[0.915..0.915]	[557218.25..557218.25]	[0.322..0.322]	[0.82..0.93]	[0.915..0.915]	[557218.25..557218.25]	[0.322..0.322]	[0.816..0.932]	0.8212088	[457592.5..457592.5]
Group-1	PS 40:2:0	281.25	240116_PS_FTMSMS-_3.mzXML	35.0	662795.5	0.0	0.0	[9.0..9.0]	[0.8..1.0]	[0.904..0.91]	[599167.1..603143.94]	[0.31..0.311]	[0.82..0.93]	[0.909..0.91]	[602481.1..603143.94]	[0.312..0.312]	[0.816..0.932]	0.8212088	[492041.3..495307.1]
Group-1	PS 40:2:0	283.26	240116_PS_FTMSMS-_3.mzXML	25.0	269912.0	0.0	0.0	[0.0..0.0]	[0.100000024..0.100000024]	[0.988..0.988]	[266673.06..266673.06]	[0.732..0.732]	[0.0..0.0]	[0.988..0.988]	[266673.06..266673.06]	[0.732..0.732]	[0.0..0.0]	0.8212088	[218994.25..218994.25]
Group-1	PS 40:2:0	283.26	240116_PS_FTMSMS-_3.mzXML	30.0	585198.7	0.0	0.0	[0.0..0.0]	[1.0..1.0]	[0.978..0.978]	[572324.3..572324.3]	[0.772..0.772]	[0.0..0.0]	[0.978..0.978]	[572324.3..572324.3]	[0.772..0.772]	[0.0..0.0]	0.8212088	[469997.75..469997.75]
Group-1	PS 40:2:0	283.26	240116_PS_FTMSMS-_3.mzXML	35.0	708555.1	0.0	0.0	[0.0..0.0]	[0.100000024..1.0]	[0.961..0.963]	[680921.5..682338.56]	[0.791..0.795]	[0.0..0.0]	[0.961..0.961]	[680921.5..680921.5]	[0.791..0.791]	[0.0..0.0]	0.8212088	[559178.7..560342.44]
Group-1	PS 40:2:0	309.28	240116_PS_FTMSMS-_3.mzXML	25.0	62731.5	0.0	0.0	[11.0..11.0]	[0.5..0.5]	[0.953..0.953]	[59783.12..59783.12]	[0.5..0.5]	[0.5..0.5]	[0.953..0.953]	[59783.12..59783.12]	[0.5..0.5]	[0.5..0.5]	0.8212088	[49094.426..49094.426]
Group-1	PS 40:2:0	309.28	240116_PS_FTMSMS-_3.mzXML	30.0	126382.2	0.0	0.0	[11.0..11.0]	[0.5..0.5]	[0.895..0.895]	[113112.07..113112.07]	[0.5..0.5]	[0.5..0.5]	[0.895..0.895]	[113112.07..113112.07]	[0.5..0.5]	[0.5..0.5]	0.8212088	[92888.625..92888.625]
Group-1	PS 40:2:0	309.28	240116_PS_FTMSMS-_3.mzXML	35.0	148921.1	0.0	0.0	[11.0..11.0]	[0.5..0.5]	[0.848..0.848]	[126285.086..126285.086]	[0.5..0.5]	[0.5..0.5]	[0.848..0.848]	[126285.086..126285.086]	[0.5..0.5]	[0.5..0.5]	0.8212088	[103706.42..103706.42]
Group-1	PS 40:2:0	335.29	240116_PS_FTMSMS-_3.mzXML	25.0	106204.0	0.0	0.0	[13.0..13.0]	[0.9..0.9]	[0.919..0.919]	[97601.48..97601.48]	[0.268..0.268]	[1.0..1.0]	[0.919..0.919]	[97601.48..97601.48]	[0.268..0.268]	[1.0..1.0]	0.8212088	[80151.19..80151.19]
Group-1	PS 40:2:0	335.29	240116_PS_FTMSMS-_3.mzXML	30.0	194700.9	0.0	0.0	[13.0..13.0]	[0.0..0.0]	[0.867..0.867]	[168805.69..168805.69]	[0.228..0.228]	[1.0..1.0]	[0.867..0.867]	[168805.69..168805.69]	[0.228..0.228]	[1.0..1.0]	0.8212088	[138624.7..138624.7]
Group-1	PS 40:2:0	335.29	240116_PS_FTMSMS-_3.mzXML	35.0	212105.9	0.0	0.0	[13.0..13.0]	[0.0..0.9]	[0.829..0.848]	[175835.8..179865.81]	[0.205..0.209]	[1.0..1.0]	[0.848..0.848]	[179865.81..179865.81]	[0.209..0.209]	[1.0..1.0]	0.8212088	[144397.9..147707.38]
Group-1	PS 40:2:0	337.31	240116_PS_FTMSMS-_3.mzXML	25.0	586313.5	0.0	0.0	[13.0..13.0]	[0.0..0.0]	[0.901..0.901]	[528268.5..528268.5]	[0.642..0.642]	[0.07..0.18]	[0.901..0.901]	[528268.5..528268.5]	[0.642..0.642]	[0.068..0.184]	0.8212088	[433818.7..433818.7]
Group-1	PS 40:2:0	337.31	240116_PS_FTMSMS-_3.mzXML	30.0	1343010.0	0.0	0.0	[13.0..13.0]	[0.2..0.2]	[0.872..0.872]	[1171104.8..1171104.8]	[0.678..0.678]	[0.07..0.18]	[0.872..0.872]	[1171104.8..1171104.8]	[0.678..0.678]	[0.068..0.184]	0.8212088	[961721.5..961721.5]
Group-1	PS 40:2:0	337.31	240116_PS_FTMSMS-_3.mzXML	35.0	1595813.2	0.0	0.0	[13.0..13.0]	[0.0..0.2]	[0.834..0.839]	[1330908.2..1338887.2]	[0.689..0.69]	[0.07..0.18]	[0.834..0.835]	[1330908.2..1332504.0]	[0.688..0.688]	[0.068..0.184]	0.8212088	[1092953.5..1099506.0]
Group-1	PS 40:3:0	281.25	240116_PS_FTMSMS-_3.mzXML	25.0	105819.7	0.0	0.0	[9.0..9.0]	[1.0..1.0]	[0.928..0.928]	[98200.68..98200.68]	[0.516..0.516]	[0.46..0.5]	[0.928..0.928]	[98200.68..98200.68]	[0.516..0.516]	[0.464..0.5]	0.82289374	[80808.73..80808.73]
Group-1	PS 40:3:0	281.25	240116_PS_FTMSMS-_3.mzXML	30.0	209375.5	0.0	0.0	[9.0..9.0]	[1.0..1.0]	[0.914..0.914]	[191369.2..191369.2]	[0.502..0.502]	[0.46..0.5]	[0.914..0.914]	[191369.2..191369.2]	[0.502..0.502]	[0.464..0.5]	0.82289374	[157476.52..157476.52]
Group-1	PS 40:3:0	281.25	240116_PS_FTMSMS-_3.mzXML	35.0	238144.1	0.0	0.0	[9.0..9.0]	[1.0..1.0]	[0.904..0.904]	[215282.25..215282.25]	[0.5..0.5]	[0.46..0.5]	[0.904..0.904]	[215282.25..215282.25]	[0.5..0.5]	[0.464..0.5]	0.82289374	[177154.42..177154.42]
Group-1	PS 40:3:0	283.26	240116_PS_FTMSMS-_3.mzXML	25.0	1253579.6	0.0	0.0	[0.0..0.0]	[1.0..1.0]	[1.005..1.005]	[1259847.5..1259847.5]	[0.705..0.705]	[0.0..0.04]	[1.005..1.005]	[1259847.5..1259847.5]	[0.705..0.705]	[0.0..0.044]	0.82289374	[1036720.6..1036720.6]
Group-1	PS 40:3:0	283.26	240116_PS_FTMSMS-_3.mzXML	30.0	2552432.0	0.0	0.0	[0.0..0.0]	[1.0..1.0]	[0.978..0.978]	[2496278.5..2496278.5]	[0.755..0.755]	[0.0..0.04]	[0.978..0.978]	[2496278.5..2496278.5]	[0.755..0.755]	[0.0..0.044]	0.82289374	[2054171.9..2054171.9]
Group-1	PS 40:3:0	283.26	240116_PS_FTMSMS-_3.mzXML	35.0	3030582.5	0.0	0.0	[0.0..0.0]	[1.0..1.0]	[0.963..0.963]	[2918451.0..2918451.0]	[0.781..0.781]	[0.0..0.04]	[0.963..0.963]	[2918451.0..2918451.0]	[0.781..0.781]	[0.0..0.044]	0.82289374	[2401575.0..2401575.0]
Group-1	PS 40:3:0	333.28	240116_PS_FTMSMS-_3.mzXML	25.0	568209.5	0.0	0.0	[13.0..13.0]	[0.0..0.0]	[0.93..0.93]	[528434.8..528434.8]	[0.295..0.295]	[0.96..1.0]	[0.93..0.93]	[528434.8..528434.8]	[0.295..0.295]	[0.956..1.0]	0.82289374	[434845.72..434845.72]
Group-1	PS 40:3:0	333.28	240116_PS_FTMSMS-_3.mzXML	30.0	873085.8	0.0	0.0	[13.0..13.0]	[0.0..0.0]	[0.93..0.93]	[811969.8..811969.8]	[0.245..0.245]	[0.96..1.0]	[0.93..0.93]	[811969.8..811969.8]	[0.245..0.245]	[0.956..1.0]	0.82289374	[668164.9..668164.9]
Group-1	PS 40:3:0	333.28	240116_PS_FTMSMS-_3.mzXML	35.0	853455.5	0.0	0.0	[13.0..13.0]	[0.0..0.0]	[0.959..0.959]	[818463.8..818463.8]	[0.219..0.219]	[0.96..1.0]	[0.959..0.959]	[818463.8..818463.8]	[0.219..0.219]	[0.956..1.0]	0.82289374	[673508.75..673508.75]
Group-1	PS 40:3:0	335.29	240116_PS_FTMSMS-_3.mzXML	25.0	103257.0	0.0	0.0	[13.0..13.0]	[0.0..0.0]	[0.893..0.893]	[92208.49..92208.49]	[0.484..0.484]	[0.5..0.54]	[0.893..0.893]	[92208.5..92208.5]	[0.484..0.484]	[0.5..0.536]	0.82289374	[75877.8..75877.8]
Group-1	PS 40:3:0	335.29	240116_PS_FTMSMS-_3.mzXML	30.0	219304.9	0.0	0.0	[13.0..13.0]	[0.0..0.0]	[0.867..0.867]	[190137.34..190137.34]	[0.498..0.498]	[0.5..0.54]	[0.867..0.867]	[190137.34..190137.34]	[0.498..0.498]	[0.5..0.536]	0.82289374	[156462.84..156462.84]
Group-1	PS 40:3:0	335.29	240116_PS_FTMSMS-_3.mzXML	35.0	253667.7	0.0	0.0	[13.0..13.0]	[0.0..0.0]	[0.848..0.848]	[215110.2..215110.2]	[0.5..0.5]	[0.5..0.54]	[0.848..0.848]	[215110.2..215110.2]	[0.5..0.5]	[0.5..0.536]	0.82289374	[177012.84..177012.84]
Group-1	PS 40:4:0	281.25	240116_PS_FTMSMS-_3.mzXML	25.0	170974.0	0.0	0.0	[9.0..9.0]	[1.0..1.0]	[0.928..0.928]	[158663.88..158663.88]	[0.604..0.604]	[0.16..0.27]	[0.928..0.928]	[158663.88..158663.88]	[0.604..0.604]	[0.156..0.269]	0.8245947	[130833.38..130833.38]
Group-1	PS 40:4:0	281.25	240116_PS_FTMSMS-_3.mzXML	30.0	359509.1	0.0	0.0	[9.0..9.0]	[1.0..1.0]	[0.914..0.914]	[328591.3..328591.3]	[0.651..0.651]	[0.16..0.27]	[0.914..0.914]	[328591.3..328591.3]	[0.651..0.651]	[0.156..0.269]	0.8245947	[270954.62..270954.62]
Group-1	PS 40:4:0	281.25	240116_PS_FTMSMS-_3.mzXML	35.0	490619.3	0.0	0.0	[9.0..9.0]	[1.0..1.0]	[0.904..0.904]	[443519.84..443519.84]	[0.649..0.649]	[0.16..0.27]	[0.904..0.904]	[443519.84..443519.84]	[0.649..0.649]	[0.156..0.269]	0.8245947	[365724.1..365724.1]
Group-1	PS 40:4:0	283.26	240116_PS_FTMSMS-_3.mzXML	25.0	4779555.0	0.0	0.0	[0.0..0.0]	[0.0..1.0]	[0.986..1.005]	[4712641.0..4803453.0]	[0.711..0.717]	[0.0..0.02]	[0.986..0.986]	[4712641.0..4712641.0]	[0.702..0.707]	[0.0..0.017]	0.8245947	[3886018.8..3960901.5]
Group-1	PS 40:4:0	283.26	240116_PS_FTMSMS-_3.mzXML	30.0	1.05455E7	0.0	0.0	[0.0..0.0]	[0.0..1.0]	[0.968..0.978]	[1.0208044E7..1.0313499E7]	[0.755..0.764]	[0.0..0.02]	[0.968..0.968]	[1.0208044E7..1.0208044E7]	[0.753..0.761]	[0.0..0.017]	0.8245947	[8417499.0..8504456.0]
Group-1	PS 40:4:0	283.26	240116_PS_FTMSMS-_3.mzXML	35.0	1.2042824E7	0.0	0.0	[0.0..0.0]	[1.0..1.0]	[0.963..0.963]	[1.159724E7..1.159724E7]	[0.755..0.782]	[0.0..0.02]	[0.963..0.963]	[1.159724E7..1.159724E7]	[0.757..0.782]	[0.0..0.017]	0.8245947	[9563022.0..9563022.0]
Group-1	PS 40:4:0	331.26	240116_PS_FTMSMS-_3.mzXML	25.0	2055365.8	0.0	0.0	[7.0..10.0]	[0.0..1.0]	[0.904..0.952]	[1858050.8..1956708.2]	[0.283..0.289]	[0.98..1.0]	[0.952..0.972]	[1956708.2..1997815.5]	[0.293..0.298]	[0.983..1.0]	0.8245947	[1532138.6..1613491.1]
Group-1	PS 40:4:0	331.26	240116_PS_FTMSMS-_3.mzXML	30.0	3146024.8	0.0	0.0	[7.0..10.0]	[0.0..1.0]	[1.001..1.062]	[3149171.0..3341078.5]	[0.236..0.245]	[0.98..1.0]	[1.02..1.062]	[3208945.2..3341078.5]	[0.239..0.247]	[0.983..1.0]	0.8245947	[2596789.5..2755035.5]
Group-1	PS 40:4:0	331.26	240116_PS_FTMSMS-_3.mzXML	35.0	2758548.2	0.0	0.0	[7.0..10.0]	[0.0..0.0]	[1.169..1.363]	[3224743.0..3759901.2]	[0.218..0.245]	[0.98..1.0]	[1.172..1.349]	[3233018.8..3721281.5]	[0.218..0.243]	[0.983..1.0]	0.8245947	[2659106.0..3100394.8]
Group-1	PS 40:4:0	333.28	240116_PS_FTMSMS-_3.mzXML	25.0	111947.4	0.0	0.0	[13.0..13.0]	[0.0..0.0]	[0.93..0.93]	[104111.08..104111.08]	[0.396..0.396]	[0.73..0.84]	[0.93..0.93]	[104111.08..104111.08]	[0.396..0.396]	[0.731..0.844]	0.8245947	[85849.44..85849.44]
Group-1	PS 40:4:0	333.28	240116_PS_FTMSMS-_3.mzXML	30.0	189094.4	0.0	0.0	[13.0..13.0]	[0.0..0.0]	[0.93..0.93]	[175857.8..175857.8]	[0.349..0.349]	[0.73..0.84]	[0.93..0.93]	[175857.8..175857.8]	[0.349..0.349]	[0.731..0.844]	0.8245947	[145011.4..145011.4]
Group-1	PS 40:4:0	333.28	240116_PS_FTMSMS-_3.mzXML	35.0	249922.3	0.0	0.0	[13.0..13.0]	[0.0..0.0]	[0.959..0.959]	[239675.48..239675.48]	[0.351..0.351]	[0.73..0.84]	[0.959..0.959]	[239675.48..239675.48]	[0.351..0.351]	[0.731..0.844]	0.8245947	[197635.12..197635.12]
Group-1	PS 40:5:0	283.26	240116_PS_FTMSMS-_3.mzXML	25.0	7699413.0	0.0	0.0	[0.0..0.0]	[1.0..1.0]	[1.005..1.005]	[7737910.0..7737910.0]	[0.761..0.765]	[0.0..0.0]	[1.005..1.005]	[7737910.0..7737910.0]	[0.752..0.757]	[0.0..0.0]	0.8262947	[6393794.5..6393794.5]
Group-1	PS 40:5:0	283.26	240116_PS_FTMSMS-_3.mzXML	30.0	1.4062202E7	0.0	0.0	[0.0..0.0]	[0.3..1.0]	[0.971..0.978]	[1.3654398E7..1.3752833E7]	[0.743..0.787]	[0.0..0.0]	[0.971..0.971]	[1.3654398E7..1.3654398E7]	[0.774..0.786]	[0.0..0.0]	0.8262947	[1.1282557E7..1.1363893E7]
Group-1	PS 40:5:0	283.26	240116_PS_FTMSMS-_3.mzXML	35.0	1.7601056E7	0.0	0.0	[0.0..0.0]	[0.3..1.0]	[0.961..0.963]	[1.6914616E7..1.6949816E7]	[0.766..0.797]	[0.0..0.0]	[0.961..0.961]	[1.6914616E7..1.6914616E7]	[0.779..0.797]	[0.0..0.0]	0.8262947	[1.3976458E7..1.4005545E7]
Group-1	PS 40:5:0	329.25	240116_PS_FTMSMS-_3.mzXML	25.0	2215538.5	229847.9	0.10374358	[4.5..4.9]	[0.0..0.0]	[1.074..1.094]	[2379488.2..2423799.0]	[0.235..0.239]	[1.0..1.0]	[1.124..1.153]	[2490265.2..2554516.0]	[0.243..0.248]	[1.0..1.0]	0.8262947	[1966158.6..2002772.4]
Group-1	PS 40:5:0	329.25	240116_PS_FTMSMS-_3.mzXML	30.0	2302140.0	431755.1	0.1875451	[4.0..4.6]	[0.0..0.7]	[1.607..2.066]	[3699539.0..4756221.0]	[0.213..0.257]	[1.0..1.0]	[1.616..1.731]	[3720258.2..3985004.2]	[0.214..0.226]	[1.0..1.0]	0.8262947	[3056909.5..3930040.5]
Group-1	PS 40:5:0	329.25	240116_PS_FTMSMS-_3.mzXML	35.0	1559939.8	398339.2	0.2553555	[4.3..4.7]	[0.0..0.7]	[2.754..3.328]	[4296074.0..5191479.5]	[0.203..0.234]	[1.0..1.0]	[2.756..3.077]	[4299194.0..4799934.5]	[0.203..0.221]	[1.0..1.0]	0.8262947	[3549823.2..4289692.0]
Group-1	PS 40:6:0	283.26	240116_PS_FTMSMS-_3.mzXML	25.0	1.2417131E7	0.0	0.0	[0.0..0.0]	[0.100000024..1.0]	[0.988..1.005]	[1.2268125E7..1.2479217E7]	[0.754..0.762]	[0.0..0.0]	[0.988..0.988]	[1.2268125E7..1.2268125E7]	[0.751..0.751]	[0.0..0.0]	0.8280024	[1.0158037E7..1.0332821E7]
Group-1	PS 40:6:0	283.26	240116_PS_FTMSMS-_3.mzXML	30.0	2.5672044E7	0.0	0.0	[0.0..0.0]	[1.0..1.0]	[0.978..0.978]	[2.5107258E7..2.5107258E7]	[0.787..0.787]	[0.0..0.0]	[0.978..0.978]	[2.5107258E7..2.5107258E7]	[0.787..0.787]	[0.0..0.0]	0.8280024	[2.078887E7..2.078887E7]
Group-1	PS 40:6:0	283.26	240116_PS_FTMSMS-_3.mzXML	35.0	2.701384E7	0.0	0.0	[0.0..0.0]	[0.100000024..0.100000024]	[0.961..0.961]	[2.59603E7..2.59603E7]	[0.788..0.788]	[0.0..0.0]	[0.961..0.961]	[2.59603E7..2.59603E7]	[0.788..0.788]	[0.0..0.0]	0.8280024	[2.1495192E7..2.1495192E7]
Group-1	PS 40:6:0	327.23	240116_PS_FTMSMS-_3.mzXML	25.0	2909258.5	524787.6	0.18038535	[4.0..4.0]	[0.0..0.9]	[1.314..1.396]	[3822765.8..4061325.0]	[0.238..0.246]	[1.0..1.0]	[1.396..1.396]	[4061325.0..4061325.0]	[0.249..0.249]	[1.0..1.0]	0.8280024	[3165259.2..3362786.8]
Group-1	PS 40:6:0	327.23	240116_PS_FTMSMS-_3.mzXML	30.0	2767387.5	952827.8	0.3443059	[4.0..4.0]	[0.0..0.0]	[2.457..2.457]	[6799471.0..6799471.0]	[0.213..0.213]	[1.0..1.0]	[2.457..2.457]	[6799471.0..6799471.0]	[0.213..0.213]	[1.0..1.0]	0.8280024	[5629978.5..5629978.5]
Group-1	PS 40:6:0	327.23	240116_PS_FTMSMS-_3.mzXML	35.0	1243074.6	762703.2	0.61356187	[4.0..4.0]	[0.9..0.9]	[5.607..5.607]	[6969919.5..6969919.5]	[0.212..0.212]	[1.0..1.0]	[5.607..5.607]	[6969919.5..6969919.5]	[0.212..0.212]	[1.0..1.0]	0.8280024	[5771110.0..5771110.0]
Group-1	PS 40:7:0	281.25	240116_PS_FTMSMS-_3.mzXML	25.0	223038.6	0.0	0.0	[9.0..9.0]	[0.8..1.0]	[0.921..0.928]	[205418.55..206979.81]	[0.815..0.816]	[0.0..0.0]	[0.921..0.921]	[205418.55..205418.55]	[0.814..0.814]	[0.0..0.0]	0.8297263	[170441.17..171736.6]
Group-1	PS 40:7:0	281.25	240116_PS_FTMSMS-_3.mzXML	30.0	343570.6	0.0	0.0	[9.0..9.0]	[0.8..0.8]	[0.915..0.915]	[314367.1..314367.1]	[0.811..0.811]	[0.0..0.0]	[0.915..0.915]	[314367.1..314367.1]	[0.811..0.811]	[0.0..0.0]	0.8297263	[260838.66..260838.66]
Group-1	PS 40:7:0	281.25	240116_PS_FTMSMS-_3.mzXML	35.0	387179.1	0.0	0.0	[9.0..9.0]	[1.0..1.0]	[0.904..0.904]	[350009.9..350009.9]	[0.846..0.846]	[0.0..0.0]	[0.904..0.904]	[350009.9..350009.9]	[0.846..0.846]	[0.0..0.0]	0.8297263	[290412.4..290412.4]
Group-1	PS 40:7:0	303.23	240116_PS_FTMSMS-_3.mzXML	25.0	40140.1	0.0	0.0	[5.0..8.0]	[1.0..1.0]	[0.996..1.036]	[39979.54..41585.145]	[0.904..0.907]	[0.0..0.0]	[0.965..0.998]	[38735.195..40059.824]	[0.899..0.901]	[0.0..0.0]	0.8297263	[33172.074..34504.29]
Group-1	PS 40:7:0	303.23	240116_PS_FTMSMS-_3.mzXML	30.0	79218.3	0.0	0.0	[5.0..8.0]	[1.0..1.0]	[1.142..1.33]	[90467.29..105360.336]	[0.924..0.927]	[0.0..0.0]	[1.147..1.333]	[90863.38..105597.984]	[0.925..0.927]	[0.0..0.0]	0.8297263	[75063.086..87420.234]
Group-1	PS 40:7:0	303.23	240116_PS_FTMSMS-_3.mzXML	35.0	71305.9	0.0	0.0	[5.0..8.0]	[1.0..1.0]	[1.444..1.906]	[102965.72..135909.05]	[0.917..0.918]	[0.0..0.0]	[1.462..1.927]	[104249.23..137406.47]	[0.919..0.92]	[0.0..0.0]	0.8297263	[85433.37..112767.305]
Group-1	PS 40:7:0	305.25	240116_PS_FTMSMS-_3.mzXML	25.0	4644.6	0.0	0.0	[5.0..11.0]	[0.0..0.0]	[0.909..0.917]	[4221.942..4259.098]	[0.093..0.096]	[1.0..1.0]	[0.94..0.95]	[4365.9243..4412.37]	[0.099..0.101]	[1.0..1.0]	0.8297263	[3503.0557..3533.8857]
Group-1	PS 40:7:0	305.25	240116_PS_FTMSMS-_3.mzXML	30.0	7732.9	0.0	0.0	[5.0..11.0]	[0.0..0.0]	[0.959..1.078]	[7415.851..8336.066]	[0.073..0.076]	[1.0..1.0]	[0.957..1.075]	[7400.3853..8312.868]	[0.073..0.075]	[1.0..1.0]	0.8297263	[6153.1265..6916.653]
Group-1	PS 40:7:0	305.25	240116_PS_FTMSMS-_3.mzXML	35.0	9013.7	0.0	0.0	[5.0..11.0]	[0.0..0.0]	[1.031..1.339]	[9293.125..12069.345]	[0.082..0.083]	[1.0..1.0]	[1.014..1.322]	[9139.893..11916.112]	[0.08..0.081]	[1.0..1.0]	0.8297263	[7710.75..10014.252]
Group-1	PS 40:7:0	327.23	240116_PS_FTMSMS-_3.mzXML	25.0	35333.3	6496.9	0.1838747	[4.0..4.0]	[0.0..0.2]	[1.314..1.332]	[46427.957..47063.957]	[0.184..0.185]	[1.0..1.0]	[1.332..1.332]	[47063.957..47063.957]	[0.186..0.186]	[1.0..1.0]	0.8297263	[38522.496..39050.203]
Group-1	PS 40:7:0	327.23	240116_PS_FTMSMS-_3.mzXML	30.0	29759.8	11241.5	0.3777411	[4.0..4.0]	[0.2..0.2]	[2.468..2.468]	[73447.19..73447.19]	[0.189..0.189]	[1.0..1.0]	[2.468..2.468]	[73447.19..73447.19]	[0.189..0.189]	[1.0..1.0]	0.8297263	[60941.06..60941.06]
Group-1	PS 40:7:0	327.23	240116_PS_FTMSMS-_3.mzXML	35.0	11587.1	8897.5	0.76787984	[4.0..4.0]	[0.0..0.0]	[5.509..5.509]	[63833.33..63833.33]	[0.154..0.154]	[1.0..1.0]	[5.509..5.509]	[63833.33..63833.33]	[0.154..0.154]	[1.0..1.0]	0.8297263	[52964.19..52964.19]
Group-1	PS 40:8:0	279.23	240116_PS_FTMSMS-_3.mzXML	25.0	3309.6	0.0	0.0	[9.0..9.0]	[1.0..1.0]	[0.909..0.909]	[3008.427..3008.427]	[1.0..1.0]	[0.0..0.0]	[0.909..0.909]	[3008.4265..3008.4265]	[1.0..1.0]	[0.0..0.0]	0.8314494	[2501.3542..2501.3542]
Group-1	PS 40:8:0	279.23	240116_PS_FTMSMS-_3.mzXML	30.0	3856.3	0.0	0.0	[9.0..9.0]	[1.0..1.0]	[0.919..0.919]	[3543.94..3543.94]	[1.0..1.0]	[0.0..0.0]	[0.919..0.919]	[3543.94..3543.94]	[1.0..1.0]	[0.0..0.0]	0.8314494	[2946.6067..2946.6067]
Group-1	PS 40:8:0	279.23	240116_PS_FTMSMS-_3.mzXML	35.0	5186.3	0.0	0.0	[9.0..9.0]	[1.0..1.0]	[0.95..0.95]	[4926.985..4926.985]	[1.0..1.0]	[0.0..0.0]	[0.95..0.95]	[4926.985..4926.985]	[1.0..1.0]	[0.0..0.0]	0.8314494	[4096.5386..4096.5386]
Group-1	PS 40:8:0	303.23	240116_PS_FTMSMS-_3.mzXML	25.0	6351.1	0.0	0.0	[5.0..8.0]	[0.5..0.5]	[1.018..1.018]	[6465.42..6465.42]	[0.5..0.5]	[0.5..0.5]	[1.018..1.018]	[6465.42..6465.42]	[0.5..0.5]	[0.5..0.5]	0.8314494	[5375.6694..5375.6694]
Group-1	PS 40:8:0	303.23	240116_PS_FTMSMS-_3.mzXML	30.0	9992.1	0.0	0.0	[5.0..8.0]	[0.5..0.5]	[1.306..1.306]	[13049.682..13049.682]	[0.5..0.5]	[0.5..0.5]	[1.306..1.306]	[13049.682..13049.682]	[0.5..0.5]	[0.5..0.5]	0.8314494	[10850.149..10850.149]
Group-1	PS 40:8:0	303.23	240116_PS_FTMSMS-_3.mzXML	35.0	7573.1	0.0	0.0	[5.0..8.0]	[0.5..0.5]	[1.856..1.856]	[14055.674..14055.674]	[0.5..0.5]	[0.5..0.5]	[1.856..1.856]	[14055.674..14055.674]	[0.5..0.5]	[0.5..0.5]	0.8314494	[11686.581..11686.581]
Group-1	PS 40:8:0	327.23	240116_PS_FTMSMS-_3.mzXML	25.0	0.0	0.0	0.0	[4.0..4.0]	[0.0..0.0]	[1.314..1.314]	[0.0..0.0]	[0.0..0.0]	[1.0..1.0]	[1.314..1.314]	[0.0..0.0]	[0.0..0.0]	[1.0..1.0]	0.8314494	[0.0..0.0]
Group-1	PS 40:8:0	327.23	240116_PS_FTMSMS-_3.mzXML	30.0	0.0	0.0	0.0	[4.0..4.0]	[0.0..0.0]	[2.457..2.457]	[0.0..0.0]	[0.0..0.0]	[1.0..1.0]	[2.457..2.457]	[0.0..0.0]	[0.0..0.0]	[1.0..1.0]	0.8314494	[0.0..0.0]
Group-1	PS 40:8:0	327.23	240116_PS_FTMSMS-_3.mzXML	35.0	0.0	0.0	0.0	[4.0..4.0]	[0.0..0.0]	[5.509..5.509]	[0.0..0.0]	[0.0..0.0]	[1.0..1.0]	[5.509..5.509]	[0.0..0.0]	[0.0..0.0]	[1.0..1.0]	0.8314494	[0.0..0.0]
Group-1	PS 41:0:0	283.26	240116_PS_FTMSMS-_3.mzXML	25.0	250439.7	0.0	0.0	[0.0..0.0]	[0.0..1.0]	[0.986..1.005]	[246933.55..251691.9]	[0.993..0.993]	[0.0..0.0]	[0.986..0.986]	[246933.55..246933.55]	[0.993..0.993]	[0.0..0.0]	0.8064056	[199128.6..202965.77]
Group-1	PS 41:0:0	283.26	240116_PS_FTMSMS-_3.mzXML	30.0	835186.0	0.0	0.0	[0.0..0.0]	[0.0..1.0]	[0.968..0.978]	[808460.06..816811.9]	[1.0..1.0]	[0.0..0.0]	[0.968..0.968]	[808460.06..808460.06]	[1.0..1.0]	[0.0..0.0]	0.8064056	[651946.75..658681.7]
Group-1	PS 41:0:0	283.26	240116_PS_FTMSMS-_3.mzXML	35.0	1031763.4	0.0	0.0	[0.0..0.0]	[0.0..1.0]	[0.961..0.963]	[991524.6..993588.1]	[0.999..0.999]	[0.0..0.0]	[0.961..0.961]	[991524.6..991524.6]	[0.999..0.999]	[0.0..0.0]	0.8064056	[799571.0..801235.0]
Group-1	PS 41:0:0	353.34	240116_PS_FTMSMS-_3.mzXML	25.0	1697.0	0.0	0.0	[0.0..0.0]	[0.0..1.0]	[1.036..1.072]	[1758.092..1819.184]	[0.007..0.007]	[1.0..1.0]	[1.072..1.072]	[1819.1841..1819.1841]	[0.007..0.007]	[1.0..1.0]	0.8064056	[1417.7352..1467.0002]
Group-1	PS 41:0:0	353.34	240116_PS_FTMSMS-_3.mzXML	30.0	-1.8	0.0	-0.0	[0.0..0.0]	[0.0..1.0]	[0.962..0.963]	[-1.733..-1.732]	[-0.0..-0.0]	[1.0..1.0]	[0.963..0.963]	[-1.7334..-1.7334]	[-0.0..-0.0]	[1.0..1.0]	0.8064056	[-1.3978235..-1.396372]
Group-1	PS 41:0:0	353.34	240116_PS_FTMSMS-_3.mzXML	35.0	1264.0	0.0	0.0	[0.0..0.0]	[0.0..1.0]	[0.903..0.919]	[1141.392..1161.616]	[0.001..0.001]	[1.0..1.0]	[0.919..0.919]	[1161.6161..1161.6161]	[0.001..0.001]	[1.0..1.0]	0.8064056	[920.4249..936.7337]
Group-1	PS 41:1:0	281.25	240116_PS_FTMSMS-_3.mzXML	25.0	48601.6	0.0	0.0	[9.0..9.0]	[0.0..1.0]	[0.893..0.928]	[43401.23..45102.285]	[0.266..0.267]	[1.0..1.0]	[0.928..0.928]	[45102.285..45102.285]	[0.273..0.273]	[1.0..1.0]	0.8080254	[35069.297..36443.793]
Group-1	PS 41:1:0	281.25	240116_PS_FTMSMS-_3.mzXML	30.0	23690.1	0.0	0.0	[9.0..9.0]	[0.0..1.0]	[0.914..0.919]	[21652.75..21771.203]	[0.085..0.085]	[1.0..1.0]	[0.919..0.919]	[21771.203..21771.203]	[0.085..0.085]	[1.0..1.0]	0.8080254	[17495.973..17591.686]
Group-1	PS 41:1:0	281.25	240116_PS_FTMSMS-_3.mzXML	35.0	50055.7	0.0	0.0	[9.0..9.0]	[0.0..1.0]	[0.904..0.932]	[45250.35..46651.91]	[0.149..0.15]	[1.0..1.0]	[0.932..0.932]	[46651.91..46651.91]	[0.152..0.152]	[1.0..1.0]	0.8080254	[36563.434..37695.93]
Group-1	PS 41:1:0	353.34	240116_PS_FTMSMS-_3.mzXML	25.0	115684.1	0.0	0.0	[0.0..0.0]	[0.0..1.0]	[1.036..1.072]	[119848.734..124013.36]	[0.733..0.734]	[0.0..0.0]	[1.036..1.036]	[119848.734..119848.734]	[0.727..0.727]	[0.0..0.0]	0.8080254	[96840.82..100205.945]
Group-1	PS 41:1:0	353.34	240116_PS_FTMSMS-_3.mzXML	30.0	242749.4	0.0	0.0	[0.0..0.0]	[0.0..1.0]	[0.962..0.963]	[233524.94..233767.66]	[0.915..0.915]	[0.0..0.0]	[0.962..0.962]	[233524.94..233524.94]	[0.915..0.915]	[0.0..0.0]	0.8080254	[188694.08..188890.22]
Group-1	PS 41:1:0	353.34	240116_PS_FTMSMS-_3.mzXML	35.0	287260.5	0.0	0.0	[0.0..0.0]	[0.0..1.0]	[0.903..0.919]	[259396.23..263992.4]	[0.85..0.851]	[0.0..0.0]	[0.903..0.903]	[259396.23..259396.23]	[0.848..0.848]	[0.0..0.0]	0.8080254	[209598.75..213312.58]
Group-1	PS 41:2:0	281.25	240116_PS_FTMSMS-_3.mzXML	25.0	306040.6	0.0	0.0	[9.0..9.0]	[1.0..1.0]	[0.928..0.928]	[284005.66..284005.66]	[0.812..0.812]	[0.0..0.0]	[0.928..0.928]	[284005.66..284005.66]	[0.812..0.812]	[0.0..0.0]	0.8096523	[229945.84..229945.84]
Group-1	PS 41:2:0	281.25	240116_PS_FTMSMS-_3.mzXML	30.0	1181091.8	0.0	0.0	[9.0..9.0]	[1.0..1.0]	[0.914..0.914]	[1079517.9..1079517.9]	[0.864..0.864]	[0.0..0.0]	[0.914..0.914]	[1079517.9..1079517.9]	[0.864..0.864]	[0.0..0.0]	0.8096523	[874034.1..874034.1]
Group-1	PS 41:2:0	281.25	240116_PS_FTMSMS-_3.mzXML	35.0	1717778.0	0.0	0.0	[9.0..9.0]	[1.0..1.0]	[0.904..0.904]	[1552871.2..1552871.2]	[0.907..0.907]	[0.0..0.0]	[0.904..0.904]	[1552871.2..1552871.2]	[0.907..0.907]	[0.0..0.0]	0.8096523	[1257285.9..1257285.9]
Group-1	PS 41:2:0	351.33	240116_PS_FTMSMS-_3.mzXML	25.0	73442.1	0.0	0.0	[13.0..13.0]	[0.0..0.0]	[0.896..0.896]	[65804.125..65804.125]	[0.188..0.188]	[1.0..1.0]	[0.896..0.896]	[65804.125..65804.125]	[0.188..0.188]	[1.0..1.0]	0.8096523	[53278.465..53278.465]
Group-1	PS 41:2:0	351.33	240116_PS_FTMSMS-_3.mzXML	30.0	199010.4	0.0	0.0	[13.0..13.0]	[0.0..0.0]	[0.856..0.856]	[170352.9..170352.9]	[0.136..0.136]	[1.0..1.0]	[0.856..0.856]	[170352.9..170352.9]	[0.136..0.136]	[1.0..1.0]	0.8096523	[137926.62..137926.62]
Group-1	PS 41:2:0	351.33	240116_PS_FTMSMS-_3.mzXML	35.0	195350.6	0.0	0.0	[13.0..13.0]	[0.0..0.0]	[0.815..0.815]	[159210.73..159210.73]	[0.093..0.093]	[1.0..1.0]	[0.815..0.815]	[159210.73..159210.73]	[0.093..0.093]	[1.0..1.0]	0.8096523	[128905.34..128905.34]
Group-1	PS 41:3:0	281.25	240116_PS_FTMSMS-_3.mzXML	25.0	131122.6	0.0	0.0	[9.0..9.0]	[1.0..1.0]	[0.928..0.928]	[121681.766..121681.766]	[0.95..0.95]	[0.0..0.0]	[0.928..0.928]	[121681.766..121681.766]	[0.95..0.95]	[0.0..0.0]	0.81129444	[98719.734..98719.734]
Group-1	PS 41:3:0	281.25	240116_PS_FTMSMS-_3.mzXML	30.0	471931.3	0.0	0.0	[9.0..9.0]	[1.0..1.0]	[0.914..0.914]	[431345.22..431345.22]	[0.981..0.981]	[0.0..0.0]	[0.914..0.914]	[431345.22..431345.22]	[0.981..0.981]	[0.0..0.0]	0.81129444	[349947.97..349947.97]
Group-1	PS 41:3:0	281.25	240116_PS_FTMSMS-_3.mzXML	35.0	766474.0	0.0	0.0	[9.0..9.0]	[1.0..1.0]	[0.904..0.904]	[692892.5..692892.5]	[0.986..0.986]	[0.0..0.0]	[0.904..0.904]	[692892.5..692892.5]	[0.986..0.986]	[0.0..0.0]	0.81129444	[562139.8..562139.8]
Group-1	PS 41:3:0	283.26	240116_PS_FTMSMS-_3.mzXML	25.0	120707.9	0.0	0.0	[0.0..0.0]	[1.0..1.0]	[1.005..1.005]	[121311.44..121311.44]	[0.937..0.937]	[0.0..0.0]	[1.005..1.005]	[121311.44..121311.44]	[0.937..0.937]	[0.0..0.0]	0.81129444	[98419.3..98419.3]
Group-1	PS 41:3:0	283.26	240116_PS_FTMSMS-_3.mzXML	30.0	301613.9	0.0	0.0	[0.0..0.0]	[1.0..1.0]	[0.978..0.978]	[294978.4..294978.4]	[0.946..0.946]	[0.0..0.0]	[0.978..0.978]	[294978.4..294978.4]	[0.946..0.946]	[0.0..0.0]	0.81129444	[239314.33..239314.33]
Group-1	PS 41:3:0	283.26	240116_PS_FTMSMS-_3.mzXML	35.0	404996.9	0.0	0.0	[0.0..0.0]	[1.0..1.0]	[0.963..0.963]	[390012.03..390012.03]	[0.959..0.959]	[0.0..0.0]	[0.963..0.963]	[390012.03..390012.03]	[0.959..0.959]	[0.0..0.0]	0.81129444	[316414.6..316414.6]
Group-1	PS 41:3:0	297.28	240116_PS_FTMSMS-_3.mzXML	25.0	0.0	0.0	0.0	[0.0..0.0]	[1.0..1.0]	[1.012..1.012]	[0.0..0.0]	[0.5..0.5]	[0.26..0.5]	[1.012..1.012]	[0.0..0.0]	[0.5..0.5]	[0.258..0.5]	0.81129444	[0.0..0.0]
Group-1	PS 41:3:0	297.28	240116_PS_FTMSMS-_3.mzXML	30.0	7768.9	0.0	0.0	[0.0..0.0]	[1.0..1.0]	[0.97..0.97]	[7535.833..7535.833]	[0.564..0.564]	[0.26..0.5]	[0.97..0.97]	[7535.833..7535.833]	[0.564..0.564]	[0.258..0.5]	0.81129444	[6113.7793..6113.7793]
Group-1	PS 41:3:0	297.28	240116_PS_FTMSMS-_3.mzXML	35.0	11655.4	0.0	0.0	[0.0..0.0]	[1.0..1.0]	[0.947..0.947]	[11037.664..11037.664]	[0.606..0.606]	[0.26..0.5]	[0.947..0.947]	[11037.664..11037.664]	[0.606..0.606]	[0.258..0.5]	0.81129444	[8954.796..8954.796]
Group-1	PS 41:3:0	333.28	240116_PS_FTMSMS-_3.mzXML	25.0	0.0	0.0	0.0	[13.0..13.0]	[0.0..0.0]	[0.93..0.93]	[0.0..0.0]	[0.0..0.0]	[0.65..1.0]	[0.93..0.93]	[0.0..0.0]	[0.0..0.0]	[0.646..1.0]	0.81129444	[0.0..0.0]
Group-1	PS 41:3:0	333.28	240116_PS_FTMSMS-_3.mzXML	30.0	6262.0	0.0	0.0	[13.0..13.0]	[0.0..0.0]	[0.93..0.93]	[5823.66..5823.66]	[0.436..0.436]	[0.65..1.0]	[0.93..0.93]	[5823.66..5823.66]	[0.436..0.436]	[0.646..1.0]	0.81129444	[4724.703..4724.703]
Group-1	PS 41:3:0	333.28	240116_PS_FTMSMS-_3.mzXML	35.0	7493.3	0.0	0.0	[13.0..13.0]	[0.0..0.0]	[0.959..0.959]	[7186.074..7186.074]	[0.394..0.394]	[0.65..1.0]	[0.959..0.959]	[7186.074..7186.074]	[0.394..0.394]	[0.646..1.0]	0.81129444	[5830.0225..5830.0225]
Group-1	PS 41:3:0	347.3	240116_PS_FTMSMS-_3.mzXML	25.0	9005.0	0.0	0.0	[13.0..13.0]	[0.0..0.0]	[0.906..0.906]	[8158.531..8158.531]	[0.063..0.063]	[1.0..1.0]	[0.906..0.906]	[8158.5303..8158.5303]	[0.063..0.063]	[1.0..1.0]	0.81129444	[6618.97..6618.97]
Group-1	PS 41:3:0	347.3	240116_PS_FTMSMS-_3.mzXML	30.0	19039.9	0.0	0.0	[13.0..13.0]	[0.0..0.0]	[0.891..0.891]	[16964.55..16964.55]	[0.054..0.054]	[1.0..1.0]	[0.891..0.891]	[16964.55..16964.55]	[0.054..0.054]	[1.0..1.0]	0.81129444	[13763.245..13763.245]
Group-1	PS 41:3:0	347.3	240116_PS_FTMSMS-_3.mzXML	35.0	18406.4	0.0	0.0	[13.0..13.0]	[0.0..0.0]	[0.907..0.907]	[16694.605..16694.605]	[0.041..0.041]	[1.0..1.0]	[0.907..0.907]	[16694.605..16694.605]	[0.041..0.041]	[1.0..1.0]	0.81129444	[13544.24..13544.24]
Group-1	PS 41:3:0	349.31	240116_PS_FTMSMS-_3.mzXML	25.0	7359.9	0.0	0.0	[13.0..13.0]	[0.0..0.0]	[0.878..0.878]	[6461.992..6461.992]	[0.05..0.05]	[1.0..1.0]	[0.878..0.878]	[6461.992..6461.992]	[0.05..0.05]	[1.0..1.0]	0.81129444	[5242.5786..5242.5786]
Group-1	PS 41:3:0	349.31	240116_PS_FTMSMS-_3.mzXML	30.0	10162.0	0.0	0.0	[13.0..13.0]	[0.0..0.0]	[0.841..0.841]	[8546.242..8546.242]	[0.019..0.019]	[1.0..1.0]	[0.841..0.841]	[8546.242..8546.242]	[0.019..0.019]	[1.0..1.0]	0.81129444	[6933.5186..6933.5186]
Group-1	PS 41:3:0	349.31	240116_PS_FTMSMS-_3.mzXML	35.0	12340.7	0.0	0.0	[13.0..13.0]	[0.0..0.0]	[0.814..0.814]	[10045.33..10045.33]	[0.014..0.014]	[1.0..1.0]	[0.814..0.814]	[10045.33..10045.33]	[0.014..0.014]	[1.0..1.0]	0.81129444	[8149.72..8149.72]
Group-1	PS 41:4:0	281.25	240116_PS_FTMSMS-_3.mzXML	25.0	40293.9	0.0	0.0	[9.0..9.0]	[1.0..1.0]	[0.928..0.928]	[37392.74..37392.74]	[0.913..0.913]	[0.0..0.0]	[0.928..0.928]	[37392.74..37392.74]	[0.913..0.913]	[0.0..0.0]	0.81293565	[30397.889..30397.889]
Group-1	PS 41:4:0	281.25	240116_PS_FTMSMS-_3.mzXML	30.0	88280.7	0.0	0.0	[9.0..9.0]	[1.0..1.0]	[0.914..0.914]	[80688.56..80688.56]	[0.92..0.92]	[0.0..0.0]	[0.914..0.914]	[80688.56..80688.56]	[0.92..0.92]	[0.0..0.0]	0.81293565	[65594.61..65594.61]
Group-1	PS 41:4:0	281.25	240116_PS_FTMSMS-_3.mzXML	35.0	110345.4	0.0	0.0	[9.0..9.0]	[1.0..1.0]	[0.904..0.904]	[99752.24..99752.24]	[0.931..0.931]	[0.0..0.0]	[0.904..0.904]	[99752.24..99752.24]	[0.931..0.931]	[0.0..0.0]	0.81293565	[81092.16..81092.16]
Group-1	PS 41:4:0	283.26	240116_PS_FTMSMS-_3.mzXML	25.0	70219.1	0.0	0.0	[0.0..0.0]	[0.100000024..1.0]	[0.988..1.005]	[69376.47..70570.195]	[0.961..0.968]	[0.0..0.0]	[0.988..0.988]	[69376.47..69376.47]	[0.967..0.967]	[0.0..0.0]	0.81293565	[56398.605..57369.027]
Group-1	PS 41:4:0	283.26	240116_PS_FTMSMS-_3.mzXML	30.0	166432.0	0.0	0.0	[0.0..0.0]	[0.100000024..1.0]	[0.969..0.978]	[161272.61..162770.5]	[0.975..0.978]	[0.0..0.0]	[0.969..0.969]	[161272.61..161272.61]	[0.977..0.978]	[0.0..0.0]	0.81293565	[131104.25..132321.94]
Group-1	PS 41:4:0	283.26	240116_PS_FTMSMS-_3.mzXML	35.0	211647.5	0.0	0.0	[0.0..0.0]	[1.0..1.0]	[0.963..0.963]	[203816.55..203816.55]	[0.982..0.984]	[0.0..0.0]	[0.963..0.963]	[203816.55..203816.55]	[0.982..0.984]	[0.0..0.0]	0.81293565	[165689.73..165689.73]
Group-1	PS 41:4:0	295.26	240116_PS_FTMSMS-_3.mzXML	25.0	2536.6	0.0	0.0	[9.0..9.0]	[1.0..1.0]	[0.925..0.925]	[2346.355..2346.355]	[1.0..1.0]	[0.0..0.0]	[0.925..0.925]	[2346.3552..2346.3552]	[1.0..1.0]	[0.0..0.0]	0.81293565	[1907.4357..1907.4357]
Group-1	PS 41:4:0	295.26	240116_PS_FTMSMS-_3.mzXML	30.0	6100.8	0.0	0.0	[9.0..9.0]	[1.0..1.0]	[0.898..0.898]	[5478.518..5478.518]	[0.748..0.748]	[0.0..0.0]	[0.898..0.898]	[5478.518..5478.518]	[0.748..0.748]	[0.0..0.0]	0.81293565	[4453.6826..4453.6826]
Group-1	PS 41:4:0	295.26	240116_PS_FTMSMS-_3.mzXML	35.0	6965.4	0.0	0.0	[9.0..9.0]	[1.0..1.0]	[0.88..0.88]	[6129.552..6129.552]	[0.73..0.73]	[0.0..0.0]	[0.88..0.88]	[6129.552..6129.552]	[0.73..0.73]	[0.0..0.0]	0.81293565	[4982.931..4982.931]
Group-1	PS 41:4:0	297.28	240116_PS_FTMSMS-_3.mzXML	25.0	10213.9	0.0	0.0	[0.0..0.0]	[1.0..1.0]	[1.012..1.012]	[10336.467..10336.467]	[0.529..0.534]	[0.24..0.42]	[1.012..1.012]	[10336.467..10336.467]	[0.428..0.444]	[0.237..0.424]	0.81293565	[8402.883..8402.883]
Group-1	PS 41:4:0	297.28	240116_PS_FTMSMS-_3.mzXML	30.0	19808.4	0.0	0.0	[0.0..0.0]	[1.0..1.0]	[0.97..0.97]	[19214.148..19214.148]	[0.6..0.615]	[0.24..0.42]	[0.97..0.97]	[19214.148..19214.148]	[0.561..0.564]	[0.237..0.424]	0.81293565	[15619.867..15619.867]
Group-1	PS 41:4:0	297.28	240116_PS_FTMSMS-_3.mzXML	35.0	23031.6	0.0	0.0	[0.0..0.0]	[1.0..1.0]	[0.947..0.947]	[21810.926..21810.926]	[0.615..0.651]	[0.24..0.42]	[0.947..0.947]	[21810.926..21810.926]	[0.6..0.63]	[0.237..0.424]	0.81293565	[17730.879..17730.879]
Group-1	PS 41:4:0	303.23	240116_PS_FTMSMS-_3.mzXML	25.0	2314.0	0.0	0.0	[5.0..8.0]	[0.0..1.0]	[0.965..1.036]	[2233.01..2397.304]	[0.406..0.415]	[0.71..1.0]	[1.036..1.402]	[2397.304..3244.2278]	[0.423..0.496]	[0.709..1.0]	0.81293565	[1815.2933..1948.8539]
Group-1	PS 41:4:0	303.23	240116_PS_FTMSMS-_3.mzXML	30.0	2255.4	0.0	0.0	[5.0..8.0]	[0.0..1.0]	[1.147..1.33]	[2586.944..2999.682]	[0.246..0.273]	[0.71..1.0]	[1.33..1.368]	[2999.682..3085.3872]	[0.275..0.28]	[0.709..1.0]	0.81293565	[2103.0188..2438.5483]
Group-1	PS 41:4:0	303.23	240116_PS_FTMSMS-_3.mzXML	35.0	0.0	0.0	0.0	[5.0..8.0]	[0.0..1.0]	[1.462..1.906]	[0.0..0.0]	[0.0..0.0]	[0.71..1.0]	[1.57..1.906]	[0.0..0.0]	[0.0..0.0]	[0.709..1.0]	0.81293565	[0.0..0.0]
Group-1	PS 41:4:0	325.31	240116_PS_FTMSMS-_3.mzXML	25.0	3264.6	0.0	0.0	[0.0..0.0]	[0.0..1.0]	[1.001..1.035]	[3267.865..3378.861]	[0.585..0.594]	[0.0..0.29]	[1.001..1.011]	[3267.8647..3300.5107]	[0.504..0.577]	[0.0..0.291]	0.81293565	[2656.564..2746.7966]
Group-1	PS 41:4:0	325.31	240116_PS_FTMSMS-_3.mzXML	30.0	8313.5	0.0	0.0	[0.0..0.0]	[0.0..1.0]	[0.952..0.962]	[7914.452..7997.587]	[0.727..0.754]	[0.0..0.29]	[0.952..0.955]	[7914.452..7939.3926]	[0.72..0.725]	[0.0..0.291]	0.81293565	[6433.94..6501.5234]
Group-1	PS 41:4:0	325.31	240116_PS_FTMSMS-_3.mzXML	35.0	12689.6	0.0	0.0	[0.0..0.0]	[0.0..1.0]	[0.922..0.927]	[11699.811..11763.259]	[1.0..1.0]	[0.0..0.29]	[0.922..0.923]	[11699.811..11712.5]	[1.0..1.0]	[0.0..0.291]	0.81293565	[9511.193..9562.772]
Group-1	PS 41:4:0	331.26	240116_PS_FTMSMS-_3.mzXML	25.0	9995.0	0.0	0.0	[7.0..10.0]	[0.0..0.0]	[0.904..0.921]	[9035.479..9205.396]	[0.466..0.471]	[0.58..0.76]	[1.296..1.383]	[12953.5205..13823.085]	[0.556..0.572]	[0.576..0.763]	0.81293565	[7345.2637..7483.394]
Group-1	PS 41:4:0	331.26	240116_PS_FTMSMS-_3.mzXML	30.0	12039.0	0.0	0.0	[7.0..10.0]	[0.0..0.0]	[1.001..1.066]	[12051.04..12833.574]	[0.385..0.4]	[0.58..0.76]	[1.232..1.248]	[14832.048..15024.672]	[0.436..0.439]	[0.576..0.763]	0.81293565	[9796.72..10432.87]
Group-1	PS 41:4:0	331.26	240116_PS_FTMSMS-_3.mzXML	35.0	10022.9	0.0	0.0	[7.0..10.0]	[0.0..0.0]	[1.169..1.363]	[11716.771..13661.214]	[0.349..0.385]	[0.58..0.76]	[1.278..1.452]	[12809.267..14553.252]	[0.37..0.4]	[0.576..0.763]	0.81293565	[9524.98..11105.6875]
Group-1	PS 41:4:0	333.28	240116_PS_FTMSMS-_3.mzXML	25.0	0.0	0.0	0.0	[13.0..13.0]	[0.0..0.0]	[0.93..0.93]	[0.0..0.0]	[0.0..0.0]	[1.0..1.0]	[0.93..0.93]	[0.0..0.0]	[0.0..0.0]	[1.0..1.0]	0.81293565	[0.0..0.0]
Group-1	PS 41:4:0	333.28	240116_PS_FTMSMS-_3.mzXML	30.0	1982.7	0.0	0.0	[13.0..13.0]	[0.0..0.0]	[0.93..0.93]	[1843.911..1843.911]	[0.252..0.252]	[1.0..1.0]	[0.93..0.93]	[1843.911..1843.911]	[0.252..0.252]	[1.0..1.0]	0.81293565	[1498.981..1498.981]
Group-1	PS 41:4:0	333.28	240116_PS_FTMSMS-_3.mzXML	35.0	2362.7	0.0	0.0	[13.0..13.0]	[0.0..0.0]	[0.959..0.959]	[2265.829..2265.829]	[0.27..0.27]	[1.0..1.0]	[0.959..0.959]	[2265.8293..2265.8293]	[0.27..0.27]	[1.0..1.0]	0.81293565	[1841.9734..1841.9734]
Group-1	PS 41:4:0	345.28	240116_PS_FTMSMS-_3.mzXML	25.0	2616.5	0.0	0.0	[7.0..10.0]	[0.0..0.9]	[0.874..1.082]	[2286.821..2831.053]	[0.032..0.039]	[1.0..1.0]	[0.903..0.917]	[2362.6995..2399.3306]	[0.033..0.033]	[1.0..1.0]	0.81293565	[1859.0383..2301.4639]
Group-1	PS 41:4:0	345.28	240116_PS_FTMSMS-_3.mzXML	30.0	3833.0	0.0	0.0	[7.0..10.0]	[0.0..0.9]	[0.948..1.091]	[3633.684..4181.803]	[0.022..0.025]	[1.0..1.0]	[0.946..1.004]	[3626.0178..3848.3318]	[0.022..0.023]	[1.0..1.0]	0.81293565	[2953.9514..3399.5366]
Group-1	PS 41:4:0	345.28	240116_PS_FTMSMS-_3.mzXML	35.0	3020.1	0.0	0.0	[7.0..10.0]	[0.0..0.0]	[1.088..1.269]	[3285.869..3832.507]	[0.016..0.018]	[1.0..1.0]	[1.081..1.254]	[3264.728..3787.2053]	[0.016..0.018]	[1.0..1.0]	0.81293565	[2671.2..3115.5815]
Group-1	PS 41:4:0	347.3	240116_PS_FTMSMS-_3.mzXML	25.0	3933.4	0.0	0.0	[13.0..13.0]	[0.0..0.0]	[0.906..0.906]	[3563.661..3563.661]	[0.087..0.087]	[1.0..1.0]	[0.906..0.906]	[3563.6604..3563.6604]	[0.087..0.087]	[1.0..1.0]	0.81293565	[2897.0266..2897.0266]
Group-1	PS 41:4:0	347.3	240116_PS_FTMSMS-_3.mzXML	30.0	7839.4	0.0	0.0	[13.0..13.0]	[0.0..0.0]	[0.891..0.891]	[6984.906..6984.906]	[0.08..0.08]	[1.0..1.0]	[0.891..0.891]	[6984.9053..6984.9053]	[0.08..0.08]	[1.0..1.0]	0.81293565	[5678.2783..5678.2783]
Group-1	PS 41:4:0	347.3	240116_PS_FTMSMS-_3.mzXML	35.0	8191.1	0.0	0.0	[13.0..13.0]	[0.0..0.0]	[0.907..0.907]	[7429.328..7429.328]	[0.069..0.069]	[1.0..1.0]	[0.907..0.907]	[7429.3276..7429.3276]	[0.069..0.069]	[1.0..1.0]	0.81293565	[6039.5654..6039.5654]
Group-1	PS 41:5:0	297.28	240116_PS_FTMSMS-_3.mzXML	25.0	8827.3	0.0	0.0	[0.0..0.0]	[1.0..1.0]	[1.012..1.012]	[8933.228..8933.228]	[0.431..0.446]	[0.42..0.62]	[1.012..1.012]	[8933.228..8933.228]	[0.33..0.349]	[0.42..0.62]	0.81459224	[7276.9375..7276.9375]
Group-1	PS 41:5:0	297.28	240116_PS_FTMSMS-_3.mzXML	30.0	18430.1	0.0	0.0	[0.0..0.0]	[1.0..1.0]	[0.97..0.97]	[17877.197..17877.197]	[0.485..0.545]	[0.42..0.62]	[0.97..0.97]	[17877.197..17877.197]	[0.433..0.495]	[0.42..0.62]	0.81459224	[14562.627..14562.627]
Group-1	PS 41:5:0	297.28	240116_PS_FTMSMS-_3.mzXML	35.0	19671.2	0.0	0.0	[0.0..0.0]	[1.0..1.0]	[0.947..0.947]	[18628.627..18628.627]	[0.535..0.638]	[0.42..0.62]	[0.947..0.947]	[18628.627..18628.627]	[0.512..0.617]	[0.42..0.62]	0.81459224	[15174.734..15174.734]
Group-1	PS 41:5:0	329.25	240116_PS_FTMSMS-_3.mzXML	25.0	10794.4	0.0	0.0	[4.0..7.0]	[0.0..0.0]	[1.028..1.094]	[11096.644..11809.074]	[0.554..0.569]	[0.38..0.58]	[1.545..1.683]	[16677.348..18166.975]	[0.651..0.67]	[0.38..0.58]	0.81459224	[9039.24..9619.58]
Group-1	PS 41:5:0	329.25	240116_PS_FTMSMS-_3.mzXML	30.0	11053.7	0.0	0.0	[4.0..7.0]	[0.0..0.0]	[1.352..1.717]	[14944.603..18979.203]	[0.455..0.515]	[0.38..0.58]	[1.652..2.118]	[18260.713..23411.738]	[0.505..0.567]	[0.38..0.58]	0.81459224	[12173.758..15460.3125]
Group-1	PS 41:5:0	329.25	240116_PS_FTMSMS-_3.mzXML	35.0	5262.6	2700.3	0.5131114	[4.0..4.0]	[0.0..0.0]	[2.01..3.073]	[10577.826..16171.97]	[0.362..0.465]	[0.38..0.58]	[2.195..3.368]	[11551.407..17724.438]	[0.383..0.488]	[0.38..0.58]	0.81459224	[8616.615..13173.561]
Group-1	PS 41:6:0	297.28	240116_PS_FTMSMS-_3.mzXML	25.0	16701.2	0.0	0.0	[0.0..0.0]	[1.0..1.0]	[1.012..1.012]	[16901.613..16901.613]	[0.49..0.49]	[0.0..0.52]	[1.012..1.012]	[16901.613..16901.613]	[0.49..0.49]	[0.0..0.522]	0.81624794	[13795.906..13795.906]
Group-1	PS 41:6:0	297.28	240116_PS_FTMSMS-_3.mzXML	30.0	29701.3	0.0	0.0	[0.0..0.0]	[1.0..1.0]	[0.97..0.97]	[28810.262..28810.262]	[0.545..0.545]	[0.0..0.52]	[0.97..0.97]	[28810.262..28810.262]	[0.545..0.545]	[0.0..0.522]	0.81624794	[23516.316..23516.316]
Group-1	PS 41:6:0	297.28	240116_PS_FTMSMS-_3.mzXML	35.0	37620.5	0.0	0.0	[0.0..0.0]	[1.0..1.0]	[0.947..0.947]	[35626.613..35626.613]	[1.0..1.0]	[0.0..0.52]	[0.947..0.947]	[35626.613..35626.613]	[1.0..1.0]	[0.0..0.522]	0.81624794	[29080.15..29080.15]
Group-1	PS 41:6:0	327.23	240116_PS_FTMSMS-_3.mzXML	25.0	13386.1	0.0	0.0	[4.0..4.0]	[0.0..0.0]	[1.314..1.314]	[17589.336..17589.336]	[0.51..0.51]	[0.48..1.0]	[1.314..1.314]	[17589.336..17589.336]	[0.51..0.51]	[0.478..1.0]	0.81624794	[14357.258..14357.258]
Group-1	PS 41:6:0	327.23	240116_PS_FTMSMS-_3.mzXML	30.0	9801.1	0.0	0.0	[4.0..4.0]	[0.0..0.0]	[2.457..2.457]	[24081.303..24081.303]	[0.455..0.455]	[0.48..1.0]	[2.457..2.457]	[24081.303..24081.303]	[0.455..0.455]	[0.478..1.0]	0.81624794	[19656.312..19656.312]
Group-1	PS 41:6:0	327.23	240116_PS_FTMSMS-_3.mzXML	35.0	0.0	0.0	0.0	[4.0..4.0]	[0.0..0.0]	[5.509..5.509]	[0.0..0.0]	[0.0..0.0]	[0.48..1.0]	[5.509..5.509]	[0.0..0.0]	[0.0..0.0]	[0.478..1.0]	0.81624794	[0.0..0.0]
Group-1	PS 42:1:0	281.25	240116_PS_FTMSMS-_3.mzXML	25.0	268402.4	0.0	0.0	[9.0..9.0]	[0.0..1.0]	[0.893..0.928]	[239683.34..249077.42]	[0.532..0.534]	[0.34..0.42]	[0.905..0.908]	[242904.17..243709.39]	[0.531..0.531]	[0.336..0.424]	0.7968794	[190998.72..198484.67]
Group-1	PS 42:1:0	281.25	240116_PS_FTMSMS-_3.mzXML	30.0	750287.4	0.0	0.0	[9.0..9.0]	[0.0..1.0]	[0.914..0.919]	[685762.6..689514.1]	[0.565..0.566]	[0.34..0.42]	[0.916..0.916]	[687263.25..687263.25]	[0.565..0.565]	[0.336..0.424]	0.7968794	[546470.1..549459.6]
Group-1	PS 42:1:0	281.25	240116_PS_FTMSMS-_3.mzXML	35.0	856660.9	0.0	0.0	[9.0..9.0]	[0.0..1.0]	[0.904..0.932]	[774421.44..798407.94]	[0.572..0.573]	[0.34..0.42]	[0.914..0.916]	[782988.0..784701.4]	[0.571..0.571]	[0.336..0.424]	0.7968794	[617120.5..636234.9]
Group-1	PS 42:1:0	283.26	240116_PS_FTMSMS-_3.mzXML	25.0	718802.8	0.0	0.0	[0.0..0.0]	[1.0..1.0]	[1.005..1.005]	[722396.8..722396.8]	[0.988..0.988]	[0.0..0.0]	[1.005..1.005]	[722396.8..722396.8]	[0.988..0.988]	[0.0..0.0]	0.7968794	[575663.2..575663.2]
Group-1	PS 42:1:0	283.26	240116_PS_FTMSMS-_3.mzXML	30.0	1988335.2	0.0	0.0	[0.0..0.0]	[1.0..1.0]	[0.978..0.978]	[1944591.9..1944591.9]	[1.0..1.0]	[0.0..0.0]	[0.978..0.978]	[1944591.9..1944591.9]	[1.0..1.0]	[0.0..0.0]	0.7968794	[1549605.1..1549605.1]
Group-1	PS 42:1:0	283.26	240116_PS_FTMSMS-_3.mzXML	35.0	2627879.5	0.0	0.0	[0.0..0.0]	[1.0..1.0]	[0.963..0.963]	[2530648.0..2530648.0]	[0.997..0.997]	[0.0..0.0]	[0.963..0.963]	[2530648.0..2530648.0]	[0.997..0.997]	[0.0..0.0]	0.7968794	[2016621.2..2016621.2]
Group-1	PS 42:1:0	365.34	240116_PS_FTMSMS-_3.mzXML	25.0	9859.5	0.0	0.0	[15.0..15.0]	[0.0..0.0]	[0.914..0.914]	[9011.583..9011.583]	[0.012..0.012]	[1.0..1.0]	[0.914..0.914]	[9011.583..9011.583]	[0.012..0.012]	[1.0..1.0]	0.7968794	[7181.1445..7181.1445]
Group-1	PS 42:1:0	365.34	240116_PS_FTMSMS-_3.mzXML	30.0	-1.8	0.0	-0.0	[15.0..15.0]	[0.0..0.0]	[0.867..0.867]	[-1.561..-1.561]	[-0.0..-0.0]	[1.0..1.0]	[0.867..0.867]	[-1.5605999..-1.5605999]	[-0.0..-0.0]	[1.0..1.0]	0.7968794	[-1.2436099..-1.2436099]
Group-1	PS 42:1:0	365.34	240116_PS_FTMSMS-_3.mzXML	35.0	8788.2	0.0	0.0	[15.0..15.0]	[0.0..0.0]	[0.821..0.821]	[7215.113..7215.113]	[0.003..0.003]	[1.0..1.0]	[0.821..0.821]	[7215.1123..7215.1123]	[0.003..0.003]	[1.0..1.0]	0.7968794	[5749.574..5749.574]
Group-1	PS 42:1:0	367.36	240116_PS_FTMSMS-_3.mzXML	25.0	198383.2	0.0	0.0	[0.0..0.0]	[0.0..1.0]	[1.062..1.095]	[210682.97..217229.61]	[0.466..0.468]	[0.58..0.66]	[1.081..1.084]	[214452.23..215047.39]	[0.469..0.469]	[0.576..0.664]	0.7968794	[167888.92..173105.8]
Group-1	PS 42:1:0	367.36	240116_PS_FTMSMS-_3.mzXML	30.0	544632.0	0.0	0.0	[0.0..0.0]	[0.0..1.0]	[0.967..0.974]	[526659.1..530471.56]	[0.434..0.435]	[0.58..0.66]	[0.971..0.972]	[528837.7..529382.3]	[0.435..0.435]	[0.576..0.664]	0.7968794	[419683.84..422721.88]
Group-1	PS 42:1:0	367.36	240116_PS_FTMSMS-_3.mzXML	35.0	646926.5	0.0	0.0	[0.0..0.0]	[0.0..1.0]	[0.897..0.92]	[580293.06..595172.4]	[0.427..0.428]	[0.58..0.66]	[0.91..0.912]	[588703.1..589996.94]	[0.429..0.429]	[0.576..0.664]	0.7968794	[462423.6..474280.62]
Group-1	PS 42:2:0	281.25	240116_PS_FTMSMS-_3.mzXML	25.0	317316.0	0.0	0.0	[9.0..9.0]	[1.0..1.0]	[0.928..0.928]	[294469.25..294469.25]	[0.36..0.36]	[0.76..0.81]	[0.928..0.928]	[294469.25..294469.25]	[0.36..0.36]	[0.76..0.812]	0.79845804	[235121.33..235121.33]
Group-1	PS 42:2:0	281.25	240116_PS_FTMSMS-_3.mzXML	30.0	725886.1	0.0	0.0	[9.0..9.0]	[1.0..1.0]	[0.914..0.914]	[663459.9..663459.9]	[0.37..0.37]	[0.76..0.81]	[0.914..0.914]	[663459.9..663459.9]	[0.37..0.37]	[0.76..0.812]	0.79845804	[529744.9..529744.9]
Group-1	PS 42:2:0	281.25	240116_PS_FTMSMS-_3.mzXML	35.0	932820.5	0.0	0.0	[9.0..9.0]	[1.0..1.0]	[0.904..0.904]	[843269.7..843269.7]	[0.386..0.386]	[0.76..0.81]	[0.904..0.904]	[843269.7..843269.7]	[0.386..0.386]	[0.76..0.812]	0.79845804	[673315.44..673315.44]
Group-1	PS 42:2:0	283.26	240116_PS_FTMSMS-_3.mzXML	25.0	86865.9	0.0	0.0	[0.0..0.0]	[1.0..1.0]	[1.005..1.005]	[87300.23..87300.23]	[0.896..0.896]	[0.0..0.0]	[1.005..1.005]	[87300.23..87300.23]	[0.896..0.896]	[0.0..0.0]	0.79845804	[69705.57..69705.57]
Group-1	PS 42:2:0	283.26	240116_PS_FTMSMS-_3.mzXML	30.0	236851.5	0.0	0.0	[0.0..0.0]	[1.0..1.0]	[0.978..0.978]	[231640.77..231640.77]	[0.949..0.949]	[0.0..0.0]	[0.978..0.978]	[231640.77..231640.77]	[0.949..0.949]	[0.0..0.0]	0.79845804	[184955.44..184955.44]
Group-1	PS 42:2:0	283.26	240116_PS_FTMSMS-_3.mzXML	35.0	466695.1	0.0	0.0	[0.0..0.0]	[1.0..1.0]	[0.963..0.963]	[449427.38..449427.38]	[0.976..0.976]	[0.0..0.0]	[0.963..0.963]	[449427.38..449427.38]	[0.976..0.976]	[0.0..0.0]	0.79845804	[358848.88..358848.88]
Group-1	PS 42:2:0	309.28	240116_PS_FTMSMS-_3.mzXML	25.0	9923.3	0.0	0.0	[11.0..11.0]	[1.0..1.0]	[0.939..0.939]	[9317.979..9317.979]	[0.453..0.453]	[0.6..0.83]	[0.939..0.939]	[9317.979..9317.979]	[0.453..0.453]	[0.605..0.828]	0.79845804	[7440.0146..7440.0146]
Group-1	PS 42:2:0	309.28	240116_PS_FTMSMS-_3.mzXML	30.0	16308.6	0.0	0.0	[11.0..11.0]	[0.19999999..0.19999999]	[0.897..0.897]	[14628.814..14628.814]	[0.356..0.356]	[0.6..0.83]	[0.897..0.897]	[14628.814..14628.814]	[0.356..0.356]	[0.605..0.828]	0.79845804	[11680.494..11680.494]
Group-1	PS 42:2:0	309.28	240116_PS_FTMSMS-_3.mzXML	35.0	24849.2	0.0	0.0	[11.0..11.0]	[0.19999999..1.0]	[0.856..0.879]	[21270.914..21842.447]	[0.427..0.427]	[0.6..0.83]	[0.87..0.875]	[21618.803..21743.049]	[0.43..0.43]	[0.605..0.828]	0.79845804	[16983.934..17440.277]
Group-1	PS 42:2:0	337.31	240116_PS_FTMSMS-_3.mzXML	25.0	12482.0	0.0	0.0	[13.0..13.0]	[0.0..0.0]	[0.901..0.901]	[11246.282..11246.282]	[0.547..0.547]	[0.17..0.4]	[0.901..0.901]	[11246.282..11246.282]	[0.547..0.547]	[0.172..0.395]	0.79845804	[8979.685..8979.685]
Group-1	PS 42:2:0	337.31	240116_PS_FTMSMS-_3.mzXML	30.0	30375.9	0.0	0.0	[13.0..13.0]	[0.8..0.8]	[0.87..0.87]	[26427.033..26427.033]	[0.644..0.644]	[0.17..0.4]	[0.87..0.87]	[26427.033..26427.033]	[0.644..0.644]	[0.172..0.395]	0.79845804	[21100.879..21100.879]
Group-1	PS 42:2:0	337.31	240116_PS_FTMSMS-_3.mzXML	35.0	34867.3	0.0	0.0	[13.0..13.0]	[0.0..0.8]	[0.82..0.839]	[28591.186..29253.664]	[0.573..0.573]	[0.17..0.4]	[0.823..0.828]	[28695.79..28870.125]	[0.57..0.57]	[0.172..0.395]	0.79845804	[22828.861..23357.824]
Group-1	PS 42:2:0	363.32	240116_PS_FTMSMS-_3.mzXML	25.0	10989.2	0.0	0.0	[15.0..15.0]	[0.0..0.0]	[0.92..0.92]	[10110.064..10110.064]	[0.104..0.104]	[1.0..1.0]	[0.92..0.92]	[10110.064..10110.064]	[0.104..0.104]	[1.0..1.0]	0.79845804	[8072.462..8072.462]
Group-1	PS 42:2:0	363.32	240116_PS_FTMSMS-_3.mzXML	30.0	14316.8	0.0	0.0	[15.0..15.0]	[0.0..0.0]	[0.874..0.874]	[12512.883..12512.883]	[0.051..0.051]	[1.0..1.0]	[0.874..0.874]	[12512.883..12512.883]	[0.051..0.051]	[1.0..1.0]	0.79845804	[9991.013..9991.013]
Group-1	PS 42:2:0	363.32	240116_PS_FTMSMS-_3.mzXML	35.0	13044.6	0.0	0.0	[15.0..15.0]	[0.0..0.0]	[0.84..0.84]	[10957.463..10957.463]	[0.024..0.024]	[1.0..1.0]	[0.84..0.84]	[10957.463..10957.463]	[0.024..0.024]	[1.0..1.0]	0.79845804	[8749.074..8749.074]
Group-1	PS 42:2:0	365.34	240116_PS_FTMSMS-_3.mzXML	25.0	573729.2	0.0	0.0	[15.0..15.0]	[0.0..0.0]	[0.914..0.914]	[524388.44..524388.44]	[0.64..0.64]	[0.19..0.24]	[0.914..0.914]	[524388.44..524388.44]	[0.64..0.64]	[0.188..0.24]	0.79845804	[418702.2..418702.2]
Group-1	PS 42:2:0	365.34	240116_PS_FTMSMS-_3.mzXML	30.0	1301570.8	0.0	0.0	[15.0..15.0]	[0.0..0.0]	[0.867..0.867]	[1128461.9..1128461.9]	[0.63..0.63]	[0.19..0.24]	[0.867..0.867]	[1128461.9..1128461.9]	[0.63..0.63]	[0.188..0.24]	0.79845804	[901029.44..901029.44]
Group-1	PS 42:2:0	365.34	240116_PS_FTMSMS-_3.mzXML	35.0	1634707.8	0.0	0.0	[15.0..15.0]	[0.0..0.0]	[0.821..0.821]	[1342095.0..1342095.0]	[0.614..0.614]	[0.19..0.24]	[0.821..0.821]	[1342095.0..1342095.0]	[0.614..0.614]	[0.188..0.24]	0.79845804	[1071606.5..1071606.5]
Group-1	PS 42:3:0	281.25	240116_PS_FTMSMS-_3.mzXML	25.0	63802.4	0.0	0.0	[9.0..9.0]	[1.0..1.0]	[0.928..0.928]	[59208.625..59208.625]	[0.53..0.53]	[0.0..0.43]	[0.928..0.928]	[59208.625..59208.625]	[0.53..0.53]	[0.0..0.433]	0.80005133	[47369.94..47369.94]
Group-1	PS 42:3:0	281.25	240116_PS_FTMSMS-_3.mzXML	30.0	260569.2	0.0	0.0	[9.0..9.0]	[1.0..1.0]	[0.914..0.914]	[238160.25..238160.25]	[0.707..0.707]	[0.0..0.43]	[0.914..0.914]	[238160.25..238160.25]	[0.707..0.707]	[0.0..0.433]	0.80005133	[190540.42..190540.42]
Group-1	PS 42:3:0	281.25	240116_PS_FTMSMS-_3.mzXML	35.0	454947.1	0.0	0.0	[9.0..9.0]	[1.0..1.0]	[0.904..0.904]	[411272.16..411272.16]	[0.781..0.781]	[0.0..0.43]	[0.904..0.904]	[411272.16..411272.16]	[0.781..0.781]	[0.0..0.433]	0.80005133	[329038.84..329038.84]
Group-1	PS 42:3:0	283.26	240116_PS_FTMSMS-_3.mzXML	25.0	223852.3	0.0	0.0	[0.0..0.0]	[1.0..1.0]	[1.005..1.005]	[224971.56..224971.56]	[0.776..0.776]	[0.0..0.0]	[1.005..1.005]	[224971.56..224971.56]	[0.776..0.776]	[0.0..0.0]	0.80005133	[179988.8..179988.8]
Group-1	PS 42:3:0	283.26	240116_PS_FTMSMS-_3.mzXML	30.0	783467.0	0.0	0.0	[0.0..0.0]	[1.0..1.0]	[0.978..0.978]	[766230.6..766230.6]	[0.878..0.878]	[0.0..0.0]	[0.978..0.978]	[766230.7..766230.7]	[0.878..0.878]	[0.0..0.0]	0.80005133	[613023.9..613023.9]
Group-1	PS 42:3:0	283.26	240116_PS_FTMSMS-_3.mzXML	35.0	1393281.2	0.0	0.0	[0.0..0.0]	[1.0..1.0]	[0.963..0.963]	[1341729.9..1341729.9]	[0.928..0.928]	[0.0..0.0]	[0.963..0.963]	[1341729.9..1341729.9]	[0.928..0.928]	[0.0..0.0]	0.80005133	[1073452.8..1073452.8]
Group-1	PS 42:3:0	361.3	240116_PS_FTMSMS-_3.mzXML	25.0	67143.5	0.0	0.0	[15.0..15.0]	[0.0..0.0]	[0.968..0.968]	[64994.906..64994.906]	[0.224..0.224]	[1.0..1.0]	[0.968..0.968]	[64994.906..64994.906]	[0.224..0.224]	[1.0..1.0]	0.80005133	[51999.26..51999.26]
Group-1	PS 42:3:0	361.3	240116_PS_FTMSMS-_3.mzXML	30.0	112267.2	0.0	0.0	[15.0..15.0]	[0.0..0.0]	[0.945..0.945]	[106092.51..106092.51]	[0.122..0.122]	[1.0..1.0]	[0.945..0.945]	[106092.51..106092.51]	[0.122..0.122]	[1.0..1.0]	0.80005133	[84879.445..84879.445]
Group-1	PS 42:3:0	361.3	240116_PS_FTMSMS-_3.mzXML	35.0	108319.6	0.0	0.0	[15.0..15.0]	[0.0..0.0]	[0.954..0.954]	[103336.9..103336.9]	[0.072..0.072]	[1.0..1.0]	[0.954..0.954]	[103336.9..103336.9]	[0.072..0.072]	[1.0..1.0]	0.80005133	[82674.83..82674.83]
Group-1	PS 42:3:0	363.32	240116_PS_FTMSMS-_3.mzXML	25.0	56966.0	0.0	0.0	[15.0..15.0]	[0.0..0.0]	[0.92..0.92]	[52408.723..52408.723]	[0.47..0.47]	[0.57..1.0]	[0.92..0.92]	[52408.723..52408.723]	[0.47..0.47]	[0.567..1.0]	0.80005133	[41929.664..41929.664]
Group-1	PS 42:3:0	363.32	240116_PS_FTMSMS-_3.mzXML	30.0	113150.0	0.0	0.0	[15.0..15.0]	[0.0..0.0]	[0.874..0.874]	[98893.1..98893.1]	[0.293..0.293]	[0.57..1.0]	[0.874..0.874]	[98893.1..98893.1]	[0.293..0.293]	[0.567..1.0]	0.80005133	[79119.555..79119.555]
Group-1	PS 42:3:0	363.32	240116_PS_FTMSMS-_3.mzXML	35.0	137171.8	0.0	0.0	[15.0..15.0]	[0.0..0.0]	[0.84..0.84]	[115224.305..115224.305]	[0.219..0.219]	[0.57..1.0]	[0.84..0.84]	[115224.305..115224.305]	[0.219..0.219]	[0.567..1.0]	0.80005133	[92185.36..92185.36]
Group-1	PS 42:4:0	281.25	240116_PS_FTMSMS-_3.mzXML	25.0	48558.9	0.0	0.0	[9.0..9.0]	[1.0..1.0]	[0.928..0.928]	[45062.656..45062.656]	[0.411..0.411]	[0.13..0.7]	[0.928..0.928]	[45062.656..45062.656]	[0.411..0.411]	[0.132..0.698]	0.80165154	[36124.547..36124.547]
Group-1	PS 42:4:0	281.25	240116_PS_FTMSMS-_3.mzXML	30.0	145362.6	0.0	0.0	[9.0..9.0]	[1.0..1.0]	[0.914..0.914]	[132861.4..132861.4]	[0.526..0.526]	[0.13..0.7]	[0.914..0.914]	[132861.4..132861.4]	[0.526..0.526]	[0.132..0.698]	0.80165154	[106508.555..106508.555]
Group-1	PS 42:4:0	281.25	240116_PS_FTMSMS-_3.mzXML	35.0	278387.3	0.0	0.0	[9.0..9.0]	[1.0..1.0]	[0.904..0.904]	[251662.12..251662.12]	[0.661..0.661]	[0.13..0.7]	[0.904..0.904]	[251662.12..251662.12]	[0.661..0.661]	[0.132..0.698]	0.80165154	[201745.33..201745.33]
Group-1	PS 42:4:0	283.26	240116_PS_FTMSMS-_3.mzXML	25.0	648300.4	0.0	0.0	[0.0..0.0]	[0.0..0.0]	[0.986..0.986]	[639224.2..639224.2]	[0.731..0.731]	[0.0..0.0]	[0.986..0.986]	[639224.2..639224.2]	[0.731..0.731]	[0.0..0.0]	0.80165154	[512435.03..512435.03]
Group-1	PS 42:4:0	283.26	240116_PS_FTMSMS-_3.mzXML	30.0	1370141.9	0.0	0.0	[0.0..0.0]	[1.0..1.0]	[0.978..0.978]	[1339998.8..1339998.8]	[0.783..0.783]	[0.0..0.0]	[0.978..0.978]	[1339998.8..1339998.8]	[0.783..0.783]	[0.0..0.0]	0.80165154	[1074212.1..1074212.1]
Group-1	PS 42:4:0	283.26	240116_PS_FTMSMS-_3.mzXML	35.0	1713143.2	0.0	0.0	[0.0..0.0]	[0.0..1.0]	[0.961..0.963]	[1646330.8..1649757.0]	[0.792..0.793]	[0.0..0.0]	[0.961..0.961]	[1646330.8..1646330.8]	[0.791..0.791]	[0.0..0.0]	0.80165154	[1319783.5..1322530.1]
Group-1	PS 42:4:0	309.28	240116_PS_FTMSMS-_3.mzXML	25.0	7846.3	0.0	0.0	[11.0..11.0]	[1.0..1.0]	[0.939..0.939]	[7367.676..7367.676]	[1.0..1.0]	[0.0..0.32]	[0.939..0.939]	[7367.676..7367.676]	[1.0..1.0]	[0.0..0.324]	0.80165154	[5906.3086..5906.3086]
Group-1	PS 42:4:0	309.28	240116_PS_FTMSMS-_3.mzXML	30.0	21631.0	0.0	0.0	[11.0..11.0]	[1.0..1.0]	[0.892..0.892]	[19294.852..19294.852]	[0.617..0.617]	[0.0..0.32]	[0.892..0.892]	[19294.852..19294.852]	[0.617..0.617]	[0.0..0.324]	0.80165154	[15467.747..15467.747]
Group-1	PS 42:4:0	309.28	240116_PS_FTMSMS-_3.mzXML	35.0	25612.9	0.0	0.0	[11.0..11.0]	[1.0..1.0]	[0.856..0.856]	[21924.643..21924.643]	[0.577..0.577]	[0.0..0.32]	[0.856..0.856]	[21924.643..21924.643]	[0.577..0.577]	[0.0..0.324]	0.80165154	[17575.924..17575.924]
Group-1	PS 42:4:0	333.28	240116_PS_FTMSMS-_3.mzXML	25.0	0.0	0.0	0.0	[13.0..13.0]	[0.0..0.0]	[0.93..0.93]	[0.0..0.0]	[0.0..0.0]	[0.68..1.0]	[0.93..0.93]	[0.0..0.0]	[0.0..0.0]	[0.676..1.0]	0.80165154	[0.0..0.0]
Group-1	PS 42:4:0	333.28	240116_PS_FTMSMS-_3.mzXML	30.0	12891.3	0.0	0.0	[13.0..13.0]	[0.0..0.0]	[0.93..0.93]	[11988.909..11988.909]	[0.383..0.383]	[0.68..1.0]	[0.93..0.93]	[11988.909..11988.909]	[0.383..0.383]	[0.676..1.0]	0.80165154	[9610.927..9610.927]
Group-1	PS 42:4:0	333.28	240116_PS_FTMSMS-_3.mzXML	35.0	16737.5	0.0	0.0	[13.0..13.0]	[0.0..0.0]	[0.959..0.959]	[16051.263..16051.263]	[0.423..0.423]	[0.68..1.0]	[0.959..0.959]	[16051.263..16051.263]	[0.423..0.423]	[0.676..1.0]	0.80165154	[12867.52..12867.52]
Group-1	PS 42:4:0	359.3	240116_PS_FTMSMS-_3.mzXML	25.0	270088.0	0.0	0.0	[9.0..9.0]	[1.0..1.0]	[0.869..0.869]	[234706.48..234706.48]	[0.269..0.269]	[1.0..1.0]	[0.869..0.869]	[234706.48..234706.48]	[0.269..0.269]	[1.0..1.0]	0.80165154	[188152.8..188152.8]
Group-1	PS 42:4:0	359.3	240116_PS_FTMSMS-_3.mzXML	30.0	411715.7	0.0	0.0	[9.0..9.0]	[0.0..0.0]	[0.902..0.902]	[371367.56..371367.56]	[0.217..0.217]	[1.0..1.0]	[0.902..0.902]	[371367.56..371367.56]	[0.217..0.217]	[1.0..1.0]	0.80165154	[297707.34..297707.34]
Group-1	PS 42:4:0	359.3	240116_PS_FTMSMS-_3.mzXML	35.0	415785.9	0.0	0.0	[9.0..9.0]	[0.0..1.0]	[1.031..1.044]	[428675.28..434080.5]	[0.207..0.208]	[1.0..1.0]	[1.044..1.044]	[434080.5..434080.5]	[0.209..0.209]	[1.0..1.0]	0.80165154	[343648.2..347981.28]
Group-1	PS 42:4:0	361.3	240116_PS_FTMSMS-_3.mzXML	25.0	66639.5	0.0	0.0	[15.0..15.0]	[0.0..0.0]	[0.968..0.968]	[64507.035..64507.035]	[0.589..0.589]	[0.3..0.87]	[0.968..0.968]	[64507.035..64507.035]	[0.589..0.589]	[0.302..0.868]	0.80165154	[51712.164..51712.164]
Group-1	PS 42:4:0	361.3	240116_PS_FTMSMS-_3.mzXML	30.0	126447.0	0.0	0.0	[15.0..15.0]	[0.0..0.0]	[0.945..0.945]	[119492.414..119492.414]	[0.474..0.474]	[0.3..0.87]	[0.945..0.945]	[119492.414..119492.414]	[0.474..0.474]	[0.302..0.868]	0.80165154	[95791.27..95791.27]
Group-1	PS 42:4:0	361.3	240116_PS_FTMSMS-_3.mzXML	35.0	135351.8	0.0	0.0	[15.0..15.0]	[0.0..0.0]	[0.954..0.954]	[129125.62..129125.62]	[0.339..0.339]	[0.3..0.87]	[0.954..0.954]	[129125.62..129125.62]	[0.339..0.339]	[0.302..0.868]	0.80165154	[103513.75..103513.75]
Group-1	PS 42:5:0	281.25	240116_PS_FTMSMS-_3.mzXML	25.0	173664.9	0.0	0.0	[9.0..9.0]	[1.0..1.0]	[0.928..0.928]	[161161.03..161161.03]	[0.55..0.55]	[0.31..0.39]	[0.928..0.928]	[161161.03..161161.03]	[0.55..0.55]	[0.306..0.389]	0.8032428	[129451.445..129451.445]
Group-1	PS 42:5:0	281.25	240116_PS_FTMSMS-_3.mzXML	30.0	397643.1	0.0	0.0	[9.0..9.0]	[1.0..1.0]	[0.914..0.914]	[363445.78..363445.78]	[0.564..0.564]	[0.31..0.39]	[0.914..0.914]	[363445.78..363445.78]	[0.564..0.564]	[0.306..0.389]	0.8032428	[291935.2..291935.2]
Group-1	PS 42:5:0	281.25	240116_PS_FTMSMS-_3.mzXML	35.0	475121.7	0.0	0.0	[9.0..9.0]	[1.0..1.0]	[0.904..0.904]	[429510.03..429510.03]	[0.585..0.585]	[0.31..0.39]	[0.904..0.904]	[429510.0..429510.0]	[0.585..0.585]	[0.306..0.389]	0.8032428	[345000.8..345000.8]
Group-1	PS 42:5:0	283.26	240116_PS_FTMSMS-_3.mzXML	25.0	388489.2	0.0	0.0	[0.0..0.0]	[1.0..1.0]	[1.005..1.005]	[390431.62..390431.62]	[0.788..0.79]	[0.0..0.0]	[1.005..1.005]	[390431.62..390431.62]	[0.786..0.788]	[0.0..0.0]	0.8032428	[313611.4..313611.4]
Group-1	PS 42:5:0	283.26	240116_PS_FTMSMS-_3.mzXML	30.0	925968.6	0.0	0.0	[0.0..0.0]	[1.0..1.0]	[0.978..0.978]	[905597.3..905597.3]	[0.797..0.817]	[0.0..0.0]	[0.978..0.978]	[905597.3..905597.3]	[0.798..0.819]	[0.0..0.0]	0.8032428	[727414.5..727414.5]
Group-1	PS 42:5:0	283.26	240116_PS_FTMSMS-_3.mzXML	35.0	1184795.4	0.0	0.0	[0.0..0.0]	[1.0..1.0]	[0.963..0.963]	[1140958.0..1140958.0]	[0.813..0.85]	[0.0..0.0]	[0.963..0.963]	[1140958.0..1140958.0]	[0.813..0.85]	[0.0..0.0]	0.8032428	[916466.25..916466.25]
Group-1	PS 42:5:0	357.28	240116_PS_FTMSMS-_3.mzXML	25.0	109203.7	0.0	0.0	[6.0..9.0]	[0.0..0.0]	[0.952..0.961]	[103961.93..104944.76]	[0.21..0.212]	[1.0..1.0]	[0.962..0.975]	[105053.96..106473.61]	[0.212..0.214]	[1.0..1.0]	0.8032428	[83506.664..84296.125]
Group-1	PS 42:5:0	357.28	240116_PS_FTMSMS-_3.mzXML	30.0	184268.4	0.0	0.0	[6.0..9.0]	[0.0..0.0]	[1.098..1.255]	[202326.72..231256.84]	[0.183..0.203]	[1.0..1.0]	[1.087..1.241]	[200299.77..228677.11]	[0.181..0.202]	[1.0..1.0]	0.8032428	[162517.47..185755.39]
Group-1	PS 42:5:0	357.28	240116_PS_FTMSMS-_3.mzXML	35.0	139903.4	0.0	0.0	[6.0..9.0]	[0.0..0.0]	[1.437..1.88]	[201041.2..263018.4]	[0.15..0.187]	[1.0..1.0]	[1.436..1.871]	[200901.3..261759.28]	[0.15..0.187]	[1.0..1.0]	0.8032428	[161484.9..211267.64]
Group-1	PS 42:5:0	359.3	240116_PS_FTMSMS-_3.mzXML	25.0	155467.7	0.0	0.0	[9.0..9.0]	[0.0..0.0]	[0.847..0.847]	[131681.14..131681.14]	[0.45..0.45]	[0.61..0.69]	[0.847..0.847]	[131681.14..131681.14]	[0.45..0.45]	[0.611..0.694]	0.8032428	[105771.93..105771.93]
Group-1	PS 42:5:0	359.3	240116_PS_FTMSMS-_3.mzXML	30.0	311461.8	0.0	0.0	[9.0..9.0]	[0.0..0.0]	[0.902..0.902]	[280938.56..280938.56]	[0.436..0.436]	[0.61..0.69]	[0.902..0.902]	[280938.56..280938.56]	[0.436..0.436]	[0.611..0.694]	0.8032428	[225661.88..225661.88]
Group-1	PS 42:5:0	359.3	240116_PS_FTMSMS-_3.mzXML	35.0	292130.9	0.0	0.0	[9.0..9.0]	[0.0..0.0]	[1.044..1.044]	[304984.7..304984.7]	[0.415..0.415]	[0.61..0.69]	[1.044..1.044]	[304984.7..304984.7]	[0.415..0.415]	[0.611..0.694]	0.8032428	[244976.75..244976.75]
Group-1	PS 42:6:0	281.25	240116_PS_FTMSMS-_3.mzXML	25.0	143927.3	0.0	0.0	[9.0..9.0]	[0.3..1.0]	[0.903..0.928]	[129966.35..133564.53]	[0.674..0.746]	[0.0..0.0]	[0.903..0.903]	[129966.35..129966.35]	[0.742..0.744]	[0.0..0.0]	0.80485684	[104604.305..107500.32]
Group-1	PS 42:6:0	281.25	240116_PS_FTMSMS-_3.mzXML	30.0	357226.3	0.0	0.0	[9.0..9.0]	[1.0..1.0]	[0.914..0.914]	[326504.84..326504.84]	[0.806..0.826]	[0.0..0.0]	[0.914..0.914]	[326504.84..326504.84]	[0.808..0.827]	[0.0..0.0]	0.80485684	[262789.66..262789.66]
Group-1	PS 42:6:0	281.25	240116_PS_FTMSMS-_3.mzXML	35.0	480020.7	0.0	0.0	[9.0..9.0]	[0.3..1.0]	[0.904..0.924]	[433938.7..443539.12]	[0.773..0.825]	[0.0..0.0]	[0.904..0.904]	[433938.7..433938.7]	[0.783..0.825]	[0.0..0.0]	0.80485684	[349258.53..356985.5]
Group-1	PS 42:6:0	283.26	240116_PS_FTMSMS-_3.mzXML	25.0	264405.6	0.0	0.0	[0.0..0.0]	[1.0..1.0]	[1.005..1.005]	[265727.62..265727.62]	[0.945..0.945]	[0.0..0.0]	[1.005..1.005]	[265727.62..265727.62]	[0.945..0.945]	[0.0..0.0]	0.80485684	[213872.7..213872.7]
Group-1	PS 42:6:0	283.26	240116_PS_FTMSMS-_3.mzXML	30.0	735730.5	0.0	0.0	[0.0..0.0]	[1.0..1.0]	[0.978..0.978]	[719544.44..719544.44]	[0.976..0.976]	[0.0..0.0]	[0.978..0.978]	[719544.44..719544.44]	[0.976..0.976]	[0.0..0.0]	0.80485684	[579130.25..579130.25]
Group-1	PS 42:6:0	283.26	240116_PS_FTMSMS-_3.mzXML	35.0	1138026.2	0.0	0.0	[0.0..0.0]	[1.0..1.0]	[0.963..0.963]	[1095919.2..1095919.2]	[1.0..1.0]	[0.0..0.0]	[0.963..0.963]	[1095919.2..1095919.2]	[1.0..1.0]	[0.0..0.0]	0.80485684	[882058.1..882058.1]
Group-1	PS 42:6:0	355.26	240116_PS_FTMSMS-_3.mzXML	25.0	13432.4	0.0	0.0	[6.0..6.0]	[0.0..0.0]	[1.157..1.157]	[15541.286..15541.286]	[0.055..0.055]	[1.0..1.0]	[1.157..1.157]	[15541.286..15541.286]	[0.055..0.055]	[1.0..1.0]	0.80485684	[12508.511..12508.511]
Group-1	PS 42:6:0	355.26	240116_PS_FTMSMS-_3.mzXML	30.0	10164.3	0.0	0.0	[6.0..6.0]	[0.0..0.0]	[1.714..1.714]	[17421.61..17421.61]	[0.024..0.024]	[1.0..1.0]	[1.714..1.714]	[17421.61..17421.61]	[0.024..0.024]	[1.0..1.0]	0.80485684	[14021.901..14021.901]
Group-1	PS 42:6:0	355.26	240116_PS_FTMSMS-_3.mzXML	35.0	0.0	0.0	0.0	[6.0..6.0]	[0.0..0.0]	[3.072..3.072]	[0.0..0.0]	[0.0..0.0]	[1.0..1.0]	[3.072..3.072]	[0.0..0.0]	[0.0..0.0]	[1.0..1.0]	0.80485684	[0.0..0.0]
Group-1	PS 42:6:0	357.28	240116_PS_FTMSMS-_3.mzXML	25.0	46429.2	0.0	0.0	[6.0..9.0]	[0.0..0.7]	[0.952..1.394]	[44200.598..64722.305]	[0.254..0.326]	[1.0..1.0]	[0.962..0.975]	[44664.89..45268.47]	[0.256..0.258]	[1.0..1.0]	0.80485684	[35575.156..52092.19]
Group-1	PS 42:6:0	357.28	240116_PS_FTMSMS-_3.mzXML	30.0	62654.6	0.0	0.0	[6.0..9.0]	[0.0..0.0]	[1.098..1.255]	[68794.76..78631.52]	[0.174..0.194]	[1.0..1.0]	[1.087..1.241]	[68105.555..77754.37]	[0.173..0.192]	[1.0..1.0]	0.80485684	[55369.93..63287.12]
Group-1	PS 42:6:0	357.28	240116_PS_FTMSMS-_3.mzXML	35.0	64228.7	0.0	0.0	[6.0..9.0]	[0.0..0.7]	[1.437..2.03]	[92296.64..130384.26]	[0.175..0.227]	[1.0..1.0]	[1.436..1.871]	[92232.414..120171.9]	[0.175..0.217]	[1.0..1.0]	0.80485684	[74285.586..104940.66]
Group-1	PS 42:7:0	309.28	240116_PS_FTMSMS-_3.mzXML	25.0	27206.2	0.0	0.0	[11.0..11.0]	[1.0..1.0]	[0.939..0.939]	[25546.621..25546.621]	[1.0..1.0]	[0.0..0.0]	[0.939..0.939]	[25546.621..25546.621]	[1.0..1.0]	[0.0..0.0]	0.80647796	[20602.787..20602.787]
Group-1	PS 42:7:0	309.28	240116_PS_FTMSMS-_3.mzXML	30.0	49215.7	0.0	0.0	[11.0..11.0]	[1.0..1.0]	[0.892..0.892]	[43900.406..43900.406]	[0.78..0.78]	[0.0..0.0]	[0.892..0.892]	[43900.406..43900.406]	[0.78..0.78]	[0.0..0.0]	0.80647796	[35404.707..35404.707]
Group-1	PS 42:7:0	309.28	240116_PS_FTMSMS-_3.mzXML	35.0	47203.8	0.0	0.0	[11.0..11.0]	[1.0..1.0]	[0.856..0.856]	[40406.453..40406.453]	[1.0..1.0]	[0.0..0.0]	[0.856..0.856]	[40406.453..40406.453]	[1.0..1.0]	[0.0..0.0]	0.80647796	[32586.914..32586.914]
Group-1	PS 42:7:0	327.23	240116_PS_FTMSMS-_3.mzXML	25.0	0.0	0.0	0.0	[4.0..4.0]	[0.0..0.0]	[1.314..1.314]	[0.0..0.0]	[0.0..0.0]	[1.0..1.0]	[1.314..1.314]	[0.0..0.0]	[0.0..0.0]	[1.0..1.0]	0.80647796	[0.0..0.0]
Group-1	PS 42:7:0	327.23	240116_PS_FTMSMS-_3.mzXML	30.0	5029.5	0.0	0.0	[4.0..4.0]	[0.0..0.0]	[2.457..2.457]	[12357.481..12357.481]	[0.22..0.22]	[1.0..1.0]	[2.457..2.457]	[12357.481..12357.481]	[0.22..0.22]	[1.0..1.0]	0.80647796	[9966.036..9966.036]
Group-1	PS 42:7:0	327.23	240116_PS_FTMSMS-_3.mzXML	35.0	0.0	0.0	0.0	[4.0..4.0]	[0.0..0.0]	[5.509..5.509]	[0.0..0.0]	[0.0..0.0]	[1.0..1.0]	[5.509..5.509]	[0.0..0.0]	[0.0..0.0]	[1.0..1.0]	0.80647796	[0.0..0.0]
Group-1	PS 34:0:0	255.23	240116_PS_FTMSMS-_2.mzXML	25.0	7416.9	0.0	0.0	[0.0..0.0]	[0.0..1.0]	[1.0..1.0]	[7416.9..7416.9]	[0.24..0.243]	[1.0..1.0]	[1.0..1.0]	[7416.9..7416.9]	[0.243..0.243]	[1.0..1.0]	0.89466476	[6635.639..6635.639]
Group-1	PS 34:0:0	255.23	240116_PS_FTMSMS-_2.mzXML	30.0	11560.4	0.0	0.0	[0.0..0.0]	[0.0..1.0]	[1.0..1.0]	[11560.4..11560.4]	[0.206..0.208]	[1.0..1.0]	[1.0..1.0]	[11560.4..11560.4]	[0.208..0.208]	[1.0..1.0]	0.89466476	[10342.683..10342.683]
Group-1	PS 34:0:0	255.23	240116_PS_FTMSMS-_2.mzXML	35.0	16486.7	0.0	0.0	[0.0..0.0]	[0.0..1.0]	[1.0..1.0]	[16486.7..16486.7]	[0.233..0.234]	[1.0..1.0]	[1.0..1.0]	[16486.7..16486.7]	[0.234..0.234]	[1.0..1.0]	0.89466476	[14750.069..14750.069]
Group-1	PS 34:0:0	283.26	240116_PS_FTMSMS-_2.mzXML	25.0	23431.0	0.0	0.0	[0.0..0.0]	[0.0..1.0]	[0.986..1.005]	[23102.967..23548.154]	[0.757..0.76]	[0.0..0.0]	[0.986..0.986]	[23102.967..23102.967]	[0.757..0.757]	[0.0..0.0]	0.89466476	[20669.41..21067.705]
Group-1	PS 34:0:0	283.26	240116_PS_FTMSMS-_2.mzXML	30.0	45593.3	0.0	0.0	[0.0..0.0]	[0.0..1.0]	[0.968..0.978]	[44134.316..44590.246]	[0.792..0.794]	[0.0..0.0]	[0.968..0.968]	[44134.316..44134.316]	[0.792..0.792]	[0.0..0.0]	0.89466476	[39485.414..39893.324]
Group-1	PS 34:0:0	283.26	240116_PS_FTMSMS-_2.mzXML	35.0	56252.3	0.0	0.0	[0.0..0.0]	[0.0..1.0]	[0.961..0.963]	[54058.46..54170.965]	[0.766..0.767]	[0.0..0.0]	[0.961..0.961]	[54058.46..54058.46]	[0.766..0.766]	[0.0..0.0]	0.89466476	[48364.203..48464.855]
Group-1	PS 34:1:0	253.22	240116_PS_FTMSMS-_2.mzXML	25.0	70090.0	0.0	0.0	[9.0..9.0]	[0.0..1.0]	[0.92..0.938]	[64482.8..65744.42]	[0.253..0.253]	[1.0..1.0]	[0.938..0.938]	[65744.42..65744.42]	[0.257..0.257]	[1.0..1.0]	0.8967037	[57821.97..58953.27]
Group-1	PS 34:1:0	253.22	240116_PS_FTMSMS-_2.mzXML	30.0	151251.9	0.0	0.0	[9.0..9.0]	[0.0..1.0]	[0.953..0.972]	[144143.06..147016.86]	[0.246..0.248]	[1.0..1.0]	[0.972..0.972]	[147016.86..147016.86]	[0.25..0.25]	[1.0..1.0]	0.8967037	[129253.62..131830.55]
Group-1	PS 34:1:0	253.22	240116_PS_FTMSMS-_2.mzXML	35.0	151425.3	0.0	0.0	[9.0..9.0]	[0.0..1.0]	[0.96..1.004]	[145368.28..152030.98]	[0.209..0.216]	[1.0..1.0]	[1.004..1.004]	[152030.98..152030.98]	[0.217..0.217]	[1.0..1.0]	0.8967037	[130352.27..136326.75]
Group-1	PS 34:1:0	255.23	240116_PS_FTMSMS-_2.mzXML	25.0	614083.5	0.0	0.0	[0.0..0.0]	[0.9..0.9]	[1.0..1.0]	[614083.5..614083.5]	[0.672..0.672]	[0.0..0.12]	[1.0..1.0]	[614083.5..614083.5]	[0.672..0.672]	[0.0..0.117]	0.8967037	[550650.94..550650.94]
Group-1	PS 34:1:0	255.23	240116_PS_FTMSMS-_2.mzXML	30.0	1373286.8	0.0	0.0	[0.0..0.0]	[1.0..1.0]	[1.0..1.0]	[1373286.8..1373286.8]	[0.704..0.704]	[0.0..0.12]	[1.0..1.0]	[1373286.8..1373286.8]	[0.704..0.704]	[0.0..0.117]	0.8967037	[1231431.4..1231431.4]
Group-1	PS 34:1:0	255.23	240116_PS_FTMSMS-_2.mzXML	35.0	1663055.4	0.0	0.0	[0.0..0.0]	[0.9..1.0]	[1.0..1.0]	[1663055.4..1663055.4]	[0.729..0.73]	[0.0..0.12]	[1.0..1.0]	[1663055.4..1663055.4]	[0.729..0.729]	[0.0..0.117]	0.8967037	[1491268.0..1491268.0]
Group-1	PS 34:1:0	281.25	240116_PS_FTMSMS-_2.mzXML	25.0	334216.0	0.0	0.0	[9.0..9.0]	[0.1..0.1]	[0.897..0.897]	[299791.75..299791.75]	[0.328..0.328]	[0.88..1.0]	[0.897..0.897]	[299791.75..299791.75]	[0.328..0.328]	[0.883..1.0]	0.8967037	[268824.38..268824.38]
Group-1	PS 34:1:0	281.25	240116_PS_FTMSMS-_2.mzXML	30.0	627336.5	0.0	0.0	[9.0..9.0]	[0.0..0.0]	[0.919..0.919]	[576522.25..576522.25]	[0.296..0.296]	[0.88..1.0]	[0.919..0.919]	[576522.25..576522.25]	[0.296..0.296]	[0.883..1.0]	0.8967037	[516969.7..516969.7]
Group-1	PS 34:1:0	281.25	240116_PS_FTMSMS-_2.mzXML	35.0	661833.8	0.0	0.0	[9.0..9.0]	[0.0..0.1]	[0.929..0.932]	[614843.6..616829.1]	[0.27..0.271]	[0.88..1.0]	[0.932..0.932]	[616829.1..616829.1]	[0.271..0.271]	[0.883..1.0]	0.8967037	[551332.56..553112.94]
Group-1	PS 34:1:0	283.26	240116_PS_FTMSMS-_2.mzXML	25.0	192727.7	0.0	0.0	[0.0..0.0]	[0.0..1.0]	[0.986..1.005]	[190029.52..193691.34]	[0.747..0.747]	[0.0..0.0]	[0.986..0.986]	[190029.52..190029.52]	[0.743..0.743]	[0.0..0.0]	0.8967037	[170400.17..173683.73]
Group-1	PS 34:1:0	283.26	240116_PS_FTMSMS-_2.mzXML	30.0	455814.6	0.0	0.0	[0.0..0.0]	[0.0..1.0]	[0.968..0.978]	[441228.53..445786.66]	[0.752..0.754]	[0.0..0.0]	[0.968..0.968]	[441228.53..441228.53]	[0.75..0.75]	[0.0..0.0]	0.8967037	[395651.28..399738.56]
Group-1	PS 34:1:0	283.26	240116_PS_FTMSMS-_2.mzXML	35.0	572146.8	0.0	0.0	[0.0..0.0]	[0.0..1.0]	[0.961..0.963]	[549833.1..550977.4]	[0.784..0.791]	[0.0..0.0]	[0.961..0.961]	[549833.1..549833.1]	[0.783..0.783]	[0.0..0.0]	0.8967037	[493037.4..494063.47]
Group-1	PS 34:2:0	251.2	240116_PS_FTMSMS-_2.mzXML	25.0	859.1	0.0	0.0	[9.0..9.0]	[0.0..1.0]	[0.903..0.923]	[775.767..792.949]	[0.039..0.039]	[1.0..1.0]	[0.923..0.923]	[792.9493..792.9493]	[0.04..0.04]	[1.0..1.0]	0.8987426	[697.2151..712.6573]
Group-1	PS 34:2:0	251.2	240116_PS_FTMSMS-_2.mzXML	30.0	1005.9	0.0	0.0	[9.0..9.0]	[0.0..1.0]	[0.962..0.975]	[967.676..980.753]	[0.037..0.037]	[1.0..1.0]	[0.975..0.975]	[980.75256..980.75256]	[0.038..0.038]	[1.0..1.0]	0.8987426	[869.6915..881.4441]
Group-1	PS 34:2:0	251.2	240116_PS_FTMSMS-_2.mzXML	35.0	911.7	0.0	0.0	[9.0..9.0]	[0.0..1.0]	[1.016..1.049]	[926.287..956.373]	[0.032..0.033]	[1.0..1.0]	[1.049..1.049]	[956.37335..956.37335]	[0.033..0.033]	[1.0..1.0]	0.8987426	[832.49384..859.5335]
Group-1	PS 34:2:0	253.22	240116_PS_FTMSMS-_2.mzXML	25.0	15116.4	0.0	0.0	[9.0..9.0]	[1.0..1.0]	[0.938..0.938]	[14179.184..14179.184]	[0.341..0.341]	[0.85..0.95]	[0.938..0.938]	[14179.184..14179.184]	[0.341..0.341]	[0.854..0.948]	0.8987426	[12743.437..12743.437]
Group-1	PS 34:2:0	253.22	240116_PS_FTMSMS-_2.mzXML	30.0	26493.0	0.0	0.0	[9.0..9.0]	[1.0..1.0]	[0.953..0.953]	[25247.83..25247.83]	[0.31..0.31]	[0.85..0.95]	[0.953..0.953]	[25247.83..25247.83]	[0.31..0.31]	[0.854..0.948]	0.8987426	[22691.3..22691.3]
Group-1	PS 34:2:0	253.22	240116_PS_FTMSMS-_2.mzXML	35.0	31486.7	0.0	0.0	[9.0..9.0]	[1.0..1.0]	[0.96..0.96]	[30227.23..30227.23]	[0.304..0.304]	[0.85..0.95]	[0.96..0.96]	[30227.23..30227.23]	[0.304..0.304]	[0.854..0.948]	0.8987426	[27166.5..27166.5]
Group-1	PS 34:2:0	255.23	240116_PS_FTMSMS-_2.mzXML	25.0	12112.9	0.0	0.0	[0.0..0.0]	[1.0..1.0]	[1.0..1.0]	[12112.9..12112.9]	[0.736..0.736]	[0.0..0.0]	[1.0..1.0]	[12112.9..12112.9]	[0.736..0.736]	[0.0..0.0]	0.8987426	[10886.38..10886.38]
Group-1	PS 34:2:0	255.23	240116_PS_FTMSMS-_2.mzXML	30.0	23162.5	0.0	0.0	[0.0..0.0]	[1.0..1.0]	[1.0..1.0]	[23162.5..23162.5]	[0.74..0.74]	[0.0..0.0]	[1.0..1.0]	[23162.5..23162.5]	[0.74..0.74]	[0.0..0.0]	0.8987426	[20817.125..20817.125]
Group-1	PS 34:2:0	255.23	240116_PS_FTMSMS-_2.mzXML	35.0	28262.2	0.0	0.0	[0.0..0.0]	[1.0..1.0]	[1.0..1.0]	[28262.2..28262.2]	[0.741..0.741]	[0.0..0.0]	[1.0..1.0]	[28262.2..28262.2]	[0.741..0.741]	[0.0..0.0]	0.8987426	[25400.443..25400.443]
Group-1	PS 34:2:0	279.23	240116_PS_FTMSMS-_2.mzXML	25.0	4955.3	0.0	0.0	[9.0..9.0]	[0.0..0.0]	[0.878..0.878]	[4350.754..4350.754]	[0.264..0.264]	[1.0..1.0]	[0.878..0.878]	[4350.7534..4350.7534]	[0.264..0.264]	[1.0..1.0]	0.8987426	[3910.2073..3910.2073]
Group-1	PS 34:2:0	279.23	240116_PS_FTMSMS-_2.mzXML	30.0	8827.8	0.0	0.0	[9.0..9.0]	[0.0..0.0]	[0.923..0.923]	[8148.059..8148.059]	[0.26..0.26]	[1.0..1.0]	[0.923..0.923]	[8148.059..8148.059]	[0.26..0.26]	[1.0..1.0]	0.8987426	[7323.008..7323.008]
Group-1	PS 34:2:0	279.23	240116_PS_FTMSMS-_2.mzXML	35.0	10146.3	0.0	0.0	[9.0..9.0]	[0.0..0.0]	[0.972..0.972]	[9862.203..9862.203]	[0.259..0.259]	[1.0..1.0]	[0.972..0.972]	[9862.203..9862.203]	[0.259..0.259]	[1.0..1.0]	0.8987426	[8863.583..8863.583]
Group-1	PS 34:2:0	281.25	240116_PS_FTMSMS-_2.mzXML	25.0	30680.1	0.0	0.0	[9.0..9.0]	[0.0..0.0]	[0.893..0.893]	[27397.33..27397.33]	[0.659..0.659]	[0.05..0.15]	[0.893..0.893]	[27397.33..27397.33]	[0.659..0.659]	[0.052..0.146]	0.8987426	[24623.148..24623.148]
Group-1	PS 34:2:0	281.25	240116_PS_FTMSMS-_2.mzXML	30.0	61227.1	0.0	0.0	[9.0..9.0]	[0.0..0.0]	[0.919..0.919]	[56267.707..56267.707]	[0.69..0.69]	[0.05..0.15]	[0.919..0.919]	[56267.707..56267.707]	[0.69..0.69]	[0.052..0.146]	0.8987426	[50570.188..50570.188]
Group-1	PS 34:2:0	281.25	240116_PS_FTMSMS-_2.mzXML	35.0	74411.0	0.0	0.0	[9.0..9.0]	[0.0..0.0]	[0.932..0.932]	[69351.05..69351.05]	[0.696..0.696]	[0.05..0.15]	[0.932..0.932]	[69351.05..69351.05]	[0.696..0.696]	[0.052..0.146]	0.8987426	[62328.742..62328.742]
Group-1	PS 34:2:0	283.26	240116_PS_FTMSMS-_2.mzXML	25.0	19344.9	0.0	0.0	[0.0..0.0]	[0.0..1.0]	[0.986..1.005]	[19074.072..19441.623]	[0.961..0.961]	[0.0..0.0]	[0.986..0.986]	[19074.072..19074.072]	[0.96..0.96]	[0.0..0.0]	0.8987426	[17142.682..17473.016]
Group-1	PS 34:2:0	283.26	240116_PS_FTMSMS-_2.mzXML	30.0	25746.9	0.0	0.0	[0.0..0.0]	[0.0..1.0]	[0.968..0.978]	[24923.0..25180.469]	[0.963..0.963]	[0.0..0.0]	[0.968..0.968]	[24923.0..24923.0]	[0.962..0.962]	[0.0..0.0]	0.8987426	[22399.361..22630.76]
Group-1	PS 34:2:0	283.26	240116_PS_FTMSMS-_2.mzXML	35.0	28868.7	0.0	0.0	[0.0..0.0]	[0.0..1.0]	[0.961..0.963]	[27742.82..27800.557]	[0.967..0.968]	[0.0..0.0]	[0.961..0.961]	[27742.82..27742.82]	[0.967..0.967]	[0.0..0.0]	0.8987426	[24933.654..24985.545]
Group-1	PS 35:0:0	269.25	240116_PS_FTMSMS-_2.mzXML	25.0	1251.4	0.0	0.0	[0.0..0.0]	[0.0..1.0]	[0.99..1.001]	[1238.886..1252.652]	[0.1..0.101]	[1.0..1.0]	[1.001..1.001]	[1252.6515..1252.6515]	[0.102..0.102]	[1.0..1.0]	0.88078475	[1091.192..1103.3164]
Group-1	PS 35:0:0	269.25	240116_PS_FTMSMS-_2.mzXML	30.0	87.5	0.0	0.0	[0.0..0.0]	[0.0..1.0]	[0.981..0.988]	[85.838..86.45]	[0.005..0.005]	[1.0..1.0]	[0.988..0.988]	[86.45..86.45]	[0.005..0.005]	[1.0..1.0]	0.88078475	[75.60436..76.14384]
Group-1	PS 35:0:0	269.25	240116_PS_FTMSMS-_2.mzXML	35.0	3183.5	0.0	0.0	[0.0..0.0]	[0.0..1.0]	[0.979..0.98]	[3116.647..3119.83]	[0.118..0.118]	[1.0..1.0]	[0.98..0.98]	[3119.83..3119.83]	[0.119..0.119]	[1.0..1.0]	0.88078475	[2745.0947..2747.8987]
Group-1	PS 35:0:0	283.26	240116_PS_FTMSMS-_2.mzXML	25.0	11162.1	0.0	0.0	[0.0..0.0]	[0.0..1.0]	[0.986..1.005]	[11005.83..11217.91]	[0.899..0.9]	[0.0..0.0]	[0.986..0.986]	[11005.83..11005.83]	[0.898..0.898]	[0.0..0.0]	0.88078475	[9693.768..9880.564]
Group-1	PS 35:0:0	283.26	240116_PS_FTMSMS-_2.mzXML	30.0	19344.0	0.0	0.0	[0.0..0.0]	[0.0..1.0]	[0.968..0.978]	[18724.992..18918.432]	[0.995..0.995]	[0.0..0.0]	[0.968..0.968]	[18724.992..18724.992]	[0.995..0.995]	[0.0..0.0]	0.88078475	[16492.688..16663.066]
Group-1	PS 35:0:0	283.26	240116_PS_FTMSMS-_2.mzXML	35.0	24140.5	0.0	0.0	[0.0..0.0]	[0.0..1.0]	[0.961..0.963]	[23199.021..23247.3]	[0.882..0.882]	[0.0..0.0]	[0.961..0.961]	[23199.021..23199.021]	[0.881..0.881]	[0.0..0.0]	0.88078475	[20433.344..20475.87]
Group-1	PS 35:1:0	267.23	240116_PS_FTMSMS-_2.mzXML	25.0	32659.6	0.0	0.0	[9.0..9.0]	[0.0..1.0]	[0.905..0.932]	[29556.938..30438.746]	[0.276..0.278]	[1.0..1.0]	[0.932..0.932]	[30438.746..30438.746]	[0.282..0.282]	[0.998..1.0]	0.8827558	[26091.557..26869.98]
Group-1	PS 35:1:0	267.23	240116_PS_FTMSMS-_2.mzXML	30.0	63207.6	0.0	0.0	[9.0..9.0]	[0.0..1.0]	[0.932..0.944]	[58909.484..59667.977]	[0.245..0.246]	[1.0..1.0]	[0.944..0.944]	[59667.977..59667.977]	[0.248..0.248]	[0.998..1.0]	0.8827558	[52002.69..52672.254]
Group-1	PS 35:1:0	267.23	240116_PS_FTMSMS-_2.mzXML	35.0	68328.5	0.0	0.0	[9.0..9.0]	[0.0..1.0]	[0.931..0.966]	[63613.832..66005.336]	[0.23..0.236]	[1.0..1.0]	[0.966..0.966]	[66005.336..66005.336]	[0.236..0.236]	[0.998..1.0]	0.8827558	[56155.48..58266.59]
Group-1	PS 35:1:0	269.25	240116_PS_FTMSMS-_2.mzXML	25.0	181727.2	0.0	0.0	[0.0..0.0]	[0.7..0.7]	[0.998..0.998]	[181363.75..181363.75]	[0.693..0.693]	[0.0..0.07]	[0.998..0.998]	[181363.75..181363.75]	[0.693..0.693]	[0.0..0.071]	0.8827558	[160099.9..160099.9]
Group-1	PS 35:1:0	269.25	240116_PS_FTMSMS-_2.mzXML	30.0	416544.7	0.0	0.0	[0.0..0.0]	[0.100000024..0.100000024]	[0.982..0.982]	[409046.88..409046.88]	[0.737..0.737]	[0.0..0.07]	[0.982..0.982]	[409046.88..409046.88]	[0.737..0.737]	[0.0..0.071]	0.8827558	[361088.53..361088.53]
Group-1	PS 35:1:0	269.25	240116_PS_FTMSMS-_2.mzXML	35.0	482450.1	0.0	0.0	[0.0..0.0]	[0.100000024..0.7]	[0.979..0.98]	[472318.62..472801.1]	[0.747..0.75]	[0.0..0.07]	[0.979..0.979]	[472318.62..472318.62]	[0.747..0.747]	[0.0..0.071]	0.8827558	[416942.0..417367.9]
Group-1	PS 35:1:0	281.25	240116_PS_FTMSMS-_2.mzXML	25.0	89120.1	0.0	0.0	[9.0..9.0]	[0.3..0.3]	[0.903..0.903]	[80475.45..80475.45]	[0.307..0.307]	[0.93..1.0]	[0.903..0.903]	[80475.45..80475.45]	[0.307..0.307]	[0.929..1.0]	0.8827558	[71040.17..71040.17]
Group-1	PS 35:1:0	281.25	240116_PS_FTMSMS-_2.mzXML	30.0	159281.4	0.0	0.0	[9.0..9.0]	[0.9..0.9]	[0.915..0.915]	[145742.48..145742.48]	[0.263..0.263]	[0.93..1.0]	[0.915..0.915]	[145742.48..145742.48]	[0.263..0.263]	[0.929..1.0]	0.8827558	[128655.04..128655.04]
Group-1	PS 35:1:0	281.25	240116_PS_FTMSMS-_2.mzXML	35.0	173418.7	0.0	0.0	[9.0..9.0]	[0.3..0.9]	[0.907..0.924]	[157290.77..160238.89]	[0.25..0.253]	[0.93..1.0]	[0.923..0.924]	[160065.45..160238.89]	[0.253..0.253]	[0.929..1.0]	0.8827558	[138849.34..141451.81]
Group-1	PS 35:1:0	283.26	240116_PS_FTMSMS-_2.mzXML	25.0	78683.9	0.0	0.0	[0.0..0.0]	[0.0..1.0]	[0.986..1.005]	[77582.32..79077.32]	[0.722..0.724]	[0.0..0.0]	[0.986..0.986]	[77582.32..77582.32]	[0.718..0.718]	[0.0..0.002]	0.8827558	[68486.25..69805.97]
Group-1	PS 35:1:0	283.26	240116_PS_FTMSMS-_2.mzXML	30.0	187366.5	0.0	0.0	[0.0..0.0]	[0.0..1.0]	[0.968..0.978]	[181370.77..183244.44]	[0.754..0.755]	[0.0..0.0]	[0.968..0.968]	[181370.77..181370.77]	[0.752..0.752]	[0.0..0.002]	0.8827558	[160106.11..161760.1]
Group-1	PS 35:1:0	283.26	240116_PS_FTMSMS-_2.mzXML	35.0	222006.5	0.0	0.0	[0.0..0.0]	[0.0..1.0]	[0.961..0.963]	[213348.25..213792.27]	[0.764..0.77]	[0.0..0.0]	[0.961..0.961]	[213348.25..213348.25]	[0.764..0.764]	[0.0..0.002]	0.8827558	[188334.4..188726.36]
Group-1	PS 36:1:0	281.25	240116_PS_FTMSMS-_2.mzXML	25.0	1.2909867E7	0.0	0.0	[9.0..9.0]	[0.0..1.0]	[0.893..0.928]	[1.1528511E7..1.1980356E7]	[0.292..0.296]	[0.96..1.0]	[0.927..0.928]	[1.1967447E7..1.1980356E7]	[0.3..0.3]	[0.963..1.0]	0.86926925	[1.002138E7..1.0414155E7]
Group-1	PS 36:1:0	281.25	240116_PS_FTMSMS-_2.mzXML	30.0	2.0080062E7	0.0	0.0	[9.0..9.0]	[0.0..1.0]	[0.914..0.919]	[1.8353176E7..1.8453578E7]	[0.26..0.261]	[0.96..1.0]	[0.919..0.919]	[1.8453578E7..1.8453578E7]	[0.262..0.262]	[0.963..1.0]	0.86926925	[1.5953851E7..1.6041127E7]
Group-1	PS 36:1:0	281.25	240116_PS_FTMSMS-_2.mzXML	35.0	2.278924E7	0.0	0.0	[9.0..9.0]	[0.0..1.0]	[0.904..0.932]	[2.060147E7..2.1239572E7]	[0.234..0.239]	[0.96..1.0]	[0.931..0.932]	[2.1216782E7..2.1239572E7]	[0.24..0.24]	[0.963..1.0]	0.86926925	[1.7908228E7..1.8462906E7]
Group-1	PS 36:1:0	283.26	240116_PS_FTMSMS-_2.mzXML	25.0	2.830087E7	0.0	0.0	[0.0..0.0]	[0.0..1.0]	[0.986..1.005]	[2.7904658E7..2.8442374E7]	[0.704..0.708]	[0.0..0.04]	[0.986..0.987]	[2.7904658E7..2.7932958E7]	[0.7..0.7]	[0.0..0.037]	0.86926925	[2.425666E7..2.4724082E7]
Group-1	PS 36:1:0	283.26	240116_PS_FTMSMS-_2.mzXML	30.0	5.374394E7	0.0	0.0	[0.0..0.0]	[0.0..1.0]	[0.968..0.978]	[5.2024132E7..5.2561572E7]	[0.739..0.74]	[0.0..0.04]	[0.968..0.968]	[5.2024132E7..5.2024132E7]	[0.738..0.738]	[0.0..0.037]	0.86926925	[4.522298E7..4.569016E7]
Group-1	PS 36:1:0	283.26	240116_PS_FTMSMS-_2.mzXML	35.0	7.0065232E7	0.0	0.0	[0.0..0.0]	[0.0..1.0]	[0.961..0.963]	[6.7332688E7..6.7472816E7]	[0.761..0.766]	[0.0..0.04]	[0.961..0.961]	[6.7332688E7..6.7332688E7]	[0.76..0.76]	[0.0..0.037]	0.86926925	[5.8530236E7..5.8652048E7]
Group-1	PS 36:2:0	279.23	240116_PS_FTMSMS-_2.mzXML	25.0	104528.1	0.0	0.0	[9.0..9.0]	[0.0..1.0]	[0.878..0.909]	[91775.67..95016.04]	[0.242..0.244]	[1.0..1.0]	[0.909..0.909]	[95016.04..95016.04]	[0.248..0.248]	[1.0..1.0]	0.8711848	[79953.58..82776.53]
Group-1	PS 36:2:0	279.23	240116_PS_FTMSMS-_2.mzXML	30.0	222194.7	0.0	0.0	[9.0..9.0]	[0.0..1.0]	[0.919..0.923]	[204196.94..205085.7]	[0.259..0.26]	[1.0..1.0]	[0.923..0.923]	[205085.7..205085.7]	[0.261..0.261]	[1.0..1.0]	0.8711848	[177893.28..178667.56]
Group-1	PS 36:2:0	279.23	240116_PS_FTMSMS-_2.mzXML	35.0	222580.3	0.0	0.0	[9.0..9.0]	[0.0..1.0]	[0.95..0.972]	[211451.28..216348.05]	[0.238..0.242]	[1.0..1.0]	[0.972..0.972]	[216348.05..216348.05]	[0.242..0.242]	[1.0..1.0]	0.8711848	[184213.14..188479.14]
Group-1	PS 36:2:0	281.25	240116_PS_FTMSMS-_2.mzXML	25.0	4739077.5	0.0	0.0	[9.0..9.0]	[0.5..0.5]	[0.947..0.947]	[4487906.5..4487906.5]	[0.5..0.5]	[0.5..0.5]	[0.947..0.947]	[4487906.5..4487906.5]	[0.5..0.5]	[0.5..0.5]	0.8711848	[3909796.2..3909796.2]
Group-1	PS 36:2:0	281.25	240116_PS_FTMSMS-_2.mzXML	30.0	9898077.0	0.0	0.0	[9.0..9.0]	[0.5..0.5]	[0.913..0.913]	[9036944.0..9036944.0]	[0.5..0.5]	[0.5..0.5]	[0.913..0.913]	[9036944.0..9036944.0]	[0.5..0.5]	[0.5..0.5]	0.8711848	[7872848.0..7872848.0]
Group-1	PS 36:2:0	281.25	240116_PS_FTMSMS-_2.mzXML	35.0	1.1565456E7	0.0	0.0	[9.0..9.0]	[0.5..0.5]	[0.887..0.887]	[1.025856E7..1.025856E7]	[0.5..0.5]	[0.5..0.5]	[0.887..0.887]	[1.025856E7..1.025856E7]	[0.5..0.5]	[0.5..0.5]	0.8711848	[8937102.0..8937102.0]
Group-1	PS 36:2:0	283.26	240116_PS_FTMSMS-_2.mzXML	25.0	292232.4	0.0	0.0	[0.0..0.0]	[0.0..1.0]	[0.986..1.005]	[288141.16..293693.56]	[0.756..0.758]	[0.0..0.0]	[0.986..0.986]	[288141.16..288141.16]	[0.752..0.752]	[0.0..0.0]	0.8711848	[251024.2..255861.38]
Group-1	PS 36:2:0	283.26	240116_PS_FTMSMS-_2.mzXML	30.0	600547.1	0.0	0.0	[0.0..0.0]	[0.0..1.0]	[0.968..0.978]	[581329.6..587335.06]	[0.74..0.741]	[0.0..0.0]	[0.968..0.968]	[581329.6..581329.6]	[0.739..0.739]	[0.0..0.0]	0.8711848	[506445.53..511677.4]
Group-1	PS 36:2:0	283.26	240116_PS_FTMSMS-_2.mzXML	35.0	704280.1	0.0	0.0	[0.0..0.0]	[0.0..1.0]	[0.961..0.963]	[676813.2..678221.75]	[0.758..0.762]	[0.0..0.0]	[0.961..0.961]	[676813.2..676813.2]	[0.758..0.758]	[0.0..0.0]	0.8711848	[589629.44..590856.56]
Group-1	PS 36:3:0	253.22	240116_PS_FTMSMS-_2.mzXML	25.0	303.2	0.0	0.0	[9.0..9.0]	[1.0..1.0]	[0.938..0.938]	[284.402..284.402]	[0.288..0.288]	[0.84..0.97]	[0.938..0.938]	[284.4016..284.4016]	[0.288..0.288]	[0.837..0.972]	0.8731096	[248.31378..248.31378]
Group-1	PS 36:3:0	253.22	240116_PS_FTMSMS-_2.mzXML	30.0	842.0	0.0	0.0	[9.0..9.0]	[1.0..1.0]	[0.953..0.953]	[802.426..802.426]	[0.352..0.352]	[0.84..0.97]	[0.953..0.953]	[802.426..802.426]	[0.352..0.352]	[0.837..0.972]	0.8731096	[700.60583..700.60583]
Group-1	PS 36:3:0	253.22	240116_PS_FTMSMS-_2.mzXML	35.0	879.6	0.0	0.0	[9.0..9.0]	[1.0..1.0]	[0.96..0.96]	[844.416..844.416]	[0.348..0.348]	[0.84..0.97]	[0.96..0.96]	[844.41595..844.41595]	[0.348..0.348]	[0.837..0.972]	0.8731096	[737.2677..737.2677]
Group-1	PS 36:3:0	255.23	240116_PS_FTMSMS-_2.mzXML	25.0	9794.2	0.0	0.0	[0.0..0.0]	[1.0..1.0]	[1.0..1.0]	[9794.2..9794.2]	[0.705..0.707]	[0.04..0.04]	[1.0..1.0]	[9794.2..9794.2]	[0.682..0.684]	[0.039..0.043]	0.8731096	[8551.41..8551.41]
Group-1	PS 36:3:0	255.23	240116_PS_FTMSMS-_2.mzXML	30.0	18681.5	0.0	0.0	[0.0..0.0]	[0.5..1.0]	[1.0..1.0]	[18681.5..18681.5]	[0.68..0.747]	[0.04..0.04]	[1.0..1.0]	[18681.5..18681.5]	[0.718..0.741]	[0.039..0.043]	0.8731096	[16310.997..16310.997]
Group-1	PS 36:3:0	255.23	240116_PS_FTMSMS-_2.mzXML	35.0	22905.2	0.0	0.0	[0.0..0.0]	[0.5..1.0]	[1.0..1.0]	[22905.2..22905.2]	[0.7..0.769]	[0.04..0.04]	[1.0..1.0]	[22905.2..22905.2]	[0.718..0.769]	[0.039..0.043]	0.8731096	[19998.748..19998.748]
Group-1	PS 36:3:0	277.22	240116_PS_FTMSMS-_2.mzXML	25.0	2252.2	0.0	0.0	[6.0..9.0]	[0.0..1.0]	[0.923..0.953]	[2078.781..2146.347]	[0.187..0.189]	[1.0..1.0]	[0.951..0.953]	[2141.842..2146.3467]	[0.191..0.192]	[1.0..1.0]	0.8731096	[1815.0032..1873.9957]
Group-1	PS 36:3:0	277.22	240116_PS_FTMSMS-_2.mzXML	30.0	3782.2	0.0	0.0	[6.0..9.0]	[0.0..1.0]	[1.023..1.093]	[3869.191..4133.945]	[0.178..0.186]	[1.0..1.0]	[1.017..1.093]	[3846.4973..4133.945]	[0.177..0.188]	[1.0..1.0]	0.8731096	[3378.2273..3609.3867]
Group-1	PS 36:3:0	277.22	240116_PS_FTMSMS-_2.mzXML	35.0	3331.8	0.0	0.0	[6.0..9.0]	[0.0..1.0]	[1.165..1.332]	[3881.547..4437.958]	[0.144..0.161]	[1.0..1.0]	[1.141..1.332]	[3801.584..4437.9575]	[0.142..0.161]	[1.0..1.0]	0.8731096	[3389.0159..3874.8235]
Group-1	PS 36:3:0	279.23	240116_PS_FTMSMS-_2.mzXML	25.0	50315.3	0.0	0.0	[9.0..9.0]	[1.0..1.0]	[0.909..0.909]	[45736.605..45736.605]	[0.468..0.468]	[0.57..0.59]	[0.909..0.909]	[45736.605..45736.605]	[0.468..0.468]	[0.571..0.591]	0.8731096	[39933.07..39933.07]
Group-1	PS 36:3:0	279.23	240116_PS_FTMSMS-_2.mzXML	30.0	94566.5	0.0	0.0	[9.0..9.0]	[1.0..1.0]	[0.919..0.919]	[86906.62..86906.62]	[0.465..0.465]	[0.57..0.59]	[0.919..0.919]	[86906.62..86906.62]	[0.465..0.465]	[0.571..0.591]	0.8731096	[75879.0..75879.0]
Group-1	PS 36:3:0	279.23	240116_PS_FTMSMS-_2.mzXML	35.0	107882.7	0.0	0.0	[9.0..9.0]	[1.0..1.0]	[0.95..0.95]	[102488.57..102488.57]	[0.46..0.46]	[0.57..0.59]	[0.95..0.95]	[102488.57..102488.57]	[0.46..0.46]	[0.571..0.591]	0.8731096	[89483.75..89483.75]
Group-1	PS 36:3:0	281.25	240116_PS_FTMSMS-_2.mzXML	25.0	58143.0	0.0	0.0	[9.0..9.0]	[0.0..0.0]	[0.893..0.893]	[51921.7..51921.7]	[0.532..0.532]	[0.41..0.43]	[0.893..0.893]	[51921.7..51921.7]	[0.532..0.532]	[0.409..0.429]	0.8731096	[45333.332..45333.332]
Group-1	PS 36:3:0	281.25	240116_PS_FTMSMS-_2.mzXML	30.0	108833.1	0.0	0.0	[9.0..9.0]	[0.0..0.0]	[0.919..0.919]	[100017.625..100017.625]	[0.535..0.535]	[0.41..0.43]	[0.919..0.919]	[100017.625..100017.625]	[0.535..0.535]	[0.409..0.429]	0.8731096	[87326.35..87326.35]
Group-1	PS 36:3:0	281.25	240116_PS_FTMSMS-_2.mzXML	35.0	129142.7	0.0	0.0	[9.0..9.0]	[0.0..0.0]	[0.932..0.932]	[120361.0..120361.0]	[0.54..0.54]	[0.41..0.43]	[0.932..0.932]	[120361.0..120361.0]	[0.54..0.54]	[0.409..0.429]	0.8731096	[105088.34..105088.34]
Group-1	PS 36:3:0	283.26	240116_PS_FTMSMS-_2.mzXML	25.0	9172.1	0.0	0.0	[0.0..0.0]	[0.0..1.0]	[0.986..1.005]	[9043.69..9217.96]	[0.811..0.813]	[0.0..0.0]	[0.986..0.986]	[9043.69..9043.69]	[0.808..0.809]	[0.0..0.0]	0.8731096	[7896.133..8048.289]
Group-1	PS 36:3:0	283.26	240116_PS_FTMSMS-_2.mzXML	30.0	18487.6	0.0	0.0	[0.0..0.0]	[0.0..1.0]	[0.968..0.978]	[17895.996..18080.873]	[0.814..0.822]	[0.0..0.0]	[0.968..0.968]	[17895.996..17895.996]	[0.812..0.823]	[0.0..0.0]	0.8731096	[15625.166..15786.583]
Group-1	PS 36:3:0	283.26	240116_PS_FTMSMS-_2.mzXML	35.0	23987.3	0.0	0.0	[0.0..0.0]	[0.0..1.0]	[0.961..0.963]	[23051.797..23099.771]	[0.839..0.856]	[0.0..0.0]	[0.961..0.961]	[23051.797..23051.797]	[0.839..0.858]	[0.0..0.0]	0.8731096	[20126.746..20168.633]
Group-1	PS 36:3:0	305.25	240116_PS_FTMSMS-_2.mzXML	25.0	4463.4	0.0	0.0	[5.0..11.0]	[0.0..0.0]	[0.909..0.917]	[4057.231..4092.938]	[0.293..0.295]	[0.96..0.96]	[1.012..1.023]	[4516.9604..4566.058]	[0.316..0.318]	[0.957..0.961]	0.8731096	[3542.4067..3573.583]
Group-1	PS 36:3:0	305.25	240116_PS_FTMSMS-_2.mzXML	30.0	6594.5	0.0	0.0	[5.0..11.0]	[0.0..0.5]	[0.959..1.332]	[6324.126..8783.874]	[0.253..0.32]	[0.96..0.96]	[0.992..1.114]	[6541.7437..7346.273]	[0.259..0.282]	[0.957..0.961]	0.8731096	[5521.655..7669.2847]
Group-1	PS 36:3:0	305.25	240116_PS_FTMSMS-_2.mzXML	35.0	6692.3	0.0	0.0	[5.0..11.0]	[0.0..0.5]	[1.031..1.465]	[6899.761..9804.22]	[0.231..0.3]	[0.96..0.96]	[1.03..1.344]	[6893.069..8994.451]	[0.231..0.282]	[0.957..0.961]	0.8731096	[6024.2476..8560.157]
Group-1	PS 36:3:0	307.26	240116_PS_FTMSMS-_2.mzXML	25.0	796.8	0.0	0.0	[11.0..11.0]	[0.0..0.0]	[0.883..0.883]	[703.574..703.574]	[0.712..0.712]	[0.03..0.16]	[0.883..0.883]	[703.5744..703.5744]	[0.712..0.712]	[0.028..0.163]	0.8731096	[614.29755..614.29755]
Group-1	PS 36:3:0	307.26	240116_PS_FTMSMS-_2.mzXML	30.0	1664.6	0.0	0.0	[11.0..11.0]	[0.0..0.0]	[0.888..0.888]	[1478.165..1478.165]	[0.648..0.648]	[0.03..0.16]	[0.888..0.888]	[1478.1648..1478.1648]	[0.648..0.648]	[0.028..0.163]	0.8731096	[1290.5999..1290.5999]
Group-1	PS 36:3:0	307.26	240116_PS_FTMSMS-_2.mzXML	35.0	1760.3	0.0	0.0	[11.0..11.0]	[0.0..0.0]	[0.897..0.897]	[1578.989..1578.989]	[0.652..0.652]	[0.03..0.16]	[0.897..0.897]	[1578.9891..1578.9891]	[0.652..0.652]	[0.028..0.163]	0.8731096	[1378.6305..1378.6305]
Group-1	PS 36:4:0	253.22	240116_PS_FTMSMS-_2.mzXML	25.0	3559.2	0.0	0.0	[9.0..9.0]	[0.3..1.0]	[0.925..0.938]	[3292.26..3338.53]	[0.853..0.894]	[0.0..0.0]	[0.925..0.925]	[3292.26..3292.26]	[0.89..0.891]	[0.0..0.0]	0.875034	[2880.8394..2921.327]
Group-1	PS 36:4:0	253.22	240116_PS_FTMSMS-_2.mzXML	30.0	8986.2	0.0	0.0	[9.0..9.0]	[1.0..1.0]	[0.953..0.953]	[8563.849..8563.849]	[0.929..0.936]	[0.0..0.0]	[0.953..0.953]	[8563.849..8563.849]	[0.929..0.936]	[0.0..0.0]	0.875034	[7493.6587..7493.6587]
Group-1	PS 36:4:0	253.22	240116_PS_FTMSMS-_2.mzXML	35.0	11566.7	0.0	0.0	[9.0..9.0]	[0.3..1.0]	[0.96..0.991]	[11104.032..11462.6]	[0.916..0.936]	[0.0..0.0]	[0.96..0.96]	[11104.032..11104.032]	[0.92..0.937]	[0.0..0.0]	0.875034	[9716.405..10030.164]
Group-1	PS 36:4:0	255.23	240116_PS_FTMSMS-_2.mzXML	25.0	52009.1	0.0	0.0	[0.0..0.0]	[0.0..1.0]	[1.0..1.0]	[52009.1..52009.1]	[0.822..0.832]	[0.0..0.0]	[1.0..1.0]	[52009.1..52009.1]	[0.822..0.828]	[0.0..0.0]	0.875034	[45509.73..45509.73]
Group-1	PS 36:4:0	255.23	240116_PS_FTMSMS-_2.mzXML	30.0	130131.8	0.0	0.0	[0.0..0.0]	[0.0..1.0]	[1.0..1.0]	[130131.8..130131.8]	[0.866..0.882]	[0.0..0.0]	[1.0..1.0]	[130131.8..130131.8]	[0.866..0.883]	[0.0..0.0]	0.875034	[113869.74..113869.74]
Group-1	PS 36:4:0	255.23	240116_PS_FTMSMS-_2.mzXML	35.0	180682.9	0.0	0.0	[0.0..0.0]	[0.39999998..1.0]	[1.0..1.0]	[180682.9..180682.9]	[0.881..0.914]	[0.0..0.0]	[1.0..1.0]	[180682.9..180682.9]	[0.891..0.915]	[0.0..0.0]	0.875034	[158103.69..158103.69]
Group-1	PS 36:4:0	279.23	240116_PS_FTMSMS-_2.mzXML	25.0	1198.8	0.0	0.0	[9.0..9.0]	[0.5..0.5]	[0.932..0.932]	[1117.282..1117.282]	[0.5..0.5]	[0.5..0.5]	[0.932..0.932]	[1117.2816..1117.2816]	[0.5..0.5]	[0.5..0.5]	0.875034	[977.65936..977.65936]
Group-1	PS 36:4:0	279.23	240116_PS_FTMSMS-_2.mzXML	30.0	2120.7	0.0	0.0	[9.0..9.0]	[0.5..0.5]	[0.915..0.915]	[1940.441..1940.441]	[0.5..0.5]	[0.5..0.5]	[0.915..0.915]	[1940.4406..1940.4406]	[0.5..0.5]	[0.5..0.5]	0.875034	[1697.9513..1697.9513]
Group-1	PS 36:4:0	279.23	240116_PS_FTMSMS-_2.mzXML	35.0	2349.8	0.0	0.0	[9.0..9.0]	[0.5..0.5]	[0.922..0.922]	[2166.516..2166.516]	[0.5..0.5]	[0.5..0.5]	[0.922..0.922]	[2166.5156..2166.5156]	[0.5..0.5]	[0.5..0.5]	0.875034	[1895.7747..1895.7747]
Group-1	PS 36:4:0	303.23	240116_PS_FTMSMS-_2.mzXML	25.0	10876.1	0.0	0.0	[5.0..8.0]	[0.0..1.0]	[0.965..1.036]	[10495.436..11267.64]	[0.168..0.178]	[1.0..1.0]	[0.996..1.036]	[10832.595..11267.64]	[0.172..0.178]	[1.0..1.0]	0.875034	[9183.863..9859.567]
Group-1	PS 36:4:0	303.23	240116_PS_FTMSMS-_2.mzXML	30.0	15164.6	0.0	0.0	[5.0..8.0]	[0.0..1.0]	[1.147..1.33]	[17393.795..20168.918]	[0.118..0.134]	[1.0..1.0]	[1.142..1.33]	[17317.973..20168.918]	[0.117..0.134]	[1.0..1.0]	0.875034	[15220.162..17648.488]
Group-1	PS 36:4:0	303.23	240116_PS_FTMSMS-_2.mzXML	35.0	11593.0	0.0	0.0	[5.0..8.0]	[0.0..0.6]	[1.462..2.099]	[16948.967..24333.707]	[0.086..0.119]	[1.0..1.0]	[1.444..1.906]	[16740.293..22096.258]	[0.085..0.109]	[1.0..1.0]	0.875034	[14830.921..21292.82]
Group-1	PS 36:4:0	305.25	240116_PS_FTMSMS-_2.mzXML	25.0	429.4	0.0	0.0	[5.0..11.0]	[0.0..0.7]	[0.909..1.343]	[390.325..576.684]	[0.106..0.147]	[1.0..1.0]	[0.94..0.95]	[403.636..407.93]	[0.109..0.11]	[1.0..1.0]	0.875034	[341.54727..504.6183]
Group-1	PS 36:4:0	305.25	240116_PS_FTMSMS-_2.mzXML	30.0	611.1	0.0	0.0	[5.0..11.0]	[0.0..0.0]	[0.959..1.078]	[586.045..658.766]	[0.064..0.071]	[1.0..1.0]	[0.957..1.075]	[584.8227..656.9325]	[0.064..0.071]	[1.0..1.0]	0.875034	[512.80914..576.4424]
Group-1	PS 36:4:0	305.25	240116_PS_FTMSMS-_2.mzXML	35.0	733.8	0.0	0.0	[5.0..11.0]	[0.0..0.7]	[1.031..1.44]	[756.548..1056.672]	[0.064..0.084]	[1.0..1.0]	[1.014..1.322]	[744.07324..970.0836]	[0.063..0.08]	[1.0..1.0]	0.875034	[662.005..924.6239]
Group-1	PS 37:0:0	283.26	240116_PS_FTMSMS-_2.mzXML	25.0	27441.9	0.0	0.0	[0.0..0.0]	[0.0..1.0]	[0.986..1.005]	[27057.713..27579.11]	[1.0..1.0]	[0.0..0.0]	[0.986..0.986]	[27057.713..27057.713]	[1.0..1.0]	[0.0..0.0]	0.854385	[23117.705..23563.18]
Group-1	PS 37:0:0	283.26	240116_PS_FTMSMS-_2.mzXML	30.0	70112.9	0.0	0.0	[0.0..0.0]	[0.0..1.0]	[0.968..0.978]	[67869.29..68570.414]	[1.0..1.0]	[0.0..0.0]	[0.968..0.968]	[67869.29..67869.29]	[1.0..1.0]	[0.0..0.0]	0.854385	[57986.5..58585.535]
Group-1	PS 37:0:0	283.26	240116_PS_FTMSMS-_2.mzXML	35.0	87967.2	0.0	0.0	[0.0..0.0]	[0.0..1.0]	[0.961..0.963]	[84536.484..84712.414]	[1.0..1.0]	[0.0..0.0]	[0.961..0.961]	[84536.484..84536.484]	[1.0..1.0]	[0.0..0.0]	0.854385	[72226.7..72377.016]
Group-1	PS 37:0:0	297.28	240116_PS_FTMSMS-_2.mzXML	25.0	-1.7	0.0	-0.0	[0.0..0.0]	[0.0..1.0]	[0.986..1.012]	[-1.72..-1.676]	[-0.0..-0.0]	[1.0..1.0]	[1.012..1.012]	[-1.7204..-1.7204]	[-0.0..-0.0]	[1.0..1.0]	0.854385	[-1.4698839..-1.4321202]
Group-1	PS 37:0:0	297.28	240116_PS_FTMSMS-_2.mzXML	30.0	-1.7	0.0	-0.0	[0.0..0.0]	[0.0..1.0]	[0.958..0.97]	[-1.649..-1.629]	[-0.0..-0.0]	[1.0..1.0]	[0.97..0.97]	[-1.649..-1.649]	[-0.0..-0.0]	[1.0..1.0]	0.854385	[-1.408881..-1.3914515]
Group-1	PS 37:0:0	297.28	240116_PS_FTMSMS-_2.mzXML	35.0	-1.7	0.0	-0.0	[0.0..0.0]	[0.0..1.0]	[0.946..0.947]	[-1.61..-1.608]	[-0.0..-0.0]	[1.0..1.0]	[0.947..0.947]	[-1.6099001..-1.6099001]	[-0.0..-0.0]	[1.0..1.0]	0.854385	[-1.3754746..-1.374022]
Group-1	PS 37:1:0	269.25	240116_PS_FTMSMS-_2.mzXML	25.0	16610.0	0.0	0.0	[0.0..0.0]	[1.0..1.0]	[1.001..1.001]	[16626.611..16626.611]	[0.74..0.74]	[0.0..0.0]	[1.001..1.001]	[16626.611..16626.611]	[0.74..0.74]	[0.0..0.0]	0.8562302	[14236.206..14236.206]
Group-1	PS 37:1:0	269.25	240116_PS_FTMSMS-_2.mzXML	30.0	36750.1	0.0	0.0	[0.0..0.0]	[1.0..1.0]	[0.988..0.988]	[36309.098..36309.098]	[0.749..0.749]	[0.0..0.0]	[0.988..0.988]	[36309.098..36309.098]	[0.749..0.749]	[0.0..0.0]	0.8562302	[31088.947..31088.947]
Group-1	PS 37:1:0	269.25	240116_PS_FTMSMS-_2.mzXML	35.0	46795.2	0.0	0.0	[0.0..0.0]	[1.0..1.0]	[0.98..0.98]	[45859.297..45859.297]	[0.762..0.762]	[0.0..0.0]	[0.98..0.98]	[45859.297..45859.297]	[0.762..0.762]	[0.0..0.0]	0.8562302	[39266.113..39266.113]
Group-1	PS 37:1:0	281.25	240116_PS_FTMSMS-_2.mzXML	25.0	79101.5	0.0	0.0	[9.0..9.0]	[0.0..1.0]	[0.893..0.928]	[70637.64..73406.19]	[0.506..0.509]	[0.49..0.64]	[0.91..0.915]	[71982.37..72377.875]	[0.508..0.508]	[0.487..0.637]	0.8562302	[60482.082..62852.598]
Group-1	PS 37:1:0	281.25	240116_PS_FTMSMS-_2.mzXML	30.0	140305.4	0.0	0.0	[9.0..9.0]	[0.0..1.0]	[0.914..0.919]	[128239.14..128940.67]	[0.457..0.458]	[0.49..0.64]	[0.916..0.917]	[128519.75..128660.055]	[0.458..0.458]	[0.487..0.637]	0.8562302	[109802.23..110402.9]
Group-1	PS 37:1:0	281.25	240116_PS_FTMSMS-_2.mzXML	35.0	153356.7	0.0	0.0	[9.0..9.0]	[0.0..1.0]	[0.904..0.932]	[138634.45..142928.44]	[0.433..0.44]	[0.49..0.64]	[0.918..0.922]	[140781.45..141394.88]	[0.437..0.438]	[0.487..0.637]	0.8562302	[118703.01..122379.65]
Group-1	PS 37:1:0	283.26	240116_PS_FTMSMS-_2.mzXML	25.0	148766.4	0.0	0.0	[0.0..0.0]	[0.6..0.6]	[0.997..0.997]	[148320.11..148320.11]	[0.845..0.845]	[0.0..0.0]	[0.997..0.997]	[148320.11..148320.11]	[0.845..0.845]	[0.0..0.0]	0.8562302	[126996.15..126996.15]
Group-1	PS 37:1:0	283.26	240116_PS_FTMSMS-_2.mzXML	30.0	321190.2	0.0	0.0	[0.0..0.0]	[0.0..0.0]	[0.968..0.968]	[310912.1..310912.1]	[0.865..0.865]	[0.0..0.0]	[0.968..0.968]	[310912.1..310912.1]	[0.865..0.865]	[0.0..0.0]	0.8562302	[266212.34..266212.34]
Group-1	PS 37:1:0	283.26	240116_PS_FTMSMS-_2.mzXML	35.0	411371.6	0.0	0.0	[0.0..0.0]	[0.0..0.6]	[0.961..0.962]	[395328.12..395739.47]	[0.88..0.882]	[0.0..0.0]	[0.961..0.961]	[395328.12..395328.12]	[0.88..0.88]	[0.0..0.0]	0.8562302	[338491.88..338844.1]
Group-1	PS 37:1:0	295.26	240116_PS_FTMSMS-_2.mzXML	25.0	30294.8	0.0	0.0	[9.0..9.0]	[0.4..0.4]	[0.901..0.901]	[27295.615..27295.615]	[0.155..0.155]	[1.0..1.0]	[0.901..0.901]	[27295.615..27295.615]	[0.155..0.155]	[1.0..1.0]	0.8562302	[23371.332..23371.332]
Group-1	PS 37:1:0	295.26	240116_PS_FTMSMS-_2.mzXML	30.0	53940.3	0.0	0.0	[9.0..9.0]	[1.0..1.0]	[0.898..0.898]	[48438.39..48438.39]	[0.135..0.135]	[1.0..1.0]	[0.898..0.898]	[48438.39..48438.39]	[0.135..0.135]	[1.0..1.0]	0.8562302	[41474.414..41474.414]
Group-1	PS 37:1:0	295.26	240116_PS_FTMSMS-_2.mzXML	35.0	60217.9	0.0	0.0	[9.0..9.0]	[0.4..1.0]	[0.88..0.893]	[52991.754..53774.586]	[0.118..0.12]	[1.0..1.0]	[0.893..0.893]	[53774.582..53774.582]	[0.12..0.12]	[1.0..1.0]	0.8562302	[45373.137..46043.42]
Group-1	PS 37:1:0	297.28	240116_PS_FTMSMS-_2.mzXML	25.0	70054.9	0.0	0.0	[0.0..0.0]	[0.0..1.0]	[0.986..1.012]	[69074.13..70895.555]	[0.491..0.494]	[0.36..0.51]	[0.995..0.999]	[69704.625..69984.84]	[0.492..0.492]	[0.363..0.513]	0.8562302	[59143.36..60702.918]
Group-1	PS 37:1:0	297.28	240116_PS_FTMSMS-_2.mzXML	30.0	158210.2	0.0	0.0	[0.0..0.0]	[0.0..1.0]	[0.958..0.97]	[151565.38..153463.9]	[0.542..0.543]	[0.36..0.51]	[0.962..0.964]	[152198.22..152514.64]	[0.542..0.542]	[0.363..0.513]	0.8562302	[129774.86..131400.44]
Group-1	PS 37:1:0	297.28	240116_PS_FTMSMS-_2.mzXML	35.0	191953.1	0.0	0.0	[0.0..0.0]	[0.0..1.0]	[0.946..0.947]	[181587.62..181779.58]	[0.56..0.567]	[0.36..0.51]	[0.946..0.947]	[181587.62..181779.58]	[0.562..0.563]	[0.363..0.513]	0.8562302	[155480.8..155645.17]
Group-1	PS 37:1:0	309.28	240116_PS_FTMSMS-_2.mzXML	25.0	6489.3	0.0	0.0	[11.0..11.0]	[0.0..0.0]	[0.901..0.901]	[5846.86..5846.86]	[0.26..0.26]	[1.0..1.0]	[0.901..0.901]	[5846.8594..5846.8594]	[0.26..0.26]	[1.0..1.0]	0.8562302	[5006.2573..5006.2573]
Group-1	PS 37:1:0	309.28	240116_PS_FTMSMS-_2.mzXML	30.0	13552.2	0.0	0.0	[11.0..11.0]	[0.0..0.0]	[0.898..0.898]	[12169.876..12169.876]	[0.251..0.251]	[1.0..1.0]	[0.898..0.898]	[12169.876..12169.876]	[0.251..0.251]	[1.0..1.0]	0.8562302	[10420.215..10420.215]
Group-1	PS 37:1:0	309.28	240116_PS_FTMSMS-_2.mzXML	35.0	16166.4	0.0	0.0	[11.0..11.0]	[0.0..0.0]	[0.884..0.884]	[14291.098..14291.098]	[0.238..0.238]	[1.0..1.0]	[0.884..0.884]	[14291.098..14291.098]	[0.238..0.238]	[1.0..1.0]	0.8562302	[12236.47..12236.47]
Group-1	PS 37:2:0	267.23	240116_PS_FTMSMS-_2.mzXML	25.0	1293.6	0.0	0.0	[9.0..9.0]	[1.0..1.0]	[0.932..0.932]	[1205.635..1205.635]	[0.404..0.404]	[0.71..0.87]	[0.932..0.932]	[1205.6351..1205.6351]	[0.404..0.404]	[0.714..0.874]	0.85807484	[1034.5253..1034.5253]
Group-1	PS 37:2:0	267.23	240116_PS_FTMSMS-_2.mzXML	30.0	2360.0	0.0	0.0	[9.0..9.0]	[0.39999998..0.39999998]	[0.939..0.939]	[2216.04..2216.04]	[0.336..0.336]	[0.71..0.87]	[0.939..0.939]	[2216.04..2216.04]	[0.336..0.336]	[0.714..0.874]	0.85807484	[1901.5282..1901.5282]
Group-1	PS 37:2:0	267.23	240116_PS_FTMSMS-_2.mzXML	35.0	2736.1	0.0	0.0	[9.0..9.0]	[0.39999998..1.0]	[0.931..0.952]	[2547.309..2604.767]	[0.342..0.343]	[0.71..0.87]	[0.946..0.949]	[2588.3506..2596.559]	[0.345..0.345]	[0.714..0.874]	0.85807484	[2185.7817..2235.0852]
Group-1	PS 37:2:0	269.25	240116_PS_FTMSMS-_2.mzXML	25.0	3704.6	0.0	0.0	[0.0..0.0]	[1.0..1.0]	[1.001..1.001]	[3708.305..3708.305]	[0.733..0.733]	[0.0..0.0]	[1.001..1.001]	[3708.305..3708.305]	[0.733..0.733]	[0.0..0.0]	0.85807484	[3182.0032..3182.0032]
Group-1	PS 37:2:0	269.25	240116_PS_FTMSMS-_2.mzXML	30.0	9104.3	0.0	0.0	[0.0..0.0]	[1.0..1.0]	[0.988..0.988]	[8995.048..8995.048]	[0.755..0.755]	[0.0..0.0]	[0.988..0.988]	[8995.048..8995.048]	[0.755..0.755]	[0.0..0.0]	0.85807484	[7718.4243..7718.4243]
Group-1	PS 37:2:0	269.25	240116_PS_FTMSMS-_2.mzXML	35.0	10801.6	0.0	0.0	[0.0..0.0]	[1.0..1.0]	[0.98..0.98]	[10585.567..10585.567]	[0.785..0.785]	[0.0..0.0]	[0.98..0.98]	[10585.567..10585.567]	[0.785..0.785]	[0.0..0.0]	0.85807484	[9083.21..9083.21]
Group-1	PS 37:2:0	279.23	240116_PS_FTMSMS-_2.mzXML	25.0	681.7	0.0	0.0	[9.0..9.0]	[0.0..1.0]	[0.878..0.909]	[598.533..619.665]	[0.439..0.441]	[0.64..0.79]	[0.898..0.902]	[612.1666..614.89343]	[0.443..0.443]	[0.636..0.79]	0.85807484	[513.5858..531.71924]
Group-1	PS 37:2:0	279.23	240116_PS_FTMSMS-_2.mzXML	30.0	1298.1	0.0	0.0	[9.0..9.0]	[0.0..1.0]	[0.919..0.923]	[1192.954..1198.146]	[0.419..0.421]	[0.64..0.79]	[0.922..0.922]	[1196.8481..1196.8481]	[0.421..0.421]	[0.636..0.79]	0.85807484	[1023.64374..1028.0991]
Group-1	PS 37:2:0	279.23	240116_PS_FTMSMS-_2.mzXML	35.0	1235.7	0.0	0.0	[9.0..9.0]	[0.0..1.0]	[0.95..0.972]	[1173.915..1201.1]	[0.368..0.373]	[0.64..0.79]	[0.964..0.967]	[1191.2147..1194.9219]	[0.372..0.372]	[0.636..0.79]	0.85807484	[1007.3068..1030.6339]
Group-1	PS 37:2:0	281.25	240116_PS_FTMSMS-_2.mzXML	25.0	52148.0	0.0	0.0	[9.0..9.0]	[1.0..1.0]	[0.928..0.928]	[48393.344..48393.344]	[0.542..0.542]	[0.41..0.51]	[0.928..0.928]	[48393.344..48393.344]	[0.542..0.542]	[0.407..0.514]	0.85807484	[41525.11..41525.11]
Group-1	PS 37:2:0	281.25	240116_PS_FTMSMS-_2.mzXML	30.0	99512.8	0.0	0.0	[9.0..9.0]	[1.0..1.0]	[0.914..0.914]	[90954.695..90954.695]	[0.499..0.499]	[0.41..0.51]	[0.914..0.914]	[90954.695..90954.695]	[0.499..0.499]	[0.407..0.514]	0.85807484	[78045.94..78045.94]
Group-1	PS 37:2:0	281.25	240116_PS_FTMSMS-_2.mzXML	35.0	114055.7	0.0	0.0	[9.0..9.0]	[1.0..1.0]	[0.904..0.904]	[103106.35..103106.35]	[0.494..0.494]	[0.41..0.51]	[0.904..0.904]	[103106.35..103106.35]	[0.494..0.494]	[0.407..0.514]	0.85807484	[88472.97..88472.97]
Group-1	PS 37:2:0	283.26	240116_PS_FTMSMS-_2.mzXML	25.0	10141.2	0.0	0.0	[0.0..0.0]	[1.0..1.0]	[1.005..1.005]	[10191.906..10191.906]	[0.808..0.808]	[0.0..0.0]	[1.005..1.005]	[10191.906..10191.906]	[0.808..0.808]	[0.0..0.0]	0.85807484	[8745.419..8745.419]
Group-1	PS 37:2:0	283.26	240116_PS_FTMSMS-_2.mzXML	30.0	23159.6	0.0	0.0	[0.0..0.0]	[1.0..1.0]	[0.978..0.978]	[22650.088..22650.088]	[0.861..0.861]	[0.0..0.0]	[0.978..0.978]	[22650.088..22650.088]	[0.861..0.861]	[0.0..0.0]	0.85807484	[19435.47..19435.47]
Group-1	PS 37:2:0	283.26	240116_PS_FTMSMS-_2.mzXML	35.0	27968.2	0.0	0.0	[0.0..0.0]	[1.0..1.0]	[0.963..0.963]	[26933.377..26933.377]	[0.872..0.872]	[0.0..0.0]	[0.963..0.963]	[26933.375..26933.375]	[0.872..0.872]	[0.0..0.0]	0.85807484	[23110.854..23110.854]
Group-1	PS 37:2:0	293.25	240116_PS_FTMSMS-_2.mzXML	25.0	2795.4	0.0	0.0	[9.0..9.0]	[0.0..0.0]	[0.867..0.867]	[2423.612..2423.612]	[0.192..0.192]	[1.0..1.0]	[0.867..0.867]	[2423.6116..2423.6116]	[0.192..0.192]	[1.0..1.0]	0.85807484	[2079.6401..2079.6401]
Group-1	PS 37:2:0	293.25	240116_PS_FTMSMS-_2.mzXML	30.0	4083.5	0.0	0.0	[9.0..9.0]	[0.0..0.0]	[0.898..0.898]	[3666.983..3666.983]	[0.139..0.139]	[1.0..1.0]	[0.898..0.898]	[3666.983..3666.983]	[0.139..0.139]	[1.0..1.0]	0.85807484	[3146.546..3146.546]
Group-1	PS 37:2:0	293.25	240116_PS_FTMSMS-_2.mzXML	35.0	4219.4	0.0	0.0	[9.0..9.0]	[0.0..0.0]	[0.936..0.936]	[3949.358..3949.358]	[0.128..0.128]	[1.0..1.0]	[0.936..0.936]	[3949.3582..3949.3582]	[0.128..0.128]	[1.0..1.0]	0.85807484	[3388.845..3388.845]
Group-1	PS 37:2:0	295.26	240116_PS_FTMSMS-_2.mzXML	25.0	46187.9	0.0	0.0	[9.0..9.0]	[0.0..0.0]	[0.885..0.885]	[40876.29..40876.29]	[0.458..0.458]	[0.49..0.59]	[0.885..0.885]	[40876.29..40876.29]	[0.458..0.458]	[0.486..0.593]	0.85807484	[35074.914..35074.914]
Group-1	PS 37:2:0	295.26	240116_PS_FTMSMS-_2.mzXML	30.0	101483.1	0.0	0.0	[9.0..9.0]	[0.0..0.0]	[0.899..0.899]	[91233.305..91233.305]	[0.501..0.501]	[0.49..0.59]	[0.899..0.899]	[91233.305..91233.305]	[0.501..0.501]	[0.486..0.593]	0.85807484	[78285.0..78285.0]
Group-1	PS 37:2:0	295.26	240116_PS_FTMSMS-_2.mzXML	35.0	117313.9	0.0	0.0	[9.0..9.0]	[0.0..0.0]	[0.902..0.902]	[105817.14..105817.14]	[0.506..0.506]	[0.49..0.59]	[0.902..0.902]	[105817.14..105817.14]	[0.506..0.506]	[0.486..0.593]	0.85807484	[90799.02..90799.02]
Group-1	PS 37:2:0	297.28	240116_PS_FTMSMS-_2.mzXML	25.0	776.6	0.0	0.0	[0.0..0.0]	[0.0..1.0]	[0.986..1.012]	[765.728..785.919]	[0.559..0.561]	[0.21..0.36]	[0.991..0.995]	[769.6106..772.717]	[0.557..0.557]	[0.21..0.364]	0.85807484	[657.0516..674.37744]
Group-1	PS 37:2:0	297.28	240116_PS_FTMSMS-_2.mzXML	30.0	1710.8	0.0	0.0	[0.0..0.0]	[0.0..1.0]	[0.958..0.97]	[1638.946..1659.476]	[0.579..0.581]	[0.21..0.36]	[0.961..0.962]	[1644.0789..1645.7897]	[0.579..0.579]	[0.21..0.364]	0.85807484	[1406.3387..1423.9547]
Group-1	PS 37:2:0	297.28	240116_PS_FTMSMS-_2.mzXML	35.0	2128.6	0.0	0.0	[0.0..0.0]	[0.0..1.0]	[0.946..0.947]	[2013.656..2015.784]	[0.627..0.632]	[0.21..0.36]	[0.946..0.946]	[2013.6556..2013.6556]	[0.628..0.628]	[0.21..0.364]	0.85807484	[1727.8672..1729.6938]
Group-1	PS 37:2:0	307.26	240116_PS_FTMSMS-_2.mzXML	25.0	1527.2	0.0	0.0	[11.0..11.0]	[0.0..0.0]	[0.883..0.883]	[1348.518..1348.518]	[0.267..0.267]	[1.0..1.0]	[0.883..0.883]	[1348.5176..1348.5176]	[0.267..0.267]	[1.0..1.0]	0.85807484	[1157.129..1157.129]
Group-1	PS 37:2:0	307.26	240116_PS_FTMSMS-_2.mzXML	30.0	3287.2	0.0	0.0	[11.0..11.0]	[0.0..0.0]	[0.888..0.888]	[2919.034..2919.034]	[0.245..0.245]	[1.0..1.0]	[0.888..0.888]	[2919.0337..2919.0337]	[0.245..0.245]	[1.0..1.0]	0.85807484	[2504.7493..2504.7493]
Group-1	PS 37:2:0	307.26	240116_PS_FTMSMS-_2.mzXML	35.0	3233.3	0.0	0.0	[11.0..11.0]	[0.0..0.0]	[0.897..0.897]	[2900.27..2900.27]	[0.215..0.215]	[1.0..1.0]	[0.897..0.897]	[2900.2703..2900.2703]	[0.215..0.215]	[1.0..1.0]	0.85807484	[2488.6487..2488.6487]
Group-1	PS 37:2:0	309.28	240116_PS_FTMSMS-_2.mzXML	25.0	1971.6	0.0	0.0	[11.0..11.0]	[0.0..0.0]	[0.901..0.901]	[1776.412..1776.412]	[0.596..0.596]	[0.13..0.29]	[0.901..0.901]	[1776.4116..1776.4116]	[0.596..0.596]	[0.126..0.286]	0.85807484	[1524.2942..1524.2942]
Group-1	PS 37:2:0	309.28	240116_PS_FTMSMS-_2.mzXML	30.0	4890.7	0.0	0.0	[11.0..11.0]	[0.6..0.6]	[0.895..0.895]	[4377.177..4377.177]	[0.664..0.664]	[0.13..0.29]	[0.895..0.895]	[4377.177..4377.177]	[0.664..0.664]	[0.126..0.286]	0.85807484	[3755.9453..3755.9453]
Group-1	PS 37:2:0	309.28	240116_PS_FTMSMS-_2.mzXML	35.0	5642.7	0.0	0.0	[11.0..11.0]	[0.0..0.6]	[0.867..0.884]	[4892.221..4988.147]	[0.657..0.658]	[0.13..0.29]	[0.869..0.872]	[4903.5063..4920.4346]	[0.655..0.655]	[0.126..0.286]	0.85807484	[4197.8916..4280.203]
Group-1	PS 37:3:0	269.25	240116_PS_FTMSMS-_2.mzXML	25.0	4050.0	0.0	0.0	[0.0..0.0]	[0.5..1.0]	[0.996..1.001]	[4033.8..4054.05]	[0.632..0.727]	[0.0..0.0]	[0.996..0.996]	[4033.8..4033.8]	[0.718..0.72]	[0.0..0.0]	0.85993737	[3468.8154..3486.2292]
Group-1	PS 37:3:0	269.25	240116_PS_FTMSMS-_2.mzXML	30.0	8186.3	0.0	0.0	[0.0..0.0]	[0.5..1.0]	[0.984..0.988]	[8055.32..8088.064]	[0.702..0.765]	[0.0..0.0]	[0.984..0.984]	[8055.3193..8055.3193]	[0.744..0.765]	[0.0..0.0]	0.85993737	[6927.07..6955.2285]
Group-1	PS 37:3:0	269.25	240116_PS_FTMSMS-_2.mzXML	35.0	10120.7	0.0	0.0	[0.0..0.0]	[1.0..1.0]	[0.98..0.98]	[9918.286..9918.286]	[0.76..0.805]	[0.0..0.0]	[0.98..0.98]	[9918.286..9918.286]	[0.763..0.807]	[0.0..0.0]	0.85993737	[8529.1045..8529.1045]
Group-1	PS 37:3:0	279.23	240116_PS_FTMSMS-_2.mzXML	25.0	617.1	0.0	0.0	[9.0..9.0]	[1.0..1.0]	[0.909..0.909]	[560.944..560.944]	[0.584..0.584]	[0.31..0.57]	[0.909..0.909]	[560.94385..560.94385]	[0.584..0.584]	[0.313..0.566]	0.85993737	[482.37662..482.37662]
Group-1	PS 37:3:0	279.23	240116_PS_FTMSMS-_2.mzXML	30.0	855.0	0.0	0.0	[9.0..9.0]	[1.0..1.0]	[0.919..0.919]	[785.745..785.745]	[0.471..0.471]	[0.31..0.57]	[0.919..0.919]	[785.745..785.745]	[0.471..0.471]	[0.313..0.566]	0.85993737	[675.6915..675.6915]
Group-1	PS 37:3:0	279.23	240116_PS_FTMSMS-_2.mzXML	35.0	1288.1	0.0	0.0	[9.0..9.0]	[1.0..1.0]	[0.95..0.95]	[1223.695..1223.695]	[0.529..0.529]	[0.31..0.57]	[0.95..0.95]	[1223.695..1223.695]	[0.529..0.529]	[0.313..0.566]	0.85993737	[1052.301..1052.301]
Group-1	PS 37:3:0	281.25	240116_PS_FTMSMS-_2.mzXML	25.0	11368.9	0.0	0.0	[9.0..9.0]	[1.0..1.0]	[0.928..0.928]	[10550.339..10550.339]	[0.797..0.797]	[0.0..0.0]	[0.928..0.928]	[10550.339..10550.339]	[0.797..0.797]	[0.0..0.0]	0.85993737	[9072.631..9072.631]
Group-1	PS 37:3:0	281.25	240116_PS_FTMSMS-_2.mzXML	30.0	23376.4	0.0	0.0	[9.0..9.0]	[1.0..1.0]	[0.914..0.914]	[21366.03..21366.03]	[0.787..0.787]	[0.0..0.0]	[0.914..0.914]	[21366.03..21366.03]	[0.787..0.787]	[0.0..0.0]	0.85993737	[18373.447..18373.447]
Group-1	PS 37:3:0	281.25	240116_PS_FTMSMS-_2.mzXML	35.0	27567.4	0.0	0.0	[9.0..9.0]	[1.0..1.0]	[0.904..0.904]	[24920.93..24920.93]	[0.775..0.775]	[0.0..0.0]	[0.904..0.904]	[24920.93..24920.93]	[0.775..0.775]	[0.0..0.0]	0.85993737	[21430.44..21430.44]
Group-1	PS 37:3:0	283.26	240116_PS_FTMSMS-_2.mzXML	25.0	12551.9	0.0	0.0	[0.0..0.0]	[0.5..1.0]	[0.995..1.005]	[12489.141..12614.66]	[0.874..0.914]	[0.0..0.0]	[0.995..0.995]	[12489.141..12489.141]	[0.911..0.911]	[0.0..0.0]	0.85993737	[10739.88..10847.817]
Group-1	PS 37:3:0	283.26	240116_PS_FTMSMS-_2.mzXML	30.0	26698.7	0.0	0.0	[0.0..0.0]	[1.0..1.0]	[0.978..0.978]	[26111.328..26111.328]	[0.935..0.939]	[0.0..0.0]	[0.978..0.978]	[26111.328..26111.328]	[0.935..0.94]	[0.0..0.0]	0.85993737	[22454.105..22454.105]
Group-1	PS 37:3:0	283.26	240116_PS_FTMSMS-_2.mzXML	35.0	34057.5	0.0	0.0	[0.0..0.0]	[0.5..1.0]	[0.962..0.963]	[32763.314..32797.37]	[0.918..0.935]	[0.0..0.0]	[0.962..0.962]	[32763.314..32763.314]	[0.925..0.936]	[0.0..0.0]	0.85993737	[28174.398..28203.686]
Group-1	PS 37:3:0	291.23	240116_PS_FTMSMS-_2.mzXML	25.0	1297.5	0.0	0.0	[6.0..9.0]	[0.0..0.5]	[0.904..1.399]	[1172.94..1815.203]	[0.086..0.126]	[1.0..1.0]	[0.935..0.939]	[1213.1625..1218.3525]	[0.089..0.089]	[1.0..1.0]	0.85993737	[1008.65485..1560.9604]
Group-1	PS 37:3:0	291.23	240116_PS_FTMSMS-_2.mzXML	30.0	1708.2	0.0	0.0	[6.0..9.0]	[0.0..0.0]	[0.985..1.06]	[1682.577..1810.692]	[0.061..0.065]	[1.0..1.0]	[0.982..1.058]	[1677.4524..1807.2755]	[0.06..0.065]	[1.0..1.0]	0.85993737	[1446.9108..1557.0815]
Group-1	PS 37:3:0	291.23	240116_PS_FTMSMS-_2.mzXML	35.0	2073.9	0.0	0.0	[6.0..9.0]	[0.0..0.5]	[1.107..1.408]	[2295.807..2920.051]	[0.065..0.082]	[1.0..1.0]	[1.089..1.273]	[2258.477..2640.0745]	[0.064..0.075]	[1.0..1.0]	0.85993737	[1974.2505..2511.061]
Group-1	PS 37:3:0	293.25	240116_PS_FTMSMS-_2.mzXML	25.0	3099.4	0.0	0.0	[9.0..9.0]	[0.0..0.0]	[0.867..0.867]	[2687.18..2687.18]	[0.203..0.203]	[1.0..1.0]	[0.867..0.867]	[2687.1797..2687.1797]	[0.203..0.203]	[1.0..1.0]	0.85993737	[2310.8062..2310.8062]
Group-1	PS 37:3:0	293.25	240116_PS_FTMSMS-_2.mzXML	30.0	6432.3	0.0	0.0	[9.0..9.0]	[0.0..0.0]	[0.898..0.898]	[5776.205..5776.205]	[0.213..0.213]	[1.0..1.0]	[0.898..0.898]	[5776.205..5776.205]	[0.213..0.213]	[1.0..1.0]	0.85993737	[4967.175..4967.175]
Group-1	PS 37:3:0	293.25	240116_PS_FTMSMS-_2.mzXML	35.0	7747.3	0.0	0.0	[9.0..9.0]	[0.0..0.0]	[0.936..0.936]	[7251.473..7251.473]	[0.225..0.225]	[1.0..1.0]	[0.936..0.936]	[7251.4727..7251.4727]	[0.225..0.225]	[1.0..1.0]	0.85993737	[6235.812..6235.812]
Group-1	PS 37:3:0	295.26	240116_PS_FTMSMS-_2.mzXML	25.0	452.0	0.0	0.0	[9.0..9.0]	[0.0..0.0]	[0.885..0.885]	[400.02..400.02]	[0.416..0.416]	[0.43..0.69]	[0.885..0.885]	[400.02..400.02]	[0.416..0.416]	[0.434..0.687]	0.85993737	[343.99213..343.99213]
Group-1	PS 37:3:0	295.26	240116_PS_FTMSMS-_2.mzXML	30.0	981.6	0.0	0.0	[9.0..9.0]	[0.0..0.0]	[0.899..0.899]	[882.458..882.458]	[0.529..0.529]	[0.43..0.69]	[0.899..0.899]	[882.4584..882.4584]	[0.529..0.529]	[0.434..0.687]	0.85993737	[758.85895..758.85895]
Group-1	PS 37:3:0	295.26	240116_PS_FTMSMS-_2.mzXML	35.0	1206.5	0.0	0.0	[9.0..9.0]	[0.0..0.0]	[0.902..0.902]	[1088.263..1088.263]	[0.471..0.471]	[0.43..0.69]	[0.902..0.902]	[1088.2631..1088.2631]	[0.471..0.471]	[0.434..0.687]	0.85993737	[935.838..935.838]
Group-1	PS 37:3:0	305.25	240116_PS_FTMSMS-_2.mzXML	25.0	1669.4	0.0	0.0	[5.0..11.0]	[0.0..0.5]	[0.909..1.413]	[1517.485..2358.862]	[0.273..0.368]	[1.0..1.0]	[0.94..0.95]	[1569.236..1585.93]	[0.28..0.282]	[1.0..1.0]	0.85993737	[1304.9417..2028.4738]
Group-1	PS 37:3:0	305.25	240116_PS_FTMSMS-_2.mzXML	30.0	2580.2	0.0	0.0	[5.0..11.0]	[0.0..0.5]	[0.959..1.332]	[2474.412..3436.827]	[0.235..0.298]	[1.0..1.0]	[0.957..1.075]	[2469.2515..2773.715]	[0.235..0.256]	[1.0..1.0]	0.85993737	[2127.839..2955.4553]
Group-1	PS 37:3:0	305.25	240116_PS_FTMSMS-_2.mzXML	35.0	2333.1	0.0	0.0	[5.0..11.0]	[0.0..0.0]	[1.031..1.339]	[2405.426..3124.021]	[0.195..0.24]	[1.0..1.0]	[1.014..1.322]	[2365.7637..3084.3584]	[0.193..0.237]	[1.0..1.0]	0.85993737	[2068.5159..2686.4624]
Group-1	PS 37:4:0	267.23	240116_PS_FTMSMS-_2.mzXML	25.0	1491.0	0.0	0.0	[9.0..9.0]	[0.19999999..1.0]	[0.91..0.932]	[1356.81..1389.612]	[0.766..0.814]	[0.0..0.0]	[0.91..0.91]	[1356.81..1356.81]	[0.808..0.809]	[0.0..0.0]	0.86180866	[1169.3105..1197.5796]
Group-1	PS 37:4:0	267.23	240116_PS_FTMSMS-_2.mzXML	30.0	3838.8	0.0	0.0	[9.0..9.0]	[1.0..1.0]	[0.932..0.932]	[3577.762..3577.762]	[0.861..0.874]	[0.0..0.0]	[0.932..0.932]	[3577.7615..3577.7615]	[0.861..0.875]	[0.0..0.0]	0.86180866	[3083.3457..3083.3457]
Group-1	PS 37:4:0	267.23	240116_PS_FTMSMS-_2.mzXML	35.0	4783.3	0.0	0.0	[9.0..9.0]	[0.19999999..1.0]	[0.931..0.959]	[4453.252..4587.185]	[0.848..0.882]	[0.0..0.0]	[0.931..0.931]	[4453.252..4453.252]	[0.853..0.883]	[0.0..0.0]	0.86180866	[3837.851..3953.2751]
Group-1	PS 37:4:0	269.25	240116_PS_FTMSMS-_2.mzXML	25.0	15144.4	0.0	0.0	[0.0..0.0]	[0.0..1.0]	[0.99..1.001]	[14992.956..15159.546]	[0.809..0.818]	[0.0..0.0]	[0.99..0.99]	[14992.956..14992.956]	[0.807..0.813]	[0.0..0.0]	0.86180866	[12921.06..13064.627]
Group-1	PS 37:4:0	269.25	240116_PS_FTMSMS-_2.mzXML	30.0	40013.1	0.0	0.0	[0.0..0.0]	[0.0..1.0]	[0.981..0.988]	[39252.85..39532.945]	[0.859..0.875]	[0.0..0.0]	[0.981..0.981]	[39252.85..39252.85]	[0.858..0.876]	[0.0..0.0]	0.86180866	[33828.45..34069.832]
Group-1	PS 37:4:0	269.25	240116_PS_FTMSMS-_2.mzXML	35.0	53089.9	0.0	0.0	[0.0..0.0]	[1.0..1.0]	[0.98..0.98]	[52028.1..52028.1]	[0.886..0.911]	[0.0..0.0]	[0.98..0.98]	[52028.1..52028.1]	[0.887..0.912]	[0.0..0.0]	0.86180866	[44838.27..44838.27]
Group-1	PS 37:4:0	303.23	240116_PS_FTMSMS-_2.mzXML	25.0	3452.9	0.0	0.0	[5.0..8.0]	[0.0..1.0]	[0.965..1.036]	[3332.048..3577.204]	[0.182..0.191]	[1.0..1.0]	[0.996..1.036]	[3439.0884..3577.2043]	[0.187..0.193]	[1.0..1.0]	0.86180866	[2871.5881..3082.8657]
Group-1	PS 37:4:0	303.23	240116_PS_FTMSMS-_2.mzXML	30.0	4878.7	0.0	0.0	[5.0..8.0]	[0.0..1.0]	[1.147..1.33]	[5595.869..6488.672]	[0.125..0.141]	[1.0..1.0]	[1.142..1.33]	[5571.4756..6488.6714]	[0.124..0.142]	[1.0..1.0]	0.86180866	[4822.568..5591.993]
Group-1	PS 37:4:0	303.23	240116_PS_FTMSMS-_2.mzXML	35.0	3476.8	0.0	0.0	[5.0..8.0]	[0.0..0.0]	[1.462..1.927]	[5083.082..6699.794]	[0.089..0.114]	[1.0..1.0]	[1.444..1.906]	[5020.4995..6626.781]	[0.088..0.113]	[1.0..1.0]	0.86180866	[4380.644..5773.9404]
Group-1	PS 37:4:0	305.25	240116_PS_FTMSMS-_2.mzXML	25.0	340.1	0.0	0.0	[5.0..11.0]	[0.0..0.8]	[0.909..1.25]	[309.151..425.125]	[0.186..0.234]	[1.0..1.0]	[0.94..0.95]	[319.694..323.095]	[0.191..0.192]	[1.0..1.0]	0.86180866	[266.42892..366.3764]
Group-1	PS 37:4:0	305.25	240116_PS_FTMSMS-_2.mzXML	30.0	536.1	0.0	0.0	[5.0..11.0]	[0.0..0.0]	[0.959..1.078]	[514.12..577.916]	[0.126..0.139]	[1.0..1.0]	[0.957..1.075]	[513.04767..576.3075]	[0.125..0.139]	[1.0..1.0]	0.86180866	[443.07294..498.0528]
Group-1	PS 37:4:0	305.25	240116_PS_FTMSMS-_2.mzXML	35.0	580.1	0.0	0.0	[5.0..11.0]	[0.0..0.8]	[1.031..1.412]	[598.083..819.101]	[0.118..0.152]	[1.0..1.0]	[1.014..1.322]	[588.22144..766.8922]	[0.117..0.147]	[1.0..1.0]	0.86180866	[515.43317..705.90845]
Group-1	PS 38:1:0	281.25	240116_PS_FTMSMS-_2.mzXML	25.0	151384.4	0.0	0.0	[9.0..9.0]	[0.0..1.0]	[0.893..0.928]	[135186.28..140484.72]	[0.347..0.349]	[0.84..0.9]	[0.922..0.925]	[139576.42..140030.58]	[0.353..0.354]	[0.84..0.904]	0.84360737	[114044.14..118513.945]
Group-1	PS 38:1:0	281.25	240116_PS_FTMSMS-_2.mzXML	30.0	318865.9	0.0	0.0	[9.0..9.0]	[0.0..1.0]	[0.914..0.919]	[291443.44..293037.78]	[0.339..0.341]	[0.84..0.9]	[0.918..0.919]	[292718.9..293037.78]	[0.342..0.342]	[0.84..0.904]	0.84360737	[245863.83..247208.83]
Group-1	PS 38:1:0	281.25	240116_PS_FTMSMS-_2.mzXML	35.0	317050.6	0.0	0.0	[9.0..9.0]	[0.0..1.0]	[0.904..0.932]	[286613.72..295491.16]	[0.317..0.323]	[0.84..0.9]	[0.928..0.929]	[294222.94..294540.0]	[0.322..0.323]	[0.84..0.904]	0.84360737	[241789.45..249278.52]
Group-1	PS 38:1:0	283.26	240116_PS_FTMSMS-_2.mzXML	25.0	1874930.2	0.0	0.0	[0.0..0.0]	[1.0..1.0]	[1.005..1.005]	[1884304.9..1884304.9]	[0.728..0.728]	[0.0..0.0]	[1.005..1.005]	[1884304.9..1884304.9]	[0.728..0.728]	[0.0..0.0]	0.84360737	[1589613.5..1589613.5]
Group-1	PS 38:1:0	283.26	240116_PS_FTMSMS-_2.mzXML	30.0	4453547.5	0.0	0.0	[0.0..0.0]	[0.7..0.7]	[0.975..0.975]	[4342209.0..4342209.0]	[0.762..0.762]	[0.0..0.0]	[0.975..0.975]	[4342209.0..4342209.0]	[0.762..0.762]	[0.0..0.0]	0.84360737	[3663119.5..3663119.5]
Group-1	PS 38:1:0	283.26	240116_PS_FTMSMS-_2.mzXML	35.0	5519658.0	0.0	0.0	[0.0..0.0]	[0.7..1.0]	[0.962..0.963]	[5309911.0..5315430.5]	[0.782..0.783]	[0.0..0.0]	[0.962..0.962]	[5309911.0..5309911.0]	[0.782..0.782]	[0.0..0.0]	0.84360737	[4479480.0..4484136.5]
Group-1	PS 38:1:0	309.28	240116_PS_FTMSMS-_2.mzXML	25.0	782709.5	0.0	0.0	[11.0..11.0]	[0.0..0.0]	[0.901..0.901]	[705221.25..705221.25]	[0.272..0.272]	[1.0..1.0]	[0.901..0.901]	[705221.25..705221.25]	[0.272..0.272]	[1.0..1.0]	0.84360737	[594929.9..594929.9]
Group-1	PS 38:1:0	309.28	240116_PS_FTMSMS-_2.mzXML	30.0	1513906.6	0.0	0.0	[11.0..11.0]	[0.3..0.3]	[0.896..0.896]	[1356460.4..1356460.4]	[0.238..0.238]	[1.0..1.0]	[0.896..0.896]	[1356460.4..1356460.4]	[0.238..0.238]	[1.0..1.0]	0.84360737	[1144320.0..1144320.0]
Group-1	PS 38:1:0	309.28	240116_PS_FTMSMS-_2.mzXML	35.0	1677880.6	0.0	0.0	[11.0..11.0]	[0.0..0.3]	[0.876..0.884]	[1469823.4..1483246.5]	[0.217..0.218]	[1.0..1.0]	[0.884..0.884]	[1483246.5..1483246.5]	[0.218..0.218]	[1.0..1.0]	0.84360737	[1239953.9..1251277.8]
Group-1	PS 38:1:0	311.29	240116_PS_FTMSMS-_2.mzXML	25.0	256945.1	0.0	0.0	[0.0..0.0]	[0.0..1.0]	[0.991..1.022]	[254632.6..262597.88]	[0.651..0.653]	[0.1..0.16]	[0.994..0.996]	[255403.42..255917.31]	[0.646..0.647]	[0.096..0.16]	0.84360737	[214809.94..221529.52]
Group-1	PS 38:1:0	311.29	240116_PS_FTMSMS-_2.mzXML	30.0	591047.4	0.0	0.0	[0.0..0.0]	[0.0..1.0]	[0.953..0.965]	[563268.1..570360.7]	[0.659..0.661]	[0.1..0.16]	[0.954..0.955]	[563859.2..564450.25]	[0.658..0.658]	[0.096..0.16]	0.84360737	[475177.16..481160.47]
Group-1	PS 38:1:0	311.29	240116_PS_FTMSMS-_2.mzXML	35.0	662850.5	0.0	0.0	[0.0..0.0]	[0.0..1.0]	[0.933..0.935]	[618439.56..619765.25]	[0.677..0.683]	[0.1..0.16]	[0.933..0.933]	[618439.56..618439.56]	[0.677..0.678]	[0.096..0.16]	0.84360737	[521720.16..522838.5]
Group-1	PS 38:2:0	281.25	240116_PS_FTMSMS-_2.mzXML	25.0	575008.9	0.0	0.0	[9.0..9.0]	[1.0..1.0]	[0.928..0.928]	[533608.25..533608.25]	[0.53..0.53]	[0.43..0.49]	[0.928..0.928]	[533608.25..533608.25]	[0.53..0.53]	[0.433..0.493]	0.8454025	[451113.72..451113.72]
Group-1	PS 38:2:0	281.25	240116_PS_FTMSMS-_2.mzXML	30.0	1091570.8	0.0	0.0	[9.0..9.0]	[1.0..1.0]	[0.914..0.914]	[997695.6..997695.6]	[0.507..0.507]	[0.43..0.49]	[0.914..0.914]	[997695.6..997695.6]	[0.507..0.507]	[0.433..0.493]	0.8454025	[843454.4..843454.4]
Group-1	PS 38:2:0	281.25	240116_PS_FTMSMS-_2.mzXML	35.0	1300074.2	0.0	0.0	[9.0..9.0]	[1.0..1.0]	[0.904..0.904]	[1175267.1..1175267.1]	[0.503..0.503]	[0.43..0.49]	[0.904..0.904]	[1175267.1..1175267.1]	[0.503..0.503]	[0.433..0.493]	0.8454025	[993573.75..993573.75]
Group-1	PS 38:2:0	283.26	240116_PS_FTMSMS-_2.mzXML	25.0	652140.2	0.0	0.0	[0.0..0.0]	[0.100000024..0.100000024]	[0.988..0.988]	[644314.5..644314.5]	[0.734..0.734]	[0.0..0.0]	[0.988..0.988]	[644314.5..644314.5]	[0.734..0.734]	[0.0..0.0]	0.8454025	[544705.06..544705.06]
Group-1	PS 38:2:0	283.26	240116_PS_FTMSMS-_2.mzXML	30.0	1393536.2	0.0	0.0	[0.0..0.0]	[0.0..0.0]	[0.968..0.968]	[1348943.1..1348943.1]	[0.777..0.777]	[0.0..0.0]	[0.968..0.968]	[1348943.1..1348943.1]	[0.777..0.777]	[0.0..0.0]	0.8454025	[1140399.9..1140399.9]
Group-1	PS 38:2:0	283.26	240116_PS_FTMSMS-_2.mzXML	35.0	1722841.2	0.0	0.0	[0.0..0.0]	[0.0..0.100000024]	[0.961..0.961]	[1655650.5..1655650.5]	[0.796..0.797]	[0.0..0.0]	[0.961..0.961]	[1655650.5..1655650.5]	[0.796..0.796]	[0.0..0.0]	0.8454025	[1399691.0..1399691.0]
Group-1	PS 38:2:0	307.26	240116_PS_FTMSMS-_2.mzXML	25.0	255675.8	0.0	0.0	[11.0..11.0]	[0.9..0.9]	[0.913..0.913]	[233432.0..233432.0]	[0.266..0.266]	[1.0..1.0]	[0.913..0.913]	[233432.0..233432.0]	[0.266..0.266]	[1.0..1.0]	0.8454025	[197343.98..197343.98]
Group-1	PS 38:2:0	307.26	240116_PS_FTMSMS-_2.mzXML	30.0	438135.4	0.0	0.0	[11.0..11.0]	[1.0..1.0]	[0.884..0.884]	[387311.7..387311.7]	[0.223..0.223]	[1.0..1.0]	[0.884..0.884]	[387311.7..387311.7]	[0.223..0.223]	[1.0..1.0]	0.8454025	[327434.25..327434.25]
Group-1	PS 38:2:0	307.26	240116_PS_FTMSMS-_2.mzXML	35.0	482893.4	0.0	0.0	[11.0..11.0]	[0.9..1.0]	[0.875..0.877]	[422531.72..423497.5]	[0.203..0.204]	[1.0..1.0]	[0.877..0.877]	[423497.5..423497.5]	[0.204..0.204]	[1.0..1.0]	0.8454025	[357209.38..358025.84]
Group-1	PS 38:2:0	309.28	240116_PS_FTMSMS-_2.mzXML	25.0	526168.1	0.0	0.0	[11.0..11.0]	[0.0..0.0]	[0.901..0.901]	[474077.5..474077.5]	[0.47..0.47]	[0.51..0.57]	[0.901..0.901]	[474077.5..474077.5]	[0.47..0.47]	[0.507..0.567]	0.8454025	[400786.28..400786.28]
Group-1	PS 38:2:0	309.28	240116_PS_FTMSMS-_2.mzXML	30.0	1080166.8	0.0	0.0	[11.0..11.0]	[0.0..0.0]	[0.898..0.898]	[969989.75..969989.75]	[0.493..0.493]	[0.51..0.57]	[0.898..0.898]	[969989.75..969989.75]	[0.493..0.493]	[0.507..0.567]	0.8454025	[820031.7..820031.7]
Group-1	PS 38:2:0	309.28	240116_PS_FTMSMS-_2.mzXML	35.0	1312348.1	0.0	0.0	[11.0..11.0]	[0.0..0.0]	[0.884..0.884]	[1160115.8..1160115.8]	[0.497..0.497]	[0.51..0.57]	[0.884..0.884]	[1160115.8..1160115.8]	[0.497..0.497]	[0.507..0.567]	0.8454025	[980764.75..980764.75]
Group-1	PS 38:3:0	281.25	240116_PS_FTMSMS-_2.mzXML	25.0	112307.1	0.0	0.0	[9.0..9.0]	[1.0..1.0]	[0.928..0.928]	[104220.984..104220.984]	[0.533..0.533]	[0.33..0.43]	[0.928..0.928]	[104220.984..104220.984]	[0.533..0.533]	[0.329..0.427]	0.847188	[88294.766..88294.766]
Group-1	PS 38:3:0	281.25	240116_PS_FTMSMS-_2.mzXML	30.0	262614.6	0.0	0.0	[9.0..9.0]	[1.0..1.0]	[0.914..0.914]	[240029.73..240029.73]	[0.54..0.54]	[0.33..0.43]	[0.914..0.914]	[240029.73..240029.73]	[0.54..0.54]	[0.329..0.427]	0.847188	[203350.31..203350.31]
Group-1	PS 38:3:0	281.25	240116_PS_FTMSMS-_2.mzXML	35.0	325345.6	0.0	0.0	[9.0..9.0]	[1.0..1.0]	[0.904..0.904]	[294112.4..294112.4]	[0.575..0.575]	[0.33..0.43]	[0.904..0.904]	[294112.4..294112.4]	[0.575..0.575]	[0.329..0.427]	0.847188	[249168.5..249168.5]
Group-1	PS 38:3:0	283.26	240116_PS_FTMSMS-_2.mzXML	25.0	697966.5	0.0	0.0	[0.0..0.0]	[0.7..1.0]	[0.999..1.005]	[697268.56..701456.3]	[0.628..0.711]	[0.0..0.03]	[0.999..0.999]	[697268.56..697268.56]	[0.692..0.702]	[0.0..0.03]	0.847188	[590717.5..594265.4]
Group-1	PS 38:3:0	283.26	240116_PS_FTMSMS-_2.mzXML	30.0	1554809.5	0.0	0.0	[0.0..0.0]	[0.7..1.0]	[0.975..0.978]	[1515939.2..1520603.6]	[0.718..0.774]	[0.0..0.03]	[0.975..0.975]	[1515939.2..1515939.2]	[0.753..0.77]	[0.0..0.03]	0.847188	[1284285.6..1288237.2]
Group-1	PS 38:3:0	283.26	240116_PS_FTMSMS-_2.mzXML	35.0	1736151.1	0.0	0.0	[0.0..0.0]	[1.0..1.0]	[0.963..0.963]	[1671913.5..1671913.5]	[0.744..0.791]	[0.0..0.03]	[0.963..0.963]	[1671913.5..1671913.5]	[0.747..0.792]	[0.0..0.03]	0.847188	[1416425.0..1416425.0]
Group-1	PS 38:3:0	305.25	240116_PS_FTMSMS-_2.mzXML	25.0	311832.5	0.0	0.0	[5.0..11.0]	[0.0..0.3]	[0.909..1.33]	[283455.75..414737.25]	[0.289..0.372]	[0.97..1.0]	[0.95..0.995]	[296240.88..310273.34]	[0.298..0.308]	[0.97..1.0]	0.847188	[240140.3..351360.4]
Group-1	PS 38:3:0	305.25	240116_PS_FTMSMS-_2.mzXML	30.0	461763.0	0.0	0.0	[5.0..11.0]	[0.0..0.3]	[0.959..1.292]	[442830.72..596597.8]	[0.226..0.282]	[0.97..1.0]	[0.983..1.075]	[453913.03..496395.25]	[0.23..0.247]	[0.97..1.0]	0.847188	[375160.84..505430.5]
Group-1	PS 38:3:0	305.25	240116_PS_FTMSMS-_2.mzXML	35.0	428541.5	0.0	0.0	[5.0..11.0]	[0.0..0.0]	[1.031..1.339]	[441826.28..573817.06]	[0.209..0.256]	[0.97..1.0]	[1.026..1.322]	[439683.6..566531.9]	[0.208..0.253]	[0.97..1.0]	0.847188	[374309.94..486130.94]
Group-1	PS 38:3:0	307.26	240116_PS_FTMSMS-_2.mzXML	25.0	103522.9	0.0	0.0	[11.0..11.0]	[0.0..0.0]	[0.883..0.883]	[91410.72..91410.72]	[0.467..0.467]	[0.57..0.67]	[0.883..0.883]	[91410.72..91410.72]	[0.467..0.467]	[0.573..0.671]	0.847188	[77442.07..77442.07]
Group-1	PS 38:3:0	307.26	240116_PS_FTMSMS-_2.mzXML	30.0	230596.7	0.0	0.0	[11.0..11.0]	[0.0..0.0]	[0.888..0.888]	[204769.88..204769.88]	[0.46..0.46]	[0.57..0.67]	[0.888..0.888]	[204769.88..204769.88]	[0.46..0.46]	[0.573..0.671]	0.847188	[173478.6..173478.6]
Group-1	PS 38:3:0	307.26	240116_PS_FTMSMS-_2.mzXML	35.0	242276.1	0.0	0.0	[11.0..11.0]	[0.0..0.0]	[0.897..0.897]	[217321.66..217321.66]	[0.425..0.425]	[0.57..0.67]	[0.897..0.897]	[217321.66..217321.66]	[0.425..0.425]	[0.573..0.671]	0.847188	[184112.3..184112.3]
Group-1	PS 38:4:0	281.25	240116_PS_FTMSMS-_2.mzXML	25.0	463851.1	0.0	0.0	[9.0..9.0]	[0.100000024..1.0]	[0.897..0.928]	[416074.44..430453.8]	[0.881..0.899]	[0.0..0.0]	[0.897..0.897]	[416074.44..416074.44]	[0.894..0.895]	[0.0..0.0]	0.8489996	[353247.03..365455.12]
Group-1	PS 38:4:0	281.25	240116_PS_FTMSMS-_2.mzXML	30.0	1370424.2	0.0	0.0	[9.0..9.0]	[0.100000024..1.0]	[0.914..0.919]	[1252567.8..1259419.9]	[0.938..0.948]	[0.0..0.0]	[0.914..0.914]	[1252567.8..1252567.8]	[0.942..0.948]	[0.0..0.0]	0.8489996	[1063429.5..1069247.0]
Group-1	PS 38:4:0	281.25	240116_PS_FTMSMS-_2.mzXML	35.0	1837032.6	0.0	0.0	[9.0..9.0]	[1.0..1.0]	[0.904..0.904]	[1660677.5..1660677.5]	[0.949..0.96]	[0.0..0.0]	[0.904..0.904]	[1660677.5..1660677.5]	[0.949..0.961]	[0.0..0.0]	0.8489996	[1409914.5..1409914.5]
Group-1	PS 38:4:0	283.26	240116_PS_FTMSMS-_2.mzXML	25.0	2554240.2	0.0	0.0	[0.0..0.0]	[0.0..1.0]	[0.986..1.005]	[2518481.0..2567011.5]	[0.807..0.815]	[0.0..0.0]	[0.986..0.986]	[2518481.0..2518481.0]	[0.804..0.81]	[0.0..0.0]	0.8489996	[2138189.2..2179391.8]
Group-1	PS 38:4:0	283.26	240116_PS_FTMSMS-_2.mzXML	30.0	6464500.0	0.0	0.0	[0.0..0.0]	[0.0..1.0]	[0.968..0.978]	[6257636.0..6322281.0]	[0.864..0.88]	[0.0..0.0]	[0.968..0.968]	[6257636.0..6257636.0]	[0.863..0.88]	[0.0..0.0]	0.8489996	[5312730.5..5367614.0]
Group-1	PS 38:4:0	283.26	240116_PS_FTMSMS-_2.mzXML	35.0	8300249.0	0.0	0.0	[0.0..0.0]	[1.0..1.0]	[0.963..0.963]	[7993140.0..7993140.0]	[0.877..0.904]	[0.0..0.0]	[0.963..0.963]	[7993140.0..7993140.0]	[0.878..0.905]	[0.0..0.0]	0.8489996	[6786172.5..6786172.5]
Group-1	PS 38:4:0	303.23	240116_PS_FTMSMS-_2.mzXML	25.0	592614.4	0.0	0.0	[5.0..8.0]	[0.0..1.0]	[0.965..1.036]	[571872.9..613948.5]	[0.185..0.193]	[1.0..1.0]	[0.996..1.036]	[590243.94..613948.5]	[0.19..0.196]	[1.0..1.0]	0.8489996	[485519.84..521242.03]
Group-1	PS 38:4:0	303.23	240116_PS_FTMSMS-_2.mzXML	30.0	745311.2	0.0	0.0	[5.0..8.0]	[0.0..1.0]	[1.147..1.33]	[854871.9..991263.94]	[0.12..0.136]	[1.0..1.0]	[1.142..1.33]	[851145.4..991263.94]	[0.12..0.137]	[1.0..1.0]	0.8489996	[725785.94..841582.7]
Group-1	PS 38:4:0	303.23	240116_PS_FTMSMS-_2.mzXML	35.0	582788.8	0.0	0.0	[5.0..8.0]	[0.0..0.0]	[1.462..1.927]	[852037.25..1123034.1]	[0.096..0.123]	[1.0..1.0]	[1.444..1.906]	[841547.06..1110795.5]	[0.095..0.122]	[1.0..1.0]	0.8489996	[723379.3..953455.5]
Group-1	PS 38:4:0	305.25	240116_PS_FTMSMS-_2.mzXML	25.0	51671.8	0.0	0.0	[5.0..11.0]	[0.0..0.9]	[0.909..1.12]	[46969.664..57872.414]	[0.101..0.119]	[1.0..1.0]	[0.94..0.95]	[48571.492..49088.21]	[0.105..0.106]	[1.0..1.0]	0.8489996	[39877.23..49133.66]
Group-1	PS 38:4:0	305.25	240116_PS_FTMSMS-_2.mzXML	30.0	71218.4	0.0	0.0	[5.0..11.0]	[0.0..0.9]	[0.959..1.167]	[68298.445..83111.875]	[0.052..0.062]	[1.0..1.0]	[0.957..1.075]	[68156.01..76559.78]	[0.052..0.058]	[1.0..1.0]	0.8489996	[57985.355..70561.95]
Group-1	PS 38:4:0	305.25	240116_PS_FTMSMS-_2.mzXML	35.0	67191.6	0.0	0.0	[5.0..11.0]	[0.0..0.0]	[1.031..1.339]	[69274.54..89969.555]	[0.04..0.051]	[1.0..1.0]	[1.014..1.322]	[68132.29..88827.3]	[0.039..0.051]	[1.0..1.0]	0.8489996	[58814.06..76384.12]
Group-1	PS 38:5:0	255.23	240116_PS_FTMSMS-_2.mzXML	25.0	85683.9	0.0	0.0	[0.0..0.0]	[0.0..1.0]	[1.0..1.0]	[85683.9..85683.9]	[0.771..0.79]	[0.0..0.0]	[1.0..1.0]	[85683.9..85683.9]	[0.771..0.786]	[0.0..0.0]	0.8508197	[72901.55..72901.55]
Group-1	PS 38:5:0	255.23	240116_PS_FTMSMS-_2.mzXML	30.0	157264.3	0.0	0.0	[0.0..0.0]	[0.0..1.0]	[1.0..1.0]	[157264.3..157264.3]	[0.766..0.807]	[0.0..0.0]	[1.0..1.0]	[157264.3..157264.3]	[0.766..0.808]	[0.0..0.0]	0.8508197	[133803.56..133803.56]
Group-1	PS 38:5:0	255.23	240116_PS_FTMSMS-_2.mzXML	35.0	182312.6	0.0	0.0	[0.0..0.0]	[0.0..1.0]	[1.0..1.0]	[182312.6..182312.6]	[0.764..0.832]	[0.0..0.0]	[1.0..1.0]	[182312.6..182312.6]	[0.764..0.832]	[0.0..0.0]	0.8508197	[155115.14..155115.14]
Group-1	PS 38:5:0	281.25	240116_PS_FTMSMS-_2.mzXML	25.0	348777.6	0.0	0.0	[9.0..9.0]	[0.100000024..1.0]	[0.897..0.928]	[312853.5..323665.6]	[0.825..0.852]	[0.0..0.0]	[0.897..0.897]	[312853.5..312853.5]	[0.843..0.848]	[0.0..0.0]	0.8508197	[266181.94..275381.06]
Group-1	PS 38:5:0	281.25	240116_PS_FTMSMS-_2.mzXML	30.0	875682.5	0.0	0.0	[9.0..9.0]	[0.100000024..1.0]	[0.914..0.919]	[800373.8..804752.25]	[0.875..0.897]	[0.0..0.0]	[0.914..0.914]	[800373.8..800373.8]	[0.883..0.898]	[0.0..0.0]	0.8508197	[680973.8..684699.06]
Group-1	PS 38:5:0	281.25	240116_PS_FTMSMS-_2.mzXML	35.0	1133800.1	0.0	0.0	[9.0..9.0]	[1.0..1.0]	[0.904..0.904]	[1024955.3..1024955.3]	[0.906..0.927]	[0.0..0.0]	[0.904..0.904]	[1024955.3..1024955.3]	[0.907..0.928]	[0.0..0.0]	0.8508197	[872052.2..872052.2]
Group-1	PS 38:5:0	303.23	240116_PS_FTMSMS-_2.mzXML	25.0	56206.9	0.0	0.0	[5.0..8.0]	[0.0..0.9]	[0.965..1.22]	[54239.656..68572.414]	[0.148..0.175]	[1.0..1.0]	[0.996..1.036]	[55982.07..58230.348]	[0.152..0.157]	[1.0..1.0]	0.8508197	[46148.168..58342.766]
Group-1	PS 38:5:0	303.23	240116_PS_FTMSMS-_2.mzXML	30.0	79890.1	0.0	0.0	[5.0..8.0]	[0.0..0.9]	[1.147..1.444]	[91633.945..115361.305]	[0.103..0.125]	[1.0..1.0]	[1.142..1.33]	[91234.49..106253.836]	[0.102..0.117]	[1.0..1.0]	0.8508197	[77963.96..98151.67]
Group-1	PS 38:5:0	303.23	240116_PS_FTMSMS-_2.mzXML	35.0	55387.1	0.0	0.0	[5.0..8.0]	[0.0..0.0]	[1.462..1.927]	[80975.945..106730.945]	[0.073..0.094]	[1.0..1.0]	[1.444..1.906]	[79978.98..105567.82]	[0.072..0.093]	[1.0..1.0]	0.8508197	[68895.93..90808.8]
Group-1	PS 38:5:0	329.25	240116_PS_FTMSMS-_2.mzXML	25.0	22091.2	0.0	0.0	[4.0..7.0]	[0.0..1.0]	[1.028..1.153]	[22709.752..25471.152]	[0.21..0.229]	[1.0..1.0]	[1.056..1.153]	[23328.307..25471.152]	[0.214..0.229]	[1.0..1.0]	0.8508197	[19321.904..21671.357]
Group-1	PS 38:5:0	329.25	240116_PS_FTMSMS-_2.mzXML	30.0	27731.0	0.0	0.0	[4.0..7.0]	[0.0..1.0]	[1.352..1.731]	[37492.312..48002.36]	[0.193..0.234]	[1.0..1.0]	[1.347..1.731]	[37353.656..48002.36]	[0.192..0.234]	[1.0..1.0]	0.8508197	[31899.2..40841.355]
Group-1	PS 38:5:0	329.25	240116_PS_FTMSMS-_2.mzXML	35.0	18296.3	0.0	0.0	[4.0..7.0]	[0.0..1.0]	[2.01..3.077]	[36775.562..56297.715]	[0.168..0.236]	[1.0..1.0]	[2.006..3.077]	[36702.38..56297.715]	[0.168..0.236]	[1.0..1.0]	0.8508197	[31289.375..47899.207]
Group-1	PS 38:6:0	255.23	240116_PS_FTMSMS-_2.mzXML	25.0	95473.3	0.0	0.0	[0.0..0.0]	[0.3..0.7]	[1.0..1.0]	[95473.3..95473.3]	[0.752..0.757]	[0.0..0.0]	[1.0..1.0]	[95473.3..95473.3]	[0.752..0.752]	[0.0..0.0]	0.85263914	[81404.27..81404.27]
Group-1	PS 38:6:0	255.23	240116_PS_FTMSMS-_2.mzXML	30.0	164538.5	0.0	0.0	[0.0..0.0]	[0.3..0.3]	[1.0..1.0]	[164538.5..164538.5]	[0.77..0.77]	[0.0..0.0]	[1.0..1.0]	[164538.5..164538.5]	[0.77..0.77]	[0.0..0.0]	0.85263914	[140291.97..140291.97]
Group-1	PS 38:6:0	255.23	240116_PS_FTMSMS-_2.mzXML	35.0	200544.2	0.0	0.0	[0.0..0.0]	[0.7..0.7]	[1.0..1.0]	[200544.2..200544.2]	[0.794..0.794]	[0.0..0.0]	[1.0..1.0]	[200544.2..200544.2]	[0.794..0.794]	[0.0..0.0]	0.85263914	[170991.84..170991.84]
Group-1	PS 38:6:0	279.23	240116_PS_FTMSMS-_2.mzXML	25.0	4111.8	0.0	0.0	[9.0..9.0]	[1.0..1.0]	[0.909..0.909]	[3737.626..3737.626]	[0.806..0.811]	[0.0..0.0]	[0.909..0.909]	[3737.626..3737.626]	[0.8..0.806]	[0.0..0.0]	0.85263914	[3186.8462..3186.8462]
Group-1	PS 38:6:0	279.23	240116_PS_FTMSMS-_2.mzXML	30.0	10344.4	0.0	0.0	[9.0..9.0]	[0.8..1.0]	[0.919..0.92]	[9506.504..9516.849]	[0.856..0.888]	[0.0..0.0]	[0.919..0.919]	[9506.504..9506.504]	[0.873..0.889]	[0.0..0.0]	0.85263914	[8105.618..8114.438]
Group-1	PS 38:6:0	279.23	240116_PS_FTMSMS-_2.mzXML	35.0	11364.4	0.0	0.0	[9.0..9.0]	[0.8..1.0]	[0.95..0.955]	[10796.181..10853.002]	[0.857..0.893]	[0.0..0.0]	[0.95..0.95]	[10796.181..10796.181]	[0.864..0.894]	[0.0..0.0]	0.85263914	[9205.246..9253.694]
Group-1	PS 38:6:0	303.23	240116_PS_FTMSMS-_2.mzXML	25.0	903.0	0.0	0.0	[5.0..8.0]	[0.0..0.0]	[0.965..0.998]	[871.395..901.194]	[0.189..0.194]	[1.0..1.0]	[0.996..1.036]	[899.388..935.508]	[0.194..0.2]	[1.0..1.0]	0.85263914	[742.9855..768.3933]
Group-1	PS 38:6:0	303.23	240116_PS_FTMSMS-_2.mzXML	30.0	1041.1	0.0	0.0	[5.0..8.0]	[0.0..0.2]	[1.147..1.534]	[1194.142..1597.047]	[0.112..0.144]	[1.0..1.0]	[1.142..1.33]	[1188.9362..1384.663]	[0.111..0.127]	[1.0..1.0]	0.85263914	[1018.1719..1361.7051]
Group-1	PS 38:6:0	303.23	240116_PS_FTMSMS-_2.mzXML	35.0	888.2	0.0	0.0	[5.0..8.0]	[0.0..0.2]	[1.462..2.046]	[1298.549..1817.257]	[0.107..0.143]	[1.0..1.0]	[1.444..1.906]	[1282.5608..1692.9092]	[0.106..0.136]	[1.0..1.0]	0.85263914	[1107.1932..1549.4646]
Group-1	PS 38:6:0	327.23	240116_PS_FTMSMS-_2.mzXML	25.0	22868.1	4768.8	0.20853503	[4.0..4.0]	[0.3..0.7]	[1.342..1.378]	[30688.99..31512.242]	[0.243..0.248]	[1.0..1.0]	[1.378..1.378]	[31512.242..31512.242]	[0.248..0.248]	[1.0..1.0]	0.85263914	[26166.633..26868.57]
Group-1	PS 38:6:0	327.23	240116_PS_FTMSMS-_2.mzXML	30.0	19667.1	7447.1	0.37865776	[4.0..4.0]	[0.7..0.7]	[2.496..2.496]	[49089.086..49089.086]	[0.23..0.23]	[1.0..1.0]	[2.496..2.496]	[49089.082..49089.082]	[0.23..0.23]	[1.0..1.0]	0.85263914	[41855.273..41855.273]
Group-1	PS 38:6:0	327.23	240116_PS_FTMSMS-_2.mzXML	35.0	9369.2	5803.6	0.6194339	[4.0..4.0]	[0.3..0.3]	[5.541..5.541]	[51914.74..51914.74]	[0.206..0.206]	[1.0..1.0]	[5.541..5.541]	[51914.74..51914.74]	[0.206..0.206]	[1.0..1.0]	0.85263914	[44264.54..44264.54]
Group-1	PS 39:0:0	283.26	240116_PS_FTMSMS-_2.mzXML	25.0	83489.7	0.0	0.0	[0.0..0.0]	[0.0..1.0]	[0.986..1.005]	[82320.84..83907.15]	[1.0..1.0]	[0.0..0.0]	[0.986..0.986]	[82320.84..82320.84]	[1.0..1.0]	[0.0..0.0]	0.8296493	[68297.44..69613.516]
Group-1	PS 39:0:0	283.26	240116_PS_FTMSMS-_2.mzXML	30.0	234089.5	0.0	0.0	[0.0..0.0]	[0.0..1.0]	[0.968..0.978]	[226598.64..228939.53]	[1.0..1.0]	[0.0..0.0]	[0.968..0.968]	[226598.64..226598.64]	[1.0..1.0]	[0.0..0.0]	0.8296493	[187997.4..189939.53]
Group-1	PS 39:0:0	283.26	240116_PS_FTMSMS-_2.mzXML	35.0	296112.0	0.0	0.0	[0.0..0.0]	[0.0..1.0]	[0.961..0.963]	[284563.62..285155.84]	[1.0..1.0]	[0.0..0.0]	[0.961..0.961]	[284563.62..284563.62]	[1.0..1.0]	[0.0..0.0]	0.8296493	[236088.03..236579.38]
Group-1	PS 39:0:0	325.31	240116_PS_FTMSMS-_2.mzXML	25.0	-1.7	0.0	-0.0	[0.0..0.0]	[0.0..1.0]	[1.001..1.035]	[-1.76..-1.702]	[-0.0..-0.0]	[1.0..1.0]	[1.035..1.035]	[-1.7595..-1.7595]	[-0.0..-0.0]	[1.0..1.0]	0.8296493	[-1.4597679..-1.4118143]
Group-1	PS 39:0:0	325.31	240116_PS_FTMSMS-_2.mzXML	30.0	-1.7	0.0	-0.0	[0.0..0.0]	[0.0..1.0]	[0.952..0.962]	[-1.635..-1.618]	[-0.0..-0.0]	[1.0..1.0]	[0.962..0.962]	[-1.6354..-1.6354]	[-0.0..-0.0]	[1.0..1.0]	0.8296493	[-1.3568085..-1.3427045]
Group-1	PS 39:0:0	325.31	240116_PS_FTMSMS-_2.mzXML	35.0	-1.7	0.0	-0.0	[0.0..0.0]	[0.0..1.0]	[0.922..0.927]	[-1.576..-1.567]	[-0.0..-0.0]	[1.0..1.0]	[0.927..0.927]	[-1.5759001..-1.5759001]	[-0.0..-0.0]	[1.0..1.0]	0.8296493	[-1.3074443..-1.3003924]
Group-1	PS 39:1:0	253.22	240116_PS_FTMSMS-_2.mzXML	25.0	585.2	0.0	0.0	[9.0..9.0]	[0.0..1.0]	[0.92..0.938]	[538.384..548.918]	[0.509..0.513]	[0.48..1.0]	[0.929..0.938]	[543.6508..548.9176]	[0.513..0.515]	[0.48..1.0]	0.8313721	[447.59744..456.3548]
Group-1	PS 39:1:0	253.22	240116_PS_FTMSMS-_2.mzXML	30.0	420.8	0.0	0.0	[9.0..9.0]	[0.0..1.0]	[0.953..0.972]	[401.022..409.018]	[0.207..0.21]	[0.48..1.0]	[0.962..0.972]	[404.8096..409.01758]	[0.208..0.21]	[0.48..1.0]	0.8313721	[333.39883..340.0458]
Group-1	PS 39:1:0	253.22	240116_PS_FTMSMS-_2.mzXML	35.0	533.5	0.0	0.0	[9.0..9.0]	[0.0..1.0]	[0.96..1.004]	[512.16..535.634]	[0.205..0.21]	[0.48..1.0]	[0.981..1.004]	[523.3635..535.634]	[0.209..0.211]	[0.48..1.0]	0.8313721	[425.79553..445.31116]
Group-1	PS 39:1:0	267.23	240116_PS_FTMSMS-_2.mzXML	25.0	1198.0	0.0	0.0	[9.0..9.0]	[0.0..1.0]	[0.905..0.932]	[1084.19..1116.536]	[0.431..0.432]	[0.65..0.97]	[0.923..0.931]	[1105.754..1115.338]	[0.436..0.437]	[0.654..0.973]	0.8313721	[901.3653..928.25684]
Group-1	PS 39:1:0	267.23	240116_PS_FTMSMS-_2.mzXML	30.0	1504.5	0.0	0.0	[9.0..9.0]	[0.0..1.0]	[0.932..0.944]	[1402.194..1420.248]	[0.356..0.358]	[0.65..0.97]	[0.94..0.944]	[1414.23..1420.248]	[0.358..0.358]	[0.654..0.973]	0.8313721	[1165.745..1180.7545]
Group-1	PS 39:1:0	267.23	240116_PS_FTMSMS-_2.mzXML	35.0	1661.0	0.0	0.0	[9.0..9.0]	[0.0..1.0]	[0.931..0.966]	[1546.391..1604.526]	[0.287..0.293]	[0.65..0.97]	[0.954..0.965]	[1584.594..1602.865]	[0.292..0.294]	[0.654..0.973]	0.8313721	[1285.6263..1333.9581]
Group-1	PS 39:1:0	281.25	240116_PS_FTMSMS-_2.mzXML	25.0	97556.9	0.0	0.0	[9.0..9.0]	[0.0..1.0]	[0.893..0.928]	[87118.31..90532.8]	[0.66..0.661]	[0.14..0.45]	[0.898..0.909]	[87606.09..88679.22]	[0.657..0.657]	[0.144..0.45]	0.8313721	[72427.73..75266.44]
Group-1	PS 39:1:0	281.25	240116_PS_FTMSMS-_2.mzXML	30.0	137098.0	0.0	0.0	[9.0..9.0]	[0.0..1.0]	[0.914..0.919]	[125307.57..125993.06]	[0.549..0.55]	[0.14..0.45]	[0.915..0.916]	[125444.67..125581.766]	[0.548..0.549]	[0.144..0.45]	0.8313721	[104177.22..104747.12]
Group-1	PS 39:1:0	281.25	240116_PS_FTMSMS-_2.mzXML	35.0	140011.2	0.0	0.0	[9.0..9.0]	[0.0..1.0]	[0.904..0.932]	[126570.125..130490.44]	[0.516..0.522]	[0.14..0.45]	[0.908..0.917]	[127130.17..128390.27]	[0.516..0.518]	[0.144..0.45]	0.8313721	[105226.87..108486.11]
Group-1	PS 39:1:0	283.26	240116_PS_FTMSMS-_2.mzXML	25.0	62372.2	0.0	0.0	[0.0..0.0]	[0.39999998..0.39999998]	[0.993..0.993]	[61935.594..61935.594]	[0.871..0.871]	[0.0..0.0]	[0.993..0.993]	[61935.594..61935.594]	[0.871..0.871]	[0.0..0.0]	0.8313721	[51491.52..51491.52]
Group-1	PS 39:1:0	283.26	240116_PS_FTMSMS-_2.mzXML	30.0	116236.4	0.0	0.0	[0.0..0.0]	[1.0..1.0]	[0.978..0.978]	[113679.195..113679.195]	[0.872..0.872]	[0.0..0.0]	[0.978..0.978]	[113679.195..113679.195]	[0.872..0.872]	[0.0..0.0]	0.8313721	[94509.71..94509.71]
Group-1	PS 39:1:0	283.26	240116_PS_FTMSMS-_2.mzXML	35.0	137158.6	0.0	0.0	[0.0..0.0]	[0.39999998..1.0]	[0.961..0.963]	[131809.4..132083.72]	[0.881..0.882]	[0.0..0.0]	[0.961..0.961]	[131809.4..131809.4]	[0.88..0.88]	[0.0..0.0]	0.8313721	[109582.664..109810.73]
Group-1	PS 39:1:0	295.26	240116_PS_FTMSMS-_2.mzXML	25.0	-1.7	0.0	-0.0	[9.0..9.0]	[0.0..1.0]	[0.885..0.925]	[-1.573..-1.505]	[-0.002..-0.002]	[1.0..1.0]	[0.925..0.925]	[-1.5725001..-1.5725001]	[-0.002..-0.002]	[1.0..1.0]	0.8313721	[-1.3073326..-1.2507993]
Group-1	PS 39:1:0	295.26	240116_PS_FTMSMS-_2.mzXML	30.0	211.2	0.0	0.0	[9.0..9.0]	[0.0..1.0]	[0.898..0.899]	[189.658..189.869]	[0.072..0.073]	[1.0..1.0]	[0.899..0.899]	[189.86879..189.86879]	[0.073..0.073]	[1.0..1.0]	0.8313721	[157.67604..157.85162]
Group-1	PS 39:1:0	295.26	240116_PS_FTMSMS-_2.mzXML	35.0	-1.7	0.0	-0.0	[9.0..9.0]	[0.0..1.0]	[0.88..0.902]	[-1.533..-1.496]	[-0.001..-0.001]	[1.0..1.0]	[0.902..0.902]	[-1.5334..-1.5334]	[-0.001..-0.001]	[1.0..1.0]	0.8313721	[-1.274826..-1.2437327]
Group-1	PS 39:1:0	297.28	240116_PS_FTMSMS-_2.mzXML	25.0	6328.9	0.0	0.0	[0.0..0.0]	[1.0..1.0]	[1.012..1.012]	[6404.847..6404.847]	[0.574..0.574]	[0.24..0.34]	[1.012..1.012]	[6404.8467..6404.8467]	[0.574..0.574]	[0.237..0.335]	0.8313721	[5324.8105..5324.8105]
Group-1	PS 39:1:0	297.28	240116_PS_FTMSMS-_2.mzXML	30.0	14109.0	0.0	0.0	[0.0..0.0]	[1.0..1.0]	[0.97..0.97]	[13685.73..13685.73]	[0.575..0.575]	[0.24..0.34]	[0.97..0.97]	[13685.73..13685.73]	[0.575..0.575]	[0.237..0.335]	0.8313721	[11377.935..11377.935]
Group-1	PS 39:1:0	297.28	240116_PS_FTMSMS-_2.mzXML	35.0	18314.8	0.0	0.0	[0.0..0.0]	[1.0..1.0]	[0.947..0.947]	[17344.117..17344.117]	[0.615..0.615]	[0.24..0.34]	[0.947..0.947]	[17344.117..17344.117]	[0.615..0.615]	[0.237..0.335]	0.8313721	[14419.414..14419.414]
Group-1	PS 39:1:0	309.28	240116_PS_FTMSMS-_2.mzXML	25.0	5272.0	0.0	0.0	[11.0..11.0]	[0.0..0.0]	[0.901..0.901]	[4750.073..4750.073]	[0.426..0.426]	[0.66..0.76]	[0.901..0.901]	[4750.0723..4750.0723]	[0.426..0.426]	[0.665..0.763]	0.8313721	[3949.0774..3949.0774]
Group-1	PS 39:1:0	309.28	240116_PS_FTMSMS-_2.mzXML	30.0	11274.9	0.0	0.0	[11.0..11.0]	[0.0..0.0]	[0.898..0.898]	[10124.86..10124.86]	[0.425..0.425]	[0.66..0.76]	[0.898..0.898]	[10124.86..10124.86]	[0.425..0.425]	[0.665..0.763]	0.8313721	[8417.526..8417.526]
Group-1	PS 39:1:0	309.28	240116_PS_FTMSMS-_2.mzXML	35.0	12302.8	0.0	0.0	[11.0..11.0]	[0.0..0.0]	[0.884..0.884]	[10875.675..10875.675]	[0.385..0.385]	[0.66..0.76]	[0.884..0.884]	[10875.675..10875.675]	[0.385..0.385]	[0.665..0.763]	0.8313721	[9041.732..9041.732]
Group-1	PS 39:1:0	311.29	240116_PS_FTMSMS-_2.mzXML	25.0	844.7	0.0	0.0	[0.0..0.0]	[0.0..1.0]	[0.991..1.022]	[837.098..863.283]	[1.002..1.002]	[0.0..0.0]	[0.991..0.991]	[837.0977..837.0977]	[1.002..1.002]	[0.0..0.0]	0.8313721	[695.9397..717.7097]
Group-1	PS 39:1:0	311.29	240116_PS_FTMSMS-_2.mzXML	30.0	2537.6	0.0	0.0	[0.0..0.0]	[0.0..1.0]	[0.953..0.965]	[2418.333..2448.784]	[0.927..0.928]	[0.0..0.0]	[0.953..0.953]	[2418.333..2418.333]	[0.927..0.927]	[0.0..0.0]	0.8313721	[2010.5345..2035.8507]
Group-1	PS 39:1:0	311.29	240116_PS_FTMSMS-_2.mzXML	35.0	2904.9	0.0	0.0	[0.0..0.0]	[0.0..1.0]	[0.933..0.935]	[2710.272..2716.081]	[1.001..1.001]	[0.0..0.0]	[0.933..0.933]	[2710.2717..2710.2717]	[1.001..1.001]	[0.0..0.0]	0.8313721	[2253.2444..2258.0742]
Group-1	PS 39:1:0	323.3	240116_PS_FTMSMS-_2.mzXML	25.0	9988.3	0.0	0.0	[11.0..11.0]	[0.6..0.6]	[0.916..0.916]	[9149.282..9149.282]	[0.129..0.129]	[1.0..1.0]	[0.916..0.916]	[9149.282..9149.282]	[0.129..0.129]	[1.0..1.0]	0.8313721	[7606.458..7606.458]
Group-1	PS 39:1:0	323.3	240116_PS_FTMSMS-_2.mzXML	30.0	19041.2	0.0	0.0	[11.0..11.0]	[0.0..0.0]	[0.875..0.875]	[16661.049..16661.049]	[0.128..0.128]	[1.0..1.0]	[0.875..0.875]	[16661.049..16661.049]	[0.128..0.128]	[1.0..1.0]	0.8313721	[13851.531..13851.531]
Group-1	PS 39:1:0	323.3	240116_PS_FTMSMS-_2.mzXML	35.0	20999.2	0.0	0.0	[11.0..11.0]	[0.0..0.6]	[0.839..0.853]	[17618.328..17912.316]	[0.118..0.119]	[1.0..1.0]	[0.853..0.853]	[17912.316..17912.316]	[0.12..0.12]	[1.0..1.0]	0.8313721	[14647.387..14891.801]
Group-1	PS 39:1:0	325.31	240116_PS_FTMSMS-_2.mzXML	25.0	44867.2	0.0	0.0	[0.0..0.0]	[0.0..1.0]	[1.001..1.035]	[44912.07..46437.55]	[0.339..0.34]	[0.55..0.86]	[1.02..1.03]	[45764.543..46213.215]	[0.343..0.343]	[0.55..0.856]	0.8313721	[37338.64..38606.883]
Group-1	PS 39:1:0	325.31	240116_PS_FTMSMS-_2.mzXML	30.0	107741.2	0.0	0.0	[0.0..0.0]	[0.0..1.0]	[0.952..0.962]	[102569.625..103647.04]	[0.45..0.451]	[0.55..0.86]	[0.958..0.961]	[103216.07..103539.3]	[0.451..0.452]	[0.55..0.856]	0.8313721	[85273.53..86169.26]
Group-1	PS 39:1:0	325.31	240116_PS_FTMSMS-_2.mzXML	35.0	128772.1	0.0	0.0	[0.0..0.0]	[0.0..1.0]	[0.922..0.927]	[118727.875..119371.734]	[0.478..0.484]	[0.55..0.86]	[0.925..0.926]	[119114.195..119242.97]	[0.482..0.484]	[0.55..0.856]	0.8313721	[98707.04..99242.33]
Group-1	PS 39:1:0	339.32	240116_PS_FTMSMS-_2.mzXML	25.0	1400.7	0.0	0.0	[0.0..0.0]	[0.0..1.0]	[1.016..1.052]	[1423.111..1473.536]	[0.568..0.569]	[0.03..0.35]	[1.017..1.029]	[1424.5118..1441.3203]	[0.563..0.564]	[0.027..0.346]	0.8313721	[1183.1349..1225.057]
Group-1	PS 39:1:0	339.32	240116_PS_FTMSMS-_2.mzXML	30.0	2655.7	0.0	0.0	[0.0..0.0]	[0.0..1.0]	[0.955..0.961]	[2536.193..2552.128]	[0.642..0.644]	[0.03..0.35]	[0.955..0.957]	[2536.1934..2541.505]	[0.642..0.642]	[0.027..0.346]	0.8313721	[2108.5203..2121.7676]
Group-1	PS 39:1:0	339.32	240116_PS_FTMSMS-_2.mzXML	35.0	4203.4	0.0	0.0	[0.0..0.0]	[0.0..1.0]	[0.912..0.921]	[3833.501..3871.331]	[0.707..0.713]	[0.03..0.35]	[0.912..0.915]	[3833.5007..3846.111]	[0.706..0.708]	[0.027..0.346]	0.8313721	[3187.0654..3218.5168]
Group-1	PS 39:1:0	353.34	240116_PS_FTMSMS-_2.mzXML	25.0	493.4	0.0	0.0	[0.0..0.0]	[0.0..1.0]	[1.036..1.072]	[511.162..528.925]	[0.487..0.491]	[0.0..0.52]	[1.036..1.055]	[511.1624..520.537]	[0.485..0.487]	[0.0..0.52]	0.8313721	[424.96616..439.7333]
Group-1	PS 39:1:0	353.34	240116_PS_FTMSMS-_2.mzXML	30.0	1599.1	0.0	0.0	[0.0..0.0]	[0.0..1.0]	[0.962..0.963]	[1538.334..1539.933]	[0.79..0.793]	[0.0..0.52]	[0.962..0.963]	[1538.3342..1539.9332]	[0.79..0.792]	[0.0..0.52]	0.8313721	[1278.9281..1280.2574]
Group-1	PS 39:1:0	353.34	240116_PS_FTMSMS-_2.mzXML	35.0	2198.7	0.0	0.0	[0.0..0.0]	[0.0..1.0]	[0.903..0.919]	[1985.426..2020.605]	[0.79..0.795]	[0.0..0.52]	[0.903..0.911]	[1985.426..2003.0156]	[0.789..0.791]	[0.0..0.52]	0.8313721	[1650.6278..1679.8749]
Group-1	PS 39:2:0	281.25	240116_PS_FTMSMS-_2.mzXML	25.0	48595.6	0.0	0.0	[9.0..9.0]	[1.0..1.0]	[0.928..0.928]	[45096.72..45096.72]	[0.764..0.764]	[0.0..0.0]	[0.928..0.928]	[45096.72..45096.72]	[0.764..0.764]	[0.0..0.0]	0.8331112	[37570.582..37570.582]
Group-1	PS 39:2:0	281.25	240116_PS_FTMSMS-_2.mzXML	30.0	108176.7	0.0	0.0	[9.0..9.0]	[1.0..1.0]	[0.914..0.914]	[98873.51..98873.51]	[0.751..0.751]	[0.0..0.0]	[0.914..0.914]	[98873.51..98873.51]	[0.751..0.751]	[0.0..0.0]	0.8331112	[82372.625..82372.625]
Group-1	PS 39:2:0	281.25	240116_PS_FTMSMS-_2.mzXML	35.0	132244.2	0.0	0.0	[9.0..9.0]	[1.0..1.0]	[0.904..0.904]	[119548.76..119548.76]	[0.779..0.779]	[0.0..0.0]	[0.904..0.904]	[119548.76..119548.76]	[0.779..0.779]	[0.0..0.0]	0.8331112	[99597.414..99597.414]
Group-1	PS 39:2:0	283.26	240116_PS_FTMSMS-_2.mzXML	25.0	58814.2	0.0	0.0	[0.0..0.0]	[1.0..1.0]	[1.005..1.005]	[59108.27..59108.27]	[0.927..0.927]	[0.0..0.0]	[1.005..1.005]	[59108.27..59108.27]	[0.927..0.927]	[0.0..0.0]	0.8331112	[49243.76..49243.76]
Group-1	PS 39:2:0	283.26	240116_PS_FTMSMS-_2.mzXML	30.0	162133.4	0.0	0.0	[0.0..0.0]	[1.0..1.0]	[0.978..0.978]	[158566.47..158566.47]	[0.951..0.951]	[0.0..0.0]	[0.978..0.978]	[158566.47..158566.47]	[0.951..0.951]	[0.0..0.0]	0.8331112	[132103.5..132103.5]
Group-1	PS 39:2:0	283.26	240116_PS_FTMSMS-_2.mzXML	35.0	200780.2	0.0	0.0	[0.0..0.0]	[1.0..1.0]	[0.963..0.963]	[193351.33..193351.33]	[0.949..0.949]	[0.0..0.0]	[0.963..0.963]	[193351.33..193351.33]	[0.949..0.949]	[0.0..0.0]	0.8331112	[161083.16..161083.16]
Group-1	PS 39:2:0	295.26	240116_PS_FTMSMS-_2.mzXML	25.0	6214.1	0.0	0.0	[9.0..9.0]	[0.100000024..0.100000024]	[0.889..0.889]	[5524.335..5524.335]	[0.553..0.553]	[0.17..0.4]	[0.889..0.889]	[5524.335..5524.335]	[0.553..0.553]	[0.169..0.402]	0.8331112	[4602.3857..4602.3857]
Group-1	PS 39:2:0	295.26	240116_PS_FTMSMS-_2.mzXML	30.0	9994.4	0.0	0.0	[9.0..9.0]	[1.0..1.0]	[0.898..0.898]	[8974.972..8974.972]	[0.543..0.543]	[0.17..0.4]	[0.898..0.898]	[8974.972..8974.972]	[0.543..0.543]	[0.169..0.402]	0.8331112	[7477.15..7477.15]
Group-1	PS 39:2:0	295.26	240116_PS_FTMSMS-_2.mzXML	35.0	15871.7	0.0	0.0	[9.0..9.0]	[0.100000024..1.0]	[0.88..0.9]	[13967.096..14284.53]	[0.645..0.646]	[0.17..0.4]	[0.883..0.888]	[14014.712..14094.07]	[0.643..0.643]	[0.169..0.402]	0.8331112	[11636.145..11900.603]
Group-1	PS 39:2:0	309.28	240116_PS_FTMSMS-_2.mzXML	25.0	4780.9	0.0	0.0	[11.0..11.0]	[0.9..0.9]	[0.935..0.935]	[4470.142..4470.142]	[0.447..0.447]	[0.6..0.83]	[0.935..0.935]	[4470.1416..4470.1416]	[0.447..0.447]	[0.598..0.831]	0.8331112	[3724.125..3724.125]
Group-1	PS 39:2:0	309.28	240116_PS_FTMSMS-_2.mzXML	30.0	8411.7	0.0	0.0	[11.0..11.0]	[0.0..0.0]	[0.898..0.898]	[7553.707..7553.707]	[0.457..0.457]	[0.6..0.83]	[0.898..0.898]	[7553.707..7553.707]	[0.457..0.457]	[0.598..0.831]	0.8331112	[6293.078..6293.078]
Group-1	PS 39:2:0	309.28	240116_PS_FTMSMS-_2.mzXML	35.0	8894.0	0.0	0.0	[11.0..11.0]	[0.0..0.9]	[0.859..0.884]	[7639.947..7862.296]	[0.354..0.355]	[0.6..0.83]	[0.874..0.88]	[7773.356..7826.7197]	[0.357..0.357]	[0.598..0.831]	0.8331112	[6364.9253..6550.167]
Group-1	PS 39:2:0	321.28	240116_PS_FTMSMS-_2.mzXML	25.0	5341.9	0.0	0.0	[11.0..11.0]	[0.0..0.0]	[0.867..0.867]	[4631.427..4631.427]	[0.073..0.073]	[1.0..1.0]	[0.867..0.867]	[4631.4272..4631.4272]	[0.073..0.073]	[1.0..1.0]	0.8331112	[3858.4941..3858.4941]
Group-1	PS 39:2:0	321.28	240116_PS_FTMSMS-_2.mzXML	30.0	9515.3	0.0	0.0	[11.0..11.0]	[0.0..0.0]	[0.86..0.86]	[8183.158..8183.158]	[0.049..0.049]	[1.0..1.0]	[0.86..0.86]	[8183.158..8183.158]	[0.049..0.049]	[1.0..1.0]	0.8331112	[6817.481..6817.481]
Group-1	PS 39:2:0	321.28	240116_PS_FTMSMS-_2.mzXML	35.0	12220.1	0.0	0.0	[11.0..11.0]	[0.0..0.0]	[0.859..0.859]	[10497.065..10497.065]	[0.051..0.051]	[1.0..1.0]	[0.859..0.859]	[10497.065..10497.065]	[0.051..0.051]	[1.0..1.0]	0.8331112	[8745.224..8745.224]
Group-1	PS 39:2:0	323.3	240116_PS_FTMSMS-_2.mzXML	25.0	15626.0	0.0	0.0	[11.0..11.0]	[0.0..0.0]	[0.89..0.89]	[13907.14..13907.14]	[0.236..0.236]	[1.0..1.0]	[0.89..0.89]	[13907.14..13907.14]	[0.236..0.236]	[1.0..1.0]	0.8331112	[11586.194..11586.194]
Group-1	PS 39:2:0	323.3	240116_PS_FTMSMS-_2.mzXML	30.0	37487.6	0.0	0.0	[11.0..11.0]	[0.0..0.0]	[0.875..0.875]	[32801.652..32801.652]	[0.249..0.249]	[1.0..1.0]	[0.875..0.875]	[32801.652..32801.652]	[0.249..0.249]	[1.0..1.0]	0.8331112	[27327.424..27327.424]
Group-1	PS 39:2:0	323.3	240116_PS_FTMSMS-_2.mzXML	35.0	39754.8	0.0	0.0	[11.0..11.0]	[0.0..0.0]	[0.853..0.853]	[33910.844..33910.844]	[0.221..0.221]	[1.0..1.0]	[0.853..0.853]	[33910.844..33910.844]	[0.221..0.221]	[1.0..1.0]	0.8331112	[28251.506..28251.506]
Group-1	PS 39:3:0	283.26	240116_PS_FTMSMS-_2.mzXML	25.0	669813.9	0.0	0.0	[0.0..0.0]	[1.0..1.0]	[1.005..1.005]	[673162.94..673162.94]	[0.977..0.978]	[0.0..0.0]	[1.005..1.005]	[673162.94..673162.94]	[0.977..0.977]	[0.0..0.0]	0.8348496	[561989.75..561989.75]
Group-1	PS 39:3:0	283.26	240116_PS_FTMSMS-_2.mzXML	30.0	1732429.6	0.0	0.0	[0.0..0.0]	[1.0..1.0]	[0.978..0.978]	[1694316.1..1694316.1]	[0.985..0.987]	[0.0..0.0]	[0.978..0.978]	[1694316.1..1694316.1]	[0.985..0.987]	[0.0..0.0]	0.8348496	[1414499.1..1414499.1]
Group-1	PS 39:3:0	283.26	240116_PS_FTMSMS-_2.mzXML	35.0	2297479.2	0.0	0.0	[0.0..0.0]	[1.0..1.0]	[0.963..0.963]	[2212472.5..2212472.5]	[0.981..0.985]	[0.0..0.0]	[0.963..0.963]	[2212472.5..2212472.5]	[0.981..0.985]	[0.0..0.0]	0.8348496	[1847081.8..1847081.8]
Group-1	PS 39:3:0	319.26	240116_PS_FTMSMS-_2.mzXML	25.0	17322.0	0.0	0.0	[5.0..11.0]	[0.0..0.0]	[0.891..0.895]	[15433.901..15503.189]	[0.022..0.023]	[1.0..1.0]	[0.924..0.928]	[16005.528..16074.815]	[0.023..0.023]	[1.0..1.0]	0.8348496	[12884.986..12942.832]
Group-1	PS 39:3:0	319.26	240116_PS_FTMSMS-_2.mzXML	30.0	24308.3	0.0	0.0	[5.0..11.0]	[0.0..0.0]	[0.919..1.041]	[22339.33..25304.941]	[0.013..0.015]	[1.0..1.0]	[0.918..1.037]	[22315.02..25207.707]	[0.013..0.015]	[1.0..1.0]	0.8348496	[18649.98..21125.82]
Group-1	PS 39:3:0	319.26	240116_PS_FTMSMS-_2.mzXML	35.0	34396.9	0.0	0.0	[5.0..11.0]	[0.0..0.0]	[0.975..1.279]	[33536.977..43993.633]	[0.015..0.019]	[1.0..1.0]	[0.961..1.258]	[33055.42..43271.297]	[0.015..0.019]	[1.0..1.0]	0.8348496	[27998.332..36728.066]
Group-1	PS 39:4:0	269.25	240116_PS_FTMSMS-_2.mzXML	25.0	15083.5	0.0	0.0	[0.0..0.0]	[0.0..1.0]	[0.99..1.001]	[14932.665..15098.584]	[0.7..0.709]	[0.0..0.03]	[0.99..0.99]	[14932.665..14932.665]	[0.69..0.698]	[0.0..0.035]	0.83659583	[12492.605..12631.412]
Group-1	PS 39:4:0	269.25	240116_PS_FTMSMS-_2.mzXML	30.0	30805.0	0.0	0.0	[0.0..0.0]	[0.0..1.0]	[0.981..0.988]	[30219.705..30435.34]	[0.733..0.743]	[0.0..0.03]	[0.981..0.981]	[30219.705..30219.705]	[0.731..0.738]	[0.0..0.035]	0.83659583	[25281.68..25462.078]
Group-1	PS 39:4:0	269.25	240116_PS_FTMSMS-_2.mzXML	35.0	40023.9	0.0	0.0	[0.0..0.0]	[1.0..1.0]	[0.98..0.98]	[39223.42..39223.42]	[0.742..0.77]	[0.0..0.03]	[0.98..0.98]	[39223.42..39223.42]	[0.744..0.769]	[0.0..0.035]	0.83659583	[32814.152..32814.152]
Group-1	PS 39:4:0	281.25	240116_PS_FTMSMS-_2.mzXML	25.0	132184.8	0.0	0.0	[9.0..9.0]	[0.19999999..1.0]	[0.9..0.928]	[118966.31..122667.484]	[0.973..0.979]	[0.0..0.0]	[0.9..0.9]	[118966.31..118966.31]	[0.979..0.979]	[0.0..0.0]	0.83659583	[99526.72..102623.11]
Group-1	PS 39:4:0	281.25	240116_PS_FTMSMS-_2.mzXML	30.0	305691.1	0.0	0.0	[9.0..9.0]	[0.19999999..1.0]	[0.914..0.918]	[279401.66..280624.4]	[0.98..0.984]	[0.0..0.0]	[0.914..0.914]	[279401.66..279401.66]	[0.982..0.984]	[0.0..0.0]	0.83659583	[233746.25..234769.22]
Group-1	PS 39:4:0	281.25	240116_PS_FTMSMS-_2.mzXML	35.0	375382.5	0.0	0.0	[9.0..9.0]	[1.0..1.0]	[0.904..0.904]	[339345.78..339345.78]	[0.985..0.988]	[0.0..0.0]	[0.904..0.904]	[339345.78..339345.78]	[0.985..0.989]	[0.0..0.0]	0.83659583	[283895.25..283895.25]
Group-1	PS 39:4:0	283.26	240116_PS_FTMSMS-_2.mzXML	25.0	28556.7	0.0	0.0	[0.0..0.0]	[1.0..1.0]	[1.005..1.005]	[28699.482..28699.482]	[0.966..0.967]	[0.0..0.0]	[1.005..1.005]	[28699.482..28699.482]	[0.965..0.966]	[0.0..0.0]	0.83659583	[24009.867..24009.867]
Group-1	PS 39:4:0	283.26	240116_PS_FTMSMS-_2.mzXML	30.0	63887.5	0.0	0.0	[0.0..0.0]	[1.0..1.0]	[0.978..0.978]	[62481.973..62481.973]	[0.979..0.982]	[0.0..0.0]	[0.978..0.978]	[62481.973..62481.973]	[0.979..0.982]	[0.0..0.0]	0.83659583	[52272.16..52272.16]
Group-1	PS 39:4:0	283.26	240116_PS_FTMSMS-_2.mzXML	35.0	85338.1	0.0	0.0	[0.0..0.0]	[1.0..1.0]	[0.963..0.963]	[82180.59..82180.59]	[1.0..1.0]	[0.0..0.0]	[0.963..0.963]	[82180.59..82180.59]	[1.0..1.0]	[0.0..0.0]	0.83659583	[68751.94..68751.94]
Group-1	PS 39:4:0	297.28	240116_PS_FTMSMS-_2.mzXML	25.0	7080.5	0.0	0.0	[0.0..0.0]	[0.100000024..1.0]	[0.988..1.012]	[6995.534..7165.466]	[0.529..0.581]	[0.05..0.32]	[0.989..0.996]	[7002.6147..7052.1777]	[0.486..0.542]	[0.055..0.32]	0.83659583	[5852.434..5994.5986]
Group-1	PS 39:4:0	297.28	240116_PS_FTMSMS-_2.mzXML	30.0	17728.1	0.0	0.0	[0.0..0.0]	[0.100000024..1.0]	[0.959..0.97]	[17001.248..17196.258]	[0.649..0.698]	[0.05..0.32]	[0.96..0.963]	[17018.975..17072.16]	[0.656..0.657]	[0.055..0.32]	0.83659583	[14223.173..14386.316]
Group-1	PS 39:4:0	297.28	240116_PS_FTMSMS-_2.mzXML	35.0	21392.6	0.0	0.0	[0.0..0.0]	[1.0..1.0]	[0.947..0.947]	[20258.793..20258.793]	[0.695..0.75]	[0.05..0.32]	[0.947..0.947]	[20258.793..20258.793]	[0.693..0.736]	[0.055..0.32]	0.83659583	[16948.42..16948.42]
Group-1	PS 39:4:0	303.23	240116_PS_FTMSMS-_2.mzXML	25.0	5231.8	0.0	0.0	[5.0..8.0]	[0.0..0.9]	[0.965..1.22]	[5048.687..6382.796]	[0.419..0.471]	[0.68..0.95]	[1.133..1.425]	[5927.6294..7455.3145]	[0.458..0.514]	[0.68..0.945]	0.83659583	[4223.71..5339.8203]
Group-1	PS 39:4:0	303.23	240116_PS_FTMSMS-_2.mzXML	30.0	6427.2	0.0	0.0	[5.0..8.0]	[0.0..0.9]	[1.147..1.444]	[7371.999..9280.877]	[0.302..0.351]	[0.68..0.95]	[1.38..1.39]	[8869.536..8933.809]	[0.343..0.344]	[0.68..0.945]	0.83659583	[6167.383..7764.343]
Group-1	PS 39:4:0	303.23	240116_PS_FTMSMS-_2.mzXML	35.0	4613.9	0.0	0.0	[5.0..8.0]	[0.0..0.0]	[1.462..1.927]	[6745.522..8890.985]	[0.25..0.305]	[0.68..0.95]	[1.578..1.943]	[7280.734..8964.808]	[0.264..0.307]	[0.68..0.945]	0.83659583	[5643.2754..7438.161]
Group-1	PS 39:4:0	317.25	240116_PS_FTMSMS-_2.mzXML	25.0	1036.2	0.0	0.0	[5.0..8.0]	[0.0..0.0]	[0.933..0.966]	[966.775..1000.969]	[0.033..0.034]	[1.0..1.0]	[0.964..1.004]	[998.8967..1040.3447]	[0.034..0.035]	[1.0..1.0]	0.83659583	[808.79956..837.4066]
Group-1	PS 39:4:0	317.25	240116_PS_FTMSMS-_2.mzXML	30.0	1056.9	0.0	0.0	[5.0..8.0]	[0.0..0.0]	[1.086..1.265]	[1147.793..1336.979]	[0.018..0.021]	[1.0..1.0]	[1.083..1.262]	[1144.6227..1333.8077]	[0.018..0.021]	[1.0..1.0]	0.83659583	[960.2392..1118.5107]
Group-1	PS 39:4:0	317.25	240116_PS_FTMSMS-_2.mzXML	35.0	0.0	0.0	0.0	[5.0..8.0]	[0.0..0.0]	[1.362..1.8]	[0.0..0.0]	[0.0..0.0]	[1.0..1.0]	[1.349..1.78]	[0.0..0.0]	[0.0..0.0]	[1.0..1.0]	0.83659583	[0.0..0.0]
Group-1	PS 39:4:0	319.26	240116_PS_FTMSMS-_2.mzXML	25.0	2800.0	0.0	0.0	[5.0..11.0]	[0.0..0.8]	[0.891..1.221]	[2494.8..3418.8]	[0.021..0.027]	[1.0..1.0]	[0.924..0.928]	[2587.2..2598.4]	[0.021..0.021]	[1.0..1.0]	0.83659583	[2087.1392..2860.1536]
Group-1	PS 39:4:0	319.26	240116_PS_FTMSMS-_2.mzXML	30.0	4872.4	0.0	0.0	[5.0..11.0]	[0.0..0.8]	[0.919..1.195]	[4477.736..5822.518]	[0.016..0.02]	[1.0..1.0]	[0.918..1.037]	[4472.863..5052.678]	[0.016..0.018]	[1.0..1.0]	0.83659583	[3746.055..4871.094]
Group-1	PS 39:4:0	319.26	240116_PS_FTMSMS-_2.mzXML	35.0	4097.8	0.0	0.0	[5.0..11.0]	[0.0..0.0]	[0.975..1.279]	[3995.355..5241.086]	[0.012..0.015]	[1.0..1.0]	[0.961..1.258]	[3937.9856..5155.032]	[0.011..0.015]	[1.0..1.0]	0.83659583	[3342.497..4384.671]
Group-1	PS 39:4:0	331.26	240116_PS_FTMSMS-_2.mzXML	25.0	6794.5	0.0	0.0	[7.0..10.0]	[0.0..1.0]	[0.904..0.952]	[6142.228..6468.365]	[0.291..0.3]	[0.97..1.0]	[0.952..0.989]	[6468.3643..6719.7607]	[0.302..0.31]	[0.965..1.0]	0.83659583	[5138.5625..5411.4067]
Group-1	PS 39:4:0	331.26	240116_PS_FTMSMS-_2.mzXML	30.0	10446.6	0.0	0.0	[7.0..10.0]	[0.0..1.0]	[1.001..1.062]	[10457.047..11094.289]	[0.257..0.267]	[0.97..1.0]	[1.029..1.062]	[10749.552..11094.289]	[0.262..0.269]	[0.965..1.0]	0.83659583	[8748.322..9281.437]
Group-1	PS 39:4:0	331.26	240116_PS_FTMSMS-_2.mzXML	35.0	10019.4	0.0	0.0	[7.0..10.0]	[0.0..0.0]	[1.169..1.363]	[11712.68..13656.443]	[0.23..0.258]	[0.97..1.0]	[1.177..1.349]	[11792.835..13516.171]	[0.231..0.256]	[0.965..1.0]	0.83659583	[9798.778..11424.923]
Group-1	PS 39:5:0	267.23	240116_PS_FTMSMS-_2.mzXML	25.0	429.0	0.0	0.0	[9.0..9.0]	[1.0..1.0]	[0.932..0.932]	[399.828..399.828]	[0.425..0.429]	[0.67..0.7]	[0.932..0.932]	[399.828..399.828]	[0.334..0.342]	[0.667..0.696]	0.8383587	[335.19928..335.19928]
Group-1	PS 39:5:0	267.23	240116_PS_FTMSMS-_2.mzXML	30.0	782.6	0.0	0.0	[9.0..9.0]	[1.0..1.0]	[0.932..0.932]	[729.383..729.383]	[0.399..0.414]	[0.67..0.7]	[0.932..0.932]	[729.3832..729.3832]	[0.355..0.371]	[0.667..0.696]	0.8383587	[611.4847..611.4847]
Group-1	PS 39:5:0	267.23	240116_PS_FTMSMS-_2.mzXML	35.0	1120.3	0.0	0.0	[9.0..9.0]	[1.0..1.0]	[0.931..0.931]	[1042.999..1042.999]	[0.42..0.458]	[0.67..0.7]	[0.931..0.931]	[1042.9994..1042.9994]	[0.4..0.438]	[0.667..0.696]	0.8383587	[874.4076..874.4076]
Group-1	PS 39:5:0	269.25	240116_PS_FTMSMS-_2.mzXML	25.0	10621.9	0.0	0.0	[0.0..0.0]	[1.0..1.0]	[1.001..1.001]	[10632.522..10632.522]	[0.766..0.777]	[0.0..0.0]	[1.001..1.001]	[10632.522..10632.522]	[0.756..0.772]	[0.0..0.0]	0.8383587	[8913.868..8913.868]
Group-1	PS 39:5:0	269.25	240116_PS_FTMSMS-_2.mzXML	30.0	20044.9	0.0	0.0	[0.0..0.0]	[0.100000024..1.0]	[0.982..0.988]	[19684.092..19804.361]	[0.752..0.807]	[0.0..0.0]	[0.982..0.982]	[19684.092..19684.092]	[0.766..0.808]	[0.0..0.0]	0.8383587	[16502.33..16603.158]
Group-1	PS 39:5:0	269.25	240116_PS_FTMSMS-_2.mzXML	35.0	23247.4	0.0	0.0	[0.0..0.0]	[0.100000024..1.0]	[0.979..0.98]	[22759.205..22782.453]	[0.764..0.837]	[0.0..0.0]	[0.979..0.979]	[22759.205..22759.205]	[0.77..0.837]	[0.0..0.0]	0.8383587	[19080.377..19099.867]
Group-1	PS 39:5:0	295.26	240116_PS_FTMSMS-_2.mzXML	25.0	3326.9	0.0	0.0	[9.0..9.0]	[0.3..1.0]	[0.897..0.925]	[2984.229..3077.383]	[0.731..0.8]	[0.0..0.0]	[0.897..0.897]	[2984.2292..2984.2292]	[0.788..0.795]	[0.0..0.0]	0.8383587	[2501.8545..2579.9504]
Group-1	PS 39:5:0	295.26	240116_PS_FTMSMS-_2.mzXML	30.0	9577.7	0.0	0.0	[9.0..9.0]	[0.3..1.0]	[0.898..0.898]	[8600.774..8600.774]	[0.843..0.882]	[0.0..0.0]	[0.898..0.898]	[8600.774..8600.774]	[0.866..0.883]	[0.0..0.0]	0.8383587	[7210.5347..7210.5347]
Group-1	PS 39:5:0	295.26	240116_PS_FTMSMS-_2.mzXML	35.0	12263.3	0.0	0.0	[9.0..9.0]	[1.0..1.0]	[0.88..0.88]	[10791.704..10791.704]	[0.895..0.918]	[0.0..0.0]	[0.88..0.88]	[10791.704..10791.704]	[0.896..0.919]	[0.0..0.0]	0.8383587	[9047.318..9047.318]
Group-1	PS 39:5:0	303.23	240116_PS_FTMSMS-_2.mzXML	25.0	773.6	0.0	0.0	[5.0..8.0]	[0.0..0.7]	[0.965..1.462]	[746.524..1131.003]	[0.2..0.269]	[1.0..1.0]	[0.996..1.036]	[770.50555..801.4496]	[0.205..0.212]	[1.0..1.0]	0.8383587	[625.85486..948.18634]
Group-1	PS 39:5:0	303.23	240116_PS_FTMSMS-_2.mzXML	30.0	1000.4	0.0	0.0	[5.0..8.0]	[0.0..0.7]	[1.147..1.596]	[1147.459..1596.638]	[0.118..0.157]	[1.0..1.0]	[1.142..1.33]	[1142.4568..1330.5321]	[0.117..0.134]	[1.0..1.0]	0.8383587	[961.98206..1338.5558]
Group-1	PS 39:5:0	303.23	240116_PS_FTMSMS-_2.mzXML	35.0	659.0	0.0	0.0	[5.0..8.0]	[0.0..0.0]	[1.462..1.927]	[963.458..1269.893]	[0.082..0.105]	[1.0..1.0]	[1.444..1.906]	[951.596..1256.054]	[0.081..0.104]	[1.0..1.0]	0.8383587	[807.7234..1064.6259]
Group-1	PS 39:5:0	329.25	240116_PS_FTMSMS-_2.mzXML	25.0	2968.9	0.0	0.0	[4.0..7.0]	[0.0..0.0]	[1.028..1.094]	[3052.029..3247.976]	[0.223..0.234]	[1.0..1.0]	[1.056..1.153]	[3135.1582..3423.1416]	[0.228..0.244]	[1.0..1.0]	0.8383587	[2558.6953..2722.9695]
Group-1	PS 39:5:0	329.25	240116_PS_FTMSMS-_2.mzXML	30.0	3478.4	580.9	0.16700208	[4.3..5.0]	[0.0..0.9]	[1.352..1.875]	[4702.797..6522.0]	[0.193..0.248]	[1.0..1.0]	[1.347..1.731]	[4685.405..6021.11]	[0.192..0.234]	[1.0..1.0]	0.8383587	[3942.6304..5467.775]
Group-1	PS 39:5:0	329.25	240116_PS_FTMSMS-_2.mzXML	35.0	2211.5	578.9	0.26176804	[4.2..4.6]	[0.0..0.9]	[2.01..3.185]	[4445.115..7043.628]	[0.163..0.236]	[1.0..1.0]	[2.006..3.077]	[4436.269..6804.785]	[0.163..0.23]	[1.0..1.0]	0.8383587	[3726.6008..5905.0864]
Group-1	PS 39:5:0	331.26	240116_PS_FTMSMS-_2.mzXML	25.0	587.8	0.0	0.0	[7.0..10.0]	[0.0..0.0]	[0.904..0.921]	[531.371..541.364]	[0.571..0.575]	[0.3..0.33]	[1.31..1.357]	[770.01794..797.6446]	[0.658..0.666]	[0.304..0.333]	0.8383587	[445.47964..453.85706]
Group-1	PS 39:5:0	331.26	240116_PS_FTMSMS-_2.mzXML	30.0	1030.3	0.0	0.0	[7.0..10.0]	[0.0..0.0]	[1.001..1.066]	[1031.33..1098.3]	[0.586..0.601]	[0.3..0.33]	[1.2..1.288]	[1236.3601..1327.0265]	[0.629..0.645]	[0.304..0.333]	0.8383587	[864.6248..920.7692]
Group-1	PS 39:5:0	331.26	240116_PS_FTMSMS-_2.mzXML	35.0	1056.2	0.0	0.0	[7.0..10.0]	[0.0..0.0]	[1.169..1.363]	[1234.698..1439.601]	[0.542..0.58]	[0.3..0.33]	[1.265..1.479]	[1336.0929..1562.1198]	[0.562..0.6]	[0.304..0.333]	0.8383587	[1035.1196..1206.9017]
Group-1	PS 39:6:0	269.25	240116_PS_FTMSMS-_2.mzXML	25.0	15325.2	0.0	0.0	[0.0..0.0]	[0.3..1.0]	[0.994..1.001]	[15233.249..15340.526]	[0.751..0.759]	[0.0..0.0]	[0.994..0.994]	[15233.249..15233.249]	[0.75..0.75]	[0.0..0.0]	0.8401297	[12797.904..12888.031]
Group-1	PS 39:6:0	269.25	240116_PS_FTMSMS-_2.mzXML	30.0	27444.6	0.0	0.0	[0.0..0.0]	[0.3..0.3]	[0.983..0.983]	[26978.043..26978.043]	[0.773..0.773]	[0.0..0.0]	[0.983..0.983]	[26978.041..26978.041]	[0.773..0.773]	[0.0..0.0]	0.8401297	[22665.053..22665.053]
Group-1	PS 39:6:0	269.25	240116_PS_FTMSMS-_2.mzXML	35.0	31512.8	0.0	0.0	[0.0..0.0]	[1.0..1.0]	[0.98..0.98]	[30882.545..30882.545]	[0.791..0.791]	[0.0..0.0]	[0.98..0.98]	[30882.545..30882.545]	[0.791..0.791]	[0.0..0.0]	0.8401297	[25945.344..25945.344]
Group-1	PS 39:6:0	327.23	240116_PS_FTMSMS-_2.mzXML	25.0	3685.7	833.7	0.22619855	[4.0..4.0]	[0.0..0.7]	[1.314..1.378]	[4843.01..5078.895]	[0.241..0.249]	[1.0..1.0]	[1.378..1.378]	[5078.8945..5078.8945]	[0.25..0.25]	[1.0..1.0]	0.8401297	[4068.756..4266.93]
Group-1	PS 39:6:0	327.23	240116_PS_FTMSMS-_2.mzXML	30.0	3177.9	1297.3	0.4082256	[4.0..4.0]	[0.7..0.7]	[2.496..2.496]	[7932.038..7932.038]	[0.227..0.227]	[1.0..1.0]	[2.496..2.496]	[7932.038..7932.038]	[0.227..0.227]	[1.0..1.0]	0.8401297	[6663.9404..6663.9404]
Group-1	PS 39:6:0	327.23	240116_PS_FTMSMS-_2.mzXML	35.0	1483.3	1162.7	0.78386027	[4.0..4.0]	[0.0..0.0]	[5.509..5.509]	[8171.5..8171.5]	[0.209..0.209]	[1.0..1.0]	[5.509..5.509]	[8171.4995..8171.4995]	[0.209..0.209]	[1.0..1.0]	0.8401297	[6865.1196..6865.1196]
Group-1	PS 40:1:0	281.25	240116_PS_FTMSMS-_2.mzXML	25.0	204644.1	0.0	0.0	[9.0..9.0]	[0.0..1.0]	[0.893..0.928]	[182747.17..189909.72]	[0.35..0.351]	[0.78..0.84]	[0.92..0.922]	[188272.56..188681.86]	[0.356..0.356]	[0.783..0.835]	0.8195229	[149765.5..155635.38]
Group-1	PS 40:1:0	281.25	240116_PS_FTMSMS-_2.mzXML	30.0	457684.9	0.0	0.0	[9.0..9.0]	[0.0..1.0]	[0.914..0.919]	[418324.0..420612.44]	[0.352..0.353]	[0.78..0.84]	[0.918..0.918]	[420154.75..420154.75]	[0.353..0.353]	[0.783..0.835]	0.8195229	[342826.12..344701.53]
Group-1	PS 40:1:0	281.25	240116_PS_FTMSMS-_2.mzXML	35.0	582778.7	0.0	0.0	[9.0..9.0]	[0.0..1.0]	[0.904..0.932]	[526831.94..543149.75]	[0.376..0.381]	[0.78..0.84]	[0.926..0.928]	[539653.06..540818.6]	[0.381..0.381]	[0.783..0.835]	0.8195229	[431750.84..445123.66]
Group-1	PS 40:1:0	283.26	240116_PS_FTMSMS-_2.mzXML	25.0	178536.8	0.0	0.0	[0.0..0.0]	[1.0..1.0]	[1.005..1.005]	[179429.48..179429.48]	[0.677..0.677]	[0.0..0.11]	[1.005..1.005]	[179429.48..179429.48]	[0.677..0.677]	[0.0..0.106]	0.8195229	[147046.58..147046.58]
Group-1	PS 40:1:0	283.26	240116_PS_FTMSMS-_2.mzXML	30.0	431502.2	0.0	0.0	[0.0..0.0]	[1.0..1.0]	[0.978..0.978]	[422009.12..422009.12]	[0.758..0.758]	[0.0..0.11]	[0.978..0.978]	[422009.12..422009.12]	[0.758..0.758]	[0.0..0.106]	0.8195229	[345846.16..345846.16]
Group-1	PS 40:1:0	283.26	240116_PS_FTMSMS-_2.mzXML	35.0	558347.3	0.0	0.0	[0.0..0.0]	[1.0..1.0]	[0.963..0.963]	[537688.44..537688.44]	[0.797..0.797]	[0.0..0.11]	[0.963..0.963]	[537688.44..537688.44]	[0.797..0.797]	[0.0..0.106]	0.8195229	[440648.0..440648.0]
Group-1	PS 40:1:0	309.28	240116_PS_FTMSMS-_2.mzXML	25.0	9521.1	0.0	0.0	[11.0..11.0]	[0.0..1.0]	[0.901..0.939]	[8578.511..8940.312]	[0.497..0.5]	[0.51..1.0]	[0.92..0.939]	[8759.412..8940.3125]	[0.502..0.504]	[0.507..1.0]	0.8195229	[7030.286..7326.791]
Group-1	PS 40:1:0	309.28	240116_PS_FTMSMS-_2.mzXML	30.0	14857.5	0.0	0.0	[11.0..11.0]	[0.0..1.0]	[0.892..0.898]	[13252.891..13342.035]	[0.32..0.321]	[0.51..1.0]	[0.895..0.898]	[13297.462..13342.035]	[0.322..0.322]	[0.507..1.0]	0.8195229	[10861.047..10934.104]
Group-1	PS 40:1:0	309.28	240116_PS_FTMSMS-_2.mzXML	35.0	13221.7	0.0	0.0	[11.0..11.0]	[0.0..1.0]	[0.856..0.884]	[11317.775..11687.983]	[0.257..0.263]	[0.51..1.0]	[0.87..0.884]	[11502.879..11687.983]	[0.26..0.263]	[0.507..1.0]	0.8195229	[9275.177..9578.57]
Group-1	PS 40:1:0	311.29	240116_PS_FTMSMS-_2.mzXML	25.0	8752.0	0.0	0.0	[0.0..0.0]	[0.0..1.0]	[0.991..1.022]	[8673.232..8944.544]	[0.5..0.503]	[0.0..0.49]	[0.991..1.006]	[8673.232..8804.513]	[0.496..0.498]	[0.0..0.493]	0.8195229	[7107.912..7330.2583]
Group-1	PS 40:1:0	311.29	240116_PS_FTMSMS-_2.mzXML	30.0	29351.7	0.0	0.0	[0.0..0.0]	[0.0..1.0]	[0.953..0.965]	[27972.17..28324.389]	[0.679..0.68]	[0.0..0.49]	[0.953..0.959]	[27972.17..28148.28]	[0.678..0.678]	[0.0..0.493]	0.8195229	[22923.834..23212.486]
Group-1	PS 40:1:0	311.29	240116_PS_FTMSMS-_2.mzXML	35.0	35097.3	0.0	0.0	[0.0..0.0]	[0.0..1.0]	[0.933..0.935]	[32745.783..32815.977]	[0.737..0.743]	[0.0..0.49]	[0.933..0.934]	[32745.783..32780.88]	[0.737..0.74]	[0.0..0.493]	0.8195229	[26835.92..26893.445]
Group-1	PS 40:1:0	337.31	240116_PS_FTMSMS-_2.mzXML	25.0	94855.1	0.0	0.0	[13.0..13.0]	[0.0..0.0]	[0.901..0.901]	[85464.445..85464.445]	[0.323..0.323]	[0.89..1.0]	[0.901..0.901]	[85464.445..85464.445]	[0.323..0.323]	[0.894..1.0]	0.8195229	[70040.08..70040.08]
Group-1	PS 40:1:0	337.31	240116_PS_FTMSMS-_2.mzXML	30.0	154707.6	0.0	0.0	[13.0..13.0]	[0.0..0.0]	[0.873..0.873]	[135059.73..135059.73]	[0.242..0.242]	[0.89..1.0]	[0.873..0.873]	[135059.73..135059.73]	[0.242..0.242]	[0.894..1.0]	0.8195229	[110684.55..110684.55]
Group-1	PS 40:1:0	337.31	240116_PS_FTMSMS-_2.mzXML	35.0	163330.7	0.0	0.0	[13.0..13.0]	[0.0..0.0]	[0.839..0.839]	[137034.45..137034.45]	[0.203..0.203]	[0.89..1.0]	[0.839..0.839]	[137034.45..137034.45]	[0.203..0.203]	[0.894..1.0]	0.8195229	[112302.875..112302.875]
Group-1	PS 40:1:0	339.32	240116_PS_FTMSMS-_2.mzXML	25.0	333343.7	0.0	0.0	[0.0..0.0]	[0.0..1.0]	[1.016..1.052]	[338677.2..350677.56]	[0.649..0.65]	[0.16..0.22]	[1.022..1.024]	[340677.22..341343.94]	[0.644..0.644]	[0.165..0.217]	0.8195229	[277553.72..287388.3]
Group-1	PS 40:1:0	339.32	240116_PS_FTMSMS-_2.mzXML	30.0	804274.2	0.0	0.0	[0.0..0.0]	[0.0..1.0]	[0.955..0.961]	[768081.8..772907.5]	[0.647..0.648]	[0.16..0.22]	[0.956..0.956]	[768886.1..768886.1]	[0.647..0.647]	[0.165..0.217]	0.8195229	[629460.7..633415.44]
Group-1	PS 40:1:0	339.32	240116_PS_FTMSMS-_2.mzXML	35.0	960061.5	0.0	0.0	[0.0..0.0]	[0.0..1.0]	[0.912..0.921]	[875576.06..884216.6]	[0.619..0.624]	[0.16..0.22]	[0.913..0.914]	[876536.1..877496.2]	[0.619..0.619]	[0.165..0.217]	0.8195229	[717554.6..724635.75]
Group-1	PS 40:2:0	281.25	240116_PS_FTMSMS-_2.mzXML	25.0	226570.4	0.0	0.0	[9.0..9.0]	[1.0..1.0]	[0.928..0.928]	[210257.33..210257.33]	[0.329..0.329]	[0.88..0.93]	[0.928..0.928]	[210257.33..210257.33]	[0.329..0.329]	[0.881..0.927]	0.8212088	[172665.17..172665.17]
Group-1	PS 40:2:0	281.25	240116_PS_FTMSMS-_2.mzXML	30.0	478606.4	0.0	0.0	[9.0..9.0]	[1.0..1.0]	[0.914..0.914]	[437446.25..437446.25]	[0.33..0.33]	[0.88..0.93]	[0.914..0.914]	[437446.25..437446.25]	[0.33..0.33]	[0.881..0.927]	0.8212088	[359234.7..359234.7]
Group-1	PS 40:2:0	281.25	240116_PS_FTMSMS-_2.mzXML	35.0	531356.0	0.0	0.0	[9.0..9.0]	[1.0..1.0]	[0.904..0.904]	[480345.8..480345.8]	[0.313..0.313]	[0.88..0.93]	[0.904..0.904]	[480345.8..480345.8]	[0.313..0.313]	[0.881..0.927]	0.8212088	[394464.22..394464.22]
Group-1	PS 40:2:0	283.26	240116_PS_FTMSMS-_2.mzXML	25.0	186318.2	0.0	0.0	[0.0..0.0]	[1.0..1.0]	[1.005..1.005]	[187249.8..187249.8]	[0.719..0.719]	[0.0..0.01]	[1.005..1.005]	[187249.8..187249.8]	[0.719..0.719]	[0.0..0.013]	0.8212088	[153771.17..153771.17]
Group-1	PS 40:2:0	283.26	240116_PS_FTMSMS-_2.mzXML	30.0	457416.1	0.0	0.0	[0.0..0.0]	[1.0..1.0]	[0.978..0.978]	[447352.94..447352.94]	[0.776..0.776]	[0.0..0.01]	[0.978..0.978]	[447352.94..447352.94]	[0.776..0.776]	[0.0..0.013]	0.8212088	[367370.16..367370.16]
Group-1	PS 40:2:0	283.26	240116_PS_FTMSMS-_2.mzXML	35.0	524754.0	0.0	0.0	[0.0..0.0]	[1.0..1.0]	[0.963..0.963]	[505338.1..505338.1]	[0.771..0.771]	[0.0..0.01]	[0.963..0.963]	[505338.1..505338.1]	[0.771..0.771]	[0.0..0.013]	0.8212088	[414988.1..414988.1]
Group-1	PS 40:2:0	309.28	240116_PS_FTMSMS-_2.mzXML	25.0	53688.5	0.0	0.0	[11.0..11.0]	[0.5..0.5]	[0.953..0.953]	[51165.14..51165.14]	[0.5..0.5]	[0.5..0.5]	[0.953..0.953]	[51165.14..51165.14]	[0.5..0.5]	[0.5..0.5]	0.8212088	[42017.266..42017.266]
Group-1	PS 40:2:0	309.28	240116_PS_FTMSMS-_2.mzXML	30.0	119548.2	0.0	0.0	[11.0..11.0]	[0.5..0.5]	[0.895..0.895]	[106995.64..106995.64]	[0.5..0.5]	[0.5..0.5]	[0.895..0.895]	[106995.64..106995.64]	[0.5..0.5]	[0.5..0.5]	0.8212088	[87865.76..87865.76]
Group-1	PS 40:2:0	309.28	240116_PS_FTMSMS-_2.mzXML	35.0	107542.8	0.0	0.0	[11.0..11.0]	[0.5..0.5]	[0.848..0.848]	[91196.29..91196.29]	[0.5..0.5]	[0.5..0.5]	[0.848..0.848]	[91196.29..91196.29]	[0.5..0.5]	[0.5..0.5]	0.8212088	[74891.195..74891.195]
Group-1	PS 40:2:0	335.29	240116_PS_FTMSMS-_2.mzXML	25.0	82002.6	0.0	0.0	[13.0..13.0]	[0.0..0.0]	[0.893..0.893]	[73228.32..73228.32]	[0.281..0.281]	[0.99..1.0]	[0.893..0.893]	[73228.32..73228.32]	[0.281..0.281]	[0.987..1.0]	0.8212088	[60135.742..60135.742]
Group-1	PS 40:2:0	335.29	240116_PS_FTMSMS-_2.mzXML	30.0	148691.3	0.0	0.0	[13.0..13.0]	[0.0..0.0]	[0.867..0.867]	[128915.35..128915.35]	[0.224..0.224]	[0.99..1.0]	[0.867..0.867]	[128915.35..128915.35]	[0.224..0.224]	[0.987..1.0]	0.8212088	[105866.42..105866.42]
Group-1	PS 40:2:0	335.29	240116_PS_FTMSMS-_2.mzXML	35.0	177092.1	0.0	0.0	[13.0..13.0]	[0.0..0.0]	[0.848..0.848]	[150174.1..150174.1]	[0.229..0.229]	[0.99..1.0]	[0.848..0.848]	[150174.1..150174.1]	[0.229..0.229]	[0.987..1.0]	0.8212088	[123324.28..123324.28]
Group-1	PS 40:2:0	337.31	240116_PS_FTMSMS-_2.mzXML	25.0	475687.9	0.0	0.0	[13.0..13.0]	[0.0..0.0]	[0.901..0.901]	[428594.8..428594.8]	[0.671..0.671]	[0.07..0.12]	[0.901..0.901]	[428594.8..428594.8]	[0.671..0.671]	[0.073..0.119]	0.8212088	[351965.84..351965.84]
Group-1	PS 40:2:0	337.31	240116_PS_FTMSMS-_2.mzXML	30.0	1019186.3	0.0	0.0	[13.0..13.0]	[0.0..0.0]	[0.873..0.873]	[889749.7..889749.7]	[0.67..0.67]	[0.07..0.12]	[0.873..0.873]	[889749.7..889749.7]	[0.67..0.67]	[0.073..0.119]	0.8212088	[730670.25..730670.25]
Group-1	PS 40:2:0	337.31	240116_PS_FTMSMS-_2.mzXML	35.0	1257894.6	0.0	0.0	[13.0..13.0]	[0.0..0.0]	[0.839..0.839]	[1055373.6..1055373.6]	[0.687..0.687]	[0.07..0.12]	[0.839..0.839]	[1055373.6..1055373.6]	[0.687..0.687]	[0.073..0.119]	0.8212088	[866682.06..866682.06]
Group-1	PS 40:3:0	281.25	240116_PS_FTMSMS-_2.mzXML	25.0	75545.0	0.0	0.0	[9.0..9.0]	[1.0..1.0]	[0.928..0.928]	[70105.76..70105.76]	[0.488..0.488]	[0.53..0.66]	[0.928..0.928]	[70105.76..70105.76]	[0.488..0.488]	[0.527..0.664]	0.82289374	[57689.59..57689.59]
Group-1	PS 40:3:0	281.25	240116_PS_FTMSMS-_2.mzXML	30.0	128331.5	0.0	0.0	[9.0..9.0]	[1.0..1.0]	[0.914..0.914]	[117294.984..117294.984]	[0.428..0.428]	[0.53..0.66]	[0.914..0.914]	[117294.984..117294.984]	[0.428..0.428]	[0.527..0.664]	0.82289374	[96521.31..96521.31]
Group-1	PS 40:3:0	281.25	240116_PS_FTMSMS-_2.mzXML	35.0	159766.1	0.0	0.0	[9.0..9.0]	[1.0..1.0]	[0.904..0.904]	[144428.55..144428.55]	[0.435..0.435]	[0.53..0.66]	[0.904..0.904]	[144428.55..144428.55]	[0.435..0.435]	[0.527..0.664]	0.82289374	[118849.34..118849.34]
Group-1	PS 40:3:0	283.26	240116_PS_FTMSMS-_2.mzXML	25.0	998546.6	0.0	0.0	[0.0..0.0]	[0.100000024..0.100000024]	[0.988..0.988]	[986564.06..986564.06]	[0.719..0.719]	[0.0..0.01]	[0.988..0.988]	[986564.06..986564.06]	[0.719..0.719]	[0.0..0.013]	0.82289374	[811837.4..811837.4]
Group-1	PS 40:3:0	283.26	240116_PS_FTMSMS-_2.mzXML	30.0	1931985.6	0.0	0.0	[0.0..0.0]	[0.100000024..1.0]	[0.969..0.978]	[1872094.0..1889481.9]	[0.743..0.744]	[0.0..0.01]	[0.969..0.969]	[1872094.0..1872094.0]	[0.742..0.742]	[0.0..0.013]	0.82289374	[1540534.5..1554842.9]
Group-1	PS 40:3:0	283.26	240116_PS_FTMSMS-_2.mzXML	35.0	2511499.0	0.0	0.0	[0.0..0.0]	[1.0..1.0]	[0.963..0.963]	[2418573.5..2418573.5]	[0.79..0.79]	[0.0..0.01]	[0.963..0.963]	[2418573.5..2418573.5]	[0.79..0.79]	[0.0..0.013]	0.82289374	[1990229.0..1990229.0]
Group-1	PS 40:3:0	333.28	240116_PS_FTMSMS-_2.mzXML	25.0	403593.6	0.0	0.0	[13.0..13.0]	[0.9..0.9]	[0.956..0.956]	[385835.47..385835.47]	[0.281..0.281]	[0.99..1.0]	[0.956..0.956]	[385835.47..385835.47]	[0.281..0.281]	[0.987..1.0]	0.82289374	[317501.6..317501.6]
Group-1	PS 40:3:0	333.28	240116_PS_FTMSMS-_2.mzXML	30.0	698974.5	0.0	0.0	[13.0..13.0]	[0.0..0.9]	[0.927..0.93]	[647949.4..650046.3]	[0.256..0.257]	[0.99..1.0]	[0.93..0.93]	[650046.3..650046.3]	[0.258..0.258]	[0.987..1.0]	0.82289374	[533193.5..534919.06]
Group-1	PS 40:3:0	333.28	240116_PS_FTMSMS-_2.mzXML	35.0	670480.3	0.0	0.0	[13.0..13.0]	[0.0..0.0]	[0.959..0.959]	[642990.6..642990.6]	[0.21..0.21]	[0.99..1.0]	[0.959..0.959]	[642990.6..642990.6]	[0.21..0.21]	[0.987..1.0]	0.82289374	[529112.94..529112.94]
Group-1	PS 40:3:0	335.29	240116_PS_FTMSMS-_2.mzXML	25.0	82495.3	0.0	0.0	[13.0..13.0]	[0.0..0.0]	[0.893..0.893]	[73668.3..73668.3]	[0.512..0.512]	[0.34..0.47]	[0.893..0.893]	[73668.3..73668.3]	[0.512..0.512]	[0.336..0.473]	0.82289374	[60621.18..60621.18]
Group-1	PS 40:3:0	335.29	240116_PS_FTMSMS-_2.mzXML	30.0	180924.4	0.0	0.0	[13.0..13.0]	[0.0..0.0]	[0.867..0.867]	[156861.45..156861.45]	[0.572..0.572]	[0.34..0.47]	[0.867..0.867]	[156861.45..156861.45]	[0.572..0.572]	[0.336..0.473]	0.82289374	[129080.31..129080.31]
Group-1	PS 40:3:0	335.29	240116_PS_FTMSMS-_2.mzXML	35.0	221293.4	0.0	0.0	[13.0..13.0]	[0.0..0.0]	[0.848..0.848]	[187656.81..187656.81]	[0.565..0.565]	[0.34..0.47]	[0.848..0.848]	[187656.81..187656.81]	[0.565..0.565]	[0.336..0.473]	0.82289374	[154421.61..154421.61]
Group-1	PS 40:4:0	281.25	240116_PS_FTMSMS-_2.mzXML	25.0	151779.9	0.0	0.0	[9.0..9.0]	[0.39999998..0.39999998]	[0.907..0.907]	[137664.38..137664.38]	[0.628..0.628]	[0.06..0.22]	[0.907..0.907]	[137664.38..137664.38]	[0.628..0.628]	[0.061..0.215]	0.8245947	[113517.31..113517.31]
Group-1	PS 40:4:0	281.25	240116_PS_FTMSMS-_2.mzXML	30.0	263271.4	0.0	0.0	[9.0..9.0]	[0.0..0.0]	[0.919..0.919]	[241946.44..241946.44]	[0.636..0.636]	[0.06..0.22]	[0.919..0.919]	[241946.44..241946.44]	[0.636..0.636]	[0.061..0.215]	0.8245947	[199507.73..199507.73]
Group-1	PS 40:4:0	281.25	240116_PS_FTMSMS-_2.mzXML	35.0	366835.2	0.0	0.0	[9.0..9.0]	[0.0..0.39999998]	[0.921..0.932]	[337855.22..341890.38]	[0.692..0.693]	[0.06..0.22]	[0.922..0.923]	[338222.03..338588.88]	[0.691..0.691]	[0.061..0.215]	0.8245947	[278593.6..281921.0]
Group-1	PS 40:4:0	283.26	240116_PS_FTMSMS-_2.mzXML	25.0	3698711.0	0.0	0.0	[0.0..0.0]	[1.0..1.0]	[1.005..1.005]	[3717204.5..3717204.5]	[0.73..0.733]	[0.0..0.0]	[1.005..1.005]	[3717204.5..3717204.5]	[0.723..0.727]	[0.0..0.0]	0.8245947	[3065187.2..3065187.2]
Group-1	PS 40:4:0	283.26	240116_PS_FTMSMS-_2.mzXML	30.0	8068108.5	0.0	0.0	[0.0..0.0]	[1.0..1.0]	[0.978..0.978]	[7890610.0..7890610.0]	[0.748..0.76]	[0.0..0.0]	[0.978..0.978]	[7890610.0..7890610.0]	[0.749..0.759]	[0.0..0.0]	0.8245947	[6506555.0..6506555.0]
Group-1	PS 40:4:0	283.26	240116_PS_FTMSMS-_2.mzXML	35.0	9062751.0	0.0	0.0	[0.0..0.0]	[1.0..1.0]	[0.963..0.963]	[8727429.0..8727429.0]	[0.76..0.787]	[0.0..0.0]	[0.963..0.963]	[8727429.0..8727429.0]	[0.762..0.788]	[0.0..0.0]	0.8245947	[7196591.5..7196591.5]
Group-1	PS 40:4:0	331.26	240116_PS_FTMSMS-_2.mzXML	25.0	1496403.4	0.0	0.0	[7.0..10.0]	[0.0..0.0]	[0.904..0.921]	[1352748.6..1378187.5]	[0.267..0.27]	[1.0..1.0]	[0.935..0.952]	[1399137.1..1424576.0]	[0.273..0.277]	[1.0..1.0]	0.8245947	[1115469.2..1136446.1]
Group-1	PS 40:4:0	331.26	240116_PS_FTMSMS-_2.mzXML	30.0	2494394.0	0.0	0.0	[7.0..10.0]	[0.0..0.0]	[1.001..1.066]	[2496888.5..2659023.8]	[0.24..0.252]	[1.0..1.0]	[1.002..1.062]	[2499382.8..2649046.5]	[0.241..0.251]	[1.0..1.0]	0.8245947	[2058921.0..2192617.0]
Group-1	PS 40:4:0	331.26	240116_PS_FTMSMS-_2.mzXML	35.0	2023054.0	0.0	0.0	[7.0..10.0]	[0.0..0.0]	[1.169..1.363]	[2364950.2..2757422.8]	[0.213..0.24]	[1.0..1.0]	[1.163..1.349]	[2352811.8..2729099.8]	[0.212..0.238]	[1.0..1.0]	0.8245947	[1950125.2..2273756.0]
Group-1	PS 40:4:0	333.28	240116_PS_FTMSMS-_2.mzXML	25.0	85987.0	0.0	0.0	[13.0..13.0]	[0.6..0.6]	[0.948..0.948]	[81515.68..81515.68]	[0.372..0.372]	[0.78..0.94]	[0.948..0.948]	[81515.68..81515.68]	[0.372..0.372]	[0.785..0.939]	0.8245947	[67217.39..67217.39]
Group-1	PS 40:4:0	333.28	240116_PS_FTMSMS-_2.mzXML	30.0	149383.8	0.0	0.0	[13.0..13.0]	[1.0..1.0]	[0.927..0.927]	[138478.78..138478.78]	[0.364..0.364]	[0.78..0.94]	[0.927..0.927]	[138478.78..138478.78]	[0.364..0.364]	[0.785..0.939]	0.8245947	[114188.87..114188.87]
Group-1	PS 40:4:0	333.28	240116_PS_FTMSMS-_2.mzXML	35.0	159464.8	0.0	0.0	[13.0..13.0]	[0.6..1.0]	[0.945..0.951]	[150694.23..151651.02]	[0.307..0.308]	[0.78..0.94]	[0.95..0.951]	[151491.56..151651.02]	[0.309..0.309]	[0.785..0.939]	0.8245947	[124261.664..125050.625]
Group-1	PS 40:5:0	283.26	240116_PS_FTMSMS-_2.mzXML	25.0	6063146.0	0.0	0.0	[0.0..0.0]	[1.0..1.0]	[1.005..1.005]	[6093461.5..6093461.5]	[0.775..0.777]	[0.0..0.0]	[1.005..1.005]	[6093461.5..6093461.5]	[0.766..0.769]	[0.0..0.0]	0.8262947	[5034995.0..5034995.0]
Group-1	PS 40:5:0	283.26	240116_PS_FTMSMS-_2.mzXML	30.0	1.0632E7	0.0	0.0	[0.0..0.0]	[1.0..1.0]	[0.978..0.978]	[1.0398096E7..1.0398096E7]	[0.781..0.787]	[0.0..0.0]	[0.978..0.978]	[1.0398096E7..1.0398096E7]	[0.779..0.786]	[0.0..0.0]	0.8262947	[8591891.0..8591891.0]
Group-1	PS 40:5:0	283.26	240116_PS_FTMSMS-_2.mzXML	35.0	1.2451178E7	0.0	0.0	[0.0..0.0]	[1.0..1.0]	[0.963..0.963]	[1.1990484E7..1.1990484E7]	[0.798..0.807]	[0.0..0.0]	[0.963..0.963]	[1.1990484E7..1.1990484E7]	[0.798..0.807]	[0.0..0.0]	0.8262947	[9907674.0..9907674.0]
Group-1	PS 40:5:0	329.25	240116_PS_FTMSMS-_2.mzXML	25.0	1612481.2	189015.8	0.11722046	[4.1..4.5]	[0.0..0.0]	[1.083..1.094]	[1746317.1..1764054.5]	[0.223..0.225]	[1.0..1.0]	[1.137..1.153]	[1833391.1..1859190.9]	[0.231..0.234]	[1.0..1.0]	0.8262947	[1442972.6..1457628.9]
Group-1	PS 40:5:0	329.25	240116_PS_FTMSMS-_2.mzXML	30.0	1702737.4	347593.8	0.20413823	[4.0..4.3]	[0.0..0.0]	[1.656..1.717]	[2819733.0..2923599.8]	[0.213..0.219]	[1.0..1.0]	[1.667..1.731]	[2838463.2..2947438.2]	[0.214..0.221]	[1.0..1.0]	0.8262947	[2329930.5..2415755.2]
Group-1	PS 40:5:0	329.25	240116_PS_FTMSMS-_2.mzXML	35.0	987022.8	335229.5	0.33963704	[4.0..4.0]	[0.0..0.0]	[2.896..3.073]	[2858418.0..3033121.0]	[0.193..0.202]	[1.0..1.0]	[2.899..3.077]	[2861379.0..3037069.0]	[0.193..0.202]	[1.0..1.0]	0.8262947	[2361895.8..2506252.0]
Group-1	PS 40:6:0	283.26	240116_PS_FTMSMS-_2.mzXML	25.0	1.0663707E7	0.0	0.0	[0.0..0.0]	[1.0..1.0]	[1.005..1.005]	[1.0717025E7..1.0717025E7]	[0.766..0.766]	[0.0..0.0]	[1.005..1.005]	[1.0717025E7..1.0717025E7]	[0.766..0.766]	[0.0..0.0]	0.8280024	[8873723.0..8873723.0]
Group-1	PS 40:6:0	283.26	240116_PS_FTMSMS-_2.mzXML	30.0	1.8899264E7	0.0	0.0	[0.0..0.0]	[1.0..1.0]	[0.978..0.978]	[1.848348E7..1.848348E7]	[0.787..0.787]	[0.0..0.0]	[0.978..0.978]	[1.848348E7..1.848348E7]	[0.787..0.787]	[0.0..0.0]	0.8280024	[1.5304366E7..1.5304366E7]
Group-1	PS 40:6:0	283.26	240116_PS_FTMSMS-_2.mzXML	35.0	2.1511774E7	0.0	0.0	[0.0..0.0]	[1.0..1.0]	[0.963..0.963]	[2.0715838E7..2.0715838E7]	[0.794..0.794]	[0.0..0.0]	[0.963..0.963]	[2.0715838E7..2.0715838E7]	[0.794..0.794]	[0.0..0.0]	0.8280024	[1.7152764E7..1.7152764E7]
Group-1	PS 40:6:0	327.23	240116_PS_FTMSMS-_2.mzXML	25.0	2495882.8	483213.0	0.19360405	[4.0..4.0]	[0.0..0.0]	[1.314..1.314]	[3279590.0..3279590.0]	[0.234..0.234]	[1.0..1.0]	[1.314..1.314]	[3279590.0..3279590.0]	[0.234..0.234]	[1.0..1.0]	0.8280024	[2715508.2..2715508.2]
Group-1	PS 40:6:0	327.23	240116_PS_FTMSMS-_2.mzXML	30.0	2034035.8	823919.7	0.40506646	[4.0..4.0]	[0.0..0.0]	[2.457..2.457]	[4997626.0..4997626.0]	[0.213..0.213]	[1.0..1.0]	[2.457..2.457]	[4997626.0..4997626.0]	[0.213..0.213]	[1.0..1.0]	0.8280024	[4138046.2..4138046.2]
Group-1	PS 40:6:0	327.23	240116_PS_FTMSMS-_2.mzXML	35.0	977342.3	588852.0	0.60250336	[4.0..4.0]	[0.0..0.0]	[5.509..5.509]	[5384178.5..5384178.5]	[0.206..0.206]	[1.0..1.0]	[5.509..5.509]	[5384178.5..5384178.5]	[0.206..0.206]	[1.0..1.0]	0.8280024	[4458112.5..4458112.5]
Group-1	PS 40:7:0	281.25	240116_PS_FTMSMS-_2.mzXML	25.0	179313.8	0.0	0.0	[9.0..9.0]	[0.5..1.0]	[0.91..0.928]	[163175.56..166403.2]	[0.822..0.824]	[0.0..0.0]	[0.91..0.91]	[163175.56..163175.56]	[0.819..0.819]	[0.0..0.0]	0.8297263	[135391.06..138069.11]
Group-1	PS 40:7:0	281.25	240116_PS_FTMSMS-_2.mzXML	30.0	266768.5	0.0	0.0	[9.0..9.0]	[0.5..0.5]	[0.917..0.917]	[244626.72..244626.72]	[0.814..0.814]	[0.0..0.0]	[0.917..0.917]	[244626.72..244626.72]	[0.814..0.814]	[0.0..0.0]	0.8297263	[202973.2..202973.2]
Group-1	PS 40:7:0	281.25	240116_PS_FTMSMS-_2.mzXML	35.0	301791.1	0.0	0.0	[9.0..9.0]	[1.0..1.0]	[0.904..0.904]	[272819.16..272819.16]	[0.851..0.851]	[0.0..0.0]	[0.904..0.904]	[272819.16..272819.16]	[0.851..0.851]	[0.0..0.0]	0.8297263	[226365.22..226365.22]
Group-1	PS 40:7:0	303.23	240116_PS_FTMSMS-_2.mzXML	25.0	27325.6	0.0	0.0	[5.0..8.0]	[1.0..1.0]	[0.996..1.036]	[27216.297..28309.322]	[0.893..0.896]	[0.0..0.0]	[0.965..0.998]	[26369.203..27270.95]	[0.887..0.889]	[0.0..0.0]	0.8297263	[22582.076..23488.988]
Group-1	PS 40:7:0	303.23	240116_PS_FTMSMS-_2.mzXML	30.0	58578.9	0.0	0.0	[5.0..8.0]	[1.0..1.0]	[1.142..1.33]	[66897.1..77909.94]	[0.91..0.912]	[0.0..0.0]	[1.147..1.333]	[67189.99..78085.67]	[0.91..0.913]	[0.0..0.0]	0.8297263	[55506.285..64643.926]
Group-1	PS 40:7:0	303.23	240116_PS_FTMSMS-_2.mzXML	35.0	51121.1	0.0	0.0	[5.0..8.0]	[1.0..1.0]	[1.444..1.906]	[73818.87..97436.82]	[0.904..0.905]	[0.0..0.0]	[1.462..1.927]	[74739.055..98510.37]	[0.906..0.907]	[0.0..0.0]	0.8297263	[61249.453..80845.89]
Group-1	PS 40:7:0	305.25	240116_PS_FTMSMS-_2.mzXML	25.0	3577.4	0.0	0.0	[5.0..11.0]	[0.0..0.0]	[0.909..0.917]	[3251.857..3280.476]	[0.104..0.107]	[1.0..1.0]	[0.94..0.95]	[3362.7559..3398.5298]	[0.111..0.113]	[1.0..1.0]	0.8297263	[2698.1506..2721.897]
Group-1	PS 40:7:0	305.25	240116_PS_FTMSMS-_2.mzXML	30.0	6939.0	0.0	0.0	[5.0..11.0]	[0.0..0.0]	[0.959..1.078]	[6654.501..7480.242]	[0.088..0.09]	[1.0..1.0]	[0.957..1.075]	[6640.623..7459.4253]	[0.087..0.09]	[1.0..1.0]	0.8297263	[5521.4146..6206.553]
Group-1	PS 40:7:0	305.25	240116_PS_FTMSMS-_2.mzXML	35.0	7628.6	0.0	0.0	[5.0..11.0]	[0.0..0.0]	[1.031..1.339]	[7865.087..10214.695]	[0.095..0.096]	[1.0..1.0]	[1.014..1.322]	[7735.401..10085.01]	[0.093..0.094]	[1.0..1.0]	0.8297263	[6525.869..8475.401]
Group-1	PS 40:7:0	327.23	240116_PS_FTMSMS-_2.mzXML	25.0	26472.4	5201.7	0.19649522	[4.0..4.0]	[0.0..0.5]	[1.314..1.36]	[34784.734..36002.465]	[0.176..0.178]	[1.0..1.0]	[1.36..1.36]	[36002.465..36002.465]	[0.181..0.181]	[1.0..1.0]	0.8297263	[28861.807..29872.191]
Group-1	PS 40:7:0	327.23	240116_PS_FTMSMS-_2.mzXML	30.0	22532.9	11121.9	0.49358493	[4.0..4.0]	[0.5..0.5]	[2.485..2.485]	[55994.254..55994.254]	[0.186..0.186]	[1.0..1.0]	[2.485..2.485]	[55994.254..55994.254]	[0.186..0.186]	[1.0..1.0]	0.8297263	[46459.902..46459.902]
Group-1	PS 40:7:0	327.23	240116_PS_FTMSMS-_2.mzXML	35.0	8690.3	7523.9	0.8657814	[4.0..4.0]	[0.0..0.0]	[5.509..5.509]	[47874.86..47874.86]	[0.149..0.149]	[1.0..1.0]	[5.509..5.509]	[47874.86..47874.86]	[0.149..0.149]	[1.0..1.0]	0.8297263	[39723.03..39723.03]
Group-1	PS 40:8:0	279.23	240116_PS_FTMSMS-_2.mzXML	25.0	2390.7	0.0	0.0	[9.0..9.0]	[1.0..1.0]	[0.909..0.909]	[2173.146..2173.146]	[0.461..0.461]	[0.3..0.59]	[0.909..0.909]	[2173.1462..2173.1462]	[0.461..0.461]	[0.302..0.587]	0.8314494	[1806.8611..1806.8611]
Group-1	PS 40:8:0	279.23	240116_PS_FTMSMS-_2.mzXML	30.0	4098.9	0.0	0.0	[9.0..9.0]	[1.0..1.0]	[0.919..0.919]	[3766.889..3766.889]	[0.587..0.587]	[0.3..0.59]	[0.919..0.919]	[3766.8892..3766.8892]	[0.587..0.587]	[0.302..0.587]	0.8314494	[3131.9778..3131.9778]
Group-1	PS 40:8:0	279.23	240116_PS_FTMSMS-_2.mzXML	35.0	3992.4	0.0	0.0	[9.0..9.0]	[1.0..1.0]	[0.95..0.95]	[3792.78..3792.78]	[0.554..0.554]	[0.3..0.59]	[0.95..0.95]	[3792.7798..3792.7798]	[0.554..0.554]	[0.302..0.587]	0.8314494	[3153.5046..3153.5046]
Group-1	PS 40:8:0	303.23	240116_PS_FTMSMS-_2.mzXML	25.0	4262.4	0.0	0.0	[5.0..8.0]	[0.5..0.5]	[1.018..1.018]	[4339.123..4339.123]	[0.5..0.5]	[0.5..0.5]	[1.018..1.018]	[4339.123..4339.123]	[0.5..0.5]	[0.5..0.5]	0.8314494	[3607.7612..3607.7612]
Group-1	PS 40:8:0	303.23	240116_PS_FTMSMS-_2.mzXML	30.0	7927.8	0.0	0.0	[5.0..8.0]	[0.5..0.5]	[1.306..1.306]	[10353.706..10353.706]	[0.5..0.5]	[0.5..0.5]	[1.306..1.306]	[10353.706..10353.706]	[0.5..0.5]	[0.5..0.5]	0.8314494	[8608.583..8608.583]
Group-1	PS 40:8:0	303.23	240116_PS_FTMSMS-_2.mzXML	35.0	5904.9	0.0	0.0	[5.0..8.0]	[0.5..0.5]	[1.856..1.856]	[10959.494..10959.494]	[0.5..0.5]	[0.5..0.5]	[1.856..1.856]	[10959.494..10959.494]	[0.5..0.5]	[0.5..0.5]	0.8314494	[9112.265..9112.265]
Group-1	PS 40:8:0	327.23	240116_PS_FTMSMS-_2.mzXML	25.0	1934.1	0.0	0.0	[4.0..4.0]	[0.0..0.0]	[1.314..1.314]	[2541.408..2541.408]	[0.539..0.539]	[0.41..0.7]	[1.314..1.314]	[2541.4075..2541.4075]	[0.539..0.539]	[0.413..0.698]	0.8314494	[2113.0515..2113.0515]
Group-1	PS 40:8:0	327.23	240116_PS_FTMSMS-_2.mzXML	30.0	1080.2	0.0	0.0	[4.0..4.0]	[0.0..0.0]	[2.457..2.457]	[2654.051..2654.051]	[0.413..0.413]	[0.41..0.7]	[2.457..2.457]	[2654.0513..2654.0513]	[0.413..0.413]	[0.413..0.698]	0.8314494	[2206.7092..2206.7092]
Group-1	PS 40:8:0	327.23	240116_PS_FTMSMS-_2.mzXML	35.0	553.8	0.0	0.0	[4.0..4.0]	[0.0..0.0]	[5.509..5.509]	[3050.884..3050.884]	[0.446..0.446]	[0.41..0.7]	[5.509..5.509]	[3050.884..3050.884]	[0.446..0.446]	[0.413..0.698]	0.8314494	[2536.6558..2536.6558]
Group-1	PS 41:0:0	283.26	240116_PS_FTMSMS-_2.mzXML	25.0	175449.8	0.0	0.0	[0.0..0.0]	[0.0..1.0]	[0.986..1.005]	[172993.5..176327.05]	[1.0..1.0]	[0.0..0.0]	[0.986..0.986]	[172993.5..172993.5]	[1.0..1.0]	[0.0..0.0]	0.8064056	[139502.94..142191.12]
Group-1	PS 41:0:0	283.26	240116_PS_FTMSMS-_2.mzXML	30.0	561280.6	0.0	0.0	[0.0..0.0]	[0.0..1.0]	[0.968..0.978]	[543319.6..548932.44]	[1.0..1.0]	[0.0..0.0]	[0.968..0.968]	[543319.6..543319.6]	[1.0..1.0]	[0.0..0.0]	0.8064056	[438136.0..442662.2]
Group-1	PS 41:0:0	283.26	240116_PS_FTMSMS-_2.mzXML	35.0	774708.1	0.0	0.0	[0.0..0.0]	[0.0..1.0]	[0.961..0.963]	[744494.5..746043.94]	[1.0..1.0]	[0.0..0.0]	[0.961..0.961]	[744494.5..744494.5]	[1.0..1.0]	[0.0..0.0]	0.8064056	[600364.56..601614.0]
Group-1	PS 41:0:0	353.34	240116_PS_FTMSMS-_2.mzXML	25.0	-1.8	0.0	-0.0	[0.0..0.0]	[0.0..1.0]	[1.036..1.072]	[-1.93..-1.865]	[-0.0..-0.0]	[1.0..1.0]	[1.072..1.072]	[-1.9296..-1.9296]	[-0.0..-0.0]	[1.0..1.0]	0.8064056	[-1.5560403..-1.5037853]
Group-1	PS 41:0:0	353.34	240116_PS_FTMSMS-_2.mzXML	30.0	-1.8	0.0	-0.0	[0.0..0.0]	[0.0..1.0]	[0.962..0.963]	[-1.733..-1.732]	[-0.0..-0.0]	[1.0..1.0]	[0.963..0.963]	[-1.7334..-1.7334]	[-0.0..-0.0]	[1.0..1.0]	0.8064056	[-1.3978235..-1.396372]
Group-1	PS 41:0:0	353.34	240116_PS_FTMSMS-_2.mzXML	35.0	-1.8	0.0	-0.0	[0.0..0.0]	[0.0..1.0]	[0.903..0.919]	[-1.654..-1.625]	[-0.0..-0.0]	[1.0..1.0]	[0.919..0.919]	[-1.6542..-1.6542]	[-0.0..-0.0]	[1.0..1.0]	0.8064056	[-1.3339562..-1.3107316]
Group-1	PS 41:1:0	281.25	240116_PS_FTMSMS-_2.mzXML	25.0	52721.8	0.0	0.0	[9.0..9.0]	[0.0..1.0]	[0.893..0.928]	[47080.57..48925.83]	[0.352..0.353]	[0.83..1.0]	[0.922..0.928]	[48609.5..48925.83]	[0.359..0.36]	[0.829..1.0]	0.8080254	[38042.297..39533.312]
Group-1	PS 41:1:0	281.25	240116_PS_FTMSMS-_2.mzXML	30.0	37679.4	0.0	0.0	[9.0..9.0]	[0.0..1.0]	[0.914..0.919]	[34438.97..34627.367]	[0.156..0.156]	[0.83..1.0]	[0.918..0.919]	[34589.688..34627.367]	[0.156..0.156]	[0.829..1.0]	0.8080254	[27827.562..27979.795]
Group-1	PS 41:1:0	281.25	240116_PS_FTMSMS-_2.mzXML	35.0	34017.8	0.0	0.0	[9.0..9.0]	[0.0..1.0]	[0.904..0.932]	[30752.092..31704.59]	[0.131..0.133]	[0.83..1.0]	[0.927..0.932]	[31534.5..31704.59]	[0.134..0.135]	[0.829..1.0]	0.8080254	[24848.473..25618.115]
Group-1	PS 41:1:0	353.34	240116_PS_FTMSMS-_2.mzXML	25.0	83623.4	0.0	0.0	[0.0..0.0]	[0.0..1.0]	[1.036..1.072]	[86633.84..89644.29]	[0.647..0.648]	[0.0..0.17]	[1.036..1.042]	[86633.84..87135.586]	[0.64..0.641]	[0.0..0.171]	0.8080254	[70002.34..72434.86]
Group-1	PS 41:1:0	353.34	240116_PS_FTMSMS-_2.mzXML	30.0	194115.7	0.0	0.0	[0.0..0.0]	[0.0..1.0]	[0.962..0.963]	[186739.31..186933.42]	[0.844..0.844]	[0.0..0.17]	[0.962..0.962]	[186739.31..186739.31]	[0.844..0.844]	[0.0..0.171]	0.8080254	[150890.11..151046.95]
Group-1	PS 41:1:0	353.34	240116_PS_FTMSMS-_2.mzXML	35.0	224993.7	0.0	0.0	[0.0..0.0]	[0.0..1.0]	[0.903..0.919]	[203169.31..206769.22]	[0.867..0.869]	[0.0..0.17]	[0.903..0.906]	[203169.31..203844.3]	[0.865..0.866]	[0.0..0.171]	0.8080254	[164165.97..167074.78]
Group-1	PS 41:2:0	281.25	240116_PS_FTMSMS-_2.mzXML	25.0	204675.5	0.0	0.0	[9.0..9.0]	[1.0..1.0]	[0.928..0.928]	[189938.86..189938.86]	[0.829..0.829]	[0.0..0.0]	[0.928..0.928]	[189938.86..189938.86]	[0.829..0.829]	[0.0..0.0]	0.8096523	[153784.44..153784.44]
Group-1	PS 41:2:0	281.25	240116_PS_FTMSMS-_2.mzXML	30.0	789197.5	0.0	0.0	[9.0..9.0]	[1.0..1.0]	[0.914..0.914]	[721326.5..721326.5]	[0.852..0.852]	[0.0..0.0]	[0.914..0.914]	[721326.5..721326.5]	[0.852..0.852]	[0.0..0.0]	0.8096523	[584023.6..584023.6]
Group-1	PS 41:2:0	281.25	240116_PS_FTMSMS-_2.mzXML	35.0	1096150.8	0.0	0.0	[9.0..9.0]	[1.0..1.0]	[0.904..0.904]	[990920.25..990920.25]	[0.882..0.882]	[0.0..0.0]	[0.904..0.904]	[990920.25..990920.25]	[0.882..0.882]	[0.0..0.0]	0.8096523	[802300.9..802300.9]
Group-1	PS 41:2:0	351.33	240116_PS_FTMSMS-_2.mzXML	25.0	43629.7	0.0	0.0	[13.0..13.0]	[0.0..0.0]	[0.896..0.896]	[39092.21..39092.21]	[0.171..0.171]	[1.0..1.0]	[0.896..0.896]	[39092.21..39092.21]	[0.171..0.171]	[1.0..1.0]	0.8096523	[31651.1..31651.1]
Group-1	PS 41:2:0	351.33	240116_PS_FTMSMS-_2.mzXML	30.0	146579.6	0.0	0.0	[13.0..13.0]	[0.0..0.0]	[0.856..0.856]	[125472.13..125472.13]	[0.148..0.148]	[1.0..1.0]	[0.856..0.856]	[125472.13..125472.13]	[0.148..0.148]	[1.0..1.0]	0.8096523	[101588.805..101588.805]
Group-1	PS 41:2:0	351.33	240116_PS_FTMSMS-_2.mzXML	35.0	162567.4	0.0	0.0	[13.0..13.0]	[0.0..0.0]	[0.815..0.815]	[132492.44..132492.44]	[0.118..0.118]	[1.0..1.0]	[0.815..0.815]	[132492.44..132492.44]	[0.118..0.118]	[1.0..1.0]	0.8096523	[107272.805..107272.805]
Group-1	PS 41:3:0	281.25	240116_PS_FTMSMS-_2.mzXML	25.0	82386.4	0.0	0.0	[9.0..9.0]	[1.0..1.0]	[0.928..0.928]	[76454.58..76454.58]	[0.954..0.954]	[0.0..0.0]	[0.928..0.928]	[76454.58..76454.58]	[0.954..0.954]	[0.0..0.0]	0.81129444	[62027.17..62027.17]
Group-1	PS 41:3:0	281.25	240116_PS_FTMSMS-_2.mzXML	30.0	307649.4	0.0	0.0	[9.0..9.0]	[1.0..1.0]	[0.914..0.914]	[281191.56..281191.56]	[0.977..0.977]	[0.0..0.0]	[0.914..0.914]	[281191.56..281191.56]	[0.977..0.977]	[0.0..0.0]	0.81129444	[228129.14..228129.14]
Group-1	PS 41:3:0	281.25	240116_PS_FTMSMS-_2.mzXML	35.0	510267.3	0.0	0.0	[9.0..9.0]	[1.0..1.0]	[0.904..0.904]	[461281.66..461281.66]	[0.982..0.982]	[0.0..0.0]	[0.904..0.904]	[461281.66..461281.66]	[0.982..0.982]	[0.0..0.0]	0.81129444	[374235.22..374235.22]
Group-1	PS 41:3:0	283.26	240116_PS_FTMSMS-_2.mzXML	25.0	79924.8	0.0	0.0	[0.0..0.0]	[1.0..1.0]	[1.005..1.005]	[80324.42..80324.42]	[0.911..0.911]	[0.0..0.0]	[1.005..1.005]	[80324.42..80324.42]	[0.911..0.911]	[0.0..0.0]	0.81129444	[65166.754..65166.754]
Group-1	PS 41:3:0	283.26	240116_PS_FTMSMS-_2.mzXML	30.0	204288.3	0.0	0.0	[0.0..0.0]	[1.0..1.0]	[0.978..0.978]	[199793.95..199793.95]	[0.945..0.945]	[0.0..0.0]	[0.978..0.978]	[199793.95..199793.95]	[0.945..0.945]	[0.0..0.0]	0.81129444	[162091.72..162091.72]
Group-1	PS 41:3:0	283.26	240116_PS_FTMSMS-_2.mzXML	35.0	259459.8	0.0	0.0	[0.0..0.0]	[1.0..1.0]	[0.963..0.963]	[249859.78..249859.78]	[0.949..0.949]	[0.0..0.0]	[0.963..0.963]	[249859.78..249859.78]	[0.949..0.949]	[0.0..0.0]	0.81129444	[202709.86..202709.86]
Group-1	PS 41:3:0	297.28	240116_PS_FTMSMS-_2.mzXML	25.0	4777.1	0.0	0.0	[0.0..0.0]	[1.0..1.0]	[1.012..1.012]	[4834.426..4834.426]	[0.625..0.625]	[0.0..0.32]	[1.012..1.012]	[4834.4253..4834.4253]	[0.625..0.625]	[0.0..0.315]	0.81129444	[3922.1423..3922.1423]
Group-1	PS 41:3:0	297.28	240116_PS_FTMSMS-_2.mzXML	30.0	6365.3	0.0	0.0	[0.0..0.0]	[1.0..1.0]	[0.97..0.97]	[6174.341..6174.341]	[0.581..0.581]	[0.0..0.32]	[0.97..0.97]	[6174.341..6174.341]	[0.581..0.581]	[0.0..0.315]	0.81129444	[5009.2085..5009.2085]
Group-1	PS 41:3:0	297.28	240116_PS_FTMSMS-_2.mzXML	35.0	7514.7	0.0	0.0	[0.0..0.0]	[1.0..1.0]	[0.947..0.947]	[7116.422..7116.422]	[1.0..1.0]	[0.0..0.32]	[0.947..0.947]	[7116.4214..7116.4214]	[1.0..1.0]	[0.0..0.315]	0.81129444	[5773.5127..5773.5127]
Group-1	PS 41:3:0	333.28	240116_PS_FTMSMS-_2.mzXML	25.0	3122.8	0.0	0.0	[13.0..13.0]	[0.0..0.0]	[0.93..0.93]	[2904.204..2904.204]	[0.375..0.375]	[0.68..1.0]	[0.93..0.93]	[2904.204..2904.204]	[0.375..0.375]	[0.685..1.0]	0.81129444	[2356.1646..2356.1646]
Group-1	PS 41:3:0	333.28	240116_PS_FTMSMS-_2.mzXML	30.0	4787.6	0.0	0.0	[13.0..13.0]	[0.0..0.0]	[0.93..0.93]	[4452.469..4452.469]	[0.419..0.419]	[0.68..1.0]	[0.93..0.93]	[4452.4683..4452.4683]	[0.419..0.419]	[0.685..1.0]	0.81129444	[3612.2627..3612.2627]
Group-1	PS 41:3:0	333.28	240116_PS_FTMSMS-_2.mzXML	35.0	0.0	0.0	0.0	[13.0..13.0]	[0.0..0.0]	[0.959..0.959]	[0.0..0.0]	[0.0..0.0]	[0.68..1.0]	[0.959..0.959]	[0.0..0.0]	[0.0..0.0]	[0.685..1.0]	0.81129444	[0.0..0.0]
Group-1	PS 41:3:0	347.3	240116_PS_FTMSMS-_2.mzXML	25.0	8644.6	0.0	0.0	[13.0..13.0]	[0.0..0.0]	[0.906..0.906]	[7832.008..7832.008]	[0.089..0.089]	[1.0..1.0]	[0.906..0.906]	[7832.0073..7832.0073]	[0.089..0.089]	[1.0..1.0]	0.81129444	[6354.064..6354.064]
Group-1	PS 41:3:0	347.3	240116_PS_FTMSMS-_2.mzXML	30.0	13155.3	0.0	0.0	[13.0..13.0]	[0.0..0.0]	[0.891..0.891]	[11721.372..11721.372]	[0.055..0.055]	[1.0..1.0]	[0.891..0.891]	[11721.372..11721.372]	[0.055..0.055]	[1.0..1.0]	0.81129444	[9509.483..9509.483]
Group-1	PS 41:3:0	347.3	240116_PS_FTMSMS-_2.mzXML	35.0	14668.4	0.0	0.0	[13.0..13.0]	[0.0..0.0]	[0.907..0.907]	[13304.239..13304.239]	[0.051..0.051]	[1.0..1.0]	[0.907..0.907]	[13304.239..13304.239]	[0.051..0.051]	[1.0..1.0]	0.81129444	[10793.655..10793.655]
Group-1	PS 41:3:0	349.31	240116_PS_FTMSMS-_2.mzXML	25.0	4222.0	0.0	0.0	[13.0..13.0]	[0.0..0.0]	[0.878..0.878]	[3706.916..3706.916]	[0.046..0.046]	[1.0..1.0]	[0.878..0.878]	[3706.916..3706.916]	[0.046..0.046]	[1.0..1.0]	0.81129444	[3007.4004..3007.4004]
Group-1	PS 41:3:0	349.31	240116_PS_FTMSMS-_2.mzXML	30.0	7749.1	0.0	0.0	[13.0..13.0]	[0.0..0.0]	[0.841..0.841]	[6516.993..6516.993]	[0.023..0.023]	[1.0..1.0]	[0.841..0.841]	[6516.993..6516.993]	[0.023..0.023]	[1.0..1.0]	0.81129444	[5287.2..5287.2]
Group-1	PS 41:3:0	349.31	240116_PS_FTMSMS-_2.mzXML	35.0	10250.3	0.0	0.0	[13.0..13.0]	[0.0..0.0]	[0.814..0.814]	[8343.744..8343.744]	[0.018..0.018]	[1.0..1.0]	[0.814..0.814]	[8343.744..8343.744]	[0.018..0.018]	[1.0..1.0]	0.81129444	[6769.233..6769.233]
Group-1	PS 41:4:0	281.25	240116_PS_FTMSMS-_2.mzXML	25.0	50836.5	0.0	0.0	[9.0..9.0]	[1.0..1.0]	[0.928..0.928]	[47176.27..47176.27]	[0.942..0.942]	[0.0..0.0]	[0.928..0.928]	[47176.27..47176.27]	[0.942..0.942]	[0.0..0.0]	0.81293565	[38351.273..38351.273]
Group-1	PS 41:4:0	281.25	240116_PS_FTMSMS-_2.mzXML	30.0	108025.0	0.0	0.0	[9.0..9.0]	[1.0..1.0]	[0.914..0.914]	[98734.84..98734.84]	[0.96..0.96]	[0.0..0.0]	[0.914..0.914]	[98734.84..98734.84]	[0.96..0.96]	[0.0..0.0]	0.81293565	[80265.08..80265.08]
Group-1	PS 41:4:0	281.25	240116_PS_FTMSMS-_2.mzXML	35.0	133853.6	0.0	0.0	[9.0..9.0]	[1.0..1.0]	[0.904..0.904]	[121003.65..121003.65]	[0.953..0.953]	[0.0..0.0]	[0.904..0.904]	[121003.65..121003.65]	[0.953..0.953]	[0.0..0.0]	0.81293565	[98368.18..98368.18]
Group-1	PS 41:4:0	283.26	240116_PS_FTMSMS-_2.mzXML	25.0	90289.2	0.0	0.0	[0.0..0.0]	[1.0..1.0]	[1.005..1.005]	[90740.65..90740.65]	[1.0..1.0]	[0.0..0.0]	[1.005..1.005]	[90740.65..90740.65]	[1.0..1.0]	[0.0..0.0]	0.81293565	[73766.31..73766.31]
Group-1	PS 41:4:0	283.26	240116_PS_FTMSMS-_2.mzXML	30.0	242518.5	0.0	0.0	[0.0..0.0]	[1.0..1.0]	[0.978..0.978]	[237183.1..237183.1]	[1.0..1.0]	[0.0..0.0]	[0.978..0.978]	[237183.1..237183.1]	[1.0..1.0]	[0.0..0.0]	0.81293565	[192814.6..192814.6]
Group-1	PS 41:4:0	283.26	240116_PS_FTMSMS-_2.mzXML	35.0	316286.2	0.0	0.0	[0.0..0.0]	[1.0..1.0]	[0.963..0.963]	[304583.6..304583.6]	[0.988..0.99]	[0.0..0.0]	[0.963..0.963]	[304583.6..304583.6]	[0.988..0.99]	[0.0..0.0]	0.81293565	[247606.86..247606.86]
Group-1	PS 41:4:0	295.26	240116_PS_FTMSMS-_2.mzXML	25.0	2506.3	0.0	0.0	[9.0..9.0]	[1.0..1.0]	[0.925..0.925]	[2318.328..2318.328]	[1.0..1.0]	[0.0..0.0]	[0.925..0.925]	[2318.3276..2318.3276]	[1.0..1.0]	[0.0..0.0]	0.81293565	[1884.6511..1884.6511]
Group-1	PS 41:4:0	295.26	240116_PS_FTMSMS-_2.mzXML	30.0	4584.2	0.0	0.0	[9.0..9.0]	[1.0..1.0]	[0.898..0.898]	[4116.612..4116.612]	[1.0..1.0]	[0.0..0.0]	[0.898..0.898]	[4116.612..4116.612]	[1.0..1.0]	[0.0..0.0]	0.81293565	[3346.5403..3346.5403]
Group-1	PS 41:4:0	295.26	240116_PS_FTMSMS-_2.mzXML	35.0	5024.4	0.0	0.0	[9.0..9.0]	[1.0..1.0]	[0.88..0.88]	[4421.472..4421.472]	[1.0..1.0]	[0.0..0.0]	[0.88..0.88]	[4421.4717..4421.4717]	[1.0..1.0]	[0.0..0.0]	0.81293565	[3594.3723..3594.3723]
Group-1	PS 41:4:0	297.28	240116_PS_FTMSMS-_2.mzXML	25.0	8156.9	0.0	0.0	[0.0..0.0]	[0.7..1.0]	[1.004..1.012]	[8189.527..8254.782]	[0.465..0.56]	[0.29..0.37]	[1.006..1.007]	[8205.842..8213.998]	[0.458..0.463]	[0.292..0.366]	0.81293565	[6657.5586..6710.607]
Group-1	PS 41:4:0	297.28	240116_PS_FTMSMS-_2.mzXML	30.0	15642.4	0.0	0.0	[0.0..0.0]	[0.7..1.0]	[0.966..0.97]	[15110.56..15173.129]	[0.511..0.57]	[0.29..0.37]	[0.967..0.967]	[15126.201..15126.201]	[0.511..0.521]	[0.292..0.366]	0.81293565	[12283.912..12334.777]
Group-1	PS 41:4:0	297.28	240116_PS_FTMSMS-_2.mzXML	35.0	18014.3	0.0	0.0	[0.0..0.0]	[1.0..1.0]	[0.947..0.947]	[17059.543..17059.543]	[0.591..0.628]	[0.29..0.37]	[0.947..0.947]	[17059.543..17059.543]	[0.574..0.608]	[0.292..0.366]	0.81293565	[13868.312..13868.312]
Group-1	PS 41:4:0	303.23	240116_PS_FTMSMS-_2.mzXML	25.0	0.0	0.0	0.0	[5.0..8.0]	[0.0..1.0]	[0.965..1.036]	[0.0..0.0]	[0.5..0.5]	[0.5..1.0]	[1.036..1.484]	[0.0..0.0]	[0.5..0.5]	[0.5..1.0]	0.81293565	[0.0..0.0]
Group-1	PS 41:4:0	303.23	240116_PS_FTMSMS-_2.mzXML	30.0	0.0	0.0	0.0	[5.0..8.0]	[0.0..1.0]	[1.147..1.33]	[0.0..0.0]	[0.0..0.0]	[0.5..1.0]	[1.33..1.417]	[0.0..0.0]	[0.0..0.0]	[0.5..1.0]	0.81293565	[0.0..0.0]
Group-1	PS 41:4:0	303.23	240116_PS_FTMSMS-_2.mzXML	35.0	0.0	0.0	0.0	[5.0..8.0]	[0.0..1.0]	[1.462..1.906]	[0.0..0.0]	[0.0..0.0]	[0.5..1.0]	[1.6..1.906]	[0.0..0.0]	[0.0..0.0]	[0.5..1.0]	0.81293565	[0.0..0.0]
Group-1	PS 41:4:0	325.31	240116_PS_FTMSMS-_2.mzXML	25.0	0.0	0.0	0.0	[0.0..0.0]	[0.0..1.0]	[1.001..1.035]	[0.0..0.0]	[0.0..0.0]	[0.0..1.0]	[1.001..1.035]	[0.0..0.0]	[0.0..0.0]	[0.0..1.0]	0.81293565	[0.0..0.0]
Group-1	PS 41:4:0	325.31	240116_PS_FTMSMS-_2.mzXML	30.0	7245.3	0.0	0.0	[0.0..0.0]	[0.0..1.0]	[0.952..0.962]	[6897.526..6969.979]	[1.0..1.0]	[0.0..1.0]	[0.952..0.962]	[6897.5254..6969.9785]	[1.0..1.0]	[0.0..1.0]	0.81293565	[5607.244..5666.144]
Group-1	PS 41:4:0	325.31	240116_PS_FTMSMS-_2.mzXML	35.0	10095.5	0.0	0.0	[0.0..0.0]	[0.0..1.0]	[0.922..0.927]	[9308.051..9358.528]	[1.0..1.0]	[0.0..1.0]	[0.922..0.927]	[9308.051..9358.528]	[1.0..1.0]	[0.0..1.0]	0.81293565	[7566.8467..7607.882]
Group-1	PS 41:4:0	331.26	240116_PS_FTMSMS-_2.mzXML	25.0	7114.4	0.0	0.0	[7.0..10.0]	[0.0..0.3]	[0.904..1.335]	[6431.418..9497.725]	[0.44..0.535]	[0.63..0.71]	[1.34..1.364]	[9533.296..9704.041]	[0.537..0.542]	[0.634..0.708]	0.81293565	[5228.3286..7721.0386]
Group-1	PS 41:4:0	331.26	240116_PS_FTMSMS-_2.mzXML	30.0	11388.0	0.0	0.0	[7.0..10.0]	[0.0..0.3]	[1.001..1.277]	[11399.389..14542.476]	[0.43..0.489]	[0.63..0.71]	[1.222..1.272]	[13916.136..14485.535]	[0.479..0.489]	[0.634..0.708]	0.81293565	[9266.969..11822.097]
Group-1	PS 41:4:0	331.26	240116_PS_FTMSMS-_2.mzXML	35.0	8652.9	0.0	0.0	[7.0..10.0]	[0.0..0.0]	[1.169..1.363]	[10115.241..11793.903]	[0.372..0.409]	[0.63..0.71]	[1.273..1.465]	[11015.143..12676.499]	[0.392..0.426]	[0.634..0.708]	0.81293565	[8223.04..9587.685]
Group-1	PS 41:4:0	333.28	240116_PS_FTMSMS-_2.mzXML	25.0	0.0	0.0	0.0	[13.0..13.0]	[0.0..0.0]	[0.93..0.93]	[0.0..0.0]	[0.0..0.0]	[1.0..1.0]	[0.93..0.93]	[0.0..0.0]	[0.0..0.0]	[1.0..1.0]	0.81293565	[0.0..0.0]
Group-1	PS 41:4:0	333.28	240116_PS_FTMSMS-_2.mzXML	30.0	0.0	0.0	0.0	[13.0..13.0]	[0.0..0.0]	[0.93..0.93]	[0.0..0.0]	[0.0..0.0]	[1.0..1.0]	[0.93..0.93]	[0.0..0.0]	[0.0..0.0]	[1.0..1.0]	0.81293565	[0.0..0.0]
Group-1	PS 41:4:0	333.28	240116_PS_FTMSMS-_2.mzXML	35.0	0.0	0.0	0.0	[13.0..13.0]	[0.0..0.0]	[0.959..0.959]	[0.0..0.0]	[0.0..0.0]	[1.0..1.0]	[0.959..0.959]	[0.0..0.0]	[0.0..0.0]	[1.0..1.0]	0.81293565	[0.0..0.0]
Group-1	PS 41:4:0	345.28	240116_PS_FTMSMS-_2.mzXML	25.0	0.0	0.0	0.0	[7.0..10.0]	[0.0..0.0]	[0.874..0.89]	[0.0..0.0]	[0.0..0.0]	[1.0..1.0]	[0.903..0.917]	[0.0..0.0]	[0.0..0.0]	[1.0..1.0]	0.81293565	[0.0..0.0]
Group-1	PS 41:4:0	345.28	240116_PS_FTMSMS-_2.mzXML	30.0	0.0	0.0	0.0	[7.0..10.0]	[0.0..0.0]	[0.948..1.009]	[0.0..0.0]	[0.0..0.0]	[1.0..1.0]	[0.946..1.004]	[0.0..0.0]	[0.0..0.0]	[1.0..1.0]	0.81293565	[0.0..0.0]
Group-1	PS 41:4:0	345.28	240116_PS_FTMSMS-_2.mzXML	35.0	2914.4	0.0	0.0	[7.0..10.0]	[0.0..0.0]	[1.088..1.269]	[3170.867..3698.374]	[0.01..0.012]	[1.0..1.0]	[1.081..1.254]	[3150.4663..3654.6572]	[0.01..0.012]	[1.0..1.0]	0.81293565	[2577.711..3006.5396]
Group-1	PS 41:4:0	347.3	240116_PS_FTMSMS-_2.mzXML	25.0	3207.4	0.0	0.0	[13.0..13.0]	[0.0..0.0]	[0.906..0.906]	[2905.904..2905.904]	[0.058..0.058]	[1.0..1.0]	[0.906..0.906]	[2905.9043..2905.9043]	[0.058..0.058]	[1.0..1.0]	0.81293565	[2362.3132..2362.3132]
Group-1	PS 41:4:0	347.3	240116_PS_FTMSMS-_2.mzXML	30.0	4639.7	0.0	0.0	[13.0..13.0]	[0.0..0.0]	[0.891..0.891]	[4133.973..4133.973]	[0.04..0.04]	[1.0..1.0]	[0.891..0.891]	[4133.9727..4133.9727]	[0.04..0.04]	[1.0..1.0]	0.81293565	[3360.6538..3360.6538]
Group-1	PS 41:4:0	347.3	240116_PS_FTMSMS-_2.mzXML	35.0	6648.9	0.0	0.0	[13.0..13.0]	[0.0..0.0]	[0.907..0.907]	[6030.552..6030.552]	[0.047..0.047]	[1.0..1.0]	[0.907..0.907]	[6030.5522..6030.5522]	[0.047..0.047]	[1.0..1.0]	0.81293565	[4902.451..4902.451]
Group-1	PS 41:5:0	297.28	240116_PS_FTMSMS-_2.mzXML	25.0	8060.4	0.0	0.0	[0.0..0.0]	[1.0..1.0]	[1.012..1.012]	[8157.125..8157.125]	[0.496..0.511]	[0.48..0.5]	[1.012..1.012]	[8157.1245..8157.1245]	[0.388..0.405]	[0.476..0.5]	0.81459224	[6644.7305..6644.7305]
Group-1	PS 41:5:0	297.28	240116_PS_FTMSMS-_2.mzXML	30.0	13023.6	0.0	0.0	[0.0..0.0]	[0.19999999..1.0]	[0.96..0.97]	[12502.655..12632.892]	[0.439..0.532]	[0.48..0.5]	[0.965..0.965]	[12567.773..12567.773]	[0.421..0.481]	[0.476..0.5]	0.81459224	[10184.565..10290.655]
Group-1	PS 41:5:0	297.28	240116_PS_FTMSMS-_2.mzXML	35.0	17669.9	0.0	0.0	[0.0..0.0]	[0.19999999..1.0]	[0.946..0.947]	[16715.725..16733.396]	[0.5..0.619]	[0.48..0.5]	[0.946..0.947]	[16715.725..16733.396]	[0.492..0.597]	[0.476..0.5]	0.81459224	[13616.5..13630.895]
Group-1	PS 41:5:0	329.25	240116_PS_FTMSMS-_2.mzXML	25.0	7586.1	0.0	0.0	[4.0..7.0]	[0.0..0.0]	[1.028..1.094]	[7798.511..8299.194]	[0.489..0.504]	[0.5..0.52]	[1.58..1.694]	[11986.038..12850.854]	[0.595..0.612]	[0.5..0.524]	0.81459224	[6352.6064..6760.4585]
Group-1	PS 41:5:0	329.25	240116_PS_FTMSMS-_2.mzXML	30.0	8136.1	0.0	0.0	[4.0..7.0]	[0.0..0.8]	[1.352..1.986]	[11000.007..16158.294]	[0.468..0.561]	[0.5..0.52]	[1.67..2.127]	[13587.287..17305.486]	[0.519..0.579]	[0.5..0.524]	0.81459224	[8960.5205..13162.421]
Group-1	PS 41:5:0	329.25	240116_PS_FTMSMS-_2.mzXML	35.0	5115.6	1650.5	0.32264054	[4.0..4.0]	[0.0..0.8]	[2.01..3.269]	[10282.356..16722.896]	[0.381..0.5]	[0.5..0.52]	[2.206..3.375]	[11285.015..17265.15]	[0.403..0.508]	[0.5..0.524]	0.81459224	[8375.927..13622.342]
Group-1	PS 41:6:0	297.28	240116_PS_FTMSMS-_2.mzXML	25.0	10936.8	0.0	0.0	[0.0..0.0]	[1.0..1.0]	[1.012..1.012]	[11068.041..11068.041]	[0.466..0.466]	[0.24..0.58]	[1.012..1.012]	[11068.041..11068.041]	[0.466..0.466]	[0.24..0.576]	0.81624794	[9034.266..9034.266]
Group-1	PS 41:6:0	297.28	240116_PS_FTMSMS-_2.mzXML	30.0	28473.7	0.0	0.0	[0.0..0.0]	[1.0..1.0]	[0.97..0.97]	[27619.488..27619.488]	[0.614..0.614]	[0.24..0.58]	[0.97..0.97]	[27619.488..27619.488]	[0.614..0.614]	[0.24..0.576]	0.81624794	[22544.35..22544.35]
Group-1	PS 41:6:0	297.28	240116_PS_FTMSMS-_2.mzXML	35.0	29820.7	0.0	0.0	[0.0..0.0]	[1.0..1.0]	[0.947..0.947]	[28240.203..28240.203]	[0.499..0.499]	[0.24..0.58]	[0.947..0.947]	[28240.203..28240.203]	[0.499..0.499]	[0.24..0.576]	0.81624794	[23051.008..23051.008]
Group-1	PS 41:6:0	327.23	240116_PS_FTMSMS-_2.mzXML	25.0	9634.6	0.0	0.0	[4.0..4.0]	[0.0..0.0]	[1.314..1.314]	[12659.864..12659.864]	[0.534..0.534]	[0.42..0.76]	[1.314..1.314]	[12659.864..12659.864]	[0.534..0.534]	[0.424..0.76]	0.81624794	[10333.588..10333.588]
Group-1	PS 41:6:0	327.23	240116_PS_FTMSMS-_2.mzXML	30.0	7065.5	0.0	0.0	[4.0..4.0]	[0.0..0.0]	[2.457..2.457]	[17359.934..17359.934]	[0.386..0.386]	[0.42..0.76]	[2.457..2.457]	[17359.934..17359.934]	[0.386..0.386]	[0.424..0.76]	0.81624794	[14170.01..14170.01]
Group-1	PS 41:6:0	327.23	240116_PS_FTMSMS-_2.mzXML	35.0	5149.2	0.0	0.0	[4.0..4.0]	[0.0..0.0]	[5.509..5.509]	[28366.943..28366.943]	[0.501..0.501]	[0.42..0.76]	[5.509..5.509]	[28366.943..28366.943]	[0.501..0.501]	[0.424..0.76]	0.81624794	[23154.459..23154.459]
Group-1	PS 42:1:0	281.25	240116_PS_FTMSMS-_2.mzXML	25.0	231781.4	0.0	0.0	[9.0..9.0]	[0.0..1.0]	[0.893..0.928]	[206980.8..215093.14]	[0.524..0.526]	[0.15..0.44]	[0.898..0.908]	[208139.7..210457.52]	[0.521..0.522]	[0.15..0.442]	0.7968794	[164938.73..171403.3]
Group-1	PS 42:1:0	281.25	240116_PS_FTMSMS-_2.mzXML	30.0	663511.9	0.0	0.0	[9.0..9.0]	[0.0..1.0]	[0.914..0.919]	[606449.8..609767.44]	[0.586..0.587]	[0.15..0.44]	[0.915..0.916]	[607113.4..607776.9]	[0.586..0.586]	[0.15..0.442]	0.7968794	[483267.38..485911.1]
Group-1	PS 42:1:0	281.25	240116_PS_FTMSMS-_2.mzXML	35.0	912341.7	0.0	0.0	[9.0..9.0]	[0.0..1.0]	[0.904..0.932]	[824756.9..850302.44]	[0.653..0.654]	[0.15..0.44]	[0.908..0.916]	[828406.25..835705.0]	[0.65..0.65]	[0.15..0.442]	0.7968794	[657231.75..677588.5]
Group-1	PS 42:1:0	283.26	240116_PS_FTMSMS-_2.mzXML	25.0	467577.4	0.0	0.0	[0.0..0.0]	[1.0..1.0]	[1.005..1.005]	[469915.28..469915.28]	[1.0..1.0]	[0.0..0.0]	[1.005..1.005]	[469915.28..469915.28]	[1.0..1.0]	[0.0..0.0]	0.7968794	[374465.8..374465.8]
Group-1	PS 42:1:0	283.26	240116_PS_FTMSMS-_2.mzXML	30.0	1370740.9	0.0	0.0	[0.0..0.0]	[1.0..1.0]	[0.978..0.978]	[1340584.5..1340584.5]	[0.993..0.993]	[0.0..0.0]	[0.978..0.978]	[1340584.5..1340584.5]	[0.993..0.993]	[0.0..0.0]	0.7968794	[1068284.1..1068284.1]
Group-1	PS 42:1:0	283.26	240116_PS_FTMSMS-_2.mzXML	35.0	2162500.0	0.0	0.0	[0.0..0.0]	[1.0..1.0]	[0.963..0.963]	[2082487.5..2082487.5]	[0.997..0.997]	[0.0..0.0]	[0.963..0.963]	[2082487.5..2082487.5]	[0.997..0.997]	[0.0..0.0]	0.7968794	[1659491.4..1659491.4]
Group-1	PS 42:1:0	365.34	240116_PS_FTMSMS-_2.mzXML	25.0	0.0	0.0	0.0	[15.0..15.0]	[0.0..0.0]	[0.914..0.914]	[0.0..0.0]	[0.0..0.0]	[1.0..1.0]	[0.914..0.914]	[0.0..0.0]	[0.0..0.0]	[1.0..1.0]	0.7968794	[0.0..0.0]
Group-1	PS 42:1:0	365.34	240116_PS_FTMSMS-_2.mzXML	30.0	10737.1	0.0	0.0	[15.0..15.0]	[0.0..0.0]	[0.867..0.867]	[9309.065..9309.065]	[0.007..0.007]	[1.0..1.0]	[0.867..0.867]	[9309.065..9309.065]	[0.007..0.007]	[1.0..1.0]	0.7968794	[7418.2026..7418.2026]
Group-1	PS 42:1:0	365.34	240116_PS_FTMSMS-_2.mzXML	35.0	7457.2	0.0	0.0	[15.0..15.0]	[0.0..0.0]	[0.821..0.821]	[6122.362..6122.362]	[0.003..0.003]	[1.0..1.0]	[0.821..0.821]	[6122.3613..6122.3613]	[0.003..0.003]	[1.0..1.0]	0.7968794	[4878.7837..4878.7837]
Group-1	PS 42:1:0	367.36	240116_PS_FTMSMS-_2.mzXML	25.0	177022.1	0.0	0.0	[0.0..0.0]	[0.0..1.0]	[1.062..1.095]	[187997.47..193839.2]	[0.474..0.476]	[0.56..0.85]	[1.08..1.09]	[191183.88..192954.1]	[0.478..0.479]	[0.558..0.85]	0.7968794	[149811.31..154466.47]
Group-1	PS 42:1:0	367.36	240116_PS_FTMSMS-_2.mzXML	30.0	441535.1	0.0	0.0	[0.0..0.0]	[0.0..1.0]	[0.967..0.974]	[426964.44..430055.16]	[0.413..0.414]	[0.56..0.85]	[0.971..0.973]	[428730.6..429613.66]	[0.414..0.414]	[0.558..0.85]	0.7968794	[340239.16..342702.1]
Group-1	PS 42:1:0	367.36	240116_PS_FTMSMS-_2.mzXML	35.0	489666.1	0.0	0.0	[0.0..0.0]	[0.0..1.0]	[0.897..0.92]	[439230.5..450492.8]	[0.346..0.347]	[0.56..0.85]	[0.91..0.917]	[445596.16..449023.8]	[0.35..0.35]	[0.558..0.85]	0.7968794	[350013.75..358988.47]
Group-1	PS 42:2:0	281.25	240116_PS_FTMSMS-_2.mzXML	25.0	245704.2	0.0	0.0	[9.0..9.0]	[1.0..1.0]	[0.928..0.928]	[228013.5..228013.5]	[0.356..0.356]	[0.74..0.82]	[0.928..0.928]	[228013.5..228013.5]	[0.356..0.356]	[0.735..0.82]	0.79845804	[182059.2..182059.2]
Group-1	PS 42:2:0	281.25	240116_PS_FTMSMS-_2.mzXML	30.0	576323.9	0.0	0.0	[9.0..9.0]	[1.0..1.0]	[0.914..0.914]	[526760.0..526760.0]	[0.372..0.372]	[0.74..0.82]	[0.914..0.914]	[526760.0..526760.0]	[0.372..0.372]	[0.735..0.82]	0.79845804	[420595.78..420595.78]
Group-1	PS 42:2:0	281.25	240116_PS_FTMSMS-_2.mzXML	35.0	755829.3	0.0	0.0	[9.0..9.0]	[1.0..1.0]	[0.904..0.904]	[683269.7..683269.7]	[0.397..0.397]	[0.74..0.82]	[0.904..0.904]	[683269.7..683269.7]	[0.397..0.397]	[0.735..0.82]	0.79845804	[545562.2..545562.2]
Group-1	PS 42:2:0	283.26	240116_PS_FTMSMS-_2.mzXML	25.0	44818.4	0.0	0.0	[0.0..0.0]	[1.0..1.0]	[1.005..1.005]	[45042.49..45042.49]	[1.0..1.0]	[0.0..0.0]	[1.005..1.005]	[45042.49..45042.49]	[1.0..1.0]	[0.0..0.0]	0.79845804	[35964.54..35964.54]
Group-1	PS 42:2:0	283.26	240116_PS_FTMSMS-_2.mzXML	30.0	186958.3	0.0	0.0	[0.0..0.0]	[1.0..1.0]	[0.978..0.978]	[182845.22..182845.22]	[0.959..0.959]	[0.0..0.0]	[0.978..0.978]	[182845.22..182845.22]	[0.959..0.959]	[0.0..0.0]	0.79845804	[145994.23..145994.23]
Group-1	PS 42:2:0	283.26	240116_PS_FTMSMS-_2.mzXML	35.0	366965.3	0.0	0.0	[0.0..0.0]	[1.0..1.0]	[0.963..0.963]	[353387.6..353387.6]	[0.979..0.979]	[0.0..0.0]	[0.963..0.963]	[353387.6..353387.6]	[0.979..0.979]	[0.0..0.0]	0.79845804	[282165.16..282165.16]
Group-1	PS 42:2:0	309.28	240116_PS_FTMSMS-_2.mzXML	25.0	0.0	0.0	0.0	[11.0..11.0]	[1.0..1.0]	[0.939..0.939]	[0.0..0.0]	[0.0..0.0]	[0.61..1.0]	[0.939..0.939]	[0.0..0.0]	[0.0..0.0]	[0.609..1.0]	0.79845804	[0.0..0.0]
Group-1	PS 42:2:0	309.28	240116_PS_FTMSMS-_2.mzXML	30.0	19000.2	0.0	0.0	[11.0..11.0]	[1.0..1.0]	[0.892..0.892]	[16948.178..16948.178]	[0.452..0.452]	[0.61..1.0]	[0.892..0.892]	[16948.178..16948.178]	[0.452..0.452]	[0.609..1.0]	0.79845804	[13532.409..13532.409]
Group-1	PS 42:2:0	309.28	240116_PS_FTMSMS-_2.mzXML	35.0	13439.2	0.0	0.0	[11.0..11.0]	[1.0..1.0]	[0.856..0.856]	[11503.955..11503.955]	[0.368..0.368]	[0.61..1.0]	[0.856..0.856]	[11503.955..11503.955]	[0.368..0.368]	[0.609..1.0]	0.79845804	[9185.426..9185.426]
Group-1	PS 42:2:0	337.31	240116_PS_FTMSMS-_2.mzXML	25.0	9493.9	0.0	0.0	[13.0..13.0]	[0.0..0.0]	[0.901..0.901]	[8554.005..8554.005]	[1.0..1.0]	[0.0..0.39]	[0.901..0.901]	[8554.005..8554.005]	[1.0..1.0]	[0.0..0.391]	0.79845804	[6830.0137..6830.0137]
Group-1	PS 42:2:0	337.31	240116_PS_FTMSMS-_2.mzXML	30.0	23534.3	0.0	0.0	[13.0..13.0]	[0.0..0.0]	[0.873..0.873]	[20545.445..20545.445]	[0.548..0.548]	[0.0..0.39]	[0.873..0.873]	[20545.445..20545.445]	[0.548..0.548]	[0.0..0.391]	0.79845804	[16404.676..16404.676]
Group-1	PS 42:2:0	337.31	240116_PS_FTMSMS-_2.mzXML	35.0	23554.4	0.0	0.0	[13.0..13.0]	[0.0..0.0]	[0.839..0.839]	[19762.143..19762.143]	[0.632..0.632]	[0.0..0.39]	[0.839..0.839]	[19762.143..19762.143]	[0.632..0.632]	[0.0..0.391]	0.79845804	[15779.241..15779.241]
Group-1	PS 42:2:0	363.32	240116_PS_FTMSMS-_2.mzXML	25.0	0.0	0.0	0.0	[15.0..15.0]	[0.0..0.0]	[0.92..0.92]	[0.0..0.0]	[0.0..0.0]	[1.0..1.0]	[0.92..0.92]	[0.0..0.0]	[0.0..0.0]	[1.0..1.0]	0.79845804	[0.0..0.0]
Group-1	PS 42:2:0	363.32	240116_PS_FTMSMS-_2.mzXML	30.0	9026.0	0.0	0.0	[15.0..15.0]	[0.0..0.0]	[0.874..0.874]	[7888.724..7888.724]	[0.041..0.041]	[1.0..1.0]	[0.874..0.874]	[7888.724..7888.724]	[0.041..0.041]	[1.0..1.0]	0.79845804	[6298.8154..6298.8154]
Group-1	PS 42:2:0	363.32	240116_PS_FTMSMS-_2.mzXML	35.0	9040.3	0.0	0.0	[15.0..15.0]	[0.0..0.0]	[0.84..0.84]	[7593.852..7593.852]	[0.021..0.021]	[1.0..1.0]	[0.84..0.84]	[7593.8516..7593.8516]	[0.021..0.021]	[1.0..1.0]	0.79845804	[6063.372..6063.372]
Group-1	PS 42:2:0	365.34	240116_PS_FTMSMS-_2.mzXML	25.0	451747.8	0.0	0.0	[15.0..15.0]	[0.0..0.0]	[0.914..0.914]	[412897.5..412897.5]	[0.644..0.644]	[0.18..0.26]	[0.914..0.914]	[412897.5..412897.5]	[0.644..0.644]	[0.18..0.265]	0.79845804	[329681.34..329681.34]
Group-1	PS 42:2:0	365.34	240116_PS_FTMSMS-_2.mzXML	30.0	1025441.6	0.0	0.0	[15.0..15.0]	[0.0..0.0]	[0.867..0.867]	[889057.9..889057.9]	[0.628..0.628]	[0.18..0.26]	[0.867..0.867]	[889057.9..889057.9]	[0.628..0.628]	[0.18..0.265]	0.79845804	[709875.44..709875.44]
Group-1	PS 42:2:0	365.34	240116_PS_FTMSMS-_2.mzXML	35.0	1262640.6	0.0	0.0	[15.0..15.0]	[0.0..0.0]	[0.821..0.821]	[1036627.94..1036627.94]	[0.603..0.603]	[0.18..0.26]	[0.821..0.821]	[1036627.94..1036627.94]	[0.603..0.603]	[0.18..0.265]	0.79845804	[827703.94..827703.94]
Group-1	PS 42:3:0	281.25	240116_PS_FTMSMS-_2.mzXML	25.0	38158.9	0.0	0.0	[9.0..9.0]	[1.0..1.0]	[0.928..0.928]	[35411.457..35411.457]	[0.494..0.494]	[0.0..0.51]	[0.928..0.928]	[35411.457..35411.457]	[0.494..0.494]	[0.0..0.513]	0.80005133	[28330.984..28330.984]
Group-1	PS 42:3:0	281.25	240116_PS_FTMSMS-_2.mzXML	30.0	194219.1	0.0	0.0	[9.0..9.0]	[1.0..1.0]	[0.914..0.914]	[177516.25..177516.25]	[0.7..0.7]	[0.0..0.51]	[0.914..0.914]	[177516.25..177516.25]	[0.7..0.7]	[0.0..0.513]	0.80005133	[142022.11..142022.11]
Group-1	PS 42:3:0	281.25	240116_PS_FTMSMS-_2.mzXML	35.0	349880.3	0.0	0.0	[9.0..9.0]	[1.0..1.0]	[0.904..0.904]	[316291.8..316291.8]	[0.763..0.763]	[0.0..0.51]	[0.904..0.904]	[316291.8..316291.8]	[0.763..0.763]	[0.0..0.513]	0.80005133	[253049.69..253049.69]
Group-1	PS 42:3:0	283.26	240116_PS_FTMSMS-_2.mzXML	25.0	170151.6	0.0	0.0	[0.0..0.0]	[0.0..0.0]	[0.986..0.986]	[167769.47..167769.47]	[0.776..0.776]	[0.0..0.0]	[0.986..0.986]	[167769.47..167769.47]	[0.776..0.776]	[0.0..0.0]	0.80005133	[134224.2..134224.2]
Group-1	PS 42:3:0	283.26	240116_PS_FTMSMS-_2.mzXML	30.0	589490.5	0.0	0.0	[0.0..0.0]	[0.6..0.6]	[0.974..0.974]	[574163.75..574163.75]	[0.878..0.878]	[0.0..0.0]	[0.974..0.974]	[574163.75..574163.75]	[0.878..0.878]	[0.0..0.0]	0.80005133	[459360.47..459360.47]
Group-1	PS 42:3:0	283.26	240116_PS_FTMSMS-_2.mzXML	35.0	1061779.8	0.0	0.0	[0.0..0.0]	[0.0..0.6]	[0.961..0.962]	[1020370.4..1021432.1]	[0.922..0.923]	[0.0..0.0]	[0.961..0.961]	[1020370.4..1020370.4]	[0.922..0.922]	[0.0..0.0]	0.80005133	[816348.7..817198.1]
Group-1	PS 42:3:0	361.3	240116_PS_FTMSMS-_2.mzXML	25.0	49723.8	0.0	0.0	[15.0..15.0]	[1.0..1.0]	[0.973..0.973]	[48381.258..48381.258]	[0.224..0.224]	[1.0..1.0]	[0.973..0.973]	[48381.258..48381.258]	[0.224..0.224]	[1.0..1.0]	0.80005133	[38707.492..38707.492]
Group-1	PS 42:3:0	361.3	240116_PS_FTMSMS-_2.mzXML	30.0	85310.6	0.0	0.0	[15.0..15.0]	[0.4..0.4]	[0.936..0.936]	[79850.72..79850.72]	[0.122..0.122]	[1.0..1.0]	[0.936..0.936]	[79850.72..79850.72]	[0.122..0.122]	[1.0..1.0]	0.80005133	[63884.676..63884.676]
Group-1	PS 42:3:0	361.3	240116_PS_FTMSMS-_2.mzXML	35.0	92056.6	0.0	0.0	[15.0..15.0]	[0.4..1.0]	[0.922..0.941]	[84876.19..86625.26]	[0.077..0.078]	[1.0..1.0]	[0.941..0.941]	[86625.26..86625.26]	[0.078..0.078]	[1.0..1.0]	0.80005133	[67905.305..69304.66]
Group-1	PS 42:3:0	363.32	240116_PS_FTMSMS-_2.mzXML	25.0	39394.7	0.0	0.0	[15.0..15.0]	[0.0..0.0]	[0.92..0.92]	[36243.125..36243.125]	[0.506..0.506]	[0.49..1.0]	[0.92..0.92]	[36243.125..36243.125]	[0.506..0.506]	[0.487..1.0]	0.80005133	[28996.36..28996.36]
Group-1	PS 42:3:0	363.32	240116_PS_FTMSMS-_2.mzXML	30.0	86925.0	0.0	0.0	[15.0..15.0]	[0.0..0.0]	[0.874..0.874]	[75972.45..75972.45]	[0.3..0.3]	[0.49..1.0]	[0.874..0.874]	[75972.45..75972.45]	[0.3..0.3]	[0.487..1.0]	0.80005133	[60781.86..60781.86]
Group-1	PS 42:3:0	363.32	240116_PS_FTMSMS-_2.mzXML	35.0	117145.7	0.0	0.0	[15.0..15.0]	[0.0..0.0]	[0.84..0.84]	[98402.39..98402.39]	[0.237..0.237]	[0.49..1.0]	[0.84..0.84]	[98402.39..98402.39]	[0.237..0.237]	[0.487..1.0]	0.80005133	[78726.96..78726.96]
Group-1	PS 42:4:0	281.25	240116_PS_FTMSMS-_2.mzXML	25.0	41886.6	0.0	0.0	[9.0..9.0]	[1.0..1.0]	[0.928..0.928]	[38870.766..38870.766]	[0.465..0.465]	[0.19..0.58]	[0.928..0.928]	[38870.766..38870.766]	[0.465..0.465]	[0.194..0.578]	0.80165154	[31160.807..31160.807]
Group-1	PS 42:4:0	281.25	240116_PS_FTMSMS-_2.mzXML	30.0	112849.5	0.0	0.0	[9.0..9.0]	[1.0..1.0]	[0.914..0.914]	[103144.44..103144.44]	[0.538..0.538]	[0.19..0.58]	[0.914..0.914]	[103144.44..103144.44]	[0.538..0.538]	[0.194..0.578]	0.80165154	[82685.9..82685.9]
Group-1	PS 42:4:0	281.25	240116_PS_FTMSMS-_2.mzXML	35.0	207750.2	0.0	0.0	[9.0..9.0]	[1.0..1.0]	[0.904..0.904]	[187806.19..187806.19]	[0.634..0.634]	[0.19..0.58]	[0.904..0.904]	[187806.19..187806.19]	[0.634..0.634]	[0.194..0.578]	0.80165154	[150555.11..150555.11]
Group-1	PS 42:4:0	283.26	240116_PS_FTMSMS-_2.mzXML	25.0	496547.0	0.0	0.0	[0.0..0.0]	[0.3..0.3]	[0.991..0.991]	[492078.06..492078.06]	[0.733..0.733]	[0.0..0.0]	[0.991..0.991]	[492078.06..492078.06]	[0.733..0.733]	[0.0..0.0]	0.80165154	[394475.12..394475.12]
Group-1	PS 42:4:0	283.26	240116_PS_FTMSMS-_2.mzXML	30.0	999090.4	0.0	0.0	[0.0..0.0]	[0.3..1.0]	[0.971..0.978]	[970116.75..977110.4]	[0.763..0.763]	[0.0..0.0]	[0.971..0.971]	[970116.75..970116.75]	[0.762..0.762]	[0.0..0.0]	0.80165154	[777695.56..783302.0]
Group-1	PS 42:4:0	283.26	240116_PS_FTMSMS-_2.mzXML	35.0	1268788.1	0.0	0.0	[0.0..0.0]	[1.0..1.0]	[0.963..0.963]	[1221843.0..1221843.0]	[0.791..0.791]	[0.0..0.0]	[0.963..0.963]	[1221843.0..1221843.0]	[0.791..0.791]	[0.0..0.0]	0.80165154	[979492.25..979492.25]
Group-1	PS 42:4:0	309.28	240116_PS_FTMSMS-_2.mzXML	25.0	10851.9	0.0	0.0	[11.0..11.0]	[0.0..0.0]	[0.901..0.901]	[9777.562..9777.562]	[0.663..0.663]	[0.0..0.14]	[0.901..0.901]	[9777.5625..9777.5625]	[0.663..0.663]	[0.0..0.137]	0.80165154	[7838.1978..7838.1978]
Group-1	PS 42:4:0	309.28	240116_PS_FTMSMS-_2.mzXML	30.0	21411.7	0.0	0.0	[11.0..11.0]	[0.0..1.0]	[0.892..0.898]	[19099.236..19227.705]	[0.692..0.692]	[0.0..0.14]	[0.892..0.893]	[19099.236..19120.648]	[0.691..0.691]	[0.0..0.137]	0.80165154	[15310.932..15413.919]
Group-1	PS 42:4:0	309.28	240116_PS_FTMSMS-_2.mzXML	35.0	24680.9	0.0	0.0	[11.0..11.0]	[1.0..1.0]	[0.856..0.856]	[21126.852..21126.852]	[0.752..0.752]	[0.0..0.14]	[0.856..0.856]	[21126.852..21126.852]	[0.752..0.752]	[0.0..0.137]	0.80165154	[16936.373..16936.373]
Group-1	PS 42:4:0	333.28	240116_PS_FTMSMS-_2.mzXML	25.0	5180.5	0.0	0.0	[13.0..13.0]	[1.0..1.0]	[0.959..0.959]	[4968.1..4968.1]	[0.337..0.337]	[0.86..1.0]	[0.959..0.959]	[4968.0996..4968.0996]	[0.337..0.337]	[0.863..1.0]	0.80165154	[3982.6843..3982.6843]
Group-1	PS 42:4:0	333.28	240116_PS_FTMSMS-_2.mzXML	30.0	9185.6	0.0	0.0	[13.0..13.0]	[0.0..1.0]	[0.927..0.93]	[8515.051..8542.607]	[0.308..0.308]	[0.86..1.0]	[0.93..0.93]	[8542.607..8542.607]	[0.309..0.309]	[0.863..1.0]	0.80165154	[6826.1035..6848.1943]
Group-1	PS 42:4:0	333.28	240116_PS_FTMSMS-_2.mzXML	35.0	7274.7	0.0	0.0	[13.0..13.0]	[0.0..0.0]	[0.959..0.959]	[6976.438..6976.438]	[0.248..0.248]	[0.86..1.0]	[0.959..0.959]	[6976.4375..6976.4375]	[0.248..0.248]	[0.863..1.0]	0.80165154	[5592.6714..5592.6714]
Group-1	PS 42:4:0	359.3	240116_PS_FTMSMS-_2.mzXML	25.0	208113.8	0.0	0.0	[9.0..9.0]	[0.7..0.7]	[0.863..0.863]	[179602.2..179602.2]	[0.267..0.267]	[1.0..1.0]	[0.863..0.863]	[179602.2..179602.2]	[0.267..0.267]	[1.0..1.0]	0.80165154	[143978.39..143978.39]
Group-1	PS 42:4:0	359.3	240116_PS_FTMSMS-_2.mzXML	30.0	335761.8	0.0	0.0	[9.0..9.0]	[0.0..0.7]	[0.897..0.902]	[301178.34..302857.16]	[0.237..0.237]	[1.0..1.0]	[0.902..0.902]	[302857.16..302857.16]	[0.238..0.238]	[1.0..1.0]	0.80165154	[241440.08..242785.9]
Group-1	PS 42:4:0	359.3	240116_PS_FTMSMS-_2.mzXML	35.0	308542.1	0.0	0.0	[9.0..9.0]	[0.0..0.0]	[1.044..1.044]	[322117.97..322117.97]	[0.209..0.209]	[1.0..1.0]	[1.044..1.044]	[322117.97..322117.97]	[0.209..0.209]	[1.0..1.0]	0.80165154	[258226.36..258226.36]
Group-1	PS 42:4:0	361.3	240116_PS_FTMSMS-_2.mzXML	25.0	46118.6	0.0	0.0	[15.0..15.0]	[0.0..0.0]	[0.968..0.968]	[44642.805..44642.805]	[0.535..0.535]	[0.42..0.81]	[0.968..0.968]	[44642.805..44642.805]	[0.535..0.535]	[0.422..0.806]	0.80165154	[35787.973..35787.973]
Group-1	PS 42:4:0	361.3	240116_PS_FTMSMS-_2.mzXML	30.0	93570.6	0.0	0.0	[15.0..15.0]	[0.0..0.0]	[0.945..0.945]	[88424.22..88424.22]	[0.462..0.462]	[0.42..0.81]	[0.945..0.945]	[88424.22..88424.22]	[0.462..0.462]	[0.422..0.806]	0.80165154	[70885.41..70885.41]
Group-1	PS 42:4:0	361.3	240116_PS_FTMSMS-_2.mzXML	35.0	113478.4	0.0	0.0	[15.0..15.0]	[0.0..0.0]	[0.954..0.954]	[108258.39..108258.39]	[0.366..0.366]	[0.42..0.81]	[0.954..0.954]	[108258.39..108258.39]	[0.366..0.366]	[0.422..0.806]	0.80165154	[86785.51..86785.51]
Group-1	PS 42:5:0	281.25	240116_PS_FTMSMS-_2.mzXML	25.0	129565.0	0.0	0.0	[9.0..9.0]	[1.0..1.0]	[0.928..0.928]	[120236.32..120236.32]	[0.54..0.54]	[0.32..0.41]	[0.928..0.928]	[120236.32..120236.32]	[0.54..0.54]	[0.32..0.411]	0.8032428	[96578.96..96578.96]
Group-1	PS 42:5:0	281.25	240116_PS_FTMSMS-_2.mzXML	30.0	315348.3	0.0	0.0	[9.0..9.0]	[1.0..1.0]	[0.914..0.914]	[288228.34..288228.34]	[0.579..0.579]	[0.32..0.41]	[0.914..0.914]	[288228.34..288228.34]	[0.579..0.579]	[0.32..0.411]	0.8032428	[231517.34..231517.34]
Group-1	PS 42:5:0	281.25	240116_PS_FTMSMS-_2.mzXML	35.0	354507.9	0.0	0.0	[9.0..9.0]	[1.0..1.0]	[0.904..0.904]	[320475.16..320475.16]	[0.568..0.568]	[0.32..0.41]	[0.904..0.904]	[320475.16..320475.16]	[0.568..0.568]	[0.32..0.411]	0.8032428	[257419.36..257419.36]
Group-1	PS 42:5:0	283.26	240116_PS_FTMSMS-_2.mzXML	25.0	311042.8	0.0	0.0	[0.0..0.0]	[0.100000024..1.0]	[0.988..1.005]	[307310.28..312598.03]	[0.741..0.773]	[0.0..0.0]	[0.988..0.988]	[307310.28..307310.28]	[0.769..0.772]	[0.0..0.0]	0.8032428	[246844.78..251092.12]
Group-1	PS 42:5:0	283.26	240116_PS_FTMSMS-_2.mzXML	30.0	724711.1	0.0	0.0	[0.0..0.0]	[0.100000024..1.0]	[0.969..0.978]	[702245.06..708767.5]	[0.794..0.824]	[0.0..0.0]	[0.969..0.969]	[702245.06..702245.06]	[0.806..0.826]	[0.0..0.0]	0.8032428	[564073.3..569312.4]
Group-1	PS 42:5:0	283.26	240116_PS_FTMSMS-_2.mzXML	35.0	883962.7	0.0	0.0	[0.0..0.0]	[1.0..1.0]	[0.963..0.963]	[851256.06..851256.06]	[0.836..0.869]	[0.0..0.0]	[0.963..0.963]	[851256.06..851256.06]	[0.836..0.869]	[0.0..0.0]	0.8032428	[683765.3..683765.3]
Group-1	PS 42:5:0	357.28	240116_PS_FTMSMS-_2.mzXML	25.0	94583.2	0.0	0.0	[6.0..9.0]	[0.0..0.9]	[0.952..1.155]	[90043.21..109243.59]	[0.227..0.259]	[1.0..1.0]	[0.962..0.975]	[90989.04..92218.625]	[0.228..0.231]	[1.0..1.0]	0.8032428	[72326.555..87749.125]
Group-1	PS 42:5:0	357.28	240116_PS_FTMSMS-_2.mzXML	30.0	136248.2	0.0	0.0	[6.0..9.0]	[0.0..0.9]	[1.098..1.35]	[149600.53..183935.08]	[0.176..0.206]	[1.0..1.0]	[1.087..1.241]	[148101.8..169084.03]	[0.174..0.194]	[1.0..1.0]	0.8032428	[120165.555..147744.53]
Group-1	PS 42:5:0	357.28	240116_PS_FTMSMS-_2.mzXML	35.0	89041.2	0.0	0.0	[6.0..9.0]	[0.0..0.0]	[1.437..1.88]	[127952.21..167397.47]	[0.131..0.164]	[1.0..1.0]	[1.436..1.871]	[127863.164..166596.1]	[0.131..0.164]	[1.0..1.0]	0.8032428	[102776.69..134460.8]
Group-1	PS 42:5:0	359.3	240116_PS_FTMSMS-_2.mzXML	25.0	120860.0	0.0	0.0	[9.0..9.0]	[0.0..0.0]	[0.847..0.847]	[102368.42..102368.42]	[0.46..0.46]	[0.59..0.68]	[0.847..0.847]	[102368.42..102368.42]	[0.46..0.46]	[0.589..0.68]	0.8032428	[82226.695..82226.695]
Group-1	PS 42:5:0	359.3	240116_PS_FTMSMS-_2.mzXML	30.0	232085.2	0.0	0.0	[9.0..9.0]	[0.0..0.0]	[0.902..0.902]	[209340.86..209340.86]	[0.421..0.421]	[0.59..0.68]	[0.902..0.902]	[209340.86..209340.86]	[0.421..0.421]	[0.589..0.68]	0.8032428	[168151.53..168151.53]
Group-1	PS 42:5:0	359.3	240116_PS_FTMSMS-_2.mzXML	35.0	233664.3	0.0	0.0	[9.0..9.0]	[0.0..0.0]	[1.044..1.044]	[243945.53..243945.53]	[0.432..0.432]	[0.59..0.68]	[1.044..1.044]	[243945.53..243945.53]	[0.432..0.432]	[0.589..0.68]	0.8032428	[195947.5..195947.5]
Group-1	PS 42:6:0	281.25	240116_PS_FTMSMS-_2.mzXML	25.0	96342.0	0.0	0.0	[9.0..9.0]	[1.0..1.0]	[0.928..0.928]	[89405.375..89405.375]	[0.759..0.761]	[0.0..0.0]	[0.928..0.928]	[89405.375..89405.375]	[0.757..0.759]	[0.0..0.0]	0.80485684	[71958.52..71958.52]
Group-1	PS 42:6:0	281.25	240116_PS_FTMSMS-_2.mzXML	30.0	281197.0	0.0	0.0	[9.0..9.0]	[1.0..1.0]	[0.914..0.914]	[257014.05..257014.05]	[0.774..0.796]	[0.0..0.0]	[0.914..0.914]	[257014.05..257014.05]	[0.776..0.798]	[0.0..0.0]	0.80485684	[206859.52..206859.52]
Group-1	PS 42:6:0	281.25	240116_PS_FTMSMS-_2.mzXML	35.0	382972.8	0.0	0.0	[9.0..9.0]	[1.0..1.0]	[0.904..0.904]	[346207.4..346207.4]	[0.817..0.854]	[0.0..0.0]	[0.904..0.904]	[346207.4..346207.4]	[0.818..0.854]	[0.0..0.0]	0.80485684	[278647.4..278647.4]
Group-1	PS 42:6:0	283.26	240116_PS_FTMSMS-_2.mzXML	25.0	189622.7	0.0	0.0	[0.0..0.0]	[1.0..1.0]	[1.005..1.005]	[190570.81..190570.81]	[0.955..0.955]	[0.0..0.0]	[1.005..1.005]	[190570.81..190570.81]	[0.955..0.955]	[0.0..0.0]	0.80485684	[153382.22..153382.22]
Group-1	PS 42:6:0	283.26	240116_PS_FTMSMS-_2.mzXML	30.0	546310.8	0.0	0.0	[0.0..0.0]	[1.0..1.0]	[0.978..0.978]	[534291.94..534291.94]	[0.977..0.977]	[0.0..0.0]	[0.978..0.978]	[534291.94..534291.94]	[0.977..0.977]	[0.0..0.0]	0.80485684	[430028.56..430028.56]
Group-1	PS 42:6:0	283.26	240116_PS_FTMSMS-_2.mzXML	35.0	852772.9	0.0	0.0	[0.0..0.0]	[1.0..1.0]	[0.963..0.963]	[821220.25..821220.25]	[1.0..1.0]	[0.0..0.0]	[0.963..0.963]	[821220.25..821220.25]	[1.0..1.0]	[0.0..0.0]	0.80485684	[660964.75..660964.75]
Group-1	PS 42:6:0	355.26	240116_PS_FTMSMS-_2.mzXML	25.0	7849.4	0.0	0.0	[6.0..6.0]	[0.0..0.0]	[1.157..1.157]	[9081.755..9081.755]	[0.045..0.045]	[1.0..1.0]	[1.157..1.157]	[9081.755..9081.755]	[0.045..0.045]	[1.0..1.0]	0.80485684	[7309.5127..7309.5127]
Group-1	PS 42:6:0	355.26	240116_PS_FTMSMS-_2.mzXML	30.0	7193.5	0.0	0.0	[6.0..6.0]	[0.0..0.0]	[1.714..1.714]	[12329.659..12329.659]	[0.023..0.023]	[1.0..1.0]	[1.714..1.714]	[12329.659..12329.659]	[0.023..0.023]	[1.0..1.0]	0.80485684	[9923.61..9923.61]
Group-1	PS 42:6:0	355.26	240116_PS_FTMSMS-_2.mzXML	35.0	0.0	0.0	0.0	[6.0..6.0]	[0.0..0.0]	[3.072..3.072]	[0.0..0.0]	[0.0..0.0]	[1.0..1.0]	[3.072..3.072]	[0.0..0.0]	[0.0..0.0]	[1.0..1.0]	0.80485684	[0.0..0.0]
Group-1	PS 42:6:0	357.28	240116_PS_FTMSMS-_2.mzXML	25.0	29514.3	0.0	0.0	[6.0..9.0]	[0.0..0.0]	[0.952..0.961]	[28097.615..28363.244]	[0.239..0.241]	[1.0..1.0]	[0.962..0.975]	[28392.758..28776.443]	[0.241..0.243]	[1.0..1.0]	0.80485684	[22614.559..22828.352]
Group-1	PS 42:6:0	357.28	240116_PS_FTMSMS-_2.mzXML	30.0	59891.8	0.0	0.0	[6.0..9.0]	[0.0..0.0]	[1.098..1.255]	[65761.2..75164.21]	[0.204..0.226]	[1.0..1.0]	[1.087..1.241]	[65102.387..74325.73]	[0.202..0.224]	[1.0..1.0]	0.80485684	[52928.35..60496.426]
Group-1	PS 42:6:0	357.28	240116_PS_FTMSMS-_2.mzXML	35.0	41161.0	0.0	0.0	[6.0..9.0]	[0.0..0.0]	[1.437..1.88]	[59148.36..77382.68]	[0.146..0.183]	[1.0..1.0]	[1.436..1.871]	[59107.195..77012.234]	[0.146..0.182]	[1.0..1.0]	0.80485684	[47605.957..62281.977]
Group-1	PS 42:7:0	309.28	240116_PS_FTMSMS-_2.mzXML	25.0	22383.6	0.0	0.0	[11.0..11.0]	[1.0..1.0]	[0.939..0.939]	[21018.201..21018.201]	[0.774..0.774]	[0.0..0.18]	[0.939..0.939]	[21018.201..21018.201]	[0.774..0.774]	[0.0..0.178]	0.80647796	[16950.715..16950.715]
Group-1	PS 42:7:0	309.28	240116_PS_FTMSMS-_2.mzXML	30.0	36628.9	0.0	0.0	[11.0..11.0]	[1.0..1.0]	[0.892..0.892]	[32672.979..32672.979]	[0.72..0.72]	[0.0..0.18]	[0.892..0.892]	[32672.979..32672.979]	[0.72..0.72]	[0.0..0.178]	0.80647796	[26350.037..26350.037]
Group-1	PS 42:7:0	309.28	240116_PS_FTMSMS-_2.mzXML	35.0	37341.0	0.0	0.0	[11.0..11.0]	[1.0..1.0]	[0.856..0.856]	[31963.896..31963.896]	[0.641..0.641]	[0.0..0.18]	[0.856..0.856]	[31963.896..31963.896]	[0.641..0.641]	[0.0..0.178]	0.80647796	[25778.178..25778.178]
Group-1	PS 42:7:0	327.23	240116_PS_FTMSMS-_2.mzXML	25.0	4661.4	0.0	0.0	[4.0..4.0]	[0.0..0.0]	[1.314..1.314]	[6125.08..6125.08]	[0.226..0.226]	[0.82..1.0]	[1.314..1.314]	[6125.0796..6125.0796]	[0.226..0.226]	[0.822..1.0]	0.80647796	[4939.7417..4939.7417]
Group-1	PS 42:7:0	327.23	240116_PS_FTMSMS-_2.mzXML	30.0	5172.5	0.0	0.0	[4.0..4.0]	[0.0..0.0]	[2.457..2.457]	[12708.833..12708.833]	[0.28..0.28]	[0.82..1.0]	[2.457..2.457]	[12708.833..12708.833]	[0.28..0.28]	[0.822..1.0]	0.80647796	[10249.394..10249.394]
Group-1	PS 42:7:0	327.23	240116_PS_FTMSMS-_2.mzXML	35.0	3253.0	0.0	0.0	[4.0..4.0]	[0.0..0.0]	[5.509..5.509]	[17920.777..17920.777]	[0.359..0.359]	[0.82..1.0]	[5.509..5.509]	[17920.777..17920.777]	[0.359..0.359]	[0.822..1.0]	0.80647796	[14452.712..14452.712]
Group-1	PS 34:0:0	255.23	240116_PS_FTMSMS-_1.mzXML	25.0	7629.4	0.0	0.0	[0.0..0.0]	[0.0..1.0]	[1.0..1.0]	[7629.4..7629.4]	[0.284..0.288]	[0.98..1.0]	[1.0..1.0]	[7629.4..7629.4]	[0.288..0.288]	[0.981..1.0]	0.89466476	[6825.7554..6825.7554]
Group-1	PS 34:0:0	255.23	240116_PS_FTMSMS-_1.mzXML	30.0	10726.5	0.0	0.0	[0.0..0.0]	[0.0..1.0]	[1.0..1.0]	[10726.5..10726.5]	[0.209..0.211]	[0.98..1.0]	[1.0..1.0]	[10726.5..10726.5]	[0.211..0.211]	[0.981..1.0]	0.89466476	[9596.622..9596.622]
Group-1	PS 34:0:0	255.23	240116_PS_FTMSMS-_1.mzXML	35.0	15090.5	0.0	0.0	[0.0..0.0]	[0.0..1.0]	[1.0..1.0]	[15090.5..15090.5]	[0.215..0.215]	[0.98..1.0]	[1.0..1.0]	[15090.5..15090.5]	[0.215..0.215]	[0.981..1.0]	0.89466476	[13500.938..13500.938]
Group-1	PS 34:0:0	283.26	240116_PS_FTMSMS-_1.mzXML	25.0	19126.4	0.0	0.0	[0.0..0.0]	[0.0..1.0]	[0.986..1.005]	[18858.63..19222.033]	[0.712..0.716]	[0.0..0.02]	[0.986..0.986]	[18858.63..18858.63]	[0.712..0.712]	[0.0..0.019]	0.89466476	[16872.152..17197.275]
Group-1	PS 34:0:0	283.26	240116_PS_FTMSMS-_1.mzXML	30.0	41514.0	0.0	0.0	[0.0..0.0]	[0.0..1.0]	[0.968..0.978]	[40185.55..40600.69]	[0.789..0.791]	[0.0..0.02]	[0.968..0.968]	[40185.55..40185.55]	[0.789..0.789]	[0.0..0.019]	0.89466476	[35952.598..36324.008]
Group-1	PS 34:0:0	283.26	240116_PS_FTMSMS-_1.mzXML	35.0	57211.2	0.0	0.0	[0.0..0.0]	[0.0..1.0]	[0.961..0.963]	[54979.965..55094.387]	[0.785..0.785]	[0.0..0.02]	[0.961..0.961]	[54979.965..54979.965]	[0.785..0.785]	[0.0..0.019]	0.89466476	[49188.637..49291.004]
Group-1	PS 34:1:0	253.22	240116_PS_FTMSMS-_1.mzXML	25.0	83452.1	0.0	0.0	[9.0..9.0]	[0.0..1.0]	[0.92..0.938]	[76775.94..78278.07]	[0.28..0.281]	[0.99..1.0]	[0.938..0.938]	[78278.07..78278.07]	[0.284..0.284]	[0.99..1.0]	0.8967037	[68845.266..70192.24]
Group-1	PS 34:1:0	253.22	240116_PS_FTMSMS-_1.mzXML	30.0	145623.3	0.0	0.0	[9.0..9.0]	[0.0..1.0]	[0.953..0.972]	[138779.02..141545.84]	[0.246..0.248]	[0.99..1.0]	[0.972..0.972]	[141545.84..141545.84]	[0.25..0.25]	[0.99..1.0]	0.8967037	[124443.65..126924.69]
Group-1	PS 34:1:0	253.22	240116_PS_FTMSMS-_1.mzXML	35.0	161077.8	0.0	0.0	[9.0..9.0]	[0.0..1.0]	[0.96..1.004]	[154634.69..161722.1]	[0.242..0.25]	[0.99..1.0]	[1.004..1.004]	[161722.1..161722.1]	[0.251..0.251]	[0.99..1.0]	0.8967037	[138661.5..145016.81]
Group-1	PS 34:1:0	255.23	240116_PS_FTMSMS-_1.mzXML	25.0	565574.4	0.0	0.0	[0.0..0.0]	[1.0..1.0]	[1.0..1.0]	[565574.4..565574.4]	[0.669..0.669]	[0.0..0.12]	[1.0..1.0]	[565574.4..565574.4]	[0.669..0.669]	[0.0..0.124]	0.8967037	[507152.66..507152.66]
Group-1	PS 34:1:0	255.23	240116_PS_FTMSMS-_1.mzXML	30.0	1289214.0	0.0	0.0	[0.0..0.0]	[1.0..1.0]	[1.0..1.0]	[1289214.0..1289214.0]	[0.697..0.697]	[0.0..0.12]	[1.0..1.0]	[1289214.0..1289214.0]	[0.697..0.697]	[0.0..0.124]	0.8967037	[1156043.0..1156043.0]
Group-1	PS 34:1:0	255.23	240116_PS_FTMSMS-_1.mzXML	35.0	1554617.8	0.0	0.0	[0.0..0.0]	[1.0..1.0]	[1.0..1.0]	[1554617.8..1554617.8]	[0.726..0.726]	[0.0..0.12]	[1.0..1.0]	[1554617.8..1554617.8]	[0.726..0.726]	[0.0..0.124]	0.8967037	[1394031.5..1394031.5]
Group-1	PS 34:1:0	281.25	240116_PS_FTMSMS-_1.mzXML	25.0	313884.9	0.0	0.0	[9.0..9.0]	[0.0..0.0]	[0.893..0.893]	[280299.22..280299.22]	[0.331..0.331]	[0.88..1.0]	[0.893..0.893]	[280299.22..280299.22]	[0.331..0.331]	[0.876..1.0]	0.8967037	[251345.34..251345.34]
Group-1	PS 34:1:0	281.25	240116_PS_FTMSMS-_1.mzXML	30.0	608812.2	0.0	0.0	[9.0..9.0]	[0.0..0.0]	[0.919..0.919]	[559498.44..559498.44]	[0.303..0.303]	[0.88..1.0]	[0.919..0.919]	[559498.44..559498.44]	[0.303..0.303]	[0.876..1.0]	0.8967037	[501704.28..501704.28]
Group-1	PS 34:1:0	281.25	240116_PS_FTMSMS-_1.mzXML	35.0	629634.5	0.0	0.0	[9.0..9.0]	[0.0..0.0]	[0.932..0.932]	[586819.3..586819.3]	[0.274..0.274]	[0.88..1.0]	[0.932..0.932]	[586819.3..586819.3]	[0.274..0.274]	[0.876..1.0]	0.8967037	[526203.1..526203.1]
Group-1	PS 34:1:0	283.26	240116_PS_FTMSMS-_1.mzXML	25.0	199787.6	0.0	0.0	[0.0..0.0]	[0.0..1.0]	[0.986..1.005]	[196990.56..200786.53]	[0.719..0.72]	[0.0..0.01]	[0.986..0.986]	[196990.56..196990.56]	[0.716..0.716]	[0.0..0.01]	0.8967037	[176642.17..180046.03]
Group-1	PS 34:1:0	283.26	240116_PS_FTMSMS-_1.mzXML	30.0	438655.2	0.0	0.0	[0.0..0.0]	[0.0..1.0]	[0.968..0.978]	[424618.22..429004.78]	[0.752..0.754]	[0.0..0.01]	[0.968..0.968]	[424618.22..424618.22]	[0.75..0.75]	[0.0..0.01]	0.8967037	[380756.75..384690.2]
Group-1	PS 34:1:0	283.26	240116_PS_FTMSMS-_1.mzXML	35.0	503483.1	0.0	0.0	[0.0..0.0]	[0.0..1.0]	[0.961..0.963]	[483847.28..484854.22]	[0.75..0.758]	[0.0..0.01]	[0.961..0.961]	[483847.28..483847.28]	[0.749..0.749]	[0.0..0.01]	0.8967037	[433867.62..434770.56]
Group-1	PS 34:2:0	251.2	240116_PS_FTMSMS-_1.mzXML	25.0	579.4	0.0	0.0	[9.0..9.0]	[0.0..1.0]	[0.903..0.923]	[523.198..534.786]	[0.039..0.039]	[1.0..1.0]	[0.923..0.923]	[534.7862..534.7862]	[0.04..0.04]	[1.0..1.0]	0.8987426	[470.22055..480.63516]
Group-1	PS 34:2:0	251.2	240116_PS_FTMSMS-_1.mzXML	30.0	935.8	0.0	0.0	[9.0..9.0]	[0.0..1.0]	[0.962..0.975]	[900.24..912.405]	[0.05..0.05]	[1.0..1.0]	[0.975..0.975]	[912.405..912.405]	[0.05..0.05]	[1.0..1.0]	0.8987426	[809.0837..820.0173]
Group-1	PS 34:2:0	251.2	240116_PS_FTMSMS-_1.mzXML	35.0	1052.0	0.0	0.0	[9.0..9.0]	[0.0..1.0]	[1.016..1.049]	[1068.832..1103.548]	[0.053..0.055]	[1.0..1.0]	[1.049..1.049]	[1103.548..1103.548]	[0.055..0.055]	[1.0..1.0]	0.8987426	[960.6049..991.80566]
Group-1	PS 34:2:0	253.22	240116_PS_FTMSMS-_1.mzXML	25.0	14247.4	0.0	0.0	[9.0..9.0]	[1.0..1.0]	[0.938..0.938]	[13364.062..13364.062]	[0.346..0.346]	[0.84..0.95]	[0.938..0.938]	[13364.062..13364.062]	[0.346..0.346]	[0.843..0.952]	0.8987426	[12010.853..12010.853]
Group-1	PS 34:2:0	253.22	240116_PS_FTMSMS-_1.mzXML	30.0	25506.4	0.0	0.0	[9.0..9.0]	[1.0..1.0]	[0.953..0.953]	[24307.6..24307.6]	[0.321..0.321]	[0.84..0.95]	[0.953..0.953]	[24307.6..24307.6]	[0.321..0.321]	[0.843..0.952]	0.8987426	[21846.275..21846.275]
Group-1	PS 34:2:0	253.22	240116_PS_FTMSMS-_1.mzXML	35.0	29197.8	0.0	0.0	[9.0..9.0]	[1.0..1.0]	[0.96..0.96]	[28029.889..28029.889]	[0.302..0.302]	[0.84..0.95]	[0.96..0.96]	[28029.889..28029.889]	[0.302..0.302]	[0.843..0.952]	0.8987426	[25191.656..25191.656]
Group-1	PS 34:2:0	255.23	240116_PS_FTMSMS-_1.mzXML	25.0	10736.2	0.0	0.0	[0.0..0.0]	[1.0..1.0]	[1.0..1.0]	[10736.2..10736.2]	[0.724..0.724]	[0.0..0.0]	[1.0..1.0]	[10736.2..10736.2]	[0.724..0.724]	[0.0..0.002]	0.8987426	[9649.081..9649.081]
Group-1	PS 34:2:0	255.23	240116_PS_FTMSMS-_1.mzXML	30.0	21289.5	0.0	0.0	[0.0..0.0]	[1.0..1.0]	[1.0..1.0]	[21289.5..21289.5]	[0.726..0.726]	[0.0..0.0]	[1.0..1.0]	[21289.5..21289.5]	[0.726..0.726]	[0.0..0.002]	0.8987426	[19133.781..19133.781]
Group-1	PS 34:2:0	255.23	240116_PS_FTMSMS-_1.mzXML	35.0	27647.0	0.0	0.0	[0.0..0.0]	[1.0..1.0]	[1.0..1.0]	[27647.0..27647.0]	[0.752..0.752]	[0.0..0.0]	[1.0..1.0]	[27647.0..27647.0]	[0.752..0.752]	[0.0..0.002]	0.8987426	[24847.537..24847.537]
Group-1	PS 34:2:0	279.23	240116_PS_FTMSMS-_1.mzXML	25.0	4657.0	0.0	0.0	[9.0..9.0]	[0.0..0.0]	[0.878..0.878]	[4088.846..4088.846]	[0.276..0.276]	[1.0..1.0]	[0.878..0.878]	[4088.8462..4088.8462]	[0.276..0.276]	[0.998..1.0]	0.8987426	[3674.8203..3674.8203]
Group-1	PS 34:2:0	279.23	240116_PS_FTMSMS-_1.mzXML	30.0	8694.2	0.0	0.0	[9.0..9.0]	[0.0..0.0]	[0.923..0.923]	[8024.747..8024.747]	[0.274..0.274]	[1.0..1.0]	[0.923..0.923]	[8024.7466..8024.7466]	[0.274..0.274]	[0.998..1.0]	0.8987426	[7212.1816..7212.1816]
Group-1	PS 34:2:0	279.23	240116_PS_FTMSMS-_1.mzXML	35.0	9369.3	0.0	0.0	[9.0..9.0]	[0.0..0.0]	[0.972..0.972]	[9106.959..9106.959]	[0.248..0.248]	[1.0..1.0]	[0.972..0.972]	[9106.959..9106.959]	[0.248..0.248]	[0.998..1.0]	0.8987426	[8184.8125..8184.8125]
Group-1	PS 34:2:0	281.25	240116_PS_FTMSMS-_1.mzXML	25.0	28264.4	0.0	0.0	[9.0..9.0]	[0.0..0.0]	[0.893..0.893]	[25240.11..25240.11]	[0.654..0.654]	[0.05..0.16]	[0.893..0.893]	[25240.11..25240.11]	[0.654..0.654]	[0.048..0.157]	0.8987426	[22684.363..22684.363]
Group-1	PS 34:2:0	281.25	240116_PS_FTMSMS-_1.mzXML	30.0	56071.5	0.0	0.0	[9.0..9.0]	[0.0..0.0]	[0.919..0.919]	[51529.71..51529.71]	[0.679..0.679]	[0.05..0.16]	[0.919..0.919]	[51529.71..51529.71]	[0.679..0.679]	[0.048..0.157]	0.8987426	[46311.95..46311.95]
Group-1	PS 34:2:0	281.25	240116_PS_FTMSMS-_1.mzXML	35.0	69504.6	0.0	0.0	[9.0..9.0]	[0.0..0.0]	[0.932..0.932]	[64778.29..64778.29]	[0.698..0.698]	[0.05..0.16]	[0.932..0.932]	[64778.29..64778.29]	[0.698..0.698]	[0.048..0.157]	0.8987426	[58219.008..58219.008]
Group-1	PS 34:2:0	283.26	240116_PS_FTMSMS-_1.mzXML	25.0	12949.7	0.0	0.0	[0.0..0.0]	[0.0..1.0]	[0.986..1.005]	[12768.404..13014.448]	[0.961..0.961]	[0.0..0.0]	[0.986..0.986]	[12768.404..12768.404]	[0.96..0.96]	[0.0..0.0]	0.8987426	[11475.509..11696.64]
Group-1	PS 34:2:0	283.26	240116_PS_FTMSMS-_1.mzXML	30.0	17848.7	0.0	0.0	[0.0..0.0]	[0.0..1.0]	[0.968..0.978]	[17277.543..17456.027]	[0.95..0.95]	[0.0..0.0]	[0.968..0.968]	[17277.541..17277.541]	[0.95..0.95]	[0.0..0.0]	0.8987426	[15528.0625..15688.476]
Group-1	PS 34:2:0	283.26	240116_PS_FTMSMS-_1.mzXML	35.0	19774.7	0.0	0.0	[0.0..0.0]	[0.0..1.0]	[0.961..0.963]	[19003.486..19043.035]	[0.945..0.947]	[0.0..0.0]	[0.961..0.961]	[19003.486..19003.486]	[0.945..0.945]	[0.0..0.0]	0.8987426	[17079.244..17114.787]
Group-1	PS 35:0:0	269.25	240116_PS_FTMSMS-_1.mzXML	25.0	1017.7	0.0	0.0	[0.0..0.0]	[0.0..1.0]	[0.99..1.001]	[1007.523..1018.718]	[0.072..0.072]	[1.0..1.0]	[1.001..1.001]	[1018.7178..1018.7178]	[0.073..0.073]	[1.0..1.0]	0.88078475	[887.4109..897.27106]
Group-1	PS 35:0:0	269.25	240116_PS_FTMSMS-_1.mzXML	30.0	757.6	0.0	0.0	[0.0..0.0]	[0.0..1.0]	[0.981..0.988]	[743.206..748.509]	[0.036..0.036]	[1.0..1.0]	[0.988..0.988]	[748.5087..748.5087]	[0.036..0.036]	[1.0..1.0]	0.88078475	[654.6042..659.27515]
Group-1	PS 35:0:0	269.25	240116_PS_FTMSMS-_1.mzXML	35.0	3242.8	0.0	0.0	[0.0..0.0]	[0.0..1.0]	[0.979..0.98]	[3174.701..3177.944]	[0.109..0.11]	[1.0..1.0]	[0.98..0.98]	[3177.944..3177.944]	[0.11..0.11]	[1.0..1.0]	0.88078475	[2796.2283..2799.0847]
Group-1	PS 35:0:0	283.26	240116_PS_FTMSMS-_1.mzXML	25.0	13093.4	0.0	0.0	[0.0..0.0]	[0.0..1.0]	[0.986..1.005]	[12910.093..13158.867]	[0.928..0.928]	[0.0..0.0]	[0.986..0.986]	[12910.093..12910.093]	[0.927..0.927]	[0.0..0.0]	0.88078475	[11371.014..11590.13]
Group-1	PS 35:0:0	283.26	240116_PS_FTMSMS-_1.mzXML	30.0	20673.0	0.0	0.0	[0.0..0.0]	[0.0..1.0]	[0.968..0.978]	[20011.465..20218.193]	[0.964..0.964]	[0.0..0.0]	[0.968..0.968]	[20011.465..20011.465]	[0.964..0.964]	[0.0..0.0]	0.88078475	[17625.791..17807.877]
Group-1	PS 35:0:0	283.26	240116_PS_FTMSMS-_1.mzXML	35.0	26863.7	0.0	0.0	[0.0..0.0]	[0.0..1.0]	[0.961..0.963]	[25816.016..25869.742]	[0.89..0.891]	[0.0..0.0]	[0.961..0.961]	[25816.016..25816.016]	[0.89..0.89]	[0.0..0.0]	0.88078475	[22738.354..22785.674]
Group-1	PS 35:1:0	267.23	240116_PS_FTMSMS-_1.mzXML	25.0	34151.3	0.0	0.0	[9.0..9.0]	[0.0..1.0]	[0.905..0.932]	[30906.926..31829.012]	[0.276..0.278]	[1.0..1.0]	[0.932..0.932]	[31829.012..31829.012]	[0.282..0.282]	[0.998..1.0]	0.8827558	[27283.27..28097.246]
Group-1	PS 35:1:0	267.23	240116_PS_FTMSMS-_1.mzXML	30.0	58524.6	0.0	0.0	[9.0..9.0]	[0.0..1.0]	[0.932..0.944]	[54544.926..55247.223]	[0.247..0.247]	[1.0..1.0]	[0.944..0.944]	[55247.223..55247.223]	[0.249..0.249]	[0.998..1.0]	0.8827558	[48149.85..48769.81]
Group-1	PS 35:1:0	267.23	240116_PS_FTMSMS-_1.mzXML	35.0	68195.9	0.0	0.0	[9.0..9.0]	[0.0..1.0]	[0.931..0.966]	[63490.383..65877.24]	[0.245..0.252]	[1.0..1.0]	[0.966..0.966]	[65877.24..65877.24]	[0.252..0.252]	[0.998..1.0]	0.8827558	[56046.5..58153.516]
Group-1	PS 35:1:0	269.25	240116_PS_FTMSMS-_1.mzXML	25.0	166279.2	0.0	0.0	[0.0..0.0]	[1.0..1.0]	[1.001..1.001]	[166445.48..166445.48]	[0.687..0.687]	[0.0..0.08]	[1.001..1.001]	[166445.48..166445.48]	[0.687..0.687]	[0.0..0.084]	0.8827558	[146930.73..146930.73]
Group-1	PS 35:1:0	269.25	240116_PS_FTMSMS-_1.mzXML	30.0	383553.7	0.0	0.0	[0.0..0.0]	[1.0..1.0]	[0.988..0.988]	[378951.03..378951.03]	[0.727..0.727]	[0.0..0.08]	[0.988..0.988]	[378951.03..378951.03]	[0.727..0.727]	[0.0..0.084]	0.8827558	[334521.22..334521.22]
Group-1	PS 35:1:0	269.25	240116_PS_FTMSMS-_1.mzXML	35.0	458947.4	0.0	0.0	[0.0..0.0]	[1.0..1.0]	[0.98..0.98]	[449768.47..449768.47]	[0.734..0.734]	[0.0..0.08]	[0.98..0.98]	[449768.47..449768.47]	[0.734..0.734]	[0.0..0.084]	0.8827558	[397035.75..397035.75]
Group-1	PS 35:1:0	281.25	240116_PS_FTMSMS-_1.mzXML	25.0	85047.2	0.0	0.0	[9.0..9.0]	[0.0..0.0]	[0.893..0.893]	[75947.16..75947.16]	[0.313..0.313]	[0.92..1.0]	[0.893..0.893]	[75947.16..75947.16]	[0.313..0.313]	[0.916..1.0]	0.8827558	[67042.79..67042.79]
Group-1	PS 35:1:0	281.25	240116_PS_FTMSMS-_1.mzXML	30.0	154880.6	0.0	0.0	[9.0..9.0]	[0.0..0.0]	[0.919..0.919]	[142335.27..142335.27]	[0.273..0.273]	[0.92..1.0]	[0.919..0.919]	[142335.27..142335.27]	[0.273..0.273]	[0.916..1.0]	0.8827558	[125647.29..125647.29]
Group-1	PS 35:1:0	281.25	240116_PS_FTMSMS-_1.mzXML	35.0	174905.5	0.0	0.0	[9.0..9.0]	[0.0..0.0]	[0.932..0.932]	[163011.92..163011.92]	[0.266..0.266]	[0.92..1.0]	[0.932..0.932]	[163011.92..163011.92]	[0.266..0.266]	[0.916..1.0]	0.8827558	[143899.72..143899.72]
Group-1	PS 35:1:0	283.26	240116_PS_FTMSMS-_1.mzXML	25.0	82254.8	0.0	0.0	[0.0..0.0]	[0.0..1.0]	[0.986..1.005]	[81103.23..82666.07]	[0.722..0.724]	[0.0..0.0]	[0.986..0.986]	[81103.23..81103.23]	[0.718..0.718]	[0.0..0.002]	0.8827558	[71594.34..72973.95]
Group-1	PS 35:1:0	283.26	240116_PS_FTMSMS-_1.mzXML	30.0	172113.8	0.0	0.0	[0.0..0.0]	[0.0..1.0]	[0.968..0.978]	[166606.16..168327.3]	[0.753..0.753]	[0.0..0.0]	[0.968..0.968]	[166606.16..166606.16]	[0.751..0.751]	[0.0..0.002]	0.8827558	[147072.55..148591.89]
Group-1	PS 35:1:0	283.26	240116_PS_FTMSMS-_1.mzXML	35.0	203255.2	0.0	0.0	[0.0..0.0]	[0.0..1.0]	[0.961..0.963]	[195328.25..195734.77]	[0.748..0.755]	[0.0..0.0]	[0.961..0.961]	[195328.25..195328.25]	[0.748..0.748]	[0.0..0.002]	0.8827558	[172427.16..172786.0]
Group-1	PS 36:1:0	281.25	240116_PS_FTMSMS-_1.mzXML	25.0	1.1423675E7	0.0	0.0	[9.0..9.0]	[0.0..1.0]	[0.893..0.928]	[1.0201342E7..1.060117E7]	[0.289..0.293]	[0.97..1.0]	[0.927..0.928]	[1.0589747E7..1.060117E7]	[0.297..0.297]	[0.97..1.0]	0.86926925	[8867712.0..9215271.0]
Group-1	PS 36:1:0	281.25	240116_PS_FTMSMS-_1.mzXML	30.0	1.863247E7	0.0	0.0	[9.0..9.0]	[0.0..1.0]	[0.914..0.919]	[1.7030078E7..1.712324E7]	[0.258..0.259]	[0.97..1.0]	[0.919..0.919]	[1.712324E7..1.712324E7]	[0.26..0.26]	[0.97..1.0]	0.86926925	[1.4803722E7..1.4884706E7]
Group-1	PS 36:1:0	281.25	240116_PS_FTMSMS-_1.mzXML	35.0	2.406265E7	0.0	0.0	[9.0..9.0]	[0.0..1.0]	[0.904..0.932]	[2.1752636E7..2.242639E7]	[0.242..0.247]	[0.97..1.0]	[0.931..0.932]	[2.2402328E7..2.242639E7]	[0.247..0.247]	[0.97..1.0]	0.86926925	[1.8908898E7..1.949457E7]
Group-1	PS 36:1:0	283.26	240116_PS_FTMSMS-_1.mzXML	25.0	2.541974E7	0.0	0.0	[0.0..0.0]	[0.0..1.0]	[0.986..1.005]	[2.5063864E7..2.5546838E7]	[0.707..0.711]	[0.0..0.03]	[0.986..0.987]	[2.5063864E7..2.5089284E7]	[0.703..0.703]	[0.0..0.03]	0.86926925	[2.1787246E7..2.220708E7]
Group-1	PS 36:1:0	283.26	240116_PS_FTMSMS-_1.mzXML	30.0	5.0250592E7	0.0	0.0	[0.0..0.0]	[0.0..1.0]	[0.968..0.978]	[4.8642572E7..4.914508E7]	[0.741..0.742]	[0.0..0.03]	[0.968..0.968]	[4.8642572E7..4.8642572E7]	[0.74..0.74]	[0.0..0.03]	0.86926925	[4.2283496E7..4.2720308E7]
Group-1	PS 36:1:0	283.26	240116_PS_FTMSMS-_1.mzXML	35.0	7.1083912E7	0.0	0.0	[0.0..0.0]	[0.0..1.0]	[0.961..0.963]	[6.831164E7..6.8453808E7]	[0.753..0.758]	[0.0..0.03]	[0.961..0.961]	[6.831164E7..6.831164E7]	[0.753..0.753]	[0.0..0.03]	0.86926925	[5.9381212E7..5.9504792E7]
Group-1	PS 36:2:0	279.23	240116_PS_FTMSMS-_1.mzXML	25.0	127014.2	0.0	0.0	[9.0..9.0]	[0.0..1.0]	[0.878..0.909]	[111518.48..115455.91]	[0.3..0.304]	[0.95..1.0]	[0.907..0.909]	[115201.88..115455.91]	[0.307..0.307]	[0.945..1.0]	0.8711848	[97153.195..100583.43]
Group-1	PS 36:2:0	279.23	240116_PS_FTMSMS-_1.mzXML	30.0	202437.3	0.0	0.0	[9.0..9.0]	[0.0..1.0]	[0.919..0.923]	[186039.88..186849.62]	[0.25..0.251]	[0.95..1.0]	[0.923..0.923]	[186849.62..186849.62]	[0.252..0.252]	[0.945..1.0]	0.8711848	[162075.12..162780.55]
Group-1	PS 36:2:0	279.23	240116_PS_FTMSMS-_1.mzXML	35.0	221860.9	0.0	0.0	[9.0..9.0]	[0.0..1.0]	[0.95..0.972]	[210767.86..215648.8]	[0.207..0.21]	[0.95..1.0]	[0.971..0.972]	[215426.94..215648.8]	[0.21..0.211]	[0.945..1.0]	0.8711848	[183617.77..187869.97]
Group-1	PS 36:2:0	281.25	240116_PS_FTMSMS-_1.mzXML	25.0	4718654.0	0.0	0.0	[9.0..9.0]	[0.5..0.5]	[0.947..0.947]	[4468565.5..4468565.5]	[0.5..0.5]	[0.5..0.5]	[0.947..0.947]	[4468565.5..4468565.5]	[0.5..0.5]	[0.5..0.5]	0.8711848	[3892946.5..3892946.5]
Group-1	PS 36:2:0	281.25	240116_PS_FTMSMS-_1.mzXML	30.0	9609843.0	0.0	0.0	[9.0..9.0]	[0.5..0.5]	[0.913..0.913]	[8773787.0..8773787.0]	[0.5..0.5]	[0.5..0.5]	[0.913..0.913]	[8773787.0..8773787.0]	[0.5..0.5]	[0.5..0.5]	0.8711848	[7643590.0..7643590.0]
Group-1	PS 36:2:0	281.25	240116_PS_FTMSMS-_1.mzXML	35.0	1.1708166E7	0.0	0.0	[9.0..9.0]	[0.5..0.5]	[0.887..0.887]	[1.0385144E7..1.0385144E7]	[0.5..0.5]	[0.5..0.5]	[0.887..0.887]	[1.0385144E7..1.0385144E7]	[0.5..0.5]	[0.5..0.5]	0.8711848	[9047380.0..9047380.0]
Group-1	PS 36:2:0	283.26	240116_PS_FTMSMS-_1.mzXML	25.0	263459.3	0.0	0.0	[0.0..0.0]	[0.0..1.0]	[0.986..1.005]	[259770.88..264776.6]	[0.696..0.7]	[0.0..0.05]	[0.986..0.987]	[259770.88..260034.34]	[0.693..0.693]	[0.0..0.055]	0.8711848	[226308.45..230669.36]
Group-1	PS 36:2:0	283.26	240116_PS_FTMSMS-_1.mzXML	30.0	572850.9	0.0	0.0	[0.0..0.0]	[0.0..1.0]	[0.968..0.978]	[554519.6..560248.1]	[0.749..0.75]	[0.0..0.05]	[0.968..0.969]	[554519.6..555092.5]	[0.748..0.748]	[0.0..0.055]	0.8711848	[483089.12..488079.7]
Group-1	PS 36:2:0	283.26	240116_PS_FTMSMS-_1.mzXML	35.0	841117.5	0.0	0.0	[0.0..0.0]	[0.0..1.0]	[0.961..0.963]	[808313.94..809996.1]	[0.79..0.793]	[0.0..0.05]	[0.961..0.961]	[808313.94..808313.94]	[0.789..0.79]	[0.0..0.055]	0.8711848	[704190.9..705656.4]
Group-1	PS 36:3:0	253.22	240116_PS_FTMSMS-_1.mzXML	25.0	403.1	0.0	0.0	[9.0..9.0]	[1.0..1.0]	[0.938..0.938]	[378.108..378.108]	[0.393..0.393]	[0.74..1.0]	[0.938..0.938]	[378.10782..378.10782]	[0.393..0.393]	[0.738..1.0]	0.8731096	[330.12955..330.12955]
Group-1	PS 36:3:0	253.22	240116_PS_FTMSMS-_1.mzXML	30.0	627.3	0.0	0.0	[9.0..9.0]	[0.0..0.0]	[0.972..0.972]	[609.736..609.736]	[0.291..0.291]	[0.74..1.0]	[0.972..0.972]	[609.7356..609.7356]	[0.291..0.291]	[0.738..1.0]	0.8731096	[532.36597..532.36597]
Group-1	PS 36:3:0	253.22	240116_PS_FTMSMS-_1.mzXML	35.0	558.7	0.0	0.0	[9.0..9.0]	[0.0..1.0]	[0.96..1.004]	[536.352..560.935]	[0.249..0.252]	[0.74..1.0]	[0.993..1.004]	[554.7891..560.93475]	[0.255..0.256]	[0.738..1.0]	0.8731096	[468.29407..489.75754]
Group-1	PS 36:3:0	255.23	240116_PS_FTMSMS-_1.mzXML	25.0	8934.1	0.0	0.0	[0.0..0.0]	[0.0..1.0]	[1.0..1.0]	[8934.1..8934.1]	[0.696..0.705]	[0.0..0.04]	[1.0..1.0]	[8934.1..8934.1]	[0.683..0.696]	[0.0..0.044]	0.8731096	[7800.4478..7800.4478]
Group-1	PS 36:3:0	255.23	240116_PS_FTMSMS-_1.mzXML	30.0	18504.1	0.0	0.0	[0.0..0.0]	[0.0..1.0]	[1.0..1.0]	[18504.1..18504.1]	[0.748..0.769]	[0.0..0.04]	[1.0..1.0]	[18504.1..18504.1]	[0.748..0.763]	[0.0..0.044]	0.8731096	[16156.106..16156.106]
Group-1	PS 36:3:0	255.23	240116_PS_FTMSMS-_1.mzXML	35.0	22075.3	0.0	0.0	[0.0..0.0]	[1.0..1.0]	[1.0..1.0]	[22075.3..22075.3]	[0.743..0.789]	[0.0..0.04]	[1.0..1.0]	[22075.3..22075.3]	[0.745..0.789]	[0.0..0.044]	0.8731096	[19274.156..19274.156]
Group-1	PS 36:3:0	277.22	240116_PS_FTMSMS-_1.mzXML	25.0	2160.1	0.0	0.0	[6.0..9.0]	[0.0..1.0]	[0.923..0.953]	[1993.772..2058.576]	[0.188..0.19]	[1.0..1.0]	[0.951..0.953]	[2054.2551..2058.5754]	[0.193..0.193]	[1.0..1.0]	0.8731096	[1740.7816..1797.3618]
Group-1	PS 36:3:0	277.22	240116_PS_FTMSMS-_1.mzXML	30.0	3010.0	0.0	0.0	[6.0..9.0]	[0.0..1.0]	[1.023..1.093]	[3079.23..3289.93]	[0.145..0.152]	[1.0..1.0]	[1.017..1.093]	[3061.17..3289.9302]	[0.144..0.153]	[1.0..1.0]	0.8731096	[2688.5051..2872.4695]
Group-1	PS 36:3:0	277.22	240116_PS_FTMSMS-_1.mzXML	35.0	3028.6	0.0	0.0	[6.0..9.0]	[0.0..1.0]	[1.165..1.332]	[3528.319..4034.096]	[0.139..0.155]	[1.0..1.0]	[1.141..1.332]	[3455.6328..4034.0955]	[0.136..0.155]	[1.0..1.0]	0.8731096	[3080.6091..3522.2073]
Group-1	PS 36:3:0	279.23	240116_PS_FTMSMS-_1.mzXML	25.0	47538.6	0.0	0.0	[9.0..9.0]	[1.0..1.0]	[0.909..0.909]	[43212.586..43212.586]	[0.47..0.47]	[0.57..0.59]	[0.909..0.909]	[43212.586..43212.586]	[0.47..0.47]	[0.567..0.589]	0.8731096	[37729.324..37729.324]
Group-1	PS 36:3:0	279.23	240116_PS_FTMSMS-_1.mzXML	30.0	88324.1	0.0	0.0	[9.0..9.0]	[1.0..1.0]	[0.919..0.919]	[81169.85..81169.85]	[0.461..0.461]	[0.57..0.59]	[0.919..0.919]	[81169.85..81169.85]	[0.461..0.461]	[0.567..0.589]	0.8731096	[70870.17..70870.17]
Group-1	PS 36:3:0	279.23	240116_PS_FTMSMS-_1.mzXML	35.0	103267.7	0.0	0.0	[9.0..9.0]	[1.0..1.0]	[0.95..0.95]	[98104.32..98104.32]	[0.463..0.463]	[0.57..0.59]	[0.95..0.95]	[98104.32..98104.32]	[0.463..0.463]	[0.567..0.589]	0.8731096	[85655.82..85655.82]
Group-1	PS 36:3:0	281.25	240116_PS_FTMSMS-_1.mzXML	25.0	54567.9	0.0	0.0	[9.0..9.0]	[0.0..0.0]	[0.893..0.893]	[48729.133..48729.133]	[0.53..0.53]	[0.41..0.43]	[0.893..0.893]	[48729.133..48729.133]	[0.53..0.53]	[0.411..0.433]	0.8731096	[42545.87..42545.87]
Group-1	PS 36:3:0	281.25	240116_PS_FTMSMS-_1.mzXML	30.0	103235.2	0.0	0.0	[9.0..9.0]	[0.0..0.0]	[0.919..0.919]	[94873.16..94873.16]	[0.539..0.539]	[0.41..0.43]	[0.919..0.919]	[94873.16..94873.16]	[0.539..0.539]	[0.411..0.433]	0.8731096	[82834.664..82834.664]
Group-1	PS 36:3:0	281.25	240116_PS_FTMSMS-_1.mzXML	35.0	121959.2	0.0	0.0	[9.0..9.0]	[0.0..0.0]	[0.932..0.932]	[113665.98..113665.98]	[0.537..0.537]	[0.41..0.43]	[0.932..0.932]	[113665.98..113665.98]	[0.537..0.537]	[0.411..0.433]	0.8731096	[99242.85..99242.85]
Group-1	PS 36:3:0	283.26	240116_PS_FTMSMS-_1.mzXML	25.0	8730.8	0.0	0.0	[0.0..0.0]	[0.0..1.0]	[0.986..1.005]	[8608.568..8774.454]	[0.81..0.812]	[0.0..0.0]	[0.986..0.986]	[8608.568..8608.568]	[0.807..0.807]	[0.0..0.0]	0.8731096	[7516.2236..7661.0596]
Group-1	PS 36:3:0	283.26	240116_PS_FTMSMS-_1.mzXML	30.0	18768.9	0.0	0.0	[0.0..0.0]	[0.0..1.0]	[0.968..0.978]	[18168.295..18355.984]	[0.848..0.855]	[0.0..0.0]	[0.968..0.968]	[18168.295..18168.295]	[0.847..0.856]	[0.0..0.0]	0.8731096	[15862.913..16026.786]
Group-1	PS 36:3:0	283.26	240116_PS_FTMSMS-_1.mzXML	35.0	22800.9	0.0	0.0	[0.0..0.0]	[0.0..1.0]	[0.961..0.963]	[21911.666..21957.268]	[0.845..0.861]	[0.0..0.0]	[0.961..0.961]	[21911.666..21911.666]	[0.845..0.864]	[0.0..0.0]	0.8731096	[19131.285..19171.1]
Group-1	PS 36:3:0	305.25	240116_PS_FTMSMS-_1.mzXML	25.0	4104.3	0.0	0.0	[5.0..11.0]	[0.0..1.0]	[0.909..0.95]	[3730.808..3899.085]	[0.295..0.304]	[0.96..1.0]	[0.95..1.012]	[3899.0847..4153.5513]	[0.304..0.317]	[0.956..1.0]	0.8731096	[3257.4045..3404.3281]
Group-1	PS 36:3:0	305.25	240116_PS_FTMSMS-_1.mzXML	30.0	5783.8	0.0	0.0	[5.0..11.0]	[0.0..1.0]	[0.959..1.075]	[5546.664..6217.585]	[0.231..0.252]	[0.96..1.0]	[0.992..1.075]	[5737.5293..6217.585]	[0.237..0.252]	[0.956..1.0]	0.8731096	[4842.8457..5428.6333]
Group-1	PS 36:3:0	305.25	240116_PS_FTMSMS-_1.mzXML	35.0	5714.4	0.0	0.0	[5.0..11.0]	[0.0..0.0]	[1.031..1.339]	[5891.547..7651.582]	[0.211..0.257]	[0.96..1.0]	[1.03..1.322]	[5885.8315..7554.437]	[0.211..0.255]	[0.956..1.0]	0.8731096	[5143.966..6680.669]
Group-1	PS 36:3:0	307.26	240116_PS_FTMSMS-_1.mzXML	25.0	660.5	0.0	0.0	[11.0..11.0]	[0.0..0.0]	[0.883..0.883]	[583.222..583.222]	[0.607..0.607]	[0.0..0.26]	[0.883..0.883]	[583.2215..583.2215]	[0.607..0.607]	[0.0..0.262]	0.8731096	[509.2163..509.2163]
Group-1	PS 36:3:0	307.26	240116_PS_FTMSMS-_1.mzXML	30.0	1683.4	0.0	0.0	[11.0..11.0]	[1.0..1.0]	[0.884..0.884]	[1488.126..1488.126]	[0.709..0.709]	[0.0..0.26]	[0.884..0.884]	[1488.1256..1488.1256]	[0.709..0.709]	[0.0..0.262]	0.8731096	[1299.2968..1299.2968]
Group-1	PS 36:3:0	307.26	240116_PS_FTMSMS-_1.mzXML	35.0	1851.5	0.0	0.0	[11.0..11.0]	[0.0..1.0]	[0.875..0.897]	[1620.063..1660.796]	[0.748..0.751]	[0.0..0.26]	[0.875..0.881]	[1620.0625..1631.1715]	[0.744..0.745]	[0.0..0.262]	0.8731096	[1414.4921..1450.0565]
Group-1	PS 36:4:0	253.22	240116_PS_FTMSMS-_1.mzXML	25.0	3281.2	0.0	0.0	[9.0..9.0]	[0.5..1.0]	[0.929..0.938]	[3048.235..3077.766]	[0.839..0.889]	[0.0..0.0]	[0.929..0.929]	[3048.2349..3048.2349]	[0.884..0.886]	[0.0..0.0]	0.875034	[2667.309..2693.1494]
Group-1	PS 36:4:0	253.22	240116_PS_FTMSMS-_1.mzXML	30.0	8774.3	0.0	0.0	[9.0..9.0]	[1.0..1.0]	[0.953..0.953]	[8361.908..8361.908]	[0.927..0.935]	[0.0..0.0]	[0.953..0.953]	[8361.908..8361.908]	[0.927..0.935]	[0.0..0.0]	0.875034	[7316.9536..7316.9536]
Group-1	PS 36:4:0	253.22	240116_PS_FTMSMS-_1.mzXML	35.0	11441.9	0.0	0.0	[9.0..9.0]	[0.5..1.0]	[0.96..0.982]	[10984.225..11235.946]	[0.922..0.943]	[0.0..0.0]	[0.96..0.96]	[10984.225..10984.225]	[0.928..0.943]	[0.0..0.0]	0.875034	[9611.569..9831.835]
Group-1	PS 36:4:0	255.23	240116_PS_FTMSMS-_1.mzXML	25.0	50329.4	0.0	0.0	[0.0..0.0]	[0.39999998..1.0]	[1.0..1.0]	[50329.4..50329.4]	[0.753..0.828]	[0.0..0.0]	[1.0..1.0]	[50329.4..50329.4]	[0.817..0.823]	[0.0..0.0]	0.875034	[44039.934..44039.934]
Group-1	PS 36:4:0	255.23	240116_PS_FTMSMS-_1.mzXML	30.0	127970.2	0.0	0.0	[0.0..0.0]	[0.0..1.0]	[1.0..1.0]	[127970.2..127970.2]	[0.872..0.888]	[0.0..0.0]	[1.0..1.0]	[127970.2..127970.2]	[0.872..0.888]	[0.0..0.0]	0.875034	[111978.27..111978.27]
Group-1	PS 36:4:0	255.23	240116_PS_FTMSMS-_1.mzXML	35.0	165144.6	0.0	0.0	[0.0..0.0]	[0.0..1.0]	[1.0..1.0]	[165144.6..165144.6]	[0.89..0.913]	[0.0..0.0]	[1.0..1.0]	[165144.6..165144.6]	[0.89..0.914]	[0.0..0.0]	0.875034	[144507.12..144507.12]
Group-1	PS 36:4:0	279.23	240116_PS_FTMSMS-_1.mzXML	25.0	1395.2	0.0	0.0	[9.0..9.0]	[0.5..0.5]	[0.932..0.932]	[1300.326..1300.326]	[0.5..0.5]	[0.5..0.5]	[0.932..0.932]	[1300.3263..1300.3263]	[0.5..0.5]	[0.5..0.5]	0.875034	[1137.8297..1137.8297]
Group-1	PS 36:4:0	279.23	240116_PS_FTMSMS-_1.mzXML	30.0	2139.5	0.0	0.0	[9.0..9.0]	[0.5..0.5]	[0.915..0.915]	[1957.643..1957.643]	[0.5..0.5]	[0.5..0.5]	[0.915..0.915]	[1957.6426..1957.6426]	[0.5..0.5]	[0.5..0.5]	0.875034	[1713.0037..1713.0037]
Group-1	PS 36:4:0	279.23	240116_PS_FTMSMS-_1.mzXML	35.0	2213.3	0.0	0.0	[9.0..9.0]	[0.5..0.5]	[0.922..0.922]	[2040.663..2040.663]	[0.5..0.5]	[0.5..0.5]	[0.922..0.922]	[2040.6626..2040.6626]	[0.5..0.5]	[0.5..0.5]	0.875034	[1785.6492..1785.6492]
Group-1	PS 36:4:0	303.23	240116_PS_FTMSMS-_1.mzXML	25.0	10864.9	0.0	0.0	[5.0..8.0]	[0.0..0.6]	[0.965..1.521]	[10484.629..16525.514]	[0.172..0.247]	[1.0..1.0]	[0.996..1.036]	[10821.44..11256.037]	[0.177..0.183]	[1.0..1.0]	0.875034	[9174.406..14460.387]
Group-1	PS 36:4:0	303.23	240116_PS_FTMSMS-_1.mzXML	30.0	14134.2	0.0	0.0	[5.0..8.0]	[0.0..1.0]	[1.147..1.33]	[16211.927..18798.486]	[0.112..0.128]	[1.0..1.0]	[1.142..1.33]	[16141.256..18798.486]	[0.112..0.128]	[1.0..1.0]	0.875034	[14185.986..16449.314]
Group-1	PS 36:4:0	303.23	240116_PS_FTMSMS-_1.mzXML	35.0	10739.4	0.0	0.0	[5.0..8.0]	[0.0..1.0]	[1.462..1.906]	[15701.004..20469.297]	[0.087..0.11]	[1.0..1.0]	[1.444..1.906]	[15507.694..20469.297]	[0.086..0.11]	[1.0..1.0]	0.875034	[13738.911..17911.33]
Group-1	PS 36:4:0	305.25	240116_PS_FTMSMS-_1.mzXML	25.0	419.0	0.0	0.0	[5.0..11.0]	[0.0..0.5]	[0.909..1.413]	[380.871..592.047]	[0.111..0.161]	[1.0..1.0]	[0.94..0.95]	[393.86..398.05]	[0.114..0.116]	[1.0..1.0]	0.875034	[333.27505..518.0612]
Group-1	PS 36:4:0	305.25	240116_PS_FTMSMS-_1.mzXML	30.0	608.6	0.0	0.0	[5.0..11.0]	[0.0..0.0]	[0.959..1.078]	[583.647..656.071]	[0.065..0.073]	[1.0..1.0]	[0.957..1.075]	[582.4302..654.245]	[0.065..0.073]	[1.0..1.0]	0.875034	[510.71127..574.08417]
Group-1	PS 36:4:0	305.25	240116_PS_FTMSMS-_1.mzXML	35.0	648.9	0.0	0.0	[5.0..11.0]	[0.0..0.5]	[1.031..1.465]	[669.016..950.639]	[0.057..0.078]	[1.0..1.0]	[1.014..1.322]	[657.9847..857.8458]	[0.057..0.072]	[1.0..1.0]	0.875034	[585.4117..831.84106]
Group-1	PS 37:0:0	283.26	240116_PS_FTMSMS-_1.mzXML	25.0	27243.5	0.0	0.0	[0.0..0.0]	[0.0..1.0]	[0.986..1.005]	[26862.092..27379.717]	[1.0..1.0]	[0.0..0.0]	[0.986..0.986]	[26862.092..26862.092]	[1.0..1.0]	[0.0..0.0]	0.854385	[22950.568..23392.82]
Group-1	PS 37:0:0	283.26	240116_PS_FTMSMS-_1.mzXML	30.0	65616.3	0.0	0.0	[0.0..0.0]	[0.0..1.0]	[0.968..0.978]	[63516.574..64172.74]	[0.996..0.996]	[0.0..0.0]	[0.968..0.968]	[63516.574..63516.574]	[0.996..0.996]	[0.0..0.0]	0.854385	[54267.61..54828.227]
Group-1	PS 37:0:0	283.26	240116_PS_FTMSMS-_1.mzXML	35.0	83728.1	0.0	0.0	[0.0..0.0]	[0.0..1.0]	[0.961..0.963]	[80462.71..80630.17]	[1.0..1.0]	[0.0..0.0]	[0.961..0.961]	[80462.71..80462.71]	[1.0..1.0]	[0.0..0.0]	0.854385	[68746.13..68889.2]
Group-1	PS 37:0:0	297.28	240116_PS_FTMSMS-_1.mzXML	25.0	-1.7	0.0	-0.0	[0.0..0.0]	[0.0..1.0]	[0.986..1.012]	[-1.72..-1.676]	[-0.0..-0.0]	[1.0..1.0]	[1.012..1.012]	[-1.7204..-1.7204]	[-0.0..-0.0]	[1.0..1.0]	0.854385	[-1.4698839..-1.4321202]
Group-1	PS 37:0:0	297.28	240116_PS_FTMSMS-_1.mzXML	30.0	279.4	0.0	0.0	[0.0..0.0]	[0.0..1.0]	[0.958..0.97]	[267.665..271.018]	[0.004..0.004]	[1.0..1.0]	[0.97..0.97]	[271.018..271.018]	[0.004..0.004]	[1.0..1.0]	0.854385	[228.68913..231.55371]
Group-1	PS 37:0:0	297.28	240116_PS_FTMSMS-_1.mzXML	35.0	-1.7	0.0	-0.0	[0.0..0.0]	[0.0..1.0]	[0.946..0.947]	[-1.61..-1.608]	[-0.0..-0.0]	[1.0..1.0]	[0.947..0.947]	[-1.6099001..-1.6099001]	[-0.0..-0.0]	[1.0..1.0]	0.854385	[-1.3754746..-1.374022]
Group-1	PS 37:1:0	269.25	240116_PS_FTMSMS-_1.mzXML	25.0	16052.8	0.0	0.0	[0.0..0.0]	[0.7..0.7]	[0.998..0.998]	[16020.694..16020.694]	[0.731..0.731]	[0.0..0.0]	[0.998..0.998]	[16020.694..16020.694]	[0.731..0.731]	[0.0..0.0]	0.8562302	[13717.402..13717.402]
Group-1	PS 37:1:0	269.25	240116_PS_FTMSMS-_1.mzXML	30.0	33395.2	0.0	0.0	[0.0..0.0]	[1.0..1.0]	[0.988..0.988]	[32994.457..32994.457]	[0.765..0.765]	[0.0..0.0]	[0.988..0.988]	[32994.457..32994.457]	[0.765..0.765]	[0.0..0.0]	0.8562302	[28250.85..28250.85]
Group-1	PS 37:1:0	269.25	240116_PS_FTMSMS-_1.mzXML	35.0	40426.9	0.0	0.0	[0.0..0.0]	[0.7..1.0]	[0.98..0.98]	[39618.36..39618.36]	[0.767..0.769]	[0.0..0.0]	[0.98..0.98]	[39618.36..39618.36]	[0.767..0.767]	[0.0..0.0]	0.8562302	[33922.438..33922.438]
Group-1	PS 37:1:0	281.25	240116_PS_FTMSMS-_1.mzXML	25.0	77084.8	0.0	0.0	[9.0..9.0]	[0.0..1.0]	[0.893..0.928]	[68836.73..71534.69]	[0.489..0.492]	[0.52..0.63]	[0.911..0.915]	[70224.25..70532.59]	[0.491..0.492]	[0.524..0.635]	0.8562302	[58940.08..61250.16]
Group-1	PS 37:1:0	281.25	240116_PS_FTMSMS-_1.mzXML	30.0	126882.6	0.0	0.0	[9.0..9.0]	[0.0..1.0]	[0.914..0.919]	[115970.695..116605.12]	[0.449..0.451]	[0.52..0.63]	[0.917..0.917]	[116351.34..116351.34]	[0.45..0.451]	[0.524..0.635]	0.8562302	[99297.62..99840.82]
Group-1	PS 37:1:0	281.25	240116_PS_FTMSMS-_1.mzXML	35.0	147649.7	0.0	0.0	[9.0..9.0]	[0.0..1.0]	[0.904..0.932]	[133475.33..137609.52]	[0.434..0.441]	[0.52..0.63]	[0.919..0.922]	[135690.08..136133.03]	[0.438..0.439]	[0.524..0.635]	0.8562302	[114285.61..117825.42]
Group-1	PS 37:1:0	283.26	240116_PS_FTMSMS-_1.mzXML	25.0	138304.5	0.0	0.0	[0.0..0.0]	[0.100000024..0.100000024]	[0.988..0.988]	[136644.84..136644.84]	[0.822..0.822]	[0.0..0.0]	[0.988..0.988]	[136644.84..136644.84]	[0.822..0.822]	[0.0..0.0]	0.8562302	[116999.445..116999.445]
Group-1	PS 37:1:0	283.26	240116_PS_FTMSMS-_1.mzXML	30.0	308789.9	0.0	0.0	[0.0..0.0]	[1.0..1.0]	[0.978..0.978]	[301996.53..301996.53]	[0.863..0.863]	[0.0..0.0]	[0.978..0.978]	[301996.53..301996.53]	[0.863..0.863]	[0.0..0.0]	0.8562302	[258578.55..258578.55]
Group-1	PS 37:1:0	283.26	240116_PS_FTMSMS-_1.mzXML	35.0	377234.2	0.0	0.0	[0.0..0.0]	[0.100000024..1.0]	[0.961..0.963]	[362522.06..363276.53]	[0.876..0.878]	[0.0..0.0]	[0.961..0.961]	[362522.06..362522.06]	[0.876..0.876]	[0.0..0.0]	0.8562302	[310402.34..311048.34]
Group-1	PS 37:1:0	295.26	240116_PS_FTMSMS-_1.mzXML	25.0	32084.4	0.0	0.0	[9.0..9.0]	[0.9..0.9]	[0.921..0.921]	[29549.732..29549.732]	[0.178..0.178]	[1.0..1.0]	[0.921..0.921]	[29549.732..29549.732]	[0.178..0.178]	[1.0..1.0]	0.8562302	[25301.373..25301.373]
Group-1	PS 37:1:0	295.26	240116_PS_FTMSMS-_1.mzXML	30.0	53496.1	0.0	0.0	[9.0..9.0]	[0.0..0.0]	[0.899..0.899]	[48092.996..48092.996]	[0.137..0.137]	[1.0..1.0]	[0.899..0.899]	[48092.996..48092.996]	[0.137..0.137]	[1.0..1.0]	0.8562302	[41178.67..41178.67]
Group-1	PS 37:1:0	295.26	240116_PS_FTMSMS-_1.mzXML	35.0	57063.3	0.0	0.0	[9.0..9.0]	[0.0..0.9]	[0.882..0.902]	[50329.832..51471.098]	[0.122..0.124]	[1.0..1.0]	[0.902..0.902]	[51471.098..51471.098]	[0.124..0.124]	[1.0..1.0]	0.8562302	[43093.92..44071.105]
Group-1	PS 37:1:0	297.28	240116_PS_FTMSMS-_1.mzXML	25.0	72949.7	0.0	0.0	[0.0..0.0]	[0.0..1.0]	[0.986..1.012]	[71928.41..73825.09]	[0.508..0.511]	[0.37..0.48]	[0.996..0.998]	[72657.91..72803.805]	[0.508..0.509]	[0.365..0.476]	0.8562302	[61587.273..63211.277]
Group-1	PS 37:1:0	297.28	240116_PS_FTMSMS-_1.mzXML	30.0	147272.0	0.0	0.0	[0.0..0.0]	[0.0..1.0]	[0.958..0.97]	[141086.58..142853.84]	[0.549..0.551]	[0.37..0.48]	[0.962..0.964]	[141675.67..141970.2]	[0.549..0.55]	[0.365..0.476]	0.8562302	[120802.586..122315.77]
Group-1	PS 37:1:0	297.28	240116_PS_FTMSMS-_1.mzXML	35.0	184250.2	0.0	0.0	[0.0..0.0]	[0.0..1.0]	[0.946..0.947]	[174300.69..174484.95]	[0.559..0.566]	[0.37..0.48]	[0.946..0.946]	[174300.69..174300.69]	[0.561..0.562]	[0.365..0.476]	0.8562302	[149241.52..149399.28]
Group-1	PS 37:1:0	309.28	240116_PS_FTMSMS-_1.mzXML	25.0	6464.5	0.0	0.0	[11.0..11.0]	[0.3..0.3]	[0.912..0.912]	[5895.624..5895.624]	[0.269..0.269]	[1.0..1.0]	[0.912..0.912]	[5895.624..5895.624]	[0.269..0.269]	[1.0..1.0]	0.8562302	[5048.011..5048.011]
Group-1	PS 37:1:0	309.28	240116_PS_FTMSMS-_1.mzXML	30.0	11283.6	0.0	0.0	[11.0..11.0]	[0.0..0.0]	[0.898..0.898]	[10132.673..10132.673]	[0.235..0.235]	[1.0..1.0]	[0.898..0.898]	[10132.673..10132.673]	[0.235..0.235]	[1.0..1.0]	0.8562302	[8675.899..8675.899]
Group-1	PS 37:1:0	309.28	240116_PS_FTMSMS-_1.mzXML	35.0	13588.4	0.0	0.0	[11.0..11.0]	[0.0..0.3]	[0.876..0.884]	[11903.438..12012.146]	[0.231..0.233]	[1.0..1.0]	[0.884..0.884]	[12012.1455..12012.1455]	[0.233..0.233]	[1.0..1.0]	0.8562302	[10192.084..10285.162]
Group-1	PS 37:2:0	267.23	240116_PS_FTMSMS-_1.mzXML	25.0	1201.1	0.0	0.0	[9.0..9.0]	[1.0..1.0]	[0.932..0.932]	[1119.425..1119.425]	[0.364..0.364]	[0.75..0.95]	[0.932..0.932]	[1119.4252..1119.4252]	[0.364..0.364]	[0.747..0.951]	0.85807484	[960.55054..960.55054]
Group-1	PS 37:2:0	267.23	240116_PS_FTMSMS-_1.mzXML	30.0	1774.6	0.0	0.0	[9.0..9.0]	[0.19999999..0.19999999]	[0.942..0.942]	[1671.673..1671.673]	[0.302..0.302]	[0.75..0.95]	[0.942..0.942]	[1671.6731..1671.6731]	[0.302..0.302]	[0.747..0.951]	0.85807484	[1434.4207..1434.4207]
Group-1	PS 37:2:0	267.23	240116_PS_FTMSMS-_1.mzXML	35.0	2964.9	0.0	0.0	[9.0..9.0]	[0.19999999..1.0]	[0.931..0.959]	[2760.322..2843.339]	[0.392..0.393]	[0.75..0.95]	[0.952..0.958]	[2822.5847..2840.374]	[0.397..0.397]	[0.747..0.951]	0.85807484	[2368.5627..2439.7976]
Group-1	PS 37:2:0	269.25	240116_PS_FTMSMS-_1.mzXML	25.0	3345.4	0.0	0.0	[0.0..0.0]	[1.0..1.0]	[1.001..1.001]	[3348.745..3348.745]	[0.713..0.713]	[0.0..0.03]	[1.001..1.001]	[3348.7454..3348.7454]	[0.713..0.713]	[0.0..0.026]	0.85807484	[2873.4744..2873.4744]
Group-1	PS 37:2:0	269.25	240116_PS_FTMSMS-_1.mzXML	30.0	8427.2	0.0	0.0	[0.0..0.0]	[1.0..1.0]	[0.988..0.988]	[8326.073..8326.073]	[0.788..0.788]	[0.0..0.03]	[0.988..0.988]	[8326.073..8326.073]	[0.788..0.788]	[0.0..0.026]	0.85807484	[7144.394..7144.394]
Group-1	PS 37:2:0	269.25	240116_PS_FTMSMS-_1.mzXML	35.0	9657.2	0.0	0.0	[0.0..0.0]	[1.0..1.0]	[0.98..0.98]	[9464.057..9464.057]	[0.771..0.771]	[0.0..0.03]	[0.98..0.98]	[9464.057..9464.057]	[0.771..0.771]	[0.0..0.026]	0.85807484	[8120.8687..8120.8687]
Group-1	PS 37:2:0	279.23	240116_PS_FTMSMS-_1.mzXML	25.0	588.0	0.0	0.0	[9.0..9.0]	[0.0..1.0]	[0.878..0.909]	[516.264..534.492]	[0.392..0.394]	[0.74..0.82]	[0.901..0.903]	[529.788..530.964]	[0.397..0.397]	[0.74..0.817]	0.85807484	[442.99316..458.63412]
Group-1	PS 37:2:0	279.23	240116_PS_FTMSMS-_1.mzXML	30.0	958.9	0.0	0.0	[9.0..9.0]	[0.0..1.0]	[0.919..0.923]	[881.229..885.065]	[0.359..0.361]	[0.74..0.82]	[0.922..0.922]	[884.10583..884.10583]	[0.361..0.362]	[0.74..0.817]	0.85807484	[756.1606..759.4517]
Group-1	PS 37:2:0	279.23	240116_PS_FTMSMS-_1.mzXML	35.0	1153.7	0.0	0.0	[9.0..9.0]	[0.0..1.0]	[0.95..0.972]	[1096.015..1121.396]	[0.386..0.391]	[0.74..0.82]	[0.966..0.968]	[1114.4741..1116.7815]	[0.39..0.39]	[0.74..0.817]	0.85807484	[940.4628..962.242]
Group-1	PS 37:2:0	281.25	240116_PS_FTMSMS-_1.mzXML	25.0	48670.7	0.0	0.0	[9.0..9.0]	[1.0..1.0]	[0.928..0.928]	[45166.406..45166.406]	[0.544..0.544]	[0.4..0.51]	[0.928..0.928]	[45166.406..45166.406]	[0.544..0.544]	[0.402..0.514]	0.85807484	[38756.156..38756.156]
Group-1	PS 37:2:0	281.25	240116_PS_FTMSMS-_1.mzXML	30.0	96140.4	0.0	0.0	[9.0..9.0]	[1.0..1.0]	[0.914..0.914]	[87872.32..87872.32]	[0.507..0.507]	[0.4..0.51]	[0.914..0.914]	[87872.32..87872.32]	[0.507..0.507]	[0.402..0.514]	0.85807484	[75401.03..75401.03]
Group-1	PS 37:2:0	281.25	240116_PS_FTMSMS-_1.mzXML	35.0	108731.1	0.0	0.0	[9.0..9.0]	[1.0..1.0]	[0.904..0.904]	[98292.914..98292.914]	[0.494..0.494]	[0.4..0.51]	[0.904..0.904]	[98292.914..98292.914]	[0.494..0.494]	[0.402..0.514]	0.85807484	[84342.68..84342.68]
Group-1	PS 37:2:0	283.26	240116_PS_FTMSMS-_1.mzXML	25.0	9879.5	0.0	0.0	[0.0..0.0]	[1.0..1.0]	[1.005..1.005]	[9928.897..9928.897]	[0.839..0.839]	[0.0..0.0]	[1.005..1.005]	[9928.897..9928.897]	[0.839..0.839]	[0.0..0.0]	0.85807484	[8519.737..8519.737]
Group-1	PS 37:2:0	283.26	240116_PS_FTMSMS-_1.mzXML	30.0	21192.5	0.0	0.0	[0.0..0.0]	[1.0..1.0]	[0.978..0.978]	[20726.266..20726.266]	[0.843..0.843]	[0.0..0.0]	[0.978..0.978]	[20726.266..20726.266]	[0.843..0.843]	[0.0..0.0]	0.85807484	[17784.688..17784.688]
Group-1	PS 37:2:0	283.26	240116_PS_FTMSMS-_1.mzXML	35.0	26942.9	0.0	0.0	[0.0..0.0]	[1.0..1.0]	[0.963..0.963]	[25946.014..25946.014]	[0.868..0.868]	[0.0..0.0]	[0.963..0.963]	[25946.014..25946.014]	[0.868..0.868]	[0.0..0.0]	0.85807484	[22263.621..22263.621]
Group-1	PS 37:2:0	293.25	240116_PS_FTMSMS-_1.mzXML	25.0	2192.6	0.0	0.0	[9.0..9.0]	[0.0..0.0]	[0.867..0.867]	[1900.984..1900.984]	[0.161..0.161]	[1.0..1.0]	[0.867..0.867]	[1900.9843..1900.9843]	[0.161..0.161]	[1.0..1.0]	0.85807484	[1631.1868..1631.1868]
Group-1	PS 37:2:0	293.25	240116_PS_FTMSMS-_1.mzXML	30.0	4303.4	0.0	0.0	[9.0..9.0]	[0.0..0.0]	[0.898..0.898]	[3864.453..3864.453]	[0.157..0.157]	[1.0..1.0]	[0.898..0.898]	[3864.4531..3864.4531]	[0.157..0.157]	[1.0..1.0]	0.85807484	[3315.99..3315.99]
Group-1	PS 37:2:0	293.25	240116_PS_FTMSMS-_1.mzXML	35.0	4218.5	0.0	0.0	[9.0..9.0]	[0.0..0.0]	[0.936..0.936]	[3948.516..3948.516]	[0.132..0.132]	[1.0..1.0]	[0.936..0.936]	[3948.5159..3948.5159]	[0.132..0.132]	[1.0..1.0]	0.85807484	[3388.1223..3388.1223]
Group-1	PS 37:2:0	295.26	240116_PS_FTMSMS-_1.mzXML	25.0	42829.4	0.0	0.0	[9.0..9.0]	[0.0..0.0]	[0.885..0.885]	[37904.016..37904.016]	[0.456..0.456]	[0.49..0.6]	[0.885..0.885]	[37904.016..37904.016]	[0.456..0.456]	[0.486..0.598]	0.85807484	[32524.482..32524.482]
Group-1	PS 37:2:0	295.26	240116_PS_FTMSMS-_1.mzXML	30.0	95071.1	0.0	0.0	[9.0..9.0]	[0.0..0.0]	[0.899..0.899]	[85468.92..85468.92]	[0.493..0.493]	[0.49..0.6]	[0.899..0.899]	[85468.92..85468.92]	[0.493..0.493]	[0.486..0.598]	0.85807484	[73338.73..73338.73]
Group-1	PS 37:2:0	295.26	240116_PS_FTMSMS-_1.mzXML	35.0	111837.9	0.0	0.0	[9.0..9.0]	[0.0..0.0]	[0.902..0.902]	[100877.79..100877.79]	[0.506..0.506]	[0.49..0.6]	[0.902..0.902]	[100877.79..100877.79]	[0.506..0.506]	[0.486..0.598]	0.85807484	[86560.695..86560.695]
Group-1	PS 37:2:0	297.28	240116_PS_FTMSMS-_1.mzXML	25.0	811.8	0.0	0.0	[0.0..0.0]	[0.0..1.0]	[0.986..1.012]	[800.435..821.542]	[0.606..0.608]	[0.18..0.26]	[0.991..0.993]	[804.4938..806.1174]	[0.603..0.603]	[0.183..0.26]	0.85807484	[686.83295..704.94415]
Group-1	PS 37:2:0	297.28	240116_PS_FTMSMS-_1.mzXML	30.0	1626.5	0.0	0.0	[0.0..0.0]	[0.0..1.0]	[0.958..0.97]	[1558.187..1577.705]	[0.639..0.641]	[0.18..0.26]	[0.96..0.961]	[1561.44..1563.0665]	[0.638..0.639]	[0.183..0.26]	0.85807484	[1337.041..1353.789]
Group-1	PS 37:2:0	297.28	240116_PS_FTMSMS-_1.mzXML	35.0	1842.8	0.0	0.0	[0.0..0.0]	[0.0..1.0]	[0.946..0.947]	[1743.289..1745.132]	[0.609..0.614]	[0.18..0.26]	[0.946..0.946]	[1743.2888..1743.2888]	[0.61..0.61]	[0.183..0.26]	0.85807484	[1495.8723..1497.4536]
Group-1	PS 37:2:0	307.26	240116_PS_FTMSMS-_1.mzXML	25.0	1525.1	0.0	0.0	[11.0..11.0]	[0.0..0.0]	[0.883..0.883]	[1346.663..1346.663]	[0.287..0.287]	[0.97..1.0]	[0.883..0.883]	[1346.6633..1346.6633]	[0.287..0.287]	[0.974..1.0]	0.85807484	[1155.5378..1155.5378]
Group-1	PS 37:2:0	307.26	240116_PS_FTMSMS-_1.mzXML	30.0	2525.0	0.0	0.0	[11.0..11.0]	[0.0..0.0]	[0.888..0.888]	[2242.2..2242.2]	[0.212..0.212]	[0.97..1.0]	[0.888..0.888]	[2242.2..2242.2]	[0.212..0.212]	[0.974..1.0]	0.85807484	[1923.9753..1923.9753]
Group-1	PS 37:2:0	307.26	240116_PS_FTMSMS-_1.mzXML	35.0	3142.0	0.0	0.0	[11.0..11.0]	[0.0..0.0]	[0.897..0.897]	[2818.374..2818.374]	[0.229..0.229]	[0.97..1.0]	[0.897..0.897]	[2818.374..2818.374]	[0.229..0.229]	[0.974..1.0]	0.85807484	[2418.3757..2418.3757]
Group-1	PS 37:2:0	309.28	240116_PS_FTMSMS-_1.mzXML	25.0	2174.7	0.0	0.0	[11.0..11.0]	[0.0..0.0]	[0.901..0.901]	[1959.405..1959.405]	[0.636..0.636]	[0.05..0.25]	[0.901..0.901]	[1959.4047..1959.4047]	[0.636..0.636]	[0.049..0.253]	0.85807484	[1681.3159..1681.3159]
Group-1	PS 37:2:0	309.28	240116_PS_FTMSMS-_1.mzXML	30.0	4320.1	0.0	0.0	[11.0..11.0]	[0.8..0.8]	[0.894..0.894]	[3862.17..3862.17]	[0.698..0.698]	[0.05..0.25]	[0.894..0.894]	[3862.1694..3862.1694]	[0.698..0.698]	[0.049..0.253]	0.85807484	[3314.0305..3314.0305]
Group-1	PS 37:2:0	309.28	240116_PS_FTMSMS-_1.mzXML	35.0	4963.8	0.0	0.0	[11.0..11.0]	[0.0..0.8]	[0.862..0.884]	[4278.796..4387.999]	[0.607..0.608]	[0.05..0.25]	[0.863..0.868]	[4283.7593..4308.578]	[0.603..0.603]	[0.049..0.253]	0.85807484	[3671.5264..3765.2314]
Group-1	PS 37:3:0	269.25	240116_PS_FTMSMS-_1.mzXML	25.0	3819.4	0.0	0.0	[0.0..0.0]	[1.0..1.0]	[1.001..1.001]	[3823.22..3823.22]	[0.757..0.758]	[0.0..0.0]	[1.001..1.001]	[3823.2195..3823.2195]	[0.75..0.752]	[0.0..0.0]	0.85993737	[3287.7295..3287.7295]
Group-1	PS 37:3:0	269.25	240116_PS_FTMSMS-_1.mzXML	30.0	7883.6	0.0	0.0	[0.0..0.0]	[1.0..1.0]	[0.988..0.988]	[7788.997..7788.997]	[0.729..0.751]	[0.0..0.0]	[0.988..0.988]	[7788.9966..7788.9966]	[0.729..0.752]	[0.0..0.0]	0.85993737	[6698.0493..6698.0493]
Group-1	PS 37:3:0	269.25	240116_PS_FTMSMS-_1.mzXML	35.0	8932.4	0.0	0.0	[0.0..0.0]	[1.0..1.0]	[0.98..0.98]	[8753.753..8753.753]	[0.719..0.769]	[0.0..0.0]	[0.98..0.98]	[8753.753..8753.753]	[0.722..0.772]	[0.0..0.0]	0.85993737	[7527.6787..7527.6787]
Group-1	PS 37:3:0	279.23	240116_PS_FTMSMS-_1.mzXML	25.0	485.6	0.0	0.0	[9.0..9.0]	[1.0..1.0]	[0.909..0.909]	[441.41..441.41]	[0.572..0.572]	[0.34..0.43]	[0.909..0.909]	[441.4104..441.4104]	[0.572..0.572]	[0.34..0.434]	0.85993737	[379.5853..379.5853]
Group-1	PS 37:3:0	279.23	240116_PS_FTMSMS-_1.mzXML	30.0	867.8	0.0	0.0	[9.0..9.0]	[1.0..1.0]	[0.919..0.919]	[797.508..797.508]	[0.529..0.529]	[0.34..0.43]	[0.919..0.919]	[797.50824..797.50824]	[0.529..0.529]	[0.34..0.434]	0.85993737	[685.8071..685.8071]
Group-1	PS 37:3:0	279.23	240116_PS_FTMSMS-_1.mzXML	35.0	1234.5	0.0	0.0	[9.0..9.0]	[1.0..1.0]	[0.95..0.95]	[1172.775..1172.775]	[0.541..0.541]	[0.34..0.43]	[0.95..0.95]	[1172.775..1172.775]	[0.541..0.541]	[0.34..0.434]	0.85993737	[1008.513..1008.513]
Group-1	PS 37:3:0	281.25	240116_PS_FTMSMS-_1.mzXML	25.0	12325.7	0.0	0.0	[9.0..9.0]	[1.0..1.0]	[0.928..0.928]	[11438.249..11438.249]	[0.815..0.815]	[0.0..0.0]	[0.928..0.928]	[11438.249..11438.249]	[0.815..0.815]	[0.0..0.0]	0.85993737	[9836.178..9836.178]
Group-1	PS 37:3:0	281.25	240116_PS_FTMSMS-_1.mzXML	30.0	23483.8	0.0	0.0	[9.0..9.0]	[1.0..1.0]	[0.914..0.914]	[21464.193..21464.193]	[0.799..0.799]	[0.0..0.0]	[0.914..0.914]	[21464.193..21464.193]	[0.799..0.799]	[0.0..0.0]	0.85993737	[18457.861..18457.861]
Group-1	PS 37:3:0	281.25	240116_PS_FTMSMS-_1.mzXML	35.0	27171.4	0.0	0.0	[9.0..9.0]	[1.0..1.0]	[0.904..0.904]	[24562.945..24562.945]	[0.787..0.787]	[0.0..0.0]	[0.904..0.904]	[24562.945..24562.945]	[0.787..0.787]	[0.0..0.0]	0.85993737	[21122.596..21122.596]
Group-1	PS 37:3:0	283.26	240116_PS_FTMSMS-_1.mzXML	25.0	11153.2	0.0	0.0	[0.0..0.0]	[0.100000024..1.0]	[0.988..1.005]	[11019.361..11208.966]	[0.88..0.898]	[0.0..0.0]	[0.988..0.988]	[11019.361..11019.361]	[0.894..0.895]	[0.0..0.0]	0.85993737	[9475.961..9639.009]
Group-1	PS 37:3:0	283.26	240116_PS_FTMSMS-_1.mzXML	30.0	25107.2	0.0	0.0	[0.0..0.0]	[0.100000024..1.0]	[0.969..0.978]	[24328.877..24554.84]	[0.917..0.928]	[0.0..0.0]	[0.969..0.969]	[24328.875..24328.875]	[0.923..0.928]	[0.0..0.0]	0.85993737	[20921.309..21115.625]
Group-1	PS 37:3:0	283.26	240116_PS_FTMSMS-_1.mzXML	35.0	31232.4	0.0	0.0	[0.0..0.0]	[1.0..1.0]	[0.963..0.963]	[30076.8..30076.8]	[0.934..0.943]	[0.0..0.0]	[0.963..0.963]	[30076.8..30076.8]	[0.935..0.944]	[0.0..0.0]	0.85993737	[25864.166..25864.166]
Group-1	PS 37:3:0	291.23	240116_PS_FTMSMS-_1.mzXML	25.0	1385.3	0.0	0.0	[6.0..9.0]	[0.0..0.9]	[0.904..1.107]	[1252.311..1533.527]	[0.102..0.12]	[1.0..1.0]	[0.935..0.939]	[1295.2555..1300.7968]	[0.105..0.106]	[1.0..1.0]	0.85993737	[1076.9092..1318.7373]
Group-1	PS 37:3:0	291.23	240116_PS_FTMSMS-_1.mzXML	30.0	1929.6	0.0	0.0	[6.0..9.0]	[0.0..0.9]	[0.985..1.149]	[1900.656..2217.11]	[0.072..0.083]	[1.0..1.0]	[0.982..1.058]	[1894.8672..2041.5167]	[0.072..0.077]	[1.0..1.0]	0.85993737	[1634.4451..1906.576]
Group-1	PS 37:3:0	291.23	240116_PS_FTMSMS-_1.mzXML	35.0	1652.6	0.0	0.0	[6.0..9.0]	[0.0..0.0]	[1.107..1.286]	[1829.428..2125.244]	[0.057..0.066]	[1.0..1.0]	[1.089..1.273]	[1799.6814..2103.7598]	[0.056..0.065]	[1.0..1.0]	0.85993737	[1573.1936..1827.5763]
Group-1	PS 37:3:0	293.25	240116_PS_FTMSMS-_1.mzXML	25.0	2999.7	0.0	0.0	[9.0..9.0]	[0.0..0.0]	[0.867..0.867]	[2600.74..2600.74]	[0.185..0.185]	[1.0..1.0]	[0.867..0.867]	[2600.7397..2600.7397]	[0.185..0.185]	[1.0..1.0]	0.85993737	[2236.4734..2236.4734]
Group-1	PS 37:3:0	293.25	240116_PS_FTMSMS-_1.mzXML	30.0	6023.1	0.0	0.0	[9.0..9.0]	[0.0..0.0]	[0.898..0.898]	[5408.744..5408.744]	[0.201..0.201]	[1.0..1.0]	[0.898..0.898]	[5408.744..5408.744]	[0.201..0.201]	[1.0..1.0]	0.85993737	[4651.181..4651.181]
Group-1	PS 37:3:0	293.25	240116_PS_FTMSMS-_1.mzXML	35.0	7083.1	0.0	0.0	[9.0..9.0]	[0.0..0.0]	[0.936..0.936]	[6629.782..6629.782]	[0.213..0.213]	[1.0..1.0]	[0.936..0.936]	[6629.7817..6629.7817]	[0.213..0.213]	[1.0..1.0]	0.85993737	[5701.197..5701.197]
Group-1	PS 37:3:0	295.26	240116_PS_FTMSMS-_1.mzXML	25.0	372.9	0.0	0.0	[9.0..9.0]	[0.0..0.0]	[0.885..0.885]	[330.016..330.016]	[0.428..0.428]	[0.57..0.66]	[0.885..0.885]	[330.01648..330.01648]	[0.428..0.428]	[0.566..0.66]	0.85993737	[283.79352..283.79352]
Group-1	PS 37:3:0	295.26	240116_PS_FTMSMS-_1.mzXML	30.0	789.2	0.0	0.0	[9.0..9.0]	[0.0..0.0]	[0.899..0.899]	[709.491..709.491]	[0.471..0.471]	[0.57..0.66]	[0.899..0.899]	[709.4908..709.4908]	[0.471..0.471]	[0.566..0.66]	0.85993737	[610.1177..610.1177]
Group-1	PS 37:3:0	295.26	240116_PS_FTMSMS-_1.mzXML	35.0	1104.5	0.0	0.0	[9.0..9.0]	[0.0..0.0]	[0.902..0.902]	[996.259..996.259]	[0.459..0.459]	[0.57..0.66]	[0.902..0.902]	[996.25903..996.25903]	[0.459..0.459]	[0.566..0.66]	0.85993737	[856.7204..856.7204]
Group-1	PS 37:3:0	305.25	240116_PS_FTMSMS-_1.mzXML	25.0	1340.4	0.0	0.0	[5.0..11.0]	[0.0..0.0]	[0.909..0.917]	[1218.424..1229.147]	[0.242..0.243]	[1.0..1.0]	[0.94..0.95]	[1259.9761..1273.38]	[0.248..0.25]	[1.0..1.0]	0.85993737	[1047.768..1056.9893]
Group-1	PS 37:3:0	305.25	240116_PS_FTMSMS-_1.mzXML	30.0	2687.2	0.0	0.0	[5.0..11.0]	[0.0..0.0]	[0.959..1.078]	[2577.025..2896.802]	[0.249..0.271]	[1.0..1.0]	[0.957..1.075]	[2571.6504..2888.74]	[0.248..0.271]	[1.0..1.0]	0.85993737	[2216.0798..2491.0679]
Group-1	PS 37:3:0	305.25	240116_PS_FTMSMS-_1.mzXML	35.0	2551.9	0.0	0.0	[5.0..11.0]	[0.0..0.0]	[1.031..1.339]	[2631.009..3416.994]	[0.231..0.281]	[1.0..1.0]	[1.014..1.322]	[2587.6267..3373.6118]	[0.228..0.278]	[1.0..1.0]	0.85993737	[2262.503..2938.401]
Group-1	PS 37:4:0	267.23	240116_PS_FTMSMS-_1.mzXML	25.0	1416.9	0.0	0.0	[9.0..9.0]	[1.0..1.0]	[0.932..0.932]	[1320.551..1320.551]	[1.0..1.0]	[0.0..0.0]	[0.932..0.932]	[1320.5508..1320.5508]	[1.0..1.0]	[0.0..0.0]	0.86180866	[1138.0621..1138.0621]
Group-1	PS 37:4:0	267.23	240116_PS_FTMSMS-_1.mzXML	30.0	3422.0	0.0	0.0	[9.0..9.0]	[1.0..1.0]	[0.932..0.932]	[3189.304..3189.304]	[0.88..0.892]	[0.0..0.0]	[0.932..0.932]	[3189.304..3189.304]	[0.88..0.892]	[0.0..0.0]	0.86180866	[2748.5696..2748.5696]
Group-1	PS 37:4:0	267.23	240116_PS_FTMSMS-_1.mzXML	35.0	4813.7	0.0	0.0	[9.0..9.0]	[1.0..1.0]	[0.931..0.931]	[4481.555..4481.555]	[0.88..0.905]	[0.0..0.0]	[0.931..0.931]	[4481.5547..4481.5547]	[0.881..0.906]	[0.0..0.0]	0.86180866	[3862.2427..3862.2427]
Group-1	PS 37:4:0	269.25	240116_PS_FTMSMS-_1.mzXML	25.0	15428.1	0.0	0.0	[0.0..0.0]	[1.0..1.0]	[1.001..1.001]	[15443.528..15443.528]	[0.846..0.851]	[0.0..0.0]	[1.001..1.001]	[15443.528..15443.528]	[0.842..0.847]	[0.0..0.0]	0.86180866	[13309.366..13309.366]
Group-1	PS 37:4:0	269.25	240116_PS_FTMSMS-_1.mzXML	30.0	39551.2	0.0	0.0	[0.0..0.0]	[1.0..1.0]	[0.988..0.988]	[39076.586..39076.586]	[0.865..0.882]	[0.0..0.0]	[0.988..0.988]	[39076.582..39076.582]	[0.866..0.882]	[0.0..0.0]	0.86180866	[33676.54..33676.54]
Group-1	PS 37:4:0	269.25	240116_PS_FTMSMS-_1.mzXML	35.0	51223.9	0.0	0.0	[0.0..0.0]	[1.0..1.0]	[0.98..0.98]	[50199.42..50199.42]	[0.89..0.914]	[0.0..0.0]	[0.98..0.98]	[50199.42..50199.42]	[0.891..0.915]	[0.0..0.0]	0.86180866	[43262.297..43262.297]
Group-1	PS 37:4:0	303.23	240116_PS_FTMSMS-_1.mzXML	25.0	2807.2	0.0	0.0	[5.0..8.0]	[0.0..0.0]	[0.965..0.998]	[2708.948..2801.586]	[0.149..0.154]	[1.0..1.0]	[0.996..1.036]	[2795.9712..2908.2593]	[0.153..0.158]	[1.0..1.0]	0.86180866	[2334.5947..2414.431]
Group-1	PS 37:4:0	303.23	240116_PS_FTMSMS-_1.mzXML	30.0	4562.3	0.0	0.0	[5.0..8.0]	[0.0..0.0]	[1.147..1.333]	[5232.958..6081.546]	[0.118..0.135]	[1.0..1.0]	[1.142..1.33]	[5210.146..6067.859]	[0.118..0.134]	[1.0..1.0]	0.86180866	[4509.8086..5241.1284]
Group-1	PS 37:4:0	303.23	240116_PS_FTMSMS-_1.mzXML	35.0	3228.9	0.0	0.0	[5.0..8.0]	[0.0..0.0]	[1.462..1.927]	[4720.652..6222.091]	[0.086..0.11]	[1.0..1.0]	[1.444..1.906]	[4662.5312..6154.283]	[0.085..0.109]	[1.0..1.0]	0.86180866	[4068.2983..5362.251]
Group-1	PS 37:4:0	305.25	240116_PS_FTMSMS-_1.mzXML	25.0	0.0	0.0	0.0	[5.0..11.0]	[0.0..0.0]	[0.909..0.917]	[0.0..0.0]	[0.0..0.0]	[1.0..1.0]	[0.94..0.95]	[0.0..0.0]	[0.0..0.0]	[1.0..1.0]	0.86180866	[0.0..0.0]
Group-1	PS 37:4:0	305.25	240116_PS_FTMSMS-_1.mzXML	30.0	404.2	0.0	0.0	[5.0..11.0]	[0.0..0.0]	[0.959..1.078]	[387.628..435.728]	[0.108..0.12]	[1.0..1.0]	[0.957..1.075]	[386.81943..434.51505]	[0.108..0.12]	[1.0..1.0]	0.86180866	[334.061..375.51382]
Group-1	PS 37:4:0	305.25	240116_PS_FTMSMS-_1.mzXML	35.0	456.4	0.0	0.0	[5.0..11.0]	[0.0..0.0]	[1.031..1.339]	[470.548..611.12]	[0.095..0.12]	[1.0..1.0]	[1.014..1.322]	[462.7896..603.3608]	[0.094..0.119]	[1.0..1.0]	0.86180866	[405.52267..526.66815]
Group-1	PS 38:1:0	281.25	240116_PS_FTMSMS-_1.mzXML	25.0	154020.5	0.0	0.0	[9.0..9.0]	[0.0..1.0]	[0.893..0.928]	[137540.31..142931.02]	[0.386..0.388]	[0.75..0.91]	[0.919..0.925]	[141544.84..142468.97]	[0.392..0.392]	[0.754..0.913]	0.84360737	[116030.016..120577.664]
Group-1	PS 38:1:0	281.25	240116_PS_FTMSMS-_1.mzXML	30.0	304031.3	0.0	0.0	[9.0..9.0]	[0.0..1.0]	[0.914..0.919]	[277884.62..279404.78]	[0.349..0.351]	[0.75..0.91]	[0.918..0.919]	[279100.75..279404.78]	[0.352..0.352]	[0.754..0.913]	0.84360737	[234425.52..235707.94]
Group-1	PS 38:1:0	281.25	240116_PS_FTMSMS-_1.mzXML	35.0	295627.0	0.0	0.0	[9.0..9.0]	[0.0..1.0]	[0.904..0.932]	[267246.8..275524.34]	[0.313..0.319]	[0.75..0.91]	[0.925..0.929]	[273454.97..274637.5]	[0.318..0.319]	[0.754..0.913]	0.84360737	[225451.36..232434.38]
Group-1	PS 38:1:0	283.26	240116_PS_FTMSMS-_1.mzXML	25.0	1736859.9	0.0	0.0	[0.0..0.0]	[0.39999998..0.39999998]	[0.993..0.993]	[1724701.8..1724701.8]	[0.711..0.711]	[0.0..0.03]	[0.993..0.993]	[1724701.8..1724701.8]	[0.711..0.711]	[0.0..0.03]	0.84360737	[1454971.1..1454971.1]
Group-1	PS 38:1:0	283.26	240116_PS_FTMSMS-_1.mzXML	30.0	4177500.8	0.0	0.0	[0.0..0.0]	[0.3..0.3]	[0.971..0.971]	[4056353.2..4056353.2]	[0.765..0.765]	[0.0..0.03]	[0.971..0.971]	[4056353.2..4056353.2]	[0.765..0.765]	[0.0..0.03]	0.84360737	[3421969.5..3421969.5]
Group-1	PS 38:1:0	283.26	240116_PS_FTMSMS-_1.mzXML	35.0	4895840.5	0.0	0.0	[0.0..0.0]	[0.3..0.39999998]	[0.961..0.961]	[4704903.0..4704903.0]	[0.777..0.778]	[0.0..0.03]	[0.961..0.961]	[4704903.0..4704903.0]	[0.777..0.777]	[0.0..0.03]	0.84360737	[3969090.5..3969090.5]
Group-1	PS 38:1:0	309.28	240116_PS_FTMSMS-_1.mzXML	25.0	758493.5	0.0	0.0	[11.0..11.0]	[0.6..0.6]	[0.924..0.924]	[700848.0..700848.0]	[0.289..0.289]	[0.97..1.0]	[0.924..0.924]	[700848.0..700848.0]	[0.289..0.289]	[0.97..1.0]	0.84360737	[591240.5..591240.5]
Group-1	PS 38:1:0	309.28	240116_PS_FTMSMS-_1.mzXML	30.0	1391107.5	0.0	0.0	[11.0..11.0]	[0.7..0.7]	[0.894..0.894]	[1243650.1..1243650.1]	[0.235..0.235]	[0.97..1.0]	[0.894..0.894]	[1243650.1..1243650.1]	[0.235..0.235]	[0.97..1.0]	0.84360737	[1049152.4..1049152.4]
Group-1	PS 38:1:0	309.28	240116_PS_FTMSMS-_1.mzXML	35.0	1555010.8	0.0	0.0	[11.0..11.0]	[0.6..0.7]	[0.865..0.867]	[1345084.4..1348194.2]	[0.222..0.223]	[0.97..1.0]	[0.867..0.867]	[1348194.2..1348194.2]	[0.223..0.223]	[0.97..1.0]	0.84360737	[1134723.0..1137346.6]
Group-1	PS 38:1:0	311.29	240116_PS_FTMSMS-_1.mzXML	25.0	220978.5	0.0	0.0	[0.0..0.0]	[0.0..1.0]	[0.991..1.022]	[218989.69..225840.02]	[0.612..0.614]	[0.09..0.25]	[0.994..0.999]	[219652.64..220757.53]	[0.608..0.608]	[0.087..0.246]	0.84360737	[184741.33..190520.31]
Group-1	PS 38:1:0	311.29	240116_PS_FTMSMS-_1.mzXML	30.0	539155.8	0.0	0.0	[0.0..0.0]	[0.0..1.0]	[0.953..0.965]	[513815.5..520285.34]	[0.649..0.651]	[0.09..0.25]	[0.954..0.956]	[514354.66..515432.94]	[0.648..0.648]	[0.087..0.246]	0.84360737	[433458.53..438916.56]
Group-1	PS 38:1:0	311.29	240116_PS_FTMSMS-_1.mzXML	35.0	627888.8	0.0	0.0	[0.0..0.0]	[0.0..1.0]	[0.933..0.935]	[585820.25..587076.06]	[0.681..0.687]	[0.09..0.25]	[0.933..0.934]	[585820.25..586448.2]	[0.681..0.682]	[0.087..0.246]	0.84360737	[494202.3..495261.66]
Group-1	PS 38:2:0	281.25	240116_PS_FTMSMS-_1.mzXML	25.0	501651.6	0.0	0.0	[9.0..9.0]	[1.0..1.0]	[0.928..0.928]	[465532.7..465532.7]	[0.502..0.502]	[0.5..0.51]	[0.928..0.928]	[465532.66..465532.66]	[0.502..0.502]	[0.496..0.514]	0.8454025	[393562.47..393562.47]
Group-1	PS 38:2:0	281.25	240116_PS_FTMSMS-_1.mzXML	30.0	1028057.2	0.0	0.0	[9.0..9.0]	[1.0..1.0]	[0.914..0.914]	[939644.25..939644.25]	[0.497..0.497]	[0.5..0.51]	[0.914..0.914]	[939644.25..939644.25]	[0.497..0.497]	[0.496..0.514]	0.8454025	[794377.6..794377.6]
Group-1	PS 38:2:0	281.25	240116_PS_FTMSMS-_1.mzXML	35.0	1200984.2	0.0	0.0	[9.0..9.0]	[1.0..1.0]	[0.904..0.904]	[1085689.8..1085689.8]	[0.494..0.494]	[0.5..0.51]	[0.904..0.904]	[1085689.8..1085689.8]	[0.494..0.494]	[0.496..0.514]	0.8454025	[917844.8..917844.8]
Group-1	PS 38:2:0	283.26	240116_PS_FTMSMS-_1.mzXML	25.0	626270.3	0.0	0.0	[0.0..0.0]	[0.39999998..0.39999998]	[0.993..0.993]	[621886.4..621886.4]	[0.722..0.722]	[0.0..0.01]	[0.993..0.993]	[621886.4..621886.4]	[0.722..0.722]	[0.0..0.006]	0.8454025	[525744.3..525744.3]
Group-1	PS 38:2:0	283.26	240116_PS_FTMSMS-_1.mzXML	30.0	1238769.9	0.0	0.0	[0.0..0.0]	[0.6..0.6]	[0.974..0.974]	[1206561.9..1206561.9]	[0.763..0.763]	[0.0..0.01]	[0.974..0.974]	[1206561.9..1206561.9]	[0.763..0.763]	[0.0..0.006]	0.8454025	[1020030.4..1020030.4]
Group-1	PS 38:2:0	283.26	240116_PS_FTMSMS-_1.mzXML	35.0	1596999.2	0.0	0.0	[0.0..0.0]	[0.39999998..0.6]	[0.961..0.962]	[1534716.4..1536313.2]	[0.791..0.791]	[0.0..0.01]	[0.961..0.961]	[1534716.4..1534716.4]	[0.79..0.79]	[0.0..0.006]	0.8454025	[1297453.0..1298803.1]
Group-1	PS 38:2:0	307.26	240116_PS_FTMSMS-_1.mzXML	25.0	264751.1	0.0	0.0	[11.0..11.0]	[0.6..0.6]	[0.903..0.903]	[239070.23..239070.23]	[0.278..0.278]	[0.99..1.0]	[0.903..0.903]	[239070.23..239070.23]	[0.278..0.278]	[0.994..1.0]	0.8454025	[202110.58..202110.58]
Group-1	PS 38:2:0	307.26	240116_PS_FTMSMS-_1.mzXML	30.0	423873.9	0.0	0.0	[11.0..11.0]	[0.4..0.4]	[0.886..0.886]	[375552.28..375552.28]	[0.237..0.237]	[0.99..1.0]	[0.886..0.886]	[375552.28..375552.28]	[0.237..0.237]	[0.994..1.0]	0.8454025	[317492.84..317492.84]
Group-1	PS 38:2:0	307.26	240116_PS_FTMSMS-_1.mzXML	35.0	458179.3	0.0	0.0	[11.0..11.0]	[0.4..0.6]	[0.884..0.888]	[405030.5..406863.25]	[0.209..0.209]	[0.99..1.0]	[0.888..0.888]	[406863.25..406863.25]	[0.21..0.21]	[0.994..1.0]	0.8454025	[342413.8..343963.2]
Group-1	PS 38:2:0	309.28	240116_PS_FTMSMS-_1.mzXML	25.0	512659.3	0.0	0.0	[11.0..11.0]	[0.0..0.0]	[0.901..0.901]	[461906.06..461906.06]	[0.498..0.498]	[0.49..0.5]	[0.901..0.901]	[461906.06..461906.06]	[0.498..0.498]	[0.486..0.504]	0.8454025	[390496.53..390496.53]
Group-1	PS 38:2:0	309.28	240116_PS_FTMSMS-_1.mzXML	30.0	1057655.4	0.0	0.0	[11.0..11.0]	[0.0..0.0]	[0.898..0.898]	[949774.5..949774.5]	[0.503..0.503]	[0.49..0.5]	[0.898..0.898]	[949774.5..949774.5]	[0.503..0.503]	[0.486..0.504]	0.8454025	[802941.75..802941.75]
Group-1	PS 38:2:0	309.28	240116_PS_FTMSMS-_1.mzXML	35.0	1255942.4	0.0	0.0	[11.0..11.0]	[0.0..0.0]	[0.884..0.884]	[1110253.1..1110253.1]	[0.506..0.506]	[0.49..0.5]	[0.884..0.884]	[1110253.1..1110253.1]	[0.506..0.506]	[0.486..0.504]	0.8454025	[938610.6..938610.6]
Group-1	PS 38:3:0	281.25	240116_PS_FTMSMS-_1.mzXML	25.0	114399.3	0.0	0.0	[9.0..9.0]	[1.0..1.0]	[0.928..0.928]	[106162.55..106162.55]	[0.538..0.538]	[0.34..0.42]	[0.928..0.928]	[106162.55..106162.55]	[0.538..0.538]	[0.343..0.415]	0.847188	[89939.63..89939.63]
Group-1	PS 38:3:0	281.25	240116_PS_FTMSMS-_1.mzXML	30.0	262859.8	0.0	0.0	[9.0..9.0]	[1.0..1.0]	[0.914..0.914]	[240253.86..240253.86]	[0.569..0.569]	[0.34..0.42]	[0.914..0.914]	[240253.86..240253.86]	[0.569..0.569]	[0.343..0.415]	0.847188	[203540.19..203540.19]
Group-1	PS 38:3:0	281.25	240116_PS_FTMSMS-_1.mzXML	35.0	273170.4	0.0	0.0	[9.0..9.0]	[1.0..1.0]	[0.904..0.904]	[246946.05..246946.05]	[0.559..0.559]	[0.34..0.42]	[0.904..0.904]	[246946.05..246946.05]	[0.559..0.559]	[0.343..0.415]	0.847188	[209209.72..209209.72]
Group-1	PS 38:3:0	283.26	240116_PS_FTMSMS-_1.mzXML	25.0	660765.8	0.0	0.0	[0.0..0.0]	[0.7..1.0]	[0.999..1.005]	[660105.06..664069.6]	[0.655..0.734]	[0.0..0.0]	[0.999..0.999]	[660105.06..660105.06]	[0.726..0.728]	[0.0..0.0]	0.847188	[559233.06..562591.8]
Group-1	PS 38:3:0	283.26	240116_PS_FTMSMS-_1.mzXML	30.0	1546306.6	0.0	0.0	[0.0..0.0]	[0.7..1.0]	[0.975..0.978]	[1507649.0..1512287.9]	[0.717..0.773]	[0.0..0.0]	[0.975..0.975]	[1507649.0..1507649.0]	[0.752..0.773]	[0.0..0.0]	0.847188	[1277262.1..1281192.1]
Group-1	PS 38:3:0	283.26	240116_PS_FTMSMS-_1.mzXML	35.0	1582190.4	0.0	0.0	[0.0..0.0]	[1.0..1.0]	[0.963..0.963]	[1523649.4..1523649.4]	[0.733..0.781]	[0.0..0.0]	[0.963..0.963]	[1523649.4..1523649.4]	[0.735..0.784]	[0.0..0.0]	0.847188	[1290817.5..1290817.5]
Group-1	PS 38:3:0	305.25	240116_PS_FTMSMS-_1.mzXML	25.0	262756.2	0.0	0.0	[5.0..11.0]	[0.0..0.3]	[0.909..1.33]	[238845.38..349465.75]	[0.266..0.345]	[1.0..1.0]	[0.94..0.95]	[246990.81..249618.38]	[0.272..0.274]	[1.0..1.0]	0.847188	[202346.94..296063.2]
Group-1	PS 38:3:0	305.25	240116_PS_FTMSMS-_1.mzXML	30.0	462362.4	0.0	0.0	[5.0..11.0]	[0.0..0.3]	[0.959..1.292]	[443405.53..597372.25]	[0.227..0.283]	[1.0..1.0]	[0.957..1.075]	[442480.84..497039.6]	[0.227..0.248]	[1.0..1.0]	0.847188	[375647.84..506086.6]
Group-1	PS 38:3:0	305.25	240116_PS_FTMSMS-_1.mzXML	35.0	414830.4	0.0	0.0	[5.0..11.0]	[0.0..0.0]	[1.031..1.339]	[427690.16..555457.94]	[0.219..0.267]	[1.0..1.0]	[1.014..1.322]	[420638.06..548405.8]	[0.216..0.265]	[1.0..1.0]	0.847188	[362333.97..470577.28]
Group-1	PS 38:3:0	307.26	240116_PS_FTMSMS-_1.mzXML	25.0	103212.7	0.0	0.0	[11.0..11.0]	[0.0..0.0]	[0.883..0.883]	[91136.82..91136.82]	[0.462..0.462]	[0.58..0.66]	[0.883..0.883]	[91136.82..91136.82]	[0.462..0.462]	[0.585..0.657]	0.847188	[77210.016..77210.016]
Group-1	PS 38:3:0	307.26	240116_PS_FTMSMS-_1.mzXML	30.0	204827.4	0.0	0.0	[11.0..11.0]	[0.0..0.0]	[0.888..0.888]	[181886.73..181886.73]	[0.431..0.431]	[0.58..0.66]	[0.888..0.888]	[181886.73..181886.73]	[0.431..0.431]	[0.585..0.657]	0.847188	[154092.25..154092.25]
Group-1	PS 38:3:0	307.26	240116_PS_FTMSMS-_1.mzXML	35.0	216829.8	0.0	0.0	[11.0..11.0]	[0.0..0.0]	[0.897..0.897]	[194496.34..194496.34]	[0.441..0.441]	[0.58..0.66]	[0.897..0.897]	[194496.33..194496.33]	[0.441..0.441]	[0.585..0.657]	0.847188	[164774.95..164774.95]
Group-1	PS 38:4:0	281.25	240116_PS_FTMSMS-_1.mzXML	25.0	468366.2	0.0	0.0	[9.0..9.0]	[1.0..1.0]	[0.928..0.928]	[434643.8..434643.8]	[0.927..0.928]	[0.0..0.0]	[0.928..0.928]	[434643.8..434643.8]	[0.925..0.926]	[0.0..0.0]	0.8489996	[369012.44..369012.44]
Group-1	PS 38:4:0	281.25	240116_PS_FTMSMS-_1.mzXML	30.0	1446326.5	0.0	0.0	[9.0..9.0]	[1.0..1.0]	[0.914..0.914]	[1321942.4..1321942.4]	[0.934..0.94]	[0.0..0.0]	[0.914..0.914]	[1321942.4..1321942.4]	[0.934..0.941]	[0.0..0.0]	0.8489996	[1122328.5..1122328.5]
Group-1	PS 38:4:0	281.25	240116_PS_FTMSMS-_1.mzXML	35.0	1787002.2	0.0	0.0	[9.0..9.0]	[1.0..1.0]	[0.904..0.904]	[1615450.0..1615450.0]	[0.954..0.964]	[0.0..0.0]	[0.904..0.904]	[1615450.0..1615450.0]	[0.955..0.965]	[0.0..0.0]	0.8489996	[1371516.5..1371516.5]
Group-1	PS 38:4:0	283.26	240116_PS_FTMSMS-_1.mzXML	25.0	2484419.5	0.0	0.0	[0.0..0.0]	[0.100000024..1.0]	[0.988..1.005]	[2454606.5..2496841.5]	[0.791..0.825]	[0.0..0.0]	[0.988..0.988]	[2454606.5..2454606.5]	[0.814..0.82]	[0.0..0.0]	0.8489996	[2083960.0..2119817.5]
Group-1	PS 38:4:0	283.26	240116_PS_FTMSMS-_1.mzXML	30.0	6295056.5	0.0	0.0	[0.0..0.0]	[0.100000024..1.0]	[0.969..0.978]	[6099909.5..6156565.0]	[0.861..0.885]	[0.0..0.0]	[0.969..0.969]	[6099909.5..6099909.5]	[0.87..0.886]	[0.0..0.0]	0.8489996	[5178821.0..5226921.5]
Group-1	PS 38:4:0	283.26	240116_PS_FTMSMS-_1.mzXML	35.0	8410312.0	0.0	0.0	[0.0..0.0]	[1.0..1.0]	[0.963..0.963]	[8099130.5..8099130.5]	[0.898..0.921]	[0.0..0.0]	[0.963..0.963]	[8099130.5..8099130.5]	[0.899..0.922]	[0.0..0.0]	0.8489996	[6876158.5..6876158.5]
Group-1	PS 38:4:0	303.23	240116_PS_FTMSMS-_1.mzXML	25.0	540304.4	0.0	0.0	[5.0..8.0]	[0.0..0.9]	[0.965..1.22]	[521393.72..659171.4]	[0.175..0.209]	[1.0..1.0]	[0.996..1.036]	[538143.1..559755.3]	[0.18..0.186]	[1.0..1.0]	0.8489996	[442663.06..559636.25]
Group-1	PS 38:4:0	303.23	240116_PS_FTMSMS-_1.mzXML	30.0	687845.7	0.0	0.0	[5.0..8.0]	[0.0..0.9]	[1.147..1.444]	[788959.0..993249.2]	[0.115..0.139]	[1.0..1.0]	[1.142..1.33]	[785519.75..914834.8]	[0.114..0.13]	[1.0..1.0]	0.8489996	[669825.9..843268.2]
Group-1	PS 38:4:0	303.23	240116_PS_FTMSMS-_1.mzXML	35.0	476278.5	0.0	0.0	[5.0..8.0]	[0.0..0.0]	[1.462..1.927]	[696319.2..917788.7]	[0.079..0.102]	[1.0..1.0]	[1.444..1.906]	[687746.2..907786.8]	[0.078..0.101]	[1.0..1.0]	0.8489996	[591174.7..779202.25]
Group-1	PS 38:4:0	305.25	240116_PS_FTMSMS-_1.mzXML	25.0	37187.8	0.0	0.0	[5.0..11.0]	[0.0..0.0]	[0.909..0.917]	[33803.71..34101.215]	[0.072..0.073]	[1.0..1.0]	[0.94..0.95]	[34956.53..35328.41]	[0.074..0.075]	[1.0..1.0]	0.8489996	[28699.338..28951.918]
Group-1	PS 38:4:0	305.25	240116_PS_FTMSMS-_1.mzXML	30.0	87281.5	0.0	0.0	[5.0..11.0]	[0.0..0.0]	[0.959..1.078]	[83702.96..94089.45]	[0.06..0.066]	[1.0..1.0]	[0.957..1.075]	[83528.4..93827.62]	[0.059..0.066]	[1.0..1.0]	0.8489996	[71063.78..79881.91]
Group-1	PS 38:4:0	305.25	240116_PS_FTMSMS-_1.mzXML	35.0	58224.9	0.0	0.0	[5.0..11.0]	[0.0..0.0]	[1.031..1.339]	[60029.87..77963.14]	[0.036..0.046]	[1.0..1.0]	[1.014..1.322]	[59040.05..76973.32]	[0.035..0.045]	[1.0..1.0]	0.8489996	[50965.34..66190.68]
Group-1	PS 38:5:0	255.23	240116_PS_FTMSMS-_1.mzXML	25.0	77712.9	0.0	0.0	[0.0..0.0]	[1.0..1.0]	[1.0..1.0]	[77712.9..77712.9]	[0.739..0.751]	[0.0..0.0]	[1.0..1.0]	[77712.9..77712.9]	[0.729..0.746]	[0.0..0.0]	0.8508197	[66119.664..66119.664]
Group-1	PS 38:5:0	255.23	240116_PS_FTMSMS-_1.mzXML	30.0	149366.6	0.0	0.0	[0.0..0.0]	[1.0..1.0]	[1.0..1.0]	[149366.6..149366.6]	[0.783..0.821]	[0.0..0.0]	[1.0..1.0]	[149366.6..149366.6]	[0.782..0.822]	[0.0..0.0]	0.8508197	[127084.04..127084.04]
Group-1	PS 38:5:0	255.23	240116_PS_FTMSMS-_1.mzXML	35.0	174975.8	0.0	0.0	[0.0..0.0]	[1.0..1.0]	[1.0..1.0]	[174975.8..174975.8]	[0.757..0.827]	[0.0..0.0]	[1.0..1.0]	[174975.8..174975.8]	[0.757..0.827]	[0.0..0.0]	0.8508197	[148872.86..148872.86]
Group-1	PS 38:5:0	281.25	240116_PS_FTMSMS-_1.mzXML	25.0	339150.1	0.0	0.0	[9.0..9.0]	[0.100000024..1.0]	[0.897..0.928]	[304217.62..314731.28]	[0.83..0.857]	[0.0..0.0]	[0.897..0.897]	[304217.62..304217.62]	[0.848..0.853]	[0.0..0.0]	0.8508197	[258834.38..267779.6]
Group-1	PS 38:5:0	281.25	240116_PS_FTMSMS-_1.mzXML	30.0	833184.5	0.0	0.0	[9.0..9.0]	[0.100000024..1.0]	[0.914..0.919]	[761530.6..765696.56]	[0.876..0.898]	[0.0..0.0]	[0.914..0.914]	[761530.6..761530.6]	[0.884..0.899]	[0.0..0.0]	0.8508197	[647925.25..651469.75]
Group-1	PS 38:5:0	281.25	240116_PS_FTMSMS-_1.mzXML	35.0	1096387.9	0.0	0.0	[9.0..9.0]	[1.0..1.0]	[0.904..0.904]	[991134.6..991134.6]	[0.905..0.926]	[0.0..0.0]	[0.904..0.904]	[991134.6..991134.6]	[0.906..0.927]	[0.0..0.0]	0.8508197	[843276.9..843276.9]
Group-1	PS 38:5:0	303.23	240116_PS_FTMSMS-_1.mzXML	25.0	52814.1	0.0	0.0	[5.0..8.0]	[0.0..0.9]	[0.965..1.22]	[50965.605..64433.207]	[0.143..0.17]	[1.0..1.0]	[0.996..1.036]	[52602.844..54715.41]	[0.147..0.152]	[1.0..1.0]	0.8508197	[43362.543..54821.04]
Group-1	PS 38:5:0	303.23	240116_PS_FTMSMS-_1.mzXML	30.0	75180.0	0.0	0.0	[5.0..8.0]	[0.0..0.9]	[1.147..1.444]	[86231.45..108559.92]	[0.102..0.124]	[1.0..1.0]	[1.142..1.33]	[85855.555..99989.41]	[0.101..0.116]	[1.0..1.0]	0.8508197	[73367.42..92364.92]
Group-1	PS 38:5:0	303.23	240116_PS_FTMSMS-_1.mzXML	35.0	54102.5	0.0	0.0	[5.0..8.0]	[0.0..0.0]	[1.462..1.927]	[79097.86..104255.52]	[0.074..0.095]	[1.0..1.0]	[1.444..1.906]	[78124.01..103119.37]	[0.073..0.094]	[1.0..1.0]	0.8508197	[67298.016..88702.65]
Group-1	PS 38:5:0	329.25	240116_PS_FTMSMS-_1.mzXML	25.0	25039.6	0.0	0.0	[4.0..7.0]	[0.0..0.0]	[1.028..1.094]	[25740.707..27393.322]	[0.249..0.261]	[1.0..1.0]	[1.056..1.153]	[26441.816..28870.658]	[0.254..0.271]	[1.0..1.0]	0.8508197	[21900.703..23306.78]
Group-1	PS 38:5:0	329.25	240116_PS_FTMSMS-_1.mzXML	30.0	24048.7	0.0	0.0	[4.0..7.0]	[0.0..0.0]	[1.352..1.717]	[32513.842..41291.617]	[0.179..0.217]	[1.0..1.0]	[1.347..1.731]	[32393.598..41628.297]	[0.178..0.218]	[1.0..1.0]	0.8508197	[27663.418..35131.723]
Group-1	PS 38:5:0	329.25	240116_PS_FTMSMS-_1.mzXML	35.0	18252.1	0.0	0.0	[4.0..7.0]	[0.0..0.0]	[2.01..3.073]	[36686.72..56088.703]	[0.173..0.243]	[1.0..1.0]	[2.006..3.077]	[36613.71..56161.707]	[0.173..0.243]	[1.0..1.0]	0.8508197	[31213.785..47721.37]
Group-1	PS 38:6:0	255.23	240116_PS_FTMSMS-_1.mzXML	25.0	88440.1	0.0	0.0	[0.0..0.0]	[0.100000024..0.6]	[1.0..1.0]	[88440.1..88440.1]	[0.741..0.747]	[0.0..0.0]	[1.0..1.0]	[88440.1..88440.1]	[0.741..0.741]	[0.0..0.0]	0.85263914	[75407.49..75407.49]
Group-1	PS 38:6:0	255.23	240116_PS_FTMSMS-_1.mzXML	30.0	158785.8	0.0	0.0	[0.0..0.0]	[0.100000024..0.100000024]	[1.0..1.0]	[158785.8..158785.8]	[0.766..0.766]	[0.0..0.0]	[1.0..1.0]	[158785.8..158785.8]	[0.766..0.766]	[0.0..0.0]	0.85263914	[135386.98..135386.98]
Group-1	PS 38:6:0	255.23	240116_PS_FTMSMS-_1.mzXML	35.0	187353.5	0.0	0.0	[0.0..0.0]	[0.6..0.6]	[1.0..1.0]	[187353.5..187353.5]	[0.787..0.787]	[0.0..0.0]	[1.0..1.0]	[187353.5..187353.5]	[0.787..0.787]	[0.0..0.0]	0.85263914	[159744.92..159744.92]
Group-1	PS 38:6:0	279.23	240116_PS_FTMSMS-_1.mzXML	25.0	3879.5	0.0	0.0	[9.0..9.0]	[1.0..1.0]	[0.909..0.909]	[3526.465..3526.465]	[0.803..0.809]	[0.0..0.0]	[0.909..0.909]	[3526.4653..3526.4653]	[0.797..0.804]	[0.0..0.0]	0.85263914	[3006.8025..3006.8025]
Group-1	PS 38:6:0	279.23	240116_PS_FTMSMS-_1.mzXML	30.0	8694.0	0.0	0.0	[9.0..9.0]	[0.39999998..1.0]	[0.919..0.921]	[7989.786..8007.174]	[0.848..0.888]	[0.0..0.0]	[0.919..0.919]	[7989.786..7989.786]	[0.872..0.888]	[0.0..0.0]	0.85263914	[6812.4043..6827.23]
Group-1	PS 38:6:0	279.23	240116_PS_FTMSMS-_1.mzXML	35.0	10622.7	0.0	0.0	[9.0..9.0]	[0.39999998..1.0]	[0.95..0.963]	[10091.565..10229.66]	[0.865..0.901]	[0.0..0.0]	[0.95..0.95]	[10091.565..10091.565]	[0.874..0.902]	[0.0..0.0]	0.85263914	[8604.464..8722.209]
Group-1	PS 38:6:0	303.23	240116_PS_FTMSMS-_1.mzXML	25.0	864.8	0.0	0.0	[5.0..8.0]	[0.0..0.0]	[0.965..0.998]	[834.532..863.07]	[0.191..0.197]	[1.0..1.0]	[0.996..1.036]	[861.34076..895.9328]	[0.196..0.203]	[1.0..1.0]	0.85263914	[711.5546..735.8876]
Group-1	PS 38:6:0	303.23	240116_PS_FTMSMS-_1.mzXML	30.0	880.7	0.0	0.0	[5.0..8.0]	[0.0..0.6]	[1.147..1.634]	[1010.163..1439.064]	[0.112..0.152]	[1.0..1.0]	[1.142..1.33]	[1005.7594..1171.331]	[0.112..0.128]	[1.0..1.0]	0.85263914	[861.30444..1227.0021]
Group-1	PS 38:6:0	303.23	240116_PS_FTMSMS-_1.mzXML	35.0	762.5	0.0	0.0	[5.0..8.0]	[0.0..0.6]	[1.462..2.099]	[1114.775..1600.487]	[0.099..0.135]	[1.0..1.0]	[1.444..1.906]	[1101.05..1453.3251]	[0.098..0.126]	[1.0..1.0]	0.85263914	[950.5008..1364.6382]
Group-1	PS 38:6:0	327.23	240116_PS_FTMSMS-_1.mzXML	25.0	22129.0	4232.7	0.1912739	[4.0..4.0]	[0.4..0.9]	[1.351..1.396]	[29896.277..30892.084]	[0.253..0.259]	[1.0..1.0]	[1.396..1.396]	[30892.084..30892.084]	[0.259..0.259]	[1.0..1.0]	0.85263914	[25490.736..26339.799]
Group-1	PS 38:6:0	327.23	240116_PS_FTMSMS-_1.mzXML	30.0	19340.7	6849.0	0.3541237	[4.0..4.0]	[0.9..0.9]	[2.508..2.508]	[48506.473..48506.473]	[0.234..0.234]	[1.0..1.0]	[2.508..2.508]	[48506.473..48506.473]	[0.234..0.234]	[1.0..1.0]	0.85263914	[41358.516..41358.516]
Group-1	PS 38:6:0	327.23	240116_PS_FTMSMS-_1.mzXML	35.0	9117.5	5473.6	0.60034	[4.0..4.0]	[0.4..0.4]	[5.552..5.552]	[50620.36..50620.36]	[0.213..0.213]	[1.0..1.0]	[5.552..5.552]	[50620.36..50620.36]	[0.213..0.213]	[1.0..1.0]	0.85263914	[43160.902..43160.902]
Group-1	PS 39:0:0	283.26	240116_PS_FTMSMS-_1.mzXML	25.0	88930.4	0.0	0.0	[0.0..0.0]	[0.0..1.0]	[0.986..1.005]	[87685.375..89375.05]	[1.0..1.0]	[0.0..0.0]	[0.986..0.986]	[87685.375..87685.375]	[1.0..1.0]	[0.0..0.0]	0.8296493	[72748.11..74149.95]
Group-1	PS 39:0:0	283.26	240116_PS_FTMSMS-_1.mzXML	30.0	237455.4	0.0	0.0	[0.0..0.0]	[0.0..1.0]	[0.968..0.978]	[229856.83..232231.39]	[1.0..1.0]	[0.0..0.0]	[0.968..0.968]	[229856.83..229856.83]	[1.0..1.0]	[0.0..0.0]	0.8296493	[190700.56..192670.61]
Group-1	PS 39:0:0	283.26	240116_PS_FTMSMS-_1.mzXML	35.0	296960.1	0.0	0.0	[0.0..0.0]	[0.0..1.0]	[0.961..0.963]	[285378.66..285972.56]	[1.0..1.0]	[0.0..0.0]	[0.961..0.961]	[285378.66..285378.66]	[1.0..1.0]	[0.0..0.0]	0.8296493	[236764.22..237256.95]
Group-1	PS 39:0:0	325.31	240116_PS_FTMSMS-_1.mzXML	25.0	-1.7	0.0	-0.0	[0.0..0.0]	[0.0..1.0]	[1.001..1.035]	[-1.76..-1.702]	[-0.0..-0.0]	[1.0..1.0]	[1.035..1.035]	[-1.7595..-1.7595]	[-0.0..-0.0]	[1.0..1.0]	0.8296493	[-1.4597679..-1.4118143]
Group-1	PS 39:0:0	325.31	240116_PS_FTMSMS-_1.mzXML	30.0	-1.7	0.0	-0.0	[0.0..0.0]	[0.0..1.0]	[0.952..0.962]	[-1.635..-1.618]	[-0.0..-0.0]	[1.0..1.0]	[0.962..0.962]	[-1.6354..-1.6354]	[-0.0..-0.0]	[1.0..1.0]	0.8296493	[-1.3568085..-1.3427045]
Group-1	PS 39:0:0	325.31	240116_PS_FTMSMS-_1.mzXML	35.0	-1.7	0.0	-0.0	[0.0..0.0]	[0.0..1.0]	[0.922..0.927]	[-1.576..-1.567]	[-0.0..-0.0]	[1.0..1.0]	[0.927..0.927]	[-1.5759001..-1.5759001]	[-0.0..-0.0]	[1.0..1.0]	0.8296493	[-1.3074443..-1.3003924]
Group-1	PS 39:1:0	253.22	240116_PS_FTMSMS-_1.mzXML	25.0	0.0	0.0	0.0	[9.0..9.0]	[0.0..1.0]	[0.92..0.938]	[0.0..0.0]	[0.5..0.5]	[0.5..1.0]	[0.929..0.938]	[0.0..0.0]	[0.5..0.5]	[0.5..1.0]	0.8313721	[0.0..0.0]
Group-1	PS 39:1:0	253.22	240116_PS_FTMSMS-_1.mzXML	30.0	0.0	0.0	0.0	[9.0..9.0]	[0.0..1.0]	[0.953..0.972]	[0.0..0.0]	[0.5..0.5]	[0.5..1.0]	[0.963..0.972]	[0.0..0.0]	[0.5..0.5]	[0.5..1.0]	0.8313721	[0.0..0.0]
Group-1	PS 39:1:0	253.22	240116_PS_FTMSMS-_1.mzXML	35.0	0.0	0.0	0.0	[9.0..9.0]	[0.0..1.0]	[0.96..1.004]	[0.0..0.0]	[0.0..0.0]	[0.5..1.0]	[0.982..1.004]	[0.0..0.0]	[0.0..0.0]	[0.5..1.0]	0.8313721	[0.0..0.0]
Group-1	PS 39:1:0	267.23	240116_PS_FTMSMS-_1.mzXML	25.0	0.0	0.0	0.0	[9.0..9.0]	[0.0..1.0]	[0.905..0.932]	[0.0..0.0]	[0.5..0.5]	[0.5..1.0]	[0.918..0.932]	[0.0..0.0]	[0.5..0.5]	[0.5..1.0]	0.8313721	[0.0..0.0]
Group-1	PS 39:1:0	267.23	240116_PS_FTMSMS-_1.mzXML	30.0	0.0	0.0	0.0	[9.0..9.0]	[0.0..1.0]	[0.932..0.944]	[0.0..0.0]	[0.0..0.0]	[0.5..1.0]	[0.938..0.944]	[0.0..0.0]	[0.0..0.0]	[0.5..1.0]	0.8313721	[0.0..0.0]
Group-1	PS 39:1:0	267.23	240116_PS_FTMSMS-_1.mzXML	35.0	0.0	0.0	0.0	[9.0..9.0]	[0.0..1.0]	[0.931..0.966]	[0.0..0.0]	[0.0..0.0]	[0.5..1.0]	[0.949..0.966]	[0.0..0.0]	[0.0..0.0]	[0.5..1.0]	0.8313721	[0.0..0.0]
Group-1	PS 39:1:0	281.25	240116_PS_FTMSMS-_1.mzXML	25.0	86891.8	0.0	0.0	[9.0..9.0]	[0.0..1.0]	[0.893..0.928]	[77594.375..80635.586]	[0.642..0.644]	[0.18..0.46]	[0.899..0.909]	[78115.73..78984.64]	[0.64..0.64]	[0.184..0.459]	0.8313721	[64509.797..67038.17]
Group-1	PS 39:1:0	281.25	240116_PS_FTMSMS-_1.mzXML	30.0	132958.4	0.0	0.0	[9.0..9.0]	[0.0..1.0]	[0.914..0.919]	[121523.98..122188.78]	[0.558..0.56]	[0.18..0.46]	[0.915..0.916]	[121656.945..121789.9]	[0.558..0.558]	[0.184..0.459]	0.8313721	[101031.64..101584.336]
Group-1	PS 39:1:0	281.25	240116_PS_FTMSMS-_1.mzXML	35.0	131588.6	0.0	0.0	[9.0..9.0]	[0.0..1.0]	[0.904..0.932]	[118956.086..122640.57]	[0.511..0.518]	[0.18..0.46]	[0.909..0.917]	[119614.03..120666.74]	[0.512..0.514]	[0.184..0.459]	0.8313721	[98896.77..101959.945]
Group-1	PS 39:1:0	283.26	240116_PS_FTMSMS-_1.mzXML	25.0	50410.6	0.0	0.0	[0.0..0.0]	[1.0..1.0]	[1.005..1.005]	[50662.656..50662.656]	[0.875..0.875]	[0.0..0.0]	[1.005..1.005]	[50662.656..50662.656]	[0.875..0.875]	[0.0..0.0]	0.8313721	[42119.516..42119.516]
Group-1	PS 39:1:0	283.26	240116_PS_FTMSMS-_1.mzXML	30.0	105632.9	0.0	0.0	[0.0..0.0]	[1.0..1.0]	[0.978..0.978]	[103308.98..103308.98]	[0.866..0.866]	[0.0..0.0]	[0.978..0.978]	[103308.98..103308.98]	[0.866..0.866]	[0.0..0.0]	0.8313721	[85888.195..85888.195]
Group-1	PS 39:1:0	283.26	240116_PS_FTMSMS-_1.mzXML	35.0	124244.7	0.0	0.0	[0.0..0.0]	[1.0..1.0]	[0.963..0.963]	[119647.65..119647.65]	[0.893..0.893]	[0.0..0.0]	[0.963..0.963]	[119647.65..119647.65]	[0.893..0.893]	[0.0..0.0]	0.8313721	[99471.72..99471.72]
Group-1	PS 39:1:0	295.26	240116_PS_FTMSMS-_1.mzXML	25.0	0.0	0.0	0.0	[9.0..9.0]	[0.0..1.0]	[0.885..0.925]	[0.0..0.0]	[0.5..0.5]	[0.5..1.0]	[0.905..0.925]	[0.0..0.0]	[0.5..0.5]	[0.5..1.0]	0.8313721	[0.0..0.0]
Group-1	PS 39:1:0	295.26	240116_PS_FTMSMS-_1.mzXML	30.0	0.0	0.0	0.0	[9.0..9.0]	[0.0..1.0]	[0.898..0.899]	[0.0..0.0]	[0.0..0.0]	[0.5..1.0]	[0.898..0.899]	[0.0..0.0]	[0.0..0.0]	[0.5..1.0]	0.8313721	[0.0..0.0]
Group-1	PS 39:1:0	295.26	240116_PS_FTMSMS-_1.mzXML	35.0	-1.7	0.0	-0.0	[9.0..9.0]	[0.0..1.0]	[0.88..0.902]	[-1.533..-1.496]	[-0.001..-0.001]	[0.5..1.0]	[0.891..0.902]	[-1.5334..-1.5147]	[-0.001..-0.001]	[0.5..1.0]	0.8313721	[-1.274826..-1.2437327]
Group-1	PS 39:1:0	297.28	240116_PS_FTMSMS-_1.mzXML	25.0	5816.5	0.0	0.0	[0.0..0.0]	[0.100000024..0.100000024]	[0.988..0.988]	[5746.702..5746.702]	[0.565..0.565]	[0.14..0.36]	[0.988..0.988]	[5746.7017..5746.7017]	[0.565..0.565]	[0.144..0.355]	0.8313721	[4777.6475..4777.6475]
Group-1	PS 39:1:0	297.28	240116_PS_FTMSMS-_1.mzXML	30.0	15218.2	0.0	0.0	[0.0..0.0]	[1.0..1.0]	[0.97..0.97]	[14761.654..14761.654]	[0.656..0.656]	[0.14..0.36]	[0.97..0.97]	[14761.654..14761.654]	[0.656..0.656]	[0.144..0.355]	0.8313721	[12272.427..12272.427]
Group-1	PS 39:1:0	297.28	240116_PS_FTMSMS-_1.mzXML	35.0	15737.7	0.0	0.0	[0.0..0.0]	[0.100000024..1.0]	[0.946..0.947]	[14887.864..14903.603]	[0.645..0.651]	[0.14..0.36]	[0.946..0.946]	[14887.864..14887.864]	[0.645..0.647]	[0.144..0.355]	0.8313721	[12377.3545..12390.439]
Group-1	PS 39:1:0	309.28	240116_PS_FTMSMS-_1.mzXML	25.0	4724.5	0.0	0.0	[11.0..11.0]	[0.9..0.9]	[0.935..0.935]	[4417.408..4417.408]	[0.435..0.435]	[0.64..0.86]	[0.935..0.935]	[4417.4077..4417.4077]	[0.435..0.435]	[0.645..0.856]	0.8313721	[3672.5093..3672.5093]
Group-1	PS 39:1:0	309.28	240116_PS_FTMSMS-_1.mzXML	30.0	8601.9	0.0	0.0	[11.0..11.0]	[0.0..0.0]	[0.898..0.898]	[7724.507..7724.507]	[0.344..0.344]	[0.64..0.86]	[0.898..0.898]	[7724.5063..7724.5063]	[0.344..0.344]	[0.645..0.856]	0.8313721	[6421.939..6421.939]
Group-1	PS 39:1:0	309.28	240116_PS_FTMSMS-_1.mzXML	35.0	9285.0	0.0	0.0	[11.0..11.0]	[0.0..0.9]	[0.859..0.884]	[7975.816..8207.941]	[0.349..0.355]	[0.64..0.86]	[0.875..0.881]	[8124.375..8180.085]	[0.353..0.355]	[0.645..0.856]	0.8313721	[6630.87..6823.852]
Group-1	PS 39:1:0	311.29	240116_PS_FTMSMS-_1.mzXML	25.0	0.0	0.0	0.0	[0.0..0.0]	[0.0..1.0]	[0.991..1.022]	[0.0..0.0]	[0.0..0.0]	[0.0..1.0]	[0.991..1.022]	[0.0..0.0]	[0.0..0.0]	[0.0..1.0]	0.8313721	[0.0..0.0]
Group-1	PS 39:1:0	311.29	240116_PS_FTMSMS-_1.mzXML	30.0	2219.5	0.0	0.0	[0.0..0.0]	[0.0..1.0]	[0.953..0.965]	[2115.184..2141.818]	[1.0..1.0]	[0.0..1.0]	[0.953..0.965]	[2115.1836..2141.8174]	[1.0..1.0]	[0.0..1.0]	0.8313721	[1758.5045..1780.6472]
Group-1	PS 39:1:0	311.29	240116_PS_FTMSMS-_1.mzXML	35.0	2689.5	0.0	0.0	[0.0..0.0]	[0.0..1.0]	[0.933..0.935]	[2509.304..2514.683]	[1.001..1.001]	[0.0..1.0]	[0.933..0.935]	[2509.3035..2514.6826]	[1.001..1.001]	[0.0..1.0]	0.8313721	[2086.1648..2090.6367]
Group-1	PS 39:1:0	323.3	240116_PS_FTMSMS-_1.mzXML	25.0	8131.1	0.0	0.0	[11.0..11.0]	[0.0..0.0]	[0.89..0.89]	[7236.679..7236.679]	[0.125..0.125]	[1.0..1.0]	[0.89..0.89]	[7236.679..7236.679]	[0.125..0.125]	[1.0..1.0]	0.8313721	[6016.373..6016.373]
Group-1	PS 39:1:0	323.3	240116_PS_FTMSMS-_1.mzXML	30.0	18296.5	0.0	0.0	[11.0..11.0]	[0.0..0.0]	[0.875..0.875]	[16009.438..16009.438]	[0.134..0.134]	[1.0..1.0]	[0.875..0.875]	[16009.4375..16009.4375]	[0.134..0.134]	[1.0..1.0]	0.8313721	[13309.799..13309.799]
Group-1	PS 39:1:0	323.3	240116_PS_FTMSMS-_1.mzXML	35.0	16776.3	0.0	0.0	[11.0..11.0]	[0.0..0.0]	[0.853..0.853]	[14310.185..14310.185]	[0.107..0.107]	[1.0..1.0]	[0.853..0.853]	[14310.185..14310.185]	[0.107..0.107]	[1.0..1.0]	0.8313721	[11897.087..11897.087]
Group-1	PS 39:1:0	325.31	240116_PS_FTMSMS-_1.mzXML	25.0	43136.7	0.0	0.0	[0.0..0.0]	[0.0..1.0]	[1.001..1.035]	[43179.84..44646.48]	[0.356..0.358]	[0.54..0.82]	[1.019..1.029]	[43956.297..44387.664]	[0.36..0.36]	[0.541..0.816]	0.8313721	[35898.51..37117.84]
Group-1	PS 39:1:0	325.31	240116_PS_FTMSMS-_1.mzXML	30.0	100496.0	0.0	0.0	[0.0..0.0]	[0.0..1.0]	[0.952..0.962]	[95672.195..96677.16]	[0.44..0.442]	[0.54..0.82]	[0.957..0.96]	[96174.67..96476.16]	[0.442..0.442]	[0.541..0.816]	0.8313721	[79539.195..80374.69]
Group-1	PS 39:1:0	325.31	240116_PS_FTMSMS-_1.mzXML	35.0	123253.3	0.0	0.0	[0.0..0.0]	[0.0..1.0]	[0.922..0.927]	[113639.54..114255.805]	[0.482..0.489]	[0.54..0.82]	[0.925..0.926]	[114009.305..114132.555]	[0.486..0.488]	[0.541..0.816]	0.8313721	[94476.74..94989.086]
Group-1	PS 39:1:0	339.32	240116_PS_FTMSMS-_1.mzXML	25.0	0.0	0.0	0.0	[0.0..0.0]	[0.0..1.0]	[1.016..1.052]	[0.0..0.0]	[0.0..0.0]	[0.0..1.0]	[1.016..1.052]	[0.0..0.0]	[0.0..0.0]	[0.0..1.0]	0.8313721	[0.0..0.0]
Group-1	PS 39:1:0	339.32	240116_PS_FTMSMS-_1.mzXML	30.0	2562.3	0.0	0.0	[0.0..0.0]	[0.0..1.0]	[0.955..0.961]	[2446.997..2462.37]	[1.0..1.0]	[0.0..1.0]	[0.955..0.961]	[2446.9966..2462.3704]	[1.0..1.0]	[0.0..1.0]	0.8313721	[2034.3645..2047.1459]
Group-1	PS 39:1:0	339.32	240116_PS_FTMSMS-_1.mzXML	35.0	3347.3	0.0	0.0	[0.0..0.0]	[0.0..1.0]	[0.912..0.921]	[3052.738..3082.863]	[1.0..1.0]	[0.0..1.0]	[0.912..0.921]	[3052.7375..3082.8633]	[1.0..1.0]	[0.0..1.0]	0.8313721	[2537.961..2563.0066]
Group-1	PS 39:1:0	353.34	240116_PS_FTMSMS-_1.mzXML	25.0	0.0	0.0	0.0	[0.0..0.0]	[0.0..1.0]	[1.036..1.072]	[0.0..0.0]	[0.0..0.0]	[0.0..1.0]	[1.036..1.072]	[0.0..0.0]	[0.0..0.0]	[0.0..1.0]	0.8313721	[0.0..0.0]
Group-1	PS 39:1:0	353.34	240116_PS_FTMSMS-_1.mzXML	30.0	0.0	0.0	0.0	[0.0..0.0]	[0.0..1.0]	[0.962..0.963]	[0.0..0.0]	[0.0..0.0]	[0.0..1.0]	[0.962..0.963]	[0.0..0.0]	[0.0..0.0]	[0.0..1.0]	0.8313721	[0.0..0.0]
Group-1	PS 39:1:0	353.34	240116_PS_FTMSMS-_1.mzXML	35.0	1892.8	0.0	0.0	[0.0..0.0]	[0.0..1.0]	[0.903..0.919]	[1709.199..1739.483]	[1.0..1.0]	[0.0..1.0]	[0.903..0.919]	[1709.1985..1739.4833]	[1.0..1.0]	[0.0..1.0]	0.8313721	[1420.9799..1446.1578]
Group-1	PS 39:2:0	281.25	240116_PS_FTMSMS-_1.mzXML	25.0	47798.6	0.0	0.0	[9.0..9.0]	[1.0..1.0]	[0.928..0.928]	[44357.1..44357.1]	[0.767..0.767]	[0.0..0.0]	[0.928..0.928]	[44357.1..44357.1]	[0.767..0.767]	[0.0..0.0]	0.8331112	[36954.4..36954.4]
Group-1	PS 39:2:0	281.25	240116_PS_FTMSMS-_1.mzXML	30.0	105468.5	0.0	0.0	[9.0..9.0]	[1.0..1.0]	[0.914..0.914]	[96398.2..96398.2]	[0.777..0.777]	[0.0..0.0]	[0.914..0.914]	[96398.2..96398.2]	[0.777..0.777]	[0.0..0.0]	0.8331112	[80310.43..80310.43]
Group-1	PS 39:2:0	281.25	240116_PS_FTMSMS-_1.mzXML	35.0	116864.7	0.0	0.0	[9.0..9.0]	[1.0..1.0]	[0.904..0.904]	[105645.69..105645.69]	[0.761..0.761]	[0.0..0.0]	[0.904..0.904]	[105645.69..105645.69]	[0.761..0.761]	[0.0..0.0]	0.8331112	[88014.61..88014.61]
Group-1	PS 39:2:0	283.26	240116_PS_FTMSMS-_1.mzXML	25.0	60122.9	0.0	0.0	[0.0..0.0]	[1.0..1.0]	[1.005..1.005]	[60423.51..60423.51]	[0.937..0.937]	[0.0..0.0]	[1.005..1.005]	[60423.51..60423.51]	[0.937..0.937]	[0.0..0.0]	0.8331112	[50339.508..50339.508]
Group-1	PS 39:2:0	283.26	240116_PS_FTMSMS-_1.mzXML	30.0	146080.9	0.0	0.0	[0.0..0.0]	[1.0..1.0]	[0.978..0.978]	[142867.12..142867.12]	[0.942..0.942]	[0.0..0.0]	[0.978..0.978]	[142867.12..142867.12]	[0.942..0.942]	[0.0..0.0]	0.8331112	[119024.2..119024.2]
Group-1	PS 39:2:0	283.26	240116_PS_FTMSMS-_1.mzXML	35.0	200521.5	0.0	0.0	[0.0..0.0]	[1.0..1.0]	[0.963..0.963]	[193102.2..193102.2]	[0.951..0.951]	[0.0..0.0]	[0.963..0.963]	[193102.2..193102.2]	[0.951..0.951]	[0.0..0.0]	0.8331112	[160875.62..160875.62]
Group-1	PS 39:2:0	295.26	240116_PS_FTMSMS-_1.mzXML	25.0	5627.5	0.0	0.0	[9.0..9.0]	[1.0..1.0]	[0.925..0.925]	[5205.438..5205.438]	[0.565..0.565]	[0.36..0.42]	[0.925..0.925]	[5205.4375..5205.4375]	[0.565..0.565]	[0.355..0.418]	0.8331112	[4336.7085..4336.7085]
Group-1	PS 39:2:0	295.26	240116_PS_FTMSMS-_1.mzXML	30.0	9951.7	0.0	0.0	[9.0..9.0]	[1.0..1.0]	[0.898..0.898]	[8936.627..8936.627]	[0.541..0.541]	[0.36..0.42]	[0.898..0.898]	[8936.627..8936.627]	[0.541..0.541]	[0.355..0.418]	0.8331112	[7445.204..7445.204]
Group-1	PS 39:2:0	295.26	240116_PS_FTMSMS-_1.mzXML	35.0	14225.0	0.0	0.0	[9.0..9.0]	[1.0..1.0]	[0.88..0.88]	[12518.0..12518.0]	[0.536..0.536]	[0.36..0.42]	[0.88..0.88]	[12518.0..12518.0]	[0.536..0.536]	[0.355..0.418]	0.8331112	[10428.886..10428.886]
Group-1	PS 39:2:0	309.28	240116_PS_FTMSMS-_1.mzXML	25.0	4455.5	0.0	0.0	[11.0..11.0]	[0.0..0.0]	[0.901..0.901]	[4014.406..4014.406]	[0.435..0.435]	[0.58..0.64]	[0.901..0.901]	[4014.4055..4014.4055]	[0.435..0.435]	[0.582..0.645]	0.8331112	[3344.4463..3344.4463]
Group-1	PS 39:2:0	309.28	240116_PS_FTMSMS-_1.mzXML	30.0	8434.8	0.0	0.0	[11.0..11.0]	[0.0..0.0]	[0.898..0.898]	[7574.45..7574.45]	[0.459..0.459]	[0.58..0.64]	[0.898..0.898]	[7574.45..7574.45]	[0.459..0.459]	[0.582..0.645]	0.8331112	[6310.3594..6310.3594]
Group-1	PS 39:2:0	309.28	240116_PS_FTMSMS-_1.mzXML	35.0	12247.2	0.0	0.0	[11.0..11.0]	[0.0..0.0]	[0.884..0.884]	[10826.525..10826.525]	[0.464..0.464]	[0.58..0.64]	[0.884..0.884]	[10826.525..10826.525]	[0.464..0.464]	[0.582..0.645]	0.8331112	[9019.7..9019.7]
Group-1	PS 39:2:0	321.28	240116_PS_FTMSMS-_1.mzXML	25.0	4672.5	0.0	0.0	[11.0..11.0]	[0.0..0.0]	[0.867..0.867]	[4051.057..4051.057]	[0.063..0.063]	[1.0..1.0]	[0.867..0.867]	[4051.0574..4051.0574]	[0.063..0.063]	[1.0..1.0]	0.8331112	[3374.9814..3374.9814]
Group-1	PS 39:2:0	321.28	240116_PS_FTMSMS-_1.mzXML	30.0	10140.5	0.0	0.0	[11.0..11.0]	[0.0..0.0]	[0.86..0.86]	[8720.83..8720.83]	[0.058..0.058]	[1.0..1.0]	[0.86..0.86]	[8720.83..8720.83]	[0.058..0.058]	[1.0..1.0]	0.8331112	[7265.4214..7265.4214]
Group-1	PS 39:2:0	321.28	240116_PS_FTMSMS-_1.mzXML	35.0	11557.1	0.0	0.0	[11.0..11.0]	[0.0..0.0]	[0.859..0.859]	[9927.549..9927.549]	[0.049..0.049]	[1.0..1.0]	[0.859..0.859]	[9927.549..9927.549]	[0.049..0.049]	[1.0..1.0]	0.8331112	[8270.753..8270.753]
Group-1	PS 39:2:0	323.3	240116_PS_FTMSMS-_1.mzXML	25.0	15162.5	0.0	0.0	[11.0..11.0]	[0.0..0.0]	[0.89..0.89]	[13494.625..13494.625]	[0.233..0.233]	[1.0..1.0]	[0.89..0.89]	[13494.625..13494.625]	[0.233..0.233]	[1.0..1.0]	0.8331112	[11242.523..11242.523]
Group-1	PS 39:2:0	323.3	240116_PS_FTMSMS-_1.mzXML	30.0	31533.2	0.0	0.0	[11.0..11.0]	[0.0..0.0]	[0.875..0.875]	[27591.549..27591.549]	[0.223..0.223]	[1.0..1.0]	[0.875..0.875]	[27591.549..27591.549]	[0.223..0.223]	[1.0..1.0]	0.8331112	[22986.83..22986.83]
Group-1	PS 39:2:0	323.3	240116_PS_FTMSMS-_1.mzXML	35.0	38943.9	0.0	0.0	[11.0..11.0]	[0.0..0.0]	[0.853..0.853]	[33219.145..33219.145]	[0.239..0.239]	[1.0..1.0]	[0.853..0.853]	[33219.145..33219.145]	[0.239..0.239]	[1.0..1.0]	0.8331112	[27675.242..27675.242]
Group-1	PS 39:3:0	283.26	240116_PS_FTMSMS-_1.mzXML	25.0	653664.9	0.0	0.0	[0.0..0.0]	[1.0..1.0]	[1.005..1.005]	[656933.2..656933.2]	[0.977..0.977]	[0.0..0.0]	[1.005..1.005]	[656933.2..656933.2]	[0.977..0.977]	[0.0..0.0]	0.8348496	[548440.44..548440.44]
Group-1	PS 39:3:0	283.26	240116_PS_FTMSMS-_1.mzXML	30.0	1775681.5	0.0	0.0	[0.0..0.0]	[1.0..1.0]	[0.978..0.978]	[1736616.5..1736616.5]	[0.984..0.986]	[0.0..0.0]	[0.978..0.978]	[1736616.5..1736616.5]	[0.984..0.986]	[0.0..0.0]	0.8348496	[1449813.6..1449813.6]
Group-1	PS 39:3:0	283.26	240116_PS_FTMSMS-_1.mzXML	35.0	2274405.8	0.0	0.0	[0.0..0.0]	[1.0..1.0]	[0.963..0.963]	[2190252.8..2190252.8]	[0.985..0.989]	[0.0..0.0]	[0.963..0.963]	[2190252.8..2190252.8]	[0.986..0.989]	[0.0..0.0]	0.8348496	[1828531.6..1828531.6]
Group-1	PS 39:3:0	319.26	240116_PS_FTMSMS-_1.mzXML	25.0	17014.8	0.0	0.0	[5.0..11.0]	[0.0..0.0]	[0.891..0.895]	[15160.188..15228.246]	[0.023..0.023]	[1.0..1.0]	[0.924..0.928]	[15721.677..15789.734]	[0.023..0.023]	[1.0..1.0]	0.8348496	[12656.477..12713.296]
Group-1	PS 39:3:0	319.26	240116_PS_FTMSMS-_1.mzXML	30.0	26432.7	0.0	0.0	[5.0..11.0]	[0.0..0.0]	[0.919..1.041]	[24291.65..27516.44]	[0.014..0.016]	[1.0..1.0]	[0.918..1.037]	[24265.217..27410.707]	[0.014..0.016]	[1.0..1.0]	0.8348496	[20279.875..22972.088]
Group-1	PS 39:3:0	319.26	240116_PS_FTMSMS-_1.mzXML	35.0	25535.3	0.0	0.0	[5.0..11.0]	[0.0..0.0]	[0.975..1.279]	[24896.918..32659.65]	[0.011..0.015]	[1.0..1.0]	[0.961..1.258]	[24539.424..32123.408]	[0.011..0.014]	[1.0..1.0]	0.8348496	[20785.182..27265.895]
Group-1	PS 39:4:0	269.25	240116_PS_FTMSMS-_1.mzXML	25.0	13671.0	0.0	0.0	[0.0..0.0]	[1.0..1.0]	[1.001..1.001]	[13684.672..13684.672]	[0.655..0.659]	[0.0..0.15]	[1.001..1.001]	[13684.672..13684.672]	[0.598..0.647]	[0.0..0.146]	0.83659583	[11448.539..11448.539]
Group-1	PS 39:4:0	269.25	240116_PS_FTMSMS-_1.mzXML	30.0	29256.3	0.0	0.0	[0.0..0.0]	[1.0..1.0]	[0.988..0.988]	[28905.225..28905.225]	[0.747..0.759]	[0.0..0.15]	[0.988..0.988]	[28905.225..28905.225]	[0.737..0.748]	[0.0..0.146]	0.83659583	[24181.99..24181.99]
Group-1	PS 39:4:0	269.25	240116_PS_FTMSMS-_1.mzXML	35.0	37071.9	0.0	0.0	[0.0..0.0]	[1.0..1.0]	[0.98..0.98]	[36330.46..36330.46]	[0.77..0.796]	[0.0..0.15]	[0.98..0.98]	[36330.46..36330.46]	[0.772..0.788]	[0.0..0.146]	0.83659583	[30393.912..30393.912]
Group-1	PS 39:4:0	281.25	240116_PS_FTMSMS-_1.mzXML	25.0	135248.8	0.0	0.0	[9.0..9.0]	[1.0..1.0]	[0.928..0.928]	[125510.88..125510.88]	[0.979..0.979]	[0.0..0.0]	[0.928..0.928]	[125510.88..125510.88]	[0.979..0.979]	[0.0..0.0]	0.83659583	[105001.875..105001.875]
Group-1	PS 39:4:0	281.25	240116_PS_FTMSMS-_1.mzXML	30.0	314215.0	0.0	0.0	[9.0..9.0]	[1.0..1.0]	[0.914..0.914]	[287192.5..287192.5]	[0.986..0.988]	[0.0..0.0]	[0.914..0.914]	[287192.5..287192.5]	[0.986..0.988]	[0.0..0.0]	0.83659583	[240264.06..240264.06]
Group-1	PS 39:4:0	281.25	240116_PS_FTMSMS-_1.mzXML	35.0	384015.7	0.0	0.0	[9.0..9.0]	[1.0..1.0]	[0.904..0.904]	[347150.2..347150.2]	[0.987..0.99]	[0.0..0.0]	[0.904..0.904]	[347150.2..347150.2]	[0.987..0.99]	[0.0..0.0]	0.83659583	[290424.4..290424.4]
Group-1	PS 39:4:0	283.26	240116_PS_FTMSMS-_1.mzXML	25.0	25623.2	0.0	0.0	[0.0..0.0]	[1.0..1.0]	[1.005..1.005]	[25751.314..25751.314]	[1.0..1.0]	[0.0..0.0]	[1.005..1.005]	[25751.314..25751.314]	[1.0..1.0]	[0.0..0.0]	0.83659583	[21543.443..21543.443]
Group-1	PS 39:4:0	283.26	240116_PS_FTMSMS-_1.mzXML	30.0	65036.0	0.0	0.0	[0.0..0.0]	[1.0..1.0]	[0.978..0.978]	[63605.207..63605.207]	[0.972..0.976]	[0.0..0.0]	[0.978..0.978]	[63605.207..63605.207]	[0.972..0.976]	[0.0..0.0]	0.83659583	[53211.85..53211.85]
Group-1	PS 39:4:0	283.26	240116_PS_FTMSMS-_1.mzXML	35.0	83999.3	0.0	0.0	[0.0..0.0]	[1.0..1.0]	[0.963..0.963]	[80891.32..80891.32]	[0.975..0.981]	[0.0..0.0]	[0.963..0.963]	[80891.32..80891.32]	[0.975..0.981]	[0.0..0.0]	0.83659583	[67673.34..67673.34]
Group-1	PS 39:4:0	297.28	240116_PS_FTMSMS-_1.mzXML	25.0	6348.0	0.0	0.0	[0.0..0.0]	[1.0..1.0]	[1.012..1.012]	[6424.176..6424.176]	[0.55..0.558]	[0.09..0.37]	[1.012..1.012]	[6424.176..6424.176]	[0.456..0.503]	[0.091..0.371]	0.83659583	[5374.439..5374.439]
Group-1	PS 39:4:0	297.28	240116_PS_FTMSMS-_1.mzXML	30.0	14588.0	0.0	0.0	[0.0..0.0]	[1.0..1.0]	[0.97..0.97]	[14150.36..14150.36]	[0.668..0.7]	[0.09..0.37]	[0.97..0.97]	[14150.36..14150.36]	[0.651..0.657]	[0.091..0.371]	0.83659583	[11838.132..11838.132]
Group-1	PS 39:4:0	297.28	240116_PS_FTMSMS-_1.mzXML	35.0	19962.5	0.0	0.0	[0.0..0.0]	[1.0..1.0]	[0.947..0.947]	[18904.488..18904.488]	[0.679..0.736]	[0.09..0.37]	[0.947..0.947]	[18904.488..18904.488]	[0.674..0.72]	[0.091..0.371]	0.83659583	[15815.416..15815.416]
Group-1	PS 39:4:0	303.23	240116_PS_FTMSMS-_1.mzXML	25.0	5266.6	0.0	0.0	[5.0..8.0]	[0.0..0.0]	[0.965..0.998]	[5082.269..5256.067]	[0.442..0.45]	[0.63..0.91]	[1.203..1.454]	[6335.7197..7657.6367]	[0.497..0.544]	[0.629..0.909]	0.83659583	[4251.805..4397.2036]
Group-1	PS 39:4:0	303.23	240116_PS_FTMSMS-_1.mzXML	30.0	5286.0	0.0	0.0	[5.0..8.0]	[0.0..0.0]	[1.147..1.333]	[6063.042..7046.238]	[0.3..0.332]	[0.63..0.91]	[1.398..1.434]	[7389.828..7580.124]	[0.343..0.349]	[0.629..0.909]	0.83659583	[5072.3154..5894.853]
Group-1	PS 39:4:0	303.23	240116_PS_FTMSMS-_1.mzXML	35.0	4634.9	0.0	0.0	[5.0..8.0]	[0.0..0.0]	[1.462..1.927]	[6776.224..8931.452]	[0.264..0.321]	[0.63..0.91]	[1.588..1.971]	[7360.221..9135.388]	[0.28..0.326]	[0.629..0.909]	0.83659583	[5668.9604..7472.0156]
Group-1	PS 39:4:0	317.25	240116_PS_FTMSMS-_1.mzXML	25.0	0.0	0.0	0.0	[5.0..8.0]	[0.0..0.0]	[0.933..0.966]	[0.0..0.0]	[0.0..0.0]	[1.0..1.0]	[0.964..1.004]	[0.0..0.0]	[0.0..0.0]	[1.0..1.0]	0.83659583	[0.0..0.0]
Group-1	PS 39:4:0	317.25	240116_PS_FTMSMS-_1.mzXML	30.0	1440.1	0.0	0.0	[5.0..8.0]	[0.0..0.0]	[1.086..1.265]	[1563.949..1821.727]	[0.024..0.028]	[1.0..1.0]	[1.083..1.262]	[1559.6282..1817.4061]	[0.024..0.028]	[1.0..1.0]	0.83659583	[1308.3928..1524.0487]
Group-1	PS 39:4:0	317.25	240116_PS_FTMSMS-_1.mzXML	35.0	1157.0	0.0	0.0	[5.0..8.0]	[0.0..0.0]	[1.362..1.8]	[1575.834..2082.6]	[0.019..0.025]	[1.0..1.0]	[1.349..1.78]	[1560.793..2059.46]	[0.019..0.025]	[1.0..1.0]	0.83659583	[1318.3362..1742.2944]
Group-1	PS 39:4:0	319.26	240116_PS_FTMSMS-_1.mzXML	25.0	2953.1	0.0	0.0	[5.0..11.0]	[0.0..0.0]	[0.891..0.895]	[2631.212..2643.025]	[0.021..0.021]	[1.0..1.0]	[0.924..0.928]	[2728.6646..2740.4768]	[0.021..0.021]	[1.0..1.0]	0.83659583	[2201.2612..2211.1433]
Group-1	PS 39:4:0	319.26	240116_PS_FTMSMS-_1.mzXML	30.0	3908.1	0.0	0.0	[5.0..11.0]	[0.0..0.0]	[0.919..1.041]	[3591.544..4068.332]	[0.012..0.014]	[1.0..1.0]	[0.918..1.037]	[3587.6357..4052.6995]	[0.012..0.014]	[1.0..1.0]	0.83659583	[3004.671..3403.5498]
Group-1	PS 39:4:0	319.26	240116_PS_FTMSMS-_1.mzXML	35.0	3678.6	0.0	0.0	[5.0..11.0]	[0.0..0.0]	[0.975..1.279]	[3586.635..4704.93]	[0.01..0.013]	[1.0..1.0]	[0.961..1.258]	[3535.1348..4627.679]	[0.01..0.013]	[1.0..1.0]	0.83659583	[3000.564..3936.1245]
Group-1	PS 39:4:0	331.26	240116_PS_FTMSMS-_1.mzXML	25.0	7841.8	0.0	0.0	[7.0..10.0]	[0.0..0.0]	[0.904..0.921]	[7088.987..7222.298]	[0.341..0.345]	[0.85..1.0]	[0.952..1.172]	[7465.3936..9190.59]	[0.353..0.402]	[0.854..1.0]	0.83659583	[5930.6167..6042.144]
Group-1	PS 39:4:0	331.26	240116_PS_FTMSMS-_1.mzXML	30.0	9181.5	0.0	0.0	[7.0..10.0]	[0.0..0.0]	[1.001..1.066]	[9190.682..9787.479]	[0.241..0.253]	[0.85..1.0]	[1.062..1.122]	[9750.753..10301.643]	[0.252..0.263]	[0.854..1.0]	0.83659583	[7688.886..8188.164]
Group-1	PS 39:4:0	331.26	240116_PS_FTMSMS-_1.mzXML	35.0	7971.8	0.0	0.0	[7.0..10.0]	[0.0..0.0]	[1.169..1.363]	[9319.034..10865.563]	[0.204..0.23]	[0.85..1.0]	[1.223..1.349]	[9749.512..10753.958]	[0.212..0.228]	[0.854..1.0]	0.83659583	[7796.265..9090.085]
Group-1	PS 39:5:0	267.23	240116_PS_FTMSMS-_1.mzXML	25.0	527.3	0.0	0.0	[9.0..9.0]	[1.0..1.0]	[0.932..0.932]	[491.444..491.444]	[0.477..0.482]	[0.55..0.59]	[0.932..0.932]	[491.44357..491.44357]	[0.373..0.379]	[0.551..0.589]	0.8383587	[412.00598..412.00598]
Group-1	PS 39:5:0	267.23	240116_PS_FTMSMS-_1.mzXML	30.0	879.2	0.0	0.0	[9.0..9.0]	[0.7..1.0]	[0.932..0.936]	[819.414..822.931]	[0.402..0.461]	[0.55..0.59]	[0.934..0.934]	[821.17285..821.17285]	[0.395..0.411]	[0.551..0.589]	0.8383587	[686.9632..689.9115]
Group-1	PS 39:5:0	267.23	240116_PS_FTMSMS-_1.mzXML	35.0	1032.8	0.0	0.0	[9.0..9.0]	[0.7..1.0]	[0.931..0.941]	[961.537..971.865]	[0.447..0.502]	[0.55..0.59]	[0.937..0.937]	[967.73364..967.73364]	[0.443..0.481]	[0.551..0.589]	0.8383587	[806.1128..814.77136]
Group-1	PS 39:5:0	269.25	240116_PS_FTMSMS-_1.mzXML	25.0	9553.7	0.0	0.0	[0.0..0.0]	[1.0..1.0]	[1.001..1.001]	[9563.254..9563.254]	[0.736..0.738]	[0.0..0.0]	[1.001..1.001]	[9563.254..9563.254]	[0.726..0.728]	[0.0..0.0]	0.8383587	[8017.4375..8017.4375]
Group-1	PS 39:5:0	269.25	240116_PS_FTMSMS-_1.mzXML	30.0	19425.3	0.0	0.0	[0.0..0.0]	[1.0..1.0]	[0.988..0.988]	[19192.197..19192.197]	[0.774..0.779]	[0.0..0.0]	[0.988..0.988]	[19192.197..19192.197]	[0.773..0.778]	[0.0..0.0]	0.8383587	[16089.945..16089.945]
Group-1	PS 39:5:0	269.25	240116_PS_FTMSMS-_1.mzXML	35.0	21408.6	0.0	0.0	[0.0..0.0]	[1.0..1.0]	[0.98..0.98]	[20980.428..20980.428]	[0.747..0.756]	[0.0..0.0]	[0.98..0.98]	[20980.428..20980.428]	[0.747..0.756]	[0.0..0.0]	0.8383587	[17589.125..17589.125]
Group-1	PS 39:5:0	295.26	240116_PS_FTMSMS-_1.mzXML	25.0	3417.7	0.0	0.0	[9.0..9.0]	[0.39999998..1.0]	[0.901..0.925]	[3079.348..3161.373]	[0.721..0.798]	[0.0..0.0]	[0.901..0.901]	[3079.3477..3079.3477]	[0.787..0.793]	[0.0..0.0]	0.8383587	[2581.598..2650.3643]
Group-1	PS 39:5:0	295.26	240116_PS_FTMSMS-_1.mzXML	30.0	8943.8	0.0	0.0	[9.0..9.0]	[0.39999998..1.0]	[0.898..0.898]	[8031.532..8031.532]	[0.824..0.87]	[0.0..0.0]	[0.898..0.898]	[8031.532..8031.532]	[0.852..0.87]	[0.0..0.0]	0.8383587	[6733.3047..6733.3047]
Group-1	PS 39:5:0	295.26	240116_PS_FTMSMS-_1.mzXML	35.0	11562.1	0.0	0.0	[9.0..9.0]	[1.0..1.0]	[0.88..0.88]	[10174.647..10174.647]	[0.866..0.895]	[0.0..0.0]	[0.88..0.88]	[10174.647..10174.647]	[0.867..0.896]	[0.0..0.0]	0.8383587	[8530.004..8530.004]
Group-1	PS 39:5:0	303.23	240116_PS_FTMSMS-_1.mzXML	25.0	805.6	0.0	0.0	[5.0..8.0]	[0.0..0.6]	[0.965..1.521]	[777.404..1225.318]	[0.202..0.279]	[1.0..1.0]	[0.996..1.036]	[802.37756..834.60156]	[0.207..0.213]	[1.0..1.0]	0.8383587	[651.7434..1027.2557]
Group-1	PS 39:5:0	303.23	240116_PS_FTMSMS-_1.mzXML	30.0	1048.5	0.0	0.0	[5.0..8.0]	[0.0..0.6]	[1.147..1.634]	[1202.629..1713.249]	[0.13..0.176]	[1.0..1.0]	[1.142..1.33]	[1197.387..1394.505]	[0.13..0.148]	[1.0..1.0]	0.8383587	[1008.23486..1436.3171]
Group-1	PS 39:5:0	303.23	240116_PS_FTMSMS-_1.mzXML	35.0	818.4	0.0	0.0	[5.0..8.0]	[0.0..0.0]	[1.462..1.927]	[1196.501..1577.057]	[0.105..0.134]	[1.0..1.0]	[1.444..1.906]	[1181.7697..1559.8705]	[0.104..0.133]	[1.0..1.0]	0.8383587	[1003.0969..1322.1394]
Group-1	PS 39:5:0	329.25	240116_PS_FTMSMS-_1.mzXML	25.0	3136.0	379.9	0.12114158	[4.0..4.4]	[0.0..0.0]	[1.085..1.094]	[3402.56..3430.784]	[0.262..0.264]	[1.0..1.0]	[1.14..1.153]	[3575.04..3615.808]	[0.272..0.274]	[1.0..1.0]	0.8383587	[2852.5657..2876.2275]
Group-1	PS 39:5:0	329.25	240116_PS_FTMSMS-_1.mzXML	30.0	3255.5	664.5	0.2041161	[4.0..4.3]	[0.0..0.0]	[1.668..1.717]	[5430.174..5589.694]	[0.221..0.226]	[1.0..1.0]	[1.68..1.731]	[5469.2397..5635.2705]	[0.222..0.227]	[1.0..1.0]	0.8383587	[4552.4336..4686.1685]
Group-1	PS 39:5:0	329.25	240116_PS_FTMSMS-_1.mzXML	35.0	2311.7	682.7	0.2953238	[4.0..4.2]	[0.0..0.0]	[2.931..3.073]	[6775.593..7103.854]	[0.244..0.253]	[1.0..1.0]	[2.934..3.077]	[6782.528..7113.1006]	[0.244..0.253]	[1.0..1.0]	0.8383587	[5680.377..5955.5776]
Group-1	PS 39:5:0	331.26	240116_PS_FTMSMS-_1.mzXML	25.0	585.2	0.0	0.0	[7.0..10.0]	[0.0..0.0]	[0.904..0.921]	[529.021..538.969]	[0.518..0.523]	[0.41..0.45]	[1.374..1.412]	[804.0648..826.30237]	[0.621..0.627]	[0.411..0.449]	0.8383587	[443.5092..451.84952]
Group-1	PS 39:5:0	331.26	240116_PS_FTMSMS-_1.mzXML	30.0	958.7	0.0	0.0	[7.0..10.0]	[0.0..0.3]	[1.001..1.277]	[959.659..1224.26]	[0.539..0.598]	[0.41..0.45]	[1.23..1.314]	[1179.201..1259.7318]	[0.589..0.605]	[0.411..0.449]	0.8383587	[804.53827..1026.3689]
Group-1	PS 39:5:0	331.26	240116_PS_FTMSMS-_1.mzXML	35.0	815.5	0.0	0.0	[7.0..10.0]	[0.0..0.3]	[1.169..1.473]	[953.32..1201.232]	[0.498..0.553]	[0.41..0.45]	[1.279..1.492]	[1043.0245..1216.726]	[0.519..0.557]	[0.411..0.449]	0.8383587	[799.2237..1007.0629]
Group-1	PS 39:6:0	269.25	240116_PS_FTMSMS-_1.mzXML	25.0	14274.0	0.0	0.0	[0.0..0.0]	[1.0..1.0]	[1.001..1.001]	[14288.274..14288.274]	[0.729..0.729]	[0.0..0.0]	[1.001..1.001]	[14288.274..14288.274]	[0.729..0.729]	[0.0..0.0]	0.8401297	[12004.003..12004.003]
Group-1	PS 39:6:0	269.25	240116_PS_FTMSMS-_1.mzXML	30.0	25981.6	0.0	0.0	[0.0..0.0]	[1.0..1.0]	[0.988..0.988]	[25669.82..25669.82]	[0.794..0.794]	[0.0..0.0]	[0.988..0.988]	[25669.82..25669.82]	[0.794..0.794]	[0.0..0.0]	0.8401297	[21565.977..21565.977]
Group-1	PS 39:6:0	269.25	240116_PS_FTMSMS-_1.mzXML	35.0	30345.5	0.0	0.0	[0.0..0.0]	[1.0..1.0]	[0.98..0.98]	[29738.59..29738.59]	[0.807..0.807]	[0.0..0.0]	[0.98..0.98]	[29738.59..29738.59]	[0.807..0.807]	[0.0..0.0]	0.8401297	[24984.271..24984.271]
Group-1	PS 39:6:0	327.23	240116_PS_FTMSMS-_1.mzXML	25.0	4036.1	860.5	0.21320085	[4.0..4.0]	[0.0..0.0]	[1.314..1.314]	[5303.436..5303.436]	[0.271..0.271]	[1.0..1.0]	[1.314..1.314]	[5303.4355..5303.4355]	[0.271..0.271]	[1.0..1.0]	0.8401297	[4455.5737..4455.5737]
Group-1	PS 39:6:0	327.23	240116_PS_FTMSMS-_1.mzXML	30.0	2715.9	1100.2	0.4050959	[4.0..4.0]	[0.0..0.0]	[2.457..2.457]	[6672.967..6672.967]	[0.206..0.206]	[1.0..1.0]	[2.457..2.457]	[6672.9663..6672.9663]	[0.206..0.206]	[1.0..1.0]	0.8401297	[5606.1567..5606.1567]
Group-1	PS 39:6:0	327.23	240116_PS_FTMSMS-_1.mzXML	35.0	1290.9	821.0	0.6359904	[4.0..4.0]	[0.0..0.0]	[5.509..5.509]	[7111.568..7111.568]	[0.193..0.193]	[1.0..1.0]	[5.509..5.509]	[7111.568..7111.568]	[0.193..0.193]	[1.0..1.0]	0.8401297	[5974.6396..5974.6396]
Group-1	PS 40:1:0	281.25	240116_PS_FTMSMS-_1.mzXML	25.0	183248.4	0.0	0.0	[9.0..9.0]	[0.0..1.0]	[0.893..0.928]	[163640.83..170054.52]	[0.341..0.342]	[0.76..0.85]	[0.92..0.923]	[168588.53..169138.28]	[0.347..0.347]	[0.763..0.852]	0.8195229	[134107.4..139363.58]
Group-1	PS 40:1:0	281.25	240116_PS_FTMSMS-_1.mzXML	30.0	439758.8	0.0	0.0	[9.0..9.0]	[0.0..1.0]	[0.914..0.919]	[401939.53..404138.38]	[0.368..0.369]	[0.76..0.85]	[0.918..0.918]	[403698.6..403698.6]	[0.369..0.369]	[0.763..0.852]	0.8195229	[329398.7..331200.66]
Group-1	PS 40:1:0	281.25	240116_PS_FTMSMS-_1.mzXML	35.0	595131.6	0.0	0.0	[9.0..9.0]	[0.0..1.0]	[0.904..0.932]	[537999.0..554662.6]	[0.385..0.39]	[0.76..0.85]	[0.925..0.928]	[550496.75..552282.1]	[0.391..0.391]	[0.763..0.852]	0.8195229	[440902.5..454558.75]
Group-1	PS 40:1:0	283.26	240116_PS_FTMSMS-_1.mzXML	25.0	173327.7	0.0	0.0	[0.0..0.0]	[0.19999999..0.19999999]	[0.989..0.989]	[171421.11..171421.11]	[0.694..0.694]	[0.0..0.07]	[0.989..0.989]	[171421.11..171421.11]	[0.694..0.694]	[0.0..0.068]	0.8195229	[140483.53..140483.53]
Group-1	PS 40:1:0	283.26	240116_PS_FTMSMS-_1.mzXML	30.0	415412.8	0.0	0.0	[0.0..0.0]	[0.19999999..0.19999999]	[0.97..0.97]	[402950.44..402950.44]	[0.761..0.761]	[0.0..0.07]	[0.97..0.97]	[402950.44..402950.44]	[0.761..0.761]	[0.0..0.068]	0.8195229	[330227.12..330227.12]
Group-1	PS 40:1:0	283.26	240116_PS_FTMSMS-_1.mzXML	35.0	519924.8	0.0	0.0	[0.0..0.0]	[0.19999999..0.19999999]	[0.961..0.961]	[499647.75..499647.75]	[0.781..0.781]	[0.0..0.07]	[0.961..0.961]	[499647.75..499647.75]	[0.781..0.781]	[0.0..0.068]	0.8195229	[409472.8..409472.8]
Group-1	PS 40:1:0	309.28	240116_PS_FTMSMS-_1.mzXML	25.0	7082.6	0.0	0.0	[11.0..11.0]	[0.0..1.0]	[0.901..0.939]	[6381.423..6650.562]	[0.43..0.433]	[0.66..0.9]	[0.926..0.935]	[6558.488..6622.231]	[0.436..0.436]	[0.656..0.9]	0.8195229	[5229.722..5450.2876]
Group-1	PS 40:1:0	309.28	240116_PS_FTMSMS-_1.mzXML	30.0	13158.6	0.0	0.0	[11.0..11.0]	[0.0..1.0]	[0.892..0.898]	[11737.471..11816.423]	[0.371..0.372]	[0.66..0.9]	[0.896..0.897]	[11790.105..11803.264]	[0.373..0.373]	[0.656..0.9]	0.8195229	[9619.127..9683.829]
Group-1	PS 40:1:0	309.28	240116_PS_FTMSMS-_1.mzXML	35.0	13622.2	0.0	0.0	[11.0..11.0]	[0.0..1.0]	[0.856..0.884]	[11660.604..12042.025]	[0.318..0.325]	[0.66..0.9]	[0.874..0.881]	[11905.803..12001.158]	[0.323..0.324]	[0.656..0.9]	0.8195229	[9556.132..9868.715]
Group-1	PS 40:1:0	311.29	240116_PS_FTMSMS-_1.mzXML	25.0	8534.8	0.0	0.0	[0.0..0.0]	[0.0..1.0]	[0.991..1.022]	[8457.986..8722.565]	[0.567..0.57]	[0.1..0.34]	[0.994..1.002]	[8483.591..8551.869]	[0.564..0.564]	[0.1..0.344]	0.8195229	[6931.5137..7148.342]
Group-1	PS 40:1:0	311.29	240116_PS_FTMSMS-_1.mzXML	30.0	20767.1	0.0	0.0	[0.0..0.0]	[0.0..1.0]	[0.953..0.965]	[19791.047..20040.25]	[0.628..0.629]	[0.1..0.34]	[0.954..0.957]	[19811.812..19874.115]	[0.627..0.627]	[0.1..0.344]	0.8195229	[16219.215..16423.443]
Group-1	PS 40:1:0	311.29	240116_PS_FTMSMS-_1.mzXML	35.0	26798.3	0.0	0.0	[0.0..0.0]	[0.0..1.0]	[0.933..0.935]	[25002.814..25056.412]	[0.675..0.682]	[0.1..0.34]	[0.933..0.934]	[25002.814..25029.613]	[0.676..0.677]	[0.1..0.344]	0.8195229	[20490.38..20534.305]
Group-1	PS 40:1:0	337.31	240116_PS_FTMSMS-_1.mzXML	25.0	80955.5	0.0	0.0	[13.0..13.0]	[0.8..0.8]	[0.933..0.933]	[75531.484..75531.484]	[0.306..0.306]	[0.93..1.0]	[0.933..0.933]	[75531.484..75531.484]	[0.306..0.306]	[0.932..1.0]	0.8195229	[61899.785..61899.785]
Group-1	PS 40:1:0	337.31	240116_PS_FTMSMS-_1.mzXML	30.0	145194.3	0.0	0.0	[13.0..13.0]	[0.8..0.8]	[0.87..0.87]	[126319.04..126319.04]	[0.239..0.239]	[0.93..1.0]	[0.87..0.87]	[126319.04..126319.04]	[0.239..0.239]	[0.932..1.0]	0.8195229	[103521.35..103521.35]
Group-1	PS 40:1:0	337.31	240116_PS_FTMSMS-_1.mzXML	35.0	170363.2	0.0	0.0	[13.0..13.0]	[0.8..0.8]	[0.82..0.82]	[139697.83..139697.83]	[0.219..0.219]	[0.93..1.0]	[0.82..0.82]	[139697.83..139697.83]	[0.219..0.219]	[0.932..1.0]	0.8195229	[114485.57..114485.57]
Group-1	PS 40:1:0	339.32	240116_PS_FTMSMS-_1.mzXML	25.0	311011.7	0.0	0.0	[0.0..0.0]	[0.0..1.0]	[1.016..1.052]	[315987.88..327184.3]	[0.658..0.659]	[0.15..0.24]	[1.021..1.025]	[317542.94..318786.97]	[0.653..0.653]	[0.148..0.237]	0.8195229	[258959.31..268135.03]
Group-1	PS 40:1:0	339.32	240116_PS_FTMSMS-_1.mzXML	30.0	720704.2	0.0	0.0	[0.0..0.0]	[0.0..1.0]	[0.955..0.961]	[688272.5..692596.75]	[0.631..0.632]	[0.15..0.24]	[0.956..0.956]	[688993.2..688993.2]	[0.631..0.631]	[0.148..0.237]	0.8195229	[564055.1..567598.94]
Group-1	PS 40:1:0	339.32	240116_PS_FTMSMS-_1.mzXML	35.0	940353.0	0.0	0.0	[0.0..0.0]	[0.0..1.0]	[0.912..0.921]	[857601.94..866065.1]	[0.61..0.615]	[0.15..0.24]	[0.913..0.914]	[858542.25..859482.6]	[0.609..0.609]	[0.148..0.237]	0.8195229	[702824.44..709760.2]
Group-1	PS 40:2:0	281.25	240116_PS_FTMSMS-_1.mzXML	25.0	234455.9	0.0	0.0	[9.0..9.0]	[1.0..1.0]	[0.928..0.928]	[217575.08..217575.08]	[0.359..0.359]	[0.81..0.93]	[0.928..0.928]	[217575.08..217575.08]	[0.359..0.359]	[0.814..0.933]	0.8212088	[178674.56..178674.56]
Group-1	PS 40:2:0	281.25	240116_PS_FTMSMS-_1.mzXML	30.0	430305.0	0.0	0.0	[9.0..9.0]	[0.0..0.0]	[0.919..0.919]	[395450.3..395450.3]	[0.31..0.31]	[0.81..0.93]	[0.919..0.919]	[395450.3..395450.3]	[0.31..0.31]	[0.814..0.933]	0.8212088	[324747.28..324747.28]
Group-1	PS 40:2:0	281.25	240116_PS_FTMSMS-_1.mzXML	35.0	503693.4	0.0	0.0	[9.0..9.0]	[0.0..1.0]	[0.904..0.932]	[455338.84..469442.25]	[0.321..0.321]	[0.81..0.93]	[0.927..0.93]	[466923.78..468434.88]	[0.326..0.326]	[0.814..0.933]	0.8212088	[373928.25..385510.1]
Group-1	PS 40:2:0	283.26	240116_PS_FTMSMS-_1.mzXML	25.0	189383.7	0.0	0.0	[0.0..0.0]	[0.0..0.0]	[0.986..0.986]	[186732.34..186732.34]	[0.725..0.725]	[0.0..0.0]	[0.986..0.986]	[186732.33..186732.33]	[0.725..0.725]	[0.0..0.0]	0.8212088	[153346.23..153346.23]
Group-1	PS 40:2:0	283.26	240116_PS_FTMSMS-_1.mzXML	30.0	446203.0	0.0	0.0	[0.0..0.0]	[1.0..1.0]	[0.978..0.978]	[436386.53..436386.53]	[0.781..0.781]	[0.0..0.0]	[0.978..0.978]	[436386.53..436386.53]	[0.781..0.781]	[0.0..0.0]	0.8212088	[358364.44..358364.44]
Group-1	PS 40:2:0	283.26	240116_PS_FTMSMS-_1.mzXML	35.0	519870.4	0.0	0.0	[0.0..0.0]	[0.0..1.0]	[0.961..0.963]	[499595.47..500635.2]	[0.796..0.8]	[0.0..0.0]	[0.961..0.961]	[499595.47..499595.47]	[0.796..0.796]	[0.0..0.0]	0.8212088	[410272.2..411126.0]
Group-1	PS 40:2:0	309.28	240116_PS_FTMSMS-_1.mzXML	25.0	46009.1	0.0	0.0	[11.0..11.0]	[0.5..0.5]	[0.953..0.953]	[43846.676..43846.676]	[0.5..0.5]	[0.5..0.5]	[0.953..0.953]	[43846.676..43846.676]	[0.5..0.5]	[0.5..0.5]	0.8212088	[36007.273..36007.273]
Group-1	PS 40:2:0	309.28	240116_PS_FTMSMS-_1.mzXML	30.0	92952.7	0.0	0.0	[11.0..11.0]	[0.5..0.5]	[0.895..0.895]	[83192.664..83192.664]	[0.5..0.5]	[0.5..0.5]	[0.895..0.895]	[83192.664..83192.664]	[0.5..0.5]	[0.5..0.5]	0.8212088	[68318.555..68318.555]
Group-1	PS 40:2:0	309.28	240116_PS_FTMSMS-_1.mzXML	35.0	115830.8	0.0	0.0	[11.0..11.0]	[0.5..0.5]	[0.848..0.848]	[98224.516..98224.516]	[0.5..0.5]	[0.5..0.5]	[0.848..0.848]	[98224.516..98224.516]	[0.5..0.5]	[0.5..0.5]	0.8212088	[80662.836..80662.836]
Group-1	PS 40:2:0	335.29	240116_PS_FTMSMS-_1.mzXML	25.0	76670.2	0.0	0.0	[13.0..13.0]	[1.0..1.0]	[0.922..0.922]	[70689.93..70689.93]	[0.275..0.275]	[1.0..1.0]	[0.922..0.922]	[70689.93..70689.93]	[0.275..0.275]	[1.0..1.0]	0.8212088	[58051.188..58051.188]
Group-1	PS 40:2:0	335.29	240116_PS_FTMSMS-_1.mzXML	30.0	141438.4	0.0	0.0	[13.0..13.0]	[0.0..0.0]	[0.867..0.867]	[122627.09..122627.09]	[0.219..0.219]	[1.0..1.0]	[0.867..0.867]	[122627.09..122627.09]	[0.219..0.219]	[1.0..1.0]	0.8212088	[100702.445..100702.445]
Group-1	PS 40:2:0	335.29	240116_PS_FTMSMS-_1.mzXML	35.0	151432.5	0.0	0.0	[13.0..13.0]	[0.0..1.0]	[0.827..0.848]	[125234.68..128414.76]	[0.2..0.204]	[1.0..1.0]	[0.848..0.848]	[128414.76..128414.76]	[0.204..0.204]	[1.0..1.0]	0.8212088	[102843.82..105455.33]
Group-1	PS 40:2:0	337.31	240116_PS_FTMSMS-_1.mzXML	25.0	430337.4	0.0	0.0	[13.0..13.0]	[0.0..0.0]	[0.901..0.901]	[387734.03..387734.03]	[0.641..0.641]	[0.07..0.19]	[0.901..0.901]	[387734.0..387734.0]	[0.641..0.641]	[0.067..0.186]	0.8212088	[318410.56..318410.56]
Group-1	PS 40:2:0	337.31	240116_PS_FTMSMS-_1.mzXML	30.0	1014025.0	0.0	0.0	[13.0..13.0]	[1.0..1.0]	[0.869..0.869]	[881187.75..881187.75]	[0.69..0.69]	[0.07..0.19]	[0.869..0.869]	[881187.75..881187.75]	[0.69..0.69]	[0.067..0.186]	0.8212088	[723639.1..723639.1]
Group-1	PS 40:2:0	337.31	240116_PS_FTMSMS-_1.mzXML	35.0	1182519.8	0.0	0.0	[13.0..13.0]	[0.0..1.0]	[0.815..0.839]	[963753.56..992134.06]	[0.679..0.679]	[0.07..0.19]	[0.817..0.82]	[966118.6..969666.2]	[0.674..0.674]	[0.067..0.186]	0.8212088	[791442.94..814749.2]
Group-1	PS 40:3:0	281.25	240116_PS_FTMSMS-_1.mzXML	25.0	72295.1	0.0	0.0	[9.0..9.0]	[0.0..0.0]	[0.893..0.893]	[64559.527..64559.527]	[0.422..0.422]	[0.55..0.67]	[0.893..0.893]	[64559.527..64559.527]	[0.422..0.422]	[0.55..0.674]	0.82289374	[53125.63..53125.63]
Group-1	PS 40:3:0	281.25	240116_PS_FTMSMS-_1.mzXML	30.0	118746.8	0.0	0.0	[9.0..9.0]	[1.0..1.0]	[0.914..0.914]	[108534.57..108534.57]	[0.446..0.446]	[0.55..0.67]	[0.914..0.914]	[108534.57..108534.57]	[0.446..0.446]	[0.55..0.674]	0.82289374	[89312.414..89312.414]
Group-1	PS 40:3:0	281.25	240116_PS_FTMSMS-_1.mzXML	35.0	157789.8	0.0	0.0	[9.0..9.0]	[0.0..1.0]	[0.904..0.932]	[142641.97..147060.1]	[0.478..0.479]	[0.55..0.67]	[0.919..0.923]	[145008.83..145639.98]	[0.48..0.48]	[0.55..0.674]	0.82289374	[117379.19..121014.82]
Group-1	PS 40:3:0	283.26	240116_PS_FTMSMS-_1.mzXML	25.0	903132.2	0.0	0.0	[0.0..0.0]	[0.3..0.3]	[0.991..0.991]	[895004.06..895004.06]	[0.693..0.693]	[0.0..0.07]	[0.991..0.991]	[895004.0..895004.0]	[0.693..0.693]	[0.0..0.071]	0.82289374	[736493.2..736493.2]
Group-1	PS 40:3:0	283.26	240116_PS_FTMSMS-_1.mzXML	30.0	1855864.1	0.0	0.0	[0.0..0.0]	[1.0..1.0]	[0.978..0.978]	[1815035.1..1815035.1]	[0.743..0.743]	[0.0..0.07]	[0.978..0.978]	[1815035.1..1815035.1]	[0.743..0.743]	[0.0..0.071]	0.82289374	[1493581.0..1493581.0]
Group-1	PS 40:3:0	283.26	240116_PS_FTMSMS-_1.mzXML	35.0	2357692.5	0.0	0.0	[0.0..0.0]	[0.3..1.0]	[0.961..0.963]	[2265742.5..2270458.0]	[0.769..0.771]	[0.0..0.07]	[0.961..0.961]	[2265742.5..2265742.5]	[0.769..0.769]	[0.0..0.071]	0.82289374	[1864465.4..1868345.5]
Group-1	PS 40:3:0	333.28	240116_PS_FTMSMS-_1.mzXML	25.0	416487.7	0.0	0.0	[13.0..13.0]	[0.7..0.7]	[0.951..0.951]	[396079.78..396079.78]	[0.307..0.307]	[0.93..1.0]	[0.951..0.951]	[396079.78..396079.78]	[0.307..0.307]	[0.929..1.0]	0.82289374	[325931.6..325931.6]
Group-1	PS 40:3:0	333.28	240116_PS_FTMSMS-_1.mzXML	30.0	674421.0	0.0	0.0	[13.0..13.0]	[0.0..0.0]	[0.93..0.93]	[627211.56..627211.56]	[0.257..0.257]	[0.93..1.0]	[0.93..0.93]	[627211.56..627211.56]	[0.257..0.257]	[0.929..1.0]	0.82289374	[516128.44..516128.44]
Group-1	PS 40:3:0	333.28	240116_PS_FTMSMS-_1.mzXML	35.0	709367.2	0.0	0.0	[13.0..13.0]	[0.0..0.7]	[0.949..0.959]	[673189.44..680283.1]	[0.229..0.231]	[0.93..1.0]	[0.958..0.959]	[679573.75..680283.1]	[0.231..0.231]	[0.929..1.0]	0.82289374	[553963.4..559800.75]
Group-1	PS 40:3:0	335.29	240116_PS_FTMSMS-_1.mzXML	25.0	95850.4	0.0	0.0	[13.0..13.0]	[1.0..1.0]	[0.922..0.922]	[88374.07..88374.07]	[0.578..0.578]	[0.33..0.45]	[0.922..0.922]	[88374.07..88374.07]	[0.578..0.578]	[0.326..0.45]	0.82289374	[72722.47..72722.47]
Group-1	PS 40:3:0	335.29	240116_PS_FTMSMS-_1.mzXML	30.0	155634.7	0.0	0.0	[13.0..13.0]	[0.0..0.0]	[0.867..0.867]	[134935.28..134935.28]	[0.554..0.554]	[0.33..0.45]	[0.867..0.867]	[134935.28..134935.28]	[0.554..0.554]	[0.326..0.45]	0.82289374	[111037.4..111037.4]
Group-1	PS 40:3:0	335.29	240116_PS_FTMSMS-_1.mzXML	35.0	188656.3	0.0	0.0	[13.0..13.0]	[0.0..1.0]	[0.827..0.848]	[156018.77..159980.53]	[0.521..0.522]	[0.33..0.45]	[0.834..0.836]	[157339.34..157716.67]	[0.52..0.52]	[0.326..0.45]	0.82289374	[128386.86..131646.98]
Group-1	PS 40:4:0	281.25	240116_PS_FTMSMS-_1.mzXML	25.0	137694.7	0.0	0.0	[9.0..9.0]	[1.0..1.0]	[0.928..0.928]	[127780.68..127780.68]	[0.695..0.695]	[0.07..0.16]	[0.928..0.928]	[127780.68..127780.68]	[0.695..0.695]	[0.066..0.156]	0.8245947	[105367.27..105367.27]
Group-1	PS 40:4:0	281.25	240116_PS_FTMSMS-_1.mzXML	30.0	281369.4	0.0	0.0	[9.0..9.0]	[1.0..1.0]	[0.914..0.914]	[257171.62..257171.62]	[0.651..0.651]	[0.07..0.16]	[0.914..0.914]	[257171.62..257171.62]	[0.651..0.651]	[0.066..0.156]	0.8245947	[212062.36..212062.36]
Group-1	PS 40:4:0	281.25	240116_PS_FTMSMS-_1.mzXML	35.0	315030.9	0.0	0.0	[9.0..9.0]	[1.0..1.0]	[0.904..0.904]	[284787.94..284787.94]	[0.659..0.659]	[0.07..0.16]	[0.904..0.904]	[284787.94..284787.94]	[0.659..0.659]	[0.066..0.156]	0.8245947	[234834.62..234834.62]
Group-1	PS 40:4:0	283.26	240116_PS_FTMSMS-_1.mzXML	25.0	3606376.0	0.0	0.0	[0.0..0.0]	[0.0..1.0]	[0.986..1.005]	[3555886.8..3624407.8]	[0.72..0.727]	[0.0..0.0]	[0.986..0.986]	[3555886.8..3555886.8]	[0.716..0.72]	[0.0..0.0]	0.8245947	[2932165.2..2988667.5]
Group-1	PS 40:4:0	283.26	240116_PS_FTMSMS-_1.mzXML	30.0	7109268.5	0.0	0.0	[0.0..0.0]	[0.0..1.0]	[0.968..0.978]	[6881772.0..6952864.5]	[0.743..0.752]	[0.0..0.0]	[0.968..0.968]	[6881772.0..6881772.0]	[0.741..0.752]	[0.0..0.0]	0.8245947	[5674672.5..5733295.0]
Group-1	PS 40:4:0	283.26	240116_PS_FTMSMS-_1.mzXML	35.0	8826799.0	0.0	0.0	[0.0..0.0]	[1.0..1.0]	[0.963..0.963]	[8500207.0..8500207.0]	[0.761..0.788]	[0.0..0.0]	[0.963..0.963]	[8500207.0..8500207.0]	[0.763..0.789]	[0.0..0.0]	0.8245947	[7009226.0..7009226.0]
Group-1	PS 40:4:0	331.26	240116_PS_FTMSMS-_1.mzXML	25.0	1479126.9	0.0	0.0	[7.0..10.0]	[0.0..1.0]	[0.904..0.952]	[1337130.6..1408128.9]	[0.273..0.28]	[1.0..1.0]	[0.935..0.952]	[1382983.6..1408128.9]	[0.28..0.284]	[1.0..1.0]	0.8245947	[1102590.9..1161135.5]
Group-1	PS 40:4:0	331.26	240116_PS_FTMSMS-_1.mzXML	30.0	2265499.2	0.0	0.0	[7.0..10.0]	[0.0..1.0]	[1.001..1.062]	[2267764.8..2405960.2]	[0.248..0.257]	[1.0..1.0]	[1.002..1.062]	[2270030.2..2405960.2]	[0.248..0.259]	[1.0..1.0]	0.8245947	[1869986.9..1983942.0]
Group-1	PS 40:4:0	331.26	240116_PS_FTMSMS-_1.mzXML	35.0	1958457.8	0.0	0.0	[7.0..10.0]	[0.0..0.0]	[1.169..1.363]	[2289437.2..2669378.0]	[0.212..0.239]	[1.0..1.0]	[1.163..1.349]	[2277686.2..2641959.5]	[0.211..0.237]	[1.0..1.0]	0.8245947	[1887857.8..2201155.0]
Group-1	PS 40:4:0	333.28	240116_PS_FTMSMS-_1.mzXML	25.0	60436.2	0.0	0.0	[13.0..13.0]	[0.0..0.0]	[0.93..0.93]	[56205.664..56205.664]	[0.305..0.305]	[0.84..0.93]	[0.93..0.93]	[56205.664..56205.664]	[0.305..0.305]	[0.844..0.934]	0.8245947	[46346.89..46346.89]
Group-1	PS 40:4:0	333.28	240116_PS_FTMSMS-_1.mzXML	30.0	148261.3	0.0	0.0	[13.0..13.0]	[0.0..0.0]	[0.93..0.93]	[137883.02..137883.02]	[0.349..0.349]	[0.84..0.93]	[0.93..0.93]	[137883.0..137883.0]	[0.349..0.349]	[0.844..0.934]	0.8245947	[113697.59..113697.59]
Group-1	PS 40:4:0	333.28	240116_PS_FTMSMS-_1.mzXML	35.0	153984.1	0.0	0.0	[13.0..13.0]	[0.0..0.0]	[0.959..0.959]	[147670.75..147670.75]	[0.341..0.341]	[0.84..0.93]	[0.959..0.959]	[147670.75..147670.75]	[0.341..0.341]	[0.844..0.934]	0.8245947	[121768.51..121768.51]
Group-1	PS 40:5:0	283.26	240116_PS_FTMSMS-_1.mzXML	25.0	6084814.0	0.0	0.0	[0.0..0.0]	[1.0..1.0]	[1.005..1.005]	[6115238.0..6115238.0]	[0.775..0.78]	[0.0..0.0]	[1.005..1.005]	[6115238.0..6115238.0]	[0.765..0.773]	[0.0..0.0]	0.8262947	[5052988.5..5052988.5]
Group-1	PS 40:5:0	283.26	240116_PS_FTMSMS-_1.mzXML	30.0	1.091087E7	0.0	0.0	[0.0..0.0]	[1.0..1.0]	[0.978..0.978]	[1.0670831E7..1.0670831E7]	[0.773..0.793]	[0.0..0.0]	[0.978..0.978]	[1.0670831E7..1.0670831E7]	[0.772..0.792]	[0.0..0.0]	0.8262947	[8817251.0..8817251.0]
Group-1	PS 40:5:0	283.26	240116_PS_FTMSMS-_1.mzXML	35.0	1.2253482E7	0.0	0.0	[0.0..0.0]	[1.0..1.0]	[0.963..0.963]	[1.1800103E7..1.1800103E7]	[0.779..0.81]	[0.0..0.0]	[0.963..0.963]	[1.1800103E7..1.1800103E7]	[0.779..0.81]	[0.0..0.0]	0.8262947	[9750362.0..9750362.0]
Group-1	PS 40:5:0	329.25	240116_PS_FTMSMS-_1.mzXML	25.0	1626872.1	137066.6	0.08425161	[5.2..5.5]	[0.0..0.0]	[1.061..1.094]	[1726111.2..1779798.1]	[0.22..0.225]	[1.0..1.0]	[1.105..1.153]	[1797693.8..1875783.5]	[0.227..0.235]	[1.0..1.0]	0.8262947	[1426276.8..1470637.8]
Group-1	PS 40:5:0	329.25	240116_PS_FTMSMS-_1.mzXML	30.0	1820427.8	329123.0	0.18079433	[4.0..4.7]	[0.0..0.0]	[1.534..1.717]	[2792536.2..3125674.5]	[0.207..0.227]	[1.0..1.0]	[1.539..1.731]	[2801638.2..3151160.2]	[0.208..0.228]	[1.0..1.0]	0.8262947	[2307458.0..2582728.2]
Group-1	PS 40:5:0	329.25	240116_PS_FTMSMS-_1.mzXML	35.0	1090096.2	365607.4	0.33539003	[4.0..4.0]	[0.0..0.0]	[2.542..3.073]	[2771024.8..3349865.8]	[0.19..0.221]	[1.0..1.0]	[2.541..3.077]	[2769934.5..3354226.0]	[0.19..0.221]	[1.0..1.0]	0.8262947	[2289683.0..2767976.2]
Group-1	PS 40:6:0	283.26	240116_PS_FTMSMS-_1.mzXML	25.0	9308511.0	0.0	0.0	[0.0..0.0]	[0.0..1.0]	[0.986..1.005]	[9178192.0..9355054.0]	[0.764..0.773]	[0.0..0.0]	[0.986..0.986]	[9178192.0..9178192.0]	[0.761..0.761]	[0.0..0.0]	0.8280024	[7599565.0..7746007.0]
Group-1	PS 40:6:0	283.26	240116_PS_FTMSMS-_1.mzXML	30.0	1.754167E7	0.0	0.0	[0.0..0.0]	[1.0..1.0]	[0.978..0.978]	[1.7155754E7..1.7155754E7]	[0.779..0.779]	[0.0..0.0]	[0.978..0.978]	[1.7155754E7..1.7155754E7]	[0.779..0.779]	[0.0..0.0]	0.8280024	[1.4205005E7..1.4205005E7]
Group-1	PS 40:6:0	283.26	240116_PS_FTMSMS-_1.mzXML	35.0	2.0643438E7	0.0	0.0	[0.0..0.0]	[0.0..0.0]	[0.961..0.961]	[1.9838344E7..1.9838344E7]	[0.798..0.798]	[0.0..0.0]	[0.961..0.961]	[1.9838344E7..1.9838344E7]	[0.798..0.798]	[0.0..0.0]	0.8280024	[1.6426197E7..1.6426197E7]
Group-1	PS 40:6:0	327.23	240116_PS_FTMSMS-_1.mzXML	25.0	2052032.1	493510.4	0.24049838	[4.0..4.0]	[0.0..1.0]	[1.314..1.405]	[2696370.2..2883105.0]	[0.227..0.236]	[1.0..1.0]	[1.405..1.405]	[2883105.0..2883105.0]	[0.239..0.239]	[1.0..1.0]	0.8280024	[2232601.0..2387218.0]
Group-1	PS 40:6:0	327.23	240116_PS_FTMSMS-_1.mzXML	30.0	1983945.8	749919.9	0.37799415	[4.0..4.0]	[0.0..0.0]	[2.457..2.457]	[4874554.5..4874554.5]	[0.221..0.221]	[1.0..1.0]	[2.457..2.457]	[4874554.5..4874554.5]	[0.221..0.221]	[1.0..1.0]	0.8280024	[4036143.0..4036143.0]
Group-1	PS 40:6:0	327.23	240116_PS_FTMSMS-_1.mzXML	35.0	895753.0	575010.6	0.64192986	[4.0..4.0]	[1.0..1.0]	[5.617..5.617]	[5031444.5..5031444.5]	[0.202..0.202]	[1.0..1.0]	[5.617..5.617]	[5031444.5..5031444.5]	[0.202..0.202]	[1.0..1.0]	0.8280024	[4166048.2..4166048.2]
Group-1	PS 40:7:0	281.25	240116_PS_FTMSMS-_1.mzXML	25.0	167509.5	0.0	0.0	[9.0..9.0]	[1.0..1.0]	[0.928..0.928]	[155448.81..155448.81]	[0.81..0.81]	[0.0..0.0]	[0.928..0.928]	[155448.81..155448.81]	[0.81..0.81]	[0.0..0.0]	0.8297263	[128979.96..128979.96]
Group-1	PS 40:7:0	281.25	240116_PS_FTMSMS-_1.mzXML	30.0	251225.9	0.0	0.0	[9.0..9.0]	[1.0..1.0]	[0.914..0.914]	[229620.47..229620.47]	[0.815..0.815]	[0.0..0.0]	[0.914..0.914]	[229620.47..229620.47]	[0.815..0.815]	[0.0..0.0]	0.8297263	[190522.14..190522.14]
Group-1	PS 40:7:0	281.25	240116_PS_FTMSMS-_1.mzXML	35.0	289104.8	0.0	0.0	[9.0..9.0]	[1.0..1.0]	[0.904..0.904]	[261350.75..261350.75]	[0.831..0.831]	[0.0..0.0]	[0.904..0.904]	[261350.75..261350.75]	[0.831..0.831]	[0.0..0.0]	0.8297263	[216849.58..216849.58]
Group-1	PS 40:7:0	303.23	240116_PS_FTMSMS-_1.mzXML	25.0	24897.8	0.0	0.0	[5.0..8.0]	[1.0..1.0]	[0.996..1.036]	[24798.207..25794.121]	[0.904..0.907]	[0.0..0.0]	[0.965..0.998]	[24026.377..24848.006]	[0.898..0.9]	[0.0..0.0]	0.8297263	[20575.727..21402.06]
Group-1	PS 40:7:0	303.23	240116_PS_FTMSMS-_1.mzXML	30.0	53720.3	0.0	0.0	[5.0..8.0]	[1.0..1.0]	[1.142..1.33]	[61348.586..71448.0]	[0.903..0.906]	[0.0..0.0]	[1.147..1.333]	[61617.184..71609.16]	[0.903..0.906]	[0.0..0.0]	0.8297263	[50902.527..59282.285]
Group-1	PS 40:7:0	303.23	240116_PS_FTMSMS-_1.mzXML	35.0	51472.4	0.0	0.0	[5.0..8.0]	[1.0..1.0]	[1.444..1.906]	[74326.14..98106.39]	[0.913..0.914]	[0.0..0.0]	[1.462..1.927]	[75252.65..99187.31]	[0.915..0.916]	[0.0..0.0]	0.8297263	[61670.35..81401.445]
Group-1	PS 40:7:0	305.25	240116_PS_FTMSMS-_1.mzXML	25.0	2897.1	0.0	0.0	[5.0..11.0]	[0.0..0.0]	[0.909..0.917]	[2633.464..2656.641]	[0.093..0.096]	[1.0..1.0]	[0.94..0.95]	[2723.2742..2752.245]	[0.1..0.102]	[1.0..1.0]	0.8297263	[2185.0542..2204.2847]
Group-1	PS 40:7:0	305.25	240116_PS_FTMSMS-_1.mzXML	30.0	6892.1	0.0	0.0	[5.0..11.0]	[0.0..0.0]	[0.959..1.078]	[6609.524..7429.684]	[0.094..0.097]	[1.0..1.0]	[0.957..1.075]	[6595.7397..7409.008]	[0.094..0.097]	[1.0..1.0]	0.8297263	[5484.0957..6164.604]
Group-1	PS 40:7:0	305.25	240116_PS_FTMSMS-_1.mzXML	35.0	6904.4	0.0	0.0	[5.0..11.0]	[0.0..0.0]	[1.031..1.339]	[7118.437..9244.991]	[0.086..0.087]	[1.0..1.0]	[1.014..1.322]	[7001.062..9127.617]	[0.084..0.085]	[1.0..1.0]	0.8297263	[5906.354..7670.8125]
Group-1	PS 40:7:0	327.23	240116_PS_FTMSMS-_1.mzXML	25.0	27712.1	4543.2	0.16394283	[4.0..4.0]	[0.0..0.0]	[1.314..1.314]	[36413.7..36413.7]	[0.19..0.19]	[1.0..1.0]	[1.314..1.314]	[36413.7..36413.7]	[0.19..0.19]	[1.0..1.0]	0.8297263	[30213.402..30213.402]
Group-1	PS 40:7:0	327.23	240116_PS_FTMSMS-_1.mzXML	30.0	21250.7	7283.4	0.34273696	[4.0..4.0]	[0.0..0.0]	[2.457..2.457]	[52212.97..52212.97]	[0.185..0.185]	[1.0..1.0]	[2.457..2.457]	[52212.97..52212.97]	[0.185..0.185]	[1.0..1.0]	0.8297263	[43322.473..43322.473]
Group-1	PS 40:7:0	327.23	240116_PS_FTMSMS-_1.mzXML	35.0	9645.9	5284.7	0.5478701	[4.0..4.0]	[0.0..0.0]	[5.509..5.509]	[53139.26..53139.26]	[0.169..0.169]	[1.0..1.0]	[5.509..5.509]	[53139.26..53139.26]	[0.169..0.169]	[1.0..1.0]	0.8297263	[44091.043..44091.043]
Group-1	PS 40:8:0	279.23	240116_PS_FTMSMS-_1.mzXML	25.0	1982.4	0.0	0.0	[9.0..9.0]	[1.0..1.0]	[0.909..0.909]	[1802.002..1802.002]	[0.432..0.432]	[0.0..0.65]	[0.909..0.909]	[1802.0016..1802.0016]	[0.432..0.432]	[0.0..0.651]	0.8314494	[1498.2731..1498.2731]
Group-1	PS 40:8:0	279.23	240116_PS_FTMSMS-_1.mzXML	30.0	2597.2	0.0	0.0	[9.0..9.0]	[1.0..1.0]	[0.919..0.919]	[2386.827..2386.827]	[1.0..1.0]	[0.0..0.65]	[0.919..0.919]	[2386.827..2386.827]	[1.0..1.0]	[0.0..0.651]	0.8314494	[1984.5259..1984.5259]
Group-1	PS 40:8:0	279.23	240116_PS_FTMSMS-_1.mzXML	35.0	4279.7	0.0	0.0	[9.0..9.0]	[1.0..1.0]	[0.95..0.95]	[4065.715..4065.715]	[1.0..1.0]	[0.0..0.65]	[0.95..0.95]	[4065.715..4065.715]	[1.0..1.0]	[0.0..0.651]	0.8314494	[3380.4363..3380.4363]
Group-1	PS 40:8:0	303.23	240116_PS_FTMSMS-_1.mzXML	25.0	4314.6	0.0	0.0	[5.0..8.0]	[0.5..0.5]	[1.018..1.018]	[4392.263..4392.263]	[0.5..0.5]	[0.5..0.5]	[1.018..1.018]	[4392.2627..4392.2627]	[0.5..0.5]	[0.5..0.5]	0.8314494	[3651.9443..3651.9443]
Group-1	PS 40:8:0	303.23	240116_PS_FTMSMS-_1.mzXML	30.0	7198.8	0.0	0.0	[5.0..8.0]	[0.5..0.5]	[1.306..1.306]	[9401.633..9401.633]	[0.5..0.5]	[0.5..0.5]	[1.306..1.306]	[9401.633..9401.633]	[0.5..0.5]	[0.5..0.5]	0.8314494	[7816.9814..7816.9814]
Group-1	PS 40:8:0	303.23	240116_PS_FTMSMS-_1.mzXML	35.0	6060.5	0.0	0.0	[5.0..8.0]	[0.5..0.5]	[1.856..1.856]	[11248.288..11248.288]	[0.5..0.5]	[0.5..0.5]	[1.856..1.856]	[11248.288..11248.288]	[0.5..0.5]	[0.5..0.5]	0.8314494	[9352.382..9352.382]
Group-1	PS 40:8:0	327.23	240116_PS_FTMSMS-_1.mzXML	25.0	1802.6	0.0	0.0	[4.0..4.0]	[0.0..0.0]	[1.314..1.314]	[2368.617..2368.617]	[0.568..0.568]	[0.35..1.0]	[1.314..1.314]	[2368.6165..2368.6165]	[0.568..0.568]	[0.349..1.0]	0.8314494	[1969.3846..1969.3846]
Group-1	PS 40:8:0	327.23	240116_PS_FTMSMS-_1.mzXML	30.0	0.0	0.0	0.0	[4.0..4.0]	[0.0..0.0]	[2.457..2.457]	[0.0..0.0]	[0.0..0.0]	[0.35..1.0]	[2.457..2.457]	[0.0..0.0]	[0.0..0.0]	[0.349..1.0]	0.8314494	[0.0..0.0]
Group-1	PS 40:8:0	327.23	240116_PS_FTMSMS-_1.mzXML	35.0	0.0	0.0	0.0	[4.0..4.0]	[0.0..0.0]	[5.509..5.509]	[0.0..0.0]	[0.0..0.0]	[0.35..1.0]	[5.509..5.509]	[0.0..0.0]	[0.0..0.0]	[0.349..1.0]	0.8314494	[0.0..0.0]
Group-1	PS 41:0:0	283.26	240116_PS_FTMSMS-_1.mzXML	25.0	179165.3	0.0	0.0	[0.0..0.0]	[0.0..1.0]	[0.986..1.005]	[176656.98..180061.12]	[1.0..1.0]	[0.0..0.0]	[0.986..0.986]	[176656.98..176656.98]	[1.0..1.0]	[0.0..0.0]	0.8064056	[142457.19..145202.31]
Group-1	PS 41:0:0	283.26	240116_PS_FTMSMS-_1.mzXML	30.0	542139.2	0.0	0.0	[0.0..0.0]	[0.0..1.0]	[0.968..0.978]	[524790.75..530212.1]	[0.999..0.999]	[0.0..0.0]	[0.968..0.968]	[524790.75..524790.75]	[0.999..0.999]	[0.0..0.0]	0.8064056	[423194.2..427566.03]
Group-1	PS 41:0:0	283.26	240116_PS_FTMSMS-_1.mzXML	35.0	752280.1	0.0	0.0	[0.0..0.0]	[0.0..1.0]	[0.961..0.963]	[722941.25..724445.75]	[1.0..1.0]	[0.0..0.0]	[0.961..0.961]	[722941.25..722941.25]	[1.0..1.0]	[0.0..0.0]	0.8064056	[582983.9..584197.1]
Group-1	PS 41:0:0	353.34	240116_PS_FTMSMS-_1.mzXML	25.0	0.0	0.0	0.0	[0.0..0.0]	[0.0..1.0]	[1.036..1.072]	[0.0..0.0]	[0.0..0.0]	[1.0..1.0]	[1.072..1.072]	[0.0..0.0]	[0.0..0.0]	[1.0..1.0]	0.8064056	[0.0..0.0]
Group-1	PS 41:0:0	353.34	240116_PS_FTMSMS-_1.mzXML	30.0	785.0	0.0	0.0	[0.0..0.0]	[0.0..1.0]	[0.962..0.963]	[755.17..755.955]	[0.001..0.001]	[1.0..1.0]	[0.963..0.963]	[755.955..755.955]	[0.001..0.001]	[1.0..1.0]	0.8064056	[608.9733..609.6063]
Group-1	PS 41:0:0	353.34	240116_PS_FTMSMS-_1.mzXML	35.0	-1.8	0.0	-0.0	[0.0..0.0]	[0.0..1.0]	[0.903..0.919]	[-1.654..-1.625]	[-0.0..-0.0]	[1.0..1.0]	[0.919..0.919]	[-1.6542..-1.6542]	[-0.0..-0.0]	[1.0..1.0]	0.8064056	[-1.3339562..-1.3107316]
Group-1	PS 41:1:0	281.25	240116_PS_FTMSMS-_1.mzXML	25.0	27542.4	0.0	0.0	[9.0..9.0]	[0.0..1.0]	[0.893..0.928]	[24595.363..25559.348]	[0.231..0.232]	[1.0..1.0]	[0.928..0.928]	[25559.348..25559.348]	[0.238..0.238]	[1.0..1.0]	0.8080254	[19873.678..20652.602]
Group-1	PS 41:1:0	281.25	240116_PS_FTMSMS-_1.mzXML	30.0	33023.5	0.0	0.0	[9.0..9.0]	[0.0..1.0]	[0.914..0.919]	[30183.479..30348.598]	[0.155..0.155]	[1.0..1.0]	[0.919..0.919]	[30348.598..30348.598]	[0.156..0.156]	[1.0..1.0]	0.8080254	[24389.018..24522.44]
Group-1	PS 41:1:0	281.25	240116_PS_FTMSMS-_1.mzXML	35.0	54012.0	0.0	0.0	[9.0..9.0]	[0.0..1.0]	[0.904..0.932]	[48826.848..50339.184]	[0.192..0.194]	[1.0..1.0]	[0.932..0.932]	[50339.184..50339.184]	[0.197..0.197]	[1.0..1.0]	0.8080254	[39453.336..40675.34]
Group-1	PS 41:1:0	353.34	240116_PS_FTMSMS-_1.mzXML	25.0	79106.0	0.0	0.0	[0.0..0.0]	[0.0..1.0]	[1.036..1.072]	[81953.82..84801.63]	[0.768..0.769]	[0.0..0.0]	[1.036..1.036]	[81953.82..81953.82]	[0.762..0.762]	[0.0..0.0]	0.8080254	[66220.766..68521.875]
Group-1	PS 41:1:0	353.34	240116_PS_FTMSMS-_1.mzXML	30.0	171208.7	0.0	0.0	[0.0..0.0]	[0.0..1.0]	[0.962..0.963]	[164702.78..164873.98]	[0.845..0.845]	[0.0..0.0]	[0.962..0.962]	[164702.78..164702.78]	[0.844..0.844]	[0.0..0.0]	0.8080254	[133084.03..133222.38]
Group-1	PS 41:1:0	353.34	240116_PS_FTMSMS-_1.mzXML	35.0	227843.7	0.0	0.0	[0.0..0.0]	[0.0..1.0]	[0.903..0.919]	[205742.86..209388.38]	[0.806..0.808]	[0.0..0.0]	[0.903..0.903]	[205742.86..205742.86]	[0.803..0.803]	[0.0..0.0]	0.8080254	[166245.45..169191.12]
Group-1	PS 41:2:0	281.25	240116_PS_FTMSMS-_1.mzXML	25.0	226420.7	0.0	0.0	[9.0..9.0]	[1.0..1.0]	[0.928..0.928]	[210118.4..210118.4]	[0.811..0.811]	[0.0..0.0]	[0.928..0.928]	[210118.4..210118.4]	[0.811..0.811]	[0.0..0.0]	0.8096523	[170122.86..170122.86]
Group-1	PS 41:2:0	281.25	240116_PS_FTMSMS-_1.mzXML	30.0	786949.0	0.0	0.0	[9.0..9.0]	[1.0..1.0]	[0.914..0.914]	[719271.4..719271.4]	[0.856..0.856]	[0.0..0.0]	[0.914..0.914]	[719271.4..719271.4]	[0.856..0.856]	[0.0..0.0]	0.8096523	[582359.7..582359.7]
Group-1	PS 41:2:0	281.25	240116_PS_FTMSMS-_1.mzXML	35.0	1059945.2	0.0	0.0	[9.0..9.0]	[1.0..1.0]	[0.904..0.904]	[958190.5..958190.5]	[0.873..0.873]	[0.0..0.0]	[0.904..0.904]	[958190.5..958190.5]	[0.873..0.873]	[0.0..0.0]	0.8096523	[775801.1..775801.1]
Group-1	PS 41:2:0	351.33	240116_PS_FTMSMS-_1.mzXML	25.0	54671.8	0.0	0.0	[13.0..13.0]	[0.0..0.0]	[0.896..0.896]	[48985.934..48985.934]	[0.189..0.189]	[1.0..1.0]	[0.896..0.896]	[48985.934..48985.934]	[0.189..0.189]	[1.0..1.0]	0.8096523	[39661.58..39661.58]
Group-1	PS 41:2:0	351.33	240116_PS_FTMSMS-_1.mzXML	30.0	141305.0	0.0	0.0	[13.0..13.0]	[0.0..0.0]	[0.856..0.856]	[120957.08..120957.08]	[0.144..0.144]	[1.0..1.0]	[0.856..0.856]	[120957.08..120957.08]	[0.144..0.144]	[1.0..1.0]	0.8096523	[97933.18..97933.18]
Group-1	PS 41:2:0	351.33	240116_PS_FTMSMS-_1.mzXML	35.0	171774.0	0.0	0.0	[13.0..13.0]	[0.0..0.0]	[0.815..0.815]	[139995.81..139995.81]	[0.127..0.127]	[1.0..1.0]	[0.815..0.815]	[139995.81..139995.81]	[0.127..0.127]	[1.0..1.0]	0.8096523	[113347.93..113347.93]
Group-1	PS 41:3:0	281.25	240116_PS_FTMSMS-_1.mzXML	25.0	91681.5	0.0	0.0	[9.0..9.0]	[1.0..1.0]	[0.928..0.928]	[85080.43..85080.43]	[0.931..0.931]	[0.0..0.0]	[0.928..0.928]	[85080.43..85080.43]	[0.931..0.931]	[0.0..0.0]	0.81129444	[69025.27..69025.27]
Group-1	PS 41:3:0	281.25	240116_PS_FTMSMS-_1.mzXML	30.0	306947.3	0.0	0.0	[9.0..9.0]	[1.0..1.0]	[0.914..0.914]	[280549.84..280549.84]	[0.972..0.972]	[0.0..0.0]	[0.914..0.914]	[280549.84..280549.84]	[0.972..0.972]	[0.0..0.0]	0.81129444	[227608.52..227608.52]
Group-1	PS 41:3:0	281.25	240116_PS_FTMSMS-_1.mzXML	35.0	529161.4	0.0	0.0	[9.0..9.0]	[1.0..1.0]	[0.904..0.904]	[478361.88..478361.88]	[0.98..0.98]	[0.0..0.0]	[0.904..0.904]	[478361.88..478361.88]	[0.98..0.98]	[0.0..0.0]	0.81129444	[388092.34..388092.34]
Group-1	PS 41:3:0	283.26	240116_PS_FTMSMS-_1.mzXML	25.0	76805.8	0.0	0.0	[0.0..0.0]	[1.0..1.0]	[1.005..1.005]	[77189.83..77189.83]	[0.941..0.941]	[0.0..0.0]	[1.005..1.005]	[77189.83..77189.83]	[0.941..0.941]	[0.0..0.0]	0.81129444	[62623.676..62623.676]
Group-1	PS 41:3:0	283.26	240116_PS_FTMSMS-_1.mzXML	30.0	199882.6	0.0	0.0	[0.0..0.0]	[1.0..1.0]	[0.978..0.978]	[195485.17..195485.17]	[0.933..0.933]	[0.0..0.0]	[0.978..0.978]	[195485.17..195485.17]	[0.933..0.933]	[0.0..0.0]	0.81129444	[158596.03..158596.03]
Group-1	PS 41:3:0	283.26	240116_PS_FTMSMS-_1.mzXML	35.0	265643.6	0.0	0.0	[0.0..0.0]	[1.0..1.0]	[0.963..0.963]	[255814.78..255814.78]	[0.948..0.948]	[0.0..0.0]	[0.963..0.963]	[255814.78..255814.78]	[0.948..0.948]	[0.0..0.0]	0.81129444	[207541.11..207541.11]
Group-1	PS 41:3:0	297.28	240116_PS_FTMSMS-_1.mzXML	25.0	3520.4	0.0	0.0	[0.0..0.0]	[1.0..1.0]	[1.012..1.012]	[3562.645..3562.645]	[0.511..0.511]	[0.0..0.48]	[1.012..1.012]	[3562.6445..3562.6445]	[0.511..0.511]	[0.0..0.476]	0.81129444	[2890.3538..2890.3538]
Group-1	PS 41:3:0	297.28	240116_PS_FTMSMS-_1.mzXML	30.0	6435.4	0.0	0.0	[0.0..0.0]	[1.0..1.0]	[0.97..0.97]	[6242.338..6242.338]	[1.0..1.0]	[0.0..0.48]	[0.97..0.97]	[6242.338..6242.338]	[1.0..1.0]	[0.0..0.476]	0.81129444	[5064.374..5064.374]
Group-1	PS 41:3:0	297.28	240116_PS_FTMSMS-_1.mzXML	35.0	9174.4	0.0	0.0	[0.0..0.0]	[1.0..1.0]	[0.947..0.947]	[8688.157..8688.157]	[0.68..0.68]	[0.0..0.48]	[0.947..0.947]	[8688.157..8688.157]	[0.68..0.68]	[0.0..0.476]	0.81129444	[7048.654..7048.654]
Group-1	PS 41:3:0	333.28	240116_PS_FTMSMS-_1.mzXML	25.0	3659.3	0.0	0.0	[13.0..13.0]	[0.0..0.0]	[0.93..0.93]	[3403.149..3403.149]	[0.489..0.489]	[0.52..1.0]	[0.93..0.93]	[3403.1492..3403.1492]	[0.489..0.489]	[0.524..1.0]	0.81129444	[2760.9558..2760.9558]
Group-1	PS 41:3:0	333.28	240116_PS_FTMSMS-_1.mzXML	30.0	0.0	0.0	0.0	[13.0..13.0]	[0.0..0.0]	[0.93..0.93]	[0.0..0.0]	[0.0..0.0]	[0.52..1.0]	[0.93..0.93]	[0.0..0.0]	[0.0..0.0]	[0.524..1.0]	0.81129444	[0.0..0.0]
Group-1	PS 41:3:0	333.28	240116_PS_FTMSMS-_1.mzXML	35.0	4270.0	0.0	0.0	[13.0..13.0]	[0.0..0.0]	[0.959..0.959]	[4094.93..4094.93]	[0.32..0.32]	[0.52..1.0]	[0.959..0.959]	[4094.93..4094.93]	[0.32..0.32]	[0.524..1.0]	0.81129444	[3322.1938..3322.1938]
Group-1	PS 41:3:0	347.3	240116_PS_FTMSMS-_1.mzXML	25.0	5355.2	0.0	0.0	[13.0..13.0]	[0.0..0.0]	[0.906..0.906]	[4851.812..4851.812]	[0.059..0.059]	[1.0..1.0]	[0.906..0.906]	[4851.8115..4851.8115]	[0.059..0.059]	[1.0..1.0]	0.81129444	[3936.2476..3936.2476]
Group-1	PS 41:3:0	347.3	240116_PS_FTMSMS-_1.mzXML	30.0	15734.3	0.0	0.0	[13.0..13.0]	[0.0..0.0]	[0.891..0.891]	[14019.261..14019.261]	[0.067..0.067]	[1.0..1.0]	[0.891..0.891]	[14019.261..14019.261]	[0.067..0.067]	[1.0..1.0]	0.81129444	[11373.748..11373.748]
Group-1	PS 41:3:0	347.3	240116_PS_FTMSMS-_1.mzXML	35.0	15535.0	0.0	0.0	[13.0..13.0]	[0.0..0.0]	[0.907..0.907]	[14090.245..14090.245]	[0.052..0.052]	[1.0..1.0]	[0.907..0.907]	[14090.245..14090.245]	[0.052..0.052]	[1.0..1.0]	0.81129444	[11431.337..11431.337]
Group-1	PS 41:3:0	349.31	240116_PS_FTMSMS-_1.mzXML	25.0	7203.9	0.0	0.0	[13.0..13.0]	[0.0..0.0]	[0.878..0.878]	[6325.025..6325.025]	[0.069..0.069]	[1.0..1.0]	[0.878..0.878]	[6325.0244..6325.0244]	[0.069..0.069]	[1.0..1.0]	0.81129444	[5131.457..5131.457]
Group-1	PS 41:3:0	349.31	240116_PS_FTMSMS-_1.mzXML	30.0	9659.9	0.0	0.0	[13.0..13.0]	[0.0..0.0]	[0.841..0.841]	[8123.977..8123.977]	[0.028..0.028]	[1.0..1.0]	[0.841..0.841]	[8123.9766..8123.9766]	[0.028..0.028]	[1.0..1.0]	0.81129444	[6590.937..6590.937]
Group-1	PS 41:3:0	349.31	240116_PS_FTMSMS-_1.mzXML	35.0	11950.6	0.0	0.0	[13.0..13.0]	[0.0..0.0]	[0.814..0.814]	[9727.788..9727.788]	[0.02..0.02]	[1.0..1.0]	[0.814..0.814]	[9727.788..9727.788]	[0.02..0.02]	[1.0..1.0]	0.81129444	[7892.1006..7892.1006]
Group-1	PS 41:4:0	281.25	240116_PS_FTMSMS-_1.mzXML	25.0	45358.5	0.0	0.0	[9.0..9.0]	[1.0..1.0]	[0.928..0.928]	[42092.688..42092.688]	[0.943..0.943]	[0.0..0.0]	[0.928..0.928]	[42092.688..42092.688]	[0.943..0.943]	[0.0..0.0]	0.81293565	[34218.65..34218.65]
Group-1	PS 41:4:0	281.25	240116_PS_FTMSMS-_1.mzXML	30.0	103519.2	0.0	0.0	[9.0..9.0]	[1.0..1.0]	[0.914..0.914]	[94616.55..94616.55]	[0.944..0.944]	[0.0..0.0]	[0.914..0.914]	[94616.55..94616.55]	[0.944..0.944]	[0.0..0.0]	0.81293565	[76917.17..76917.17]
Group-1	PS 41:4:0	281.25	240116_PS_FTMSMS-_1.mzXML	35.0	133139.6	0.0	0.0	[9.0..9.0]	[1.0..1.0]	[0.904..0.904]	[120358.19..120358.19]	[0.958..0.958]	[0.0..0.0]	[0.904..0.904]	[120358.19..120358.19]	[0.958..0.958]	[0.0..0.0]	0.81293565	[97843.46..97843.46]
Group-1	PS 41:4:0	283.26	240116_PS_FTMSMS-_1.mzXML	25.0	82135.4	0.0	0.0	[0.0..0.0]	[1.0..1.0]	[1.005..1.005]	[82546.08..82546.08]	[1.0..1.0]	[0.0..0.0]	[1.005..1.005]	[82546.08..82546.08]	[1.0..1.0]	[0.0..0.0]	0.81293565	[67104.65..67104.65]
Group-1	PS 41:4:0	283.26	240116_PS_FTMSMS-_1.mzXML	30.0	230653.6	0.0	0.0	[0.0..0.0]	[1.0..1.0]	[0.978..0.978]	[225579.22..225579.22]	[1.0..1.0]	[0.0..0.0]	[0.978..0.978]	[225579.22..225579.22]	[1.0..1.0]	[0.0..0.0]	0.81293565	[183381.39..183381.39]
Group-1	PS 41:4:0	283.26	240116_PS_FTMSMS-_1.mzXML	35.0	302940.6	0.0	0.0	[0.0..0.0]	[1.0..1.0]	[0.963..0.963]	[291731.78..291731.78]	[1.0..1.0]	[0.0..0.0]	[0.963..0.963]	[291731.78..291731.78]	[1.0..1.0]	[0.0..0.0]	0.81293565	[237159.17..237159.17]
Group-1	PS 41:4:0	295.26	240116_PS_FTMSMS-_1.mzXML	25.0	0.0	0.0	0.0	[9.0..9.0]	[1.0..1.0]	[0.925..0.925]	[0.0..0.0]	[0.5..0.5]	[0.0..0.5]	[0.925..0.925]	[0.0..0.0]	[0.5..0.5]	[0.0..0.5]	0.81293565	[0.0..0.0]
Group-1	PS 41:4:0	295.26	240116_PS_FTMSMS-_1.mzXML	30.0	3812.5	0.0	0.0	[9.0..9.0]	[1.0..1.0]	[0.898..0.898]	[3423.625..3423.625]	[1.0..1.0]	[0.0..0.5]	[0.898..0.898]	[3423.625..3423.625]	[1.0..1.0]	[0.0..0.5]	0.81293565	[2783.1868..2783.1868]
Group-1	PS 41:4:0	295.26	240116_PS_FTMSMS-_1.mzXML	35.0	3709.8	0.0	0.0	[9.0..9.0]	[1.0..1.0]	[0.88..0.88]	[3264.624..3264.624]	[1.0..1.0]	[0.0..0.5]	[0.88..0.88]	[3264.624..3264.624]	[1.0..1.0]	[0.0..0.5]	0.81293565	[2653.9292..2653.9292]
Group-1	PS 41:4:0	297.28	240116_PS_FTMSMS-_1.mzXML	25.0	4962.8	0.0	0.0	[0.0..0.0]	[1.0..1.0]	[1.012..1.012]	[5022.353..5022.353]	[0.424..0.429]	[0.23..0.66]	[1.012..1.012]	[5022.353..5022.353]	[0.336..0.345]	[0.228..0.658]	0.81293565	[4082.8499..4082.8499]
Group-1	PS 41:4:0	297.28	240116_PS_FTMSMS-_1.mzXML	30.0	14408.0	0.0	0.0	[0.0..0.0]	[1.0..1.0]	[0.97..0.97]	[13975.761..13975.761]	[0.594..0.609]	[0.23..0.66]	[0.97..0.97]	[13975.761..13975.761]	[0.557..0.562]	[0.228..0.658]	0.81293565	[11361.394..11361.394]
Group-1	PS 41:4:0	297.28	240116_PS_FTMSMS-_1.mzXML	35.0	17312.5	0.0	0.0	[0.0..0.0]	[1.0..1.0]	[0.947..0.947]	[16394.938..16394.938]	[0.619..0.655]	[0.23..0.66]	[0.947..0.947]	[16394.938..16394.938]	[0.605..0.635]	[0.228..0.658]	0.81293565	[13328.029..13328.029]
Group-1	PS 41:4:0	303.23	240116_PS_FTMSMS-_1.mzXML	25.0	0.0	0.0	0.0	[5.0..8.0]	[0.0..1.0]	[0.965..1.036]	[0.0..0.0]	[0.5..0.5]	[0.5..1.0]	[1.036..1.484]	[0.0..0.0]	[0.5..0.5]	[0.5..1.0]	0.81293565	[0.0..0.0]
Group-1	PS 41:4:0	303.23	240116_PS_FTMSMS-_1.mzXML	30.0	0.0	0.0	0.0	[5.0..8.0]	[0.0..1.0]	[1.147..1.33]	[0.0..0.0]	[0.0..0.0]	[0.5..1.0]	[1.33..1.417]	[0.0..0.0]	[0.0..0.0]	[0.5..1.0]	0.81293565	[0.0..0.0]
Group-1	PS 41:4:0	303.23	240116_PS_FTMSMS-_1.mzXML	35.0	0.0	0.0	0.0	[5.0..8.0]	[0.0..1.0]	[1.462..1.906]	[0.0..0.0]	[0.0..0.0]	[0.5..1.0]	[1.6..1.906]	[0.0..0.0]	[0.0..0.0]	[0.5..1.0]	0.81293565	[0.0..0.0]
Group-1	PS 41:4:0	325.31	240116_PS_FTMSMS-_1.mzXML	25.0	0.0	0.0	0.0	[0.0..0.0]	[0.0..1.0]	[1.001..1.035]	[0.0..0.0]	[0.0..0.0]	[0.0..1.0]	[1.001..1.035]	[0.0..0.0]	[0.0..0.0]	[0.0..1.0]	0.81293565	[0.0..0.0]
Group-1	PS 41:4:0	325.31	240116_PS_FTMSMS-_1.mzXML	30.0	6003.1	0.0	0.0	[0.0..0.0]	[0.0..1.0]	[0.952..0.962]	[5714.952..5774.983]	[1.0..1.0]	[0.0..1.0]	[0.952..0.962]	[5714.9517..5774.9824]	[1.0..1.0]	[0.0..1.0]	0.81293565	[4645.8877..4694.6895]
Group-1	PS 41:4:0	325.31	240116_PS_FTMSMS-_1.mzXML	35.0	8767.7	0.0	0.0	[0.0..0.0]	[0.0..1.0]	[0.922..0.927]	[8083.82..8127.658]	[1.0..1.0]	[0.0..1.0]	[0.922..0.927]	[8083.8193..8127.658]	[1.0..1.0]	[0.0..1.0]	0.81293565	[6571.625..6607.263]
Group-1	PS 41:4:0	331.26	240116_PS_FTMSMS-_1.mzXML	25.0	7401.9	0.0	0.0	[7.0..10.0]	[0.0..0.0]	[0.904..0.921]	[6691.318..6817.15]	[0.571..0.576]	[0.34..0.77]	[1.286..1.339]	[9518.844..9911.144]	[0.655..0.664]	[0.342..0.772]	0.81293565	[5439.611..5541.9043]
Group-1	PS 41:4:0	331.26	240116_PS_FTMSMS-_1.mzXML	30.0	8958.0	0.0	0.0	[7.0..10.0]	[0.0..0.0]	[1.001..1.066]	[8966.958..9549.228]	[0.391..0.406]	[0.34..0.77]	[1.214..1.242]	[10875.012..11125.836]	[0.438..0.443]	[0.342..0.772]	0.81293565	[7289.56..7762.9077]
Group-1	PS 41:4:0	331.26	240116_PS_FTMSMS-_1.mzXML	35.0	7402.1	0.0	0.0	[7.0..10.0]	[0.0..0.0]	[1.169..1.363]	[8653.056..10089.062]	[0.345..0.381]	[0.34..0.77]	[1.271..1.449]	[9408.069..10725.643]	[0.365..0.395]	[0.342..0.772]	0.81293565	[7034.377..8201.759]
Group-1	PS 41:4:0	333.28	240116_PS_FTMSMS-_1.mzXML	25.0	0.0	0.0	0.0	[13.0..13.0]	[0.0..0.0]	[0.93..0.93]	[0.0..0.0]	[0.0..0.0]	[1.0..1.0]	[0.93..0.93]	[0.0..0.0]	[0.0..0.0]	[1.0..1.0]	0.81293565	[0.0..0.0]
Group-1	PS 41:4:0	333.28	240116_PS_FTMSMS-_1.mzXML	30.0	0.0	0.0	0.0	[13.0..13.0]	[0.0..0.0]	[0.93..0.93]	[0.0..0.0]	[0.0..0.0]	[1.0..1.0]	[0.93..0.93]	[0.0..0.0]	[0.0..0.0]	[1.0..1.0]	0.81293565	[0.0..0.0]
Group-1	PS 41:4:0	333.28	240116_PS_FTMSMS-_1.mzXML	35.0	0.0	0.0	0.0	[13.0..13.0]	[0.0..0.0]	[0.959..0.959]	[0.0..0.0]	[0.0..0.0]	[1.0..1.0]	[0.959..0.959]	[0.0..0.0]	[0.0..0.0]	[1.0..1.0]	0.81293565	[0.0..0.0]
Group-1	PS 41:4:0	345.28	240116_PS_FTMSMS-_1.mzXML	25.0	0.0	0.0	0.0	[7.0..10.0]	[0.0..0.0]	[0.874..0.89]	[0.0..0.0]	[0.0..0.0]	[1.0..1.0]	[0.903..0.917]	[0.0..0.0]	[0.0..0.0]	[1.0..1.0]	0.81293565	[0.0..0.0]
Group-1	PS 41:4:0	345.28	240116_PS_FTMSMS-_1.mzXML	30.0	0.0	0.0	0.0	[7.0..10.0]	[0.0..0.0]	[0.948..1.009]	[0.0..0.0]	[0.0..0.0]	[1.0..1.0]	[0.946..1.004]	[0.0..0.0]	[0.0..0.0]	[1.0..1.0]	0.81293565	[0.0..0.0]
Group-1	PS 41:4:0	345.28	240116_PS_FTMSMS-_1.mzXML	35.0	0.0	0.0	0.0	[7.0..10.0]	[0.0..0.0]	[1.088..1.269]	[0.0..0.0]	[0.0..0.0]	[1.0..1.0]	[1.081..1.254]	[0.0..0.0]	[0.0..0.0]	[1.0..1.0]	0.81293565	[0.0..0.0]
Group-1	PS 41:4:0	347.3	240116_PS_FTMSMS-_1.mzXML	25.0	2817.9	0.0	0.0	[13.0..13.0]	[0.0..0.0]	[0.906..0.906]	[2553.017..2553.017]	[0.057..0.057]	[1.0..1.0]	[0.906..0.906]	[2553.0173..2553.0173]	[0.057..0.057]	[1.0..1.0]	0.81293565	[2075.4387..2075.4387]
Group-1	PS 41:4:0	347.3	240116_PS_FTMSMS-_1.mzXML	30.0	6255.4	0.0	0.0	[13.0..13.0]	[0.0..0.0]	[0.891..0.891]	[5573.561..5573.561]	[0.056..0.056]	[1.0..1.0]	[0.891..0.891]	[5573.561..5573.561]	[0.056..0.056]	[1.0..1.0]	0.81293565	[4530.947..4530.947]
Group-1	PS 41:4:0	347.3	240116_PS_FTMSMS-_1.mzXML	35.0	5856.1	0.0	0.0	[13.0..13.0]	[0.0..0.0]	[0.907..0.907]	[5311.483..5311.483]	[0.042..0.042]	[1.0..1.0]	[0.907..0.907]	[5311.483..5311.483]	[0.042..0.042]	[1.0..1.0]	0.81293565	[4317.8936..4317.8936]
Group-1	PS 41:5:0	297.28	240116_PS_FTMSMS-_1.mzXML	25.0	8245.8	0.0	0.0	[0.0..0.0]	[1.0..1.0]	[1.012..1.012]	[8344.749..8344.749]	[0.52..0.536]	[0.42..0.46]	[1.012..1.012]	[8344.749..8344.749]	[0.413..0.429]	[0.42..0.455]	0.81459224	[6797.568..6797.568]
Group-1	PS 41:5:0	297.28	240116_PS_FTMSMS-_1.mzXML	30.0	12754.7	0.0	0.0	[0.0..0.0]	[0.0..1.0]	[0.958..0.97]	[12219.003..12372.06]	[0.49..0.549]	[0.42..0.46]	[0.963..0.964]	[12282.776..12295.531]	[0.439..0.498]	[0.42..0.455]	0.81459224	[9953.505..10078.184]
Group-1	PS 41:5:0	297.28	240116_PS_FTMSMS-_1.mzXML	35.0	15385.6	0.0	0.0	[0.0..0.0]	[0.0..1.0]	[0.946..0.947]	[14554.777..14570.163]	[0.494..0.599]	[0.42..0.46]	[0.946..0.946]	[14554.777..14554.777]	[0.471..0.576]	[0.42..0.455]	0.81459224	[11856.209..11868.742]
Group-1	PS 41:5:0	329.25	240116_PS_FTMSMS-_1.mzXML	25.0	7039.6	0.0	0.0	[4.0..7.0]	[0.0..0.0]	[1.028..1.094]	[7236.709..7701.323]	[0.464..0.48]	[0.54..0.58]	[1.577..1.683]	[11101.449..11847.646]	[0.571..0.587]	[0.545..0.58]	0.81459224	[5894.9673..6273.4375]
Group-1	PS 41:5:0	329.25	240116_PS_FTMSMS-_1.mzXML	30.0	7432.4	1883.7	0.25344437	[4.0..4.0]	[0.0..1.0]	[1.352..1.731]	[10048.604..12865.483]	[0.451..0.51]	[0.54..0.58]	[1.667..2.118]	[12389.812..15741.823]	[0.502..0.561]	[0.545..0.58]	0.81459224	[8185.5156..10480.124]
Group-1	PS 41:5:0	329.25	240116_PS_FTMSMS-_1.mzXML	35.0	4854.5	1822.5	0.37542486	[4.0..4.0]	[0.0..1.0]	[2.01..3.077]	[9757.545..14937.296]	[0.401..0.506]	[0.54..0.58]	[2.204..3.368]	[10699.318..16349.956]	[0.424..0.529]	[0.545..0.58]	0.81459224	[7948.4204..12167.806]
Group-1	PS 41:6:0	297.28	240116_PS_FTMSMS-_1.mzXML	25.0	13281.0	0.0	0.0	[0.0..0.0]	[1.0..1.0]	[1.012..1.012]	[13440.371..13440.371]	[0.562..0.562]	[0.0..0.4]	[1.012..1.012]	[13440.371..13440.371]	[0.562..0.562]	[0.0..0.402]	0.81624794	[10970.676..10970.676]
Group-1	PS 41:6:0	297.28	240116_PS_FTMSMS-_1.mzXML	30.0	24052.1	0.0	0.0	[0.0..0.0]	[1.0..1.0]	[0.97..0.97]	[23330.537..23330.537]	[0.543..0.543]	[0.0..0.4]	[0.97..0.97]	[23330.537..23330.537]	[0.543..0.543]	[0.0..0.402]	0.81624794	[19043.502..19043.502]
Group-1	PS 41:6:0	297.28	240116_PS_FTMSMS-_1.mzXML	35.0	24961.0	0.0	0.0	[0.0..0.0]	[1.0..1.0]	[0.947..0.947]	[23638.068..23638.068]	[1.0..1.0]	[0.0..0.4]	[0.947..0.947]	[23638.068..23638.068]	[1.0..1.0]	[0.0..0.402]	0.81624794	[19294.525..19294.525]
Group-1	PS 41:6:0	327.23	240116_PS_FTMSMS-_1.mzXML	25.0	7962.2	0.0	0.0	[4.0..4.0]	[0.0..0.0]	[1.314..1.314]	[10462.331..10462.331]	[0.438..0.438]	[0.6..1.0]	[1.314..1.314]	[10462.331..10462.331]	[0.438..0.438]	[0.598..1.0]	0.81624794	[8539.856..8539.856]
Group-1	PS 41:6:0	327.23	240116_PS_FTMSMS-_1.mzXML	30.0	7983.4	0.0	0.0	[4.0..4.0]	[0.0..0.0]	[2.457..2.457]	[19615.213..19615.213]	[0.457..0.457]	[0.6..1.0]	[2.457..2.457]	[19615.213..19615.213]	[0.457..0.457]	[0.598..1.0]	0.81624794	[16010.878..16010.878]
Group-1	PS 41:6:0	327.23	240116_PS_FTMSMS-_1.mzXML	35.0	0.0	0.0	0.0	[4.0..4.0]	[0.0..0.0]	[5.509..5.509]	[0.0..0.0]	[0.0..0.0]	[0.6..1.0]	[5.509..5.509]	[0.0..0.0]	[0.0..0.0]	[0.598..1.0]	0.81624794	[0.0..0.0]
Group-1	PS 42:1:0	281.25	240116_PS_FTMSMS-_1.mzXML	25.0	213478.7	0.0	0.0	[9.0..9.0]	[0.0..1.0]	[0.893..0.928]	[190636.48..198108.23]	[0.529..0.531]	[0.15..0.43]	[0.898..0.908]	[191703.88..193838.66]	[0.526..0.527]	[0.146..0.431]	0.7968794	[151914.28..157868.38]
Group-1	PS 42:1:0	281.25	240116_PS_FTMSMS-_1.mzXML	30.0	666525.3	0.0	0.0	[9.0..9.0]	[0.0..1.0]	[0.914..0.919]	[609204.1..612536.8]	[0.604..0.605]	[0.15..0.43]	[0.915..0.916]	[609870.7..610537.2]	[0.604..0.604]	[0.146..0.431]	0.7968794	[485462.22..488117.97]
Group-1	PS 42:1:0	281.25	240116_PS_FTMSMS-_1.mzXML	35.0	924760.9	0.0	0.0	[9.0..9.0]	[0.0..1.0]	[0.904..0.932]	[835983.8..861877.1]	[0.655..0.656]	[0.15..0.43]	[0.908..0.916]	[839682.9..847081.0]	[0.652..0.653]	[0.146..0.431]	0.7968794	[666178.25..686812.1]
Group-1	PS 42:1:0	283.26	240116_PS_FTMSMS-_1.mzXML	25.0	488496.7	0.0	0.0	[0.0..0.0]	[1.0..1.0]	[1.005..1.005]	[490939.16..490939.16]	[0.998..0.998]	[0.0..0.0]	[1.005..1.005]	[490939.16..490939.16]	[0.998..0.998]	[0.0..0.0]	0.7968794	[391219.3..391219.3]
Group-1	PS 42:1:0	283.26	240116_PS_FTMSMS-_1.mzXML	30.0	1395633.2	0.0	0.0	[0.0..0.0]	[1.0..1.0]	[0.978..0.978]	[1364929.2..1364929.2]	[1.0..1.0]	[0.0..0.0]	[0.978..0.978]	[1364929.2..1364929.2]	[1.0..1.0]	[0.0..0.0]	0.7968794	[1087684.0..1087684.0]
Group-1	PS 42:1:0	283.26	240116_PS_FTMSMS-_1.mzXML	35.0	2083778.5	0.0	0.0	[0.0..0.0]	[1.0..1.0]	[0.963..0.963]	[2006678.8..2006678.8]	[1.0..1.0]	[0.0..0.0]	[0.963..0.963]	[2006678.8..2006678.8]	[1.0..1.0]	[0.0..0.0]	0.7968794	[1599080.9..1599080.9]
Group-1	PS 42:1:0	365.34	240116_PS_FTMSMS-_1.mzXML	25.0	992.1	0.0	0.0	[15.0..15.0]	[0.0..0.0]	[0.914..0.914]	[906.779..906.779]	[0.002..0.002]	[1.0..1.0]	[0.914..0.914]	[906.77936..906.77936]	[0.002..0.002]	[1.0..1.0]	0.7968794	[722.5938..722.5938]
Group-1	PS 42:1:0	365.34	240116_PS_FTMSMS-_1.mzXML	30.0	-1.8	0.0	-0.0	[15.0..15.0]	[0.0..0.0]	[0.867..0.867]	[-1.561..-1.561]	[-0.0..-0.0]	[1.0..1.0]	[0.867..0.867]	[-1.5605999..-1.5605999]	[-0.0..-0.0]	[1.0..1.0]	0.7968794	[-1.2436099..-1.2436099]
Group-1	PS 42:1:0	365.34	240116_PS_FTMSMS-_1.mzXML	35.0	-1.8	0.0	-0.0	[15.0..15.0]	[0.0..0.0]	[0.821..0.821]	[-1.478..-1.478]	[-0.0..-0.0]	[1.0..1.0]	[0.821..0.821]	[-1.4777999..-1.4777999]	[-0.0..-0.0]	[1.0..1.0]	0.7968794	[-1.1776284..-1.1776284]
Group-1	PS 42:1:0	367.36	240116_PS_FTMSMS-_1.mzXML	25.0	159586.4	0.0	0.0	[0.0..0.0]	[0.0..1.0]	[1.062..1.095]	[169480.77..174747.12]	[0.469..0.471]	[0.57..0.85]	[1.081..1.09]	[172512.9..173949.19]	[0.473..0.474]	[0.569..0.854]	0.7968794	[135055.73..139252.39]
Group-1	PS 42:1:0	367.36	240116_PS_FTMSMS-_1.mzXML	30.0	412046.8	0.0	0.0	[0.0..0.0]	[0.0..1.0]	[0.967..0.974]	[398449.28..401333.6]	[0.395..0.396]	[0.57..0.85]	[0.971..0.973]	[400097.47..400921.53]	[0.396..0.396]	[0.569..0.854]	0.7968794	[317516.03..319814.47]
Group-1	PS 42:1:0	367.36	240116_PS_FTMSMS-_1.mzXML	35.0	491578.0	0.0	0.0	[0.0..0.0]	[0.0..1.0]	[0.897..0.92]	[440945.47..452251.78]	[0.344..0.345]	[0.57..0.85]	[0.91..0.917]	[447336.0..450777.03]	[0.347..0.348]	[0.569..0.854]	0.7968794	[351380.34..360390.12]
Group-1	PS 42:2:0	281.25	240116_PS_FTMSMS-_1.mzXML	25.0	247450.3	0.0	0.0	[9.0..9.0]	[1.0..1.0]	[0.928..0.928]	[229633.88..229633.88]	[0.372..0.372]	[0.71..0.81]	[0.928..0.928]	[229633.88..229633.88]	[0.372..0.372]	[0.712..0.812]	0.79845804	[183353.0..183353.0]
Group-1	PS 42:2:0	281.25	240116_PS_FTMSMS-_1.mzXML	30.0	532281.0	0.0	0.0	[9.0..9.0]	[1.0..1.0]	[0.914..0.914]	[486504.8..486504.8]	[0.363..0.363]	[0.71..0.81]	[0.914..0.914]	[486504.8..486504.8]	[0.363..0.363]	[0.712..0.812]	0.79845804	[388453.7..388453.7]
Group-1	PS 42:2:0	281.25	240116_PS_FTMSMS-_1.mzXML	35.0	778431.4	0.0	0.0	[9.0..9.0]	[1.0..1.0]	[0.904..0.904]	[703701.94..703701.94]	[0.407..0.407]	[0.71..0.81]	[0.904..0.904]	[703701.94..703701.94]	[0.407..0.407]	[0.712..0.812]	0.79845804	[561876.5..561876.5]
Group-1	PS 42:2:0	283.26	240116_PS_FTMSMS-_1.mzXML	25.0	51219.7	0.0	0.0	[0.0..0.0]	[1.0..1.0]	[1.005..1.005]	[51475.797..51475.797]	[0.891..0.891]	[0.0..0.0]	[1.005..1.005]	[51475.797..51475.797]	[0.891..0.891]	[0.0..0.0]	0.79845804	[41101.266..41101.266]
Group-1	PS 42:2:0	283.26	240116_PS_FTMSMS-_1.mzXML	30.0	198361.9	0.0	0.0	[0.0..0.0]	[1.0..1.0]	[0.978..0.978]	[193997.94..193997.94]	[0.966..0.966]	[0.0..0.0]	[0.978..0.978]	[193997.94..193997.94]	[0.966..0.966]	[0.0..0.0]	0.79845804	[154899.22..154899.22]
Group-1	PS 42:2:0	283.26	240116_PS_FTMSMS-_1.mzXML	35.0	378258.6	0.0	0.0	[0.0..0.0]	[1.0..1.0]	[0.963..0.963]	[364263.03..364263.03]	[0.976..0.976]	[0.0..0.0]	[0.963..0.963]	[364263.03..364263.03]	[0.976..0.976]	[0.0..0.0]	0.79845804	[290848.75..290848.75]
Group-1	PS 42:2:0	309.28	240116_PS_FTMSMS-_1.mzXML	25.0	13388.7	0.0	0.0	[11.0..11.0]	[1.0..1.0]	[0.939..0.939]	[12571.989..12571.989]	[0.537..0.537]	[0.42..0.62]	[0.939..0.939]	[12571.989..12571.989]	[0.537..0.537]	[0.418..0.623]	0.79845804	[10038.206..10038.206]
Group-1	PS 42:2:0	309.28	240116_PS_FTMSMS-_1.mzXML	30.0	17892.2	0.0	0.0	[11.0..11.0]	[1.0..1.0]	[0.892..0.892]	[15959.842..15959.842]	[0.473..0.473]	[0.42..0.62]	[0.892..0.892]	[15959.842..15959.842]	[0.473..0.473]	[0.418..0.623]	0.79845804	[12743.264..12743.264]
Group-1	PS 42:2:0	309.28	240116_PS_FTMSMS-_1.mzXML	35.0	16905.7	0.0	0.0	[11.0..11.0]	[1.0..1.0]	[0.856..0.856]	[14471.278..14471.278]	[0.446..0.446]	[0.42..0.62]	[0.856..0.856]	[14471.278..14471.278]	[0.446..0.446]	[0.418..0.623]	0.79845804	[11554.709..11554.709]
Group-1	PS 42:2:0	337.31	240116_PS_FTMSMS-_1.mzXML	25.0	12021.5	0.0	0.0	[13.0..13.0]	[0.0..0.0]	[0.901..0.901]	[10831.372..10831.372]	[0.463..0.463]	[0.38..0.58]	[0.901..0.901]	[10831.372..10831.372]	[0.463..0.463]	[0.377..0.582]	0.79845804	[8648.3955..8648.3955]
Group-1	PS 42:2:0	337.31	240116_PS_FTMSMS-_1.mzXML	30.0	20350.3	0.0	0.0	[13.0..13.0]	[0.0..0.0]	[0.873..0.873]	[17765.812..17765.812]	[0.527..0.527]	[0.38..0.58]	[0.873..0.873]	[17765.812..17765.812]	[0.527..0.527]	[0.377..0.582]	0.79845804	[14185.257..14185.257]
Group-1	PS 42:2:0	337.31	240116_PS_FTMSMS-_1.mzXML	35.0	21390.0	0.0	0.0	[13.0..13.0]	[0.0..0.0]	[0.839..0.839]	[17946.207..17946.207]	[0.554..0.554]	[0.38..0.58]	[0.839..0.839]	[17946.209..17946.209]	[0.554..0.554]	[0.377..0.582]	0.79845804	[14329.296..14329.296]
Group-1	PS 42:2:0	363.32	240116_PS_FTMSMS-_1.mzXML	25.0	6874.9	0.0	0.0	[15.0..15.0]	[0.0..0.0]	[0.92..0.92]	[6324.908..6324.908]	[0.109..0.109]	[1.0..1.0]	[0.92..0.92]	[6324.908..6324.908]	[0.109..0.109]	[1.0..1.0]	0.79845804	[5050.174..5050.174]
Group-1	PS 42:2:0	363.32	240116_PS_FTMSMS-_1.mzXML	30.0	7693.8	0.0	0.0	[15.0..15.0]	[0.0..0.0]	[0.874..0.874]	[6724.382..6724.382]	[0.034..0.034]	[1.0..1.0]	[0.874..0.874]	[6724.3813..6724.3813]	[0.034..0.034]	[1.0..1.0]	0.79845804	[5369.136..5369.136]
Group-1	PS 42:2:0	363.32	240116_PS_FTMSMS-_1.mzXML	35.0	10613.7	0.0	0.0	[15.0..15.0]	[0.0..0.0]	[0.84..0.84]	[8915.508..8915.508]	[0.024..0.024]	[1.0..1.0]	[0.84..0.84]	[8915.508..8915.508]	[0.024..0.024]	[1.0..1.0]	0.79845804	[7118.659..7118.659]
Group-1	PS 42:2:0	365.34	240116_PS_FTMSMS-_1.mzXML	25.0	423784.8	0.0	0.0	[15.0..15.0]	[0.0..0.0]	[0.914..0.914]	[387339.3..387339.3]	[0.628..0.628]	[0.19..0.29]	[0.914..0.914]	[387339.3..387339.3]	[0.628..0.628]	[0.188..0.288]	0.79845804	[309274.2..309274.2]
Group-1	PS 42:2:0	365.34	240116_PS_FTMSMS-_1.mzXML	30.0	985653.4	0.0	0.0	[15.0..15.0]	[0.0..0.0]	[0.867..0.867]	[854561.44..854561.44]	[0.637..0.637]	[0.19..0.29]	[0.867..0.867]	[854561.44..854561.44]	[0.637..0.637]	[0.188..0.288]	0.79845804	[682331.5..682331.5]
Group-1	PS 42:2:0	365.34	240116_PS_FTMSMS-_1.mzXML	35.0	1246987.8	0.0	0.0	[15.0..15.0]	[0.0..0.0]	[0.821..0.821]	[1023776.94..1023776.94]	[0.593..0.593]	[0.19..0.29]	[0.821..0.821]	[1023776.94..1023776.94]	[0.593..0.593]	[0.188..0.288]	0.79845804	[817442.9..817442.9]
Group-1	PS 42:3:0	281.25	240116_PS_FTMSMS-_1.mzXML	25.0	54216.6	0.0	0.0	[9.0..9.0]	[1.0..1.0]	[0.928..0.928]	[50313.004..50313.004]	[0.601..0.601]	[0.0..0.28]	[0.928..0.928]	[50313.004..50313.004]	[0.601..0.601]	[0.0..0.275]	0.80005133	[40252.984..40252.984]
Group-1	PS 42:3:0	281.25	240116_PS_FTMSMS-_1.mzXML	30.0	183476.4	0.0	0.0	[9.0..9.0]	[1.0..1.0]	[0.914..0.914]	[167697.44..167697.44]	[0.704..0.704]	[0.0..0.28]	[0.914..0.914]	[167697.44..167697.44]	[0.704..0.704]	[0.0..0.275]	0.80005133	[134166.56..134166.56]
Group-1	PS 42:3:0	281.25	240116_PS_FTMSMS-_1.mzXML	35.0	350431.4	0.0	0.0	[9.0..9.0]	[1.0..1.0]	[0.904..0.904]	[316790.03..316790.03]	[0.8..0.8]	[0.0..0.28]	[0.904..0.904]	[316790.0..316790.0]	[0.8..0.8]	[0.0..0.275]	0.80005133	[253448.27..253448.27]
Group-1	PS 42:3:0	283.26	240116_PS_FTMSMS-_1.mzXML	25.0	168971.9	0.0	0.0	[0.0..0.0]	[0.6..0.6]	[0.997..0.997]	[168464.98..168464.98]	[0.803..0.803]	[0.0..0.0]	[0.997..0.997]	[168464.98..168464.98]	[0.803..0.803]	[0.0..0.0]	0.80005133	[134780.64..134780.64]
Group-1	PS 42:3:0	283.26	240116_PS_FTMSMS-_1.mzXML	30.0	595301.3	0.0	0.0	[0.0..0.0]	[0.6..1.0]	[0.974..0.978]	[579823.44..582204.7]	[0.881..0.882]	[0.0..0.0]	[0.974..0.974]	[579823.44..579823.44]	[0.881..0.881]	[0.0..0.0]	0.80005133	[463888.53..465793.62]
Group-1	PS 42:3:0	283.26	240116_PS_FTMSMS-_1.mzXML	35.0	1012081.9	0.0	0.0	[0.0..0.0]	[1.0..1.0]	[0.963..0.963]	[974634.9..974634.9]	[0.926..0.926]	[0.0..0.0]	[0.963..0.963]	[974634.9..974634.9]	[0.926..0.926]	[0.0..0.0]	0.80005133	[779757.9..779757.9]
Group-1	PS 42:3:0	361.3	240116_PS_FTMSMS-_1.mzXML	25.0	42493.1	0.0	0.0	[15.0..15.0]	[0.4..0.4]	[0.97..0.97]	[41218.31..41218.31]	[0.197..0.197]	[1.0..1.0]	[0.97..0.97]	[41218.31..41218.31]	[0.197..0.197]	[1.0..1.0]	0.80005133	[32976.766..32976.766]
Group-1	PS 42:3:0	361.3	240116_PS_FTMSMS-_1.mzXML	30.0	82825.3	0.0	0.0	[15.0..15.0]	[0.0..0.4]	[0.936..0.945]	[77524.48..78269.91]	[0.118..0.119]	[1.0..1.0]	[0.945..0.945]	[78269.91..78269.91]	[0.119..0.119]	[1.0..1.0]	0.80005133	[62023.562..62619.945]
Group-1	PS 42:3:0	361.3	240116_PS_FTMSMS-_1.mzXML	35.0	82217.3	0.0	0.0	[15.0..15.0]	[0.0..0.0]	[0.954..0.954]	[78435.305..78435.305]	[0.074..0.074]	[1.0..1.0]	[0.954..0.954]	[78435.305..78435.305]	[0.074..0.074]	[1.0..1.0]	0.80005133	[62752.266..62752.266]
Group-1	PS 42:3:0	363.32	240116_PS_FTMSMS-_1.mzXML	25.0	36342.3	0.0	0.0	[15.0..15.0]	[0.0..0.0]	[0.92..0.92]	[33434.918..33434.918]	[0.399..0.399]	[0.72..1.0]	[0.92..0.92]	[33434.918..33434.918]	[0.399..0.399]	[0.725..1.0]	0.80005133	[26749.65..26749.65]
Group-1	PS 42:3:0	363.32	240116_PS_FTMSMS-_1.mzXML	30.0	80552.5	0.0	0.0	[15.0..15.0]	[0.0..0.0]	[0.874..0.874]	[70402.88..70402.88]	[0.296..0.296]	[0.72..1.0]	[0.874..0.874]	[70402.88..70402.88]	[0.296..0.296]	[0.725..1.0]	0.80005133	[56325.926..56325.926]
Group-1	PS 42:3:0	363.32	240116_PS_FTMSMS-_1.mzXML	35.0	94505.1	0.0	0.0	[15.0..15.0]	[0.0..0.0]	[0.84..0.84]	[79384.28..79384.28]	[0.2..0.2]	[0.72..1.0]	[0.84..0.84]	[79384.28..79384.28]	[0.2..0.2]	[0.725..1.0]	0.80005133	[63511.5..63511.5]
Group-1	PS 42:4:0	281.25	240116_PS_FTMSMS-_1.mzXML	25.0	29642.5	0.0	0.0	[9.0..9.0]	[1.0..1.0]	[0.928..0.928]	[27508.238..27508.238]	[0.402..0.402]	[0.08..0.72]	[0.928..0.928]	[27508.238..27508.238]	[0.402..0.402]	[0.084..0.718]	0.80165154	[22052.021..22052.021]
Group-1	PS 42:4:0	281.25	240116_PS_FTMSMS-_1.mzXML	30.0	109776.3	0.0	0.0	[9.0..9.0]	[1.0..1.0]	[0.914..0.914]	[100335.53..100335.53]	[0.567..0.567]	[0.08..0.72]	[0.914..0.914]	[100335.53..100335.53]	[0.567..0.567]	[0.084..0.718]	0.80165154	[80434.13..80434.13]
Group-1	PS 42:4:0	281.25	240116_PS_FTMSMS-_1.mzXML	35.0	214777.5	0.0	0.0	[9.0..9.0]	[1.0..1.0]	[0.904..0.904]	[194158.86..194158.86]	[0.682..0.682]	[0.08..0.72]	[0.904..0.904]	[194158.86..194158.86]	[0.682..0.682]	[0.084..0.718]	0.80165154	[155647.75..155647.75]
Group-1	PS 42:4:0	283.26	240116_PS_FTMSMS-_1.mzXML	25.0	464388.6	0.0	0.0	[0.0..0.0]	[0.0..0.0]	[0.986..0.986]	[457887.16..457887.16]	[0.728..0.728]	[0.0..0.0]	[0.986..0.986]	[457887.16..457887.16]	[0.728..0.728]	[0.0..0.0]	0.80165154	[367065.97..367065.97]
Group-1	PS 42:4:0	283.26	240116_PS_FTMSMS-_1.mzXML	30.0	965198.7	0.0	0.0	[0.0..0.0]	[0.0..1.0]	[0.968..0.978]	[934312.3..943964.3]	[0.772..0.772]	[0.0..0.0]	[0.968..0.968]	[934312.3..934312.3]	[0.77..0.77]	[0.0..0.0]	0.80165154	[748992.9..756730.44]
Group-1	PS 42:4:0	283.26	240116_PS_FTMSMS-_1.mzXML	35.0	1203233.1	0.0	0.0	[0.0..0.0]	[1.0..1.0]	[0.963..0.963]	[1158713.5..1158713.5]	[0.783..0.783]	[0.0..0.0]	[0.963..0.963]	[1158713.5..1158713.5]	[0.783..0.783]	[0.0..0.0]	0.80165154	[928884.44..928884.44]
Group-1	PS 42:4:0	309.28	240116_PS_FTMSMS-_1.mzXML	25.0	7833.6	0.0	0.0	[11.0..11.0]	[1.0..1.0]	[0.939..0.939]	[7355.751..7355.751]	[1.0..1.0]	[0.0..0.16]	[0.939..0.939]	[7355.7505..7355.7505]	[1.0..1.0]	[0.0..0.156]	0.80165154	[5896.7485..5896.7485]
Group-1	PS 42:4:0	309.28	240116_PS_FTMSMS-_1.mzXML	30.0	19028.4	0.0	0.0	[11.0..11.0]	[1.0..1.0]	[0.892..0.892]	[16973.334..16973.334]	[0.651..0.651]	[0.0..0.16]	[0.892..0.892]	[16973.334..16973.334]	[0.651..0.651]	[0.0..0.156]	0.80165154	[13606.699..13606.699]
Group-1	PS 42:4:0	309.28	240116_PS_FTMSMS-_1.mzXML	35.0	23384.2	0.0	0.0	[11.0..11.0]	[1.0..1.0]	[0.856..0.856]	[20016.877..20016.877]	[0.712..0.712]	[0.0..0.16]	[0.856..0.856]	[20016.875..20016.875]	[0.712..0.712]	[0.0..0.156]	0.80165154	[16046.558..16046.558]
Group-1	PS 42:4:0	333.28	240116_PS_FTMSMS-_1.mzXML	25.0	0.0	0.0	0.0	[13.0..13.0]	[0.0..0.0]	[0.93..0.93]	[0.0..0.0]	[0.0..0.0]	[0.84..1.0]	[0.93..0.93]	[0.0..0.0]	[0.0..0.0]	[0.844..1.0]	0.80165154	[0.0..0.0]
Group-1	PS 42:4:0	333.28	240116_PS_FTMSMS-_1.mzXML	30.0	9800.6	0.0	0.0	[13.0..13.0]	[0.0..0.0]	[0.93..0.93]	[9114.558..9114.558]	[0.349..0.349]	[0.84..1.0]	[0.93..0.93]	[9114.558..9114.558]	[0.349..0.349]	[0.844..1.0]	0.80165154	[7306.699..7306.699]
Group-1	PS 42:4:0	333.28	240116_PS_FTMSMS-_1.mzXML	35.0	8461.2	0.0	0.0	[13.0..13.0]	[0.0..0.0]	[0.959..0.959]	[8114.291..8114.291]	[0.288..0.288]	[0.84..1.0]	[0.959..0.959]	[8114.291..8114.291]	[0.288..0.288]	[0.844..1.0]	0.80165154	[6504.8335..6504.8335]
Group-1	PS 42:4:0	359.3	240116_PS_FTMSMS-_1.mzXML	25.0	197146.1	0.0	0.0	[9.0..9.0]	[1.0..1.0]	[0.869..0.869]	[171319.95..171319.95]	[0.272..0.272]	[1.0..1.0]	[0.869..0.869]	[171319.95..171319.95]	[0.272..0.272]	[1.0..1.0]	0.80165154	[137338.9..137338.9]
Group-1	PS 42:4:0	359.3	240116_PS_FTMSMS-_1.mzXML	30.0	309127.3	0.0	0.0	[9.0..9.0]	[0.0..1.0]	[0.895..0.902]	[276668.94..278832.84]	[0.228..0.228]	[1.0..1.0]	[0.902..0.902]	[278832.84..278832.84]	[0.23..0.23]	[1.0..1.0]	0.80165154	[221792.08..223526.78]
Group-1	PS 42:4:0	359.3	240116_PS_FTMSMS-_1.mzXML	35.0	308250.5	0.0	0.0	[9.0..9.0]	[0.0..0.0]	[1.044..1.044]	[321813.53..321813.53]	[0.217..0.217]	[1.0..1.0]	[1.044..1.044]	[321813.53..321813.53]	[0.217..0.217]	[1.0..1.0]	0.80165154	[257982.31..257982.31]
Group-1	PS 42:4:0	361.3	240116_PS_FTMSMS-_1.mzXML	25.0	42244.0	0.0	0.0	[15.0..15.0]	[0.0..0.0]	[0.968..0.968]	[40892.19..40892.19]	[0.598..0.598]	[0.28..0.92]	[0.968..0.968]	[40892.19..40892.19]	[0.598..0.598]	[0.282..0.916]	0.80165154	[32781.29..32781.29]
Group-1	PS 42:4:0	361.3	240116_PS_FTMSMS-_1.mzXML	30.0	80946.6	0.0	0.0	[15.0..15.0]	[0.0..0.0]	[0.945..0.945]	[76494.54..76494.54]	[0.433..0.433]	[0.28..0.92]	[0.945..0.945]	[76494.54..76494.54]	[0.433..0.433]	[0.282..0.916]	0.80165154	[61321.965..61321.965]
Group-1	PS 42:4:0	361.3	240116_PS_FTMSMS-_1.mzXML	35.0	94979.2	0.0	0.0	[15.0..15.0]	[0.0..0.0]	[0.954..0.954]	[90610.16..90610.16]	[0.318..0.318]	[0.28..0.92]	[0.954..0.954]	[90610.16..90610.16]	[0.318..0.318]	[0.282..0.916]	0.80165154	[72637.77..72637.77]
Group-1	PS 42:5:0	281.25	240116_PS_FTMSMS-_1.mzXML	25.0	133493.0	0.0	0.0	[9.0..9.0]	[1.0..1.0]	[0.928..0.928]	[123881.51..123881.51]	[0.564..0.564]	[0.34..0.36]	[0.928..0.928]	[123881.5..123881.5]	[0.564..0.564]	[0.336..0.358]	0.8032428	[99506.92..99506.92]
Group-1	PS 42:5:0	281.25	240116_PS_FTMSMS-_1.mzXML	30.0	284905.2	0.0	0.0	[9.0..9.0]	[1.0..1.0]	[0.914..0.914]	[260403.33..260403.33]	[0.572..0.572]	[0.34..0.36]	[0.914..0.914]	[260403.33..260403.33]	[0.572..0.572]	[0.336..0.358]	0.8032428	[209167.11..209167.11]
Group-1	PS 42:5:0	281.25	240116_PS_FTMSMS-_1.mzXML	35.0	342136.1	0.0	0.0	[9.0..9.0]	[1.0..1.0]	[0.904..0.904]	[309291.03..309291.03]	[0.572..0.572]	[0.34..0.36]	[0.904..0.904]	[309291.03..309291.03]	[0.572..0.572]	[0.336..0.358]	0.8032428	[248435.78..248435.78]
Group-1	PS 42:5:0	283.26	240116_PS_FTMSMS-_1.mzXML	25.0	296394.8	0.0	0.0	[0.0..0.0]	[1.0..1.0]	[1.005..1.005]	[297876.78..297876.78]	[0.779..0.781]	[0.0..0.0]	[1.005..1.005]	[297876.78..297876.78]	[0.777..0.779]	[0.0..0.0]	0.8032428	[239267.39..239267.39]
Group-1	PS 42:5:0	283.26	240116_PS_FTMSMS-_1.mzXML	30.0	669674.6	0.0	0.0	[0.0..0.0]	[1.0..1.0]	[0.978..0.978]	[654941.75..654941.75]	[0.793..0.814]	[0.0..0.0]	[0.978..0.978]	[654941.75..654941.75]	[0.794..0.815]	[0.0..0.0]	0.8032428	[526077.25..526077.25]
Group-1	PS 42:5:0	283.26	240116_PS_FTMSMS-_1.mzXML	35.0	826724.5	0.0	0.0	[0.0..0.0]	[1.0..1.0]	[0.963..0.963]	[796135.7..796135.7]	[0.816..0.853]	[0.0..0.0]	[0.963..0.963]	[796135.7..796135.7]	[0.816..0.853]	[0.0..0.0]	0.8032428	[639490.25..639490.25]
Group-1	PS 42:5:0	357.28	240116_PS_FTMSMS-_1.mzXML	25.0	87873.2	0.0	0.0	[6.0..9.0]	[0.0..0.0]	[0.952..0.961]	[83655.29..84446.15]	[0.219..0.221]	[1.0..1.0]	[0.962..0.975]	[84534.02..85676.375]	[0.221..0.223]	[1.0..1.0]	0.8032428	[67195.51..67830.76]
Group-1	PS 42:5:0	357.28	240116_PS_FTMSMS-_1.mzXML	30.0	136602.8	0.0	0.0	[6.0..9.0]	[0.0..0.0]	[1.098..1.255]	[149989.88..171436.52]	[0.186..0.207]	[1.0..1.0]	[1.087..1.241]	[148487.23..169524.08]	[0.185..0.206]	[1.0..1.0]	0.8032428	[120478.29..137705.14]
Group-1	PS 42:5:0	357.28	240116_PS_FTMSMS-_1.mzXML	35.0	95693.3	0.0	0.0	[6.0..9.0]	[0.0..0.0]	[1.437..1.88]	[137511.27..179903.39]	[0.147..0.184]	[1.0..1.0]	[1.436..1.871]	[137415.58..179042.16]	[0.147..0.184]	[1.0..1.0]	0.8032428	[110454.94..144506.11]
Group-1	PS 42:5:0	359.3	240116_PS_FTMSMS-_1.mzXML	25.0	112965.2	0.0	0.0	[9.0..9.0]	[0.0..0.0]	[0.847..0.847]	[95681.53..95681.53]	[0.436..0.436]	[0.64..0.66]	[0.847..0.847]	[95681.53..95681.53]	[0.436..0.436]	[0.642..0.664]	0.8032428	[76855.5..76855.5]
Group-1	PS 42:5:0	359.3	240116_PS_FTMSMS-_1.mzXML	30.0	215895.9	0.0	0.0	[9.0..9.0]	[0.0..0.0]	[0.902..0.902]	[194738.11..194738.11]	[0.428..0.428]	[0.64..0.66]	[0.902..0.902]	[194738.11..194738.11]	[0.428..0.428]	[0.642..0.664]	0.8032428	[156421.98..156421.98]
Group-1	PS 42:5:0	359.3	240116_PS_FTMSMS-_1.mzXML	35.0	222081.2	0.0	0.0	[9.0..9.0]	[0.0..0.0]	[1.044..1.044]	[231852.78..231852.78]	[0.428..0.428]	[0.64..0.66]	[1.044..1.044]	[231852.78..231852.78]	[0.428..0.428]	[0.642..0.664]	0.8032428	[186234.08..186234.08]
Group-1	PS 42:6:0	281.25	240116_PS_FTMSMS-_1.mzXML	25.0	110044.2	0.0	0.0	[9.0..9.0]	[1.0..1.0]	[0.928..0.928]	[102121.016..102121.016]	[0.779..0.781]	[0.0..0.0]	[0.928..0.928]	[102121.016..102121.016]	[0.777..0.779]	[0.0..0.0]	0.80485684	[82192.8..82192.8]
Group-1	PS 42:6:0	281.25	240116_PS_FTMSMS-_1.mzXML	30.0	254868.9	0.0	0.0	[9.0..9.0]	[1.0..1.0]	[0.914..0.914]	[232950.17..232950.17]	[0.782..0.804]	[0.0..0.0]	[0.914..0.914]	[232950.17..232950.17]	[0.784..0.805]	[0.0..0.0]	0.80485684	[187491.55..187491.55]
Group-1	PS 42:6:0	281.25	240116_PS_FTMSMS-_1.mzXML	35.0	372916.3	0.0	0.0	[9.0..9.0]	[1.0..1.0]	[0.904..0.904]	[337116.34..337116.34]	[0.795..0.835]	[0.0..0.0]	[0.904..0.904]	[337116.34..337116.34]	[0.796..0.835]	[0.0..0.0]	0.80485684	[271330.4..271330.4]
Group-1	PS 42:6:0	283.26	240116_PS_FTMSMS-_1.mzXML	25.0	172291.1	0.0	0.0	[0.0..0.0]	[0.39999998..0.39999998]	[0.993..0.993]	[171085.05..171085.05]	[0.94..0.94]	[0.0..0.0]	[0.993..0.993]	[171085.05..171085.05]	[0.94..0.94]	[0.0..0.0]	0.80485684	[137698.98..137698.98]
Group-1	PS 42:6:0	283.26	240116_PS_FTMSMS-_1.mzXML	30.0	579838.0	0.0	0.0	[0.0..0.0]	[0.39999998..1.0]	[0.972..0.978]	[563602.56..567081.56]	[0.97..0.97]	[0.0..0.0]	[0.972..0.972]	[563602.56..563602.56]	[0.97..0.97]	[0.0..0.0]	0.80485684	[453619.38..456419.47]
Group-1	PS 42:6:0	283.26	240116_PS_FTMSMS-_1.mzXML	35.0	879871.3	0.0	0.0	[0.0..0.0]	[1.0..1.0]	[0.963..0.963]	[847316.06..847316.06]	[0.974..0.974]	[0.0..0.0]	[0.963..0.963]	[847316.06..847316.06]	[0.974..0.974]	[0.0..0.0]	0.80485684	[681968.1..681968.1]
Group-1	PS 42:6:0	355.26	240116_PS_FTMSMS-_1.mzXML	25.0	9524.3	0.0	0.0	[6.0..6.0]	[0.6..0.6]	[1.152..1.152]	[10971.993..10971.993]	[0.06..0.06]	[1.0..1.0]	[1.152..1.152]	[10971.993..10971.993]	[0.06..0.06]	[1.0..1.0]	0.80485684	[8830.884..8830.884]
Group-1	PS 42:6:0	355.26	240116_PS_FTMSMS-_1.mzXML	30.0	10198.9	0.0	0.0	[6.0..6.0]	[0.0..0.6]	[1.696..1.714]	[17297.334..17480.916]	[0.03..0.03]	[1.0..1.0]	[1.714..1.714]	[17480.916..17480.916]	[0.03..0.03]	[1.0..1.0]	0.80485684	[13921.878..14069.634]
Group-1	PS 42:6:0	355.26	240116_PS_FTMSMS-_1.mzXML	35.0	7240.2	0.0	0.0	[6.0..6.0]	[0.0..0.0]	[3.072..3.072]	[22241.895..22241.895]	[0.026..0.026]	[1.0..1.0]	[3.072..3.072]	[22241.895..22241.895]	[0.026..0.026]	[1.0..1.0]	0.80485684	[17901.541..17901.541]
Group-1	PS 42:6:0	357.28	240116_PS_FTMSMS-_1.mzXML	25.0	30082.3	0.0	0.0	[6.0..9.0]	[0.0..0.0]	[0.952..0.961]	[28638.352..28909.092]	[0.219..0.221]	[1.0..1.0]	[0.962..0.975]	[28939.174..29330.244]	[0.221..0.223]	[1.0..1.0]	0.80485684	[23049.773..23267.68]
Group-1	PS 42:6:0	357.28	240116_PS_FTMSMS-_1.mzXML	30.0	51757.9	0.0	0.0	[6.0..9.0]	[0.0..0.0]	[1.098..1.255]	[56830.176..64956.164]	[0.196..0.218]	[1.0..1.0]	[1.087..1.241]	[56260.836..64231.555]	[0.195..0.216]	[1.0..1.0]	0.80485684	[45740.156..52280.414]
Group-1	PS 42:6:0	357.28	240116_PS_FTMSMS-_1.mzXML	35.0	46250.5	0.0	0.0	[6.0..9.0]	[0.0..0.0]	[1.437..1.88]	[66461.97..86950.94]	[0.165..0.205]	[1.0..1.0]	[1.436..1.871]	[66415.72..86534.69]	[0.165..0.204]	[1.0..1.0]	0.80485684	[53492.37..69983.055]
Group-1	PS 42:7:0	309.28	240116_PS_FTMSMS-_1.mzXML	25.0	21053.5	0.0	0.0	[11.0..11.0]	[1.0..1.0]	[0.939..0.939]	[19769.236..19769.236]	[0.73..0.73]	[0.0..0.0]	[0.939..0.939]	[19769.236..19769.236]	[0.73..0.73]	[0.0..0.0]	0.80647796	[15943.453..15943.453]
Group-1	PS 42:7:0	309.28	240116_PS_FTMSMS-_1.mzXML	30.0	42010.1	0.0	0.0	[11.0..11.0]	[1.0..1.0]	[0.892..0.892]	[37473.01..37473.01]	[1.0..1.0]	[0.0..0.0]	[0.892..0.892]	[37473.01..37473.01]	[1.0..1.0]	[0.0..0.0]	0.80647796	[30221.16..30221.16]
Group-1	PS 42:7:0	309.28	240116_PS_FTMSMS-_1.mzXML	35.0	38277.2	0.0	0.0	[11.0..11.0]	[1.0..1.0]	[0.856..0.856]	[32765.283..32765.283]	[1.0..1.0]	[0.0..0.0]	[0.856..0.856]	[32765.283..32765.283]	[1.0..1.0]	[0.0..0.0]	0.80647796	[26424.479..26424.479]
Group-1	PS 42:7:0	327.23	240116_PS_FTMSMS-_1.mzXML	25.0	5574.6	0.0	0.0	[4.0..4.0]	[0.0..0.0]	[1.314..1.314]	[7325.025..7325.025]	[0.27..0.27]	[1.0..1.0]	[1.314..1.314]	[7325.0244..7325.0244]	[0.27..0.27]	[1.0..1.0]	0.80647796	[5907.4707..5907.4707]
Group-1	PS 42:7:0	327.23	240116_PS_FTMSMS-_1.mzXML	30.0	0.0	0.0	0.0	[4.0..4.0]	[0.0..0.0]	[2.457..2.457]	[0.0..0.0]	[0.0..0.0]	[1.0..1.0]	[2.457..2.457]	[0.0..0.0]	[0.0..0.0]	[1.0..1.0]	0.80647796	[0.0..0.0]
Group-1	PS 42:7:0	327.23	240116_PS_FTMSMS-_1.mzXML	35.0	0.0	0.0	0.0	[4.0..4.0]	[0.0..0.0]	[5.509..5.509]	[0.0..0.0]	[0.0..0.0]	[1.0..1.0]	[5.509..5.509]	[0.0..0.0]	[0.0..0.0]	[1.0..1.0]	0.80647796	[0.0..0.0]
