Group	Specie	Mz	Sample	CE	C.FAI	C.COI	FA-CO.ratio	FA_Isomer	1st Pos	1st CF	1st C.FAI	1st rel_FAI	2nd Pos	2nd CF	2nd C.FAI	2nd rel_FAI	3rd Pos	TX.CF	C.FAI with TX.CF
Group-1	PC 24:0:0	199.17	20180509_PC_egg_01.mzXML	25.0	726527.1	0.0	0.0	[0.0..0.0]	[0.5..0.5]	[1.082..1.082]	[786102.4..786102.4]	[0.5..0.5]	[0.5..0.5]	[1.082..1.082]	[786102.4..786102.4]	[0.5..0.5]	[0.5..0.5]	1.004296	[789479.44..789479.44]
Group-1	PC 24:0:0	199.17	20180509_PC_egg_01.mzXML	30.0	777915.7	0.0	0.0	[0.0..0.0]	[0.5..0.5]	[1.155..1.155]	[898492.6..898492.6]	[0.5..0.5]	[0.5..0.5]	[1.155..1.155]	[898492.6..898492.6]	[0.5..0.5]	[0.5..0.5]	1.004296	[902352.44..902352.44]
Group-1	PC 24:0:0	199.17	20180509_PC_egg_01.mzXML	35.0	718099.4	0.0	0.0	[0.0..0.0]	[0.5..0.5]	[1.187..1.187]	[852384.0..852384.0]	[0.5..0.5]	[0.5..0.5]	[1.187..1.187]	[852384.0..852384.0]	[0.5..0.5]	[0.5..0.5]	1.004296	[856045.8..856045.8]
Group-1	PC 25:0:0	199.17	20180509_PC_egg_01.mzXML	25.0	209883.7	0.0	0.0	[0.0..0.0]	[0.0..1.0]	[1.088..1.095]	[228353.48..229822.66]	[0.274..0.275]	[0.0..0.0]	[1.088..1.088]	[228353.48..228353.48]	[0.273..0.273]	[0.0..0.0]	0.98652405	[225276.19..226725.58]
Group-1	PC 25:0:0	199.17	20180509_PC_egg_01.mzXML	30.0	231893.1	0.0	0.0	[0.0..0.0]	[0.0..1.0]	[1.149..1.152]	[266445.2..267140.84]	[0.282..0.283]	[0.0..0.0]	[1.149..1.149]	[266445.2..266445.2]	[0.282..0.282]	[0.0..0.0]	0.98652405	[262854.56..263540.84]
Group-1	PC 25:0:0	199.17	20180509_PC_egg_01.mzXML	35.0	215197.6	0.0	0.0	[0.0..0.0]	[0.0..1.0]	[1.172..1.176]	[252211.6..253072.38]	[0.296..0.296]	[0.0..0.0]	[1.172..1.172]	[252211.6..252211.6]	[0.295..0.295]	[0.0..0.0]	0.98652405	[248812.8..249661.97]
Group-1	PC 25:0:0	213.18	20180509_PC_egg_01.mzXML	25.0	569737.6	0.0	0.0	[0.0..0.0]	[0.0..1.0]	[1.057..1.067]	[602212.7..607910.06]	[0.725..0.726]	[1.0..1.0]	[1.067..1.067]	[607910.06..607910.06]	[0.727..0.727]	[1.0..1.0]	0.98652405	[594097.3..599717.9]
Group-1	PC 25:0:0	213.18	20180509_PC_egg_01.mzXML	30.0	613092.4	0.0	0.0	[0.0..0.0]	[0.0..1.0]	[1.102..1.108]	[675627.8..679306.4]	[0.717..0.718]	[1.0..1.0]	[1.108..1.108]	[679306.4..679306.4]	[0.718..0.718]	[1.0..1.0]	0.98652405	[666523.06..670152.06]
Group-1	PC 25:0:0	213.18	20180509_PC_egg_01.mzXML	35.0	536148.9	0.0	0.0	[0.0..0.0]	[0.0..1.0]	[1.12..1.125]	[600486.75..603167.5]	[0.704..0.704]	[1.0..1.0]	[1.125..1.125]	[603167.5..603167.5]	[0.705..0.705]	[1.0..1.0]	0.98652405	[592394.6..595039.25]
Group-1	PC 32:0:0	255.23	20180509_PC_egg_01.mzXML	25.0	26538.9	0.0	0.0	[0.0..0.0]	[0.5..0.5]	[1.0..1.0]	[26538.9..26538.9]	[0.5..0.5]	[0.5..0.5]	[1.0..1.0]	[26538.9..26538.9]	[0.5..0.5]	[0.5..0.5]	0.87883294	[23323.26..23323.26]
Group-1	PC 32:0:0	255.23	20180509_PC_egg_01.mzXML	30.0	32454.8	0.0	0.0	[0.0..0.0]	[0.5..0.5]	[1.0..1.0]	[32454.8..32454.8]	[0.5..0.5]	[0.5..0.5]	[1.0..1.0]	[32454.8..32454.8]	[0.5..0.5]	[0.5..0.5]	0.87883294	[28522.348..28522.348]
Group-1	PC 32:0:0	255.23	20180509_PC_egg_01.mzXML	35.0	29123.1	0.0	0.0	[0.0..0.0]	[0.5..0.5]	[1.0..1.0]	[29123.1..29123.1]	[0.5..0.5]	[0.5..0.5]	[1.0..1.0]	[29123.1..29123.1]	[0.5..0.5]	[0.5..0.5]	0.87883294	[25594.34..25594.34]
Group-1	PC 32:1:0	227.2	20180509_PC_egg_01.mzXML	25.0	3307.2	0.0	0.0	[0.0..0.0]	[0.0..0.0]	[1.042..1.042]	[3446.103..3446.103]	[0.248..0.248]	[0.0..0.0]	[1.042..1.042]	[3446.1025..3446.1025]	[0.248..0.248]	[0.0..0.0]	0.88078475	[3035.2747..3035.2747]
Group-1	PC 32:1:0	227.2	20180509_PC_egg_01.mzXML	30.0	4032.2	0.0	0.0	[0.0..0.0]	[0.0..0.0]	[1.068..1.068]	[4306.389..4306.389]	[0.283..0.283]	[0.0..0.0]	[1.068..1.068]	[4306.389..4306.389]	[0.283..0.283]	[0.0..0.0]	0.88078475	[3793.0022..3793.0022]
Group-1	PC 32:1:0	227.2	20180509_PC_egg_01.mzXML	35.0	3620.7	0.0	0.0	[0.0..0.0]	[0.0..0.0]	[1.079..1.079]	[3906.735..3906.735]	[0.271..0.271]	[0.0..0.0]	[1.079..1.079]	[3906.7354..3906.7354]	[0.271..0.271]	[0.0..0.0]	0.88078475	[3440.993..3440.993]
Group-1	PC 32:1:0	253.22	20180509_PC_egg_01.mzXML	25.0	32934.6	0.0	0.0	[9.0..9.0]	[0.0..1.0]	[0.902..0.981]	[29707.012..32308.844]	[0.706..0.723]	[0.99..1.0]	[0.98..0.981]	[32275.91..32308.844]	[0.723..0.723]	[0.986..1.0]	0.88078475	[26165.482..28457.137]
Group-1	PC 32:1:0	253.22	20180509_PC_egg_01.mzXML	30.0	38432.1	0.0	0.0	[9.0..9.0]	[0.0..1.0]	[0.912..0.97]	[35050.08..37279.14]	[0.696..0.709]	[0.99..1.0]	[0.969..0.97]	[37240.707..37279.14]	[0.709..0.709]	[0.986..1.0]	0.88078475	[30871.574..32834.9]
Group-1	PC 32:1:0	253.22	20180509_PC_egg_01.mzXML	35.0	36243.5	0.0	0.0	[9.0..9.0]	[0.0..1.0]	[0.935..0.969]	[33887.67..35119.95]	[0.682..0.69]	[0.99..1.0]	[0.969..0.969]	[35119.95..35119.95]	[0.69..0.69]	[0.986..1.0]	0.88078475	[29847.746..30933.117]
Group-1	PC 32:1:0	255.23	20180509_PC_egg_01.mzXML	25.0	12368.2	0.0	0.0	[0.0..0.0]	[0.0..1.0]	[1.0..1.0]	[12368.2..12368.2]	[0.277..0.294]	[0.0..0.01]	[1.0..1.0]	[12368.2..12368.2]	[0.277..0.277]	[0.0..0.014]	0.88078475	[10893.722..10893.722]
Group-1	PC 32:1:0	255.23	20180509_PC_egg_01.mzXML	30.0	15310.8	0.0	0.0	[0.0..0.0]	[0.0..1.0]	[1.0..1.0]	[15310.8..15310.8]	[0.291..0.304]	[0.0..0.01]	[1.0..1.0]	[15310.8..15310.8]	[0.291..0.291]	[0.0..0.014]	0.88078475	[13485.519..13485.519]
Group-1	PC 32:1:0	255.23	20180509_PC_egg_01.mzXML	35.0	15808.2	0.0	0.0	[0.0..0.0]	[0.0..1.0]	[1.0..1.0]	[15808.2..15808.2]	[0.31..0.318]	[0.0..0.01]	[1.0..1.0]	[15808.2..15808.2]	[0.31..0.31]	[0.0..0.014]	0.88078475	[13923.622..13923.622]
Group-1	PC 32:1:0	281.25	20180509_PC_egg_01.mzXML	25.0	10841.9	0.0	0.0	[9.0..9.0]	[1.0..1.0]	[0.964..0.964]	[10451.592..10451.592]	[0.752..0.752]	[1.0..1.0]	[0.964..0.964]	[10451.592..10451.592]	[0.752..0.752]	[1.0..1.0]	0.88078475	[9205.603..9205.603]
Group-1	PC 32:1:0	281.25	20180509_PC_egg_01.mzXML	30.0	11798.5	0.0	0.0	[9.0..9.0]	[1.0..1.0]	[0.926..0.926]	[10925.411..10925.411]	[0.717..0.717]	[1.0..1.0]	[0.926..0.926]	[10925.411..10925.411]	[0.717..0.717]	[1.0..1.0]	0.88078475	[9622.935..9622.935]
Group-1	PC 32:1:0	281.25	20180509_PC_egg_01.mzXML	35.0	11508.1	0.0	0.0	[9.0..9.0]	[1.0..1.0]	[0.913..0.913]	[10506.895..10506.895]	[0.729..0.729]	[1.0..1.0]	[0.913..0.913]	[10506.895..10506.895]	[0.729..0.729]	[1.0..1.0]	0.88078475	[9254.3125..9254.3125]
Group-1	PC 32:2:0	227.2	20180509_PC_egg_01.mzXML	25.0	1499.7	0.0	0.0	[0.0..0.0]	[0.0..1.0]	[1.033..1.042]	[1549.19..1562.687]	[0.224..0.24]	[0.0..0.0]	[1.033..1.033]	[1549.1901..1549.1901]	[0.222..0.222]	[0.0..0.0]	0.8827558	[1367.5565..1379.4714]
Group-1	PC 32:2:0	227.2	20180509_PC_egg_01.mzXML	30.0	1908.3	0.0	0.0	[0.0..0.0]	[1.0..1.0]	[1.062..1.062]	[2026.615..2026.615]	[0.294..0.294]	[0.0..0.0]	[1.062..1.062]	[2026.6147..2026.6147]	[0.294..0.294]	[0.0..0.0]	0.8827558	[1789.006..1789.006]
Group-1	PC 32:2:0	227.2	20180509_PC_egg_01.mzXML	35.0	1812.1	0.0	0.0	[0.0..0.0]	[0.0..0.0]	[1.079..1.079]	[1955.256..1955.256]	[0.268..0.268]	[0.0..0.0]	[1.079..1.079]	[1955.2559..1955.2559]	[0.268..0.268]	[0.0..0.0]	0.8827558	[1726.0135..1726.0135]
Group-1	PC 32:2:0	253.22	20180509_PC_egg_01.mzXML	25.0	1147.7	0.0	0.0	[9.0..9.0]	[0.5..0.5]	[0.973..0.973]	[1116.712..1116.712]	[0.5..0.5]	[0.5..0.5]	[0.973..0.973]	[1116.712..1116.712]	[0.5..0.5]	[0.5..0.5]	0.8827558	[985.78406..985.78406]
Group-1	PC 32:2:0	253.22	20180509_PC_egg_01.mzXML	30.0	1170.3	0.0	0.0	[9.0..9.0]	[0.5..0.5]	[0.982..0.982]	[1149.235..1149.235]	[0.5..0.5]	[0.5..0.5]	[0.982..0.982]	[1149.2346..1149.2346]	[0.5..0.5]	[0.5..0.5]	0.8827558	[1014.4936..1014.4936]
Group-1	PC 32:2:0	253.22	20180509_PC_egg_01.mzXML	35.0	1370.2	0.0	0.0	[9.0..9.0]	[0.5..0.5]	[0.987..0.987]	[1352.387..1352.387]	[0.5..0.5]	[0.5..0.5]	[0.987..0.987]	[1352.3873..1352.3873]	[0.5..0.5]	[0.5..0.5]	0.8827558	[1193.8278..1193.8278]
Group-1	PC 32:2:0	279.23	20180509_PC_egg_01.mzXML	25.0	5663.3	0.0	0.0	[9.0..9.0]	[0.0..1.0]	[0.867..0.956]	[4910.081..5414.115]	[0.76..0.776]	[1.0..1.0]	[0.956..0.956]	[5414.1143..5414.1143]	[0.778..0.778]	[1.0..1.0]	0.8827558	[4334.4023..4779.3413]
Group-1	PC 32:2:0	279.23	20180509_PC_egg_01.mzXML	30.0	5500.7	0.0	0.0	[9.0..9.0]	[0.0..0.0]	[0.884..0.884]	[4862.619..4862.619]	[0.706..0.706]	[1.0..1.0]	[0.884..0.884]	[4862.619..4862.619]	[0.706..0.706]	[1.0..1.0]	0.8827558	[4292.505..4292.505]
Group-1	PC 32:2:0	279.23	20180509_PC_egg_01.mzXML	35.0	5362.9	0.0	0.0	[9.0..9.0]	[1.0..1.0]	[0.996..0.996]	[5341.448..5341.448]	[0.732..0.732]	[1.0..1.0]	[0.996..0.996]	[5341.448..5341.448]	[0.732..0.732]	[1.0..1.0]	0.8827558	[4715.1943..4715.1943]
Group-1	PC 34:1:0	255.23	20180509_PC_egg_01.mzXML	25.0	549377.1	0.0	0.0	[0.0..0.0]	[0.0..0.0]	[1.0..1.0]	[549377.1..549377.1]	[0.235..0.235]	[0.0..0.0]	[1.0..1.0]	[549377.1..549377.1]	[0.235..0.235]	[0.0..0.0]	0.854385	[469379.6..469379.6]
Group-1	PC 34:1:0	255.23	20180509_PC_egg_01.mzXML	30.0	669671.2	0.0	0.0	[0.0..0.0]	[0.0..0.0]	[1.0..1.0]	[669671.2..669671.2]	[0.251..0.251]	[0.0..0.0]	[1.0..1.0]	[669671.2..669671.2]	[0.251..0.251]	[0.0..0.0]	0.854385	[572157.0..572157.0]
Group-1	PC 34:1:0	255.23	20180509_PC_egg_01.mzXML	35.0	674361.7	0.0	0.0	[0.0..0.0]	[0.0..0.0]	[1.0..1.0]	[674361.7..674361.7]	[0.275..0.275]	[0.0..0.0]	[1.0..1.0]	[674361.7..674361.7]	[0.275..0.275]	[0.0..0.0]	0.854385	[576164.5..576164.5]
Group-1	PC 34:1:0	281.25	20180509_PC_egg_01.mzXML	25.0	1856208.1	0.0	0.0	[9.0..9.0]	[1.0..1.0]	[0.964..0.964]	[1789384.6..1789384.6]	[0.765..0.765]	[1.0..1.0]	[0.964..0.964]	[1789384.6..1789384.6]	[0.765..0.765]	[1.0..1.0]	0.854385	[1528823.4..1528823.4]
Group-1	PC 34:1:0	281.25	20180509_PC_egg_01.mzXML	30.0	2163688.2	0.0	0.0	[9.0..9.0]	[1.0..1.0]	[0.926..0.926]	[2003575.4..2003575.4]	[0.749..0.749]	[1.0..1.0]	[0.926..0.926]	[2003575.4..2003575.4]	[0.749..0.749]	[1.0..1.0]	0.854385	[1711824.8..1711824.8]
Group-1	PC 34:1:0	281.25	20180509_PC_egg_01.mzXML	35.0	1943477.0	0.0	0.0	[9.0..9.0]	[1.0..1.0]	[0.913..0.913]	[1774394.5..1774394.5]	[0.725..0.725]	[1.0..1.0]	[0.913..0.913]	[1774394.5..1774394.5]	[0.725..0.725]	[1.0..1.0]	0.854385	[1516016.0..1516016.0]
Group-1	PC 34:2:0	253.22	20180509_PC_egg_01.mzXML	25.0	19542.6	0.0	0.0	[9.0..9.0]	[1.0..1.0]	[0.981..0.981]	[19171.293..19171.293]	[0.288..0.288]	[0.0..0.0]	[0.981..0.981]	[19171.291..19171.291]	[0.288..0.288]	[0.0..0.0]	0.8562302	[16415.04..16415.04]
Group-1	PC 34:2:0	253.22	20180509_PC_egg_01.mzXML	30.0	24261.7	0.0	0.0	[9.0..9.0]	[0.0..1.0]	[0.912..0.97]	[22126.67..23533.85]	[0.276..0.279]	[0.0..0.0]	[0.912..0.912]	[22126.67..22126.67]	[0.264..0.264]	[0.0..0.0]	0.8562302	[18945.523..20150.393]
Group-1	PC 34:2:0	253.22	20180509_PC_egg_01.mzXML	35.0	22599.2	0.0	0.0	[9.0..9.0]	[0.0..0.0]	[0.935..0.935]	[21130.252..21130.252]	[0.277..0.277]	[0.0..0.0]	[0.935..0.935]	[21130.252..21130.252]	[0.277..0.277]	[0.0..0.0]	0.8562302	[18092.36..18092.36]
Group-1	PC 34:2:0	255.23	20180509_PC_egg_01.mzXML	25.0	362763.5	0.0	0.0	[0.0..0.0]	[0.0..0.0]	[1.0..1.0]	[362763.5..362763.5]	[0.245..0.245]	[0.0..0.0]	[1.0..1.0]	[362763.5..362763.5]	[0.245..0.245]	[0.0..0.0]	0.8562302	[310609.06..310609.06]
Group-1	PC 34:2:0	255.23	20180509_PC_egg_01.mzXML	30.0	441761.6	0.0	0.0	[0.0..0.0]	[0.0..0.0]	[1.0..1.0]	[441761.6..441761.6]	[0.26..0.26]	[0.0..0.0]	[1.0..1.0]	[441761.6..441761.6]	[0.26..0.26]	[0.0..0.0]	0.8562302	[378249.62..378249.62]
Group-1	PC 34:2:0	255.23	20180509_PC_egg_01.mzXML	35.0	444325.7	0.0	0.0	[0.0..0.0]	[0.0..0.0]	[1.0..1.0]	[444325.7..444325.7]	[0.272..0.272]	[0.0..0.0]	[1.0..1.0]	[444325.7..444325.7]	[0.272..0.272]	[0.0..0.0]	0.8562302	[380445.06..380445.06]
Group-1	PC 34:2:0	279.23	20180509_PC_egg_01.mzXML	25.0	1167440.5	0.0	0.0	[9.0..9.0]	[1.0..1.0]	[0.956..0.956]	[1116073.1..1116073.1]	[0.755..0.755]	[1.0..1.0]	[0.956..0.956]	[1116073.1..1116073.1]	[0.755..0.755]	[1.0..1.0]	0.8562302	[955615.5..955615.5]
Group-1	PC 34:2:0	279.23	20180509_PC_egg_01.mzXML	30.0	1320139.9	0.0	0.0	[9.0..9.0]	[1.0..1.0]	[0.952..0.952]	[1256773.2..1256773.2]	[0.74..0.74]	[1.0..1.0]	[0.952..0.952]	[1256773.2..1256773.2]	[0.74..0.74]	[1.0..1.0]	0.8562302	[1076087.1..1076087.1]
Group-1	PC 34:2:0	279.23	20180509_PC_egg_01.mzXML	35.0	1195991.8	0.0	0.0	[9.0..9.0]	[1.0..1.0]	[0.996..0.996]	[1191207.8..1191207.8]	[0.728..0.728]	[1.0..1.0]	[0.996..0.996]	[1191207.8..1191207.8]	[0.728..0.728]	[1.0..1.0]	0.8562302	[1019948.06..1019948.06]
Group-1	PC 34:2:0	281.25	20180509_PC_egg_01.mzXML	25.0	54371.1	0.0	0.0	[9.0..9.0]	[0.0..0.0]	[0.87..0.87]	[47302.86..47302.86]	[0.712..0.712]	[1.0..1.0]	[0.87..0.87]	[47302.86..47302.86]	[0.712..0.712]	[1.0..1.0]	0.8562302	[40502.137..40502.137]
Group-1	PC 34:2:0	281.25	20180509_PC_egg_01.mzXML	30.0	66699.5	0.0	0.0	[9.0..9.0]	[0.0..1.0]	[0.856..0.926]	[57094.773..61763.74]	[0.721..0.724]	[1.0..1.0]	[0.926..0.926]	[61763.74..61763.74]	[0.736..0.736]	[1.0..1.0]	0.8562302	[48886.266..52883.977]
Group-1	PC 34:2:0	281.25	20180509_PC_egg_01.mzXML	35.0	60427.8	0.0	0.0	[9.0..9.0]	[1.0..1.0]	[0.913..0.913]	[55170.586..55170.586]	[0.723..0.723]	[1.0..1.0]	[0.913..0.913]	[55170.582..55170.582]	[0.723..0.723]	[1.0..1.0]	0.8562302	[47238.72..47238.72]
Group-1	PC 34:3:0	253.22	20180509_PC_egg_01.mzXML	25.0	10395.6	0.0	0.0	[9.0..9.0]	[0.0..0.0]	[0.902..0.902]	[9376.831..9376.831]	[0.236..0.236]	[0.0..0.0]	[0.902..0.902]	[9376.831..9376.831]	[0.236..0.236]	[0.0..0.0]	0.85807484	[8046.0225..8046.0225]
Group-1	PC 34:3:0	253.22	20180509_PC_egg_01.mzXML	30.0	11916.5	0.0	0.0	[9.0..9.0]	[0.0..0.0]	[0.912..0.912]	[10867.848..10867.848]	[0.244..0.244]	[0.0..0.0]	[0.912..0.912]	[10867.848..10867.848]	[0.244..0.244]	[0.0..0.0]	0.85807484	[9325.427..9325.427]
Group-1	PC 34:3:0	253.22	20180509_PC_egg_01.mzXML	35.0	11235.9	0.0	0.0	[9.0..9.0]	[0.0..0.0]	[0.935..0.935]	[10505.566..10505.566]	[0.248..0.248]	[0.0..0.0]	[0.935..0.935]	[10505.566..10505.566]	[0.248..0.248]	[0.0..0.0]	0.85807484	[9014.5625..9014.5625]
Group-1	PC 34:3:0	255.23	20180509_PC_egg_01.mzXML	25.0	5969.2	0.0	0.0	[0.0..0.0]	[0.0..1.0]	[1.0..1.0]	[5969.2..5969.2]	[0.262..0.286]	[0.0..0.0]	[1.0..1.0]	[5969.2..5969.2]	[0.262..0.266]	[0.0..0.0]	0.85807484	[5122.0205..5122.0205]
Group-1	PC 34:3:0	255.23	20180509_PC_egg_01.mzXML	30.0	6389.9	0.0	0.0	[0.0..0.0]	[0.0..1.0]	[1.0..1.0]	[6389.9..6389.9]	[0.264..0.302]	[0.0..0.0]	[1.0..1.0]	[6389.9..6389.9]	[0.264..0.286]	[0.0..0.0]	0.85807484	[5483.012..5483.012]
Group-1	PC 34:3:0	255.23	20180509_PC_egg_01.mzXML	35.0	6237.3	0.0	0.0	[0.0..0.0]	[0.0..0.0]	[1.0..1.0]	[6237.3..6237.3]	[0.252..0.291]	[0.0..0.0]	[1.0..1.0]	[6237.3..6237.3]	[0.252..0.291]	[0.0..0.0]	0.85807484	[5352.07..5352.07]
Group-1	PC 34:3:0	277.22	20180509_PC_egg_01.mzXML	25.0	15921.3	0.0	0.0	[6.0..9.0]	[0.0..1.0]	[0.938..1.058]	[14934.18..16844.734]	[0.714..0.738]	[1.0..1.0]	[1.034..1.058]	[16462.625..16844.734]	[0.734..0.738]	[1.0..1.0]	0.85807484	[12814.644..14454.043]
Group-1	PC 34:3:0	277.22	20180509_PC_egg_01.mzXML	30.0	14359.3	0.0	0.0	[6.0..9.0]	[0.0..1.0]	[1.029..1.242]	[14775.72..17834.25]	[0.698..0.736]	[1.0..1.0]	[1.111..1.242]	[15953.182..17834.25]	[0.714..0.736]	[1.0..1.0]	0.85807484	[12678.673..15303.121]
Group-1	PC 34:3:0	277.22	20180509_PC_egg_01.mzXML	35.0	11768.5	0.0	0.0	[6.0..9.0]	[1.0..1.0]	[1.289..1.577]	[15169.597..18558.924]	[0.709..0.748]	[1.0..1.0]	[1.289..1.577]	[15169.597..18558.924]	[0.709..0.748]	[1.0..1.0]	0.85807484	[13016.649..15924.946]
Group-1	PC 34:3:0	279.23	20180509_PC_egg_01.mzXML	25.0	31672.4	0.0	0.0	[9.0..9.0]	[1.0..1.0]	[0.956..0.956]	[30278.814..30278.814]	[0.764..0.764]	[1.0..1.0]	[0.956..0.956]	[30278.814..30278.814]	[0.764..0.764]	[1.0..1.0]	0.85807484	[25981.488..25981.488]
Group-1	PC 34:3:0	279.23	20180509_PC_egg_01.mzXML	30.0	35310.4	0.0	0.0	[9.0..9.0]	[1.0..1.0]	[0.952..0.952]	[33615.5..33615.5]	[0.756..0.756]	[1.0..1.0]	[0.952..0.952]	[33615.5..33615.5]	[0.756..0.756]	[1.0..1.0]	0.85807484	[28844.615..28844.615]
Group-1	PC 34:3:0	279.23	20180509_PC_egg_01.mzXML	35.0	31972.8	0.0	0.0	[9.0..9.0]	[1.0..1.0]	[0.996..0.996]	[31844.91..31844.91]	[0.752..0.752]	[1.0..1.0]	[0.996..0.996]	[31844.91..31844.91]	[0.752..0.752]	[1.0..1.0]	0.85807484	[27325.316..27325.316]
Group-1	PC 36:1:0	255.23	20180509_PC_egg_01.mzXML	25.0	2158.5	0.0	0.0	[0.0..0.0]	[0.0..0.0]	[1.0..1.0]	[2158.5..2158.5]	[0.268..0.268]	[0.0..0.15]	[1.0..1.0]	[2158.5..2158.5]	[0.268..0.268]	[0.0..0.153]	0.8296408	[1790.7797..1790.7797]
Group-1	PC 36:1:0	255.23	20180509_PC_egg_01.mzXML	30.0	2565.0	0.0	0.0	[0.0..0.0]	[0.0..0.0]	[1.0..1.0]	[2565.0..2565.0]	[0.299..0.299]	[0.0..0.15]	[1.0..1.0]	[2565.0..2565.0]	[0.299..0.299]	[0.0..0.153]	0.8296408	[2128.0286..2128.0286]
Group-1	PC 36:1:0	255.23	20180509_PC_egg_01.mzXML	35.0	2799.8	0.0	0.0	[0.0..0.0]	[0.0..0.0]	[1.0..1.0]	[2799.8..2799.8]	[0.37..0.37]	[0.0..0.15]	[1.0..1.0]	[2799.8..2799.8]	[0.37..0.37]	[0.0..0.153]	0.8296408	[2322.8284..2322.8284]
Group-1	PC 36:1:0	281.25	20180509_PC_egg_01.mzXML	25.0	381757.8	0.0	0.0	[9.0..9.0]	[0.0..1.0]	[0.87..0.964]	[332129.3..368014.53]	[0.737..0.753]	[1.0..1.0]	[0.964..0.964]	[368014.53..368014.53]	[0.757..0.757]	[1.0..1.0]	0.8296408	[275548.0..305319.84]
Group-1	PC 36:1:0	281.25	20180509_PC_egg_01.mzXML	30.0	430132.2	0.0	0.0	[9.0..9.0]	[0.0..1.0]	[0.856..0.926]	[368193.16..398302.4]	[0.73..0.743]	[1.0..1.0]	[0.926..0.926]	[398302.4..398302.4]	[0.746..0.746]	[1.0..1.0]	0.8296408	[305468.06..330447.94]
Group-1	PC 36:1:0	281.25	20180509_PC_egg_01.mzXML	35.0	411940.5	0.0	0.0	[9.0..9.0]	[0.0..1.0]	[0.868..0.913]	[357564.34..376101.66]	[0.717..0.726]	[1.0..1.0]	[0.913..0.913]	[376101.66..376101.66]	[0.727..0.727]	[1.0..1.0]	0.8296408	[296649.97..312029.3]
Group-1	PC 36:1:0	283.26	20180509_PC_egg_01.mzXML	25.0	122350.3	0.0	0.0	[0.0..0.0]	[0.0..1.0]	[0.968..0.988]	[118435.086..120882.09]	[0.247..0.263]	[0.0..0.0]	[0.968..0.968]	[118435.086..118435.086]	[0.243..0.243]	[0.0..0.0]	0.8296408	[98258.58..100288.71]
Group-1	PC 36:1:0	283.26	20180509_PC_egg_01.mzXML	30.0	143663.6	0.0	0.0	[0.0..0.0]	[0.0..1.0]	[0.946..0.958]	[135905.75..137629.72]	[0.257..0.27]	[0.0..0.0]	[0.946..0.946]	[135905.75..135905.75]	[0.254..0.254]	[0.0..0.0]	0.8296408	[112752.96..114183.234]
Group-1	PC 36:1:0	283.26	20180509_PC_egg_01.mzXML	35.0	150579.9	0.0	0.0	[0.0..0.0]	[0.0..1.0]	[0.937..0.945]	[141093.38..142298.02]	[0.274..0.283]	[0.0..0.0]	[0.937..0.937]	[141093.38..141093.38]	[0.273..0.273]	[0.0..0.0]	0.8296408	[117056.81..118056.234]
Group-1	PC 36:1:0	309.28	20180509_PC_egg_01.mzXML	25.0	6126.7	0.0	0.0	[11.0..11.0]	[1.0..1.0]	[0.964..0.964]	[5906.139..5906.139]	[0.732..0.732]	[0.85..1.0]	[0.964..0.964]	[5906.1387..5906.1387]	[0.732..0.732]	[0.847..1.0]	0.8296408	[4899.9736..4899.9736]
Group-1	PC 36:1:0	309.28	20180509_PC_egg_01.mzXML	30.0	6733.6	0.0	0.0	[11.0..11.0]	[1.0..1.0]	[0.894..0.894]	[6019.839..6019.839]	[0.701..0.701]	[0.85..1.0]	[0.894..0.894]	[6019.8384..6019.8384]	[0.701..0.701]	[0.847..1.0]	0.8296408	[4994.303..4994.303]
Group-1	PC 36:1:0	309.28	20180509_PC_egg_01.mzXML	35.0	5533.6	0.0	0.0	[11.0..11.0]	[1.0..1.0]	[0.861..0.861]	[4764.43..4764.43]	[0.63..0.63]	[0.85..1.0]	[0.861..0.861]	[4764.4297..4764.4297]	[0.63..0.63]	[0.847..1.0]	0.8296408	[3952.7651..3952.7651]
Group-1	PC 36:2:0	255.23	20180509_PC_egg_01.mzXML	25.0	3894.0	0.0	0.0	[0.0..0.0]	[0.0..0.0]	[1.0..1.0]	[3894.0..3894.0]	[0.254..0.254]	[0.0..0.08]	[1.0..1.0]	[3894.0..3894.0]	[0.254..0.254]	[0.0..0.078]	0.8313721	[3237.3628..3237.3628]
Group-1	PC 36:2:0	255.23	20180509_PC_egg_01.mzXML	30.0	3748.2	0.0	0.0	[0.0..0.0]	[0.0..0.0]	[1.0..1.0]	[3748.2..3748.2]	[0.244..0.244]	[0.0..0.08]	[1.0..1.0]	[3748.2..3748.2]	[0.244..0.244]	[0.0..0.078]	0.8313721	[3116.1487..3116.1487]
Group-1	PC 36:2:0	255.23	20180509_PC_egg_01.mzXML	35.0	5800.1	0.0	0.0	[0.0..0.0]	[0.0..0.0]	[1.0..1.0]	[5800.1..5800.1]	[0.342..0.342]	[0.0..0.08]	[1.0..1.0]	[5800.1..5800.1]	[0.342..0.342]	[0.0..0.078]	0.8313721	[4822.0415..4822.0415]
Group-1	PC 36:2:0	279.23	20180509_PC_egg_01.mzXML	25.0	427672.9	0.0	0.0	[9.0..9.0]	[0.0..1.0]	[0.867..0.956]	[370792.4..408855.28]	[0.737..0.751]	[1.0..1.0]	[0.956..0.956]	[408855.28..408855.28]	[0.755..0.755]	[1.0..1.0]	0.8313721	[308266.44..339910.88]
Group-1	PC 36:2:0	279.23	20180509_PC_egg_01.mzXML	30.0	485210.8	0.0	0.0	[9.0..9.0]	[0.0..1.0]	[0.884..0.952]	[428926.38..461920.72]	[0.728..0.74]	[1.0..1.0]	[0.952..0.952]	[461920.72..461920.72]	[0.743..0.743]	[1.0..1.0]	0.8313721	[356597.4..384027.97]
Group-1	PC 36:2:0	279.23	20180509_PC_egg_01.mzXML	35.0	406426.7	0.0	0.0	[9.0..9.0]	[0.0..1.0]	[0.951..0.996]	[386511.78..404800.97]	[0.71..0.718]	[1.0..1.0]	[0.996..0.996]	[404800.97..404800.97]	[0.719..0.719]	[1.0..1.0]	0.8313721	[321335.1..336540.25]
Group-1	PC 36:2:0	281.25	20180509_PC_egg_01.mzXML	25.0	157057.6	0.0	0.0	[9.0..9.0]	[0.5..0.5]	[0.915..0.915]	[143707.7..143707.7]	[0.5..0.5]	[0.5..0.5]	[0.915..0.915]	[143707.7..143707.7]	[0.5..0.5]	[0.5..0.5]	0.8313721	[119474.57..119474.57]
Group-1	PC 36:2:0	281.25	20180509_PC_egg_01.mzXML	30.0	187910.4	0.0	0.0	[9.0..9.0]	[0.5..0.5]	[0.911..0.911]	[171186.38..171186.38]	[0.5..0.5]	[0.5..0.5]	[0.911..0.911]	[171186.38..171186.38]	[0.5..0.5]	[0.5..0.5]	0.8313721	[142319.58..142319.58]
Group-1	PC 36:2:0	281.25	20180509_PC_egg_01.mzXML	35.0	163516.0	0.0	0.0	[9.0..9.0]	[0.5..0.5]	[0.917..0.917]	[149944.17..149944.17]	[0.5..0.5]	[0.5..0.5]	[0.917..0.917]	[149944.17..149944.17]	[0.5..0.5]	[0.5..0.5]	0.8313721	[124659.4..124659.4]
Group-1	PC 36:2:0	283.26	20180509_PC_egg_01.mzXML	25.0	137007.6	0.0	0.0	[0.0..0.0]	[0.0..1.0]	[0.968..0.988]	[132623.34..135363.5]	[0.249..0.263]	[0.0..0.0]	[0.968..0.968]	[132623.34..132623.34]	[0.245..0.245]	[0.0..0.0]	0.8313721	[110259.35..112537.44]
Group-1	PC 36:2:0	283.26	20180509_PC_egg_01.mzXML	30.0	169191.5	0.0	0.0	[0.0..0.0]	[0.0..1.0]	[0.946..0.958]	[160055.16..162085.45]	[0.26..0.272]	[0.0..0.0]	[0.946..0.946]	[160055.16..160055.16]	[0.257..0.257]	[0.0..0.0]	0.8313721	[133065.39..134753.33]
Group-1	PC 36:2:0	283.26	20180509_PC_egg_01.mzXML	35.0	168556.2	0.0	0.0	[0.0..0.0]	[0.0..1.0]	[0.937..0.945]	[157937.16..159285.61]	[0.282..0.29]	[0.0..0.0]	[0.937..0.937]	[157937.16..157937.16]	[0.281..0.281]	[0.0..0.0]	0.8313721	[131304.55..132425.61]
Group-1	PC 36:2:0	307.26	20180509_PC_egg_01.mzXML	25.0	12004.1	0.0	0.0	[11.0..11.0]	[1.0..1.0]	[0.951..0.951]	[11415.898..11415.898]	[0.746..0.746]	[0.92..1.0]	[0.951..0.951]	[11415.898..11415.898]	[0.746..0.746]	[0.922..1.0]	0.8313721	[9490.859..9490.859]
Group-1	PC 36:2:0	307.26	20180509_PC_egg_01.mzXML	30.0	12887.9	0.0	0.0	[11.0..11.0]	[1.0..1.0]	[0.9..0.9]	[11599.11..11599.11]	[0.756..0.756]	[0.92..1.0]	[0.9..0.9]	[11599.11..11599.11]	[0.756..0.756]	[0.922..1.0]	0.8313721	[9643.177..9643.177]
Group-1	PC 36:2:0	307.26	20180509_PC_egg_01.mzXML	35.0	12298.9	0.0	0.0	[11.0..11.0]	[1.0..1.0]	[0.906..0.906]	[11142.804..11142.804]	[0.658..0.658]	[0.92..1.0]	[0.906..0.906]	[11142.804..11142.804]	[0.658..0.658]	[0.922..1.0]	0.8313721	[9263.816..9263.816]
Group-1	PC 36:3:0	255.23	20180509_PC_egg_01.mzXML	25.0	8758.9	0.0	0.0	[0.0..0.0]	[0.0..1.0]	[1.0..1.0]	[8758.9..8758.9]	[0.237..0.261]	[0.0..0.0]	[1.0..1.0]	[8758.9..8758.9]	[0.237..0.241]	[0.0..0.0]	0.8331026	[7297.0625..7297.0625]
Group-1	PC 36:3:0	255.23	20180509_PC_egg_01.mzXML	30.0	9867.3	0.0	0.0	[0.0..0.0]	[0.0..1.0]	[1.0..1.0]	[9867.3..9867.3]	[0.213..0.261]	[0.0..0.0]	[1.0..1.0]	[9867.3..9867.3]	[0.213..0.246]	[0.0..0.0]	0.8331026	[8220.473..8220.473]
Group-1	PC 36:3:0	255.23	20180509_PC_egg_01.mzXML	35.0	10415.8	0.0	0.0	[0.0..0.0]	[0.0..0.0]	[1.0..1.0]	[10415.8..10415.8]	[0.215..0.281]	[0.0..0.0]	[1.0..1.0]	[10415.8..10415.8]	[0.215..0.281]	[0.0..0.0]	0.8331026	[8677.43..8677.43]
Group-1	PC 36:3:0	277.22	20180509_PC_egg_01.mzXML	25.0	2603.4	0.0	0.0	[6.0..9.0]	[0.0..1.0]	[0.938..1.058]	[2441.989..2754.397]	[0.728..0.748]	[0.9..1.0]	[0.973..1.058]	[2533.1082..2754.397]	[0.735..0.751]	[0.898..1.0]	0.8331026	[2034.4275..2294.6953]
Group-1	PC 36:3:0	277.22	20180509_PC_egg_01.mzXML	30.0	2722.0	0.0	0.0	[6.0..9.0]	[0.0..1.0]	[1.029..1.242]	[2800.938..3380.724]	[0.708..0.743]	[0.9..1.0]	[1.074..1.242]	[2923.428..3380.7239]	[0.717..0.745]	[0.898..1.0]	0.8331026	[2333.469..2816.49]
Group-1	PC 36:3:0	277.22	20180509_PC_egg_01.mzXML	35.0	1768.4	0.0	0.0	[6.0..9.0]	[0.0..1.0]	[1.224..1.577]	[2164.522..2788.767]	[0.649..0.703]	[0.9..1.0]	[1.271..1.577]	[2247.6365..2788.7668]	[0.658..0.704]	[0.898..1.0]	0.8331026	[1803.2686..2323.3289]
Group-1	PC 36:3:0	279.23	20180509_PC_egg_01.mzXML	25.0	102855.1	0.0	0.0	[9.0..9.0]	[0.0..0.0]	[0.867..0.867]	[89175.375..89175.375]	[0.658..0.658]	[0.89..0.92]	[0.867..0.867]	[89175.375..89175.375]	[0.658..0.658]	[0.893..0.922]	0.8331026	[74292.234..74292.234]
Group-1	PC 36:3:0	279.23	20180509_PC_egg_01.mzXML	30.0	116065.0	0.0	0.0	[9.0..9.0]	[0.0..0.0]	[0.884..0.884]	[102601.46..102601.46]	[0.657..0.657]	[0.89..0.92]	[0.884..0.884]	[102601.46..102601.46]	[0.657..0.657]	[0.893..0.922]	0.8331026	[85477.55..85477.55]
Group-1	PC 36:3:0	279.23	20180509_PC_egg_01.mzXML	35.0	103103.7	0.0	0.0	[9.0..9.0]	[0.0..0.0]	[0.951..0.951]	[98051.62..98051.62]	[0.658..0.658]	[0.89..0.92]	[0.951..0.951]	[98051.62..98051.62]	[0.658..0.658]	[0.893..0.922]	0.8331026	[81687.055..81687.055]
Group-1	PC 36:3:0	281.25	20180509_PC_egg_01.mzXML	25.0	48015.1	0.0	0.0	[9.0..9.0]	[1.0..1.0]	[0.964..0.964]	[46286.56..46286.56]	[0.342..0.342]	[0.08..0.11]	[0.964..0.964]	[46286.56..46286.56]	[0.342..0.342]	[0.078..0.107]	0.8331026	[38561.45..38561.45]
Group-1	PC 36:3:0	281.25	20180509_PC_egg_01.mzXML	30.0	57823.5	0.0	0.0	[9.0..9.0]	[1.0..1.0]	[0.926..0.926]	[53544.562..53544.562]	[0.343..0.343]	[0.08..0.11]	[0.926..0.926]	[53544.562..53544.562]	[0.343..0.343]	[0.078..0.107]	0.8331026	[44608.11..44608.11]
Group-1	PC 36:3:0	281.25	20180509_PC_egg_01.mzXML	35.0	55728.1	0.0	0.0	[9.0..9.0]	[1.0..1.0]	[0.913..0.913]	[50879.758..50879.758]	[0.342..0.342]	[0.08..0.11]	[0.913..0.913]	[50879.758..50879.758]	[0.342..0.342]	[0.078..0.107]	0.8331026	[42388.06..42388.06]
Group-1	PC 36:3:0	283.26	20180509_PC_egg_01.mzXML	25.0	941.4	0.0	0.0	[0.0..0.0]	[0.0..1.0]	[0.968..0.988]	[911.275..930.103]	[0.252..0.272]	[0.0..0.1]	[0.968..0.97]	[911.2752..913.1581]	[0.249..0.265]	[0.0..0.102]	0.8331026	[759.1857..774.87134]
Group-1	PC 36:3:0	283.26	20180509_PC_egg_01.mzXML	30.0	1219.4	0.0	0.0	[0.0..0.0]	[0.0..1.0]	[0.946..0.958]	[1153.552..1168.185]	[0.257..0.292]	[0.0..0.1]	[0.946..0.947]	[1153.5524..1154.7719]	[0.255..0.283]	[0.0..0.102]	0.8331026	[961.02747..973.21814]
Group-1	PC 36:3:0	283.26	20180509_PC_egg_01.mzXML	35.0	1249.0	0.0	0.0	[0.0..0.0]	[0.0..1.0]	[0.937..0.945]	[1170.313..1180.305]	[0.297..0.351]	[0.0..0.1]	[0.937..0.938]	[1170.313..1171.562]	[0.296..0.342]	[0.0..0.102]	0.8331026	[974.9908..983.3152]
Group-1	PC 36:3:0	305.25	20180509_PC_egg_01.mzXML	25.0	27486.4	0.0	0.0	[5.0..11.0]	[0.0..1.0]	[0.903..1.028]	[24820.219..28256.02]	[0.739..0.763]	[1.0..1.0]	[1.001..1.028]	[27513.889..28256.02]	[0.759..0.763]	[1.0..1.0]	0.8331026	[20677.79..23540.162]
Group-1	PC 36:3:0	305.25	20180509_PC_egg_01.mzXML	30.0	30080.1	0.0	0.0	[5.0..11.0]	[0.0..1.0]	[0.927..1.213]	[27884.252..36487.164]	[0.739..0.787]	[1.0..1.0]	[1.003..1.213]	[30170.34..36487.164]	[0.754..0.787]	[1.0..1.0]	0.8331026	[23230.441..30397.549]
Group-1	PC 36:3:0	305.25	20180509_PC_egg_01.mzXML	35.0	24170.7	0.0	0.0	[5.0..11.0]	[1.0..1.0]	[1.1..1.574]	[26587.77..38044.68]	[0.719..0.785]	[1.0..1.0]	[1.1..1.574]	[26587.77..38044.68]	[0.719..0.785]	[1.0..1.0]	0.8331026	[22150.34..31695.121]
Group-1	PC 36:4:0	255.23	20180509_PC_egg_01.mzXML	25.0	44937.4	0.0	0.0	[0.0..0.0]	[0.0..0.0]	[1.0..1.0]	[44937.4..44937.4]	[0.218..0.219]	[0.0..0.0]	[1.0..1.0]	[44937.4..44937.4]	[0.218..0.219]	[0.0..0.0]	0.8348496	[37515.97..37515.97]
Group-1	PC 36:4:0	255.23	20180509_PC_egg_01.mzXML	30.0	55840.7	0.0	0.0	[0.0..0.0]	[0.0..0.0]	[1.0..1.0]	[55840.7..55840.7]	[0.24..0.242]	[0.0..0.0]	[1.0..1.0]	[55840.7..55840.7]	[0.24..0.242]	[0.0..0.0]	0.8348496	[46618.586..46618.586]
Group-1	PC 36:4:0	255.23	20180509_PC_egg_01.mzXML	35.0	55461.0	0.0	0.0	[0.0..0.0]	[0.0..0.0]	[1.0..1.0]	[55461.0..55461.0]	[0.249..0.253]	[0.0..0.0]	[1.0..1.0]	[55461.0..55461.0]	[0.249..0.253]	[0.0..0.0]	0.8348496	[46301.594..46301.594]
Group-1	PC 36:4:0	277.22	20180509_PC_egg_01.mzXML	25.0	1626.0	0.0	0.0	[6.0..9.0]	[1.0..1.0]	[1.034..1.058]	[1681.284..1720.308]	[0.562..0.567]	[0.4..0.67]	[0.839..0.894]	[1364.214..1453.644]	[0.51..0.526]	[0.401..0.667]	0.8348496	[1403.6194..1436.1984]
Group-1	PC 36:4:0	277.22	20180509_PC_egg_01.mzXML	30.0	1599.1	0.0	0.0	[6.0..9.0]	[0.0..1.0]	[1.029..1.242]	[1645.474..1986.082]	[0.51..0.537]	[0.4..0.67]	[0.985..1.129]	[1575.1135..1805.3838]	[0.492..0.521]	[0.401..0.667]	0.8348496	[1373.7233..1658.0798]
Group-1	PC 36:4:0	277.22	20180509_PC_egg_01.mzXML	35.0	1167.0	0.0	0.0	[6.0..9.0]	[0.0..0.0]	[1.224..1.47]	[1428.408..1715.49]	[0.463..0.509]	[0.4..0.67]	[1.219..1.511]	[1422.573..1763.337]	[0.462..0.516]	[0.401..0.667]	0.8348496	[1192.5059..1432.1761]
Group-1	PC 36:4:0	279.23	20180509_PC_egg_01.mzXML	25.0	28506.0	0.0	0.0	[9.0..9.0]	[0.5..0.5]	[0.916..0.916]	[26111.496..26111.496]	[0.5..0.5]	[0.5..0.5]	[0.916..0.916]	[26111.496..26111.496]	[0.5..0.5]	[0.5..0.5]	0.8348496	[21799.172..21799.172]
Group-1	PC 36:4:0	279.23	20180509_PC_egg_01.mzXML	30.0	33007.4	0.0	0.0	[9.0..9.0]	[0.5..0.5]	[0.945..0.945]	[31191.992..31191.992]	[0.5..0.5]	[0.5..0.5]	[0.945..0.945]	[31191.992..31191.992]	[0.5..0.5]	[0.5..0.5]	0.8348496	[26040.621..26040.621]
Group-1	PC 36:4:0	279.23	20180509_PC_egg_01.mzXML	35.0	29779.0	0.0	0.0	[9.0..9.0]	[0.5..0.5]	[1.005..1.005]	[29927.895..29927.895]	[0.5..0.5]	[0.5..0.5]	[1.005..1.005]	[29927.895..29927.895]	[0.5..0.5]	[0.5..0.5]	0.8348496	[24985.291..24985.291]
Group-1	PC 36:4:0	281.25	20180509_PC_egg_01.mzXML	25.0	1508.5	0.0	0.0	[9.0..9.0]	[0.0..0.0]	[0.87..0.87]	[1312.395..1312.395]	[0.433..0.438]	[0.33..0.6]	[0.87..0.87]	[1312.395..1312.395]	[0.474..0.49]	[0.333..0.599]	0.8348496	[1095.6525..1095.6525]
Group-1	PC 36:4:0	281.25	20180509_PC_egg_01.mzXML	30.0	1846.8	0.0	0.0	[9.0..9.0]	[0.0..1.0]	[0.856..0.926]	[1580.861..1710.137]	[0.463..0.49]	[0.33..0.6]	[0.879..0.898]	[1623.3373..1658.4264]	[0.479..0.508]	[0.333..0.599]	0.8348496	[1319.781..1427.707]
Group-1	PC 36:4:0	281.25	20180509_PC_egg_01.mzXML	35.0	1811.6	0.0	0.0	[9.0..9.0]	[1.0..1.0]	[0.913..0.913]	[1653.991..1653.991]	[0.491..0.537]	[0.33..0.6]	[0.913..0.913]	[1653.9907..1653.9907]	[0.484..0.538]	[0.333..0.599]	0.8348496	[1380.8335..1380.8335]
Group-1	PC 36:4:0	303.23	20180509_PC_egg_01.mzXML	25.0	134617.0	7104.0	0.052771937	[5.0..5.0]	[1.0..1.0]	[1.192..1.198]	[160463.47..161271.16]	[0.781..0.782]	[1.0..1.0]	[1.192..1.198]	[160463.47..161271.16]	[0.781..0.782]	[1.0..1.0]	0.8348496	[133962.86..134637.16]
Group-1	PC 36:4:0	303.23	20180509_PC_egg_01.mzXML	30.0	106989.5	10015.1	0.093608245	[5.0..5.0]	[1.0..1.0]	[1.634..1.656]	[174820.84..177174.61]	[0.758..0.76]	[1.0..1.0]	[1.634..1.656]	[174820.84..177174.61]	[0.758..0.76]	[1.0..1.0]	0.8348496	[145949.11..147914.16]
Group-1	PC 36:4:0	303.23	20180509_PC_egg_01.mzXML	35.0	64272.1	7471.9	0.11625417	[5.1..5.2]	[1.0..1.0]	[2.548..2.6]	[163765.33..167107.45]	[0.747..0.751]	[1.0..1.0]	[2.548..2.6]	[163765.33..167107.45]	[0.747..0.751]	[1.0..1.0]	0.8348496	[136719.42..139509.6]
Group-1	PC 36:5:0	253.22	20180509_PC_egg_01.mzXML	25.0	539.4	0.0	0.0	[9.0..9.0]	[0.0..0.0]	[0.902..0.902]	[486.539..486.539]	[0.152..0.161]	[0.0..0.05]	[0.902..0.902]	[486.53882..486.53882]	[0.152..0.165]	[0.0..0.048]	0.83659583	[407.03638..407.03638]
Group-1	PC 36:5:0	253.22	20180509_PC_egg_01.mzXML	30.0	772.6	0.0	0.0	[9.0..9.0]	[0.0..0.0]	[0.912..0.912]	[704.611..704.611]	[0.219..0.258]	[0.0..0.05]	[0.912..0.912]	[704.6112..704.6112]	[0.219..0.261]	[0.0..0.048]	0.83659583	[589.4748..589.4748]
Group-1	PC 36:5:0	253.22	20180509_PC_egg_01.mzXML	35.0	1025.6	0.0	0.0	[9.0..9.0]	[0.0..0.0]	[0.935..0.935]	[958.936..958.936]	[0.257..0.331]	[0.0..0.05]	[0.935..0.935]	[958.936..958.936]	[0.257..0.333]	[0.0..0.048]	0.83659583	[802.2419..802.2419]
Group-1	PC 36:5:0	277.22	20180509_PC_egg_01.mzXML	25.0	430.8	0.0	0.0	[6.0..9.0]	[0.0..0.0]	[0.938..0.943]	[404.09..406.244]	[0.132..0.133]	[0.0..0.0]	[0.938..0.943]	[404.0904..406.2444]	[0.132..0.133]	[0.0..0.0]	0.83659583	[338.06036..339.8624]
Group-1	PC 36:5:0	277.22	20180509_PC_egg_01.mzXML	30.0	579.1	0.0	0.0	[6.0..9.0]	[0.0..0.0]	[1.029..1.131]	[595.894..654.962]	[0.181..0.195]	[0.0..0.0]	[1.029..1.131]	[595.8939..654.9621]	[0.181..0.195]	[0.0..0.0]	0.83659583	[498.52234..547.93854]
Group-1	PC 36:5:0	277.22	20180509_PC_egg_01.mzXML	35.0	359.8	0.0	0.0	[6.0..9.0]	[0.0..0.0]	[1.224..1.47]	[440.395..528.906]	[0.156..0.182]	[0.0..0.0]	[1.224..1.47]	[440.39517..528.906]	[0.156..0.182]	[0.0..0.0]	0.83659583	[368.43277..442.48056]
Group-1	PC 36:5:0	279.23	20180509_PC_egg_01.mzXML	25.0	2774.8	0.0	0.0	[9.0..9.0]	[1.0..1.0]	[0.956..0.956]	[2652.709..2652.709]	[0.867..0.868]	[1.0..1.0]	[0.956..0.956]	[2652.7087..2652.7087]	[0.867..0.868]	[1.0..1.0]	0.83659583	[2219.245..2219.245]
Group-1	PC 36:5:0	279.23	20180509_PC_egg_01.mzXML	30.0	2835.9	0.0	0.0	[9.0..9.0]	[1.0..1.0]	[0.952..0.952]	[2699.777..2699.777]	[0.805..0.819]	[1.0..1.0]	[0.952..0.952]	[2699.7769..2699.7769]	[0.805..0.819]	[1.0..1.0]	0.83659583	[2258.6218..2258.6218]
Group-1	PC 36:5:0	279.23	20180509_PC_egg_01.mzXML	35.0	2394.5	0.0	0.0	[9.0..9.0]	[1.0..1.0]	[0.996..0.996]	[2384.922..2384.922]	[0.818..0.844]	[1.0..1.0]	[0.996..0.996]	[2384.9219..2384.9219]	[0.818..0.844]	[1.0..1.0]	0.83659583	[1995.2158..1995.2158]
Group-1	PC 36:5:0	303.23	20180509_PC_egg_01.mzXML	25.0	2264.1	0.0	0.0	[5.0..8.0]	[1.0..1.0]	[1.12..1.198]	[2535.792..2712.392]	[0.839..0.848]	[0.95..1.0]	[1.085..1.198]	[2456.5486..2712.3918]	[0.835..0.848]	[0.952..1.0]	0.83659583	[2121.433..2269.1758]
Group-1	PC 36:5:0	303.23	20180509_PC_egg_01.mzXML	30.0	1514.8	0.0	0.0	[5.0..8.0]	[1.0..1.0]	[1.337..1.656]	[2025.288..2508.509]	[0.742..0.781]	[0.95..1.0]	[1.314..1.656]	[1990.4473..2508.5088]	[0.739..0.781]	[0.952..1.0]	0.83659583	[1694.3472..2098.6082]
Group-1	PC 36:5:0	303.23	20180509_PC_egg_01.mzXML	35.0	1066.2	0.0	0.0	[5.0..8.0]	[1.0..1.0]	[1.814..2.6]	[1934.087..2772.12]	[0.669..0.743]	[0.95..1.0]	[1.801..2.6]	[1920.2261..2772.1199]	[0.667..0.743]	[0.952..1.0]	0.83659583	[1618.049..2319.1438]
Group-1	PC 38:2:0	281.25	20180509_PC_egg_01.mzXML	25.0	3250.1	0.0	0.0	[9.0..9.0]	[0.0..0.0]	[0.87..0.87]	[2827.587..2827.587]	[0.754..0.754]	[1.0..1.0]	[0.87..0.87]	[2827.5872..2827.5872]	[0.754..0.754]	[1.0..1.0]	0.8080254	[2284.7622..2284.7622]
Group-1	PC 38:2:0	281.25	20180509_PC_egg_01.mzXML	30.0	3418.0	0.0	0.0	[9.0..9.0]	[1.0..1.0]	[0.926..0.926]	[3165.068..3165.068]	[0.772..0.772]	[1.0..1.0]	[0.926..0.926]	[3165.068..3165.068]	[0.772..0.772]	[1.0..1.0]	0.8080254	[2557.4553..2557.4553]
Group-1	PC 38:2:0	281.25	20180509_PC_egg_01.mzXML	35.0	3225.4	0.0	0.0	[9.0..9.0]	[0.0..1.0]	[0.868..0.913]	[2799.647..2944.79]	[0.723..0.725]	[1.0..1.0]	[0.913..0.913]	[2944.79..2944.79]	[0.735..0.735]	[1.0..1.0]	0.8080254	[2262.186..2379.465]
Group-1	PC 38:2:0	283.26	20180509_PC_egg_01.mzXML	25.0	1274.3	0.0	0.0	[0.0..0.0]	[0.0..0.0]	[0.968..0.968]	[1233.523..1233.523]	[0.313..0.313]	[0.0..0.04]	[0.968..0.968]	[1233.5225..1233.5225]	[0.313..0.313]	[0.0..0.041]	0.8080254	[996.7175..996.7175]
Group-1	PC 38:2:0	283.26	20180509_PC_egg_01.mzXML	30.0	1415.2	0.0	0.0	[0.0..0.0]	[0.0..0.0]	[0.946..0.946]	[1338.779..1338.779]	[0.323..0.323]	[0.0..0.04]	[0.946..0.946]	[1338.7792..1338.7792]	[0.323..0.323]	[0.0..0.041]	0.8080254	[1081.7676..1081.7676]
Group-1	PC 38:2:0	283.26	20180509_PC_egg_01.mzXML	35.0	1244.0	0.0	0.0	[0.0..0.0]	[0.0..0.0]	[0.937..0.937]	[1165.628..1165.628]	[0.312..0.312]	[0.0..0.04]	[0.937..0.937]	[1165.6279..1165.6279]	[0.312..0.312]	[0.0..0.041]	0.8080254	[941.857..941.857]
Group-1	PC 38:2:0	307.26	20180509_PC_egg_01.mzXML	25.0	2848.1	0.0	0.0	[11.0..11.0]	[1.0..1.0]	[0.951..0.951]	[2708.543..2708.543]	[0.687..0.687]	[0.96..1.0]	[0.951..0.951]	[2708.5432..2708.5432]	[0.687..0.687]	[0.959..1.0]	0.8080254	[2188.5715..2188.5715]
Group-1	PC 38:2:0	307.26	20180509_PC_egg_01.mzXML	30.0	3118.6	0.0	0.0	[11.0..11.0]	[1.0..1.0]	[0.9..0.9]	[2806.74..2806.74]	[0.677..0.677]	[0.96..1.0]	[0.9..0.9]	[2806.74..2806.74]	[0.677..0.677]	[0.959..1.0]	0.8080254	[2267.9172..2267.9172]
Group-1	PC 38:2:0	307.26	20180509_PC_egg_01.mzXML	35.0	2832.9	0.0	0.0	[11.0..11.0]	[1.0..1.0]	[0.906..0.906]	[2566.608..2566.608]	[0.688..0.688]	[0.96..1.0]	[0.906..0.906]	[2566.6074..2566.6074]	[0.688..0.688]	[0.959..1.0]	0.8080254	[2073.884..2073.884]
Group-1	PC 38:2:0	309.28	20180509_PC_egg_01.mzXML	25.0	955.8	0.0	0.0	[11.0..11.0]	[1.0..1.0]	[0.964..0.964]	[921.391..921.391]	[0.246..0.246]	[0.0..0.0]	[0.964..0.964]	[921.3912..921.3912]	[0.246..0.246]	[0.0..0.0]	0.8080254	[744.50745..744.50745]
Group-1	PC 38:2:0	309.28	20180509_PC_egg_01.mzXML	30.0	1137.5	0.0	0.0	[11.0..11.0]	[0.0..0.0]	[0.822..0.822]	[935.025..935.025]	[0.228..0.228]	[0.0..0.0]	[0.822..0.822]	[935.025..935.025]	[0.228..0.228]	[0.0..0.0]	0.8080254	[755.524..755.524]
Group-1	PC 38:2:0	309.28	20180509_PC_egg_01.mzXML	35.0	1308.9	0.0	0.0	[11.0..11.0]	[0.0..1.0]	[0.812..0.861]	[1062.827..1126.963]	[0.275..0.277]	[0.0..0.0]	[0.812..0.812]	[1062.8268..1062.8268]	[0.265..0.265]	[0.0..0.0]	0.8080254	[858.7911..910.6147]
Group-1	PC 38:3:0	255.23	20180509_PC_egg_01.mzXML	25.0	0.0	0.0	0.0	[0.0..0.0]	[0.0..0.0]	[1.0..1.0]	[0.0..0.0]	[0.0..0.0]	[0.0..1.0]	[1.0..1.0]	[0.0..0.0]	[0.0..0.0]	[0.0..1.0]	0.80966043	[0.0..0.0]
Group-1	PC 38:3:0	255.23	20180509_PC_egg_01.mzXML	30.0	403.1	0.0	0.0	[0.0..0.0]	[0.0..0.0]	[1.0..1.0]	[403.1..403.1]	[0.517..0.517]	[0.0..1.0]	[1.0..1.0]	[403.1..403.1]	[0.517..0.517]	[0.0..1.0]	0.80966043	[326.3741..326.3741]
Group-1	PC 38:3:0	255.23	20180509_PC_egg_01.mzXML	35.0	178.6	0.0	0.0	[0.0..0.0]	[0.0..0.0]	[1.0..1.0]	[178.6..178.6]	[1.0..1.0]	[0.0..1.0]	[1.0..1.0]	[178.6..178.6]	[1.0..1.0]	[0.0..1.0]	0.80966043	[144.60536..144.60536]
Group-1	PC 38:3:0	279.23	20180509_PC_egg_01.mzXML	25.0	3460.3	0.0	0.0	[9.0..9.0]	[1.0..1.0]	[0.956..0.956]	[3308.047..3308.047]	[0.819..0.819]	[1.0..1.0]	[0.956..0.956]	[3308.0466..3308.0466]	[0.819..0.819]	[1.0..1.0]	0.80966043	[2678.3945..2678.3945]
Group-1	PC 38:3:0	279.23	20180509_PC_egg_01.mzXML	30.0	3863.8	0.0	0.0	[9.0..9.0]	[1.0..1.0]	[0.952..0.952]	[3678.338..3678.338]	[0.811..0.811]	[1.0..1.0]	[0.952..0.952]	[3678.3376..3678.3376]	[0.811..0.811]	[1.0..1.0]	0.80966043	[2978.2046..2978.2046]
Group-1	PC 38:3:0	279.23	20180509_PC_egg_01.mzXML	35.0	3082.5	0.0	0.0	[9.0..9.0]	[1.0..1.0]	[0.996..0.996]	[3070.17..3070.17]	[0.778..0.778]	[1.0..1.0]	[0.996..0.996]	[3070.17..3070.17]	[0.778..0.778]	[1.0..1.0]	0.80966043	[2485.7952..2485.7952]
Group-1	PC 38:3:0	281.25	20180509_PC_egg_01.mzXML	25.0	3892.0	0.0	0.0	[9.0..9.0]	[0.0..0.0]	[0.87..0.87]	[3386.04..3386.04]	[0.652..0.652]	[0.84..1.0]	[0.87..0.87]	[3386.04..3386.04]	[0.652..0.652]	[0.842..1.0]	0.80966043	[2741.5427..2741.5427]
Group-1	PC 38:3:0	281.25	20180509_PC_egg_01.mzXML	30.0	4033.4	0.0	0.0	[9.0..9.0]	[1.0..1.0]	[0.926..0.926]	[3734.928..3734.928]	[0.699..0.699]	[0.84..1.0]	[0.926..0.926]	[3734.9282..3734.9282]	[0.699..0.699]	[0.842..1.0]	0.80966043	[3024.0237..3024.0237]
Group-1	PC 38:3:0	281.25	20180509_PC_egg_01.mzXML	35.0	3419.4	0.0	0.0	[9.0..9.0]	[0.0..1.0]	[0.868..0.913]	[2968.039..3121.912]	[0.628..0.63]	[0.84..1.0]	[0.906..0.913]	[3097.9763..3121.912]	[0.639..0.64]	[0.842..1.0]	0.80966043	[2403.1038..2527.6887]
Group-1	PC 38:3:0	283.26	20180509_PC_egg_01.mzXML	25.0	5287.2	0.0	0.0	[0.0..0.0]	[0.0..1.0]	[0.968..0.988]	[5118.01..5223.754]	[0.222..0.241]	[0.0..0.0]	[0.968..0.968]	[5118.01..5118.01]	[0.218..0.223]	[0.0..0.0]	0.80966043	[4143.85..4229.467]
Group-1	PC 38:3:0	283.26	20180509_PC_egg_01.mzXML	30.0	7070.1	0.0	0.0	[0.0..0.0]	[0.0..1.0]	[0.946..0.958]	[6688.315..6773.156]	[0.227..0.275]	[0.0..0.0]	[0.946..0.946]	[6688.3145..6688.3145]	[0.225..0.26]	[0.0..0.0]	0.80966043	[5415.2637..5483.9565]
Group-1	PC 38:3:0	283.26	20180509_PC_egg_01.mzXML	35.0	5276.0	0.0	0.0	[0.0..0.0]	[0.0..0.0]	[0.937..0.937]	[4943.612..4943.612]	[0.182..0.241]	[0.0..0.0]	[0.937..0.937]	[4943.612..4943.612]	[0.182..0.241]	[0.0..0.0]	0.80966043	[4002.647..4002.647]
Group-1	PC 38:3:0	305.25	20180509_PC_egg_01.mzXML	25.0	17813.6	0.0	0.0	[5.0..11.0]	[0.0..1.0]	[0.903..1.028]	[16085.681..18312.38]	[0.759..0.778]	[1.0..1.0]	[1.001..1.028]	[17831.414..18312.38]	[0.777..0.782]	[1.0..1.0]	0.80966043	[13023.939..14826.81]
Group-1	PC 38:3:0	305.25	20180509_PC_egg_01.mzXML	30.0	19014.2	0.0	0.0	[5.0..11.0]	[0.0..1.0]	[0.927..1.213]	[17626.162..23064.225]	[0.725..0.773]	[1.0..1.0]	[1.003..1.213]	[19071.242..23064.225]	[0.74..0.775]	[1.0..1.0]	0.80966043	[14271.206..18674.19]
Group-1	PC 38:3:0	305.25	20180509_PC_egg_01.mzXML	35.0	14145.1	0.0	0.0	[5.0..11.0]	[1.0..1.0]	[1.1..1.574]	[15559.61..22264.387]	[0.759..0.818]	[1.0..1.0]	[1.1..1.574]	[15559.61..22264.387]	[0.759..0.818]	[1.0..1.0]	0.80966043	[12598.001..18026.594]
Group-1	PC 38:3:0	307.26	20180509_PC_egg_01.mzXML	25.0	1901.2	0.0	0.0	[11.0..11.0]	[1.0..1.0]	[0.951..0.951]	[1808.041..1808.041]	[0.348..0.348]	[0.0..0.16]	[0.951..0.951]	[1808.0411..1808.0411]	[0.348..0.348]	[0.0..0.158]	0.80966043	[1463.8994..1463.8994]
Group-1	PC 38:3:0	307.26	20180509_PC_egg_01.mzXML	30.0	1949.0	0.0	0.0	[11.0..11.0]	[0.0..0.0]	[0.826..0.826]	[1609.874..1609.874]	[0.301..0.301]	[0.0..0.16]	[0.826..0.826]	[1609.8739..1609.8739]	[0.301..0.301]	[0.0..0.158]	0.80966043	[1303.4513..1303.4513]
Group-1	PC 38:3:0	307.26	20180509_PC_egg_01.mzXML	35.0	2041.7	0.0	0.0	[11.0..11.0]	[0.0..1.0]	[0.854..0.906]	[1743.612..1849.78]	[0.37..0.372]	[0.0..0.16]	[0.854..0.862]	[1743.6117..1759.9453]	[0.36..0.361]	[0.0..0.158]	0.80966043	[1411.7334..1497.6938]
Group-1	PC 38:3:0	309.28	20180509_PC_egg_01.mzXML	25.0	846.5	0.0	0.0	[11.0..11.0]	[0.0..0.0]	[0.865..0.865]	[732.223..732.223]	[0.181..0.181]	[0.0..0.0]	[0.865..0.865]	[732.22253..732.22253]	[0.181..0.181]	[0.0..0.0]	0.80966043	[592.8516..592.8516]
Group-1	PC 38:3:0	309.28	20180509_PC_egg_01.mzXML	30.0	1044.8	0.0	0.0	[11.0..11.0]	[0.0..0.0]	[0.822..0.822]	[858.826..858.826]	[0.189..0.189]	[0.0..0.0]	[0.822..0.822]	[858.8257..858.8257]	[0.189..0.189]	[0.0..0.0]	0.80966043	[695.3572..695.3572]
Group-1	PC 38:3:0	309.28	20180509_PC_egg_01.mzXML	35.0	1080.9	0.0	0.0	[11.0..11.0]	[0.0..0.0]	[0.812..0.812]	[877.691..877.691]	[0.222..0.222]	[0.0..0.0]	[0.812..0.812]	[877.6908..877.6908]	[0.222..0.222]	[0.0..0.0]	0.80966043	[710.63153..710.63153]
Group-1	PC 38:3:0	333.28	20180509_PC_egg_01.mzXML	25.0	393.1	0.0	0.0	[13.0..13.0]	[1.0..1.0]	[0.989..0.989]	[388.776..388.776]	[1.0..1.0]	[0.0..1.0]	[0.989..0.989]	[388.7759..388.7759]	[1.0..1.0]	[0.0..1.0]	0.80966043	[314.7765..314.7765]
Group-1	PC 38:3:0	333.28	20180509_PC_egg_01.mzXML	30.0	399.9	0.0	0.0	[13.0..13.0]	[1.0..1.0]	[0.943..0.943]	[377.106..377.106]	[0.483..0.483]	[0.0..1.0]	[0.943..0.943]	[377.1057..377.1057]	[0.483..0.483]	[0.0..1.0]	0.80966043	[305.32758..305.32758]
Group-1	PC 38:3:0	333.28	20180509_PC_egg_01.mzXML	35.0	0.0	0.0	0.0	[13.0..13.0]	[1.0..1.0]	[0.994..0.994]	[0.0..0.0]	[0.0..0.0]	[0.0..1.0]	[0.994..0.994]	[0.0..0.0]	[0.0..0.0]	[0.0..1.0]	0.80966043	[0.0..0.0]
Group-1	PC 38:4:0	255.23	20180509_PC_egg_01.mzXML	25.0	2886.3	0.0	0.0	[0.0..0.0]	[0.0..1.0]	[1.0..1.0]	[2886.3..2886.3]	[0.235..0.257]	[0.0..0.01]	[1.0..1.0]	[2886.3..2886.3]	[0.235..0.239]	[0.0..0.014]	0.81129444	[2341.6392..2341.6392]
Group-1	PC 38:4:0	255.23	20180509_PC_egg_01.mzXML	30.0	3554.1	0.0	0.0	[0.0..0.0]	[0.0..1.0]	[1.0..1.0]	[3554.1..3554.1]	[0.265..0.304]	[0.0..0.01]	[1.0..1.0]	[3554.1..3554.1]	[0.265..0.29]	[0.0..0.014]	0.81129444	[2883.4216..2883.4216]
Group-1	PC 38:4:0	255.23	20180509_PC_egg_01.mzXML	35.0	3741.4	0.0	0.0	[0.0..0.0]	[0.0..0.0]	[1.0..1.0]	[3741.4..3741.4]	[0.271..0.318]	[0.0..0.01]	[1.0..1.0]	[3741.4..3741.4]	[0.271..0.318]	[0.0..0.014]	0.81129444	[3035.377..3035.377]
Group-1	PC 38:4:0	279.23	20180509_PC_egg_01.mzXML	25.0	2604.8	0.0	0.0	[9.0..9.0]	[0.0..0.0]	[0.867..0.867]	[2258.362..2258.362]	[1.0..1.0]	[1.0..1.0]	[0.867..0.867]	[2258.3616..2258.3616]	[1.0..1.0]	[1.0..1.0]	0.81129444	[1832.1962..1832.1962]
Group-1	PC 38:4:0	279.23	20180509_PC_egg_01.mzXML	30.0	2769.9	0.0	0.0	[9.0..9.0]	[0.0..0.0]	[0.884..0.884]	[2448.592..2448.592]	[0.705..0.705]	[1.0..1.0]	[0.884..0.884]	[2448.5916..2448.5916]	[0.705..0.705]	[1.0..1.0]	0.81129444	[1986.5287..1986.5287]
Group-1	PC 38:4:0	279.23	20180509_PC_egg_01.mzXML	35.0	2577.6	0.0	0.0	[9.0..9.0]	[0.0..0.0]	[0.951..0.951]	[2451.298..2451.298]	[0.741..0.741]	[1.0..1.0]	[0.951..0.951]	[2451.2976..2451.2976]	[0.741..0.741]	[1.0..1.0]	0.81129444	[1988.7241..1988.7241]
Group-1	PC 38:4:0	281.25	20180509_PC_egg_01.mzXML	25.0	1388.4	0.0	0.0	[9.0..9.0]	[0.0..1.0]	[0.87..0.964]	[1207.908..1338.418]	[0.249..0.254]	[0.0..0.05]	[0.87..0.875]	[1207.9081..1214.85]	[0.232..0.241]	[0.0..0.051]	0.81129444	[979.9691..1085.8508]
Group-1	PC 38:4:0	281.25	20180509_PC_egg_01.mzXML	30.0	1983.1	0.0	0.0	[9.0..9.0]	[0.0..1.0]	[0.856..0.926]	[1697.534..1836.351]	[0.287..0.327]	[0.0..0.05]	[0.856..0.86]	[1697.5336..1705.4661]	[0.272..0.314]	[0.0..0.051]	0.81129444	[1377.1995..1489.8209]
Group-1	PC 38:4:0	281.25	20180509_PC_egg_01.mzXML	35.0	1793.5	0.0	0.0	[9.0..9.0]	[0.0..0.0]	[0.868..0.868]	[1556.758..1556.758]	[0.258..0.332]	[0.0..0.05]	[0.868..0.868]	[1556.7579..1556.7579]	[0.258..0.334]	[0.0..0.051]	0.81129444	[1262.989..1262.989]
Group-1	PC 38:4:0	283.26	20180509_PC_egg_01.mzXML	25.0	61069.7	0.0	0.0	[0.0..0.0]	[0.0..0.0]	[0.968..0.968]	[59115.47..59115.47]	[0.221..0.224]	[0.0..0.0]	[0.968..0.968]	[59115.47..59115.47]	[0.221..0.224]	[0.0..0.0]	0.81129444	[47960.05..47960.05]
Group-1	PC 38:4:0	283.26	20180509_PC_egg_01.mzXML	30.0	71586.2	0.0	0.0	[0.0..0.0]	[0.0..0.0]	[0.946..0.946]	[67720.55..67720.55]	[0.23..0.239]	[0.0..0.0]	[0.946..0.946]	[67720.55..67720.55]	[0.23..0.239]	[0.0..0.0]	0.81129444	[54941.305..54941.305]
Group-1	PC 38:4:0	283.26	20180509_PC_egg_01.mzXML	35.0	77371.6	0.0	0.0	[0.0..0.0]	[0.0..0.0]	[0.937..0.937]	[72497.19..72497.19]	[0.256..0.273]	[0.0..0.0]	[0.937..0.937]	[72497.19..72497.19]	[0.256..0.273]	[0.0..0.0]	0.81129444	[58816.566..58816.566]
Group-1	PC 38:4:0	303.23	20180509_PC_egg_01.mzXML	25.0	174188.5	7725.0	0.044348508	[5.7..5.8]	[1.0..1.0]	[1.177..1.198]	[205019.88..208677.81]	[0.776..0.779]	[1.0..1.0]	[1.177..1.198]	[205019.88..208677.81]	[0.776..0.779]	[1.0..1.0]	0.81129444	[166331.47..169299.14]
Group-1	PC 38:4:0	303.23	20180509_PC_egg_01.mzXML	30.0	137289.0	12249.8	0.08922637	[5.0..5.0]	[1.0..1.0]	[1.571..1.656]	[215681.02..227350.6]	[0.761..0.77]	[1.0..1.0]	[1.571..1.656]	[215681.02..227350.6]	[0.761..0.77]	[1.0..1.0]	0.81129444	[174980.81..184448.27]
Group-1	PC 38:4:0	303.23	20180509_PC_egg_01.mzXML	35.0	80872.4	9382.1	0.11601114	[5.1..5.2]	[1.0..1.0]	[2.391..2.6]	[193365.9..210268.23]	[0.727..0.744]	[1.0..1.0]	[2.391..2.6]	[193365.9..210268.23]	[0.727..0.744]	[1.0..1.0]	0.81129444	[156876.69..170589.45]
Group-1	PC 38:4:0	305.25	20180509_PC_egg_01.mzXML	25.0	3919.0	0.0	0.0	[5.0..11.0]	[0.0..1.0]	[0.903..1.028]	[3538.857..4028.732]	[0.746..0.751]	[0.95..1.0]	[0.97..1.028]	[3801.4302..4028.732]	[0.759..0.768]	[0.949..1.0]	0.81129444	[2871.055..3268.4878]
Group-1	PC 38:4:0	305.25	20180509_PC_egg_01.mzXML	30.0	3768.4	0.0	0.0	[5.0..11.0]	[0.0..1.0]	[0.927..1.213]	[3493.307..4571.07]	[0.673..0.713]	[0.95..1.0]	[0.986..1.213]	[3715.6423..4571.0693]	[0.686..0.728]	[0.949..1.0]	0.81129444	[2834.1003..3708.4832]
Group-1	PC 38:4:0	305.25	20180509_PC_egg_01.mzXML	35.0	2842.1	0.0	0.0	[5.0..11.0]	[1.0..1.0]	[1.1..1.574]	[3126.31..4473.466]	[0.668..0.742]	[0.95..1.0]	[1.092..1.574]	[3103.5732..4473.4653]	[0.666..0.742]	[0.949..1.0]	0.81129444	[2536.3582..3629.2979]
Group-1	PC 38:4:0	307.26	20180509_PC_egg_01.mzXML	25.0	0.0	0.0	0.0	[11.0..11.0]	[1.0..1.0]	[0.951..0.951]	[0.0..0.0]	[0.0..0.0]	[0.0..0.0]	[0.951..0.951]	[0.0..0.0]	[0.0..0.0]	[0.0..0.0]	0.81129444	[0.0..0.0]
Group-1	PC 38:4:0	307.26	20180509_PC_egg_01.mzXML	30.0	1138.1	0.0	0.0	[11.0..11.0]	[1.0..1.0]	[0.9..0.9]	[1024.29..1024.29]	[0.295..0.295]	[0.0..0.0]	[0.9..0.9]	[1024.2899..1024.2899]	[0.295..0.295]	[0.0..0.0]	0.81129444	[831.00073..831.00073]
Group-1	PC 38:4:0	307.26	20180509_PC_egg_01.mzXML	35.0	946.0	0.0	0.0	[11.0..11.0]	[1.0..1.0]	[0.906..0.906]	[857.076..857.076]	[0.259..0.259]	[0.0..0.0]	[0.906..0.906]	[857.076..857.076]	[0.259..0.259]	[0.0..0.0]	0.81129444	[695.341..695.341]
Group-1	PC 38:4:0	331.26	20180509_PC_egg_01.mzXML	25.0	8990.1	0.0	0.0	[7.0..10.0]	[0.0..1.0]	[0.926..1.047]	[8324.832..9412.635]	[0.743..0.765]	[0.99..1.0]	[1.021..1.047]	[9178.892..9412.635]	[0.761..0.765]	[0.986..1.0]	0.81129444	[6753.89..7636.418]
Group-1	PC 38:4:0	331.26	20180509_PC_egg_01.mzXML	30.0	7910.9	0.0	0.0	[7.0..10.0]	[0.0..1.0]	[1.03..1.246]	[8148.227..9856.981]	[0.696..0.735]	[0.99..1.0]	[1.099..1.246]	[8694.079..9856.981]	[0.71..0.735]	[0.986..1.0]	0.81129444	[6610.611..7996.914]
Group-1	PC 38:4:0	331.26	20180509_PC_egg_01.mzXML	35.0	5883.1	0.0	0.0	[7.0..10.0]	[1.0..1.0]	[1.365..1.712]	[8030.432..10071.867]	[0.682..0.729]	[0.99..1.0]	[1.363..1.712]	[8018.6655..10071.867]	[0.682..0.729]	[0.986..1.0]	0.81129444	[6515.0444..8171.25]
Group-1	PC 38:5:0	255.23	20180509_PC_egg_01.mzXML	25.0	20496.7	0.0	0.0	[0.0..0.0]	[0.0..0.0]	[1.0..1.0]	[20496.7..20496.7]	[0.23..0.234]	[0.0..0.0]	[1.0..1.0]	[20496.7..20496.7]	[0.23..0.234]	[0.0..0.0]	0.81293565	[16662.498..16662.498]
Group-1	PC 38:5:0	255.23	20180509_PC_egg_01.mzXML	30.0	23850.3	0.0	0.0	[0.0..0.0]	[0.0..0.0]	[1.0..1.0]	[23850.3..23850.3]	[0.235..0.243]	[0.0..0.0]	[1.0..1.0]	[23850.3..23850.3]	[0.235..0.243]	[0.0..0.0]	0.81293565	[19388.76..19388.76]
Group-1	PC 38:5:0	255.23	20180509_PC_egg_01.mzXML	35.0	24072.0	0.0	0.0	[0.0..0.0]	[0.0..0.0]	[1.0..1.0]	[24072.0..24072.0]	[0.261..0.273]	[0.0..0.0]	[1.0..1.0]	[24072.0..24072.0]	[0.261..0.273]	[0.0..0.0]	0.81293565	[19568.986..19568.986]
Group-1	PC 38:5:0	281.25	20180509_PC_egg_01.mzXML	25.0	5443.4	0.0	0.0	[9.0..9.0]	[0.0..0.5]	[0.87..0.917]	[4735.758..4991.598]	[0.218..0.25]	[0.0..0.0]	[0.87..0.87]	[4735.758..4735.758]	[0.209..0.213]	[0.0..0.0]	0.81293565	[3849.8665..4057.8477]
Group-1	PC 38:5:0	281.25	20180509_PC_egg_01.mzXML	30.0	7822.0	0.0	0.0	[9.0..9.0]	[0.0..0.0]	[0.856..0.856]	[6695.632..6695.632]	[0.251..0.263]	[0.0..0.0]	[0.856..0.856]	[6695.632..6695.632]	[0.251..0.263]	[0.0..0.0]	0.81293565	[5443.118..5443.118]
Group-1	PC 38:5:0	281.25	20180509_PC_egg_01.mzXML	35.0	7064.2	0.0	0.0	[9.0..9.0]	[0.0..0.5]	[0.868..0.891]	[6131.726..6294.202]	[0.256..0.283]	[0.0..0.0]	[0.868..0.868]	[6131.7256..6131.7256]	[0.251..0.27]	[0.0..0.0]	0.81293565	[4984.698..5116.7812]
Group-1	PC 38:5:0	303.23	20180509_PC_egg_01.mzXML	25.0	15110.7	707.9	0.0468476	[5.5..5.5]	[0.5..1.0]	[0.941..1.185]	[14219.169..17906.18]	[0.75..0.782]	[1.0..1.0]	[1.161..1.185]	[17543.523..17906.18]	[0.787..0.791]	[1.0..1.0]	0.81293565	[11559.27..14556.571]
Group-1	PC 38:5:0	303.23	20180509_PC_egg_01.mzXML	30.0	12461.9	933.9	0.07494042	[5.6..5.6]	[1.0..1.0]	[1.507..1.602]	[18780.084..19963.965]	[0.737..0.749]	[1.0..1.0]	[1.507..1.602]	[18780.084..19963.965]	[0.737..0.749]	[1.0..1.0]	0.81293565	[15266.999..16229.418]
Group-1	PC 38:5:0	303.23	20180509_PC_egg_01.mzXML	35.0	7413.8	642.5	0.08666271	[6.3..6.4]	[0.5..1.0]	[2.099..2.469]	[15561.565..18304.672]	[0.717..0.744]	[1.0..1.0]	[2.233..2.469]	[16555.016..18304.672]	[0.73..0.749]	[1.0..1.0]	0.81293565	[12650.552..14880.521]
Group-1	PC 38:5:0	329.25	20180509_PC_egg_01.mzXML	25.0	47733.6	9072.8	0.19007155	[4.0..4.0]	[1.0..1.0]	[1.409..1.437]	[67256.65..68593.19]	[0.766..0.77]	[1.0..1.0]	[1.409..1.437]	[67256.65..68593.19]	[0.766..0.77]	[1.0..1.0]	0.81293565	[54675.33..55761.848]
Group-1	PC 38:5:0	329.25	20180509_PC_egg_01.mzXML	30.0	31488.7	8464.6	0.26881388	[4.3..4.4]	[1.0..1.0]	[2.363..2.463]	[74407.8..77556.67]	[0.757..0.765]	[1.0..1.0]	[2.363..2.463]	[74407.8..77556.67]	[0.757..0.765]	[1.0..1.0]	0.81293565	[60488.75..63048.582]
Group-1	PC 38:5:0	329.25	20180509_PC_egg_01.mzXML	35.0	13433.1	5033.0	0.37467152	[4.3..4.4]	[1.0..1.0]	[4.782..5.077]	[64237.086..68199.85]	[0.727..0.739]	[1.0..1.0]	[4.782..5.077]	[64237.082..68199.85]	[0.727..0.739]	[1.0..1.0]	0.81293565	[52220.613..55442.086]
Group-1	PC 38:6:0	255.23	20180509_PC_egg_01.mzXML	25.0	18884.0	0.0	0.0	[0.0..0.0]	[0.0..0.0]	[1.0..1.0]	[18884.0..18884.0]	[0.255..0.255]	[0.0..0.01]	[1.0..1.0]	[18884.0..18884.0]	[0.255..0.255]	[0.0..0.008]	0.81459224	[15382.76..15382.76]
Group-1	PC 38:6:0	255.23	20180509_PC_egg_01.mzXML	30.0	23224.9	0.0	0.0	[0.0..0.0]	[0.0..0.0]	[1.0..1.0]	[23224.9..23224.9]	[0.307..0.307]	[0.0..0.01]	[1.0..1.0]	[23224.9..23224.9]	[0.307..0.307]	[0.0..0.008]	0.81459224	[18918.824..18918.824]
Group-1	PC 38:6:0	255.23	20180509_PC_egg_01.mzXML	35.0	22535.5	0.0	0.0	[0.0..0.0]	[0.0..0.0]	[1.0..1.0]	[22535.5..22535.5]	[0.316..0.316]	[0.0..0.01]	[1.0..1.0]	[22535.5..22535.5]	[0.316..0.316]	[0.0..0.008]	0.81459224	[18357.244..18357.244]
Group-1	PC 38:6:0	279.23	20180509_PC_egg_01.mzXML	25.0	1256.0	0.0	0.0	[9.0..9.0]	[0.0..0.0]	[0.867..0.867]	[1088.952..1088.952]	[0.431..0.448]	[0.33..1.0]	[0.867..0.867]	[1088.952..1088.952]	[0.473..0.475]	[0.328..1.0]	0.81459224	[887.0518..887.0518]
Group-1	PC 38:6:0	279.23	20180509_PC_egg_01.mzXML	30.0	1664.4	0.0	0.0	[9.0..9.0]	[0.0..0.0]	[0.884..0.884]	[1471.33..1471.33]	[0.579..0.63]	[0.33..1.0]	[0.884..0.884]	[1471.3296..1471.3296]	[0.602..0.649]	[0.328..1.0]	0.81459224	[1198.5337..1198.5337]
Group-1	PC 38:6:0	279.23	20180509_PC_egg_01.mzXML	35.0	1468.2	0.0	0.0	[9.0..9.0]	[0.0..0.0]	[0.951..0.951]	[1396.258..1396.258]	[1.0..1.0]	[0.33..1.0]	[0.951..0.951]	[1396.258..1396.258]	[1.0..1.0]	[0.328..1.0]	0.81459224	[1137.381..1137.381]
Group-1	PC 38:6:0	303.23	20180509_PC_egg_01.mzXML	25.0	1199.5	0.0	0.0	[5.0..8.0]	[1.0..1.0]	[1.12..1.198]	[1343.44..1437.001]	[0.552..0.569]	[0.0..0.67]	[1.005..1.01]	[1205.4974..1211.495]	[0.525..0.527]	[0.0..0.672]	0.81459224	[1094.3558..1170.5698]
Group-1	PC 38:6:0	303.23	20180509_PC_egg_01.mzXML	30.0	646.6	0.0	0.0	[5.0..8.0]	[1.0..1.0]	[1.337..1.656]	[864.504..1070.77]	[0.37..0.421]	[0.0..0.67]	[1.231..1.502]	[795.96454..971.1932]	[0.351..0.398]	[0.0..0.672]	0.81459224	[704.2184..872.2406]
Group-1	PC 38:6:0	303.23	20180509_PC_egg_01.mzXML	35.0	0.0	0.0	0.0	[5.0..8.0]	[1.0..1.0]	[1.814..2.6]	[0.0..0.0]	[0.0..0.0]	[0.0..0.67]	[1.709..2.478]	[0.0..0.0]	[0.0..0.0]	[0.0..0.672]	0.81459224	[0.0..0.0]
Group-1	PC 38:6:0	327.23	20180509_PC_egg_01.mzXML	25.0	28399.0	10034.2	0.35332936	[4.0..4.0]	[1.0..1.0]	[1.939..1.939]	[55065.66..55065.66]	[0.745..0.745]	[0.99..1.0]	[1.939..1.939]	[55065.66..55065.66]	[0.745..0.745]	[0.992..1.0]	0.81459224	[44856.062..44856.062]
Group-1	PC 38:6:0	327.23	20180509_PC_egg_01.mzXML	30.0	12489.6	7471.5	0.5982177	[4.0..4.0]	[1.0..1.0]	[4.197..4.197]	[52418.85..52418.85]	[0.693..0.693]	[0.99..1.0]	[4.197..4.197]	[52418.85..52418.85]	[0.693..0.693]	[0.992..1.0]	0.81459224	[42699.99..42699.99]
Group-1	PC 38:6:0	327.23	20180509_PC_egg_01.mzXML	35.0	4243.7	4227.4	0.99615896	[4.0..4.0]	[1.0..1.0]	[11.468..11.468]	[48666.754..48666.754]	[0.684..0.684]	[0.99..1.0]	[11.468..11.468]	[48666.754..48666.754]	[0.684..0.684]	[0.992..1.0]	0.81459224	[39643.562..39643.562]
Group-1	PC 40:4:0	283.26	20180509_PC_egg_01.mzXML	25.0	1775.1	0.0	0.0	[0.0..0.0]	[0.0..1.0]	[0.968..0.988]	[1718.297..1753.799]	[0.253..0.273]	[0.0..0.0]	[0.968..0.968]	[1718.2968..1718.2968]	[0.249..0.253]	[0.0..0.0]	0.78913254	[1355.9639..1383.9797]
Group-1	PC 40:4:0	283.26	20180509_PC_egg_01.mzXML	30.0	2230.1	0.0	0.0	[0.0..0.0]	[0.0..1.0]	[0.946..0.958]	[2109.675..2136.436]	[0.259..0.294]	[0.0..0.0]	[0.946..0.946]	[2109.6746..2109.6746]	[0.256..0.28]	[0.0..0.0]	0.78913254	[1664.813..1685.9312]
Group-1	PC 40:4:0	283.26	20180509_PC_egg_01.mzXML	35.0	1362.7	0.0	0.0	[0.0..0.0]	[0.0..0.0]	[0.937..0.937]	[1276.85..1276.85]	[0.179..0.215]	[0.0..0.0]	[0.937..0.937]	[1276.8499..1276.8499]	[0.179..0.215]	[0.0..0.0]	0.78913254	[1007.6037..1007.6037]
Group-1	PC 40:4:0	331.26	20180509_PC_egg_01.mzXML	25.0	4947.5	0.0	0.0	[7.0..10.0]	[0.0..1.0]	[0.926..1.047]	[4581.385..5180.033]	[0.727..0.747]	[1.0..1.0]	[1.028..1.047]	[5086.03..5180.0327]	[0.747..0.751]	[1.0..1.0]	0.78913254	[3615.3198..4087.7324]
Group-1	PC 40:4:0	331.26	20180509_PC_egg_01.mzXML	30.0	4912.1	0.0	0.0	[7.0..10.0]	[0.0..1.0]	[1.03..1.246]	[5059.463..6120.477]	[0.706..0.741]	[1.0..1.0]	[1.103..1.246]	[5418.0464..6120.477]	[0.72..0.744]	[1.0..1.0]	0.78913254	[3992.587..4829.8677]
Group-1	PC 40:4:0	331.26	20180509_PC_egg_01.mzXML	35.0	3424.5	0.0	0.0	[7.0..10.0]	[1.0..1.0]	[1.365..1.712]	[4674.443..5862.744]	[0.785..0.821]	[1.0..1.0]	[1.365..1.712]	[4674.4424..5862.744]	[0.785..0.821]	[1.0..1.0]	0.78913254	[3688.7546..4626.482]
Group-1	PC 40:5:0	283.26	20180509_PC_egg_01.mzXML	25.0	7683.5	0.0	0.0	[0.0..0.0]	[0.0..0.9]	[0.968..0.986]	[7437.628..7575.931]	[0.206..0.233]	[0.0..0.0]	[0.968..0.968]	[7437.628..7437.628]	[0.203..0.206]	[0.0..0.0]	0.7906781	[5880.7695..5990.123]
Group-1	PC 40:5:0	283.26	20180509_PC_egg_01.mzXML	30.0	10685.9	0.0	0.0	[0.0..0.0]	[0.0..0.9]	[0.946..0.957]	[10108.861..10226.407]	[0.228..0.256]	[0.0..0.0]	[0.946..0.946]	[10108.861..10108.861]	[0.226..0.233]	[0.0..0.0]	0.7906781	[7992.8555..8085.796]
Group-1	PC 40:5:0	283.26	20180509_PC_egg_01.mzXML	35.0	10656.8	0.0	0.0	[0.0..0.0]	[0.0..0.0]	[0.937..0.937]	[9985.421..9985.421]	[0.276..0.288]	[0.0..0.0]	[0.937..0.937]	[9985.421..9985.421]	[0.276..0.288]	[0.0..0.0]	0.7906781	[7895.2534..7895.2534]
Group-1	PC 40:5:0	329.25	20180509_PC_egg_01.mzXML	25.0	20449.5	3560.8	0.1741265	[4.2..4.3]	[0.1..1.0]	[1.197..1.43]	[24478.053..29242.783]	[0.767..0.794]	[1.0..1.0]	[1.403..1.43]	[28690.648..29242.783]	[0.794..0.797]	[1.0..1.0]	0.7906781	[19354.26..23121.629]
Group-1	PC 40:5:0	329.25	20180509_PC_egg_01.mzXML	30.0	14207.5	3620.5	0.25483018	[4.5..4.5]	[0.1..1.0]	[2.072..2.438]	[29437.94..34637.883]	[0.744..0.772]	[1.0..1.0]	[2.337..2.438]	[33202.926..34637.883]	[0.767..0.774]	[1.0..1.0]	0.7906781	[23275.934..27387.416]
Group-1	PC 40:5:0	329.25	20180509_PC_egg_01.mzXML	35.0	5236.3	2061.1	0.39361766	[4.1..4.2]	[1.0..1.0]	[4.708..5.003]	[24652.5..26197.207]	[0.712..0.724]	[1.0..1.0]	[4.708..5.003]	[24652.5..26197.207]	[0.712..0.724]	[1.0..1.0]	0.7906781	[19492.191..20713.557]
Group-1	PC 40:6:0	281.25	20180509_PC_egg_01.mzXML	25.0	5048.9	0.0	0.0	[9.0..9.0]	[0.0..0.0]	[0.87..0.87]	[4392.543..4392.543]	[0.656..0.69]	[0.89..1.0]	[0.87..0.87]	[4392.543..4392.543]	[0.693..0.709]	[0.888..1.0]	0.79223794	[3479.939..3479.939]
Group-1	PC 40:6:0	281.25	20180509_PC_egg_01.mzXML	30.0	5462.4	0.0	0.0	[9.0..9.0]	[0.0..0.0]	[0.856..0.856]	[4675.815..4675.815]	[0.662..0.738]	[0.89..1.0]	[0.856..0.856]	[4675.8145..4675.8145]	[0.69..0.75]	[0.888..1.0]	0.79223794	[3704.3577..3704.3577]
Group-1	PC 40:6:0	281.25	20180509_PC_egg_01.mzXML	35.0	5659.9	0.0	0.0	[9.0..9.0]	[0.0..0.0]	[0.868..0.868]	[4912.793..4912.793]	[1.0..1.0]	[0.89..1.0]	[0.868..0.868]	[4912.793..4912.793]	[1.0..1.0]	[0.888..1.0]	0.79223794	[3892.1008..3892.1008]
Group-1	PC 40:6:0	283.26	20180509_PC_egg_01.mzXML	25.0	6287.4	0.0	0.0	[0.0..0.0]	[0.0..0.0]	[0.968..0.968]	[6086.203..6086.203]	[0.247..0.247]	[0.0..0.0]	[0.968..0.968]	[6086.203..6086.203]	[0.247..0.247]	[0.0..0.0]	0.79223794	[4821.7207..4821.7207]
Group-1	PC 40:6:0	283.26	20180509_PC_egg_01.mzXML	30.0	6986.2	0.0	0.0	[0.0..0.0]	[0.0..0.0]	[0.946..0.946]	[6608.946..6608.946]	[0.267..0.267]	[0.0..0.0]	[0.946..0.946]	[6608.9453..6608.9453]	[0.267..0.267]	[0.0..0.0]	0.79223794	[5235.8574..5235.8574]
Group-1	PC 40:6:0	283.26	20180509_PC_egg_01.mzXML	35.0	7673.6	0.0	0.0	[0.0..0.0]	[0.0..0.0]	[0.937..0.937]	[7190.163..7190.163]	[0.31..0.31]	[0.0..0.0]	[0.937..0.937]	[7190.163..7190.163]	[0.31..0.31]	[0.0..0.0]	0.79223794	[5696.32..5696.32]
Group-1	PC 40:6:0	327.23	20180509_PC_egg_01.mzXML	25.0	9581.7	3257.2	0.33993965	[4.0..4.0]	[1.0..1.0]	[1.939..1.939]	[18578.916..18578.916]	[0.753..0.753]	[1.0..1.0]	[1.939..1.939]	[18578.916..18578.916]	[0.753..0.753]	[1.0..1.0]	0.79223794	[14718.923..14718.923]
Group-1	PC 40:6:0	327.23	20180509_PC_egg_01.mzXML	30.0	4314.9	2526.6	0.5855524	[4.0..4.0]	[1.0..1.0]	[4.197..4.197]	[18109.635..18109.635]	[0.733..0.733]	[1.0..1.0]	[4.197..4.197]	[18109.635..18109.635]	[0.733..0.733]	[1.0..1.0]	0.79223794	[14347.141..14347.141]
Group-1	PC 40:6:0	327.23	20180509_PC_egg_01.mzXML	35.0	1395.5	1327.6	0.9513436	[4.0..4.0]	[1.0..1.0]	[11.468..11.468]	[16003.595..16003.595]	[0.69..0.69]	[1.0..1.0]	[11.468..11.468]	[16003.595..16003.595]	[0.69..0.69]	[1.0..1.0]	0.79223794	[12678.654..12678.654]
Group-1	PC 40:6:0	329.25	20180509_PC_egg_01.mzXML	25.0	1600.7	0.0	0.0	[4.0..7.0]	[1.0..1.0]	[1.231..1.437]	[1970.462..2300.206]	[0.31..0.344]	[0.0..0.11]	[1.127..1.217]	[1803.9888..1948.0519]	[0.291..0.307]	[0.0..0.112]	0.79223794	[1561.0745..1822.3104]
Group-1	PC 40:6:0	329.25	20180509_PC_egg_01.mzXML	30.0	968.8	0.0	0.0	[4.0..7.0]	[1.0..1.0]	[1.71..2.463]	[1656.648..2386.155]	[0.262..0.338]	[0.0..0.11]	[1.612..2.169]	[1561.7056..2101.3271]	[0.25..0.31]	[0.0..0.112]	0.79223794	[1312.4594..1890.402]
Group-1	PC 40:6:0	329.25	20180509_PC_egg_01.mzXML	35.0	0.0	0.0	0.0	[4.0..7.0]	[1.0..1.0]	[2.863..5.077]	[0.0..0.0]	[0.0..0.0]	[0.0..0.11]	[2.752..4.556]	[0.0..0.0]	[0.0..0.0]	[0.0..0.112]	0.79223794	[0.0..0.0]
Group-1	PC 44:0:0	339.32	20180509_PC_egg_01.mzXML	25.0	621339.2	0.0	0.0	[0.0..0.0]	[0.5..0.5]	[0.984..0.984]	[611397.75..611397.75]	[0.5..0.5]	[0.5..0.5]	[0.984..0.984]	[611397.75..611397.75]	[0.5..0.5]	[0.5..0.5]	0.7430324	[454288.38..454288.38]
Group-1	PC 44:0:0	339.32	20180509_PC_egg_01.mzXML	30.0	795058.1	0.0	0.0	[0.0..0.0]	[0.5..0.5]	[0.901..0.901]	[716347.4..716347.4]	[0.5..0.5]	[0.5..0.5]	[0.901..0.901]	[716347.4..716347.4]	[0.5..0.5]	[0.5..0.5]	0.7430324	[532269.3..532269.3]
Group-1	PC 44:0:0	339.32	20180509_PC_egg_01.mzXML	35.0	756668.1	0.0	0.0	[0.0..0.0]	[0.5..0.5]	[0.87..0.87]	[658301.25..658301.25]	[0.5..0.5]	[0.5..0.5]	[0.87..0.87]	[658301.25..658301.25]	[0.5..0.5]	[0.5..0.5]	0.7430324	[489139.2..489139.2]
Group-1	PC 44:12:0	327.23	20180509_PC_egg_01.mzXML	25.0	292978.3	113751.1	0.38825774	[4.0..4.0]	[0.5..0.5]	[2.076..2.076]	[608223.0..608223.0]	[0.5..0.5]	[0.5..0.5]	[2.076..2.076]	[608223.0..608223.0]	[0.5..0.5]	[0.5..0.5]	0.75972176	[462080.22..462080.22]
Group-1	PC 44:12:0	327.23	20180509_PC_egg_01.mzXML	30.0	130171.7	84332.4	0.6478551	[4.0..4.0]	[0.5..0.5]	[4.923..4.923]	[640835.25..640835.25]	[0.5..0.5]	[0.5..0.5]	[4.923..4.923]	[640835.25..640835.25]	[0.5..0.5]	[0.5..0.5]	0.75972176	[486856.5..486856.5]
Group-1	PC 44:12:0	327.23	20180509_PC_egg_01.mzXML	35.0	42701.9	40116.6	0.9394571	[4.0..4.0]	[0.5..0.5]	[14.275..14.275]	[609569.56..609569.56]	[0.5..0.5]	[0.5..0.5]	[14.275..14.275]	[609569.56..609569.56]	[0.5..0.5]	[0.5..0.5]	0.75972176	[463103.25..463103.25]
Group-1	PC 24:0:0	199.17	20180509_PC_egg_02.mzXML	25.0	634939.1	0.0	0.0	[0.0..0.0]	[0.5..0.5]	[1.082..1.082]	[687004.1..687004.1]	[0.5..0.5]	[0.5..0.5]	[1.082..1.082]	[687004.1..687004.1]	[0.5..0.5]	[0.5..0.5]	1.004296	[689955.5..689955.5]
Group-1	PC 24:0:0	199.17	20180509_PC_egg_02.mzXML	30.0	695804.7	0.0	0.0	[0.0..0.0]	[0.5..0.5]	[1.155..1.155]	[803654.4..803654.4]	[0.5..0.5]	[0.5..0.5]	[1.155..1.155]	[803654.4..803654.4]	[0.5..0.5]	[0.5..0.5]	1.004296	[807106.8..807106.8]
Group-1	PC 24:0:0	199.17	20180509_PC_egg_02.mzXML	35.0	648398.0	0.0	0.0	[0.0..0.0]	[0.5..0.5]	[1.187..1.187]	[769648.44..769648.44]	[0.5..0.5]	[0.5..0.5]	[1.187..1.187]	[769648.44..769648.44]	[0.5..0.5]	[0.5..0.5]	1.004296	[772954.8..772954.8]
Group-1	PC 25:0:0	199.17	20180509_PC_egg_02.mzXML	25.0	179372.9	0.0	0.0	[0.0..0.0]	[0.0..1.0]	[1.088..1.095]	[195157.73..196413.34]	[0.274..0.275]	[0.0..0.0]	[1.088..1.088]	[195157.73..195157.73]	[0.273..0.273]	[0.0..0.0]	0.98652405	[192527.8..193766.48]
Group-1	PC 25:0:0	199.17	20180509_PC_egg_02.mzXML	30.0	202810.6	0.0	0.0	[0.0..0.0]	[0.0..1.0]	[1.149..1.152]	[233029.38..233637.8]	[0.286..0.287]	[0.0..0.0]	[1.149..1.149]	[233029.38..233029.38]	[0.286..0.286]	[0.0..0.0]	0.98652405	[229889.1..230489.31]
Group-1	PC 25:0:0	199.17	20180509_PC_egg_02.mzXML	35.0	186741.6	0.0	0.0	[0.0..0.0]	[0.0..1.0]	[1.172..1.176]	[218861.16..219608.11]	[0.293..0.293]	[0.0..0.0]	[1.172..1.172]	[218861.16..218861.16]	[0.292..0.292]	[0.0..0.0]	0.98652405	[215911.8..216648.69]
Group-1	PC 25:0:0	213.18	20180509_PC_egg_02.mzXML	25.0	487308.5	0.0	0.0	[0.0..0.0]	[0.0..1.0]	[1.057..1.067]	[515085.1..519958.2]	[0.725..0.726]	[1.0..1.0]	[1.067..1.067]	[519958.2..519958.2]	[0.727..0.727]	[1.0..1.0]	0.98652405	[508143.84..512951.25]
Group-1	PC 25:0:0	213.18	20180509_PC_egg_02.mzXML	30.0	525826.7	0.0	0.0	[0.0..0.0]	[0.0..1.0]	[1.102..1.108]	[579461.0..582616.0]	[0.713..0.714]	[1.0..1.0]	[1.108..1.108]	[582616.0..582616.0]	[0.714..0.714]	[1.0..1.0]	0.98652405	[571652.2..574764.7]
Group-1	PC 25:0:0	213.18	20180509_PC_egg_02.mzXML	35.0	471775.7	0.0	0.0	[0.0..0.0]	[0.0..1.0]	[1.12..1.125]	[528388.75..530747.6]	[0.707..0.707]	[1.0..1.0]	[1.125..1.125]	[530747.6..530747.6]	[0.708..0.708]	[1.0..1.0]	0.98652405	[521268.22..523595.3]
Group-1	PC 32:0:0	255.23	20180509_PC_egg_02.mzXML	25.0	26297.8	0.0	0.0	[0.0..0.0]	[0.5..0.5]	[1.0..1.0]	[26297.8..26297.8]	[0.5..0.5]	[0.5..0.5]	[1.0..1.0]	[26297.8..26297.8]	[0.5..0.5]	[0.5..0.5]	0.87883294	[23111.373..23111.373]
Group-1	PC 32:0:0	255.23	20180509_PC_egg_02.mzXML	30.0	29546.1	0.0	0.0	[0.0..0.0]	[0.5..0.5]	[1.0..1.0]	[29546.1..29546.1]	[0.5..0.5]	[0.5..0.5]	[1.0..1.0]	[29546.1..29546.1]	[0.5..0.5]	[0.5..0.5]	0.87883294	[25966.086..25966.086]
Group-1	PC 32:0:0	255.23	20180509_PC_egg_02.mzXML	35.0	26084.6	0.0	0.0	[0.0..0.0]	[0.5..0.5]	[1.0..1.0]	[26084.6..26084.6]	[0.5..0.5]	[0.5..0.5]	[1.0..1.0]	[26084.6..26084.6]	[0.5..0.5]	[0.5..0.5]	0.87883294	[22924.006..22924.006]
Group-1	PC 32:1:0	227.2	20180509_PC_egg_02.mzXML	25.0	2561.8	0.0	0.0	[0.0..0.0]	[0.0..0.0]	[1.042..1.042]	[2669.396..2669.396]	[0.224..0.224]	[0.0..0.0]	[1.042..1.042]	[2669.3958..2669.3958]	[0.224..0.224]	[0.0..0.0]	0.88078475	[2351.1633..2351.1633]
Group-1	PC 32:1:0	227.2	20180509_PC_egg_02.mzXML	30.0	3113.9	0.0	0.0	[0.0..0.0]	[0.0..0.0]	[1.068..1.068]	[3325.645..3325.645]	[0.245..0.245]	[0.0..0.0]	[1.068..1.068]	[3325.645..3325.645]	[0.245..0.245]	[0.0..0.0]	0.88078475	[2929.1772..2929.1772]
Group-1	PC 32:1:0	227.2	20180509_PC_egg_02.mzXML	35.0	3585.6	0.0	0.0	[0.0..0.0]	[0.0..0.0]	[1.079..1.079]	[3868.863..3868.863]	[0.293..0.293]	[0.0..0.0]	[1.079..1.079]	[3868.8625..3868.8625]	[0.293..0.293]	[0.0..0.0]	0.88078475	[3407.635..3407.635]
Group-1	PC 32:1:0	253.22	20180509_PC_egg_02.mzXML	25.0	29575.9	0.0	0.0	[9.0..9.0]	[0.0..1.0]	[0.902..0.981]	[26677.463..29013.957]	[0.706..0.723]	[1.0..1.0]	[0.981..0.981]	[29013.959..29013.959]	[0.723..0.723]	[0.997..1.0]	0.88078475	[23497.102..25555.053]
Group-1	PC 32:1:0	253.22	20180509_PC_egg_02.mzXML	30.0	34810.1	0.0	0.0	[9.0..9.0]	[0.0..1.0]	[0.912..0.97]	[31746.812..33765.8]	[0.701..0.714]	[1.0..1.0]	[0.97..0.97]	[33765.8..33765.8]	[0.714..0.714]	[0.997..1.0]	0.88078475	[27962.11..29740.402]
Group-1	PC 32:1:0	253.22	20180509_PC_egg_02.mzXML	35.0	30667.5	0.0	0.0	[9.0..9.0]	[0.0..1.0]	[0.935..0.969]	[28674.113..29716.807]	[0.686..0.693]	[1.0..1.0]	[0.969..0.969]	[29716.807..29716.807]	[0.693..0.693]	[0.997..1.0]	0.88078475	[25255.72..26174.111]
Group-1	PC 32:1:0	255.23	20180509_PC_egg_02.mzXML	25.0	11089.3	0.0	0.0	[0.0..0.0]	[0.0..1.0]	[1.0..1.0]	[11089.3..11089.3]	[0.277..0.294]	[0.0..0.0]	[1.0..1.0]	[11089.3..11089.3]	[0.277..0.277]	[0.0..0.003]	0.88078475	[9767.286..9767.286]
Group-1	PC 32:1:0	255.23	20180509_PC_egg_02.mzXML	30.0	13510.0	0.0	0.0	[0.0..0.0]	[0.0..1.0]	[1.0..1.0]	[13510.0..13510.0]	[0.286..0.299]	[0.0..0.0]	[1.0..1.0]	[13510.0..13510.0]	[0.286..0.286]	[0.0..0.003]	0.88078475	[11899.402..11899.402]
Group-1	PC 32:1:0	255.23	20180509_PC_egg_02.mzXML	35.0	13141.9	0.0	0.0	[0.0..0.0]	[0.0..1.0]	[1.0..1.0]	[13141.9..13141.9]	[0.307..0.314]	[0.0..0.0]	[1.0..1.0]	[13141.9..13141.9]	[0.307..0.307]	[0.0..0.003]	0.88078475	[11575.186..11575.186]
Group-1	PC 32:1:0	281.25	20180509_PC_egg_02.mzXML	25.0	9586.9	0.0	0.0	[9.0..9.0]	[1.0..1.0]	[0.964..0.964]	[9241.771..9241.771]	[0.776..0.776]	[1.0..1.0]	[0.964..0.964]	[9241.771..9241.771]	[0.776..0.776]	[1.0..1.0]	0.88078475	[8140.012..8140.012]
Group-1	PC 32:1:0	281.25	20180509_PC_egg_02.mzXML	30.0	11065.7	0.0	0.0	[9.0..9.0]	[1.0..1.0]	[0.926..0.926]	[10246.838..10246.838]	[0.755..0.755]	[1.0..1.0]	[0.926..0.926]	[10246.838..10246.838]	[0.755..0.755]	[1.0..1.0]	0.88078475	[9025.259..9025.259]
Group-1	PC 32:1:0	281.25	20180509_PC_egg_02.mzXML	35.0	10229.1	0.0	0.0	[9.0..9.0]	[1.0..1.0]	[0.913..0.913]	[9339.168..9339.168]	[0.707..0.707]	[1.0..1.0]	[0.913..0.913]	[9339.168..9339.168]	[0.707..0.707]	[1.0..1.0]	0.88078475	[8225.797..8225.797]
Group-1	PC 32:2:0	227.2	20180509_PC_egg_02.mzXML	25.0	1392.4	0.0	0.0	[0.0..0.0]	[0.0..0.0]	[1.042..1.042]	[1450.881..1450.881]	[0.242..0.242]	[0.0..0.0]	[1.042..1.042]	[1450.8809..1450.8809]	[0.242..0.242]	[0.0..0.0]	0.8827558	[1280.7736..1280.7736]
Group-1	PC 32:2:0	227.2	20180509_PC_egg_02.mzXML	30.0	1749.9	0.0	0.0	[0.0..0.0]	[0.0..0.0]	[1.068..1.068]	[1868.893..1868.893]	[0.286..0.286]	[0.0..0.0]	[1.068..1.068]	[1868.8932..1868.8932]	[0.286..0.286]	[0.0..0.0]	0.8827558	[1649.7762..1649.7762]
Group-1	PC 32:2:0	227.2	20180509_PC_egg_02.mzXML	35.0	1208.5	0.0	0.0	[0.0..0.0]	[0.0..0.0]	[1.079..1.079]	[1303.971..1303.971]	[0.241..0.241]	[0.0..0.0]	[1.079..1.079]	[1303.9714..1303.9714]	[0.241..0.241]	[0.0..0.0]	0.8827558	[1151.0885..1151.0885]
Group-1	PC 32:2:0	253.22	20180509_PC_egg_02.mzXML	25.0	996.7	0.0	0.0	[9.0..9.0]	[0.5..0.5]	[0.973..0.973]	[969.789..969.789]	[0.5..0.5]	[0.5..0.5]	[0.973..0.973]	[969.7891..969.7891]	[0.5..0.5]	[0.5..0.5]	0.8827558	[856.087..856.087]
Group-1	PC 32:2:0	253.22	20180509_PC_egg_02.mzXML	30.0	1147.1	0.0	0.0	[9.0..9.0]	[0.5..0.5]	[0.982..0.982]	[1126.452..1126.452]	[0.5..0.5]	[0.5..0.5]	[0.982..0.982]	[1126.4521..1126.4521]	[0.5..0.5]	[0.5..0.5]	0.8827558	[994.3822..994.3822]
Group-1	PC 32:2:0	253.22	20180509_PC_egg_02.mzXML	35.0	1117.4	0.0	0.0	[9.0..9.0]	[0.5..0.5]	[0.987..0.987]	[1102.874..1102.874]	[0.5..0.5]	[0.5..0.5]	[0.987..0.987]	[1102.8738..1102.8738]	[0.5..0.5]	[0.5..0.5]	0.8827558	[973.56824..973.56824]
Group-1	PC 32:2:0	279.23	20180509_PC_egg_02.mzXML	25.0	4766.6	0.0	0.0	[9.0..9.0]	[1.0..1.0]	[0.956..0.956]	[4556.87..4556.87]	[0.758..0.758]	[1.0..1.0]	[0.956..0.956]	[4556.8696..4556.8696]	[0.758..0.758]	[1.0..1.0]	0.8827558	[4022.6033..4022.6033]
Group-1	PC 32:2:0	279.23	20180509_PC_egg_02.mzXML	30.0	4890.7	0.0	0.0	[9.0..9.0]	[1.0..1.0]	[0.952..0.952]	[4655.947..4655.947]	[0.714..0.714]	[1.0..1.0]	[0.952..0.952]	[4655.947..4655.947]	[0.714..0.714]	[1.0..1.0]	0.8827558	[4110.064..4110.064]
Group-1	PC 32:2:0	279.23	20180509_PC_egg_02.mzXML	35.0	4125.2	0.0	0.0	[9.0..9.0]	[1.0..1.0]	[0.996..0.996]	[4108.699..4108.699]	[0.759..0.759]	[1.0..1.0]	[0.996..0.996]	[4108.699..4108.699]	[0.759..0.759]	[1.0..1.0]	0.8827558	[3626.9783..3626.9783]
Group-1	PC 34:1:0	255.23	20180509_PC_egg_02.mzXML	25.0	459419.4	0.0	0.0	[0.0..0.0]	[0.0..0.0]	[1.0..1.0]	[459419.4..459419.4]	[0.239..0.239]	[0.0..0.0]	[1.0..1.0]	[459419.4..459419.4]	[0.239..0.239]	[0.0..0.0]	0.854385	[392521.06..392521.06]
Group-1	PC 34:1:0	255.23	20180509_PC_egg_02.mzXML	30.0	623828.2	0.0	0.0	[0.0..0.0]	[0.0..0.0]	[1.0..1.0]	[623828.2..623828.2]	[0.259..0.259]	[0.0..0.0]	[1.0..1.0]	[623828.2..623828.2]	[0.259..0.259]	[0.0..0.0]	0.854385	[532989.44..532989.44]
Group-1	PC 34:1:0	255.23	20180509_PC_egg_02.mzXML	35.0	597801.1	0.0	0.0	[0.0..0.0]	[0.0..0.0]	[1.0..1.0]	[597801.1..597801.1]	[0.273..0.273]	[0.0..0.0]	[1.0..1.0]	[597801.1..597801.1]	[0.273..0.273]	[0.0..0.0]	0.854385	[510752.3..510752.3]
Group-1	PC 34:1:0	281.25	20180509_PC_egg_02.mzXML	25.0	1514070.9	0.0	0.0	[9.0..9.0]	[1.0..1.0]	[0.964..0.964]	[1459564.2..1459564.2]	[0.761..0.761]	[1.0..1.0]	[0.964..0.964]	[1459564.2..1459564.2]	[0.761..0.761]	[1.0..1.0]	0.854385	[1247029.9..1247029.9]
Group-1	PC 34:1:0	281.25	20180509_PC_egg_02.mzXML	30.0	1930743.2	0.0	0.0	[9.0..9.0]	[1.0..1.0]	[0.926..0.926]	[1787868.2..1787868.2]	[0.741..0.741]	[1.0..1.0]	[0.926..0.926]	[1787868.2..1787868.2]	[0.741..0.741]	[1.0..1.0]	0.854385	[1527527.9..1527527.9]
Group-1	PC 34:1:0	281.25	20180509_PC_egg_02.mzXML	35.0	1741985.8	0.0	0.0	[9.0..9.0]	[1.0..1.0]	[0.913..0.913]	[1590433.0..1590433.0]	[0.727..0.727]	[1.0..1.0]	[0.913..0.913]	[1590433.0..1590433.0]	[0.727..0.727]	[1.0..1.0]	0.854385	[1358842.1..1358842.1]
Group-1	PC 34:2:0	253.22	20180509_PC_egg_02.mzXML	25.0	17592.5	0.0	0.0	[9.0..9.0]	[0.0..0.0]	[0.902..0.902]	[15868.436..15868.436]	[0.255..0.255]	[0.0..0.0]	[0.902..0.902]	[15868.436..15868.436]	[0.255..0.255]	[0.0..0.0]	0.8562302	[13587.033..13587.033]
Group-1	PC 34:2:0	253.22	20180509_PC_egg_02.mzXML	30.0	21553.5	0.0	0.0	[9.0..9.0]	[0.0..0.0]	[0.912..0.912]	[19656.793..19656.793]	[0.271..0.271]	[0.0..0.0]	[0.912..0.912]	[19656.793..19656.793]	[0.271..0.271]	[0.0..0.0]	0.8562302	[16830.738..16830.738]
Group-1	PC 34:2:0	253.22	20180509_PC_egg_02.mzXML	35.0	20743.3	0.0	0.0	[9.0..9.0]	[0.0..0.0]	[0.935..0.935]	[19394.986..19394.986]	[0.272..0.272]	[0.0..0.0]	[0.935..0.935]	[19394.986..19394.986]	[0.272..0.272]	[0.0..0.0]	0.8562302	[16606.574..16606.574]
Group-1	PC 34:2:0	255.23	20180509_PC_egg_02.mzXML	25.0	316553.1	0.0	0.0	[0.0..0.0]	[0.0..0.0]	[1.0..1.0]	[316553.1..316553.1]	[0.252..0.252]	[0.0..0.0]	[1.0..1.0]	[316553.1..316553.1]	[0.252..0.252]	[0.0..0.0]	0.8562302	[271042.3..271042.3]
Group-1	PC 34:2:0	255.23	20180509_PC_egg_02.mzXML	30.0	379307.0	0.0	0.0	[0.0..0.0]	[0.0..0.0]	[1.0..1.0]	[379307.0..379307.0]	[0.249..0.249]	[0.0..0.0]	[1.0..1.0]	[379307.0..379307.0]	[0.249..0.249]	[0.0..0.0]	0.8562302	[324774.1..324774.1]
Group-1	PC 34:2:0	255.23	20180509_PC_egg_02.mzXML	35.0	371857.1	0.0	0.0	[0.0..0.0]	[0.0..0.0]	[1.0..1.0]	[371857.1..371857.1]	[0.266..0.266]	[0.0..0.0]	[1.0..1.0]	[371857.1..371857.1]	[0.266..0.266]	[0.0..0.0]	0.8562302	[318395.28..318395.28]
Group-1	PC 34:2:0	279.23	20180509_PC_egg_02.mzXML	25.0	984580.7	0.0	0.0	[9.0..9.0]	[1.0..1.0]	[0.956..0.956]	[941259.1..941259.1]	[0.748..0.748]	[1.0..1.0]	[0.956..0.956]	[941259.1..941259.1]	[0.748..0.748]	[1.0..1.0]	0.8562302	[805934.44..805934.44]
Group-1	PC 34:2:0	279.23	20180509_PC_egg_02.mzXML	30.0	1201447.0	0.0	0.0	[9.0..9.0]	[1.0..1.0]	[0.952..0.952]	[1143777.6..1143777.6]	[0.751..0.751]	[1.0..1.0]	[0.952..0.952]	[1143777.6..1143777.6]	[0.751..0.751]	[1.0..1.0]	0.8562302	[979336.9..979336.9]
Group-1	PC 34:2:0	279.23	20180509_PC_egg_02.mzXML	35.0	1029024.1	0.0	0.0	[9.0..9.0]	[1.0..1.0]	[0.996..0.996]	[1024908.06..1024908.06]	[0.734..0.734]	[1.0..1.0]	[0.996..0.996]	[1024908.0..1024908.0]	[0.734..0.734]	[1.0..1.0]	0.8562302	[877557.25..877557.25]
Group-1	PC 34:2:0	281.25	20180509_PC_egg_02.mzXML	25.0	48088.5	0.0	0.0	[9.0..9.0]	[1.0..1.0]	[0.964..0.964]	[46357.312..46357.312]	[0.745..0.745]	[1.0..1.0]	[0.964..0.964]	[46357.312..46357.312]	[0.745..0.745]	[1.0..1.0]	0.8562302	[39692.53..39692.53]
Group-1	PC 34:2:0	281.25	20180509_PC_egg_02.mzXML	30.0	57154.9	0.0	0.0	[9.0..9.0]	[1.0..1.0]	[0.926..0.926]	[52925.438..52925.438]	[0.729..0.729]	[1.0..1.0]	[0.926..0.926]	[52925.438..52925.438]	[0.729..0.729]	[1.0..1.0]	0.8562302	[45316.355..45316.355]
Group-1	PC 34:2:0	281.25	20180509_PC_egg_02.mzXML	35.0	56946.7	0.0	0.0	[9.0..9.0]	[1.0..1.0]	[0.913..0.913]	[51992.336..51992.336]	[0.728..0.728]	[1.0..1.0]	[0.913..0.913]	[51992.336..51992.336]	[0.728..0.728]	[1.0..1.0]	0.8562302	[44517.41..44517.41]
Group-1	PC 34:3:0	253.22	20180509_PC_egg_02.mzXML	25.0	8926.8	0.0	0.0	[9.0..9.0]	[0.0..0.0]	[0.902..0.902]	[8051.974..8051.974]	[0.225..0.225]	[0.0..0.0]	[0.902..0.902]	[8051.9736..8051.9736]	[0.225..0.225]	[0.0..0.0]	0.85807484	[6909.196..6909.196]
Group-1	PC 34:3:0	253.22	20180509_PC_egg_02.mzXML	30.0	10309.0	0.0	0.0	[9.0..9.0]	[0.0..0.0]	[0.912..0.912]	[9401.808..9401.808]	[0.244..0.244]	[0.0..0.0]	[0.912..0.912]	[9401.808..9401.808]	[0.244..0.244]	[0.0..0.0]	0.85807484	[8067.455..8067.455]
Group-1	PC 34:3:0	253.22	20180509_PC_egg_02.mzXML	35.0	10474.3	0.0	0.0	[9.0..9.0]	[0.0..0.0]	[0.935..0.935]	[9793.471..9793.471]	[0.26..0.26]	[0.0..0.0]	[0.935..0.935]	[9793.471..9793.471]	[0.26..0.26]	[0.0..0.0]	0.85807484	[8403.53..8403.53]
Group-1	PC 34:3:0	255.23	20180509_PC_egg_02.mzXML	25.0	4449.6	0.0	0.0	[0.0..0.0]	[0.0..1.0]	[1.0..1.0]	[4449.6..4449.6]	[0.219..0.241]	[0.0..0.0]	[1.0..1.0]	[4449.6..4449.6]	[0.219..0.223]	[0.0..0.0]	0.85807484	[3818.0898..3818.0898]
Group-1	PC 34:3:0	255.23	20180509_PC_egg_02.mzXML	30.0	5621.4	0.0	0.0	[0.0..0.0]	[0.0..1.0]	[1.0..1.0]	[5621.4..5621.4]	[0.241..0.277]	[0.0..0.0]	[1.0..1.0]	[5621.4..5621.4]	[0.241..0.262]	[0.0..0.0]	0.85807484	[4823.582..4823.582]
Group-1	PC 34:3:0	255.23	20180509_PC_egg_02.mzXML	35.0	5288.4	0.0	0.0	[0.0..0.0]	[0.0..0.9]	[1.0..1.0]	[5288.4..5288.4]	[0.239..0.288]	[0.0..0.0]	[1.0..1.0]	[5288.4..5288.4]	[0.239..0.277]	[0.0..0.0]	0.85807484	[4537.843..4537.843]
Group-1	PC 34:3:0	277.22	20180509_PC_egg_02.mzXML	25.0	14965.8	0.0	0.0	[6.0..9.0]	[0.0..1.0]	[0.938..1.058]	[14037.921..15833.815]	[0.759..0.781]	[1.0..1.0]	[1.034..1.058]	[15474.638..15833.815]	[0.777..0.781]	[1.0..1.0]	0.85807484	[12045.587..13586.599]
Group-1	PC 34:3:0	277.22	20180509_PC_egg_02.mzXML	30.0	14273.0	0.0	0.0	[6.0..9.0]	[0.0..1.0]	[1.029..1.242]	[14686.918..17727.066]	[0.723..0.759]	[1.0..1.0]	[1.111..1.242]	[15857.302..17727.066]	[0.738..0.759]	[1.0..1.0]	0.85807484	[12602.475..15211.149]
Group-1	PC 34:3:0	277.22	20180509_PC_egg_02.mzXML	35.0	10703.5	0.0	0.0	[6.0..9.0]	[0.1..1.0]	[1.219..1.577]	[13047.566..16879.42]	[0.712..0.761]	[1.0..1.0]	[1.289..1.577]	[13796.812..16879.42]	[0.723..0.761]	[1.0..1.0]	0.85807484	[11195.789..14483.806]
Group-1	PC 34:3:0	279.23	20180509_PC_egg_02.mzXML	25.0	29087.5	0.0	0.0	[9.0..9.0]	[1.0..1.0]	[0.956..0.956]	[27807.648..27807.648]	[0.775..0.775]	[1.0..1.0]	[0.956..0.956]	[27807.648..27807.648]	[0.775..0.775]	[1.0..1.0]	0.85807484	[23861.045..23861.045]
Group-1	PC 34:3:0	279.23	20180509_PC_egg_02.mzXML	30.0	30516.4	0.0	0.0	[9.0..9.0]	[1.0..1.0]	[0.952..0.952]	[29051.613..29051.613]	[0.756..0.756]	[1.0..1.0]	[0.952..0.952]	[29051.613..29051.613]	[0.756..0.756]	[1.0..1.0]	0.85807484	[24928.459..24928.459]
Group-1	PC 34:3:0	279.23	20180509_PC_egg_02.mzXML	35.0	27998.9	0.0	0.0	[9.0..9.0]	[1.0..1.0]	[0.996..0.996]	[27886.904..27886.904]	[0.74..0.74]	[1.0..1.0]	[0.996..0.996]	[27886.904..27886.904]	[0.74..0.74]	[1.0..1.0]	0.85807484	[23929.05..23929.05]
Group-1	PC 36:1:0	255.23	20180509_PC_egg_02.mzXML	25.0	2652.1	0.0	0.0	[0.0..0.0]	[0.0..0.0]	[1.0..1.0]	[2652.1..2652.1]	[0.313..0.313]	[0.03..0.35]	[1.0..1.0]	[2652.1..2652.1]	[0.313..0.313]	[0.035..0.352]	0.8296408	[2200.2905..2200.2905]
Group-1	PC 36:1:0	255.23	20180509_PC_egg_02.mzXML	30.0	4443.9	0.0	0.0	[0.0..0.0]	[0.0..0.0]	[1.0..1.0]	[4443.9..4443.9]	[0.443..0.443]	[0.03..0.35]	[1.0..1.0]	[4443.9..4443.9]	[0.443..0.443]	[0.035..0.352]	0.8296408	[3686.8406..3686.8406]
Group-1	PC 36:1:0	255.23	20180509_PC_egg_02.mzXML	35.0	3201.8	0.0	0.0	[0.0..0.0]	[0.0..0.0]	[1.0..1.0]	[3201.8..3201.8]	[0.394..0.394]	[0.03..0.35]	[1.0..1.0]	[3201.8..3201.8]	[0.394..0.394]	[0.035..0.352]	0.8296408	[2656.344..2656.344]
Group-1	PC 36:1:0	281.25	20180509_PC_egg_02.mzXML	25.0	362734.4	0.0	0.0	[9.0..9.0]	[0.0..1.0]	[0.87..0.964]	[315578.94..349675.97]	[0.746..0.761]	[1.0..1.0]	[0.964..0.964]	[349675.97..349675.97]	[0.765..0.765]	[1.0..1.0]	0.8296408	[261817.16..290105.44]
Group-1	PC 36:1:0	281.25	20180509_PC_egg_02.mzXML	30.0	401808.7	0.0	0.0	[9.0..9.0]	[0.0..1.0]	[0.856..0.926]	[343948.25..372074.84]	[0.729..0.742]	[1.0..1.0]	[0.926..0.926]	[372074.84..372074.84]	[0.744..0.744]	[1.0..1.0]	0.8296408	[285353.5..308688.47]
Group-1	PC 36:1:0	281.25	20180509_PC_egg_02.mzXML	35.0	376148.0	0.0	0.0	[9.0..9.0]	[0.0..1.0]	[0.868..0.913]	[326496.44..343423.12]	[0.724..0.732]	[1.0..1.0]	[0.913..0.913]	[343423.12..343423.12]	[0.734..0.734]	[1.0..1.0]	0.8296408	[270874.78..284917.8]
Group-1	PC 36:1:0	283.26	20180509_PC_egg_02.mzXML	25.0	111123.5	0.0	0.0	[0.0..0.0]	[0.0..1.0]	[0.968..0.988]	[107567.55..109790.016]	[0.239..0.254]	[0.0..0.0]	[0.968..0.968]	[107567.55..107567.55]	[0.235..0.235]	[0.0..0.0]	0.8296408	[89242.43..91086.28]
Group-1	PC 36:1:0	283.26	20180509_PC_egg_02.mzXML	30.0	135074.9	0.0	0.0	[0.0..0.0]	[0.0..1.0]	[0.946..0.958]	[127780.86..129401.76]	[0.258..0.271]	[0.0..0.0]	[0.946..0.946]	[127780.86..127780.86]	[0.256..0.256]	[0.0..0.0]	0.8296408	[106012.22..107356.984]
Group-1	PC 36:1:0	283.26	20180509_PC_egg_02.mzXML	35.0	132830.0	0.0	0.0	[0.0..0.0]	[0.0..1.0]	[0.937..0.945]	[124461.7..125524.35]	[0.268..0.276]	[0.0..0.0]	[0.937..0.937]	[124461.7..124461.7]	[0.266..0.266]	[0.0..0.0]	0.8296408	[103258.51..104140.125]
Group-1	PC 36:1:0	309.28	20180509_PC_egg_02.mzXML	25.0	6052.4	0.0	0.0	[11.0..11.0]	[1.0..1.0]	[0.964..0.964]	[5834.513..5834.513]	[0.687..0.687]	[0.65..0.97]	[0.964..0.964]	[5834.513..5834.513]	[0.687..0.687]	[0.648..0.965]	0.8296408	[4840.5503..4840.5503]
Group-1	PC 36:1:0	309.28	20180509_PC_egg_02.mzXML	30.0	6247.7	0.0	0.0	[11.0..11.0]	[1.0..1.0]	[0.894..0.894]	[5585.444..5585.444]	[0.557..0.557]	[0.65..0.97]	[0.894..0.894]	[5585.444..5585.444]	[0.557..0.557]	[0.648..0.965]	0.8296408	[4633.912..4633.912]
Group-1	PC 36:1:0	309.28	20180509_PC_egg_02.mzXML	35.0	5721.0	0.0	0.0	[11.0..11.0]	[1.0..1.0]	[0.861..0.861]	[4925.781..4925.781]	[0.606..0.606]	[0.65..0.97]	[0.861..0.861]	[4925.7812..4925.7812]	[0.606..0.606]	[0.648..0.965]	0.8296408	[4086.629..4086.629]
Group-1	PC 36:2:0	255.23	20180509_PC_egg_02.mzXML	25.0	4936.1	0.0	0.0	[0.0..0.0]	[0.0..0.0]	[1.0..1.0]	[4936.1..4936.1]	[0.295..0.295]	[0.0..0.31]	[1.0..1.0]	[4936.1..4936.1]	[0.295..0.295]	[0.0..0.31]	0.8313721	[4103.736..4103.736]
Group-1	PC 36:2:0	255.23	20180509_PC_egg_02.mzXML	30.0	6638.0	0.0	0.0	[0.0..0.0]	[0.0..0.0]	[1.0..1.0]	[6638.0..6638.0]	[0.344..0.344]	[0.0..0.31]	[1.0..1.0]	[6638.0..6638.0]	[0.344..0.344]	[0.0..0.31]	0.8313721	[5518.648..5518.648]
Group-1	PC 36:2:0	255.23	20180509_PC_egg_02.mzXML	35.0	6989.3	0.0	0.0	[0.0..0.0]	[0.0..0.0]	[1.0..1.0]	[6989.3..6989.3]	[0.429..0.429]	[0.0..0.31]	[1.0..1.0]	[6989.3..6989.3]	[0.429..0.429]	[0.0..0.31]	0.8313721	[5810.7085..5810.7085]
Group-1	PC 36:2:0	279.23	20180509_PC_egg_02.mzXML	25.0	411786.0	0.0	0.0	[9.0..9.0]	[0.0..1.0]	[0.867..0.956]	[357018.47..393667.4]	[0.746..0.76]	[1.0..1.0]	[0.956..0.956]	[393667.4..393667.4]	[0.764..0.764]	[1.0..1.0]	0.8313721	[296815.16..327284.1]
Group-1	PC 36:2:0	279.23	20180509_PC_egg_02.mzXML	30.0	492038.5	0.0	0.0	[9.0..9.0]	[0.0..1.0]	[0.884..0.952]	[434962.03..468420.7]	[0.735..0.747]	[1.0..1.0]	[0.952..0.952]	[468420.66..468420.66]	[0.749..0.749]	[1.0..1.0]	0.8313721	[361615.28..389431.84]
Group-1	PC 36:2:0	279.23	20180509_PC_egg_02.mzXML	35.0	362295.0	0.0	0.0	[9.0..9.0]	[0.0..1.0]	[0.951..0.996]	[344542.53..360845.8]	[0.722..0.73]	[1.0..1.0]	[0.996..0.996]	[360845.8..360845.8]	[0.732..0.732]	[1.0..1.0]	0.8313721	[286443.03..299997.12]
Group-1	PC 36:2:0	281.25	20180509_PC_egg_02.mzXML	25.0	150681.2	0.0	0.0	[9.0..9.0]	[0.5..0.5]	[0.915..0.915]	[137873.3..137873.3]	[0.5..0.5]	[0.5..0.5]	[0.915..0.915]	[137873.3..137873.3]	[0.5..0.5]	[0.5..0.5]	0.8313721	[114624.016..114624.016]
Group-1	PC 36:2:0	281.25	20180509_PC_egg_02.mzXML	30.0	187023.9	0.0	0.0	[9.0..9.0]	[0.5..0.5]	[0.911..0.911]	[170378.78..170378.78]	[0.5..0.5]	[0.5..0.5]	[0.911..0.911]	[170378.78..170378.78]	[0.5..0.5]	[0.5..0.5]	0.8313721	[141648.16..141648.16]
Group-1	PC 36:2:0	281.25	20180509_PC_egg_02.mzXML	35.0	156510.5	0.0	0.0	[9.0..9.0]	[0.5..0.5]	[0.917..0.917]	[143520.12..143520.12]	[0.5..0.5]	[0.5..0.5]	[0.917..0.917]	[143520.12..143520.12]	[0.5..0.5]	[0.5..0.5]	0.8313721	[119318.625..119318.625]
Group-1	PC 36:2:0	283.26	20180509_PC_egg_02.mzXML	25.0	125709.9	0.0	0.0	[0.0..0.0]	[0.0..1.0]	[0.968..0.988]	[121687.18..124201.375]	[0.24..0.254]	[0.0..0.0]	[0.968..0.968]	[121687.18..121687.18]	[0.236..0.236]	[0.0..0.0]	0.8313721	[101167.33..103257.56]
Group-1	PC 36:2:0	283.26	20180509_PC_egg_02.mzXML	30.0	165636.5	0.0	0.0	[0.0..0.0]	[0.0..1.0]	[0.946..0.958]	[156692.12..158679.77]	[0.253..0.265]	[0.0..0.0]	[0.946..0.946]	[156692.12..156692.12]	[0.251..0.251]	[0.0..0.0]	0.8313721	[130269.46..131921.92]
Group-1	PC 36:2:0	283.26	20180509_PC_egg_02.mzXML	35.0	141288.1	0.0	0.0	[0.0..0.0]	[0.0..1.0]	[0.937..0.945]	[132386.94..133517.25]	[0.27..0.278]	[0.0..0.0]	[0.937..0.937]	[132386.94..132386.94]	[0.268..0.268]	[0.0..0.0]	0.8313721	[110062.805..111002.516]
Group-1	PC 36:2:0	307.26	20180509_PC_egg_02.mzXML	25.0	12425.0	0.0	0.0	[11.0..11.0]	[1.0..1.0]	[0.951..0.951]	[11816.175..11816.175]	[0.705..0.705]	[0.69..1.0]	[0.951..0.951]	[11816.175..11816.175]	[0.705..0.705]	[0.69..1.0]	0.8313721	[9823.638..9823.638]
Group-1	PC 36:2:0	307.26	20180509_PC_egg_02.mzXML	30.0	14080.8	0.0	0.0	[11.0..11.0]	[1.0..1.0]	[0.9..0.9]	[12672.72..12672.72]	[0.656..0.656]	[0.69..1.0]	[0.9..0.9]	[12672.72..12672.72]	[0.656..0.656]	[0.69..1.0]	0.8313721	[10535.745..10535.745]
Group-1	PC 36:2:0	307.26	20180509_PC_egg_02.mzXML	35.0	10279.9	0.0	0.0	[11.0..11.0]	[1.0..1.0]	[0.906..0.906]	[9313.59..9313.59]	[0.571..0.571]	[0.69..1.0]	[0.906..0.906]	[9313.59..9313.59]	[0.571..0.571]	[0.69..1.0]	0.8313721	[7743.0586..7743.0586]
Group-1	PC 36:3:0	255.23	20180509_PC_egg_02.mzXML	25.0	8398.9	0.0	0.0	[0.0..0.0]	[0.0..1.0]	[1.0..1.0]	[8398.9..8398.9]	[0.247..0.272]	[0.0..0.0]	[1.0..1.0]	[8398.9..8398.9]	[0.247..0.252]	[0.0..0.0]	0.8331026	[6997.1455..6997.1455]
Group-1	PC 36:3:0	255.23	20180509_PC_egg_02.mzXML	30.0	10039.4	0.0	0.0	[0.0..0.0]	[0.0..1.0]	[1.0..1.0]	[10039.4..10039.4]	[0.226..0.276]	[0.0..0.0]	[1.0..1.0]	[10039.4..10039.4]	[0.226..0.261]	[0.0..0.0]	0.8331026	[8363.851..8363.851]
Group-1	PC 36:3:0	255.23	20180509_PC_egg_02.mzXML	35.0	10521.4	0.0	0.0	[0.0..0.0]	[0.0..0.0]	[1.0..1.0]	[10521.4..10521.4]	[0.238..0.309]	[0.0..0.0]	[1.0..1.0]	[10521.4..10521.4]	[0.238..0.309]	[0.0..0.0]	0.8331026	[8765.406..8765.406]
Group-1	PC 36:3:0	277.22	20180509_PC_egg_02.mzXML	25.0	2634.0	0.0	0.0	[6.0..9.0]	[0.0..1.0]	[0.938..1.058]	[2470.692..2786.772]	[0.768..0.785]	[0.99..1.0]	[1.027..1.058]	[2705.118..2786.772]	[0.784..0.789]	[0.989..1.0]	0.8331026	[2058.3398..2321.6667]
Group-1	PC 36:3:0	277.22	20180509_PC_egg_02.mzXML	30.0	2647.2	0.0	0.0	[6.0..9.0]	[0.0..1.0]	[1.029..1.242]	[2723.969..3287.822]	[0.693..0.729]	[0.99..1.0]	[1.107..1.242]	[2930.4504..3287.8223]	[0.708..0.731]	[0.989..1.0]	0.8331026	[2269.3455..2739.0933]
Group-1	PC 36:3:0	277.22	20180509_PC_egg_02.mzXML	35.0	1629.1	0.0	0.0	[6.0..9.0]	[0.0..1.0]	[1.224..1.577]	[1994.018..2569.091]	[0.683..0.733]	[0.99..1.0]	[1.287..1.577]	[2096.6516..2569.0906]	[0.693..0.735]	[0.989..1.0]	0.8331026	[1661.2218..2140.3162]
Group-1	PC 36:3:0	279.23	20180509_PC_egg_02.mzXML	25.0	95537.6	0.0	0.0	[9.0..9.0]	[0.0..0.0]	[0.867..0.867]	[82831.1..82831.1]	[0.668..0.668]	[0.92..0.94]	[0.867..0.867]	[82831.1..82831.1]	[0.668..0.668]	[0.918..0.944]	0.8331026	[69006.805..69006.805]
Group-1	PC 36:3:0	279.23	20180509_PC_egg_02.mzXML	30.0	114856.2	0.0	0.0	[9.0..9.0]	[0.0..0.0]	[0.884..0.884]	[101532.88..101532.88]	[0.668..0.668]	[0.92..0.94]	[0.884..0.884]	[101532.88..101532.88]	[0.668..0.668]	[0.918..0.944]	0.8331026	[84587.305..84587.305]
Group-1	PC 36:3:0	279.23	20180509_PC_egg_02.mzXML	35.0	95208.8	0.0	0.0	[9.0..9.0]	[0.0..0.0]	[0.951..0.951]	[90543.56..90543.56]	[0.666..0.666]	[0.92..0.94]	[0.951..0.951]	[90543.56..90543.56]	[0.666..0.666]	[0.918..0.944]	0.8331026	[75432.08..75432.08]
Group-1	PC 36:3:0	281.25	20180509_PC_egg_02.mzXML	25.0	42620.6	0.0	0.0	[9.0..9.0]	[1.0..1.0]	[0.964..0.964]	[41086.258..41086.258]	[0.332..0.332]	[0.06..0.08]	[0.964..0.964]	[41086.258..41086.258]	[0.332..0.332]	[0.056..0.082]	0.8331026	[34229.066..34229.066]
Group-1	PC 36:3:0	281.25	20180509_PC_egg_02.mzXML	30.0	54432.2	0.0	0.0	[9.0..9.0]	[1.0..1.0]	[0.926..0.926]	[50404.215..50404.215]	[0.332..0.332]	[0.06..0.08]	[0.926..0.926]	[50404.215..50404.215]	[0.332..0.332]	[0.056..0.082]	0.8331026	[41991.883..41991.883]
Group-1	PC 36:3:0	281.25	20180509_PC_egg_02.mzXML	35.0	49745.6	0.0	0.0	[9.0..9.0]	[1.0..1.0]	[0.913..0.913]	[45417.734..45417.734]	[0.334..0.334]	[0.06..0.08]	[0.913..0.913]	[45417.734..45417.734]	[0.334..0.334]	[0.056..0.082]	0.8331026	[37837.63..37837.63]
Group-1	PC 36:3:0	283.26	20180509_PC_egg_02.mzXML	25.0	770.5	0.0	0.0	[0.0..0.0]	[0.0..1.0]	[0.968..0.988]	[745.844..761.254]	[0.215..0.232]	[0.0..0.01]	[0.968..0.968]	[745.844..745.844]	[0.211..0.216]	[0.0..0.011]	0.8331026	[621.36456..634.20264]
Group-1	PC 36:3:0	283.26	20180509_PC_egg_02.mzXML	30.0	1277.9	0.0	0.0	[0.0..0.0]	[0.0..1.0]	[0.946..0.958]	[1208.893..1224.228]	[0.271..0.307]	[0.0..0.01]	[0.946..0.946]	[1208.8934..1208.8934]	[0.269..0.292]	[0.0..0.011]	0.8331026	[1007.1322..1019.9077]
Group-1	PC 36:3:0	283.26	20180509_PC_egg_02.mzXML	35.0	989.3	0.0	0.0	[0.0..0.0]	[0.0..1.0]	[0.937..0.945]	[926.974..934.889]	[0.267..0.317]	[0.0..0.01]	[0.937..0.937]	[926.97406..926.97406]	[0.265..0.307]	[0.0..0.011]	0.8331026	[772.26447..778.858]
Group-1	PC 36:3:0	305.25	20180509_PC_egg_02.mzXML	25.0	24890.2	0.0	0.0	[5.0..11.0]	[0.0..1.0]	[0.903..1.028]	[22475.85..25587.123]	[0.728..0.753]	[1.0..1.0]	[1.001..1.028]	[24915.09..25587.125]	[0.748..0.753]	[1.0..1.0]	0.8331026	[18724.69..21316.701]
Group-1	PC 36:3:0	305.25	20180509_PC_egg_02.mzXML	30.0	28409.7	0.0	0.0	[5.0..11.0]	[0.0..1.0]	[0.927..1.213]	[26335.793..34460.97]	[0.724..0.774]	[1.0..1.0]	[1.003..1.213]	[28494.93..34460.97]	[0.739..0.774]	[1.0..1.0]	0.8331026	[21940.414..28709.52]
Group-1	PC 36:3:0	305.25	20180509_PC_egg_02.mzXML	35.0	21398.1	0.0	0.0	[5.0..11.0]	[1.0..1.0]	[1.1..1.574]	[23537.91..33680.61]	[0.691..0.762]	[1.0..1.0]	[1.1..1.574]	[23537.91..33680.61]	[0.691..0.762]	[1.0..1.0]	0.8331026	[19609.494..28059.402]
Group-1	PC 36:4:0	255.23	20180509_PC_egg_02.mzXML	25.0	39772.8	0.0	0.0	[0.0..0.0]	[0.0..0.0]	[1.0..1.0]	[39772.8..39772.8]	[0.221..0.222]	[0.0..0.0]	[1.0..1.0]	[39772.8..39772.8]	[0.221..0.222]	[0.0..0.0]	0.8348496	[33204.31..33204.31]
Group-1	PC 36:4:0	255.23	20180509_PC_egg_02.mzXML	30.0	48824.5	0.0	0.0	[0.0..0.0]	[0.0..0.0]	[1.0..1.0]	[48824.5..48824.5]	[0.241..0.244]	[0.0..0.0]	[1.0..1.0]	[48824.5..48824.5]	[0.241..0.244]	[0.0..0.0]	0.8348496	[40761.113..40761.113]
Group-1	PC 36:4:0	255.23	20180509_PC_egg_02.mzXML	35.0	45962.2	0.0	0.0	[0.0..0.0]	[0.0..0.0]	[1.0..1.0]	[45962.2..45962.2]	[0.252..0.257]	[0.0..0.0]	[1.0..1.0]	[45962.2..45962.2]	[0.252..0.257]	[0.0..0.0]	0.8348496	[38371.523..38371.523]
Group-1	PC 36:4:0	277.22	20180509_PC_egg_02.mzXML	25.0	1363.0	0.0	0.0	[6.0..9.0]	[0.8..0.8]	[0.923..0.944]	[1258.049..1286.672]	[0.52..0.526]	[0.49..0.77]	[0.842..0.931]	[1147.646..1268.953]	[0.498..0.523]	[0.495..0.77]	0.8348496	[1050.2817..1074.1776]
Group-1	PC 36:4:0	277.22	20180509_PC_egg_02.mzXML	30.0	1353.0	0.0	0.0	[6.0..9.0]	[0.0..0.8]	[1.029..1.165]	[1392.237..1576.245]	[0.498..0.513]	[0.49..0.77]	[0.99..1.156]	[1339.47..1564.068]	[0.484..0.518]	[0.495..0.77]	0.8348496	[1162.3086..1315.9275]
Group-1	PC 36:4:0	277.22	20180509_PC_egg_02.mzXML	35.0	1022.1	0.0	0.0	[6.0..9.0]	[0.0..0.0]	[1.224..1.47]	[1251.05..1502.487]	[0.556..0.601]	[0.49..0.77]	[1.224..1.527]	[1251.0503..1560.7466]	[0.556..0.61]	[0.495..0.77]	0.8348496	[1044.4388..1254.3507]
Group-1	PC 36:4:0	279.23	20180509_PC_egg_02.mzXML	25.0	25632.2	0.0	0.0	[9.0..9.0]	[0.5..0.5]	[0.916..0.916]	[23479.094..23479.094]	[0.5..0.5]	[0.5..0.5]	[0.916..0.916]	[23479.094..23479.094]	[0.5..0.5]	[0.5..0.5]	0.8348496	[19601.514..19601.514]
Group-1	PC 36:4:0	279.23	20180509_PC_egg_02.mzXML	30.0	28642.4	0.0	0.0	[9.0..9.0]	[0.5..0.5]	[0.945..0.945]	[27067.068..27067.068]	[0.5..0.5]	[0.5..0.5]	[0.945..0.945]	[27067.068..27067.068]	[0.5..0.5]	[0.5..0.5]	0.8348496	[22596.93..22596.93]
Group-1	PC 36:4:0	279.23	20180509_PC_egg_02.mzXML	35.0	24271.6	0.0	0.0	[9.0..9.0]	[0.5..0.5]	[1.005..1.005]	[24392.957..24392.957]	[0.5..0.5]	[0.5..0.5]	[1.005..1.005]	[24392.957..24392.957]	[0.5..0.5]	[0.5..0.5]	0.8348496	[20364.451..20364.451]
Group-1	PC 36:4:0	281.25	20180509_PC_egg_02.mzXML	25.0	1303.8	0.0	0.0	[9.0..9.0]	[0.2..0.2]	[0.889..0.889]	[1159.078..1159.078]	[0.474..0.48]	[0.23..0.51]	[0.889..0.889]	[1159.0782..1159.0782]	[0.477..0.502]	[0.23..0.505]	0.8348496	[967.656..967.656]
Group-1	PC 36:4:0	281.25	20180509_PC_egg_02.mzXML	30.0	1616.1	0.0	0.0	[9.0..9.0]	[0.2..1.0]	[0.87..0.926]	[1406.007..1496.509]	[0.487..0.502]	[0.23..0.51]	[0.883..0.899]	[1427.0164..1452.8739]	[0.482..0.516]	[0.23..0.505]	0.8348496	[1173.8044..1249.3596]
Group-1	PC 36:4:0	281.25	20180509_PC_egg_02.mzXML	35.0	1093.1	0.0	0.0	[9.0..9.0]	[1.0..1.0]	[0.913..0.913]	[998.0..998.0]	[0.399..0.444]	[0.23..0.51]	[0.913..0.913]	[998.00024..998.00024]	[0.39..0.444]	[0.23..0.505]	0.8348496	[833.1801..833.1801]
Group-1	PC 36:4:0	303.23	20180509_PC_egg_02.mzXML	25.0	117196.0	5803.7	0.049521316	[5.3..5.3]	[1.0..1.0]	[1.19..1.198]	[139463.25..140400.8]	[0.778..0.779]	[1.0..1.0]	[1.19..1.198]	[139463.25..140400.8]	[0.778..0.779]	[1.0..1.0]	0.8348496	[116430.836..117213.555]
Group-1	PC 36:4:0	303.23	20180509_PC_egg_02.mzXML	30.0	92969.7	7840.1	0.08432963	[5.1..5.2]	[1.0..1.0]	[1.624..1.656]	[150982.8..153957.83]	[0.756..0.759]	[1.0..1.0]	[1.624..1.656]	[150982.8..153957.83]	[0.756..0.759]	[1.0..1.0]	0.8348496	[126047.92..128531.63]
Group-1	PC 36:4:0	303.23	20180509_PC_egg_02.mzXML	35.0	52596.6	6842.7	0.13009776	[5.0..5.0]	[1.0..1.0]	[2.522..2.6]	[132648.64..136751.16]	[0.743..0.748]	[1.0..1.0]	[2.522..2.6]	[132648.64..136751.16]	[0.743..0.748]	[1.0..1.0]	0.8348496	[110741.66..114166.65]
Group-1	PC 36:5:0	253.22	20180509_PC_egg_02.mzXML	25.0	547.5	0.0	0.0	[9.0..9.0]	[0.0..0.0]	[0.902..0.902]	[493.845..493.845]	[0.167..0.177]	[0.0..0.06]	[0.902..0.902]	[493.845..493.845]	[0.167..0.182]	[0.0..0.056]	0.83659583	[413.14868..413.14868]
Group-1	PC 36:5:0	253.22	20180509_PC_egg_02.mzXML	30.0	682.1	0.0	0.0	[9.0..9.0]	[0.0..0.0]	[0.912..0.912]	[622.075..622.075]	[0.191..0.226]	[0.0..0.06]	[0.912..0.912]	[622.0752..622.0752]	[0.191..0.23]	[0.0..0.056]	0.83659583	[520.4255..520.4255]
Group-1	PC 36:5:0	253.22	20180509_PC_egg_02.mzXML	35.0	739.5	0.0	0.0	[9.0..9.0]	[0.0..0.0]	[0.935..0.935]	[691.433..691.433]	[0.259..0.334]	[0.0..0.06]	[0.935..0.935]	[691.4325..691.4325]	[0.259..0.336]	[0.0..0.056]	0.83659583	[578.4495..578.4495]
Group-1	PC 36:5:0	277.22	20180509_PC_egg_02.mzXML	25.0	632.2	0.0	0.0	[6.0..9.0]	[0.0..0.0]	[0.938..0.943]	[593.004..596.165]	[0.173..0.173]	[0.0..0.0]	[0.938..0.943]	[593.0036..596.1646]	[0.173..0.173]	[0.0..0.0]	0.83659583	[496.10434..498.7488]
Group-1	PC 36:5:0	277.22	20180509_PC_egg_02.mzXML	30.0	468.2	0.0	0.0	[6.0..9.0]	[0.0..0.0]	[1.029..1.131]	[481.778..529.534]	[0.132..0.143]	[0.0..0.0]	[1.029..1.131]	[481.77783..529.53424]	[0.132..0.143]	[0.0..0.0]	0.83659583	[403.05334..443.00613]
Group-1	PC 36:5:0	277.22	20180509_PC_egg_02.mzXML	35.0	447.5	0.0	0.0	[6.0..9.0]	[0.0..0.0]	[1.224..1.47]	[547.74..657.825]	[0.149..0.174]	[0.0..0.0]	[1.224..1.47]	[547.74..657.825]	[0.149..0.174]	[0.0..0.0]	0.83659583	[458.237..550.3337]
Group-1	PC 36:5:0	279.23	20180509_PC_egg_02.mzXML	25.0	2975.6	0.0	0.0	[9.0..9.0]	[1.0..1.0]	[0.956..0.956]	[2844.674..2844.674]	[0.827..0.827]	[1.0..1.0]	[0.956..0.956]	[2844.6736..2844.6736]	[0.827..0.827]	[1.0..1.0]	0.83659583	[2379.8423..2379.8423]
Group-1	PC 36:5:0	279.23	20180509_PC_egg_02.mzXML	30.0	3331.7	0.0	0.0	[9.0..9.0]	[1.0..1.0]	[0.952..0.952]	[3171.778..3171.778]	[0.857..0.868]	[1.0..1.0]	[0.952..0.952]	[3171.7783..3171.7783]	[0.857..0.868]	[1.0..1.0]	0.83659583	[2653.4966..2653.4966]
Group-1	PC 36:5:0	279.23	20180509_PC_egg_02.mzXML	35.0	3135.3	0.0	0.0	[9.0..9.0]	[1.0..1.0]	[0.996..0.996]	[3122.759..3122.759]	[0.826..0.851]	[1.0..1.0]	[0.996..0.996]	[3122.7588..3122.7588]	[0.826..0.851]	[1.0..1.0]	0.83659583	[2612.487..2612.487]
Group-1	PC 36:5:0	303.23	20180509_PC_egg_02.mzXML	25.0	2052.3	0.0	0.0	[5.0..8.0]	[1.0..1.0]	[1.12..1.198]	[2298.576..2458.655]	[0.823..0.833]	[0.94..1.0]	[1.078..1.198]	[2212.3794..2458.6553]	[0.818..0.833]	[0.944..1.0]	0.83659583	[1922.9791..2056.901]
Group-1	PC 36:5:0	303.23	20180509_PC_egg_02.mzXML	30.0	1592.3	0.0	0.0	[5.0..8.0]	[1.0..1.0]	[1.337..1.656]	[2128.905..2636.849]	[0.774..0.809]	[0.94..1.0]	[1.309..1.656]	[2084.3208..2636.8489]	[0.77..0.809]	[0.944..1.0]	0.83659583	[1781.0332..2205.9768]
Group-1	PC 36:5:0	303.23	20180509_PC_egg_02.mzXML	35.0	760.7	0.0	0.0	[5.0..8.0]	[1.0..1.0]	[1.814..2.6]	[1379.91..1977.82]	[0.666..0.741]	[0.94..1.0]	[1.798..2.6]	[1367.7386..1977.82]	[0.664..0.741]	[0.944..1.0]	0.83659583	[1154.4268..1654.6359]
Group-1	PC 38:2:0	281.25	20180509_PC_egg_02.mzXML	25.0	4169.7	0.0	0.0	[9.0..9.0]	[0.0..0.0]	[0.87..0.87]	[3627.639..3627.639]	[0.784..0.784]	[1.0..1.0]	[0.87..0.87]	[3627.6392..3627.6392]	[0.784..0.784]	[1.0..1.0]	0.8080254	[2931.2246..2931.2246]
Group-1	PC 38:2:0	281.25	20180509_PC_egg_02.mzXML	30.0	4562.1	0.0	0.0	[9.0..9.0]	[1.0..1.0]	[0.926..0.926]	[4224.505..4224.505]	[0.851..0.851]	[1.0..1.0]	[0.926..0.926]	[4224.505..4224.505]	[0.851..0.851]	[1.0..1.0]	0.8080254	[3413.507..3413.507]
Group-1	PC 38:2:0	281.25	20180509_PC_egg_02.mzXML	35.0	5704.6	0.0	0.0	[9.0..9.0]	[0.0..1.0]	[0.868..0.913]	[4951.593..5208.3]	[0.801..0.802]	[1.0..1.0]	[0.913..0.913]	[5208.3..5208.3]	[0.81..0.81]	[1.0..1.0]	0.8080254	[4001.0127..4208.4385]
Group-1	PC 38:2:0	283.26	20180509_PC_egg_02.mzXML	25.0	1437.0	0.0	0.0	[0.0..0.0]	[0.0..0.0]	[0.968..0.968]	[1391.016..1391.016]	[0.381..0.381]	[0.2..0.38]	[0.968..0.968]	[1391.016..1391.016]	[0.381..0.381]	[0.204..0.382]	0.8080254	[1123.9763..1123.9763]
Group-1	PC 38:2:0	283.26	20180509_PC_egg_02.mzXML	30.0	2067.3	0.0	0.0	[0.0..0.0]	[0.0..0.0]	[0.946..0.946]	[1955.666..1955.666]	[0.405..0.405]	[0.2..0.38]	[0.946..0.946]	[1955.6658..1955.6658]	[0.405..0.405]	[0.204..0.382]	0.8080254	[1580.2277..1580.2277]
Group-1	PC 38:2:0	283.26	20180509_PC_egg_02.mzXML	35.0	2352.8	0.0	0.0	[0.0..0.0]	[0.0..0.0]	[0.937..0.937]	[2204.574..2204.574]	[0.456..0.456]	[0.2..0.38]	[0.937..0.937]	[2204.5735..2204.5735]	[0.456..0.456]	[0.204..0.382]	0.8080254	[1781.3514..1781.3514]
Group-1	PC 38:2:0	307.26	20180509_PC_egg_02.mzXML	25.0	2371.6	0.0	0.0	[11.0..11.0]	[1.0..1.0]	[0.951..0.951]	[2255.392..2255.392]	[0.619..0.619]	[0.62..0.8]	[0.951..0.951]	[2255.3916..2255.3916]	[0.619..0.619]	[0.618..0.796]	0.8080254	[1822.4137..1822.4137]
Group-1	PC 38:2:0	307.26	20180509_PC_egg_02.mzXML	30.0	3197.6	0.0	0.0	[11.0..11.0]	[1.0..1.0]	[0.9..0.9]	[2877.84..2877.84]	[0.595..0.595]	[0.62..0.8]	[0.9..0.9]	[2877.84..2877.84]	[0.595..0.595]	[0.618..0.796]	0.8080254	[2325.368..2325.368]
Group-1	PC 38:2:0	307.26	20180509_PC_egg_02.mzXML	35.0	2902.7	0.0	0.0	[11.0..11.0]	[1.0..1.0]	[0.906..0.906]	[2629.846..2629.846]	[0.544..0.544]	[0.62..0.8]	[0.906..0.906]	[2629.8462..2629.8462]	[0.544..0.544]	[0.618..0.796]	0.8080254	[2124.9827..2124.9827]
Group-1	PC 38:2:0	309.28	20180509_PC_egg_02.mzXML	25.0	1036.8	0.0	0.0	[11.0..11.0]	[1.0..1.0]	[0.964..0.964]	[999.475..999.475]	[0.216..0.216]	[0.0..0.0]	[0.964..0.964]	[999.4752..999.4752]	[0.216..0.216]	[0.0..0.0]	0.8080254	[807.6014..807.6014]
Group-1	PC 38:2:0	309.28	20180509_PC_egg_02.mzXML	30.0	899.9	0.0	0.0	[11.0..11.0]	[0.0..0.0]	[0.822..0.822]	[739.718..739.718]	[0.149..0.149]	[0.0..0.0]	[0.822..0.822]	[739.71783..739.71783]	[0.149..0.149]	[0.0..0.0]	0.8080254	[597.7108..597.7108]
Group-1	PC 38:2:0	309.28	20180509_PC_egg_02.mzXML	35.0	1503.0	0.0	0.0	[11.0..11.0]	[0.0..1.0]	[0.812..0.861]	[1220.436..1294.083]	[0.198..0.199]	[0.0..0.0]	[0.812..0.812]	[1220.4359..1220.4359]	[0.19..0.19]	[0.0..0.0]	0.8080254	[986.14325..1045.652]
Group-1	PC 38:3:0	255.23	20180509_PC_egg_02.mzXML	25.0	96.5	0.0	0.0	[0.0..0.0]	[0.0..0.0]	[1.0..1.0]	[96.5..96.5]	[1.0..1.0]	[0.0..1.0]	[1.0..1.0]	[96.5..96.5]	[1.0..1.0]	[0.0..1.0]	0.80966043	[78.13223..78.13223]
Group-1	PC 38:3:0	255.23	20180509_PC_egg_02.mzXML	30.0	216.2	0.0	0.0	[0.0..0.0]	[0.0..0.0]	[1.0..1.0]	[216.2..216.2]	[0.284..0.284]	[0.0..1.0]	[1.0..1.0]	[216.2..216.2]	[0.284..0.284]	[0.0..1.0]	0.80966043	[175.04858..175.04858]
Group-1	PC 38:3:0	255.23	20180509_PC_egg_02.mzXML	35.0	308.0	0.0	0.0	[0.0..0.0]	[0.0..0.0]	[1.0..1.0]	[308.0..308.0]	[0.447..0.447]	[0.0..1.0]	[1.0..1.0]	[308.0..308.0]	[0.447..0.447]	[0.0..1.0]	0.80966043	[249.37541..249.37541]
Group-1	PC 38:3:0	279.23	20180509_PC_egg_02.mzXML	25.0	3866.4	0.0	0.0	[9.0..9.0]	[0.0..0.0]	[0.867..0.867]	[3352.169..3352.169]	[0.807..0.807]	[1.0..1.0]	[0.867..0.867]	[3352.1687..3352.1687]	[0.807..0.807]	[1.0..1.0]	0.80966043	[2714.1182..2714.1182]
Group-1	PC 38:3:0	279.23	20180509_PC_egg_02.mzXML	30.0	4959.0	0.0	0.0	[9.0..9.0]	[1.0..1.0]	[0.952..0.952]	[4720.969..4720.969]	[0.86..0.86]	[1.0..1.0]	[0.952..0.952]	[4720.9683..4720.9683]	[0.86..0.86]	[1.0..1.0]	0.80966043	[3822.381..3822.381]
Group-1	PC 38:3:0	279.23	20180509_PC_egg_02.mzXML	35.0	4620.0	0.0	0.0	[9.0..9.0]	[0.0..1.0]	[0.951..0.996]	[4393.62..4601.52]	[0.847..0.848]	[1.0..1.0]	[0.996..0.996]	[4601.52..4601.52]	[0.854..0.854]	[1.0..1.0]	0.80966043	[3557.34..3725.6685]
Group-1	PC 38:3:0	281.25	20180509_PC_egg_02.mzXML	25.0	4033.9	0.0	0.0	[9.0..9.0]	[0.0..0.0]	[0.87..0.87]	[3509.493..3509.493]	[0.693..0.693]	[0.95..0.98]	[0.87..0.87]	[3509.493..3509.493]	[0.693..0.693]	[0.949..0.98]	0.80966043	[2841.4976..2841.4976]
Group-1	PC 38:3:0	281.25	20180509_PC_egg_02.mzXML	30.0	4709.6	0.0	0.0	[9.0..9.0]	[0.0..0.0]	[0.856..0.856]	[4031.418..4031.418]	[0.676..0.676]	[0.95..0.98]	[0.856..0.856]	[4031.4177..4031.4177]	[0.676..0.676]	[0.949..0.98]	0.80966043	[3264.0793..3264.0793]
Group-1	PC 38:3:0	281.25	20180509_PC_egg_02.mzXML	35.0	4126.0	0.0	0.0	[9.0..9.0]	[0.0..0.0]	[0.868..0.868]	[3581.368..3581.368]	[0.668..0.668]	[0.95..0.98]	[0.868..0.868]	[3581.368..3581.368]	[0.668..0.668]	[0.949..0.98]	0.80966043	[2899.692..2899.692]
Group-1	PC 38:3:0	283.26	20180509_PC_egg_02.mzXML	25.0	5375.8	0.0	0.0	[0.0..0.0]	[0.0..1.0]	[0.968..0.988]	[5203.775..5311.29]	[0.238..0.258]	[0.0..0.0]	[0.968..0.968]	[5203.7744..5203.7744]	[0.234..0.239]	[0.0..0.0]	0.80966043	[4213.29..4300.3413]
Group-1	PC 38:3:0	283.26	20180509_PC_egg_02.mzXML	30.0	5911.2	0.0	0.0	[0.0..0.0]	[0.0..1.0]	[0.946..0.958]	[5591.995..5662.93]	[0.204..0.248]	[0.0..0.0]	[0.946..0.946]	[5591.995..5591.995]	[0.202..0.234]	[0.0..0.0]	0.80966043	[4527.617..4585.0503]
Group-1	PC 38:3:0	283.26	20180509_PC_egg_02.mzXML	35.0	6451.1	0.0	0.0	[0.0..0.0]	[0.0..1.0]	[0.937..0.945]	[6044.681..6096.29]	[0.232..0.311]	[0.0..0.0]	[0.937..0.937]	[6044.6807..6044.6807]	[0.23..0.3]	[0.0..0.0]	0.80966043	[4894.139..4935.925]
Group-1	PC 38:3:0	305.25	20180509_PC_egg_02.mzXML	25.0	16571.8	0.0	0.0	[5.0..11.0]	[0.0..1.0]	[0.903..1.028]	[14964.336..17035.81]	[0.742..0.762]	[1.0..1.0]	[1.001..1.028]	[16588.373..17035.81]	[0.761..0.766]	[1.0..1.0]	0.80966043	[12116.03..13793.222]
Group-1	PC 38:3:0	305.25	20180509_PC_egg_02.mzXML	30.0	18263.5	0.0	0.0	[5.0..11.0]	[0.0..1.0]	[0.927..1.213]	[16930.264..22153.627]	[0.752..0.796]	[1.0..1.0]	[1.003..1.213]	[18318.291..22153.627]	[0.766..0.798]	[1.0..1.0]	0.80966043	[13707.766..17936.914]
Group-1	PC 38:3:0	305.25	20180509_PC_egg_02.mzXML	35.0	12840.2	0.0	0.0	[5.0..11.0]	[0.0..1.0]	[1.045..1.574]	[13418.009..20210.475]	[0.689..0.768]	[1.0..1.0]	[1.1..1.574]	[14124.221..20210.475]	[0.7..0.77]	[1.0..1.0]	0.80966043	[10864.031..16363.622]
Group-1	PC 38:3:0	307.26	20180509_PC_egg_02.mzXML	25.0	1638.6	0.0	0.0	[11.0..11.0]	[1.0..1.0]	[0.951..0.951]	[1558.309..1558.309]	[0.307..0.307]	[0.02..0.05]	[0.951..0.951]	[1558.3086..1558.3086]	[0.307..0.307]	[0.02..0.051]	0.80966043	[1261.7008..1261.7008]
Group-1	PC 38:3:0	307.26	20180509_PC_egg_02.mzXML	30.0	2146.8	0.0	0.0	[11.0..11.0]	[1.0..1.0]	[0.9..0.9]	[1932.12..1932.12]	[0.324..0.324]	[0.02..0.05]	[0.9..0.9]	[1932.12..1932.12]	[0.324..0.324]	[0.02..0.051]	0.80966043	[1564.3611..1564.3611]
Group-1	PC 38:3:0	307.26	20180509_PC_egg_02.mzXML	35.0	1964.3	0.0	0.0	[11.0..11.0]	[1.0..1.0]	[0.906..0.906]	[1779.656..1779.656]	[0.332..0.332]	[0.02..0.05]	[0.906..0.906]	[1779.6559..1779.6559]	[0.332..0.332]	[0.02..0.051]	0.80966043	[1440.917..1440.917]
Group-1	PC 38:3:0	309.28	20180509_PC_egg_02.mzXML	25.0	831.9	0.0	0.0	[11.0..11.0]	[1.0..1.0]	[0.964..0.964]	[801.952..801.952]	[0.193..0.193]	[0.0..0.0]	[0.964..0.964]	[801.9516..801.9516]	[0.193..0.193]	[0.0..0.0]	0.80966043	[649.3085..649.3085]
Group-1	PC 38:3:0	309.28	20180509_PC_egg_02.mzXML	30.0	931.9	0.0	0.0	[11.0..11.0]	[0.0..0.0]	[0.822..0.822]	[766.022..766.022]	[0.14..0.14]	[0.0..0.0]	[0.822..0.822]	[766.02185..766.02185]	[0.14..0.14]	[0.0..0.0]	0.80966043	[620.2176..620.2176]
Group-1	PC 38:3:0	309.28	20180509_PC_egg_02.mzXML	35.0	968.0	0.0	0.0	[11.0..11.0]	[0.0..1.0]	[0.812..0.861]	[786.016..833.448]	[0.152..0.153]	[0.0..0.0]	[0.812..0.812]	[786.016..786.016]	[0.146..0.146]	[0.0..0.0]	0.80966043	[636.406..674.8099]
Group-1	PC 38:3:0	333.28	20180509_PC_egg_02.mzXML	25.0	0.0	0.0	0.0	[13.0..13.0]	[1.0..1.0]	[0.989..0.989]	[0.0..0.0]	[0.0..0.0]	[0.0..1.0]	[0.989..0.989]	[0.0..0.0]	[0.0..0.0]	[0.0..1.0]	0.80966043	[0.0..0.0]
Group-1	PC 38:3:0	333.28	20180509_PC_egg_02.mzXML	30.0	579.0	0.0	0.0	[13.0..13.0]	[1.0..1.0]	[0.943..0.943]	[545.997..545.997]	[0.716..0.716]	[0.0..1.0]	[0.943..0.943]	[545.997..545.997]	[0.716..0.716]	[0.0..1.0]	0.80966043	[442.07217..442.07217]
Group-1	PC 38:3:0	333.28	20180509_PC_egg_02.mzXML	35.0	382.6	0.0	0.0	[13.0..13.0]	[1.0..1.0]	[0.994..0.994]	[380.304..380.304]	[0.553..0.553]	[0.0..1.0]	[0.994..0.994]	[380.3044..380.3044]	[0.553..0.553]	[0.0..1.0]	0.80966043	[307.91745..307.91745]
Group-1	PC 38:4:0	255.23	20180509_PC_egg_02.mzXML	25.0	2501.5	0.0	0.0	[0.0..0.0]	[0.0..1.0]	[1.0..1.0]	[2501.5..2501.5]	[0.252..0.276]	[0.0..0.0]	[1.0..1.0]	[2501.5..2501.5]	[0.252..0.255]	[0.0..0.0]	0.81129444	[2029.453..2029.453]
Group-1	PC 38:4:0	255.23	20180509_PC_egg_02.mzXML	30.0	2945.8	0.0	0.0	[0.0..0.0]	[0.7..1.0]	[1.0..1.0]	[2945.8..2945.8]	[0.276..0.29]	[0.0..0.0]	[1.0..1.0]	[2945.8..2945.8]	[0.252..0.276]	[0.0..0.0]	0.81129444	[2389.9111..2389.9111]
Group-1	PC 38:4:0	255.23	20180509_PC_egg_02.mzXML	35.0	3076.4	0.0	0.0	[0.0..0.0]	[0.0..0.0]	[1.0..1.0]	[3076.4..3076.4]	[0.263..0.31]	[0.0..0.0]	[1.0..1.0]	[3076.4..3076.4]	[0.263..0.31]	[0.0..0.0]	0.81129444	[2495.8662..2495.8662]
Group-1	PC 38:4:0	279.23	20180509_PC_egg_02.mzXML	25.0	2588.6	0.0	0.0	[9.0..9.0]	[0.0..0.0]	[0.867..0.867]	[2244.316..2244.316]	[1.0..1.0]	[1.0..1.0]	[0.867..0.867]	[2244.3162..2244.3162]	[1.0..1.0]	[1.0..1.0]	0.81129444	[1820.8014..1820.8014]
Group-1	PC 38:4:0	279.23	20180509_PC_egg_02.mzXML	30.0	2533.3	0.0	0.0	[9.0..9.0]	[0.0..0.0]	[0.884..0.884]	[2239.437..2239.437]	[0.769..0.769]	[1.0..1.0]	[0.884..0.884]	[2239.4373..2239.4373]	[0.769..0.769]	[1.0..1.0]	0.81129444	[1816.8429..1816.8429]
Group-1	PC 38:4:0	279.23	20180509_PC_egg_02.mzXML	35.0	2925.2	0.0	0.0	[9.0..9.0]	[0.0..0.0]	[0.951..0.951]	[2781.865..2781.865]	[0.847..0.847]	[1.0..1.0]	[0.951..0.951]	[2781.865..2781.865]	[0.847..0.847]	[1.0..1.0]	0.81129444	[2256.9116..2256.9116]
Group-1	PC 38:4:0	281.25	20180509_PC_egg_02.mzXML	25.0	1827.9	0.0	0.0	[9.0..9.0]	[0.0..1.0]	[0.87..0.964]	[1590.273..1762.096]	[0.354..0.36]	[0.0..0.16]	[0.87..0.885]	[1590.2731..1617.6915]	[0.334..0.358]	[0.0..0.155]	0.81129444	[1290.1797..1429.5784]
Group-1	PC 38:4:0	281.25	20180509_PC_egg_02.mzXML	30.0	1900.7	0.0	0.0	[9.0..9.0]	[0.0..1.0]	[0.856..0.926]	[1626.999..1760.048]	[0.291..0.332]	[0.0..0.16]	[0.856..0.867]	[1626.9991..1647.9069]	[0.278..0.326]	[0.0..0.155]	0.81129444	[1319.9755..1427.9174]
Group-1	PC 38:4:0	281.25	20180509_PC_egg_02.mzXML	35.0	1998.2	0.0	0.0	[9.0..9.0]	[0.0..0.0]	[0.868..0.868]	[1734.438..1734.438]	[0.292..0.371]	[0.0..0.16]	[0.868..0.868]	[1734.4375..1734.4375]	[0.292..0.376]	[0.0..0.155]	0.81129444	[1407.1395..1407.1395]
Group-1	PC 38:4:0	283.26	20180509_PC_egg_02.mzXML	25.0	52857.0	0.0	0.0	[0.0..0.0]	[0.0..0.39999998]	[0.968..0.976]	[51165.574..51588.434]	[0.225..0.262]	[0.0..0.0]	[0.968..0.968]	[51165.574..51165.574]	[0.223..0.226]	[0.0..0.0]	0.81129444	[41510.348..41853.406]
Group-1	PC 38:4:0	283.26	20180509_PC_egg_02.mzXML	30.0	71324.6	0.0	0.0	[0.0..0.0]	[0.0..0.39999998]	[0.946..0.951]	[67473.07..67829.695]	[0.246..0.276]	[0.0..0.0]	[0.946..0.946]	[67473.07..67473.07]	[0.245..0.255]	[0.0..0.0]	0.81129444	[54740.527..55029.855]
Group-1	PC 38:4:0	283.26	20180509_PC_egg_02.mzXML	35.0	65152.1	0.0	0.0	[0.0..0.0]	[0.0..0.0]	[0.937..0.937]	[61047.52..61047.52]	[0.251..0.267]	[0.0..0.0]	[0.937..0.937]	[61047.52..61047.52]	[0.251..0.267]	[0.0..0.0]	0.81129444	[49527.51..49527.51]
Group-1	PC 38:4:0	303.23	20180509_PC_egg_02.mzXML	25.0	148610.7	6463.5	0.04349283	[5.8..5.8]	[0.6..1.0]	[0.972..1.198]	[144449.61..178035.61]	[0.738..0.775]	[1.0..1.0]	[1.177..1.198]	[174914.8..178035.61]	[0.774..0.777]	[1.0..1.0]	0.81129444	[117191.164..144439.31]
Group-1	PC 38:4:0	303.23	20180509_PC_egg_02.mzXML	30.0	125654.5	10918.6	0.08689382	[5.0..5.0]	[0.6..1.0]	[1.407..1.656]	[176795.88..208083.86]	[0.724..0.754]	[1.0..1.0]	[1.571..1.656]	[197403.22..208083.86]	[0.745..0.755]	[1.0..1.0]	0.81129444	[143433.52..168817.28]
Group-1	PC 38:4:0	303.23	20180509_PC_egg_02.mzXML	35.0	69968.2	7656.6	0.10942971	[5.4..5.5]	[1.0..1.0]	[2.391..2.6]	[167293.97..181917.33]	[0.733..0.749]	[1.0..1.0]	[2.391..2.6]	[167293.97..181917.33]	[0.733..0.749]	[1.0..1.0]	0.81129444	[135724.67..147588.5]
Group-1	PC 38:4:0	305.25	20180509_PC_egg_02.mzXML	25.0	3131.6	0.0	0.0	[5.0..11.0]	[0.0..1.0]	[0.903..1.028]	[2827.835..3219.285]	[0.64..0.646]	[0.84..1.0]	[0.912..1.028]	[2856.0193..3219.285]	[0.642..0.666]	[0.845..1.0]	0.81129444	[2294.2065..2611.7878]
Group-1	PC 38:4:0	305.25	20180509_PC_egg_02.mzXML	30.0	3535.3	0.0	0.0	[5.0..11.0]	[0.0..1.0]	[0.927..1.213]	[3277.223..4288.32]	[0.668..0.709]	[0.84..1.0]	[0.953..1.213]	[3369.1409..4288.3193]	[0.674..0.722]	[0.845..1.0]	0.81129444	[2658.7927..3479.0894]
Group-1	PC 38:4:0	305.25	20180509_PC_egg_02.mzXML	35.0	2674.7	0.0	0.0	[5.0..11.0]	[1.0..1.0]	[1.1..1.574]	[2942.17..4209.978]	[0.629..0.708]	[0.84..1.0]	[1.076..1.574]	[2877.977..4209.9775]	[0.624..0.708]	[0.845..1.0]	0.81129444	[2386.9663..3415.5315]
Group-1	PC 38:4:0	307.26	20180509_PC_egg_02.mzXML	25.0	0.0	0.0	0.0	[11.0..11.0]	[1.0..1.0]	[0.951..0.951]	[0.0..0.0]	[0.0..0.0]	[0.0..0.0]	[0.951..0.951]	[0.0..0.0]	[0.0..0.0]	[0.0..0.0]	0.81129444	[0.0..0.0]
Group-1	PC 38:4:0	307.26	20180509_PC_egg_02.mzXML	30.0	749.1	0.0	0.0	[11.0..11.0]	[1.0..1.0]	[0.9..0.9]	[674.19..674.19]	[0.231..0.231]	[0.0..0.0]	[0.9..0.9]	[674.18994..674.18994]	[0.231..0.231]	[0.0..0.0]	0.81129444	[546.96655..546.96655]
Group-1	PC 38:4:0	307.26	20180509_PC_egg_02.mzXML	35.0	555.5	0.0	0.0	[11.0..11.0]	[1.0..1.0]	[0.906..0.906]	[503.283..503.283]	[0.153..0.153]	[0.0..0.0]	[0.906..0.906]	[503.28302..503.28302]	[0.153..0.153]	[0.0..0.0]	0.81129444	[408.31073..408.31073]
Group-1	PC 38:4:0	331.26	20180509_PC_egg_02.mzXML	25.0	7094.4	0.0	0.0	[7.0..10.0]	[0.0..1.0]	[0.926..1.047]	[6569.414..7427.837]	[0.724..0.748]	[1.0..1.0]	[1.028..1.047]	[7293.043..7427.837]	[0.745..0.748]	[1.0..1.0]	0.81129444	[5329.729..6026.1626]
Group-1	PC 38:4:0	331.26	20180509_PC_egg_02.mzXML	30.0	7013.1	0.0	0.0	[7.0..10.0]	[0.0..0.3]	[1.03..1.1]	[7223.493..7714.41]	[0.71..0.724]	[1.0..1.0]	[1.103..1.246]	[7735.4497..8738.323]	[0.724..0.748]	[1.0..1.0]	0.81129444	[5860.3794..6258.658]
Group-1	PC 38:4:0	331.26	20180509_PC_egg_02.mzXML	35.0	5023.2	0.0	0.0	[7.0..10.0]	[1.0..1.0]	[1.365..1.712]	[6856.669..8599.719]	[0.69..0.737]	[1.0..1.0]	[1.365..1.712]	[6856.6685..8599.719]	[0.69..0.737]	[1.0..1.0]	0.81129444	[5562.777..6976.9043]
Group-1	PC 38:5:0	255.23	20180509_PC_egg_02.mzXML	25.0	17781.9	0.0	0.0	[0.0..0.0]	[0.0..0.0]	[1.0..1.0]	[17781.9..17781.9]	[0.217..0.223]	[0.0..0.0]	[1.0..1.0]	[17781.9..17781.9]	[0.217..0.223]	[0.0..0.0]	0.81293565	[14455.541..14455.541]
Group-1	PC 38:5:0	255.23	20180509_PC_egg_02.mzXML	30.0	24274.0	0.0	0.0	[0.0..0.0]	[0.0..0.0]	[1.0..1.0]	[24274.0..24274.0]	[0.264..0.279]	[0.0..0.0]	[1.0..1.0]	[24274.0..24274.0]	[0.264..0.279]	[0.0..0.0]	0.81293565	[19733.2..19733.2]
Group-1	PC 38:5:0	255.23	20180509_PC_egg_02.mzXML	35.0	21309.8	0.0	0.0	[0.0..0.0]	[0.0..0.0]	[1.0..1.0]	[21309.8..21309.8]	[0.249..0.269]	[0.0..0.0]	[1.0..1.0]	[21309.8..21309.8]	[0.249..0.269]	[0.0..0.0]	0.81293565	[17323.496..17323.496]
Group-1	PC 38:5:0	281.25	20180509_PC_egg_02.mzXML	25.0	5080.1	0.0	0.0	[9.0..9.0]	[0.0..0.5]	[0.87..0.917]	[4419.687..4658.452]	[0.225..0.257]	[0.0..0.01]	[0.87..0.87]	[4419.687..4419.687]	[0.216..0.22]	[0.0..0.014]	0.81293565	[3592.9211..3787.0215]
Group-1	PC 38:5:0	281.25	20180509_PC_egg_02.mzXML	30.0	6969.6	0.0	0.0	[9.0..9.0]	[0.0..0.5]	[0.856..0.891]	[5965.978..6209.914]	[0.256..0.285]	[0.0..0.01]	[0.856..0.856]	[5965.9775..5965.9775]	[0.249..0.262]	[0.0..0.014]	0.81293565	[4849.956..5048.2603]
Group-1	PC 38:5:0	281.25	20180509_PC_egg_02.mzXML	35.0	7318.4	0.0	0.0	[9.0..9.0]	[0.0..0.0]	[0.868..0.868]	[6352.371..6352.371]	[0.295..0.318]	[0.0..0.01]	[0.868..0.868]	[6352.371..6352.371]	[0.295..0.318]	[0.0..0.014]	0.81293565	[5164.069..5164.069]
Group-1	PC 38:5:0	303.23	20180509_PC_egg_02.mzXML	25.0	13721.8	536.6	0.039105654	[6.2..6.3]	[0.5..1.0]	[0.931..1.172]	[12774.995..16081.95]	[0.743..0.775]	[0.99..1.0]	[1.141..1.172]	[15656.574..16081.95]	[0.78..0.784]	[0.986..1.0]	0.81293565	[10385.249..13073.591]
Group-1	PC 38:5:0	303.23	20180509_PC_egg_02.mzXML	30.0	11622.1	790.0	0.06797395	[6.0..6.0]	[0.5..1.0]	[1.288..1.549]	[14969.264..18002.633]	[0.715..0.744]	[0.99..1.0]	[1.448..1.549]	[16828.799..18002.633]	[0.738..0.751]	[0.986..1.0]	0.81293565	[12169.049..14634.982]
Group-1	PC 38:5:0	303.23	20180509_PC_egg_02.mzXML	35.0	6480.8	490.9	0.07574682	[6.7..6.9]	[1.0..1.0]	[2.102..2.338]	[13622.642..15152.11]	[0.682..0.705]	[0.99..1.0]	[2.099..2.338]	[13603.198..15152.11]	[0.682..0.705]	[0.986..1.0]	0.81293565	[11074.33..12317.69]
Group-1	PC 38:5:0	329.25	20180509_PC_egg_02.mzXML	25.0	44576.4	8075.6	0.18116313	[4.0..4.2]	[1.0..1.0]	[1.389..1.437]	[61916.62..64056.285]	[0.777..0.783]	[1.0..1.0]	[1.389..1.437]	[61916.62..64056.285]	[0.777..0.783]	[1.0..1.0]	0.81293565	[50334.227..52073.637]
Group-1	PC 38:5:0	329.25	20180509_PC_egg_02.mzXML	30.0	27458.9	8297.2	0.30216798	[4.0..4.0]	[1.0..1.0]	[2.287..2.463]	[62798.504..67631.27]	[0.721..0.736]	[1.0..1.0]	[2.287..2.463]	[62798.504..67631.27]	[0.721..0.736]	[1.0..1.0]	0.81293565	[51051.14..54979.87]
Group-1	PC 38:5:0	329.25	20180509_PC_egg_02.mzXML	35.0	12684.2	4280.5	0.33746707	[4.7..4.7]	[1.0..1.0]	[4.561..5.077]	[57852.637..64397.688]	[0.731..0.751]	[1.0..1.0]	[4.561..5.077]	[57852.637..64397.688]	[0.731..0.751]	[1.0..1.0]	0.81293565	[47030.47..52351.176]
Group-1	PC 38:6:0	255.23	20180509_PC_egg_02.mzXML	25.0	17200.8	0.0	0.0	[0.0..0.0]	[0.0..0.0]	[1.0..1.0]	[17200.8..17200.8]	[0.247..0.247]	[0.0..0.0]	[1.0..1.0]	[17200.8..17200.8]	[0.247..0.247]	[0.0..0.0]	0.81459224	[14011.639..14011.639]
Group-1	PC 38:6:0	255.23	20180509_PC_egg_02.mzXML	30.0	22032.2	0.0	0.0	[0.0..0.0]	[0.0..0.0]	[1.0..1.0]	[22032.2..22032.2]	[0.302..0.302]	[0.0..0.0]	[1.0..1.0]	[22032.2..22032.2]	[0.302..0.302]	[0.0..0.0]	0.81459224	[17947.258..17947.258]
Group-1	PC 38:6:0	255.23	20180509_PC_egg_02.mzXML	35.0	21099.1	0.0	0.0	[0.0..0.0]	[0.0..0.0]	[1.0..1.0]	[21099.1..21099.1]	[0.291..0.291]	[0.0..0.0]	[1.0..1.0]	[21099.1..21099.1]	[0.291..0.291]	[0.0..0.0]	0.81459224	[17187.162..17187.162]
Group-1	PC 38:6:0	279.23	20180509_PC_egg_02.mzXML	25.0	1340.0	0.0	0.0	[9.0..9.0]	[0.0..0.0]	[0.867..0.867]	[1161.78..1161.78]	[0.434..0.451]	[0.34..1.0]	[0.867..0.867]	[1161.78..1161.78]	[0.477..0.478]	[0.336..1.0]	0.81459224	[946.37695..946.37695]
Group-1	PC 38:6:0	279.23	20180509_PC_egg_02.mzXML	30.0	1949.9	0.0	0.0	[9.0..9.0]	[0.0..0.0]	[0.884..0.884]	[1723.712..1723.712]	[0.635..0.683]	[0.34..1.0]	[0.884..0.884]	[1723.7117..1723.7117]	[0.658..0.7]	[0.336..1.0]	0.81459224	[1404.1221..1404.1221]
Group-1	PC 38:6:0	279.23	20180509_PC_egg_02.mzXML	35.0	1603.4	0.0	0.0	[9.0..9.0]	[0.0..0.0]	[0.951..0.951]	[1524.833..1524.833]	[0.613..0.694]	[0.34..1.0]	[0.951..0.951]	[1524.8334..1524.8334]	[0.625..0.707]	[0.336..1.0]	0.81459224	[1242.1174..1242.1174]
Group-1	PC 38:6:0	303.23	20180509_PC_egg_02.mzXML	25.0	1264.3	0.0	0.0	[5.0..8.0]	[1.0..1.0]	[1.12..1.198]	[1416.016..1514.631]	[0.549..0.566]	[0.0..0.66]	[1.005..1.007]	[1270.6216..1273.1501]	[0.522..0.523]	[0.0..0.664]	0.81459224	[1153.4757..1233.807]
Group-1	PC 38:6:0	303.23	20180509_PC_egg_02.mzXML	30.0	599.1	0.0	0.0	[5.0..8.0]	[1.0..1.0]	[1.337..1.656]	[800.997..992.11]	[0.317..0.365]	[0.0..0.66]	[1.231..1.498]	[737.49207..897.4518]	[0.3..0.342]	[0.0..0.664]	0.81459224	[652.48566..808.16473]
Group-1	PC 38:6:0	303.23	20180509_PC_egg_02.mzXML	35.0	370.1	0.0	0.0	[5.0..8.0]	[1.0..1.0]	[1.814..2.6]	[671.361..962.26]	[0.306..0.387]	[0.0..0.66]	[1.709..2.475]	[632.5009..915.9975]	[0.293..0.375]	[0.0..0.664]	0.81459224	[546.8858..783.8495]
Group-1	PC 38:6:0	327.23	20180509_PC_egg_02.mzXML	25.0	27019.7	9100.2	0.33679873	[4.0..4.0]	[1.0..1.0]	[1.939..1.939]	[52391.195..52391.195]	[0.753..0.753]	[1.0..1.0]	[1.939..1.939]	[52391.195..52391.195]	[0.753..0.753]	[1.0..1.0]	0.81459224	[42677.46..42677.46]
Group-1	PC 38:6:0	327.23	20180509_PC_egg_02.mzXML	30.0	12115.8	6994.5	0.577304	[4.0..4.0]	[1.0..1.0]	[4.197..4.197]	[50850.01..50850.01]	[0.698..0.698]	[1.0..1.0]	[4.197..4.197]	[50850.01..50850.01]	[0.698..0.698]	[1.0..1.0]	0.81459224	[41422.023..41422.023]
Group-1	PC 38:6:0	327.23	20180509_PC_egg_02.mzXML	35.0	4484.1	3749.1	0.8360875	[4.0..4.0]	[1.0..1.0]	[11.468..11.468]	[51423.66..51423.66]	[0.709..0.709]	[1.0..1.0]	[11.468..11.468]	[51423.66..51423.66]	[0.709..0.709]	[1.0..1.0]	0.81459224	[41889.316..41889.316]
Group-1	PC 40:4:0	283.26	20180509_PC_egg_02.mzXML	25.0	1652.7	0.0	0.0	[0.0..0.0]	[0.0..1.0]	[0.968..0.988]	[1599.814..1632.868]	[0.231..0.25]	[0.0..0.09]	[0.968..0.97]	[1599.8136..1603.119]	[0.228..0.241]	[0.0..0.094]	0.78913254	[1262.465..1288.549]
Group-1	PC 40:4:0	283.26	20180509_PC_egg_02.mzXML	30.0	2314.5	0.0	0.0	[0.0..0.0]	[0.0..1.0]	[0.946..0.958]	[2189.517..2217.291]	[0.275..0.312]	[0.0..0.09]	[0.946..0.947]	[2189.5168..2191.8315]	[0.272..0.303]	[0.0..0.094]	0.78913254	[1727.8191..1749.7365]
Group-1	PC 40:4:0	283.26	20180509_PC_egg_02.mzXML	35.0	2364.7	0.0	0.0	[0.0..0.0]	[0.0..0.0]	[0.937..0.937]	[2215.724..2215.724]	[0.299..0.348]	[0.0..0.09]	[0.937..0.937]	[2215.7239..2215.7239]	[0.299..0.351]	[0.0..0.094]	0.78913254	[1748.4998..1748.4998]
Group-1	PC 40:4:0	331.26	20180509_PC_egg_02.mzXML	25.0	5187.4	0.0	0.0	[7.0..10.0]	[0.0..1.0]	[0.926..1.047]	[4803.532..5431.208]	[0.75..0.769]	[0.91..1.0]	[0.972..1.047]	[5042.153..5431.208]	[0.759..0.772]	[0.906..1.0]	0.78913254	[3790.6238..4285.943]
Group-1	PC 40:4:0	331.26	20180509_PC_egg_02.mzXML	30.0	4698.3	0.0	0.0	[7.0..10.0]	[0.0..1.0]	[1.03..1.246]	[4839.249..5854.082]	[0.688..0.725]	[0.91..1.0]	[1.07..1.246]	[5027.181..5854.082]	[0.697..0.728]	[0.906..1.0]	0.78913254	[3818.8086..4619.6465]
Group-1	PC 40:4:0	331.26	20180509_PC_egg_02.mzXML	35.0	3037.0	0.0	0.0	[7.0..10.0]	[1.0..1.0]	[1.365..1.712]	[4145.505..5199.344]	[0.652..0.701]	[0.91..1.0]	[1.348..1.712]	[4093.8762..5199.344]	[0.649..0.701]	[0.906..1.0]	0.78913254	[3271.3528..4102.9717]
Group-1	PC 40:5:0	283.26	20180509_PC_egg_02.mzXML	25.0	7652.5	0.0	0.0	[0.0..0.0]	[0.0..0.0]	[0.968..0.968]	[7407.62..7407.62]	[0.212..0.217]	[0.0..0.01]	[0.968..0.968]	[7407.62..7407.62]	[0.212..0.218]	[0.0..0.011]	0.7906781	[5857.043..5857.043]
Group-1	PC 40:5:0	283.26	20180509_PC_egg_02.mzXML	30.0	9979.1	0.0	0.0	[0.0..0.0]	[0.0..0.0]	[0.946..0.946]	[9440.229..9440.229]	[0.25..0.262]	[0.0..0.01]	[0.946..0.946]	[9440.229..9440.229]	[0.25..0.262]	[0.0..0.011]	0.7906781	[7464.1816..7464.1816]
Group-1	PC 40:5:0	283.26	20180509_PC_egg_02.mzXML	35.0	11024.3	0.0	0.0	[0.0..0.0]	[0.0..0.0]	[0.937..0.937]	[10329.769..10329.769]	[0.297..0.317]	[0.0..0.01]	[0.937..0.937]	[10329.769..10329.769]	[0.297..0.317]	[0.0..0.011]	0.7906781	[8167.5215..8167.5215]
Group-1	PC 40:5:0	329.25	20180509_PC_egg_02.mzXML	25.0	19165.1	3037.2	0.15847556	[4.5..4.6]	[1.0..1.0]	[1.396..1.437]	[26754.48..27540.248]	[0.783..0.788]	[0.99..1.0]	[1.387..1.437]	[26581.992..27540.248]	[0.782..0.788]	[0.989..1.0]	0.7906781	[21154.18..21775.47]
Group-1	PC 40:5:0	329.25	20180509_PC_egg_02.mzXML	30.0	11520.8	3795.7	0.32946497	[4.0..4.0]	[1.0..1.0]	[2.312..2.463]	[26636.09..28375.73]	[0.738..0.75]	[0.99..1.0]	[2.304..2.463]	[26543.922..28375.73]	[0.738..0.75]	[0.989..1.0]	0.7906781	[21060.572..22436.068]
Group-1	PC 40:5:0	329.25	20180509_PC_egg_02.mzXML	35.0	4812.7	2416.4	0.5020882	[4.0..4.0]	[1.0..1.0]	[4.634..5.077]	[22302.053..24434.08]	[0.683..0.703]	[0.99..1.0]	[4.627..5.077]	[22268.363..24434.08]	[0.683..0.703]	[0.989..1.0]	0.7906781	[17633.744..19319.492]
Group-1	PC 40:6:0	281.25	20180509_PC_egg_02.mzXML	25.0	3933.3	0.0	0.0	[9.0..9.0]	[0.0..0.0]	[0.87..0.87]	[3421.971..3421.971]	[0.634..0.669]	[0.83..1.0]	[0.87..0.87]	[3421.971..3421.971]	[0.676..0.689]	[0.833..1.0]	0.79223794	[2711.0154..2711.0154]
Group-1	PC 40:6:0	281.25	20180509_PC_egg_02.mzXML	30.0	5220.7	0.0	0.0	[9.0..9.0]	[0.0..0.0]	[0.856..0.856]	[4468.92..4468.92]	[0.641..0.72]	[0.83..1.0]	[0.856..0.856]	[4468.9194..4468.9194]	[0.671..0.731]	[0.833..1.0]	0.79223794	[3540.4473..3540.4473]
Group-1	PC 40:6:0	281.25	20180509_PC_egg_02.mzXML	35.0	5271.8	0.0	0.0	[9.0..9.0]	[0.0..0.0]	[0.868..0.868]	[4575.922..4575.922]	[0.651..0.768]	[0.83..1.0]	[0.868..0.868]	[4575.922..4575.922]	[0.674..0.775]	[0.833..1.0]	0.79223794	[3625.2192..3625.2192]
Group-1	PC 40:6:0	283.26	20180509_PC_egg_02.mzXML	25.0	4952.0	0.0	0.0	[0.0..0.0]	[0.0..0.0]	[0.968..0.968]	[4793.536..4793.536]	[0.248..0.248]	[0.0..0.13]	[0.968..0.968]	[4793.536..4793.536]	[0.248..0.248]	[0.0..0.129]	0.79223794	[3797.621..3797.621]
Group-1	PC 40:6:0	283.26	20180509_PC_egg_02.mzXML	30.0	7041.1	0.0	0.0	[0.0..0.0]	[0.0..0.0]	[0.946..0.946]	[6660.881..6660.881]	[0.298..0.298]	[0.0..0.13]	[0.946..0.946]	[6660.8804..6660.8804]	[0.298..0.298]	[0.0..0.129]	0.79223794	[5277.0024..5277.0024]
Group-1	PC 40:6:0	283.26	20180509_PC_egg_02.mzXML	35.0	6667.5	0.0	0.0	[0.0..0.0]	[0.0..0.0]	[0.937..0.937]	[6247.448..6247.448]	[0.361..0.361]	[0.0..0.13]	[0.937..0.937]	[6247.4473..6247.4473]	[0.361..0.361]	[0.0..0.129]	0.79223794	[4949.465..4949.465]
Group-1	PC 40:6:0	327.23	20180509_PC_egg_02.mzXML	25.0	7485.8	2787.8	0.3724118	[4.0..4.0]	[1.0..1.0]	[1.939..1.939]	[14514.966..14514.966]	[0.752..0.752]	[0.87..1.0]	[1.939..1.939]	[14514.966..14514.966]	[0.752..0.752]	[0.871..1.0]	0.79223794	[11499.307..11499.307]
Group-1	PC 40:6:0	327.23	20180509_PC_egg_02.mzXML	30.0	3741.7	1938.1	0.5179731	[4.0..4.0]	[1.0..1.0]	[4.197..4.197]	[15703.915..15703.915]	[0.702..0.702]	[0.87..1.0]	[4.197..4.197]	[15703.915..15703.915]	[0.702..0.702]	[0.871..1.0]	0.79223794	[12441.237..12441.237]
Group-1	PC 40:6:0	327.23	20180509_PC_egg_02.mzXML	35.0	964.2	804.4	0.8342668	[4.0..4.0]	[1.0..1.0]	[11.468..11.468]	[11057.446..11057.446]	[0.639..0.639]	[0.87..1.0]	[11.468..11.468]	[11057.446..11057.446]	[0.639..0.639]	[0.871..1.0]	0.79223794	[8760.129..8760.129]
Group-1	PC 40:6:0	329.25	20180509_PC_egg_02.mzXML	25.0	1372.4	0.0	0.0	[4.0..7.0]	[1.0..1.0]	[1.231..1.437]	[1689.424..1972.139]	[0.331..0.366]	[0.0..0.17]	[1.127..1.193]	[1546.6948..1637.2732]	[0.311..0.324]	[0.0..0.167]	0.79223794	[1338.426..1562.4032]
Group-1	PC 40:6:0	329.25	20180509_PC_egg_02.mzXML	30.0	1017.8	0.0	0.0	[4.0..7.0]	[1.0..1.0]	[1.71..2.463]	[1740.438..2506.841]	[0.28..0.359]	[0.0..0.17]	[1.612..2.157]	[1640.6936..2195.3945]	[0.269..0.329]	[0.0..0.167]	0.79223794	[1378.8411..1986.0149]
Group-1	PC 40:6:0	329.25	20180509_PC_egg_02.mzXML	35.0	483.1	0.0	0.0	[4.0..7.0]	[1.0..1.0]	[2.863..5.077]	[1383.115..2452.699]	[0.232..0.349]	[0.0..0.17]	[2.752..4.576]	[1329.4912..2210.6658]	[0.225..0.326]	[0.0..0.167]	0.79223794	[1095.7565..1943.1211]
Group-1	PC 44:0:0	339.32	20180509_PC_egg_02.mzXML	25.0	649943.8	0.0	0.0	[0.0..0.0]	[0.5..0.5]	[0.984..0.984]	[639544.75..639544.75]	[0.5..0.5]	[0.5..0.5]	[0.984..0.984]	[639544.75..639544.75]	[0.5..0.5]	[0.5..0.5]	0.7430324	[475202.47..475202.47]
Group-1	PC 44:0:0	339.32	20180509_PC_egg_02.mzXML	30.0	758199.0	0.0	0.0	[0.0..0.0]	[0.5..0.5]	[0.901..0.901]	[683137.4..683137.4]	[0.5..0.5]	[0.5..0.5]	[0.901..0.901]	[683137.3..683137.3]	[0.5..0.5]	[0.5..0.5]	0.7430324	[507593.2..507593.2]
Group-1	PC 44:0:0	339.32	20180509_PC_egg_02.mzXML	35.0	719305.1	0.0	0.0	[0.0..0.0]	[0.5..0.5]	[0.87..0.87]	[625795.44..625795.44]	[0.5..0.5]	[0.5..0.5]	[0.87..0.87]	[625795.44..625795.44]	[0.5..0.5]	[0.5..0.5]	0.7430324	[464986.28..464986.28]
Group-1	PC 44:12:0	327.23	20180509_PC_egg_02.mzXML	25.0	264191.0	107572.7	0.40717778	[4.0..4.0]	[0.5..0.5]	[2.076..2.076]	[548460.5..548460.5]	[0.5..0.5]	[0.5..0.5]	[2.076..2.076]	[548460.5..548460.5]	[0.5..0.5]	[0.5..0.5]	0.75972176	[416677.4..416677.4]
Group-1	PC 44:12:0	327.23	20180509_PC_egg_02.mzXML	30.0	116444.9	73249.5	0.6290486	[4.0..4.0]	[0.5..0.5]	[4.923..4.923]	[573258.2..573258.2]	[0.5..0.5]	[0.5..0.5]	[4.923..4.923]	[573258.2..573258.2]	[0.5..0.5]	[0.5..0.5]	0.75972176	[435516.75..435516.75]
Group-1	PC 44:12:0	327.23	20180509_PC_egg_02.mzXML	35.0	40023.3	34358.5	0.85846245	[4.0..4.0]	[0.5..0.5]	[14.275..14.275]	[571332.6..571332.6]	[0.5..0.5]	[0.5..0.5]	[14.275..14.275]	[571332.6..571332.6]	[0.5..0.5]	[0.5..0.5]	0.75972176	[434053.8..434053.8]
Group-1	PC 24:0:0	199.17	20180509_PC_egg_03.mzXML	25.0	547825.2	0.0	0.0	[0.0..0.0]	[0.5..0.5]	[1.082..1.082]	[592746.9..592746.9]	[0.5..0.5]	[0.5..0.5]	[1.082..1.082]	[592746.9..592746.9]	[0.5..0.5]	[0.5..0.5]	1.004296	[595293.3..595293.3]
Group-1	PC 24:0:0	199.17	20180509_PC_egg_03.mzXML	30.0	610419.3	0.0	0.0	[0.0..0.0]	[0.5..0.5]	[1.155..1.155]	[705034.3..705034.3]	[0.5..0.5]	[0.5..0.5]	[1.155..1.155]	[705034.3..705034.3]	[0.5..0.5]	[0.5..0.5]	1.004296	[708063.06..708063.06]
Group-1	PC 24:0:0	199.17	20180509_PC_egg_03.mzXML	35.0	548180.7	0.0	0.0	[0.0..0.0]	[0.5..0.5]	[1.187..1.187]	[650690.5..650690.5]	[0.5..0.5]	[0.5..0.5]	[1.187..1.187]	[650690.5..650690.5]	[0.5..0.5]	[0.5..0.5]	1.004296	[653485.8..653485.8]
Group-1	PC 25:0:0	199.17	20180509_PC_egg_03.mzXML	25.0	128170.9	0.0	0.0	[0.0..0.0]	[0.0..1.0]	[1.088..1.095]	[139449.94..140347.14]	[0.273..0.274]	[0.0..0.0]	[1.088..1.088]	[139449.94..139449.94]	[0.272..0.272]	[0.0..0.0]	0.98652405	[137570.72..138455.83]
Group-1	PC 25:0:0	199.17	20180509_PC_egg_03.mzXML	30.0	164739.5	0.0	0.0	[0.0..0.0]	[0.0..1.0]	[1.149..1.152]	[189285.69..189779.89]	[0.283..0.283]	[0.0..0.0]	[1.149..1.149]	[189285.69..189285.69]	[0.282..0.282]	[0.0..0.0]	0.98652405	[186734.89..187222.44]
Group-1	PC 25:0:0	199.17	20180509_PC_egg_03.mzXML	35.0	151606.3	0.0	0.0	[0.0..0.0]	[0.0..1.0]	[1.172..1.176]	[177682.6..178288.98]	[0.298..0.298]	[0.0..0.0]	[1.172..1.172]	[177682.6..177682.6]	[0.297..0.297]	[0.0..0.0]	0.98652405	[175288.14..175886.38]
Group-1	PC 25:0:0	213.18	20180509_PC_egg_03.mzXML	25.0	349586.6	0.0	0.0	[0.0..0.0]	[0.0..1.0]	[1.057..1.067]	[369513.03..373008.9]	[0.726..0.727]	[1.0..1.0]	[1.067..1.067]	[373008.9..373008.9]	[0.728..0.728]	[1.0..1.0]	0.98652405	[364533.53..367982.28]
Group-1	PC 25:0:0	213.18	20180509_PC_egg_03.mzXML	30.0	434501.7	0.0	0.0	[0.0..0.0]	[0.0..1.0]	[1.102..1.108]	[478820.84..481427.88]	[0.717..0.717]	[1.0..1.0]	[1.108..1.108]	[481427.88..481427.88]	[0.718..0.718]	[1.0..1.0]	0.98652405	[472368.3..474940.2]
Group-1	PC 25:0:0	213.18	20180509_PC_egg_03.mzXML	35.0	373729.0	0.0	0.0	[0.0..0.0]	[0.0..1.0]	[1.12..1.125]	[418576.47..420445.12]	[0.702..0.702]	[1.0..1.0]	[1.125..1.125]	[420445.12..420445.12]	[0.703..0.703]	[1.0..1.0]	0.98652405	[412935.78..414779.25]
Group-1	PC 32:0:0	255.23	20180509_PC_egg_03.mzXML	25.0	18491.8	0.0	0.0	[0.0..0.0]	[0.5..0.5]	[1.0..1.0]	[18491.8..18491.8]	[0.5..0.5]	[0.5..0.5]	[1.0..1.0]	[18491.8..18491.8]	[0.5..0.5]	[0.5..0.5]	0.87883294	[16251.203..16251.203]
Group-1	PC 32:0:0	255.23	20180509_PC_egg_03.mzXML	30.0	21912.8	0.0	0.0	[0.0..0.0]	[0.5..0.5]	[1.0..1.0]	[21912.8..21912.8]	[0.5..0.5]	[0.5..0.5]	[1.0..1.0]	[21912.8..21912.8]	[0.5..0.5]	[0.5..0.5]	0.87883294	[19257.691..19257.691]
Group-1	PC 32:0:0	255.23	20180509_PC_egg_03.mzXML	35.0	21347.8	0.0	0.0	[0.0..0.0]	[0.5..0.5]	[1.0..1.0]	[21347.8..21347.8]	[0.5..0.5]	[0.5..0.5]	[1.0..1.0]	[21347.8..21347.8]	[0.5..0.5]	[0.5..0.5]	0.87883294	[18761.15..18761.15]
Group-1	PC 32:1:0	227.2	20180509_PC_egg_03.mzXML	25.0	2025.4	0.0	0.0	[0.0..0.0]	[0.0..0.0]	[1.042..1.042]	[2110.467..2110.467]	[0.223..0.223]	[0.0..0.0]	[1.042..1.042]	[2110.467..2110.467]	[0.223..0.223]	[0.0..0.0]	0.88078475	[1858.8671..1858.8671]
Group-1	PC 32:1:0	227.2	20180509_PC_egg_03.mzXML	30.0	2127.9	0.0	0.0	[0.0..0.0]	[0.0..0.0]	[1.068..1.068]	[2272.597..2272.597]	[0.23..0.23]	[0.0..0.0]	[1.068..1.068]	[2272.597..2272.597]	[0.23..0.23]	[0.0..0.0]	0.88078475	[2001.6688..2001.6688]
Group-1	PC 32:1:0	227.2	20180509_PC_egg_03.mzXML	35.0	2316.9	0.0	0.0	[0.0..0.0]	[0.0..0.0]	[1.079..1.079]	[2499.935..2499.935]	[0.282..0.282]	[0.0..0.0]	[1.079..1.079]	[2499.935..2499.935]	[0.282..0.282]	[0.0..0.0]	0.88078475	[2201.9045..2201.9045]
Group-1	PC 32:1:0	253.22	20180509_PC_egg_03.mzXML	25.0	23678.0	0.0	0.0	[9.0..9.0]	[0.0..1.0]	[0.902..0.981]	[21357.557..23228.117]	[0.721..0.738]	[1.0..1.0]	[0.981..0.981]	[23228.117..23228.117]	[0.738..0.738]	[1.0..1.0]	0.88078475	[18811.41..20458.97]
Group-1	PC 32:1:0	253.22	20180509_PC_egg_03.mzXML	30.0	26037.2	0.0	0.0	[9.0..9.0]	[0.0..1.0]	[0.912..0.97]	[23745.926..25256.084]	[0.695..0.708]	[1.0..1.0]	[0.97..0.97]	[25256.084..25256.084]	[0.708..0.708]	[1.0..1.0]	0.88078475	[20915.049..22245.174]
Group-1	PC 32:1:0	253.22	20180509_PC_egg_03.mzXML	35.0	21686.8	0.0	0.0	[9.0..9.0]	[0.0..1.0]	[0.935..0.969]	[20277.158..21014.51]	[0.688..0.696]	[1.0..1.0]	[0.969..0.969]	[21014.51..21014.51]	[0.696..0.696]	[1.0..1.0]	0.88078475	[17859.812..18509.26]
Group-1	PC 32:1:0	255.23	20180509_PC_egg_03.mzXML	25.0	8253.5	0.0	0.0	[0.0..0.0]	[0.0..1.0]	[1.0..1.0]	[8253.5..8253.5]	[0.262..0.279]	[0.0..0.0]	[1.0..1.0]	[8253.5..8253.5]	[0.262..0.262]	[0.0..0.0]	0.88078475	[7269.557..7269.557]
Group-1	PC 32:1:0	255.23	20180509_PC_egg_03.mzXML	30.0	10436.1	0.0	0.0	[0.0..0.0]	[0.0..1.0]	[1.0..1.0]	[10436.1..10436.1]	[0.292..0.305]	[0.0..0.0]	[1.0..1.0]	[10436.1..10436.1]	[0.292..0.292]	[0.0..0.0]	0.88078475	[9191.957..9191.957]
Group-1	PC 32:1:0	255.23	20180509_PC_egg_03.mzXML	35.0	9190.7	0.0	0.0	[0.0..0.0]	[0.0..1.0]	[1.0..1.0]	[9190.7..9190.7]	[0.304..0.312]	[0.0..0.0]	[1.0..1.0]	[9190.7..9190.7]	[0.304..0.304]	[0.0..0.0]	0.88078475	[8095.029..8095.029]
Group-1	PC 32:1:0	281.25	20180509_PC_egg_03.mzXML	25.0	7643.9	0.0	0.0	[9.0..9.0]	[1.0..1.0]	[0.964..0.964]	[7368.719..7368.719]	[0.777..0.777]	[1.0..1.0]	[0.964..0.964]	[7368.719..7368.719]	[0.777..0.777]	[1.0..1.0]	0.88078475	[6490.2554..6490.2554]
Group-1	PC 32:1:0	281.25	20180509_PC_egg_03.mzXML	30.0	8230.8	0.0	0.0	[9.0..9.0]	[1.0..1.0]	[0.926..0.926]	[7621.721..7621.721]	[0.77..0.77]	[1.0..1.0]	[0.926..0.926]	[7621.7207..7621.7207]	[0.77..0.77]	[1.0..1.0]	0.88078475	[6713.095..6713.095]
Group-1	PC 32:1:0	281.25	20180509_PC_egg_03.mzXML	35.0	6955.4	0.0	0.0	[9.0..9.0]	[1.0..1.0]	[0.913..0.913]	[6350.28..6350.28]	[0.718..0.718]	[1.0..1.0]	[0.913..0.913]	[6350.28..6350.28]	[0.718..0.718]	[1.0..1.0]	0.88078475	[5593.2295..5593.2295]
Group-1	PC 32:2:0	227.2	20180509_PC_egg_03.mzXML	25.0	1061.7	0.0	0.0	[0.0..0.0]	[0.0..0.0]	[1.042..1.042]	[1106.291..1106.291]	[0.239..0.239]	[0.0..0.0]	[1.042..1.042]	[1106.2914..1106.2914]	[0.239..0.239]	[0.0..0.0]	0.8827558	[976.58514..976.58514]
Group-1	PC 32:2:0	227.2	20180509_PC_egg_03.mzXML	30.0	1208.7	0.0	0.0	[0.0..0.0]	[0.0..0.0]	[1.068..1.068]	[1290.892..1290.892]	[0.25..0.25]	[0.0..0.0]	[1.068..1.068]	[1290.8915..1290.8915]	[0.25..0.25]	[0.0..0.0]	0.8827558	[1139.542..1139.542]
Group-1	PC 32:2:0	227.2	20180509_PC_egg_03.mzXML	35.0	1142.6	0.0	0.0	[0.0..0.0]	[0.0..0.0]	[1.079..1.079]	[1232.865..1232.865]	[0.252..0.252]	[0.0..0.0]	[1.079..1.079]	[1232.8654..1232.8654]	[0.252..0.252]	[0.0..0.0]	0.8827558	[1088.3191..1088.3191]
Group-1	PC 32:2:0	253.22	20180509_PC_egg_03.mzXML	25.0	1060.5	0.0	0.0	[9.0..9.0]	[0.5..0.5]	[0.973..0.973]	[1031.866..1031.866]	[0.5..0.5]	[0.5..0.5]	[0.973..0.973]	[1031.8665..1031.8665]	[0.5..0.5]	[0.5..0.5]	0.8827558	[910.8861..910.8861]
Group-1	PC 32:2:0	253.22	20180509_PC_egg_03.mzXML	30.0	1011.0	0.0	0.0	[9.0..9.0]	[0.5..0.5]	[0.982..0.982]	[992.802..992.802]	[0.5..0.5]	[0.5..0.5]	[0.982..0.982]	[992.802..992.802]	[0.5..0.5]	[0.5..0.5]	0.8827558	[876.40173..876.40173]
Group-1	PC 32:2:0	253.22	20180509_PC_egg_03.mzXML	35.0	1028.5	0.0	0.0	[9.0..9.0]	[0.5..0.5]	[0.987..0.987]	[1015.13..1015.13]	[0.5..0.5]	[0.5..0.5]	[0.987..0.987]	[1015.1295..1015.1295]	[0.5..0.5]	[0.5..0.5]	0.8827558	[896.11145..896.11145]
Group-1	PC 32:2:0	279.23	20180509_PC_egg_03.mzXML	25.0	3675.7	0.0	0.0	[9.0..9.0]	[1.0..1.0]	[0.956..0.956]	[3513.969..3513.969]	[0.761..0.761]	[1.0..1.0]	[0.956..0.956]	[3513.969..3513.969]	[0.761..0.761]	[1.0..1.0]	0.8827558	[3101.9768..3101.9768]
Group-1	PC 32:2:0	279.23	20180509_PC_egg_03.mzXML	30.0	4063.1	0.0	0.0	[9.0..9.0]	[1.0..1.0]	[0.952..0.952]	[3868.071..3868.071]	[0.75..0.75]	[1.0..1.0]	[0.952..0.952]	[3868.0713..3868.0713]	[0.75..0.75]	[1.0..1.0]	0.8827558	[3414.5625..3414.5625]
Group-1	PC 32:2:0	279.23	20180509_PC_egg_03.mzXML	35.0	3671.2	0.0	0.0	[9.0..9.0]	[1.0..1.0]	[0.996..0.996]	[3656.515..3656.515]	[0.748..0.748]	[1.0..1.0]	[0.996..0.996]	[3656.5151..3656.5151]	[0.748..0.748]	[1.0..1.0]	0.8827558	[3227.81..3227.81]
Group-1	PC 34:1:0	255.23	20180509_PC_egg_03.mzXML	25.0	324734.8	0.0	0.0	[0.0..0.0]	[0.0..0.0]	[1.0..1.0]	[324734.8..324734.8]	[0.236..0.236]	[0.0..0.0]	[1.0..1.0]	[324734.8..324734.8]	[0.236..0.236]	[0.0..0.0]	0.854385	[277448.56..277448.56]
Group-1	PC 34:1:0	255.23	20180509_PC_egg_03.mzXML	30.0	411598.6	0.0	0.0	[0.0..0.0]	[1.0..1.0]	[1.0..1.0]	[411598.6..411598.6]	[0.277..0.277]	[0.0..0.0]	[1.0..1.0]	[411598.6..411598.6]	[0.277..0.277]	[0.0..0.0]	0.854385	[351663.7..351663.7]
Group-1	PC 34:1:0	255.23	20180509_PC_egg_03.mzXML	35.0	484587.6	0.0	0.0	[0.0..0.0]	[0.0..1.0]	[1.0..1.0]	[484587.6..484587.6]	[0.275..0.285]	[0.0..0.0]	[1.0..1.0]	[484587.6..484587.6]	[0.275..0.275]	[0.0..0.0]	0.854385	[414024.38..414024.38]
Group-1	PC 34:1:0	281.25	20180509_PC_egg_03.mzXML	25.0	1087643.6	0.0	0.0	[9.0..9.0]	[1.0..1.0]	[0.964..0.964]	[1048488.44..1048488.44]	[0.764..0.764]	[1.0..1.0]	[0.964..0.964]	[1048488.44..1048488.44]	[0.764..0.764]	[1.0..1.0]	0.854385	[895812.8..895812.8]
Group-1	PC 34:1:0	281.25	20180509_PC_egg_03.mzXML	30.0	1255780.4	0.0	0.0	[9.0..9.0]	[0.0..0.0]	[0.856..0.856]	[1074948.0..1074948.0]	[0.723..0.723]	[1.0..1.0]	[0.856..0.856]	[1074948.0..1074948.0]	[0.723..0.723]	[1.0..1.0]	0.854385	[918419.5..918419.5]
Group-1	PC 34:1:0	281.25	20180509_PC_egg_03.mzXML	35.0	1399841.9	0.0	0.0	[9.0..9.0]	[0.0..1.0]	[0.868..0.913]	[1215062.8..1278055.6]	[0.715..0.725]	[1.0..1.0]	[0.913..0.913]	[1278055.6..1278055.6]	[0.725..0.725]	[1.0..1.0]	0.854385	[1038131.3..1091951.5]
Group-1	PC 34:2:0	253.22	20180509_PC_egg_03.mzXML	25.0	12899.8	0.0	0.0	[9.0..9.0]	[0.0..0.0]	[0.902..0.902]	[11635.619..11635.619]	[0.258..0.258]	[0.0..0.0]	[0.902..0.902]	[11635.619..11635.619]	[0.258..0.258]	[0.0..0.0]	0.8562302	[9962.769..9962.769]
Group-1	PC 34:2:0	253.22	20180509_PC_egg_03.mzXML	30.0	16585.3	0.0	0.0	[9.0..9.0]	[0.0..0.0]	[0.912..0.912]	[15125.794..15125.794]	[0.289..0.289]	[0.0..0.0]	[0.912..0.912]	[15125.794..15125.794]	[0.289..0.289]	[0.0..0.0]	0.8562302	[12951.161..12951.161]
Group-1	PC 34:2:0	253.22	20180509_PC_egg_03.mzXML	35.0	13546.5	0.0	0.0	[9.0..9.0]	[0.0..0.0]	[0.935..0.935]	[12665.978..12665.978]	[0.272..0.272]	[0.0..0.0]	[0.935..0.935]	[12665.978..12665.978]	[0.272..0.272]	[0.0..0.0]	0.8562302	[10844.993..10844.993]
Group-1	PC 34:2:0	255.23	20180509_PC_egg_03.mzXML	25.0	202570.3	0.0	0.0	[0.0..0.0]	[0.0..0.0]	[1.0..1.0]	[202570.3..202570.3]	[0.238..0.238]	[0.0..0.0]	[1.0..1.0]	[202570.3..202570.3]	[0.238..0.238]	[0.0..0.0]	0.8562302	[173446.81..173446.81]
Group-1	PC 34:2:0	255.23	20180509_PC_egg_03.mzXML	30.0	275943.9	0.0	0.0	[0.0..0.0]	[0.0..0.0]	[1.0..1.0]	[275943.9..275943.9]	[0.254..0.254]	[0.0..0.0]	[1.0..1.0]	[275943.9..275943.9]	[0.254..0.254]	[0.0..0.0]	0.8562302	[236271.5..236271.5]
Group-1	PC 34:2:0	255.23	20180509_PC_egg_03.mzXML	35.0	278652.2	0.0	0.0	[0.0..0.0]	[0.0..0.0]	[1.0..1.0]	[278652.2..278652.2]	[0.269..0.269]	[0.0..0.0]	[1.0..1.0]	[278652.2..278652.2]	[0.269..0.269]	[0.0..0.0]	0.8562302	[238590.42..238590.42]
Group-1	PC 34:2:0	279.23	20180509_PC_egg_03.mzXML	25.0	677581.1	0.0	0.0	[9.0..9.0]	[1.0..1.0]	[0.956..0.956]	[647767.56..647767.56]	[0.762..0.762]	[1.0..1.0]	[0.956..0.956]	[647767.56..647767.56]	[0.762..0.762]	[1.0..1.0]	0.8562302	[554638.1..554638.1]
Group-1	PC 34:2:0	279.23	20180509_PC_egg_03.mzXML	30.0	849687.6	0.0	0.0	[9.0..9.0]	[1.0..1.0]	[0.952..0.952]	[808902.6..808902.6]	[0.746..0.746]	[1.0..1.0]	[0.952..0.952]	[808902.6..808902.6]	[0.746..0.746]	[1.0..1.0]	0.8562302	[692606.9..692606.9]
Group-1	PC 34:2:0	279.23	20180509_PC_egg_03.mzXML	35.0	758475.6	0.0	0.0	[9.0..9.0]	[1.0..1.0]	[0.996..0.996]	[755441.7..755441.7]	[0.731..0.731]	[1.0..1.0]	[0.996..0.996]	[755441.7..755441.7]	[0.731..0.731]	[1.0..1.0]	0.8562302	[646832.0..646832.0]
Group-1	PC 34:2:0	281.25	20180509_PC_egg_03.mzXML	25.0	34715.6	0.0	0.0	[9.0..9.0]	[1.0..1.0]	[0.964..0.964]	[33465.84..33465.84]	[0.742..0.742]	[1.0..1.0]	[0.964..0.964]	[33465.84..33465.84]	[0.742..0.742]	[1.0..1.0]	0.8562302	[28654.463..28654.463]
Group-1	PC 34:2:0	281.25	20180509_PC_egg_03.mzXML	30.0	40199.1	0.0	0.0	[9.0..9.0]	[1.0..1.0]	[0.926..0.926]	[37224.367..37224.367]	[0.711..0.711]	[1.0..1.0]	[0.926..0.926]	[37224.367..37224.367]	[0.711..0.711]	[1.0..1.0]	0.8562302	[31872.627..31872.627]
Group-1	PC 34:2:0	281.25	20180509_PC_egg_03.mzXML	35.0	37170.4	0.0	0.0	[9.0..9.0]	[1.0..1.0]	[0.913..0.913]	[33936.574..33936.574]	[0.728..0.728]	[1.0..1.0]	[0.913..0.913]	[33936.574..33936.574]	[0.728..0.728]	[1.0..1.0]	0.8562302	[29057.52..29057.52]
Group-1	PC 34:3:0	253.22	20180509_PC_egg_03.mzXML	25.0	5567.4	0.0	0.0	[9.0..9.0]	[0.7..0.7]	[0.957..0.957]	[5328.002..5328.002]	[0.227..0.227]	[0.0..0.0]	[0.957..0.957]	[5328.002..5328.002]	[0.227..0.227]	[0.0..0.0]	0.85807484	[4571.824..4571.824]
Group-1	PC 34:3:0	253.22	20180509_PC_egg_03.mzXML	30.0	8134.0	0.0	0.0	[9.0..9.0]	[0.0..0.7]	[0.912..0.953]	[7418.208..7751.702]	[0.255..0.256]	[0.0..0.0]	[0.912..0.912]	[7418.208..7418.208]	[0.247..0.247]	[0.0..0.0]	0.85807484	[6365.3774..6651.5405]
Group-1	PC 34:3:0	253.22	20180509_PC_egg_03.mzXML	35.0	6781.4	0.0	0.0	[9.0..9.0]	[0.0..0.0]	[0.935..0.935]	[6340.609..6340.609]	[0.26..0.26]	[0.0..0.0]	[0.935..0.935]	[6340.609..6340.609]	[0.26..0.26]	[0.0..0.0]	0.85807484	[5440.7173..5440.7173]
Group-1	PC 34:3:0	255.23	20180509_PC_egg_03.mzXML	25.0	3227.1	0.0	0.0	[0.0..0.0]	[0.0..1.0]	[1.0..1.0]	[3227.1..3227.1]	[0.236..0.259]	[0.0..0.0]	[1.0..1.0]	[3227.1..3227.1]	[0.236..0.241]	[0.0..0.0]	0.85807484	[2769.0935..2769.0935]
Group-1	PC 34:3:0	255.23	20180509_PC_egg_03.mzXML	30.0	3692.7	0.0	0.0	[0.0..0.0]	[0.0..1.0]	[1.0..1.0]	[3692.7..3692.7]	[0.218..0.252]	[0.0..0.0]	[1.0..1.0]	[3692.7..3692.7]	[0.218..0.238]	[0.0..0.0]	0.85807484	[3168.613..3168.613]
Group-1	PC 34:3:0	255.23	20180509_PC_egg_03.mzXML	35.0	3773.3	0.0	0.0	[0.0..0.0]	[0.0..0.19999999]	[1.0..1.0]	[3773.3..3773.3]	[0.241..0.285]	[0.0..0.0]	[1.0..1.0]	[3773.3..3773.3]	[0.241..0.28]	[0.0..0.0]	0.85807484	[3237.774..3237.774]
Group-1	PC 34:3:0	277.22	20180509_PC_egg_03.mzXML	25.0	9852.7	0.0	0.0	[6.0..9.0]	[0.0..1.0]	[0.938..1.058]	[9241.833..10424.156]	[0.741..0.764]	[1.0..1.0]	[1.034..1.058]	[10187.692..10424.156]	[0.759..0.764]	[1.0..1.0]	0.85807484	[7930.1846..8944.707]
Group-1	PC 34:3:0	277.22	20180509_PC_egg_03.mzXML	30.0	10650.2	0.0	0.0	[6.0..9.0]	[0.0..1.0]	[1.029..1.242]	[10959.057..13227.549]	[0.748..0.782]	[1.0..1.0]	[1.111..1.242]	[11832.372..13227.549]	[0.762..0.782]	[1.0..1.0]	0.85807484	[9403.69..11350.227]
Group-1	PC 34:3:0	277.22	20180509_PC_egg_03.mzXML	35.0	7535.1	0.0	0.0	[6.0..9.0]	[0.8..1.0]	[1.255..1.577]	[9456.551..11882.853]	[0.715..0.759]	[1.0..1.0]	[1.289..1.577]	[9712.744..11882.853]	[0.72..0.759]	[1.0..1.0]	0.85807484	[8114.4277..10196.377]
Group-1	PC 34:3:0	279.23	20180509_PC_egg_03.mzXML	25.0	20268.6	0.0	0.0	[9.0..9.0]	[0.3..0.3]	[0.894..0.894]	[18120.127..18120.127]	[0.773..0.773]	[1.0..1.0]	[0.894..0.894]	[18120.127..18120.127]	[0.773..0.773]	[1.0..1.0]	0.85807484	[15548.425..15548.425]
Group-1	PC 34:3:0	279.23	20180509_PC_egg_03.mzXML	30.0	23807.5	0.0	0.0	[9.0..9.0]	[0.3..1.0]	[0.905..0.952]	[21545.787..22664.74]	[0.744..0.745]	[1.0..1.0]	[0.952..0.952]	[22664.74..22664.74]	[0.753..0.753]	[1.0..1.0]	0.85807484	[18487.898..19448.045]
Group-1	PC 34:3:0	279.23	20180509_PC_egg_03.mzXML	35.0	18134.4	0.0	0.0	[9.0..9.0]	[1.0..1.0]	[0.996..0.996]	[18061.863..18061.863]	[0.74..0.74]	[1.0..1.0]	[0.996..0.996]	[18061.863..18061.863]	[0.74..0.74]	[1.0..1.0]	0.85807484	[15498.43..15498.43]
Group-1	PC 36:1:0	255.23	20180509_PC_egg_03.mzXML	25.0	1719.9	0.0	0.0	[0.0..0.0]	[0.0..0.0]	[1.0..1.0]	[1719.9..1719.9]	[0.295..0.295]	[0.0..0.07]	[1.0..1.0]	[1719.9..1719.9]	[0.295..0.295]	[0.0..0.07]	0.8296408	[1426.8993..1426.8993]
Group-1	PC 36:1:0	255.23	20180509_PC_egg_03.mzXML	30.0	1627.7	0.0	0.0	[0.0..0.0]	[0.0..0.0]	[1.0..1.0]	[1627.7..1627.7]	[0.267..0.267]	[0.0..0.07]	[1.0..1.0]	[1627.7..1627.7]	[0.267..0.267]	[0.0..0.07]	0.8296408	[1350.4062..1350.4062]
Group-1	PC 36:1:0	255.23	20180509_PC_egg_03.mzXML	35.0	2039.6	0.0	0.0	[0.0..0.0]	[0.0..0.0]	[1.0..1.0]	[2039.6..2039.6]	[0.339..0.339]	[0.0..0.07]	[1.0..1.0]	[2039.6..2039.6]	[0.339..0.339]	[0.0..0.07]	0.8296408	[1692.1354..1692.1354]
Group-1	PC 36:1:0	281.25	20180509_PC_egg_03.mzXML	25.0	281762.5	0.0	0.0	[9.0..9.0]	[0.0..1.0]	[0.87..0.964]	[245133.38..271619.03]	[0.746..0.762]	[1.0..1.0]	[0.964..0.964]	[271619.03..271619.03]	[0.765..0.765]	[1.0..1.0]	0.8296408	[203372.66..225346.25]
Group-1	PC 36:1:0	281.25	20180509_PC_egg_03.mzXML	30.0	303106.3	0.0	0.0	[9.0..9.0]	[0.0..1.0]	[0.856..0.926]	[259459.02..280676.44]	[0.72..0.733]	[1.0..1.0]	[0.926..0.926]	[280676.44..280676.44]	[0.735..0.735]	[1.0..1.0]	0.8296408	[215257.77..232860.62]
Group-1	PC 36:1:0	281.25	20180509_PC_egg_03.mzXML	35.0	292275.8	0.0	0.0	[9.0..9.0]	[0.0..1.0]	[0.868..0.913]	[253695.39..266847.8]	[0.725..0.733]	[1.0..1.0]	[0.913..0.913]	[266847.8..266847.8]	[0.735..0.735]	[1.0..1.0]	0.8296408	[210476.05..221387.83]
Group-1	PC 36:1:0	283.26	20180509_PC_egg_03.mzXML	25.0	86044.1	0.0	0.0	[0.0..0.0]	[0.0..1.0]	[0.968..0.988]	[83290.69..85011.57]	[0.238..0.254]	[0.0..0.0]	[0.968..0.968]	[83290.69..83290.69]	[0.235..0.235]	[0.0..0.0]	0.8296408	[69101.35..70529.06]
Group-1	PC 36:1:0	283.26	20180509_PC_egg_03.mzXML	30.0	106830.9	0.0	0.0	[0.0..0.0]	[0.0..1.0]	[0.946..0.958]	[101062.03..102344.0]	[0.267..0.28]	[0.0..0.0]	[0.946..0.946]	[101062.03..101062.03]	[0.265..0.265]	[0.0..0.0]	0.8296408	[83845.18..84908.76]
Group-1	PC 36:1:0	283.26	20180509_PC_egg_03.mzXML	35.0	102923.6	0.0	0.0	[0.0..0.0]	[0.0..1.0]	[0.937..0.945]	[96439.414..97262.805]	[0.267..0.275]	[0.0..0.0]	[0.937..0.937]	[96439.414..96439.414]	[0.265..0.265]	[0.0..0.0]	0.8296408	[80010.07..80693.19]
Group-1	PC 36:1:0	309.28	20180509_PC_egg_03.mzXML	25.0	4269.3	0.0	0.0	[11.0..11.0]	[1.0..1.0]	[0.964..0.964]	[4115.605..4115.605]	[0.705..0.705]	[0.93..1.0]	[0.964..0.964]	[4115.605..4115.605]	[0.705..0.705]	[0.93..1.0]	0.8296408	[3414.4739..3414.4739]
Group-1	PC 36:1:0	309.28	20180509_PC_egg_03.mzXML	30.0	4991.8	0.0	0.0	[11.0..11.0]	[1.0..1.0]	[0.894..0.894]	[4462.669..4462.669]	[0.733..0.733]	[0.93..1.0]	[0.894..0.894]	[4462.669..4462.669]	[0.733..0.733]	[0.93..1.0]	0.8296408	[3702.4124..3702.4124]
Group-1	PC 36:1:0	309.28	20180509_PC_egg_03.mzXML	35.0	4611.3	0.0	0.0	[11.0..11.0]	[1.0..1.0]	[0.861..0.861]	[3970.329..3970.329]	[0.661..0.661]	[0.93..1.0]	[0.861..0.861]	[3970.329..3970.329]	[0.661..0.661]	[0.93..1.0]	0.8296408	[3293.947..3293.947]
Group-1	PC 36:2:0	255.23	20180509_PC_egg_03.mzXML	25.0	3015.8	0.0	0.0	[0.0..0.0]	[0.0..0.0]	[1.0..1.0]	[3015.8..3015.8]	[0.271..0.271]	[0.0..0.04]	[1.0..1.0]	[3015.8..3015.8]	[0.271..0.271]	[0.0..0.035]	0.8313721	[2507.252..2507.252]
Group-1	PC 36:2:0	255.23	20180509_PC_egg_03.mzXML	30.0	3351.4	0.0	0.0	[0.0..0.0]	[1.0..1.0]	[1.0..1.0]	[3351.4..3351.4]	[0.312..0.312]	[0.0..0.04]	[1.0..1.0]	[3351.4..3351.4]	[0.312..0.312]	[0.0..0.035]	0.8313721	[2786.2603..2786.2603]
Group-1	PC 36:2:0	255.23	20180509_PC_egg_03.mzXML	35.0	3899.7	0.0	0.0	[0.0..0.0]	[0.0..1.0]	[1.0..1.0]	[3899.7..3899.7]	[0.313..0.326]	[0.0..0.04]	[1.0..1.0]	[3899.7..3899.7]	[0.313..0.314]	[0.0..0.035]	0.8313721	[3242.1016..3242.1016]
Group-1	PC 36:2:0	279.23	20180509_PC_egg_03.mzXML	25.0	317734.1	0.0	0.0	[9.0..9.0]	[0.0..1.0]	[0.867..0.956]	[275475.47..303753.78]	[0.737..0.751]	[1.0..1.0]	[0.956..0.956]	[303753.78..303753.78]	[0.755..0.755]	[1.0..1.0]	0.8313721	[229022.6..252532.4]
Group-1	PC 36:2:0	279.23	20180509_PC_egg_03.mzXML	30.0	303481.8	0.0	0.0	[9.0..9.0]	[0.0..1.0]	[0.884..0.952]	[268277.94..288914.7]	[0.719..0.731]	[1.0..1.0]	[0.952..0.952]	[288914.7..288914.7]	[0.734..0.734]	[1.0..1.0]	0.8313721	[223038.78..240195.61]
Group-1	PC 36:2:0	279.23	20180509_PC_egg_03.mzXML	35.0	334594.7	0.0	0.0	[9.0..9.0]	[0.0..1.0]	[0.951..0.996]	[318199.53..333256.3]	[0.722..0.729]	[1.0..1.0]	[0.996..0.996]	[333256.3..333256.3]	[0.731..0.731]	[1.0..1.0]	0.8313721	[264542.22..277060.0]
Group-1	PC 36:2:0	281.25	20180509_PC_egg_03.mzXML	25.0	118082.5	0.0	0.0	[9.0..9.0]	[0.5..0.5]	[0.915..0.915]	[108045.49..108045.49]	[0.5..0.5]	[0.5..0.5]	[0.915..0.915]	[108045.49..108045.49]	[0.5..0.5]	[0.5..0.5]	0.8313721	[89826.0..89826.0]
Group-1	PC 36:2:0	281.25	20180509_PC_egg_03.mzXML	30.0	117239.9	0.0	0.0	[9.0..9.0]	[0.5..0.5]	[0.911..0.911]	[106805.55..106805.55]	[0.5..0.5]	[0.5..0.5]	[0.911..0.911]	[106805.55..106805.55]	[0.5..0.5]	[0.5..0.5]	0.8313721	[88795.15..88795.15]
Group-1	PC 36:2:0	281.25	20180509_PC_egg_03.mzXML	35.0	136281.0	0.0	0.0	[9.0..9.0]	[0.5..0.5]	[0.917..0.917]	[124969.68..124969.68]	[0.5..0.5]	[0.5..0.5]	[0.917..0.917]	[124969.68..124969.68]	[0.5..0.5]	[0.5..0.5]	0.8313721	[103896.3..103896.3]
Group-1	PC 36:2:0	283.26	20180509_PC_egg_03.mzXML	25.0	101683.8	0.0	0.0	[0.0..0.0]	[0.0..1.0]	[0.968..0.988]	[98429.914..100463.586]	[0.249..0.263]	[0.0..0.0]	[0.968..0.968]	[98429.914..98429.914]	[0.245..0.245]	[0.0..0.0]	0.8313721	[81831.88..83522.625]
Group-1	PC 36:2:0	283.26	20180509_PC_egg_03.mzXML	30.0	110822.5	0.0	0.0	[0.0..0.0]	[0.0..1.0]	[0.946..0.958]	[104838.086..106167.95]	[0.269..0.281]	[0.0..0.0]	[0.946..0.946]	[104838.086..104838.086]	[0.266..0.266]	[0.0..0.0]	0.8313721	[87159.45..88265.08]
Group-1	PC 36:2:0	283.26	20180509_PC_egg_03.mzXML	35.0	131080.4	0.0	0.0	[0.0..0.0]	[0.0..1.0]	[0.937..0.945]	[122822.336..123870.984]	[0.271..0.278]	[0.0..0.0]	[0.937..0.937]	[122822.336..122822.336]	[0.269..0.269]	[0.0..0.0]	0.8313721	[102111.06..102982.88]
Group-1	PC 36:2:0	307.26	20180509_PC_egg_03.mzXML	25.0	8538.4	0.0	0.0	[11.0..11.0]	[1.0..1.0]	[0.951..0.951]	[8120.019..8120.019]	[0.729..0.729]	[0.96..1.0]	[0.951..0.951]	[8120.0186..8120.0186]	[0.729..0.729]	[0.965..1.0]	0.8313721	[6750.757..6750.757]
Group-1	PC 36:2:0	307.26	20180509_PC_egg_03.mzXML	30.0	8936.1	0.0	0.0	[11.0..11.0]	[0.0..0.0]	[0.826..0.826]	[7381.219..7381.219]	[0.688..0.688]	[0.96..1.0]	[0.826..0.826]	[7381.2183..7381.2183]	[0.688..0.688]	[0.965..1.0]	0.8313721	[6136.5386..6136.5386]
Group-1	PC 36:2:0	307.26	20180509_PC_egg_03.mzXML	35.0	9445.9	0.0	0.0	[11.0..11.0]	[0.0..1.0]	[0.854..0.906]	[8066.799..8557.986]	[0.674..0.687]	[0.96..1.0]	[0.904..0.906]	[8539.094..8557.986]	[0.686..0.687]	[0.965..1.0]	0.8313721	[6706.511..7114.8706]
Group-1	PC 36:3:0	255.23	20180509_PC_egg_03.mzXML	25.0	5240.5	0.0	0.0	[0.0..0.0]	[0.0..1.0]	[1.0..1.0]	[5240.5..5240.5]	[0.202..0.224]	[0.0..0.0]	[1.0..1.0]	[5240.5..5240.5]	[0.202..0.207]	[0.0..0.0]	0.8331026	[4365.874..4365.874]
Group-1	PC 36:3:0	255.23	20180509_PC_egg_03.mzXML	30.0	7289.7	0.0	0.0	[0.0..0.0]	[0.0..1.0]	[1.0..1.0]	[7289.7..7289.7]	[0.224..0.274]	[0.0..0.0]	[1.0..1.0]	[7289.7..7289.7]	[0.224..0.259]	[0.0..0.0]	0.8331026	[6073.068..6073.068]
Group-1	PC 36:3:0	255.23	20180509_PC_egg_03.mzXML	35.0	7506.1	0.0	0.0	[0.0..0.0]	[0.0..0.0]	[1.0..1.0]	[7506.1..7506.1]	[0.228..0.297]	[0.0..0.0]	[1.0..1.0]	[7506.1..7506.1]	[0.228..0.297]	[0.0..0.0]	0.8331026	[6253.3516..6253.3516]
Group-1	PC 36:3:0	277.22	20180509_PC_egg_03.mzXML	25.0	2113.9	0.0	0.0	[6.0..9.0]	[0.0..1.0]	[0.938..1.058]	[1982.838..2236.506]	[0.772..0.789]	[1.0..1.0]	[1.034..1.058]	[2185.7725..2236.506]	[0.788..0.792]	[1.0..1.0]	0.8331026	[1651.9076..1863.2389]
Group-1	PC 36:3:0	277.22	20180509_PC_egg_03.mzXML	30.0	2394.5	0.0	0.0	[6.0..9.0]	[0.0..1.0]	[1.029..1.242]	[2463.941..2973.969]	[0.755..0.786]	[1.0..1.0]	[1.111..1.242]	[2660.2893..2973.969]	[0.768..0.788]	[1.0..1.0]	0.8331026	[2052.7153..2477.6213]
Group-1	PC 36:3:0	277.22	20180509_PC_egg_03.mzXML	35.0	1593.8	0.0	0.0	[6.0..9.0]	[0.0..1.0]	[1.224..1.577]	[1950.811..2513.423]	[0.759..0.801]	[1.0..1.0]	[1.289..1.577]	[2054.4082..2513.4226]	[0.768..0.802]	[1.0..1.0]	0.8331026	[1625.2258..2093.939]
Group-1	PC 36:3:0	279.23	20180509_PC_egg_03.mzXML	25.0	70451.7	0.0	0.0	[9.0..9.0]	[0.0..0.0]	[0.867..0.867]	[61081.625..61081.625]	[0.66..0.66]	[0.9..0.91]	[0.867..0.867]	[61081.625..61081.625]	[0.66..0.66]	[0.898..0.909]	0.8331026	[50887.26..50887.26]
Group-1	PC 36:3:0	279.23	20180509_PC_egg_03.mzXML	30.0	82174.7	0.0	0.0	[9.0..9.0]	[0.0..0.0]	[0.884..0.884]	[72642.44..72642.44]	[0.655..0.655]	[0.9..0.91]	[0.884..0.884]	[72642.44..72642.44]	[0.655..0.655]	[0.898..0.909]	0.8331026	[60518.605..60518.605]
Group-1	PC 36:3:0	279.23	20180509_PC_egg_03.mzXML	35.0	72344.4	0.0	0.0	[9.0..9.0]	[0.0..0.0]	[0.951..0.951]	[68799.52..68799.52]	[0.653..0.653]	[0.9..0.91]	[0.951..0.951]	[68799.52..68799.52]	[0.653..0.653]	[0.898..0.909]	0.8331026	[57317.06..57317.06]
Group-1	PC 36:3:0	281.25	20180509_PC_egg_03.mzXML	25.0	32575.8	0.0	0.0	[9.0..9.0]	[1.0..1.0]	[0.964..0.964]	[31403.072..31403.072]	[0.34..0.34]	[0.09..0.1]	[0.964..0.964]	[31403.072..31403.072]	[0.34..0.34]	[0.091..0.102]	0.8331026	[26161.98..26161.98]
Group-1	PC 36:3:0	281.25	20180509_PC_egg_03.mzXML	30.0	41331.5	0.0	0.0	[9.0..9.0]	[1.0..1.0]	[0.926..0.926]	[38272.97..38272.97]	[0.345..0.345]	[0.09..0.1]	[0.926..0.926]	[38272.97..38272.97]	[0.345..0.345]	[0.091..0.102]	0.8331026	[31885.309..31885.309]
Group-1	PC 36:3:0	281.25	20180509_PC_egg_03.mzXML	35.0	40063.4	0.0	0.0	[9.0..9.0]	[1.0..1.0]	[0.913..0.913]	[36577.883..36577.883]	[0.347..0.347]	[0.09..0.1]	[0.913..0.913]	[36577.883..36577.883]	[0.347..0.347]	[0.091..0.102]	0.8331026	[30473.129..30473.129]
Group-1	PC 36:3:0	283.26	20180509_PC_egg_03.mzXML	25.0	606.4	0.0	0.0	[0.0..0.0]	[0.0..1.0]	[0.968..0.988]	[586.995..599.123]	[0.211..0.228]	[0.0..0.0]	[0.968..0.968]	[586.99524..586.99524]	[0.208..0.212]	[0.0..0.0]	0.8331026	[489.02722..499.13107]
Group-1	PC 36:3:0	283.26	20180509_PC_egg_03.mzXML	30.0	847.3	0.0	0.0	[0.0..0.0]	[0.0..1.0]	[0.946..0.958]	[801.546..811.713]	[0.214..0.245]	[0.0..0.0]	[0.946..0.946]	[801.5458..801.5458]	[0.212..0.232]	[0.0..0.0]	0.8331026	[667.76984..676.24054]
Group-1	PC 36:3:0	283.26	20180509_PC_egg_03.mzXML	35.0	661.5	0.0	0.0	[0.0..0.0]	[0.0..1.0]	[0.937..0.945]	[619.826..625.118]	[0.199..0.241]	[0.0..0.0]	[0.937..0.937]	[619.8255..619.8255]	[0.198..0.232]	[0.0..0.0]	0.8331026	[516.37823..520.787]
Group-1	PC 36:3:0	305.25	20180509_PC_egg_03.mzXML	25.0	20098.9	0.0	0.0	[5.0..11.0]	[0.0..1.0]	[0.903..1.028]	[18149.307..20661.67]	[0.776..0.798]	[1.0..1.0]	[1.001..1.028]	[20119.0..20661.67]	[0.793..0.798]	[1.0..1.0]	0.8331026	[15120.234..17213.29]
Group-1	PC 36:3:0	305.25	20180509_PC_egg_03.mzXML	30.0	20822.4	0.0	0.0	[5.0..11.0]	[0.0..1.0]	[0.927..1.213]	[19302.365..25257.572]	[0.726..0.776]	[1.0..1.0]	[1.003..1.213]	[20884.867..25257.572]	[0.741..0.776]	[1.0..1.0]	0.8331026	[16080.85..21042.148]
Group-1	PC 36:3:0	305.25	20180509_PC_egg_03.mzXML	35.0	16187.3	0.0	0.0	[5.0..11.0]	[1.0..1.0]	[1.1..1.574]	[17806.03..25478.81]	[0.703..0.772]	[1.0..1.0]	[1.1..1.574]	[17806.03..25478.81]	[0.703..0.772]	[1.0..1.0]	0.8331026	[14834.25..21226.463]
Group-1	PC 36:4:0	255.23	20180509_PC_egg_03.mzXML	25.0	32023.9	0.0	0.0	[0.0..0.0]	[0.0..0.0]	[1.0..1.0]	[32023.9..32023.9]	[0.222..0.223]	[0.0..0.0]	[1.0..1.0]	[32023.9..32023.9]	[0.222..0.223]	[0.0..0.0]	0.8348496	[26735.14..26735.14]
Group-1	PC 36:4:0	255.23	20180509_PC_egg_03.mzXML	30.0	34651.1	0.0	0.0	[0.0..0.0]	[0.0..0.0]	[1.0..1.0]	[34651.1..34651.1]	[0.24..0.242]	[0.0..0.0]	[1.0..1.0]	[34651.1..34651.1]	[0.24..0.242]	[0.0..0.0]	0.8348496	[28928.459..28928.459]
Group-1	PC 36:4:0	255.23	20180509_PC_egg_03.mzXML	35.0	33342.9	0.0	0.0	[0.0..0.0]	[0.0..0.0]	[1.0..1.0]	[33342.9..33342.9]	[0.269..0.273]	[0.0..0.0]	[1.0..1.0]	[33342.9..33342.9]	[0.269..0.273]	[0.0..0.0]	0.8348496	[27836.305..27836.305]
Group-1	PC 36:4:0	277.22	20180509_PC_egg_03.mzXML	25.0	1129.9	0.0	0.0	[6.0..9.0]	[0.0..0.0]	[0.938..0.943]	[1059.846..1065.496]	[0.486..0.487]	[0.15..0.47]	[0.855..0.88]	[966.0645..994.312]	[0.463..0.47]	[0.152..0.468]	0.8348496	[884.8122..889.5287]
Group-1	PC 36:4:0	277.22	20180509_PC_egg_03.mzXML	30.0	615.7	0.0	0.0	[6.0..9.0]	[0.0..0.0]	[1.029..1.131]	[633.555..696.357]	[0.366..0.388]	[0.15..0.47]	[1.001..1.098]	[616.31573..676.03864]	[0.359..0.381]	[0.152..0.468]	0.8348496	[528.9234..581.35315]
Group-1	PC 36:4:0	277.22	20180509_PC_egg_03.mzXML	35.0	461.4	0.0	0.0	[6.0..9.0]	[0.0..0.0]	[1.224..1.47]	[564.754..678.258]	[0.413..0.458]	[0.15..0.47]	[1.217..1.486]	[561.5238..685.6404]	[0.412..0.461]	[0.152..0.468]	0.8348496	[471.48428..566.2434]
Group-1	PC 36:4:0	279.23	20180509_PC_egg_03.mzXML	25.0	20182.1	0.0	0.0	[9.0..9.0]	[0.5..0.5]	[0.916..0.916]	[18486.803..18486.803]	[0.5..0.5]	[0.5..0.5]	[0.916..0.916]	[18486.803..18486.803]	[0.5..0.5]	[0.5..0.5]	0.8348496	[15433.7..15433.7]
Group-1	PC 36:4:0	279.23	20180509_PC_egg_03.mzXML	30.0	21023.3	0.0	0.0	[9.0..9.0]	[0.5..0.5]	[0.945..0.945]	[19867.02..19867.02]	[0.5..0.5]	[0.5..0.5]	[0.945..0.945]	[19867.02..19867.02]	[0.5..0.5]	[0.5..0.5]	0.8348496	[16585.973..16585.973]
Group-1	PC 36:4:0	279.23	20180509_PC_egg_03.mzXML	35.0	17553.0	0.0	0.0	[9.0..9.0]	[0.5..0.5]	[1.005..1.005]	[17640.766..17640.766]	[0.5..0.5]	[0.5..0.5]	[1.005..1.005]	[17640.766..17640.766]	[0.5..0.5]	[0.5..0.5]	0.8348496	[14727.386..14727.386]
Group-1	PC 36:4:0	281.25	20180509_PC_egg_03.mzXML	25.0	1164.4	0.0	0.0	[9.0..9.0]	[1.0..1.0]	[0.964..0.964]	[1122.482..1122.482]	[0.513..0.514]	[0.53..0.85]	[0.964..0.964]	[1122.4816..1122.4816]	[0.53..0.537]	[0.532..0.848]	0.8348496	[937.10333..937.10333]
Group-1	PC 36:4:0	281.25	20180509_PC_egg_03.mzXML	30.0	1186.8	0.0	0.0	[9.0..9.0]	[1.0..1.0]	[0.926..0.926]	[1098.977..1098.977]	[0.612..0.634]	[0.53..0.85]	[0.926..0.926]	[1098.9768..1098.9768]	[0.619..0.641]	[0.532..0.848]	0.8348496	[917.4804..917.4804]
Group-1	PC 36:4:0	281.25	20180509_PC_egg_03.mzXML	35.0	878.2	0.0	0.0	[9.0..9.0]	[1.0..1.0]	[0.913..0.913]	[801.797..801.797]	[0.542..0.587]	[0.53..0.85]	[0.913..0.913]	[801.7966..801.7966]	[0.539..0.588]	[0.532..0.848]	0.8348496	[669.3796..669.3796]
Group-1	PC 36:4:0	303.23	20180509_PC_egg_03.mzXML	25.0	93843.7	4742.5	0.050536156	[5.2..5.2]	[1.0..1.0]	[1.192..1.198]	[111861.695..112424.75]	[0.777..0.778]	[1.0..1.0]	[1.192..1.198]	[111861.695..112424.75]	[0.777..0.778]	[1.0..1.0]	0.8348496	[93387.69..93857.76]
Group-1	PC 36:4:0	303.23	20180509_PC_egg_03.mzXML	30.0	66426.6	5531.2	0.083267845	[5.1..5.2]	[1.0..1.0]	[1.634..1.656]	[108541.06..110002.45]	[0.758..0.76]	[1.0..1.0]	[1.634..1.656]	[108541.06..110002.45]	[0.758..0.76]	[1.0..1.0]	0.8348496	[90615.46..91835.51]
Group-1	PC 36:4:0	303.23	20180509_PC_egg_03.mzXML	35.0	34814.0	4343.5	0.12476303	[5.0..5.0]	[1.0..1.0]	[2.548..2.6]	[88706.08..90516.4]	[0.727..0.731]	[1.0..1.0]	[2.548..2.6]	[88706.08..90516.4]	[0.727..0.731]	[1.0..1.0]	0.8348496	[74056.23..75567.58]
Group-1	PC 36:5:0	253.22	20180509_PC_egg_03.mzXML	25.0	0.0	0.0	0.0	[9.0..9.0]	[0.0..0.39999998]	[0.902..0.934]	[0.0..0.0]	[0.0..0.0]	[0.0..0.25]	[0.902..0.91]	[0.0..0.0]	[0.0..0.0]	[0.0..0.249]	0.83659583	[0.0..0.0]
Group-1	PC 36:5:0	253.22	20180509_PC_egg_03.mzXML	30.0	429.4	0.0	0.0	[9.0..9.0]	[0.0..0.39999998]	[0.912..0.935]	[391.613..401.489]	[0.17..0.215]	[0.0..0.25]	[0.912..0.918]	[391.6128..394.18918]	[0.167..0.211]	[0.0..0.249]	0.83659583	[327.62164..335.88403]
Group-1	PC 36:5:0	253.22	20180509_PC_egg_03.mzXML	35.0	437.3	0.0	0.0	[9.0..9.0]	[0.0..0.0]	[0.935..0.935]	[408.876..408.876]	[0.323..0.406]	[0.0..0.25]	[0.935..0.935]	[408.8755..408.8755]	[0.323..0.414]	[0.0..0.249]	0.83659583	[342.06354..342.06354]
Group-1	PC 36:5:0	277.22	20180509_PC_egg_03.mzXML	25.0	366.6	0.0	0.0	[6.0..9.0]	[0.0..0.0]	[0.938..0.943]	[343.871..345.704]	[0.159..0.16]	[0.0..0.0]	[0.938..0.943]	[343.87082..345.70383]	[0.159..0.16]	[0.0..0.0]	0.83659583	[287.6809..289.2144]
Group-1	PC 36:5:0	277.22	20180509_PC_egg_03.mzXML	30.0	354.0	0.0	0.0	[6.0..9.0]	[0.0..0.0]	[1.029..1.131]	[364.266..400.374]	[0.156..0.169]	[0.0..0.0]	[1.029..1.131]	[364.26602..400.37402]	[0.156..0.169]	[0.0..0.0]	0.83659583	[304.74344..334.95123]
Group-1	PC 36:5:0	277.22	20180509_PC_egg_03.mzXML	35.0	0.0	0.0	0.0	[6.0..9.0]	[0.0..0.0]	[1.224..1.47]	[0.0..0.0]	[0.0..0.0]	[0.0..0.0]	[1.224..1.47]	[0.0..0.0]	[0.0..0.0]	[0.0..0.0]	0.83659583	[0.0..0.0]
Group-1	PC 36:5:0	279.23	20180509_PC_egg_03.mzXML	25.0	1903.8	0.0	0.0	[9.0..9.0]	[1.0..1.0]	[0.956..0.956]	[1820.033..1820.033]	[0.84..0.841]	[1.0..1.0]	[0.956..0.956]	[1820.0328..1820.0328]	[0.84..0.841]	[1.0..1.0]	0.83659583	[1522.6318..1522.6318]
Group-1	PC 36:5:0	279.23	20180509_PC_egg_03.mzXML	30.0	2071.4	0.0	0.0	[9.0..9.0]	[1.0..1.0]	[0.952..0.952]	[1971.973..1971.973]	[0.831..0.844]	[1.0..1.0]	[0.952..0.952]	[1971.9728..1971.9728]	[0.831..0.844]	[1.0..1.0]	0.83659583	[1649.7443..1649.7443]
Group-1	PC 36:5:0	279.23	20180509_PC_egg_03.mzXML	35.0	1848.8	0.0	0.0	[9.0..9.0]	[1.0..1.0]	[0.996..0.996]	[1841.405..1841.405]	[1.0..1.0]	[1.0..1.0]	[0.996..0.996]	[1841.4048..1841.4048]	[1.0..1.0]	[1.0..1.0]	0.83659583	[1540.5116..1540.5116]
Group-1	PC 36:5:0	303.23	20180509_PC_egg_03.mzXML	25.0	1401.2	0.0	0.0	[5.0..8.0]	[0.6..1.0]	[0.927..1.198]	[1298.912..1678.638]	[1.0..1.0]	[0.75..1.0]	[0.977..1.198]	[1368.9723..1678.6375]	[1.0..1.0]	[0.751..1.0]	0.83659583	[1086.6647..1404.3411]
Group-1	PC 36:5:0	303.23	20180509_PC_egg_03.mzXML	30.0	1184.6	0.0	0.0	[5.0..8.0]	[0.6..1.0]	[1.204..1.656]	[1426.258..1961.698]	[0.785..0.83]	[0.75..1.0]	[1.239..1.656]	[1467.7194..1961.6976]	[0.789..0.833]	[0.751..1.0]	0.83659583	[1193.2018..1641.1481]
Group-1	PC 36:5:0	303.23	20180509_PC_egg_03.mzXML	35.0	329.3	0.0	0.0	[5.0..8.0]	[1.0..1.0]	[1.814..2.6]	[597.35..856.18]	[0.594..0.677]	[0.75..1.0]	[1.756..2.6]	[578.2508..856.17993]	[0.586..0.677]	[0.751..1.0]	0.83659583	[499.74066..716.27655]
Group-1	PC 38:2:0	281.25	20180509_PC_egg_03.mzXML	25.0	2125.6	0.0	0.0	[9.0..9.0]	[0.0..0.0]	[0.87..0.87]	[1849.272..1849.272]	[1.0..1.0]	[1.0..1.0]	[0.87..0.87]	[1849.2721..1849.2721]	[1.0..1.0]	[1.0..1.0]	0.8080254	[1494.2589..1494.2589]
Group-1	PC 38:2:0	281.25	20180509_PC_egg_03.mzXML	30.0	2232.5	0.0	0.0	[9.0..9.0]	[0.0..0.0]	[0.856..0.856]	[1911.02..1911.02]	[0.71..0.71]	[1.0..1.0]	[0.856..0.856]	[1911.02..1911.02]	[0.71..0.71]	[1.0..1.0]	0.8080254	[1544.1527..1544.1527]
Group-1	PC 38:2:0	281.25	20180509_PC_egg_03.mzXML	35.0	1736.5	0.0	0.0	[9.0..9.0]	[0.0..0.0]	[0.868..0.868]	[1507.282..1507.282]	[1.0..1.0]	[1.0..1.0]	[0.868..0.868]	[1507.282..1507.282]	[1.0..1.0]	[1.0..1.0]	0.8080254	[1217.9221..1217.9221]
Group-1	PC 38:2:0	283.26	20180509_PC_egg_03.mzXML	25.0	743.6	0.0	0.0	[0.0..0.0]	[0.0..0.0]	[0.968..0.968]	[719.805..719.805]	[0.285..0.285]	[0.0..0.06]	[0.968..0.968]	[719.80475..719.80475]	[0.285..0.285]	[0.0..0.059]	0.8080254	[581.62054..581.62054]
Group-1	PC 38:2:0	283.26	20180509_PC_egg_03.mzXML	30.0	926.2	0.0	0.0	[0.0..0.0]	[0.0..0.0]	[0.946..0.946]	[876.185..876.185]	[0.329..0.329]	[0.0..0.06]	[0.946..0.946]	[876.1852..876.1852]	[0.329..0.329]	[0.0..0.059]	0.8080254	[707.97986..707.97986]
Group-1	PC 38:2:0	283.26	20180509_PC_egg_03.mzXML	35.0	847.2	0.0	0.0	[0.0..0.0]	[0.0..0.0]	[0.937..0.937]	[793.826..793.826]	[0.335..0.335]	[0.0..0.06]	[0.937..0.937]	[793.8264..793.8264]	[0.335..0.335]	[0.0..0.059]	0.8080254	[641.4319..641.4319]
Group-1	PC 38:2:0	307.26	20180509_PC_egg_03.mzXML	25.0	1897.3	0.0	0.0	[11.0..11.0]	[1.0..1.0]	[0.951..0.951]	[1804.332..1804.332]	[0.715..0.715]	[0.94..1.0]	[0.951..0.951]	[1804.3323..1804.3323]	[0.715..0.715]	[0.941..1.0]	0.8080254	[1457.9463..1457.9463]
Group-1	PC 38:2:0	307.26	20180509_PC_egg_03.mzXML	30.0	1983.7	0.0	0.0	[11.0..11.0]	[1.0..1.0]	[0.9..0.9]	[1785.33..1785.33]	[0.671..0.671]	[0.94..1.0]	[0.9..0.9]	[1785.33..1785.33]	[0.671..0.671]	[0.941..1.0]	0.8080254	[1442.5919..1442.5919]
Group-1	PC 38:2:0	307.26	20180509_PC_egg_03.mzXML	35.0	1739.2	0.0	0.0	[11.0..11.0]	[1.0..1.0]	[0.906..0.906]	[1575.715..1575.715]	[0.665..0.665]	[0.94..1.0]	[0.906..0.906]	[1575.7152..1575.7152]	[0.665..0.665]	[0.941..1.0]	0.8080254	[1273.2179..1273.2179]
Group-1	PC 38:2:0	309.28	20180509_PC_egg_03.mzXML	25.0	0.0	0.0	0.0	[11.0..11.0]	[1.0..1.0]	[0.964..0.964]	[0.0..0.0]	[0.0..0.0]	[0.0..0.0]	[0.964..0.964]	[0.0..0.0]	[0.0..0.0]	[0.0..0.0]	0.8080254	[0.0..0.0]
Group-1	PC 38:2:0	309.28	20180509_PC_egg_03.mzXML	30.0	873.4	0.0	0.0	[11.0..11.0]	[1.0..1.0]	[0.894..0.894]	[780.82..780.82]	[0.29..0.29]	[0.0..0.0]	[0.894..0.894]	[780.81964..780.81964]	[0.29..0.29]	[0.0..0.0]	0.8080254	[630.9221..630.9221]
Group-1	PC 38:2:0	309.28	20180509_PC_egg_03.mzXML	35.0	0.0	0.0	0.0	[11.0..11.0]	[1.0..1.0]	[0.861..0.861]	[0.0..0.0]	[0.0..0.0]	[0.0..0.0]	[0.861..0.861]	[0.0..0.0]	[0.0..0.0]	[0.0..0.0]	0.8080254	[0.0..0.0]
Group-1	PC 38:3:0	255.23	20180509_PC_egg_03.mzXML	25.0	103.1	0.0	0.0	[0.0..0.0]	[0.0..0.0]	[1.0..1.0]	[103.1..103.1]	[1.0..1.0]	[0.5..1.0]	[1.0..1.0]	[103.1..103.1]	[1.0..1.0]	[0.5..1.0]	0.80966043	[83.47599..83.47599]
Group-1	PC 38:3:0	255.23	20180509_PC_egg_03.mzXML	30.0	0.0	0.0	0.0	[0.0..0.0]	[1.0..1.0]	[1.0..1.0]	[0.0..0.0]	[0.5..0.5]	[0.5..1.0]	[1.0..1.0]	[0.0..0.0]	[0.5..0.5]	[0.5..1.0]	0.80966043	[0.0..0.0]
Group-1	PC 38:3:0	255.23	20180509_PC_egg_03.mzXML	35.0	102.2	0.0	0.0	[0.0..0.0]	[0.0..0.0]	[1.0..1.0]	[102.2..102.2]	[1.0..1.0]	[0.5..1.0]	[1.0..1.0]	[102.2..102.2]	[1.0..1.0]	[0.5..1.0]	0.80966043	[82.74729..82.74729]
Group-1	PC 38:3:0	279.23	20180509_PC_egg_03.mzXML	25.0	2035.0	0.0	0.0	[9.0..9.0]	[0.0..0.0]	[0.867..0.867]	[1764.345..1764.345]	[0.816..0.816]	[1.0..1.0]	[0.867..0.867]	[1764.345..1764.345]	[0.816..0.816]	[1.0..1.0]	0.80966043	[1428.5203..1428.5203]
Group-1	PC 38:3:0	279.23	20180509_PC_egg_03.mzXML	30.0	2196.4	0.0	0.0	[9.0..9.0]	[1.0..1.0]	[0.952..0.952]	[2090.973..2090.973]	[1.0..1.0]	[1.0..1.0]	[0.952..0.952]	[2090.9727..2090.9727]	[1.0..1.0]	[1.0..1.0]	0.80966043	[1692.9779..1692.9779]
Group-1	PC 38:3:0	279.23	20180509_PC_egg_03.mzXML	35.0	2088.7	0.0	0.0	[9.0..9.0]	[0.0..1.0]	[0.951..0.996]	[1986.354..2080.345]	[0.807..0.809]	[1.0..1.0]	[0.996..0.996]	[2080.3452..2080.3452]	[0.816..0.816]	[1.0..1.0]	0.80966043	[1608.2719..1684.3732]
Group-1	PC 38:3:0	281.25	20180509_PC_egg_03.mzXML	25.0	2481.1	0.0	0.0	[9.0..9.0]	[0.0..1.0]	[0.87..0.964]	[2158.557..2391.781]	[0.622..0.624]	[0.8..1.0]	[0.945..0.964]	[2344.6396..2391.7805]	[0.642..0.643]	[0.804..1.0]	0.80966043	[1747.6984..1936.53]
Group-1	PC 38:3:0	281.25	20180509_PC_egg_03.mzXML	30.0	2878.2	0.0	0.0	[9.0..9.0]	[1.0..1.0]	[0.926..0.926]	[2665.213..2665.213]	[0.693..0.693]	[0.8..1.0]	[0.926..0.926]	[2665.2131..2665.2131]	[0.693..0.693]	[0.804..1.0]	0.80966043	[2157.9175..2157.9175]
Group-1	PC 38:3:0	281.25	20180509_PC_egg_03.mzXML	35.0	2199.2	0.0	0.0	[9.0..9.0]	[0.0..0.0]	[0.868..0.868]	[1908.906..1908.906]	[0.659..0.659]	[0.8..1.0]	[0.868..0.868]	[1908.9055..1908.9055]	[0.659..0.659]	[0.804..1.0]	0.80966043	[1545.5653..1545.5653]
Group-1	PC 38:3:0	283.26	20180509_PC_egg_03.mzXML	25.0	3268.9	0.0	0.0	[0.0..0.0]	[0.0..1.0]	[0.968..0.988]	[3164.295..3229.673]	[0.205..0.223]	[0.0..0.0]	[0.968..0.968]	[3164.2952..3164.2952]	[0.202..0.206]	[0.0..0.0]	0.80966043	[2562.0046..2614.9385]
Group-1	PC 38:3:0	283.26	20180509_PC_egg_03.mzXML	30.0	3877.5	0.0	0.0	[0.0..0.0]	[0.0..1.0]	[0.946..0.958]	[3668.115..3714.645]	[0.184..0.226]	[0.0..0.0]	[0.946..0.946]	[3668.115..3668.115]	[0.182..0.212]	[0.0..0.0]	0.80966043	[2969.9275..3007.601]
Group-1	PC 38:3:0	283.26	20180509_PC_egg_03.mzXML	35.0	4404.9	0.0	0.0	[0.0..0.0]	[0.0..0.0]	[0.937..0.937]	[4127.391..4127.391]	[0.208..0.273]	[0.0..0.0]	[0.937..0.937]	[4127.391..4127.391]	[0.208..0.273]	[0.0..0.0]	0.80966043	[3341.7852..3341.7852]
Group-1	PC 38:3:0	305.25	20180509_PC_egg_03.mzXML	25.0	12185.0	0.0	0.0	[5.0..11.0]	[0.0..1.0]	[0.903..1.028]	[11003.055..12526.18]	[0.777..0.795]	[1.0..1.0]	[1.001..1.028]	[12197.186..12526.18]	[0.794..0.798]	[1.0..1.0]	0.80966043	[8908.738..10141.952]
Group-1	PC 38:3:0	305.25	20180509_PC_egg_03.mzXML	30.0	13561.6	0.0	0.0	[5.0..11.0]	[0.0..1.0]	[0.927..1.213]	[12571.603..16450.22]	[0.774..0.816]	[1.0..1.0]	[1.003..1.213]	[13602.285..16450.22]	[0.788..0.818]	[1.0..1.0]	0.80966043	[10178.7295..13319.094]
Group-1	PC 38:3:0	305.25	20180509_PC_egg_03.mzXML	35.0	9985.4	0.0	0.0	[5.0..11.0]	[1.0..1.0]	[1.1..1.574]	[10983.94..15717.021]	[0.727..0.792]	[1.0..1.0]	[1.1..1.574]	[10983.94..15717.0205]	[0.727..0.792]	[1.0..1.0]	0.80966043	[8893.263..12725.449]
Group-1	PC 38:3:0	307.26	20180509_PC_egg_03.mzXML	25.0	1531.0	0.0	0.0	[11.0..11.0]	[0.0..1.0]	[0.851..0.951]	[1302.881..1455.981]	[0.376..0.378]	[0.0..0.2]	[0.851..0.871]	[1302.881..1333.501]	[0.357..0.358]	[0.0..0.196]	0.80966043	[1054.8912..1178.8501]
Group-1	PC 38:3:0	307.26	20180509_PC_egg_03.mzXML	30.0	1432.3	0.0	0.0	[11.0..11.0]	[0.0..0.0]	[0.826..0.826]	[1183.08..1183.08]	[0.307..0.307]	[0.0..0.2]	[0.826..0.826]	[1183.0798..1183.0798]	[0.307..0.307]	[0.0..0.196]	0.80966043	[957.8929..957.8929]
Group-1	PC 38:3:0	307.26	20180509_PC_egg_03.mzXML	35.0	1089.7	0.0	0.0	[11.0..11.0]	[1.0..1.0]	[0.906..0.906]	[987.268..987.268]	[0.341..0.341]	[0.0..0.2]	[0.906..0.906]	[987.2682..987.2682]	[0.341..0.341]	[0.0..0.196]	0.80966043	[799.352..799.352]
Group-1	PC 38:3:0	309.28	20180509_PC_egg_03.mzXML	25.0	412.5	0.0	0.0	[11.0..11.0]	[1.0..1.0]	[0.964..0.964]	[397.65..397.65]	[0.184..0.184]	[0.0..0.0]	[0.964..0.964]	[397.65..397.65]	[0.184..0.184]	[0.0..0.0]	0.80966043	[321.96146..321.96146]
Group-1	PC 38:3:0	309.28	20180509_PC_egg_03.mzXML	30.0	0.0	0.0	0.0	[11.0..11.0]	[0.0..0.0]	[0.822..0.822]	[0.0..0.0]	[0.0..0.0]	[0.0..0.0]	[0.822..0.822]	[0.0..0.0]	[0.0..0.0]	[0.0..0.0]	0.80966043	[0.0..0.0]
Group-1	PC 38:3:0	309.28	20180509_PC_egg_03.mzXML	35.0	577.0	0.0	0.0	[11.0..11.0]	[0.0..1.0]	[0.812..0.861]	[468.524..496.797]	[0.191..0.193]	[0.0..0.0]	[0.812..0.812]	[468.524..468.524]	[0.184..0.184]	[0.0..0.0]	0.80966043	[379.34534..402.23688]
Group-1	PC 38:3:0	333.28	20180509_PC_egg_03.mzXML	25.0	0.0	0.0	0.0	[13.0..13.0]	[1.0..1.0]	[0.989..0.989]	[0.0..0.0]	[0.0..0.0]	[0.0..0.0]	[0.989..0.989]	[0.0..0.0]	[0.0..0.0]	[0.0..0.0]	0.80966043	[0.0..0.0]
Group-1	PC 38:3:0	333.28	20180509_PC_egg_03.mzXML	30.0	0.0	0.0	0.0	[13.0..13.0]	[0.0..0.0]	[0.868..0.868]	[0.0..0.0]	[0.0..0.0]	[0.0..0.0]	[0.868..0.868]	[0.0..0.0]	[0.0..0.0]	[0.0..0.0]	0.80966043	[0.0..0.0]
Group-1	PC 38:3:0	333.28	20180509_PC_egg_03.mzXML	35.0	0.0	0.0	0.0	[13.0..13.0]	[1.0..1.0]	[0.994..0.994]	[0.0..0.0]	[0.0..0.0]	[0.0..0.0]	[0.994..0.994]	[0.0..0.0]	[0.0..0.0]	[0.0..0.0]	0.80966043	[0.0..0.0]
Group-1	PC 38:4:0	255.23	20180509_PC_egg_03.mzXML	25.0	2237.0	0.0	0.0	[0.0..0.0]	[0.0..1.0]	[1.0..1.0]	[2237.0..2237.0]	[0.266..0.291]	[0.0..0.09]	[1.0..1.0]	[2237.0..2237.0]	[0.266..0.281]	[0.0..0.086]	0.81129444	[1814.8656..1814.8656]
Group-1	PC 38:4:0	255.23	20180509_PC_egg_03.mzXML	30.0	2937.5	0.0	0.0	[0.0..0.0]	[0.0..1.0]	[1.0..1.0]	[2937.5..2937.5]	[0.273..0.312]	[0.0..0.09]	[1.0..1.0]	[2937.5..2937.5]	[0.273..0.304]	[0.0..0.086]	0.81129444	[2383.1775..2383.1775]
Group-1	PC 38:4:0	255.23	20180509_PC_egg_03.mzXML	35.0	2769.1	0.0	0.0	[0.0..0.0]	[0.0..0.6]	[1.0..1.0]	[2769.1..2769.1]	[0.286..0.345]	[0.0..0.09]	[1.0..1.0]	[2769.1..2769.1]	[0.286..0.337]	[0.0..0.086]	0.81129444	[2246.5554..2246.5554]
Group-1	PC 38:4:0	279.23	20180509_PC_egg_03.mzXML	25.0	1900.5	0.0	0.0	[9.0..9.0]	[0.0..0.0]	[0.867..0.867]	[1647.734..1647.734]	[0.789..0.789]	[1.0..1.0]	[0.867..0.867]	[1647.7335..1647.7335]	[0.789..0.789]	[1.0..1.0]	0.81129444	[1336.797..1336.797]
Group-1	PC 38:4:0	279.23	20180509_PC_egg_03.mzXML	30.0	2146.7	0.0	0.0	[9.0..9.0]	[0.0..0.0]	[0.884..0.884]	[1897.683..1897.683]	[0.749..0.749]	[1.0..1.0]	[0.884..0.884]	[1897.6827..1897.6827]	[0.749..0.749]	[1.0..1.0]	0.81129444	[1539.5795..1539.5795]
Group-1	PC 38:4:0	279.23	20180509_PC_egg_03.mzXML	35.0	1521.7	0.0	0.0	[9.0..9.0]	[0.0..0.0]	[0.951..0.951]	[1447.137..1447.137]	[0.701..0.701]	[1.0..1.0]	[0.951..0.951]	[1447.1366..1447.1366]	[0.701..0.701]	[1.0..1.0]	0.81129444	[1174.054..1174.054]
Group-1	PC 38:4:0	281.25	20180509_PC_egg_03.mzXML	25.0	1250.7	0.0	0.0	[9.0..9.0]	[0.8..1.0]	[0.945..0.964]	[1181.912..1205.675]	[0.336..0.347]	[0.0..0.12]	[0.945..0.947]	[1181.9115..1184.4128]	[0.304..0.324]	[0.0..0.119]	0.81129444	[958.8782..978.1572]
Group-1	PC 38:4:0	281.25	20180509_PC_egg_03.mzXML	30.0	1370.2	0.0	0.0	[9.0..9.0]	[0.0..1.0]	[0.856..0.926]	[1172.891..1268.805]	[0.253..0.29]	[0.0..0.12]	[0.856..0.864]	[1172.8911..1183.8528]	[0.24..0.282]	[0.0..0.119]	0.81129444	[951.5601..1029.3746]
Group-1	PC 38:4:0	281.25	20180509_PC_egg_03.mzXML	35.0	1200.6	0.0	0.0	[9.0..9.0]	[0.0..0.3]	[0.868..0.881]	[1042.121..1057.729]	[0.24..0.316]	[0.0..0.12]	[0.868..0.87]	[1042.1207..1044.522]	[0.237..0.311]	[0.0..0.119]	0.81129444	[845.4668..858.12933]
Group-1	PC 38:4:0	283.26	20180509_PC_egg_03.mzXML	25.0	46267.7	0.0	0.0	[0.0..0.0]	[0.0..0.0]	[0.968..0.968]	[44787.133..44787.133]	[0.224..0.227]	[0.0..0.0]	[0.968..0.968]	[44787.133..44787.133]	[0.224..0.227]	[0.0..0.0]	0.81129444	[36335.55..36335.55]
Group-1	PC 38:4:0	283.26	20180509_PC_egg_03.mzXML	30.0	55157.6	0.0	0.0	[0.0..0.0]	[0.0..0.0]	[0.946..0.946]	[52179.09..52179.09]	[0.244..0.251]	[0.0..0.0]	[0.946..0.946]	[52179.09..52179.09]	[0.244..0.251]	[0.0..0.0]	0.81129444	[42332.605..42332.605]
Group-1	PC 38:4:0	283.26	20180509_PC_egg_03.mzXML	35.0	52729.9	0.0	0.0	[0.0..0.0]	[0.0..0.0]	[0.937..0.937]	[49407.914..49407.914]	[0.256..0.268]	[0.0..0.0]	[0.937..0.937]	[49407.914..49407.914]	[0.256..0.268]	[0.0..0.0]	0.81129444	[40084.363..40084.363]
Group-1	PC 38:4:0	303.23	20180509_PC_egg_03.mzXML	25.0	129236.9	5975.7	0.046238344	[5.6..5.6]	[1.0..1.0]	[1.182..1.198]	[152758.02..154825.8]	[0.773..0.776]	[1.0..1.0]	[1.182..1.198]	[152758.02..154825.8]	[0.773..0.776]	[1.0..1.0]	0.81129444	[123931.734..125609.31]
Group-1	PC 38:4:0	303.23	20180509_PC_egg_03.mzXML	30.0	97617.3	8841.8	0.09057616	[5.0..5.0]	[1.0..1.0]	[1.592..1.656]	[155406.73..161654.25]	[0.749..0.756]	[1.0..1.0]	[1.592..1.656]	[155406.73..161654.25]	[0.749..0.756]	[1.0..1.0]	0.81129444	[126080.62..131149.19]
Group-1	PC 38:4:0	303.23	20180509_PC_egg_03.mzXML	35.0	55219.5	6453.3	0.11686632	[5.1..5.2]	[1.0..1.0]	[2.443..2.6]	[134901.25..143570.69]	[0.732..0.744]	[1.0..1.0]	[2.443..2.6]	[134901.25..143570.69]	[0.732..0.744]	[1.0..1.0]	0.81129444	[109444.625..116478.11]
Group-1	PC 38:4:0	305.25	20180509_PC_egg_03.mzXML	25.0	2643.3	0.0	0.0	[5.0..11.0]	[0.0..0.2]	[0.843..0.903]	[2228.302..2386.9]	[0.653..0.664]	[0.88..1.0]	[0.931..1.028]	[2460.9124..2717.3125]	[0.676..0.696]	[0.881..1.0]	0.81129444	[1807.809..1936.4786]
Group-1	PC 38:4:0	305.25	20180509_PC_egg_03.mzXML	30.0	3091.6	0.0	0.0	[5.0..11.0]	[0.0..1.0]	[0.927..1.213]	[2865.913..3750.111]	[0.71..0.747]	[0.88..1.0]	[0.964..1.213]	[2980.3025..3750.111]	[0.718..0.76]	[0.881..1.0]	0.81129444	[2325.0996..3042.4443]
Group-1	PC 38:4:0	305.25	20180509_PC_egg_03.mzXML	35.0	2130.7	0.0	0.0	[5.0..11.0]	[0.7..1.0]	[1.06..1.574]	[2258.542..3353.722]	[0.684..0.76]	[0.88..1.0]	[1.082..1.574]	[2305.4175..3353.7217]	[0.689..0.763]	[0.881..1.0]	0.81129444	[1832.3424..2720.8557]
Group-1	PC 38:4:0	307.26	20180509_PC_egg_03.mzXML	25.0	463.3	0.0	0.0	[11.0..11.0]	[1.0..1.0]	[0.951..0.951]	[440.598..440.598]	[0.211..0.211]	[0.0..0.0]	[0.951..0.951]	[440.59827..440.59827]	[0.211..0.211]	[0.0..0.0]	0.81129444	[357.45493..357.45493]
Group-1	PC 38:4:0	307.26	20180509_PC_egg_03.mzXML	30.0	707.4	0.0	0.0	[11.0..11.0]	[1.0..1.0]	[0.9..0.9]	[636.66..636.66]	[0.251..0.251]	[0.0..0.0]	[0.9..0.9]	[636.66003..636.66003]	[0.251..0.251]	[0.0..0.0]	0.81129444	[516.51874..516.51874]
Group-1	PC 38:4:0	307.26	20180509_PC_egg_03.mzXML	35.0	680.4	0.0	0.0	[11.0..11.0]	[1.0..1.0]	[0.906..0.906]	[616.442..616.442]	[0.299..0.299]	[0.0..0.0]	[0.906..0.906]	[616.44244..616.44244]	[0.299..0.299]	[0.0..0.0]	0.81129444	[500.11633..500.11633]
Group-1	PC 38:4:0	331.26	20180509_PC_egg_03.mzXML	25.0	5888.4	0.0	0.0	[7.0..10.0]	[0.0..1.0]	[0.926..1.047]	[5452.658..6165.155]	[0.709..0.734]	[0.91..1.0]	[0.972..1.047]	[5723.525..6165.155]	[0.719..0.734]	[0.914..1.0]	0.81129444	[4423.7114..5001.756]
Group-1	PC 38:4:0	331.26	20180509_PC_egg_03.mzXML	30.0	6275.3	0.0	0.0	[7.0..10.0]	[0.0..1.0]	[1.03..1.246]	[6463.559..7819.024]	[0.688..0.727]	[0.91..1.0]	[1.07..1.246]	[6714.5713..7819.024]	[0.696..0.727]	[0.914..1.0]	0.81129444	[5243.849..6343.5303]
Group-1	PC 38:4:0	331.26	20180509_PC_egg_03.mzXML	35.0	4044.6	0.0	0.0	[7.0..10.0]	[0.4..1.0]	[1.3..1.712]	[5257.98..6924.356]	[0.655..0.714]	[0.91..1.0]	[1.348..1.712]	[5452.121..6924.3555]	[0.663..0.714]	[0.914..1.0]	0.81129444	[4265.77..5617.691]
Group-1	PC 38:5:0	255.23	20180509_PC_egg_03.mzXML	25.0	13762.3	0.0	0.0	[0.0..0.0]	[0.0..0.0]	[1.0..1.0]	[13762.3..13762.3]	[0.215..0.218]	[0.0..0.0]	[1.0..1.0]	[13762.3..13762.3]	[0.215..0.218]	[0.0..0.0]	0.81293565	[11187.864..11187.864]
Group-1	PC 38:5:0	255.23	20180509_PC_egg_03.mzXML	30.0	18380.2	0.0	0.0	[0.0..0.0]	[0.0..0.0]	[1.0..1.0]	[18380.2..18380.2]	[0.257..0.263]	[0.0..0.0]	[1.0..1.0]	[18380.2..18380.2]	[0.257..0.263]	[0.0..0.0]	0.81293565	[14941.919..14941.919]
Group-1	PC 38:5:0	255.23	20180509_PC_egg_03.mzXML	35.0	18204.6	0.0	0.0	[0.0..0.0]	[0.0..0.0]	[1.0..1.0]	[18204.6..18204.6]	[0.261..0.27]	[0.0..0.0]	[1.0..1.0]	[18204.6..18204.6]	[0.261..0.27]	[0.0..0.0]	0.81293565	[14799.168..14799.168]
Group-1	PC 38:5:0	281.25	20180509_PC_egg_03.mzXML	25.0	3794.2	0.0	0.0	[9.0..9.0]	[0.0..0.0]	[0.87..0.87]	[3300.954..3300.954]	[0.204..0.215]	[0.0..0.12]	[0.87..0.87]	[3300.9539..3300.9539]	[0.204..0.228]	[0.0..0.123]	0.81293565	[2683.4631..2683.4631]
Group-1	PC 38:5:0	281.25	20180509_PC_egg_03.mzXML	30.0	5289.5	0.0	0.0	[9.0..9.0]	[0.0..0.0]	[0.856..0.856]	[4527.812..4527.812]	[0.242..0.283]	[0.0..0.12]	[0.856..0.856]	[4527.812..4527.812]	[0.242..0.291]	[0.0..0.123]	0.81293565	[3680.8196..3680.8196]
Group-1	PC 38:5:0	281.25	20180509_PC_egg_03.mzXML	35.0	5519.7	0.0	0.0	[9.0..9.0]	[0.0..0.0]	[0.868..0.868]	[4791.1..4791.1]	[0.281..0.359]	[0.0..0.12]	[0.868..0.868]	[4791.0996..4791.0996]	[0.281..0.363]	[0.0..0.123]	0.81293565	[3894.8557..3894.8557]
Group-1	PC 38:5:0	303.23	20180509_PC_egg_03.mzXML	25.0	10765.7	404.7	0.03759161	[6.3..6.4]	[1.0..1.0]	[1.12..1.198]	[12057.584..12897.309]	[0.785..0.796]	[0.88..1.0]	[1.041..1.198]	[11207.094..12897.309]	[0.772..0.796]	[0.877..1.0]	0.81293565	[9802.04..10484.682]
Group-1	PC 38:5:0	303.23	20180509_PC_egg_03.mzXML	30.0	8579.3	425.5	0.049596123	[7.0..7.1]	[1.0..1.0]	[1.337..1.656]	[11470.524..14207.32]	[0.717..0.758]	[0.88..1.0]	[1.284..1.656]	[11015.821..14207.32]	[0.709..0.758]	[0.877..1.0]	0.81293565	[9324.798..11549.637]
Group-1	PC 38:5:0	303.23	20180509_PC_egg_03.mzXML	35.0	4714.3	0.0	0.0	[5.0..8.0]	[1.0..1.0]	[1.814..2.6]	[8551.74..12257.179]	[0.641..0.719]	[0.88..1.0]	[1.783..2.6]	[8405.597..12257.179]	[0.637..0.719]	[0.877..1.0]	0.81293565	[6952.014..9964.298]
Group-1	PC 38:5:0	329.25	20180509_PC_egg_03.mzXML	25.0	35214.8	6087.7	0.17287333	[4.2..4.3]	[1.0..1.0]	[1.403..1.423]	[49406.367..50110.66]	[0.782..0.785]	[1.0..1.0]	[1.403..1.423]	[49406.367..50110.66]	[0.782..0.785]	[1.0..1.0]	0.81293565	[40164.195..40736.742]
Group-1	PC 38:5:0	329.25	20180509_PC_egg_03.mzXML	30.0	21997.9	5651.7	0.25691998	[4.4..4.5]	[1.0..1.0]	[2.337..2.413]	[51409.09..53080.938]	[0.737..0.743]	[1.0..1.0]	[2.337..2.413]	[51409.09..53080.938]	[0.737..0.743]	[1.0..1.0]	0.81293565	[41792.28..43151.383]
Group-1	PC 38:5:0	329.25	20180509_PC_egg_03.mzXML	35.0	10435.8	4048.5	0.38794345	[4.2..4.2]	[1.0..1.0]	[4.708..4.93]	[49131.746..51448.492]	[0.73..0.739]	[1.0..1.0]	[4.708..4.93]	[49131.746..51448.492]	[0.73..0.739]	[1.0..1.0]	0.81293565	[39940.95..41824.312]
Group-1	PC 38:6:0	255.23	20180509_PC_egg_03.mzXML	25.0	14201.2	0.0	0.0	[0.0..0.0]	[0.0..0.0]	[1.0..1.0]	[14201.2..14201.2]	[0.261..0.261]	[0.0..0.0]	[1.0..1.0]	[14201.2..14201.2]	[0.261..0.261]	[0.0..0.0]	0.81459224	[11568.1875..11568.1875]
Group-1	PC 38:6:0	255.23	20180509_PC_egg_03.mzXML	30.0	15762.8	0.0	0.0	[0.0..0.0]	[0.0..0.0]	[1.0..1.0]	[15762.8..15762.8]	[0.276..0.276]	[0.0..0.0]	[1.0..1.0]	[15762.8..15762.8]	[0.276..0.276]	[0.0..0.0]	0.81459224	[12840.255..12840.255]
Group-1	PC 38:6:0	255.23	20180509_PC_egg_03.mzXML	35.0	16192.3	0.0	0.0	[0.0..0.0]	[0.0..0.0]	[1.0..1.0]	[16192.3..16192.3]	[0.294..0.294]	[0.0..0.0]	[1.0..1.0]	[16192.3..16192.3]	[0.294..0.294]	[0.0..0.0]	0.81459224	[13190.122..13190.122]
Group-1	PC 38:6:0	279.23	20180509_PC_egg_03.mzXML	25.0	658.3	0.0	0.0	[9.0..9.0]	[0.0..0.0]	[0.867..0.867]	[570.746..570.746]	[0.325..0.34]	[0.06..1.0]	[0.867..0.867]	[570.7461..570.7461]	[0.333..0.365]	[0.065..1.0]	0.81459224	[464.9253..464.9253]
Group-1	PC 38:6:0	279.23	20180509_PC_egg_03.mzXML	30.0	894.7	0.0	0.0	[9.0..9.0]	[0.0..0.0]	[0.884..0.884]	[790.915..790.915]	[0.374..0.425]	[0.06..1.0]	[0.884..0.884]	[790.9148..790.9148]	[0.379..0.446]	[0.065..1.0]	0.81459224	[644.2731..644.2731]
Group-1	PC 38:6:0	279.23	20180509_PC_egg_03.mzXML	35.0	621.7	0.0	0.0	[9.0..9.0]	[0.0..0.0]	[0.951..0.951]	[591.237..591.237]	[1.0..1.0]	[0.06..1.0]	[0.951..0.951]	[591.2367..591.2367]	[1.0..1.0]	[0.065..1.0]	0.81459224	[481.61682..481.61682]
Group-1	PC 38:6:0	303.23	20180509_PC_egg_03.mzXML	25.0	989.8	0.0	0.0	[5.0..8.0]	[1.0..1.0]	[1.12..1.198]	[1108.576..1185.78]	[0.66..0.675]	[0.0..0.94]	[1.005..1.153]	[994.74896..1141.2394]	[0.635..0.667]	[0.0..0.935]	0.81459224	[903.0374..965.9275]
Group-1	PC 38:6:0	303.23	20180509_PC_egg_03.mzXML	30.0	799.4	0.0	0.0	[5.0..8.0]	[1.0..1.0]	[1.337..1.656]	[1068.798..1323.806]	[0.575..0.626]	[0.0..0.94]	[1.231..1.62]	[984.0614..1295.0281]	[0.554..0.621]	[0.0..0.935]	0.81459224	[870.63446..1078.3624]
Group-1	PC 38:6:0	303.23	20180509_PC_egg_03.mzXML	35.0	0.0	0.0	0.0	[5.0..8.0]	[1.0..1.0]	[1.814..2.6]	[0.0..0.0]	[0.0..0.0]	[0.0..0.94]	[1.709..2.575]	[0.0..0.0]	[0.0..0.0]	[0.0..0.935]	0.81459224	[0.0..0.0]
Group-1	PC 38:6:0	327.23	20180509_PC_egg_03.mzXML	25.0	20690.4	6832.0	0.33020145	[4.0..4.0]	[1.0..1.0]	[1.939..1.939]	[40118.688..40118.688]	[0.739..0.739]	[1.0..1.0]	[1.939..1.939]	[40118.688..40118.688]	[0.739..0.739]	[1.0..1.0]	0.81459224	[32680.371..32680.371]
Group-1	PC 38:6:0	327.23	20180509_PC_egg_03.mzXML	30.0	9869.6	5306.3	0.5376408	[4.0..4.0]	[1.0..1.0]	[4.197..4.197]	[41422.71..41422.71]	[0.724..0.724]	[1.0..1.0]	[4.197..4.197]	[41422.71..41422.71]	[0.724..0.724]	[1.0..1.0]	0.81459224	[33742.617..33742.617]
Group-1	PC 38:6:0	327.23	20180509_PC_egg_03.mzXML	35.0	3386.2	2587.0	0.76398325	[4.0..4.0]	[1.0..1.0]	[11.468..11.468]	[38832.94..38832.94]	[0.706..0.706]	[1.0..1.0]	[11.468..11.468]	[38832.94..38832.94]	[0.706..0.706]	[1.0..1.0]	0.81459224	[31633.016..31633.016]
Group-1	PC 40:4:0	283.26	20180509_PC_egg_03.mzXML	25.0	1421.3	0.0	0.0	[0.0..0.0]	[0.0..1.0]	[0.968..0.988]	[1375.819..1404.244]	[0.259..0.279]	[0.0..0.0]	[0.968..0.968]	[1375.8185..1375.8185]	[0.255..0.259]	[0.0..0.0]	0.78913254	[1085.7031..1108.135]
Group-1	PC 40:4:0	283.26	20180509_PC_egg_03.mzXML	30.0	1255.7	0.0	0.0	[0.0..0.0]	[0.0..1.0]	[0.946..0.958]	[1187.892..1202.961]	[0.235..0.268]	[0.0..0.0]	[0.946..0.946]	[1187.8921..1187.8921]	[0.233..0.255]	[0.0..0.0]	0.78913254	[937.40436..949.29535]
Group-1	PC 40:4:0	283.26	20180509_PC_egg_03.mzXML	35.0	1546.4	0.0	0.0	[0.0..0.0]	[0.0..0.0]	[0.937..0.937]	[1448.977..1448.977]	[0.246..0.29]	[0.0..0.0]	[0.937..0.937]	[1448.9768..1448.9768]	[0.246..0.29]	[0.0..0.0]	0.78913254	[1143.4347..1143.4347]
Group-1	PC 40:4:0	331.26	20180509_PC_egg_03.mzXML	25.0	3836.2	0.0	0.0	[7.0..10.0]	[0.0..1.0]	[0.926..1.047]	[3552.321..4016.502]	[0.721..0.741]	[1.0..1.0]	[1.028..1.047]	[3943.6135..4016.5015]	[0.741..0.745]	[1.0..1.0]	0.78913254	[2803.2522..3169.552]
Group-1	PC 40:4:0	331.26	20180509_PC_egg_03.mzXML	30.0	3146.9	0.0	0.0	[7.0..10.0]	[0.0..1.0]	[1.03..1.246]	[3241.307..3921.037]	[0.732..0.765]	[1.0..1.0]	[1.103..1.246]	[3471.0308..3921.0374]	[0.745..0.767]	[1.0..1.0]	0.78913254	[2557.8206..3094.2183]
Group-1	PC 40:4:0	331.26	20180509_PC_egg_03.mzXML	35.0	2598.5	0.0	0.0	[7.0..10.0]	[1.0..1.0]	[1.365..1.712]	[3546.953..4448.632]	[0.71..0.754]	[1.0..1.0]	[1.365..1.712]	[3546.9526..4448.632]	[0.71..0.754]	[1.0..1.0]	0.78913254	[2799.0154..3510.56]
Group-1	PC 40:5:0	283.26	20180509_PC_egg_03.mzXML	25.0	5599.2	0.0	0.0	[0.0..0.0]	[0.0..0.0]	[0.968..0.968]	[5420.026..5420.026]	[0.219..0.227]	[0.0..0.0]	[0.968..0.968]	[5420.026..5420.026]	[0.219..0.227]	[0.0..0.0]	0.7906781	[4285.4956..4285.4956]
Group-1	PC 40:5:0	283.26	20180509_PC_egg_03.mzXML	30.0	6841.7	0.0	0.0	[0.0..0.0]	[0.0..0.0]	[0.946..0.946]	[6472.248..6472.248]	[0.25..0.271]	[0.0..0.0]	[0.946..0.946]	[6472.248..6472.248]	[0.25..0.271]	[0.0..0.0]	0.7906781	[5117.465..5117.465]
Group-1	PC 40:5:0	283.26	20180509_PC_egg_03.mzXML	35.0	7454.9	0.0	0.0	[0.0..0.0]	[0.0..0.0]	[0.937..0.937]	[6985.241..6985.241]	[0.264..0.296]	[0.0..0.0]	[0.937..0.937]	[6985.241..6985.241]	[0.264..0.296]	[0.0..0.0]	0.7906781	[5523.0767..5523.0767]
Group-1	PC 40:5:0	329.25	20180509_PC_egg_03.mzXML	25.0	13489.2	2174.6	0.16121045	[4.5..4.6]	[1.0..1.0]	[1.368..1.437]	[18453.227..19383.98]	[0.773..0.781]	[1.0..1.0]	[1.368..1.437]	[18453.227..19383.98]	[0.773..0.781]	[1.0..1.0]	0.7906781	[14590.562..15326.489]
Group-1	PC 40:5:0	329.25	20180509_PC_egg_03.mzXML	30.0	7880.6	2350.3	0.29823872	[4.0..4.0]	[1.0..1.0]	[2.212..2.463]	[17431.887..19409.918]	[0.729..0.75]	[1.0..1.0]	[2.212..2.463]	[17431.887..19409.918]	[0.729..0.75]	[1.0..1.0]	0.7906781	[13783.01..15346.997]
Group-1	PC 40:5:0	329.25	20180509_PC_egg_03.mzXML	35.0	3836.1	1198.7	0.3124788	[5.0..5.0]	[1.0..1.0]	[4.339..5.077]	[16644.84..19475.88]	[0.704..0.736]	[1.0..1.0]	[4.339..5.077]	[16644.84..19475.88]	[0.704..0.736]	[1.0..1.0]	0.7906781	[13160.71..15399.152]
Group-1	PC 40:6:0	281.25	20180509_PC_egg_03.mzXML	25.0	2917.0	0.0	0.0	[9.0..9.0]	[1.0..1.0]	[0.964..0.964]	[2811.988..2811.988]	[0.787..0.807]	[1.0..1.0]	[0.964..0.964]	[2811.988..2811.988]	[0.787..0.807]	[1.0..1.0]	0.79223794	[2227.7634..2227.7634]
Group-1	PC 40:6:0	281.25	20180509_PC_egg_03.mzXML	30.0	3648.3	0.0	0.0	[9.0..9.0]	[0.0..1.0]	[0.856..0.926]	[3122.945..3378.326]	[0.694..0.762]	[1.0..1.0]	[0.926..0.926]	[3378.326..3378.326]	[0.717..0.776]	[1.0..1.0]	0.79223794	[2474.1155..2676.438]
Group-1	PC 40:6:0	281.25	20180509_PC_egg_03.mzXML	35.0	3862.5	0.0	0.0	[9.0..9.0]	[0.0..0.0]	[0.868..0.868]	[3352.65..3352.65]	[1.0..1.0]	[1.0..1.0]	[0.868..0.868]	[3352.65..3352.65]	[1.0..1.0]	[1.0..1.0]	0.79223794	[2656.0964..2656.0964]
Group-1	PC 40:6:0	283.26	20180509_PC_egg_03.mzXML	25.0	3289.7	0.0	0.0	[0.0..0.0]	[0.0..0.0]	[0.968..0.968]	[3184.43..3184.43]	[0.241..0.241]	[0.0..0.18]	[0.968..0.968]	[3184.4294..3184.4294]	[0.241..0.241]	[0.0..0.179]	0.79223794	[2522.826..2522.826]
Group-1	PC 40:6:0	283.26	20180509_PC_egg_03.mzXML	30.0	4374.0	0.0	0.0	[0.0..0.0]	[0.0..0.0]	[0.946..0.946]	[4137.804..4137.804]	[0.265..0.265]	[0.0..0.18]	[0.946..0.946]	[4137.8037..4137.8037]	[0.265..0.265]	[0.0..0.179]	0.79223794	[3278.1252..3278.1252]
Group-1	PC 40:6:0	283.26	20180509_PC_egg_03.mzXML	35.0	5524.6	0.0	0.0	[0.0..0.0]	[0.0..0.0]	[0.937..0.937]	[5176.551..5176.551]	[0.38..0.38]	[0.0..0.18]	[0.937..0.937]	[5176.5503..5176.5503]	[0.38..0.38]	[0.0..0.179]	0.79223794	[4101.0596..4101.0596]
Group-1	PC 40:6:0	327.23	20180509_PC_egg_03.mzXML	25.0	5175.8	1748.2	0.3377642	[4.0..4.0]	[1.0..1.0]	[1.939..1.939]	[10035.876..10035.876]	[0.759..0.759]	[0.82..1.0]	[1.939..1.939]	[10035.876..10035.876]	[0.759..0.759]	[0.821..1.0]	0.79223794	[7950.8013..7950.8013]
Group-1	PC 40:6:0	327.23	20180509_PC_egg_03.mzXML	30.0	2740.4	1999.9	0.729784	[4.0..4.0]	[1.0..1.0]	[4.197..4.197]	[11501.458..11501.458]	[0.735..0.735]	[0.82..1.0]	[4.197..4.197]	[11501.458..11501.458]	[0.735..0.735]	[0.821..1.0]	0.79223794	[9111.892..9111.892]
Group-1	PC 40:6:0	327.23	20180509_PC_egg_03.mzXML	35.0	737.8	604.1	0.81878555	[4.0..4.0]	[1.0..1.0]	[11.468..11.468]	[8461.091..8461.091]	[0.62..0.62]	[0.82..1.0]	[11.468..11.468]	[8461.091..8461.091]	[0.62..0.62]	[0.821..1.0]	0.79223794	[6703.197..6703.197]
Group-1	PC 40:6:0	329.25	20180509_PC_egg_03.mzXML	25.0	597.2	0.0	0.0	[4.0..7.0]	[0.0..0.0]	[1.127..1.274]	[673.044..760.833]	[0.193..0.213]	[0.0..0.0]	[1.127..1.274]	[673.0444..760.8328]	[0.193..0.213]	[0.0..0.0]	0.79223794	[533.2113..602.7607]
Group-1	PC 40:6:0	329.25	20180509_PC_egg_03.mzXML	30.0	604.5	0.0	0.0	[4.0..7.0]	[0.0..1.0]	[1.612..2.463]	[974.454..1488.884]	[0.238..0.306]	[0.0..0.0]	[1.612..2.204]	[974.454..1332.318]	[0.224..0.283]	[0.0..0.0]	0.79223794	[771.99945..1179.55]
Group-1	PC 40:6:0	329.25	20180509_PC_egg_03.mzXML	35.0	0.0	0.0	0.0	[4.0..7.0]	[1.0..1.0]	[2.863..5.077]	[0.0..0.0]	[0.0..0.0]	[0.0..0.0]	[2.752..4.527]	[0.0..0.0]	[0.0..0.0]	[0.0..0.0]	0.79223794	[0.0..0.0]
Group-1	PC 44:0:0	339.32	20180509_PC_egg_03.mzXML	25.0	460673.3	0.0	0.0	[0.0..0.0]	[0.5..0.5]	[0.984..0.984]	[453302.56..453302.56]	[0.5..0.5]	[0.5..0.5]	[0.984..0.984]	[453302.56..453302.56]	[0.5..0.5]	[0.5..0.5]	0.7430324	[336818.47..336818.47]
Group-1	PC 44:0:0	339.32	20180509_PC_egg_03.mzXML	30.0	583054.4	0.0	0.0	[0.0..0.0]	[0.5..0.5]	[0.901..0.901]	[525332.0..525332.0]	[0.5..0.5]	[0.5..0.5]	[0.901..0.901]	[525332.0..525332.0]	[0.5..0.5]	[0.5..0.5]	0.7430324	[390338.7..390338.7]
Group-1	PC 44:0:0	339.32	20180509_PC_egg_03.mzXML	35.0	532298.6	0.0	0.0	[0.0..0.0]	[0.5..0.5]	[0.87..0.87]	[463099.8..463099.8]	[0.5..0.5]	[0.5..0.5]	[0.87..0.87]	[463099.8..463099.8]	[0.5..0.5]	[0.5..0.5]	0.7430324	[344098.16..344098.16]
Group-1	PC 44:12:0	327.23	20180509_PC_egg_03.mzXML	25.0	197462.0	78962.4	0.39988655	[4.0..4.0]	[0.5..0.5]	[2.076..2.076]	[409931.1..409931.1]	[0.5..0.5]	[0.5..0.5]	[2.076..2.076]	[409931.1..409931.1]	[0.5..0.5]	[0.5..0.5]	0.75972176	[311433.56..311433.56]
Group-1	PC 44:12:0	327.23	20180509_PC_egg_03.mzXML	30.0	96373.9	59850.8	0.62102705	[4.0..4.0]	[0.5..0.5]	[4.923..4.923]	[474448.7..474448.7]	[0.5..0.5]	[0.5..0.5]	[4.923..4.923]	[474448.7..474448.7]	[0.5..0.5]	[0.5..0.5]	0.75972176	[360448.97..360448.97]
Group-1	PC 44:12:0	327.23	20180509_PC_egg_03.mzXML	35.0	28431.8	26281.1	0.9243558	[4.0..4.0]	[0.5..0.5]	[14.275..14.275]	[405863.94..405863.94]	[0.5..0.5]	[0.5..0.5]	[14.275..14.275]	[405863.94..405863.94]	[0.5..0.5]	[0.5..0.5]	0.75972176	[308343.7..308343.7]
