Created by PLY version 3.2 (http://www.dabeaz.com/ply)

Unused terminals:

    NO
    EVERY
    CHECK
    FOR
    PRECURSOR
    UPARROW
    IF
    OF
    CROSSPROD

Grammar

Rule 0     S' -> program
Rule 1     program -> program script SEMICOLON
Rule 2     program -> script SEMICOLON
Rule 3     script -> scriptname variables identification
Rule 4     script -> identification
Rule 5     script -> error variables identification
Rule 6     scriptname -> QUERYNAME IS getQueryName SEMICOLON
Rule 7     getQueryName -> ID
Rule 8     variables -> variables var
Rule 9     variables -> var
Rule 10    var -> DEFINE ID IS object options SEMICOLON
Rule 11    var -> DEFINE ID IS object options AS NEUTRALLOSS SEMICOLON
Rule 12    var -> DEFINE list IS object options SEMICOLON
Rule 13    var -> DEFINE ID options SEMICOLON
Rule 14    object -> withAttr
Rule 15    object -> onlyObj
Rule 16    onlyObj -> ID LBRACE ID RBRACE
Rule 17    onlyObj -> ID
Rule 18    onlyObj -> list
Rule 19    onlyObj -> varcontent
Rule 20    onlyObj -> ID LPAREN arguments RPAREN LBRACE ID RBRACE
Rule 21    onlyObj -> ID LPAREN arguments RPAREN
Rule 22    withAttr -> ID DOT ID LBRACE ID RBRACE
Rule 23    withAttr -> ID DOT ID LBRACE STRING RBRACE
Rule 24    withAttr -> ID DOT ID
Rule 25    withAttr -> varcontent DOT ID
Rule 26    withAttr -> list DOT ID
Rule 27    arguments -> expression
Rule 28    arguments -> arguments COMMA expression
Rule 29    list -> LBRACKET listcontent RBRACKET
Rule 30    listcontent -> listcontent COMMA object
Rule 31    listcontent -> object
Rule 32    varcontent -> tolerancetype
Rule 33    varcontent -> FLOAT
Rule 34    varcontent -> INTEGER
Rule 35    varcontent -> PLUS INTEGER
Rule 36    varcontent -> MINUS INTEGER
Rule 37    varcontent -> STRING
Rule 38    varcontent -> SFSTRING
Rule 39    options -> WITH optioncontent
Rule 40    options -> <empty>
Rule 41    optioncontent -> optioncontent COMMA optionentry
Rule 42    optioncontent -> optionentry
Rule 43    optionentry -> DBR IS LPAREN object COMMA object RPAREN
Rule 44    optionentry -> CHG IS INTEGER
Rule 45    optionentry -> MASSRANGE IS LPAREN object COMMA object RPAREN
Rule 46    optionentry -> MINOCC IS object
Rule 47    optionentry -> MAXOCC IS object
Rule 48    optionentry -> RETENTIONTIME IS object
Rule 49    optionentry -> TOLERANCE IS tolerancetype
Rule 50    tolerancetype -> FLOAT DA
Rule 51    tolerancetype -> FLOAT PPM
Rule 52    tolerancetype -> INTEGER DA
Rule 53    tolerancetype -> INTEGER RES
Rule 54    tolerancetype -> INTEGER PPM
Rule 55    identification -> IDENTIFY tagname WHERE marks evalMarks suchthat REPORT report
Rule 56    identification -> IDENTIFY tagname WHERE marks evalMarks REPORT report
Rule 57    identification -> IDENTIFY tagname WHERE marks evalMarks suchthat interpretation REPORT report
Rule 58    identification -> IDENTIFY tagname WHERE marks evalMarks interpretation REPORT report
Rule 59    identification -> IDENTIFY marks evalMarks suchthat REPORT report
Rule 60    identification -> IDENTIFY marks evalMarks REPORT report
Rule 61    identification -> IDENTIFY marks evalMarks suchthat interpretation REPORT report
Rule 62    identification -> IDENTIFY marks evalMarks interpretation REPORT report
Rule 63    tagname -> ID
Rule 64    scinput -> ID
Rule 65    marks -> boolmarks
Rule 66    boolmarks -> LPAREN boolmarks RPAREN
Rule 67    boolmarks -> NOT boolmarks
Rule 68    boolmarks -> boolmarks OR boolmarks
Rule 69    boolmarks -> boolmarks AND boolmarks
Rule 70    boolmarks -> boolmarks IFA boolmarks
Rule 71    boolmarks -> boolmarks IFF boolmarks
Rule 72    boolmarks -> boolmarks ARROW boolmarks
Rule 73    boolmarks -> boolmarks LE boolmarks
Rule 74    boolmarks -> scan
Rule 75    evalMarks -> <empty>
Rule 76    suchthat -> SUCHTHAT body
Rule 77    body -> bterm
Rule 78    bterm -> booleanterm
Rule 79    booleanterm -> booleanterm AND booleanterm
Rule 80    booleanterm -> booleanterm OR booleanterm
Rule 81    booleanterm -> LPAREN booleanterm RPAREN
Rule 82    booleanterm -> NOT booleanterm
Rule 83    booleanterm -> expr
Rule 84    booleanterm -> object
Rule 85    expr -> expression EQUALS expression options
Rule 86    expr -> expression GT expression options
Rule 87    expr -> expression GE expression options
Rule 88    expr -> expression LE expression options
Rule 89    expr -> expression LT expression options
Rule 90    expr -> expression NE expression options
Rule 91    expression -> expression PLUS expression
Rule 92    expression -> expression MINUS expression
Rule 93    expression -> expression TIMES expression
Rule 94    expression -> expression DIVIDE expression
Rule 95    expression -> LPAREN expression RPAREN LBRACE ID RBRACE
Rule 96    expression -> LPAREN expression RPAREN
Rule 97    expression -> object
Rule 98    interpretation -> INTERPRETATION expr
Rule 99    scan -> object IN scope options
Rule 100   scope -> MS1 MINUS
Rule 101   scope -> MS1 PLUS
Rule 102   scope -> MS2 PLUS
Rule 103   scope -> MS2 MINUS
Rule 104   report -> reportContent
Rule 105   reportContent -> reportContent rContent
Rule 106   reportContent -> rContent
Rule 107   rContent -> ID IS STRING PERCENT STRING SEMICOLON
Rule 108   rContent -> ID IS expression SEMICOLON

Terminals, with rules where they appear

AND                  : 69 79
ARROW                : 72
AS                   : 11
CHECK                : 
CHG                  : 44
COMMA                : 28 30 41 43 45
CROSSPROD            : 
DA                   : 50 52
DBR                  : 43
DEFINE               : 10 11 12 13
DIVIDE               : 94
DOT                  : 22 23 24 25 26
EQUALS               : 85
EVERY                : 
FLOAT                : 33 50 51
FOR                  : 
GE                   : 87
GT                   : 86
ID                   : 7 10 11 13 16 16 17 20 20 21 22 22 22 23 23 24 24 25 26 63 64 95 107 108
IDENTIFY             : 55 56 57 58 59 60 61 62
IF                   : 
IFA                  : 70
IFF                  : 71
IN                   : 99
INTEGER              : 34 35 36 44 52 53 54
INTERPRETATION       : 98
IS                   : 6 10 11 12 43 44 45 46 47 48 49 107 108
LBRACE               : 16 20 22 23 95
LBRACKET             : 29
LE                   : 73 88
LPAREN               : 20 21 43 45 66 81 95 96
LT                   : 89
MASSRANGE            : 45
MAXOCC               : 47
MINOCC               : 46
MINUS                : 36 92 100 103
MS1                  : 100 101
MS2                  : 102 103
NE                   : 90
NEUTRALLOSS          : 11
NO                   : 
NOT                  : 67 82
OF                   : 
OR                   : 68 80
PERCENT              : 107
PLUS                 : 35 91 101 102
PPM                  : 51 54
PRECURSOR            : 
QUERYNAME            : 6
RBRACE               : 16 20 22 23 95
RBRACKET             : 29
REPORT               : 55 56 57 58 59 60 61 62
RES                  : 53
RETENTIONTIME        : 48
RPAREN               : 20 21 43 45 66 81 95 96
SEMICOLON            : 1 2 6 10 11 12 13 107 108
SFSTRING             : 38
STRING               : 23 37 107 107
SUCHTHAT             : 76
TIMES                : 93
TOLERANCE            : 49
UPARROW              : 
WHERE                : 55 56 57 58
WITH                 : 39
error                : 5

Nonterminals, with rules where they appear

arguments            : 20 21 28
body                 : 76
booleanterm          : 78 79 79 80 80 81 82
boolmarks            : 65 66 67 68 68 69 69 70 70 71 71 72 72 73 73
bterm                : 77
evalMarks            : 55 56 57 58 59 60 61 62
expr                 : 83 98
expression           : 27 28 85 85 86 86 87 87 88 88 89 89 90 90 91 91 92 92 93 93 94 94 95 96 108
getQueryName         : 6
identification       : 3 4 5
interpretation       : 57 58 61 62
list                 : 12 18 26
listcontent          : 29 30
marks                : 55 56 57 58 59 60 61 62
object               : 10 11 12 30 31 43 43 45 45 46 47 48 84 97 99
onlyObj              : 15
optioncontent        : 39 41
optionentry          : 41 42
options              : 10 11 12 13 85 86 87 88 89 90 99
program              : 1 0
rContent             : 105 106
report               : 55 56 57 58 59 60 61 62
reportContent        : 104 105
scan                 : 74
scinput              : 
scope                : 99
script               : 1 2
scriptname           : 3
suchthat             : 55 57 59 61
tagname              : 55 56 57 58
tolerancetype        : 32 49
var                  : 8 9
varcontent           : 19 25
variables            : 3 5 8
withAttr             : 14

Parsing method: LALR

state 0

    (0) S' -> . program
    (1) program -> . program script SEMICOLON
    (2) program -> . script SEMICOLON
    (3) script -> . scriptname variables identification
    (4) script -> . identification
    (5) script -> . error variables identification
    (6) scriptname -> . QUERYNAME IS getQueryName SEMICOLON
    (55) identification -> . IDENTIFY tagname WHERE marks evalMarks suchthat REPORT report
    (56) identification -> . IDENTIFY tagname WHERE marks evalMarks REPORT report
    (57) identification -> . IDENTIFY tagname WHERE marks evalMarks suchthat interpretation REPORT report
    (58) identification -> . IDENTIFY tagname WHERE marks evalMarks interpretation REPORT report
    (59) identification -> . IDENTIFY marks evalMarks suchthat REPORT report
    (60) identification -> . IDENTIFY marks evalMarks REPORT report
    (61) identification -> . IDENTIFY marks evalMarks suchthat interpretation REPORT report
    (62) identification -> . IDENTIFY marks evalMarks interpretation REPORT report

    error           shift and go to state 6
    QUERYNAME       shift and go to state 2
    IDENTIFY        shift and go to state 7

    script                         shift and go to state 1
    scriptname                     shift and go to state 3
    program                        shift and go to state 4
    identification                 shift and go to state 5

state 1

    (2) program -> script . SEMICOLON

    SEMICOLON       shift and go to state 8


state 2

    (6) scriptname -> QUERYNAME . IS getQueryName SEMICOLON

    IS              shift and go to state 9


state 3

    (3) script -> scriptname . variables identification
    (8) variables -> . variables var
    (9) variables -> . var
    (10) var -> . DEFINE ID IS object options SEMICOLON
    (11) var -> . DEFINE ID IS object options AS NEUTRALLOSS SEMICOLON
    (12) var -> . DEFINE list IS object options SEMICOLON
    (13) var -> . DEFINE ID options SEMICOLON

    DEFINE          shift and go to state 12

    variables                      shift and go to state 10
    var                            shift and go to state 11

state 4

    (0) S' -> program .
    (1) program -> program . script SEMICOLON
    (3) script -> . scriptname variables identification
    (4) script -> . identification
    (5) script -> . error variables identification
    (6) scriptname -> . QUERYNAME IS getQueryName SEMICOLON
    (55) identification -> . IDENTIFY tagname WHERE marks evalMarks suchthat REPORT report
    (56) identification -> . IDENTIFY tagname WHERE marks evalMarks REPORT report
    (57) identification -> . IDENTIFY tagname WHERE marks evalMarks suchthat interpretation REPORT report
    (58) identification -> . IDENTIFY tagname WHERE marks evalMarks interpretation REPORT report
    (59) identification -> . IDENTIFY marks evalMarks suchthat REPORT report
    (60) identification -> . IDENTIFY marks evalMarks REPORT report
    (61) identification -> . IDENTIFY marks evalMarks suchthat interpretation REPORT report
    (62) identification -> . IDENTIFY marks evalMarks interpretation REPORT report

    error           shift and go to state 6
    QUERYNAME       shift and go to state 2
    IDENTIFY        shift and go to state 7

    script                         shift and go to state 13
    scriptname                     shift and go to state 3
    identification                 shift and go to state 5

state 5

    (4) script -> identification .

    SEMICOLON       reduce using rule 4 (script -> identification .)


state 6

    (5) script -> error . variables identification
    (8) variables -> . variables var
    (9) variables -> . var
    (10) var -> . DEFINE ID IS object options SEMICOLON
    (11) var -> . DEFINE ID IS object options AS NEUTRALLOSS SEMICOLON
    (12) var -> . DEFINE list IS object options SEMICOLON
    (13) var -> . DEFINE ID options SEMICOLON

    DEFINE          shift and go to state 12

    variables                      shift and go to state 14
    var                            shift and go to state 11

state 7

    (55) identification -> IDENTIFY . tagname WHERE marks evalMarks suchthat REPORT report
    (56) identification -> IDENTIFY . tagname WHERE marks evalMarks REPORT report
    (57) identification -> IDENTIFY . tagname WHERE marks evalMarks suchthat interpretation REPORT report
    (58) identification -> IDENTIFY . tagname WHERE marks evalMarks interpretation REPORT report
    (59) identification -> IDENTIFY . marks evalMarks suchthat REPORT report
    (60) identification -> IDENTIFY . marks evalMarks REPORT report
    (61) identification -> IDENTIFY . marks evalMarks suchthat interpretation REPORT report
    (62) identification -> IDENTIFY . marks evalMarks interpretation REPORT report
    (63) tagname -> . ID
    (65) marks -> . boolmarks
    (66) boolmarks -> . LPAREN boolmarks RPAREN
    (67) boolmarks -> . NOT boolmarks
    (68) boolmarks -> . boolmarks OR boolmarks
    (69) boolmarks -> . boolmarks AND boolmarks
    (70) boolmarks -> . boolmarks IFA boolmarks
    (71) boolmarks -> . boolmarks IFF boolmarks
    (72) boolmarks -> . boolmarks ARROW boolmarks
    (73) boolmarks -> . boolmarks LE boolmarks
    (74) boolmarks -> . scan
    (99) scan -> . object IN scope options
    (14) object -> . withAttr
    (15) object -> . onlyObj
    (22) withAttr -> . ID DOT ID LBRACE ID RBRACE
    (23) withAttr -> . ID DOT ID LBRACE STRING RBRACE
    (24) withAttr -> . ID DOT ID
    (25) withAttr -> . varcontent DOT ID
    (26) withAttr -> . list DOT ID
    (16) onlyObj -> . ID LBRACE ID RBRACE
    (17) onlyObj -> . ID
    (18) onlyObj -> . list
    (19) onlyObj -> . varcontent
    (20) onlyObj -> . ID LPAREN arguments RPAREN LBRACE ID RBRACE
    (21) onlyObj -> . ID LPAREN arguments RPAREN
    (32) varcontent -> . tolerancetype
    (33) varcontent -> . FLOAT
    (34) varcontent -> . INTEGER
    (35) varcontent -> . PLUS INTEGER
    (36) varcontent -> . MINUS INTEGER
    (37) varcontent -> . STRING
    (38) varcontent -> . SFSTRING
    (29) list -> . LBRACKET listcontent RBRACKET
    (50) tolerancetype -> . FLOAT DA
    (51) tolerancetype -> . FLOAT PPM
    (52) tolerancetype -> . INTEGER DA
    (53) tolerancetype -> . INTEGER RES
    (54) tolerancetype -> . INTEGER PPM

    ID              shift and go to state 29
    LPAREN          shift and go to state 28
    NOT             shift and go to state 34
    FLOAT           shift and go to state 31
    INTEGER         shift and go to state 30
    PLUS            shift and go to state 22
    MINUS           shift and go to state 19
    STRING          shift and go to state 20
    SFSTRING        shift and go to state 26
    LBRACKET        shift and go to state 18

    tolerancetype                  shift and go to state 24
    onlyObj                        shift and go to state 15
    object                         shift and go to state 25
    scan                           shift and go to state 16
    varcontent                     shift and go to state 21
    boolmarks                      shift and go to state 17
    list                           shift and go to state 32
    withAttr                       shift and go to state 27
    tagname                        shift and go to state 33
    marks                          shift and go to state 23

state 8

    (2) program -> script SEMICOLON .

    error           reduce using rule 2 (program -> script SEMICOLON .)
    QUERYNAME       reduce using rule 2 (program -> script SEMICOLON .)
    IDENTIFY        reduce using rule 2 (program -> script SEMICOLON .)
    $end            reduce using rule 2 (program -> script SEMICOLON .)


state 9

    (6) scriptname -> QUERYNAME IS . getQueryName SEMICOLON
    (7) getQueryName -> . ID

    ID              shift and go to state 36

    getQueryName                   shift and go to state 35

state 10

    (3) script -> scriptname variables . identification
    (8) variables -> variables . var
    (55) identification -> . IDENTIFY tagname WHERE marks evalMarks suchthat REPORT report
    (56) identification -> . IDENTIFY tagname WHERE marks evalMarks REPORT report
    (57) identification -> . IDENTIFY tagname WHERE marks evalMarks suchthat interpretation REPORT report
    (58) identification -> . IDENTIFY tagname WHERE marks evalMarks interpretation REPORT report
    (59) identification -> . IDENTIFY marks evalMarks suchthat REPORT report
    (60) identification -> . IDENTIFY marks evalMarks REPORT report
    (61) identification -> . IDENTIFY marks evalMarks suchthat interpretation REPORT report
    (62) identification -> . IDENTIFY marks evalMarks interpretation REPORT report
    (10) var -> . DEFINE ID IS object options SEMICOLON
    (11) var -> . DEFINE ID IS object options AS NEUTRALLOSS SEMICOLON
    (12) var -> . DEFINE list IS object options SEMICOLON
    (13) var -> . DEFINE ID options SEMICOLON

    IDENTIFY        shift and go to state 7
    DEFINE          shift and go to state 12

    identification                 shift and go to state 37
    var                            shift and go to state 38

state 11

    (9) variables -> var .

    IDENTIFY        reduce using rule 9 (variables -> var .)
    DEFINE          reduce using rule 9 (variables -> var .)


state 12

    (10) var -> DEFINE . ID IS object options SEMICOLON
    (11) var -> DEFINE . ID IS object options AS NEUTRALLOSS SEMICOLON
    (12) var -> DEFINE . list IS object options SEMICOLON
    (13) var -> DEFINE . ID options SEMICOLON
    (29) list -> . LBRACKET listcontent RBRACKET

    ID              shift and go to state 40
    LBRACKET        shift and go to state 18

    list                           shift and go to state 39

state 13

    (1) program -> program script . SEMICOLON

    SEMICOLON       shift and go to state 41


state 14

    (5) script -> error variables . identification
    (8) variables -> variables . var
    (55) identification -> . IDENTIFY tagname WHERE marks evalMarks suchthat REPORT report
    (56) identification -> . IDENTIFY tagname WHERE marks evalMarks REPORT report
    (57) identification -> . IDENTIFY tagname WHERE marks evalMarks suchthat interpretation REPORT report
    (58) identification -> . IDENTIFY tagname WHERE marks evalMarks interpretation REPORT report
    (59) identification -> . IDENTIFY marks evalMarks suchthat REPORT report
    (60) identification -> . IDENTIFY marks evalMarks REPORT report
    (61) identification -> . IDENTIFY marks evalMarks suchthat interpretation REPORT report
    (62) identification -> . IDENTIFY marks evalMarks interpretation REPORT report
    (10) var -> . DEFINE ID IS object options SEMICOLON
    (11) var -> . DEFINE ID IS object options AS NEUTRALLOSS SEMICOLON
    (12) var -> . DEFINE list IS object options SEMICOLON
    (13) var -> . DEFINE ID options SEMICOLON

    IDENTIFY        shift and go to state 7
    DEFINE          shift and go to state 12

    identification                 shift and go to state 42
    var                            shift and go to state 38

state 15

    (15) object -> onlyObj .

    SEMICOLON       reduce using rule 15 (object -> onlyObj .)
    PLUS            reduce using rule 15 (object -> onlyObj .)
    MINUS           reduce using rule 15 (object -> onlyObj .)
    TIMES           reduce using rule 15 (object -> onlyObj .)
    DIVIDE          reduce using rule 15 (object -> onlyObj .)
    AND             reduce using rule 15 (object -> onlyObj .)
    OR              reduce using rule 15 (object -> onlyObj .)
    REPORT          reduce using rule 15 (object -> onlyObj .)
    INTERPRETATION  reduce using rule 15 (object -> onlyObj .)
    RPAREN          reduce using rule 15 (object -> onlyObj .)
    EQUALS          reduce using rule 15 (object -> onlyObj .)
    GT              reduce using rule 15 (object -> onlyObj .)
    GE              reduce using rule 15 (object -> onlyObj .)
    LE              reduce using rule 15 (object -> onlyObj .)
    LT              reduce using rule 15 (object -> onlyObj .)
    NE              reduce using rule 15 (object -> onlyObj .)
    COMMA           reduce using rule 15 (object -> onlyObj .)
    IN              reduce using rule 15 (object -> onlyObj .)
    WITH            reduce using rule 15 (object -> onlyObj .)
    RBRACKET        reduce using rule 15 (object -> onlyObj .)
    AS              reduce using rule 15 (object -> onlyObj .)
    IFA             reduce using rule 15 (object -> onlyObj .)
    IFF             reduce using rule 15 (object -> onlyObj .)
    ARROW           reduce using rule 15 (object -> onlyObj .)
    SUCHTHAT        reduce using rule 15 (object -> onlyObj .)


state 16

    (74) boolmarks -> scan .

    RPAREN          reduce using rule 74 (boolmarks -> scan .)
    OR              reduce using rule 74 (boolmarks -> scan .)
    AND             reduce using rule 74 (boolmarks -> scan .)
    IFA             reduce using rule 74 (boolmarks -> scan .)
    IFF             reduce using rule 74 (boolmarks -> scan .)
    ARROW           reduce using rule 74 (boolmarks -> scan .)
    LE              reduce using rule 74 (boolmarks -> scan .)
    REPORT          reduce using rule 74 (boolmarks -> scan .)
    SUCHTHAT        reduce using rule 74 (boolmarks -> scan .)
    INTERPRETATION  reduce using rule 74 (boolmarks -> scan .)


state 17

    (65) marks -> boolmarks .
    (68) boolmarks -> boolmarks . OR boolmarks
    (69) boolmarks -> boolmarks . AND boolmarks
    (70) boolmarks -> boolmarks . IFA boolmarks
    (71) boolmarks -> boolmarks . IFF boolmarks
    (72) boolmarks -> boolmarks . ARROW boolmarks
    (73) boolmarks -> boolmarks . LE boolmarks

    REPORT          reduce using rule 65 (marks -> boolmarks .)
    SUCHTHAT        reduce using rule 65 (marks -> boolmarks .)
    INTERPRETATION  reduce using rule 65 (marks -> boolmarks .)
    OR              shift and go to state 48
    AND             shift and go to state 43
    IFA             shift and go to state 46
    IFF             shift and go to state 45
    ARROW           shift and go to state 47
    LE              shift and go to state 44


state 18

    (29) list -> LBRACKET . listcontent RBRACKET
    (30) listcontent -> . listcontent COMMA object
    (31) listcontent -> . object
    (14) object -> . withAttr
    (15) object -> . onlyObj
    (22) withAttr -> . ID DOT ID LBRACE ID RBRACE
    (23) withAttr -> . ID DOT ID LBRACE STRING RBRACE
    (24) withAttr -> . ID DOT ID
    (25) withAttr -> . varcontent DOT ID
    (26) withAttr -> . list DOT ID
    (16) onlyObj -> . ID LBRACE ID RBRACE
    (17) onlyObj -> . ID
    (18) onlyObj -> . list
    (19) onlyObj -> . varcontent
    (20) onlyObj -> . ID LPAREN arguments RPAREN LBRACE ID RBRACE
    (21) onlyObj -> . ID LPAREN arguments RPAREN
    (32) varcontent -> . tolerancetype
    (33) varcontent -> . FLOAT
    (34) varcontent -> . INTEGER
    (35) varcontent -> . PLUS INTEGER
    (36) varcontent -> . MINUS INTEGER
    (37) varcontent -> . STRING
    (38) varcontent -> . SFSTRING
    (29) list -> . LBRACKET listcontent RBRACKET
    (50) tolerancetype -> . FLOAT DA
    (51) tolerancetype -> . FLOAT PPM
    (52) tolerancetype -> . INTEGER DA
    (53) tolerancetype -> . INTEGER RES
    (54) tolerancetype -> . INTEGER PPM

    ID              shift and go to state 51
    FLOAT           shift and go to state 31
    INTEGER         shift and go to state 30
    PLUS            shift and go to state 22
    MINUS           shift and go to state 19
    STRING          shift and go to state 20
    SFSTRING        shift and go to state 26
    LBRACKET        shift and go to state 18

    tolerancetype                  shift and go to state 24
    onlyObj                        shift and go to state 15
    varcontent                     shift and go to state 21
    object                         shift and go to state 49
    list                           shift and go to state 32
    withAttr                       shift and go to state 27
    listcontent                    shift and go to state 50

state 19

    (36) varcontent -> MINUS . INTEGER

    INTEGER         shift and go to state 52


state 20

    (37) varcontent -> STRING .

    DOT             reduce using rule 37 (varcontent -> STRING .)
    AND             reduce using rule 37 (varcontent -> STRING .)
    OR              reduce using rule 37 (varcontent -> STRING .)
    REPORT          reduce using rule 37 (varcontent -> STRING .)
    INTERPRETATION  reduce using rule 37 (varcontent -> STRING .)
    RPAREN          reduce using rule 37 (varcontent -> STRING .)
    EQUALS          reduce using rule 37 (varcontent -> STRING .)
    GT              reduce using rule 37 (varcontent -> STRING .)
    GE              reduce using rule 37 (varcontent -> STRING .)
    LE              reduce using rule 37 (varcontent -> STRING .)
    LT              reduce using rule 37 (varcontent -> STRING .)
    NE              reduce using rule 37 (varcontent -> STRING .)
    PLUS            reduce using rule 37 (varcontent -> STRING .)
    MINUS           reduce using rule 37 (varcontent -> STRING .)
    TIMES           reduce using rule 37 (varcontent -> STRING .)
    DIVIDE          reduce using rule 37 (varcontent -> STRING .)
    COMMA           reduce using rule 37 (varcontent -> STRING .)
    IN              reduce using rule 37 (varcontent -> STRING .)
    WITH            reduce using rule 37 (varcontent -> STRING .)
    SEMICOLON       reduce using rule 37 (varcontent -> STRING .)
    AS              reduce using rule 37 (varcontent -> STRING .)
    IFA             reduce using rule 37 (varcontent -> STRING .)
    IFF             reduce using rule 37 (varcontent -> STRING .)
    ARROW           reduce using rule 37 (varcontent -> STRING .)
    SUCHTHAT        reduce using rule 37 (varcontent -> STRING .)
    RBRACKET        reduce using rule 37 (varcontent -> STRING .)


state 21

    (25) withAttr -> varcontent . DOT ID
    (19) onlyObj -> varcontent .

    DOT             shift and go to state 53
    IN              reduce using rule 19 (onlyObj -> varcontent .)
    COMMA           reduce using rule 19 (onlyObj -> varcontent .)
    PLUS            reduce using rule 19 (onlyObj -> varcontent .)
    MINUS           reduce using rule 19 (onlyObj -> varcontent .)
    TIMES           reduce using rule 19 (onlyObj -> varcontent .)
    DIVIDE          reduce using rule 19 (onlyObj -> varcontent .)
    RPAREN          reduce using rule 19 (onlyObj -> varcontent .)
    WITH            reduce using rule 19 (onlyObj -> varcontent .)
    AND             reduce using rule 19 (onlyObj -> varcontent .)
    OR              reduce using rule 19 (onlyObj -> varcontent .)
    REPORT          reduce using rule 19 (onlyObj -> varcontent .)
    INTERPRETATION  reduce using rule 19 (onlyObj -> varcontent .)
    EQUALS          reduce using rule 19 (onlyObj -> varcontent .)
    GT              reduce using rule 19 (onlyObj -> varcontent .)
    GE              reduce using rule 19 (onlyObj -> varcontent .)
    LE              reduce using rule 19 (onlyObj -> varcontent .)
    LT              reduce using rule 19 (onlyObj -> varcontent .)
    NE              reduce using rule 19 (onlyObj -> varcontent .)
    SEMICOLON       reduce using rule 19 (onlyObj -> varcontent .)
    IFA             reduce using rule 19 (onlyObj -> varcontent .)
    IFF             reduce using rule 19 (onlyObj -> varcontent .)
    ARROW           reduce using rule 19 (onlyObj -> varcontent .)
    SUCHTHAT        reduce using rule 19 (onlyObj -> varcontent .)
    AS              reduce using rule 19 (onlyObj -> varcontent .)
    RBRACKET        reduce using rule 19 (onlyObj -> varcontent .)


state 22

    (35) varcontent -> PLUS . INTEGER

    INTEGER         shift and go to state 54


state 23

    (59) identification -> IDENTIFY marks . evalMarks suchthat REPORT report
    (60) identification -> IDENTIFY marks . evalMarks REPORT report
    (61) identification -> IDENTIFY marks . evalMarks suchthat interpretation REPORT report
    (62) identification -> IDENTIFY marks . evalMarks interpretation REPORT report
    (75) evalMarks -> .

    REPORT          reduce using rule 75 (evalMarks -> .)
    SUCHTHAT        reduce using rule 75 (evalMarks -> .)
    INTERPRETATION  reduce using rule 75 (evalMarks -> .)

    evalMarks                      shift and go to state 55

state 24

    (32) varcontent -> tolerancetype .

    DOT             reduce using rule 32 (varcontent -> tolerancetype .)
    AND             reduce using rule 32 (varcontent -> tolerancetype .)
    OR              reduce using rule 32 (varcontent -> tolerancetype .)
    REPORT          reduce using rule 32 (varcontent -> tolerancetype .)
    INTERPRETATION  reduce using rule 32 (varcontent -> tolerancetype .)
    RPAREN          reduce using rule 32 (varcontent -> tolerancetype .)
    EQUALS          reduce using rule 32 (varcontent -> tolerancetype .)
    GT              reduce using rule 32 (varcontent -> tolerancetype .)
    GE              reduce using rule 32 (varcontent -> tolerancetype .)
    LE              reduce using rule 32 (varcontent -> tolerancetype .)
    LT              reduce using rule 32 (varcontent -> tolerancetype .)
    NE              reduce using rule 32 (varcontent -> tolerancetype .)
    PLUS            reduce using rule 32 (varcontent -> tolerancetype .)
    MINUS           reduce using rule 32 (varcontent -> tolerancetype .)
    TIMES           reduce using rule 32 (varcontent -> tolerancetype .)
    DIVIDE          reduce using rule 32 (varcontent -> tolerancetype .)
    SEMICOLON       reduce using rule 32 (varcontent -> tolerancetype .)
    COMMA           reduce using rule 32 (varcontent -> tolerancetype .)
    IN              reduce using rule 32 (varcontent -> tolerancetype .)
    WITH            reduce using rule 32 (varcontent -> tolerancetype .)
    AS              reduce using rule 32 (varcontent -> tolerancetype .)
    IFA             reduce using rule 32 (varcontent -> tolerancetype .)
    IFF             reduce using rule 32 (varcontent -> tolerancetype .)
    ARROW           reduce using rule 32 (varcontent -> tolerancetype .)
    SUCHTHAT        reduce using rule 32 (varcontent -> tolerancetype .)
    RBRACKET        reduce using rule 32 (varcontent -> tolerancetype .)


state 25

    (99) scan -> object . IN scope options

    IN              shift and go to state 56


state 26

    (38) varcontent -> SFSTRING .

    DOT             reduce using rule 38 (varcontent -> SFSTRING .)
    AND             reduce using rule 38 (varcontent -> SFSTRING .)
    OR              reduce using rule 38 (varcontent -> SFSTRING .)
    REPORT          reduce using rule 38 (varcontent -> SFSTRING .)
    INTERPRETATION  reduce using rule 38 (varcontent -> SFSTRING .)
    RPAREN          reduce using rule 38 (varcontent -> SFSTRING .)
    EQUALS          reduce using rule 38 (varcontent -> SFSTRING .)
    GT              reduce using rule 38 (varcontent -> SFSTRING .)
    GE              reduce using rule 38 (varcontent -> SFSTRING .)
    LE              reduce using rule 38 (varcontent -> SFSTRING .)
    LT              reduce using rule 38 (varcontent -> SFSTRING .)
    NE              reduce using rule 38 (varcontent -> SFSTRING .)
    PLUS            reduce using rule 38 (varcontent -> SFSTRING .)
    MINUS           reduce using rule 38 (varcontent -> SFSTRING .)
    TIMES           reduce using rule 38 (varcontent -> SFSTRING .)
    DIVIDE          reduce using rule 38 (varcontent -> SFSTRING .)
    SEMICOLON       reduce using rule 38 (varcontent -> SFSTRING .)
    COMMA           reduce using rule 38 (varcontent -> SFSTRING .)
    IN              reduce using rule 38 (varcontent -> SFSTRING .)
    WITH            reduce using rule 38 (varcontent -> SFSTRING .)
    AS              reduce using rule 38 (varcontent -> SFSTRING .)
    IFA             reduce using rule 38 (varcontent -> SFSTRING .)
    IFF             reduce using rule 38 (varcontent -> SFSTRING .)
    ARROW           reduce using rule 38 (varcontent -> SFSTRING .)
    SUCHTHAT        reduce using rule 38 (varcontent -> SFSTRING .)
    RBRACKET        reduce using rule 38 (varcontent -> SFSTRING .)


state 27

    (14) object -> withAttr .

    SEMICOLON       reduce using rule 14 (object -> withAttr .)
    PLUS            reduce using rule 14 (object -> withAttr .)
    MINUS           reduce using rule 14 (object -> withAttr .)
    TIMES           reduce using rule 14 (object -> withAttr .)
    DIVIDE          reduce using rule 14 (object -> withAttr .)
    AND             reduce using rule 14 (object -> withAttr .)
    OR              reduce using rule 14 (object -> withAttr .)
    REPORT          reduce using rule 14 (object -> withAttr .)
    INTERPRETATION  reduce using rule 14 (object -> withAttr .)
    RPAREN          reduce using rule 14 (object -> withAttr .)
    EQUALS          reduce using rule 14 (object -> withAttr .)
    GT              reduce using rule 14 (object -> withAttr .)
    GE              reduce using rule 14 (object -> withAttr .)
    LE              reduce using rule 14 (object -> withAttr .)
    LT              reduce using rule 14 (object -> withAttr .)
    NE              reduce using rule 14 (object -> withAttr .)
    COMMA           reduce using rule 14 (object -> withAttr .)
    IN              reduce using rule 14 (object -> withAttr .)
    WITH            reduce using rule 14 (object -> withAttr .)
    RBRACKET        reduce using rule 14 (object -> withAttr .)
    AS              reduce using rule 14 (object -> withAttr .)
    IFA             reduce using rule 14 (object -> withAttr .)
    IFF             reduce using rule 14 (object -> withAttr .)
    ARROW           reduce using rule 14 (object -> withAttr .)
    SUCHTHAT        reduce using rule 14 (object -> withAttr .)


state 28

    (66) boolmarks -> LPAREN . boolmarks RPAREN
    (66) boolmarks -> . LPAREN boolmarks RPAREN
    (67) boolmarks -> . NOT boolmarks
    (68) boolmarks -> . boolmarks OR boolmarks
    (69) boolmarks -> . boolmarks AND boolmarks
    (70) boolmarks -> . boolmarks IFA boolmarks
    (71) boolmarks -> . boolmarks IFF boolmarks
    (72) boolmarks -> . boolmarks ARROW boolmarks
    (73) boolmarks -> . boolmarks LE boolmarks
    (74) boolmarks -> . scan
    (99) scan -> . object IN scope options
    (14) object -> . withAttr
    (15) object -> . onlyObj
    (22) withAttr -> . ID DOT ID LBRACE ID RBRACE
    (23) withAttr -> . ID DOT ID LBRACE STRING RBRACE
    (24) withAttr -> . ID DOT ID
    (25) withAttr -> . varcontent DOT ID
    (26) withAttr -> . list DOT ID
    (16) onlyObj -> . ID LBRACE ID RBRACE
    (17) onlyObj -> . ID
    (18) onlyObj -> . list
    (19) onlyObj -> . varcontent
    (20) onlyObj -> . ID LPAREN arguments RPAREN LBRACE ID RBRACE
    (21) onlyObj -> . ID LPAREN arguments RPAREN
    (32) varcontent -> . tolerancetype
    (33) varcontent -> . FLOAT
    (34) varcontent -> . INTEGER
    (35) varcontent -> . PLUS INTEGER
    (36) varcontent -> . MINUS INTEGER
    (37) varcontent -> . STRING
    (38) varcontent -> . SFSTRING
    (29) list -> . LBRACKET listcontent RBRACKET
    (50) tolerancetype -> . FLOAT DA
    (51) tolerancetype -> . FLOAT PPM
    (52) tolerancetype -> . INTEGER DA
    (53) tolerancetype -> . INTEGER RES
    (54) tolerancetype -> . INTEGER PPM

    LPAREN          shift and go to state 28
    NOT             shift and go to state 34
    ID              shift and go to state 51
    FLOAT           shift and go to state 31
    INTEGER         shift and go to state 30
    PLUS            shift and go to state 22
    MINUS           shift and go to state 19
    STRING          shift and go to state 20
    SFSTRING        shift and go to state 26
    LBRACKET        shift and go to state 18

    tolerancetype                  shift and go to state 24
    onlyObj                        shift and go to state 15
    object                         shift and go to state 25
    scan                           shift and go to state 16
    varcontent                     shift and go to state 21
    boolmarks                      shift and go to state 57
    list                           shift and go to state 32
    withAttr                       shift and go to state 27

state 29

    (63) tagname -> ID .
    (22) withAttr -> ID . DOT ID LBRACE ID RBRACE
    (23) withAttr -> ID . DOT ID LBRACE STRING RBRACE
    (24) withAttr -> ID . DOT ID
    (16) onlyObj -> ID . LBRACE ID RBRACE
    (17) onlyObj -> ID .
    (20) onlyObj -> ID . LPAREN arguments RPAREN LBRACE ID RBRACE
    (21) onlyObj -> ID . LPAREN arguments RPAREN

    WHERE           reduce using rule 63 (tagname -> ID .)
    DOT             shift and go to state 60
    LBRACE          shift and go to state 58
    IN              reduce using rule 17 (onlyObj -> ID .)
    LPAREN          shift and go to state 59


state 30

    (34) varcontent -> INTEGER .
    (52) tolerancetype -> INTEGER . DA
    (53) tolerancetype -> INTEGER . RES
    (54) tolerancetype -> INTEGER . PPM

    DOT             reduce using rule 34 (varcontent -> INTEGER .)
    AND             reduce using rule 34 (varcontent -> INTEGER .)
    OR              reduce using rule 34 (varcontent -> INTEGER .)
    REPORT          reduce using rule 34 (varcontent -> INTEGER .)
    INTERPRETATION  reduce using rule 34 (varcontent -> INTEGER .)
    RPAREN          reduce using rule 34 (varcontent -> INTEGER .)
    EQUALS          reduce using rule 34 (varcontent -> INTEGER .)
    GT              reduce using rule 34 (varcontent -> INTEGER .)
    GE              reduce using rule 34 (varcontent -> INTEGER .)
    LE              reduce using rule 34 (varcontent -> INTEGER .)
    LT              reduce using rule 34 (varcontent -> INTEGER .)
    NE              reduce using rule 34 (varcontent -> INTEGER .)
    PLUS            reduce using rule 34 (varcontent -> INTEGER .)
    MINUS           reduce using rule 34 (varcontent -> INTEGER .)
    TIMES           reduce using rule 34 (varcontent -> INTEGER .)
    DIVIDE          reduce using rule 34 (varcontent -> INTEGER .)
    SEMICOLON       reduce using rule 34 (varcontent -> INTEGER .)
    COMMA           reduce using rule 34 (varcontent -> INTEGER .)
    IN              reduce using rule 34 (varcontent -> INTEGER .)
    WITH            reduce using rule 34 (varcontent -> INTEGER .)
    AS              reduce using rule 34 (varcontent -> INTEGER .)
    IFA             reduce using rule 34 (varcontent -> INTEGER .)
    IFF             reduce using rule 34 (varcontent -> INTEGER .)
    ARROW           reduce using rule 34 (varcontent -> INTEGER .)
    SUCHTHAT        reduce using rule 34 (varcontent -> INTEGER .)
    RBRACKET        reduce using rule 34 (varcontent -> INTEGER .)
    DA              shift and go to state 63
    RES             shift and go to state 61
    PPM             shift and go to state 62


state 31

    (33) varcontent -> FLOAT .
    (50) tolerancetype -> FLOAT . DA
    (51) tolerancetype -> FLOAT . PPM

    DOT             reduce using rule 33 (varcontent -> FLOAT .)
    AND             reduce using rule 33 (varcontent -> FLOAT .)
    OR              reduce using rule 33 (varcontent -> FLOAT .)
    REPORT          reduce using rule 33 (varcontent -> FLOAT .)
    INTERPRETATION  reduce using rule 33 (varcontent -> FLOAT .)
    RPAREN          reduce using rule 33 (varcontent -> FLOAT .)
    EQUALS          reduce using rule 33 (varcontent -> FLOAT .)
    GT              reduce using rule 33 (varcontent -> FLOAT .)
    GE              reduce using rule 33 (varcontent -> FLOAT .)
    LE              reduce using rule 33 (varcontent -> FLOAT .)
    LT              reduce using rule 33 (varcontent -> FLOAT .)
    NE              reduce using rule 33 (varcontent -> FLOAT .)
    PLUS            reduce using rule 33 (varcontent -> FLOAT .)
    MINUS           reduce using rule 33 (varcontent -> FLOAT .)
    TIMES           reduce using rule 33 (varcontent -> FLOAT .)
    DIVIDE          reduce using rule 33 (varcontent -> FLOAT .)
    SEMICOLON       reduce using rule 33 (varcontent -> FLOAT .)
    COMMA           reduce using rule 33 (varcontent -> FLOAT .)
    IN              reduce using rule 33 (varcontent -> FLOAT .)
    WITH            reduce using rule 33 (varcontent -> FLOAT .)
    AS              reduce using rule 33 (varcontent -> FLOAT .)
    IFA             reduce using rule 33 (varcontent -> FLOAT .)
    IFF             reduce using rule 33 (varcontent -> FLOAT .)
    ARROW           reduce using rule 33 (varcontent -> FLOAT .)
    SUCHTHAT        reduce using rule 33 (varcontent -> FLOAT .)
    RBRACKET        reduce using rule 33 (varcontent -> FLOAT .)
    DA              shift and go to state 65
    PPM             shift and go to state 64


state 32

    (26) withAttr -> list . DOT ID
    (18) onlyObj -> list .

    DOT             shift and go to state 66
    IN              reduce using rule 18 (onlyObj -> list .)
    COMMA           reduce using rule 18 (onlyObj -> list .)
    PLUS            reduce using rule 18 (onlyObj -> list .)
    MINUS           reduce using rule 18 (onlyObj -> list .)
    TIMES           reduce using rule 18 (onlyObj -> list .)
    DIVIDE          reduce using rule 18 (onlyObj -> list .)
    RPAREN          reduce using rule 18 (onlyObj -> list .)
    WITH            reduce using rule 18 (onlyObj -> list .)
    AND             reduce using rule 18 (onlyObj -> list .)
    OR              reduce using rule 18 (onlyObj -> list .)
    REPORT          reduce using rule 18 (onlyObj -> list .)
    INTERPRETATION  reduce using rule 18 (onlyObj -> list .)
    EQUALS          reduce using rule 18 (onlyObj -> list .)
    GT              reduce using rule 18 (onlyObj -> list .)
    GE              reduce using rule 18 (onlyObj -> list .)
    LE              reduce using rule 18 (onlyObj -> list .)
    LT              reduce using rule 18 (onlyObj -> list .)
    NE              reduce using rule 18 (onlyObj -> list .)
    SEMICOLON       reduce using rule 18 (onlyObj -> list .)
    IFA             reduce using rule 18 (onlyObj -> list .)
    IFF             reduce using rule 18 (onlyObj -> list .)
    ARROW           reduce using rule 18 (onlyObj -> list .)
    SUCHTHAT        reduce using rule 18 (onlyObj -> list .)
    AS              reduce using rule 18 (onlyObj -> list .)
    RBRACKET        reduce using rule 18 (onlyObj -> list .)


state 33

    (55) identification -> IDENTIFY tagname . WHERE marks evalMarks suchthat REPORT report
    (56) identification -> IDENTIFY tagname . WHERE marks evalMarks REPORT report
    (57) identification -> IDENTIFY tagname . WHERE marks evalMarks suchthat interpretation REPORT report
    (58) identification -> IDENTIFY tagname . WHERE marks evalMarks interpretation REPORT report

    WHERE           shift and go to state 67


state 34

    (67) boolmarks -> NOT . boolmarks
    (66) boolmarks -> . LPAREN boolmarks RPAREN
    (67) boolmarks -> . NOT boolmarks
    (68) boolmarks -> . boolmarks OR boolmarks
    (69) boolmarks -> . boolmarks AND boolmarks
    (70) boolmarks -> . boolmarks IFA boolmarks
    (71) boolmarks -> . boolmarks IFF boolmarks
    (72) boolmarks -> . boolmarks ARROW boolmarks
    (73) boolmarks -> . boolmarks LE boolmarks
    (74) boolmarks -> . scan
    (99) scan -> . object IN scope options
    (14) object -> . withAttr
    (15) object -> . onlyObj
    (22) withAttr -> . ID DOT ID LBRACE ID RBRACE
    (23) withAttr -> . ID DOT ID LBRACE STRING RBRACE
    (24) withAttr -> . ID DOT ID
    (25) withAttr -> . varcontent DOT ID
    (26) withAttr -> . list DOT ID
    (16) onlyObj -> . ID LBRACE ID RBRACE
    (17) onlyObj -> . ID
    (18) onlyObj -> . list
    (19) onlyObj -> . varcontent
    (20) onlyObj -> . ID LPAREN arguments RPAREN LBRACE ID RBRACE
    (21) onlyObj -> . ID LPAREN arguments RPAREN
    (32) varcontent -> . tolerancetype
    (33) varcontent -> . FLOAT
    (34) varcontent -> . INTEGER
    (35) varcontent -> . PLUS INTEGER
    (36) varcontent -> . MINUS INTEGER
    (37) varcontent -> . STRING
    (38) varcontent -> . SFSTRING
    (29) list -> . LBRACKET listcontent RBRACKET
    (50) tolerancetype -> . FLOAT DA
    (51) tolerancetype -> . FLOAT PPM
    (52) tolerancetype -> . INTEGER DA
    (53) tolerancetype -> . INTEGER RES
    (54) tolerancetype -> . INTEGER PPM

    LPAREN          shift and go to state 28
    NOT             shift and go to state 34
    ID              shift and go to state 51
    FLOAT           shift and go to state 31
    INTEGER         shift and go to state 30
    PLUS            shift and go to state 22
    MINUS           shift and go to state 19
    STRING          shift and go to state 20
    SFSTRING        shift and go to state 26
    LBRACKET        shift and go to state 18

    tolerancetype                  shift and go to state 24
    onlyObj                        shift and go to state 15
    object                         shift and go to state 25
    scan                           shift and go to state 16
    varcontent                     shift and go to state 21
    boolmarks                      shift and go to state 68
    list                           shift and go to state 32
    withAttr                       shift and go to state 27

state 35

    (6) scriptname -> QUERYNAME IS getQueryName . SEMICOLON

    SEMICOLON       shift and go to state 69


state 36

    (7) getQueryName -> ID .

    SEMICOLON       reduce using rule 7 (getQueryName -> ID .)


state 37

    (3) script -> scriptname variables identification .

    SEMICOLON       reduce using rule 3 (script -> scriptname variables identification .)


state 38

    (8) variables -> variables var .

    IDENTIFY        reduce using rule 8 (variables -> variables var .)
    DEFINE          reduce using rule 8 (variables -> variables var .)


state 39

    (12) var -> DEFINE list . IS object options SEMICOLON

    IS              shift and go to state 70


state 40

    (10) var -> DEFINE ID . IS object options SEMICOLON
    (11) var -> DEFINE ID . IS object options AS NEUTRALLOSS SEMICOLON
    (13) var -> DEFINE ID . options SEMICOLON
    (39) options -> . WITH optioncontent
    (40) options -> .

    IS              shift and go to state 71
    WITH            shift and go to state 72
    SEMICOLON       reduce using rule 40 (options -> .)

    options                        shift and go to state 73

state 41

    (1) program -> program script SEMICOLON .

    error           reduce using rule 1 (program -> program script SEMICOLON .)
    QUERYNAME       reduce using rule 1 (program -> program script SEMICOLON .)
    IDENTIFY        reduce using rule 1 (program -> program script SEMICOLON .)
    $end            reduce using rule 1 (program -> program script SEMICOLON .)


state 42

    (5) script -> error variables identification .

    SEMICOLON       reduce using rule 5 (script -> error variables identification .)


state 43

    (69) boolmarks -> boolmarks AND . boolmarks
    (66) boolmarks -> . LPAREN boolmarks RPAREN
    (67) boolmarks -> . NOT boolmarks
    (68) boolmarks -> . boolmarks OR boolmarks
    (69) boolmarks -> . boolmarks AND boolmarks
    (70) boolmarks -> . boolmarks IFA boolmarks
    (71) boolmarks -> . boolmarks IFF boolmarks
    (72) boolmarks -> . boolmarks ARROW boolmarks
    (73) boolmarks -> . boolmarks LE boolmarks
    (74) boolmarks -> . scan
    (99) scan -> . object IN scope options
    (14) object -> . withAttr
    (15) object -> . onlyObj
    (22) withAttr -> . ID DOT ID LBRACE ID RBRACE
    (23) withAttr -> . ID DOT ID LBRACE STRING RBRACE
    (24) withAttr -> . ID DOT ID
    (25) withAttr -> . varcontent DOT ID
    (26) withAttr -> . list DOT ID
    (16) onlyObj -> . ID LBRACE ID RBRACE
    (17) onlyObj -> . ID
    (18) onlyObj -> . list
    (19) onlyObj -> . varcontent
    (20) onlyObj -> . ID LPAREN arguments RPAREN LBRACE ID RBRACE
    (21) onlyObj -> . ID LPAREN arguments RPAREN
    (32) varcontent -> . tolerancetype
    (33) varcontent -> . FLOAT
    (34) varcontent -> . INTEGER
    (35) varcontent -> . PLUS INTEGER
    (36) varcontent -> . MINUS INTEGER
    (37) varcontent -> . STRING
    (38) varcontent -> . SFSTRING
    (29) list -> . LBRACKET listcontent RBRACKET
    (50) tolerancetype -> . FLOAT DA
    (51) tolerancetype -> . FLOAT PPM
    (52) tolerancetype -> . INTEGER DA
    (53) tolerancetype -> . INTEGER RES
    (54) tolerancetype -> . INTEGER PPM

    LPAREN          shift and go to state 28
    NOT             shift and go to state 34
    ID              shift and go to state 51
    FLOAT           shift and go to state 31
    INTEGER         shift and go to state 30
    PLUS            shift and go to state 22
    MINUS           shift and go to state 19
    STRING          shift and go to state 20
    SFSTRING        shift and go to state 26
    LBRACKET        shift and go to state 18

    tolerancetype                  shift and go to state 24
    onlyObj                        shift and go to state 15
    object                         shift and go to state 25
    scan                           shift and go to state 16
    varcontent                     shift and go to state 21
    boolmarks                      shift and go to state 74
    list                           shift and go to state 32
    withAttr                       shift and go to state 27

state 44

    (73) boolmarks -> boolmarks LE . boolmarks
    (66) boolmarks -> . LPAREN boolmarks RPAREN
    (67) boolmarks -> . NOT boolmarks
    (68) boolmarks -> . boolmarks OR boolmarks
    (69) boolmarks -> . boolmarks AND boolmarks
    (70) boolmarks -> . boolmarks IFA boolmarks
    (71) boolmarks -> . boolmarks IFF boolmarks
    (72) boolmarks -> . boolmarks ARROW boolmarks
    (73) boolmarks -> . boolmarks LE boolmarks
    (74) boolmarks -> . scan
    (99) scan -> . object IN scope options
    (14) object -> . withAttr
    (15) object -> . onlyObj
    (22) withAttr -> . ID DOT ID LBRACE ID RBRACE
    (23) withAttr -> . ID DOT ID LBRACE STRING RBRACE
    (24) withAttr -> . ID DOT ID
    (25) withAttr -> . varcontent DOT ID
    (26) withAttr -> . list DOT ID
    (16) onlyObj -> . ID LBRACE ID RBRACE
    (17) onlyObj -> . ID
    (18) onlyObj -> . list
    (19) onlyObj -> . varcontent
    (20) onlyObj -> . ID LPAREN arguments RPAREN LBRACE ID RBRACE
    (21) onlyObj -> . ID LPAREN arguments RPAREN
    (32) varcontent -> . tolerancetype
    (33) varcontent -> . FLOAT
    (34) varcontent -> . INTEGER
    (35) varcontent -> . PLUS INTEGER
    (36) varcontent -> . MINUS INTEGER
    (37) varcontent -> . STRING
    (38) varcontent -> . SFSTRING
    (29) list -> . LBRACKET listcontent RBRACKET
    (50) tolerancetype -> . FLOAT DA
    (51) tolerancetype -> . FLOAT PPM
    (52) tolerancetype -> . INTEGER DA
    (53) tolerancetype -> . INTEGER RES
    (54) tolerancetype -> . INTEGER PPM

    LPAREN          shift and go to state 28
    NOT             shift and go to state 34
    ID              shift and go to state 51
    FLOAT           shift and go to state 31
    INTEGER         shift and go to state 30
    PLUS            shift and go to state 22
    MINUS           shift and go to state 19
    STRING          shift and go to state 20
    SFSTRING        shift and go to state 26
    LBRACKET        shift and go to state 18

    tolerancetype                  shift and go to state 24
    onlyObj                        shift and go to state 15
    object                         shift and go to state 25
    scan                           shift and go to state 16
    varcontent                     shift and go to state 21
    boolmarks                      shift and go to state 75
    list                           shift and go to state 32
    withAttr                       shift and go to state 27

state 45

    (71) boolmarks -> boolmarks IFF . boolmarks
    (66) boolmarks -> . LPAREN boolmarks RPAREN
    (67) boolmarks -> . NOT boolmarks
    (68) boolmarks -> . boolmarks OR boolmarks
    (69) boolmarks -> . boolmarks AND boolmarks
    (70) boolmarks -> . boolmarks IFA boolmarks
    (71) boolmarks -> . boolmarks IFF boolmarks
    (72) boolmarks -> . boolmarks ARROW boolmarks
    (73) boolmarks -> . boolmarks LE boolmarks
    (74) boolmarks -> . scan
    (99) scan -> . object IN scope options
    (14) object -> . withAttr
    (15) object -> . onlyObj
    (22) withAttr -> . ID DOT ID LBRACE ID RBRACE
    (23) withAttr -> . ID DOT ID LBRACE STRING RBRACE
    (24) withAttr -> . ID DOT ID
    (25) withAttr -> . varcontent DOT ID
    (26) withAttr -> . list DOT ID
    (16) onlyObj -> . ID LBRACE ID RBRACE
    (17) onlyObj -> . ID
    (18) onlyObj -> . list
    (19) onlyObj -> . varcontent
    (20) onlyObj -> . ID LPAREN arguments RPAREN LBRACE ID RBRACE
    (21) onlyObj -> . ID LPAREN arguments RPAREN
    (32) varcontent -> . tolerancetype
    (33) varcontent -> . FLOAT
    (34) varcontent -> . INTEGER
    (35) varcontent -> . PLUS INTEGER
    (36) varcontent -> . MINUS INTEGER
    (37) varcontent -> . STRING
    (38) varcontent -> . SFSTRING
    (29) list -> . LBRACKET listcontent RBRACKET
    (50) tolerancetype -> . FLOAT DA
    (51) tolerancetype -> . FLOAT PPM
    (52) tolerancetype -> . INTEGER DA
    (53) tolerancetype -> . INTEGER RES
    (54) tolerancetype -> . INTEGER PPM

    LPAREN          shift and go to state 28
    NOT             shift and go to state 34
    ID              shift and go to state 51
    FLOAT           shift and go to state 31
    INTEGER         shift and go to state 30
    PLUS            shift and go to state 22
    MINUS           shift and go to state 19
    STRING          shift and go to state 20
    SFSTRING        shift and go to state 26
    LBRACKET        shift and go to state 18

    tolerancetype                  shift and go to state 24
    onlyObj                        shift and go to state 15
    object                         shift and go to state 25
    scan                           shift and go to state 16
    varcontent                     shift and go to state 21
    boolmarks                      shift and go to state 76
    list                           shift and go to state 32
    withAttr                       shift and go to state 27

state 46

    (70) boolmarks -> boolmarks IFA . boolmarks
    (66) boolmarks -> . LPAREN boolmarks RPAREN
    (67) boolmarks -> . NOT boolmarks
    (68) boolmarks -> . boolmarks OR boolmarks
    (69) boolmarks -> . boolmarks AND boolmarks
    (70) boolmarks -> . boolmarks IFA boolmarks
    (71) boolmarks -> . boolmarks IFF boolmarks
    (72) boolmarks -> . boolmarks ARROW boolmarks
    (73) boolmarks -> . boolmarks LE boolmarks
    (74) boolmarks -> . scan
    (99) scan -> . object IN scope options
    (14) object -> . withAttr
    (15) object -> . onlyObj
    (22) withAttr -> . ID DOT ID LBRACE ID RBRACE
    (23) withAttr -> . ID DOT ID LBRACE STRING RBRACE
    (24) withAttr -> . ID DOT ID
    (25) withAttr -> . varcontent DOT ID
    (26) withAttr -> . list DOT ID
    (16) onlyObj -> . ID LBRACE ID RBRACE
    (17) onlyObj -> . ID
    (18) onlyObj -> . list
    (19) onlyObj -> . varcontent
    (20) onlyObj -> . ID LPAREN arguments RPAREN LBRACE ID RBRACE
    (21) onlyObj -> . ID LPAREN arguments RPAREN
    (32) varcontent -> . tolerancetype
    (33) varcontent -> . FLOAT
    (34) varcontent -> . INTEGER
    (35) varcontent -> . PLUS INTEGER
    (36) varcontent -> . MINUS INTEGER
    (37) varcontent -> . STRING
    (38) varcontent -> . SFSTRING
    (29) list -> . LBRACKET listcontent RBRACKET
    (50) tolerancetype -> . FLOAT DA
    (51) tolerancetype -> . FLOAT PPM
    (52) tolerancetype -> . INTEGER DA
    (53) tolerancetype -> . INTEGER RES
    (54) tolerancetype -> . INTEGER PPM

    LPAREN          shift and go to state 28
    NOT             shift and go to state 34
    ID              shift and go to state 51
    FLOAT           shift and go to state 31
    INTEGER         shift and go to state 30
    PLUS            shift and go to state 22
    MINUS           shift and go to state 19
    STRING          shift and go to state 20
    SFSTRING        shift and go to state 26
    LBRACKET        shift and go to state 18

    tolerancetype                  shift and go to state 24
    onlyObj                        shift and go to state 15
    object                         shift and go to state 25
    scan                           shift and go to state 16
    varcontent                     shift and go to state 21
    boolmarks                      shift and go to state 77
    list                           shift and go to state 32
    withAttr                       shift and go to state 27

state 47

    (72) boolmarks -> boolmarks ARROW . boolmarks
    (66) boolmarks -> . LPAREN boolmarks RPAREN
    (67) boolmarks -> . NOT boolmarks
    (68) boolmarks -> . boolmarks OR boolmarks
    (69) boolmarks -> . boolmarks AND boolmarks
    (70) boolmarks -> . boolmarks IFA boolmarks
    (71) boolmarks -> . boolmarks IFF boolmarks
    (72) boolmarks -> . boolmarks ARROW boolmarks
    (73) boolmarks -> . boolmarks LE boolmarks
    (74) boolmarks -> . scan
    (99) scan -> . object IN scope options
    (14) object -> . withAttr
    (15) object -> . onlyObj
    (22) withAttr -> . ID DOT ID LBRACE ID RBRACE
    (23) withAttr -> . ID DOT ID LBRACE STRING RBRACE
    (24) withAttr -> . ID DOT ID
    (25) withAttr -> . varcontent DOT ID
    (26) withAttr -> . list DOT ID
    (16) onlyObj -> . ID LBRACE ID RBRACE
    (17) onlyObj -> . ID
    (18) onlyObj -> . list
    (19) onlyObj -> . varcontent
    (20) onlyObj -> . ID LPAREN arguments RPAREN LBRACE ID RBRACE
    (21) onlyObj -> . ID LPAREN arguments RPAREN
    (32) varcontent -> . tolerancetype
    (33) varcontent -> . FLOAT
    (34) varcontent -> . INTEGER
    (35) varcontent -> . PLUS INTEGER
    (36) varcontent -> . MINUS INTEGER
    (37) varcontent -> . STRING
    (38) varcontent -> . SFSTRING
    (29) list -> . LBRACKET listcontent RBRACKET
    (50) tolerancetype -> . FLOAT DA
    (51) tolerancetype -> . FLOAT PPM
    (52) tolerancetype -> . INTEGER DA
    (53) tolerancetype -> . INTEGER RES
    (54) tolerancetype -> . INTEGER PPM

    LPAREN          shift and go to state 28
    NOT             shift and go to state 34
    ID              shift and go to state 51
    FLOAT           shift and go to state 31
    INTEGER         shift and go to state 30
    PLUS            shift and go to state 22
    MINUS           shift and go to state 19
    STRING          shift and go to state 20
    SFSTRING        shift and go to state 26
    LBRACKET        shift and go to state 18

    tolerancetype                  shift and go to state 24
    onlyObj                        shift and go to state 15
    object                         shift and go to state 25
    scan                           shift and go to state 16
    varcontent                     shift and go to state 21
    boolmarks                      shift and go to state 78
    list                           shift and go to state 32
    withAttr                       shift and go to state 27

state 48

    (68) boolmarks -> boolmarks OR . boolmarks
    (66) boolmarks -> . LPAREN boolmarks RPAREN
    (67) boolmarks -> . NOT boolmarks
    (68) boolmarks -> . boolmarks OR boolmarks
    (69) boolmarks -> . boolmarks AND boolmarks
    (70) boolmarks -> . boolmarks IFA boolmarks
    (71) boolmarks -> . boolmarks IFF boolmarks
    (72) boolmarks -> . boolmarks ARROW boolmarks
    (73) boolmarks -> . boolmarks LE boolmarks
    (74) boolmarks -> . scan
    (99) scan -> . object IN scope options
    (14) object -> . withAttr
    (15) object -> . onlyObj
    (22) withAttr -> . ID DOT ID LBRACE ID RBRACE
    (23) withAttr -> . ID DOT ID LBRACE STRING RBRACE
    (24) withAttr -> . ID DOT ID
    (25) withAttr -> . varcontent DOT ID
    (26) withAttr -> . list DOT ID
    (16) onlyObj -> . ID LBRACE ID RBRACE
    (17) onlyObj -> . ID
    (18) onlyObj -> . list
    (19) onlyObj -> . varcontent
    (20) onlyObj -> . ID LPAREN arguments RPAREN LBRACE ID RBRACE
    (21) onlyObj -> . ID LPAREN arguments RPAREN
    (32) varcontent -> . tolerancetype
    (33) varcontent -> . FLOAT
    (34) varcontent -> . INTEGER
    (35) varcontent -> . PLUS INTEGER
    (36) varcontent -> . MINUS INTEGER
    (37) varcontent -> . STRING
    (38) varcontent -> . SFSTRING
    (29) list -> . LBRACKET listcontent RBRACKET
    (50) tolerancetype -> . FLOAT DA
    (51) tolerancetype -> . FLOAT PPM
    (52) tolerancetype -> . INTEGER DA
    (53) tolerancetype -> . INTEGER RES
    (54) tolerancetype -> . INTEGER PPM

    LPAREN          shift and go to state 28
    NOT             shift and go to state 34
    ID              shift and go to state 51
    FLOAT           shift and go to state 31
    INTEGER         shift and go to state 30
    PLUS            shift and go to state 22
    MINUS           shift and go to state 19
    STRING          shift and go to state 20
    SFSTRING        shift and go to state 26
    LBRACKET        shift and go to state 18

    tolerancetype                  shift and go to state 24
    onlyObj                        shift and go to state 15
    object                         shift and go to state 25
    scan                           shift and go to state 16
    varcontent                     shift and go to state 21
    boolmarks                      shift and go to state 79
    list                           shift and go to state 32
    withAttr                       shift and go to state 27

state 49

    (31) listcontent -> object .

    RBRACKET        reduce using rule 31 (listcontent -> object .)
    COMMA           reduce using rule 31 (listcontent -> object .)


state 50

    (29) list -> LBRACKET listcontent . RBRACKET
    (30) listcontent -> listcontent . COMMA object

    RBRACKET        shift and go to state 81
    COMMA           shift and go to state 80


state 51

    (22) withAttr -> ID . DOT ID LBRACE ID RBRACE
    (23) withAttr -> ID . DOT ID LBRACE STRING RBRACE
    (24) withAttr -> ID . DOT ID
    (16) onlyObj -> ID . LBRACE ID RBRACE
    (17) onlyObj -> ID .
    (20) onlyObj -> ID . LPAREN arguments RPAREN LBRACE ID RBRACE
    (21) onlyObj -> ID . LPAREN arguments RPAREN

    DOT             shift and go to state 60
    LBRACE          shift and go to state 58
    IN              reduce using rule 17 (onlyObj -> ID .)
    COMMA           reduce using rule 17 (onlyObj -> ID .)
    PLUS            reduce using rule 17 (onlyObj -> ID .)
    MINUS           reduce using rule 17 (onlyObj -> ID .)
    TIMES           reduce using rule 17 (onlyObj -> ID .)
    DIVIDE          reduce using rule 17 (onlyObj -> ID .)
    RPAREN          reduce using rule 17 (onlyObj -> ID .)
    WITH            reduce using rule 17 (onlyObj -> ID .)
    AND             reduce using rule 17 (onlyObj -> ID .)
    OR              reduce using rule 17 (onlyObj -> ID .)
    REPORT          reduce using rule 17 (onlyObj -> ID .)
    INTERPRETATION  reduce using rule 17 (onlyObj -> ID .)
    EQUALS          reduce using rule 17 (onlyObj -> ID .)
    GT              reduce using rule 17 (onlyObj -> ID .)
    GE              reduce using rule 17 (onlyObj -> ID .)
    LE              reduce using rule 17 (onlyObj -> ID .)
    LT              reduce using rule 17 (onlyObj -> ID .)
    NE              reduce using rule 17 (onlyObj -> ID .)
    SEMICOLON       reduce using rule 17 (onlyObj -> ID .)
    IFA             reduce using rule 17 (onlyObj -> ID .)
    IFF             reduce using rule 17 (onlyObj -> ID .)
    ARROW           reduce using rule 17 (onlyObj -> ID .)
    SUCHTHAT        reduce using rule 17 (onlyObj -> ID .)
    AS              reduce using rule 17 (onlyObj -> ID .)
    RBRACKET        reduce using rule 17 (onlyObj -> ID .)
    LPAREN          shift and go to state 59


state 52

    (36) varcontent -> MINUS INTEGER .

    DOT             reduce using rule 36 (varcontent -> MINUS INTEGER .)
    AND             reduce using rule 36 (varcontent -> MINUS INTEGER .)
    OR              reduce using rule 36 (varcontent -> MINUS INTEGER .)
    REPORT          reduce using rule 36 (varcontent -> MINUS INTEGER .)
    INTERPRETATION  reduce using rule 36 (varcontent -> MINUS INTEGER .)
    RPAREN          reduce using rule 36 (varcontent -> MINUS INTEGER .)
    EQUALS          reduce using rule 36 (varcontent -> MINUS INTEGER .)
    GT              reduce using rule 36 (varcontent -> MINUS INTEGER .)
    GE              reduce using rule 36 (varcontent -> MINUS INTEGER .)
    LE              reduce using rule 36 (varcontent -> MINUS INTEGER .)
    LT              reduce using rule 36 (varcontent -> MINUS INTEGER .)
    NE              reduce using rule 36 (varcontent -> MINUS INTEGER .)
    PLUS            reduce using rule 36 (varcontent -> MINUS INTEGER .)
    MINUS           reduce using rule 36 (varcontent -> MINUS INTEGER .)
    TIMES           reduce using rule 36 (varcontent -> MINUS INTEGER .)
    DIVIDE          reduce using rule 36 (varcontent -> MINUS INTEGER .)
    SEMICOLON       reduce using rule 36 (varcontent -> MINUS INTEGER .)
    COMMA           reduce using rule 36 (varcontent -> MINUS INTEGER .)
    IN              reduce using rule 36 (varcontent -> MINUS INTEGER .)
    WITH            reduce using rule 36 (varcontent -> MINUS INTEGER .)
    AS              reduce using rule 36 (varcontent -> MINUS INTEGER .)
    IFA             reduce using rule 36 (varcontent -> MINUS INTEGER .)
    IFF             reduce using rule 36 (varcontent -> MINUS INTEGER .)
    ARROW           reduce using rule 36 (varcontent -> MINUS INTEGER .)
    SUCHTHAT        reduce using rule 36 (varcontent -> MINUS INTEGER .)
    RBRACKET        reduce using rule 36 (varcontent -> MINUS INTEGER .)


state 53

    (25) withAttr -> varcontent DOT . ID

    ID              shift and go to state 82


state 54

    (35) varcontent -> PLUS INTEGER .

    DOT             reduce using rule 35 (varcontent -> PLUS INTEGER .)
    AND             reduce using rule 35 (varcontent -> PLUS INTEGER .)
    OR              reduce using rule 35 (varcontent -> PLUS INTEGER .)
    REPORT          reduce using rule 35 (varcontent -> PLUS INTEGER .)
    INTERPRETATION  reduce using rule 35 (varcontent -> PLUS INTEGER .)
    RPAREN          reduce using rule 35 (varcontent -> PLUS INTEGER .)
    EQUALS          reduce using rule 35 (varcontent -> PLUS INTEGER .)
    GT              reduce using rule 35 (varcontent -> PLUS INTEGER .)
    GE              reduce using rule 35 (varcontent -> PLUS INTEGER .)
    LE              reduce using rule 35 (varcontent -> PLUS INTEGER .)
    LT              reduce using rule 35 (varcontent -> PLUS INTEGER .)
    NE              reduce using rule 35 (varcontent -> PLUS INTEGER .)
    PLUS            reduce using rule 35 (varcontent -> PLUS INTEGER .)
    MINUS           reduce using rule 35 (varcontent -> PLUS INTEGER .)
    TIMES           reduce using rule 35 (varcontent -> PLUS INTEGER .)
    DIVIDE          reduce using rule 35 (varcontent -> PLUS INTEGER .)
    SEMICOLON       reduce using rule 35 (varcontent -> PLUS INTEGER .)
    COMMA           reduce using rule 35 (varcontent -> PLUS INTEGER .)
    IN              reduce using rule 35 (varcontent -> PLUS INTEGER .)
    WITH            reduce using rule 35 (varcontent -> PLUS INTEGER .)
    AS              reduce using rule 35 (varcontent -> PLUS INTEGER .)
    IFA             reduce using rule 35 (varcontent -> PLUS INTEGER .)
    IFF             reduce using rule 35 (varcontent -> PLUS INTEGER .)
    ARROW           reduce using rule 35 (varcontent -> PLUS INTEGER .)
    SUCHTHAT        reduce using rule 35 (varcontent -> PLUS INTEGER .)
    RBRACKET        reduce using rule 35 (varcontent -> PLUS INTEGER .)


state 55

    (59) identification -> IDENTIFY marks evalMarks . suchthat REPORT report
    (60) identification -> IDENTIFY marks evalMarks . REPORT report
    (61) identification -> IDENTIFY marks evalMarks . suchthat interpretation REPORT report
    (62) identification -> IDENTIFY marks evalMarks . interpretation REPORT report
    (76) suchthat -> . SUCHTHAT body
    (98) interpretation -> . INTERPRETATION expr

    REPORT          shift and go to state 85
    SUCHTHAT        shift and go to state 84
    INTERPRETATION  shift and go to state 86

    interpretation                 shift and go to state 83
    suchthat                       shift and go to state 87

state 56

    (99) scan -> object IN . scope options
    (100) scope -> . MS1 MINUS
    (101) scope -> . MS1 PLUS
    (102) scope -> . MS2 PLUS
    (103) scope -> . MS2 MINUS

    MS1             shift and go to state 89
    MS2             shift and go to state 88

    scope                          shift and go to state 90

state 57

    (66) boolmarks -> LPAREN boolmarks . RPAREN
    (68) boolmarks -> boolmarks . OR boolmarks
    (69) boolmarks -> boolmarks . AND boolmarks
    (70) boolmarks -> boolmarks . IFA boolmarks
    (71) boolmarks -> boolmarks . IFF boolmarks
    (72) boolmarks -> boolmarks . ARROW boolmarks
    (73) boolmarks -> boolmarks . LE boolmarks

    RPAREN          shift and go to state 91
    OR              shift and go to state 48
    AND             shift and go to state 43
    IFA             shift and go to state 46
    IFF             shift and go to state 45
    ARROW           shift and go to state 47
    LE              shift and go to state 44


state 58

    (16) onlyObj -> ID LBRACE . ID RBRACE

    ID              shift and go to state 92


state 59

    (20) onlyObj -> ID LPAREN . arguments RPAREN LBRACE ID RBRACE
    (21) onlyObj -> ID LPAREN . arguments RPAREN
    (27) arguments -> . expression
    (28) arguments -> . arguments COMMA expression
    (91) expression -> . expression PLUS expression
    (92) expression -> . expression MINUS expression
    (93) expression -> . expression TIMES expression
    (94) expression -> . expression DIVIDE expression
    (95) expression -> . LPAREN expression RPAREN LBRACE ID RBRACE
    (96) expression -> . LPAREN expression RPAREN
    (97) expression -> . object
    (14) object -> . withAttr
    (15) object -> . onlyObj
    (22) withAttr -> . ID DOT ID LBRACE ID RBRACE
    (23) withAttr -> . ID DOT ID LBRACE STRING RBRACE
    (24) withAttr -> . ID DOT ID
    (25) withAttr -> . varcontent DOT ID
    (26) withAttr -> . list DOT ID
    (16) onlyObj -> . ID LBRACE ID RBRACE
    (17) onlyObj -> . ID
    (18) onlyObj -> . list
    (19) onlyObj -> . varcontent
    (20) onlyObj -> . ID LPAREN arguments RPAREN LBRACE ID RBRACE
    (21) onlyObj -> . ID LPAREN arguments RPAREN
    (32) varcontent -> . tolerancetype
    (33) varcontent -> . FLOAT
    (34) varcontent -> . INTEGER
    (35) varcontent -> . PLUS INTEGER
    (36) varcontent -> . MINUS INTEGER
    (37) varcontent -> . STRING
    (38) varcontent -> . SFSTRING
    (29) list -> . LBRACKET listcontent RBRACKET
    (50) tolerancetype -> . FLOAT DA
    (51) tolerancetype -> . FLOAT PPM
    (52) tolerancetype -> . INTEGER DA
    (53) tolerancetype -> . INTEGER RES
    (54) tolerancetype -> . INTEGER PPM

    LPAREN          shift and go to state 95
    ID              shift and go to state 51
    FLOAT           shift and go to state 31
    INTEGER         shift and go to state 30
    PLUS            shift and go to state 22
    MINUS           shift and go to state 19
    STRING          shift and go to state 20
    SFSTRING        shift and go to state 26
    LBRACKET        shift and go to state 18

    tolerancetype                  shift and go to state 24
    onlyObj                        shift and go to state 15
    varcontent                     shift and go to state 21
    object                         shift and go to state 94
    list                           shift and go to state 32
    withAttr                       shift and go to state 27
    arguments                      shift and go to state 93
    expression                     shift and go to state 96

state 60

    (22) withAttr -> ID DOT . ID LBRACE ID RBRACE
    (23) withAttr -> ID DOT . ID LBRACE STRING RBRACE
    (24) withAttr -> ID DOT . ID

    ID              shift and go to state 97


state 61

    (53) tolerancetype -> INTEGER RES .

    DOT             reduce using rule 53 (tolerancetype -> INTEGER RES .)
    IN              reduce using rule 53 (tolerancetype -> INTEGER RES .)
    RBRACKET        reduce using rule 53 (tolerancetype -> INTEGER RES .)
    COMMA           reduce using rule 53 (tolerancetype -> INTEGER RES .)
    SEMICOLON       reduce using rule 53 (tolerancetype -> INTEGER RES .)
    PLUS            reduce using rule 53 (tolerancetype -> INTEGER RES .)
    MINUS           reduce using rule 53 (tolerancetype -> INTEGER RES .)
    TIMES           reduce using rule 53 (tolerancetype -> INTEGER RES .)
    DIVIDE          reduce using rule 53 (tolerancetype -> INTEGER RES .)
    RPAREN          reduce using rule 53 (tolerancetype -> INTEGER RES .)
    WITH            reduce using rule 53 (tolerancetype -> INTEGER RES .)
    AND             reduce using rule 53 (tolerancetype -> INTEGER RES .)
    OR              reduce using rule 53 (tolerancetype -> INTEGER RES .)
    REPORT          reduce using rule 53 (tolerancetype -> INTEGER RES .)
    INTERPRETATION  reduce using rule 53 (tolerancetype -> INTEGER RES .)
    EQUALS          reduce using rule 53 (tolerancetype -> INTEGER RES .)
    GT              reduce using rule 53 (tolerancetype -> INTEGER RES .)
    GE              reduce using rule 53 (tolerancetype -> INTEGER RES .)
    LE              reduce using rule 53 (tolerancetype -> INTEGER RES .)
    LT              reduce using rule 53 (tolerancetype -> INTEGER RES .)
    NE              reduce using rule 53 (tolerancetype -> INTEGER RES .)
    IFA             reduce using rule 53 (tolerancetype -> INTEGER RES .)
    IFF             reduce using rule 53 (tolerancetype -> INTEGER RES .)
    ARROW           reduce using rule 53 (tolerancetype -> INTEGER RES .)
    SUCHTHAT        reduce using rule 53 (tolerancetype -> INTEGER RES .)
    AS              reduce using rule 53 (tolerancetype -> INTEGER RES .)


state 62

    (54) tolerancetype -> INTEGER PPM .

    DOT             reduce using rule 54 (tolerancetype -> INTEGER PPM .)
    IN              reduce using rule 54 (tolerancetype -> INTEGER PPM .)
    RBRACKET        reduce using rule 54 (tolerancetype -> INTEGER PPM .)
    COMMA           reduce using rule 54 (tolerancetype -> INTEGER PPM .)
    SEMICOLON       reduce using rule 54 (tolerancetype -> INTEGER PPM .)
    PLUS            reduce using rule 54 (tolerancetype -> INTEGER PPM .)
    MINUS           reduce using rule 54 (tolerancetype -> INTEGER PPM .)
    TIMES           reduce using rule 54 (tolerancetype -> INTEGER PPM .)
    DIVIDE          reduce using rule 54 (tolerancetype -> INTEGER PPM .)
    RPAREN          reduce using rule 54 (tolerancetype -> INTEGER PPM .)
    WITH            reduce using rule 54 (tolerancetype -> INTEGER PPM .)
    AND             reduce using rule 54 (tolerancetype -> INTEGER PPM .)
    OR              reduce using rule 54 (tolerancetype -> INTEGER PPM .)
    REPORT          reduce using rule 54 (tolerancetype -> INTEGER PPM .)
    INTERPRETATION  reduce using rule 54 (tolerancetype -> INTEGER PPM .)
    EQUALS          reduce using rule 54 (tolerancetype -> INTEGER PPM .)
    GT              reduce using rule 54 (tolerancetype -> INTEGER PPM .)
    GE              reduce using rule 54 (tolerancetype -> INTEGER PPM .)
    LE              reduce using rule 54 (tolerancetype -> INTEGER PPM .)
    LT              reduce using rule 54 (tolerancetype -> INTEGER PPM .)
    NE              reduce using rule 54 (tolerancetype -> INTEGER PPM .)
    IFA             reduce using rule 54 (tolerancetype -> INTEGER PPM .)
    IFF             reduce using rule 54 (tolerancetype -> INTEGER PPM .)
    ARROW           reduce using rule 54 (tolerancetype -> INTEGER PPM .)
    SUCHTHAT        reduce using rule 54 (tolerancetype -> INTEGER PPM .)
    AS              reduce using rule 54 (tolerancetype -> INTEGER PPM .)


state 63

    (52) tolerancetype -> INTEGER DA .

    DOT             reduce using rule 52 (tolerancetype -> INTEGER DA .)
    IN              reduce using rule 52 (tolerancetype -> INTEGER DA .)
    RBRACKET        reduce using rule 52 (tolerancetype -> INTEGER DA .)
    COMMA           reduce using rule 52 (tolerancetype -> INTEGER DA .)
    SEMICOLON       reduce using rule 52 (tolerancetype -> INTEGER DA .)
    PLUS            reduce using rule 52 (tolerancetype -> INTEGER DA .)
    MINUS           reduce using rule 52 (tolerancetype -> INTEGER DA .)
    TIMES           reduce using rule 52 (tolerancetype -> INTEGER DA .)
    DIVIDE          reduce using rule 52 (tolerancetype -> INTEGER DA .)
    RPAREN          reduce using rule 52 (tolerancetype -> INTEGER DA .)
    WITH            reduce using rule 52 (tolerancetype -> INTEGER DA .)
    AND             reduce using rule 52 (tolerancetype -> INTEGER DA .)
    OR              reduce using rule 52 (tolerancetype -> INTEGER DA .)
    REPORT          reduce using rule 52 (tolerancetype -> INTEGER DA .)
    INTERPRETATION  reduce using rule 52 (tolerancetype -> INTEGER DA .)
    EQUALS          reduce using rule 52 (tolerancetype -> INTEGER DA .)
    GT              reduce using rule 52 (tolerancetype -> INTEGER DA .)
    GE              reduce using rule 52 (tolerancetype -> INTEGER DA .)
    LE              reduce using rule 52 (tolerancetype -> INTEGER DA .)
    LT              reduce using rule 52 (tolerancetype -> INTEGER DA .)
    NE              reduce using rule 52 (tolerancetype -> INTEGER DA .)
    IFA             reduce using rule 52 (tolerancetype -> INTEGER DA .)
    IFF             reduce using rule 52 (tolerancetype -> INTEGER DA .)
    ARROW           reduce using rule 52 (tolerancetype -> INTEGER DA .)
    SUCHTHAT        reduce using rule 52 (tolerancetype -> INTEGER DA .)
    AS              reduce using rule 52 (tolerancetype -> INTEGER DA .)


state 64

    (51) tolerancetype -> FLOAT PPM .

    DOT             reduce using rule 51 (tolerancetype -> FLOAT PPM .)
    IN              reduce using rule 51 (tolerancetype -> FLOAT PPM .)
    RBRACKET        reduce using rule 51 (tolerancetype -> FLOAT PPM .)
    COMMA           reduce using rule 51 (tolerancetype -> FLOAT PPM .)
    SEMICOLON       reduce using rule 51 (tolerancetype -> FLOAT PPM .)
    PLUS            reduce using rule 51 (tolerancetype -> FLOAT PPM .)
    MINUS           reduce using rule 51 (tolerancetype -> FLOAT PPM .)
    TIMES           reduce using rule 51 (tolerancetype -> FLOAT PPM .)
    DIVIDE          reduce using rule 51 (tolerancetype -> FLOAT PPM .)
    RPAREN          reduce using rule 51 (tolerancetype -> FLOAT PPM .)
    WITH            reduce using rule 51 (tolerancetype -> FLOAT PPM .)
    AND             reduce using rule 51 (tolerancetype -> FLOAT PPM .)
    OR              reduce using rule 51 (tolerancetype -> FLOAT PPM .)
    REPORT          reduce using rule 51 (tolerancetype -> FLOAT PPM .)
    INTERPRETATION  reduce using rule 51 (tolerancetype -> FLOAT PPM .)
    EQUALS          reduce using rule 51 (tolerancetype -> FLOAT PPM .)
    GT              reduce using rule 51 (tolerancetype -> FLOAT PPM .)
    GE              reduce using rule 51 (tolerancetype -> FLOAT PPM .)
    LE              reduce using rule 51 (tolerancetype -> FLOAT PPM .)
    LT              reduce using rule 51 (tolerancetype -> FLOAT PPM .)
    NE              reduce using rule 51 (tolerancetype -> FLOAT PPM .)
    IFA             reduce using rule 51 (tolerancetype -> FLOAT PPM .)
    IFF             reduce using rule 51 (tolerancetype -> FLOAT PPM .)
    ARROW           reduce using rule 51 (tolerancetype -> FLOAT PPM .)
    SUCHTHAT        reduce using rule 51 (tolerancetype -> FLOAT PPM .)
    AS              reduce using rule 51 (tolerancetype -> FLOAT PPM .)


state 65

    (50) tolerancetype -> FLOAT DA .

    DOT             reduce using rule 50 (tolerancetype -> FLOAT DA .)
    IN              reduce using rule 50 (tolerancetype -> FLOAT DA .)
    RBRACKET        reduce using rule 50 (tolerancetype -> FLOAT DA .)
    COMMA           reduce using rule 50 (tolerancetype -> FLOAT DA .)
    SEMICOLON       reduce using rule 50 (tolerancetype -> FLOAT DA .)
    PLUS            reduce using rule 50 (tolerancetype -> FLOAT DA .)
    MINUS           reduce using rule 50 (tolerancetype -> FLOAT DA .)
    TIMES           reduce using rule 50 (tolerancetype -> FLOAT DA .)
    DIVIDE          reduce using rule 50 (tolerancetype -> FLOAT DA .)
    RPAREN          reduce using rule 50 (tolerancetype -> FLOAT DA .)
    WITH            reduce using rule 50 (tolerancetype -> FLOAT DA .)
    AND             reduce using rule 50 (tolerancetype -> FLOAT DA .)
    OR              reduce using rule 50 (tolerancetype -> FLOAT DA .)
    REPORT          reduce using rule 50 (tolerancetype -> FLOAT DA .)
    INTERPRETATION  reduce using rule 50 (tolerancetype -> FLOAT DA .)
    EQUALS          reduce using rule 50 (tolerancetype -> FLOAT DA .)
    GT              reduce using rule 50 (tolerancetype -> FLOAT DA .)
    GE              reduce using rule 50 (tolerancetype -> FLOAT DA .)
    LE              reduce using rule 50 (tolerancetype -> FLOAT DA .)
    LT              reduce using rule 50 (tolerancetype -> FLOAT DA .)
    NE              reduce using rule 50 (tolerancetype -> FLOAT DA .)
    IFA             reduce using rule 50 (tolerancetype -> FLOAT DA .)
    IFF             reduce using rule 50 (tolerancetype -> FLOAT DA .)
    ARROW           reduce using rule 50 (tolerancetype -> FLOAT DA .)
    SUCHTHAT        reduce using rule 50 (tolerancetype -> FLOAT DA .)
    AS              reduce using rule 50 (tolerancetype -> FLOAT DA .)


state 66

    (26) withAttr -> list DOT . ID

    ID              shift and go to state 98


state 67

    (55) identification -> IDENTIFY tagname WHERE . marks evalMarks suchthat REPORT report
    (56) identification -> IDENTIFY tagname WHERE . marks evalMarks REPORT report
    (57) identification -> IDENTIFY tagname WHERE . marks evalMarks suchthat interpretation REPORT report
    (58) identification -> IDENTIFY tagname WHERE . marks evalMarks interpretation REPORT report
    (65) marks -> . boolmarks
    (66) boolmarks -> . LPAREN boolmarks RPAREN
    (67) boolmarks -> . NOT boolmarks
    (68) boolmarks -> . boolmarks OR boolmarks
    (69) boolmarks -> . boolmarks AND boolmarks
    (70) boolmarks -> . boolmarks IFA boolmarks
    (71) boolmarks -> . boolmarks IFF boolmarks
    (72) boolmarks -> . boolmarks ARROW boolmarks
    (73) boolmarks -> . boolmarks LE boolmarks
    (74) boolmarks -> . scan
    (99) scan -> . object IN scope options
    (14) object -> . withAttr
    (15) object -> . onlyObj
    (22) withAttr -> . ID DOT ID LBRACE ID RBRACE
    (23) withAttr -> . ID DOT ID LBRACE STRING RBRACE
    (24) withAttr -> . ID DOT ID
    (25) withAttr -> . varcontent DOT ID
    (26) withAttr -> . list DOT ID
    (16) onlyObj -> . ID LBRACE ID RBRACE
    (17) onlyObj -> . ID
    (18) onlyObj -> . list
    (19) onlyObj -> . varcontent
    (20) onlyObj -> . ID LPAREN arguments RPAREN LBRACE ID RBRACE
    (21) onlyObj -> . ID LPAREN arguments RPAREN
    (32) varcontent -> . tolerancetype
    (33) varcontent -> . FLOAT
    (34) varcontent -> . INTEGER
    (35) varcontent -> . PLUS INTEGER
    (36) varcontent -> . MINUS INTEGER
    (37) varcontent -> . STRING
    (38) varcontent -> . SFSTRING
    (29) list -> . LBRACKET listcontent RBRACKET
    (50) tolerancetype -> . FLOAT DA
    (51) tolerancetype -> . FLOAT PPM
    (52) tolerancetype -> . INTEGER DA
    (53) tolerancetype -> . INTEGER RES
    (54) tolerancetype -> . INTEGER PPM

    LPAREN          shift and go to state 28
    NOT             shift and go to state 34
    ID              shift and go to state 51
    FLOAT           shift and go to state 31
    INTEGER         shift and go to state 30
    PLUS            shift and go to state 22
    MINUS           shift and go to state 19
    STRING          shift and go to state 20
    SFSTRING        shift and go to state 26
    LBRACKET        shift and go to state 18

    tolerancetype                  shift and go to state 24
    onlyObj                        shift and go to state 15
    object                         shift and go to state 25
    scan                           shift and go to state 16
    varcontent                     shift and go to state 21
    boolmarks                      shift and go to state 17
    list                           shift and go to state 32
    withAttr                       shift and go to state 27
    marks                          shift and go to state 99

state 68

    (67) boolmarks -> NOT boolmarks .
    (68) boolmarks -> boolmarks . OR boolmarks
    (69) boolmarks -> boolmarks . AND boolmarks
    (70) boolmarks -> boolmarks . IFA boolmarks
    (71) boolmarks -> boolmarks . IFF boolmarks
    (72) boolmarks -> boolmarks . ARROW boolmarks
    (73) boolmarks -> boolmarks . LE boolmarks

    RPAREN          reduce using rule 67 (boolmarks -> NOT boolmarks .)
    OR              reduce using rule 67 (boolmarks -> NOT boolmarks .)
    AND             reduce using rule 67 (boolmarks -> NOT boolmarks .)
    IFA             reduce using rule 67 (boolmarks -> NOT boolmarks .)
    IFF             reduce using rule 67 (boolmarks -> NOT boolmarks .)
    ARROW           reduce using rule 67 (boolmarks -> NOT boolmarks .)
    LE              reduce using rule 67 (boolmarks -> NOT boolmarks .)
    REPORT          reduce using rule 67 (boolmarks -> NOT boolmarks .)
    SUCHTHAT        reduce using rule 67 (boolmarks -> NOT boolmarks .)
    INTERPRETATION  reduce using rule 67 (boolmarks -> NOT boolmarks .)

  ! OR              [ shift and go to state 48 ]
  ! AND             [ shift and go to state 43 ]
  ! IFA             [ shift and go to state 46 ]
  ! IFF             [ shift and go to state 45 ]
  ! ARROW           [ shift and go to state 47 ]
  ! LE              [ shift and go to state 44 ]


state 69

    (6) scriptname -> QUERYNAME IS getQueryName SEMICOLON .

    DEFINE          reduce using rule 6 (scriptname -> QUERYNAME IS getQueryName SEMICOLON .)


state 70

    (12) var -> DEFINE list IS . object options SEMICOLON
    (14) object -> . withAttr
    (15) object -> . onlyObj
    (22) withAttr -> . ID DOT ID LBRACE ID RBRACE
    (23) withAttr -> . ID DOT ID LBRACE STRING RBRACE
    (24) withAttr -> . ID DOT ID
    (25) withAttr -> . varcontent DOT ID
    (26) withAttr -> . list DOT ID
    (16) onlyObj -> . ID LBRACE ID RBRACE
    (17) onlyObj -> . ID
    (18) onlyObj -> . list
    (19) onlyObj -> . varcontent
    (20) onlyObj -> . ID LPAREN arguments RPAREN LBRACE ID RBRACE
    (21) onlyObj -> . ID LPAREN arguments RPAREN
    (32) varcontent -> . tolerancetype
    (33) varcontent -> . FLOAT
    (34) varcontent -> . INTEGER
    (35) varcontent -> . PLUS INTEGER
    (36) varcontent -> . MINUS INTEGER
    (37) varcontent -> . STRING
    (38) varcontent -> . SFSTRING
    (29) list -> . LBRACKET listcontent RBRACKET
    (50) tolerancetype -> . FLOAT DA
    (51) tolerancetype -> . FLOAT PPM
    (52) tolerancetype -> . INTEGER DA
    (53) tolerancetype -> . INTEGER RES
    (54) tolerancetype -> . INTEGER PPM

    ID              shift and go to state 51
    FLOAT           shift and go to state 31
    INTEGER         shift and go to state 30
    PLUS            shift and go to state 22
    MINUS           shift and go to state 19
    STRING          shift and go to state 20
    SFSTRING        shift and go to state 26
    LBRACKET        shift and go to state 18

    tolerancetype                  shift and go to state 24
    onlyObj                        shift and go to state 15
    varcontent                     shift and go to state 21
    object                         shift and go to state 100
    list                           shift and go to state 32
    withAttr                       shift and go to state 27

state 71

    (10) var -> DEFINE ID IS . object options SEMICOLON
    (11) var -> DEFINE ID IS . object options AS NEUTRALLOSS SEMICOLON
    (14) object -> . withAttr
    (15) object -> . onlyObj
    (22) withAttr -> . ID DOT ID LBRACE ID RBRACE
    (23) withAttr -> . ID DOT ID LBRACE STRING RBRACE
    (24) withAttr -> . ID DOT ID
    (25) withAttr -> . varcontent DOT ID
    (26) withAttr -> . list DOT ID
    (16) onlyObj -> . ID LBRACE ID RBRACE
    (17) onlyObj -> . ID
    (18) onlyObj -> . list
    (19) onlyObj -> . varcontent
    (20) onlyObj -> . ID LPAREN arguments RPAREN LBRACE ID RBRACE
    (21) onlyObj -> . ID LPAREN arguments RPAREN
    (32) varcontent -> . tolerancetype
    (33) varcontent -> . FLOAT
    (34) varcontent -> . INTEGER
    (35) varcontent -> . PLUS INTEGER
    (36) varcontent -> . MINUS INTEGER
    (37) varcontent -> . STRING
    (38) varcontent -> . SFSTRING
    (29) list -> . LBRACKET listcontent RBRACKET
    (50) tolerancetype -> . FLOAT DA
    (51) tolerancetype -> . FLOAT PPM
    (52) tolerancetype -> . INTEGER DA
    (53) tolerancetype -> . INTEGER RES
    (54) tolerancetype -> . INTEGER PPM

    ID              shift and go to state 51
    FLOAT           shift and go to state 31
    INTEGER         shift and go to state 30
    PLUS            shift and go to state 22
    MINUS           shift and go to state 19
    STRING          shift and go to state 20
    SFSTRING        shift and go to state 26
    LBRACKET        shift and go to state 18

    tolerancetype                  shift and go to state 24
    onlyObj                        shift and go to state 15
    varcontent                     shift and go to state 21
    object                         shift and go to state 101
    list                           shift and go to state 32
    withAttr                       shift and go to state 27

state 72

    (39) options -> WITH . optioncontent
    (41) optioncontent -> . optioncontent COMMA optionentry
    (42) optioncontent -> . optionentry
    (43) optionentry -> . DBR IS LPAREN object COMMA object RPAREN
    (44) optionentry -> . CHG IS INTEGER
    (45) optionentry -> . MASSRANGE IS LPAREN object COMMA object RPAREN
    (46) optionentry -> . MINOCC IS object
    (47) optionentry -> . MAXOCC IS object
    (48) optionentry -> . RETENTIONTIME IS object
    (49) optionentry -> . TOLERANCE IS tolerancetype

    DBR             shift and go to state 110
    CHG             shift and go to state 105
    MASSRANGE       shift and go to state 107
    MINOCC          shift and go to state 102
    MAXOCC          shift and go to state 108
    RETENTIONTIME   shift and go to state 104
    TOLERANCE       shift and go to state 106

    optionentry                    shift and go to state 109
    optioncontent                  shift and go to state 103

state 73

    (13) var -> DEFINE ID options . SEMICOLON

    SEMICOLON       shift and go to state 111


state 74

    (69) boolmarks -> boolmarks AND boolmarks .
    (68) boolmarks -> boolmarks . OR boolmarks
    (69) boolmarks -> boolmarks . AND boolmarks
    (70) boolmarks -> boolmarks . IFA boolmarks
    (71) boolmarks -> boolmarks . IFF boolmarks
    (72) boolmarks -> boolmarks . ARROW boolmarks
    (73) boolmarks -> boolmarks . LE boolmarks

    RPAREN          reduce using rule 69 (boolmarks -> boolmarks AND boolmarks .)
    OR              reduce using rule 69 (boolmarks -> boolmarks AND boolmarks .)
    AND             reduce using rule 69 (boolmarks -> boolmarks AND boolmarks .)
    IFA             reduce using rule 69 (boolmarks -> boolmarks AND boolmarks .)
    IFF             reduce using rule 69 (boolmarks -> boolmarks AND boolmarks .)
    ARROW           reduce using rule 69 (boolmarks -> boolmarks AND boolmarks .)
    LE              reduce using rule 69 (boolmarks -> boolmarks AND boolmarks .)
    REPORT          reduce using rule 69 (boolmarks -> boolmarks AND boolmarks .)
    SUCHTHAT        reduce using rule 69 (boolmarks -> boolmarks AND boolmarks .)
    INTERPRETATION  reduce using rule 69 (boolmarks -> boolmarks AND boolmarks .)

  ! OR              [ shift and go to state 48 ]
  ! AND             [ shift and go to state 43 ]
  ! IFA             [ shift and go to state 46 ]
  ! IFF             [ shift and go to state 45 ]
  ! ARROW           [ shift and go to state 47 ]
  ! LE              [ shift and go to state 44 ]


state 75

    (73) boolmarks -> boolmarks LE boolmarks .
    (68) boolmarks -> boolmarks . OR boolmarks
    (69) boolmarks -> boolmarks . AND boolmarks
    (70) boolmarks -> boolmarks . IFA boolmarks
    (71) boolmarks -> boolmarks . IFF boolmarks
    (72) boolmarks -> boolmarks . ARROW boolmarks
    (73) boolmarks -> boolmarks . LE boolmarks

    RPAREN          reduce using rule 73 (boolmarks -> boolmarks LE boolmarks .)
    IFA             reduce using rule 73 (boolmarks -> boolmarks LE boolmarks .)
    LE              reduce using rule 73 (boolmarks -> boolmarks LE boolmarks .)
    REPORT          reduce using rule 73 (boolmarks -> boolmarks LE boolmarks .)
    SUCHTHAT        reduce using rule 73 (boolmarks -> boolmarks LE boolmarks .)
    INTERPRETATION  reduce using rule 73 (boolmarks -> boolmarks LE boolmarks .)
    OR              shift and go to state 48
    AND             shift and go to state 43
    IFF             shift and go to state 45
    ARROW           shift and go to state 47

  ! OR              [ reduce using rule 73 (boolmarks -> boolmarks LE boolmarks .) ]
  ! AND             [ reduce using rule 73 (boolmarks -> boolmarks LE boolmarks .) ]
  ! IFF             [ reduce using rule 73 (boolmarks -> boolmarks LE boolmarks .) ]
  ! ARROW           [ reduce using rule 73 (boolmarks -> boolmarks LE boolmarks .) ]
  ! IFA             [ shift and go to state 46 ]
  ! LE              [ shift and go to state 44 ]


state 76

    (71) boolmarks -> boolmarks IFF boolmarks .
    (68) boolmarks -> boolmarks . OR boolmarks
    (69) boolmarks -> boolmarks . AND boolmarks
    (70) boolmarks -> boolmarks . IFA boolmarks
    (71) boolmarks -> boolmarks . IFF boolmarks
    (72) boolmarks -> boolmarks . ARROW boolmarks
    (73) boolmarks -> boolmarks . LE boolmarks

    RPAREN          reduce using rule 71 (boolmarks -> boolmarks IFF boolmarks .)
    OR              reduce using rule 71 (boolmarks -> boolmarks IFF boolmarks .)
    AND             reduce using rule 71 (boolmarks -> boolmarks IFF boolmarks .)
    IFA             reduce using rule 71 (boolmarks -> boolmarks IFF boolmarks .)
    IFF             reduce using rule 71 (boolmarks -> boolmarks IFF boolmarks .)
    ARROW           reduce using rule 71 (boolmarks -> boolmarks IFF boolmarks .)
    LE              reduce using rule 71 (boolmarks -> boolmarks IFF boolmarks .)
    REPORT          reduce using rule 71 (boolmarks -> boolmarks IFF boolmarks .)
    SUCHTHAT        reduce using rule 71 (boolmarks -> boolmarks IFF boolmarks .)
    INTERPRETATION  reduce using rule 71 (boolmarks -> boolmarks IFF boolmarks .)

  ! OR              [ shift and go to state 48 ]
  ! AND             [ shift and go to state 43 ]
  ! IFA             [ shift and go to state 46 ]
  ! IFF             [ shift and go to state 45 ]
  ! ARROW           [ shift and go to state 47 ]
  ! LE              [ shift and go to state 44 ]


state 77

    (70) boolmarks -> boolmarks IFA boolmarks .
    (68) boolmarks -> boolmarks . OR boolmarks
    (69) boolmarks -> boolmarks . AND boolmarks
    (70) boolmarks -> boolmarks . IFA boolmarks
    (71) boolmarks -> boolmarks . IFF boolmarks
    (72) boolmarks -> boolmarks . ARROW boolmarks
    (73) boolmarks -> boolmarks . LE boolmarks

  ! shift/reduce conflict for OR resolved as shift
  ! shift/reduce conflict for AND resolved as shift
  ! shift/reduce conflict for IFA resolved as shift
  ! shift/reduce conflict for IFF resolved as shift
  ! shift/reduce conflict for ARROW resolved as shift
  ! shift/reduce conflict for LE resolved as shift
    RPAREN          reduce using rule 70 (boolmarks -> boolmarks IFA boolmarks .)
    REPORT          reduce using rule 70 (boolmarks -> boolmarks IFA boolmarks .)
    SUCHTHAT        reduce using rule 70 (boolmarks -> boolmarks IFA boolmarks .)
    INTERPRETATION  reduce using rule 70 (boolmarks -> boolmarks IFA boolmarks .)
    OR              shift and go to state 48
    AND             shift and go to state 43
    IFA             shift and go to state 46
    IFF             shift and go to state 45
    ARROW           shift and go to state 47
    LE              shift and go to state 44

  ! OR              [ reduce using rule 70 (boolmarks -> boolmarks IFA boolmarks .) ]
  ! AND             [ reduce using rule 70 (boolmarks -> boolmarks IFA boolmarks .) ]
  ! IFA             [ reduce using rule 70 (boolmarks -> boolmarks IFA boolmarks .) ]
  ! IFF             [ reduce using rule 70 (boolmarks -> boolmarks IFA boolmarks .) ]
  ! ARROW           [ reduce using rule 70 (boolmarks -> boolmarks IFA boolmarks .) ]
  ! LE              [ reduce using rule 70 (boolmarks -> boolmarks IFA boolmarks .) ]


state 78

    (72) boolmarks -> boolmarks ARROW boolmarks .
    (68) boolmarks -> boolmarks . OR boolmarks
    (69) boolmarks -> boolmarks . AND boolmarks
    (70) boolmarks -> boolmarks . IFA boolmarks
    (71) boolmarks -> boolmarks . IFF boolmarks
    (72) boolmarks -> boolmarks . ARROW boolmarks
    (73) boolmarks -> boolmarks . LE boolmarks

    RPAREN          reduce using rule 72 (boolmarks -> boolmarks ARROW boolmarks .)
    OR              reduce using rule 72 (boolmarks -> boolmarks ARROW boolmarks .)
    AND             reduce using rule 72 (boolmarks -> boolmarks ARROW boolmarks .)
    IFA             reduce using rule 72 (boolmarks -> boolmarks ARROW boolmarks .)
    IFF             reduce using rule 72 (boolmarks -> boolmarks ARROW boolmarks .)
    ARROW           reduce using rule 72 (boolmarks -> boolmarks ARROW boolmarks .)
    LE              reduce using rule 72 (boolmarks -> boolmarks ARROW boolmarks .)
    REPORT          reduce using rule 72 (boolmarks -> boolmarks ARROW boolmarks .)
    SUCHTHAT        reduce using rule 72 (boolmarks -> boolmarks ARROW boolmarks .)
    INTERPRETATION  reduce using rule 72 (boolmarks -> boolmarks ARROW boolmarks .)

  ! OR              [ shift and go to state 48 ]
  ! AND             [ shift and go to state 43 ]
  ! IFA             [ shift and go to state 46 ]
  ! IFF             [ shift and go to state 45 ]
  ! ARROW           [ shift and go to state 47 ]
  ! LE              [ shift and go to state 44 ]


state 79

    (68) boolmarks -> boolmarks OR boolmarks .
    (68) boolmarks -> boolmarks . OR boolmarks
    (69) boolmarks -> boolmarks . AND boolmarks
    (70) boolmarks -> boolmarks . IFA boolmarks
    (71) boolmarks -> boolmarks . IFF boolmarks
    (72) boolmarks -> boolmarks . ARROW boolmarks
    (73) boolmarks -> boolmarks . LE boolmarks

    RPAREN          reduce using rule 68 (boolmarks -> boolmarks OR boolmarks .)
    OR              reduce using rule 68 (boolmarks -> boolmarks OR boolmarks .)
    IFA             reduce using rule 68 (boolmarks -> boolmarks OR boolmarks .)
    LE              reduce using rule 68 (boolmarks -> boolmarks OR boolmarks .)
    REPORT          reduce using rule 68 (boolmarks -> boolmarks OR boolmarks .)
    SUCHTHAT        reduce using rule 68 (boolmarks -> boolmarks OR boolmarks .)
    INTERPRETATION  reduce using rule 68 (boolmarks -> boolmarks OR boolmarks .)
    AND             shift and go to state 43
    IFF             shift and go to state 45
    ARROW           shift and go to state 47

  ! AND             [ reduce using rule 68 (boolmarks -> boolmarks OR boolmarks .) ]
  ! IFF             [ reduce using rule 68 (boolmarks -> boolmarks OR boolmarks .) ]
  ! ARROW           [ reduce using rule 68 (boolmarks -> boolmarks OR boolmarks .) ]
  ! OR              [ shift and go to state 48 ]
  ! IFA             [ shift and go to state 46 ]
  ! LE              [ shift and go to state 44 ]


state 80

    (30) listcontent -> listcontent COMMA . object
    (14) object -> . withAttr
    (15) object -> . onlyObj
    (22) withAttr -> . ID DOT ID LBRACE ID RBRACE
    (23) withAttr -> . ID DOT ID LBRACE STRING RBRACE
    (24) withAttr -> . ID DOT ID
    (25) withAttr -> . varcontent DOT ID
    (26) withAttr -> . list DOT ID
    (16) onlyObj -> . ID LBRACE ID RBRACE
    (17) onlyObj -> . ID
    (18) onlyObj -> . list
    (19) onlyObj -> . varcontent
    (20) onlyObj -> . ID LPAREN arguments RPAREN LBRACE ID RBRACE
    (21) onlyObj -> . ID LPAREN arguments RPAREN
    (32) varcontent -> . tolerancetype
    (33) varcontent -> . FLOAT
    (34) varcontent -> . INTEGER
    (35) varcontent -> . PLUS INTEGER
    (36) varcontent -> . MINUS INTEGER
    (37) varcontent -> . STRING
    (38) varcontent -> . SFSTRING
    (29) list -> . LBRACKET listcontent RBRACKET
    (50) tolerancetype -> . FLOAT DA
    (51) tolerancetype -> . FLOAT PPM
    (52) tolerancetype -> . INTEGER DA
    (53) tolerancetype -> . INTEGER RES
    (54) tolerancetype -> . INTEGER PPM

    ID              shift and go to state 51
    FLOAT           shift and go to state 31
    INTEGER         shift and go to state 30
    PLUS            shift and go to state 22
    MINUS           shift and go to state 19
    STRING          shift and go to state 20
    SFSTRING        shift and go to state 26
    LBRACKET        shift and go to state 18

    tolerancetype                  shift and go to state 24
    onlyObj                        shift and go to state 15
    varcontent                     shift and go to state 21
    object                         shift and go to state 112
    list                           shift and go to state 32
    withAttr                       shift and go to state 27

state 81

    (29) list -> LBRACKET listcontent RBRACKET .

    DOT             reduce using rule 29 (list -> LBRACKET listcontent RBRACKET .)
    IN              reduce using rule 29 (list -> LBRACKET listcontent RBRACKET .)
    PLUS            reduce using rule 29 (list -> LBRACKET listcontent RBRACKET .)
    MINUS           reduce using rule 29 (list -> LBRACKET listcontent RBRACKET .)
    TIMES           reduce using rule 29 (list -> LBRACKET listcontent RBRACKET .)
    DIVIDE          reduce using rule 29 (list -> LBRACKET listcontent RBRACKET .)
    RPAREN          reduce using rule 29 (list -> LBRACKET listcontent RBRACKET .)
    COMMA           reduce using rule 29 (list -> LBRACKET listcontent RBRACKET .)
    WITH            reduce using rule 29 (list -> LBRACKET listcontent RBRACKET .)
    AND             reduce using rule 29 (list -> LBRACKET listcontent RBRACKET .)
    OR              reduce using rule 29 (list -> LBRACKET listcontent RBRACKET .)
    REPORT          reduce using rule 29 (list -> LBRACKET listcontent RBRACKET .)
    INTERPRETATION  reduce using rule 29 (list -> LBRACKET listcontent RBRACKET .)
    EQUALS          reduce using rule 29 (list -> LBRACKET listcontent RBRACKET .)
    GT              reduce using rule 29 (list -> LBRACKET listcontent RBRACKET .)
    GE              reduce using rule 29 (list -> LBRACKET listcontent RBRACKET .)
    LE              reduce using rule 29 (list -> LBRACKET listcontent RBRACKET .)
    LT              reduce using rule 29 (list -> LBRACKET listcontent RBRACKET .)
    NE              reduce using rule 29 (list -> LBRACKET listcontent RBRACKET .)
    SEMICOLON       reduce using rule 29 (list -> LBRACKET listcontent RBRACKET .)
    IS              reduce using rule 29 (list -> LBRACKET listcontent RBRACKET .)
    RBRACKET        reduce using rule 29 (list -> LBRACKET listcontent RBRACKET .)
    AS              reduce using rule 29 (list -> LBRACKET listcontent RBRACKET .)
    IFA             reduce using rule 29 (list -> LBRACKET listcontent RBRACKET .)
    IFF             reduce using rule 29 (list -> LBRACKET listcontent RBRACKET .)
    ARROW           reduce using rule 29 (list -> LBRACKET listcontent RBRACKET .)
    SUCHTHAT        reduce using rule 29 (list -> LBRACKET listcontent RBRACKET .)


state 82

    (25) withAttr -> varcontent DOT ID .

    RPAREN          reduce using rule 25 (withAttr -> varcontent DOT ID .)
    IN              reduce using rule 25 (withAttr -> varcontent DOT ID .)
    PLUS            reduce using rule 25 (withAttr -> varcontent DOT ID .)
    MINUS           reduce using rule 25 (withAttr -> varcontent DOT ID .)
    TIMES           reduce using rule 25 (withAttr -> varcontent DOT ID .)
    DIVIDE          reduce using rule 25 (withAttr -> varcontent DOT ID .)
    COMMA           reduce using rule 25 (withAttr -> varcontent DOT ID .)
    SEMICOLON       reduce using rule 25 (withAttr -> varcontent DOT ID .)
    OR              reduce using rule 25 (withAttr -> varcontent DOT ID .)
    AND             reduce using rule 25 (withAttr -> varcontent DOT ID .)
    IFA             reduce using rule 25 (withAttr -> varcontent DOT ID .)
    IFF             reduce using rule 25 (withAttr -> varcontent DOT ID .)
    ARROW           reduce using rule 25 (withAttr -> varcontent DOT ID .)
    LE              reduce using rule 25 (withAttr -> varcontent DOT ID .)
    REPORT          reduce using rule 25 (withAttr -> varcontent DOT ID .)
    SUCHTHAT        reduce using rule 25 (withAttr -> varcontent DOT ID .)
    INTERPRETATION  reduce using rule 25 (withAttr -> varcontent DOT ID .)
    AS              reduce using rule 25 (withAttr -> varcontent DOT ID .)
    EQUALS          reduce using rule 25 (withAttr -> varcontent DOT ID .)
    GT              reduce using rule 25 (withAttr -> varcontent DOT ID .)
    GE              reduce using rule 25 (withAttr -> varcontent DOT ID .)
    LT              reduce using rule 25 (withAttr -> varcontent DOT ID .)
    NE              reduce using rule 25 (withAttr -> varcontent DOT ID .)
    WITH            reduce using rule 25 (withAttr -> varcontent DOT ID .)
    RBRACKET        reduce using rule 25 (withAttr -> varcontent DOT ID .)


state 83

    (62) identification -> IDENTIFY marks evalMarks interpretation . REPORT report

    REPORT          shift and go to state 113


state 84

    (76) suchthat -> SUCHTHAT . body
    (77) body -> . bterm
    (78) bterm -> . booleanterm
    (79) booleanterm -> . booleanterm AND booleanterm
    (80) booleanterm -> . booleanterm OR booleanterm
    (81) booleanterm -> . LPAREN booleanterm RPAREN
    (82) booleanterm -> . NOT booleanterm
    (83) booleanterm -> . expr
    (84) booleanterm -> . object
    (85) expr -> . expression EQUALS expression options
    (86) expr -> . expression GT expression options
    (87) expr -> . expression GE expression options
    (88) expr -> . expression LE expression options
    (89) expr -> . expression LT expression options
    (90) expr -> . expression NE expression options
    (14) object -> . withAttr
    (15) object -> . onlyObj
    (91) expression -> . expression PLUS expression
    (92) expression -> . expression MINUS expression
    (93) expression -> . expression TIMES expression
    (94) expression -> . expression DIVIDE expression
    (95) expression -> . LPAREN expression RPAREN LBRACE ID RBRACE
    (96) expression -> . LPAREN expression RPAREN
    (97) expression -> . object
    (22) withAttr -> . ID DOT ID LBRACE ID RBRACE
    (23) withAttr -> . ID DOT ID LBRACE STRING RBRACE
    (24) withAttr -> . ID DOT ID
    (25) withAttr -> . varcontent DOT ID
    (26) withAttr -> . list DOT ID
    (16) onlyObj -> . ID LBRACE ID RBRACE
    (17) onlyObj -> . ID
    (18) onlyObj -> . list
    (19) onlyObj -> . varcontent
    (20) onlyObj -> . ID LPAREN arguments RPAREN LBRACE ID RBRACE
    (21) onlyObj -> . ID LPAREN arguments RPAREN
    (32) varcontent -> . tolerancetype
    (33) varcontent -> . FLOAT
    (34) varcontent -> . INTEGER
    (35) varcontent -> . PLUS INTEGER
    (36) varcontent -> . MINUS INTEGER
    (37) varcontent -> . STRING
    (38) varcontent -> . SFSTRING
    (29) list -> . LBRACKET listcontent RBRACKET
    (50) tolerancetype -> . FLOAT DA
    (51) tolerancetype -> . FLOAT PPM
    (52) tolerancetype -> . INTEGER DA
    (53) tolerancetype -> . INTEGER RES
    (54) tolerancetype -> . INTEGER PPM

    LPAREN          shift and go to state 118
    NOT             shift and go to state 120
    ID              shift and go to state 51
    FLOAT           shift and go to state 31
    INTEGER         shift and go to state 30
    PLUS            shift and go to state 22
    MINUS           shift and go to state 19
    STRING          shift and go to state 20
    SFSTRING        shift and go to state 26
    LBRACKET        shift and go to state 18

    body                           shift and go to state 116
    tolerancetype                  shift and go to state 24
    onlyObj                        shift and go to state 15
    booleanterm                    shift and go to state 115
    varcontent                     shift and go to state 21
    bterm                          shift and go to state 114
    object                         shift and go to state 117
    list                           shift and go to state 32
    withAttr                       shift and go to state 27
    expr                           shift and go to state 119
    expression                     shift and go to state 121

state 85

    (60) identification -> IDENTIFY marks evalMarks REPORT . report
    (104) report -> . reportContent
    (105) reportContent -> . reportContent rContent
    (106) reportContent -> . rContent
    (107) rContent -> . ID IS STRING PERCENT STRING SEMICOLON
    (108) rContent -> . ID IS expression SEMICOLON

    ID              shift and go to state 122

    reportContent                  shift and go to state 125
    rContent                       shift and go to state 124
    report                         shift and go to state 123

state 86

    (98) interpretation -> INTERPRETATION . expr
    (85) expr -> . expression EQUALS expression options
    (86) expr -> . expression GT expression options
    (87) expr -> . expression GE expression options
    (88) expr -> . expression LE expression options
    (89) expr -> . expression LT expression options
    (90) expr -> . expression NE expression options
    (91) expression -> . expression PLUS expression
    (92) expression -> . expression MINUS expression
    (93) expression -> . expression TIMES expression
    (94) expression -> . expression DIVIDE expression
    (95) expression -> . LPAREN expression RPAREN LBRACE ID RBRACE
    (96) expression -> . LPAREN expression RPAREN
    (97) expression -> . object
    (14) object -> . withAttr
    (15) object -> . onlyObj
    (22) withAttr -> . ID DOT ID LBRACE ID RBRACE
    (23) withAttr -> . ID DOT ID LBRACE STRING RBRACE
    (24) withAttr -> . ID DOT ID
    (25) withAttr -> . varcontent DOT ID
    (26) withAttr -> . list DOT ID
    (16) onlyObj -> . ID LBRACE ID RBRACE
    (17) onlyObj -> . ID
    (18) onlyObj -> . list
    (19) onlyObj -> . varcontent
    (20) onlyObj -> . ID LPAREN arguments RPAREN LBRACE ID RBRACE
    (21) onlyObj -> . ID LPAREN arguments RPAREN
    (32) varcontent -> . tolerancetype
    (33) varcontent -> . FLOAT
    (34) varcontent -> . INTEGER
    (35) varcontent -> . PLUS INTEGER
    (36) varcontent -> . MINUS INTEGER
    (37) varcontent -> . STRING
    (38) varcontent -> . SFSTRING
    (29) list -> . LBRACKET listcontent RBRACKET
    (50) tolerancetype -> . FLOAT DA
    (51) tolerancetype -> . FLOAT PPM
    (52) tolerancetype -> . INTEGER DA
    (53) tolerancetype -> . INTEGER RES
    (54) tolerancetype -> . INTEGER PPM

    LPAREN          shift and go to state 95
    ID              shift and go to state 51
    FLOAT           shift and go to state 31
    INTEGER         shift and go to state 30
    PLUS            shift and go to state 22
    MINUS           shift and go to state 19
    STRING          shift and go to state 20
    SFSTRING        shift and go to state 26
    LBRACKET        shift and go to state 18

    tolerancetype                  shift and go to state 24
    onlyObj                        shift and go to state 15
    varcontent                     shift and go to state 21
    expr                           shift and go to state 126
    object                         shift and go to state 94
    list                           shift and go to state 32
    withAttr                       shift and go to state 27
    expression                     shift and go to state 121

state 87

    (59) identification -> IDENTIFY marks evalMarks suchthat . REPORT report
    (61) identification -> IDENTIFY marks evalMarks suchthat . interpretation REPORT report
    (98) interpretation -> . INTERPRETATION expr

    REPORT          shift and go to state 128
    INTERPRETATION  shift and go to state 86

    interpretation                 shift and go to state 127

state 88

    (102) scope -> MS2 . PLUS
    (103) scope -> MS2 . MINUS

    PLUS            shift and go to state 129
    MINUS           shift and go to state 130


state 89

    (100) scope -> MS1 . MINUS
    (101) scope -> MS1 . PLUS

    MINUS           shift and go to state 132
    PLUS            shift and go to state 131


state 90

    (99) scan -> object IN scope . options
    (39) options -> . WITH optioncontent
    (40) options -> .

    WITH            shift and go to state 72
    OR              reduce using rule 40 (options -> .)
    AND             reduce using rule 40 (options -> .)
    IFA             reduce using rule 40 (options -> .)
    IFF             reduce using rule 40 (options -> .)
    ARROW           reduce using rule 40 (options -> .)
    LE              reduce using rule 40 (options -> .)
    REPORT          reduce using rule 40 (options -> .)
    SUCHTHAT        reduce using rule 40 (options -> .)
    INTERPRETATION  reduce using rule 40 (options -> .)
    RPAREN          reduce using rule 40 (options -> .)

    options                        shift and go to state 133

state 91

    (66) boolmarks -> LPAREN boolmarks RPAREN .

    RPAREN          reduce using rule 66 (boolmarks -> LPAREN boolmarks RPAREN .)
    OR              reduce using rule 66 (boolmarks -> LPAREN boolmarks RPAREN .)
    AND             reduce using rule 66 (boolmarks -> LPAREN boolmarks RPAREN .)
    IFA             reduce using rule 66 (boolmarks -> LPAREN boolmarks RPAREN .)
    IFF             reduce using rule 66 (boolmarks -> LPAREN boolmarks RPAREN .)
    ARROW           reduce using rule 66 (boolmarks -> LPAREN boolmarks RPAREN .)
    LE              reduce using rule 66 (boolmarks -> LPAREN boolmarks RPAREN .)
    REPORT          reduce using rule 66 (boolmarks -> LPAREN boolmarks RPAREN .)
    SUCHTHAT        reduce using rule 66 (boolmarks -> LPAREN boolmarks RPAREN .)
    INTERPRETATION  reduce using rule 66 (boolmarks -> LPAREN boolmarks RPAREN .)


state 92

    (16) onlyObj -> ID LBRACE ID . RBRACE

    RBRACE          shift and go to state 134


state 93

    (20) onlyObj -> ID LPAREN arguments . RPAREN LBRACE ID RBRACE
    (21) onlyObj -> ID LPAREN arguments . RPAREN
    (28) arguments -> arguments . COMMA expression

    RPAREN          shift and go to state 135
    COMMA           shift and go to state 136


state 94

    (97) expression -> object .

    PLUS            reduce using rule 97 (expression -> object .)
    MINUS           reduce using rule 97 (expression -> object .)
    TIMES           reduce using rule 97 (expression -> object .)
    DIVIDE          reduce using rule 97 (expression -> object .)
    WITH            reduce using rule 97 (expression -> object .)
    AND             reduce using rule 97 (expression -> object .)
    OR              reduce using rule 97 (expression -> object .)
    REPORT          reduce using rule 97 (expression -> object .)
    INTERPRETATION  reduce using rule 97 (expression -> object .)
    RPAREN          reduce using rule 97 (expression -> object .)
    COMMA           reduce using rule 97 (expression -> object .)
    EQUALS          reduce using rule 97 (expression -> object .)
    GT              reduce using rule 97 (expression -> object .)
    GE              reduce using rule 97 (expression -> object .)
    LE              reduce using rule 97 (expression -> object .)
    LT              reduce using rule 97 (expression -> object .)
    NE              reduce using rule 97 (expression -> object .)
    SEMICOLON       reduce using rule 97 (expression -> object .)


state 95

    (95) expression -> LPAREN . expression RPAREN LBRACE ID RBRACE
    (96) expression -> LPAREN . expression RPAREN
    (91) expression -> . expression PLUS expression
    (92) expression -> . expression MINUS expression
    (93) expression -> . expression TIMES expression
    (94) expression -> . expression DIVIDE expression
    (95) expression -> . LPAREN expression RPAREN LBRACE ID RBRACE
    (96) expression -> . LPAREN expression RPAREN
    (97) expression -> . object
    (14) object -> . withAttr
    (15) object -> . onlyObj
    (22) withAttr -> . ID DOT ID LBRACE ID RBRACE
    (23) withAttr -> . ID DOT ID LBRACE STRING RBRACE
    (24) withAttr -> . ID DOT ID
    (25) withAttr -> . varcontent DOT ID
    (26) withAttr -> . list DOT ID
    (16) onlyObj -> . ID LBRACE ID RBRACE
    (17) onlyObj -> . ID
    (18) onlyObj -> . list
    (19) onlyObj -> . varcontent
    (20) onlyObj -> . ID LPAREN arguments RPAREN LBRACE ID RBRACE
    (21) onlyObj -> . ID LPAREN arguments RPAREN
    (32) varcontent -> . tolerancetype
    (33) varcontent -> . FLOAT
    (34) varcontent -> . INTEGER
    (35) varcontent -> . PLUS INTEGER
    (36) varcontent -> . MINUS INTEGER
    (37) varcontent -> . STRING
    (38) varcontent -> . SFSTRING
    (29) list -> . LBRACKET listcontent RBRACKET
    (50) tolerancetype -> . FLOAT DA
    (51) tolerancetype -> . FLOAT PPM
    (52) tolerancetype -> . INTEGER DA
    (53) tolerancetype -> . INTEGER RES
    (54) tolerancetype -> . INTEGER PPM

    LPAREN          shift and go to state 95
    ID              shift and go to state 51
    FLOAT           shift and go to state 31
    INTEGER         shift and go to state 30
    PLUS            shift and go to state 22
    MINUS           shift and go to state 19
    STRING          shift and go to state 20
    SFSTRING        shift and go to state 26
    LBRACKET        shift and go to state 18

    tolerancetype                  shift and go to state 24
    onlyObj                        shift and go to state 15
    varcontent                     shift and go to state 21
    object                         shift and go to state 94
    list                           shift and go to state 32
    withAttr                       shift and go to state 27
    expression                     shift and go to state 137

state 96

    (27) arguments -> expression .
    (91) expression -> expression . PLUS expression
    (92) expression -> expression . MINUS expression
    (93) expression -> expression . TIMES expression
    (94) expression -> expression . DIVIDE expression

    RPAREN          reduce using rule 27 (arguments -> expression .)
    COMMA           reduce using rule 27 (arguments -> expression .)
    PLUS            shift and go to state 138
    MINUS           shift and go to state 140
    TIMES           shift and go to state 141
    DIVIDE          shift and go to state 139


state 97

    (22) withAttr -> ID DOT ID . LBRACE ID RBRACE
    (23) withAttr -> ID DOT ID . LBRACE STRING RBRACE
    (24) withAttr -> ID DOT ID .

    LBRACE          shift and go to state 142
    RPAREN          reduce using rule 24 (withAttr -> ID DOT ID .)
    IN              reduce using rule 24 (withAttr -> ID DOT ID .)
    PLUS            reduce using rule 24 (withAttr -> ID DOT ID .)
    MINUS           reduce using rule 24 (withAttr -> ID DOT ID .)
    TIMES           reduce using rule 24 (withAttr -> ID DOT ID .)
    DIVIDE          reduce using rule 24 (withAttr -> ID DOT ID .)
    COMMA           reduce using rule 24 (withAttr -> ID DOT ID .)
    SEMICOLON       reduce using rule 24 (withAttr -> ID DOT ID .)
    OR              reduce using rule 24 (withAttr -> ID DOT ID .)
    AND             reduce using rule 24 (withAttr -> ID DOT ID .)
    IFA             reduce using rule 24 (withAttr -> ID DOT ID .)
    IFF             reduce using rule 24 (withAttr -> ID DOT ID .)
    ARROW           reduce using rule 24 (withAttr -> ID DOT ID .)
    LE              reduce using rule 24 (withAttr -> ID DOT ID .)
    REPORT          reduce using rule 24 (withAttr -> ID DOT ID .)
    SUCHTHAT        reduce using rule 24 (withAttr -> ID DOT ID .)
    INTERPRETATION  reduce using rule 24 (withAttr -> ID DOT ID .)
    AS              reduce using rule 24 (withAttr -> ID DOT ID .)
    EQUALS          reduce using rule 24 (withAttr -> ID DOT ID .)
    GT              reduce using rule 24 (withAttr -> ID DOT ID .)
    GE              reduce using rule 24 (withAttr -> ID DOT ID .)
    LT              reduce using rule 24 (withAttr -> ID DOT ID .)
    NE              reduce using rule 24 (withAttr -> ID DOT ID .)
    WITH            reduce using rule 24 (withAttr -> ID DOT ID .)
    RBRACKET        reduce using rule 24 (withAttr -> ID DOT ID .)


state 98

    (26) withAttr -> list DOT ID .

    RPAREN          reduce using rule 26 (withAttr -> list DOT ID .)
    IN              reduce using rule 26 (withAttr -> list DOT ID .)
    PLUS            reduce using rule 26 (withAttr -> list DOT ID .)
    MINUS           reduce using rule 26 (withAttr -> list DOT ID .)
    TIMES           reduce using rule 26 (withAttr -> list DOT ID .)
    DIVIDE          reduce using rule 26 (withAttr -> list DOT ID .)
    COMMA           reduce using rule 26 (withAttr -> list DOT ID .)
    SEMICOLON       reduce using rule 26 (withAttr -> list DOT ID .)
    OR              reduce using rule 26 (withAttr -> list DOT ID .)
    AND             reduce using rule 26 (withAttr -> list DOT ID .)
    IFA             reduce using rule 26 (withAttr -> list DOT ID .)
    IFF             reduce using rule 26 (withAttr -> list DOT ID .)
    ARROW           reduce using rule 26 (withAttr -> list DOT ID .)
    LE              reduce using rule 26 (withAttr -> list DOT ID .)
    REPORT          reduce using rule 26 (withAttr -> list DOT ID .)
    SUCHTHAT        reduce using rule 26 (withAttr -> list DOT ID .)
    INTERPRETATION  reduce using rule 26 (withAttr -> list DOT ID .)
    AS              reduce using rule 26 (withAttr -> list DOT ID .)
    EQUALS          reduce using rule 26 (withAttr -> list DOT ID .)
    GT              reduce using rule 26 (withAttr -> list DOT ID .)
    GE              reduce using rule 26 (withAttr -> list DOT ID .)
    LT              reduce using rule 26 (withAttr -> list DOT ID .)
    NE              reduce using rule 26 (withAttr -> list DOT ID .)
    WITH            reduce using rule 26 (withAttr -> list DOT ID .)
    RBRACKET        reduce using rule 26 (withAttr -> list DOT ID .)


state 99

    (55) identification -> IDENTIFY tagname WHERE marks . evalMarks suchthat REPORT report
    (56) identification -> IDENTIFY tagname WHERE marks . evalMarks REPORT report
    (57) identification -> IDENTIFY tagname WHERE marks . evalMarks suchthat interpretation REPORT report
    (58) identification -> IDENTIFY tagname WHERE marks . evalMarks interpretation REPORT report
    (75) evalMarks -> .

    REPORT          reduce using rule 75 (evalMarks -> .)
    SUCHTHAT        reduce using rule 75 (evalMarks -> .)
    INTERPRETATION  reduce using rule 75 (evalMarks -> .)

    evalMarks                      shift and go to state 143

state 100

    (12) var -> DEFINE list IS object . options SEMICOLON
    (39) options -> . WITH optioncontent
    (40) options -> .

    WITH            shift and go to state 72
    SEMICOLON       reduce using rule 40 (options -> .)

    options                        shift and go to state 144

state 101

    (10) var -> DEFINE ID IS object . options SEMICOLON
    (11) var -> DEFINE ID IS object . options AS NEUTRALLOSS SEMICOLON
    (39) options -> . WITH optioncontent
    (40) options -> .

    WITH            shift and go to state 72
    SEMICOLON       reduce using rule 40 (options -> .)
    AS              reduce using rule 40 (options -> .)

    options                        shift and go to state 145

state 102

    (46) optionentry -> MINOCC . IS object

    IS              shift and go to state 146


state 103

    (39) options -> WITH optioncontent .
    (41) optioncontent -> optioncontent . COMMA optionentry

    AND             reduce using rule 39 (options -> WITH optioncontent .)
    OR              reduce using rule 39 (options -> WITH optioncontent .)
    REPORT          reduce using rule 39 (options -> WITH optioncontent .)
    INTERPRETATION  reduce using rule 39 (options -> WITH optioncontent .)
    RPAREN          reduce using rule 39 (options -> WITH optioncontent .)
    SEMICOLON       reduce using rule 39 (options -> WITH optioncontent .)
    AS              reduce using rule 39 (options -> WITH optioncontent .)
    IFA             reduce using rule 39 (options -> WITH optioncontent .)
    IFF             reduce using rule 39 (options -> WITH optioncontent .)
    ARROW           reduce using rule 39 (options -> WITH optioncontent .)
    LE              reduce using rule 39 (options -> WITH optioncontent .)
    SUCHTHAT        reduce using rule 39 (options -> WITH optioncontent .)
    COMMA           shift and go to state 147


state 104

    (48) optionentry -> RETENTIONTIME . IS object

    IS              shift and go to state 148


state 105

    (44) optionentry -> CHG . IS INTEGER

    IS              shift and go to state 149


state 106

    (49) optionentry -> TOLERANCE . IS tolerancetype

    IS              shift and go to state 150


state 107

    (45) optionentry -> MASSRANGE . IS LPAREN object COMMA object RPAREN

    IS              shift and go to state 151


state 108

    (47) optionentry -> MAXOCC . IS object

    IS              shift and go to state 152


state 109

    (42) optioncontent -> optionentry .

    COMMA           reduce using rule 42 (optioncontent -> optionentry .)
    SEMICOLON       reduce using rule 42 (optioncontent -> optionentry .)
    OR              reduce using rule 42 (optioncontent -> optionentry .)
    AND             reduce using rule 42 (optioncontent -> optionentry .)
    IFA             reduce using rule 42 (optioncontent -> optionentry .)
    IFF             reduce using rule 42 (optioncontent -> optionentry .)
    ARROW           reduce using rule 42 (optioncontent -> optionentry .)
    LE              reduce using rule 42 (optioncontent -> optionentry .)
    REPORT          reduce using rule 42 (optioncontent -> optionentry .)
    SUCHTHAT        reduce using rule 42 (optioncontent -> optionentry .)
    INTERPRETATION  reduce using rule 42 (optioncontent -> optionentry .)
    RPAREN          reduce using rule 42 (optioncontent -> optionentry .)
    AS              reduce using rule 42 (optioncontent -> optionentry .)


state 110

    (43) optionentry -> DBR . IS LPAREN object COMMA object RPAREN

    IS              shift and go to state 153


state 111

    (13) var -> DEFINE ID options SEMICOLON .

    IDENTIFY        reduce using rule 13 (var -> DEFINE ID options SEMICOLON .)
    DEFINE          reduce using rule 13 (var -> DEFINE ID options SEMICOLON .)


state 112

    (30) listcontent -> listcontent COMMA object .

    RBRACKET        reduce using rule 30 (listcontent -> listcontent COMMA object .)
    COMMA           reduce using rule 30 (listcontent -> listcontent COMMA object .)


state 113

    (62) identification -> IDENTIFY marks evalMarks interpretation REPORT . report
    (104) report -> . reportContent
    (105) reportContent -> . reportContent rContent
    (106) reportContent -> . rContent
    (107) rContent -> . ID IS STRING PERCENT STRING SEMICOLON
    (108) rContent -> . ID IS expression SEMICOLON

    ID              shift and go to state 122

    rContent                       shift and go to state 124
    report                         shift and go to state 154
    reportContent                  shift and go to state 125

state 114

    (77) body -> bterm .

    REPORT          reduce using rule 77 (body -> bterm .)
    INTERPRETATION  reduce using rule 77 (body -> bterm .)


state 115

    (78) bterm -> booleanterm .
    (79) booleanterm -> booleanterm . AND booleanterm
    (80) booleanterm -> booleanterm . OR booleanterm

    REPORT          reduce using rule 78 (bterm -> booleanterm .)
    INTERPRETATION  reduce using rule 78 (bterm -> booleanterm .)
    AND             shift and go to state 155
    OR              shift and go to state 156


state 116

    (76) suchthat -> SUCHTHAT body .

    REPORT          reduce using rule 76 (suchthat -> SUCHTHAT body .)
    INTERPRETATION  reduce using rule 76 (suchthat -> SUCHTHAT body .)


state 117

    (84) booleanterm -> object .
    (97) expression -> object .

  ! reduce/reduce conflict for RPAREN resolved using rule 84 (booleanterm -> object .)
    AND             reduce using rule 84 (booleanterm -> object .)
    OR              reduce using rule 84 (booleanterm -> object .)
    REPORT          reduce using rule 84 (booleanterm -> object .)
    INTERPRETATION  reduce using rule 84 (booleanterm -> object .)
    RPAREN          reduce using rule 84 (booleanterm -> object .)
    PLUS            reduce using rule 97 (expression -> object .)
    MINUS           reduce using rule 97 (expression -> object .)
    TIMES           reduce using rule 97 (expression -> object .)
    DIVIDE          reduce using rule 97 (expression -> object .)
    EQUALS          reduce using rule 97 (expression -> object .)
    GT              reduce using rule 97 (expression -> object .)
    GE              reduce using rule 97 (expression -> object .)
    LE              reduce using rule 97 (expression -> object .)
    LT              reduce using rule 97 (expression -> object .)
    NE              reduce using rule 97 (expression -> object .)

  ! RPAREN          [ reduce using rule 97 (expression -> object .) ]


state 118

    (81) booleanterm -> LPAREN . booleanterm RPAREN
    (95) expression -> LPAREN . expression RPAREN LBRACE ID RBRACE
    (96) expression -> LPAREN . expression RPAREN
    (79) booleanterm -> . booleanterm AND booleanterm
    (80) booleanterm -> . booleanterm OR booleanterm
    (81) booleanterm -> . LPAREN booleanterm RPAREN
    (82) booleanterm -> . NOT booleanterm
    (83) booleanterm -> . expr
    (84) booleanterm -> . object
    (91) expression -> . expression PLUS expression
    (92) expression -> . expression MINUS expression
    (93) expression -> . expression TIMES expression
    (94) expression -> . expression DIVIDE expression
    (95) expression -> . LPAREN expression RPAREN LBRACE ID RBRACE
    (96) expression -> . LPAREN expression RPAREN
    (97) expression -> . object
    (85) expr -> . expression EQUALS expression options
    (86) expr -> . expression GT expression options
    (87) expr -> . expression GE expression options
    (88) expr -> . expression LE expression options
    (89) expr -> . expression LT expression options
    (90) expr -> . expression NE expression options
    (14) object -> . withAttr
    (15) object -> . onlyObj
    (22) withAttr -> . ID DOT ID LBRACE ID RBRACE
    (23) withAttr -> . ID DOT ID LBRACE STRING RBRACE
    (24) withAttr -> . ID DOT ID
    (25) withAttr -> . varcontent DOT ID
    (26) withAttr -> . list DOT ID
    (16) onlyObj -> . ID LBRACE ID RBRACE
    (17) onlyObj -> . ID
    (18) onlyObj -> . list
    (19) onlyObj -> . varcontent
    (20) onlyObj -> . ID LPAREN arguments RPAREN LBRACE ID RBRACE
    (21) onlyObj -> . ID LPAREN arguments RPAREN
    (32) varcontent -> . tolerancetype
    (33) varcontent -> . FLOAT
    (34) varcontent -> . INTEGER
    (35) varcontent -> . PLUS INTEGER
    (36) varcontent -> . MINUS INTEGER
    (37) varcontent -> . STRING
    (38) varcontent -> . SFSTRING
    (29) list -> . LBRACKET listcontent RBRACKET
    (50) tolerancetype -> . FLOAT DA
    (51) tolerancetype -> . FLOAT PPM
    (52) tolerancetype -> . INTEGER DA
    (53) tolerancetype -> . INTEGER RES
    (54) tolerancetype -> . INTEGER PPM

    LPAREN          shift and go to state 118
    NOT             shift and go to state 120
    ID              shift and go to state 51
    FLOAT           shift and go to state 31
    INTEGER         shift and go to state 30
    PLUS            shift and go to state 22
    MINUS           shift and go to state 19
    STRING          shift and go to state 20
    SFSTRING        shift and go to state 26
    LBRACKET        shift and go to state 18

    tolerancetype                  shift and go to state 24
    onlyObj                        shift and go to state 15
    varcontent                     shift and go to state 21
    booleanterm                    shift and go to state 157
    object                         shift and go to state 117
    list                           shift and go to state 32
    withAttr                       shift and go to state 27
    expr                           shift and go to state 119
    expression                     shift and go to state 158

state 119

    (83) booleanterm -> expr .

    AND             reduce using rule 83 (booleanterm -> expr .)
    OR              reduce using rule 83 (booleanterm -> expr .)
    REPORT          reduce using rule 83 (booleanterm -> expr .)
    INTERPRETATION  reduce using rule 83 (booleanterm -> expr .)
    RPAREN          reduce using rule 83 (booleanterm -> expr .)


state 120

    (82) booleanterm -> NOT . booleanterm
    (79) booleanterm -> . booleanterm AND booleanterm
    (80) booleanterm -> . booleanterm OR booleanterm
    (81) booleanterm -> . LPAREN booleanterm RPAREN
    (82) booleanterm -> . NOT booleanterm
    (83) booleanterm -> . expr
    (84) booleanterm -> . object
    (85) expr -> . expression EQUALS expression options
    (86) expr -> . expression GT expression options
    (87) expr -> . expression GE expression options
    (88) expr -> . expression LE expression options
    (89) expr -> . expression LT expression options
    (90) expr -> . expression NE expression options
    (14) object -> . withAttr
    (15) object -> . onlyObj
    (91) expression -> . expression PLUS expression
    (92) expression -> . expression MINUS expression
    (93) expression -> . expression TIMES expression
    (94) expression -> . expression DIVIDE expression
    (95) expression -> . LPAREN expression RPAREN LBRACE ID RBRACE
    (96) expression -> . LPAREN expression RPAREN
    (97) expression -> . object
    (22) withAttr -> . ID DOT ID LBRACE ID RBRACE
    (23) withAttr -> . ID DOT ID LBRACE STRING RBRACE
    (24) withAttr -> . ID DOT ID
    (25) withAttr -> . varcontent DOT ID
    (26) withAttr -> . list DOT ID
    (16) onlyObj -> . ID LBRACE ID RBRACE
    (17) onlyObj -> . ID
    (18) onlyObj -> . list
    (19) onlyObj -> . varcontent
    (20) onlyObj -> . ID LPAREN arguments RPAREN LBRACE ID RBRACE
    (21) onlyObj -> . ID LPAREN arguments RPAREN
    (32) varcontent -> . tolerancetype
    (33) varcontent -> . FLOAT
    (34) varcontent -> . INTEGER
    (35) varcontent -> . PLUS INTEGER
    (36) varcontent -> . MINUS INTEGER
    (37) varcontent -> . STRING
    (38) varcontent -> . SFSTRING
    (29) list -> . LBRACKET listcontent RBRACKET
    (50) tolerancetype -> . FLOAT DA
    (51) tolerancetype -> . FLOAT PPM
    (52) tolerancetype -> . INTEGER DA
    (53) tolerancetype -> . INTEGER RES
    (54) tolerancetype -> . INTEGER PPM

    LPAREN          shift and go to state 118
    NOT             shift and go to state 120
    ID              shift and go to state 51
    FLOAT           shift and go to state 31
    INTEGER         shift and go to state 30
    PLUS            shift and go to state 22
    MINUS           shift and go to state 19
    STRING          shift and go to state 20
    SFSTRING        shift and go to state 26
    LBRACKET        shift and go to state 18

    tolerancetype                  shift and go to state 24
    onlyObj                        shift and go to state 15
    varcontent                     shift and go to state 21
    booleanterm                    shift and go to state 159
    object                         shift and go to state 117
    list                           shift and go to state 32
    withAttr                       shift and go to state 27
    expr                           shift and go to state 119
    expression                     shift and go to state 121

state 121

    (85) expr -> expression . EQUALS expression options
    (86) expr -> expression . GT expression options
    (87) expr -> expression . GE expression options
    (88) expr -> expression . LE expression options
    (89) expr -> expression . LT expression options
    (90) expr -> expression . NE expression options
    (91) expression -> expression . PLUS expression
    (92) expression -> expression . MINUS expression
    (93) expression -> expression . TIMES expression
    (94) expression -> expression . DIVIDE expression

    EQUALS          shift and go to state 162
    GT              shift and go to state 165
    GE              shift and go to state 164
    LE              shift and go to state 160
    LT              shift and go to state 163
    NE              shift and go to state 161
    PLUS            shift and go to state 138
    MINUS           shift and go to state 140
    TIMES           shift and go to state 141
    DIVIDE          shift and go to state 139


state 122

    (107) rContent -> ID . IS STRING PERCENT STRING SEMICOLON
    (108) rContent -> ID . IS expression SEMICOLON

    IS              shift and go to state 166


state 123

    (60) identification -> IDENTIFY marks evalMarks REPORT report .

    SEMICOLON       reduce using rule 60 (identification -> IDENTIFY marks evalMarks REPORT report .)


state 124

    (106) reportContent -> rContent .

    ID              reduce using rule 106 (reportContent -> rContent .)
    SEMICOLON       reduce using rule 106 (reportContent -> rContent .)


state 125

    (104) report -> reportContent .
    (105) reportContent -> reportContent . rContent
    (107) rContent -> . ID IS STRING PERCENT STRING SEMICOLON
    (108) rContent -> . ID IS expression SEMICOLON

    SEMICOLON       reduce using rule 104 (report -> reportContent .)
    ID              shift and go to state 122

    rContent                       shift and go to state 167

state 126

    (98) interpretation -> INTERPRETATION expr .

    REPORT          reduce using rule 98 (interpretation -> INTERPRETATION expr .)


state 127

    (61) identification -> IDENTIFY marks evalMarks suchthat interpretation . REPORT report

    REPORT          shift and go to state 168


state 128

    (59) identification -> IDENTIFY marks evalMarks suchthat REPORT . report
    (104) report -> . reportContent
    (105) reportContent -> . reportContent rContent
    (106) reportContent -> . rContent
    (107) rContent -> . ID IS STRING PERCENT STRING SEMICOLON
    (108) rContent -> . ID IS expression SEMICOLON

    ID              shift and go to state 122

    rContent                       shift and go to state 124
    report                         shift and go to state 169
    reportContent                  shift and go to state 125

state 129

    (102) scope -> MS2 PLUS .

    WITH            reduce using rule 102 (scope -> MS2 PLUS .)
    OR              reduce using rule 102 (scope -> MS2 PLUS .)
    AND             reduce using rule 102 (scope -> MS2 PLUS .)
    IFA             reduce using rule 102 (scope -> MS2 PLUS .)
    IFF             reduce using rule 102 (scope -> MS2 PLUS .)
    ARROW           reduce using rule 102 (scope -> MS2 PLUS .)
    LE              reduce using rule 102 (scope -> MS2 PLUS .)
    REPORT          reduce using rule 102 (scope -> MS2 PLUS .)
    SUCHTHAT        reduce using rule 102 (scope -> MS2 PLUS .)
    INTERPRETATION  reduce using rule 102 (scope -> MS2 PLUS .)
    RPAREN          reduce using rule 102 (scope -> MS2 PLUS .)


state 130

    (103) scope -> MS2 MINUS .

    WITH            reduce using rule 103 (scope -> MS2 MINUS .)
    OR              reduce using rule 103 (scope -> MS2 MINUS .)
    AND             reduce using rule 103 (scope -> MS2 MINUS .)
    IFA             reduce using rule 103 (scope -> MS2 MINUS .)
    IFF             reduce using rule 103 (scope -> MS2 MINUS .)
    ARROW           reduce using rule 103 (scope -> MS2 MINUS .)
    LE              reduce using rule 103 (scope -> MS2 MINUS .)
    REPORT          reduce using rule 103 (scope -> MS2 MINUS .)
    SUCHTHAT        reduce using rule 103 (scope -> MS2 MINUS .)
    INTERPRETATION  reduce using rule 103 (scope -> MS2 MINUS .)
    RPAREN          reduce using rule 103 (scope -> MS2 MINUS .)


state 131

    (101) scope -> MS1 PLUS .

    WITH            reduce using rule 101 (scope -> MS1 PLUS .)
    OR              reduce using rule 101 (scope -> MS1 PLUS .)
    AND             reduce using rule 101 (scope -> MS1 PLUS .)
    IFA             reduce using rule 101 (scope -> MS1 PLUS .)
    IFF             reduce using rule 101 (scope -> MS1 PLUS .)
    ARROW           reduce using rule 101 (scope -> MS1 PLUS .)
    LE              reduce using rule 101 (scope -> MS1 PLUS .)
    REPORT          reduce using rule 101 (scope -> MS1 PLUS .)
    SUCHTHAT        reduce using rule 101 (scope -> MS1 PLUS .)
    INTERPRETATION  reduce using rule 101 (scope -> MS1 PLUS .)
    RPAREN          reduce using rule 101 (scope -> MS1 PLUS .)


state 132

    (100) scope -> MS1 MINUS .

    WITH            reduce using rule 100 (scope -> MS1 MINUS .)
    OR              reduce using rule 100 (scope -> MS1 MINUS .)
    AND             reduce using rule 100 (scope -> MS1 MINUS .)
    IFA             reduce using rule 100 (scope -> MS1 MINUS .)
    IFF             reduce using rule 100 (scope -> MS1 MINUS .)
    ARROW           reduce using rule 100 (scope -> MS1 MINUS .)
    LE              reduce using rule 100 (scope -> MS1 MINUS .)
    REPORT          reduce using rule 100 (scope -> MS1 MINUS .)
    SUCHTHAT        reduce using rule 100 (scope -> MS1 MINUS .)
    INTERPRETATION  reduce using rule 100 (scope -> MS1 MINUS .)
    RPAREN          reduce using rule 100 (scope -> MS1 MINUS .)


state 133

    (99) scan -> object IN scope options .

    OR              reduce using rule 99 (scan -> object IN scope options .)
    AND             reduce using rule 99 (scan -> object IN scope options .)
    IFA             reduce using rule 99 (scan -> object IN scope options .)
    IFF             reduce using rule 99 (scan -> object IN scope options .)
    ARROW           reduce using rule 99 (scan -> object IN scope options .)
    LE              reduce using rule 99 (scan -> object IN scope options .)
    REPORT          reduce using rule 99 (scan -> object IN scope options .)
    SUCHTHAT        reduce using rule 99 (scan -> object IN scope options .)
    INTERPRETATION  reduce using rule 99 (scan -> object IN scope options .)
    RPAREN          reduce using rule 99 (scan -> object IN scope options .)


state 134

    (16) onlyObj -> ID LBRACE ID RBRACE .

    IN              reduce using rule 16 (onlyObj -> ID LBRACE ID RBRACE .)
    COMMA           reduce using rule 16 (onlyObj -> ID LBRACE ID RBRACE .)
    PLUS            reduce using rule 16 (onlyObj -> ID LBRACE ID RBRACE .)
    MINUS           reduce using rule 16 (onlyObj -> ID LBRACE ID RBRACE .)
    TIMES           reduce using rule 16 (onlyObj -> ID LBRACE ID RBRACE .)
    DIVIDE          reduce using rule 16 (onlyObj -> ID LBRACE ID RBRACE .)
    RPAREN          reduce using rule 16 (onlyObj -> ID LBRACE ID RBRACE .)
    WITH            reduce using rule 16 (onlyObj -> ID LBRACE ID RBRACE .)
    AND             reduce using rule 16 (onlyObj -> ID LBRACE ID RBRACE .)
    OR              reduce using rule 16 (onlyObj -> ID LBRACE ID RBRACE .)
    REPORT          reduce using rule 16 (onlyObj -> ID LBRACE ID RBRACE .)
    INTERPRETATION  reduce using rule 16 (onlyObj -> ID LBRACE ID RBRACE .)
    EQUALS          reduce using rule 16 (onlyObj -> ID LBRACE ID RBRACE .)
    GT              reduce using rule 16 (onlyObj -> ID LBRACE ID RBRACE .)
    GE              reduce using rule 16 (onlyObj -> ID LBRACE ID RBRACE .)
    LE              reduce using rule 16 (onlyObj -> ID LBRACE ID RBRACE .)
    LT              reduce using rule 16 (onlyObj -> ID LBRACE ID RBRACE .)
    NE              reduce using rule 16 (onlyObj -> ID LBRACE ID RBRACE .)
    SEMICOLON       reduce using rule 16 (onlyObj -> ID LBRACE ID RBRACE .)
    IFA             reduce using rule 16 (onlyObj -> ID LBRACE ID RBRACE .)
    IFF             reduce using rule 16 (onlyObj -> ID LBRACE ID RBRACE .)
    ARROW           reduce using rule 16 (onlyObj -> ID LBRACE ID RBRACE .)
    SUCHTHAT        reduce using rule 16 (onlyObj -> ID LBRACE ID RBRACE .)
    AS              reduce using rule 16 (onlyObj -> ID LBRACE ID RBRACE .)
    RBRACKET        reduce using rule 16 (onlyObj -> ID LBRACE ID RBRACE .)


state 135

    (20) onlyObj -> ID LPAREN arguments RPAREN . LBRACE ID RBRACE
    (21) onlyObj -> ID LPAREN arguments RPAREN .

    LBRACE          shift and go to state 170
    IN              reduce using rule 21 (onlyObj -> ID LPAREN arguments RPAREN .)
    COMMA           reduce using rule 21 (onlyObj -> ID LPAREN arguments RPAREN .)
    PLUS            reduce using rule 21 (onlyObj -> ID LPAREN arguments RPAREN .)
    MINUS           reduce using rule 21 (onlyObj -> ID LPAREN arguments RPAREN .)
    TIMES           reduce using rule 21 (onlyObj -> ID LPAREN arguments RPAREN .)
    DIVIDE          reduce using rule 21 (onlyObj -> ID LPAREN arguments RPAREN .)
    RPAREN          reduce using rule 21 (onlyObj -> ID LPAREN arguments RPAREN .)
    WITH            reduce using rule 21 (onlyObj -> ID LPAREN arguments RPAREN .)
    AND             reduce using rule 21 (onlyObj -> ID LPAREN arguments RPAREN .)
    OR              reduce using rule 21 (onlyObj -> ID LPAREN arguments RPAREN .)
    REPORT          reduce using rule 21 (onlyObj -> ID LPAREN arguments RPAREN .)
    INTERPRETATION  reduce using rule 21 (onlyObj -> ID LPAREN arguments RPAREN .)
    EQUALS          reduce using rule 21 (onlyObj -> ID LPAREN arguments RPAREN .)
    GT              reduce using rule 21 (onlyObj -> ID LPAREN arguments RPAREN .)
    GE              reduce using rule 21 (onlyObj -> ID LPAREN arguments RPAREN .)
    LE              reduce using rule 21 (onlyObj -> ID LPAREN arguments RPAREN .)
    LT              reduce using rule 21 (onlyObj -> ID LPAREN arguments RPAREN .)
    NE              reduce using rule 21 (onlyObj -> ID LPAREN arguments RPAREN .)
    SEMICOLON       reduce using rule 21 (onlyObj -> ID LPAREN arguments RPAREN .)
    IFA             reduce using rule 21 (onlyObj -> ID LPAREN arguments RPAREN .)
    IFF             reduce using rule 21 (onlyObj -> ID LPAREN arguments RPAREN .)
    ARROW           reduce using rule 21 (onlyObj -> ID LPAREN arguments RPAREN .)
    SUCHTHAT        reduce using rule 21 (onlyObj -> ID LPAREN arguments RPAREN .)
    AS              reduce using rule 21 (onlyObj -> ID LPAREN arguments RPAREN .)
    RBRACKET        reduce using rule 21 (onlyObj -> ID LPAREN arguments RPAREN .)


state 136

    (28) arguments -> arguments COMMA . expression
    (91) expression -> . expression PLUS expression
    (92) expression -> . expression MINUS expression
    (93) expression -> . expression TIMES expression
    (94) expression -> . expression DIVIDE expression
    (95) expression -> . LPAREN expression RPAREN LBRACE ID RBRACE
    (96) expression -> . LPAREN expression RPAREN
    (97) expression -> . object
    (14) object -> . withAttr
    (15) object -> . onlyObj
    (22) withAttr -> . ID DOT ID LBRACE ID RBRACE
    (23) withAttr -> . ID DOT ID LBRACE STRING RBRACE
    (24) withAttr -> . ID DOT ID
    (25) withAttr -> . varcontent DOT ID
    (26) withAttr -> . list DOT ID
    (16) onlyObj -> . ID LBRACE ID RBRACE
    (17) onlyObj -> . ID
    (18) onlyObj -> . list
    (19) onlyObj -> . varcontent
    (20) onlyObj -> . ID LPAREN arguments RPAREN LBRACE ID RBRACE
    (21) onlyObj -> . ID LPAREN arguments RPAREN
    (32) varcontent -> . tolerancetype
    (33) varcontent -> . FLOAT
    (34) varcontent -> . INTEGER
    (35) varcontent -> . PLUS INTEGER
    (36) varcontent -> . MINUS INTEGER
    (37) varcontent -> . STRING
    (38) varcontent -> . SFSTRING
    (29) list -> . LBRACKET listcontent RBRACKET
    (50) tolerancetype -> . FLOAT DA
    (51) tolerancetype -> . FLOAT PPM
    (52) tolerancetype -> . INTEGER DA
    (53) tolerancetype -> . INTEGER RES
    (54) tolerancetype -> . INTEGER PPM

    LPAREN          shift and go to state 95
    ID              shift and go to state 51
    FLOAT           shift and go to state 31
    INTEGER         shift and go to state 30
    PLUS            shift and go to state 22
    MINUS           shift and go to state 19
    STRING          shift and go to state 20
    SFSTRING        shift and go to state 26
    LBRACKET        shift and go to state 18

    tolerancetype                  shift and go to state 24
    onlyObj                        shift and go to state 15
    varcontent                     shift and go to state 21
    object                         shift and go to state 94
    list                           shift and go to state 32
    withAttr                       shift and go to state 27
    expression                     shift and go to state 171

state 137

    (95) expression -> LPAREN expression . RPAREN LBRACE ID RBRACE
    (96) expression -> LPAREN expression . RPAREN
    (91) expression -> expression . PLUS expression
    (92) expression -> expression . MINUS expression
    (93) expression -> expression . TIMES expression
    (94) expression -> expression . DIVIDE expression

    RPAREN          shift and go to state 172
    PLUS            shift and go to state 138
    MINUS           shift and go to state 140
    TIMES           shift and go to state 141
    DIVIDE          shift and go to state 139


state 138

    (91) expression -> expression PLUS . expression
    (91) expression -> . expression PLUS expression
    (92) expression -> . expression MINUS expression
    (93) expression -> . expression TIMES expression
    (94) expression -> . expression DIVIDE expression
    (95) expression -> . LPAREN expression RPAREN LBRACE ID RBRACE
    (96) expression -> . LPAREN expression RPAREN
    (97) expression -> . object
    (14) object -> . withAttr
    (15) object -> . onlyObj
    (22) withAttr -> . ID DOT ID LBRACE ID RBRACE
    (23) withAttr -> . ID DOT ID LBRACE STRING RBRACE
    (24) withAttr -> . ID DOT ID
    (25) withAttr -> . varcontent DOT ID
    (26) withAttr -> . list DOT ID
    (16) onlyObj -> . ID LBRACE ID RBRACE
    (17) onlyObj -> . ID
    (18) onlyObj -> . list
    (19) onlyObj -> . varcontent
    (20) onlyObj -> . ID LPAREN arguments RPAREN LBRACE ID RBRACE
    (21) onlyObj -> . ID LPAREN arguments RPAREN
    (32) varcontent -> . tolerancetype
    (33) varcontent -> . FLOAT
    (34) varcontent -> . INTEGER
    (35) varcontent -> . PLUS INTEGER
    (36) varcontent -> . MINUS INTEGER
    (37) varcontent -> . STRING
    (38) varcontent -> . SFSTRING
    (29) list -> . LBRACKET listcontent RBRACKET
    (50) tolerancetype -> . FLOAT DA
    (51) tolerancetype -> . FLOAT PPM
    (52) tolerancetype -> . INTEGER DA
    (53) tolerancetype -> . INTEGER RES
    (54) tolerancetype -> . INTEGER PPM

    LPAREN          shift and go to state 95
    ID              shift and go to state 51
    FLOAT           shift and go to state 31
    INTEGER         shift and go to state 30
    PLUS            shift and go to state 22
    MINUS           shift and go to state 19
    STRING          shift and go to state 20
    SFSTRING        shift and go to state 26
    LBRACKET        shift and go to state 18

    tolerancetype                  shift and go to state 24
    onlyObj                        shift and go to state 15
    varcontent                     shift and go to state 21
    object                         shift and go to state 94
    list                           shift and go to state 32
    withAttr                       shift and go to state 27
    expression                     shift and go to state 173

state 139

    (94) expression -> expression DIVIDE . expression
    (91) expression -> . expression PLUS expression
    (92) expression -> . expression MINUS expression
    (93) expression -> . expression TIMES expression
    (94) expression -> . expression DIVIDE expression
    (95) expression -> . LPAREN expression RPAREN LBRACE ID RBRACE
    (96) expression -> . LPAREN expression RPAREN
    (97) expression -> . object
    (14) object -> . withAttr
    (15) object -> . onlyObj
    (22) withAttr -> . ID DOT ID LBRACE ID RBRACE
    (23) withAttr -> . ID DOT ID LBRACE STRING RBRACE
    (24) withAttr -> . ID DOT ID
    (25) withAttr -> . varcontent DOT ID
    (26) withAttr -> . list DOT ID
    (16) onlyObj -> . ID LBRACE ID RBRACE
    (17) onlyObj -> . ID
    (18) onlyObj -> . list
    (19) onlyObj -> . varcontent
    (20) onlyObj -> . ID LPAREN arguments RPAREN LBRACE ID RBRACE
    (21) onlyObj -> . ID LPAREN arguments RPAREN
    (32) varcontent -> . tolerancetype
    (33) varcontent -> . FLOAT
    (34) varcontent -> . INTEGER
    (35) varcontent -> . PLUS INTEGER
    (36) varcontent -> . MINUS INTEGER
    (37) varcontent -> . STRING
    (38) varcontent -> . SFSTRING
    (29) list -> . LBRACKET listcontent RBRACKET
    (50) tolerancetype -> . FLOAT DA
    (51) tolerancetype -> . FLOAT PPM
    (52) tolerancetype -> . INTEGER DA
    (53) tolerancetype -> . INTEGER RES
    (54) tolerancetype -> . INTEGER PPM

    LPAREN          shift and go to state 95
    ID              shift and go to state 51
    FLOAT           shift and go to state 31
    INTEGER         shift and go to state 30
    PLUS            shift and go to state 22
    MINUS           shift and go to state 19
    STRING          shift and go to state 20
    SFSTRING        shift and go to state 26
    LBRACKET        shift and go to state 18

    tolerancetype                  shift and go to state 24
    onlyObj                        shift and go to state 15
    varcontent                     shift and go to state 21
    object                         shift and go to state 94
    list                           shift and go to state 32
    withAttr                       shift and go to state 27
    expression                     shift and go to state 174

state 140

    (92) expression -> expression MINUS . expression
    (91) expression -> . expression PLUS expression
    (92) expression -> . expression MINUS expression
    (93) expression -> . expression TIMES expression
    (94) expression -> . expression DIVIDE expression
    (95) expression -> . LPAREN expression RPAREN LBRACE ID RBRACE
    (96) expression -> . LPAREN expression RPAREN
    (97) expression -> . object
    (14) object -> . withAttr
    (15) object -> . onlyObj
    (22) withAttr -> . ID DOT ID LBRACE ID RBRACE
    (23) withAttr -> . ID DOT ID LBRACE STRING RBRACE
    (24) withAttr -> . ID DOT ID
    (25) withAttr -> . varcontent DOT ID
    (26) withAttr -> . list DOT ID
    (16) onlyObj -> . ID LBRACE ID RBRACE
    (17) onlyObj -> . ID
    (18) onlyObj -> . list
    (19) onlyObj -> . varcontent
    (20) onlyObj -> . ID LPAREN arguments RPAREN LBRACE ID RBRACE
    (21) onlyObj -> . ID LPAREN arguments RPAREN
    (32) varcontent -> . tolerancetype
    (33) varcontent -> . FLOAT
    (34) varcontent -> . INTEGER
    (35) varcontent -> . PLUS INTEGER
    (36) varcontent -> . MINUS INTEGER
    (37) varcontent -> . STRING
    (38) varcontent -> . SFSTRING
    (29) list -> . LBRACKET listcontent RBRACKET
    (50) tolerancetype -> . FLOAT DA
    (51) tolerancetype -> . FLOAT PPM
    (52) tolerancetype -> . INTEGER DA
    (53) tolerancetype -> . INTEGER RES
    (54) tolerancetype -> . INTEGER PPM

    LPAREN          shift and go to state 95
    ID              shift and go to state 51
    FLOAT           shift and go to state 31
    INTEGER         shift and go to state 30
    PLUS            shift and go to state 22
    MINUS           shift and go to state 19
    STRING          shift and go to state 20
    SFSTRING        shift and go to state 26
    LBRACKET        shift and go to state 18

    tolerancetype                  shift and go to state 24
    onlyObj                        shift and go to state 15
    varcontent                     shift and go to state 21
    object                         shift and go to state 94
    list                           shift and go to state 32
    withAttr                       shift and go to state 27
    expression                     shift and go to state 175

state 141

    (93) expression -> expression TIMES . expression
    (91) expression -> . expression PLUS expression
    (92) expression -> . expression MINUS expression
    (93) expression -> . expression TIMES expression
    (94) expression -> . expression DIVIDE expression
    (95) expression -> . LPAREN expression RPAREN LBRACE ID RBRACE
    (96) expression -> . LPAREN expression RPAREN
    (97) expression -> . object
    (14) object -> . withAttr
    (15) object -> . onlyObj
    (22) withAttr -> . ID DOT ID LBRACE ID RBRACE
    (23) withAttr -> . ID DOT ID LBRACE STRING RBRACE
    (24) withAttr -> . ID DOT ID
    (25) withAttr -> . varcontent DOT ID
    (26) withAttr -> . list DOT ID
    (16) onlyObj -> . ID LBRACE ID RBRACE
    (17) onlyObj -> . ID
    (18) onlyObj -> . list
    (19) onlyObj -> . varcontent
    (20) onlyObj -> . ID LPAREN arguments RPAREN LBRACE ID RBRACE
    (21) onlyObj -> . ID LPAREN arguments RPAREN
    (32) varcontent -> . tolerancetype
    (33) varcontent -> . FLOAT
    (34) varcontent -> . INTEGER
    (35) varcontent -> . PLUS INTEGER
    (36) varcontent -> . MINUS INTEGER
    (37) varcontent -> . STRING
    (38) varcontent -> . SFSTRING
    (29) list -> . LBRACKET listcontent RBRACKET
    (50) tolerancetype -> . FLOAT DA
    (51) tolerancetype -> . FLOAT PPM
    (52) tolerancetype -> . INTEGER DA
    (53) tolerancetype -> . INTEGER RES
    (54) tolerancetype -> . INTEGER PPM

    LPAREN          shift and go to state 95
    ID              shift and go to state 51
    FLOAT           shift and go to state 31
    INTEGER         shift and go to state 30
    PLUS            shift and go to state 22
    MINUS           shift and go to state 19
    STRING          shift and go to state 20
    SFSTRING        shift and go to state 26
    LBRACKET        shift and go to state 18

    tolerancetype                  shift and go to state 24
    onlyObj                        shift and go to state 15
    varcontent                     shift and go to state 21
    object                         shift and go to state 94
    list                           shift and go to state 32
    withAttr                       shift and go to state 27
    expression                     shift and go to state 176

state 142

    (22) withAttr -> ID DOT ID LBRACE . ID RBRACE
    (23) withAttr -> ID DOT ID LBRACE . STRING RBRACE

    ID              shift and go to state 178
    STRING          shift and go to state 177


state 143

    (55) identification -> IDENTIFY tagname WHERE marks evalMarks . suchthat REPORT report
    (56) identification -> IDENTIFY tagname WHERE marks evalMarks . REPORT report
    (57) identification -> IDENTIFY tagname WHERE marks evalMarks . suchthat interpretation REPORT report
    (58) identification -> IDENTIFY tagname WHERE marks evalMarks . interpretation REPORT report
    (76) suchthat -> . SUCHTHAT body
    (98) interpretation -> . INTERPRETATION expr

    REPORT          shift and go to state 180
    SUCHTHAT        shift and go to state 84
    INTERPRETATION  shift and go to state 86

    interpretation                 shift and go to state 179
    suchthat                       shift and go to state 181

state 144

    (12) var -> DEFINE list IS object options . SEMICOLON

    SEMICOLON       shift and go to state 182


state 145

    (10) var -> DEFINE ID IS object options . SEMICOLON
    (11) var -> DEFINE ID IS object options . AS NEUTRALLOSS SEMICOLON

    SEMICOLON       shift and go to state 183
    AS              shift and go to state 184


state 146

    (46) optionentry -> MINOCC IS . object
    (14) object -> . withAttr
    (15) object -> . onlyObj
    (22) withAttr -> . ID DOT ID LBRACE ID RBRACE
    (23) withAttr -> . ID DOT ID LBRACE STRING RBRACE
    (24) withAttr -> . ID DOT ID
    (25) withAttr -> . varcontent DOT ID
    (26) withAttr -> . list DOT ID
    (16) onlyObj -> . ID LBRACE ID RBRACE
    (17) onlyObj -> . ID
    (18) onlyObj -> . list
    (19) onlyObj -> . varcontent
    (20) onlyObj -> . ID LPAREN arguments RPAREN LBRACE ID RBRACE
    (21) onlyObj -> . ID LPAREN arguments RPAREN
    (32) varcontent -> . tolerancetype
    (33) varcontent -> . FLOAT
    (34) varcontent -> . INTEGER
    (35) varcontent -> . PLUS INTEGER
    (36) varcontent -> . MINUS INTEGER
    (37) varcontent -> . STRING
    (38) varcontent -> . SFSTRING
    (29) list -> . LBRACKET listcontent RBRACKET
    (50) tolerancetype -> . FLOAT DA
    (51) tolerancetype -> . FLOAT PPM
    (52) tolerancetype -> . INTEGER DA
    (53) tolerancetype -> . INTEGER RES
    (54) tolerancetype -> . INTEGER PPM

    ID              shift and go to state 51
    FLOAT           shift and go to state 31
    INTEGER         shift and go to state 30
    PLUS            shift and go to state 22
    MINUS           shift and go to state 19
    STRING          shift and go to state 20
    SFSTRING        shift and go to state 26
    LBRACKET        shift and go to state 18

    tolerancetype                  shift and go to state 24
    onlyObj                        shift and go to state 15
    varcontent                     shift and go to state 21
    object                         shift and go to state 185
    list                           shift and go to state 32
    withAttr                       shift and go to state 27

state 147

    (41) optioncontent -> optioncontent COMMA . optionentry
    (43) optionentry -> . DBR IS LPAREN object COMMA object RPAREN
    (44) optionentry -> . CHG IS INTEGER
    (45) optionentry -> . MASSRANGE IS LPAREN object COMMA object RPAREN
    (46) optionentry -> . MINOCC IS object
    (47) optionentry -> . MAXOCC IS object
    (48) optionentry -> . RETENTIONTIME IS object
    (49) optionentry -> . TOLERANCE IS tolerancetype

    DBR             shift and go to state 110
    CHG             shift and go to state 105
    MASSRANGE       shift and go to state 107
    MINOCC          shift and go to state 102
    MAXOCC          shift and go to state 108
    RETENTIONTIME   shift and go to state 104
    TOLERANCE       shift and go to state 106

    optionentry                    shift and go to state 186

state 148

    (48) optionentry -> RETENTIONTIME IS . object
    (14) object -> . withAttr
    (15) object -> . onlyObj
    (22) withAttr -> . ID DOT ID LBRACE ID RBRACE
    (23) withAttr -> . ID DOT ID LBRACE STRING RBRACE
    (24) withAttr -> . ID DOT ID
    (25) withAttr -> . varcontent DOT ID
    (26) withAttr -> . list DOT ID
    (16) onlyObj -> . ID LBRACE ID RBRACE
    (17) onlyObj -> . ID
    (18) onlyObj -> . list
    (19) onlyObj -> . varcontent
    (20) onlyObj -> . ID LPAREN arguments RPAREN LBRACE ID RBRACE
    (21) onlyObj -> . ID LPAREN arguments RPAREN
    (32) varcontent -> . tolerancetype
    (33) varcontent -> . FLOAT
    (34) varcontent -> . INTEGER
    (35) varcontent -> . PLUS INTEGER
    (36) varcontent -> . MINUS INTEGER
    (37) varcontent -> . STRING
    (38) varcontent -> . SFSTRING
    (29) list -> . LBRACKET listcontent RBRACKET
    (50) tolerancetype -> . FLOAT DA
    (51) tolerancetype -> . FLOAT PPM
    (52) tolerancetype -> . INTEGER DA
    (53) tolerancetype -> . INTEGER RES
    (54) tolerancetype -> . INTEGER PPM

    ID              shift and go to state 51
    FLOAT           shift and go to state 31
    INTEGER         shift and go to state 30
    PLUS            shift and go to state 22
    MINUS           shift and go to state 19
    STRING          shift and go to state 20
    SFSTRING        shift and go to state 26
    LBRACKET        shift and go to state 18

    tolerancetype                  shift and go to state 24
    onlyObj                        shift and go to state 15
    varcontent                     shift and go to state 21
    object                         shift and go to state 187
    list                           shift and go to state 32
    withAttr                       shift and go to state 27

state 149

    (44) optionentry -> CHG IS . INTEGER

    INTEGER         shift and go to state 188


state 150

    (49) optionentry -> TOLERANCE IS . tolerancetype
    (50) tolerancetype -> . FLOAT DA
    (51) tolerancetype -> . FLOAT PPM
    (52) tolerancetype -> . INTEGER DA
    (53) tolerancetype -> . INTEGER RES
    (54) tolerancetype -> . INTEGER PPM

    FLOAT           shift and go to state 190
    INTEGER         shift and go to state 191

    tolerancetype                  shift and go to state 189

state 151

    (45) optionentry -> MASSRANGE IS . LPAREN object COMMA object RPAREN

    LPAREN          shift and go to state 192


state 152

    (47) optionentry -> MAXOCC IS . object
    (14) object -> . withAttr
    (15) object -> . onlyObj
    (22) withAttr -> . ID DOT ID LBRACE ID RBRACE
    (23) withAttr -> . ID DOT ID LBRACE STRING RBRACE
    (24) withAttr -> . ID DOT ID
    (25) withAttr -> . varcontent DOT ID
    (26) withAttr -> . list DOT ID
    (16) onlyObj -> . ID LBRACE ID RBRACE
    (17) onlyObj -> . ID
    (18) onlyObj -> . list
    (19) onlyObj -> . varcontent
    (20) onlyObj -> . ID LPAREN arguments RPAREN LBRACE ID RBRACE
    (21) onlyObj -> . ID LPAREN arguments RPAREN
    (32) varcontent -> . tolerancetype
    (33) varcontent -> . FLOAT
    (34) varcontent -> . INTEGER
    (35) varcontent -> . PLUS INTEGER
    (36) varcontent -> . MINUS INTEGER
    (37) varcontent -> . STRING
    (38) varcontent -> . SFSTRING
    (29) list -> . LBRACKET listcontent RBRACKET
    (50) tolerancetype -> . FLOAT DA
    (51) tolerancetype -> . FLOAT PPM
    (52) tolerancetype -> . INTEGER DA
    (53) tolerancetype -> . INTEGER RES
    (54) tolerancetype -> . INTEGER PPM

    ID              shift and go to state 51
    FLOAT           shift and go to state 31
    INTEGER         shift and go to state 30
    PLUS            shift and go to state 22
    MINUS           shift and go to state 19
    STRING          shift and go to state 20
    SFSTRING        shift and go to state 26
    LBRACKET        shift and go to state 18

    tolerancetype                  shift and go to state 24
    onlyObj                        shift and go to state 15
    varcontent                     shift and go to state 21
    object                         shift and go to state 193
    list                           shift and go to state 32
    withAttr                       shift and go to state 27

state 153

    (43) optionentry -> DBR IS . LPAREN object COMMA object RPAREN

    LPAREN          shift and go to state 194


state 154

    (62) identification -> IDENTIFY marks evalMarks interpretation REPORT report .

    SEMICOLON       reduce using rule 62 (identification -> IDENTIFY marks evalMarks interpretation REPORT report .)


state 155

    (79) booleanterm -> booleanterm AND . booleanterm
    (79) booleanterm -> . booleanterm AND booleanterm
    (80) booleanterm -> . booleanterm OR booleanterm
    (81) booleanterm -> . LPAREN booleanterm RPAREN
    (82) booleanterm -> . NOT booleanterm
    (83) booleanterm -> . expr
    (84) booleanterm -> . object
    (85) expr -> . expression EQUALS expression options
    (86) expr -> . expression GT expression options
    (87) expr -> . expression GE expression options
    (88) expr -> . expression LE expression options
    (89) expr -> . expression LT expression options
    (90) expr -> . expression NE expression options
    (14) object -> . withAttr
    (15) object -> . onlyObj
    (91) expression -> . expression PLUS expression
    (92) expression -> . expression MINUS expression
    (93) expression -> . expression TIMES expression
    (94) expression -> . expression DIVIDE expression
    (95) expression -> . LPAREN expression RPAREN LBRACE ID RBRACE
    (96) expression -> . LPAREN expression RPAREN
    (97) expression -> . object
    (22) withAttr -> . ID DOT ID LBRACE ID RBRACE
    (23) withAttr -> . ID DOT ID LBRACE STRING RBRACE
    (24) withAttr -> . ID DOT ID
    (25) withAttr -> . varcontent DOT ID
    (26) withAttr -> . list DOT ID
    (16) onlyObj -> . ID LBRACE ID RBRACE
    (17) onlyObj -> . ID
    (18) onlyObj -> . list
    (19) onlyObj -> . varcontent
    (20) onlyObj -> . ID LPAREN arguments RPAREN LBRACE ID RBRACE
    (21) onlyObj -> . ID LPAREN arguments RPAREN
    (32) varcontent -> . tolerancetype
    (33) varcontent -> . FLOAT
    (34) varcontent -> . INTEGER
    (35) varcontent -> . PLUS INTEGER
    (36) varcontent -> . MINUS INTEGER
    (37) varcontent -> . STRING
    (38) varcontent -> . SFSTRING
    (29) list -> . LBRACKET listcontent RBRACKET
    (50) tolerancetype -> . FLOAT DA
    (51) tolerancetype -> . FLOAT PPM
    (52) tolerancetype -> . INTEGER DA
    (53) tolerancetype -> . INTEGER RES
    (54) tolerancetype -> . INTEGER PPM

    LPAREN          shift and go to state 118
    NOT             shift and go to state 120
    ID              shift and go to state 51
    FLOAT           shift and go to state 31
    INTEGER         shift and go to state 30
    PLUS            shift and go to state 22
    MINUS           shift and go to state 19
    STRING          shift and go to state 20
    SFSTRING        shift and go to state 26
    LBRACKET        shift and go to state 18

    tolerancetype                  shift and go to state 24
    onlyObj                        shift and go to state 15
    varcontent                     shift and go to state 21
    booleanterm                    shift and go to state 195
    object                         shift and go to state 117
    list                           shift and go to state 32
    withAttr                       shift and go to state 27
    expr                           shift and go to state 119
    expression                     shift and go to state 121

state 156

    (80) booleanterm -> booleanterm OR . booleanterm
    (79) booleanterm -> . booleanterm AND booleanterm
    (80) booleanterm -> . booleanterm OR booleanterm
    (81) booleanterm -> . LPAREN booleanterm RPAREN
    (82) booleanterm -> . NOT booleanterm
    (83) booleanterm -> . expr
    (84) booleanterm -> . object
    (85) expr -> . expression EQUALS expression options
    (86) expr -> . expression GT expression options
    (87) expr -> . expression GE expression options
    (88) expr -> . expression LE expression options
    (89) expr -> . expression LT expression options
    (90) expr -> . expression NE expression options
    (14) object -> . withAttr
    (15) object -> . onlyObj
    (91) expression -> . expression PLUS expression
    (92) expression -> . expression MINUS expression
    (93) expression -> . expression TIMES expression
    (94) expression -> . expression DIVIDE expression
    (95) expression -> . LPAREN expression RPAREN LBRACE ID RBRACE
    (96) expression -> . LPAREN expression RPAREN
    (97) expression -> . object
    (22) withAttr -> . ID DOT ID LBRACE ID RBRACE
    (23) withAttr -> . ID DOT ID LBRACE STRING RBRACE
    (24) withAttr -> . ID DOT ID
    (25) withAttr -> . varcontent DOT ID
    (26) withAttr -> . list DOT ID
    (16) onlyObj -> . ID LBRACE ID RBRACE
    (17) onlyObj -> . ID
    (18) onlyObj -> . list
    (19) onlyObj -> . varcontent
    (20) onlyObj -> . ID LPAREN arguments RPAREN LBRACE ID RBRACE
    (21) onlyObj -> . ID LPAREN arguments RPAREN
    (32) varcontent -> . tolerancetype
    (33) varcontent -> . FLOAT
    (34) varcontent -> . INTEGER
    (35) varcontent -> . PLUS INTEGER
    (36) varcontent -> . MINUS INTEGER
    (37) varcontent -> . STRING
    (38) varcontent -> . SFSTRING
    (29) list -> . LBRACKET listcontent RBRACKET
    (50) tolerancetype -> . FLOAT DA
    (51) tolerancetype -> . FLOAT PPM
    (52) tolerancetype -> . INTEGER DA
    (53) tolerancetype -> . INTEGER RES
    (54) tolerancetype -> . INTEGER PPM

    LPAREN          shift and go to state 118
    NOT             shift and go to state 120
    ID              shift and go to state 51
    FLOAT           shift and go to state 31
    INTEGER         shift and go to state 30
    PLUS            shift and go to state 22
    MINUS           shift and go to state 19
    STRING          shift and go to state 20
    SFSTRING        shift and go to state 26
    LBRACKET        shift and go to state 18

    tolerancetype                  shift and go to state 24
    onlyObj                        shift and go to state 15
    varcontent                     shift and go to state 21
    booleanterm                    shift and go to state 196
    object                         shift and go to state 117
    list                           shift and go to state 32
    withAttr                       shift and go to state 27
    expr                           shift and go to state 119
    expression                     shift and go to state 121

state 157

    (81) booleanterm -> LPAREN booleanterm . RPAREN
    (79) booleanterm -> booleanterm . AND booleanterm
    (80) booleanterm -> booleanterm . OR booleanterm

    RPAREN          shift and go to state 197
    AND             shift and go to state 155
    OR              shift and go to state 156


state 158

    (95) expression -> LPAREN expression . RPAREN LBRACE ID RBRACE
    (96) expression -> LPAREN expression . RPAREN
    (91) expression -> expression . PLUS expression
    (92) expression -> expression . MINUS expression
    (93) expression -> expression . TIMES expression
    (94) expression -> expression . DIVIDE expression
    (85) expr -> expression . EQUALS expression options
    (86) expr -> expression . GT expression options
    (87) expr -> expression . GE expression options
    (88) expr -> expression . LE expression options
    (89) expr -> expression . LT expression options
    (90) expr -> expression . NE expression options

    RPAREN          shift and go to state 172
    PLUS            shift and go to state 138
    MINUS           shift and go to state 140
    TIMES           shift and go to state 141
    DIVIDE          shift and go to state 139
    EQUALS          shift and go to state 162
    GT              shift and go to state 165
    GE              shift and go to state 164
    LE              shift and go to state 160
    LT              shift and go to state 163
    NE              shift and go to state 161


state 159

    (82) booleanterm -> NOT booleanterm .
    (79) booleanterm -> booleanterm . AND booleanterm
    (80) booleanterm -> booleanterm . OR booleanterm

    AND             reduce using rule 82 (booleanterm -> NOT booleanterm .)
    OR              reduce using rule 82 (booleanterm -> NOT booleanterm .)
    REPORT          reduce using rule 82 (booleanterm -> NOT booleanterm .)
    INTERPRETATION  reduce using rule 82 (booleanterm -> NOT booleanterm .)
    RPAREN          reduce using rule 82 (booleanterm -> NOT booleanterm .)

  ! AND             [ shift and go to state 155 ]
  ! OR              [ shift and go to state 156 ]


state 160

    (88) expr -> expression LE . expression options
    (91) expression -> . expression PLUS expression
    (92) expression -> . expression MINUS expression
    (93) expression -> . expression TIMES expression
    (94) expression -> . expression DIVIDE expression
    (95) expression -> . LPAREN expression RPAREN LBRACE ID RBRACE
    (96) expression -> . LPAREN expression RPAREN
    (97) expression -> . object
    (14) object -> . withAttr
    (15) object -> . onlyObj
    (22) withAttr -> . ID DOT ID LBRACE ID RBRACE
    (23) withAttr -> . ID DOT ID LBRACE STRING RBRACE
    (24) withAttr -> . ID DOT ID
    (25) withAttr -> . varcontent DOT ID
    (26) withAttr -> . list DOT ID
    (16) onlyObj -> . ID LBRACE ID RBRACE
    (17) onlyObj -> . ID
    (18) onlyObj -> . list
    (19) onlyObj -> . varcontent
    (20) onlyObj -> . ID LPAREN arguments RPAREN LBRACE ID RBRACE
    (21) onlyObj -> . ID LPAREN arguments RPAREN
    (32) varcontent -> . tolerancetype
    (33) varcontent -> . FLOAT
    (34) varcontent -> . INTEGER
    (35) varcontent -> . PLUS INTEGER
    (36) varcontent -> . MINUS INTEGER
    (37) varcontent -> . STRING
    (38) varcontent -> . SFSTRING
    (29) list -> . LBRACKET listcontent RBRACKET
    (50) tolerancetype -> . FLOAT DA
    (51) tolerancetype -> . FLOAT PPM
    (52) tolerancetype -> . INTEGER DA
    (53) tolerancetype -> . INTEGER RES
    (54) tolerancetype -> . INTEGER PPM

    LPAREN          shift and go to state 95
    ID              shift and go to state 51
    FLOAT           shift and go to state 31
    INTEGER         shift and go to state 30
    PLUS            shift and go to state 22
    MINUS           shift and go to state 19
    STRING          shift and go to state 20
    SFSTRING        shift and go to state 26
    LBRACKET        shift and go to state 18

    tolerancetype                  shift and go to state 24
    onlyObj                        shift and go to state 15
    varcontent                     shift and go to state 21
    object                         shift and go to state 94
    list                           shift and go to state 32
    withAttr                       shift and go to state 27
    expression                     shift and go to state 198

state 161

    (90) expr -> expression NE . expression options
    (91) expression -> . expression PLUS expression
    (92) expression -> . expression MINUS expression
    (93) expression -> . expression TIMES expression
    (94) expression -> . expression DIVIDE expression
    (95) expression -> . LPAREN expression RPAREN LBRACE ID RBRACE
    (96) expression -> . LPAREN expression RPAREN
    (97) expression -> . object
    (14) object -> . withAttr
    (15) object -> . onlyObj
    (22) withAttr -> . ID DOT ID LBRACE ID RBRACE
    (23) withAttr -> . ID DOT ID LBRACE STRING RBRACE
    (24) withAttr -> . ID DOT ID
    (25) withAttr -> . varcontent DOT ID
    (26) withAttr -> . list DOT ID
    (16) onlyObj -> . ID LBRACE ID RBRACE
    (17) onlyObj -> . ID
    (18) onlyObj -> . list
    (19) onlyObj -> . varcontent
    (20) onlyObj -> . ID LPAREN arguments RPAREN LBRACE ID RBRACE
    (21) onlyObj -> . ID LPAREN arguments RPAREN
    (32) varcontent -> . tolerancetype
    (33) varcontent -> . FLOAT
    (34) varcontent -> . INTEGER
    (35) varcontent -> . PLUS INTEGER
    (36) varcontent -> . MINUS INTEGER
    (37) varcontent -> . STRING
    (38) varcontent -> . SFSTRING
    (29) list -> . LBRACKET listcontent RBRACKET
    (50) tolerancetype -> . FLOAT DA
    (51) tolerancetype -> . FLOAT PPM
    (52) tolerancetype -> . INTEGER DA
    (53) tolerancetype -> . INTEGER RES
    (54) tolerancetype -> . INTEGER PPM

    LPAREN          shift and go to state 95
    ID              shift and go to state 51
    FLOAT           shift and go to state 31
    INTEGER         shift and go to state 30
    PLUS            shift and go to state 22
    MINUS           shift and go to state 19
    STRING          shift and go to state 20
    SFSTRING        shift and go to state 26
    LBRACKET        shift and go to state 18

    tolerancetype                  shift and go to state 24
    onlyObj                        shift and go to state 15
    varcontent                     shift and go to state 21
    object                         shift and go to state 94
    list                           shift and go to state 32
    withAttr                       shift and go to state 27
    expression                     shift and go to state 199

state 162

    (85) expr -> expression EQUALS . expression options
    (91) expression -> . expression PLUS expression
    (92) expression -> . expression MINUS expression
    (93) expression -> . expression TIMES expression
    (94) expression -> . expression DIVIDE expression
    (95) expression -> . LPAREN expression RPAREN LBRACE ID RBRACE
    (96) expression -> . LPAREN expression RPAREN
    (97) expression -> . object
    (14) object -> . withAttr
    (15) object -> . onlyObj
    (22) withAttr -> . ID DOT ID LBRACE ID RBRACE
    (23) withAttr -> . ID DOT ID LBRACE STRING RBRACE
    (24) withAttr -> . ID DOT ID
    (25) withAttr -> . varcontent DOT ID
    (26) withAttr -> . list DOT ID
    (16) onlyObj -> . ID LBRACE ID RBRACE
    (17) onlyObj -> . ID
    (18) onlyObj -> . list
    (19) onlyObj -> . varcontent
    (20) onlyObj -> . ID LPAREN arguments RPAREN LBRACE ID RBRACE
    (21) onlyObj -> . ID LPAREN arguments RPAREN
    (32) varcontent -> . tolerancetype
    (33) varcontent -> . FLOAT
    (34) varcontent -> . INTEGER
    (35) varcontent -> . PLUS INTEGER
    (36) varcontent -> . MINUS INTEGER
    (37) varcontent -> . STRING
    (38) varcontent -> . SFSTRING
    (29) list -> . LBRACKET listcontent RBRACKET
    (50) tolerancetype -> . FLOAT DA
    (51) tolerancetype -> . FLOAT PPM
    (52) tolerancetype -> . INTEGER DA
    (53) tolerancetype -> . INTEGER RES
    (54) tolerancetype -> . INTEGER PPM

    LPAREN          shift and go to state 95
    ID              shift and go to state 51
    FLOAT           shift and go to state 31
    INTEGER         shift and go to state 30
    PLUS            shift and go to state 22
    MINUS           shift and go to state 19
    STRING          shift and go to state 20
    SFSTRING        shift and go to state 26
    LBRACKET        shift and go to state 18

    tolerancetype                  shift and go to state 24
    onlyObj                        shift and go to state 15
    varcontent                     shift and go to state 21
    object                         shift and go to state 94
    list                           shift and go to state 32
    withAttr                       shift and go to state 27
    expression                     shift and go to state 200

state 163

    (89) expr -> expression LT . expression options
    (91) expression -> . expression PLUS expression
    (92) expression -> . expression MINUS expression
    (93) expression -> . expression TIMES expression
    (94) expression -> . expression DIVIDE expression
    (95) expression -> . LPAREN expression RPAREN LBRACE ID RBRACE
    (96) expression -> . LPAREN expression RPAREN
    (97) expression -> . object
    (14) object -> . withAttr
    (15) object -> . onlyObj
    (22) withAttr -> . ID DOT ID LBRACE ID RBRACE
    (23) withAttr -> . ID DOT ID LBRACE STRING RBRACE
    (24) withAttr -> . ID DOT ID
    (25) withAttr -> . varcontent DOT ID
    (26) withAttr -> . list DOT ID
    (16) onlyObj -> . ID LBRACE ID RBRACE
    (17) onlyObj -> . ID
    (18) onlyObj -> . list
    (19) onlyObj -> . varcontent
    (20) onlyObj -> . ID LPAREN arguments RPAREN LBRACE ID RBRACE
    (21) onlyObj -> . ID LPAREN arguments RPAREN
    (32) varcontent -> . tolerancetype
    (33) varcontent -> . FLOAT
    (34) varcontent -> . INTEGER
    (35) varcontent -> . PLUS INTEGER
    (36) varcontent -> . MINUS INTEGER
    (37) varcontent -> . STRING
    (38) varcontent -> . SFSTRING
    (29) list -> . LBRACKET listcontent RBRACKET
    (50) tolerancetype -> . FLOAT DA
    (51) tolerancetype -> . FLOAT PPM
    (52) tolerancetype -> . INTEGER DA
    (53) tolerancetype -> . INTEGER RES
    (54) tolerancetype -> . INTEGER PPM

    LPAREN          shift and go to state 95
    ID              shift and go to state 51
    FLOAT           shift and go to state 31
    INTEGER         shift and go to state 30
    PLUS            shift and go to state 22
    MINUS           shift and go to state 19
    STRING          shift and go to state 20
    SFSTRING        shift and go to state 26
    LBRACKET        shift and go to state 18

    tolerancetype                  shift and go to state 24
    onlyObj                        shift and go to state 15
    varcontent                     shift and go to state 21
    object                         shift and go to state 94
    list                           shift and go to state 32
    withAttr                       shift and go to state 27
    expression                     shift and go to state 201

state 164

    (87) expr -> expression GE . expression options
    (91) expression -> . expression PLUS expression
    (92) expression -> . expression MINUS expression
    (93) expression -> . expression TIMES expression
    (94) expression -> . expression DIVIDE expression
    (95) expression -> . LPAREN expression RPAREN LBRACE ID RBRACE
    (96) expression -> . LPAREN expression RPAREN
    (97) expression -> . object
    (14) object -> . withAttr
    (15) object -> . onlyObj
    (22) withAttr -> . ID DOT ID LBRACE ID RBRACE
    (23) withAttr -> . ID DOT ID LBRACE STRING RBRACE
    (24) withAttr -> . ID DOT ID
    (25) withAttr -> . varcontent DOT ID
    (26) withAttr -> . list DOT ID
    (16) onlyObj -> . ID LBRACE ID RBRACE
    (17) onlyObj -> . ID
    (18) onlyObj -> . list
    (19) onlyObj -> . varcontent
    (20) onlyObj -> . ID LPAREN arguments RPAREN LBRACE ID RBRACE
    (21) onlyObj -> . ID LPAREN arguments RPAREN
    (32) varcontent -> . tolerancetype
    (33) varcontent -> . FLOAT
    (34) varcontent -> . INTEGER
    (35) varcontent -> . PLUS INTEGER
    (36) varcontent -> . MINUS INTEGER
    (37) varcontent -> . STRING
    (38) varcontent -> . SFSTRING
    (29) list -> . LBRACKET listcontent RBRACKET
    (50) tolerancetype -> . FLOAT DA
    (51) tolerancetype -> . FLOAT PPM
    (52) tolerancetype -> . INTEGER DA
    (53) tolerancetype -> . INTEGER RES
    (54) tolerancetype -> . INTEGER PPM

    LPAREN          shift and go to state 95
    ID              shift and go to state 51
    FLOAT           shift and go to state 31
    INTEGER         shift and go to state 30
    PLUS            shift and go to state 22
    MINUS           shift and go to state 19
    STRING          shift and go to state 20
    SFSTRING        shift and go to state 26
    LBRACKET        shift and go to state 18

    tolerancetype                  shift and go to state 24
    onlyObj                        shift and go to state 15
    varcontent                     shift and go to state 21
    object                         shift and go to state 94
    list                           shift and go to state 32
    withAttr                       shift and go to state 27
    expression                     shift and go to state 202

state 165

    (86) expr -> expression GT . expression options
    (91) expression -> . expression PLUS expression
    (92) expression -> . expression MINUS expression
    (93) expression -> . expression TIMES expression
    (94) expression -> . expression DIVIDE expression
    (95) expression -> . LPAREN expression RPAREN LBRACE ID RBRACE
    (96) expression -> . LPAREN expression RPAREN
    (97) expression -> . object
    (14) object -> . withAttr
    (15) object -> . onlyObj
    (22) withAttr -> . ID DOT ID LBRACE ID RBRACE
    (23) withAttr -> . ID DOT ID LBRACE STRING RBRACE
    (24) withAttr -> . ID DOT ID
    (25) withAttr -> . varcontent DOT ID
    (26) withAttr -> . list DOT ID
    (16) onlyObj -> . ID LBRACE ID RBRACE
    (17) onlyObj -> . ID
    (18) onlyObj -> . list
    (19) onlyObj -> . varcontent
    (20) onlyObj -> . ID LPAREN arguments RPAREN LBRACE ID RBRACE
    (21) onlyObj -> . ID LPAREN arguments RPAREN
    (32) varcontent -> . tolerancetype
    (33) varcontent -> . FLOAT
    (34) varcontent -> . INTEGER
    (35) varcontent -> . PLUS INTEGER
    (36) varcontent -> . MINUS INTEGER
    (37) varcontent -> . STRING
    (38) varcontent -> . SFSTRING
    (29) list -> . LBRACKET listcontent RBRACKET
    (50) tolerancetype -> . FLOAT DA
    (51) tolerancetype -> . FLOAT PPM
    (52) tolerancetype -> . INTEGER DA
    (53) tolerancetype -> . INTEGER RES
    (54) tolerancetype -> . INTEGER PPM

    LPAREN          shift and go to state 95
    ID              shift and go to state 51
    FLOAT           shift and go to state 31
    INTEGER         shift and go to state 30
    PLUS            shift and go to state 22
    MINUS           shift and go to state 19
    STRING          shift and go to state 20
    SFSTRING        shift and go to state 26
    LBRACKET        shift and go to state 18

    tolerancetype                  shift and go to state 24
    onlyObj                        shift and go to state 15
    varcontent                     shift and go to state 21
    object                         shift and go to state 94
    list                           shift and go to state 32
    withAttr                       shift and go to state 27
    expression                     shift and go to state 203

state 166

    (107) rContent -> ID IS . STRING PERCENT STRING SEMICOLON
    (108) rContent -> ID IS . expression SEMICOLON
    (91) expression -> . expression PLUS expression
    (92) expression -> . expression MINUS expression
    (93) expression -> . expression TIMES expression
    (94) expression -> . expression DIVIDE expression
    (95) expression -> . LPAREN expression RPAREN LBRACE ID RBRACE
    (96) expression -> . LPAREN expression RPAREN
    (97) expression -> . object
    (14) object -> . withAttr
    (15) object -> . onlyObj
    (22) withAttr -> . ID DOT ID LBRACE ID RBRACE
    (23) withAttr -> . ID DOT ID LBRACE STRING RBRACE
    (24) withAttr -> . ID DOT ID
    (25) withAttr -> . varcontent DOT ID
    (26) withAttr -> . list DOT ID
    (16) onlyObj -> . ID LBRACE ID RBRACE
    (17) onlyObj -> . ID
    (18) onlyObj -> . list
    (19) onlyObj -> . varcontent
    (20) onlyObj -> . ID LPAREN arguments RPAREN LBRACE ID RBRACE
    (21) onlyObj -> . ID LPAREN arguments RPAREN
    (32) varcontent -> . tolerancetype
    (33) varcontent -> . FLOAT
    (34) varcontent -> . INTEGER
    (35) varcontent -> . PLUS INTEGER
    (36) varcontent -> . MINUS INTEGER
    (37) varcontent -> . STRING
    (38) varcontent -> . SFSTRING
    (29) list -> . LBRACKET listcontent RBRACKET
    (50) tolerancetype -> . FLOAT DA
    (51) tolerancetype -> . FLOAT PPM
    (52) tolerancetype -> . INTEGER DA
    (53) tolerancetype -> . INTEGER RES
    (54) tolerancetype -> . INTEGER PPM

    STRING          shift and go to state 204
    LPAREN          shift and go to state 95
    ID              shift and go to state 51
    FLOAT           shift and go to state 31
    INTEGER         shift and go to state 30
    PLUS            shift and go to state 22
    MINUS           shift and go to state 19
    SFSTRING        shift and go to state 26
    LBRACKET        shift and go to state 18

    tolerancetype                  shift and go to state 24
    onlyObj                        shift and go to state 15
    varcontent                     shift and go to state 21
    object                         shift and go to state 94
    list                           shift and go to state 32
    withAttr                       shift and go to state 27
    expression                     shift and go to state 205

state 167

    (105) reportContent -> reportContent rContent .

    ID              reduce using rule 105 (reportContent -> reportContent rContent .)
    SEMICOLON       reduce using rule 105 (reportContent -> reportContent rContent .)


state 168

    (61) identification -> IDENTIFY marks evalMarks suchthat interpretation REPORT . report
    (104) report -> . reportContent
    (105) reportContent -> . reportContent rContent
    (106) reportContent -> . rContent
    (107) rContent -> . ID IS STRING PERCENT STRING SEMICOLON
    (108) rContent -> . ID IS expression SEMICOLON

    ID              shift and go to state 122

    rContent                       shift and go to state 124
    report                         shift and go to state 206
    reportContent                  shift and go to state 125

state 169

    (59) identification -> IDENTIFY marks evalMarks suchthat REPORT report .

    SEMICOLON       reduce using rule 59 (identification -> IDENTIFY marks evalMarks suchthat REPORT report .)


state 170

    (20) onlyObj -> ID LPAREN arguments RPAREN LBRACE . ID RBRACE

    ID              shift and go to state 207


state 171

    (28) arguments -> arguments COMMA expression .
    (91) expression -> expression . PLUS expression
    (92) expression -> expression . MINUS expression
    (93) expression -> expression . TIMES expression
    (94) expression -> expression . DIVIDE expression

    RPAREN          reduce using rule 28 (arguments -> arguments COMMA expression .)
    COMMA           reduce using rule 28 (arguments -> arguments COMMA expression .)
    PLUS            shift and go to state 138
    MINUS           shift and go to state 140
    TIMES           shift and go to state 141
    DIVIDE          shift and go to state 139


state 172

    (95) expression -> LPAREN expression RPAREN . LBRACE ID RBRACE
    (96) expression -> LPAREN expression RPAREN .

    LBRACE          shift and go to state 208
    PLUS            reduce using rule 96 (expression -> LPAREN expression RPAREN .)
    MINUS           reduce using rule 96 (expression -> LPAREN expression RPAREN .)
    TIMES           reduce using rule 96 (expression -> LPAREN expression RPAREN .)
    DIVIDE          reduce using rule 96 (expression -> LPAREN expression RPAREN .)
    WITH            reduce using rule 96 (expression -> LPAREN expression RPAREN .)
    AND             reduce using rule 96 (expression -> LPAREN expression RPAREN .)
    OR              reduce using rule 96 (expression -> LPAREN expression RPAREN .)
    REPORT          reduce using rule 96 (expression -> LPAREN expression RPAREN .)
    INTERPRETATION  reduce using rule 96 (expression -> LPAREN expression RPAREN .)
    RPAREN          reduce using rule 96 (expression -> LPAREN expression RPAREN .)
    COMMA           reduce using rule 96 (expression -> LPAREN expression RPAREN .)
    EQUALS          reduce using rule 96 (expression -> LPAREN expression RPAREN .)
    GT              reduce using rule 96 (expression -> LPAREN expression RPAREN .)
    GE              reduce using rule 96 (expression -> LPAREN expression RPAREN .)
    LE              reduce using rule 96 (expression -> LPAREN expression RPAREN .)
    LT              reduce using rule 96 (expression -> LPAREN expression RPAREN .)
    NE              reduce using rule 96 (expression -> LPAREN expression RPAREN .)
    SEMICOLON       reduce using rule 96 (expression -> LPAREN expression RPAREN .)


state 173

    (91) expression -> expression PLUS expression .
    (91) expression -> expression . PLUS expression
    (92) expression -> expression . MINUS expression
    (93) expression -> expression . TIMES expression
    (94) expression -> expression . DIVIDE expression

    PLUS            reduce using rule 91 (expression -> expression PLUS expression .)
    MINUS           reduce using rule 91 (expression -> expression PLUS expression .)
    WITH            reduce using rule 91 (expression -> expression PLUS expression .)
    AND             reduce using rule 91 (expression -> expression PLUS expression .)
    OR              reduce using rule 91 (expression -> expression PLUS expression .)
    REPORT          reduce using rule 91 (expression -> expression PLUS expression .)
    INTERPRETATION  reduce using rule 91 (expression -> expression PLUS expression .)
    RPAREN          reduce using rule 91 (expression -> expression PLUS expression .)
    COMMA           reduce using rule 91 (expression -> expression PLUS expression .)
    EQUALS          reduce using rule 91 (expression -> expression PLUS expression .)
    GT              reduce using rule 91 (expression -> expression PLUS expression .)
    GE              reduce using rule 91 (expression -> expression PLUS expression .)
    LE              reduce using rule 91 (expression -> expression PLUS expression .)
    LT              reduce using rule 91 (expression -> expression PLUS expression .)
    NE              reduce using rule 91 (expression -> expression PLUS expression .)
    SEMICOLON       reduce using rule 91 (expression -> expression PLUS expression .)
    TIMES           shift and go to state 141
    DIVIDE          shift and go to state 139

  ! TIMES           [ reduce using rule 91 (expression -> expression PLUS expression .) ]
  ! DIVIDE          [ reduce using rule 91 (expression -> expression PLUS expression .) ]
  ! PLUS            [ shift and go to state 138 ]
  ! MINUS           [ shift and go to state 140 ]


state 174

    (94) expression -> expression DIVIDE expression .
    (91) expression -> expression . PLUS expression
    (92) expression -> expression . MINUS expression
    (93) expression -> expression . TIMES expression
    (94) expression -> expression . DIVIDE expression

    PLUS            reduce using rule 94 (expression -> expression DIVIDE expression .)
    MINUS           reduce using rule 94 (expression -> expression DIVIDE expression .)
    TIMES           reduce using rule 94 (expression -> expression DIVIDE expression .)
    DIVIDE          reduce using rule 94 (expression -> expression DIVIDE expression .)
    WITH            reduce using rule 94 (expression -> expression DIVIDE expression .)
    AND             reduce using rule 94 (expression -> expression DIVIDE expression .)
    OR              reduce using rule 94 (expression -> expression DIVIDE expression .)
    REPORT          reduce using rule 94 (expression -> expression DIVIDE expression .)
    INTERPRETATION  reduce using rule 94 (expression -> expression DIVIDE expression .)
    RPAREN          reduce using rule 94 (expression -> expression DIVIDE expression .)
    COMMA           reduce using rule 94 (expression -> expression DIVIDE expression .)
    EQUALS          reduce using rule 94 (expression -> expression DIVIDE expression .)
    GT              reduce using rule 94 (expression -> expression DIVIDE expression .)
    GE              reduce using rule 94 (expression -> expression DIVIDE expression .)
    LE              reduce using rule 94 (expression -> expression DIVIDE expression .)
    LT              reduce using rule 94 (expression -> expression DIVIDE expression .)
    NE              reduce using rule 94 (expression -> expression DIVIDE expression .)
    SEMICOLON       reduce using rule 94 (expression -> expression DIVIDE expression .)

  ! PLUS            [ shift and go to state 138 ]
  ! MINUS           [ shift and go to state 140 ]
  ! TIMES           [ shift and go to state 141 ]
  ! DIVIDE          [ shift and go to state 139 ]


state 175

    (92) expression -> expression MINUS expression .
    (91) expression -> expression . PLUS expression
    (92) expression -> expression . MINUS expression
    (93) expression -> expression . TIMES expression
    (94) expression -> expression . DIVIDE expression

    PLUS            reduce using rule 92 (expression -> expression MINUS expression .)
    MINUS           reduce using rule 92 (expression -> expression MINUS expression .)
    WITH            reduce using rule 92 (expression -> expression MINUS expression .)
    AND             reduce using rule 92 (expression -> expression MINUS expression .)
    OR              reduce using rule 92 (expression -> expression MINUS expression .)
    REPORT          reduce using rule 92 (expression -> expression MINUS expression .)
    INTERPRETATION  reduce using rule 92 (expression -> expression MINUS expression .)
    RPAREN          reduce using rule 92 (expression -> expression MINUS expression .)
    COMMA           reduce using rule 92 (expression -> expression MINUS expression .)
    EQUALS          reduce using rule 92 (expression -> expression MINUS expression .)
    GT              reduce using rule 92 (expression -> expression MINUS expression .)
    GE              reduce using rule 92 (expression -> expression MINUS expression .)
    LE              reduce using rule 92 (expression -> expression MINUS expression .)
    LT              reduce using rule 92 (expression -> expression MINUS expression .)
    NE              reduce using rule 92 (expression -> expression MINUS expression .)
    SEMICOLON       reduce using rule 92 (expression -> expression MINUS expression .)
    TIMES           shift and go to state 141
    DIVIDE          shift and go to state 139

  ! TIMES           [ reduce using rule 92 (expression -> expression MINUS expression .) ]
  ! DIVIDE          [ reduce using rule 92 (expression -> expression MINUS expression .) ]
  ! PLUS            [ shift and go to state 138 ]
  ! MINUS           [ shift and go to state 140 ]


state 176

    (93) expression -> expression TIMES expression .
    (91) expression -> expression . PLUS expression
    (92) expression -> expression . MINUS expression
    (93) expression -> expression . TIMES expression
    (94) expression -> expression . DIVIDE expression

    PLUS            reduce using rule 93 (expression -> expression TIMES expression .)
    MINUS           reduce using rule 93 (expression -> expression TIMES expression .)
    TIMES           reduce using rule 93 (expression -> expression TIMES expression .)
    DIVIDE          reduce using rule 93 (expression -> expression TIMES expression .)
    WITH            reduce using rule 93 (expression -> expression TIMES expression .)
    AND             reduce using rule 93 (expression -> expression TIMES expression .)
    OR              reduce using rule 93 (expression -> expression TIMES expression .)
    REPORT          reduce using rule 93 (expression -> expression TIMES expression .)
    INTERPRETATION  reduce using rule 93 (expression -> expression TIMES expression .)
    RPAREN          reduce using rule 93 (expression -> expression TIMES expression .)
    COMMA           reduce using rule 93 (expression -> expression TIMES expression .)
    EQUALS          reduce using rule 93 (expression -> expression TIMES expression .)
    GT              reduce using rule 93 (expression -> expression TIMES expression .)
    GE              reduce using rule 93 (expression -> expression TIMES expression .)
    LE              reduce using rule 93 (expression -> expression TIMES expression .)
    LT              reduce using rule 93 (expression -> expression TIMES expression .)
    NE              reduce using rule 93 (expression -> expression TIMES expression .)
    SEMICOLON       reduce using rule 93 (expression -> expression TIMES expression .)

  ! PLUS            [ shift and go to state 138 ]
  ! MINUS           [ shift and go to state 140 ]
  ! TIMES           [ shift and go to state 141 ]
  ! DIVIDE          [ shift and go to state 139 ]


state 177

    (23) withAttr -> ID DOT ID LBRACE STRING . RBRACE

    RBRACE          shift and go to state 209


state 178

    (22) withAttr -> ID DOT ID LBRACE ID . RBRACE

    RBRACE          shift and go to state 210


state 179

    (58) identification -> IDENTIFY tagname WHERE marks evalMarks interpretation . REPORT report

    REPORT          shift and go to state 211


state 180

    (56) identification -> IDENTIFY tagname WHERE marks evalMarks REPORT . report
    (104) report -> . reportContent
    (105) reportContent -> . reportContent rContent
    (106) reportContent -> . rContent
    (107) rContent -> . ID IS STRING PERCENT STRING SEMICOLON
    (108) rContent -> . ID IS expression SEMICOLON

    ID              shift and go to state 122

    rContent                       shift and go to state 124
    report                         shift and go to state 212
    reportContent                  shift and go to state 125

state 181

    (55) identification -> IDENTIFY tagname WHERE marks evalMarks suchthat . REPORT report
    (57) identification -> IDENTIFY tagname WHERE marks evalMarks suchthat . interpretation REPORT report
    (98) interpretation -> . INTERPRETATION expr

    REPORT          shift and go to state 214
    INTERPRETATION  shift and go to state 86

    interpretation                 shift and go to state 213

state 182

    (12) var -> DEFINE list IS object options SEMICOLON .

    IDENTIFY        reduce using rule 12 (var -> DEFINE list IS object options SEMICOLON .)
    DEFINE          reduce using rule 12 (var -> DEFINE list IS object options SEMICOLON .)


state 183

    (10) var -> DEFINE ID IS object options SEMICOLON .

    IDENTIFY        reduce using rule 10 (var -> DEFINE ID IS object options SEMICOLON .)
    DEFINE          reduce using rule 10 (var -> DEFINE ID IS object options SEMICOLON .)


state 184

    (11) var -> DEFINE ID IS object options AS . NEUTRALLOSS SEMICOLON

    NEUTRALLOSS     shift and go to state 215


state 185

    (46) optionentry -> MINOCC IS object .

    COMMA           reduce using rule 46 (optionentry -> MINOCC IS object .)
    SEMICOLON       reduce using rule 46 (optionentry -> MINOCC IS object .)
    OR              reduce using rule 46 (optionentry -> MINOCC IS object .)
    AND             reduce using rule 46 (optionentry -> MINOCC IS object .)
    IFA             reduce using rule 46 (optionentry -> MINOCC IS object .)
    IFF             reduce using rule 46 (optionentry -> MINOCC IS object .)
    ARROW           reduce using rule 46 (optionentry -> MINOCC IS object .)
    LE              reduce using rule 46 (optionentry -> MINOCC IS object .)
    REPORT          reduce using rule 46 (optionentry -> MINOCC IS object .)
    SUCHTHAT        reduce using rule 46 (optionentry -> MINOCC IS object .)
    INTERPRETATION  reduce using rule 46 (optionentry -> MINOCC IS object .)
    RPAREN          reduce using rule 46 (optionentry -> MINOCC IS object .)
    AS              reduce using rule 46 (optionentry -> MINOCC IS object .)


state 186

    (41) optioncontent -> optioncontent COMMA optionentry .

    COMMA           reduce using rule 41 (optioncontent -> optioncontent COMMA optionentry .)
    SEMICOLON       reduce using rule 41 (optioncontent -> optioncontent COMMA optionentry .)
    OR              reduce using rule 41 (optioncontent -> optioncontent COMMA optionentry .)
    AND             reduce using rule 41 (optioncontent -> optioncontent COMMA optionentry .)
    IFA             reduce using rule 41 (optioncontent -> optioncontent COMMA optionentry .)
    IFF             reduce using rule 41 (optioncontent -> optioncontent COMMA optionentry .)
    ARROW           reduce using rule 41 (optioncontent -> optioncontent COMMA optionentry .)
    LE              reduce using rule 41 (optioncontent -> optioncontent COMMA optionentry .)
    REPORT          reduce using rule 41 (optioncontent -> optioncontent COMMA optionentry .)
    SUCHTHAT        reduce using rule 41 (optioncontent -> optioncontent COMMA optionentry .)
    INTERPRETATION  reduce using rule 41 (optioncontent -> optioncontent COMMA optionentry .)
    RPAREN          reduce using rule 41 (optioncontent -> optioncontent COMMA optionentry .)
    AS              reduce using rule 41 (optioncontent -> optioncontent COMMA optionentry .)


state 187

    (48) optionentry -> RETENTIONTIME IS object .

    COMMA           reduce using rule 48 (optionentry -> RETENTIONTIME IS object .)
    SEMICOLON       reduce using rule 48 (optionentry -> RETENTIONTIME IS object .)
    OR              reduce using rule 48 (optionentry -> RETENTIONTIME IS object .)
    AND             reduce using rule 48 (optionentry -> RETENTIONTIME IS object .)
    IFA             reduce using rule 48 (optionentry -> RETENTIONTIME IS object .)
    IFF             reduce using rule 48 (optionentry -> RETENTIONTIME IS object .)
    ARROW           reduce using rule 48 (optionentry -> RETENTIONTIME IS object .)
    LE              reduce using rule 48 (optionentry -> RETENTIONTIME IS object .)
    REPORT          reduce using rule 48 (optionentry -> RETENTIONTIME IS object .)
    SUCHTHAT        reduce using rule 48 (optionentry -> RETENTIONTIME IS object .)
    INTERPRETATION  reduce using rule 48 (optionentry -> RETENTIONTIME IS object .)
    RPAREN          reduce using rule 48 (optionentry -> RETENTIONTIME IS object .)
    AS              reduce using rule 48 (optionentry -> RETENTIONTIME IS object .)


state 188

    (44) optionentry -> CHG IS INTEGER .

    COMMA           reduce using rule 44 (optionentry -> CHG IS INTEGER .)
    SEMICOLON       reduce using rule 44 (optionentry -> CHG IS INTEGER .)
    OR              reduce using rule 44 (optionentry -> CHG IS INTEGER .)
    AND             reduce using rule 44 (optionentry -> CHG IS INTEGER .)
    IFA             reduce using rule 44 (optionentry -> CHG IS INTEGER .)
    IFF             reduce using rule 44 (optionentry -> CHG IS INTEGER .)
    ARROW           reduce using rule 44 (optionentry -> CHG IS INTEGER .)
    LE              reduce using rule 44 (optionentry -> CHG IS INTEGER .)
    REPORT          reduce using rule 44 (optionentry -> CHG IS INTEGER .)
    SUCHTHAT        reduce using rule 44 (optionentry -> CHG IS INTEGER .)
    INTERPRETATION  reduce using rule 44 (optionentry -> CHG IS INTEGER .)
    RPAREN          reduce using rule 44 (optionentry -> CHG IS INTEGER .)
    AS              reduce using rule 44 (optionentry -> CHG IS INTEGER .)


state 189

    (49) optionentry -> TOLERANCE IS tolerancetype .

    COMMA           reduce using rule 49 (optionentry -> TOLERANCE IS tolerancetype .)
    SEMICOLON       reduce using rule 49 (optionentry -> TOLERANCE IS tolerancetype .)
    OR              reduce using rule 49 (optionentry -> TOLERANCE IS tolerancetype .)
    AND             reduce using rule 49 (optionentry -> TOLERANCE IS tolerancetype .)
    IFA             reduce using rule 49 (optionentry -> TOLERANCE IS tolerancetype .)
    IFF             reduce using rule 49 (optionentry -> TOLERANCE IS tolerancetype .)
    ARROW           reduce using rule 49 (optionentry -> TOLERANCE IS tolerancetype .)
    LE              reduce using rule 49 (optionentry -> TOLERANCE IS tolerancetype .)
    REPORT          reduce using rule 49 (optionentry -> TOLERANCE IS tolerancetype .)
    SUCHTHAT        reduce using rule 49 (optionentry -> TOLERANCE IS tolerancetype .)
    INTERPRETATION  reduce using rule 49 (optionentry -> TOLERANCE IS tolerancetype .)
    RPAREN          reduce using rule 49 (optionentry -> TOLERANCE IS tolerancetype .)
    AS              reduce using rule 49 (optionentry -> TOLERANCE IS tolerancetype .)


state 190

    (50) tolerancetype -> FLOAT . DA
    (51) tolerancetype -> FLOAT . PPM

    DA              shift and go to state 65
    PPM             shift and go to state 64


state 191

    (52) tolerancetype -> INTEGER . DA
    (53) tolerancetype -> INTEGER . RES
    (54) tolerancetype -> INTEGER . PPM

    DA              shift and go to state 63
    RES             shift and go to state 61
    PPM             shift and go to state 62


state 192

    (45) optionentry -> MASSRANGE IS LPAREN . object COMMA object RPAREN
    (14) object -> . withAttr
    (15) object -> . onlyObj
    (22) withAttr -> . ID DOT ID LBRACE ID RBRACE
    (23) withAttr -> . ID DOT ID LBRACE STRING RBRACE
    (24) withAttr -> . ID DOT ID
    (25) withAttr -> . varcontent DOT ID
    (26) withAttr -> . list DOT ID
    (16) onlyObj -> . ID LBRACE ID RBRACE
    (17) onlyObj -> . ID
    (18) onlyObj -> . list
    (19) onlyObj -> . varcontent
    (20) onlyObj -> . ID LPAREN arguments RPAREN LBRACE ID RBRACE
    (21) onlyObj -> . ID LPAREN arguments RPAREN
    (32) varcontent -> . tolerancetype
    (33) varcontent -> . FLOAT
    (34) varcontent -> . INTEGER
    (35) varcontent -> . PLUS INTEGER
    (36) varcontent -> . MINUS INTEGER
    (37) varcontent -> . STRING
    (38) varcontent -> . SFSTRING
    (29) list -> . LBRACKET listcontent RBRACKET
    (50) tolerancetype -> . FLOAT DA
    (51) tolerancetype -> . FLOAT PPM
    (52) tolerancetype -> . INTEGER DA
    (53) tolerancetype -> . INTEGER RES
    (54) tolerancetype -> . INTEGER PPM

    ID              shift and go to state 51
    FLOAT           shift and go to state 31
    INTEGER         shift and go to state 30
    PLUS            shift and go to state 22
    MINUS           shift and go to state 19
    STRING          shift and go to state 20
    SFSTRING        shift and go to state 26
    LBRACKET        shift and go to state 18

    tolerancetype                  shift and go to state 24
    onlyObj                        shift and go to state 15
    varcontent                     shift and go to state 21
    object                         shift and go to state 216
    list                           shift and go to state 32
    withAttr                       shift and go to state 27

state 193

    (47) optionentry -> MAXOCC IS object .

    COMMA           reduce using rule 47 (optionentry -> MAXOCC IS object .)
    SEMICOLON       reduce using rule 47 (optionentry -> MAXOCC IS object .)
    OR              reduce using rule 47 (optionentry -> MAXOCC IS object .)
    AND             reduce using rule 47 (optionentry -> MAXOCC IS object .)
    IFA             reduce using rule 47 (optionentry -> MAXOCC IS object .)
    IFF             reduce using rule 47 (optionentry -> MAXOCC IS object .)
    ARROW           reduce using rule 47 (optionentry -> MAXOCC IS object .)
    LE              reduce using rule 47 (optionentry -> MAXOCC IS object .)
    REPORT          reduce using rule 47 (optionentry -> MAXOCC IS object .)
    SUCHTHAT        reduce using rule 47 (optionentry -> MAXOCC IS object .)
    INTERPRETATION  reduce using rule 47 (optionentry -> MAXOCC IS object .)
    RPAREN          reduce using rule 47 (optionentry -> MAXOCC IS object .)
    AS              reduce using rule 47 (optionentry -> MAXOCC IS object .)


state 194

    (43) optionentry -> DBR IS LPAREN . object COMMA object RPAREN
    (14) object -> . withAttr
    (15) object -> . onlyObj
    (22) withAttr -> . ID DOT ID LBRACE ID RBRACE
    (23) withAttr -> . ID DOT ID LBRACE STRING RBRACE
    (24) withAttr -> . ID DOT ID
    (25) withAttr -> . varcontent DOT ID
    (26) withAttr -> . list DOT ID
    (16) onlyObj -> . ID LBRACE ID RBRACE
    (17) onlyObj -> . ID
    (18) onlyObj -> . list
    (19) onlyObj -> . varcontent
    (20) onlyObj -> . ID LPAREN arguments RPAREN LBRACE ID RBRACE
    (21) onlyObj -> . ID LPAREN arguments RPAREN
    (32) varcontent -> . tolerancetype
    (33) varcontent -> . FLOAT
    (34) varcontent -> . INTEGER
    (35) varcontent -> . PLUS INTEGER
    (36) varcontent -> . MINUS INTEGER
    (37) varcontent -> . STRING
    (38) varcontent -> . SFSTRING
    (29) list -> . LBRACKET listcontent RBRACKET
    (50) tolerancetype -> . FLOAT DA
    (51) tolerancetype -> . FLOAT PPM
    (52) tolerancetype -> . INTEGER DA
    (53) tolerancetype -> . INTEGER RES
    (54) tolerancetype -> . INTEGER PPM

    ID              shift and go to state 51
    FLOAT           shift and go to state 31
    INTEGER         shift and go to state 30
    PLUS            shift and go to state 22
    MINUS           shift and go to state 19
    STRING          shift and go to state 20
    SFSTRING        shift and go to state 26
    LBRACKET        shift and go to state 18

    tolerancetype                  shift and go to state 24
    onlyObj                        shift and go to state 15
    varcontent                     shift and go to state 21
    object                         shift and go to state 217
    list                           shift and go to state 32
    withAttr                       shift and go to state 27

state 195

    (79) booleanterm -> booleanterm AND booleanterm .
    (79) booleanterm -> booleanterm . AND booleanterm
    (80) booleanterm -> booleanterm . OR booleanterm

    AND             reduce using rule 79 (booleanterm -> booleanterm AND booleanterm .)
    OR              reduce using rule 79 (booleanterm -> booleanterm AND booleanterm .)
    REPORT          reduce using rule 79 (booleanterm -> booleanterm AND booleanterm .)
    INTERPRETATION  reduce using rule 79 (booleanterm -> booleanterm AND booleanterm .)
    RPAREN          reduce using rule 79 (booleanterm -> booleanterm AND booleanterm .)

  ! AND             [ shift and go to state 155 ]
  ! OR              [ shift and go to state 156 ]


state 196

    (80) booleanterm -> booleanterm OR booleanterm .
    (79) booleanterm -> booleanterm . AND booleanterm
    (80) booleanterm -> booleanterm . OR booleanterm

    OR              reduce using rule 80 (booleanterm -> booleanterm OR booleanterm .)
    REPORT          reduce using rule 80 (booleanterm -> booleanterm OR booleanterm .)
    INTERPRETATION  reduce using rule 80 (booleanterm -> booleanterm OR booleanterm .)
    RPAREN          reduce using rule 80 (booleanterm -> booleanterm OR booleanterm .)
    AND             shift and go to state 155

  ! AND             [ reduce using rule 80 (booleanterm -> booleanterm OR booleanterm .) ]
  ! OR              [ shift and go to state 156 ]


state 197

    (81) booleanterm -> LPAREN booleanterm RPAREN .

    AND             reduce using rule 81 (booleanterm -> LPAREN booleanterm RPAREN .)
    OR              reduce using rule 81 (booleanterm -> LPAREN booleanterm RPAREN .)
    REPORT          reduce using rule 81 (booleanterm -> LPAREN booleanterm RPAREN .)
    INTERPRETATION  reduce using rule 81 (booleanterm -> LPAREN booleanterm RPAREN .)
    RPAREN          reduce using rule 81 (booleanterm -> LPAREN booleanterm RPAREN .)


state 198

    (88) expr -> expression LE expression . options
    (91) expression -> expression . PLUS expression
    (92) expression -> expression . MINUS expression
    (93) expression -> expression . TIMES expression
    (94) expression -> expression . DIVIDE expression
    (39) options -> . WITH optioncontent
    (40) options -> .

    PLUS            shift and go to state 138
    MINUS           shift and go to state 140
    TIMES           shift and go to state 141
    DIVIDE          shift and go to state 139
    WITH            shift and go to state 72
    AND             reduce using rule 40 (options -> .)
    OR              reduce using rule 40 (options -> .)
    REPORT          reduce using rule 40 (options -> .)
    INTERPRETATION  reduce using rule 40 (options -> .)
    RPAREN          reduce using rule 40 (options -> .)

    options                        shift and go to state 218

state 199

    (90) expr -> expression NE expression . options
    (91) expression -> expression . PLUS expression
    (92) expression -> expression . MINUS expression
    (93) expression -> expression . TIMES expression
    (94) expression -> expression . DIVIDE expression
    (39) options -> . WITH optioncontent
    (40) options -> .

    PLUS            shift and go to state 138
    MINUS           shift and go to state 140
    TIMES           shift and go to state 141
    DIVIDE          shift and go to state 139
    WITH            shift and go to state 72
    AND             reduce using rule 40 (options -> .)
    OR              reduce using rule 40 (options -> .)
    REPORT          reduce using rule 40 (options -> .)
    INTERPRETATION  reduce using rule 40 (options -> .)
    RPAREN          reduce using rule 40 (options -> .)

    options                        shift and go to state 219

state 200

    (85) expr -> expression EQUALS expression . options
    (91) expression -> expression . PLUS expression
    (92) expression -> expression . MINUS expression
    (93) expression -> expression . TIMES expression
    (94) expression -> expression . DIVIDE expression
    (39) options -> . WITH optioncontent
    (40) options -> .

    PLUS            shift and go to state 138
    MINUS           shift and go to state 140
    TIMES           shift and go to state 141
    DIVIDE          shift and go to state 139
    WITH            shift and go to state 72
    AND             reduce using rule 40 (options -> .)
    OR              reduce using rule 40 (options -> .)
    REPORT          reduce using rule 40 (options -> .)
    INTERPRETATION  reduce using rule 40 (options -> .)
    RPAREN          reduce using rule 40 (options -> .)

    options                        shift and go to state 220

state 201

    (89) expr -> expression LT expression . options
    (91) expression -> expression . PLUS expression
    (92) expression -> expression . MINUS expression
    (93) expression -> expression . TIMES expression
    (94) expression -> expression . DIVIDE expression
    (39) options -> . WITH optioncontent
    (40) options -> .

    PLUS            shift and go to state 138
    MINUS           shift and go to state 140
    TIMES           shift and go to state 141
    DIVIDE          shift and go to state 139
    WITH            shift and go to state 72
    AND             reduce using rule 40 (options -> .)
    OR              reduce using rule 40 (options -> .)
    REPORT          reduce using rule 40 (options -> .)
    INTERPRETATION  reduce using rule 40 (options -> .)
    RPAREN          reduce using rule 40 (options -> .)

    options                        shift and go to state 221

state 202

    (87) expr -> expression GE expression . options
    (91) expression -> expression . PLUS expression
    (92) expression -> expression . MINUS expression
    (93) expression -> expression . TIMES expression
    (94) expression -> expression . DIVIDE expression
    (39) options -> . WITH optioncontent
    (40) options -> .

    PLUS            shift and go to state 138
    MINUS           shift and go to state 140
    TIMES           shift and go to state 141
    DIVIDE          shift and go to state 139
    WITH            shift and go to state 72
    AND             reduce using rule 40 (options -> .)
    OR              reduce using rule 40 (options -> .)
    REPORT          reduce using rule 40 (options -> .)
    INTERPRETATION  reduce using rule 40 (options -> .)
    RPAREN          reduce using rule 40 (options -> .)

    options                        shift and go to state 222

state 203

    (86) expr -> expression GT expression . options
    (91) expression -> expression . PLUS expression
    (92) expression -> expression . MINUS expression
    (93) expression -> expression . TIMES expression
    (94) expression -> expression . DIVIDE expression
    (39) options -> . WITH optioncontent
    (40) options -> .

    PLUS            shift and go to state 138
    MINUS           shift and go to state 140
    TIMES           shift and go to state 141
    DIVIDE          shift and go to state 139
    WITH            shift and go to state 72
    AND             reduce using rule 40 (options -> .)
    OR              reduce using rule 40 (options -> .)
    REPORT          reduce using rule 40 (options -> .)
    INTERPRETATION  reduce using rule 40 (options -> .)
    RPAREN          reduce using rule 40 (options -> .)

    options                        shift and go to state 223

state 204

    (107) rContent -> ID IS STRING . PERCENT STRING SEMICOLON
    (37) varcontent -> STRING .

    PERCENT         shift and go to state 224
    DOT             reduce using rule 37 (varcontent -> STRING .)
    SEMICOLON       reduce using rule 37 (varcontent -> STRING .)
    PLUS            reduce using rule 37 (varcontent -> STRING .)
    MINUS           reduce using rule 37 (varcontent -> STRING .)
    TIMES           reduce using rule 37 (varcontent -> STRING .)
    DIVIDE          reduce using rule 37 (varcontent -> STRING .)


state 205

    (108) rContent -> ID IS expression . SEMICOLON
    (91) expression -> expression . PLUS expression
    (92) expression -> expression . MINUS expression
    (93) expression -> expression . TIMES expression
    (94) expression -> expression . DIVIDE expression

    SEMICOLON       shift and go to state 225
    PLUS            shift and go to state 138
    MINUS           shift and go to state 140
    TIMES           shift and go to state 141
    DIVIDE          shift and go to state 139


state 206

    (61) identification -> IDENTIFY marks evalMarks suchthat interpretation REPORT report .

    SEMICOLON       reduce using rule 61 (identification -> IDENTIFY marks evalMarks suchthat interpretation REPORT report .)


state 207

    (20) onlyObj -> ID LPAREN arguments RPAREN LBRACE ID . RBRACE

    RBRACE          shift and go to state 226


state 208

    (95) expression -> LPAREN expression RPAREN LBRACE . ID RBRACE

    ID              shift and go to state 227


state 209

    (23) withAttr -> ID DOT ID LBRACE STRING RBRACE .

    RPAREN          reduce using rule 23 (withAttr -> ID DOT ID LBRACE STRING RBRACE .)
    IN              reduce using rule 23 (withAttr -> ID DOT ID LBRACE STRING RBRACE .)
    PLUS            reduce using rule 23 (withAttr -> ID DOT ID LBRACE STRING RBRACE .)
    MINUS           reduce using rule 23 (withAttr -> ID DOT ID LBRACE STRING RBRACE .)
    TIMES           reduce using rule 23 (withAttr -> ID DOT ID LBRACE STRING RBRACE .)
    DIVIDE          reduce using rule 23 (withAttr -> ID DOT ID LBRACE STRING RBRACE .)
    COMMA           reduce using rule 23 (withAttr -> ID DOT ID LBRACE STRING RBRACE .)
    SEMICOLON       reduce using rule 23 (withAttr -> ID DOT ID LBRACE STRING RBRACE .)
    OR              reduce using rule 23 (withAttr -> ID DOT ID LBRACE STRING RBRACE .)
    AND             reduce using rule 23 (withAttr -> ID DOT ID LBRACE STRING RBRACE .)
    IFA             reduce using rule 23 (withAttr -> ID DOT ID LBRACE STRING RBRACE .)
    IFF             reduce using rule 23 (withAttr -> ID DOT ID LBRACE STRING RBRACE .)
    ARROW           reduce using rule 23 (withAttr -> ID DOT ID LBRACE STRING RBRACE .)
    LE              reduce using rule 23 (withAttr -> ID DOT ID LBRACE STRING RBRACE .)
    REPORT          reduce using rule 23 (withAttr -> ID DOT ID LBRACE STRING RBRACE .)
    SUCHTHAT        reduce using rule 23 (withAttr -> ID DOT ID LBRACE STRING RBRACE .)
    INTERPRETATION  reduce using rule 23 (withAttr -> ID DOT ID LBRACE STRING RBRACE .)
    AS              reduce using rule 23 (withAttr -> ID DOT ID LBRACE STRING RBRACE .)
    EQUALS          reduce using rule 23 (withAttr -> ID DOT ID LBRACE STRING RBRACE .)
    GT              reduce using rule 23 (withAttr -> ID DOT ID LBRACE STRING RBRACE .)
    GE              reduce using rule 23 (withAttr -> ID DOT ID LBRACE STRING RBRACE .)
    LT              reduce using rule 23 (withAttr -> ID DOT ID LBRACE STRING RBRACE .)
    NE              reduce using rule 23 (withAttr -> ID DOT ID LBRACE STRING RBRACE .)
    WITH            reduce using rule 23 (withAttr -> ID DOT ID LBRACE STRING RBRACE .)
    RBRACKET        reduce using rule 23 (withAttr -> ID DOT ID LBRACE STRING RBRACE .)


state 210

    (22) withAttr -> ID DOT ID LBRACE ID RBRACE .

    RPAREN          reduce using rule 22 (withAttr -> ID DOT ID LBRACE ID RBRACE .)
    IN              reduce using rule 22 (withAttr -> ID DOT ID LBRACE ID RBRACE .)
    PLUS            reduce using rule 22 (withAttr -> ID DOT ID LBRACE ID RBRACE .)
    MINUS           reduce using rule 22 (withAttr -> ID DOT ID LBRACE ID RBRACE .)
    TIMES           reduce using rule 22 (withAttr -> ID DOT ID LBRACE ID RBRACE .)
    DIVIDE          reduce using rule 22 (withAttr -> ID DOT ID LBRACE ID RBRACE .)
    COMMA           reduce using rule 22 (withAttr -> ID DOT ID LBRACE ID RBRACE .)
    SEMICOLON       reduce using rule 22 (withAttr -> ID DOT ID LBRACE ID RBRACE .)
    OR              reduce using rule 22 (withAttr -> ID DOT ID LBRACE ID RBRACE .)
    AND             reduce using rule 22 (withAttr -> ID DOT ID LBRACE ID RBRACE .)
    IFA             reduce using rule 22 (withAttr -> ID DOT ID LBRACE ID RBRACE .)
    IFF             reduce using rule 22 (withAttr -> ID DOT ID LBRACE ID RBRACE .)
    ARROW           reduce using rule 22 (withAttr -> ID DOT ID LBRACE ID RBRACE .)
    LE              reduce using rule 22 (withAttr -> ID DOT ID LBRACE ID RBRACE .)
    REPORT          reduce using rule 22 (withAttr -> ID DOT ID LBRACE ID RBRACE .)
    SUCHTHAT        reduce using rule 22 (withAttr -> ID DOT ID LBRACE ID RBRACE .)
    INTERPRETATION  reduce using rule 22 (withAttr -> ID DOT ID LBRACE ID RBRACE .)
    AS              reduce using rule 22 (withAttr -> ID DOT ID LBRACE ID RBRACE .)
    EQUALS          reduce using rule 22 (withAttr -> ID DOT ID LBRACE ID RBRACE .)
    GT              reduce using rule 22 (withAttr -> ID DOT ID LBRACE ID RBRACE .)
    GE              reduce using rule 22 (withAttr -> ID DOT ID LBRACE ID RBRACE .)
    LT              reduce using rule 22 (withAttr -> ID DOT ID LBRACE ID RBRACE .)
    NE              reduce using rule 22 (withAttr -> ID DOT ID LBRACE ID RBRACE .)
    WITH            reduce using rule 22 (withAttr -> ID DOT ID LBRACE ID RBRACE .)
    RBRACKET        reduce using rule 22 (withAttr -> ID DOT ID LBRACE ID RBRACE .)


state 211

    (58) identification -> IDENTIFY tagname WHERE marks evalMarks interpretation REPORT . report
    (104) report -> . reportContent
    (105) reportContent -> . reportContent rContent
    (106) reportContent -> . rContent
    (107) rContent -> . ID IS STRING PERCENT STRING SEMICOLON
    (108) rContent -> . ID IS expression SEMICOLON

    ID              shift and go to state 122

    rContent                       shift and go to state 124
    report                         shift and go to state 228
    reportContent                  shift and go to state 125

state 212

    (56) identification -> IDENTIFY tagname WHERE marks evalMarks REPORT report .

    SEMICOLON       reduce using rule 56 (identification -> IDENTIFY tagname WHERE marks evalMarks REPORT report .)


state 213

    (57) identification -> IDENTIFY tagname WHERE marks evalMarks suchthat interpretation . REPORT report

    REPORT          shift and go to state 229


state 214

    (55) identification -> IDENTIFY tagname WHERE marks evalMarks suchthat REPORT . report
    (104) report -> . reportContent
    (105) reportContent -> . reportContent rContent
    (106) reportContent -> . rContent
    (107) rContent -> . ID IS STRING PERCENT STRING SEMICOLON
    (108) rContent -> . ID IS expression SEMICOLON

    ID              shift and go to state 122

    rContent                       shift and go to state 124
    report                         shift and go to state 230
    reportContent                  shift and go to state 125

state 215

    (11) var -> DEFINE ID IS object options AS NEUTRALLOSS . SEMICOLON

    SEMICOLON       shift and go to state 231


state 216

    (45) optionentry -> MASSRANGE IS LPAREN object . COMMA object RPAREN

    COMMA           shift and go to state 232


state 217

    (43) optionentry -> DBR IS LPAREN object . COMMA object RPAREN

    COMMA           shift and go to state 233


state 218

    (88) expr -> expression LE expression options .

    AND             reduce using rule 88 (expr -> expression LE expression options .)
    OR              reduce using rule 88 (expr -> expression LE expression options .)
    REPORT          reduce using rule 88 (expr -> expression LE expression options .)
    INTERPRETATION  reduce using rule 88 (expr -> expression LE expression options .)
    RPAREN          reduce using rule 88 (expr -> expression LE expression options .)


state 219

    (90) expr -> expression NE expression options .

    AND             reduce using rule 90 (expr -> expression NE expression options .)
    OR              reduce using rule 90 (expr -> expression NE expression options .)
    REPORT          reduce using rule 90 (expr -> expression NE expression options .)
    INTERPRETATION  reduce using rule 90 (expr -> expression NE expression options .)
    RPAREN          reduce using rule 90 (expr -> expression NE expression options .)


state 220

    (85) expr -> expression EQUALS expression options .

    AND             reduce using rule 85 (expr -> expression EQUALS expression options .)
    OR              reduce using rule 85 (expr -> expression EQUALS expression options .)
    REPORT          reduce using rule 85 (expr -> expression EQUALS expression options .)
    INTERPRETATION  reduce using rule 85 (expr -> expression EQUALS expression options .)
    RPAREN          reduce using rule 85 (expr -> expression EQUALS expression options .)


state 221

    (89) expr -> expression LT expression options .

    AND             reduce using rule 89 (expr -> expression LT expression options .)
    OR              reduce using rule 89 (expr -> expression LT expression options .)
    REPORT          reduce using rule 89 (expr -> expression LT expression options .)
    INTERPRETATION  reduce using rule 89 (expr -> expression LT expression options .)
    RPAREN          reduce using rule 89 (expr -> expression LT expression options .)


state 222

    (87) expr -> expression GE expression options .

    AND             reduce using rule 87 (expr -> expression GE expression options .)
    OR              reduce using rule 87 (expr -> expression GE expression options .)
    REPORT          reduce using rule 87 (expr -> expression GE expression options .)
    INTERPRETATION  reduce using rule 87 (expr -> expression GE expression options .)
    RPAREN          reduce using rule 87 (expr -> expression GE expression options .)


state 223

    (86) expr -> expression GT expression options .

    AND             reduce using rule 86 (expr -> expression GT expression options .)
    OR              reduce using rule 86 (expr -> expression GT expression options .)
    REPORT          reduce using rule 86 (expr -> expression GT expression options .)
    INTERPRETATION  reduce using rule 86 (expr -> expression GT expression options .)
    RPAREN          reduce using rule 86 (expr -> expression GT expression options .)


state 224

    (107) rContent -> ID IS STRING PERCENT . STRING SEMICOLON

    STRING          shift and go to state 234


state 225

    (108) rContent -> ID IS expression SEMICOLON .

    ID              reduce using rule 108 (rContent -> ID IS expression SEMICOLON .)
    SEMICOLON       reduce using rule 108 (rContent -> ID IS expression SEMICOLON .)


state 226

    (20) onlyObj -> ID LPAREN arguments RPAREN LBRACE ID RBRACE .

    IN              reduce using rule 20 (onlyObj -> ID LPAREN arguments RPAREN LBRACE ID RBRACE .)
    COMMA           reduce using rule 20 (onlyObj -> ID LPAREN arguments RPAREN LBRACE ID RBRACE .)
    PLUS            reduce using rule 20 (onlyObj -> ID LPAREN arguments RPAREN LBRACE ID RBRACE .)
    MINUS           reduce using rule 20 (onlyObj -> ID LPAREN arguments RPAREN LBRACE ID RBRACE .)
    TIMES           reduce using rule 20 (onlyObj -> ID LPAREN arguments RPAREN LBRACE ID RBRACE .)
    DIVIDE          reduce using rule 20 (onlyObj -> ID LPAREN arguments RPAREN LBRACE ID RBRACE .)
    RPAREN          reduce using rule 20 (onlyObj -> ID LPAREN arguments RPAREN LBRACE ID RBRACE .)
    WITH            reduce using rule 20 (onlyObj -> ID LPAREN arguments RPAREN LBRACE ID RBRACE .)
    AND             reduce using rule 20 (onlyObj -> ID LPAREN arguments RPAREN LBRACE ID RBRACE .)
    OR              reduce using rule 20 (onlyObj -> ID LPAREN arguments RPAREN LBRACE ID RBRACE .)
    REPORT          reduce using rule 20 (onlyObj -> ID LPAREN arguments RPAREN LBRACE ID RBRACE .)
    INTERPRETATION  reduce using rule 20 (onlyObj -> ID LPAREN arguments RPAREN LBRACE ID RBRACE .)
    EQUALS          reduce using rule 20 (onlyObj -> ID LPAREN arguments RPAREN LBRACE ID RBRACE .)
    GT              reduce using rule 20 (onlyObj -> ID LPAREN arguments RPAREN LBRACE ID RBRACE .)
    GE              reduce using rule 20 (onlyObj -> ID LPAREN arguments RPAREN LBRACE ID RBRACE .)
    LE              reduce using rule 20 (onlyObj -> ID LPAREN arguments RPAREN LBRACE ID RBRACE .)
    LT              reduce using rule 20 (onlyObj -> ID LPAREN arguments RPAREN LBRACE ID RBRACE .)
    NE              reduce using rule 20 (onlyObj -> ID LPAREN arguments RPAREN LBRACE ID RBRACE .)
    SEMICOLON       reduce using rule 20 (onlyObj -> ID LPAREN arguments RPAREN LBRACE ID RBRACE .)
    IFA             reduce using rule 20 (onlyObj -> ID LPAREN arguments RPAREN LBRACE ID RBRACE .)
    IFF             reduce using rule 20 (onlyObj -> ID LPAREN arguments RPAREN LBRACE ID RBRACE .)
    ARROW           reduce using rule 20 (onlyObj -> ID LPAREN arguments RPAREN LBRACE ID RBRACE .)
    SUCHTHAT        reduce using rule 20 (onlyObj -> ID LPAREN arguments RPAREN LBRACE ID RBRACE .)
    AS              reduce using rule 20 (onlyObj -> ID LPAREN arguments RPAREN LBRACE ID RBRACE .)
    RBRACKET        reduce using rule 20 (onlyObj -> ID LPAREN arguments RPAREN LBRACE ID RBRACE .)


state 227

    (95) expression -> LPAREN expression RPAREN LBRACE ID . RBRACE

    RBRACE          shift and go to state 235


state 228

    (58) identification -> IDENTIFY tagname WHERE marks evalMarks interpretation REPORT report .

    SEMICOLON       reduce using rule 58 (identification -> IDENTIFY tagname WHERE marks evalMarks interpretation REPORT report .)


state 229

    (57) identification -> IDENTIFY tagname WHERE marks evalMarks suchthat interpretation REPORT . report
    (104) report -> . reportContent
    (105) reportContent -> . reportContent rContent
    (106) reportContent -> . rContent
    (107) rContent -> . ID IS STRING PERCENT STRING SEMICOLON
    (108) rContent -> . ID IS expression SEMICOLON

    ID              shift and go to state 122

    rContent                       shift and go to state 124
    report                         shift and go to state 236
    reportContent                  shift and go to state 125

state 230

    (55) identification -> IDENTIFY tagname WHERE marks evalMarks suchthat REPORT report .

    SEMICOLON       reduce using rule 55 (identification -> IDENTIFY tagname WHERE marks evalMarks suchthat REPORT report .)


state 231

    (11) var -> DEFINE ID IS object options AS NEUTRALLOSS SEMICOLON .

    IDENTIFY        reduce using rule 11 (var -> DEFINE ID IS object options AS NEUTRALLOSS SEMICOLON .)
    DEFINE          reduce using rule 11 (var -> DEFINE ID IS object options AS NEUTRALLOSS SEMICOLON .)


state 232

    (45) optionentry -> MASSRANGE IS LPAREN object COMMA . object RPAREN
    (14) object -> . withAttr
    (15) object -> . onlyObj
    (22) withAttr -> . ID DOT ID LBRACE ID RBRACE
    (23) withAttr -> . ID DOT ID LBRACE STRING RBRACE
    (24) withAttr -> . ID DOT ID
    (25) withAttr -> . varcontent DOT ID
    (26) withAttr -> . list DOT ID
    (16) onlyObj -> . ID LBRACE ID RBRACE
    (17) onlyObj -> . ID
    (18) onlyObj -> . list
    (19) onlyObj -> . varcontent
    (20) onlyObj -> . ID LPAREN arguments RPAREN LBRACE ID RBRACE
    (21) onlyObj -> . ID LPAREN arguments RPAREN
    (32) varcontent -> . tolerancetype
    (33) varcontent -> . FLOAT
    (34) varcontent -> . INTEGER
    (35) varcontent -> . PLUS INTEGER
    (36) varcontent -> . MINUS INTEGER
    (37) varcontent -> . STRING
    (38) varcontent -> . SFSTRING
    (29) list -> . LBRACKET listcontent RBRACKET
    (50) tolerancetype -> . FLOAT DA
    (51) tolerancetype -> . FLOAT PPM
    (52) tolerancetype -> . INTEGER DA
    (53) tolerancetype -> . INTEGER RES
    (54) tolerancetype -> . INTEGER PPM

    ID              shift and go to state 51
    FLOAT           shift and go to state 31
    INTEGER         shift and go to state 30
    PLUS            shift and go to state 22
    MINUS           shift and go to state 19
    STRING          shift and go to state 20
    SFSTRING        shift and go to state 26
    LBRACKET        shift and go to state 18

    tolerancetype                  shift and go to state 24
    onlyObj                        shift and go to state 15
    varcontent                     shift and go to state 21
    object                         shift and go to state 237
    list                           shift and go to state 32
    withAttr                       shift and go to state 27

state 233

    (43) optionentry -> DBR IS LPAREN object COMMA . object RPAREN
    (14) object -> . withAttr
    (15) object -> . onlyObj
    (22) withAttr -> . ID DOT ID LBRACE ID RBRACE
    (23) withAttr -> . ID DOT ID LBRACE STRING RBRACE
    (24) withAttr -> . ID DOT ID
    (25) withAttr -> . varcontent DOT ID
    (26) withAttr -> . list DOT ID
    (16) onlyObj -> . ID LBRACE ID RBRACE
    (17) onlyObj -> . ID
    (18) onlyObj -> . list
    (19) onlyObj -> . varcontent
    (20) onlyObj -> . ID LPAREN arguments RPAREN LBRACE ID RBRACE
    (21) onlyObj -> . ID LPAREN arguments RPAREN
    (32) varcontent -> . tolerancetype
    (33) varcontent -> . FLOAT
    (34) varcontent -> . INTEGER
    (35) varcontent -> . PLUS INTEGER
    (36) varcontent -> . MINUS INTEGER
    (37) varcontent -> . STRING
    (38) varcontent -> . SFSTRING
    (29) list -> . LBRACKET listcontent RBRACKET
    (50) tolerancetype -> . FLOAT DA
    (51) tolerancetype -> . FLOAT PPM
    (52) tolerancetype -> . INTEGER DA
    (53) tolerancetype -> . INTEGER RES
    (54) tolerancetype -> . INTEGER PPM

    ID              shift and go to state 51
    FLOAT           shift and go to state 31
    INTEGER         shift and go to state 30
    PLUS            shift and go to state 22
    MINUS           shift and go to state 19
    STRING          shift and go to state 20
    SFSTRING        shift and go to state 26
    LBRACKET        shift and go to state 18

    tolerancetype                  shift and go to state 24
    onlyObj                        shift and go to state 15
    varcontent                     shift and go to state 21
    object                         shift and go to state 238
    list                           shift and go to state 32
    withAttr                       shift and go to state 27

state 234

    (107) rContent -> ID IS STRING PERCENT STRING . SEMICOLON

    SEMICOLON       shift and go to state 239


state 235

    (95) expression -> LPAREN expression RPAREN LBRACE ID RBRACE .

    PLUS            reduce using rule 95 (expression -> LPAREN expression RPAREN LBRACE ID RBRACE .)
    MINUS           reduce using rule 95 (expression -> LPAREN expression RPAREN LBRACE ID RBRACE .)
    TIMES           reduce using rule 95 (expression -> LPAREN expression RPAREN LBRACE ID RBRACE .)
    DIVIDE          reduce using rule 95 (expression -> LPAREN expression RPAREN LBRACE ID RBRACE .)
    WITH            reduce using rule 95 (expression -> LPAREN expression RPAREN LBRACE ID RBRACE .)
    AND             reduce using rule 95 (expression -> LPAREN expression RPAREN LBRACE ID RBRACE .)
    OR              reduce using rule 95 (expression -> LPAREN expression RPAREN LBRACE ID RBRACE .)
    REPORT          reduce using rule 95 (expression -> LPAREN expression RPAREN LBRACE ID RBRACE .)
    INTERPRETATION  reduce using rule 95 (expression -> LPAREN expression RPAREN LBRACE ID RBRACE .)
    RPAREN          reduce using rule 95 (expression -> LPAREN expression RPAREN LBRACE ID RBRACE .)
    COMMA           reduce using rule 95 (expression -> LPAREN expression RPAREN LBRACE ID RBRACE .)
    EQUALS          reduce using rule 95 (expression -> LPAREN expression RPAREN LBRACE ID RBRACE .)
    GT              reduce using rule 95 (expression -> LPAREN expression RPAREN LBRACE ID RBRACE .)
    GE              reduce using rule 95 (expression -> LPAREN expression RPAREN LBRACE ID RBRACE .)
    LE              reduce using rule 95 (expression -> LPAREN expression RPAREN LBRACE ID RBRACE .)
    LT              reduce using rule 95 (expression -> LPAREN expression RPAREN LBRACE ID RBRACE .)
    NE              reduce using rule 95 (expression -> LPAREN expression RPAREN LBRACE ID RBRACE .)
    SEMICOLON       reduce using rule 95 (expression -> LPAREN expression RPAREN LBRACE ID RBRACE .)


state 236

    (57) identification -> IDENTIFY tagname WHERE marks evalMarks suchthat interpretation REPORT report .

    SEMICOLON       reduce using rule 57 (identification -> IDENTIFY tagname WHERE marks evalMarks suchthat interpretation REPORT report .)


state 237

    (45) optionentry -> MASSRANGE IS LPAREN object COMMA object . RPAREN

    RPAREN          shift and go to state 240


state 238

    (43) optionentry -> DBR IS LPAREN object COMMA object . RPAREN

    RPAREN          shift and go to state 241


state 239

    (107) rContent -> ID IS STRING PERCENT STRING SEMICOLON .

    ID              reduce using rule 107 (rContent -> ID IS STRING PERCENT STRING SEMICOLON .)
    SEMICOLON       reduce using rule 107 (rContent -> ID IS STRING PERCENT STRING SEMICOLON .)


state 240

    (45) optionentry -> MASSRANGE IS LPAREN object COMMA object RPAREN .

    COMMA           reduce using rule 45 (optionentry -> MASSRANGE IS LPAREN object COMMA object RPAREN .)
    SEMICOLON       reduce using rule 45 (optionentry -> MASSRANGE IS LPAREN object COMMA object RPAREN .)
    OR              reduce using rule 45 (optionentry -> MASSRANGE IS LPAREN object COMMA object RPAREN .)
    AND             reduce using rule 45 (optionentry -> MASSRANGE IS LPAREN object COMMA object RPAREN .)
    IFA             reduce using rule 45 (optionentry -> MASSRANGE IS LPAREN object COMMA object RPAREN .)
    IFF             reduce using rule 45 (optionentry -> MASSRANGE IS LPAREN object COMMA object RPAREN .)
    ARROW           reduce using rule 45 (optionentry -> MASSRANGE IS LPAREN object COMMA object RPAREN .)
    LE              reduce using rule 45 (optionentry -> MASSRANGE IS LPAREN object COMMA object RPAREN .)
    REPORT          reduce using rule 45 (optionentry -> MASSRANGE IS LPAREN object COMMA object RPAREN .)
    SUCHTHAT        reduce using rule 45 (optionentry -> MASSRANGE IS LPAREN object COMMA object RPAREN .)
    INTERPRETATION  reduce using rule 45 (optionentry -> MASSRANGE IS LPAREN object COMMA object RPAREN .)
    RPAREN          reduce using rule 45 (optionentry -> MASSRANGE IS LPAREN object COMMA object RPAREN .)
    AS              reduce using rule 45 (optionentry -> MASSRANGE IS LPAREN object COMMA object RPAREN .)


state 241

    (43) optionentry -> DBR IS LPAREN object COMMA object RPAREN .

    COMMA           reduce using rule 43 (optionentry -> DBR IS LPAREN object COMMA object RPAREN .)
    SEMICOLON       reduce using rule 43 (optionentry -> DBR IS LPAREN object COMMA object RPAREN .)
    OR              reduce using rule 43 (optionentry -> DBR IS LPAREN object COMMA object RPAREN .)
    AND             reduce using rule 43 (optionentry -> DBR IS LPAREN object COMMA object RPAREN .)
    IFA             reduce using rule 43 (optionentry -> DBR IS LPAREN object COMMA object RPAREN .)
    IFF             reduce using rule 43 (optionentry -> DBR IS LPAREN object COMMA object RPAREN .)
    ARROW           reduce using rule 43 (optionentry -> DBR IS LPAREN object COMMA object RPAREN .)
    LE              reduce using rule 43 (optionentry -> DBR IS LPAREN object COMMA object RPAREN .)
    REPORT          reduce using rule 43 (optionentry -> DBR IS LPAREN object COMMA object RPAREN .)
    SUCHTHAT        reduce using rule 43 (optionentry -> DBR IS LPAREN object COMMA object RPAREN .)
    INTERPRETATION  reduce using rule 43 (optionentry -> DBR IS LPAREN object COMMA object RPAREN .)
    RPAREN          reduce using rule 43 (optionentry -> DBR IS LPAREN object COMMA object RPAREN .)
    AS              reduce using rule 43 (optionentry -> DBR IS LPAREN object COMMA object RPAREN .)

WARNING: 
WARNING: Conflicts:
WARNING: 
WARNING: shift/reduce conflict for OR in state 77 resolved as shift
WARNING: shift/reduce conflict for AND in state 77 resolved as shift
WARNING: shift/reduce conflict for IFA in state 77 resolved as shift
WARNING: shift/reduce conflict for IFF in state 77 resolved as shift
WARNING: shift/reduce conflict for ARROW in state 77 resolved as shift
WARNING: shift/reduce conflict for LE in state 77 resolved as shift
WARNING: reduce/reduce conflict in state 117 resolved using rule (booleanterm -> object)
WARNING: rejected rule (expression -> object) in state 117
