Group	Specie	Mz	Sample	CE	C.FAI	C.COI	FA-CO.ratio	FA_Isomer	1st Pos	1st CF	1st C.FAI	1st rel_FAI	2nd Pos	2nd CF	2nd C.FAI	2nd rel_FAI	3rd Pos	TX.CF	C.FAI with TX.CF
Group-1	PE 32:0:0	227.2	240604_eggPE_25-35_3.mzXML	25.0	3821.7	0.0	0.0	[0.0..0.0]	[0.0..1.0]	[1.01..1.019]	[3859.917..3894.313]	[0.052..0.052]	[0.0..0.0]	[1.01..1.01]	[3859.917..3859.917]	[0.052..0.052]	[0.0..0.0]	0.97417665	[3760.2407..3793.748]
Group-1	PE 32:0:0	227.2	240604_eggPE_25-35_3.mzXML	30.0	3326.9	0.0	0.0	[0.0..0.0]	[0.0..1.0]	[1.032..1.043]	[3433.361..3469.957]	[0.037..0.037]	[0.0..0.0]	[1.032..1.032]	[3433.3606..3433.3606]	[0.037..0.037]	[0.0..0.0]	0.97417665	[3344.6997..3380.3508]
Group-1	PE 32:0:0	227.2	240604_eggPE_25-35_3.mzXML	35.0	3844.4	0.0	0.0	[0.0..0.0]	[0.0..1.0]	[1.034..1.047]	[3975.11..4025.087]	[0.039..0.039]	[0.0..0.0]	[1.034..1.034]	[3975.1096..3975.1096]	[0.039..0.039]	[0.0..0.0]	0.97417665	[3872.459..3921.1455]
Group-1	PE 32:0:0	255.23	240604_eggPE_25-35_3.mzXML	25.0	113789.0	0.0	0.0	[0.0..0.0]	[0.5..0.5]	[1.0..1.0]	[113789.0..113789.0]	[0.5..0.5]	[0.5..0.5]	[1.0..1.0]	[113789.0..113789.0]	[0.5..0.5]	[0.5..0.5]	0.97417665	[110850.586..110850.586]
Group-1	PE 32:0:0	255.23	240604_eggPE_25-35_3.mzXML	30.0	137042.1	0.0	0.0	[0.0..0.0]	[0.5..0.5]	[1.0..1.0]	[137042.1..137042.1]	[0.5..0.5]	[0.5..0.5]	[1.0..1.0]	[137042.1..137042.1]	[0.5..0.5]	[0.5..0.5]	0.97417665	[133503.2..133503.2]
Group-1	PE 32:0:0	255.23	240604_eggPE_25-35_3.mzXML	35.0	135238.8	0.0	0.0	[0.0..0.0]	[0.5..0.5]	[1.0..1.0]	[135238.8..135238.8]	[0.5..0.5]	[0.5..0.5]	[1.0..1.0]	[135238.8..135238.8]	[0.5..0.5]	[0.5..0.5]	0.97417665	[131746.48..131746.48]
Group-1	PE 32:0:0	283.26	240604_eggPE_25-35_3.mzXML	25.0	71159.7	0.0	0.0	[0.0..0.0]	[0.0..1.0]	[0.988..0.995]	[70305.78..70803.91]	[0.948..0.948]	[1.0..1.0]	[0.995..0.995]	[70803.91..70803.91]	[0.948..0.948]	[1.0..1.0]	0.97417665	[68490.25..68975.51]
Group-1	PE 32:0:0	283.26	240604_eggPE_25-35_3.mzXML	30.0	93037.5	0.0	0.0	[0.0..0.0]	[0.0..1.0]	[0.967..0.973]	[89967.266..90525.484]	[0.963..0.963]	[1.0..1.0]	[0.973..0.973]	[90525.484..90525.484]	[0.963..0.963]	[1.0..1.0]	0.97417665	[87644.01..88187.81]
Group-1	PE 32:0:0	283.26	240604_eggPE_25-35_3.mzXML	35.0	101236.0	0.0	0.0	[0.0..0.0]	[0.0..1.0]	[0.964..0.969]	[97591.51..98097.68]	[0.961..0.961]	[1.0..1.0]	[0.969..0.969]	[98097.68..98097.68]	[0.961..0.961]	[1.0..1.0]	0.97417665	[95071.37..95564.48]
Group-1	PE 32:1:0	227.2	240604_eggPE_25-35_3.mzXML	25.0	8771.3	0.0	0.0	[0.0..0.0]	[0.0..0.0]	[1.019..1.019]	[8937.955..8937.955]	[0.232..0.232]	[0.0..0.0]	[1.019..1.019]	[8937.955..8937.955]	[0.232..0.232]	[0.0..0.0]	0.976629	[8729.066..8729.066]
Group-1	PE 32:1:0	227.2	240604_eggPE_25-35_3.mzXML	30.0	10513.4	0.0	0.0	[0.0..0.0]	[0.0..0.0]	[1.043..1.043]	[10965.477..10965.477]	[0.257..0.257]	[0.0..0.0]	[1.043..1.043]	[10965.477..10965.477]	[0.257..0.257]	[0.0..0.0]	0.976629	[10709.203..10709.203]
Group-1	PE 32:1:0	227.2	240604_eggPE_25-35_3.mzXML	35.0	8786.3	0.0	0.0	[0.0..0.0]	[0.0..0.0]	[1.047..1.047]	[9199.256..9199.256]	[0.245..0.245]	[0.0..0.0]	[1.047..1.047]	[9199.256..9199.256]	[0.245..0.245]	[0.0..0.0]	0.976629	[8984.261..8984.261]
Group-1	PE 32:1:0	253.22	240604_eggPE_25-35_3.mzXML	25.0	286597.3	0.0	0.0	[9.0..9.0]	[0.0..1.0]	[0.963..1.006]	[275993.22..288316.9]	[0.697..0.706]	[0.86..0.99]	[1.0..1.006]	[286597.3..288316.9]	[0.705..0.706]	[0.864..0.994]	0.976629	[269542.97..281578.66]
Group-1	PE 32:1:0	253.22	240604_eggPE_25-35_3.mzXML	30.0	283518.8	0.0	0.0	[9.0..9.0]	[0.0..1.0]	[0.982..0.988]	[278415.47..280116.6]	[0.661..0.663]	[0.86..0.99]	[0.987..0.988]	[279833.06..280116.6]	[0.662..0.663]	[0.864..0.994]	0.976629	[271908.62..273569.97]
Group-1	PE 32:1:0	253.22	240604_eggPE_25-35_3.mzXML	35.0	243366.0	0.0	0.0	[9.0..9.0]	[0.0..1.0]	[0.986..1.021]	[239958.88..248476.69]	[0.644..0.652]	[0.86..0.99]	[1.016..1.021]	[247259.86..248476.69]	[0.651..0.652]	[0.864..0.994]	0.976629	[234350.8..242669.55]
Group-1	PE 32:1:0	255.23	240604_eggPE_25-35_3.mzXML	25.0	120006.5	0.0	0.0	[0.0..0.0]	[0.0..1.0]	[1.0..1.0]	[120006.49..120006.49]	[0.294..0.303]	[0.01..0.14]	[1.0..1.0]	[120006.5..120006.5]	[0.294..0.295]	[0.006..0.136]	0.976629	[117201.83..117201.83]
Group-1	PE 32:1:0	255.23	240604_eggPE_25-35_3.mzXML	30.0	142588.4	0.0	0.0	[0.0..0.0]	[0.0..1.0]	[1.0..1.0]	[142588.4..142588.4]	[0.337..0.339]	[0.01..0.14]	[1.0..1.0]	[142588.4..142588.4]	[0.337..0.338]	[0.006..0.136]	0.976629	[139255.97..139255.97]
Group-1	PE 32:1:0	255.23	240604_eggPE_25-35_3.mzXML	35.0	132553.3	0.0	0.0	[0.0..0.0]	[0.0..1.0]	[1.0..1.0]	[132553.3..132553.3]	[0.348..0.356]	[0.01..0.14]	[1.0..1.0]	[132553.3..132553.3]	[0.348..0.349]	[0.006..0.136]	0.976629	[129455.4..129455.4]
Group-1	PE 32:1:0	281.25	240604_eggPE_25-35_3.mzXML	25.0	30997.5	0.0	0.0	[9.0..9.0]	[1.0..1.0]	[0.953..0.953]	[29540.617..29540.617]	[0.768..0.768]	[1.0..1.0]	[0.953..0.953]	[29540.617..29540.617]	[0.768..0.768]	[1.0..1.0]	0.976629	[28850.225..28850.225]
Group-1	PE 32:1:0	281.25	240604_eggPE_25-35_3.mzXML	30.0	34227.4	0.0	0.0	[9.0..9.0]	[1.0..1.0]	[0.925..0.925]	[31660.344..31660.344]	[0.743..0.743]	[1.0..1.0]	[0.925..0.925]	[31660.344..31660.344]	[0.743..0.743]	[1.0..1.0]	0.976629	[30920.408..30920.408]
Group-1	PE 32:1:0	281.25	240604_eggPE_25-35_3.mzXML	35.0	30669.9	0.0	0.0	[9.0..9.0]	[1.0..1.0]	[0.926..0.926]	[28400.328..28400.328]	[0.755..0.755]	[1.0..1.0]	[0.926..0.926]	[28400.328..28400.328]	[0.755..0.755]	[1.0..1.0]	0.976629	[27736.584..27736.584]
Group-1	PE 33:1:0	241.22	240604_eggPE_25-35_3.mzXML	25.0	5990.6	0.0	0.0	[0.0..0.0]	[0.0..0.0]	[1.009..1.009]	[6044.515..6044.515]	[0.016..0.016]	[0.0..0.0]	[1.009..1.009]	[6044.515..6044.515]	[0.016..0.016]	[0.0..0.0]	0.95987827	[5801.999..5801.999]
Group-1	PE 33:1:0	241.22	240604_eggPE_25-35_3.mzXML	30.0	6577.9	0.0	0.0	[0.0..0.0]	[0.0..0.0]	[1.02..1.02]	[6709.458..6709.458]	[0.016..0.016]	[0.0..0.0]	[1.02..1.02]	[6709.458..6709.458]	[0.016..0.016]	[0.0..0.0]	0.95987827	[6440.262..6440.262]
Group-1	PE 33:1:0	241.22	240604_eggPE_25-35_3.mzXML	35.0	7296.4	0.0	0.0	[0.0..0.0]	[0.0..0.0]	[1.022..1.022]	[7456.921..7456.921]	[0.019..0.019]	[0.0..0.0]	[1.022..1.022]	[7456.9204..7456.9204]	[0.019..0.019]	[0.0..0.0]	0.95987827	[7157.736..7157.736]
Group-1	PE 33:1:0	253.22	240604_eggPE_25-35_3.mzXML	25.0	42714.5	0.0	0.0	[9.0..9.0]	[0.0..1.0]	[0.963..1.006]	[41134.062..42970.79]	[0.941..0.943]	[1.0..1.0]	[1.006..1.006]	[42970.79..42970.79]	[0.943..0.943]	[1.0..1.0]	0.95987827	[39483.69..41246.727]
Group-1	PE 33:1:0	253.22	240604_eggPE_25-35_3.mzXML	30.0	47977.0	0.0	0.0	[9.0..9.0]	[0.0..1.0]	[0.982..0.988]	[47113.414..47401.273]	[0.952..0.952]	[1.0..1.0]	[0.988..0.988]	[47401.273..47401.273]	[0.952..0.952]	[1.0..1.0]	0.95987827	[45223.14..45499.453]
Group-1	PE 33:1:0	253.22	240604_eggPE_25-35_3.mzXML	35.0	44342.1	0.0	0.0	[9.0..9.0]	[0.0..1.0]	[0.986..1.021]	[43721.312..45273.285]	[0.953..0.954]	[1.0..1.0]	[1.021..1.021]	[45273.285..45273.285]	[0.954..0.954]	[1.0..1.0]	0.95987827	[41967.137..43456.844]
Group-1	PE 33:1:0	255.23	240604_eggPE_25-35_3.mzXML	25.0	65584.3	0.0	0.0	[0.0..0.0]	[0.0..0.0]	[1.0..1.0]	[65584.3..65584.3]	[0.664..0.664]	[0.89..1.0]	[1.0..1.0]	[65584.3..65584.3]	[0.664..0.664]	[0.893..1.0]	0.95987827	[62952.94..62952.94]
Group-1	PE 33:1:0	255.23	240604_eggPE_25-35_3.mzXML	30.0	85373.2	0.0	0.0	[0.0..0.0]	[0.0..0.0]	[1.0..1.0]	[85373.2..85373.2]	[0.712..0.712]	[0.89..1.0]	[1.0..1.0]	[85373.2..85373.2]	[0.712..0.712]	[0.893..1.0]	0.95987827	[81947.88..81947.88]
Group-1	PE 33:1:0	255.23	240604_eggPE_25-35_3.mzXML	35.0	83090.5	0.0	0.0	[0.0..0.0]	[0.0..0.0]	[1.0..1.0]	[83090.49..83090.49]	[0.718..0.718]	[0.89..1.0]	[1.0..1.0]	[83090.5..83090.5]	[0.718..0.718]	[0.893..1.0]	0.95987827	[79756.766..79756.766]
Group-1	PE 33:1:0	267.23	240604_eggPE_25-35_3.mzXML	25.0	34032.4	0.0	0.0	[9.0..9.0]	[1.0..1.0]	[0.977..0.977]	[33249.652..33249.652]	[0.336..0.336]	[0.0..0.11]	[0.977..0.977]	[33249.652..33249.652]	[0.336..0.336]	[0.0..0.107]	0.95987827	[31915.62..31915.62]
Group-1	PE 33:1:0	267.23	240604_eggPE_25-35_3.mzXML	30.0	36248.4	0.0	0.0	[9.0..9.0]	[1.0..1.0]	[0.954..0.954]	[34580.973..34580.973]	[0.288..0.288]	[0.0..0.11]	[0.954..0.954]	[34580.973..34580.973]	[0.288..0.288]	[0.0..0.107]	0.95987827	[33193.523..33193.523]
Group-1	PE 33:1:0	267.23	240604_eggPE_25-35_3.mzXML	35.0	34175.6	0.0	0.0	[9.0..9.0]	[1.0..1.0]	[0.954..0.954]	[32603.523..32603.523]	[0.282..0.282]	[0.0..0.11]	[0.954..0.954]	[32603.523..32603.523]	[0.282..0.282]	[0.0..0.107]	0.95987827	[31295.414..31295.414]
Group-1	PE 33:1:0	269.25	240604_eggPE_25-35_3.mzXML	25.0	2607.3	0.0	0.0	[0.0..0.0]	[0.0..1.0]	[0.993..0.997]	[2589.049..2599.478]	[0.057..0.059]	[0.0..0.0]	[0.993..0.993]	[2589.0488..2589.0488]	[0.057..0.057]	[0.0..0.0]	0.95987827	[2485.1719..2495.1826]
Group-1	PE 33:1:0	269.25	240604_eggPE_25-35_3.mzXML	30.0	2415.4	0.0	0.0	[0.0..0.0]	[0.0..1.0]	[0.982..0.986]	[2371.923..2381.584]	[0.048..0.048]	[0.0..0.0]	[0.982..0.982]	[2371.9226..2371.9226]	[0.048..0.048]	[0.0..0.0]	0.95987827	[2276.757..2286.0312]
Group-1	PE 33:1:0	269.25	240604_eggPE_25-35_3.mzXML	35.0	2205.3	0.0	0.0	[0.0..0.0]	[0.0..1.0]	[0.981..0.984]	[2163.4..2170.016]	[0.046..0.047]	[0.0..0.0]	[0.981..0.981]	[2163.3994..2163.3994]	[0.046..0.046]	[0.0..0.0]	0.95987827	[2076.6..2082.9504]
Group-1	PE 33:1:0	281.25	240604_eggPE_25-35_3.mzXML	25.0	387972.0	0.0	0.0	[9.0..9.0]	[1.0..1.0]	[0.953..0.953]	[369737.3..369737.3]	[0.984..0.984]	[1.0..1.0]	[0.953..0.953]	[369737.3..369737.3]	[0.984..0.984]	[1.0..1.0]	0.95987827	[354902.8..354902.8]
Group-1	PE 33:1:0	281.25	240604_eggPE_25-35_3.mzXML	30.0	439890.9	0.0	0.0	[9.0..9.0]	[1.0..1.0]	[0.925..0.925]	[406899.1..406899.1]	[0.984..0.984]	[1.0..1.0]	[0.925..0.925]	[406899.1..406899.1]	[0.984..0.984]	[1.0..1.0]	0.95987827	[390573.6..390573.6]
Group-1	PE 33:1:0	281.25	240604_eggPE_25-35_3.mzXML	35.0	406958.1	0.0	0.0	[9.0..9.0]	[1.0..1.0]	[0.926..0.926]	[376843.2..376843.2]	[0.981..0.981]	[1.0..1.0]	[0.926..0.926]	[376843.2..376843.2]	[0.981..0.981]	[1.0..1.0]	0.95987827	[361723.6..361723.6]
Group-1	PE 34:1:0	253.22	240604_eggPE_25-35_3.mzXML	25.0	230060.0	0.0	0.0	[9.0..9.0]	[0.0..1.0]	[0.963..1.006]	[221547.78..231440.38]	[0.634..0.642]	[0.52..0.84]	[0.985..0.999]	[226609.11..229829.94]	[0.639..0.642]	[0.52..0.84]	0.9437487	[209085.44..218421.55]
Group-1	PE 34:1:0	253.22	240604_eggPE_25-35_3.mzXML	30.0	215477.1	0.0	0.0	[9.0..9.0]	[0.0..1.0]	[0.982..0.988]	[211598.5..212891.36]	[0.6..0.6]	[0.52..0.84]	[0.985..0.987]	[212244.94..212675.89]	[0.601..0.601]	[0.52..0.84]	0.9437487	[199695.83..200915.95]
Group-1	PE 34:1:0	253.22	240604_eggPE_25-35_3.mzXML	35.0	193164.6	0.0	0.0	[9.0..9.0]	[0.0..1.0]	[0.986..1.021]	[190460.3..197221.06]	[0.508..0.515]	[0.52..0.84]	[1.004..1.015]	[193937.23..196062.06]	[0.512..0.514]	[0.52..0.84]	0.9437487	[179746.66..186127.12]
Group-1	PE 34:1:0	255.23	240604_eggPE_25-35_3.mzXML	25.0	5132376.0	0.0	0.0	[0.0..0.0]	[0.0..1.0]	[1.0..1.0]	[5132376.0..5132376.0]	[0.245..0.253]	[0.0..0.0]	[1.0..1.0]	[5132376.0..5132376.0]	[0.245..0.245]	[0.0..0.0]	0.9437487	[4843673.0..4843673.0]
Group-1	PE 34:1:0	255.23	240604_eggPE_25-35_3.mzXML	30.0	5421736.0	0.0	0.0	[0.0..0.0]	[1.0..1.0]	[1.0..1.0]	[5421736.0..5421736.0]	[0.269..0.269]	[0.0..0.0]	[1.0..1.0]	[5421736.0..5421736.0]	[0.269..0.269]	[0.0..0.0]	0.9437487	[5116756.5..5116756.5]
Group-1	PE 34:1:0	255.23	240604_eggPE_25-35_3.mzXML	35.0	5709223.0	0.0	0.0	[0.0..0.0]	[0.0..0.0]	[1.0..1.0]	[5709223.0..5709223.0]	[0.279..0.279]	[0.0..0.0]	[1.0..1.0]	[5709223.0..5709223.0]	[0.279..0.279]	[0.0..0.0]	0.9437487	[5388072.0..5388072.0]
Group-1	PE 34:1:0	281.25	240604_eggPE_25-35_3.mzXML	25.0	1.6600809E7	0.0	0.0	[9.0..9.0]	[0.0..1.0]	[0.912..0.953]	[1.5139938E7..1.5820571E7]	[0.747..0.755]	[1.0..1.0]	[0.953..0.953]	[1.5820571E7..1.5820571E7]	[0.755..0.755]	[1.0..1.0]	0.9437487	[1.4288297E7..1.4930644E7]
Group-1	PE 34:1:0	281.25	240604_eggPE_25-35_3.mzXML	30.0	1.613671E7	0.0	0.0	[9.0..9.0]	[0.0..0.0]	[0.913..0.913]	[1.4732816E7..1.4732816E7]	[0.731..0.731]	[1.0..1.0]	[0.913..0.913]	[1.4732816E7..1.4732816E7]	[0.731..0.731]	[1.0..1.0]	0.9437487	[1.3904076E7..1.3904076E7]
Group-1	PE 34:1:0	281.25	240604_eggPE_25-35_3.mzXML	35.0	1.5948914E7	0.0	0.0	[9.0..9.0]	[1.0..1.0]	[0.926..0.926]	[1.4768694E7..1.4768694E7]	[0.721..0.721]	[1.0..1.0]	[0.926..0.926]	[1.4768694E7..1.4768694E7]	[0.721..0.721]	[1.0..1.0]	0.9437487	[1.3937936E7..1.3937936E7]
Group-1	PE 34:1:0	283.26	240604_eggPE_25-35_3.mzXML	25.0	129579.8	0.0	0.0	[0.0..0.0]	[0.0..1.0]	[0.988..0.995]	[128024.83..128931.9]	[0.358..0.366]	[0.16..0.48]	[0.989..0.991]	[128154.42..128413.58]	[0.358..0.361]	[0.16..0.48]	0.9437487	[120823.27..121679.31]
Group-1	PE 34:1:0	283.26	240604_eggPE_25-35_3.mzXML	30.0	145689.1	0.0	0.0	[0.0..0.0]	[0.0..1.0]	[0.967..0.973]	[140881.36..141755.48]	[0.4..0.4]	[0.16..0.48]	[0.968..0.97]	[141027.05..141318.42]	[0.399..0.399]	[0.16..0.48]	0.9437487	[132956.6..133781.55]
Group-1	PE 34:1:0	283.26	240604_eggPE_25-35_3.mzXML	35.0	191633.1	0.0	0.0	[0.0..0.0]	[0.0..1.0]	[0.964..0.969]	[184734.3..185692.47]	[0.485..0.492]	[0.16..0.48]	[0.965..0.966]	[184925.94..185117.58]	[0.486..0.488]	[0.16..0.48]	0.9437487	[174342.75..175247.02]
Group-1	PE 34:2:0	253.22	240604_eggPE_25-35_3.mzXML	25.0	107812.8	0.0	0.0	[9.0..9.0]	[0.0..0.0]	[0.963..0.963]	[103823.73..103823.73]	[0.303..0.303]	[0.01..0.17]	[0.963..0.963]	[103823.73..103823.73]	[0.303..0.303]	[0.013..0.166]	0.9460267	[98220.01..98220.01]
Group-1	PE 34:2:0	253.22	240604_eggPE_25-35_3.mzXML	30.0	103636.9	0.0	0.0	[9.0..9.0]	[0.0..0.0]	[0.982..0.982]	[101771.43..101771.43]	[0.304..0.304]	[0.01..0.17]	[0.982..0.982]	[101771.43..101771.43]	[0.304..0.304]	[0.013..0.166]	0.9460267	[96278.49..96278.49]
Group-1	PE 34:2:0	253.22	240604_eggPE_25-35_3.mzXML	35.0	106258.5	0.0	0.0	[9.0..9.0]	[0.0..0.0]	[1.021..1.021]	[108489.93..108489.93]	[0.368..0.368]	[0.01..0.17]	[1.021..1.021]	[108489.93..108489.93]	[0.368..0.368]	[0.013..0.166]	0.9460267	[102634.37..102634.37]
Group-1	PE 34:2:0	255.23	240604_eggPE_25-35_3.mzXML	25.0	1515382.8	0.0	0.0	[0.0..0.0]	[0.0..0.0]	[1.0..1.0]	[1515382.8..1515382.8]	[0.249..0.249]	[0.0..0.0]	[1.0..1.0]	[1515382.8..1515382.8]	[0.249..0.249]	[0.0..0.0]	0.9460267	[1433592.5..1433592.5]
Group-1	PE 34:2:0	255.23	240604_eggPE_25-35_3.mzXML	30.0	1737387.4	0.0	0.0	[0.0..0.0]	[0.0..0.9]	[1.0..1.0]	[1737387.4..1737387.4]	[0.263..0.264]	[0.0..0.0]	[1.0..1.0]	[1737387.4..1737387.4]	[0.263..0.263]	[0.0..0.0]	0.9460267	[1643614.9..1643614.9]
Group-1	PE 34:2:0	255.23	240604_eggPE_25-35_3.mzXML	35.0	1533347.1	0.0	0.0	[0.0..0.0]	[0.9..0.9]	[1.0..1.0]	[1533347.1..1533347.1]	[0.262..0.262]	[0.0..0.0]	[1.0..1.0]	[1533347.1..1533347.1]	[0.262..0.262]	[0.0..0.0]	0.9460267	[1450587.2..1450587.2]
Group-1	PE 34:2:0	279.23	240604_eggPE_25-35_3.mzXML	25.0	4804880.0	0.0	0.0	[9.0..9.0]	[1.0..1.0]	[0.952..0.952]	[4574246.0..4574246.0]	[0.751..0.751]	[1.0..1.0]	[0.952..0.952]	[4574246.0..4574246.0]	[0.751..0.751]	[1.0..1.0]	0.9460267	[4327358.5..4327358.5]
Group-1	PE 34:2:0	279.23	240604_eggPE_25-35_3.mzXML	30.0	5026534.5	0.0	0.0	[9.0..9.0]	[0.1..1.0]	[0.965..0.967]	[4850605.5..4860659.0]	[0.736..0.737]	[1.0..1.0]	[0.967..0.967]	[4860659.0..4860659.0]	[0.737..0.737]	[1.0..1.0]	0.9460267	[4588802.5..4598313.0]
Group-1	PE 34:2:0	279.23	240604_eggPE_25-35_3.mzXML	35.0	4064699.0	0.0	0.0	[9.0..9.0]	[0.1..0.1]	[1.065..1.065]	[4328904.5..4328904.5]	[0.738..0.738]	[1.0..1.0]	[1.065..1.065]	[4328904.5..4328904.5]	[0.738..0.738]	[1.0..1.0]	0.9460267	[4095259.2..4095259.2]
Group-1	PE 34:2:0	281.25	240604_eggPE_25-35_3.mzXML	25.0	250654.9	0.0	0.0	[9.0..9.0]	[1.0..1.0]	[0.953..0.953]	[238874.12..238874.12]	[0.697..0.697]	[0.83..0.99]	[0.953..0.953]	[238874.12..238874.12]	[0.697..0.697]	[0.834..0.987]	0.9460267	[225981.3..225981.3]
Group-1	PE 34:2:0	281.25	240604_eggPE_25-35_3.mzXML	30.0	251654.3	0.0	0.0	[9.0..9.0]	[1.0..1.0]	[0.925..0.925]	[232780.23..232780.23]	[0.696..0.696]	[0.83..0.99]	[0.925..0.925]	[232780.23..232780.23]	[0.696..0.696]	[0.834..0.987]	0.9460267	[220216.31..220216.31]
Group-1	PE 34:2:0	281.25	240604_eggPE_25-35_3.mzXML	35.0	201263.2	0.0	0.0	[9.0..9.0]	[1.0..1.0]	[0.926..0.926]	[186369.72..186369.72]	[0.632..0.632]	[0.83..0.99]	[0.926..0.926]	[186369.72..186369.72]	[0.632..0.632]	[0.834..0.987]	0.9460267	[176310.73..176310.73]
Group-1	PE 34:3:0	253.22	240604_eggPE_25-35_3.mzXML	25.0	24919.5	0.0	0.0	[9.0..9.0]	[0.0..0.0]	[0.963..0.963]	[23997.479..23997.479]	[0.246..0.246]	[0.0..0.0]	[0.963..0.963]	[23997.479..23997.479]	[0.246..0.246]	[0.0..0.0]	0.948328	[22757.48..22757.48]
Group-1	PE 34:3:0	253.22	240604_eggPE_25-35_3.mzXML	30.0	24845.2	0.0	0.0	[9.0..9.0]	[0.0..0.0]	[0.982..0.982]	[24397.986..24397.986]	[0.243..0.243]	[0.0..0.0]	[0.982..0.982]	[24397.986..24397.986]	[0.243..0.243]	[0.0..0.0]	0.948328	[23137.293..23137.293]
Group-1	PE 34:3:0	253.22	240604_eggPE_25-35_3.mzXML	35.0	24422.2	0.0	0.0	[9.0..9.0]	[0.0..0.0]	[1.021..1.021]	[24935.066..24935.066]	[0.258..0.258]	[0.0..0.0]	[1.021..1.021]	[24935.066..24935.066]	[0.258..0.258]	[0.0..0.0]	0.948328	[23646.621..23646.621]
Group-1	PE 34:3:0	255.23	240604_eggPE_25-35_3.mzXML	25.0	44295.4	0.0	0.0	[0.0..0.0]	[0.0..0.6]	[1.0..1.0]	[44295.4..44295.4]	[0.359..0.472]	[0.16..0.59]	[1.0..1.0]	[44295.4..44295.4]	[0.406..0.473]	[0.162..0.589]	0.948328	[42006.566..42006.566]
Group-1	PE 34:3:0	255.23	240604_eggPE_25-35_3.mzXML	30.0	54472.0	0.0	0.0	[0.0..0.0]	[0.0..0.0]	[1.0..1.0]	[54472.0..54472.0]	[0.401..0.435]	[0.16..0.59]	[1.0..1.0]	[54472.0..54472.0]	[0.425..0.483]	[0.162..0.589]	0.948328	[51657.324..51657.324]
Group-1	PE 34:3:0	255.23	240604_eggPE_25-35_3.mzXML	35.0	59209.3	0.0	0.0	[0.0..0.0]	[0.0..0.6]	[1.0..1.0]	[59209.3..59209.3]	[0.458..0.535]	[0.16..0.59]	[1.0..1.0]	[59209.3..59209.3]	[0.471..0.536]	[0.162..0.589]	0.948328	[56149.84..56149.84]
Group-1	PE 34:3:0	277.22	240604_eggPE_25-35_3.mzXML	25.0	69915.1	0.0	0.0	[6.0..9.0]	[0.4..1.0]	[0.71..1.129]	[49639.72..78934.15]	[0.528..0.641]	[0.41..0.84]	[0.707..0.926]	[49429.977..64741.383]	[0.527..0.594]	[0.411..0.838]	0.948328	[47074.742..74855.47]
Group-1	PE 34:3:0	277.22	240604_eggPE_25-35_3.mzXML	30.0	60024.6	0.0	0.0	[6.0..9.0]	[1.0..1.0]	[1.177..1.357]	[70648.96..81453.38]	[0.565..0.599]	[0.41..0.84]	[0.973..1.228]	[58403.938..73710.21]	[0.517..0.575]	[0.411..0.838]	0.948328	[66998.39..77244.52]
Group-1	PE 34:3:0	277.22	240604_eggPE_25-35_3.mzXML	35.0	39874.7	0.0	0.0	[6.0..9.0]	[0.4..1.0]	[1.289..1.76]	[51398.49..70179.47]	[0.465..0.542]	[0.41..0.84]	[1.288..1.668]	[51358.613..66511.0]	[0.464..0.529]	[0.411..0.838]	0.948328	[48742.625..66553.16]
Group-1	PE 34:3:0	279.23	240604_eggPE_25-35_3.mzXML	25.0	77262.9	0.0	0.0	[9.0..9.0]	[1.0..1.0]	[0.952..0.952]	[73554.28..73554.28]	[0.754..0.754]	[1.0..1.0]	[0.952..0.952]	[73554.28..73554.28]	[0.754..0.754]	[1.0..1.0]	0.948328	[69753.586..69753.586]
Group-1	PE 34:3:0	279.23	240604_eggPE_25-35_3.mzXML	30.0	78608.2	0.0	0.0	[9.0..9.0]	[1.0..1.0]	[0.967..0.967]	[76014.13..76014.13]	[0.757..0.757]	[1.0..1.0]	[0.967..0.967]	[76014.13..76014.13]	[0.757..0.757]	[1.0..1.0]	0.948328	[72086.33..72086.33]
Group-1	PE 34:3:0	279.23	240604_eggPE_25-35_3.mzXML	35.0	69354.7	0.0	0.0	[9.0..9.0]	[1.0..1.0]	[1.034..1.034]	[71712.766..71712.766]	[0.742..0.742]	[1.0..1.0]	[1.034..1.034]	[71712.766..71712.766]	[0.742..0.742]	[1.0..1.0]	0.948328	[68007.23..68007.23]
Group-1	PE 36:1:0	255.23	240604_eggPE_25-35_3.mzXML	25.0	169464.6	0.0	0.0	[0.0..0.0]	[0.0..0.0]	[1.0..1.0]	[169464.6..169464.6]	[0.544..0.544]	[0.61..0.79]	[1.0..1.0]	[169464.6..169464.6]	[0.544..0.544]	[0.605..0.791]	0.91317487	[154750.81..154750.81]
Group-1	PE 36:1:0	255.23	240604_eggPE_25-35_3.mzXML	30.0	196279.2	0.0	0.0	[0.0..0.0]	[1.0..1.0]	[1.0..1.0]	[196279.2..196279.2]	[0.617..0.617]	[0.61..0.79]	[1.0..1.0]	[196279.2..196279.2]	[0.617..0.617]	[0.605..0.791]	0.91317487	[179237.23..179237.23]
Group-1	PE 36:1:0	255.23	240604_eggPE_25-35_3.mzXML	35.0	175263.7	0.0	0.0	[0.0..0.0]	[0.0..1.0]	[1.0..1.0]	[175263.7..175263.7]	[0.546..0.55]	[0.61..0.79]	[1.0..1.0]	[175263.7..175263.7]	[0.549..0.55]	[0.605..0.791]	0.91317487	[160046.4..160046.4]
Group-1	PE 36:1:0	281.25	240604_eggPE_25-35_3.mzXML	25.0	1.2156868E7	0.0	0.0	[9.0..9.0]	[0.0..1.0]	[0.912..0.953]	[1.1087064E7..1.1585495E7]	[0.749..0.756]	[1.0..1.0]	[0.953..0.953]	[1.1585495E7..1.1585495E7]	[0.757..0.757]	[1.0..1.0]	0.91317487	[1.0124428E7..1.0579583E7]
Group-1	PE 36:1:0	281.25	240604_eggPE_25-35_3.mzXML	30.0	1.2905289E7	0.0	0.0	[9.0..9.0]	[0.0..1.0]	[0.913..0.925]	[1.1782529E7..1.1937392E7]	[0.732..0.733]	[1.0..1.0]	[0.925..0.925]	[1.1937392E7..1.1937392E7]	[0.734..0.734]	[1.0..1.0]	0.91317487	[1.0759509E7..1.0900927E7]
Group-1	PE 36:1:0	281.25	240604_eggPE_25-35_3.mzXML	35.0	1.2274437E7	0.0	0.0	[9.0..9.0]	[0.0..1.0]	[0.926..0.947]	[1.1366129E7..1.1623892E7]	[0.73..0.733]	[1.0..1.0]	[0.947..0.947]	[1.1623892E7..1.1623892E7]	[0.734..0.734]	[1.0..1.0]	0.91317487	[1.0379263E7..1.0614646E7]
Group-1	PE 36:1:0	283.26	240604_eggPE_25-35_3.mzXML	25.0	3761077.8	0.0	0.0	[0.0..0.0]	[0.0..1.0]	[0.988..0.995]	[3715944.8..3742272.5]	[0.244..0.251]	[0.0..0.0]	[0.988..0.988]	[3715944.8..3715944.8]	[0.243..0.243]	[0.0..0.0]	0.91317487	[3393307.5..3417349.2]
Group-1	PE 36:1:0	283.26	240604_eggPE_25-35_3.mzXML	30.0	4469440.0	0.0	0.0	[0.0..0.0]	[0.0..1.0]	[0.967..0.973]	[4321948.5..4348765.0]	[0.267..0.268]	[0.0..0.0]	[0.967..0.967]	[4321948.5..4321948.5]	[0.266..0.266]	[0.0..0.0]	0.91317487	[3946694.8..3971183.0]
Group-1	PE 36:1:0	283.26	240604_eggPE_25-35_3.mzXML	35.0	4366535.0	0.0	0.0	[0.0..0.0]	[0.0..1.0]	[0.964..0.969]	[4209339.5..4231172.5]	[0.267..0.27]	[0.0..0.0]	[0.964..0.964]	[4209339.5..4209339.5]	[0.266..0.266]	[0.0..0.0]	0.91317487	[3843863.2..3863800.2]
Group-1	PE 36:1:0	309.28	240604_eggPE_25-35_3.mzXML	25.0	154036.3	0.0	0.0	[11.0..11.0]	[1.0..1.0]	[0.924..0.924]	[142329.55..142329.55]	[0.456..0.456]	[0.21..0.39]	[0.924..0.924]	[142329.55..142329.55]	[0.456..0.456]	[0.209..0.395]	0.91317487	[129971.766..129971.766]
Group-1	PE 36:1:0	309.28	240604_eggPE_25-35_3.mzXML	30.0	141024.6	0.0	0.0	[11.0..11.0]	[0.0..0.0]	[0.864..0.864]	[121845.25..121845.25]	[0.383..0.383]	[0.21..0.39]	[0.864..0.864]	[121845.25..121845.25]	[0.383..0.383]	[0.209..0.395]	0.91317487	[111266.02..111266.02]
Group-1	PE 36:1:0	309.28	240604_eggPE_25-35_3.mzXML	35.0	165289.2	0.0	0.0	[11.0..11.0]	[0.0..1.0]	[0.866..0.881]	[143140.45..145619.78]	[0.45..0.454]	[0.21..0.39]	[0.869..0.872]	[143636.33..144132.19]	[0.45..0.451]	[0.209..0.395]	0.91317487	[130712.266..132976.33]
Group-1	PE 36:2:0	255.23	240604_eggPE_25-35_3.mzXML	25.0	76536.2	0.0	0.0	[0.0..0.0]	[0.0..1.0]	[1.0..1.0]	[76536.2..76536.2]	[0.335..0.342]	[0.1..0.21]	[1.0..1.0]	[76536.2..76536.2]	[0.336..0.337]	[0.105..0.207]	0.91529584	[70053.266..70053.266]
Group-1	PE 36:2:0	255.23	240604_eggPE_25-35_3.mzXML	30.0	89501.4	0.0	0.0	[0.0..0.0]	[1.0..1.0]	[1.0..1.0]	[89501.4..89501.4]	[0.38..0.38]	[0.1..0.21]	[1.0..1.0]	[89501.4..89501.4]	[0.38..0.38]	[0.105..0.207]	0.91529584	[81920.26..81920.26]
Group-1	PE 36:2:0	255.23	240604_eggPE_25-35_3.mzXML	35.0	84073.9	0.0	0.0	[0.0..0.0]	[0.0..0.0]	[1.0..1.0]	[84073.9..84073.9]	[0.384..0.384]	[0.1..0.21]	[1.0..1.0]	[84073.9..84073.9]	[0.384..0.384]	[0.105..0.207]	0.91529584	[76952.49..76952.49]
Group-1	PE 36:2:0	279.23	240604_eggPE_25-35_3.mzXML	25.0	6334958.0	0.0	0.0	[9.0..9.0]	[0.0..1.0]	[0.922..0.952]	[5840831.0..6030879.5]	[0.737..0.742]	[1.0..1.0]	[0.952..0.952]	[6030880.0..6030880.0]	[0.743..0.743]	[1.0..1.0]	0.91529584	[5346088.5..5520039.5]
Group-1	PE 36:2:0	279.23	240604_eggPE_25-35_3.mzXML	30.0	6696998.0	0.0	0.0	[9.0..9.0]	[0.0..1.0]	[0.965..0.967]	[6462603.0..6475997.0]	[0.735..0.736]	[1.0..1.0]	[0.967..0.967]	[6475997.0..6475997.0]	[0.736..0.736]	[1.0..1.0]	0.91529584	[5915193.5..5927453.5]
Group-1	PE 36:2:0	279.23	240604_eggPE_25-35_3.mzXML	35.0	5766051.5	0.0	0.0	[9.0..9.0]	[0.0..1.0]	[1.034..1.069]	[5962097.5..6163909.0]	[0.729..0.735]	[1.0..1.0]	[1.069..1.069]	[6163909.0..6163909.0]	[0.736..0.736]	[1.0..1.0]	0.91529584	[5457083.0..5641800.5]
Group-1	PE 36:2:0	281.25	240604_eggPE_25-35_3.mzXML	25.0	2827908.0	0.0	0.0	[9.0..9.0]	[0.5..0.5]	[0.914..0.914]	[2584707.8..2584707.8]	[0.5..0.5]	[0.5..0.5]	[0.914..0.914]	[2584707.8..2584707.8]	[0.5..0.5]	[0.5..0.5]	0.91529584	[2365772.5..2365772.5]
Group-1	PE 36:2:0	281.25	240604_eggPE_25-35_3.mzXML	30.0	3099944.8	0.0	0.0	[9.0..9.0]	[0.5..0.5]	[0.908..0.908]	[2814749.8..2814749.8]	[0.5..0.5]	[0.5..0.5]	[0.908..0.908]	[2814749.8..2814749.8]	[0.5..0.5]	[0.5..0.5]	0.91529584	[2576328.8..2576328.8]
Group-1	PE 36:2:0	281.25	240604_eggPE_25-35_3.mzXML	35.0	2762888.8	0.0	0.0	[9.0..9.0]	[0.5..0.5]	[0.92..0.92]	[2541857.8..2541857.8]	[0.5..0.5]	[0.5..0.5]	[0.92..0.92]	[2541857.8..2541857.8]	[0.5..0.5]	[0.5..0.5]	0.91529584	[2326551.8..2326551.8]
Group-1	PE 36:2:0	283.26	240604_eggPE_25-35_3.mzXML	25.0	2110406.5	0.0	0.0	[0.0..0.0]	[0.0..1.0]	[0.988..0.995]	[2085081.6..2099854.5]	[0.258..0.263]	[0.0..0.0]	[0.988..0.988]	[2085081.6..2085081.6]	[0.257..0.257]	[0.0..0.0]	0.91529584	[1908466.5..1921988.0]
Group-1	PE 36:2:0	283.26	240604_eggPE_25-35_3.mzXML	30.0	2401491.5	0.0	0.0	[0.0..0.0]	[0.0..1.0]	[0.967..0.973]	[2322242.2..2336651.2]	[0.264..0.265]	[0.0..0.0]	[0.967..0.967]	[2322242.2..2322242.2]	[0.264..0.264]	[0.0..0.0]	0.91529584	[2125538.8..2138727.2]
Group-1	PE 36:2:0	283.26	240604_eggPE_25-35_3.mzXML	35.0	2299256.0	0.0	0.0	[0.0..0.0]	[0.0..1.0]	[0.964..0.969]	[2216482.8..2227979.0]	[0.265..0.271]	[0.0..0.0]	[0.964..0.964]	[2216482.8..2216482.8]	[0.264..0.264]	[0.0..0.0]	0.91529584	[2028737.5..2039260.0]
Group-1	PE 36:2:0	307.26	240604_eggPE_25-35_3.mzXML	25.0	166465.5	0.0	0.0	[11.0..11.0]	[0.0..1.0]	[0.883..0.912]	[146989.05..151816.53]	[0.658..0.665]	[0.79..0.9]	[0.906..0.909]	[150817.75..151317.14]	[0.663..0.664]	[0.793..0.895]	0.91529584	[134538.45..138957.03]
Group-1	PE 36:2:0	307.26	240604_eggPE_25-35_3.mzXML	30.0	165232.4	0.0	0.0	[11.0..11.0]	[0.0..0.0]	[0.884..0.884]	[146065.45..146065.45]	[0.62..0.62]	[0.79..0.9]	[0.884..0.884]	[146065.45..146065.45]	[0.62..0.62]	[0.793..0.895]	0.91529584	[133693.1..133693.1]
Group-1	PE 36:2:0	307.26	240604_eggPE_25-35_3.mzXML	35.0	145699.9	0.0	0.0	[11.0..11.0]	[1.0..1.0]	[0.927..0.927]	[135063.81..135063.81]	[0.616..0.616]	[0.79..0.9]	[0.927..0.927]	[135063.81..135063.81]	[0.616..0.616]	[0.793..0.895]	0.91529584	[123623.34..123623.34]
Group-1	PE 36:3:0	255.23	240604_eggPE_25-35_3.mzXML	25.0	72289.0	0.0	0.0	[0.0..0.0]	[0.0..0.0]	[1.0..1.0]	[72289.0..72289.0]	[0.279..0.3]	[0.0..0.2]	[1.0..1.0]	[72289.0..72289.0]	[0.279..0.353]	[0.0..0.199]	0.91742754	[66319.92..66319.92]
Group-1	PE 36:3:0	255.23	240604_eggPE_25-35_3.mzXML	30.0	79176.4	0.0	0.0	[0.0..0.0]	[0.0..0.0]	[1.0..1.0]	[79176.4..79176.4]	[0.287..0.343]	[0.0..0.2]	[1.0..1.0]	[79176.4..79176.4]	[0.287..0.37]	[0.0..0.199]	0.91742754	[72638.61..72638.61]
Group-1	PE 36:3:0	255.23	240604_eggPE_25-35_3.mzXML	35.0	83929.4	0.0	0.0	[0.0..0.0]	[0.0..0.0]	[1.0..1.0]	[83929.4..83929.4]	[0.289..0.381]	[0.0..0.2]	[1.0..1.0]	[83929.4..83929.4]	[0.289..0.396]	[0.0..0.199]	0.91742754	[76999.14..76999.14]
Group-1	PE 36:3:0	277.22	240604_eggPE_25-35_3.mzXML	25.0	70532.7	0.0	0.0	[6.0..9.0]	[0.0..1.0]	[1.026..1.129]	[72366.555..79631.42]	[0.576..0.597]	[0.32..0.73]	[0.737..0.829]	[51982.6..58471.61]	[0.493..0.522]	[0.32..0.732]	0.91742754	[66391.07..73056.055]
Group-1	PE 36:3:0	277.22	240604_eggPE_25-35_3.mzXML	30.0	56401.2	0.0	0.0	[6.0..9.0]	[0.0..1.0]	[1.167..1.357]	[65820.2..76536.43]	[0.478..0.514]	[0.32..0.73]	[0.992..1.165]	[55949.99..65707.4]	[0.437..0.477]	[0.32..0.732]	0.91742754	[60385.266..70216.625]
Group-1	PE 36:3:0	277.22	240604_eggPE_25-35_3.mzXML	35.0	39221.2	0.0	0.0	[6.0..9.0]	[0.0..1.0]	[1.437..1.76]	[56360.863..69029.31]	[0.429..0.477]	[0.32..0.73]	[1.304..1.626]	[51144.445..63773.67]	[0.405..0.458]	[0.32..0.732]	0.91742754	[51707.01..63329.39]
Group-1	PE 36:3:0	279.23	240604_eggPE_25-35_3.mzXML	25.0	1206599.0	0.0	0.0	[9.0..9.0]	[0.0..0.0]	[0.922..0.922]	[1112484.2..1112484.2]	[0.692..0.692]	[0.96..1.0]	[0.922..0.922]	[1112484.2..1112484.2]	[0.692..0.692]	[0.96..1.0]	0.91742754	[1020623.7..1020623.7]
Group-1	PE 36:3:0	279.23	240604_eggPE_25-35_3.mzXML	30.0	1194399.4	0.0	0.0	[9.0..9.0]	[1.0..1.0]	[0.967..0.967]	[1154984.2..1154984.2]	[0.703..0.703]	[0.96..1.0]	[0.967..0.967]	[1154984.2..1154984.2]	[0.703..0.703]	[0.96..1.0]	0.91742754	[1059614.2..1059614.2]
Group-1	PE 36:3:0	279.23	240604_eggPE_25-35_3.mzXML	35.0	1057356.4	0.0	0.0	[9.0..9.0]	[0.0..1.0]	[1.034..1.069]	[1093306.5..1130314.0]	[0.684..0.686]	[0.96..1.0]	[1.068..1.069]	[1129256.6..1130314.0]	[0.691..0.691]	[0.96..1.0]	0.91742754	[1003029.56..1036981.2]
Group-1	PE 36:3:0	281.25	240604_eggPE_25-35_3.mzXML	25.0	520646.8	0.0	0.0	[9.0..9.0]	[1.0..1.0]	[0.953..0.953]	[496176.4..496176.4]	[0.308..0.308]	[0.0..0.04]	[0.953..0.953]	[496176.4..496176.4]	[0.308..0.308]	[0.0..0.04]	0.91742754	[455205.9..455205.9]
Group-1	PE 36:3:0	281.25	240604_eggPE_25-35_3.mzXML	30.0	535562.8	0.0	0.0	[9.0..9.0]	[0.0..0.0]	[0.913..0.913]	[488968.84..488968.84]	[0.297..0.297]	[0.0..0.04]	[0.913..0.913]	[488968.84..488968.84]	[0.297..0.297]	[0.0..0.04]	0.91742754	[448593.47..448593.47]
Group-1	PE 36:3:0	281.25	240604_eggPE_25-35_3.mzXML	35.0	545684.2	0.0	0.0	[9.0..9.0]	[0.0..1.0]	[0.926..0.947]	[505303.56..516762.94]	[0.314..0.316]	[0.0..0.04]	[0.926..0.927]	[505303.56..505849.22]	[0.309..0.309]	[0.0..0.04]	0.91742754	[463579.38..474092.53]
Group-1	PE 36:3:0	283.26	240604_eggPE_25-35_3.mzXML	25.0	54022.1	0.0	0.0	[0.0..0.0]	[0.0..1.0]	[0.988..0.995]	[53373.836..53751.992]	[0.403..0.424]	[0.27..0.68]	[0.99..0.993]	[53481.883..53643.945]	[0.478..0.507]	[0.268..0.68]	0.91742754	[48966.625..49313.56]
Group-1	PE 36:3:0	283.26	240604_eggPE_25-35_3.mzXML	30.0	74298.7	0.0	0.0	[0.0..0.0]	[0.0..1.0]	[0.967..0.973]	[71846.84..72292.64]	[0.486..0.522]	[0.27..0.68]	[0.969..0.971]	[71995.445..72144.04]	[0.523..0.563]	[0.268..0.68]	0.91742754	[65914.28..66323.26]
Group-1	PE 36:3:0	283.26	240604_eggPE_25-35_3.mzXML	35.0	77967.4	0.0	0.0	[0.0..0.0]	[0.0..1.0]	[0.964..0.969]	[75160.57..75550.41]	[0.523..0.571]	[0.27..0.68]	[0.965..0.967]	[75238.54..75394.48]	[0.542..0.595]	[0.268..0.68]	0.91742754	[68954.375..69312.02]
Group-1	PE 36:3:0	305.25	240604_eggPE_25-35_3.mzXML	25.0	170314.6	0.0	0.0	[5.0..11.0]	[1.0..1.0]	[0.991..1.098]	[168781.77..187005.44]	[0.7..0.721]	[0.8..1.0]	[0.778..1.098]	[132504.75..187005.44]	[0.647..0.721]	[0.801..1.0]	0.91742754	[154845.03..171563.94]
Group-1	PE 36:3:0	305.25	240604_eggPE_25-35_3.mzXML	30.0	147009.8	0.0	0.0	[5.0..11.0]	[1.0..1.0]	[1.033..1.337]	[151861.12..196552.1]	[0.657..0.713]	[0.8..1.0]	[0.916..1.337]	[134660.97..196552.1]	[0.63..0.713]	[0.801..1.0]	0.91742754	[139321.58..180322.31]
Group-1	PE 36:3:0	305.25	240604_eggPE_25-35_3.mzXML	35.0	115564.5	0.0	0.0	[5.0..11.0]	[1.0..1.0]	[1.181..1.783]	[136481.66..206051.5]	[0.619..0.711]	[0.8..1.0]	[1.109..1.783]	[128161.02..206051.5]	[0.604..0.711]	[0.801..1.0]	0.91742754	[125212.05..189037.33]
Group-1	PE 36:4:0	255.23	240604_eggPE_25-35_3.mzXML	25.0	708392.6	0.0	0.0	[0.0..0.0]	[0.0..0.0]	[1.0..1.0]	[708392.6..708392.6]	[0.229..0.229]	[0.0..0.0]	[1.0..1.0]	[708392.6..708392.6]	[0.229..0.229]	[0.0..0.0]	0.91958064	[651424.1..651424.1]
Group-1	PE 36:4:0	255.23	240604_eggPE_25-35_3.mzXML	30.0	791995.0	0.0	0.0	[0.0..0.0]	[0.0..0.0]	[1.0..1.0]	[791995.0..791995.0]	[0.252..0.252]	[0.0..0.0]	[1.0..1.0]	[791995.0..791995.0]	[0.252..0.252]	[0.0..0.0]	0.91958064	[728303.25..728303.25]
Group-1	PE 36:4:0	255.23	240604_eggPE_25-35_3.mzXML	35.0	770747.0	0.0	0.0	[0.0..0.0]	[0.0..0.0]	[1.0..1.0]	[770747.0..770747.0]	[0.283..0.283]	[0.0..0.0]	[1.0..1.0]	[770747.0..770747.0]	[0.283..0.283]	[0.0..0.0]	0.91958064	[708764.0..708764.0]
Group-1	PE 36:4:0	277.22	240604_eggPE_25-35_3.mzXML	25.0	14556.0	0.0	0.0	[6.0..9.0]	[0.0..0.0]	[1.026..1.053]	[14934.456..15327.468]	[0.524..0.53]	[0.44..0.67]	[0.702..0.79]	[10218.3125..11499.24]	[0.43..0.459]	[0.435..0.669]	0.91958064	[13733.4375..14094.843]
Group-1	PE 36:4:0	277.22	240604_eggPE_25-35_3.mzXML	30.0	13875.3	0.0	0.0	[6.0..9.0]	[0.0..0.0]	[1.167..1.308]	[16192.476..18148.893]	[0.474..0.502]	[0.44..0.67]	[0.97..1.141]	[13459.041..15831.718]	[0.428..0.468]	[0.435..0.669]	0.91958064	[14890.287..16689.37]
Group-1	PE 36:4:0	277.22	240604_eggPE_25-35_3.mzXML	35.0	11131.4	0.0	0.0	[6.0..9.0]	[0.0..0.0]	[1.437..1.757]	[15995.823..19557.871]	[0.517..0.567]	[0.44..0.67]	[1.285..1.609]	[14303.85..17910.424]	[0.489..0.546]	[0.435..0.669]	0.91958064	[14709.449..17985.04]
Group-1	PE 36:4:0	279.23	240604_eggPE_25-35_3.mzXML	25.0	124385.0	0.0	0.0	[9.0..9.0]	[0.5..0.5]	[0.92..0.92]	[114434.2..114434.2]	[0.5..0.5]	[0.5..0.5]	[0.92..0.92]	[114434.2..114434.2]	[0.5..0.5]	[0.5..0.5]	0.91958064	[105231.48..105231.48]
Group-1	PE 36:4:0	279.23	240604_eggPE_25-35_3.mzXML	30.0	126932.5	0.0	0.0	[9.0..9.0]	[0.5..0.5]	[0.956..0.956]	[121347.47..121347.47]	[0.5..0.5]	[0.5..0.5]	[0.956..0.956]	[121347.47..121347.47]	[0.5..0.5]	[0.5..0.5]	0.91958064	[111588.78..111588.78]
Group-1	PE 36:4:0	279.23	240604_eggPE_25-35_3.mzXML	35.0	105003.8	0.0	0.0	[9.0..9.0]	[0.5..0.5]	[1.032..1.032]	[108363.914..108363.914]	[0.5..0.5]	[0.5..0.5]	[1.032..1.032]	[108363.914..108363.914]	[0.5..0.5]	[0.5..0.5]	0.91958064	[99649.36..99649.36]
Group-1	PE 36:4:0	281.25	240604_eggPE_25-35_3.mzXML	25.0	14238.5	0.0	0.0	[9.0..9.0]	[1.0..1.0]	[0.953..0.953]	[13569.291..13569.291]	[0.47..0.476]	[0.33..0.56]	[0.953..0.953]	[13569.291..13569.291]	[0.541..0.57]	[0.331..0.565]	0.91958064	[12478.058..12478.058]
Group-1	PE 36:4:0	281.25	240604_eggPE_25-35_3.mzXML	30.0	19454.4	0.0	0.0	[9.0..9.0]	[1.0..1.0]	[0.925..0.925]	[17995.32..17995.32]	[0.498..0.526]	[0.33..0.56]	[0.925..0.925]	[17995.32..17995.32]	[0.532..0.572]	[0.331..0.565]	0.91958064	[16548.148..16548.148]
Group-1	PE 36:4:0	281.25	240604_eggPE_25-35_3.mzXML	35.0	16113.4	0.0	0.0	[9.0..9.0]	[1.0..1.0]	[0.926..0.926]	[14921.009..14921.009]	[0.433..0.483]	[0.33..0.56]	[0.926..0.926]	[14921.009..14921.009]	[0.454..0.511]	[0.331..0.565]	0.91958064	[13721.071..13721.071]
Group-1	PE 36:4:0	303.23	240604_eggPE_25-35_3.mzXML	25.0	1760825.2	140061.3	0.07954299	[5.0..5.0]	[1.0..1.0]	[1.357..1.357]	[2389439.8..2389439.8]	[0.771..0.771]	[1.0..1.0]	[1.357..1.357]	[2389439.8..2389439.8]	[0.771..0.771]	[1.0..1.0]	0.91958064	[2197282.5..2197282.5]
Group-1	PE 36:4:0	303.23	240604_eggPE_25-35_3.mzXML	30.0	1188872.8	135999.8	0.114393905	[5.0..5.0]	[1.0..1.0]	[1.973..1.973]	[2345646.0..2345646.0]	[0.748..0.748]	[1.0..1.0]	[1.973..1.973]	[2345646.0..2345646.0]	[0.748..0.748]	[1.0..1.0]	0.91958064	[2157010.8..2157010.8]
Group-1	PE 36:4:0	303.23	240604_eggPE_25-35_3.mzXML	35.0	604836.2	91032.7	0.15050803	[5.0..5.0]	[1.0..1.0]	[3.232..3.232]	[1954830.6..1954830.6]	[0.717..0.717]	[1.0..1.0]	[3.232..3.232]	[1954830.6..1954830.6]	[0.717..0.717]	[1.0..1.0]	0.91958064	[1797624.4..1797624.4]
Group-1	PE 36:5:0	227.2	240604_eggPE_25-35_3.mzXML	25.0	0.0	0.0	0.0	[0.0..0.0]	[0.0..0.0]	[1.019..1.019]	[0.0..0.0]	[0.0..0.0]	[0.0..1.0]	[1.019..1.019]	[0.0..0.0]	[0.0..0.0]	[0.0..1.0]	0.92174476	[0.0..0.0]
Group-1	PE 36:5:0	227.2	240604_eggPE_25-35_3.mzXML	30.0	0.0	0.0	0.0	[0.0..0.0]	[0.0..0.0]	[1.043..1.043]	[0.0..0.0]	[0.0..0.0]	[0.0..1.0]	[1.043..1.043]	[0.0..0.0]	[0.0..0.0]	[0.0..1.0]	0.92174476	[0.0..0.0]
Group-1	PE 36:5:0	227.2	240604_eggPE_25-35_3.mzXML	35.0	893.1	0.0	0.0	[0.0..0.0]	[0.0..0.0]	[1.047..1.047]	[935.076..935.076]	[1.0..1.0]	[0.0..1.0]	[1.047..1.047]	[935.07574..935.07574]	[1.0..1.0]	[0.0..1.0]	0.92174476	[861.9011..861.9011]
Group-1	PE 36:5:0	253.22	240604_eggPE_25-35_3.mzXML	25.0	4183.3	0.0	0.0	[9.0..9.0]	[0.0..0.0]	[0.963..0.963]	[4028.518..4028.518]	[0.225..0.248]	[0.0..0.28]	[0.963..0.963]	[4028.5178..4028.5178]	[0.225..0.311]	[0.0..0.282]	0.92174476	[3713.265..3713.265]
Group-1	PE 36:5:0	253.22	240604_eggPE_25-35_3.mzXML	30.0	4901.2	0.0	0.0	[9.0..9.0]	[0.0..0.0]	[0.982..0.982]	[4812.979..4812.979]	[0.236..0.286]	[0.0..0.28]	[0.982..0.982]	[4812.9785..4812.9785]	[0.236..0.319]	[0.0..0.282]	0.92174476	[4436.338..4436.338]
Group-1	PE 36:5:0	253.22	240604_eggPE_25-35_3.mzXML	35.0	5063.8	0.0	0.0	[9.0..9.0]	[0.0..0.0]	[1.021..1.021]	[5170.14..5170.14]	[0.323..0.414]	[0.0..0.28]	[1.021..1.021]	[5170.1396..5170.1396]	[0.323..0.434]	[0.0..0.282]	0.92174476	[4765.549..4765.549]
Group-1	PE 36:5:0	255.23	240604_eggPE_25-35_3.mzXML	25.0	32566.1	0.0	0.0	[0.0..0.0]	[0.0..0.0]	[1.0..1.0]	[32566.1..32566.1]	[0.864..0.864]	[1.0..1.0]	[1.0..1.0]	[32566.1..32566.1]	[0.864..0.864]	[1.0..1.0]	0.92174476	[30017.63..30017.63]
Group-1	PE 36:5:0	255.23	240604_eggPE_25-35_3.mzXML	30.0	49595.3	0.0	0.0	[0.0..0.0]	[0.0..0.0]	[1.0..1.0]	[49595.3..49595.3]	[0.907..0.907]	[1.0..1.0]	[1.0..1.0]	[49595.3..49595.3]	[0.907..0.907]	[1.0..1.0]	0.92174476	[45714.207..45714.207]
Group-1	PE 36:5:0	255.23	240604_eggPE_25-35_3.mzXML	35.0	51539.7	0.0	0.0	[0.0..0.0]	[0.0..0.0]	[1.0..1.0]	[51539.7..51539.7]	[1.0..1.0]	[1.0..1.0]	[1.0..1.0]	[51539.7..51539.7]	[1.0..1.0]	[1.0..1.0]	0.92174476	[47506.45..47506.45]
Group-1	PE 36:5:0	277.22	240604_eggPE_25-35_3.mzXML	25.0	3753.7	0.0	0.0	[6.0..9.0]	[0.0..0.0]	[1.026..1.053]	[3851.296..3952.646]	[0.233..0.238]	[0.0..0.0]	[1.026..1.053]	[3851.2961..3952.646]	[0.233..0.238]	[0.0..0.0]	0.92174476	[3549.9124..3643.3308]
Group-1	PE 36:5:0	277.22	240604_eggPE_25-35_3.mzXML	30.0	3154.0	0.0	0.0	[6.0..9.0]	[0.0..0.0]	[1.167..1.308]	[3680.718..4125.432]	[0.206..0.225]	[0.0..0.0]	[1.167..1.308]	[3680.7183..4125.432]	[0.206..0.225]	[0.0..0.0]	0.92174476	[3392.6829..3802.5955]
Group-1	PE 36:5:0	277.22	240604_eggPE_25-35_3.mzXML	35.0	1846.9	0.0	0.0	[6.0..9.0]	[0.0..0.0]	[1.437..1.757]	[2653.995..3245.003]	[0.165..0.194]	[0.0..0.0]	[1.437..1.757]	[2653.9954..3245.0032]	[0.165..0.194]	[0.0..0.0]	0.92174476	[2446.3064..2991.065]
Group-1	PE 36:5:0	279.23	240604_eggPE_25-35_3.mzXML	25.0	13323.5	0.0	0.0	[9.0..9.0]	[1.0..1.0]	[0.952..0.952]	[12683.973..12683.973]	[0.762..0.767]	[1.0..1.0]	[0.952..0.952]	[12683.973..12683.973]	[0.762..0.767]	[1.0..1.0]	0.92174476	[11691.385..11691.385]
Group-1	PE 36:5:0	279.23	240604_eggPE_25-35_3.mzXML	30.0	14707.3	0.0	0.0	[9.0..9.0]	[1.0..1.0]	[0.967..0.967]	[14221.959..14221.959]	[0.775..0.794]	[1.0..1.0]	[0.967..0.967]	[14221.959..14221.959]	[0.775..0.794]	[1.0..1.0]	0.92174476	[13109.017..13109.017]
Group-1	PE 36:5:0	279.23	240604_eggPE_25-35_3.mzXML	35.0	13000.0	0.0	0.0	[9.0..9.0]	[1.0..1.0]	[1.034..1.034]	[13442.001..13442.001]	[0.806..0.835]	[1.0..1.0]	[1.034..1.034]	[13442.001..13442.001]	[0.806..0.835]	[1.0..1.0]	0.92174476	[12390.094..12390.094]
Group-1	PE 36:5:0	301.22	240604_eggPE_25-35_3.mzXML	25.0	2792.3	0.0	0.0	[5.0..5.0]	[1.0..1.0]	[1.831..1.831]	[5112.701..5112.701]	[0.136..0.136]	[0.0..0.0]	[1.831..1.831]	[5112.701..5112.701]	[0.136..0.136]	[0.0..0.0]	0.92174476	[4712.6055..4712.6055]
Group-1	PE 36:5:0	301.22	240604_eggPE_25-35_3.mzXML	30.0	1524.6	0.0	0.0	[5.0..5.0]	[1.0..1.0]	[3.333..3.333]	[5081.492..5081.492]	[0.093..0.093]	[0.0..0.0]	[3.333..3.333]	[5081.4917..5081.4917]	[0.093..0.093]	[0.0..0.0]	0.92174476	[4683.838..4683.838]
Group-1	PE 36:5:0	301.22	240604_eggPE_25-35_3.mzXML	35.0	0.0	0.0	0.0	[5.0..5.0]	[1.0..1.0]	[7.069..7.069]	[0.0..0.0]	[0.0..0.0]	[0.0..0.0]	[7.069..7.069]	[0.0..0.0]	[0.0..0.0]	[0.0..0.0]	0.92174476	[0.0..0.0]
Group-1	PE 36:5:0	303.23	240604_eggPE_25-35_3.mzXML	25.0	10215.4	0.0	0.0	[5.0..8.0]	[1.0..1.0]	[1.198..1.357]	[12238.049..13862.298]	[0.752..0.775]	[0.72..1.0]	[0.873..1.357]	[8918.045..13862.298]	[0.689..0.775]	[0.718..1.0]	0.92174476	[11280.358..12777.501]
Group-1	PE 36:5:0	303.23	240604_eggPE_25-35_3.mzXML	30.0	7895.1	993.8	0.12587553	[5.0..5.0]	[1.0..1.0]	[1.521..1.973]	[12008.447..15577.033]	[0.714..0.764]	[0.72..1.0]	[1.301..1.973]	[10271.525..15577.033]	[0.681..0.764]	[0.718..1.0]	0.92174476	[11068.724..14358.048]
Group-1	PE 36:5:0	303.23	240604_eggPE_25-35_3.mzXML	35.0	3355.4	0.0	0.0	[5.0..8.0]	[1.0..1.0]	[2.183..3.232]	[7324.839..10844.653]	[0.586..0.677]	[0.72..1.0]	[2.009..3.232]	[6740.9985..10844.653]	[0.566..0.677]	[0.718..1.0]	0.92174476	[6751.6313..9996.002]
Group-1	PE 36:5:0	329.25	240604_eggPE_25-35_3.mzXML	25.0	1640.0	0.0	0.0	[4.0..7.0]	[1.0..1.0]	[1.391..1.787]	[2281.24..2930.68]	[1.0..1.0]	[0.0..1.0]	[1.354..1.787]	[2220.56..2930.68]	[1.0..1.0]	[0.0..1.0]	0.92174476	[2102.721..2701.3389]
Group-1	PE 36:5:0	329.25	240604_eggPE_25-35_3.mzXML	30.0	1010.0	0.0	0.0	[4.0..7.0]	[1.0..1.0]	[2.1..3.303]	[2121.0..3336.03]	[1.0..1.0]	[0.0..1.0]	[2.079..3.303]	[2099.79..3336.03]	[1.0..1.0]	[0.0..1.0]	0.92174476	[1955.0206..3074.9683]
Group-1	PE 36:5:0	329.25	240604_eggPE_25-35_3.mzXML	35.0	0.0	0.0	0.0	[4.0..7.0]	[1.0..1.0]	[3.775..7.227]	[0.0..0.0]	[0.0..0.0]	[0.0..1.0]	[3.754..7.227]	[0.0..0.0]	[0.0..0.0]	[0.0..1.0]	0.92174476	[0.0..0.0]
Group-1	PE 37:1:0	269.25	240604_eggPE_25-35_3.mzXML	25.0	3281.4	0.0	0.0	[0.0..0.0]	[0.0..0.0]	[0.993..0.993]	[3258.43..3258.43]	[0.249..0.249]	[0.0..0.05]	[0.993..0.993]	[3258.43..3258.43]	[0.249..0.249]	[0.0..0.05]	0.89867145	[2928.258..2928.258]
Group-1	PE 37:1:0	269.25	240604_eggPE_25-35_3.mzXML	30.0	3708.6	0.0	0.0	[0.0..0.0]	[0.0..0.100000024]	[0.982..0.983]	[3641.845..3645.554]	[0.254..0.254]	[0.0..0.05]	[0.982..0.982]	[3641.8452..3641.8452]	[0.254..0.254]	[0.0..0.05]	0.89867145	[3272.8223..3276.155]
Group-1	PE 37:1:0	269.25	240604_eggPE_25-35_3.mzXML	35.0	4425.6	0.0	0.0	[0.0..0.0]	[0.100000024..0.100000024]	[0.981..0.981]	[4341.514..4341.514]	[0.322..0.322]	[0.0..0.05]	[0.981..0.981]	[4341.5137..4341.5137]	[0.322..0.322]	[0.0..0.05]	0.89867145	[3901.5945..3901.5945]
Group-1	PE 37:1:0	281.25	240604_eggPE_25-35_3.mzXML	25.0	223068.5	0.0	0.0	[9.0..9.0]	[0.0..1.0]	[0.912..0.953]	[203438.47..212584.28]	[0.95..0.951]	[1.0..1.0]	[0.953..0.953]	[212584.28..212584.28]	[0.952..0.952]	[1.0..1.0]	0.89867145	[182824.34..191043.44]
Group-1	PE 37:1:0	281.25	240604_eggPE_25-35_3.mzXML	30.0	259647.1	0.0	0.0	[9.0..9.0]	[0.0..1.0]	[0.913..0.925]	[237057.8..240173.56]	[0.95..0.95]	[1.0..1.0]	[0.925..0.925]	[240173.56..240173.56]	[0.95..0.95]	[1.0..1.0]	0.89867145	[213037.08..215837.12]
Group-1	PE 37:1:0	281.25	240604_eggPE_25-35_3.mzXML	35.0	226889.5	0.0	0.0	[9.0..9.0]	[0.0..1.0]	[0.926..0.947]	[210099.66..214864.36]	[0.946..0.947]	[1.0..1.0]	[0.947..0.947]	[214864.36..214864.36]	[0.947..0.947]	[1.0..1.0]	0.89867145	[188810.58..193092.47]
Group-1	PE 37:1:0	283.26	240604_eggPE_25-35_3.mzXML	25.0	263272.3	0.0	0.0	[0.0..0.0]	[0.0..0.0]	[0.988..0.988]	[260113.03..260113.03]	[0.904..0.904]	[1.0..1.0]	[0.988..0.988]	[260113.03..260113.03]	[0.904..0.904]	[1.0..1.0]	0.89867145	[233756.16..233756.16]
Group-1	PE 37:1:0	283.26	240604_eggPE_25-35_3.mzXML	30.0	325776.2	0.0	0.0	[0.0..0.0]	[0.0..0.9]	[0.967..0.972]	[315025.56..316654.47]	[0.919..0.92]	[1.0..1.0]	[0.972..0.972]	[316654.47..316654.47]	[0.92..0.92]	[1.0..1.0]	0.89867145	[283104.47..284568.3]
Group-1	PE 37:1:0	283.26	240604_eggPE_25-35_3.mzXML	35.0	306309.8	0.0	0.0	[0.0..0.0]	[0.9..0.9]	[0.968..0.968]	[296507.9..296507.9]	[0.924..0.924]	[1.0..1.0]	[0.968..0.968]	[296507.9..296507.9]	[0.924..0.924]	[1.0..1.0]	0.89867145	[266463.2..266463.2]
Group-1	PE 37:1:0	295.26	240604_eggPE_25-35_3.mzXML	25.0	29509.8	0.0	0.0	[9.0..9.0]	[1.0..1.0]	[0.934..0.934]	[27562.154..27562.154]	[0.096..0.096]	[0.0..0.0]	[0.934..0.934]	[27562.154..27562.154]	[0.096..0.096]	[0.0..0.0]	0.89867145	[24769.32..24769.32]
Group-1	PE 37:1:0	295.26	240604_eggPE_25-35_3.mzXML	30.0	31117.0	0.0	0.0	[9.0..9.0]	[0.1..1.0]	[0.886..0.899]	[27569.662..27974.184]	[0.08..0.081]	[0.0..0.0]	[0.886..0.886]	[27569.662..27569.662]	[0.08..0.08]	[0.0..0.0]	0.89867145	[24776.066..25139.6]
Group-1	PE 37:1:0	295.26	240604_eggPE_25-35_3.mzXML	35.0	26861.3	0.0	0.0	[9.0..9.0]	[0.1..0.1]	[0.914..0.914]	[24551.229..24551.229]	[0.076..0.076]	[0.0..0.0]	[0.914..0.914]	[24551.229..24551.229]	[0.076..0.076]	[0.0..0.0]	0.89867145	[22063.488..22063.488]
Group-1	PE 37:1:0	297.28	240604_eggPE_25-35_3.mzXML	25.0	10949.8	0.0	0.0	[0.0..0.0]	[0.0..1.0]	[0.984..0.994]	[10774.604..10884.102]	[0.049..0.05]	[0.0..0.0]	[0.984..0.984]	[10774.604..10774.604]	[0.048..0.048]	[0.0..0.0]	0.89867145	[9682.828..9781.231]
Group-1	PE 37:1:0	297.28	240604_eggPE_25-35_3.mzXML	30.0	13169.7	0.0	0.0	[0.0..0.0]	[0.0..1.0]	[0.954..0.961]	[12563.894..12656.082]	[0.05..0.05]	[0.0..0.0]	[0.954..0.954]	[12563.894..12563.894]	[0.05..0.05]	[0.0..0.0]	0.89867145	[11290.8125..11373.659]
Group-1	PE 37:1:0	297.28	240604_eggPE_25-35_3.mzXML	35.0	12533.2	0.0	0.0	[0.0..0.0]	[0.0..1.0]	[0.95..0.954]	[11906.54..11956.673]	[0.053..0.054]	[0.0..0.0]	[0.95..0.95]	[11906.54..11906.54]	[0.053..0.053]	[0.0..0.0]	0.89867145	[10700.068..10745.121]
Group-1	PE 37:1:0	309.28	240604_eggPE_25-35_3.mzXML	25.0	10625.5	0.0	0.0	[11.0..11.0]	[1.0..1.0]	[0.924..0.924]	[9817.962..9817.962]	[0.751..0.751]	[0.95..1.0]	[0.924..0.924]	[9817.962..9817.962]	[0.751..0.751]	[0.95..1.0]	0.89867145	[8823.122..8823.122]
Group-1	PE 37:1:0	309.28	240604_eggPE_25-35_3.mzXML	30.0	12232.0	0.0	0.0	[11.0..11.0]	[0.9..1.0]	[0.873..0.874]	[10678.536..10690.769]	[0.746..0.746]	[0.95..1.0]	[0.874..0.874]	[10690.769..10690.769]	[0.746..0.746]	[0.95..1.0]	0.89867145	[9596.495..9607.488]
Group-1	PE 37:1:0	309.28	240604_eggPE_25-35_3.mzXML	35.0	10549.6	0.0	0.0	[11.0..11.0]	[0.9..0.9]	[0.867..0.867]	[9146.503..9146.503]	[0.678..0.678]	[0.95..1.0]	[0.867..0.867]	[9146.503..9146.503]	[0.678..0.678]	[0.95..1.0]	0.89867145	[8219.701..8219.701]
Group-1	PE 38:1:0	281.25	240604_eggPE_25-35_3.mzXML	25.0	279683.2	0.0	0.0	[9.0..9.0]	[0.0..1.0]	[0.912..0.953]	[255071.06..266538.1]	[0.983..0.984]	[1.0..1.0]	[0.953..0.953]	[266538.1..266538.1]	[0.984..0.984]	[1.0..1.0]	0.8846578	[225650.61..235794.98]
Group-1	PE 38:1:0	281.25	240604_eggPE_25-35_3.mzXML	30.0	273374.4	0.0	0.0	[9.0..9.0]	[0.0..1.0]	[0.913..0.925]	[249590.83..252871.33]	[0.99..0.99]	[1.0..1.0]	[0.925..0.925]	[252871.33..252871.33]	[0.99..0.99]	[1.0..1.0]	0.8846578	[220802.47..223704.6]
Group-1	PE 38:1:0	281.25	240604_eggPE_25-35_3.mzXML	35.0	246364.7	0.0	0.0	[9.0..9.0]	[0.0..1.0]	[0.926..0.947]	[228133.72..233307.38]	[0.983..0.983]	[1.0..1.0]	[0.947..0.947]	[233307.38..233307.38]	[0.983..0.983]	[1.0..1.0]	0.8846578	[201820.27..206397.19]
Group-1	PE 38:1:0	283.26	240604_eggPE_25-35_3.mzXML	25.0	148833.9	0.0	0.0	[0.0..0.0]	[0.0..0.0]	[0.988..0.988]	[147047.89..147047.89]	[0.668..0.668]	[0.9..1.0]	[0.988..0.988]	[147047.89..147047.89]	[0.668..0.668]	[0.903..1.0]	0.8846578	[130087.07..130087.07]
Group-1	PE 38:1:0	283.26	240604_eggPE_25-35_3.mzXML	30.0	174171.1	0.0	0.0	[0.0..0.0]	[0.0..0.0]	[0.967..0.967]	[168423.45..168423.45]	[0.696..0.696]	[0.9..1.0]	[0.967..0.967]	[168423.45..168423.45]	[0.696..0.696]	[0.903..1.0]	0.8846578	[148997.11..148997.11]
Group-1	PE 38:1:0	283.26	240604_eggPE_25-35_3.mzXML	35.0	169164.6	0.0	0.0	[0.0..0.0]	[0.0..0.0]	[0.964..0.964]	[163074.67..163074.67]	[0.712..0.712]	[0.9..1.0]	[0.964..0.964]	[163074.67..163074.67]	[0.712..0.712]	[0.903..1.0]	0.8846578	[144265.28..144265.28]
Group-1	PE 38:1:0	309.28	240604_eggPE_25-35_3.mzXML	25.0	79209.8	0.0	0.0	[11.0..11.0]	[1.0..1.0]	[0.924..0.924]	[73189.85..73189.85]	[0.332..0.332]	[0.0..0.1]	[0.924..0.924]	[73189.85..73189.85]	[0.332..0.332]	[0.0..0.097]	0.8846578	[64747.973..64747.973]
Group-1	PE 38:1:0	309.28	240604_eggPE_25-35_3.mzXML	30.0	84167.6	0.0	0.0	[11.0..11.0]	[1.0..1.0]	[0.874..0.874]	[73562.484..73562.484]	[0.304..0.304]	[0.0..0.1]	[0.874..0.874]	[73562.484..73562.484]	[0.304..0.304]	[0.0..0.097]	0.8846578	[65077.625..65077.625]
Group-1	PE 38:1:0	309.28	240604_eggPE_25-35_3.mzXML	35.0	76262.6	0.0	0.0	[11.0..11.0]	[1.0..1.0]	[0.866..0.866]	[66043.414..66043.414]	[0.288..0.288]	[0.0..0.1]	[0.866..0.866]	[66043.414..66043.414]	[0.288..0.288]	[0.0..0.097]	0.8846578	[58425.82..58425.82]
Group-1	PE 38:1:0	311.29	240604_eggPE_25-35_3.mzXML	25.0	4431.7	0.0	0.0	[0.0..0.0]	[0.0..1.0]	[0.982..0.995]	[4351.93..4409.542]	[0.016..0.017]	[0.0..0.0]	[0.982..0.982]	[4351.9297..4351.9297]	[0.016..0.016]	[0.0..0.0]	0.8846578	[3849.9683..3900.9353]
Group-1	PE 38:1:0	311.29	240604_eggPE_25-35_3.mzXML	30.0	2684.0	0.0	0.0	[0.0..0.0]	[0.0..1.0]	[0.944..0.95]	[2533.696..2549.8]	[0.01..0.01]	[0.0..0.0]	[0.944..0.944]	[2533.696..2533.696]	[0.01..0.01]	[0.0..0.0]	0.8846578	[2241.454..2255.7004]
Group-1	PE 38:1:0	311.29	240604_eggPE_25-35_3.mzXML	35.0	4189.4	0.0	0.0	[0.0..0.0]	[0.0..1.0]	[0.939..0.94]	[3933.847..3938.036]	[0.017..0.017]	[0.0..0.0]	[0.939..0.939]	[3933.8464..3933.8464]	[0.017..0.017]	[0.0..0.0]	0.8846578	[3480.1082..3483.8142]
Group-1	PE 38:4:0	255.23	240604_eggPE_25-35_3.mzXML	25.0	50379.1	0.0	0.0	[0.0..0.0]	[0.0..0.0]	[1.0..1.0]	[50379.1..50379.1]	[0.312..0.322]	[0.05..0.46]	[1.0..1.0]	[50379.1..50379.1]	[0.326..0.419]	[0.05..0.46]	0.89064664	[44869.977..44869.977]
Group-1	PE 38:4:0	255.23	240604_eggPE_25-35_3.mzXML	30.0	87674.3	0.0	0.0	[0.0..0.0]	[0.0..0.0]	[1.0..1.0]	[87674.3..87674.3]	[0.446..0.484]	[0.05..0.46]	[1.0..1.0]	[87674.3..87674.3]	[0.454..0.533]	[0.05..0.46]	0.89064664	[78086.82..78086.82]
Group-1	PE 38:4:0	255.23	240604_eggPE_25-35_3.mzXML	35.0	65014.7	0.0	0.0	[0.0..0.0]	[0.0..0.0]	[1.0..1.0]	[65014.7..65014.7]	[0.414..0.477]	[0.05..0.46]	[1.0..1.0]	[65014.7..65014.7]	[0.419..0.502]	[0.05..0.46]	0.89064664	[57905.125..57905.125]
Group-1	PE 38:4:0	281.25	240604_eggPE_25-35_3.mzXML	25.0	15149.6	0.0	0.0	[9.0..9.0]	[0.0..0.0]	[0.912..0.912]	[13816.435..13816.435]	[0.24..0.259]	[0.0..0.01]	[0.912..0.912]	[13816.435..13816.435]	[0.24..0.262]	[0.0..0.008]	0.89064664	[12305.561..12305.561]
Group-1	PE 38:4:0	281.25	240604_eggPE_25-35_3.mzXML	30.0	17511.6	0.0	0.0	[9.0..9.0]	[0.0..0.0]	[0.913..0.913]	[15988.09..15988.09]	[0.25..0.302]	[0.0..0.01]	[0.913..0.913]	[15988.09..15988.09]	[0.25..0.303]	[0.0..0.008]	0.89064664	[14239.739..14239.739]
Group-1	PE 38:4:0	281.25	240604_eggPE_25-35_3.mzXML	35.0	5863.5	0.0	0.0	[9.0..9.0]	[0.0..0.0]	[0.947..0.947]	[5552.735..5552.735]	[0.109..0.156]	[0.0..0.01]	[0.947..0.947]	[5552.735..5552.735]	[0.109..0.157]	[0.0..0.008]	0.89064664	[4945.5244..4945.5244]
Group-1	PE 38:4:0	283.26	240604_eggPE_25-35_3.mzXML	25.0	2756605.8	0.0	0.0	[0.0..0.0]	[0.0..0.0]	[0.988..0.988]	[2723526.5..2723526.5]	[0.217..0.217]	[0.0..0.0]	[0.988..0.988]	[2723526.5..2723526.5]	[0.217..0.217]	[0.0..0.0]	0.89064664	[2425699.8..2425699.8]
Group-1	PE 38:4:0	283.26	240604_eggPE_25-35_3.mzXML	30.0	3243466.0	0.0	0.0	[0.0..0.0]	[0.0..0.0]	[0.967..0.967]	[3136431.8..3136431.8]	[0.251..0.251]	[0.0..0.0]	[0.967..0.967]	[3136431.8..3136431.8]	[0.251..0.251]	[0.0..0.0]	0.89064664	[2793452.2..2793452.2]
Group-1	PE 38:4:0	283.26	240604_eggPE_25-35_3.mzXML	35.0	2874008.5	0.0	0.0	[0.0..0.0]	[0.0..0.0]	[0.964..0.964]	[2770544.2..2770544.2]	[0.278..0.278]	[0.0..0.0]	[0.964..0.964]	[2770544.2..2770544.2]	[0.278..0.278]	[0.0..0.0]	0.89064664	[2467575.8..2467575.8]
Group-1	PE 38:4:0	303.23	240604_eggPE_25-35_3.mzXML	25.0	7240431.0	528610.4	0.073008135	[5.0..5.0]	[1.0..1.0]	[1.357..1.357]	[9825265.0..9825265.0]	[0.783..0.783]	[1.0..1.0]	[1.357..1.357]	[9825265.0..9825265.0]	[0.783..0.783]	[1.0..1.0]	0.89064664	[8750839.0..8750839.0]
Group-1	PE 38:4:0	303.23	240604_eggPE_25-35_3.mzXML	30.0	4737132.5	527162.6	0.111283064	[5.0..5.0]	[1.0..1.0]	[1.973..1.973]	[9346363.0..9346363.0]	[0.749..0.749]	[1.0..1.0]	[1.973..1.973]	[9346363.0..9346363.0]	[0.749..0.749]	[1.0..1.0]	0.89064664	[8324306.0..8324306.0]
Group-1	PE 38:4:0	303.23	240604_eggPE_25-35_3.mzXML	35.0	2221255.0	317677.3	0.14301704	[5.0..5.0]	[1.0..1.0]	[3.232..3.232]	[7179096.5..7179096.5]	[0.722..0.722]	[1.0..1.0]	[3.232..3.232]	[7179096.5..7179096.5]	[0.722..0.722]	[1.0..1.0]	0.89064664	[6394038.0..6394038.0]
Group-1	PE 38:4:0	305.25	240604_eggPE_25-35_3.mzXML	25.0	39861.4	0.0	0.0	[5.0..11.0]	[1.0..1.0]	[0.991..1.098]	[39502.645..43767.816]	[0.741..0.76]	[0.99..1.0]	[0.978..1.098]	[38984.445..43767.816]	[0.738..0.76]	[0.992..1.0]	0.89064664	[35182.9..38981.66]
Group-1	PE 38:4:0	305.25	240604_eggPE_25-35_3.mzXML	30.0	35851.7	0.0	0.0	[5.0..11.0]	[1.0..1.0]	[1.033..1.337]	[37034.805..47933.723]	[0.698..0.75]	[0.99..1.0]	[1.026..1.337]	[36783.844..47933.723]	[0.697..0.75]	[0.992..1.0]	0.89064664	[32984.926..42692.008]
Group-1	PE 38:4:0	305.25	240604_eggPE_25-35_3.mzXML	35.0	25427.1	0.0	0.0	[5.0..11.0]	[1.0..1.0]	[1.181..1.783]	[30029.404..45336.52]	[0.844..0.891]	[0.99..1.0]	[1.177..1.783]	[29927.697..45336.52]	[0.843..0.891]	[0.992..1.0]	0.89064664	[26745.588..40378.816]
Group-1	PE 38:4:0	331.26	240604_eggPE_25-35_3.mzXML	25.0	99855.1	0.0	0.0	[7.0..10.0]	[1.0..1.0]	[1.06..1.113]	[105846.4..111138.734]	[0.678..0.688]	[0.54..0.95]	[0.699..1.043]	[69798.72..104148.87]	[0.581..0.674]	[0.54..0.95]	0.89064664	[94271.74..98985.336]
Group-1	PE 38:4:0	331.26	240604_eggPE_25-35_3.mzXML	30.0	76800.8	0.0	0.0	[7.0..10.0]	[1.0..1.0]	[1.219..1.419]	[93620.17..108980.336]	[0.516..0.554]	[0.54..0.95]	[1.0..1.371]	[76800.8..105293.9]	[0.467..0.546]	[0.54..0.95]	0.89064664	[83382.49..97062.97]
Group-1	PE 38:4:0	331.26	240604_eggPE_25-35_3.mzXML	35.0	44264.3	0.0	0.0	[7.0..10.0]	[1.0..1.0]	[1.613..2.077]	[71398.32..91936.945]	[0.523..0.586]	[0.54..0.95]	[1.457..2.039]	[64493.086..90254.914]	[0.498..0.581]	[0.54..0.95]	0.89064664	[63590.676..81883.336]
Group-1	PE 38:5:0	255.23	240604_eggPE_25-35_3.mzXML	25.0	510693.8	0.0	0.0	[0.0..0.0]	[0.0..0.0]	[1.0..1.0]	[510693.8..510693.8]	[0.262..0.262]	[0.0..0.06]	[1.0..1.0]	[510693.8..510693.8]	[0.262..0.262]	[0.0..0.065]	0.8926658	[455878.9..455878.9]
Group-1	PE 38:5:0	255.23	240604_eggPE_25-35_3.mzXML	30.0	625034.8	0.0	0.0	[0.0..0.0]	[0.0..0.0]	[1.0..1.0]	[625034.8..625034.8]	[0.304..0.304]	[0.0..0.06]	[1.0..1.0]	[625034.8..625034.8]	[0.304..0.304]	[0.0..0.065]	0.8926658	[557947.2..557947.2]
Group-1	PE 38:5:0	255.23	240604_eggPE_25-35_3.mzXML	35.0	585492.0	0.0	0.0	[0.0..0.0]	[0.0..0.0]	[1.0..1.0]	[585491.94..585491.94]	[0.328..0.328]	[0.0..0.06]	[1.0..1.0]	[585492.0..585492.0]	[0.328..0.328]	[0.0..0.065]	0.8926658	[522648.7..522648.7]
Group-1	PE 38:5:0	281.25	240604_eggPE_25-35_3.mzXML	25.0	150153.5	0.0	0.0	[9.0..9.0]	[0.0..0.0]	[0.912..0.912]	[136939.98..136939.98]	[0.216..0.218]	[0.0..0.0]	[0.912..0.912]	[136939.98..136939.98]	[0.216..0.218]	[0.0..0.0]	0.8926658	[122241.64..122241.64]
Group-1	PE 38:5:0	281.25	240604_eggPE_25-35_3.mzXML	30.0	188190.0	0.0	0.0	[9.0..9.0]	[0.0..0.0]	[0.913..0.913]	[171817.47..171817.47]	[0.258..0.264]	[0.0..0.0]	[0.913..0.913]	[171817.47..171817.47]	[0.258..0.264]	[0.0..0.0]	0.8926658	[153375.58..153375.58]
Group-1	PE 38:5:0	281.25	240604_eggPE_25-35_3.mzXML	35.0	168624.8	0.0	0.0	[9.0..9.0]	[0.0..0.0]	[0.947..0.947]	[159687.69..159687.69]	[0.285..0.294]	[0.0..0.0]	[0.947..0.947]	[159687.69..159687.69]	[0.285..0.294]	[0.0..0.0]	0.8926658	[142547.73..142547.73]
Group-1	PE 38:5:0	303.23	240604_eggPE_25-35_3.mzXML	25.0	367173.4	23925.1	0.06516022	[5.3..5.4]	[1.0..1.0]	[1.335..1.357]	[490176.5..498254.3]	[0.782..0.784]	[1.0..1.0]	[1.335..1.357]	[490176.5..498254.3]	[0.782..0.784]	[1.0..1.0]	0.8926658	[437563.8..444774.6]
Group-1	PE 38:5:0	303.23	240604_eggPE_25-35_3.mzXML	30.0	250964.8	25154.3	0.100230396	[5.2..5.3]	[1.0..1.0]	[1.913..1.973]	[480095.66..495153.56]	[0.736..0.742]	[1.0..1.0]	[1.913..1.973]	[480095.66..495153.56]	[0.736..0.742]	[1.0..1.0]	0.8926658	[428564.97..442006.62]
Group-1	PE 38:5:0	303.23	240604_eggPE_25-35_3.mzXML	35.0	124235.7	19996.7	0.16095775	[5.0..5.0]	[1.0..1.0]	[3.092..3.232]	[384136.78..401529.8]	[0.706..0.715]	[1.0..1.0]	[3.092..3.232]	[384136.78..401529.8]	[0.706..0.715]	[1.0..1.0]	0.8926658	[342905.78..358431.9]
Group-1	PE 38:5:0	329.25	240604_eggPE_25-35_3.mzXML	25.0	806044.1	202846.6	0.25165695	[4.0..4.0]	[1.0..1.0]	[1.787..1.787]	[1440400.8..1440400.8]	[0.738..0.738]	[0.94..1.0]	[1.787..1.787]	[1440400.8..1440400.8]	[0.738..0.738]	[0.935..1.0]	0.8926658	[1285796.5..1285796.5]
Group-1	PE 38:5:0	329.25	240604_eggPE_25-35_3.mzXML	30.0	434081.8	164414.0	0.3787627	[4.0..4.0]	[1.0..1.0]	[3.303..3.303]	[1433772.2..1433772.2]	[0.696..0.696]	[0.94..1.0]	[3.303..3.303]	[1433772.2..1433772.2]	[0.696..0.696]	[0.935..1.0]	0.8926658	[1279879.5..1279879.5]
Group-1	PE 38:5:0	329.25	240604_eggPE_25-35_3.mzXML	35.0	166015.4	81522.6	0.49105445	[4.0..4.0]	[1.0..1.0]	[7.227..7.227]	[1199793.4..1199793.4]	[0.672..0.672]	[0.94..1.0]	[7.227..7.227]	[1199793.4..1199793.4]	[0.672..0.672]	[0.935..1.0]	0.8926658	[1071014.5..1071014.5]
Group-1	PE 38:6:0	255.23	240604_eggPE_25-35_3.mzXML	25.0	617975.8	0.0	0.0	[0.0..0.0]	[0.0..0.0]	[1.0..1.0]	[617975.8..617975.8]	[0.431..0.431]	[0.33..0.61]	[1.0..1.0]	[617975.8..617975.8]	[0.431..0.431]	[0.335..0.614]	0.8946849	[552893.6..552893.6]
Group-1	PE 38:6:0	255.23	240604_eggPE_25-35_3.mzXML	30.0	693785.7	0.0	0.0	[0.0..0.0]	[0.0..0.0]	[1.0..1.0]	[693785.7..693785.7]	[0.469..0.469]	[0.33..0.61]	[1.0..1.0]	[693785.7..693785.7]	[0.469..0.469]	[0.335..0.614]	0.8946849	[620719.56..620719.56]
Group-1	PE 38:6:0	255.23	240604_eggPE_25-35_3.mzXML	35.0	650820.4	0.0	0.0	[0.0..0.0]	[0.0..0.0]	[1.0..1.0]	[650820.4..650820.4]	[0.545..0.545]	[0.33..0.61]	[1.0..1.0]	[650820.4..650820.4]	[0.545..0.545]	[0.335..0.614]	0.8946849	[582279.2..582279.2]
Group-1	PE 38:6:0	279.23	240604_eggPE_25-35_3.mzXML	25.0	10398.8	0.0	0.0	[9.0..9.0]	[0.0..0.0]	[0.922..0.922]	[9587.693..9587.693]	[0.264..0.289]	[0.0..0.76]	[0.922..0.922]	[9587.693..9587.693]	[0.264..0.357]	[0.0..0.755]	0.8946849	[8577.965..8577.965]
Group-1	PE 38:6:0	279.23	240604_eggPE_25-35_3.mzXML	30.0	10459.9	0.0	0.0	[9.0..9.0]	[0.0..0.0]	[0.965..0.965]	[10093.804..10093.804]	[0.303..0.36]	[0.0..0.76]	[0.965..0.965]	[10093.804..10093.804]	[0.303..0.398]	[0.0..0.755]	0.8946849	[9030.774..9030.774]
Group-1	PE 38:6:0	279.23	240604_eggPE_25-35_3.mzXML	35.0	15522.5	0.0	0.0	[9.0..9.0]	[0.0..0.0]	[1.069..1.069]	[16593.553..16593.553]	[0.504..0.601]	[0.0..0.76]	[1.069..1.069]	[16593.553..16593.553]	[0.504..0.621]	[0.0..0.755]	0.8946849	[14846.001..14846.001]
Group-1	PE 38:6:0	303.23	240604_eggPE_25-35_3.mzXML	25.0	19737.2	0.0	0.0	[5.0..8.0]	[1.0..1.0]	[1.198..1.357]	[23645.164..26783.379]	[0.711..0.736]	[0.24..1.0]	[0.874..1.357]	[17250.312..26783.379]	[0.643..0.736]	[0.245..1.0]	0.8946849	[21154.97..23962.686]
Group-1	PE 38:6:0	303.23	240604_eggPE_25-35_3.mzXML	30.0	11776.8	0.0	0.0	[5.0..8.0]	[1.0..1.0]	[1.521..1.973]	[17912.514..23235.627]	[0.64..0.697]	[0.24..1.0]	[1.297..1.973]	[15274.51..23235.627]	[0.602..0.697]	[0.245..1.0]	0.8946849	[16026.056..20788.564]
Group-1	PE 38:6:0	303.23	240604_eggPE_25-35_3.mzXML	35.0	5046.0	0.0	0.0	[5.0..8.0]	[1.0..1.0]	[2.183..3.232]	[11015.418..16308.673]	[0.399..0.496]	[0.24..1.0]	[2.004..3.232]	[10112.184..16308.673]	[0.379..0.496]	[0.245..1.0]	0.8946849	[9855.329..14591.123]
Group-1	PE 38:6:0	327.23	240604_eggPE_25-35_3.mzXML	25.0	308874.4	163041.2	0.527856	[4.0..4.0]	[1.0..1.0]	[2.638..2.638]	[814810.7..814810.7]	[0.569..0.569]	[0.39..0.67]	[2.638..2.638]	[814810.7..814810.7]	[0.569..0.569]	[0.386..0.665]	0.8946849	[728998.9..728998.9]
Group-1	PE 38:6:0	327.23	240604_eggPE_25-35_3.mzXML	30.0	124266.6	94115.4	0.7573668	[4.0..4.0]	[1.0..1.0]	[6.322..6.322]	[785613.44..785613.44]	[0.531..0.531]	[0.39..0.67]	[6.322..6.322]	[785613.44..785613.44]	[0.531..0.531]	[0.386..0.665]	0.8946849	[702876.5..702876.5]
Group-1	PE 38:6:0	327.23	240604_eggPE_25-35_3.mzXML	35.0	29016.7	40594.5	1.3990047	[4.0..4.0]	[1.0..1.0]	[18.697..18.697]	[542525.25..542525.25]	[0.455..0.455]	[0.39..0.67]	[18.697..18.697]	[542525.25..542525.25]	[0.455..0.455]	[0.386..0.665]	0.8946849	[485389.16..485389.16]
Group-1	PE 40:4:0	255.23	240604_eggPE_25-35_3.mzXML	25.0	152095.1	0.0	0.0	[0.0..0.0]	[0.0..0.0]	[1.0..1.0]	[152095.1..152095.1]	[0.971..0.971]	[1.0..1.0]	[1.0..1.0]	[152095.1..152095.1]	[0.971..0.971]	[1.0..1.0]	0.86361414	[131351.47..131351.47]
Group-1	PE 40:4:0	255.23	240604_eggPE_25-35_3.mzXML	30.0	171287.1	0.0	0.0	[0.0..0.0]	[0.0..0.0]	[1.0..1.0]	[171287.1..171287.1]	[0.975..0.975]	[1.0..1.0]	[1.0..1.0]	[171287.1..171287.1]	[0.975..0.975]	[1.0..1.0]	0.86361414	[147925.95..147925.95]
Group-1	PE 40:4:0	255.23	240604_eggPE_25-35_3.mzXML	35.0	166454.2	0.0	0.0	[0.0..0.0]	[0.0..0.0]	[1.0..1.0]	[166454.2..166454.2]	[0.963..0.963]	[1.0..1.0]	[1.0..1.0]	[166454.2..166454.2]	[0.963..0.963]	[1.0..1.0]	0.86361414	[143752.2..143752.2]
Group-1	PE 40:4:0	283.26	240604_eggPE_25-35_3.mzXML	25.0	154272.1	0.0	0.0	[0.0..0.0]	[0.0..0.0]	[0.988..0.988]	[152420.83..152420.83]	[0.442..0.447]	[0.36..0.64]	[0.988..0.988]	[152420.83..152420.83]	[0.535..0.545]	[0.361..0.637]	0.86361414	[131632.78..131632.78]
Group-1	PE 40:4:0	283.26	240604_eggPE_25-35_3.mzXML	30.0	187209.9	0.0	0.0	[0.0..0.0]	[0.0..0.0]	[0.967..0.967]	[181031.98..181031.98]	[0.491..0.506]	[0.36..0.64]	[0.967..0.967]	[181031.98..181031.98]	[0.537..0.554]	[0.361..0.637]	0.86361414	[156341.78..156341.78]
Group-1	PE 40:4:0	283.26	240604_eggPE_25-35_3.mzXML	35.0	211237.4	0.0	0.0	[0.0..0.0]	[0.0..0.0]	[0.964..0.964]	[203632.86..203632.86]	[0.53..0.554]	[0.36..0.64]	[0.964..0.964]	[203632.86..203632.86]	[0.554..0.578]	[0.361..0.637]	0.86361414	[175860.22..175860.22]
Group-1	PE 40:4:0	303.23	240604_eggPE_25-35_3.mzXML	25.0	16922.9	0.0	0.0	[5.0..8.0]	[0.0..1.0]	[1.139..1.357]	[19275.184..22964.377]	[1.0..1.0]	[1.0..1.0]	[1.198..1.357]	[20273.635..22964.375]	[1.0..1.0]	[1.0..1.0]	0.86361414	[16646.322..19832.36]
Group-1	PE 40:4:0	303.23	240604_eggPE_25-35_3.mzXML	30.0	12133.5	0.0	0.0	[5.0..8.0]	[0.0..1.0]	[1.471..1.973]	[17848.379..23939.396]	[1.0..1.0]	[1.0..1.0]	[1.521..1.973]	[18455.055..23939.396]	[1.0..1.0]	[1.0..1.0]	0.86361414	[15414.111..20674.4]
Group-1	PE 40:4:0	303.23	240604_eggPE_25-35_3.mzXML	35.0	4666.1	0.0	0.0	[5.0..8.0]	[0.0..1.0]	[2.14..3.232]	[9985.455..15080.836]	[0.727..0.801]	[1.0..1.0]	[2.183..3.232]	[10186.097..15080.836]	[0.731..0.801]	[1.0..1.0]	0.86361414	[8623.58..13024.023]
Group-1	PE 40:4:0	311.29	240604_eggPE_25-35_3.mzXML	25.0	0.0	0.0	0.0	[0.0..0.0]	[0.0..1.0]	[0.982..0.995]	[0.0..0.0]	[0.0..0.0]	[0.0..0.0]	[0.982..0.982]	[0.0..0.0]	[0.0..0.0]	[0.0..0.0]	0.86361414	[0.0..0.0]
Group-1	PE 40:4:0	311.29	240604_eggPE_25-35_3.mzXML	30.0	0.0	0.0	0.0	[0.0..0.0]	[0.0..1.0]	[0.944..0.95]	[0.0..0.0]	[0.0..0.0]	[0.0..0.0]	[0.944..0.944]	[0.0..0.0]	[0.0..0.0]	[0.0..0.0]	0.86361414	[0.0..0.0]
Group-1	PE 40:4:0	311.29	240604_eggPE_25-35_3.mzXML	35.0	3992.2	0.0	0.0	[0.0..0.0]	[0.0..1.0]	[0.939..0.94]	[3748.676..3752.668]	[0.199..0.273]	[0.0..0.0]	[0.939..0.939]	[3748.6758..3748.6758]	[0.199..0.269]	[0.0..0.0]	0.86361414	[3237.4094..3240.857]
Group-1	PE 40:4:0	331.26	240604_eggPE_25-35_3.mzXML	25.0	172841.5	3366.7	0.019478539	[7.8..8.2]	[1.0..1.0]	[1.092..1.113]	[188742.92..192372.6]	[0.553..0.558]	[0.36..0.64]	[0.735..0.765]	[127038.51..132223.75]	[0.455..0.465]	[0.363..0.639]	0.86361414	[163001.05..166135.69]
Group-1	PE 40:4:0	331.26	240604_eggPE_25-35_3.mzXML	30.0	132138.8	4914.1	0.03718893	[7.0..7.3]	[1.0..1.0]	[1.339..1.419]	[176933.84..187504.95]	[0.494..0.509]	[0.36..0.64]	[1.105..1.183]	[146013.38..156320.19]	[0.446..0.463]	[0.363..0.639]	0.86361414	[152802.58..161931.94]
Group-1	PE 40:4:0	331.26	240604_eggPE_25-35_3.mzXML	35.0	86801.4	3921.2	0.045174386	[7.2..7.6]	[1.0..1.0]	[1.891..2.077]	[164141.45..180286.5]	[0.446..0.47]	[0.36..0.64]	[1.713..1.887]	[148690.8..163794.23]	[0.422..0.446]	[0.363..0.639]	0.86361414	[141754.88..155697.97]
Group-1	PE 40:4:0	359.3	240604_eggPE_25-35_3.mzXML	25.0	4701.0	0.0	0.0	[9.0..9.0]	[1.0..1.0]	[0.967..0.967]	[4545.867..4545.867]	[0.029..0.029]	[0.0..0.0]	[0.967..0.967]	[4545.867..4545.867]	[0.029..0.029]	[0.0..0.0]	0.86361414	[3925.875..3925.875]
Group-1	PE 40:4:0	359.3	240604_eggPE_25-35_3.mzXML	30.0	3989.9	0.0	0.0	[9.0..9.0]	[1.0..1.0]	[1.104..1.104]	[4404.85..4404.85]	[0.025..0.025]	[0.0..0.0]	[1.104..1.104]	[4404.8496..4404.8496]	[0.025..0.025]	[0.0..0.0]	0.86361414	[3804.09..3804.09]
Group-1	PE 40:4:0	359.3	240604_eggPE_25-35_3.mzXML	35.0	4305.0	0.0	0.0	[9.0..9.0]	[1.0..1.0]	[1.472..1.472]	[6336.96..6336.96]	[0.037..0.037]	[0.0..0.0]	[1.472..1.472]	[6336.96..6336.96]	[0.037..0.037]	[0.0..0.0]	0.86361414	[5472.6885..5472.6885]
Group-1	PE 40:5:0	281.25	240604_eggPE_25-35_3.mzXML	25.0	34803.3	0.0	0.0	[9.0..9.0]	[0.0..0.9]	[0.912..0.949]	[31740.61..33028.332]	[0.819..0.845]	[1.0..1.0]	[0.949..0.949]	[33028.332..33028.332]	[0.827..0.833]	[1.0..1.0]	0.8654934	[27471.29..28585.805]
Group-1	PE 40:5:0	281.25	240604_eggPE_25-35_3.mzXML	30.0	36738.7	0.0	0.0	[9.0..9.0]	[0.0..0.9]	[0.913..0.923]	[33542.434..33909.82]	[0.803..0.837]	[1.0..1.0]	[0.923..0.923]	[33909.82..33909.82]	[0.809..0.829]	[1.0..1.0]	0.8654934	[29030.754..29348.725]
Group-1	PE 40:5:0	281.25	240604_eggPE_25-35_3.mzXML	35.0	36291.4	0.0	0.0	[9.0..9.0]	[0.0..0.0]	[0.947..0.947]	[34367.957..34367.957]	[0.77..0.812]	[1.0..1.0]	[0.947..0.947]	[34367.957..34367.957]	[0.774..0.812]	[1.0..1.0]	0.8654934	[29745.24..29745.24]
Group-1	PE 40:5:0	283.26	240604_eggPE_25-35_3.mzXML	25.0	368318.2	0.0	0.0	[0.0..0.0]	[0.0..1.0]	[0.988..0.995]	[363898.38..366476.6]	[0.288..0.308]	[0.0..0.2]	[0.988..0.989]	[363898.38..364266.7]	[0.287..0.342]	[0.0..0.199]	0.8654934	[314951.62..317183.1]
Group-1	PE 40:5:0	283.26	240604_eggPE_25-35_3.mzXML	30.0	442674.7	0.0	0.0	[0.0..0.0]	[0.0..1.0]	[0.967..0.973]	[428066.44..430722.47]	[0.307..0.331]	[0.0..0.2]	[0.967..0.968]	[428066.44..428509.1]	[0.306..0.338]	[0.0..0.199]	0.8654934	[370488.7..372787.47]
Group-1	PE 40:5:0	283.26	240604_eggPE_25-35_3.mzXML	35.0	463210.7	0.0	0.0	[0.0..0.0]	[0.0..0.9]	[0.964..0.968]	[446535.1..448387.94]	[0.345..0.381]	[0.0..0.2]	[0.964..0.965]	[446535.1..446998.3]	[0.344..0.368]	[0.0..0.199]	0.8654934	[386473.2..388076.8]
Group-1	PE 40:5:0	303.23	240604_eggPE_25-35_3.mzXML	25.0	17015.7	0.0	0.0	[5.0..8.0]	[0.0..0.0]	[1.139..1.242]	[19380.883..21133.498]	[0.803..0.816]	[0.96..1.0]	[1.137..1.357]	[19346.85..23090.305]	[0.802..0.829]	[0.957..1.0]	0.8654934	[16774.025..18290.904]
Group-1	PE 40:5:0	303.23	240604_eggPE_25-35_3.mzXML	30.0	12059.7	0.0	0.0	[5.0..8.0]	[0.0..0.0]	[1.471..1.831]	[17739.818..22081.31]	[0.684..0.73]	[0.96..1.0]	[1.48..1.973]	[17848.357..23793.79]	[0.686..0.744]	[0.957..1.0]	0.8654934	[15353.695..19111.229]
Group-1	PE 40:5:0	303.23	240604_eggPE_25-35_3.mzXML	35.0	8028.7	0.0	0.0	[5.0..8.0]	[0.0..0.0]	[2.14..3.03]	[17181.42..24326.96]	[0.722..0.786]	[0.96..1.0]	[2.15..3.232]	[17261.707..25948.76]	[0.722..0.796]	[0.957..1.0]	0.8654934	[14870.405..21054.824]
Group-1	PE 40:5:0	309.28	240604_eggPE_25-35_3.mzXML	25.0	5155.8	0.0	0.0	[11.0..11.0]	[1.0..1.0]	[0.924..0.924]	[4763.959..4763.959]	[0.184..0.197]	[0.0..0.04]	[0.924..0.924]	[4763.959..4763.959]	[0.171..0.198]	[0.0..0.043]	0.8654934	[4123.1753..4123.1753]
Group-1	PE 40:5:0	309.28	240604_eggPE_25-35_3.mzXML	30.0	9365.0	0.0	0.0	[11.0..11.0]	[1.0..1.0]	[0.874..0.874]	[8185.011..8185.011]	[0.27..0.316]	[0.0..0.04]	[0.874..0.874]	[8185.0103..8185.0103]	[0.256..0.314]	[0.0..0.043]	0.8654934	[7084.0723..7084.0723]
Group-1	PE 40:5:0	309.28	240604_eggPE_25-35_3.mzXML	35.0	7656.6	0.0	0.0	[11.0..11.0]	[1.0..1.0]	[0.866..0.866]	[6630.616..6630.616]	[0.214..0.278]	[0.0..0.04]	[0.866..0.866]	[6630.6157..6630.6157]	[0.204..0.278]	[0.0..0.043]	0.8654934	[5738.754..5738.754]
Group-1	PE 40:5:0	329.25	240604_eggPE_25-35_3.mzXML	25.0	507586.1	121334.0	0.23904122	[4.0..4.0]	[0.0..1.0]	[1.613..1.787]	[818736.4..907056.3]	[0.692..0.712]	[0.8..1.0]	[1.382..1.787]	[701483.94..907056.3]	[0.658..0.713]	[0.801..1.0]	0.8654934	[708611.0..785051.3]
Group-1	PE 40:5:0	329.25	240604_eggPE_25-35_3.mzXML	30.0	294067.0	100301.6	0.34108418	[4.0..4.2]	[0.0..1.0]	[2.944..3.303]	[865733.25..971303.3]	[0.669..0.693]	[0.8..1.0]	[2.847..3.303]	[837208.7..971303.3]	[0.662..0.694]	[0.801..1.0]	0.8654934	[749286.44..840656.56]
Group-1	PE 40:5:0	329.25	240604_eggPE_25-35_3.mzXML	35.0	117698.6	53689.2	0.45615834	[4.0..4.1]	[0.1..1.0]	[6.172..7.227]	[726435.75..850607.8]	[0.619..0.655]	[0.8..1.0]	[6.517..7.227]	[767041.8..850607.8]	[0.632..0.656]	[0.801..1.0]	0.8654934	[628725.4..736195.5]
Group-1	PE 40:5:0	331.26	240604_eggPE_25-35_3.mzXML	25.0	6545.6	0.0	0.0	[7.0..10.0]	[0.1..1.0]	[0.891..1.113]	[5832.13..7285.253]	[0.155..0.181]	[0.0..0.0]	[1.008..1.055]	[6597.965..6905.608]	[0.167..0.173]	[0.0..0.0]	0.8654934	[5047.67..6305.339]
Group-1	PE 40:5:0	331.26	240604_eggPE_25-35_3.mzXML	30.0	5857.8	0.0	0.0	[7.0..10.0]	[0.1..1.0]	[1.118..1.419]	[6549.021..8312.218]	[0.163..0.197]	[0.0..0.0]	[1.19..1.371]	[6970.782..8031.044]	[0.171..0.191]	[0.0..0.0]	0.8654934	[5668.1343..7194.17]
Group-1	PE 40:5:0	331.26	240604_eggPE_25-35_3.mzXML	35.0	4932.1	0.0	0.0	[7.0..10.0]	[1.0..1.0]	[1.613..2.077]	[7955.478..10243.972]	[0.188..0.23]	[0.0..0.0]	[1.61..2.04]	[7940.681..10061.484]	[0.188..0.226]	[0.0..0.0]	0.8654934	[6885.4136..8866.09]
Group-1	PE 40:6:0	281.25	240604_eggPE_25-35_3.mzXML	25.0	59823.1	0.0	0.0	[9.0..9.0]	[0.0..0.0]	[0.912..0.912]	[54558.668..54558.668]	[0.501..0.563]	[0.5..1.0]	[0.912..0.912]	[54558.668..54558.668]	[0.569..0.608]	[0.502..1.0]	0.86739105	[47323.703..47323.703]
Group-1	PE 40:6:0	281.25	240604_eggPE_25-35_3.mzXML	30.0	74291.4	0.0	0.0	[9.0..9.0]	[0.0..0.0]	[0.913..0.913]	[67828.05..67828.05]	[0.511..0.622]	[0.5..1.0]	[0.913..0.913]	[67828.05..67828.05]	[0.566..0.624]	[0.502..1.0]	0.86739105	[58833.44..58833.44]
Group-1	PE 40:6:0	281.25	240604_eggPE_25-35_3.mzXML	35.0	74078.4	0.0	0.0	[9.0..9.0]	[0.0..0.0]	[0.947..0.947]	[70152.24..70152.24]	[0.63..0.765]	[0.5..1.0]	[0.947..0.947]	[70152.24..70152.24]	[0.661..0.766]	[0.502..1.0]	0.86739105	[60849.43..60849.43]
Group-1	PE 40:6:0	283.26	240604_eggPE_25-35_3.mzXML	25.0	561426.4	0.0	0.0	[0.0..0.0]	[0.0..0.0]	[0.988..0.988]	[554689.25..554689.25]	[0.546..0.546]	[0.61..0.76]	[0.988..0.988]	[554689.25..554689.25]	[0.546..0.546]	[0.61..0.763]	0.86739105	[481132.5..481132.5]
Group-1	PE 40:6:0	283.26	240604_eggPE_25-35_3.mzXML	30.0	636279.1	0.0	0.0	[0.0..0.0]	[0.0..0.0]	[0.967..0.967]	[615281.94..615281.94]	[0.592..0.592]	[0.61..0.76]	[0.967..0.967]	[615281.94..615281.94]	[0.592..0.592]	[0.61..0.763]	0.86739105	[533690.0..533690.0]
Group-1	PE 40:6:0	283.26	240604_eggPE_25-35_3.mzXML	35.0	590137.3	0.0	0.0	[0.0..0.0]	[0.0..0.0]	[0.964..0.964]	[568892.4..568892.4]	[0.604..0.604]	[0.61..0.76]	[0.964..0.964]	[568892.4..568892.4]	[0.604..0.604]	[0.61..0.763]	0.86739105	[493452.12..493452.12]
Group-1	PE 40:6:0	303.23	240604_eggPE_25-35_3.mzXML	25.0	16664.9	0.0	0.0	[5.0..8.0]	[0.0..0.0]	[1.139..1.242]	[18981.322..20697.807]	[0.801..0.814]	[1.0..1.0]	[1.198..1.357]	[19964.55..22614.27]	[0.809..0.827]	[1.0..1.0]	0.86739105	[16464.229..17953.092]
Group-1	PE 40:6:0	303.23	240604_eggPE_25-35_3.mzXML	30.0	12513.7	0.0	0.0	[5.0..8.0]	[1.0..1.0]	[1.521..1.973]	[19033.338..24689.531]	[1.0..1.0]	[1.0..1.0]	[1.521..1.973]	[19033.338..24689.531]	[1.0..1.0]	[1.0..1.0]	0.86739105	[16509.348..21415.479]
Group-1	PE 40:6:0	303.23	240604_eggPE_25-35_3.mzXML	35.0	6416.4	0.0	0.0	[5.0..8.0]	[0.0..1.0]	[2.14..3.232]	[13731.097..20737.805]	[0.738..0.806]	[1.0..1.0]	[2.183..3.232]	[14007.002..20737.805]	[0.742..0.81]	[1.0..1.0]	0.86739105	[11910.23..17987.787]
Group-1	PE 40:6:0	307.26	240604_eggPE_25-35_3.mzXML	25.0	5183.3	0.0	0.0	[11.0..11.0]	[1.0..1.0]	[0.912..0.912]	[4727.17..4727.17]	[0.186..0.199]	[0.0..0.0]	[0.912..0.912]	[4727.1694..4727.1694]	[0.173..0.191]	[0.0..0.0]	0.86739105	[4100.304..4100.304]
Group-1	PE 40:6:0	307.26	240604_eggPE_25-35_3.mzXML	30.0	0.0	0.0	0.0	[11.0..11.0]	[0.0..0.0]	[0.884..0.884]	[0.0..0.0]	[0.0..0.0]	[0.0..0.0]	[0.884..0.884]	[0.0..0.0]	[0.0..0.0]	[0.0..0.0]	0.86739105	[0.0..0.0]
Group-1	PE 40:6:0	307.26	240604_eggPE_25-35_3.mzXML	35.0	5255.2	0.0	0.0	[11.0..11.0]	[0.0..1.0]	[0.927..0.949]	[4871.571..4987.185]	[0.194..0.262]	[0.0..0.0]	[0.927..0.927]	[4871.5703..4871.5703]	[0.19..0.258]	[0.0..0.0]	0.86739105	[4225.5566..4325.8394]
Group-1	PE 40:6:0	327.23	240604_eggPE_25-35_3.mzXML	25.0	175019.4	86305.0	0.49311674	[4.0..4.0]	[1.0..1.0]	[2.638..2.638]	[461701.2..461701.2]	[0.454..0.454]	[0.24..0.39]	[2.638..2.638]	[461701.2..461701.2]	[0.454..0.454]	[0.237..0.39]	0.86739105	[400475.47..400475.47]
Group-1	PE 40:6:0	327.23	240604_eggPE_25-35_3.mzXML	30.0	67148.7	49739.3	0.7407336	[4.0..4.0]	[1.0..1.0]	[6.322..6.322]	[424514.1..424514.1]	[0.408..0.408]	[0.24..0.39]	[6.322..6.322]	[424514.1..424514.1]	[0.408..0.408]	[0.237..0.39]	0.86739105	[368219.72..368219.72]
Group-1	PE 40:6:0	327.23	240604_eggPE_25-35_3.mzXML	35.0	19959.7	22315.0	1.1180028	[4.0..4.0]	[1.0..1.0]	[18.697..18.697]	[373186.5..373186.5]	[0.396..0.396]	[0.24..0.39]	[18.697..18.697]	[373186.5..373186.5]	[0.396..0.396]	[0.237..0.39]	0.86739105	[323698.66..323698.66]
Group-1	PE 40:6:0	329.25	240604_eggPE_25-35_3.mzXML	25.0	30459.9	8661.9	0.2843706	[4.0..4.0]	[1.0..1.0]	[1.391..1.787]	[42369.723..54431.84]	[0.437..0.499]	[0.0..0.5]	[1.157..1.354]	[35242.1..41242.703]	[0.392..0.431]	[0.0..0.498]	0.86739105	[36751.117..47213.69]
Group-1	PE 40:6:0	329.25	240604_eggPE_25-35_3.mzXML	30.0	19649.3	6543.7	0.3330246	[4.1..4.2]	[1.0..1.0]	[2.1..3.303]	[41263.53..64901.64]	[0.378..0.489]	[0.0..0.5]	[2.079..2.644]	[40850.895..51952.754]	[0.376..0.434]	[0.0..0.498]	0.86739105	[35791.613..56295.098]
Group-1	PE 40:6:0	329.25	240604_eggPE_25-35_3.mzXML	35.0	5697.4	0.0	0.0	[4.0..7.0]	[1.0..1.0]	[3.775..7.227]	[21507.686..41175.11]	[0.235..0.37]	[0.0..0.5]	[3.754..6.308]	[21388.04..35939.2]	[0.234..0.339]	[0.0..0.498]	0.86739105	[18655.572..35714.92]
Group-1	PE 40:7:0	281.25	240604_eggPE_25-35_3.mzXML	25.0	122829.8	0.0	0.0	[9.0..9.0]	[0.0..0.0]	[0.912..0.912]	[112020.77..112020.77]	[0.783..0.783]	[1.0..1.0]	[0.912..0.912]	[112020.77..112020.77]	[0.783..0.783]	[1.0..1.0]	0.8692976	[97379.39..97379.39]
Group-1	PE 40:7:0	281.25	240604_eggPE_25-35_3.mzXML	30.0	132004.0	0.0	0.0	[9.0..9.0]	[0.0..0.0]	[0.913..0.913]	[120519.65..120519.65]	[0.865..0.865]	[1.0..1.0]	[0.913..0.913]	[120519.65..120519.65]	[0.865..0.865]	[1.0..1.0]	0.8692976	[104767.445..104767.445]
Group-1	PE 40:7:0	281.25	240604_eggPE_25-35_3.mzXML	35.0	126140.2	0.0	0.0	[9.0..9.0]	[0.0..0.0]	[0.947..0.947]	[119454.77..119454.77]	[1.0..1.0]	[1.0..1.0]	[0.947..0.947]	[119454.77..119454.77]	[1.0..1.0]	[1.0..1.0]	0.8692976	[103841.75..103841.75]
Group-1	PE 40:7:0	327.23	240604_eggPE_25-35_3.mzXML	25.0	11777.4	6234.0	0.52931887	[4.0..4.0]	[1.0..1.0]	[2.638..2.638]	[31068.783..31068.783]	[0.217..0.217]	[0.0..0.0]	[2.638..2.638]	[31068.783..31068.783]	[0.217..0.217]	[0.0..0.0]	0.8692976	[27008.02..27008.02]
Group-1	PE 40:7:0	327.23	240604_eggPE_25-35_3.mzXML	30.0	2974.3	4121.1	1.3855697	[4.0..4.0]	[1.0..1.0]	[6.322..6.322]	[18803.525..18803.525]	[0.135..0.135]	[0.0..0.0]	[6.322..6.322]	[18803.525..18803.525]	[0.135..0.135]	[0.0..0.0]	0.8692976	[16345.859..16345.859]
Group-1	PE 40:7:0	327.23	240604_eggPE_25-35_3.mzXML	35.0	0.0	0.0	0.0	[4.0..4.0]	[1.0..1.0]	[18.697..18.697]	[0.0..0.0]	[0.0..0.0]	[0.0..0.0]	[18.697..18.697]	[0.0..0.0]	[0.0..0.0]	[0.0..0.0]	0.8692976	[0.0..0.0]
Group-1	PE 32:0:0	227.2	240604_eggPE_25-35_2.mzXML	25.0	3814.4	0.0	0.0	[0.0..0.0]	[0.0..1.0]	[1.01..1.019]	[3852.544..3886.874]	[0.05..0.05]	[0.0..0.0]	[1.01..1.01]	[3852.544..3852.544]	[0.05..0.05]	[0.0..0.0]	0.97417665	[3753.0583..3786.5017]
Group-1	PE 32:0:0	227.2	240604_eggPE_25-35_2.mzXML	30.0	3995.6	0.0	0.0	[0.0..0.0]	[0.0..1.0]	[1.032..1.043]	[4123.459..4167.411]	[0.044..0.044]	[0.0..0.0]	[1.032..1.032]	[4123.459..4123.459]	[0.044..0.044]	[0.0..0.0]	0.97417665	[4016.9775..4059.7944]
Group-1	PE 32:0:0	227.2	240604_eggPE_25-35_2.mzXML	35.0	2651.7	0.0	0.0	[0.0..0.0]	[0.0..1.0]	[1.034..1.047]	[2741.858..2776.33]	[0.028..0.029]	[0.0..0.0]	[1.034..1.034]	[2741.858..2741.858]	[0.028..0.028]	[0.0..0.0]	0.97417665	[2671.054..2704.6357]
Group-1	PE 32:0:0	255.23	240604_eggPE_25-35_2.mzXML	25.0	133673.4	0.0	0.0	[0.0..0.0]	[0.5..0.5]	[1.0..1.0]	[133673.4..133673.4]	[0.5..0.5]	[0.5..0.5]	[1.0..1.0]	[133673.4..133673.4]	[0.5..0.5]	[0.5..0.5]	0.97417665	[130221.51..130221.51]
Group-1	PE 32:0:0	255.23	240604_eggPE_25-35_2.mzXML	30.0	139129.3	0.0	0.0	[0.0..0.0]	[0.5..0.5]	[1.0..1.0]	[139129.3..139129.3]	[0.5..0.5]	[0.5..0.5]	[1.0..1.0]	[139129.3..139129.3]	[0.5..0.5]	[0.5..0.5]	0.97417665	[135536.52..135536.52]
Group-1	PE 32:0:0	255.23	240604_eggPE_25-35_2.mzXML	35.0	131584.2	0.0	0.0	[0.0..0.0]	[0.5..0.5]	[1.0..1.0]	[131584.2..131584.2]	[0.5..0.5]	[0.5..0.5]	[1.0..1.0]	[131584.2..131584.2]	[0.5..0.5]	[0.5..0.5]	0.97417665	[128186.26..128186.26]
Group-1	PE 32:0:0	283.26	240604_eggPE_25-35_2.mzXML	25.0	73808.0	0.0	0.0	[0.0..0.0]	[0.0..1.0]	[0.988..0.995]	[72922.305..73438.96]	[0.95..0.95]	[1.0..1.0]	[0.995..0.995]	[73438.96..73438.96]	[0.95..0.95]	[1.0..1.0]	0.97417665	[71039.2..71542.52]
Group-1	PE 32:0:0	283.26	240604_eggPE_25-35_2.mzXML	30.0	93050.0	0.0	0.0	[0.0..0.0]	[0.0..1.0]	[0.967..0.973]	[89979.35..90537.65]	[0.956..0.956]	[1.0..1.0]	[0.973..0.973]	[90537.65..90537.65]	[0.956..0.956]	[1.0..1.0]	0.97417665	[87655.79..88199.664]
Group-1	PE 32:0:0	283.26	240604_eggPE_25-35_2.mzXML	35.0	97539.0	0.0	0.0	[0.0..0.0]	[0.0..1.0]	[0.964..0.969]	[94027.59..94515.29]	[0.971..0.972]	[1.0..1.0]	[0.969..0.969]	[94515.29..94515.29]	[0.972..0.972]	[1.0..1.0]	0.97417665	[91599.49..92074.59]
Group-1	PE 32:1:0	227.2	240604_eggPE_25-35_2.mzXML	25.0	9489.6	0.0	0.0	[0.0..0.0]	[0.0..0.0]	[1.019..1.019]	[9669.902..9669.902]	[0.239..0.239]	[0.0..0.0]	[1.019..1.019]	[9669.902..9669.902]	[0.239..0.239]	[0.0..0.0]	0.976629	[9443.907..9443.907]
Group-1	PE 32:1:0	227.2	240604_eggPE_25-35_2.mzXML	30.0	9994.5	0.0	0.0	[0.0..0.0]	[1.0..1.0]	[1.032..1.032]	[10314.323..10314.323]	[0.262..0.262]	[0.0..0.0]	[1.032..1.032]	[10314.323..10314.323]	[0.262..0.262]	[0.0..0.0]	0.976629	[10073.268..10073.268]
Group-1	PE 32:1:0	227.2	240604_eggPE_25-35_2.mzXML	35.0	10873.9	0.0	0.0	[0.0..0.0]	[0.0..1.0]	[1.034..1.047]	[11243.613..11384.975]	[0.263..0.265]	[0.0..0.0]	[1.034..1.034]	[11243.613..11243.613]	[0.261..0.261]	[0.0..0.0]	0.976629	[10980.839..11118.896]
Group-1	PE 32:1:0	253.22	240604_eggPE_25-35_2.mzXML	25.0	291033.5	0.0	0.0	[9.0..9.0]	[0.0..1.0]	[0.963..1.006]	[280265.25..292779.72]	[0.695..0.704]	[0.88..0.99]	[1.001..1.006]	[291324.56..292779.72]	[0.703..0.704]	[0.884..0.989]	0.976629	[273715.2..285937.16]
Group-1	PE 32:1:0	253.22	240604_eggPE_25-35_2.mzXML	30.0	271803.6	0.0	0.0	[9.0..9.0]	[0.0..1.0]	[0.982..0.988]	[266911.12..268541.94]	[0.666..0.668]	[0.88..0.99]	[0.987..0.988]	[268270.16..268541.94]	[0.668..0.668]	[0.884..0.989]	0.976629	[260673.16..262265.88]
Group-1	PE 32:1:0	253.22	240604_eggPE_25-35_2.mzXML	35.0	268215.7	0.0	0.0	[9.0..9.0]	[0.0..1.0]	[0.986..1.021]	[264460.66..273848.22]	[0.652..0.66]	[0.88..0.99]	[1.017..1.021]	[272775.34..273848.22]	[0.659..0.66]	[0.884..0.989]	0.976629	[258279.95..267448.12]
Group-1	PE 32:1:0	255.23	240604_eggPE_25-35_2.mzXML	25.0	123258.4	0.0	0.0	[0.0..0.0]	[0.0..1.0]	[1.0..1.0]	[123258.4..123258.4]	[0.296..0.305]	[0.01..0.12]	[1.0..1.0]	[123258.4..123258.4]	[0.296..0.297]	[0.011..0.116]	0.976629	[120377.73..120377.73]
Group-1	PE 32:1:0	255.23	240604_eggPE_25-35_2.mzXML	30.0	133598.3	0.0	0.0	[0.0..0.0]	[0.0..1.0]	[1.0..1.0]	[133598.3..133598.3]	[0.332..0.334]	[0.01..0.12]	[1.0..1.0]	[133598.3..133598.3]	[0.332..0.332]	[0.011..0.116]	0.976629	[130475.98..130475.98]
Group-1	PE 32:1:0	255.23	240604_eggPE_25-35_2.mzXML	35.0	141023.9	0.0	0.0	[0.0..0.0]	[0.0..1.0]	[1.0..1.0]	[141023.9..141023.9]	[0.34..0.348]	[0.01..0.12]	[1.0..1.0]	[141023.9..141023.9]	[0.34..0.341]	[0.011..0.116]	0.976629	[137728.05..137728.05]
Group-1	PE 32:1:0	281.25	240604_eggPE_25-35_2.mzXML	25.0	32247.3	0.0	0.0	[9.0..9.0]	[1.0..1.0]	[0.953..0.953]	[30731.678..30731.678]	[0.761..0.761]	[1.0..1.0]	[0.953..0.953]	[30731.678..30731.678]	[0.761..0.761]	[1.0..1.0]	0.976629	[30013.45..30013.45]
Group-1	PE 32:1:0	281.25	240604_eggPE_25-35_2.mzXML	30.0	31751.1	0.0	0.0	[9.0..9.0]	[0.0..0.0]	[0.913..0.913]	[28988.754..28988.754]	[0.738..0.738]	[1.0..1.0]	[0.913..0.913]	[28988.754..28988.754]	[0.738..0.738]	[1.0..1.0]	0.976629	[28311.258..28311.258]
Group-1	PE 32:1:0	281.25	240604_eggPE_25-35_2.mzXML	35.0	33623.2	0.0	0.0	[9.0..9.0]	[0.0..1.0]	[0.926..0.947]	[31135.082..31841.17]	[0.735..0.737]	[1.0..1.0]	[0.947..0.947]	[31841.17..31841.17]	[0.739..0.739]	[1.0..1.0]	0.976629	[30407.424..31097.01]
Group-1	PE 33:1:0	241.22	240604_eggPE_25-35_2.mzXML	25.0	6127.3	0.0	0.0	[0.0..0.0]	[0.0..0.0]	[1.009..1.009]	[6182.446..6182.446]	[0.016..0.016]	[0.0..0.0]	[1.009..1.009]	[6182.4453..6182.4453]	[0.016..0.016]	[0.0..0.0]	0.95987827	[5934.3945..5934.3945]
Group-1	PE 33:1:0	241.22	240604_eggPE_25-35_2.mzXML	30.0	6813.9	0.0	0.0	[0.0..0.0]	[0.0..0.0]	[1.02..1.02]	[6950.178..6950.178]	[0.017..0.017]	[0.0..0.0]	[1.02..1.02]	[6950.1777..6950.1777]	[0.017..0.017]	[0.0..0.0]	0.95987827	[6671.3247..6671.3247]
Group-1	PE 33:1:0	241.22	240604_eggPE_25-35_2.mzXML	35.0	8162.5	0.0	0.0	[0.0..0.0]	[0.0..0.0]	[1.022..1.022]	[8342.074..8342.074]	[0.022..0.022]	[0.0..0.0]	[1.022..1.022]	[8342.074..8342.074]	[0.022..0.022]	[0.0..0.0]	0.95987827	[8007.376..8007.376]
Group-1	PE 33:1:0	253.22	240604_eggPE_25-35_2.mzXML	25.0	45357.5	0.0	0.0	[9.0..9.0]	[0.0..1.0]	[0.963..1.006]	[43679.273..45629.65]	[0.951..0.952]	[1.0..1.0]	[1.006..1.006]	[45629.65..45629.65]	[0.953..0.953]	[1.0..1.0]	0.95987827	[41926.785..43798.906]
Group-1	PE 33:1:0	253.22	240604_eggPE_25-35_2.mzXML	30.0	49844.0	0.0	0.0	[9.0..9.0]	[0.0..1.0]	[0.982..0.988]	[48946.81..49245.87]	[0.949..0.949]	[1.0..1.0]	[0.988..0.988]	[49245.87..49245.87]	[0.949..0.949]	[1.0..1.0]	0.95987827	[46982.977..47270.04]
Group-1	PE 33:1:0	253.22	240604_eggPE_25-35_2.mzXML	35.0	43284.4	0.0	0.0	[9.0..9.0]	[0.0..1.0]	[0.986..1.021]	[42678.414..44193.37]	[0.955..0.956]	[1.0..1.0]	[1.021..1.021]	[44193.37..44193.37]	[0.956..0.956]	[1.0..1.0]	0.95987827	[40966.086..42420.258]
Group-1	PE 33:1:0	255.23	240604_eggPE_25-35_2.mzXML	25.0	67735.6	0.0	0.0	[0.0..0.0]	[0.0..0.0]	[1.0..1.0]	[67735.6..67735.6]	[0.676..0.676]	[0.92..1.0]	[1.0..1.0]	[67735.6..67735.6]	[0.676..0.676]	[0.922..1.0]	0.95987827	[65017.934..65017.934]
Group-1	PE 33:1:0	255.23	240604_eggPE_25-35_2.mzXML	30.0	83613.4	0.0	0.0	[0.0..0.0]	[0.0..0.0]	[1.0..1.0]	[83613.4..83613.4]	[0.704..0.704]	[0.92..1.0]	[1.0..1.0]	[83613.4..83613.4]	[0.704..0.704]	[0.922..1.0]	0.95987827	[80258.69..80258.69]
Group-1	PE 33:1:0	255.23	240604_eggPE_25-35_2.mzXML	35.0	78940.4	0.0	0.0	[0.0..0.0]	[0.0..0.0]	[1.0..1.0]	[78940.4..78940.4]	[0.712..0.712]	[0.92..1.0]	[1.0..1.0]	[78940.4..78940.4]	[0.712..0.712]	[0.922..1.0]	0.95987827	[75773.17..75773.17]
Group-1	PE 33:1:0	267.23	240604_eggPE_25-35_2.mzXML	25.0	33222.7	0.0	0.0	[9.0..9.0]	[1.0..1.0]	[0.977..0.977]	[32458.576..32458.576]	[0.324..0.324]	[0.0..0.08]	[0.977..0.977]	[32458.576..32458.576]	[0.324..0.324]	[0.0..0.078]	0.95987827	[31156.281..31156.281]
Group-1	PE 33:1:0	267.23	240604_eggPE_25-35_2.mzXML	30.0	36892.0	0.0	0.0	[9.0..9.0]	[1.0..1.0]	[0.954..0.954]	[35194.97..35194.97]	[0.296..0.296]	[0.0..0.08]	[0.954..0.954]	[35194.97..35194.97]	[0.296..0.296]	[0.0..0.078]	0.95987827	[33782.883..33782.883]
Group-1	PE 33:1:0	267.23	240604_eggPE_25-35_2.mzXML	35.0	33464.2	0.0	0.0	[9.0..9.0]	[1.0..1.0]	[0.954..0.954]	[31924.846..31924.846]	[0.288..0.288]	[0.0..0.08]	[0.954..0.954]	[31924.846..31924.846]	[0.288..0.288]	[0.0..0.078]	0.95987827	[30643.965..30643.965]
Group-1	PE 33:1:0	269.25	240604_eggPE_25-35_2.mzXML	25.0	2286.7	0.0	0.0	[0.0..0.0]	[0.0..1.0]	[0.993..0.997]	[2270.693..2279.84]	[0.048..0.049]	[0.0..0.0]	[0.993..0.993]	[2270.6929..2270.6929]	[0.047..0.047]	[0.0..0.0]	0.95987827	[2179.5889..2188.3687]
Group-1	PE 33:1:0	269.25	240604_eggPE_25-35_2.mzXML	30.0	2693.1	0.0	0.0	[0.0..0.0]	[0.0..1.0]	[0.982..0.986]	[2644.624..2655.397]	[0.051..0.051]	[0.0..0.0]	[0.982..0.982]	[2644.6243..2644.6243]	[0.051..0.051]	[0.0..0.0]	0.95987827	[2538.5173..2548.8577]
Group-1	PE 33:1:0	269.25	240604_eggPE_25-35_2.mzXML	35.0	2057.8	0.0	0.0	[0.0..0.0]	[0.0..1.0]	[0.981..0.984]	[2018.702..2024.875]	[0.044..0.045]	[0.0..0.0]	[0.981..0.981]	[2018.7019..2018.7019]	[0.044..0.044]	[0.0..0.0]	0.95987827	[1937.708..1943.6338]
Group-1	PE 33:1:0	281.25	240604_eggPE_25-35_2.mzXML	25.0	410102.1	0.0	0.0	[9.0..9.0]	[1.0..1.0]	[0.953..0.953]	[390827.3..390827.3]	[0.984..0.984]	[1.0..1.0]	[0.953..0.953]	[390827.3..390827.3]	[0.984..0.984]	[1.0..1.0]	0.95987827	[375146.62..375146.62]
Group-1	PE 33:1:0	281.25	240604_eggPE_25-35_2.mzXML	30.0	438627.7	0.0	0.0	[9.0..9.0]	[1.0..1.0]	[0.925..0.925]	[405730.62..405730.62]	[0.983..0.983]	[1.0..1.0]	[0.925..0.925]	[405730.62..405730.62]	[0.983..0.983]	[1.0..1.0]	0.95987827	[389452.0..389452.0]
Group-1	PE 33:1:0	281.25	240604_eggPE_25-35_2.mzXML	35.0	400946.4	0.0	0.0	[9.0..9.0]	[1.0..1.0]	[0.926..0.926]	[371276.38..371276.38]	[0.978..0.978]	[1.0..1.0]	[0.926..0.926]	[371276.38..371276.38]	[0.978..0.978]	[1.0..1.0]	0.95987827	[356380.12..356380.12]
Group-1	PE 34:1:0	253.22	240604_eggPE_25-35_2.mzXML	25.0	215786.6	0.0	0.0	[9.0..9.0]	[0.0..1.0]	[0.963..1.006]	[207802.48..217081.33]	[0.648..0.656]	[0.6..0.87]	[0.989..1.0]	[213412.95..215786.6]	[0.654..0.656]	[0.599..0.874]	0.9437487	[196113.33..204870.2]
Group-1	PE 34:1:0	253.22	240604_eggPE_25-35_2.mzXML	30.0	244954.0	0.0	0.0	[9.0..9.0]	[0.0..1.0]	[0.982..0.988]	[240544.83..242014.55]	[0.616..0.616]	[0.6..0.87]	[0.986..0.987]	[241524.64..241769.6]	[0.617..0.617]	[0.599..0.874]	0.9437487	[227013.86..228400.9]
Group-1	PE 34:1:0	253.22	240604_eggPE_25-35_2.mzXML	35.0	213820.0	0.0	0.0	[9.0..9.0]	[0.0..1.0]	[0.986..1.021]	[210826.52..218310.22]	[0.539..0.546]	[0.6..0.87]	[1.007..1.016]	[215316.73..217241.12]	[0.544..0.546]	[0.599..0.874]	0.9437487	[198967.25..206029.98]
Group-1	PE 34:1:0	255.23	240604_eggPE_25-35_2.mzXML	25.0	4952244.5	0.0	0.0	[0.0..0.0]	[0.0..1.0]	[1.0..1.0]	[4952244.5..4952244.5]	[0.24..0.248]	[0.0..0.0]	[1.0..1.0]	[4952244.5..4952244.5]	[0.24..0.24]	[0.0..0.0]	0.9437487	[4673674.5..4673674.5]
Group-1	PE 34:1:0	255.23	240604_eggPE_25-35_2.mzXML	30.0	5431332.5	0.0	0.0	[0.0..0.0]	[1.0..1.0]	[1.0..1.0]	[5431332.5..5431332.5]	[0.27..0.27]	[0.0..0.0]	[1.0..1.0]	[5431332.5..5431332.5]	[0.27..0.27]	[0.0..0.0]	0.9437487	[5125813.0..5125813.0]
Group-1	PE 34:1:0	255.23	240604_eggPE_25-35_2.mzXML	35.0	5873723.5	0.0	0.0	[0.0..0.0]	[0.0..0.0]	[1.0..1.0]	[5873723.5..5873723.5]	[0.279..0.279]	[0.0..0.0]	[1.0..1.0]	[5873723.5..5873723.5]	[0.279..0.279]	[0.0..0.0]	0.9437487	[5543319.0..5543319.0]
Group-1	PE 34:1:0	281.25	240604_eggPE_25-35_2.mzXML	25.0	1.6429199E7	0.0	0.0	[9.0..9.0]	[0.0..1.0]	[0.912..0.953]	[1.4983429E7..1.5657027E7]	[0.752..0.76]	[1.0..1.0]	[0.953..0.953]	[1.5657027E7..1.5657027E7]	[0.76..0.76]	[1.0..1.0]	0.9437487	[1.4140592E7..1.4776298E7]
Group-1	PE 34:1:0	281.25	240604_eggPE_25-35_2.mzXML	30.0	1.6049544E7	0.0	0.0	[9.0..9.0]	[0.0..0.0]	[0.913..0.913]	[1.4653233E7..1.4653233E7]	[0.73..0.73]	[1.0..1.0]	[0.913..0.913]	[1.4653233E7..1.4653233E7]	[0.73..0.73]	[1.0..1.0]	0.9437487	[1.382897E7..1.382897E7]
Group-1	PE 34:1:0	281.25	240604_eggPE_25-35_2.mzXML	35.0	1.6357439E7	0.0	0.0	[9.0..9.0]	[1.0..1.0]	[0.926..0.926]	[1.5146988E7..1.5146988E7]	[0.721..0.721]	[1.0..1.0]	[0.926..0.926]	[1.5146988E7..1.5146988E7]	[0.721..0.721]	[1.0..1.0]	0.9437487	[1.4294951E7..1.4294951E7]
Group-1	PE 34:1:0	283.26	240604_eggPE_25-35_2.mzXML	25.0	114295.6	0.0	0.0	[0.0..0.0]	[0.0..1.0]	[0.988..0.995]	[112924.055..113724.125]	[0.344..0.352]	[0.13..0.4]	[0.989..0.991]	[113038.35..113266.94]	[0.344..0.346]	[0.126..0.401]	0.9437487	[106571.93..107327.0]
Group-1	PE 34:1:0	283.26	240604_eggPE_25-35_2.mzXML	30.0	154999.7	0.0	0.0	[0.0..0.0]	[0.0..1.0]	[0.967..0.973]	[149884.72..150814.7]	[0.384..0.384]	[0.13..0.4]	[0.968..0.969]	[150039.72..150194.7]	[0.383..0.383]	[0.126..0.401]	0.9437487	[141453.5..142331.19]
Group-1	PE 34:1:0	283.26	240604_eggPE_25-35_2.mzXML	35.0	187064.2	0.0	0.0	[0.0..0.0]	[0.0..1.0]	[0.964..0.969]	[180329.89..181265.2]	[0.454..0.461]	[0.13..0.4]	[0.965..0.966]	[180516.95..180704.03]	[0.454..0.456]	[0.126..0.401]	0.9437487	[170186.1..171068.8]
Group-1	PE 34:2:0	253.22	240604_eggPE_25-35_2.mzXML	25.0	100803.9	0.0	0.0	[9.0..9.0]	[0.0..1.0]	[0.963..1.006]	[97074.16..101408.73]	[0.292..0.292]	[0.0..0.1]	[0.963..0.967]	[97074.16..97477.37]	[0.284..0.284]	[0.002..0.102]	0.9460267	[91834.74..95935.36]
Group-1	PE 34:2:0	253.22	240604_eggPE_25-35_2.mzXML	30.0	118937.5	0.0	0.0	[9.0..9.0]	[1.0..1.0]	[0.988..0.988]	[117510.25..117510.25]	[0.34..0.34]	[0.0..0.1]	[0.988..0.988]	[117510.25..117510.25]	[0.34..0.34]	[0.002..0.102]	0.9460267	[111167.83..111167.83]
Group-1	PE 34:2:0	253.22	240604_eggPE_25-35_2.mzXML	35.0	105673.7	0.0	0.0	[9.0..9.0]	[0.0..0.0]	[1.021..1.021]	[107892.85..107892.85]	[0.32..0.32]	[0.0..0.1]	[1.021..1.021]	[107892.85..107892.85]	[0.32..0.32]	[0.002..0.102]	0.9460267	[102069.516..102069.516]
Group-1	PE 34:2:0	255.23	240604_eggPE_25-35_2.mzXML	25.0	1668005.1	0.0	0.0	[0.0..0.0]	[0.0..1.0]	[1.0..1.0]	[1668005.1..1668005.1]	[0.255..0.262]	[0.0..0.0]	[1.0..1.0]	[1668005.1..1668005.1]	[0.255..0.255]	[0.0..0.0]	0.9460267	[1577977.4..1577977.4]
Group-1	PE 34:2:0	255.23	240604_eggPE_25-35_2.mzXML	30.0	1734336.9	0.0	0.0	[0.0..0.0]	[1.0..1.0]	[1.0..1.0]	[1734336.9..1734336.9]	[0.268..0.268]	[0.0..0.0]	[1.0..1.0]	[1734336.9..1734336.9]	[0.268..0.268]	[0.0..0.0]	0.9460267	[1640729.0..1640729.0]
Group-1	PE 34:2:0	255.23	240604_eggPE_25-35_2.mzXML	35.0	1763359.2	0.0	0.0	[0.0..0.0]	[0.0..0.0]	[1.0..1.0]	[1763359.2..1763359.2]	[0.276..0.276]	[0.0..0.0]	[1.0..1.0]	[1763359.2..1763359.2]	[0.276..0.276]	[0.0..0.0]	0.9460267	[1668184.9..1668184.9]
Group-1	PE 34:2:0	279.23	240604_eggPE_25-35_2.mzXML	25.0	5108031.5	0.0	0.0	[9.0..9.0]	[0.0..1.0]	[0.922..0.952]	[4709605.0..4862846.0]	[0.738..0.745]	[1.0..1.0]	[0.952..0.952]	[4862846.0..4862846.0]	[0.745..0.745]	[1.0..1.0]	0.9460267	[4455412.0..4600382.0]
Group-1	PE 34:2:0	279.23	240604_eggPE_25-35_2.mzXML	30.0	4919379.5	0.0	0.0	[9.0..9.0]	[0.0..0.0]	[0.965..0.965]	[4747201.0..4747201.0]	[0.732..0.732]	[1.0..1.0]	[0.965..0.965]	[4747201.0..4747201.0]	[0.732..0.732]	[1.0..1.0]	0.9460267	[4490979.0..4490979.0]
Group-1	PE 34:2:0	279.23	240604_eggPE_25-35_2.mzXML	35.0	4480414.5	0.0	0.0	[9.0..9.0]	[1.0..1.0]	[1.034..1.034]	[4632749.0..4632749.0]	[0.724..0.724]	[1.0..1.0]	[1.034..1.034]	[4632749.0..4632749.0]	[0.724..0.724]	[1.0..1.0]	0.9460267	[4382704.0..4382704.0]
Group-1	PE 34:2:0	281.25	240604_eggPE_25-35_2.mzXML	25.0	257591.4	0.0	0.0	[9.0..9.0]	[0.0..1.0]	[0.912..0.953]	[234923.36..245484.61]	[0.708..0.708]	[0.9..1.0]	[0.949..0.953]	[244454.25..245484.61]	[0.716..0.716]	[0.898..0.998]	0.9460267	[222243.77..232235.0]
Group-1	PE 34:2:0	281.25	240604_eggPE_25-35_2.mzXML	30.0	249906.9	0.0	0.0	[9.0..9.0]	[0.0..0.0]	[0.913..0.913]	[228164.98..228164.98]	[0.66..0.66]	[0.9..1.0]	[0.913..0.913]	[228165.0..228165.0]	[0.66..0.66]	[0.898..0.998]	0.9460267	[215850.17..215850.17]
Group-1	PE 34:2:0	281.25	240604_eggPE_25-35_2.mzXML	35.0	248075.8	0.0	0.0	[9.0..9.0]	[1.0..1.0]	[0.926..0.926]	[229718.19..229718.19]	[0.68..0.68]	[0.9..1.0]	[0.926..0.926]	[229718.19..229718.19]	[0.68..0.68]	[0.898..0.998]	0.9460267	[217319.55..217319.55]
Group-1	PE 34:3:0	253.22	240604_eggPE_25-35_2.mzXML	25.0	25344.6	0.0	0.0	[9.0..9.0]	[0.0..0.0]	[0.963..0.963]	[24406.85..24406.85]	[0.236..0.236]	[0.0..0.0]	[0.963..0.963]	[24406.85..24406.85]	[0.236..0.236]	[0.0..0.0]	0.948328	[23145.7..23145.7]
Group-1	PE 34:3:0	253.22	240604_eggPE_25-35_2.mzXML	30.0	28398.6	0.0	0.0	[9.0..9.0]	[0.0..0.0]	[0.982..0.982]	[27887.424..27887.424]	[0.251..0.251]	[0.0..0.0]	[0.982..0.982]	[27887.424..27887.424]	[0.251..0.251]	[0.0..0.0]	0.948328	[26446.426..26446.426]
Group-1	PE 34:3:0	253.22	240604_eggPE_25-35_2.mzXML	35.0	26561.4	0.0	0.0	[9.0..9.0]	[0.0..0.0]	[1.021..1.021]	[27119.191..27119.191]	[0.265..0.265]	[0.0..0.0]	[1.021..1.021]	[27119.191..27119.191]	[0.265..0.265]	[0.0..0.0]	0.948328	[25717.889..25717.889]
Group-1	PE 34:3:0	255.23	240604_eggPE_25-35_2.mzXML	25.0	49108.8	0.0	0.0	[0.0..0.0]	[0.0..0.0]	[1.0..1.0]	[49108.8..49108.8]	[0.375..0.39]	[0.2..0.44]	[1.0..1.0]	[49108.8..49108.8]	[0.433..0.49]	[0.201..0.442]	0.948328	[46571.25..46571.25]
Group-1	PE 34:3:0	255.23	240604_eggPE_25-35_2.mzXML	30.0	60398.3	0.0	0.0	[0.0..0.0]	[0.0..0.0]	[1.0..1.0]	[60398.3..60398.3]	[0.412..0.447]	[0.2..0.44]	[1.0..1.0]	[60398.3..60398.3]	[0.441..0.495]	[0.201..0.442]	0.948328	[57277.402..57277.402]
Group-1	PE 34:3:0	255.23	240604_eggPE_25-35_2.mzXML	35.0	59963.3	0.0	0.0	[0.0..0.0]	[0.0..0.0]	[1.0..1.0]	[59963.3..59963.3]	[0.422..0.477]	[0.2..0.44]	[1.0..1.0]	[59963.3..59963.3]	[0.438..0.501]	[0.201..0.442]	0.948328	[56864.88..56864.88]
Group-1	PE 34:3:0	277.22	240604_eggPE_25-35_2.mzXML	25.0	72358.2	0.0	0.0	[6.0..9.0]	[1.0..1.0]	[1.062..1.129]	[76844.414..81692.41]	[0.61..0.625]	[0.56..0.8]	[0.706..0.887]	[51084.89..64181.727]	[0.51..0.567]	[0.558..0.799]	0.948328	[72873.71..77471.2]
Group-1	PE 34:3:0	277.22	240604_eggPE_25-35_2.mzXML	30.0	63518.7	0.0	0.0	[6.0..9.0]	[1.0..1.0]	[1.177..1.357]	[74761.516..86194.875]	[0.553..0.588]	[0.56..0.8]	[0.971..1.203]	[61676.656..76412.99]	[0.505..0.559]	[0.558..0.799]	0.948328	[70898.44..81741.016]
Group-1	PE 34:3:0	277.22	240604_eggPE_25-35_2.mzXML	35.0	46624.4	0.0	0.0	[6.0..9.0]	[1.0..1.0]	[1.409..1.76]	[65693.78..82058.94]	[0.523..0.578]	[0.56..0.8]	[1.281..1.651]	[59725.855..76976.88]	[0.499..0.562]	[0.558..0.799]	0.948328	[62299.25..77818.79]
Group-1	PE 34:3:0	279.23	240604_eggPE_25-35_2.mzXML	25.0	82846.4	0.0	0.0	[9.0..9.0]	[1.0..1.0]	[0.952..0.952]	[78869.77..78869.77]	[0.764..0.764]	[1.0..1.0]	[0.952..0.952]	[78869.77..78869.77]	[0.764..0.764]	[1.0..1.0]	0.948328	[74794.414..74794.414]
Group-1	PE 34:3:0	279.23	240604_eggPE_25-35_2.mzXML	30.0	85862.3	0.0	0.0	[9.0..9.0]	[1.0..1.0]	[0.967..0.967]	[83028.84..83028.84]	[0.749..0.749]	[1.0..1.0]	[0.967..0.967]	[83028.84..83028.84]	[0.749..0.749]	[1.0..1.0]	0.948328	[78738.58..78738.58]
Group-1	PE 34:3:0	279.23	240604_eggPE_25-35_2.mzXML	35.0	72581.2	0.0	0.0	[9.0..9.0]	[1.0..1.0]	[1.034..1.034]	[75048.97..75048.97]	[0.735..0.735]	[1.0..1.0]	[1.034..1.034]	[75048.97..75048.97]	[0.735..0.735]	[1.0..1.0]	0.948328	[71171.04..71171.04]
Group-1	PE 36:1:0	255.23	240604_eggPE_25-35_2.mzXML	25.0	137508.6	0.0	0.0	[0.0..0.0]	[0.0..0.0]	[1.0..1.0]	[137508.6..137508.6]	[0.54..0.54]	[0.6..0.83]	[1.0..1.0]	[137508.6..137508.6]	[0.54..0.54]	[0.596..0.829]	0.91317487	[125569.39..125569.39]
Group-1	PE 36:1:0	255.23	240604_eggPE_25-35_2.mzXML	30.0	192320.5	0.0	0.0	[0.0..0.0]	[0.0..0.0]	[1.0..1.0]	[192320.5..192320.5]	[0.559..0.559]	[0.6..0.83]	[1.0..1.0]	[192320.5..192320.5]	[0.559..0.559]	[0.596..0.829]	0.91317487	[175622.25..175622.25]
Group-1	PE 36:1:0	255.23	240604_eggPE_25-35_2.mzXML	35.0	176507.2	0.0	0.0	[0.0..0.0]	[0.0..0.0]	[1.0..1.0]	[176507.2..176507.2]	[0.63..0.63]	[0.6..0.83]	[1.0..1.0]	[176507.2..176507.2]	[0.63..0.63]	[0.596..0.829]	0.91317487	[161181.94..161181.94]
Group-1	PE 36:1:0	281.25	240604_eggPE_25-35_2.mzXML	25.0	1.2777834E7	0.0	0.0	[9.0..9.0]	[0.0..1.0]	[0.912..0.953]	[1.1653385E7..1.2177276E7]	[0.744..0.751]	[1.0..1.0]	[0.953..0.953]	[1.2177276E7..1.2177276E7]	[0.752..0.752]	[1.0..1.0]	0.91317487	[1.0641578E7..1.1119982E7]
Group-1	PE 36:1:0	281.25	240604_eggPE_25-35_2.mzXML	30.0	1.3544543E7	0.0	0.0	[9.0..9.0]	[0.0..1.0]	[0.913..0.925]	[1.2366168E7..1.2528702E7]	[0.737..0.739]	[1.0..1.0]	[0.925..0.925]	[1.2528702E7..1.2528702E7]	[0.74..0.74]	[1.0..1.0]	0.91317487	[1.1292473E7..1.1440896E7]
Group-1	PE 36:1:0	281.25	240604_eggPE_25-35_2.mzXML	35.0	1.1634511E7	0.0	0.0	[9.0..9.0]	[0.0..1.0]	[0.926..0.947]	[1.0773557E7..1.1017882E7]	[0.73..0.733]	[1.0..1.0]	[0.947..0.947]	[1.1017882E7..1.1017882E7]	[0.734..0.734]	[1.0..1.0]	0.91317487	[9838142.0..1.0061253E7]
Group-1	PE 36:1:0	283.26	240604_eggPE_25-35_2.mzXML	25.0	4067216.8	0.0	0.0	[0.0..0.0]	[0.0..1.0]	[0.988..0.995]	[4018410.0..4046880.8]	[0.249..0.256]	[0.0..0.0]	[0.988..0.988]	[4018410.0..4018410.0]	[0.248..0.248]	[0.0..0.0]	0.91317487	[3669511.0..3695509.5]
Group-1	PE 36:1:0	283.26	240604_eggPE_25-35_2.mzXML	30.0	4555778.0	0.0	0.0	[0.0..0.0]	[0.0..1.0]	[0.967..0.973]	[4405437.5..4432772.0]	[0.261..0.263]	[0.0..0.0]	[0.967..0.967]	[4405437.5..4405437.5]	[0.26..0.26]	[0.0..0.0]	0.91317487	[4022934.8..4047896.0]
Group-1	PE 36:1:0	283.26	240604_eggPE_25-35_2.mzXML	35.0	4134777.0	0.0	0.0	[0.0..0.0]	[0.0..1.0]	[0.964..0.969]	[3985925.0..4006598.8]	[0.267..0.27]	[0.0..0.0]	[0.964..0.964]	[3985925.0..3985925.0]	[0.266..0.266]	[0.0..0.0]	0.91317487	[3639846.5..3658725.5]
Group-1	PE 36:1:0	309.28	240604_eggPE_25-35_2.mzXML	25.0	126619.1	0.0	0.0	[11.0..11.0]	[1.0..1.0]	[0.924..0.924]	[116996.055..116996.055]	[0.46..0.46]	[0.17..0.4]	[0.924..0.924]	[116996.055..116996.055]	[0.46..0.46]	[0.171..0.404]	0.91317487	[106837.86..106837.86]
Group-1	PE 36:1:0	309.28	240604_eggPE_25-35_2.mzXML	30.0	173308.5	0.0	0.0	[11.0..11.0]	[1.0..1.0]	[0.874..0.874]	[151471.62..151471.62]	[0.441..0.441]	[0.17..0.4]	[0.874..0.874]	[151471.62..151471.62]	[0.441..0.441]	[0.171..0.404]	0.91317487	[138320.1..138320.1]
Group-1	PE 36:1:0	309.28	240604_eggPE_25-35_2.mzXML	35.0	119824.4	0.0	0.0	[11.0..11.0]	[1.0..1.0]	[0.866..0.866]	[103767.93..103767.93]	[0.37..0.37]	[0.17..0.4]	[0.866..0.866]	[103767.93..103767.93]	[0.37..0.37]	[0.171..0.404]	0.91317487	[94758.266..94758.266]
Group-1	PE 36:2:0	255.23	240604_eggPE_25-35_2.mzXML	25.0	75081.3	0.0	0.0	[0.0..0.0]	[0.0..1.0]	[1.0..1.0]	[75081.3..75081.3]	[0.34..0.348]	[0.12..0.26]	[1.0..1.0]	[75081.3..75081.3]	[0.341..0.342]	[0.117..0.256]	0.91529584	[68721.6..68721.6]
Group-1	PE 36:2:0	255.23	240604_eggPE_25-35_2.mzXML	30.0	89114.8	0.0	0.0	[0.0..0.0]	[1.0..1.0]	[1.0..1.0]	[89114.8..89114.8]	[0.402..0.402]	[0.12..0.26]	[1.0..1.0]	[89114.8..89114.8]	[0.402..0.402]	[0.117..0.256]	0.91529584	[81566.41..81566.41]
Group-1	PE 36:2:0	255.23	240604_eggPE_25-35_2.mzXML	35.0	95414.5	0.0	0.0	[0.0..0.0]	[0.0..0.0]	[1.0..1.0]	[95414.49..95414.49]	[0.396..0.396]	[0.12..0.26]	[1.0..1.0]	[95414.5..95414.5]	[0.396..0.396]	[0.117..0.256]	0.91529584	[87332.49..87332.49]
Group-1	PE 36:2:0	279.23	240604_eggPE_25-35_2.mzXML	25.0	6889698.5	0.0	0.0	[9.0..9.0]	[0.0..1.0]	[0.922..0.952]	[6352302.0..6558993.0]	[0.741..0.746]	[1.0..1.0]	[0.952..0.952]	[6558993.0..6558993.0]	[0.747..0.747]	[1.0..1.0]	0.91529584	[5814235.5..6003419.0]
Group-1	PE 36:2:0	279.23	240604_eggPE_25-35_2.mzXML	30.0	6929791.0	0.0	0.0	[9.0..9.0]	[0.0..1.0]	[0.965..0.967]	[6687248.0..6701108.0]	[0.743..0.744]	[1.0..1.0]	[0.967..0.967]	[6701108.0..6701108.0]	[0.745..0.745]	[1.0..1.0]	0.91529584	[6120810.5..6133496.5]
Group-1	PE 36:2:0	279.23	240604_eggPE_25-35_2.mzXML	35.0	5856558.0	0.0	0.0	[9.0..9.0]	[0.0..1.0]	[1.034..1.069]	[6055681.0..6260660.5]	[0.728..0.734]	[1.0..1.0]	[1.069..1.069]	[6260660.5..6260660.5]	[0.735..0.735]	[1.0..1.0]	0.91529584	[5542739.5..5730356.5]
Group-1	PE 36:2:0	281.25	240604_eggPE_25-35_2.mzXML	25.0	3038670.5	0.0	0.0	[9.0..9.0]	[0.5..0.5]	[0.914..0.914]	[2777344.8..2777344.8]	[0.5..0.5]	[0.5..0.5]	[0.914..0.914]	[2777344.8..2777344.8]	[0.5..0.5]	[0.5..0.5]	0.91529584	[2542092.2..2542092.2]
Group-1	PE 36:2:0	281.25	240604_eggPE_25-35_2.mzXML	30.0	3192058.8	0.0	0.0	[9.0..9.0]	[0.5..0.5]	[0.908..0.908]	[2898389.2..2898389.2]	[0.5..0.5]	[0.5..0.5]	[0.908..0.908]	[2898389.2..2898389.2]	[0.5..0.5]	[0.5..0.5]	0.91529584	[2652883.5..2652883.5]
Group-1	PE 36:2:0	281.25	240604_eggPE_25-35_2.mzXML	35.0	2807229.0	0.0	0.0	[9.0..9.0]	[0.5..0.5]	[0.92..0.92]	[2582650.5..2582650.5]	[0.5..0.5]	[0.5..0.5]	[0.92..0.92]	[2582650.8..2582650.8]	[0.5..0.5]	[0.5..0.5]	0.91529584	[2363889.5..2363889.5]
Group-1	PE 36:2:0	283.26	240604_eggPE_25-35_2.mzXML	25.0	2248192.0	0.0	0.0	[0.0..0.0]	[0.0..1.0]	[0.988..0.995]	[2221213.8..2236951.0]	[0.254..0.259]	[0.0..0.0]	[0.988..0.988]	[2221213.8..2221213.8]	[0.253..0.253]	[0.0..0.0]	0.91529584	[2033067.6..2047472.0]
Group-1	PE 36:2:0	283.26	240604_eggPE_25-35_2.mzXML	30.0	2376362.2	0.0	0.0	[0.0..0.0]	[0.0..1.0]	[0.967..0.973]	[2297942.2..2312200.5]	[0.256..0.257]	[0.0..0.0]	[0.967..0.967]	[2297942.2..2297942.2]	[0.255..0.255]	[0.0..0.0]	0.91529584	[2103297.0..2116347.5]
Group-1	PE 36:2:0	283.26	240604_eggPE_25-35_2.mzXML	35.0	2343175.0	0.0	0.0	[0.0..0.0]	[0.0..1.0]	[0.964..0.969]	[2258820.8..2270536.5]	[0.266..0.272]	[0.0..0.0]	[0.964..0.964]	[2258820.8..2258820.8]	[0.265..0.265]	[0.0..0.0]	0.91529584	[2067489.1..2078212.6]
Group-1	PE 36:2:0	307.26	240604_eggPE_25-35_2.mzXML	25.0	159619.4	0.0	0.0	[11.0..11.0]	[0.0..1.0]	[0.883..0.912]	[140943.94..145572.9]	[0.652..0.66]	[0.74..0.88]	[0.904..0.909]	[144295.94..145094.03]	[0.658..0.659]	[0.744..0.883]	0.91529584	[129005.41..133242.28]
Group-1	PE 36:2:0	307.26	240604_eggPE_25-35_2.mzXML	30.0	150250.2	0.0	0.0	[11.0..11.0]	[0.0..0.0]	[0.884..0.884]	[132821.19..132821.19]	[0.598..0.598]	[0.74..0.88]	[0.884..0.884]	[132821.19..132821.19]	[0.598..0.598]	[0.744..0.883]	0.91529584	[121570.68..121570.68]
Group-1	PE 36:2:0	307.26	240604_eggPE_25-35_2.mzXML	35.0	156787.8	0.0	0.0	[11.0..11.0]	[1.0..1.0]	[0.927..0.927]	[145342.28..145342.28]	[0.604..0.604]	[0.74..0.88]	[0.927..0.927]	[145342.28..145342.28]	[0.604..0.604]	[0.744..0.883]	0.91529584	[133031.19..133031.19]
Group-1	PE 36:3:0	255.23	240604_eggPE_25-35_2.mzXML	25.0	81353.2	0.0	0.0	[0.0..0.0]	[0.0..0.8]	[1.0..1.0]	[81353.2..81353.2]	[0.288..0.37]	[0.0..0.25]	[1.0..1.0]	[81353.2..81353.2]	[0.288..0.375]	[0.0..0.25]	0.91742754	[74635.67..74635.67]
Group-1	PE 36:3:0	255.23	240604_eggPE_25-35_2.mzXML	30.0	90392.5	0.0	0.0	[0.0..0.0]	[0.0..0.8]	[1.0..1.0]	[90392.49..90392.49]	[0.304..0.39]	[0.0..0.25]	[1.0..1.0]	[90392.5..90392.5]	[0.304..0.394]	[0.0..0.25]	0.91742754	[82928.57..82928.57]
Group-1	PE 36:3:0	255.23	240604_eggPE_25-35_2.mzXML	35.0	98766.7	0.0	0.0	[0.0..0.0]	[0.0..0.0]	[1.0..1.0]	[98766.7..98766.7]	[0.307..0.401]	[0.0..0.25]	[1.0..1.0]	[98766.7..98766.7]	[0.307..0.419]	[0.0..0.25]	0.91742754	[90611.3..90611.3]
Group-1	PE 36:3:0	277.22	240604_eggPE_25-35_2.mzXML	25.0	70377.5	0.0	0.0	[6.0..9.0]	[0.0..1.0]	[1.026..1.129]	[72207.32..79456.195]	[0.574..0.595]	[0.43..0.73]	[0.704..0.829]	[49545.758..58342.945]	[0.48..0.52]	[0.427..0.728]	0.91742754	[66244.984..72895.305]
Group-1	PE 36:3:0	277.22	240604_eggPE_25-35_2.mzXML	30.0	58518.0	0.0	0.0	[6.0..9.0]	[0.0..1.0]	[1.167..1.357]	[68290.51..79408.92]	[0.518..0.554]	[0.43..0.73]	[0.971..1.165]	[56820.98..68173.47]	[0.472..0.517]	[0.427..0.728]	0.91742754	[62651.594..72851.93]
Group-1	PE 36:3:0	277.22	240604_eggPE_25-35_2.mzXML	35.0	43300.2	0.0	0.0	[6.0..9.0]	[0.0..1.0]	[1.437..1.76]	[62222.387..76208.35]	[0.471..0.521]	[0.43..0.73]	[1.286..1.626]	[55684.06..70406.125]	[0.443..0.501]	[0.427..0.728]	0.91742754	[57084.535..69915.64]
Group-1	PE 36:3:0	279.23	240604_eggPE_25-35_2.mzXML	25.0	1333829.6	0.0	0.0	[9.0..9.0]	[0.0..1.0]	[0.922..0.952]	[1229790.9..1269805.9]	[0.695..0.698]	[0.97..0.98]	[0.951..0.951]	[1268472.0..1268472.0]	[0.704..0.704]	[0.967..0.985]	0.91742754	[1128244.0..1164954.8]
Group-1	PE 36:3:0	279.23	240604_eggPE_25-35_2.mzXML	30.0	1248899.2	0.0	0.0	[9.0..9.0]	[1.0..1.0]	[0.967..0.967]	[1207685.6..1207685.6]	[0.695..0.695]	[0.97..0.98]	[0.967..0.967]	[1207685.6..1207685.6]	[0.695..0.695]	[0.967..0.985]	0.91742754	[1107964.1..1107964.1]
Group-1	PE 36:3:0	279.23	240604_eggPE_25-35_2.mzXML	35.0	1119044.4	0.0	0.0	[9.0..9.0]	[0.0..0.0]	[1.069..1.069]	[1196258.5..1196258.5]	[0.691..0.691]	[0.97..0.98]	[1.069..1.069]	[1196258.5..1196258.5]	[0.691..0.691]	[0.967..0.985]	0.91742754	[1097480.4..1097480.4]
Group-1	PE 36:3:0	281.25	240604_eggPE_25-35_2.mzXML	25.0	584488.5	0.0	0.0	[9.0..9.0]	[0.0..1.0]	[0.912..0.953]	[533053.5..557017.56]	[0.302..0.305]	[0.02..0.03]	[0.913..0.913]	[533638.0..533638.0]	[0.296..0.296]	[0.015..0.033]	0.91742754	[489038.0..511023.25]
Group-1	PE 36:3:0	281.25	240604_eggPE_25-35_2.mzXML	30.0	579710.9	0.0	0.0	[9.0..9.0]	[0.0..0.0]	[0.913..0.913]	[529276.0..529276.0]	[0.305..0.305]	[0.02..0.03]	[0.913..0.913]	[529276.0..529276.0]	[0.305..0.305]	[0.015..0.033]	0.91742754	[485572.44..485572.44]
Group-1	PE 36:3:0	281.25	240604_eggPE_25-35_2.mzXML	35.0	578560.9	0.0	0.0	[9.0..9.0]	[1.0..1.0]	[0.926..0.926]	[535747.4..535747.4]	[0.309..0.309]	[0.02..0.03]	[0.926..0.926]	[535747.4..535747.4]	[0.309..0.309]	[0.015..0.033]	0.91742754	[491509.4..491509.4]
Group-1	PE 36:3:0	283.26	240604_eggPE_25-35_2.mzXML	25.0	54322.4	0.0	0.0	[0.0..0.0]	[0.0..1.0]	[0.988..0.995]	[53670.527..54050.785]	[0.405..0.426]	[0.27..0.57]	[0.99..0.992]	[53779.176..53887.82]	[0.48..0.52]	[0.272..0.573]	0.91742754	[49238.82..49587.68]
Group-1	PE 36:3:0	283.26	240604_eggPE_25-35_2.mzXML	30.0	65625.1	0.0	0.0	[0.0..0.0]	[0.0..1.0]	[0.967..0.973]	[63459.473..63853.223]	[0.446..0.482]	[0.27..0.57]	[0.969..0.97]	[63590.723..63656.35]	[0.483..0.528]	[0.272..0.573]	0.91742754	[58219.47..58580.707]
Group-1	PE 36:3:0	283.26	240604_eggPE_25-35_2.mzXML	35.0	72427.8	0.0	0.0	[0.0..0.0]	[0.0..1.0]	[0.964..0.969]	[69820.4..70182.53]	[0.479..0.529]	[0.27..0.57]	[0.965..0.967]	[69892.82..70037.68]	[0.499..0.557]	[0.272..0.573]	0.91742754	[64055.156..64387.39]
Group-1	PE 36:3:0	305.25	240604_eggPE_25-35_2.mzXML	25.0	183300.1	0.0	0.0	[5.0..11.0]	[0.2..1.0]	[0.757..1.098]	[138758.17..201263.52]	[0.63..0.712]	[0.75..1.0]	[0.741..1.098]	[135825.38..201263.52]	[0.625..0.712]	[0.75..1.0]	0.91742754	[127300.57..184644.69]
Group-1	PE 36:3:0	305.25	240604_eggPE_25-35_2.mzXML	30.0	155129.5	0.0	0.0	[5.0..11.0]	[0.2..1.0]	[0.91..1.337]	[141167.84..207408.14]	[0.61..0.696]	[0.75..1.0]	[0.896..1.337]	[138996.03..207408.14]	[0.606..0.696]	[0.75..1.0]	0.91742754	[129511.27..190281.95]
Group-1	PE 36:3:0	305.25	240604_eggPE_25-35_2.mzXML	35.0	124939.1	0.0	0.0	[5.0..11.0]	[1.0..1.0]	[1.181..1.783]	[147553.08..222766.42]	[0.599..0.693]	[0.75..1.0]	[1.097..1.783]	[137058.19..222766.42]	[0.581..0.693]	[0.75..1.0]	0.91742754	[135369.25..204372.05]
Group-1	PE 36:4:0	255.23	240604_eggPE_25-35_2.mzXML	25.0	793309.8	0.0	0.0	[0.0..0.0]	[0.0..0.0]	[1.0..1.0]	[793309.8..793309.8]	[0.227..0.227]	[0.0..0.0]	[1.0..1.0]	[793309.8..793309.8]	[0.227..0.227]	[0.0..0.0]	0.91958064	[729512.4..729512.4]
Group-1	PE 36:4:0	255.23	240604_eggPE_25-35_2.mzXML	30.0	852179.8	0.0	0.0	[0.0..0.0]	[0.0..0.0]	[1.0..1.0]	[852179.8..852179.8]	[0.258..0.258]	[0.0..0.0]	[1.0..1.0]	[852179.8..852179.8]	[0.258..0.258]	[0.0..0.0]	0.91958064	[783648.06..783648.06]
Group-1	PE 36:4:0	255.23	240604_eggPE_25-35_2.mzXML	35.0	796738.1	0.0	0.0	[0.0..0.0]	[0.0..0.0]	[1.0..1.0]	[796738.1..796738.1]	[0.278..0.278]	[0.0..0.0]	[1.0..1.0]	[796738.1..796738.1]	[0.278..0.278]	[0.0..0.0]	0.91958064	[732664.94..732664.94]
Group-1	PE 36:4:0	277.22	240604_eggPE_25-35_2.mzXML	25.0	18582.9	0.0	0.0	[6.0..9.0]	[0.0..0.0]	[1.026..1.053]	[19066.057..19567.793]	[0.526..0.532]	[0.37..0.72]	[0.718..0.822]	[13342.522..15275.145]	[0.437..0.47]	[0.368..0.718]	0.91958064	[17532.775..17994.164]
Group-1	PE 36:4:0	277.22	240604_eggPE_25-35_2.mzXML	30.0	14716.9	0.0	0.0	[6.0..9.0]	[0.0..0.0]	[1.167..1.308]	[17174.623..19249.705]	[0.447..0.475]	[0.37..0.72]	[0.98..1.161]	[14422.5625..17086.322]	[0.404..0.445]	[0.368..0.718]	0.91958064	[15793.451..17701.656]
Group-1	PE 36:4:0	277.22	240604_eggPE_25-35_2.mzXML	35.0	11231.8	0.0	0.0	[6.0..9.0]	[0.0..0.0]	[1.437..1.757]	[16140.097..19734.271]	[0.536..0.586]	[0.37..0.72]	[1.294..1.622]	[14533.949..18217.979]	[0.51..0.566]	[0.368..0.718]	0.91958064	[14842.121..18147.254]
Group-1	PE 36:4:0	279.23	240604_eggPE_25-35_2.mzXML	25.0	134882.4	0.0	0.0	[9.0..9.0]	[0.5..0.5]	[0.92..0.92]	[124091.81..124091.81]	[0.5..0.5]	[0.5..0.5]	[0.92..0.92]	[124091.81..124091.81]	[0.5..0.5]	[0.5..0.5]	0.91958064	[114112.43..114112.43]
Group-1	PE 36:4:0	279.23	240604_eggPE_25-35_2.mzXML	30.0	141170.1	0.0	0.0	[9.0..9.0]	[0.5..0.5]	[0.956..0.956]	[134958.61..134958.61]	[0.5..0.5]	[0.5..0.5]	[0.956..0.956]	[134958.61..134958.61]	[0.5..0.5]	[0.5..0.5]	0.91958064	[124105.32..124105.32]
Group-1	PE 36:4:0	279.23	240604_eggPE_25-35_2.mzXML	35.0	117560.8	0.0	0.0	[9.0..9.0]	[0.5..0.5]	[1.032..1.032]	[121322.734..121322.734]	[0.5..0.5]	[0.5..0.5]	[1.032..1.032]	[121322.734..121322.734]	[0.5..0.5]	[0.5..0.5]	0.91958064	[111566.04..111566.04]
Group-1	PE 36:4:0	281.25	240604_eggPE_25-35_2.mzXML	25.0	18052.0	0.0	0.0	[9.0..9.0]	[1.0..1.0]	[0.953..0.953]	[17203.557..17203.557]	[0.468..0.474]	[0.28..0.63]	[0.953..0.953]	[17203.557..17203.557]	[0.53..0.563]	[0.282..0.632]	0.91958064	[15820.057..15820.057]
Group-1	PE 36:4:0	281.25	240604_eggPE_25-35_2.mzXML	30.0	23000.2	0.0	0.0	[9.0..9.0]	[1.0..1.0]	[0.925..0.925]	[21275.184..21275.184]	[0.525..0.553]	[0.28..0.63]	[0.925..0.925]	[21275.184..21275.184]	[0.555..0.596]	[0.282..0.632]	0.91958064	[19564.248..19564.248]
Group-1	PE 36:4:0	281.25	240604_eggPE_25-35_2.mzXML	35.0	15077.5	0.0	0.0	[9.0..9.0]	[1.0..1.0]	[0.926..0.926]	[13961.765..13961.765]	[0.414..0.464]	[0.28..0.63]	[0.926..0.926]	[13961.765..13961.765]	[0.434..0.49]	[0.282..0.632]	0.91958064	[12838.969..12838.969]
Group-1	PE 36:4:0	303.23	240604_eggPE_25-35_2.mzXML	25.0	1995912.1	148344.0	0.074323915	[5.0..5.0]	[1.0..1.0]	[1.357..1.357]	[2708452.8..2708452.8]	[0.773..0.773]	[1.0..1.0]	[1.357..1.357]	[2708452.8..2708452.8]	[0.773..0.773]	[1.0..1.0]	0.91958064	[2490640.8..2490640.8]
Group-1	PE 36:4:0	303.23	240604_eggPE_25-35_2.mzXML	30.0	1245214.5	149483.1	0.12004606	[5.0..5.0]	[1.0..1.0]	[1.973..1.973]	[2456808.2..2456808.2]	[0.742..0.742]	[1.0..1.0]	[1.973..1.973]	[2456808.2..2456808.2]	[0.742..0.742]	[1.0..1.0]	0.91958064	[2259233.2..2259233.2]
Group-1	PE 36:4:0	303.23	240604_eggPE_25-35_2.mzXML	35.0	640582.3	94904.1	0.14815286	[5.0..5.0]	[1.0..1.0]	[3.232..3.232]	[2070362.1..2070362.1]	[0.722..0.722]	[1.0..1.0]	[3.232..3.232]	[2070362.1..2070362.1]	[0.722..0.722]	[1.0..1.0]	0.91958064	[1903864.8..1903864.8]
Group-1	PE 36:5:0	227.2	240604_eggPE_25-35_2.mzXML	25.0	1245.4	0.0	0.0	[0.0..0.0]	[0.0..0.0]	[1.019..1.019]	[1269.063..1269.063]	[0.326..0.383]	[0.0..1.0]	[1.019..1.019]	[1269.0627..1269.0627]	[0.326..0.39]	[0.0..1.0]	0.92174476	[1169.7518..1169.7518]
Group-1	PE 36:5:0	227.2	240604_eggPE_25-35_2.mzXML	30.0	1012.4	0.0	0.0	[0.0..0.0]	[0.0..0.0]	[1.043..1.043]	[1055.933..1055.933]	[0.285..0.385]	[0.0..1.0]	[1.043..1.043]	[1055.9332..1055.9332]	[0.285..0.388]	[0.0..1.0]	0.92174476	[973.3009..973.3009]
Group-1	PE 36:5:0	227.2	240604_eggPE_25-35_2.mzXML	35.0	1446.9	0.0	0.0	[0.0..0.0]	[0.0..0.0]	[1.047..1.047]	[1514.904..1514.904]	[1.0..1.0]	[0.0..1.0]	[1.047..1.047]	[1514.9044..1514.9044]	[1.0..1.0]	[0.0..1.0]	0.92174476	[1396.3551..1396.3551]
Group-1	PE 36:5:0	253.22	240604_eggPE_25-35_2.mzXML	25.0	4055.0	0.0	0.0	[9.0..9.0]	[0.0..0.0]	[0.963..0.963]	[3904.965..3904.965]	[0.207..0.228]	[0.0..0.09]	[0.963..0.963]	[3904.965..3904.965]	[0.207..0.249]	[0.0..0.085]	0.92174476	[3599.381..3599.381]
Group-1	PE 36:5:0	253.22	240604_eggPE_25-35_2.mzXML	30.0	4553.0	0.0	0.0	[9.0..9.0]	[0.0..0.0]	[0.982..0.982]	[4471.046..4471.046]	[0.244..0.296]	[0.0..0.09]	[0.982..0.982]	[4471.046..4471.046]	[0.244..0.308]	[0.0..0.085]	0.92174476	[4121.1636..4121.1636]
Group-1	PE 36:5:0	253.22	240604_eggPE_25-35_2.mzXML	35.0	4243.1	0.0	0.0	[9.0..9.0]	[0.0..0.0]	[1.021..1.021]	[4332.205..4332.205]	[0.255..0.336]	[0.0..0.09]	[1.021..1.021]	[4332.205..4332.205]	[0.255..0.343]	[0.0..0.085]	0.92174476	[3993.1875..3993.1875]
Group-1	PE 36:5:0	255.23	240604_eggPE_25-35_2.mzXML	25.0	38785.8	0.0	0.0	[0.0..0.0]	[0.0..1.0]	[1.0..1.0]	[38785.8..38785.8]	[0.879..0.887]	[1.0..1.0]	[1.0..1.0]	[38785.8..38785.8]	[0.887..0.887]	[1.0..1.0]	0.92174476	[35750.61..35750.61]
Group-1	PE 36:5:0	255.23	240604_eggPE_25-35_2.mzXML	30.0	47539.1	0.0	0.0	[0.0..0.0]	[1.0..1.0]	[1.0..1.0]	[47539.1..47539.1]	[0.9..0.9]	[1.0..1.0]	[1.0..1.0]	[47539.1..47539.1]	[0.9..0.9]	[1.0..1.0]	0.92174476	[43818.918..43818.918]
Group-1	PE 36:5:0	255.23	240604_eggPE_25-35_2.mzXML	35.0	52116.8	0.0	0.0	[0.0..0.0]	[0.0..0.0]	[1.0..1.0]	[52116.8..52116.8]	[1.0..1.0]	[1.0..1.0]	[1.0..1.0]	[52116.8..52116.8]	[1.0..1.0]	[1.0..1.0]	0.92174476	[48038.387..48038.387]
Group-1	PE 36:5:0	277.22	240604_eggPE_25-35_2.mzXML	25.0	3522.9	0.0	0.0	[6.0..9.0]	[0.0..0.0]	[1.026..1.053]	[3614.495..3709.614]	[0.223..0.227]	[0.0..0.0]	[1.026..1.053]	[3614.4954..3709.6135]	[0.223..0.227]	[0.0..0.0]	0.92174476	[3331.6423..3419.317]
Group-1	PE 36:5:0	277.22	240604_eggPE_25-35_2.mzXML	30.0	2571.9	0.0	0.0	[6.0..9.0]	[0.0..0.0]	[1.167..1.308]	[3001.407..3364.045]	[0.18..0.198]	[0.0..0.0]	[1.167..1.308]	[3001.4072..3364.045]	[0.18..0.198]	[0.0..0.0]	0.92174476	[2766.5315..3100.7908]
Group-1	PE 36:5:0	277.22	240604_eggPE_25-35_2.mzXML	35.0	1860.5	0.0	0.0	[6.0..9.0]	[0.0..0.0]	[1.437..1.757]	[2673.539..3268.899]	[0.176..0.207]	[0.0..0.0]	[1.437..1.757]	[2673.5386..3268.8984]	[0.176..0.207]	[0.0..0.0]	0.92174476	[2464.32..3013.09]
Group-1	PE 36:5:0	279.23	240604_eggPE_25-35_2.mzXML	25.0	13255.2	0.0	0.0	[9.0..9.0]	[1.0..1.0]	[0.952..0.952]	[12618.951..12618.951]	[0.773..0.777]	[1.0..1.0]	[0.952..0.952]	[12618.951..12618.951]	[0.773..0.777]	[1.0..1.0]	0.92174476	[11631.452..11631.452]
Group-1	PE 36:5:0	279.23	240604_eggPE_25-35_2.mzXML	30.0	14112.3	0.0	0.0	[9.0..9.0]	[1.0..1.0]	[0.967..0.967]	[13646.594..13646.594]	[0.802..0.82]	[1.0..1.0]	[0.967..0.967]	[13646.594..13646.594]	[0.802..0.82]	[1.0..1.0]	0.92174476	[12578.677..12578.677]
Group-1	PE 36:5:0	279.23	240604_eggPE_25-35_2.mzXML	35.0	12097.7	0.0	0.0	[9.0..9.0]	[1.0..1.0]	[1.034..1.034]	[12509.022..12509.022]	[0.793..0.824]	[1.0..1.0]	[1.034..1.034]	[12509.022..12509.022]	[0.793..0.824]	[1.0..1.0]	0.92174476	[11530.126..11530.126]
Group-1	PE 36:5:0	301.22	240604_eggPE_25-35_2.mzXML	25.0	2929.0	0.0	0.0	[5.0..5.0]	[0.0..1.0]	[1.688..1.831]	[4944.152..5362.999]	[0.113..0.121]	[0.0..0.0]	[1.688..1.688]	[4944.152..4944.152]	[0.113..0.113]	[0.0..0.0]	0.92174476	[4557.246..4943.3164]
Group-1	PE 36:5:0	301.22	240604_eggPE_25-35_2.mzXML	30.0	1737.3	0.0	0.0	[5.0..5.0]	[0.0..0.0]	[3.033..3.033]	[5269.231..5269.231]	[0.1..0.1]	[0.0..0.0]	[3.033..3.033]	[5269.231..5269.231]	[0.1..0.1]	[0.0..0.0]	0.92174476	[4856.8857..4856.8857]
Group-1	PE 36:5:0	301.22	240604_eggPE_25-35_2.mzXML	35.0	0.0	0.0	0.0	[5.0..5.0]	[1.0..1.0]	[7.069..7.069]	[0.0..0.0]	[0.0..0.0]	[0.0..0.0]	[7.069..7.069]	[0.0..0.0]	[0.0..0.0]	[0.0..0.0]	0.92174476	[0.0..0.0]
Group-1	PE 36:5:0	303.23	240604_eggPE_25-35_2.mzXML	25.0	11023.1	819.3	0.07432573	[5.0..5.0]	[1.0..1.0]	[1.198..1.357]	[13205.673..14958.346]	[0.772..0.793]	[0.91..1.0]	[1.067..1.357]	[11761.647..14958.346]	[0.751..0.793]	[0.915..1.0]	0.92174476	[12172.26..13787.777]
Group-1	PE 36:5:0	303.23	240604_eggPE_25-35_2.mzXML	30.0	7003.2	969.3	0.13840815	[5.0..5.0]	[1.0..1.0]	[1.521..1.973]	[10651.868..13817.314]	[0.704..0.756]	[0.91..1.0]	[1.433..1.973]	[10035.586..13817.314]	[0.692..0.756]	[0.915..1.0]	0.92174476	[9818.304..12736.037]
Group-1	PE 36:5:0	303.23	240604_eggPE_25-35_2.mzXML	35.0	3918.8	0.0	0.0	[5.0..8.0]	[1.0..1.0]	[2.183..3.232]	[8554.741..12665.562]	[0.664..0.745]	[0.91..1.0]	[2.113..3.232]	[8280.424..12665.5625]	[0.657..0.745]	[0.915..1.0]	0.92174476	[7885.288..11674.416]
Group-1	PE 36:5:0	329.25	240604_eggPE_25-35_2.mzXML	25.0	1467.7	0.0	0.0	[4.0..7.0]	[1.0..1.0]	[1.391..1.787]	[2041.571..2622.78]	[0.617..0.674]	[0.0..1.0]	[1.354..1.787]	[1987.2657..2622.7798]	[0.61..0.674]	[0.0..1.0]	0.92174476	[1881.807..2417.5334]
Group-1	PE 36:5:0	329.25	240604_eggPE_25-35_2.mzXML	30.0	802.6	0.0	0.0	[4.0..7.0]	[1.0..1.0]	[2.1..3.303]	[1685.46..2650.988]	[0.615..0.715]	[0.0..1.0]	[2.079..3.303]	[1668.6053..2650.9878]	[0.612..0.715]	[0.0..1.0]	0.92174476	[1553.5637..2443.534]
Group-1	PE 36:5:0	329.25	240604_eggPE_25-35_2.mzXML	35.0	0.0	0.0	0.0	[4.0..7.0]	[1.0..1.0]	[3.775..7.227]	[0.0..0.0]	[0.0..0.0]	[0.0..1.0]	[3.754..7.227]	[0.0..0.0]	[0.0..0.0]	[0.0..1.0]	0.92174476	[0.0..0.0]
Group-1	PE 37:1:0	269.25	240604_eggPE_25-35_2.mzXML	25.0	3703.6	0.0	0.0	[0.0..0.0]	[0.0..0.0]	[0.993..0.993]	[3677.675..3677.675]	[0.286..0.286]	[0.0..0.05]	[0.993..0.993]	[3677.6748..3677.6748]	[0.286..0.286]	[0.0..0.052]	0.89867145	[3305.0212..3305.0212]
Group-1	PE 37:1:0	269.25	240604_eggPE_25-35_2.mzXML	30.0	5145.3	0.0	0.0	[0.0..0.0]	[0.0..0.0]	[0.982..0.982]	[5052.685..5052.685]	[0.317..0.317]	[0.0..0.05]	[0.982..0.982]	[5052.6846..5052.6846]	[0.317..0.317]	[0.0..0.052]	0.89867145	[4540.703..4540.703]
Group-1	PE 37:1:0	269.25	240604_eggPE_25-35_2.mzXML	35.0	4448.9	0.0	0.0	[0.0..0.0]	[0.0..0.0]	[0.981..0.981]	[4364.371..4364.371]	[0.323..0.323]	[0.0..0.05]	[0.981..0.981]	[4364.3706..4364.3706]	[0.323..0.323]	[0.0..0.052]	0.89867145	[3922.1355..3922.1355]
Group-1	PE 37:1:0	281.25	240604_eggPE_25-35_2.mzXML	25.0	229328.0	0.0	0.0	[9.0..9.0]	[0.0..1.0]	[0.912..0.953]	[209147.14..218549.6]	[0.953..0.954]	[1.0..1.0]	[0.953..0.953]	[218549.6..218549.6]	[0.955..0.955]	[1.0..1.0]	0.89867145	[187954.56..196404.28]
Group-1	PE 37:1:0	281.25	240604_eggPE_25-35_2.mzXML	30.0	269390.2	0.0	0.0	[9.0..9.0]	[0.0..1.0]	[0.913..0.925]	[245953.23..249185.92]	[0.955..0.955]	[1.0..1.0]	[0.925..0.925]	[249185.92..249185.92]	[0.955..0.955]	[1.0..1.0]	0.89867145	[221031.16..223936.28]
Group-1	PE 37:1:0	281.25	240604_eggPE_25-35_2.mzXML	35.0	243050.8	0.0	0.0	[9.0..9.0]	[0.0..1.0]	[0.926..0.947]	[225065.03..230169.11]	[0.951..0.952]	[1.0..1.0]	[0.947..0.947]	[230169.11..230169.11]	[0.952..0.952]	[1.0..1.0]	0.89867145	[202259.53..206846.4]
Group-1	PE 37:1:0	283.26	240604_eggPE_25-35_2.mzXML	25.0	273313.9	0.0	0.0	[0.0..0.0]	[0.7..0.7]	[0.993..0.993]	[271400.7..271400.7]	[0.92..0.92]	[1.0..1.0]	[0.993..0.993]	[271400.7..271400.7]	[0.92..0.92]	[1.0..1.0]	0.89867145	[243900.06..243900.06]
Group-1	PE 37:1:0	283.26	240604_eggPE_25-35_2.mzXML	30.0	345347.9	0.0	0.0	[0.0..0.0]	[0.0..0.7]	[0.967..0.971]	[333951.44..335332.8]	[0.93..0.93]	[1.0..1.0]	[0.971..0.971]	[335332.8..335332.8]	[0.931..0.931]	[1.0..1.0]	0.89867145	[300112.62..301354.03]
Group-1	PE 37:1:0	283.26	240604_eggPE_25-35_2.mzXML	35.0	323145.8	0.0	0.0	[0.0..0.0]	[0.0..0.0]	[0.964..0.964]	[311512.56..311512.56]	[0.939..0.939]	[1.0..1.0]	[0.964..0.964]	[311512.56..311512.56]	[0.939..0.939]	[1.0..1.0]	0.89867145	[279947.44..279947.44]
Group-1	PE 37:1:0	295.26	240604_eggPE_25-35_2.mzXML	25.0	26251.3	0.0	0.0	[9.0..9.0]	[0.3..0.3]	[0.905..0.905]	[23757.426..23757.426]	[0.08..0.08]	[0.0..0.0]	[0.905..0.905]	[23757.426..23757.426]	[0.08..0.08]	[0.0..0.0]	0.89867145	[21350.121..21350.121]
Group-1	PE 37:1:0	295.26	240604_eggPE_25-35_2.mzXML	30.0	28123.2	0.0	0.0	[9.0..9.0]	[0.3..1.0]	[0.889..0.899]	[25001.523..25282.756]	[0.07..0.07]	[0.0..0.0]	[0.889..0.889]	[25001.523..25001.523]	[0.069..0.069]	[0.0..0.0]	0.89867145	[22468.156..22720.89]
Group-1	PE 37:1:0	295.26	240604_eggPE_25-35_2.mzXML	35.0	22469.2	0.0	0.0	[9.0..9.0]	[1.0..1.0]	[0.902..0.902]	[20267.219..20267.219]	[0.061..0.061]	[0.0..0.0]	[0.902..0.902]	[20267.219..20267.219]	[0.061..0.061]	[0.0..0.0]	0.89867145	[18213.57..18213.57]
Group-1	PE 37:1:0	297.28	240604_eggPE_25-35_2.mzXML	25.0	10556.7	0.0	0.0	[0.0..0.0]	[0.0..1.0]	[0.984..0.994]	[10387.793..10493.36]	[0.046..0.047]	[0.0..0.0]	[0.984..0.984]	[10387.793..10387.793]	[0.045..0.045]	[0.0..0.0]	0.89867145	[9335.213..9430.083]
Group-1	PE 37:1:0	297.28	240604_eggPE_25-35_2.mzXML	30.0	12266.6	0.0	0.0	[0.0..0.0]	[0.0..1.0]	[0.954..0.961]	[11702.336..11788.202]	[0.045..0.045]	[0.0..0.0]	[0.954..0.954]	[11702.336..11702.336]	[0.045..0.045]	[0.0..0.0]	0.89867145	[10516.555..10593.721]
Group-1	PE 37:1:0	297.28	240604_eggPE_25-35_2.mzXML	35.0	12276.3	0.0	0.0	[0.0..0.0]	[0.0..1.0]	[0.95..0.954]	[11662.484..11711.59]	[0.048..0.049]	[0.0..0.0]	[0.95..0.95]	[11662.484..11662.484]	[0.048..0.048]	[0.0..0.0]	0.89867145	[10480.742..10524.872]
Group-1	PE 37:1:0	309.28	240604_eggPE_25-35_2.mzXML	25.0	9949.7	0.0	0.0	[11.0..11.0]	[1.0..1.0]	[0.924..0.924]	[9193.523..9193.523]	[0.714..0.714]	[0.95..1.0]	[0.924..0.924]	[9193.523..9193.523]	[0.714..0.714]	[0.948..1.0]	0.89867145	[8261.957..8261.957]
Group-1	PE 37:1:0	309.28	240604_eggPE_25-35_2.mzXML	30.0	12455.6	0.0	0.0	[11.0..11.0]	[1.0..1.0]	[0.874..0.874]	[10886.194..10886.194]	[0.683..0.683]	[0.95..1.0]	[0.874..0.874]	[10886.194..10886.194]	[0.683..0.683]	[0.948..1.0]	0.89867145	[9783.112..9783.112]
Group-1	PE 37:1:0	309.28	240604_eggPE_25-35_2.mzXML	35.0	10580.5	0.0	0.0	[11.0..11.0]	[1.0..1.0]	[0.866..0.866]	[9162.713..9162.713]	[0.677..0.677]	[0.95..1.0]	[0.866..0.866]	[9162.713..9162.713]	[0.677..0.677]	[0.948..1.0]	0.89867145	[8234.269..8234.269]
Group-1	PE 38:1:0	281.25	240604_eggPE_25-35_2.mzXML	25.0	294094.8	0.0	0.0	[9.0..9.0]	[0.0..1.0]	[0.912..0.953]	[268214.47..280272.34]	[0.983..0.984]	[1.0..1.0]	[0.953..0.953]	[280272.34..280272.34]	[0.984..0.984]	[1.0..1.0]	0.8846578	[237278.02..247945.12]
Group-1	PE 38:1:0	281.25	240604_eggPE_25-35_2.mzXML	30.0	312894.8	0.0	0.0	[9.0..9.0]	[0.0..1.0]	[0.913..0.925]	[285672.97..289427.72]	[0.987..0.987]	[1.0..1.0]	[0.925..0.925]	[289427.72..289427.72]	[0.987..0.987]	[1.0..1.0]	0.8846578	[252722.81..256044.48]
Group-1	PE 38:1:0	281.25	240604_eggPE_25-35_2.mzXML	35.0	274268.3	0.0	0.0	[9.0..9.0]	[0.0..1.0]	[0.926..0.947]	[253972.45..259732.1]	[0.988..0.988]	[1.0..1.0]	[0.947..0.947]	[259732.1..259732.1]	[0.988..0.988]	[1.0..1.0]	0.8846578	[224678.72..229774.03]
Group-1	PE 38:1:0	283.26	240604_eggPE_25-35_2.mzXML	25.0	144882.6	0.0	0.0	[0.0..0.0]	[0.0..0.0]	[0.988..0.988]	[143144.0..143144.0]	[0.681..0.681]	[0.93..1.0]	[0.988..0.988]	[143144.0..143144.0]	[0.681..0.681]	[0.934..1.0]	0.8846578	[126633.45..126633.45]
Group-1	PE 38:1:0	283.26	240604_eggPE_25-35_2.mzXML	30.0	188329.2	0.0	0.0	[0.0..0.0]	[0.0..0.100000024]	[0.967..0.968]	[182114.34..182302.67]	[0.704..0.704]	[0.93..1.0]	[0.968..0.968]	[182302.67..182302.67]	[0.704..0.704]	[0.934..1.0]	0.8846578	[161108.88..161275.48]
Group-1	PE 38:1:0	283.26	240604_eggPE_25-35_2.mzXML	35.0	177274.8	0.0	0.0	[0.0..0.0]	[0.100000024..0.100000024]	[0.965..0.965]	[171070.17..171070.17]	[0.723..0.723]	[0.93..1.0]	[0.965..0.965]	[171070.17..171070.17]	[0.723..0.723]	[0.934..1.0]	0.8846578	[151338.56..151338.56]
Group-1	PE 38:1:0	309.28	240604_eggPE_25-35_2.mzXML	25.0	72639.4	0.0	0.0	[11.0..11.0]	[1.0..1.0]	[0.924..0.924]	[67118.805..67118.805]	[0.319..0.319]	[0.0..0.07]	[0.924..0.924]	[67118.805..67118.805]	[0.319..0.319]	[0.0..0.066]	0.8846578	[59377.176..59377.176]
Group-1	PE 38:1:0	309.28	240604_eggPE_25-35_2.mzXML	30.0	87672.3	0.0	0.0	[11.0..11.0]	[0.9..1.0]	[0.873..0.874]	[76537.914..76625.586]	[0.296..0.296]	[0.0..0.07]	[0.873..0.873]	[76537.914..76537.914]	[0.296..0.296]	[0.0..0.066]	0.8846578	[67709.87..67787.43]
Group-1	PE 38:1:0	309.28	240604_eggPE_25-35_2.mzXML	35.0	75614.5	0.0	0.0	[11.0..11.0]	[0.9..0.9]	[0.867..0.867]	[65557.77..65557.77]	[0.277..0.277]	[0.0..0.07]	[0.867..0.867]	[65557.77..65557.77]	[0.277..0.277]	[0.0..0.066]	0.8846578	[57996.195..57996.195]
Group-1	PE 38:1:0	311.29	240604_eggPE_25-35_2.mzXML	25.0	4636.9	0.0	0.0	[0.0..0.0]	[0.0..1.0]	[0.982..0.995]	[4553.436..4613.716]	[0.016..0.017]	[0.0..0.0]	[0.982..0.982]	[4553.4355..4553.4355]	[0.016..0.016]	[0.0..0.0]	0.8846578	[4028.2324..4081.5596]
Group-1	PE 38:1:0	311.29	240604_eggPE_25-35_2.mzXML	30.0	4067.2	0.0	0.0	[0.0..0.0]	[0.0..1.0]	[0.944..0.95]	[3839.437..3863.84]	[0.013..0.013]	[0.0..0.0]	[0.944..0.944]	[3839.4368..3839.4368]	[0.013..0.013]	[0.0..0.0]	0.8846578	[3396.5876..3418.176]
Group-1	PE 38:1:0	311.29	240604_eggPE_25-35_2.mzXML	35.0	3346.6	0.0	0.0	[0.0..0.0]	[0.0..1.0]	[0.939..0.94]	[3142.458..3145.804]	[0.012..0.012]	[0.0..0.0]	[0.939..0.939]	[3142.4575..3142.4575]	[0.012..0.012]	[0.0..0.0]	0.8846578	[2779.9995..2782.9602]
Group-1	PE 38:4:0	255.23	240604_eggPE_25-35_2.mzXML	25.0	52254.5	0.0	0.0	[0.0..0.0]	[0.0..0.9]	[1.0..1.0]	[52254.5..52254.5]	[0.284..0.332]	[0.0..0.46]	[1.0..1.0]	[52254.5..52254.5]	[0.284..0.387]	[0.0..0.462]	0.89064664	[46540.293..46540.293]
Group-1	PE 38:4:0	255.23	240604_eggPE_25-35_2.mzXML	30.0	54906.9	0.0	0.0	[0.0..0.0]	[0.0..0.0]	[1.0..1.0]	[54906.9..54906.9]	[0.307..0.341]	[0.0..0.46]	[1.0..1.0]	[54906.9..54906.9]	[0.307..0.386]	[0.0..0.462]	0.89064664	[48902.645..48902.645]
Group-1	PE 38:4:0	255.23	240604_eggPE_25-35_2.mzXML	35.0	84837.3	0.0	0.0	[0.0..0.0]	[0.0..0.9]	[1.0..1.0]	[84837.3..84837.3]	[0.414..0.485]	[0.0..0.46]	[1.0..1.0]	[84837.3..84837.3]	[0.414..0.501]	[0.0..0.462]	0.89064664	[75560.055..75560.055]
Group-1	PE 38:4:0	281.25	240604_eggPE_25-35_2.mzXML	25.0	19870.7	0.0	0.0	[9.0..9.0]	[0.0..0.0]	[0.912..0.912]	[18122.078..18122.078]	[0.259..0.279]	[0.0..0.06]	[0.912..0.912]	[18122.078..18122.078]	[0.259..0.295]	[0.0..0.065]	0.89064664	[16140.367..16140.367]
Group-1	PE 38:4:0	281.25	240604_eggPE_25-35_2.mzXML	30.0	15401.3	0.0	0.0	[9.0..9.0]	[0.0..0.0]	[0.913..0.913]	[14061.387..14061.387]	[0.236..0.286]	[0.0..0.06]	[0.913..0.913]	[14061.387..14061.387]	[0.236..0.294]	[0.0..0.065]	0.89064664	[12523.727..12523.727]
Group-1	PE 38:4:0	281.25	240604_eggPE_25-35_2.mzXML	35.0	13220.4	0.0	0.0	[9.0..9.0]	[0.0..0.0]	[0.947..0.947]	[12519.72..12519.72]	[0.244..0.328]	[0.0..0.06]	[0.947..0.947]	[12519.72..12519.72]	[0.244..0.333]	[0.0..0.065]	0.89064664	[11150.646..11150.646]
Group-1	PE 38:4:0	283.26	240604_eggPE_25-35_2.mzXML	25.0	2753606.8	0.0	0.0	[0.0..0.0]	[0.0..0.0]	[0.988..0.988]	[2720563.5..2720563.5]	[0.223..0.223]	[0.0..0.0]	[0.988..0.988]	[2720563.5..2720563.5]	[0.223..0.223]	[0.0..0.0]	0.89064664	[2423060.5..2423060.5]
Group-1	PE 38:4:0	283.26	240604_eggPE_25-35_2.mzXML	30.0	3104052.8	0.0	0.0	[0.0..0.0]	[0.0..0.0]	[0.967..0.967]	[3001619.0..3001619.0]	[0.243..0.243]	[0.0..0.0]	[0.967..0.967]	[3001619.0..3001619.0]	[0.243..0.243]	[0.0..0.0]	0.89064664	[2673382.0..2673382.0]
Group-1	PE 38:4:0	283.26	240604_eggPE_25-35_2.mzXML	35.0	3036367.8	0.0	0.0	[0.0..0.0]	[0.0..0.0]	[0.964..0.964]	[2927058.5..2927058.5]	[0.271..0.271]	[0.0..0.0]	[0.964..0.964]	[2927058.5..2927058.5]	[0.271..0.271]	[0.0..0.0]	0.89064664	[2606974.8..2606974.8]
Group-1	PE 38:4:0	303.23	240604_eggPE_25-35_2.mzXML	25.0	6970666.5	505804.9	0.07256191	[5.0..5.0]	[1.0..1.0]	[1.357..1.357]	[9459194.0..9459194.0]	[0.777..0.777]	[1.0..1.0]	[1.357..1.357]	[9459194.0..9459194.0]	[0.777..0.777]	[1.0..1.0]	0.89064664	[8424799.0..8424799.0]
Group-1	PE 38:4:0	303.23	240604_eggPE_25-35_2.mzXML	30.0	4732585.5	536756.7	0.113417216	[5.0..5.0]	[1.0..1.0]	[1.973..1.973]	[9337391.0..9337391.0]	[0.757..0.757]	[1.0..1.0]	[1.973..1.973]	[9337391.0..9337391.0]	[0.757..0.757]	[1.0..1.0]	0.89064664	[8316316.5..8316316.5]
Group-1	PE 38:4:0	303.23	240604_eggPE_25-35_2.mzXML	35.0	2437299.2	366293.4	0.1502866	[5.0..5.0]	[1.0..1.0]	[3.232..3.232]	[7877351.5..7877351.5]	[0.729..0.729]	[1.0..1.0]	[3.232..3.232]	[7877351.5..7877351.5]	[0.729..0.729]	[1.0..1.0]	0.89064664	[7015937.0..7015937.0]
Group-1	PE 38:4:0	305.25	240604_eggPE_25-35_2.mzXML	25.0	47222.5	0.0	0.0	[5.0..11.0]	[1.0..1.0]	[0.991..1.098]	[46797.496..51850.31]	[0.721..0.741]	[0.94..1.0]	[0.916..1.098]	[43255.81..51850.31]	[0.705..0.741]	[0.935..1.0]	0.89064664	[41680.035..46180.305]
Group-1	PE 38:4:0	305.25	240604_eggPE_25-35_2.mzXML	30.0	33970.8	0.0	0.0	[5.0..11.0]	[1.0..1.0]	[1.033..1.337]	[35091.836..45418.96]	[0.714..0.764]	[0.94..1.0]	[0.992..1.337]	[33699.035..45418.96]	[0.706..0.764]	[0.935..1.0]	0.89064664	[31254.426..40452.242]
Group-1	PE 38:4:0	305.25	240604_eggPE_25-35_2.mzXML	35.0	21706.9	0.0	0.0	[5.0..11.0]	[1.0..1.0]	[1.181..1.783]	[25635.85..38703.402]	[0.672..0.756]	[0.94..1.0]	[1.155..1.783]	[25071.469..38703.402]	[0.667..0.756]	[0.935..1.0]	0.89064664	[22832.482..34471.055]
Group-1	PE 38:4:0	331.26	240604_eggPE_25-35_2.mzXML	25.0	118236.0	0.0	0.0	[7.0..10.0]	[0.1..1.0]	[0.891..1.113]	[105348.27..131596.67]	[0.668..0.716]	[0.54..1.0]	[0.699..1.113]	[82646.96..131596.67]	[0.613..0.716]	[0.538..1.0]	0.89064664	[93828.08..117206.13]
Group-1	PE 38:4:0	331.26	240604_eggPE_25-35_2.mzXML	30.0	87199.2	0.0	0.0	[7.0..10.0]	[1.0..1.0]	[1.219..1.419]	[106295.83..123735.67]	[0.659..0.693]	[0.54..1.0]	[1.0..1.419]	[87199.2..123735.67]	[0.614..0.693]	[0.538..1.0]	0.89064664	[94672.02..110204.766]
Group-1	PE 38:4:0	331.26	240604_eggPE_25-35_2.mzXML	35.0	57914.6	0.0	0.0	[7.0..10.0]	[0.1..1.0]	[1.555..2.077]	[90057.2..120288.625]	[0.515..0.586]	[0.54..1.0]	[1.457..2.077]	[84381.58..120288.625]	[0.499..0.586]	[0.538..1.0]	0.89064664	[80209.15..107134.66]
Group-1	PE 38:5:0	255.23	240604_eggPE_25-35_2.mzXML	25.0	535837.1	0.0	0.0	[0.0..0.0]	[0.0..0.0]	[1.0..1.0]	[535837.1..535837.1]	[0.267..0.272]	[0.0..0.08]	[1.0..1.0]	[535837.1..535837.1]	[0.267..0.293]	[0.0..0.078]	0.8926658	[478323.47..478323.47]
Group-1	PE 38:5:0	255.23	240604_eggPE_25-35_2.mzXML	30.0	644471.8	0.0	0.0	[0.0..0.0]	[0.0..0.0]	[1.0..1.0]	[644471.8..644471.8]	[0.304..0.312]	[0.0..0.08]	[1.0..1.0]	[644471.8..644471.8]	[0.304..0.324]	[0.0..0.078]	0.8926658	[575297.94..575297.94]
Group-1	PE 38:5:0	255.23	240604_eggPE_25-35_2.mzXML	35.0	591780.0	0.0	0.0	[0.0..0.0]	[0.0..0.0]	[1.0..1.0]	[591779.94..591779.94]	[0.323..0.333]	[0.0..0.08]	[1.0..1.0]	[591780.0..591780.0]	[0.323..0.34]	[0.0..0.078]	0.8926658	[528261.75..528261.75]
Group-1	PE 38:5:0	281.25	240604_eggPE_25-35_2.mzXML	25.0	165419.6	0.0	0.0	[9.0..9.0]	[0.0..0.100000024]	[0.912..0.916]	[150862.67..151524.34]	[0.232..0.263]	[0.0..0.02]	[0.912..0.912]	[150862.67..150862.67]	[0.232..0.244]	[0.0..0.019]	0.8926658	[134669.95..135260.61]
Group-1	PE 38:5:0	281.25	240604_eggPE_25-35_2.mzXML	30.0	189220.9	0.0	0.0	[9.0..9.0]	[0.0..0.100000024]	[0.913..0.914]	[172758.69..172947.9]	[0.253..0.281]	[0.0..0.02]	[0.913..0.913]	[172758.69..172758.69]	[0.253..0.271]	[0.0..0.019]	0.8926658	[154215.77..154384.67]
Group-1	PE 38:5:0	281.25	240604_eggPE_25-35_2.mzXML	35.0	174218.4	0.0	0.0	[9.0..9.0]	[0.0..0.0]	[0.947..0.947]	[164984.83..164984.83]	[0.286..0.31]	[0.0..0.02]	[0.947..0.947]	[164984.83..164984.83]	[0.286..0.312]	[0.0..0.019]	0.8926658	[147276.31..147276.31]
Group-1	PE 38:5:0	303.23	240604_eggPE_25-35_2.mzXML	25.0	368675.0	29306.7	0.079491965	[5.0..5.0]	[0.9..1.0]	[1.147..1.357]	[422870.22..500291.97]	[0.737..0.768]	[0.98..1.0]	[1.27..1.357]	[468217.25..500291.97]	[0.756..0.768]	[0.981..1.0]	0.8926658	[377481.78..446593.53]
Group-1	PE 38:5:0	303.23	240604_eggPE_25-35_2.mzXML	30.0	258970.8	22013.8	0.085004956	[5.9..6.0]	[0.9..1.0]	[1.706..1.973]	[441804.16..510949.4]	[0.719..0.747]	[0.98..1.0]	[1.797..1.973]	[465370.53..510949.4]	[0.729..0.747]	[0.981..1.0]	0.8926658	[394383.47..456107.06]
Group-1	PE 38:5:0	303.23	240604_eggPE_25-35_2.mzXML	35.0	127367.5	18937.4	0.14868315	[5.0..5.0]	[1.0..1.0]	[2.882..3.232]	[367073.12..411651.78]	[0.69..0.714]	[0.98..1.0]	[2.86..3.232]	[364271.03..411651.78]	[0.688..0.714]	[0.981..1.0]	0.8926658	[327673.62..367467.47]
Group-1	PE 38:5:0	329.25	240604_eggPE_25-35_2.mzXML	25.0	821802.3	210126.2	0.25568947	[4.0..4.0]	[1.0..1.0]	[1.747..1.787]	[1435688.6..1468560.6]	[0.728..0.733]	[0.92..1.0]	[1.576..1.787]	[1295160.4..1468560.6]	[0.707..0.733]	[0.922..1.0]	0.8926658	[1281590.1..1310933.9]
Group-1	PE 38:5:0	329.25	240604_eggPE_25-35_2.mzXML	30.0	446143.6	170591.3	0.3823686	[4.0..4.0]	[1.0..1.0]	[3.183..3.303]	[1420075.1..1473612.2]	[0.688..0.696]	[0.92..1.0]	[3.015..3.303]	[1345123.0..1473612.2]	[0.676..0.696]	[0.922..1.0]	0.8926658	[1267652.5..1315443.2]
Group-1	PE 38:5:0	329.25	240604_eggPE_25-35_2.mzXML	35.0	171972.7	74769.7	0.43477657	[4.2..4.3]	[1.0..1.0]	[6.882..7.227]	[1183516.1..1242846.8]	[0.667..0.677]	[0.92..1.0]	[6.673..7.227]	[1147573.9..1242846.8]	[0.66..0.677]	[0.922..1.0]	0.8926658	[1056484.4..1109446.9]
Group-1	PE 38:6:0	255.23	240604_eggPE_25-35_2.mzXML	25.0	694763.8	0.0	0.0	[0.0..0.0]	[0.0..0.0]	[1.0..1.0]	[694763.8..694763.8]	[0.437..0.437]	[0.35..0.53]	[1.0..1.0]	[694763.8..694763.8]	[0.437..0.437]	[0.349..0.533]	0.8946849	[621594.7..621594.7]
Group-1	PE 38:6:0	255.23	240604_eggPE_25-35_2.mzXML	30.0	740684.0	0.0	0.0	[0.0..0.0]	[0.0..0.0]	[1.0..1.0]	[740684.06..740684.06]	[0.47..0.47]	[0.35..0.53]	[1.0..1.0]	[740684.0..740684.0]	[0.47..0.47]	[0.349..0.533]	0.8946849	[662678.8..662678.8]
Group-1	PE 38:6:0	255.23	240604_eggPE_25-35_2.mzXML	35.0	696742.7	0.0	0.0	[0.0..0.0]	[0.0..0.0]	[1.0..1.0]	[696742.6..696742.6]	[0.513..0.513]	[0.35..0.53]	[1.0..1.0]	[696742.7..696742.7]	[0.513..0.513]	[0.349..0.533]	0.8946849	[623365.2..623365.2]
Group-1	PE 38:6:0	279.23	240604_eggPE_25-35_2.mzXML	25.0	12724.4	0.0	0.0	[9.0..9.0]	[0.0..0.0]	[0.922..0.922]	[11731.897..11731.897]	[0.308..0.335]	[0.04..0.45]	[0.922..0.922]	[11731.897..11731.897]	[0.319..0.433]	[0.04..0.452]	0.8946849	[10496.352..10496.352]
Group-1	PE 38:6:0	279.23	240604_eggPE_25-35_2.mzXML	30.0	12544.1	0.0	0.0	[9.0..9.0]	[0.0..0.0]	[0.965..0.965]	[12105.056..12105.056]	[0.329..0.389]	[0.04..0.45]	[0.965..0.965]	[12105.056..12105.056]	[0.335..0.437]	[0.04..0.452]	0.8946849	[10830.211..10830.211]
Group-1	PE 38:6:0	279.23	240604_eggPE_25-35_2.mzXML	35.0	15075.2	0.0	0.0	[9.0..9.0]	[0.0..0.0]	[1.069..1.069]	[16115.389..16115.389]	[0.385..0.481]	[0.04..0.45]	[1.069..1.069]	[16115.389..16115.389]	[0.389..0.508]	[0.04..0.452]	0.8946849	[14418.195..14418.195]
Group-1	PE 38:6:0	303.23	240604_eggPE_25-35_2.mzXML	25.0	19431.0	0.0	0.0	[5.0..8.0]	[1.0..1.0]	[1.198..1.357]	[23278.338..26367.867]	[0.665..0.692]	[0.55..0.96]	[0.792..1.287]	[15389.352..25007.695]	[0.567..0.681]	[0.548..0.96]	0.8946849	[20826.777..23590.934]
Group-1	PE 38:6:0	303.23	240604_eggPE_25-35_2.mzXML	30.0	12493.6	0.0	0.0	[5.0..8.0]	[1.0..1.0]	[1.521..1.973]	[19002.766..24649.873]	[0.611..0.671]	[0.55..0.96]	[1.246..1.92]	[15567.025..23987.71]	[0.563..0.665]	[0.548..0.96]	0.8946849	[17001.486..22053.87]
Group-1	PE 38:6:0	303.23	240604_eggPE_25-35_2.mzXML	35.0	7949.8	0.0	0.0	[5.0..8.0]	[1.0..1.0]	[2.183..3.232]	[17354.414..25693.754]	[0.519..0.615]	[0.55..0.96]	[1.965..3.183]	[15621.356..25304.213]	[0.492..0.611]	[0.548..0.96]	0.8946849	[15526.732..22987.814]
Group-1	PE 38:6:0	327.23	240604_eggPE_25-35_2.mzXML	25.0	339333.8	157899.6	0.46532232	[4.0..4.0]	[1.0..1.0]	[2.638..2.638]	[895162.6..895162.6]	[0.563..0.563]	[0.47..0.65]	[2.638..2.638]	[895162.6..895162.6]	[0.563..0.563]	[0.467..0.651]	0.8946849	[800888.5..800888.5]
Group-1	PE 38:6:0	327.23	240604_eggPE_25-35_2.mzXML	30.0	132023.8	105388.8	0.79825604	[4.0..4.0]	[1.0..1.0]	[6.322..6.322]	[834654.44..834654.44]	[0.53..0.53]	[0.47..0.65]	[6.322..6.322]	[834654.44..834654.44]	[0.53..0.53]	[0.467..0.651]	0.8946849	[746752.7..746752.7]
Group-1	PE 38:6:0	327.23	240604_eggPE_25-35_2.mzXML	35.0	35401.1	43903.8	1.2401818	[4.0..4.0]	[1.0..1.0]	[18.697..18.697]	[661894.44..661894.44]	[0.487..0.487]	[0.47..0.65]	[18.697..18.697]	[661894.44..661894.44]	[0.487..0.487]	[0.467..0.651]	0.8946849	[592186.94..592186.94]
Group-1	PE 40:4:0	255.23	240604_eggPE_25-35_2.mzXML	25.0	177420.6	0.0	0.0	[0.0..0.0]	[0.0..0.0]	[1.0..1.0]	[177420.6..177420.6]	[0.968..0.968]	[1.0..1.0]	[1.0..1.0]	[177420.6..177420.6]	[0.968..0.968]	[1.0..1.0]	0.86361414	[153222.94..153222.94]
Group-1	PE 40:4:0	255.23	240604_eggPE_25-35_2.mzXML	30.0	185973.9	0.0	0.0	[0.0..0.0]	[0.0..0.0]	[1.0..1.0]	[185973.9..185973.9]	[0.975..0.975]	[1.0..1.0]	[1.0..1.0]	[185973.9..185973.9]	[0.975..0.975]	[1.0..1.0]	0.86361414	[160609.7..160609.7]
Group-1	PE 40:4:0	255.23	240604_eggPE_25-35_2.mzXML	35.0	186876.6	0.0	0.0	[0.0..0.0]	[0.0..0.0]	[1.0..1.0]	[186876.6..186876.6]	[0.976..0.976]	[1.0..1.0]	[1.0..1.0]	[186876.6..186876.6]	[0.976..0.976]	[1.0..1.0]	0.86361414	[161389.27..161389.27]
Group-1	PE 40:4:0	283.26	240604_eggPE_25-35_2.mzXML	25.0	146368.9	0.0	0.0	[0.0..0.0]	[0.0..0.6]	[0.988..0.992]	[144612.47..145197.95]	[0.439..0.542]	[0.35..0.6]	[0.989..0.99]	[144758.84..144905.22]	[0.53..0.542]	[0.354..0.601]	0.86361414	[124889.38..125395.01]
Group-1	PE 40:4:0	283.26	240604_eggPE_25-35_2.mzXML	30.0	186150.8	0.0	0.0	[0.0..0.0]	[0.0..0.6]	[0.967..0.971]	[180007.83..180752.42]	[0.481..0.534]	[0.35..0.6]	[0.968..0.969]	[180193.97..180380.12]	[0.526..0.534]	[0.354..0.601]	0.86361414	[155457.3..156100.34]
Group-1	PE 40:4:0	283.26	240604_eggPE_25-35_2.mzXML	35.0	197968.8	0.0	0.0	[0.0..0.0]	[0.0..0.0]	[0.964..0.964]	[190841.92..190841.92]	[0.485..0.49]	[0.35..0.6]	[0.964..0.964]	[190841.92..190841.92]	[0.508..0.516]	[0.354..0.601]	0.86361414	[164813.78..164813.78]
Group-1	PE 40:4:0	303.23	240604_eggPE_25-35_2.mzXML	25.0	16624.1	0.0	0.0	[5.0..8.0]	[0.0..1.0]	[1.139..1.357]	[18934.85..22558.902]	[0.889..0.904]	[1.0..1.0]	[1.198..1.357]	[19915.67..22558.902]	[0.894..0.905]	[1.0..1.0]	0.86361414	[16352.404..19482.188]
Group-1	PE 40:4:0	303.23	240604_eggPE_25-35_2.mzXML	30.0	12640.1	0.0	0.0	[5.0..8.0]	[0.0..1.0]	[1.471..1.973]	[18593.586..24938.918]	[0.86..0.891]	[1.0..1.0]	[1.521..1.973]	[19225.592..24938.918]	[0.864..0.892]	[1.0..1.0]	0.86361414	[16057.684..21537.602]
Group-1	PE 40:4:0	303.23	240604_eggPE_25-35_2.mzXML	35.0	5418.0	0.0	0.0	[5.0..8.0]	[0.0..1.0]	[2.14..3.232]	[11594.521..17510.977]	[1.0..1.0]	[1.0..1.0]	[2.183..3.232]	[11827.494..17510.977]	[1.0..1.0]	[1.0..1.0]	0.86361414	[10013.192..15122.728]
Group-1	PE 40:4:0	311.29	240604_eggPE_25-35_2.mzXML	25.0	2400.6	0.0	0.0	[0.0..0.0]	[0.0..1.0]	[0.982..0.995]	[2357.389..2388.597]	[0.096..0.111]	[0.0..0.0]	[0.982..0.982]	[2357.3892..2357.3892]	[0.095..0.106]	[0.0..0.0]	0.86361414	[2035.8746..2062.8262]
Group-1	PE 40:4:0	311.29	240604_eggPE_25-35_2.mzXML	30.0	3196.8	0.0	0.0	[0.0..0.0]	[0.0..1.0]	[0.944..0.95]	[3017.779..3036.96]	[0.109..0.14]	[0.0..0.0]	[0.944..0.944]	[3017.7793..3017.7793]	[0.108..0.136]	[0.0..0.0]	0.86361414	[2606.1968..2622.7617]
Group-1	PE 40:4:0	311.29	240604_eggPE_25-35_2.mzXML	35.0	0.0	0.0	0.0	[0.0..0.0]	[0.0..1.0]	[0.939..0.94]	[0.0..0.0]	[0.0..0.0]	[0.0..0.0]	[0.939..0.939]	[0.0..0.0]	[0.0..0.0]	[0.0..0.0]	0.86361414	[0.0..0.0]
Group-1	PE 40:4:0	331.26	240604_eggPE_25-35_2.mzXML	25.0	166714.6	4147.7	0.024879048	[7.0..7.3]	[0.4..1.0]	[0.734..1.113]	[122368.516..185553.34]	[0.458..0.561]	[0.4..0.65]	[0.734..0.77]	[122368.516..128370.234]	[0.458..0.47]	[0.399..0.646]	0.86361414	[105679.18..160246.5]
Group-1	PE 40:4:0	331.26	240604_eggPE_25-35_2.mzXML	30.0	137293.3	5189.2	0.037796456	[7.0..7.2]	[0.4..1.0]	[1.146..1.419]	[157338.12..194819.19]	[0.466..0.519]	[0.4..0.65]	[1.146..1.186]	[157338.12..162829.84]	[0.466..0.474]	[0.399..0.646]	0.86361414	[135879.42..168248.61]
Group-1	PE 40:4:0	331.26	240604_eggPE_25-35_2.mzXML	35.0	97701.6	4785.3	0.048978724	[7.0..7.3]	[1.0..1.0]	[2.031..2.077]	[198431.94..202926.22]	[0.51..0.515]	[0.4..0.65]	[1.83..1.889]	[178793.94..184558.33]	[0.484..0.492]	[0.399..0.646]	0.86361414	[171368.62..175249.95]
Group-1	PE 40:4:0	359.3	240604_eggPE_25-35_2.mzXML	25.0	6074.1	0.0	0.0	[9.0..9.0]	[1.0..1.0]	[0.967..0.967]	[5873.655..5873.655]	[0.032..0.032]	[0.0..0.0]	[0.967..0.967]	[5873.655..5873.655]	[0.032..0.032]	[0.0..0.0]	0.86361414	[5072.5713..5072.5713]
Group-1	PE 40:4:0	359.3	240604_eggPE_25-35_2.mzXML	30.0	4275.3	0.0	0.0	[9.0..9.0]	[1.0..1.0]	[1.104..1.104]	[4719.931..4719.931]	[0.025..0.025]	[0.0..0.0]	[1.104..1.104]	[4719.9307..4719.9307]	[0.025..0.025]	[0.0..0.0]	0.86361414	[4076.1992..4076.1992]
Group-1	PE 40:4:0	359.3	240604_eggPE_25-35_2.mzXML	35.0	3171.3	0.0	0.0	[9.0..9.0]	[1.0..1.0]	[1.472..1.472]	[4668.154..4668.154]	[0.024..0.024]	[0.0..0.0]	[1.472..1.472]	[4668.154..4668.154]	[0.024..0.024]	[0.0..0.0]	0.86361414	[4031.4834..4031.4834]
Group-1	PE 40:5:0	281.25	240604_eggPE_25-35_2.mzXML	25.0	33209.7	0.0	0.0	[9.0..9.0]	[0.0..0.9]	[0.912..0.949]	[30287.246..31516.004]	[0.727..0.762]	[1.0..1.0]	[0.949..0.949]	[31516.004..31516.004]	[0.737..0.746]	[1.0..1.0]	0.8654934	[26213.412..27276.895]
Group-1	PE 40:5:0	281.25	240604_eggPE_25-35_2.mzXML	30.0	37761.6	0.0	0.0	[9.0..9.0]	[0.0..0.0]	[0.913..0.913]	[34476.34..34476.34]	[0.729..0.758]	[1.0..1.0]	[0.913..0.913]	[34476.34..34476.34]	[0.736..0.763]	[1.0..1.0]	0.8654934	[29839.047..29839.047]
Group-1	PE 40:5:0	281.25	240604_eggPE_25-35_2.mzXML	35.0	39401.9	0.0	0.0	[9.0..9.0]	[0.0..0.9]	[0.928..0.947]	[36564.96..37313.598]	[0.777..0.82]	[1.0..1.0]	[0.947..0.947]	[37313.598..37313.598]	[0.78..0.818]	[1.0..1.0]	0.8654934	[31646.73..32294.672]
Group-1	PE 40:5:0	283.26	240604_eggPE_25-35_2.mzXML	25.0	401420.0	0.0	0.0	[0.0..0.0]	[0.0..0.0]	[0.988..0.988]	[396602.94..396602.94]	[0.285..0.29]	[0.0..0.16]	[0.988..0.988]	[396602.94..396602.94]	[0.285..0.332]	[0.0..0.161]	0.8654934	[343257.25..343257.25]
Group-1	PE 40:5:0	283.26	240604_eggPE_25-35_2.mzXML	30.0	454749.7	0.0	0.0	[0.0..0.0]	[0.0..0.0]	[0.967..0.967]	[439742.94..439742.94]	[0.315..0.323]	[0.0..0.16]	[0.967..0.967]	[439742.94..439742.94]	[0.315..0.346]	[0.0..0.161]	0.8654934	[380594.66..380594.66]
Group-1	PE 40:5:0	283.26	240604_eggPE_25-35_2.mzXML	35.0	468947.6	0.0	0.0	[0.0..0.0]	[0.0..0.0]	[0.964..0.964]	[452065.47..452065.47]	[0.355..0.366]	[0.0..0.16]	[0.964..0.964]	[452065.47..452065.47]	[0.355..0.38]	[0.0..0.161]	0.8654934	[391259.7..391259.7]
Group-1	PE 40:5:0	303.23	240604_eggPE_25-35_2.mzXML	25.0	20410.8	0.0	0.0	[5.0..8.0]	[0.0..0.0]	[1.139..1.242]	[23247.902..25350.215]	[0.785..0.799]	[0.88..1.0]	[1.029..1.357]	[21002.715..27697.457]	[0.767..0.813]	[0.877..1.0]	0.8654934	[20120.908..21940.443]
Group-1	PE 40:5:0	303.23	240604_eggPE_25-35_2.mzXML	30.0	11031.0	0.0	0.0	[5.0..8.0]	[0.0..0.0]	[1.471..1.831]	[16226.601..20197.76]	[0.682..0.727]	[0.88..1.0]	[1.407..1.973]	[15520.616..21764.164]	[0.672..0.742]	[0.877..1.0]	0.8654934	[14044.016..17481.03]
Group-1	PE 40:5:0	303.23	240604_eggPE_25-35_2.mzXML	35.0	5340.2	0.0	0.0	[5.0..8.0]	[0.0..0.0]	[2.14..3.03]	[11428.029..16180.807]	[0.649..0.724]	[0.88..1.0]	[2.093..3.232]	[11177.039..17259.527]	[0.644..0.736]	[0.877..1.0]	0.8654934	[9890.884..14004.382]
Group-1	PE 40:5:0	309.28	240604_eggPE_25-35_2.mzXML	25.0	6900.6	0.0	0.0	[11.0..11.0]	[1.0..1.0]	[0.924..0.924]	[6376.155..6376.155]	[0.201..0.215]	[0.0..0.12]	[0.924..0.924]	[6376.155..6376.155]	[0.187..0.233]	[0.0..0.123]	0.8654934	[5518.5195..5518.5195]
Group-1	PE 40:5:0	309.28	240604_eggPE_25-35_2.mzXML	30.0	8666.0	0.0	0.0	[11.0..11.0]	[1.0..1.0]	[0.874..0.874]	[7574.084..7574.084]	[0.273..0.318]	[0.0..0.12]	[0.874..0.874]	[7574.084..7574.084]	[0.258..0.328]	[0.0..0.123]	0.8654934	[6555.32..6555.32]
Group-1	PE 40:5:0	309.28	240604_eggPE_25-35_2.mzXML	35.0	7139.1	0.0	0.0	[11.0..11.0]	[1.0..1.0]	[0.866..0.866]	[6182.461..6182.461]	[0.276..0.351]	[0.0..0.12]	[0.866..0.866]	[6182.4604..6182.4604]	[0.264..0.356]	[0.0..0.123]	0.8654934	[5350.879..5350.879]
Group-1	PE 40:5:0	329.25	240604_eggPE_25-35_2.mzXML	25.0	556989.7	130241.0	0.23383018	[4.0..4.1]	[1.0..1.0]	[1.747..1.787]	[973061.0..995340.56]	[0.71..0.715]	[0.84..1.0]	[1.433..1.787]	[798166.2..995340.56]	[0.668..0.715]	[0.839..1.0]	0.8654934	[842177.9..861460.7]
Group-1	PE 40:5:0	329.25	240604_eggPE_25-35_2.mzXML	30.0	289253.2	95852.4	0.33137888	[4.2..4.3]	[1.0..1.0]	[3.183..3.303]	[920692.94..955403.25]	[0.677..0.685]	[0.84..1.0]	[2.873..3.303]	[831024.4..955403.25]	[0.654..0.685]	[0.839..1.0]	0.8654934	[796853.7..826895.25]
Group-1	PE 40:5:0	329.25	240604_eggPE_25-35_2.mzXML	35.0	113775.3	51765.7	0.4549819	[4.0..4.1]	[1.0..1.0]	[6.882..7.227]	[783001.56..822254.1]	[0.634..0.645]	[0.84..1.0]	[6.491..7.227]	[738515.5..822254.1]	[0.62..0.645]	[0.839..1.0]	0.8654934	[677682.75..711655.5]
Group-1	PE 40:5:0	331.26	240604_eggPE_25-35_2.mzXML	25.0	10639.9	0.0	0.0	[7.0..10.0]	[0.1..1.0]	[0.891..1.113]	[9480.151..11842.21]	[0.238..0.273]	[0.0..0.0]	[1.008..1.055]	[10725.02..11225.095]	[0.254..0.263]	[0.0..0.0]	0.8654934	[8205.008..10249.3545]
Group-1	PE 40:5:0	331.26	240604_eggPE_25-35_2.mzXML	30.0	9023.2	0.0	0.0	[7.0..10.0]	[1.0..1.0]	[1.219..1.419]	[10999.281..12803.921]	[0.242..0.271]	[0.0..0.0]	[1.19..1.371]	[10737.608..12370.808]	[0.237..0.264]	[0.0..0.0]	0.8654934	[9519.806..11081.71]
Group-1	PE 40:5:0	331.26	240604_eggPE_25-35_2.mzXML	35.0	5159.9	0.0	0.0	[7.0..10.0]	[0.1..1.0]	[1.555..2.077]	[8023.644..10717.111]	[0.18..0.223]	[0.0..0.0]	[1.61..2.04]	[8307.438..10526.195]	[0.182..0.22]	[0.0..0.0]	0.8654934	[6944.411..9275.59]
Group-1	PE 40:6:0	281.25	240604_eggPE_25-35_2.mzXML	25.0	67184.5	0.0	0.0	[9.0..9.0]	[0.0..0.0]	[0.912..0.912]	[61272.266..61272.266]	[0.581..0.64]	[0.69..1.0]	[0.912..0.912]	[61272.266..61272.266]	[0.646..0.672]	[0.694..1.0]	0.86739105	[53147.016..53147.016]
Group-1	PE 40:6:0	281.25	240604_eggPE_25-35_2.mzXML	30.0	81334.6	0.0	0.0	[9.0..9.0]	[0.0..0.0]	[0.913..0.913]	[74258.49..74258.49]	[0.584..0.688]	[0.69..1.0]	[0.913..0.913]	[74258.49..74258.49]	[0.635..0.691]	[0.694..1.0]	0.86739105	[64411.152..64411.152]
Group-1	PE 40:6:0	281.25	240604_eggPE_25-35_2.mzXML	35.0	67557.7	0.0	0.0	[9.0..9.0]	[0.0..0.0]	[0.947..0.947]	[63977.15..63977.15]	[0.652..0.782]	[0.69..1.0]	[0.947..0.947]	[63977.15..63977.15]	[0.684..0.783]	[0.694..1.0]	0.86739105	[55493.203..55493.203]
Group-1	PE 40:6:0	283.26	240604_eggPE_25-35_2.mzXML	25.0	615474.7	0.0	0.0	[0.0..0.0]	[0.0..0.8]	[0.988..0.994]	[608089.0..611781.9]	[0.563..0.577]	[0.65..0.89]	[0.992..0.993]	[610550.9..611166.4]	[0.573..0.576]	[0.651..0.892]	0.86739105	[527450.94..530654.1]
Group-1	PE 40:6:0	283.26	240604_eggPE_25-35_2.mzXML	30.0	686318.6	0.0	0.0	[0.0..0.0]	[0.8..0.8]	[0.972..0.972]	[667101.7..667101.7]	[0.59..0.59]	[0.65..0.89]	[0.972..0.972]	[667101.7..667101.7]	[0.59..0.59]	[0.651..0.892]	0.86739105	[578638.06..578638.06]
Group-1	PE 40:6:0	283.26	240604_eggPE_25-35_2.mzXML	35.0	628119.4	0.0	0.0	[0.0..0.0]	[0.0..0.0]	[0.964..0.964]	[605507.06..605507.06]	[0.655..0.655]	[0.65..0.89]	[0.964..0.964]	[605507.06..605507.06]	[0.655..0.655]	[0.651..0.892]	0.86739105	[525211.44..525211.44]
Group-1	PE 40:6:0	303.23	240604_eggPE_25-35_2.mzXML	25.0	17920.9	0.0	0.0	[5.0..8.0]	[0.0..0.0]	[1.139..1.242]	[20411.906..22257.758]	[0.824..0.836]	[0.5..1.0]	[0.785..1.357]	[14067.907..24318.662]	[0.763..0.848]	[0.5..1.0]	0.86739105	[17705.105..19306.18]
Group-1	PE 40:6:0	303.23	240604_eggPE_25-35_2.mzXML	30.0	11059.4	0.0	0.0	[5.0..8.0]	[0.0..0.0]	[1.471..1.831]	[16268.378..20249.762]	[0.706..0.749]	[0.5..1.0]	[1.241..1.973]	[13724.717..21820.197]	[0.67..0.763]	[0.5..1.0]	0.86739105	[14111.046..17564.463]
Group-1	PE 40:6:0	303.23	240604_eggPE_25-35_2.mzXML	35.0	0.0	0.0	0.0	[5.0..8.0]	[0.0..0.0]	[2.14..3.03]	[0.0..0.0]	[0.5..0.5]	[0.5..1.0]	[1.961..3.232]	[0.0..0.0]	[0.5..0.5]	[0.5..1.0]	0.86739105	[0.0..0.0]
Group-1	PE 40:6:0	307.26	240604_eggPE_25-35_2.mzXML	25.0	4781.9	0.0	0.0	[11.0..11.0]	[1.0..1.0]	[0.912..0.912]	[4361.093..4361.093]	[0.164..0.176]	[0.0..0.0]	[0.912..0.912]	[4361.093..4361.093]	[0.152..0.237]	[0.0..0.0]	0.86739105	[3782.773..3782.773]
Group-1	PE 40:6:0	307.26	240604_eggPE_25-35_2.mzXML	30.0	7605.6	0.0	0.0	[11.0..11.0]	[1.0..1.0]	[0.89..0.89]	[6768.984..6768.984]	[0.251..0.294]	[0.0..0.0]	[0.89..0.89]	[6768.984..6768.984]	[0.237..0.33]	[0.0..0.0]	0.86739105	[5871.356..5871.356]
Group-1	PE 40:6:0	307.26	240604_eggPE_25-35_2.mzXML	35.0	0.0	0.0	0.0	[11.0..11.0]	[1.0..1.0]	[0.927..0.927]	[0.0..0.0]	[0.0..0.0]	[0.0..0.0]	[0.927..0.927]	[0.0..0.0]	[0.0..0.0]	[0.0..0.0]	0.86739105	[0.0..0.0]
Group-1	PE 40:6:0	327.23	240604_eggPE_25-35_2.mzXML	25.0	180193.1	89542.8	0.4969269	[4.0..4.0]	[0.2..1.0]	[2.474..2.638]	[445797.72..475349.38]	[0.423..0.437]	[0.11..0.35]	[2.492..2.531]	[449041.22..456068.7]	[0.424..0.427]	[0.108..0.349]	0.86739105	[386680.94..412313.78]
Group-1	PE 40:6:0	327.23	240604_eggPE_25-35_2.mzXML	30.0	79575.3	52740.2	0.662771	[4.0..4.0]	[0.2..0.2]	[5.819..5.819]	[463048.62..463048.62]	[0.41..0.41]	[0.11..0.35]	[5.819..5.819]	[463048.62..463048.62]	[0.41..0.41]	[0.108..0.349]	0.86739105	[401644.22..401644.22]
Group-1	PE 40:6:0	327.23	240604_eggPE_25-35_2.mzXML	35.0	17023.4	27316.3	1.6046325	[4.0..4.0]	[1.0..1.0]	[18.697..18.697]	[318286.53..318286.53]	[0.345..0.345]	[0.11..0.35]	[18.697..18.697]	[318286.53..318286.53]	[0.345..0.345]	[0.108..0.349]	0.86739105	[276078.88..276078.88]
Group-1	PE 40:6:0	329.25	240604_eggPE_25-35_2.mzXML	25.0	24759.2	9300.9	0.37565434	[4.0..4.0]	[1.0..1.0]	[1.391..1.787]	[34440.047..44244.688]	[0.36..0.419]	[0.0..0.31]	[1.207..1.354]	[29884.354..33523.953]	[0.328..0.354]	[0.0..0.306]	0.86739105	[29872.988..38377.445]
Group-1	PE 40:6:0	329.25	240604_eggPE_25-35_2.mzXML	30.0	16006.7	8038.6	0.5022022	[4.0..4.0]	[1.0..1.0]	[2.1..3.303]	[33614.07..52870.13]	[0.312..0.416]	[0.0..0.31]	[2.079..2.661]	[33277.93..42593.83]	[0.309..0.365]	[0.0..0.306]	0.86739105	[29156.543..45859.08]
Group-1	PE 40:6:0	329.25	240604_eggPE_25-35_2.mzXML	35.0	4729.2	0.0	0.0	[4.0..7.0]	[1.0..1.0]	[3.775..7.227]	[17852.73..34177.93]	[0.218..0.348]	[0.0..0.31]	[3.754..6.243]	[17753.418..29524.396]	[0.217..0.316]	[0.0..0.306]	0.86739105	[15485.299..29645.63]
Group-1	PE 40:7:0	281.25	240604_eggPE_25-35_2.mzXML	25.0	126421.7	0.0	0.0	[9.0..9.0]	[0.0..0.0]	[0.912..0.912]	[115296.59..115296.59]	[0.777..0.777]	[1.0..1.0]	[0.912..0.912]	[115296.59..115296.59]	[0.777..0.777]	[1.0..1.0]	0.8692976	[100227.055..100227.055]
Group-1	PE 40:7:0	281.25	240604_eggPE_25-35_2.mzXML	30.0	134312.2	0.0	0.0	[9.0..9.0]	[0.0..0.0]	[0.913..0.913]	[122627.04..122627.04]	[0.812..0.812]	[1.0..1.0]	[0.913..0.913]	[122627.04..122627.04]	[0.812..0.812]	[1.0..1.0]	0.8692976	[106599.4..106599.4]
Group-1	PE 40:7:0	281.25	240604_eggPE_25-35_2.mzXML	35.0	127730.8	0.0	0.0	[9.0..9.0]	[0.0..0.0]	[0.947..0.947]	[120961.07..120961.07]	[1.0..1.0]	[1.0..1.0]	[0.947..0.947]	[120961.07..120961.07]	[1.0..1.0]	[1.0..1.0]	0.8692976	[105151.17..105151.17]
Group-1	PE 40:7:0	327.23	240604_eggPE_25-35_2.mzXML	25.0	12572.7	5860.5	0.46612898	[4.0..4.0]	[1.0..1.0]	[2.638..2.638]	[33166.785..33166.785]	[0.223..0.223]	[0.0..0.0]	[2.638..2.638]	[33166.785..33166.785]	[0.223..0.223]	[0.0..0.0]	0.8692976	[28831.805..28831.805]
Group-1	PE 40:7:0	327.23	240604_eggPE_25-35_2.mzXML	30.0	4500.6	3674.9	0.81653553	[4.0..4.0]	[1.0..1.0]	[6.322..6.322]	[28452.793..28452.793]	[0.188..0.188]	[0.0..0.0]	[6.322..6.322]	[28452.793..28452.793]	[0.188..0.188]	[0.0..0.0]	0.8692976	[24733.947..24733.947]
Group-1	PE 40:7:0	327.23	240604_eggPE_25-35_2.mzXML	35.0	0.0	1941.3	0.0	[4.0..4.0]	[1.0..1.0]	[18.697..18.697]	[0.0..0.0]	[0.0..0.0]	[0.0..0.0]	[18.697..18.697]	[0.0..0.0]	[0.0..0.0]	[0.0..0.0]	0.8692976	[0.0..0.0]
Group-1	PE 32:0:0	227.2	240604_eggPE_25-35_1.mzXML	25.0	5275.6	0.0	0.0	[0.0..0.0]	[0.0..1.0]	[1.01..1.019]	[5328.356..5375.837]	[0.066..0.066]	[0.0..0.0]	[1.01..1.01]	[5328.356..5328.356]	[0.065..0.065]	[0.0..0.0]	0.97417665	[5190.76..5237.0146]
Group-1	PE 32:0:0	227.2	240604_eggPE_25-35_1.mzXML	30.0	3927.1	0.0	0.0	[0.0..0.0]	[0.0..1.0]	[1.032..1.043]	[4052.767..4095.965]	[0.038..0.038]	[0.0..0.0]	[1.032..1.032]	[4052.767..4052.767]	[0.038..0.038]	[0.0..0.0]	0.97417665	[3948.111..3990.1938]
Group-1	PE 32:0:0	227.2	240604_eggPE_25-35_1.mzXML	35.0	3678.0	0.0	0.0	[0.0..0.0]	[0.0..1.0]	[1.034..1.047]	[3803.052..3850.866]	[0.034..0.035]	[0.0..0.0]	[1.034..1.034]	[3803.0522..3803.0522]	[0.034..0.034]	[0.0..0.0]	0.97417665	[3704.8447..3751.4238]
Group-1	PE 32:0:0	255.23	240604_eggPE_25-35_1.mzXML	25.0	143378.1	0.0	0.0	[0.0..0.0]	[0.5..0.5]	[1.0..1.0]	[143378.1..143378.1]	[0.5..0.5]	[0.5..0.5]	[1.0..1.0]	[143378.1..143378.1]	[0.5..0.5]	[0.5..0.5]	0.97417665	[139675.6..139675.6]
Group-1	PE 32:0:0	255.23	240604_eggPE_25-35_1.mzXML	30.0	161327.1	0.0	0.0	[0.0..0.0]	[0.5..0.5]	[1.0..1.0]	[161327.1..161327.1]	[0.5..0.5]	[0.5..0.5]	[1.0..1.0]	[161327.1..161327.1]	[0.5..0.5]	[0.5..0.5]	0.97417665	[157161.1..157161.1]
Group-1	PE 32:0:0	255.23	240604_eggPE_25-35_1.mzXML	35.0	155019.9	0.0	0.0	[0.0..0.0]	[0.5..0.5]	[1.0..1.0]	[155019.9..155019.9]	[0.5..0.5]	[0.5..0.5]	[1.0..1.0]	[155019.9..155019.9]	[0.5..0.5]	[0.5..0.5]	0.97417665	[151016.77..151016.77]
Group-1	PE 32:0:0	283.26	240604_eggPE_25-35_1.mzXML	25.0	76557.4	0.0	0.0	[0.0..0.0]	[0.0..1.0]	[0.988..0.995]	[75638.71..76174.61]	[0.934..0.934]	[1.0..1.0]	[0.995..0.995]	[76174.61..76174.61]	[0.935..0.935]	[1.0..1.0]	0.97417665	[73685.46..74207.53]
Group-1	PE 32:0:0	283.26	240604_eggPE_25-35_1.mzXML	30.0	105977.3	0.0	0.0	[0.0..0.0]	[0.0..1.0]	[0.967..0.973]	[102480.05..103115.91]	[0.962..0.962]	[1.0..1.0]	[0.973..0.973]	[103115.91..103115.91]	[0.962..0.962]	[1.0..1.0]	0.97417665	[99833.67..100453.11]
Group-1	PE 32:0:0	283.26	240604_eggPE_25-35_1.mzXML	35.0	110900.8	0.0	0.0	[0.0..0.0]	[0.0..1.0]	[0.964..0.969]	[106908.37..107462.87]	[0.965..0.966]	[1.0..1.0]	[0.969..0.969]	[107462.87..107462.87]	[0.966..0.966]	[1.0..1.0]	0.97417665	[104147.63..104687.82]
Group-1	PE 32:1:0	227.2	240604_eggPE_25-35_1.mzXML	25.0	11797.3	0.0	0.0	[0.0..0.0]	[0.0..0.0]	[1.019..1.019]	[12021.449..12021.449]	[0.265..0.265]	[0.0..0.0]	[1.019..1.019]	[12021.449..12021.449]	[0.265..0.265]	[0.0..0.0]	0.976629	[11740.496..11740.496]
Group-1	PE 32:1:0	227.2	240604_eggPE_25-35_1.mzXML	30.0	12948.8	0.0	0.0	[0.0..0.0]	[0.0..0.0]	[1.043..1.043]	[13505.598..13505.598]	[0.286..0.286]	[0.0..0.0]	[1.043..1.043]	[13505.598..13505.598]	[0.286..0.286]	[0.0..0.0]	0.976629	[13189.959..13189.959]
Group-1	PE 32:1:0	227.2	240604_eggPE_25-35_1.mzXML	35.0	10984.4	0.0	0.0	[0.0..0.0]	[0.0..0.0]	[1.047..1.047]	[11500.668..11500.668]	[0.26..0.26]	[0.0..0.0]	[1.047..1.047]	[11500.668..11500.668]	[0.26..0.26]	[0.0..0.0]	0.976629	[11231.887..11231.887]
Group-1	PE 32:1:0	253.22	240604_eggPE_25-35_1.mzXML	25.0	320155.4	0.0	0.0	[9.0..9.0]	[0.0..1.0]	[0.963..1.006]	[308309.66..322076.34]	[0.688..0.698]	[0.82..0.97]	[0.998..1.005]	[319515.1..321756.2]	[0.696..0.697]	[0.821..0.974]	0.976629	[301104.16..314549.12]
Group-1	PE 32:1:0	253.22	240604_eggPE_25-35_1.mzXML	30.0	318815.8	0.0	0.0	[9.0..9.0]	[0.0..1.0]	[0.982..0.988]	[313077.12..314990.03]	[0.66..0.662]	[0.82..0.97]	[0.987..0.988]	[314671.22..314990.0]	[0.662..0.662]	[0.821..0.974]	0.976629	[305760.22..307628.4]
Group-1	PE 32:1:0	253.22	240604_eggPE_25-35_1.mzXML	35.0	285032.3	0.0	0.0	[9.0..9.0]	[0.0..1.0]	[0.986..1.021]	[281041.88..291017.97]	[0.627..0.635]	[0.82..0.97]	[1.015..1.02]	[289307.78..290732.97]	[0.634..0.635]	[0.821..0.974]	0.976629	[274473.62..284216.6]
Group-1	PE 32:1:0	255.23	240604_eggPE_25-35_1.mzXML	25.0	139599.2	0.0	0.0	[0.0..0.0]	[0.0..1.0]	[1.0..1.0]	[139599.2..139599.2]	[0.302..0.312]	[0.03..0.18]	[1.0..1.0]	[139599.2..139599.2]	[0.303..0.304]	[0.026..0.179]	0.976629	[136336.62..136336.62]
Group-1	PE 32:1:0	255.23	240604_eggPE_25-35_1.mzXML	30.0	160951.5	0.0	0.0	[0.0..0.0]	[0.0..1.0]	[1.0..1.0]	[160951.5..160951.5]	[0.338..0.34]	[0.03..0.18]	[1.0..1.0]	[160951.5..160951.5]	[0.338..0.338]	[0.026..0.179]	0.976629	[157189.9..157189.9]
Group-1	PE 32:1:0	255.23	240604_eggPE_25-35_1.mzXML	35.0	166925.8	0.0	0.0	[0.0..0.0]	[0.0..1.0]	[1.0..1.0]	[166925.8..166925.8]	[0.365..0.373]	[0.03..0.18]	[1.0..1.0]	[166925.8..166925.8]	[0.365..0.366]	[0.026..0.179]	0.976629	[163024.58..163024.58]
Group-1	PE 32:1:0	281.25	240604_eggPE_25-35_1.mzXML	25.0	35043.4	0.0	0.0	[9.0..9.0]	[1.0..1.0]	[0.953..0.953]	[33396.36..33396.36]	[0.735..0.735]	[1.0..1.0]	[0.953..0.953]	[33396.36..33396.36]	[0.735..0.735]	[1.0..1.0]	0.976629	[32615.852..32615.852]
Group-1	PE 32:1:0	281.25	240604_eggPE_25-35_1.mzXML	30.0	36471.2	0.0	0.0	[9.0..9.0]	[1.0..1.0]	[0.925..0.925]	[33735.86..33735.86]	[0.714..0.714]	[1.0..1.0]	[0.925..0.925]	[33735.86..33735.86]	[0.714..0.714]	[1.0..1.0]	0.976629	[32947.42..32947.42]
Group-1	PE 32:1:0	281.25	240604_eggPE_25-35_1.mzXML	35.0	35379.3	0.0	0.0	[9.0..9.0]	[1.0..1.0]	[0.926..0.926]	[32761.232..32761.232]	[0.74..0.74]	[1.0..1.0]	[0.926..0.926]	[32761.232..32761.232]	[0.74..0.74]	[1.0..1.0]	0.976629	[31995.572..31995.572]
Group-1	PE 33:1:0	241.22	240604_eggPE_25-35_1.mzXML	25.0	7361.0	0.0	0.0	[0.0..0.0]	[0.0..0.0]	[1.009..1.009]	[7427.249..7427.249]	[0.015..0.015]	[0.0..0.0]	[1.009..1.009]	[7427.2485..7427.2485]	[0.015..0.015]	[0.0..0.0]	0.95987827	[7129.255..7129.255]
Group-1	PE 33:1:0	241.22	240604_eggPE_25-35_1.mzXML	30.0	8147.2	0.0	0.0	[0.0..0.0]	[0.0..0.0]	[1.02..1.02]	[8310.145..8310.145]	[0.017..0.017]	[0.0..0.0]	[1.02..1.02]	[8310.145..8310.145]	[0.017..0.017]	[0.0..0.0]	0.95987827	[7976.7266..7976.7266]
Group-1	PE 33:1:0	241.22	240604_eggPE_25-35_1.mzXML	35.0	8780.2	0.0	0.0	[0.0..0.0]	[0.0..0.0]	[1.022..1.022]	[8973.364..8973.364]	[0.019..0.019]	[0.0..0.0]	[1.022..1.022]	[8973.364..8973.364]	[0.019..0.019]	[0.0..0.0]	0.95987827	[8613.337..8613.337]
Group-1	PE 33:1:0	253.22	240604_eggPE_25-35_1.mzXML	25.0	52285.6	0.0	0.0	[9.0..9.0]	[0.0..1.0]	[0.963..1.006]	[50351.035..52599.316]	[0.941..0.943]	[1.0..1.0]	[1.006..1.006]	[52599.316..52599.316]	[0.943..0.943]	[1.0..1.0]	0.95987827	[48330.863..50488.94]
Group-1	PE 33:1:0	253.22	240604_eggPE_25-35_1.mzXML	30.0	59120.7	0.0	0.0	[9.0..9.0]	[0.0..1.0]	[0.982..0.988]	[58056.527..58411.246]	[0.948..0.948]	[1.0..1.0]	[0.988..0.988]	[58411.25..58411.25]	[0.948..0.948]	[1.0..1.0]	0.95987827	[55727.2..56067.69]
Group-1	PE 33:1:0	253.22	240604_eggPE_25-35_1.mzXML	35.0	53523.8	0.0	0.0	[9.0..9.0]	[0.0..1.0]	[0.986..1.021]	[52774.47..54647.8]	[0.948..0.949]	[1.0..1.0]	[1.021..1.021]	[54647.8..54647.8]	[0.949..0.949]	[1.0..1.0]	0.95987827	[50657.062..52455.24]
Group-1	PE 33:1:0	255.23	240604_eggPE_25-35_1.mzXML	25.0	82168.7	0.0	0.0	[0.0..0.0]	[0.8..1.0]	[1.0..1.0]	[82168.7..82168.7]	[0.662..0.664]	[0.89..1.0]	[1.0..1.0]	[82168.7..82168.7]	[0.663..0.664]	[0.888..1.0]	0.95987827	[78871.95..78871.95]
Group-1	PE 33:1:0	255.23	240604_eggPE_25-35_1.mzXML	30.0	93302.4	0.0	0.0	[0.0..0.0]	[1.0..1.0]	[1.0..1.0]	[93302.4..93302.4]	[0.696..0.696]	[0.89..1.0]	[1.0..1.0]	[93302.4..93302.4]	[0.696..0.696]	[0.888..1.0]	0.95987827	[89558.945..89558.945]
Group-1	PE 33:1:0	255.23	240604_eggPE_25-35_1.mzXML	35.0	96110.5	0.0	0.0	[0.0..0.0]	[0.8..0.8]	[1.0..1.0]	[96110.49..96110.49]	[0.719..0.719]	[0.89..1.0]	[1.0..1.0]	[96110.5..96110.5]	[0.719..0.719]	[0.888..1.0]	0.95987827	[92254.38..92254.38]
Group-1	PE 33:1:0	267.23	240604_eggPE_25-35_1.mzXML	25.0	44518.4	0.0	0.0	[9.0..9.0]	[0.0..0.2]	[0.936..0.944]	[41669.22..42025.367]	[0.336..0.338]	[0.0..0.11]	[0.936..0.937]	[41669.22..41713.74]	[0.336..0.337]	[0.0..0.112]	0.95987827	[39997.38..40339.24]
Group-1	PE 33:1:0	267.23	240604_eggPE_25-35_1.mzXML	30.0	43047.6	0.0	0.0	[9.0..9.0]	[0.0..0.0]	[0.946..0.946]	[40723.03..40723.03]	[0.304..0.304]	[0.0..0.11]	[0.946..0.946]	[40723.03..40723.03]	[0.304..0.304]	[0.0..0.112]	0.95987827	[39089.152..39089.152]
Group-1	PE 33:1:0	267.23	240604_eggPE_25-35_1.mzXML	35.0	38536.8	0.0	0.0	[9.0..9.0]	[0.2..0.2]	[0.976..0.976]	[37611.914..37611.914]	[0.281..0.281]	[0.0..0.11]	[0.976..0.976]	[37611.918..37611.918]	[0.281..0.281]	[0.0..0.112]	0.95987827	[36102.863..36102.863]
Group-1	PE 33:1:0	269.25	240604_eggPE_25-35_1.mzXML	25.0	3203.4	0.0	0.0	[0.0..0.0]	[0.0..1.0]	[0.993..0.997]	[3180.976..3193.79]	[0.057..0.059]	[0.0..0.0]	[0.993..0.993]	[3180.976..3180.976]	[0.057..0.057]	[0.0..0.0]	0.95987827	[3053.3499..3065.6494]
Group-1	PE 33:1:0	269.25	240604_eggPE_25-35_1.mzXML	30.0	3262.1	0.0	0.0	[0.0..0.0]	[0.0..1.0]	[0.982..0.986]	[3203.382..3216.431]	[0.052..0.052]	[0.0..0.0]	[0.982..0.982]	[3203.3823..3203.3823]	[0.052..0.052]	[0.0..0.0]	0.95987827	[3074.857..3087.3818]
Group-1	PE 33:1:0	269.25	240604_eggPE_25-35_1.mzXML	35.0	2978.9	0.0	0.0	[0.0..0.0]	[0.0..1.0]	[0.981..0.984]	[2922.301..2931.238]	[0.051..0.052]	[0.0..0.0]	[0.981..0.981]	[2922.3008..2922.3008]	[0.051..0.051]	[0.0..0.0]	0.95987827	[2805.0532..2813.6313]
Group-1	PE 33:1:0	281.25	240604_eggPE_25-35_1.mzXML	25.0	509477.4	0.0	0.0	[9.0..9.0]	[1.0..1.0]	[0.953..0.953]	[485531.97..485531.97]	[0.985..0.985]	[1.0..1.0]	[0.953..0.953]	[485531.97..485531.97]	[0.985..0.985]	[1.0..1.0]	0.95987827	[466051.6..466051.6]
Group-1	PE 33:1:0	281.25	240604_eggPE_25-35_1.mzXML	30.0	526353.6	0.0	0.0	[9.0..9.0]	[1.0..1.0]	[0.925..0.925]	[486877.12..486877.12]	[0.983..0.983]	[1.0..1.0]	[0.925..0.925]	[486877.12..486877.12]	[0.983..0.983]	[1.0..1.0]	0.95987827	[467342.75..467342.75]
Group-1	PE 33:1:0	281.25	240604_eggPE_25-35_1.mzXML	35.0	499361.4	0.0	0.0	[9.0..9.0]	[1.0..1.0]	[0.926..0.926]	[462408.7..462408.7]	[0.981..0.981]	[1.0..1.0]	[0.926..0.926]	[462408.66..462408.66]	[0.981..0.981]	[1.0..1.0]	0.95987827	[443856.03..443856.03]
Group-1	PE 34:1:0	253.22	240604_eggPE_25-35_1.mzXML	25.0	330843.0	0.0	0.0	[9.0..9.0]	[0.0..1.0]	[0.963..1.006]	[318601.8..332828.06]	[0.594..0.603]	[0.55..0.79]	[0.987..0.997]	[326542.03..329850.47]	[0.599..0.601]	[0.548..0.786]	0.9437487	[300680.06..314106.06]
Group-1	PE 34:1:0	253.22	240604_eggPE_25-35_1.mzXML	30.0	306487.8	0.0	0.0	[9.0..9.0]	[0.0..1.0]	[0.982..0.988]	[300971.03..302809.94]	[0.615..0.615]	[0.55..0.79]	[0.985..0.987]	[301890.5..302503.47]	[0.616..0.616]	[0.548..0.786]	0.9437487	[284041.0..285776.5]
Group-1	PE 34:1:0	253.22	240604_eggPE_25-35_1.mzXML	35.0	259862.5	0.0	0.0	[9.0..9.0]	[0.0..1.0]	[0.986..1.021]	[256224.42..265319.62]	[0.519..0.527]	[0.55..0.79]	[1.005..1.014]	[261161.81..263500.6]	[0.524..0.526]	[0.548..0.786]	0.9437487	[241811.48..250395.06]
Group-1	PE 34:1:0	255.23	240604_eggPE_25-35_1.mzXML	25.0	6768490.5	0.0	0.0	[0.0..0.0]	[0.0..1.0]	[1.0..1.0]	[6768490.5..6768490.5]	[0.251..0.259]	[0.0..0.0]	[1.0..1.0]	[6768490.5..6768490.5]	[0.251..0.251]	[0.0..0.0]	0.9437487	[6387754.0..6387754.0]
Group-1	PE 34:1:0	255.23	240604_eggPE_25-35_1.mzXML	30.0	6733014.5	0.0	0.0	[0.0..0.0]	[1.0..1.0]	[1.0..1.0]	[6733014.5..6733014.5]	[0.263..0.263]	[0.0..0.0]	[1.0..1.0]	[6733014.5..6733014.5]	[0.263..0.263]	[0.0..0.0]	0.9437487	[6354274.0..6354274.0]
Group-1	PE 34:1:0	255.23	240604_eggPE_25-35_1.mzXML	35.0	6938540.0	0.0	0.0	[0.0..0.0]	[0.0..0.0]	[1.0..1.0]	[6938540.0..6938540.0]	[0.276..0.276]	[0.0..0.0]	[1.0..1.0]	[6938540.0..6938540.0]	[0.276..0.276]	[0.0..0.0]	0.9437487	[6548238.0..6548238.0]
Group-1	PE 34:1:0	281.25	240604_eggPE_25-35_1.mzXML	25.0	2.1181134E7	0.0	0.0	[9.0..9.0]	[0.0..1.0]	[0.912..0.953]	[1.9317194E7..2.018562E7]	[0.741..0.749]	[1.0..1.0]	[0.953..0.953]	[2.018562E7..2.018562E7]	[0.749..0.749]	[1.0..1.0]	0.9437487	[1.8230578E7..1.9050154E7]
Group-1	PE 34:1:0	281.25	240604_eggPE_25-35_1.mzXML	30.0	2.0632942E7	0.0	0.0	[9.0..9.0]	[0.0..0.0]	[0.913..0.913]	[1.8837876E7..1.8837876E7]	[0.737..0.737]	[1.0..1.0]	[0.913..0.913]	[1.8837876E7..1.8837876E7]	[0.737..0.737]	[1.0..1.0]	0.9437487	[1.777822E7..1.777822E7]
Group-1	PE 34:1:0	281.25	240604_eggPE_25-35_1.mzXML	35.0	1.9703622E7	0.0	0.0	[9.0..9.0]	[1.0..1.0]	[0.926..0.926]	[1.8245554E7..1.8245554E7]	[0.724..0.724]	[1.0..1.0]	[0.926..0.926]	[1.8245554E7..1.8245554E7]	[0.724..0.724]	[1.0..1.0]	0.9437487	[1.7219218E7..1.7219218E7]
Group-1	PE 34:1:0	283.26	240604_eggPE_25-35_1.mzXML	25.0	220682.8	0.0	0.0	[0.0..0.0]	[0.0..1.0]	[0.988..0.995]	[218034.6..219579.39]	[0.397..0.406]	[0.21..0.45]	[0.989..0.991]	[218255.3..218696.66]	[0.399..0.401]	[0.214..0.452]	0.9437487	[205769.88..207227.77]
Group-1	PE 34:1:0	283.26	240604_eggPE_25-35_1.mzXML	30.0	194474.3	0.0	0.0	[0.0..0.0]	[0.0..1.0]	[0.967..0.973]	[188056.64..189223.48]	[0.385..0.385]	[0.21..0.45]	[0.968..0.97]	[188251.12..188640.08]	[0.384..0.384]	[0.214..0.452]	0.9437487	[177478.22..178579.44]
Group-1	PE 34:1:0	283.26	240604_eggPE_25-35_1.mzXML	35.0	246116.4	0.0	0.0	[0.0..0.0]	[0.0..1.0]	[0.964..0.969]	[237256.22..238486.8]	[0.473..0.481]	[0.21..0.45]	[0.965..0.966]	[237502.33..237748.45]	[0.474..0.476]	[0.214..0.452]	0.9437487	[223910.25..225071.61]
Group-1	PE 34:2:0	253.22	240604_eggPE_25-35_1.mzXML	25.0	141730.4	0.0	0.0	[9.0..9.0]	[0.0..0.0]	[0.963..0.963]	[136486.38..136486.38]	[0.317..0.317]	[0.04..0.06]	[0.963..0.963]	[136486.38..136486.38]	[0.317..0.317]	[0.042..0.062]	0.9460267	[129119.766..129119.766]
Group-1	PE 34:2:0	253.22	240604_eggPE_25-35_1.mzXML	30.0	142661.0	0.0	0.0	[9.0..9.0]	[0.0..0.0]	[0.982..0.982]	[140093.1..140093.1]	[0.316..0.316]	[0.04..0.06]	[0.982..0.982]	[140093.1..140093.1]	[0.316..0.316]	[0.042..0.062]	0.9460267	[132531.81..132531.81]
Group-1	PE 34:2:0	253.22	240604_eggPE_25-35_1.mzXML	35.0	135771.6	0.0	0.0	[9.0..9.0]	[0.0..0.0]	[1.021..1.021]	[138622.8..138622.8]	[0.319..0.319]	[0.04..0.06]	[1.021..1.021]	[138622.8..138622.8]	[0.319..0.319]	[0.042..0.062]	0.9460267	[131140.86..131140.86]
Group-1	PE 34:2:0	255.23	240604_eggPE_25-35_1.mzXML	25.0	1838316.6	0.0	0.0	[0.0..0.0]	[0.0..0.0]	[1.0..1.0]	[1838316.6..1838316.6]	[0.246..0.246]	[0.0..0.0]	[1.0..1.0]	[1838316.6..1838316.6]	[0.246..0.246]	[0.0..0.0]	0.9460267	[1739096.6..1739096.6]
Group-1	PE 34:2:0	255.23	240604_eggPE_25-35_1.mzXML	30.0	2135267.5	0.0	0.0	[0.0..0.0]	[0.0..0.0]	[1.0..1.0]	[2135267.5..2135267.5]	[0.264..0.264]	[0.0..0.0]	[1.0..1.0]	[2135267.5..2135267.5]	[0.264..0.264]	[0.0..0.0]	0.9460267	[2020020.0..2020020.0]
Group-1	PE 34:2:0	255.23	240604_eggPE_25-35_1.mzXML	35.0	2247257.2	0.0	0.0	[0.0..0.0]	[0.0..0.0]	[1.0..1.0]	[2247257.2..2247257.2]	[0.274..0.274]	[0.0..0.0]	[1.0..1.0]	[2247257.2..2247257.2]	[0.274..0.274]	[0.0..0.0]	0.9460267	[2125965.2..2125965.2]
Group-1	PE 34:2:0	279.23	240604_eggPE_25-35_1.mzXML	25.0	5933257.0	0.0	0.0	[9.0..9.0]	[1.0..1.0]	[0.952..0.952]	[5648461.0..5648461.0]	[0.754..0.754]	[1.0..1.0]	[0.952..0.952]	[5648461.0..5648461.0]	[0.754..0.754]	[1.0..1.0]	0.9460267	[5343594.5..5343594.5]
Group-1	PE 34:2:0	279.23	240604_eggPE_25-35_1.mzXML	30.0	6142697.0	0.0	0.0	[9.0..9.0]	[1.0..1.0]	[0.967..0.967]	[5939988.0..5939988.0]	[0.736..0.736]	[1.0..1.0]	[0.967..0.967]	[5939988.0..5939988.0]	[0.736..0.736]	[1.0..1.0]	0.9460267	[5619387.5..5619387.5]
Group-1	PE 34:2:0	279.23	240604_eggPE_25-35_1.mzXML	35.0	5757667.0	0.0	0.0	[9.0..9.0]	[1.0..1.0]	[1.034..1.034]	[5953428.0..5953428.0]	[0.726..0.726]	[1.0..1.0]	[1.034..1.034]	[5953428.0..5953428.0]	[0.726..0.726]	[1.0..1.0]	0.9460267	[5632101.5..5632101.5]
Group-1	PE 34:2:0	281.25	240604_eggPE_25-35_1.mzXML	25.0	308703.1	0.0	0.0	[9.0..9.0]	[1.0..1.0]	[0.953..0.953]	[294194.06..294194.06]	[0.683..0.683]	[0.94..0.96]	[0.953..0.953]	[294194.06..294194.06]	[0.683..0.683]	[0.938..0.958]	0.9460267	[278315.44..278315.44]
Group-1	PE 34:2:0	281.25	240604_eggPE_25-35_1.mzXML	30.0	327833.6	0.0	0.0	[9.0..9.0]	[1.0..1.0]	[0.925..0.925]	[303246.1..303246.1]	[0.684..0.684]	[0.94..0.96]	[0.925..0.925]	[303246.1..303246.1]	[0.684..0.684]	[0.938..0.958]	0.9460267	[286878.88..286878.88]
Group-1	PE 34:2:0	281.25	240604_eggPE_25-35_1.mzXML	35.0	320238.9	0.0	0.0	[9.0..9.0]	[1.0..1.0]	[0.926..0.926]	[296541.22..296541.22]	[0.681..0.681]	[0.94..0.96]	[0.926..0.926]	[296541.22..296541.22]	[0.681..0.681]	[0.938..0.958]	0.9460267	[280535.94..280535.94]
Group-1	PE 34:3:0	253.22	240604_eggPE_25-35_1.mzXML	25.0	30614.0	0.0	0.0	[9.0..9.0]	[0.0..0.0]	[0.963..0.963]	[29481.281..29481.281]	[0.236..0.236]	[0.0..0.0]	[0.963..0.963]	[29481.281..29481.281]	[0.236..0.236]	[0.0..0.0]	0.948328	[27957.926..27957.926]
Group-1	PE 34:3:0	253.22	240604_eggPE_25-35_1.mzXML	30.0	32640.8	0.0	0.0	[9.0..9.0]	[0.0..0.100000024]	[0.982..0.983]	[32053.266..32085.906]	[0.24..0.24]	[0.0..0.0]	[0.982..0.982]	[32053.266..32053.266]	[0.24..0.24]	[0.0..0.0]	0.948328	[30397.01..30427.963]
Group-1	PE 34:3:0	253.22	240604_eggPE_25-35_1.mzXML	35.0	30053.3	0.0	0.0	[9.0..9.0]	[0.100000024..0.100000024]	[1.017..1.017]	[30564.205..30564.205]	[0.255..0.255]	[0.0..0.0]	[1.017..1.017]	[30564.205..30564.205]	[0.255..0.255]	[0.0..0.0]	0.948328	[28984.893..28984.893]
Group-1	PE 34:3:0	255.23	240604_eggPE_25-35_1.mzXML	25.0	53602.8	0.0	0.0	[0.0..0.0]	[0.0..0.0]	[1.0..1.0]	[53602.8..53602.8]	[0.347..0.361]	[0.13..0.37]	[1.0..1.0]	[53602.8..53602.8]	[0.385..0.452]	[0.133..0.366]	0.948328	[50833.04..50833.04]
Group-1	PE 34:3:0	255.23	240604_eggPE_25-35_1.mzXML	30.0	66052.6	0.0	0.0	[0.0..0.0]	[0.0..0.0]	[1.0..1.0]	[66052.6..66052.6]	[0.382..0.416]	[0.13..0.37]	[1.0..1.0]	[66052.6..66052.6]	[0.402..0.461]	[0.133..0.366]	0.948328	[62639.53..62639.53]
Group-1	PE 34:3:0	255.23	240604_eggPE_25-35_1.mzXML	35.0	63640.9	0.0	0.0	[0.0..0.0]	[0.0..0.0]	[1.0..1.0]	[63640.9..63640.9]	[0.393..0.447]	[0.13..0.37]	[1.0..1.0]	[63640.9..63640.9]	[0.404..0.469]	[0.133..0.366]	0.948328	[60352.445..60352.445]
Group-1	PE 34:3:0	277.22	240604_eggPE_25-35_1.mzXML	25.0	89344.9	0.0	0.0	[6.0..9.0]	[1.0..1.0]	[1.062..1.129]	[94884.29..100870.38]	[0.639..0.653]	[0.63..0.87]	[0.727..0.959]	[64953.742..85681.76]	[0.548..0.615]	[0.634..0.867]	0.948328	[89981.43..95658.22]
Group-1	PE 34:3:0	277.22	240604_eggPE_25-35_1.mzXML	30.0	78770.6	0.0	0.0	[6.0..9.0]	[1.0..1.0]	[1.177..1.357]	[92713.0..106891.7]	[0.584..0.618]	[0.63..0.87]	[0.982..1.249]	[77352.73..98384.48]	[0.539..0.598]	[0.634..0.867]	0.948328	[87922.336..101368.4]
Group-1	PE 34:3:0	277.22	240604_eggPE_25-35_1.mzXML	35.0	55880.9	0.0	0.0	[6.0..9.0]	[1.0..1.0]	[1.409..1.76]	[78736.19..98350.38]	[0.553..0.607]	[0.63..0.87]	[1.287..1.683]	[71918.71..94047.55]	[0.531..0.596]	[0.634..0.867]	0.948328	[74667.734..93268.42]
Group-1	PE 34:3:0	279.23	240604_eggPE_25-35_1.mzXML	25.0	100257.6	0.0	0.0	[9.0..9.0]	[1.0..1.0]	[0.952..0.952]	[95445.24..95445.24]	[0.764..0.764]	[1.0..1.0]	[0.952..0.952]	[95445.24..95445.24]	[0.764..0.764]	[1.0..1.0]	0.948328	[90513.4..90513.4]
Group-1	PE 34:3:0	279.23	240604_eggPE_25-35_1.mzXML	30.0	105021.3	0.0	0.0	[9.0..9.0]	[0.9..1.0]	[0.966..0.967]	[101450.58..101555.59]	[0.76..0.76]	[1.0..1.0]	[0.967..0.967]	[101555.59..101555.59]	[0.76..0.76]	[1.0..1.0]	0.948328	[96208.42..96308.016]
Group-1	PE 34:3:0	279.23	240604_eggPE_25-35_1.mzXML	35.0	85889.3	0.0	0.0	[9.0..9.0]	[0.9..0.9]	[1.037..1.037]	[89067.195..89067.195]	[0.745..0.745]	[1.0..1.0]	[1.037..1.037]	[89067.195..89067.195]	[0.745..0.745]	[1.0..1.0]	0.948328	[84464.914..84464.914]
Group-1	PE 36:1:0	255.23	240604_eggPE_25-35_1.mzXML	25.0	161661.7	0.0	0.0	[0.0..0.0]	[0.0..1.0]	[1.0..1.0]	[161661.7..161661.7]	[0.48..0.489]	[0.45..0.58]	[1.0..1.0]	[161661.7..161661.7]	[0.484..0.485]	[0.452..0.577]	0.91317487	[147625.4..147625.4]
Group-1	PE 36:1:0	255.23	240604_eggPE_25-35_1.mzXML	30.0	162064.3	0.0	0.0	[0.0..0.0]	[1.0..1.0]	[1.0..1.0]	[162064.3..162064.3]	[0.531..0.531]	[0.45..0.58]	[1.0..1.0]	[162064.3..162064.3]	[0.531..0.531]	[0.452..0.577]	0.91317487	[147993.05..147993.05]
Group-1	PE 36:1:0	255.23	240604_eggPE_25-35_1.mzXML	35.0	165402.3	0.0	0.0	[0.0..0.0]	[0.0..0.0]	[1.0..1.0]	[165402.3..165402.3]	[0.503..0.503]	[0.45..0.58]	[1.0..1.0]	[165402.3..165402.3]	[0.503..0.503]	[0.452..0.577]	0.91317487	[151041.22..151041.22]
Group-1	PE 36:1:0	281.25	240604_eggPE_25-35_1.mzXML	25.0	1.5840214E7	0.0	0.0	[9.0..9.0]	[0.0..1.0]	[0.912..0.953]	[1.4446275E7..1.5095724E7]	[0.754..0.761]	[1.0..1.0]	[0.953..0.953]	[1.5095724E7..1.5095724E7]	[0.762..0.762]	[1.0..1.0]	0.91317487	[1.3191975E7..1.3785036E7]
Group-1	PE 36:1:0	281.25	240604_eggPE_25-35_1.mzXML	30.0	1.6147518E7	0.0	0.0	[9.0..9.0]	[0.0..1.0]	[0.913..0.925]	[1.4742684E7..1.4936454E7]	[0.734..0.736]	[1.0..1.0]	[0.925..0.925]	[1.4936454E7..1.4936454E7]	[0.737..0.737]	[1.0..1.0]	0.91317487	[1.3462649E7..1.3639595E7]
Group-1	PE 36:1:0	281.25	240604_eggPE_25-35_1.mzXML	35.0	1.4983161E7	0.0	0.0	[9.0..9.0]	[0.0..1.0]	[0.926..0.947]	[1.3874407E7..1.4189054E7]	[0.725..0.728]	[1.0..1.0]	[0.947..0.947]	[1.4189054E7..1.4189054E7]	[0.729..0.729]	[1.0..1.0]	0.91317487	[1.266976E7..1.2957087E7]
Group-1	PE 36:1:0	283.26	240604_eggPE_25-35_1.mzXML	25.0	4762139.5	0.0	0.0	[0.0..0.0]	[0.0..1.0]	[0.988..0.995]	[4704993.5..4738329.0]	[0.239..0.246]	[0.0..0.0]	[0.988..0.988]	[4704993.5..4704993.5]	[0.238..0.238]	[0.0..0.0]	0.91317487	[4296482.0..4326922.5]
Group-1	PE 36:1:0	283.26	240604_eggPE_25-35_1.mzXML	30.0	5514774.0	0.0	0.0	[0.0..0.0]	[0.0..1.0]	[0.967..0.973]	[5332786.5..5365875.0]	[0.264..0.266]	[0.0..0.0]	[0.967..0.967]	[5332786.5..5332786.5]	[0.263..0.263]	[0.0..0.0]	0.91317487	[4869766.5..4899982.0]
Group-1	PE 36:1:0	283.26	240604_eggPE_25-35_1.mzXML	35.0	5463286.0	0.0	0.0	[0.0..0.0]	[0.0..1.0]	[0.964..0.969]	[5266607.5..5293924.0]	[0.272..0.275]	[0.0..0.0]	[0.964..0.964]	[5266607.5..5266607.5]	[0.271..0.271]	[0.0..0.0]	0.91317487	[4809334.0..4834278.5]
Group-1	PE 36:1:0	309.28	240604_eggPE_25-35_1.mzXML	25.0	189856.8	0.0	0.0	[11.0..11.0]	[0.0..1.0]	[0.889..0.924]	[168782.69..175427.69]	[0.511..0.52]	[0.42..0.55]	[0.904..0.908]	[171630.55..172389.97]	[0.515..0.516]	[0.423..0.548]	0.91317487	[154128.11..160196.16]
Group-1	PE 36:1:0	309.28	240604_eggPE_25-35_1.mzXML	30.0	165692.9	0.0	0.0	[11.0..11.0]	[0.0..0.0]	[0.864..0.864]	[143158.67..143158.67]	[0.469..0.469]	[0.42..0.55]	[0.864..0.864]	[143158.67..143158.67]	[0.469..0.469]	[0.423..0.548]	0.91317487	[130728.9..130728.9]
Group-1	PE 36:1:0	309.28	240604_eggPE_25-35_1.mzXML	35.0	188735.3	0.0	0.0	[11.0..11.0]	[1.0..1.0]	[0.866..0.866]	[163444.77..163444.77]	[0.497..0.497]	[0.42..0.55]	[0.866..0.866]	[163444.77..163444.77]	[0.497..0.497]	[0.423..0.548]	0.91317487	[149253.66..149253.66]
Group-1	PE 36:2:0	255.23	240604_eggPE_25-35_1.mzXML	25.0	90073.8	0.0	0.0	[0.0..0.0]	[0.0..0.0]	[1.0..1.0]	[90073.8..90073.8]	[0.33..0.33]	[0.09..0.32]	[1.0..1.0]	[90073.8..90073.8]	[0.33..0.33]	[0.09..0.32]	0.91529584	[82444.17..82444.17]
Group-1	PE 36:2:0	255.23	240604_eggPE_25-35_1.mzXML	30.0	103990.4	0.0	0.0	[0.0..0.0]	[0.0..0.0]	[1.0..1.0]	[103990.4..103990.4]	[0.335..0.335]	[0.09..0.32]	[1.0..1.0]	[103990.4..103990.4]	[0.335..0.335]	[0.09..0.32]	0.91529584	[95181.98..95181.98]
Group-1	PE 36:2:0	255.23	240604_eggPE_25-35_1.mzXML	35.0	124871.4	0.0	0.0	[0.0..0.0]	[0.0..0.0]	[1.0..1.0]	[124871.4..124871.4]	[0.429..0.429]	[0.09..0.32]	[1.0..1.0]	[124871.4..124871.4]	[0.429..0.429]	[0.09..0.32]	0.91529584	[114294.27..114294.27]
Group-1	PE 36:2:0	279.23	240604_eggPE_25-35_1.mzXML	25.0	8965006.0	0.0	0.0	[9.0..9.0]	[0.0..1.0]	[0.922..0.952]	[8265735.5..8534686.0]	[0.745..0.75]	[1.0..1.0]	[0.952..0.952]	[8534686.0..8534686.0]	[0.751..0.751]	[1.0..1.0]	0.91529584	[7565593.0..7811762.5]
Group-1	PE 36:2:0	279.23	240604_eggPE_25-35_1.mzXML	30.0	9238607.0	0.0	0.0	[9.0..9.0]	[0.0..1.0]	[0.965..0.967]	[8915256.0..8933733.0]	[0.74..0.741]	[1.0..1.0]	[0.967..0.967]	[8933733.0..8933733.0]	[0.741..0.741]	[1.0..1.0]	0.91529584	[8160096.5..8177009.0]
Group-1	PE 36:2:0	279.23	240604_eggPE_25-35_1.mzXML	35.0	7695630.5	0.0	0.0	[9.0..9.0]	[0.0..1.0]	[1.034..1.069]	[7957282.0..8226629.0]	[0.735..0.74]	[1.0..1.0]	[1.069..1.069]	[8226629.0..8226629.0]	[0.741..0.741]	[1.0..1.0]	0.91529584	[7283267.0..7529799.5]
Group-1	PE 36:2:0	281.25	240604_eggPE_25-35_1.mzXML	25.0	3820625.5	0.0	0.0	[9.0..9.0]	[0.5..0.5]	[0.914..0.914]	[3492051.5..3492051.5]	[0.5..0.5]	[0.5..0.5]	[0.914..0.914]	[3492051.5..3492051.5]	[0.5..0.5]	[0.5..0.5]	0.91529584	[3196260.2..3196260.2]
Group-1	PE 36:2:0	281.25	240604_eggPE_25-35_1.mzXML	30.0	4076139.0	0.0	0.0	[9.0..9.0]	[0.5..0.5]	[0.908..0.908]	[3701134.2..3701134.2]	[0.5..0.5]	[0.5..0.5]	[0.908..0.908]	[3701134.2..3701134.2]	[0.5..0.5]	[0.5..0.5]	0.91529584	[3387632.8..3387632.8]
Group-1	PE 36:2:0	281.25	240604_eggPE_25-35_1.mzXML	35.0	3652929.0	0.0	0.0	[9.0..9.0]	[0.5..0.5]	[0.92..0.92]	[3360694.8..3360694.8]	[0.5..0.5]	[0.5..0.5]	[0.92..0.92]	[3360694.8..3360694.8]	[0.5..0.5]	[0.5..0.5]	0.91529584	[3076030.0..3076030.0]
Group-1	PE 36:2:0	283.26	240604_eggPE_25-35_1.mzXML	25.0	2862530.0	0.0	0.0	[0.0..0.0]	[0.0..1.0]	[0.988..0.995]	[2828179.5..2848217.2]	[0.25..0.255]	[0.0..0.0]	[0.988..0.988]	[2828179.5..2828179.5]	[0.249..0.249]	[0.0..0.0]	0.91529584	[2588621.0..2606961.5]
Group-1	PE 36:2:0	283.26	240604_eggPE_25-35_1.mzXML	30.0	3229358.2	0.0	0.0	[0.0..0.0]	[0.0..1.0]	[0.967..0.973]	[3122789.5..3142165.5]	[0.259..0.26]	[0.0..0.0]	[0.967..0.967]	[3122789.5..3122789.5]	[0.259..0.259]	[0.0..0.0]	0.91529584	[2858276.2..2876011.2]
Group-1	PE 36:2:0	283.26	240604_eggPE_25-35_1.mzXML	35.0	2979493.5	0.0	0.0	[0.0..0.0]	[0.0..1.0]	[0.964..0.969]	[2872231.8..2887129.2]	[0.26..0.265]	[0.0..0.0]	[0.964..0.964]	[2872231.8..2872231.8]	[0.259..0.259]	[0.0..0.0]	0.91529584	[2628941.8..2642577.2]
Group-1	PE 36:2:0	307.26	240604_eggPE_25-35_1.mzXML	25.0	200469.5	0.0	0.0	[11.0..11.0]	[1.0..1.0]	[0.912..0.912]	[182828.19..182828.19]	[0.67..0.67]	[0.68..0.91]	[0.912..0.912]	[182828.19..182828.19]	[0.67..0.67]	[0.68..0.91]	0.91529584	[167341.88..167341.88]
Group-1	PE 36:2:0	307.26	240604_eggPE_25-35_1.mzXML	30.0	231566.0	0.0	0.0	[11.0..11.0]	[1.0..1.0]	[0.89..0.89]	[206093.73..206093.73]	[0.665..0.665]	[0.68..0.91]	[0.89..0.89]	[206093.73..206093.73]	[0.665..0.665]	[0.68..0.91]	0.91529584	[188636.73..188636.73]
Group-1	PE 36:2:0	307.26	240604_eggPE_25-35_1.mzXML	35.0	179366.4	0.0	0.0	[11.0..11.0]	[1.0..1.0]	[0.927..0.927]	[166272.66..166272.66]	[0.571..0.571]	[0.68..0.91]	[0.927..0.927]	[166272.66..166272.66]	[0.571..0.571]	[0.68..0.91]	0.91529584	[152188.67..152188.67]
Group-1	PE 36:3:0	255.23	240604_eggPE_25-35_1.mzXML	25.0	105752.5	0.0	0.0	[0.0..0.0]	[0.0..0.0]	[1.0..1.0]	[105752.49..105752.49]	[0.296..0.317]	[0.0..0.17]	[1.0..1.0]	[105752.5..105752.5]	[0.296..0.364]	[0.0..0.169]	0.91742754	[97020.26..97020.26]
Group-1	PE 36:3:0	255.23	240604_eggPE_25-35_1.mzXML	30.0	115846.0	0.0	0.0	[0.0..0.0]	[0.0..0.0]	[1.0..1.0]	[115846.0..115846.0]	[0.296..0.352]	[0.0..0.17]	[1.0..1.0]	[115846.0..115846.0]	[0.296..0.376]	[0.0..0.169]	0.91742754	[106280.31..106280.31]
Group-1	PE 36:3:0	255.23	240604_eggPE_25-35_1.mzXML	35.0	106962.8	0.0	0.0	[0.0..0.0]	[0.0..0.0]	[1.0..1.0]	[106962.8..106962.8]	[0.28..0.369]	[0.0..0.17]	[1.0..1.0]	[106962.8..106962.8]	[0.28..0.382]	[0.0..0.169]	0.91742754	[98130.62..98130.62]
Group-1	PE 36:3:0	277.22	240604_eggPE_25-35_1.mzXML	25.0	91218.3	0.0	0.0	[6.0..9.0]	[0.0..1.0]	[1.026..1.129]	[93589.98..102985.45]	[0.586..0.607]	[0.42..0.76]	[0.705..0.852]	[64308.9..77717.99]	[0.493..0.539]	[0.417..0.756]	0.91742754	[85862.02..94481.695]
Group-1	PE 36:3:0	277.22	240604_eggPE_25-35_1.mzXML	30.0	71516.9	0.0	0.0	[6.0..9.0]	[0.0..1.0]	[1.167..1.357]	[83460.23..97048.43]	[0.516..0.552]	[0.42..0.76]	[0.972..1.18]	[69514.42..84389.94]	[0.47..0.518]	[0.417..0.756]	0.91742754	[76568.7..89034.9]
Group-1	PE 36:3:0	277.22	240604_eggPE_25-35_1.mzXML	35.0	49749.1	0.0	0.0	[6.0..9.0]	[0.0..1.0]	[1.437..1.76]	[71489.46..87558.42]	[0.467..0.516]	[0.42..0.76]	[1.287..1.636]	[64027.09..81389.53]	[0.439..0.498]	[0.417..0.756]	0.91742754	[65586.4..80328.5]
Group-1	PE 36:3:0	279.23	240604_eggPE_25-35_1.mzXML	25.0	1609881.6	0.0	0.0	[9.0..9.0]	[0.0..0.0]	[0.922..0.922]	[1484310.9..1484310.9]	[0.689..0.689]	[0.95..1.0]	[0.922..0.922]	[1484310.9..1484310.9]	[0.689..0.689]	[0.953..0.998]	0.91742754	[1361747.6..1361747.6]
Group-1	PE 36:3:0	279.23	240604_eggPE_25-35_1.mzXML	30.0	1597366.4	0.0	0.0	[9.0..9.0]	[0.0..0.0]	[0.965..0.965]	[1541458.5..1541458.5]	[0.69..0.69]	[0.95..1.0]	[0.965..0.965]	[1541458.5..1541458.5]	[0.69..0.69]	[0.953..0.998]	0.91742754	[1414176.5..1414176.5]
Group-1	PE 36:3:0	279.23	240604_eggPE_25-35_1.mzXML	35.0	1308655.2	0.0	0.0	[9.0..9.0]	[0.0..0.0]	[1.069..1.069]	[1398952.5..1398952.5]	[0.697..0.697]	[0.95..1.0]	[1.069..1.069]	[1398952.5..1398952.5]	[0.697..0.697]	[0.953..0.998]	0.91742754	[1283437.5..1283437.5]
Group-1	PE 36:3:0	281.25	240604_eggPE_25-35_1.mzXML	25.0	703392.1	0.0	0.0	[9.0..9.0]	[1.0..1.0]	[0.953..0.953]	[670332.7..670332.7]	[0.311..0.311]	[0.0..0.05]	[0.953..0.953]	[670332.7..670332.7]	[0.311..0.311]	[0.002..0.047]	0.91742754	[614981.7..614981.7]
Group-1	PE 36:3:0	281.25	240604_eggPE_25-35_1.mzXML	30.0	750118.3	0.0	0.0	[9.0..9.0]	[1.0..1.0]	[0.925..0.925]	[693859.44..693859.44]	[0.31..0.31]	[0.0..0.05]	[0.925..0.925]	[693859.44..693859.44]	[0.31..0.31]	[0.002..0.047]	0.91742754	[636565.75..636565.75]
Group-1	PE 36:3:0	281.25	240604_eggPE_25-35_1.mzXML	35.0	656326.1	0.0	0.0	[9.0..9.0]	[1.0..1.0]	[0.926..0.926]	[607758.0..607758.0]	[0.303..0.303]	[0.0..0.05]	[0.926..0.926]	[607758.0..607758.0]	[0.303..0.303]	[0.002..0.047]	0.91742754	[557573.94..557573.94]
Group-1	PE 36:3:0	283.26	240604_eggPE_25-35_1.mzXML	25.0	66918.7	0.0	0.0	[0.0..0.0]	[0.0..1.0]	[0.988..0.995]	[66115.68..66584.11]	[0.393..0.414]	[0.24..0.58]	[0.99..0.992]	[66249.516..66383.35]	[0.461..0.507]	[0.244..0.583]	0.91742754	[60656.344..61086.098]
Group-1	PE 36:3:0	283.26	240604_eggPE_25-35_1.mzXML	30.0	80903.7	0.0	0.0	[0.0..0.0]	[0.0..1.0]	[0.967..0.973]	[78233.88..78719.305]	[0.448..0.484]	[0.24..0.58]	[0.968..0.97]	[78314.78..78476.59]	[0.482..0.53]	[0.244..0.583]	0.91742754	[71773.92..72219.26]
Group-1	PE 36:3:0	283.26	240604_eggPE_25-35_1.mzXML	35.0	84724.9	0.0	0.0	[0.0..0.0]	[0.0..1.0]	[0.964..0.969]	[81674.805..82098.42]	[0.484..0.533]	[0.24..0.58]	[0.965..0.967]	[81759.52..81928.98]	[0.502..0.561]	[0.244..0.583]	0.91742754	[74930.71..75319.35]
Group-1	PE 36:3:0	305.25	240604_eggPE_25-35_1.mzXML	25.0	229447.8	0.0	0.0	[5.0..11.0]	[1.0..1.0]	[0.991..1.098]	[227382.77..251933.69]	[0.683..0.704]	[0.83..1.0]	[0.804..1.098]	[184476.03..251933.69]	[0.636..0.704]	[0.831..1.0]	0.91742754	[208607.22..231130.92]
Group-1	PE 36:3:0	305.25	240604_eggPE_25-35_1.mzXML	30.0	206503.3	0.0	0.0	[5.0..11.0]	[1.0..1.0]	[1.033..1.337]	[213317.9..276094.9]	[0.648..0.704]	[0.83..1.0]	[0.93..1.337]	[192048.06..276094.9]	[0.624..0.704]	[0.831..1.0]	0.91742754	[195703.72..253297.08]
Group-1	PE 36:3:0	305.25	240604_eggPE_25-35_1.mzXML	35.0	154609.1	0.0	0.0	[5.0..11.0]	[1.0..1.0]	[1.181..1.783]	[182593.34..275668.0]	[0.631..0.72]	[0.83..1.0]	[1.118..1.783]	[172852.97..275668.0]	[0.618..0.72]	[0.831..1.0]	0.91742754	[167516.16..252905.42]
Group-1	PE 36:4:0	255.23	240604_eggPE_25-35_1.mzXML	25.0	894751.9	0.0	0.0	[0.0..0.0]	[0.0..0.0]	[1.0..1.0]	[894751.9..894751.9]	[0.221..0.222]	[0.0..0.0]	[1.0..1.0]	[894751.9..894751.9]	[0.221..0.222]	[0.0..0.0]	0.91958064	[822796.5..822796.5]
Group-1	PE 36:4:0	255.23	240604_eggPE_25-35_1.mzXML	30.0	1012389.4	0.0	0.0	[0.0..0.0]	[0.0..0.0]	[1.0..1.0]	[1012389.4..1012389.4]	[0.258..0.26]	[0.0..0.0]	[1.0..1.0]	[1012389.4..1012389.4]	[0.258..0.26]	[0.0..0.0]	0.91958064	[930973.7..930973.7]
Group-1	PE 36:4:0	255.23	240604_eggPE_25-35_1.mzXML	35.0	957373.0	0.0	0.0	[0.0..0.0]	[0.0..0.0]	[1.0..1.0]	[957373.0..957373.0]	[0.275..0.277]	[0.0..0.0]	[1.0..1.0]	[957373.0..957373.0]	[0.275..0.277]	[0.0..0.0]	0.91958064	[880381.7..880381.7]
Group-1	PE 36:4:0	277.22	240604_eggPE_25-35_1.mzXML	25.0	22953.4	0.0	0.0	[6.0..9.0]	[0.0..0.0]	[1.026..1.053]	[23550.19..24169.93]	[0.612..0.618]	[0.4..0.78]	[0.71..0.869]	[16296.914..19946.506]	[0.522..0.572]	[0.396..0.783]	0.91958064	[21656.297..22226.2]
Group-1	PE 36:4:0	277.22	240604_eggPE_25-35_1.mzXML	30.0	17677.8	0.0	0.0	[6.0..9.0]	[1.0..1.0]	[1.177..1.357]	[20806.771..23988.775]	[0.536..0.571]	[0.4..0.78]	[0.974..1.191]	[17218.178..21054.26]	[0.488..0.539]	[0.396..0.783]	0.91958064	[19133.504..22059.613]
Group-1	PE 36:4:0	277.22	240604_eggPE_25-35_1.mzXML	35.0	11411.4	0.0	0.0	[6.0..9.0]	[0.0..1.0]	[1.437..1.76]	[16398.184..20084.064]	[0.459..0.504]	[0.4..0.78]	[1.289..1.643]	[14709.296..18748.932]	[0.431..0.489]	[0.396..0.783]	0.91958064	[15079.452..18468.918]
Group-1	PE 36:4:0	279.23	240604_eggPE_25-35_1.mzXML	25.0	155189.1	0.0	0.0	[9.0..9.0]	[0.5..0.5]	[0.92..0.92]	[142773.97..142773.97]	[0.5..0.5]	[0.5..0.5]	[0.92..0.92]	[142773.97..142773.97]	[0.5..0.5]	[0.5..0.5]	0.91958064	[131292.19..131292.19]
Group-1	PE 36:4:0	279.23	240604_eggPE_25-35_1.mzXML	30.0	157624.6	0.0	0.0	[9.0..9.0]	[0.5..0.5]	[0.956..0.956]	[150689.11..150689.11]	[0.5..0.5]	[0.5..0.5]	[0.956..0.956]	[150689.11..150689.11]	[0.5..0.5]	[0.5..0.5]	0.91958064	[138570.8..138570.8]
Group-1	PE 36:4:0	279.23	240604_eggPE_25-35_1.mzXML	35.0	138637.7	0.0	0.0	[9.0..9.0]	[0.5..0.5]	[1.032..1.032]	[143074.11..143074.11]	[0.5..0.5]	[0.5..0.5]	[1.032..1.032]	[143074.11..143074.11]	[0.5..0.5]	[0.5..0.5]	0.91958064	[131568.17..131568.17]
Group-1	PE 36:4:0	281.25	240604_eggPE_25-35_1.mzXML	25.0	15658.8	0.0	0.0	[9.0..9.0]	[1.0..1.0]	[0.953..0.953]	[14922.836..14922.836]	[0.382..0.388]	[0.22..0.6]	[0.953..0.953]	[14922.836..14922.836]	[0.428..0.478]	[0.217..0.604]	0.91958064	[13722.752..13722.752]
Group-1	PE 36:4:0	281.25	240604_eggPE_25-35_1.mzXML	30.0	19756.0	0.0	0.0	[9.0..9.0]	[0.0..0.0]	[0.913..0.913]	[18037.229..18037.229]	[0.429..0.464]	[0.22..0.6]	[0.913..0.913]	[18037.229..18037.229]	[0.461..0.512]	[0.217..0.604]	0.91958064	[16586.686..16586.686]
Group-1	PE 36:4:0	281.25	240604_eggPE_25-35_1.mzXML	35.0	20844.6	0.0	0.0	[9.0..9.0]	[0.0..1.0]	[0.926..0.947]	[19302.1..19739.836]	[0.496..0.541]	[0.22..0.6]	[0.931..0.939]	[19406.322..19573.08]	[0.511..0.569]	[0.217..0.604]	0.91958064	[17749.838..18152.373]
Group-1	PE 36:4:0	303.23	240604_eggPE_25-35_1.mzXML	25.0	2322511.5	169628.0	0.073036455	[5.0..5.0]	[1.0..1.0]	[1.351..1.357]	[3137713.0..3151648.0]	[0.778..0.779]	[1.0..1.0]	[1.351..1.357]	[3137713.0..3151648.0]	[0.778..0.779]	[1.0..1.0]	0.91958064	[2885380.0..2898194.5]
Group-1	PE 36:4:0	303.23	240604_eggPE_25-35_1.mzXML	30.0	1475166.5	179670.1	0.12179648	[5.0..5.0]	[1.0..1.0]	[1.958..1.973]	[2888376.0..2910503.5]	[0.74..0.742]	[1.0..1.0]	[1.958..1.973]	[2888376.0..2910503.5]	[0.74..0.742]	[1.0..1.0]	0.91958064	[2656094.5..2676442.8]
Group-1	PE 36:4:0	303.23	240604_eggPE_25-35_1.mzXML	35.0	781634.0	105588.4	0.13508675	[5.0..5.1]	[1.0..1.0]	[3.197..3.232]	[2498884.0..2526241.2]	[0.723..0.725]	[1.0..1.0]	[3.197..3.232]	[2498884.0..2526241.2]	[0.723..0.725]	[1.0..1.0]	0.91958064	[2297925.2..2323082.5]
Group-1	PE 36:5:0	227.2	240604_eggPE_25-35_1.mzXML	25.0	925.5	0.0	0.0	[0.0..0.0]	[0.0..0.7]	[1.013..1.019]	[937.532..943.085]	[0.229..0.349]	[0.0..0.33]	[1.013..1.015]	[937.5315..939.3825]	[0.228..0.351]	[0.0..0.328]	0.92174476	[864.16473..869.28326]
Group-1	PE 36:5:0	227.2	240604_eggPE_25-35_1.mzXML	30.0	1224.4	0.0	0.0	[0.0..0.0]	[0.0..0.7]	[1.035..1.043]	[1267.254..1277.049]	[0.238..0.366]	[0.0..0.33]	[1.035..1.038]	[1267.254..1270.9272]	[0.237..0.367]	[0.0..0.328]	0.92174476	[1168.0847..1177.1134]
Group-1	PE 36:5:0	227.2	240604_eggPE_25-35_1.mzXML	35.0	1257.6	0.0	0.0	[0.0..0.0]	[0.0..0.0]	[1.047..1.047]	[1316.707..1316.707]	[0.284..0.432]	[0.0..0.33]	[1.047..1.047]	[1316.7073..1316.7073]	[0.284..0.454]	[0.0..0.328]	0.92174476	[1213.668..1213.668]
Group-1	PE 36:5:0	253.22	240604_eggPE_25-35_1.mzXML	25.0	5110.0	0.0	0.0	[9.0..9.0]	[0.0..0.9]	[0.963..1.002]	[4920.93..5120.22]	[0.225..0.258]	[0.0..0.0]	[0.963..0.963]	[4920.93..4920.93]	[0.218..0.222]	[0.0..0.0]	0.92174476	[4535.8413..4719.5356]
Group-1	PE 36:5:0	253.22	240604_eggPE_25-35_1.mzXML	30.0	5558.7	0.0	0.0	[9.0..9.0]	[0.0..0.9]	[0.982..0.988]	[5458.644..5491.996]	[0.228..0.257]	[0.0..0.0]	[0.982..0.982]	[5458.6436..5458.6436]	[0.227..0.234]	[0.0..0.0]	0.92174476	[5031.476..5062.2183]
Group-1	PE 36:5:0	253.22	240604_eggPE_25-35_1.mzXML	35.0	5041.6	0.0	0.0	[9.0..9.0]	[0.0..0.0]	[1.021..1.021]	[5147.474..5147.474]	[0.27..0.281]	[0.0..0.0]	[1.021..1.021]	[5147.4736..5147.4736]	[0.27..0.281]	[0.0..0.0]	0.92174476	[4744.6567..4744.6567]
Group-1	PE 36:5:0	255.23	240604_eggPE_25-35_1.mzXML	25.0	27723.2	0.0	0.0	[0.0..0.0]	[0.0..0.8]	[1.0..1.0]	[27723.2..27723.2]	[0.835..0.843]	[1.0..1.0]	[1.0..1.0]	[27723.2..27723.2]	[0.843..0.843]	[1.0..1.0]	0.92174476	[25553.713..25553.713]
Group-1	PE 36:5:0	255.23	240604_eggPE_25-35_1.mzXML	30.0	39472.2	0.0	0.0	[0.0..0.0]	[0.8..0.8]	[1.0..1.0]	[39472.2..39472.2]	[0.88..0.88]	[1.0..1.0]	[1.0..1.0]	[39472.2..39472.2]	[0.88..0.88]	[1.0..1.0]	0.92174476	[36383.293..36383.293]
Group-1	PE 36:5:0	255.23	240604_eggPE_25-35_1.mzXML	35.0	40898.0	0.0	0.0	[0.0..0.0]	[0.0..0.0]	[1.0..1.0]	[40898.0..40898.0]	[0.894..0.894]	[1.0..1.0]	[1.0..1.0]	[40898.0..40898.0]	[0.894..0.894]	[1.0..1.0]	0.92174476	[37697.516..37697.516]
Group-1	PE 36:5:0	277.22	240604_eggPE_25-35_1.mzXML	25.0	3815.6	0.0	0.0	[6.0..9.0]	[1.0..1.0]	[1.062..1.129]	[4052.168..4307.813]	[0.191..0.201]	[0.0..0.0]	[1.026..1.053]	[3914.806..4017.827]	[0.186..0.19]	[0.0..0.0]	0.92174476	[3735.0642..3970.7036]
Group-1	PE 36:5:0	277.22	240604_eggPE_25-35_1.mzXML	30.0	3068.5	0.0	0.0	[6.0..9.0]	[1.0..1.0]	[1.177..1.357]	[3611.625..4163.955]	[0.168..0.189]	[0.0..0.0]	[1.167..1.308]	[3580.9397..4013.598]	[0.167..0.183]	[0.0..0.0]	0.92174476	[3328.996..3838.1033]
Group-1	PE 36:5:0	277.22	240604_eggPE_25-35_1.mzXML	35.0	2285.2	0.0	0.0	[6.0..9.0]	[1.0..1.0]	[1.409..1.76]	[3219.847..4021.952]	[0.168..0.201]	[0.0..0.0]	[1.437..1.757]	[3283.8325..4015.0962]	[0.171..0.201]	[0.0..0.0]	0.92174476	[2967.877..3707.2131]
Group-1	PE 36:5:0	279.23	240604_eggPE_25-35_1.mzXML	25.0	18603.0	0.0	0.0	[9.0..9.0]	[0.0..0.0]	[0.922..0.922]	[17151.967..17151.967]	[0.799..0.809]	[1.0..1.0]	[0.922..0.922]	[17151.967..17151.967]	[0.81..0.814]	[1.0..1.0]	0.92174476	[15809.735..15809.735]
Group-1	PE 36:5:0	279.23	240604_eggPE_25-35_1.mzXML	30.0	18575.3	0.0	0.0	[9.0..9.0]	[0.0..0.0]	[0.965..0.965]	[17925.164..17925.164]	[0.811..0.832]	[1.0..1.0]	[0.965..0.965]	[17925.164..17925.164]	[0.817..0.833]	[1.0..1.0]	0.92174476	[16522.426..16522.426]
Group-1	PE 36:5:0	279.23	240604_eggPE_25-35_1.mzXML	35.0	14943.9	0.0	0.0	[9.0..9.0]	[0.0..0.0]	[1.069..1.069]	[15975.029..15975.029]	[0.799..0.832]	[1.0..1.0]	[1.069..1.069]	[15975.029..15975.029]	[0.799..0.829]	[1.0..1.0]	0.92174476	[14724.899..14724.899]
Group-1	PE 36:5:0	301.22	240604_eggPE_25-35_1.mzXML	25.0	2998.8	0.0	0.0	[5.0..5.0]	[0.2..1.0]	[1.717..1.831]	[5148.94..5490.803]	[0.157..0.165]	[0.0..0.0]	[1.717..1.717]	[5148.94..5148.94]	[0.157..0.157]	[0.0..0.0]	0.92174476	[4746.0083..5061.1187]
Group-1	PE 36:5:0	301.22	240604_eggPE_25-35_1.mzXML	30.0	1734.9	0.0	0.0	[5.0..5.0]	[0.2..0.2]	[3.093..3.093]	[5366.046..5366.046]	[0.12..0.12]	[0.0..0.0]	[3.093..3.093]	[5366.046..5366.046]	[0.12..0.12]	[0.0..0.0]	0.92174476	[4946.1245..4946.1245]
Group-1	PE 36:5:0	301.22	240604_eggPE_25-35_1.mzXML	35.0	685.1	0.0	0.0	[5.0..5.0]	[1.0..1.0]	[7.069..7.069]	[4842.972..4842.972]	[0.106..0.106]	[0.0..0.0]	[7.069..7.069]	[4842.9717..4842.9717]	[0.106..0.106]	[0.0..0.0]	0.92174476	[4463.9834..4463.9834]
Group-1	PE 36:5:0	303.23	240604_eggPE_25-35_1.mzXML	25.0	13000.8	894.0	0.068765	[5.1..5.1]	[0.1..1.0]	[1.087..1.357]	[14131.869..17642.086]	[0.742..0.775]	[1.0..1.0]	[1.33..1.357]	[17291.064..17642.086]	[0.778..0.782]	[1.0..1.0]	0.92174476	[13025.977..16261.499]
Group-1	PE 36:5:0	303.23	240604_eggPE_25-35_1.mzXML	30.0	9414.2	897.2	0.09530284	[5.4..5.5]	[0.1..1.0]	[1.674..1.973]	[15759.371..18574.217]	[0.743..0.772]	[1.0..1.0]	[1.898..1.973]	[17868.152..18574.217]	[0.766..0.773]	[1.0..1.0]	0.92174476	[14526.117..17120.688]
Group-1	PE 36:5:0	303.23	240604_eggPE_25-35_1.mzXML	35.0	4302.0	586.9	0.13642493	[5.0..5.0]	[1.0..1.0]	[3.057..3.232]	[13151.214..13904.064]	[0.719..0.73]	[1.0..1.0]	[3.057..3.232]	[13151.214..13904.064]	[0.719..0.73]	[1.0..1.0]	0.92174476	[12122.0625..12815.999]
Group-1	PE 36:5:0	329.25	240604_eggPE_25-35_1.mzXML	25.0	1775.5	0.0	0.0	[4.0..7.0]	[0.3..1.0]	[0.984..1.787]	[1747.092..3172.818]	[0.651..0.771]	[0.67..1.0]	[0.977..1.787]	[1734.6635..3172.8184]	[0.649..0.772]	[0.672..1.0]	0.92174476	[1610.3729..2924.5288]
Group-1	PE 36:5:0	329.25	240604_eggPE_25-35_1.mzXML	30.0	1235.5	0.0	0.0	[4.0..7.0]	[0.3..1.0]	[1.779..3.303]	[2197.955..4080.857]	[0.634..0.762]	[0.67..1.0]	[1.771..3.303]	[2188.0706..4080.8564]	[0.633..0.763]	[0.672..1.0]	0.92174476	[2025.9531..3761.508]
Group-1	PE 36:5:0	329.25	240604_eggPE_25-35_1.mzXML	35.0	459.3	0.0	0.0	[4.0..7.0]	[1.0..1.0]	[3.775..7.227]	[1733.858..3319.361]	[0.568..0.716]	[0.67..1.0]	[3.45..7.227]	[1584.585..3319.361]	[0.546..0.716]	[0.672..1.0]	0.92174476	[1598.1741..3059.6038]
Group-1	PE 37:1:0	269.25	240604_eggPE_25-35_1.mzXML	25.0	3142.3	0.0	0.0	[0.0..0.0]	[0.0..0.0]	[0.993..0.993]	[3120.304..3120.304]	[0.175..0.175]	[0.0..0.0]	[0.993..0.993]	[3120.304..3120.304]	[0.175..0.175]	[0.0..0.0]	0.89867145	[2804.128..2804.128]
Group-1	PE 37:1:0	269.25	240604_eggPE_25-35_1.mzXML	30.0	4060.0	0.0	0.0	[0.0..0.0]	[0.0..0.0]	[0.982..0.982]	[3986.92..3986.92]	[0.219..0.219]	[0.0..0.0]	[0.982..0.982]	[3986.92..3986.92]	[0.219..0.219]	[0.0..0.0]	0.89867145	[3582.9312..3582.9312]
Group-1	PE 37:1:0	269.25	240604_eggPE_25-35_1.mzXML	35.0	4335.7	0.0	0.0	[0.0..0.0]	[0.0..0.0]	[0.981..0.981]	[4253.322..4253.322]	[0.234..0.234]	[0.0..0.0]	[0.981..0.981]	[4253.322..4253.322]	[0.234..0.234]	[0.0..0.0]	0.89867145	[3822.3389..3822.3389]
Group-1	PE 37:1:0	281.25	240604_eggPE_25-35_1.mzXML	25.0	243916.3	0.0	0.0	[9.0..9.0]	[0.0..1.0]	[0.912..0.953]	[222451.66..232452.23]	[0.931..0.933]	[1.0..1.0]	[0.953..0.953]	[232452.23..232452.23]	[0.934..0.934]	[1.0..1.0]	0.89867145	[199910.95..208898.19]
Group-1	PE 37:1:0	281.25	240604_eggPE_25-35_1.mzXML	30.0	255619.2	0.0	0.0	[9.0..9.0]	[0.0..1.0]	[0.913..0.925]	[233380.34..236447.77]	[0.935..0.935]	[1.0..1.0]	[0.925..0.925]	[236447.77..236447.77]	[0.936..0.936]	[1.0..1.0]	0.89867145	[209732.23..212488.84]
Group-1	PE 37:1:0	281.25	240604_eggPE_25-35_1.mzXML	35.0	251359.3	0.0	0.0	[9.0..9.0]	[0.0..1.0]	[0.926..0.947]	[232758.7..238037.27]	[0.927..0.928]	[1.0..1.0]	[0.947..0.947]	[238037.27..238037.27]	[0.928..0.928]	[1.0..1.0]	0.89867145	[209173.61..213917.28]
Group-1	PE 37:1:0	283.26	240604_eggPE_25-35_1.mzXML	25.0	323967.5	0.0	0.0	[0.0..0.0]	[0.0..0.0]	[0.988..0.988]	[320079.88..320079.88]	[0.903..0.903]	[1.0..1.0]	[0.988..0.988]	[320079.88..320079.88]	[0.903..0.903]	[1.0..1.0]	0.89867145	[287646.66..287646.66]
Group-1	PE 37:1:0	283.26	240604_eggPE_25-35_1.mzXML	30.0	346792.7	0.0	0.0	[0.0..0.0]	[1.0..1.0]	[0.973..0.973]	[337429.28..337429.28]	[0.912..0.912]	[1.0..1.0]	[0.973..0.973]	[337429.28..337429.28]	[0.912..0.912]	[1.0..1.0]	0.89867145	[303238.06..303238.06]
Group-1	PE 37:1:0	283.26	240604_eggPE_25-35_1.mzXML	35.0	387564.9	0.0	0.0	[0.0..0.0]	[0.0..1.0]	[0.964..0.969]	[373612.56..375550.38]	[0.903..0.904]	[1.0..1.0]	[0.969..0.969]	[375550.38..375550.38]	[0.904..0.904]	[1.0..1.0]	0.89867145	[335754.94..337496.4]
Group-1	PE 37:1:0	295.26	240604_eggPE_25-35_1.mzXML	25.0	36855.6	0.0	0.0	[9.0..9.0]	[1.0..1.0]	[0.934..0.934]	[34423.133..34423.133]	[0.097..0.097]	[0.0..0.0]	[0.934..0.934]	[34423.133..34423.133]	[0.097..0.097]	[0.0..0.0]	0.89867145	[30935.088..30935.088]
Group-1	PE 37:1:0	295.26	240604_eggPE_25-35_1.mzXML	30.0	36994.9	0.0	0.0	[9.0..9.0]	[0.0..0.0]	[0.885..0.885]	[32740.484..32740.484]	[0.088..0.088]	[0.0..0.0]	[0.885..0.885]	[32740.484..32740.484]	[0.088..0.088]	[0.0..0.0]	0.89867145	[29422.938..29422.938]
Group-1	PE 37:1:0	295.26	240604_eggPE_25-35_1.mzXML	35.0	43983.1	0.0	0.0	[9.0..9.0]	[0.0..1.0]	[0.902..0.915]	[39672.758..40244.54]	[0.096..0.097]	[0.0..0.0]	[0.902..0.902]	[39672.758..39672.758]	[0.096..0.096]	[0.0..0.0]	0.89867145	[35652.777..36166.62]
Group-1	PE 37:1:0	297.28	240604_eggPE_25-35_1.mzXML	25.0	16718.7	0.0	0.0	[0.0..0.0]	[0.0..1.0]	[0.984..0.994]	[16451.201..16618.387]	[0.067..0.069]	[0.0..0.0]	[0.984..0.984]	[16451.201..16451.201]	[0.066..0.066]	[0.0..0.0]	0.89867145	[14784.224..14934.47]
Group-1	PE 37:1:0	297.28	240604_eggPE_25-35_1.mzXML	30.0	17036.3	0.0	0.0	[0.0..0.0]	[0.0..1.0]	[0.954..0.961]	[16252.631..16371.886]	[0.065..0.065]	[0.0..0.0]	[0.954..0.954]	[16252.631..16252.631]	[0.064..0.064]	[0.0..0.0]	0.89867145	[14605.775..14712.946]
Group-1	PE 37:1:0	297.28	240604_eggPE_25-35_1.mzXML	35.0	19335.0	0.0	0.0	[0.0..0.0]	[0.0..1.0]	[0.95..0.954]	[18368.25..18445.59]	[0.072..0.073]	[0.0..0.0]	[0.95..0.95]	[18368.25..18368.25]	[0.072..0.072]	[0.0..0.0]	0.89867145	[16507.021..16576.525]
Group-1	PE 37:1:0	309.28	240604_eggPE_25-35_1.mzXML	25.0	15869.1	0.0	0.0	[11.0..11.0]	[1.0..1.0]	[0.924..0.924]	[14663.049..14663.049]	[0.825..0.825]	[1.0..1.0]	[0.924..0.924]	[14663.049..14663.049]	[0.825..0.825]	[1.0..1.0]	0.89867145	[13177.263..13177.263]
Group-1	PE 37:1:0	309.28	240604_eggPE_25-35_1.mzXML	30.0	16311.0	0.0	0.0	[11.0..11.0]	[1.0..1.0]	[0.874..0.874]	[14255.814..14255.814]	[0.781..0.781]	[1.0..1.0]	[0.874..0.874]	[14255.814..14255.814]	[0.781..0.781]	[1.0..1.0]	0.89867145	[12811.294..12811.294]
Group-1	PE 37:1:0	309.28	240604_eggPE_25-35_1.mzXML	35.0	16086.7	0.0	0.0	[11.0..11.0]	[1.0..1.0]	[0.866..0.866]	[13931.082..13931.082]	[0.766..0.766]	[1.0..1.0]	[0.866..0.866]	[13931.082..13931.082]	[0.766..0.766]	[1.0..1.0]	0.89867145	[12519.466..12519.466]
Group-1	PE 38:1:0	281.25	240604_eggPE_25-35_1.mzXML	25.0	251794.8	0.0	0.0	[9.0..9.0]	[0.0..1.0]	[0.912..0.953]	[229636.86..239960.44]	[0.976..0.977]	[1.0..1.0]	[0.953..0.953]	[239960.44..239960.44]	[0.977..0.977]	[1.0..1.0]	0.8846578	[203150.03..212282.88]
Group-1	PE 38:1:0	281.25	240604_eggPE_25-35_1.mzXML	30.0	277017.7	0.0	0.0	[9.0..9.0]	[0.0..1.0]	[0.913..0.925]	[252917.14..256241.36]	[0.981..0.981]	[1.0..1.0]	[0.925..0.925]	[256241.36..256241.36]	[0.981..0.981]	[1.0..1.0]	0.8846578	[223745.12..226685.92]
Group-1	PE 38:1:0	281.25	240604_eggPE_25-35_1.mzXML	35.0	252590.1	0.0	0.0	[9.0..9.0]	[0.0..1.0]	[0.926..0.947]	[233898.42..239202.83]	[0.973..0.973]	[1.0..1.0]	[0.947..0.947]	[239202.83..239202.83]	[0.973..0.973]	[1.0..1.0]	0.8846578	[206920.06..211612.64]
Group-1	PE 38:1:0	283.26	240604_eggPE_25-35_1.mzXML	25.0	154105.4	0.0	0.0	[0.0..0.0]	[0.0..0.0]	[0.988..0.988]	[152256.14..152256.14]	[0.613..0.613]	[0.77..0.98]	[0.988..0.988]	[152256.14..152256.14]	[0.613..0.613]	[0.771..0.975]	0.8846578	[134694.58..134694.58]
Group-1	PE 38:1:0	283.26	240604_eggPE_25-35_1.mzXML	30.0	199358.0	0.0	0.0	[0.0..0.0]	[0.0..0.0]	[0.967..0.967]	[192779.19..192779.19]	[0.676..0.676]	[0.77..0.98]	[0.967..0.967]	[192779.19..192779.19]	[0.676..0.676]	[0.771..0.975]	0.8846578	[170543.61..170543.61]
Group-1	PE 38:1:0	283.26	240604_eggPE_25-35_1.mzXML	35.0	199581.5	0.0	0.0	[0.0..0.0]	[0.0..0.0]	[0.964..0.964]	[192396.56..192396.56]	[0.688..0.688]	[0.77..0.98]	[0.964..0.964]	[192396.56..192396.56]	[0.688..0.688]	[0.771..0.975]	0.8846578	[170205.12..170205.12]
Group-1	PE 38:1:0	309.28	240604_eggPE_25-35_1.mzXML	25.0	104015.5	0.0	0.0	[11.0..11.0]	[1.0..1.0]	[0.924..0.924]	[96110.33..96110.33]	[0.387..0.387]	[0.02..0.23]	[0.924..0.924]	[96110.33..96110.33]	[0.387..0.387]	[0.025..0.229]	0.8846578	[85024.75..85024.75]
Group-1	PE 38:1:0	309.28	240604_eggPE_25-35_1.mzXML	30.0	105569.7	0.0	0.0	[11.0..11.0]	[1.0..1.0]	[0.874..0.874]	[92267.92..92267.92]	[0.324..0.324]	[0.02..0.23]	[0.874..0.874]	[92267.92..92267.92]	[0.324..0.324]	[0.025..0.229]	0.8846578	[81625.54..81625.54]
Group-1	PE 38:1:0	309.28	240604_eggPE_25-35_1.mzXML	35.0	100700.3	0.0	0.0	[11.0..11.0]	[1.0..1.0]	[0.866..0.866]	[87206.45..87206.45]	[0.312..0.312]	[0.02..0.23]	[0.866..0.866]	[87206.45..87206.45]	[0.312..0.312]	[0.025..0.229]	0.8846578	[77147.875..77147.875]
Group-1	PE 38:1:0	311.29	240604_eggPE_25-35_1.mzXML	25.0	5743.4	0.0	0.0	[0.0..0.0]	[0.0..1.0]	[0.982..0.995]	[5640.019..5714.683]	[0.023..0.024]	[0.0..0.0]	[0.982..0.982]	[5640.0186..5640.0186]	[0.023..0.023]	[0.0..0.0]	0.8846578	[4989.4863..5055.5386]
Group-1	PE 38:1:0	311.29	240604_eggPE_25-35_1.mzXML	30.0	5221.4	0.0	0.0	[0.0..0.0]	[0.0..1.0]	[0.944..0.95]	[4929.002..4960.33]	[0.019..0.019]	[0.0..0.0]	[0.944..0.944]	[4929.0015..4929.0015]	[0.019..0.019]	[0.0..0.0]	0.8846578	[4360.48..4388.195]
Group-1	PE 38:1:0	311.29	240604_eggPE_25-35_1.mzXML	35.0	7010.6	0.0	0.0	[0.0..0.0]	[0.0..1.0]	[0.939..0.94]	[6582.954..6589.964]	[0.027..0.027]	[0.0..0.0]	[0.939..0.939]	[6582.9536..6582.9536]	[0.027..0.027]	[0.0..0.0]	0.8846578	[5823.661..5829.863]
Group-1	PE 38:4:0	255.23	240604_eggPE_25-35_1.mzXML	25.0	52403.9	0.0	0.0	[0.0..0.0]	[0.0..0.0]	[1.0..1.0]	[52403.9..52403.9]	[0.265..0.275]	[0.0..0.23]	[1.0..1.0]	[52403.9..52403.9]	[0.265..0.332]	[0.0..0.232]	0.89064664	[46673.355..46673.355]
Group-1	PE 38:4:0	255.23	240604_eggPE_25-35_1.mzXML	30.0	61450.4	0.0	0.0	[0.0..0.0]	[0.0..0.0]	[1.0..1.0]	[61450.4..61450.4]	[0.284..0.316]	[0.0..0.23]	[1.0..1.0]	[61450.4..61450.4]	[0.284..0.345]	[0.0..0.232]	0.89064664	[54730.59..54730.59]
Group-1	PE 38:4:0	255.23	240604_eggPE_25-35_1.mzXML	35.0	62375.2	0.0	0.0	[0.0..0.0]	[0.0..0.0]	[1.0..1.0]	[62375.2..62375.2]	[0.335..0.394]	[0.0..0.23]	[1.0..1.0]	[62375.2..62375.2]	[0.335..0.411]	[0.0..0.232]	0.89064664	[55554.26..55554.26]
Group-1	PE 38:4:0	281.25	240604_eggPE_25-35_1.mzXML	25.0	26143.9	0.0	0.0	[9.0..9.0]	[1.0..1.0]	[0.953..0.953]	[24915.137..24915.137]	[0.314..0.326]	[0.0..0.08]	[0.953..0.953]	[24915.137..24915.137]	[0.296..0.34]	[0.0..0.083]	0.89064664	[22190.582..22190.582]
Group-1	PE 38:4:0	281.25	240604_eggPE_25-35_1.mzXML	30.0	11432.5	0.0	0.0	[9.0..9.0]	[0.0..1.0]	[0.913..0.925]	[10437.872..10575.062]	[0.111..0.139]	[0.0..0.08]	[0.913..0.914]	[10437.872..10449.305]	[0.11..0.145]	[0.0..0.083]	0.89064664	[9296.456..9418.644]
Group-1	PE 38:4:0	281.25	240604_eggPE_25-35_1.mzXML	35.0	16434.3	0.0	0.0	[9.0..9.0]	[0.0..0.0]	[0.947..0.947]	[15563.283..15563.283]	[0.184..0.254]	[0.0..0.08]	[0.947..0.947]	[15563.283..15563.283]	[0.184..0.26]	[0.0..0.083]	0.89064664	[13861.386..13861.386]
Group-1	PE 38:4:0	283.26	240604_eggPE_25-35_1.mzXML	25.0	3770858.2	0.0	0.0	[0.0..0.0]	[0.0..0.0]	[0.988..0.988]	[3725607.8..3725607.8]	[0.219..0.219]	[0.0..0.0]	[0.988..0.988]	[3725607.8..3725607.8]	[0.219..0.219]	[0.0..0.0]	0.89064664	[3318200.2..3318200.2]
Group-1	PE 38:4:0	283.26	240604_eggPE_25-35_1.mzXML	30.0	4030314.2	0.0	0.0	[0.0..0.0]	[0.0..0.0]	[0.967..0.967]	[3897314.0..3897314.0]	[0.247..0.247]	[0.0..0.0]	[0.967..0.967]	[3897314.0..3897314.0]	[0.247..0.247]	[0.0..0.0]	0.89064664	[3471129.5..3471129.5]
Group-1	PE 38:4:0	283.26	240604_eggPE_25-35_1.mzXML	35.0	3837189.5	0.0	0.0	[0.0..0.0]	[0.0..0.0]	[0.964..0.964]	[3699050.8..3699050.8]	[0.259..0.259]	[0.0..0.0]	[0.964..0.964]	[3699050.8..3699050.8]	[0.259..0.259]	[0.0..0.0]	0.89064664	[3294547.0..3294547.0]
Group-1	PE 38:4:0	303.23	240604_eggPE_25-35_1.mzXML	25.0	9814470.0	731208.2	0.07450307	[5.0..5.0]	[1.0..1.0]	[1.357..1.357]	[1.3318236E7..1.3318236E7]	[0.781..0.781]	[1.0..1.0]	[1.357..1.357]	[1.3318236E7..1.3318236E7]	[0.781..0.781]	[1.0..1.0]	0.89064664	[1.1861842E7..1.1861842E7]
Group-1	PE 38:4:0	303.23	240604_eggPE_25-35_1.mzXML	30.0	6014431.5	699293.2	0.11626921	[5.0..5.0]	[1.0..1.0]	[1.973..1.973]	[1.1866474E7..1.1866474E7]	[0.753..0.753]	[1.0..1.0]	[1.973..1.973]	[1.1866474E7..1.1866474E7]	[0.753..0.753]	[1.0..1.0]	0.89064664	[1.0568834E7..1.0568834E7]
Group-1	PE 38:4:0	303.23	240604_eggPE_25-35_1.mzXML	35.0	3279267.2	465319.4	0.14189737	[5.0..5.0]	[1.0..1.0]	[3.232..3.232]	[1.0598593E7..1.0598593E7]	[0.741..0.741]	[1.0..1.0]	[3.232..3.232]	[1.0598592E7..1.0598592E7]	[0.741..0.741]	[1.0..1.0]	0.89064664	[9439600.0..9439600.0]
Group-1	PE 38:4:0	305.25	240604_eggPE_25-35_1.mzXML	25.0	54016.1	0.0	0.0	[5.0..11.0]	[0.0..0.0]	[0.955..1.007]	[51585.375..54394.21]	[0.674..0.686]	[0.92..1.0]	[0.894..1.098]	[48290.395..59309.684]	[0.66..0.704]	[0.917..1.0]	0.89064664	[45944.34..48446.02]
Group-1	PE 38:4:0	305.25	240604_eggPE_25-35_1.mzXML	30.0	63054.8	0.0	0.0	[5.0..11.0]	[0.0..1.0]	[1.022..1.337]	[64442.004..84304.266]	[0.861..0.889]	[0.92..1.0]	[0.98..1.337]	[61793.707..84304.266]	[0.855..0.89]	[0.917..1.0]	0.89064664	[57395.055..75085.31]
Group-1	PE 38:4:0	305.25	240604_eggPE_25-35_1.mzXML	35.0	38648.5	0.0	0.0	[5.0..11.0]	[1.0..1.0]	[1.181..1.783]	[45643.88..68910.27]	[0.746..0.816]	[0.92..1.0]	[1.148..1.783]	[44368.477..68910.27]	[0.74..0.816]	[0.917..1.0]	0.89064664	[40652.566..61374.703]
Group-1	PE 38:4:0	331.26	240604_eggPE_25-35_1.mzXML	25.0	130316.0	0.0	0.0	[7.0..10.0]	[1.0..1.0]	[1.06..1.113]	[138134.95..145041.72]	[0.725..0.735]	[0.77..1.0]	[0.808..1.113]	[105295.33..145041.72]	[0.668..0.735]	[0.768..1.0]	0.89064664	[123029.43..129180.914]
Group-1	PE 38:4:0	331.26	240604_eggPE_25-35_1.mzXML	30.0	109258.3	0.0	0.0	[7.0..10.0]	[1.0..1.0]	[1.219..1.419]	[133185.86..155037.53]	[0.684..0.716]	[0.77..1.0]	[1.066..1.419]	[116469.34..155037.53]	[0.655..0.716]	[0.768..1.0]	0.89064664	[118621.54..138083.64]
Group-1	PE 38:4:0	331.26	240604_eggPE_25-35_1.mzXML	35.0	59598.7	0.0	0.0	[7.0..10.0]	[1.0..1.0]	[1.613..2.077]	[96132.7..123786.49]	[0.606..0.665]	[0.77..1.0]	[1.502..2.077]	[89517.24..123786.49]	[0.589..0.665]	[0.768..1.0]	0.89064664	[85620.27..110250.02]
Group-1	PE 38:5:0	255.23	240604_eggPE_25-35_1.mzXML	25.0	672772.6	0.0	0.0	[0.0..0.0]	[0.0..0.0]	[1.0..1.0]	[672772.6..672772.6]	[0.253..0.253]	[0.0..0.02]	[1.0..1.0]	[672772.6..672772.6]	[0.253..0.253]	[0.0..0.017]	0.8926658	[600561.1..600561.1]
Group-1	PE 38:5:0	255.23	240604_eggPE_25-35_1.mzXML	30.0	740938.9	0.0	0.0	[0.0..0.0]	[0.0..0.0]	[1.0..1.0]	[740938.9..740938.9]	[0.295..0.295]	[0.0..0.02]	[1.0..1.0]	[740938.9..740938.9]	[0.295..0.295]	[0.0..0.017]	0.8926658	[661410.8..661410.8]
Group-1	PE 38:5:0	255.23	240604_eggPE_25-35_1.mzXML	35.0	707422.4	0.0	0.0	[0.0..0.0]	[0.0..0.0]	[1.0..1.0]	[707422.4..707422.4]	[0.309..0.309]	[0.0..0.02]	[1.0..1.0]	[707422.4..707422.4]	[0.309..0.309]	[0.0..0.017]	0.8926658	[631491.75..631491.75]
Group-1	PE 38:5:0	281.25	240604_eggPE_25-35_1.mzXML	25.0	201322.0	0.0	0.0	[9.0..9.0]	[0.0..0.0]	[0.912..0.912]	[183605.66..183605.66]	[0.222..0.224]	[0.0..0.0]	[0.912..0.912]	[183605.67..183605.67]	[0.222..0.224]	[0.0..0.0]	0.8926658	[163898.5..163898.5]
Group-1	PE 38:5:0	281.25	240604_eggPE_25-35_1.mzXML	30.0	207237.6	0.0	0.0	[9.0..9.0]	[0.0..0.0]	[0.913..0.913]	[189207.92..189207.92]	[0.245..0.248]	[0.0..0.0]	[0.913..0.913]	[189207.92..189207.92]	[0.245..0.248]	[0.0..0.0]	0.8926658	[168899.44..168899.44]
Group-1	PE 38:5:0	281.25	240604_eggPE_25-35_1.mzXML	35.0	186022.7	0.0	0.0	[9.0..9.0]	[0.0..0.0]	[0.947..0.947]	[176163.5..176163.5]	[0.271..0.275]	[0.0..0.0]	[0.947..0.947]	[176163.5..176163.5]	[0.271..0.275]	[0.0..0.0]	0.8926658	[157255.14..157255.14]
Group-1	PE 38:5:0	303.23	240604_eggPE_25-35_1.mzXML	25.0	473559.4	38124.2	0.08050563	[5.0..5.0]	[1.0..1.0]	[1.346..1.357]	[637410.94..642620.1]	[0.776..0.778]	[1.0..1.0]	[1.346..1.357]	[637410.94..642620.1]	[0.776..0.778]	[1.0..1.0]	0.8926658	[568994.94..573645.0]
Group-1	PE 38:5:0	303.23	240604_eggPE_25-35_1.mzXML	30.0	295171.4	30118.2	0.102036305	[5.1..5.2]	[1.0..1.0]	[1.943..1.973]	[573518.0..582373.2]	[0.752..0.755]	[1.0..1.0]	[1.943..1.973]	[573518.0..582373.2]	[0.752..0.755]	[1.0..1.0]	0.8926658	[511959.9..519864.62]
Group-1	PE 38:5:0	303.23	240604_eggPE_25-35_1.mzXML	35.0	146801.9	23187.9	0.15795368	[5.0..5.0]	[1.0..1.0]	[3.162..3.232]	[464187.62..474463.78]	[0.725..0.729]	[1.0..1.0]	[3.162..3.232]	[464187.62..474463.78]	[0.725..0.729]	[1.0..1.0]	0.8926658	[414364.4..423537.6]
Group-1	PE 38:5:0	329.25	240604_eggPE_25-35_1.mzXML	25.0	1110799.5	287609.9	0.25892153	[4.0..4.0]	[1.0..1.0]	[1.787..1.787]	[1984998.6..1984998.6]	[0.747..0.747]	[0.98..1.0]	[1.787..1.787]	[1984998.6..1984998.6]	[0.747..0.747]	[0.983..1.0]	0.8926658	[1771940.5..1771940.5]
Group-1	PE 38:5:0	329.25	240604_eggPE_25-35_1.mzXML	30.0	536435.7	193548.2	0.3608041	[4.0..4.0]	[1.0..1.0]	[3.303..3.303]	[1771847.0..1771847.0]	[0.705..0.705]	[0.98..1.0]	[3.303..3.303]	[1771847.0..1771847.0]	[0.705..0.705]	[0.983..1.0]	0.8926658	[1581667.2..1581667.2]
Group-1	PE 38:5:0	329.25	240604_eggPE_25-35_1.mzXML	35.0	218443.0	112123.8	0.5132863	[4.0..4.0]	[1.0..1.0]	[7.227..7.227]	[1578687.6..1578687.6]	[0.691..0.691]	[0.98..1.0]	[7.227..7.227]	[1578687.6..1578687.6]	[0.691..0.691]	[0.983..1.0]	0.8926658	[1409240.4..1409240.4]
Group-1	PE 38:6:0	255.23	240604_eggPE_25-35_1.mzXML	25.0	704863.7	0.0	0.0	[0.0..0.0]	[0.0..0.0]	[1.0..1.0]	[704863.7..704863.7]	[0.392..0.392]	[0.24..0.51]	[1.0..1.0]	[704863.7..704863.7]	[0.392..0.392]	[0.241..0.513]	0.8946849	[630630.9..630630.9]
Group-1	PE 38:6:0	255.23	240604_eggPE_25-35_1.mzXML	30.0	685073.4	0.0	0.0	[0.0..0.0]	[0.0..0.0]	[1.0..1.0]	[685073.4..685073.4]	[0.414..0.414]	[0.24..0.51]	[1.0..1.0]	[685073.4..685073.4]	[0.414..0.414]	[0.241..0.513]	0.8946849	[612924.8..612924.8]
Group-1	PE 38:6:0	255.23	240604_eggPE_25-35_1.mzXML	35.0	686920.1	0.0	0.0	[0.0..0.0]	[0.0..0.0]	[1.0..1.0]	[686920.1..686920.1]	[0.505..0.505]	[0.24..0.51]	[1.0..1.0]	[686920.1..686920.1]	[0.505..0.505]	[0.241..0.513]	0.8946849	[614577.06..614577.06]
Group-1	PE 38:6:0	279.23	240604_eggPE_25-35_1.mzXML	25.0	12772.9	0.0	0.0	[9.0..9.0]	[0.0..0.0]	[0.922..0.922]	[11776.614..11776.614]	[0.254..0.279]	[0.0..1.0]	[0.922..0.922]	[11776.614..11776.614]	[0.254..0.289]	[0.0..1.0]	0.8946849	[10536.359..10536.359]
Group-1	PE 38:6:0	279.23	240604_eggPE_25-35_1.mzXML	30.0	12880.4	0.0	0.0	[9.0..9.0]	[0.0..0.0]	[0.965..0.965]	[12429.586..12429.586]	[0.322..0.381]	[0.0..1.0]	[0.965..0.965]	[12429.586..12429.586]	[0.322..0.389]	[0.0..1.0]	0.8946849	[11120.5625..11120.5625]
Group-1	PE 38:6:0	279.23	240604_eggPE_25-35_1.mzXML	35.0	17855.2	0.0	0.0	[9.0..9.0]	[0.0..0.0]	[1.069..1.069]	[19087.207..19087.207]	[1.0..1.0]	[0.0..1.0]	[1.069..1.069]	[19087.209..19087.209]	[1.0..1.0]	[0.0..1.0]	0.8946849	[17077.037..17077.037]
Group-1	PE 38:6:0	303.23	240604_eggPE_25-35_1.mzXML	25.0	25454.4	0.0	0.0	[5.0..8.0]	[1.0..1.0]	[1.198..1.357]	[30494.371..34541.62]	[0.721..0.746]	[0.0..1.0]	[1.139..1.357]	[28992.564..34541.62]	[0.711..0.746]	[0.0..1.0]	0.8946849	[27282.854..30903.867]
Group-1	PE 38:6:0	303.23	240604_eggPE_25-35_1.mzXML	30.0	13252.1	0.0	0.0	[5.0..8.0]	[1.0..1.0]	[1.521..1.973]	[20156.443..26146.393]	[0.619..0.678]	[0.0..1.0]	[1.471..1.973]	[19493.838..26146.393]	[0.611..0.678]	[0.0..1.0]	0.8946849	[18033.666..23392.783]
Group-1	PE 38:6:0	303.23	240604_eggPE_25-35_1.mzXML	35.0	0.0	0.0	0.0	[5.0..8.0]	[1.0..1.0]	[2.183..3.232]	[0.0..0.0]	[0.0..0.0]	[0.0..1.0]	[2.14..3.232]	[0.0..0.0]	[0.0..0.0]	[0.0..1.0]	0.8946849	[0.0..0.0]
Group-1	PE 38:6:0	327.23	240604_eggPE_25-35_1.mzXML	25.0	414946.3	210027.3	0.5061554	[4.0..4.0]	[1.0..1.0]	[2.638..2.638]	[1094628.4..1094628.4]	[0.608..0.608]	[0.49..0.76]	[2.638..2.638]	[1094628.4..1094628.4]	[0.608..0.608]	[0.487..0.759]	0.8946849	[979347.5..979347.5]
Group-1	PE 38:6:0	327.23	240604_eggPE_25-35_1.mzXML	30.0	153668.2	118067.9	0.76833004	[4.0..4.0]	[1.0..1.0]	[6.322..6.322]	[971490.4..971490.4]	[0.586..0.586]	[0.49..0.76]	[6.322..6.322]	[971490.4..971490.4]	[0.586..0.586]	[0.487..0.759]	0.8946849	[869177.8..869177.8]
Group-1	PE 38:6:0	327.23	240604_eggPE_25-35_1.mzXML	35.0	35966.5	52243.3	1.4525545	[4.0..4.0]	[1.0..1.0]	[18.697..18.697]	[672465.7..672465.7]	[0.495..0.495]	[0.49..0.76]	[18.697..18.697]	[672465.7..672465.7]	[0.495..0.495]	[0.487..0.759]	0.8946849	[601644.9..601644.9]
Group-1	PE 40:4:0	255.23	240604_eggPE_25-35_1.mzXML	25.0	154005.0	0.0	0.0	[0.0..0.0]	[1.0..1.0]	[1.0..1.0]	[154004.98..154004.98]	[0.962..0.962]	[1.0..1.0]	[1.0..1.0]	[154005.0..154005.0]	[0.962..0.962]	[1.0..1.0]	0.86361414	[133000.89..133000.89]
Group-1	PE 40:4:0	255.23	240604_eggPE_25-35_1.mzXML	30.0	152071.8	0.0	0.0	[0.0..0.0]	[0.0..1.0]	[1.0..1.0]	[152071.8..152071.8]	[0.952..0.953]	[1.0..1.0]	[1.0..1.0]	[152071.8..152071.8]	[0.953..0.953]	[1.0..1.0]	0.86361414	[131331.36..131331.36]
Group-1	PE 40:4:0	255.23	240604_eggPE_25-35_1.mzXML	35.0	154317.6	0.0	0.0	[0.0..0.0]	[0.0..0.0]	[1.0..1.0]	[154317.6..154317.6]	[0.966..0.966]	[1.0..1.0]	[1.0..1.0]	[154317.6..154317.6]	[0.966..0.966]	[1.0..1.0]	0.86361414	[133270.86..133270.86]
Group-1	PE 40:4:0	283.26	240604_eggPE_25-35_1.mzXML	25.0	189286.5	0.0	0.0	[0.0..0.0]	[0.0..0.0]	[0.988..0.988]	[187015.06..187015.06]	[0.432..0.437]	[0.34..0.57]	[0.988..0.988]	[187015.06..187015.06]	[0.522..0.541]	[0.337..0.566]	0.86361414	[161508.84..161508.84]
Group-1	PE 40:4:0	283.26	240604_eggPE_25-35_1.mzXML	30.0	237220.5	0.0	0.0	[0.0..0.0]	[0.0..0.0]	[0.967..0.967]	[229392.22..229392.22]	[0.457..0.472]	[0.34..0.57]	[0.967..0.967]	[229392.22..229392.22]	[0.501..0.522]	[0.337..0.566]	0.86361414	[198106.38..198106.38]
Group-1	PE 40:4:0	283.26	240604_eggPE_25-35_1.mzXML	35.0	248566.0	0.0	0.0	[0.0..0.0]	[0.0..0.0]	[0.964..0.964]	[239617.62..239617.62]	[0.502..0.526]	[0.34..0.57]	[0.964..0.964]	[239617.62..239617.62]	[0.525..0.551]	[0.337..0.566]	0.86361414	[206937.16..206937.16]
Group-1	PE 40:4:0	303.23	240604_eggPE_25-35_1.mzXML	25.0	20388.1	0.0	0.0	[5.0..8.0]	[0.0..1.0]	[1.139..1.357]	[23222.047..27666.65]	[0.82..0.843]	[1.0..1.0]	[1.198..1.357]	[24424.943..27666.65]	[0.828..0.845]	[1.0..1.0]	0.86361414	[20054.889..23893.31]
Group-1	PE 40:4:0	303.23	240604_eggPE_25-35_1.mzXML	30.0	15598.6	0.0	0.0	[5.0..8.0]	[0.0..1.0]	[1.471..1.973]	[22945.54..30776.037]	[0.844..0.878]	[1.0..1.0]	[1.521..1.973]	[23725.47..30776.037]	[0.848..0.879]	[1.0..1.0]	0.86361414	[19816.092..26578.621]
Group-1	PE 40:4:0	303.23	240604_eggPE_25-35_1.mzXML	35.0	8573.1	0.0	0.0	[5.0..8.0]	[0.0..1.0]	[2.14..3.232]	[18346.434..27708.26]	[0.789..0.849]	[1.0..1.0]	[2.183..3.232]	[18715.078..27708.26]	[0.792..0.85]	[1.0..1.0]	0.86361414	[15844.24..23929.244]
Group-1	PE 40:4:0	311.29	240604_eggPE_25-35_1.mzXML	25.0	5178.2	0.0	0.0	[0.0..0.0]	[0.0..1.0]	[0.982..0.995]	[5084.993..5152.309]	[0.157..0.18]	[0.0..0.0]	[0.982..0.982]	[5084.9927..5084.9927]	[0.155..0.172]	[0.0..0.0]	0.86361414	[4391.471..4449.607]
Group-1	PE 40:4:0	311.29	240604_eggPE_25-35_1.mzXML	30.0	4505.6	0.0	0.0	[0.0..0.0]	[0.0..1.0]	[0.944..0.95]	[4253.287..4280.32]	[0.122..0.156]	[0.0..0.0]	[0.944..0.944]	[4253.2866..4253.2866]	[0.121..0.152]	[0.0..0.0]	0.86361414	[3673.1982..3696.545]
Group-1	PE 40:4:0	311.29	240604_eggPE_25-35_1.mzXML	35.0	5223.9	0.0	0.0	[0.0..0.0]	[0.0..1.0]	[0.939..0.94]	[4905.242..4910.466]	[0.151..0.211]	[0.0..0.0]	[0.939..0.939]	[4905.242..4905.242]	[0.15..0.208]	[0.0..0.0]	0.86361414	[4236.2363..4240.7476]
Group-1	PE 40:4:0	331.26	240604_eggPE_25-35_1.mzXML	25.0	220750.4	5429.9	0.024597462	[7.0..7.4]	[1.0..1.0]	[1.092..1.113]	[241059.44..245695.2]	[0.563..0.568]	[0.43..0.66]	[0.718..0.775]	[158498.8..171081.56]	[0.459..0.478]	[0.434..0.663]	0.86361414	[208182.34..212185.86]
Group-1	PE 40:4:0	331.26	240604_eggPE_25-35_1.mzXML	30.0	191961.4	6379.2	0.03323168	[7.4..7.7]	[1.0..1.0]	[1.339..1.419]	[257036.34..272393.25]	[0.528..0.543]	[0.43..0.66]	[1.095..1.189]	[210197.75..228242.11]	[0.478..0.499]	[0.434..0.663]	0.86361414	[221980.19..235242.64]
Group-1	PE 40:4:0	331.26	240604_eggPE_25-35_1.mzXML	35.0	114405.5	4420.7	0.038640626	[7.8..8.2]	[1.0..1.0]	[1.891..2.077]	[216340.8..237620.22]	[0.474..0.498]	[0.43..0.66]	[1.704..1.892]	[194946.97..216455.2]	[0.449..0.475]	[0.434..0.663]	0.86361414	[186834.98..205212.19]
Group-1	PE 40:4:0	359.3	240604_eggPE_25-35_1.mzXML	25.0	6687.1	0.0	0.0	[9.0..9.0]	[0.0..0.0]	[0.918..0.918]	[6138.758..6138.758]	[0.038..0.038]	[0.0..0.0]	[0.918..0.918]	[6138.758..6138.758]	[0.038..0.038]	[0.0..0.0]	0.86361414	[5301.518..5301.518]
Group-1	PE 40:4:0	359.3	240604_eggPE_25-35_1.mzXML	30.0	7020.8	0.0	0.0	[9.0..9.0]	[0.0..1.0]	[1.079..1.104]	[7575.443..7750.963]	[0.047..0.048]	[0.0..0.0]	[1.079..1.079]	[7575.443..7575.443]	[0.047..0.047]	[0.0..0.0]	0.86361414	[6542.26..6693.8413]
Group-1	PE 40:4:0	359.3	240604_eggPE_25-35_1.mzXML	35.0	3725.1	0.0	0.0	[9.0..9.0]	[1.0..1.0]	[1.472..1.472]	[5483.347..5483.347]	[0.034..0.034]	[0.0..0.0]	[1.472..1.472]	[5483.347..5483.347]	[0.034..0.034]	[0.0..0.0]	0.86361414	[4735.496..4735.496]
Group-1	PE 40:5:0	281.25	240604_eggPE_25-35_1.mzXML	25.0	37242.9	0.0	0.0	[9.0..9.0]	[0.0..0.0]	[0.912..0.912]	[33965.523..33965.523]	[0.758..0.766]	[1.0..1.0]	[0.912..0.912]	[33965.523..33965.523]	[0.767..0.775]	[1.0..1.0]	0.8654934	[29396.938..29396.938]
Group-1	PE 40:5:0	281.25	240604_eggPE_25-35_1.mzXML	30.0	40067.2	0.0	0.0	[9.0..9.0]	[0.0..0.0]	[0.913..0.913]	[36581.35..36581.35]	[0.732..0.761]	[1.0..1.0]	[0.913..0.913]	[36581.35..36581.35]	[0.739..0.765]	[1.0..1.0]	0.8654934	[31660.92..31660.92]
Group-1	PE 40:5:0	281.25	240604_eggPE_25-35_1.mzXML	35.0	35825.6	0.0	0.0	[9.0..9.0]	[0.0..0.0]	[0.947..0.947]	[33926.844..33926.844]	[0.715..0.764]	[1.0..1.0]	[0.947..0.947]	[33926.844..33926.844]	[0.719..0.764]	[1.0..1.0]	0.8654934	[29363.46..29363.46]
Group-1	PE 40:5:0	283.26	240604_eggPE_25-35_1.mzXML	25.0	457070.3	0.0	0.0	[0.0..0.0]	[0.0..0.0]	[0.988..0.988]	[451585.47..451585.47]	[0.274..0.279]	[0.0..0.08]	[0.988..0.988]	[451585.47..451585.47]	[0.274..0.3]	[0.0..0.075]	0.8654934	[390844.25..390844.25]
Group-1	PE 40:5:0	283.26	240604_eggPE_25-35_1.mzXML	30.0	532593.2	0.0	0.0	[0.0..0.0]	[0.0..0.0]	[0.967..0.967]	[515017.62..515017.62]	[0.304..0.312]	[0.0..0.08]	[0.967..0.967]	[515017.62..515017.62]	[0.304..0.324]	[0.0..0.075]	0.8654934	[445744.38..445744.38]
Group-1	PE 40:5:0	283.26	240604_eggPE_25-35_1.mzXML	35.0	498723.7	0.0	0.0	[0.0..0.0]	[0.0..0.0]	[0.964..0.964]	[480769.62..480769.62]	[0.321..0.332]	[0.0..0.08]	[0.964..0.964]	[480769.62..480769.62]	[0.321..0.338]	[0.0..0.075]	0.8654934	[416102.94..416102.94]
Group-1	PE 40:5:0	303.23	240604_eggPE_25-35_1.mzXML	25.0	20737.7	0.0	0.0	[5.0..8.0]	[0.0..1.0]	[1.139..1.357]	[23620.24..28141.059]	[0.726..0.753]	[1.0..1.0]	[1.198..1.357]	[24843.764..28141.059]	[0.736..0.76]	[1.0..1.0]	0.8654934	[20443.162..24355.9]
Group-1	PE 40:5:0	303.23	240604_eggPE_25-35_1.mzXML	30.0	14668.1	0.0	0.0	[5.0..8.0]	[1.0..1.0]	[1.521..1.973]	[22310.18..28940.162]	[0.725..0.774]	[1.0..1.0]	[1.521..1.973]	[22310.18..28940.162]	[0.725..0.774]	[1.0..1.0]	0.8654934	[19309.314..25047.52]
Group-1	PE 40:5:0	303.23	240604_eggPE_25-35_1.mzXML	35.0	9168.8	0.0	0.0	[5.0..8.0]	[0.0..0.0]	[2.14..3.03]	[19621.232..27781.463]	[0.766..0.822]	[1.0..1.0]	[2.183..3.232]	[20015.49..29633.562]	[0.769..0.832]	[1.0..1.0]	0.8654934	[16982.047..24044.672]
Group-1	PE 40:5:0	309.28	240604_eggPE_25-35_1.mzXML	25.0	10008.5	0.0	0.0	[11.0..11.0]	[0.0..1.0]	[0.889..0.924]	[8897.557..9247.854]	[0.247..0.274]	[0.0..0.0]	[0.889..0.889]	[8897.557..8897.557]	[0.24..0.264]	[0.0..0.0]	0.8654934	[7700.777..8003.957]
Group-1	PE 40:5:0	309.28	240604_eggPE_25-35_1.mzXML	30.0	9774.8	0.0	0.0	[11.0..11.0]	[0.0..0.0]	[0.864..0.864]	[8445.428..8445.428]	[0.226..0.275]	[0.0..0.0]	[0.864..0.864]	[8445.428..8445.428]	[0.226..0.275]	[0.0..0.0]	0.8654934	[7309.4614..7309.4614]
Group-1	PE 40:5:0	309.28	240604_eggPE_25-35_1.mzXML	35.0	6933.5	0.0	0.0	[11.0..11.0]	[1.0..1.0]	[0.866..0.866]	[6004.411..6004.411]	[0.178..0.234]	[0.0..0.0]	[0.866..0.866]	[6004.411..6004.411]	[0.168..0.231]	[0.0..0.0]	0.8654934	[5196.778..5196.778]
Group-1	PE 40:5:0	329.25	240604_eggPE_25-35_1.mzXML	25.0	668945.7	170929.0	0.25552	[4.0..4.0]	[1.0..1.0]	[1.747..1.787]	[1168648.1..1195405.9]	[0.721..0.726]	[0.92..1.0]	[1.576..1.787]	[1054258.4..1195405.9]	[0.7..0.726]	[0.925..1.0]	0.8654934	[1011457.2..1034615.9]
Group-1	PE 40:5:0	329.25	240604_eggPE_25-35_1.mzXML	30.0	357123.7	116163.1	0.32527414	[4.2..4.3]	[1.0..1.0]	[3.183..3.303]	[1136724.8..1179579.5]	[0.688..0.696]	[0.92..1.0]	[3.015..3.303]	[1076728.0..1179579.5]	[0.676..0.696]	[0.925..1.0]	0.8654934	[983827.75..1020918.25]
Group-1	PE 40:5:0	329.25	240604_eggPE_25-35_1.mzXML	35.0	140846.6	63742.5	0.45256686	[4.0..4.1]	[1.0..1.0]	[6.882..7.227]	[969306.25..1017898.4]	[0.668..0.679]	[0.92..1.0]	[6.673..7.227]	[939869.3..1017898.4]	[0.662..0.679]	[0.925..1.0]	0.8654934	[838928.2..880984.3]
Group-1	PE 40:5:0	331.26	240604_eggPE_25-35_1.mzXML	25.0	9765.5	0.0	0.0	[7.0..10.0]	[1.0..1.0]	[1.06..1.113]	[10351.43..10869.002]	[0.234..0.242]	[0.0..0.0]	[1.008..1.055]	[9843.624..10302.602]	[0.225..0.233]	[0.0..0.0]	0.8654934	[8959.094..9407.049]
Group-1	PE 40:5:0	331.26	240604_eggPE_25-35_1.mzXML	30.0	9420.5	0.0	0.0	[7.0..10.0]	[1.0..1.0]	[1.219..1.419]	[11483.589..13367.689]	[0.239..0.268]	[0.0..0.0]	[1.19..1.371]	[11210.3955..12915.506]	[0.235..0.261]	[0.0..0.0]	0.8654934	[9938.971..11569.647]
Group-1	PE 40:5:0	331.26	240604_eggPE_25-35_1.mzXML	35.0	6507.0	0.0	0.0	[7.0..10.0]	[1.0..1.0]	[1.613..2.077]	[10495.791..13515.038]	[0.236..0.285]	[0.0..0.0]	[1.61..2.04]	[10476.2705..13274.279]	[0.236..0.281]	[0.0..0.0]	0.8654934	[9084.038..11697.177]
Group-1	PE 40:6:0	281.25	240604_eggPE_25-35_1.mzXML	25.0	66992.3	0.0	0.0	[9.0..9.0]	[0.0..0.8]	[0.912..0.945]	[61096.977..63307.72]	[0.496..0.505]	[0.49..0.6]	[0.928..0.932]	[62168.85..62436.82]	[0.502..0.502]	[0.49..0.604]	0.86739105	[52994.97..54912.55]
Group-1	PE 40:6:0	281.25	240604_eggPE_25-35_1.mzXML	30.0	79882.5	0.0	0.0	[9.0..9.0]	[0.0..0.8]	[0.913..0.922]	[72932.72..73651.664]	[0.523..0.539]	[0.49..0.6]	[0.917..0.918]	[73252.25..73332.13]	[0.531..0.533]	[0.49..0.604]	0.86739105	[63261.19..63884.797]
Group-1	PE 40:6:0	281.25	240604_eggPE_25-35_1.mzXML	35.0	74241.2	0.0	0.0	[9.0..9.0]	[0.0..0.8]	[0.93..0.947]	[69044.32..70306.42]	[0.524..0.541]	[0.49..0.6]	[0.938..0.94]	[69638.25..69786.734]	[0.533..0.535]	[0.49..0.604]	0.86739105	[59888.426..60983.16]
Group-1	PE 40:6:0	283.26	240604_eggPE_25-35_1.mzXML	25.0	626906.0	0.0	0.0	[0.0..0.0]	[0.0..0.0]	[0.988..0.988]	[619383.1..619383.1]	[0.49..0.49]	[0.48..0.61]	[0.988..0.988]	[619383.1..619383.1]	[0.49..0.49]	[0.476..0.609]	0.86739105	[537247.3..537247.3]
Group-1	PE 40:6:0	283.26	240604_eggPE_25-35_1.mzXML	30.0	671900.0	0.0	0.0	[0.0..0.0]	[0.0..0.0]	[0.967..0.967]	[649727.3..649727.3]	[0.515..0.515]	[0.48..0.61]	[0.967..0.967]	[649727.3..649727.3]	[0.515..0.515]	[0.476..0.609]	0.86739105	[563567.7..563567.7]
Group-1	PE 40:6:0	283.26	240604_eggPE_25-35_1.mzXML	35.0	665318.1	0.0	0.0	[0.0..0.0]	[0.0..0.0]	[0.964..0.964]	[641366.6..641366.6]	[0.543..0.543]	[0.48..0.61]	[0.964..0.964]	[641366.7..641366.7]	[0.543..0.543]	[0.476..0.609]	0.86739105	[556315.7..556315.7]
Group-1	PE 40:6:0	303.23	240604_eggPE_25-35_1.mzXML	25.0	15720.5	0.0	0.0	[5.0..8.0]	[0.0..0.0]	[1.139..1.242]	[17905.65..19524.861]	[1.0..1.0]	[0.71..1.0]	[0.865..1.357]	[13598.232..21332.719]	[1.0..1.0]	[0.715..1.0]	0.86739105	[15531.201..16935.69]
Group-1	PE 40:6:0	303.23	240604_eggPE_25-35_1.mzXML	30.0	12975.0	0.0	0.0	[5.0..8.0]	[1.0..1.0]	[1.521..1.973]	[19734.975..25599.676]	[0.772..0.814]	[0.71..1.0]	[1.296..1.973]	[16815.6..25599.676]	[0.742..0.814]	[0.715..1.0]	0.86739105	[17117.94..22204.928]
Group-1	PE 40:6:0	303.23	240604_eggPE_25-35_1.mzXML	35.0	5042.7	0.0	0.0	[5.0..8.0]	[0.0..1.0]	[2.14..3.232]	[10791.379..16298.008]	[0.585..0.675]	[0.71..1.0]	[2.005..3.232]	[10110.614..16298.008]	[0.569..0.679]	[0.715..1.0]	0.86739105	[9360.346..14136.746]
Group-1	PE 40:6:0	307.26	240604_eggPE_25-35_1.mzXML	25.0	0.0	0.0	0.0	[11.0..11.0]	[1.0..1.0]	[0.912..0.912]	[0.0..0.0]	[0.0..0.0]	[0.0..0.29]	[0.912..0.912]	[0.0..0.0]	[0.0..0.0]	[0.0..0.285]	0.86739105	[0.0..0.0]
Group-1	PE 40:6:0	307.26	240604_eggPE_25-35_1.mzXML	30.0	6600.7	0.0	0.0	[11.0..11.0]	[0.0..0.0]	[0.884..0.884]	[5835.019..5835.019]	[0.186..0.228]	[0.0..0.29]	[0.884..0.884]	[5835.019..5835.019]	[0.186..0.258]	[0.0..0.285]	0.86739105	[5061.243..5061.243]
Group-1	PE 40:6:0	307.26	240604_eggPE_25-35_1.mzXML	35.0	8265.0	0.0	0.0	[11.0..11.0]	[0.0..1.0]	[0.927..0.949]	[7661.655..7843.485]	[0.325..0.415]	[0.0..0.29]	[0.927..0.933]	[7661.655..7711.245]	[0.321..0.431]	[0.0..0.285]	0.86739105	[6645.651..6803.3687]
Group-1	PE 40:6:0	327.23	240604_eggPE_25-35_1.mzXML	25.0	244762.9	110589.1	0.45182133	[4.0..4.0]	[1.0..1.0]	[2.638..2.638]	[645684.56..645684.56]	[0.51..0.51]	[0.39..0.52]	[2.638..2.638]	[645684.56..645684.56]	[0.51..0.51]	[0.391..0.524]	0.86739105	[560061.0..560061.0]
Group-1	PE 40:6:0	327.23	240604_eggPE_25-35_1.mzXML	30.0	96810.6	78505.0	0.81091326	[4.0..4.0]	[1.0..1.0]	[6.322..6.322]	[612036.6..612036.6]	[0.485..0.485]	[0.39..0.52]	[6.322..6.322]	[612036.6..612036.6]	[0.485..0.485]	[0.391..0.524]	0.86739105	[530875.06..530875.06]
Group-1	PE 40:6:0	327.23	240604_eggPE_25-35_1.mzXML	35.0	28841.5	36438.3	1.2633983	[4.0..4.0]	[1.0..1.0]	[18.697..18.697]	[539249.56..539249.56]	[0.457..0.457]	[0.39..0.52]	[18.697..18.697]	[539249.56..539249.56]	[0.457..0.457]	[0.391..0.524]	0.86739105	[467740.22..467740.22]
Group-1	PE 40:6:0	329.25	240604_eggPE_25-35_1.mzXML	25.0	35956.2	8644.6	0.24042028	[4.0..4.0]	[0.2..1.0]	[1.663..1.787]	[59795.16..64253.727]	[0.495..0.504]	[0.4..0.51]	[1.713..1.726]	[61592.973..62060.4]	[0.498..0.498]	[0.396..0.51]	0.86739105	[51865.785..55733.11]
Group-1	PE 40:6:0	329.25	240604_eggPE_25-35_1.mzXML	30.0	20335.4	8870.5	0.43620977	[4.0..4.0]	[0.2..1.0]	[3.066..3.303]	[62348.336..67167.83]	[0.461..0.477]	[0.4..0.51]	[3.161..3.187]	[64280.2..64808.92]	[0.467..0.469]	[0.396..0.51]	0.86739105	[54080.39..58260.77]
Group-1	PE 40:6:0	329.25	240604_eggPE_25-35_1.mzXML	35.0	8827.6	5635.0	0.63833886	[4.0..4.0]	[0.2..1.0]	[6.624..7.227]	[58474.02..63797.066]	[0.459..0.476]	[0.4..0.51]	[6.865..6.932]	[60601.47..61192.92]	[0.465..0.467]	[0.396..0.51]	0.86739105	[50719.844..55337.004]
Group-1	PE 40:7:0	281.25	240604_eggPE_25-35_1.mzXML	25.0	110141.5	0.0	0.0	[9.0..9.0]	[0.0..0.0]	[0.912..0.912]	[100449.05..100449.05]	[0.74..0.74]	[1.0..1.0]	[0.912..0.912]	[100449.05..100449.05]	[0.74..0.74]	[1.0..1.0]	0.8692976	[87320.12..87320.12]
Group-1	PE 40:7:0	281.25	240604_eggPE_25-35_1.mzXML	30.0	135820.9	0.0	0.0	[9.0..9.0]	[0.0..0.0]	[0.913..0.913]	[124004.484..124004.484]	[0.809..0.809]	[1.0..1.0]	[0.913..0.913]	[124004.484..124004.484]	[0.809..0.809]	[1.0..1.0]	0.8692976	[107796.805..107796.805]
Group-1	PE 40:7:0	281.25	240604_eggPE_25-35_1.mzXML	35.0	125110.1	0.0	0.0	[9.0..9.0]	[0.0..0.0]	[0.947..0.947]	[118479.266..118479.266]	[0.733..0.733]	[1.0..1.0]	[0.947..0.947]	[118479.266..118479.266]	[0.733..0.733]	[1.0..1.0]	0.8692976	[102993.75..102993.75]
Group-1	PE 40:7:0	327.23	240604_eggPE_25-35_1.mzXML	25.0	13358.9	7747.3	0.57993543	[4.0..4.0]	[1.0..1.0]	[2.638..2.638]	[35240.78..35240.78]	[0.26..0.26]	[0.0..0.0]	[2.638..2.638]	[35240.78..35240.78]	[0.26..0.26]	[0.0..0.0]	0.8692976	[30634.727..30634.727]
Group-1	PE 40:7:0	327.23	240604_eggPE_25-35_1.mzXML	30.0	4624.1	4039.1	0.8734889	[4.0..4.0]	[1.0..1.0]	[6.322..6.322]	[29233.56..29233.56]	[0.191..0.191]	[0.0..0.0]	[6.322..6.322]	[29233.56..29233.56]	[0.191..0.191]	[0.0..0.0]	0.8692976	[25412.666..25412.666]
Group-1	PE 40:7:0	327.23	240604_eggPE_25-35_1.mzXML	35.0	2312.7	1548.3	0.6694773	[4.0..4.0]	[1.0..1.0]	[18.697..18.697]	[43240.55..43240.55]	[0.267..0.267]	[0.0..0.0]	[18.697..18.697]	[43240.55..43240.55]	[0.267..0.267]	[0.0..0.0]	0.8692976	[37588.91..37588.91]
