Group	Specie	Mz	Sample	CE	C.FAI	C.COI	FA-CO.ratio	FA_Isomer	1st Pos	1st CF	1st C.FAI	1st rel_FAI	2nd Pos	2nd CF	2nd C.FAI	2nd rel_FAI	3rd Pos	TX.CF	C.FAI with TX.CF
Group-1	PC 24:0:0	199.17	20180509_PC_brain_01.mzXML	25.0	841441.3	0.0	0.0	[0.0..0.0]	[0.5..0.5]	[1.082..1.082]	[910439.5..910439.5]	[0.5..0.5]	[0.5..0.5]	[1.082..1.082]	[910439.5..910439.5]	[0.5..0.5]	[0.5..0.5]	1.004296	[914350.75..914350.75]
Group-1	PC 24:0:0	199.17	20180509_PC_brain_01.mzXML	30.0	915957.4	0.0	0.0	[0.0..0.0]	[0.5..0.5]	[1.155..1.155]	[1057930.8..1057930.8]	[0.5..0.5]	[0.5..0.5]	[1.155..1.155]	[1057930.8..1057930.8]	[0.5..0.5]	[0.5..0.5]	1.004296	[1062475.5..1062475.5]
Group-1	PC 24:0:0	199.17	20180509_PC_brain_01.mzXML	35.0	803916.8	0.0	0.0	[0.0..0.0]	[0.5..0.5]	[1.187..1.187]	[954249.4..954249.4]	[0.5..0.5]	[0.5..0.5]	[1.187..1.187]	[954249.3..954249.3]	[0.5..0.5]	[0.5..0.5]	1.004296	[958348.7..958348.7]
Group-1	PC 25:0:0	199.17	20180509_PC_brain_01.mzXML	25.0	239160.7	0.0	0.0	[0.0..0.0]	[0.0..1.0]	[1.088..1.095]	[260206.86..261880.98]	[0.271..0.271]	[0.0..0.0]	[1.088..1.088]	[260206.86..260206.86]	[0.269..0.269]	[0.0..0.0]	0.98652405	[256700.31..258351.88]
Group-1	PC 25:0:0	199.17	20180509_PC_brain_01.mzXML	30.0	273912.5	0.0	0.0	[0.0..0.0]	[0.0..1.0]	[1.149..1.152]	[314725.47..315547.2]	[0.287..0.288]	[0.0..0.0]	[1.149..1.149]	[314725.47..314725.47]	[0.287..0.287]	[0.0..0.0]	0.98652405	[310484.25..311294.9]
Group-1	PC 25:0:0	199.17	20180509_PC_brain_01.mzXML	35.0	256409.7	0.0	0.0	[0.0..0.0]	[0.0..1.0]	[1.172..1.176]	[300512.2..301537.8]	[0.303..0.303]	[0.0..0.0]	[1.172..1.172]	[300512.2..300512.2]	[0.302..0.302]	[0.0..0.0]	0.98652405	[296462.5..297474.3]
Group-1	PC 25:0:0	213.18	20180509_PC_brain_01.mzXML	25.0	661672.7	0.0	0.0	[0.0..0.0]	[0.0..1.0]	[1.057..1.067]	[699388.06..706004.75]	[0.729..0.729]	[1.0..1.0]	[1.067..1.067]	[706004.75..706004.75]	[0.731..0.731]	[1.0..1.0]	0.98652405	[689963.1..696490.7]
Group-1	PC 25:0:0	213.18	20180509_PC_brain_01.mzXML	30.0	706245.8	0.0	0.0	[0.0..0.0]	[0.0..1.0]	[1.102..1.108]	[778282.9..782520.4]	[0.712..0.713]	[1.0..1.0]	[1.108..1.108]	[782520.4..782520.4]	[0.713..0.713]	[1.0..1.0]	0.98652405	[767794.8..771975.2]
Group-1	PC 25:0:0	213.18	20180509_PC_brain_01.mzXML	35.0	617208.6	0.0	0.0	[0.0..0.0]	[0.0..1.0]	[1.12..1.125]	[691273.7..694359.7]	[0.697..0.697]	[1.0..1.0]	[1.125..1.125]	[694359.7..694359.7]	[0.698..0.698]	[1.0..1.0]	0.98652405	[681958.06..685002.5]
Group-1	PC 30:0:0	227.2	20180509_PC_brain_01.mzXML	25.0	8756.7	0.0	0.0	[0.0..0.0]	[0.0..1.0]	[1.033..1.042]	[9045.671..9124.482]	[0.47..0.472]	[0.38..0.43]	[1.036..1.037]	[9071.941..9080.697]	[0.471..0.471]	[0.381..0.43]	0.9069271	[8203.765..8275.24]
Group-1	PC 30:0:0	227.2	20180509_PC_brain_01.mzXML	30.0	9668.5	0.0	0.0	[0.0..0.0]	[0.0..1.0]	[1.062..1.068]	[10267.947..10325.958]	[0.454..0.455]	[0.38..0.43]	[1.064..1.065]	[10287.284..10296.953]	[0.454..0.455]	[0.381..0.43]	0.9069271	[9312.28..9364.892]
Group-1	PC 30:0:0	227.2	20180509_PC_brain_01.mzXML	35.0	8977.4	0.0	0.0	[0.0..0.0]	[0.0..1.0]	[1.074..1.079]	[9641.729..9686.615]	[0.467..0.468]	[0.38..0.43]	[1.076..1.076]	[9659.683..9659.683]	[0.468..0.468]	[0.381..0.43]	0.9069271	[8744.345..8785.054]
Group-1	PC 30:0:0	255.23	20180509_PC_brain_01.mzXML	25.0	10187.4	0.0	0.0	[0.0..0.0]	[0.0..1.0]	[1.0..1.0]	[10187.4..10187.4]	[0.528..0.53]	[0.57..0.62]	[1.0..1.0]	[10187.4..10187.4]	[0.529..0.529]	[0.57..0.619]	0.9069271	[9239.2295..9239.2295]
Group-1	PC 30:0:0	255.23	20180509_PC_brain_01.mzXML	30.0	12358.6	0.0	0.0	[0.0..0.0]	[0.0..1.0]	[1.0..1.0]	[12358.6..12358.6]	[0.545..0.546]	[0.57..0.62]	[1.0..1.0]	[12358.6..12358.6]	[0.545..0.546]	[0.57..0.619]	0.9069271	[11208.349..11208.349]
Group-1	PC 30:0:0	255.23	20180509_PC_brain_01.mzXML	35.0	10992.3	0.0	0.0	[0.0..0.0]	[0.0..1.0]	[1.0..1.0]	[10992.3..10992.3]	[0.532..0.533]	[0.57..0.62]	[1.0..1.0]	[10992.3..10992.3]	[0.532..0.532]	[0.57..0.619]	0.9069271	[9969.215..9969.215]
Group-1	PC 32:0:0	227.2	20180509_PC_brain_01.mzXML	25.0	1609.2	0.0	0.0	[0.0..0.0]	[0.0..1.0]	[1.033..1.042]	[1662.304..1676.787]	[0.809..0.811]	[1.0..1.0]	[1.042..1.042]	[1676.7865..1676.7865]	[0.813..0.813]	[1.0..1.0]	0.87883294	[1460.8871..1473.6151]
Group-1	PC 32:0:0	227.2	20180509_PC_brain_01.mzXML	30.0	1625.3	0.0	0.0	[0.0..0.0]	[0.0..1.0]	[1.062..1.068]	[1726.069..1735.82]	[0.789..0.791]	[1.0..1.0]	[1.068..1.068]	[1735.8204..1735.8204]	[0.791..0.791]	[1.0..1.0]	0.87883294	[1516.926..1525.4961]
Group-1	PC 32:0:0	227.2	20180509_PC_brain_01.mzXML	35.0	1701.7	0.0	0.0	[0.0..0.0]	[0.0..1.0]	[1.074..1.079]	[1827.626..1836.134]	[0.746..0.747]	[1.0..1.0]	[1.079..1.079]	[1836.1343..1836.1343]	[0.748..0.748]	[1.0..1.0]	0.87883294	[1606.1777..1613.6553]
Group-1	PC 32:0:0	255.23	20180509_PC_brain_01.mzXML	25.0	195936.0	0.0	0.0	[0.0..0.0]	[0.5..0.5]	[1.0..1.0]	[195936.0..195936.0]	[0.5..0.5]	[0.5..0.5]	[1.0..1.0]	[195936.0..195936.0]	[0.5..0.5]	[0.5..0.5]	0.87883294	[172195.02..172195.02]
Group-1	PC 32:0:0	255.23	20180509_PC_brain_01.mzXML	30.0	236234.4	0.0	0.0	[0.0..0.0]	[0.5..0.5]	[1.0..1.0]	[236234.4..236234.4]	[0.5..0.5]	[0.5..0.5]	[1.0..1.0]	[236234.4..236234.4]	[0.5..0.5]	[0.5..0.5]	0.87883294	[207610.58..207610.58]
Group-1	PC 32:0:0	255.23	20180509_PC_brain_01.mzXML	35.0	206866.2	0.0	0.0	[0.0..0.0]	[0.5..0.5]	[1.0..1.0]	[206866.2..206866.2]	[0.5..0.5]	[0.5..0.5]	[1.0..1.0]	[206866.2..206866.2]	[0.5..0.5]	[0.5..0.5]	0.87883294	[181800.83..181800.83]
Group-1	PC 32:0:0	283.26	20180509_PC_brain_01.mzXML	25.0	399.5	0.0	0.0	[0.0..0.0]	[0.0..1.0]	[0.968..0.988]	[386.716..394.706]	[0.189..0.191]	[0.0..0.0]	[0.968..0.968]	[386.716..386.716]	[0.187..0.187]	[0.0..0.0]	0.87883294	[339.85873..346.8806]
Group-1	PC 32:0:0	283.26	20180509_PC_brain_01.mzXML	30.0	483.4	0.0	0.0	[0.0..0.0]	[0.0..1.0]	[0.946..0.958]	[457.296..463.097]	[0.209..0.211]	[0.0..0.0]	[0.946..0.946]	[457.2964..457.2964]	[0.209..0.209]	[0.0..0.0]	0.87883294	[401.88715..406.98508]
Group-1	PC 32:0:0	283.26	20180509_PC_brain_01.mzXML	35.0	661.9	0.0	0.0	[0.0..0.0]	[0.0..1.0]	[0.937..0.945]	[620.2..625.496]	[0.253..0.254]	[0.0..0.0]	[0.937..0.937]	[620.2003..620.2003]	[0.252..0.252]	[0.0..0.0]	0.87883294	[545.0524..549.70605]
Group-1	PC 32:1:0	227.2	20180509_PC_brain_01.mzXML	25.0	5739.1	0.0	0.0	[0.0..0.0]	[0.0..0.0]	[1.042..1.042]	[5980.143..5980.143]	[0.478..0.478]	[0.37..0.45]	[1.042..1.042]	[5980.1426..5980.1426]	[0.478..0.478]	[0.368..0.445]	0.88078475	[5267.2183..5267.2183]
Group-1	PC 32:1:0	227.2	20180509_PC_brain_01.mzXML	30.0	6100.1	0.0	0.0	[0.0..0.0]	[0.0..0.0]	[1.068..1.068]	[6514.907..6514.907]	[0.449..0.449]	[0.37..0.45]	[1.068..1.068]	[6514.9067..6514.9067]	[0.449..0.449]	[0.368..0.445]	0.88078475	[5738.2305..5738.2305]
Group-1	PC 32:1:0	227.2	20180509_PC_brain_01.mzXML	35.0	5440.9	0.0	0.0	[0.0..0.0]	[0.0..0.0]	[1.079..1.079]	[5870.731..5870.731]	[0.479..0.479]	[0.37..0.45]	[1.079..1.079]	[5870.731..5870.731]	[0.479..0.479]	[0.368..0.445]	0.88078475	[5170.8506..5170.8506]
Group-1	PC 32:1:0	253.22	20180509_PC_brain_01.mzXML	25.0	124850.7	0.0	0.0	[9.0..9.0]	[0.0..1.0]	[0.902..0.981]	[112615.336..122478.54]	[0.558..0.578]	[0.61..0.69]	[0.95..0.957]	[118608.164..119482.125]	[0.57..0.572]	[0.615..0.694]	0.88078475	[99189.87..107877.23]
Group-1	PC 32:1:0	253.22	20180509_PC_brain_01.mzXML	30.0	145374.3	0.0	0.0	[9.0..9.0]	[0.0..1.0]	[0.912..0.97]	[132581.36..141013.08]	[0.556..0.571]	[0.61..0.69]	[0.947..0.952]	[137669.47..138396.33]	[0.565..0.567]	[0.615..0.694]	0.88078475	[116775.63..124202.164]
Group-1	PC 32:1:0	253.22	20180509_PC_brain_01.mzXML	35.0	121493.5	0.0	0.0	[9.0..9.0]	[0.0..1.0]	[0.935..0.969]	[113596.42..117727.2]	[0.543..0.552]	[0.61..0.69]	[0.956..0.958]	[116147.78..116390.77]	[0.548..0.549]	[0.615..0.694]	0.88078475	[100054.0..103692.33]
Group-1	PC 32:1:0	255.23	20180509_PC_brain_01.mzXML	25.0	89371.1	0.0	0.0	[0.0..0.0]	[0.0..1.0]	[1.0..1.0]	[89371.1..89371.1]	[0.422..0.442]	[0.31..0.39]	[1.0..1.0]	[89371.1..89371.1]	[0.428..0.43]	[0.306..0.385]	0.88078475	[78716.7..78716.7]
Group-1	PC 32:1:0	255.23	20180509_PC_brain_01.mzXML	30.0	105900.6	0.0	0.0	[0.0..0.0]	[0.0..1.0]	[1.0..1.0]	[105900.6..105900.6]	[0.429..0.444]	[0.31..0.39]	[1.0..1.0]	[105900.6..105900.6]	[0.433..0.435]	[0.306..0.385]	0.88078475	[93275.63..93275.63]
Group-1	PC 32:1:0	255.23	20180509_PC_brain_01.mzXML	35.0	95612.6	0.0	0.0	[0.0..0.0]	[0.0..1.0]	[1.0..1.0]	[95612.6..95612.6]	[0.448..0.457]	[0.31..0.39]	[1.0..1.0]	[95612.6..95612.6]	[0.451..0.452]	[0.306..0.385]	0.88078475	[84214.125..84214.125]
Group-1	PC 32:1:0	281.25	20180509_PC_brain_01.mzXML	25.0	6767.2	0.0	0.0	[9.0..9.0]	[1.0..1.0]	[0.964..0.964]	[6523.581..6523.581]	[0.522..0.522]	[0.55..0.63]	[0.964..0.964]	[6523.581..6523.581]	[0.522..0.522]	[0.555..0.632]	0.88078475	[5745.8706..5745.8706]
Group-1	PC 32:1:0	281.25	20180509_PC_brain_01.mzXML	30.0	8648.4	0.0	0.0	[9.0..9.0]	[1.0..1.0]	[0.926..0.926]	[8008.419..8008.419]	[0.551..0.551]	[0.55..0.63]	[0.926..0.926]	[8008.419..8008.419]	[0.551..0.551]	[0.555..0.632]	0.88078475	[7053.6934..7053.6934]
Group-1	PC 32:1:0	281.25	20180509_PC_brain_01.mzXML	35.0	7005.3	0.0	0.0	[9.0..9.0]	[1.0..1.0]	[0.913..0.913]	[6395.839..6395.839]	[0.521..0.521]	[0.55..0.63]	[0.913..0.913]	[6395.839..6395.839]	[0.521..0.521]	[0.555..0.632]	0.88078475	[5633.357..5633.357]
Group-1	PC 32:2:0	253.22	20180509_PC_brain_01.mzXML	25.0	4573.7	0.0	0.0	[9.0..9.0]	[0.5..0.5]	[0.973..0.973]	[4450.211..4450.211]	[0.5..0.5]	[0.5..0.5]	[0.973..0.973]	[4450.2104..4450.2104]	[0.5..0.5]	[0.5..0.5]	0.8827558	[3928.449..3928.449]
Group-1	PC 32:2:0	253.22	20180509_PC_brain_01.mzXML	30.0	4382.0	0.0	0.0	[9.0..9.0]	[0.5..0.5]	[0.982..0.982]	[4303.124..4303.124]	[0.5..0.5]	[0.5..0.5]	[0.982..0.982]	[4303.124..4303.124]	[0.5..0.5]	[0.5..0.5]	0.8827558	[3798.608..3798.608]
Group-1	PC 32:2:0	253.22	20180509_PC_brain_01.mzXML	35.0	3680.2	0.0	0.0	[9.0..9.0]	[0.5..0.5]	[0.987..0.987]	[3632.358..3632.358]	[0.5..0.5]	[0.5..0.5]	[0.987..0.987]	[3632.3574..3632.3574]	[0.5..0.5]	[0.5..0.5]	0.8827558	[3206.4846..3206.4846]
Group-1	PC 34:1:0	253.22	20180509_PC_brain_01.mzXML	25.0	36449.9	0.0	0.0	[9.0..9.0]	[0.0..1.0]	[0.902..0.981]	[32877.81..35757.35]	[0.774..0.785]	[1.0..1.0]	[0.981..0.981]	[35757.35..35757.35]	[0.788..0.788]	[1.0..1.0]	0.854385	[28090.309..30550.545]
Group-1	PC 34:1:0	253.22	20180509_PC_brain_01.mzXML	30.0	42814.7	0.0	0.0	[9.0..9.0]	[0.0..1.0]	[0.912..0.97]	[39047.004..41530.258]	[0.728..0.737]	[1.0..1.0]	[0.97..0.97]	[41530.258..41530.258]	[0.74..0.74]	[1.0..1.0]	0.854385	[33361.176..35482.832]
Group-1	PC 34:1:0	253.22	20180509_PC_brain_01.mzXML	35.0	42775.6	0.0	0.0	[9.0..9.0]	[0.0..1.0]	[0.935..0.969]	[39995.188..41449.56]	[0.709..0.714]	[1.0..1.0]	[0.969..0.969]	[41449.56..41449.56]	[0.716..0.716]	[1.0..1.0]	0.854385	[34171.29..35413.88]
Group-1	PC 34:1:0	255.23	20180509_PC_brain_01.mzXML	25.0	1100186.2	0.0	0.0	[0.0..0.0]	[0.0..0.0]	[1.0..1.0]	[1100186.2..1100186.2]	[0.366..0.366]	[0.17..0.2]	[1.0..1.0]	[1100186.2..1100186.2]	[0.366..0.366]	[0.167..0.204]	0.854385	[939982.6..939982.6]
Group-1	PC 34:1:0	255.23	20180509_PC_brain_01.mzXML	30.0	1318546.9	0.0	0.0	[0.0..0.0]	[0.0..0.0]	[1.0..1.0]	[1318546.9..1318546.9]	[0.386..0.386]	[0.17..0.2]	[1.0..1.0]	[1318546.9..1318546.9]	[0.386..0.386]	[0.167..0.204]	0.854385	[1126546.8..1126546.8]
Group-1	PC 34:1:0	255.23	20180509_PC_brain_01.mzXML	35.0	1268445.0	0.0	0.0	[0.0..0.0]	[0.0..0.0]	[1.0..1.0]	[1268445.0..1268445.0]	[0.388..0.388]	[0.17..0.2]	[1.0..1.0]	[1268445.0..1268445.0]	[0.388..0.388]	[0.167..0.204]	0.854385	[1083740.4..1083740.4]
Group-1	PC 34:1:0	281.25	20180509_PC_brain_01.mzXML	25.0	1980958.1	0.0	0.0	[9.0..9.0]	[1.0..1.0]	[0.964..0.964]	[1909643.6..1909643.6]	[0.634..0.634]	[0.8..0.83]	[0.964..0.964]	[1909643.6..1909643.6]	[0.634..0.634]	[0.796..0.833]	0.854385	[1631571.0..1631571.0]
Group-1	PC 34:1:0	281.25	20180509_PC_brain_01.mzXML	30.0	2266939.5	0.0	0.0	[9.0..9.0]	[1.0..1.0]	[0.926..0.926]	[2099186.0..2099186.0]	[0.614..0.614]	[0.8..0.83]	[0.926..0.926]	[2099186.0..2099186.0]	[0.614..0.614]	[0.796..0.833]	0.854385	[1793513.0..1793513.0]
Group-1	PC 34:1:0	281.25	20180509_PC_brain_01.mzXML	35.0	2191408.5	0.0	0.0	[9.0..9.0]	[1.0..1.0]	[0.913..0.913]	[2000755.9..2000755.9]	[0.612..0.612]	[0.8..0.83]	[0.913..0.913]	[2000755.9..2000755.9]	[0.612..0.612]	[0.796..0.833]	0.854385	[1709415.9..1709415.9]
Group-1	PC 34:1:0	283.26	20180509_PC_brain_01.mzXML	25.0	9915.5	0.0	0.0	[0.0..0.0]	[0.0..1.0]	[0.968..0.988]	[9598.204..9796.514]	[0.215..0.226]	[0.0..0.0]	[0.968..0.968]	[9598.204..9598.204]	[0.212..0.212]	[0.0..0.0]	0.854385	[8200.562..8369.994]
Group-1	PC 34:1:0	283.26	20180509_PC_brain_01.mzXML	30.0	15440.3	0.0	0.0	[0.0..0.0]	[0.0..1.0]	[0.946..0.958]	[14606.523..14791.808]	[0.263..0.272]	[0.0..0.0]	[0.946..0.946]	[14606.523..14606.523]	[0.26..0.26]	[0.0..0.0]	0.854385	[12479.595..12637.898]
Group-1	PC 34:1:0	283.26	20180509_PC_brain_01.mzXML	35.0	17551.9	0.0	0.0	[0.0..0.0]	[0.0..1.0]	[0.937..0.945]	[16446.13..16586.545]	[0.286..0.291]	[0.0..0.0]	[0.937..0.937]	[16446.13..16446.13]	[0.284..0.284]	[0.0..0.0]	0.854385	[14051.327..14171.297]
Group-1	PC 34:2:0	253.22	20180509_PC_brain_01.mzXML	25.0	29257.1	0.0	0.0	[9.0..9.0]	[1.0..1.0]	[0.981..0.981]	[28701.215..28701.215]	[0.534..0.534]	[0.44..0.58]	[0.981..0.981]	[28701.215..28701.215]	[0.534..0.534]	[0.436..0.585]	0.8562302	[24574.848..24574.848]
Group-1	PC 34:2:0	253.22	20180509_PC_brain_01.mzXML	30.0	32219.6	0.0	0.0	[9.0..9.0]	[0.0..1.0]	[0.912..0.97]	[29384.275..31253.012]	[0.488..0.492]	[0.44..0.58]	[0.938..0.946]	[30221.984..30479.74]	[0.49..0.491]	[0.436..0.585]	0.8562302	[25159.703..26759.773]
Group-1	PC 34:2:0	253.22	20180509_PC_brain_01.mzXML	35.0	29230.6	0.0	0.0	[9.0..9.0]	[0.0..0.0]	[0.935..0.935]	[27330.611..27330.611]	[0.476..0.476]	[0.44..0.58]	[0.935..0.935]	[27330.611..27330.611]	[0.476..0.476]	[0.436..0.585]	0.8562302	[23401.295..23401.295]
Group-1	PC 34:2:0	255.23	20180509_PC_brain_01.mzXML	25.0	35846.1	0.0	0.0	[0.0..0.0]	[0.0..0.0]	[1.0..1.0]	[35846.1..35846.1]	[0.435..0.435]	[0.33..0.34]	[1.0..1.0]	[35846.1..35846.1]	[0.435..0.435]	[0.334..0.338]	0.8562302	[30692.516..30692.516]
Group-1	PC 34:2:0	255.23	20180509_PC_brain_01.mzXML	30.0	41166.4	0.0	0.0	[0.0..0.0]	[0.0..0.0]	[1.0..1.0]	[41166.4..41166.4]	[0.437..0.437]	[0.33..0.34]	[1.0..1.0]	[41166.4..41166.4]	[0.437..0.437]	[0.334..0.338]	0.8562302	[35247.914..35247.914]
Group-1	PC 34:2:0	255.23	20180509_PC_brain_01.mzXML	35.0	37370.9	0.0	0.0	[0.0..0.0]	[0.0..0.0]	[1.0..1.0]	[37370.9..37370.9]	[0.438..0.438]	[0.33..0.34]	[1.0..1.0]	[37370.9..37370.9]	[0.438..0.438]	[0.334..0.338]	0.8562302	[31998.092..31998.092]
Group-1	PC 34:2:0	279.23	20180509_PC_brain_01.mzXML	25.0	48625.9	0.0	0.0	[9.0..9.0]	[1.0..1.0]	[0.956..0.956]	[46486.36..46486.36]	[0.565..0.565]	[0.66..0.67]	[0.956..0.956]	[46486.36..46486.36]	[0.565..0.565]	[0.662..0.666]	0.8562302	[39803.02..39803.02]
Group-1	PC 34:2:0	279.23	20180509_PC_brain_01.mzXML	30.0	55797.8	0.0	0.0	[9.0..9.0]	[1.0..1.0]	[0.952..0.952]	[53119.508..53119.508]	[0.563..0.563]	[0.66..0.67]	[0.952..0.952]	[53119.508..53119.508]	[0.563..0.563]	[0.662..0.666]	0.8562302	[45482.527..45482.527]
Group-1	PC 34:2:0	279.23	20180509_PC_brain_01.mzXML	35.0	48056.2	0.0	0.0	[9.0..9.0]	[1.0..1.0]	[0.996..0.996]	[47863.973..47863.973]	[0.562..0.562]	[0.66..0.67]	[0.996..0.996]	[47863.973..47863.973]	[0.562..0.562]	[0.662..0.666]	0.8562302	[40982.58..40982.58]
Group-1	PC 34:2:0	281.25	20180509_PC_brain_01.mzXML	25.0	28816.0	0.0	0.0	[9.0..9.0]	[0.0..0.0]	[0.87..0.87]	[25069.92..25069.92]	[0.466..0.466]	[0.42..0.56]	[0.87..0.87]	[25069.92..25069.92]	[0.466..0.466]	[0.415..0.564]	0.8562302	[21465.623..21465.623]
Group-1	PC 34:2:0	281.25	20180509_PC_brain_01.mzXML	30.0	35440.9	0.0	0.0	[9.0..9.0]	[0.0..1.0]	[0.856..0.926]	[30337.41..32818.273]	[0.508..0.512]	[0.42..0.56]	[0.885..0.895]	[31365.195..31719.604]	[0.509..0.51]	[0.415..0.564]	0.8562302	[25975.807..28099.996]
Group-1	PC 34:2:0	281.25	20180509_PC_brain_01.mzXML	35.0	32941.0	0.0	0.0	[9.0..9.0]	[1.0..1.0]	[0.913..0.913]	[30075.133..30075.133]	[0.524..0.524]	[0.42..0.56]	[0.913..0.913]	[30075.133..30075.133]	[0.524..0.524]	[0.415..0.564]	0.8562302	[25751.236..25751.236]
Group-1	PC 34:3:0	253.22	20180509_PC_brain_01.mzXML	25.0	1124.4	0.0	0.0	[9.0..9.0]	[0.0..1.0]	[0.902..0.981]	[1014.209..1103.036]	[0.508..0.512]	[0.51..0.7]	[0.942..0.957]	[1059.1848..1076.0509]	[0.514..0.515]	[0.513..0.705]	0.85807484	[870.2671..946.48785]
Group-1	PC 34:3:0	253.22	20180509_PC_brain_01.mzXML	30.0	1198.3	0.0	0.0	[9.0..9.0]	[1.0..1.0]	[0.97..0.97]	[1162.351..1162.351]	[0.579..0.579]	[0.51..0.7]	[0.97..0.97]	[1162.3511..1162.3511]	[0.579..0.579]	[0.513..0.705]	0.85807484	[997.38416..997.38416]
Group-1	PC 34:3:0	253.22	20180509_PC_brain_01.mzXML	35.0	1087.9	0.0	0.0	[9.0..9.0]	[0.0..0.0]	[0.935..0.935]	[1017.187..1017.187]	[0.505..0.505]	[0.51..0.7]	[0.935..0.935]	[1017.1865..1017.1865]	[0.505..0.505]	[0.513..0.705]	0.85807484	[872.82214..872.82214]
Group-1	PC 34:3:0	255.23	20180509_PC_brain_01.mzXML	25.0	1495.0	0.0	0.0	[0.0..0.0]	[0.0..1.0]	[1.0..1.0]	[1495.0..1495.0]	[0.36..0.388]	[0.14..0.33]	[1.0..1.0]	[1495.0..1495.0]	[0.38..0.405]	[0.145..0.329]	0.85807484	[1282.8219..1282.8219]
Group-1	PC 34:3:0	255.23	20180509_PC_brain_01.mzXML	30.0	1782.3	0.0	0.0	[0.0..0.0]	[0.0..1.0]	[1.0..1.0]	[1782.3..1782.3]	[0.363..0.407]	[0.14..0.33]	[1.0..1.0]	[1782.3..1782.3]	[0.374..0.411]	[0.145..0.329]	0.85807484	[1529.3468..1529.3468]
Group-1	PC 34:3:0	255.23	20180509_PC_brain_01.mzXML	35.0	1569.5	0.0	0.0	[0.0..0.0]	[0.0..0.0]	[1.0..1.0]	[1569.5..1569.5]	[0.387..0.436]	[0.14..0.33]	[1.0..1.0]	[1569.5..1569.5]	[0.392..0.446]	[0.145..0.329]	0.85807484	[1346.7484..1346.7484]
Group-1	PC 34:3:0	277.22	20180509_PC_brain_01.mzXML	25.0	2511.0	0.0	0.0	[6.0..9.0]	[0.0..1.0]	[0.938..1.058]	[2355.318..2656.638]	[0.612..0.64]	[0.67..0.86]	[0.876..0.973]	[2199.636..2443.203]	[0.595..0.62]	[0.671..0.855]	0.85807484	[2021.0392..2279.5942]
Group-1	PC 34:3:0	277.22	20180509_PC_brain_01.mzXML	30.0	2518.5	0.0	0.0	[6.0..9.0]	[0.0..1.0]	[1.029..1.242]	[2591.537..3127.977]	[0.593..0.637]	[0.67..0.86]	[1.013..1.185]	[2551.2405..2984.4224]	[0.589..0.626]	[0.671..0.855]	0.85807484	[2223.7324..2684.0383]
Group-1	PC 34:3:0	277.22	20180509_PC_brain_01.mzXML	35.0	1575.6	0.0	0.0	[6.0..9.0]	[1.0..1.0]	[1.289..1.577]	[2030.948..2484.721]	[0.564..0.613]	[0.67..0.86]	[1.239..1.545]	[1952.1683..2434.302]	[0.554..0.608]	[0.671..0.855]	0.85807484	[1742.7057..2132.0767]
Group-1	PC 34:3:0	279.23	20180509_PC_brain_01.mzXML	25.0	1115.9	0.0	0.0	[9.0..9.0]	[0.0..1.0]	[0.867..0.956]	[967.485..1066.8]	[0.488..0.492]	[0.3..0.49]	[0.894..0.911]	[997.6146..1016.58496]	[0.485..0.486]	[0.295..0.487]	0.85807484	[830.1748..915.3946]
Group-1	PC 34:3:0	279.23	20180509_PC_brain_01.mzXML	30.0	955.8	0.0	0.0	[9.0..9.0]	[0.0..0.0]	[0.884..0.884]	[844.927..844.927]	[0.421..0.421]	[0.3..0.49]	[0.884..0.884]	[844.9272..844.9272]	[0.421..0.421]	[0.295..0.487]	0.85807484	[725.0108..725.0108]
Group-1	PC 34:3:0	279.23	20180509_PC_brain_01.mzXML	35.0	1002.3	0.0	0.0	[9.0..9.0]	[1.0..1.0]	[0.996..0.996]	[998.291..998.291]	[0.495..0.495]	[0.3..0.49]	[0.996..0.996]	[998.2908..998.2908]	[0.495..0.495]	[0.295..0.487]	0.85807484	[856.6082..856.6082]
Group-1	PC 36:1:0	255.23	20180509_PC_brain_01.mzXML	25.0	53174.9	0.0	0.0	[0.0..0.0]	[0.9..0.9]	[1.0..1.0]	[53174.9..53174.9]	[0.562..0.562]	[0.6..0.69]	[1.0..1.0]	[53174.9..53174.9]	[0.562..0.562]	[0.596..0.69]	0.8296408	[44116.066..44116.066]
Group-1	PC 36:1:0	255.23	20180509_PC_brain_01.mzXML	30.0	62411.9	0.0	0.0	[0.0..0.0]	[0.0..0.9]	[1.0..1.0]	[62411.9..62411.9]	[0.537..0.556]	[0.6..0.69]	[1.0..1.0]	[62411.9..62411.9]	[0.548..0.55]	[0.596..0.69]	0.8296408	[51779.457..51779.457]
Group-1	PC 36:1:0	255.23	20180509_PC_brain_01.mzXML	35.0	59097.8	0.0	0.0	[0.0..0.0]	[0.0..0.0]	[1.0..1.0]	[59097.8..59097.8]	[0.571..0.571]	[0.6..0.69]	[1.0..1.0]	[59097.8..59097.8]	[0.571..0.571]	[0.596..0.69]	0.8296408	[49029.945..49029.945]
Group-1	PC 36:1:0	281.25	20180509_PC_brain_01.mzXML	25.0	1166852.2	0.0	0.0	[9.0..9.0]	[0.0..1.0]	[0.87..0.964]	[1015161.44..1124845.5]	[0.747..0.763]	[1.0..1.0]	[0.964..0.964]	[1124845.5..1124845.5]	[0.766..0.766]	[1.0..1.0]	0.8296408	[842219.4..933217.75]
Group-1	PC 36:1:0	281.25	20180509_PC_brain_01.mzXML	30.0	1421243.2	0.0	0.0	[9.0..9.0]	[0.0..1.0]	[0.856..0.926]	[1216584.2..1316071.2]	[0.735..0.747]	[1.0..1.0]	[0.926..0.926]	[1316071.2..1316071.2]	[0.75..0.75]	[1.0..1.0]	0.8296408	[1009327.9..1091866.4]
Group-1	PC 36:1:0	281.25	20180509_PC_brain_01.mzXML	35.0	1261524.0	0.0	0.0	[9.0..9.0]	[0.0..1.0]	[0.868..0.913]	[1095002.8..1151771.4]	[0.709..0.718]	[1.0..1.0]	[0.913..0.913]	[1151771.4..1151771.4]	[0.719..0.719]	[1.0..1.0]	0.8296408	[908459.0..955556.56]
Group-1	PC 36:1:0	283.26	20180509_PC_brain_01.mzXML	25.0	354269.1	0.0	0.0	[0.0..0.0]	[0.0..1.0]	[0.968..0.988]	[342932.47..350017.84]	[0.237..0.253]	[0.0..0.0]	[0.968..0.968]	[342932.47..342932.47]	[0.234..0.234]	[0.0..0.0]	0.8296408	[284510.78..290389.1]
Group-1	PC 36:1:0	283.26	20180509_PC_brain_01.mzXML	30.0	464530.2	0.0	0.0	[0.0..0.0]	[0.0..1.0]	[0.946..0.958]	[439445.56..445019.9]	[0.253..0.265]	[0.0..0.0]	[0.946..0.946]	[439445.56..439445.56]	[0.25..0.25]	[0.0..0.0]	0.8296408	[364581.94..369206.7]
Group-1	PC 36:1:0	283.26	20180509_PC_brain_01.mzXML	35.0	479533.1	0.0	0.0	[0.0..0.0]	[0.0..1.0]	[0.937..0.945]	[449322.5..453158.78]	[0.282..0.291]	[0.0..0.0]	[0.937..0.937]	[449322.5..449322.5]	[0.281..0.281]	[0.0..0.0]	0.8296408	[372776.28..375959.0]
Group-1	PC 36:1:0	309.28	20180509_PC_brain_01.mzXML	25.0	47437.4	0.0	0.0	[11.0..11.0]	[0.1..0.1]	[0.875..0.875]	[41507.723..41507.723]	[0.438..0.438]	[0.31..0.4]	[0.875..0.875]	[41507.723..41507.723]	[0.438..0.438]	[0.31..0.404]	0.8296408	[34436.5..34436.5]
Group-1	PC 36:1:0	309.28	20180509_PC_brain_01.mzXML	30.0	60087.6	0.0	0.0	[11.0..11.0]	[0.1..1.0]	[0.829..0.894]	[49812.62..53718.316]	[0.444..0.463]	[0.31..0.4]	[0.849..0.855]	[51014.37..51374.902]	[0.45..0.452]	[0.31..0.404]	0.8296408	[41326.582..44566.906]
Group-1	PC 36:1:0	309.28	20180509_PC_brain_01.mzXML	35.0	51660.3	0.0	0.0	[11.0..11.0]	[1.0..1.0]	[0.861..0.861]	[44479.52..44479.52]	[0.429..0.429]	[0.31..0.4]	[0.861..0.861]	[44479.52..44479.52]	[0.429..0.429]	[0.31..0.404]	0.8296408	[36902.023..36902.023]
Group-1	PC 36:2:0	253.22	20180509_PC_brain_01.mzXML	25.0	3271.6	0.0	0.0	[9.0..9.0]	[0.0..0.0]	[0.902..0.902]	[2950.984..2950.984]	[0.648..0.648]	[0.54..0.87]	[0.902..0.902]	[2950.9834..2950.9834]	[0.648..0.648]	[0.54..0.868]	0.8313721	[2453.3652..2453.3652]
Group-1	PC 36:2:0	253.22	20180509_PC_brain_01.mzXML	30.0	3311.0	0.0	0.0	[9.0..9.0]	[1.0..1.0]	[0.97..0.97]	[3211.67..3211.67]	[0.586..0.586]	[0.54..0.87]	[0.97..0.97]	[3211.6702..3211.6702]	[0.586..0.586]	[0.54..0.868]	0.8313721	[2670.0928..2670.0928]
Group-1	PC 36:2:0	253.22	20180509_PC_brain_01.mzXML	35.0	2655.8	0.0	0.0	[9.0..9.0]	[0.0..1.0]	[0.935..0.969]	[2483.173..2573.47]	[0.515..0.521]	[0.54..0.87]	[0.953..0.965]	[2530.9775..2562.847]	[0.522..0.524]	[0.54..0.868]	0.8313721	[2064.4407..2139.5112]
Group-1	PC 36:2:0	255.23	20180509_PC_brain_01.mzXML	25.0	17497.0	0.0	0.0	[0.0..0.0]	[0.0..0.0]	[1.0..1.0]	[17497.0..17497.0]	[0.548..0.548]	[0.62..0.7]	[1.0..1.0]	[17497.0..17497.0]	[0.548..0.548]	[0.619..0.697]	0.8313721	[14546.518..14546.518]
Group-1	PC 36:2:0	255.23	20180509_PC_brain_01.mzXML	30.0	20238.7	0.0	0.0	[0.0..0.0]	[0.0..0.0]	[1.0..1.0]	[20238.7..20238.7]	[0.576..0.576]	[0.62..0.7]	[1.0..1.0]	[20238.7..20238.7]	[0.576..0.576]	[0.619..0.697]	0.8313721	[16825.889..16825.889]
Group-1	PC 36:2:0	255.23	20180509_PC_brain_01.mzXML	35.0	18045.2	0.0	0.0	[0.0..0.0]	[0.0..0.0]	[1.0..1.0]	[18045.2..18045.2]	[0.567..0.567]	[0.62..0.7]	[1.0..1.0]	[18045.2..18045.2]	[0.567..0.567]	[0.619..0.697]	0.8313721	[15002.274..15002.274]
Group-1	PC 36:2:0	279.23	20180509_PC_brain_01.mzXML	25.0	48739.0	0.0	0.0	[9.0..9.0]	[0.0..1.0]	[0.867..0.956]	[42256.71..46594.484]	[0.723..0.738]	[1.0..1.0]	[0.956..0.956]	[46594.484..46594.484]	[0.742..0.742]	[1.0..1.0]	0.8313721	[35131.05..38737.35]
Group-1	PC 36:2:0	279.23	20180509_PC_brain_01.mzXML	30.0	56477.0	0.0	0.0	[9.0..9.0]	[0.0..1.0]	[0.884..0.952]	[49925.668..53766.105]	[0.709..0.722]	[1.0..1.0]	[0.952..0.952]	[53766.105..53766.105]	[0.724..0.724]	[1.0..1.0]	0.8313721	[41506.81..44699.64]
Group-1	PC 36:2:0	279.23	20180509_PC_brain_01.mzXML	35.0	51217.2	0.0	0.0	[9.0..9.0]	[0.0..1.0]	[0.951..0.996]	[48707.555..51012.33]	[0.737..0.744]	[1.0..1.0]	[0.996..0.996]	[51012.33..51012.33]	[0.746..0.746]	[1.0..1.0]	0.8313721	[40494.1..42410.227]
Group-1	PC 36:2:0	281.25	20180509_PC_brain_01.mzXML	25.0	345207.3	0.0	0.0	[9.0..9.0]	[0.5..0.5]	[0.915..0.915]	[315864.7..315864.7]	[0.5..0.5]	[0.5..0.5]	[0.915..0.915]	[315864.7..315864.7]	[0.5..0.5]	[0.5..0.5]	0.8313721	[262601.1..262601.1]
Group-1	PC 36:2:0	281.25	20180509_PC_brain_01.mzXML	30.0	401780.3	0.0	0.0	[9.0..9.0]	[0.5..0.5]	[0.911..0.911]	[366021.88..366021.88]	[0.5..0.5]	[0.5..0.5]	[0.911..0.911]	[366021.88..366021.88]	[0.5..0.5]	[0.5..0.5]	0.8313721	[304300.38..304300.38]
Group-1	PC 36:2:0	281.25	20180509_PC_brain_01.mzXML	35.0	372124.0	0.0	0.0	[9.0..9.0]	[0.5..0.5]	[0.917..0.917]	[341237.72..341237.72]	[0.5..0.5]	[0.5..0.5]	[0.917..0.917]	[341237.72..341237.72]	[0.5..0.5]	[0.5..0.5]	0.8313721	[283695.5..283695.5]
Group-1	PC 36:2:0	283.26	20180509_PC_brain_01.mzXML	25.0	16736.6	0.0	0.0	[0.0..0.0]	[0.0..1.0]	[0.968..0.988]	[16201.028..16535.76]	[0.262..0.277]	[0.0..0.0]	[0.968..0.968]	[16201.028..16201.028]	[0.258..0.258]	[0.0..0.0]	0.8313721	[13469.083..13747.369]
Group-1	PC 36:2:0	283.26	20180509_PC_brain_01.mzXML	30.0	21616.8	0.0	0.0	[0.0..0.0]	[0.0..1.0]	[0.946..0.958]	[20449.492..20708.895]	[0.278..0.291]	[0.0..0.0]	[0.946..0.946]	[20449.492..20449.492]	[0.276..0.276]	[0.0..0.0]	0.8313721	[17001.139..17216.799]
Group-1	PC 36:2:0	283.26	20180509_PC_brain_01.mzXML	35.0	18560.5	0.0	0.0	[0.0..0.0]	[0.0..1.0]	[0.937..0.945]	[17391.188..17539.672]	[0.256..0.263]	[0.0..0.0]	[0.937..0.937]	[17391.188..17391.188]	[0.254..0.254]	[0.0..0.0]	0.8313721	[14458.548..14581.994]
Group-1	PC 36:2:0	307.26	20180509_PC_brain_01.mzXML	25.0	15181.4	0.0	0.0	[11.0..11.0]	[1.0..1.0]	[0.951..0.951]	[14437.512..14437.512]	[0.452..0.452]	[0.3..0.38]	[0.951..0.951]	[14437.512..14437.512]	[0.452..0.452]	[0.303..0.381]	0.8313721	[12002.944..12002.944]
Group-1	PC 36:2:0	307.26	20180509_PC_brain_01.mzXML	30.0	16582.6	0.0	0.0	[11.0..11.0]	[1.0..1.0]	[0.9..0.9]	[14924.339..14924.339]	[0.424..0.424]	[0.3..0.38]	[0.9..0.9]	[14924.339..14924.339]	[0.424..0.424]	[0.303..0.381]	0.8313721	[12407.679..12407.679]
Group-1	PC 36:2:0	307.26	20180509_PC_brain_01.mzXML	35.0	15231.2	0.0	0.0	[11.0..11.0]	[1.0..1.0]	[0.906..0.906]	[13799.468..13799.468]	[0.433..0.433]	[0.3..0.38]	[0.906..0.906]	[13799.468..13799.468]	[0.433..0.433]	[0.303..0.381]	0.8313721	[11472.492..11472.492]
Group-1	PC 36:2:0	309.28	20180509_PC_brain_01.mzXML	25.0	1661.8	0.0	0.0	[11.0..11.0]	[1.0..1.0]	[0.964..0.964]	[1601.975..1601.975]	[0.352..0.352]	[0.13..0.46]	[0.964..0.964]	[1601.9752..1601.9752]	[0.352..0.352]	[0.132..0.46]	0.8313721	[1331.8375..1331.8375]
Group-1	PC 36:2:0	309.28	20180509_PC_brain_01.mzXML	30.0	2760.7	0.0	0.0	[11.0..11.0]	[0.0..0.0]	[0.822..0.822]	[2269.296..2269.296]	[0.414..0.414]	[0.13..0.46]	[0.822..0.822]	[2269.2954..2269.2954]	[0.414..0.414]	[0.132..0.46]	0.8313721	[1886.6289..1886.6289]
Group-1	PC 36:2:0	309.28	20180509_PC_brain_01.mzXML	35.0	2810.5	0.0	0.0	[11.0..11.0]	[0.0..1.0]	[0.812..0.861]	[2282.126..2419.841]	[0.479..0.485]	[0.13..0.46]	[0.818..0.835]	[2298.989..2346.7673]	[0.476..0.478]	[0.132..0.46]	0.8313721	[1897.2958..2011.7878]
Group-1	PC 36:3:0	255.23	20180509_PC_brain_01.mzXML	25.0	15155.6	0.0	0.0	[0.0..0.0]	[0.0..1.0]	[1.0..1.0]	[15155.6..15155.6]	[0.433..0.465]	[0.19..0.43]	[1.0..1.0]	[15155.6..15155.6]	[0.46..0.488]	[0.193..0.425]	0.8331026	[12626.169..12626.169]
Group-1	PC 36:3:0	255.23	20180509_PC_brain_01.mzXML	30.0	15950.7	0.0	0.0	[0.0..0.0]	[0.0..1.0]	[1.0..1.0]	[15950.7..15950.7]	[0.393..0.458]	[0.19..0.43]	[1.0..1.0]	[15950.7..15950.7]	[0.407..0.465]	[0.193..0.425]	0.8331026	[13288.569..13288.569]
Group-1	PC 36:3:0	255.23	20180509_PC_brain_01.mzXML	35.0	14627.8	0.0	0.0	[0.0..0.0]	[0.0..0.0]	[1.0..1.0]	[14627.8..14627.8]	[0.385..0.472]	[0.19..0.43]	[1.0..1.0]	[14627.8..14627.8]	[0.391..0.484]	[0.193..0.425]	0.8331026	[12186.458..12186.458]
Group-1	PC 36:3:0	279.23	20180509_PC_brain_01.mzXML	25.0	11948.7	0.0	0.0	[9.0..9.0]	[0.0..0.0]	[0.867..0.867]	[10359.522..10359.522]	[0.479..0.479]	[0.45..0.48]	[0.867..0.867]	[10359.522..10359.522]	[0.479..0.479]	[0.448..0.484]	0.8331026	[8630.546..8630.546]
Group-1	PC 36:3:0	279.23	20180509_PC_brain_01.mzXML	30.0	13109.9	0.0	0.0	[9.0..9.0]	[0.0..0.0]	[0.884..0.884]	[11589.152..11589.152]	[0.489..0.489]	[0.45..0.48]	[0.884..0.884]	[11589.152..11589.152]	[0.489..0.489]	[0.448..0.484]	0.8331026	[9654.952..9654.952]
Group-1	PC 36:3:0	279.23	20180509_PC_brain_01.mzXML	35.0	10296.9	0.0	0.0	[9.0..9.0]	[0.0..0.0]	[0.951..0.951]	[9792.352..9792.352]	[0.494..0.494]	[0.45..0.48]	[0.951..0.951]	[9792.352..9792.352]	[0.494..0.494]	[0.448..0.484]	0.8331026	[8158.0337..8158.0337]
Group-1	PC 36:3:0	281.25	20180509_PC_brain_01.mzXML	25.0	11674.6	0.0	0.0	[9.0..9.0]	[1.0..1.0]	[0.964..0.964]	[11254.313..11254.313]	[0.521..0.521]	[0.52..0.55]	[0.964..0.964]	[11254.313..11254.313]	[0.521..0.521]	[0.516..0.552]	0.8331026	[9375.997..9375.997]
Group-1	PC 36:3:0	281.25	20180509_PC_brain_01.mzXML	30.0	13076.9	0.0	0.0	[9.0..9.0]	[1.0..1.0]	[0.926..0.926]	[12109.21..12109.21]	[0.511..0.511]	[0.52..0.55]	[0.926..0.926]	[12109.21..12109.21]	[0.511..0.511]	[0.516..0.552]	0.8331026	[10088.214..10088.214]
Group-1	PC 36:3:0	281.25	20180509_PC_brain_01.mzXML	35.0	11002.6	0.0	0.0	[9.0..9.0]	[1.0..1.0]	[0.913..0.913]	[10045.373..10045.373]	[0.506..0.506]	[0.52..0.55]	[0.913..0.913]	[10045.373..10045.373]	[0.506..0.506]	[0.516..0.552]	0.8331026	[8368.826..8368.826]
Group-1	PC 36:3:0	305.25	20180509_PC_brain_01.mzXML	25.0	19318.4	0.0	0.0	[5.0..11.0]	[0.0..1.0]	[0.903..1.028]	[17444.516..19859.316]	[0.535..0.567]	[0.57..0.81]	[0.824..0.921]	[15918.362..17792.246]	[0.512..0.54]	[0.575..0.807]	0.8331026	[14533.07..16544.848]
Group-1	PC 36:3:0	305.25	20180509_PC_brain_01.mzXML	30.0	20352.6	0.0	0.0	[5.0..11.0]	[0.0..1.0]	[0.927..1.213]	[18866.86..24687.705]	[0.542..0.607]	[0.57..0.81]	[0.9..1.14]	[18317.34..23201.963]	[0.535..0.593]	[0.575..0.807]	0.8331026	[15718.029..20567.39]
Group-1	PC 36:3:0	305.25	20180509_PC_brain_01.mzXML	35.0	14870.2	0.0	0.0	[5.0..11.0]	[1.0..1.0]	[1.1..1.574]	[16357.221..23405.695]	[0.528..0.615]	[0.57..0.81]	[1.049..1.531]	[15598.841..22766.277]	[0.516..0.609]	[0.575..0.807]	0.8331026	[13627.243..19499.346]
Group-1	PC 36:4:0	255.23	20180509_PC_brain_01.mzXML	25.0	54169.5	0.0	0.0	[0.0..0.0]	[0.0..0.0]	[1.0..1.0]	[54169.5..54169.5]	[0.245..0.247]	[0.0..0.0]	[1.0..1.0]	[54169.5..54169.5]	[0.245..0.247]	[0.0..0.0]	0.8348496	[45223.387..45223.387]
Group-1	PC 36:4:0	255.23	20180509_PC_brain_01.mzXML	30.0	61072.9	0.0	0.0	[0.0..0.0]	[0.0..0.0]	[1.0..1.0]	[61072.9..61072.9]	[0.262..0.266]	[0.0..0.0]	[1.0..1.0]	[61072.9..61072.9]	[0.262..0.266]	[0.0..0.0]	0.8348496	[50986.684..50986.684]
Group-1	PC 36:4:0	255.23	20180509_PC_brain_01.mzXML	35.0	60269.4	0.0	0.0	[0.0..0.0]	[0.0..0.0]	[1.0..1.0]	[60269.4..60269.4]	[0.269..0.275]	[0.0..0.0]	[1.0..1.0]	[60269.4..60269.4]	[0.269..0.275]	[0.0..0.0]	0.8348496	[50315.883..50315.883]
Group-1	PC 36:4:0	279.23	20180509_PC_brain_01.mzXML	25.0	420.7	0.0	0.0	[9.0..9.0]	[0.5..0.5]	[0.916..0.916]	[385.361..385.361]	[0.5..0.5]	[0.5..0.5]	[0.916..0.916]	[385.3612..385.3612]	[0.5..0.5]	[0.5..0.5]	0.8348496	[321.71863..321.71863]
Group-1	PC 36:4:0	279.23	20180509_PC_brain_01.mzXML	30.0	552.3	0.0	0.0	[9.0..9.0]	[0.5..0.5]	[0.945..0.945]	[521.923..521.923]	[0.5..0.5]	[0.5..0.5]	[0.945..0.945]	[521.92346..521.92346]	[0.5..0.5]	[0.5..0.5]	0.8348496	[435.72763..435.72763]
Group-1	PC 36:4:0	279.23	20180509_PC_brain_01.mzXML	35.0	582.6	0.0	0.0	[9.0..9.0]	[0.5..0.5]	[1.005..1.005]	[585.513..585.513]	[0.5..0.5]	[0.5..0.5]	[1.005..1.005]	[585.513..585.513]	[0.5..0.5]	[0.5..0.5]	0.8348496	[488.81528..488.81528]
Group-1	PC 36:4:0	303.23	20180509_PC_brain_01.mzXML	25.0	138970.3	6877.4	0.049488273	[5.3..5.3]	[1.0..1.0]	[1.19..1.198]	[165374.66..166486.4]	[0.753..0.755]	[1.0..1.0]	[1.19..1.198]	[165374.66..166486.4]	[0.753..0.755]	[1.0..1.0]	0.8348496	[138062.97..138991.11]
Group-1	PC 36:4:0	303.23	20180509_PC_brain_01.mzXML	30.0	103918.2	8871.3	0.085368104	[5.0..5.1]	[1.0..1.0]	[1.624..1.656]	[168763.16..172088.55]	[0.734..0.738]	[1.0..1.0]	[1.624..1.656]	[168763.16..172088.55]	[0.734..0.738]	[1.0..1.0]	0.8348496	[140891.86..143668.05]
Group-1	PC 36:4:0	303.23	20180509_PC_brain_01.mzXML	35.0	62850.6	7496.0	0.11926696	[5.0..5.1]	[1.0..1.0]	[2.522..2.6]	[158509.22..163411.56]	[0.725..0.731]	[1.0..1.0]	[2.522..2.6]	[158509.22..163411.56]	[0.725..0.731]	[1.0..1.0]	0.8348496	[132331.36..136424.08]
Group-1	PC 38:1:0	255.23	20180509_PC_brain_01.mzXML	25.0	2555.4	0.0	0.0	[0.0..0.0]	[0.0..0.0]	[1.0..1.0]	[2555.4..2555.4]	[0.408..0.408]	[0.17..0.34]	[1.0..1.0]	[2555.4..2555.4]	[0.408..0.408]	[0.171..0.344]	0.80639756	[2060.6682..2060.6682]
Group-1	PC 38:1:0	255.23	20180509_PC_brain_01.mzXML	30.0	3536.6	0.0	0.0	[0.0..0.0]	[0.0..0.0]	[1.0..1.0]	[3536.6..3536.6]	[0.44..0.44]	[0.17..0.34]	[1.0..1.0]	[3536.6..3536.6]	[0.44..0.44]	[0.171..0.344]	0.80639756	[2851.9058..2851.9058]
Group-1	PC 38:1:0	255.23	20180509_PC_brain_01.mzXML	35.0	2517.4	0.0	0.0	[0.0..0.0]	[0.0..0.0]	[1.0..1.0]	[2517.4..2517.4]	[0.377..0.377]	[0.17..0.34]	[1.0..1.0]	[2517.4..2517.4]	[0.377..0.377]	[0.171..0.344]	0.80639756	[2030.0251..2030.0251]
Group-1	PC 38:1:0	281.25	20180509_PC_brain_01.mzXML	25.0	6278.0	0.0	0.0	[9.0..9.0]	[0.0..1.0]	[0.87..0.964]	[5461.86..6051.992]	[0.648..0.66]	[0.87..0.95]	[0.952..0.959]	[5976.6562..6020.602]	[0.668..0.669]	[0.868..0.946]	0.80639756	[4404.4307..4880.3115]
Group-1	PC 38:1:0	281.25	20180509_PC_brain_01.mzXML	30.0	6697.1	0.0	0.0	[9.0..9.0]	[0.0..1.0]	[0.856..0.926]	[5732.718..6201.515]	[0.66..0.67]	[0.87..0.95]	[0.917..0.923]	[6141.2407..6181.4233]	[0.675..0.676]	[0.868..0.946]	0.80639756	[4622.8496..5000.8867]
Group-1	PC 38:1:0	281.25	20180509_PC_brain_01.mzXML	35.0	7270.2	0.0	0.0	[9.0..9.0]	[0.0..1.0]	[0.868..0.913]	[6310.534..6637.693]	[0.661..0.667]	[0.87..0.95]	[0.907..0.911]	[6594.072..6623.1523]	[0.671..0.671]	[0.868..0.946]	0.80639756	[5088.799..5352.619]
Group-1	PC 38:1:0	283.26	20180509_PC_brain_01.mzXML	25.0	9000.2	0.0	0.0	[0.0..0.0]	[0.0..0.0]	[0.968..0.968]	[8712.193..8712.193]	[0.234..0.234]	[0.0..0.0]	[0.968..0.968]	[8712.193..8712.193]	[0.234..0.234]	[0.0..0.0]	0.80639756	[7025.4917..7025.4917]
Group-1	PC 38:1:0	283.26	20180509_PC_brain_01.mzXML	30.0	11381.8	0.0	0.0	[0.0..0.0]	[0.0..0.0]	[0.946..0.946]	[10767.183..10767.183]	[0.27..0.27]	[0.0..0.0]	[0.946..0.946]	[10767.183..10767.183]	[0.27..0.27]	[0.0..0.0]	0.80639756	[8682.63..8682.63]
Group-1	PC 38:1:0	283.26	20180509_PC_brain_01.mzXML	35.0	11622.0	0.0	0.0	[0.0..0.0]	[0.0..0.0]	[0.937..0.937]	[10889.813..10889.813]	[0.285..0.285]	[0.0..0.0]	[0.937..0.937]	[10889.813..10889.813]	[0.285..0.285]	[0.0..0.0]	0.80639756	[8781.519..8781.519]
Group-1	PC 38:1:0	309.28	20180509_PC_brain_01.mzXML	25.0	29556.2	0.0	0.0	[11.0..11.0]	[1.0..1.0]	[0.964..0.964]	[28492.176..28492.176]	[0.766..0.766]	[1.0..1.0]	[0.964..0.964]	[28492.176..28492.176]	[0.766..0.766]	[1.0..1.0]	0.80639756	[22976.021..22976.021]
Group-1	PC 38:1:0	309.28	20180509_PC_brain_01.mzXML	30.0	32629.9	0.0	0.0	[11.0..11.0]	[1.0..1.0]	[0.894..0.894]	[29171.13..29171.13]	[0.73..0.73]	[1.0..1.0]	[0.894..0.894]	[29171.13..29171.13]	[0.73..0.73]	[1.0..1.0]	0.80639756	[23523.53..23523.53]
Group-1	PC 38:1:0	309.28	20180509_PC_brain_01.mzXML	35.0	31733.2	0.0	0.0	[11.0..11.0]	[1.0..1.0]	[0.861..0.861]	[27322.285..27322.285]	[0.715..0.715]	[1.0..1.0]	[0.861..0.861]	[27322.285..27322.285]	[0.715..0.715]	[1.0..1.0]	0.80639756	[22032.623..22032.623]
Group-1	PC 38:1:0	311.29	20180509_PC_brain_01.mzXML	25.0	3136.0	0.0	0.0	[0.0..0.0]	[0.0..1.0]	[0.946..0.995]	[2966.656..3120.32]	[0.34..0.352]	[0.05..0.13]	[0.948..0.952]	[2972.928..2985.4722]	[0.331..0.332]	[0.054..0.132]	0.80639756	[2392.3042..2516.2185]
Group-1	PC 38:1:0	311.29	20180509_PC_brain_01.mzXML	30.0	3265.7	0.0	0.0	[0.0..0.0]	[0.0..1.0]	[0.903..0.934]	[2948.927..3050.164]	[0.33..0.34]	[0.05..0.13]	[0.905..0.907]	[2955.4583..2961.99]	[0.324..0.325]	[0.054..0.132]	0.80639756	[2378.0076..2459.6445]
Group-1	PC 38:1:0	311.29	20180509_PC_brain_01.mzXML	35.0	3642.8	0.0	0.0	[0.0..0.0]	[0.0..1.0]	[0.887..0.908]	[3231.164..3307.662]	[0.333..0.339]	[0.05..0.13]	[0.888..0.89]	[3234.8064..3242.092]	[0.329..0.329]	[0.054..0.132]	0.80639756	[2605.6025..2667.291]
Group-1	PC 38:1:0	337.31	20180509_PC_brain_01.mzXML	25.0	3897.7	0.0	0.0	[13.0..13.0]	[1.0..1.0]	[0.953..0.953]	[3714.508..3714.508]	[0.592..0.592]	[0.66..0.83]	[0.953..0.953]	[3714.508..3714.508]	[0.592..0.592]	[0.656..0.829]	0.80639756	[2995.37..2995.37]
Group-1	PC 38:1:0	337.31	20180509_PC_brain_01.mzXML	30.0	5254.8	0.0	0.0	[13.0..13.0]	[1.0..1.0]	[0.858..0.858]	[4508.618..4508.618]	[0.56..0.56]	[0.66..0.83]	[0.858..0.858]	[4508.618..4508.618]	[0.56..0.56]	[0.656..0.829]	0.80639756	[3635.7385..3635.7385]
Group-1	PC 38:1:0	337.31	20180509_PC_brain_01.mzXML	35.0	5128.8	0.0	0.0	[13.0..13.0]	[1.0..1.0]	[0.812..0.812]	[4164.586..4164.586]	[0.623..0.623]	[0.66..0.83]	[0.812..0.812]	[4164.5854..4164.5854]	[0.623..0.623]	[0.656..0.829]	0.80639756	[3358.3113..3358.3113]
Group-1	PC 38:2:0	253.22	20180509_PC_brain_01.mzXML	25.0	0.0	0.0	0.0	[9.0..9.0]	[0.0..1.0]	[0.902..0.981]	[0.0..0.0]	[0.0..0.0]	[0.0..0.1]	[0.902..0.91]	[0.0..0.0]	[0.0..0.0]	[0.0..0.103]	0.8080254	[0.0..0.0]
Group-1	PC 38:2:0	253.22	20180509_PC_brain_01.mzXML	30.0	385.0	0.0	0.0	[9.0..9.0]	[1.0..1.0]	[0.97..0.97]	[373.45..373.45]	[0.347..0.347]	[0.0..0.1]	[0.97..0.97]	[373.45..373.45]	[0.347..0.347]	[0.0..0.103]	0.8080254	[301.7571..301.7571]
Group-1	PC 38:2:0	253.22	20180509_PC_brain_01.mzXML	35.0	296.3	0.0	0.0	[9.0..9.0]	[0.0..0.0]	[0.935..0.935]	[277.041..277.041]	[0.292..0.292]	[0.0..0.1]	[0.935..0.935]	[277.0405..277.0405]	[0.292..0.292]	[0.0..0.103]	0.8080254	[223.85576..223.85576]
Group-1	PC 38:2:0	255.23	20180509_PC_brain_01.mzXML	25.0	1327.6	0.0	0.0	[0.0..0.0]	[0.0..1.0]	[1.0..1.0]	[1327.6..1327.6]	[0.386..0.415]	[0.22..0.5]	[1.0..1.0]	[1327.6..1327.6]	[0.392..0.4]	[0.216..0.497]	0.8080254	[1072.7345..1072.7345]
Group-1	PC 38:2:0	255.23	20180509_PC_brain_01.mzXML	30.0	1699.9	0.0	0.0	[0.0..0.0]	[1.0..1.0]	[1.0..1.0]	[1699.9..1699.9]	[0.499..0.499]	[0.22..0.5]	[1.0..1.0]	[1699.9..1699.9]	[0.499..0.499]	[0.216..0.497]	0.8080254	[1373.5624..1373.5624]
Group-1	PC 38:2:0	255.23	20180509_PC_brain_01.mzXML	35.0	1750.9	0.0	0.0	[0.0..0.0]	[0.0..0.0]	[1.0..1.0]	[1750.9..1750.9]	[0.485..0.485]	[0.22..0.5]	[1.0..1.0]	[1750.9..1750.9]	[0.485..0.485]	[0.216..0.497]	0.8080254	[1414.7717..1414.7717]
Group-1	PC 38:2:0	281.25	20180509_PC_brain_01.mzXML	25.0	24702.4	0.0	0.0	[9.0..9.0]	[0.0..0.0]	[0.87..0.87]	[21491.088..21491.088]	[0.591..0.591]	[0.73..0.77]	[0.87..0.87]	[21491.088..21491.088]	[0.591..0.591]	[0.726..0.77]	0.8080254	[17365.346..17365.346]
Group-1	PC 38:2:0	281.25	20180509_PC_brain_01.mzXML	30.0	28202.7	0.0	0.0	[9.0..9.0]	[0.0..0.0]	[0.856..0.856]	[24141.51..24141.51]	[0.604..0.604]	[0.73..0.77]	[0.856..0.856]	[24141.51..24141.51]	[0.604..0.604]	[0.726..0.77]	0.8080254	[19506.955..19506.955]
Group-1	PC 38:2:0	281.25	20180509_PC_brain_01.mzXML	35.0	25050.3	0.0	0.0	[9.0..9.0]	[0.0..0.0]	[0.868..0.868]	[21743.66..21743.66]	[0.592..0.592]	[0.73..0.77]	[0.868..0.868]	[21743.66..21743.66]	[0.592..0.592]	[0.726..0.77]	0.8080254	[17569.43..17569.43]
Group-1	PC 38:2:0	283.26	20180509_PC_brain_01.mzXML	25.0	2481.8	0.0	0.0	[0.0..0.0]	[0.0..0.0]	[0.968..0.968]	[2402.382..2402.382]	[0.245..0.245]	[0.0..0.0]	[0.968..0.968]	[2402.3823..2402.3823]	[0.245..0.245]	[0.0..0.0]	0.8080254	[1941.186..1941.186]
Group-1	PC 38:2:0	283.26	20180509_PC_brain_01.mzXML	30.0	3344.7	0.0	0.0	[0.0..0.0]	[0.0..0.0]	[0.946..0.946]	[3164.086..3164.086]	[0.262..0.262]	[0.0..0.0]	[0.946..0.946]	[3164.0862..3164.0862]	[0.262..0.262]	[0.0..0.0]	0.8080254	[2556.6619..2556.6619]
Group-1	PC 38:2:0	283.26	20180509_PC_brain_01.mzXML	35.0	3215.2	0.0	0.0	[0.0..0.0]	[0.0..0.0]	[0.937..0.937]	[3012.642..3012.642]	[0.265..0.265]	[0.0..0.0]	[0.937..0.937]	[3012.6423..3012.6423]	[0.265..0.265]	[0.0..0.0]	0.8080254	[2434.2915..2434.2915]
Group-1	PC 38:2:0	307.26	20180509_PC_brain_01.mzXML	25.0	7802.1	0.0	0.0	[11.0..11.0]	[1.0..1.0]	[0.951..0.951]	[7419.797..7419.797]	[0.755..0.755]	[1.0..1.0]	[0.951..0.951]	[7419.797..7419.797]	[0.755..0.755]	[1.0..1.0]	0.8080254	[5995.385..5995.385]
Group-1	PC 38:2:0	307.26	20180509_PC_brain_01.mzXML	30.0	9928.4	0.0	0.0	[11.0..11.0]	[1.0..1.0]	[0.9..0.9]	[8935.561..8935.561]	[0.738..0.738]	[1.0..1.0]	[0.9..0.9]	[8935.561..8935.561]	[0.738..0.738]	[1.0..1.0]	0.8080254	[7220.1597..7220.1597]
Group-1	PC 38:2:0	307.26	20180509_PC_brain_01.mzXML	35.0	9206.8	0.0	0.0	[11.0..11.0]	[1.0..1.0]	[0.906..0.906]	[8341.361..8341.361]	[0.735..0.735]	[1.0..1.0]	[0.906..0.906]	[8341.36..8341.36]	[0.735..0.735]	[1.0..1.0]	0.8080254	[6740.0312..6740.0312]
Group-1	PC 38:2:0	309.28	20180509_PC_brain_01.mzXML	25.0	15396.8	0.0	0.0	[11.0..11.0]	[1.0..1.0]	[0.964..0.964]	[14842.515..14842.515]	[0.409..0.409]	[0.23..0.27]	[0.964..0.964]	[14842.515..14842.515]	[0.409..0.409]	[0.23..0.274]	0.8080254	[11993.13..11993.13]
Group-1	PC 38:2:0	309.28	20180509_PC_brain_01.mzXML	30.0	17725.0	0.0	0.0	[11.0..11.0]	[1.0..1.0]	[0.894..0.894]	[15846.149..15846.149]	[0.396..0.396]	[0.23..0.27]	[0.894..0.894]	[15846.149..15846.149]	[0.396..0.396]	[0.23..0.274]	0.8080254	[12804.092..12804.092]
Group-1	PC 38:2:0	309.28	20180509_PC_brain_01.mzXML	35.0	17398.3	0.0	0.0	[11.0..11.0]	[1.0..1.0]	[0.861..0.861]	[14979.937..14979.937]	[0.408..0.408]	[0.23..0.27]	[0.861..0.861]	[14979.937..14979.937]	[0.408..0.408]	[0.23..0.274]	0.8080254	[12104.17..12104.17]
Group-1	PC 38:2:0	335.29	20180509_PC_brain_01.mzXML	25.0	2231.7	0.0	0.0	[13.0..13.0]	[0.0..1.0]	[0.84..0.946]	[1874.628..2111.188]	[0.585..0.614]	[0.5..0.78]	[0.893..0.923]	[1992.9081..2059.859]	[0.6..0.608]	[0.503..0.784]	0.8080254	[1514.747..1705.8937]
Group-1	PC 38:2:0	335.29	20180509_PC_brain_01.mzXML	30.0	2171.4	0.0	0.0	[13.0..13.0]	[0.0..0.0]	[0.785..0.785]	[1704.549..1704.549]	[0.501..0.501]	[0.5..0.78]	[0.785..0.785]	[1704.549..1704.549]	[0.501..0.501]	[0.503..0.784]	0.8080254	[1377.3188..1377.3188]
Group-1	PC 38:2:0	335.29	20180509_PC_brain_01.mzXML	35.0	2207.4	0.0	0.0	[13.0..13.0]	[1.0..1.0]	[0.843..0.843]	[1860.838..1860.838]	[0.515..0.515]	[0.5..0.78]	[0.843..0.843]	[1860.8381..1860.8381]	[0.515..0.515]	[0.503..0.784]	0.8080254	[1503.6045..1503.6045]
Group-1	PC 38:2:0	337.31	20180509_PC_brain_01.mzXML	25.0	974.5	0.0	0.0	[13.0..13.0]	[0.0..1.0]	[0.851..0.953]	[829.3..928.699]	[1.0..1.0]	[0.9..1.0]	[0.943..0.953]	[918.9535..928.6985]	[1.0..1.0]	[0.897..1.0]	0.8080254	[670.0951..750.412]
Group-1	PC 38:2:0	337.31	20180509_PC_brain_01.mzXML	30.0	893.4	0.0	0.0	[13.0..13.0]	[0.0..0.0]	[0.785..0.785]	[701.319..701.319]	[0.653..0.653]	[0.9..1.0]	[0.785..0.785]	[701.31903..701.31903]	[0.653..0.653]	[0.897..1.0]	0.8080254	[566.68365..566.68365]
Group-1	PC 38:2:0	337.31	20180509_PC_brain_01.mzXML	35.0	827.4	0.0	0.0	[13.0..13.0]	[1.0..1.0]	[0.812..0.812]	[671.849..671.849]	[0.708..0.708]	[0.9..1.0]	[0.812..0.812]	[671.8488..671.8488]	[0.708..0.708]	[0.897..1.0]	0.8080254	[542.8709..542.8709]
Group-1	PC 38:3:0	255.23	20180509_PC_brain_01.mzXML	25.0	1654.8	0.0	0.0	[0.0..0.0]	[0.0..0.0]	[1.0..1.0]	[1654.8..1654.8]	[0.396..0.396]	[0.21..0.44]	[1.0..1.0]	[1654.8..1654.8]	[0.396..0.396]	[0.209..0.444]	0.80966043	[1339.8262..1339.8262]
Group-1	PC 38:3:0	255.23	20180509_PC_brain_01.mzXML	30.0	1975.8	0.0	0.0	[0.0..0.0]	[0.0..0.0]	[1.0..1.0]	[1975.8..1975.8]	[0.388..0.388]	[0.21..0.44]	[1.0..1.0]	[1975.8..1975.8]	[0.388..0.388]	[0.209..0.444]	0.80966043	[1599.7272..1599.7272]
Group-1	PC 38:3:0	255.23	20180509_PC_brain_01.mzXML	35.0	1907.5	0.0	0.0	[0.0..0.0]	[0.0..0.0]	[1.0..1.0]	[1907.5..1907.5]	[0.479..0.479]	[0.21..0.44]	[1.0..1.0]	[1907.5..1907.5]	[0.479..0.479]	[0.209..0.444]	0.80966043	[1544.4272..1544.4272]
Group-1	PC 38:3:0	279.23	20180509_PC_brain_01.mzXML	25.0	748.9	0.0	0.0	[9.0..9.0]	[0.0..1.0]	[0.867..0.956]	[649.296..715.948]	[0.655..0.658]	[0.89..1.0]	[0.946..0.956]	[708.4594..715.9484]	[0.677..0.677]	[0.886..1.0]	0.80966043	[525.70953..579.6751]
Group-1	PC 38:3:0	279.23	20180509_PC_brain_01.mzXML	30.0	796.3	0.0	0.0	[9.0..9.0]	[1.0..1.0]	[0.952..0.952]	[758.078..758.078]	[0.719..0.719]	[0.89..1.0]	[0.952..0.952]	[758.0776..758.0776]	[0.719..0.719]	[0.886..1.0]	0.80966043	[613.78546..613.78546]
Group-1	PC 38:3:0	279.23	20180509_PC_brain_01.mzXML	35.0	1038.5	0.0	0.0	[9.0..9.0]	[0.0..0.0]	[0.951..0.951]	[987.613..987.613]	[0.77..0.77]	[0.89..1.0]	[0.951..0.951]	[987.61346..987.61346]	[0.77..0.77]	[0.886..1.0]	0.80966043	[799.63153..799.63153]
Group-1	PC 38:3:0	281.25	20180509_PC_brain_01.mzXML	25.0	3957.8	0.0	0.0	[9.0..9.0]	[0.0..0.0]	[0.87..0.87]	[3443.286..3443.286]	[0.596..0.596]	[0.74..0.9]	[0.87..0.87]	[3443.2861..3443.2861]	[0.596..0.596]	[0.739..0.902]	0.80966043	[2787.8926..2787.8926]
Group-1	PC 38:3:0	281.25	20180509_PC_brain_01.mzXML	30.0	5113.9	0.0	0.0	[9.0..9.0]	[1.0..1.0]	[0.926..0.926]	[4735.471..4735.471]	[0.655..0.655]	[0.74..0.9]	[0.926..0.926]	[4735.471..4735.471]	[0.655..0.655]	[0.739..0.902]	0.80966043	[3834.1238..3834.1238]
Group-1	PC 38:3:0	281.25	20180509_PC_brain_01.mzXML	35.0	4827.9	0.0	0.0	[9.0..9.0]	[0.0..1.0]	[0.868..0.913]	[4190.617..4407.873]	[0.599..0.601]	[0.74..0.9]	[0.901..0.908]	[4349.938..4383.733]	[0.607..0.608]	[0.739..0.902]	0.80966043	[3392.9768..3568.88]
Group-1	PC 38:3:0	283.26	20180509_PC_brain_01.mzXML	25.0	4940.9	0.0	0.0	[0.0..0.0]	[0.0..1.0]	[0.968..0.988]	[4782.791..4881.609]	[0.228..0.248]	[0.0..0.0]	[0.968..0.968]	[4782.791..4782.791]	[0.224..0.229]	[0.0..0.0]	0.80966043	[3872.4368..3952.4456]
Group-1	PC 38:3:0	283.26	20180509_PC_brain_01.mzXML	30.0	6725.5	0.0	0.0	[0.0..0.0]	[0.0..1.0]	[0.946..0.958]	[6362.323..6443.029]	[0.23..0.279]	[0.0..0.0]	[0.946..0.946]	[6362.3228..6362.3228]	[0.228..0.263]	[0.0..0.0]	0.80966043	[5151.321..5216.6655]
Group-1	PC 38:3:0	283.26	20180509_PC_brain_01.mzXML	35.0	5777.8	0.0	0.0	[0.0..0.0]	[0.0..0.0]	[0.937..0.937]	[5413.799..5413.799]	[0.194..0.256]	[0.0..0.0]	[0.937..0.937]	[5413.7983..5413.7983]	[0.194..0.256]	[0.0..0.0]	0.80966043	[4383.338..4383.338]
Group-1	PC 38:3:0	305.25	20180509_PC_brain_01.mzXML	25.0	16095.0	0.0	0.0	[5.0..11.0]	[0.0..1.0]	[0.903..1.028]	[14533.785..16545.66]	[0.752..0.772]	[1.0..1.0]	[1.001..1.028]	[16111.096..16545.66]	[0.771..0.776]	[1.0..1.0]	0.80966043	[11767.431..13396.366]
Group-1	PC 38:3:0	305.25	20180509_PC_brain_01.mzXML	30.0	17745.1	0.0	0.0	[5.0..11.0]	[0.0..1.0]	[0.927..1.213]	[16449.707..21524.807]	[0.721..0.77]	[1.0..1.0]	[1.003..1.213]	[17798.336..21524.807]	[0.737..0.772]	[1.0..1.0]	0.80966043	[13318.677..17427.785]
Group-1	PC 38:3:0	305.25	20180509_PC_brain_01.mzXML	35.0	14302.6	0.0	0.0	[5.0..11.0]	[1.0..1.0]	[1.1..1.574]	[15732.86..22512.293]	[0.744..0.806]	[1.0..1.0]	[1.1..1.574]	[15732.86..22512.291]	[0.744..0.806]	[1.0..1.0]	0.80966043	[12738.274..18227.312]
Group-1	PC 38:3:0	307.26	20180509_PC_brain_01.mzXML	25.0	2459.2	0.0	0.0	[11.0..11.0]	[1.0..1.0]	[0.951..0.951]	[2338.699..2338.699]	[0.404..0.404]	[0.1..0.26]	[0.951..0.951]	[2338.699..2338.699]	[0.404..0.404]	[0.098..0.261]	0.80966043	[1893.5521..1893.5521]
Group-1	PC 38:3:0	307.26	20180509_PC_brain_01.mzXML	30.0	3020.6	0.0	0.0	[11.0..11.0]	[0.0..0.0]	[0.826..0.826]	[2495.016..2495.016]	[0.345..0.345]	[0.1..0.26]	[0.826..0.826]	[2495.0156..2495.0156]	[0.345..0.345]	[0.098..0.261]	0.80966043	[2020.1155..2020.1155]
Group-1	PC 38:3:0	307.26	20180509_PC_brain_01.mzXML	35.0	3263.6	0.0	0.0	[11.0..11.0]	[0.0..1.0]	[0.854..0.906]	[2787.115..2956.822]	[0.399..0.401]	[0.1..0.26]	[0.859..0.868]	[2803.4326..2832.8047]	[0.392..0.393]	[0.098..0.261]	0.80966043	[2256.6162..2394.0217]
Group-1	PC 38:3:0	309.28	20180509_PC_brain_01.mzXML	25.0	390.8	0.0	0.0	[11.0..11.0]	[0.0..1.0]	[0.865..0.964]	[338.042..376.731]	[0.342..0.345]	[0.0..0.11]	[0.865..0.876]	[338.042..342.3408]	[0.323..0.323]	[0.0..0.114]	0.80966043	[273.69922..305.02432]
Group-1	PC 38:3:0	309.28	20180509_PC_brain_01.mzXML	30.0	360.7	0.0	0.0	[11.0..11.0]	[0.0..0.0]	[0.822..0.822]	[296.495..296.495]	[0.281..0.281]	[0.0..0.11]	[0.822..0.822]	[296.49542..296.49542]	[0.281..0.281]	[0.0..0.114]	0.80966043	[240.06061..240.06061]
Group-1	PC 38:3:0	309.28	20180509_PC_brain_01.mzXML	35.0	342.2	0.0	0.0	[11.0..11.0]	[1.0..1.0]	[0.861..0.861]	[294.634..294.634]	[0.23..0.23]	[0.0..0.11]	[0.861..0.861]	[294.63422..294.63422]	[0.23..0.23]	[0.0..0.114]	0.80966043	[238.55365..238.55365]
Group-1	PC 38:3:0	333.28	20180509_PC_brain_01.mzXML	25.0	2548.6	0.0	0.0	[13.0..13.0]	[1.0..1.0]	[0.989..0.989]	[2520.566..2520.566]	[0.604..0.604]	[0.56..0.79]	[0.989..0.989]	[2520.5657..2520.5657]	[0.604..0.604]	[0.556..0.791]	0.80966043	[2040.8022..2040.8022]
Group-1	PC 38:3:0	333.28	20180509_PC_brain_01.mzXML	30.0	3300.2	0.0	0.0	[13.0..13.0]	[1.0..1.0]	[0.943..0.943]	[3112.089..3112.089]	[0.612..0.612]	[0.56..0.79]	[0.943..0.943]	[3112.0886..3112.0886]	[0.612..0.612]	[0.556..0.791]	0.80966043	[2519.7349..2519.7349]
Group-1	PC 38:3:0	333.28	20180509_PC_brain_01.mzXML	35.0	2084.1	0.0	0.0	[13.0..13.0]	[1.0..1.0]	[0.994..0.994]	[2071.596..2071.596]	[0.521..0.521]	[0.56..0.79]	[0.994..0.994]	[2071.5955..2071.5955]	[0.521..0.521]	[0.556..0.791]	0.80966043	[1677.289..1677.289]
Group-1	PC 38:4:0	255.23	20180509_PC_brain_01.mzXML	25.0	13608.7	0.0	0.0	[0.0..0.0]	[0.0..1.0]	[1.0..1.0]	[13608.7..13608.7]	[0.306..0.333]	[0.0..0.15]	[1.0..1.0]	[13608.7..13608.7]	[0.306..0.33]	[0.0..0.152]	0.81129444	[11040.663..11040.663]
Group-1	PC 38:4:0	255.23	20180509_PC_brain_01.mzXML	30.0	16581.9	0.0	0.0	[0.0..0.0]	[0.0..1.0]	[1.0..1.0]	[16581.9..16581.9]	[0.323..0.366]	[0.0..0.15]	[1.0..1.0]	[16581.9..16581.9]	[0.323..0.361]	[0.0..0.152]	0.81129444	[13452.804..13452.804]
Group-1	PC 38:4:0	255.23	20180509_PC_brain_01.mzXML	35.0	15736.7	0.0	0.0	[0.0..0.0]	[0.0..0.0]	[1.0..1.0]	[15736.7..15736.7]	[0.309..0.36]	[0.0..0.15]	[1.0..1.0]	[15736.7..15736.7]	[0.309..0.364]	[0.0..0.152]	0.81129444	[12767.098..12767.098]
Group-1	PC 38:4:0	281.25	20180509_PC_brain_01.mzXML	25.0	2919.1	0.0	0.0	[9.0..9.0]	[0.0..1.0]	[0.87..0.964]	[2539.617..2814.013]	[0.438..0.444]	[0.02..0.41]	[0.872..0.909]	[2545.4553..2653.462]	[0.426..0.466]	[0.024..0.412]	0.81129444	[2060.3772..2282.9927]
Group-1	PC 38:4:0	281.25	20180509_PC_brain_01.mzXML	30.0	3429.5	0.0	0.0	[9.0..9.0]	[0.0..1.0]	[0.856..0.926]	[2935.652..3175.717]	[0.419..0.466]	[0.02..0.41]	[0.857..0.885]	[2939.0815..3035.1074]	[0.41..0.473]	[0.024..0.412]	0.81129444	[2381.6782..2576.4414]
Group-1	PC 38:4:0	281.25	20180509_PC_brain_01.mzXML	35.0	2787.7	0.0	0.0	[9.0..9.0]	[0.0..0.0]	[0.868..0.868]	[2419.724..2419.724]	[0.322..0.404]	[0.02..0.41]	[0.868..0.868]	[2419.7234..2419.7234]	[0.322..0.415]	[0.024..0.412]	0.81129444	[1963.1083..1963.1083]
Group-1	PC 38:4:0	283.26	20180509_PC_brain_01.mzXML	25.0	47667.3	0.0	0.0	[0.0..0.0]	[0.0..0.0]	[0.968..0.968]	[46141.945..46141.945]	[0.221..0.222]	[0.0..0.0]	[0.968..0.968]	[46141.945..46141.945]	[0.221..0.222]	[0.0..0.0]	0.81129444	[37434.703..37434.703]
Group-1	PC 38:4:0	283.26	20180509_PC_brain_01.mzXML	30.0	58273.6	0.0	0.0	[0.0..0.0]	[0.0..0.0]	[0.946..0.946]	[55126.824..55126.824]	[0.227..0.23]	[0.0..0.0]	[0.946..0.946]	[55126.824..55126.824]	[0.227..0.23]	[0.0..0.0]	0.81129444	[44724.086..44724.086]
Group-1	PC 38:4:0	283.26	20180509_PC_brain_01.mzXML	35.0	62895.9	0.0	0.0	[0.0..0.0]	[0.0..0.0]	[0.937..0.937]	[58933.457..58933.457]	[0.258..0.264]	[0.0..0.0]	[0.937..0.937]	[58933.457..58933.457]	[0.258..0.264]	[0.0..0.0]	0.81129444	[47812.387..47812.387]
Group-1	PC 38:4:0	303.23	20180509_PC_brain_01.mzXML	25.0	135889.7	6783.4	0.049918424	[5.2..5.2]	[1.0..1.0]	[1.19..1.198]	[161708.75..162795.86]	[0.778..0.779]	[1.0..1.0]	[1.19..1.198]	[161708.75..162795.86]	[0.778..0.779]	[1.0..1.0]	0.81129444	[131193.42..132075.38]
Group-1	PC 38:4:0	303.23	20180509_PC_brain_01.mzXML	30.0	113502.7	10156.6	0.08948333	[5.0..5.0]	[1.0..1.0]	[1.624..1.656]	[184328.39..187960.48]	[0.77..0.773]	[1.0..1.0]	[1.624..1.656]	[184328.39..187960.48]	[0.77..0.773]	[1.0..1.0]	0.81129444	[149544.6..152491.28]
Group-1	PC 38:4:0	303.23	20180509_PC_brain_01.mzXML	35.0	65022.7	7421.8	0.11414167	[5.2..5.3]	[1.0..1.0]	[2.522..2.6]	[163987.25..169059.02]	[0.736..0.742]	[1.0..1.0]	[2.522..2.6]	[163987.25..169059.02]	[0.736..0.742]	[1.0..1.0]	0.81129444	[133041.95..137156.64]
Group-1	PC 38:4:0	305.25	20180509_PC_brain_01.mzXML	25.0	3516.2	0.0	0.0	[5.0..11.0]	[0.0..1.0]	[0.903..1.028]	[3175.129..3614.654]	[0.556..0.562]	[0.59..0.98]	[0.828..1.015]	[2911.4136..3568.9429]	[0.534..0.574]	[0.588..0.976]	0.81129444	[2575.964..2932.548]
Group-1	PC 38:4:0	305.25	20180509_PC_brain_01.mzXML	30.0	3630.2	0.0	0.0	[5.0..11.0]	[0.0..1.0]	[0.927..1.213]	[3365.195..4403.433]	[0.534..0.581]	[0.59..0.98]	[0.903..1.204]	[3278.0706..4370.7607]	[0.527..0.59]	[0.588..0.976]	0.81129444	[2730.1643..3572.4807]
Group-1	PC 38:4:0	305.25	20180509_PC_brain_01.mzXML	35.0	3243.9	0.0	0.0	[5.0..11.0]	[1.0..1.0]	[1.1..1.574]	[3568.29..5105.899]	[0.596..0.678]	[0.59..0.98]	[1.051..1.569]	[3409.3389..5089.679]	[0.585..0.678]	[0.588..0.976]	0.81129444	[2894.9338..4142.387]
Group-1	PC 38:4:0	331.26	20180509_PC_brain_01.mzXML	25.0	29415.6	0.0	0.0	[7.0..10.0]	[0.0..1.0]	[0.926..1.047]	[27238.846..30798.135]	[0.667..0.694]	[0.85..1.0]	[0.941..1.047]	[27680.078..30798.135]	[0.67..0.694]	[0.848..1.0]	0.81129444	[22098.725..24986.355]
Group-1	PC 38:4:0	331.26	20180509_PC_brain_01.mzXML	30.0	27912.7	0.0	0.0	[7.0..10.0]	[0.0..1.0]	[1.03..1.246]	[28750.08..34779.227]	[0.634..0.677]	[0.85..1.0]	[1.051..1.246]	[29336.246..34779.227]	[0.639..0.677]	[0.848..1.0]	0.81129444	[23324.78..28216.191]
Group-1	PC 38:4:0	331.26	20180509_PC_brain_01.mzXML	35.0	20534.1	0.0	0.0	[7.0..10.0]	[1.0..1.0]	[1.365..1.712]	[28029.047..35154.38]	[0.64..0.691]	[0.85..1.0]	[1.339..1.712]	[27495.158..35154.38]	[0.636..0.691]	[0.848..1.0]	0.81129444	[22739.81..28520.553]
Group-1	PC 38:5:0	255.23	20180509_PC_brain_01.mzXML	25.0	19768.2	0.0	0.0	[0.0..0.0]	[0.0..0.6]	[1.0..1.0]	[19768.2..19768.2]	[0.392..0.449]	[0.23..0.37]	[1.0..1.0]	[19768.2..19768.2]	[0.423..0.441]	[0.231..0.373]	0.81293565	[16070.273..16070.273]
Group-1	PC 38:5:0	255.23	20180509_PC_brain_01.mzXML	30.0	23842.6	0.0	0.0	[0.0..0.0]	[0.0..0.6]	[1.0..1.0]	[23842.6..23842.6]	[0.403..0.446]	[0.23..0.37]	[1.0..1.0]	[23842.6..23842.6]	[0.421..0.439]	[0.231..0.373]	0.81293565	[19382.5..19382.5]
Group-1	PC 38:5:0	255.23	20180509_PC_brain_01.mzXML	35.0	20640.6	0.0	0.0	[0.0..0.0]	[0.0..0.0]	[1.0..1.0]	[20640.6..20640.6]	[0.403..0.418]	[0.23..0.37]	[1.0..1.0]	[20640.6..20640.6]	[0.412..0.432]	[0.231..0.373]	0.81293565	[16779.479..16779.479]
Group-1	PC 38:5:0	281.25	20180509_PC_brain_01.mzXML	25.0	10908.4	0.0	0.0	[9.0..9.0]	[0.0..0.0]	[0.87..0.87]	[9490.309..9490.309]	[0.223..0.226]	[0.0..0.0]	[0.87..0.87]	[9490.309..9490.309]	[0.223..0.226]	[0.0..0.0]	0.81293565	[7715.01..7715.01]
Group-1	PC 38:5:0	281.25	20180509_PC_brain_01.mzXML	30.0	13967.2	0.0	0.0	[9.0..9.0]	[0.0..0.0]	[0.856..0.856]	[11955.924..11955.924]	[0.246..0.257]	[0.0..0.0]	[0.856..0.856]	[11955.924..11955.924]	[0.246..0.257]	[0.0..0.0]	0.81293565	[9719.396..9719.396]
Group-1	PC 38:5:0	281.25	20180509_PC_brain_01.mzXML	35.0	12660.3	0.0	0.0	[9.0..9.0]	[0.0..0.0]	[0.868..0.868]	[10989.14..10989.14]	[0.258..0.277]	[0.0..0.0]	[0.868..0.868]	[10989.14..10989.14]	[0.258..0.277]	[0.0..0.0]	0.81293565	[8933.463..8933.463]
Group-1	PC 38:5:0	303.23	20180509_PC_brain_01.mzXML	25.0	27651.6	1318.4	0.047678977	[5.4..5.5]	[1.0..1.0]	[1.174..1.198]	[32462.979..33126.613]	[0.774..0.777]	[1.0..1.0]	[1.174..1.198]	[32462.979..33126.613]	[0.774..0.777]	[1.0..1.0]	0.81293565	[26390.312..26929.807]
Group-1	PC 38:5:0	303.23	20180509_PC_brain_01.mzXML	30.0	22185.1	1884.9	0.084962435	[5.0..5.1]	[1.0..1.0]	[1.56..1.656]	[34608.754..36738.523]	[0.743..0.754]	[1.0..1.0]	[1.56..1.656]	[34608.754..36738.523]	[0.743..0.754]	[1.0..1.0]	0.81293565	[28134.69..29866.057]
Group-1	PC 38:5:0	303.23	20180509_PC_brain_01.mzXML	35.0	12147.4	1199.7	0.09876187	[5.9..5.9]	[1.0..1.0]	[2.364..2.6]	[28716.455..31583.24]	[0.723..0.742]	[1.0..1.0]	[2.364..2.6]	[28716.455..31583.24]	[0.723..0.742]	[1.0..1.0]	0.81293565	[23344.63..25675.14]
Group-1	PC 38:5:0	329.25	20180509_PC_brain_01.mzXML	25.0	21758.4	3469.7	0.15946485	[4.5..4.6]	[0.4..1.0]	[1.114..1.409]	[24238.857..30657.588]	[0.551..0.608]	[0.63..0.77]	[1.153..1.239]	[25087.436..26958.658]	[0.559..0.577]	[0.627..0.769]	0.81293565	[19704.63..24922.646]
Group-1	PC 38:5:0	329.25	20180509_PC_brain_01.mzXML	30.0	14917.5	3508.3	0.23518015	[4.8..4.8]	[0.4..1.0]	[1.985..2.363]	[29611.238..35250.05]	[0.554..0.597]	[0.63..0.77]	[2.039..2.196]	[30416.783..32758.832]	[0.561..0.579]	[0.627..0.769]	0.81293565	[24072.031..28656.023]
Group-1	PC 38:5:0	329.25	20180509_PC_brain_01.mzXML	35.0	6393.8	2342.8	0.3664175	[4.4..4.4]	[1.0..1.0]	[4.487..4.782]	[28688.98..30575.15]	[0.582..0.597]	[0.63..0.77]	[4.253..4.613]	[27192.83..29494.598]	[0.568..0.588]	[0.627..0.769]	0.81293565	[23322.293..24855.629]
Group-1	PC 38:6:0	255.23	20180509_PC_brain_01.mzXML	25.0	32242.5	0.0	0.0	[0.0..0.0]	[0.0..0.5]	[1.0..1.0]	[32242.5..32242.5]	[0.339..0.352]	[0.1..0.2]	[1.0..1.0]	[32242.5..32242.5]	[0.341..0.342]	[0.099..0.198]	0.81459224	[26264.49..26264.49]
Group-1	PC 38:6:0	255.23	20180509_PC_brain_01.mzXML	30.0	39592.1	0.0	0.0	[0.0..0.0]	[0.0..0.0]	[1.0..1.0]	[39592.1..39592.1]	[0.368..0.368]	[0.1..0.2]	[1.0..1.0]	[39592.1..39592.1]	[0.368..0.368]	[0.099..0.198]	0.81459224	[32251.418..32251.418]
Group-1	PC 38:6:0	255.23	20180509_PC_brain_01.mzXML	35.0	40149.2	0.0	0.0	[0.0..0.0]	[0.5..0.5]	[1.0..1.0]	[40149.2..40149.2]	[0.387..0.387]	[0.1..0.2]	[1.0..1.0]	[40149.2..40149.2]	[0.387..0.387]	[0.099..0.198]	0.81459224	[32705.227..32705.227]
Group-1	PC 38:6:0	327.23	20180509_PC_brain_01.mzXML	25.0	32367.9	11379.4	0.35156438	[4.0..4.0]	[0.5..1.0]	[1.836..1.939]	[59427.465..62761.36]	[0.648..0.661]	[0.8..0.9]	[1.918..1.929]	[62081.633..62437.68]	[0.658..0.659]	[0.802..0.901]	0.81459224	[48409.152..51124.918]
Group-1	PC 38:6:0	327.23	20180509_PC_brain_01.mzXML	30.0	16218.5	9414.2	0.5804606	[4.0..4.0]	[1.0..1.0]	[4.197..4.197]	[68069.05..68069.05]	[0.632..0.632]	[0.8..0.9]	[4.197..4.197]	[68069.05..68069.05]	[0.632..0.632]	[0.802..0.901]	0.81459224	[55448.516..55448.516]
Group-1	PC 38:6:0	327.23	20180509_PC_brain_01.mzXML	35.0	5922.0	4637.3	0.7830631	[4.0..4.0]	[0.5..0.5]	[10.748..10.748]	[63649.656..63649.656]	[0.613..0.613]	[0.8..0.9]	[10.748..10.748]	[63649.656..63649.656]	[0.613..0.613]	[0.802..0.901]	0.81459224	[51848.516..51848.516]
Group-1	PC 40:2:0	281.25	20180509_PC_brain_01.mzXML	25.0	3295.5	0.0	0.0	[9.0..9.0]	[0.0..0.0]	[0.87..0.87]	[2867.085..2867.085]	[0.518..0.518]	[0.52..0.55]	[0.87..0.87]	[2867.085..2867.085]	[0.518..0.518]	[0.516..0.549]	0.7860534	[2253.682..2253.682]
Group-1	PC 40:2:0	281.25	20180509_PC_brain_01.mzXML	30.0	4250.5	0.0	0.0	[9.0..9.0]	[0.0..0.0]	[0.856..0.856]	[3638.428..3638.428]	[0.519..0.519]	[0.52..0.55]	[0.856..0.856]	[3638.428..3638.428]	[0.519..0.519]	[0.516..0.549]	0.7860534	[2859.9988..2859.9988]
Group-1	PC 40:2:0	281.25	20180509_PC_brain_01.mzXML	35.0	3623.3	0.0	0.0	[9.0..9.0]	[0.0..0.0]	[0.868..0.868]	[3145.025..3145.025]	[0.506..0.506]	[0.52..0.55]	[0.868..0.868]	[3145.0244..3145.0244]	[0.506..0.506]	[0.516..0.549]	0.7860534	[2472.1572..2472.1572]
Group-1	PC 40:2:0	283.26	20180509_PC_brain_01.mzXML	25.0	559.8	0.0	0.0	[0.0..0.0]	[0.0..0.0]	[0.968..0.968]	[541.886..541.886]	[0.206..0.206]	[0.0..0.08]	[0.968..0.968]	[541.8864..541.8864]	[0.206..0.206]	[0.0..0.082]	0.7860534	[425.95163..425.95163]
Group-1	PC 40:2:0	283.26	20180509_PC_brain_01.mzXML	30.0	828.4	0.0	0.0	[0.0..0.0]	[1.0..1.0]	[0.958..0.958]	[793.607..793.607]	[0.339..0.339]	[0.0..0.08]	[0.958..0.958]	[793.60724..793.60724]	[0.339..0.339]	[0.0..0.082]	0.7860534	[623.8177..623.8177]
Group-1	PC 40:2:0	283.26	20180509_PC_brain_01.mzXML	35.0	870.4	0.0	0.0	[0.0..0.0]	[0.0..1.0]	[0.937..0.945]	[815.565..822.528]	[0.284..0.295]	[0.0..0.08]	[0.937..0.938]	[815.5648..816.43524]	[0.282..0.283]	[0.0..0.082]	0.7860534	[641.0775..646.55096]
Group-1	PC 40:2:0	309.28	20180509_PC_brain_01.mzXML	25.0	1394.5	0.0	0.0	[11.0..11.0]	[0.5..0.5]	[0.892..0.892]	[1243.894..1243.894]	[0.5..0.5]	[0.5..0.5]	[0.892..0.892]	[1243.894..1243.894]	[0.5..0.5]	[0.5..0.5]	0.7860534	[977.76715..977.76715]
Group-1	PC 40:2:0	309.28	20180509_PC_brain_01.mzXML	30.0	1780.4	0.0	0.0	[11.0..11.0]	[0.5..0.5]	[0.864..0.864]	[1538.266..1538.266]	[0.5..0.5]	[0.5..0.5]	[0.864..0.864]	[1538.2656..1538.2656]	[0.5..0.5]	[0.5..0.5]	0.7860534	[1209.1589..1209.1589]
Group-1	PC 40:2:0	309.28	20180509_PC_brain_01.mzXML	35.0	1561.7	0.0	0.0	[11.0..11.0]	[0.5..0.5]	[0.854..0.854]	[1333.692..1333.692]	[0.5..0.5]	[0.5..0.5]	[0.854..0.854]	[1333.6918..1333.6918]	[0.5..0.5]	[0.5..0.5]	0.7860534	[1048.3529..1048.3529]
Group-1	PC 40:2:0	335.29	20180509_PC_brain_01.mzXML	25.0	2213.9	0.0	0.0	[13.0..13.0]	[1.0..1.0]	[0.946..0.946]	[2094.349..2094.349]	[0.794..0.794]	[0.92..1.0]	[0.946..0.946]	[2094.3494..2094.3494]	[0.794..0.794]	[0.918..1.0]	0.7860534	[1646.2704..1646.2704]
Group-1	PC 40:2:0	335.29	20180509_PC_brain_01.mzXML	30.0	1972.4	0.0	0.0	[13.0..13.0]	[0.0..0.0]	[0.785..0.785]	[1548.334..1548.334]	[0.661..0.661]	[0.92..1.0]	[0.785..0.785]	[1548.3341..1548.3341]	[0.661..0.661]	[0.918..1.0]	0.7860534	[1217.0732..1217.0732]
Group-1	PC 40:2:0	335.29	20180509_PC_brain_01.mzXML	35.0	2461.7	0.0	0.0	[13.0..13.0]	[0.0..1.0]	[0.79..0.843]	[1944.743..2075.213]	[0.705..0.716]	[0.92..1.0]	[0.839..0.843]	[2065.3662..2075.2131]	[0.717..0.718]	[0.918..1.0]	0.7860534	[1528.6719..1631.2284]
Group-1	PC 40:2:0	337.31	20180509_PC_brain_01.mzXML	25.0	2803.9	0.0	0.0	[13.0..13.0]	[1.0..1.0]	[0.953..0.953]	[2672.117..2672.117]	[0.482..0.482]	[0.45..0.48]	[0.953..0.953]	[2672.1167..2672.1167]	[0.482..0.482]	[0.451..0.484]	0.7860534	[2100.4265..2100.4265]
Group-1	PC 40:2:0	337.31	20180509_PC_brain_01.mzXML	30.0	3933.2	0.0	0.0	[13.0..13.0]	[1.0..1.0]	[0.858..0.858]	[3374.686..3374.686]	[0.481..0.481]	[0.45..0.48]	[0.858..0.858]	[3374.6855..3374.6855]	[0.481..0.481]	[0.451..0.484]	0.7860534	[2652.683..2652.683]
Group-1	PC 40:2:0	337.31	20180509_PC_brain_01.mzXML	35.0	3783.1	0.0	0.0	[13.0..13.0]	[1.0..1.0]	[0.812..0.812]	[3071.877..3071.877]	[0.494..0.494]	[0.45..0.48]	[0.812..0.812]	[3071.8772..3071.8772]	[0.494..0.494]	[0.451..0.484]	0.7860534	[2414.6597..2414.6597]
Group-1	PC 40:3:0	281.25	20180509_PC_brain_01.mzXML	25.0	527.5	0.0	0.0	[9.0..9.0]	[0.0..0.0]	[0.87..0.87]	[458.925..458.925]	[1.0..1.0]	[0.45..1.0]	[0.87..0.87]	[458.925..458.925]	[1.0..1.0]	[0.449..1.0]	0.78759354	[361.44638..361.44638]
Group-1	PC 40:3:0	281.25	20180509_PC_brain_01.mzXML	30.0	769.9	0.0	0.0	[9.0..9.0]	[0.0..0.0]	[0.856..0.856]	[659.034..659.034]	[0.518..0.518]	[0.45..1.0]	[0.856..0.856]	[659.0344..659.0344]	[0.518..0.518]	[0.449..1.0]	0.78759354	[519.0513..519.0513]
Group-1	PC 40:3:0	281.25	20180509_PC_brain_01.mzXML	35.0	538.1	0.0	0.0	[9.0..9.0]	[0.0..0.0]	[0.868..0.868]	[467.071..467.071]	[0.481..0.481]	[0.45..1.0]	[0.868..0.868]	[467.07077..467.07077]	[0.481..0.481]	[0.449..1.0]	0.78759354	[367.86194..367.86194]
Group-1	PC 40:3:0	283.26	20180509_PC_brain_01.mzXML	25.0	857.4	0.0	0.0	[0.0..0.0]	[0.0..0.0]	[0.968..0.968]	[829.963..829.963]	[0.193..0.193]	[0.0..0.01]	[0.968..0.968]	[829.9632..829.9632]	[0.193..0.193]	[0.0..0.008]	0.78759354	[653.67365..653.67365]
Group-1	PC 40:3:0	283.26	20180509_PC_brain_01.mzXML	30.0	1204.5	0.0	0.0	[0.0..0.0]	[0.0..0.0]	[0.946..0.946]	[1139.457..1139.457]	[0.244..0.244]	[0.0..0.01]	[0.946..0.946]	[1139.457..1139.457]	[0.244..0.244]	[0.0..0.008]	0.78759354	[897.42896..897.42896]
Group-1	PC 40:3:0	283.26	20180509_PC_brain_01.mzXML	35.0	1333.5	0.0	0.0	[0.0..0.0]	[0.0..0.0]	[0.937..0.937]	[1249.49..1249.49]	[0.316..0.316]	[0.0..0.01]	[0.937..0.937]	[1249.4895..1249.4895]	[0.316..0.316]	[0.0..0.008]	0.78759354	[984.08984..984.08984]
Group-1	PC 40:3:0	333.28	20180509_PC_brain_01.mzXML	25.0	3506.1	0.0	0.0	[13.0..13.0]	[1.0..1.0]	[0.989..0.989]	[3467.533..3467.533]	[0.807..0.807]	[0.99..1.0]	[0.989..0.989]	[3467.533..3467.533]	[0.807..0.807]	[0.992..1.0]	0.78759354	[2731.0066..2731.0066]
Group-1	PC 40:3:0	333.28	20180509_PC_brain_01.mzXML	30.0	3753.2	0.0	0.0	[13.0..13.0]	[1.0..1.0]	[0.943..0.943]	[3539.268..3539.268]	[0.756..0.756]	[0.99..1.0]	[0.943..0.943]	[3539.2676..3539.2676]	[0.756..0.756]	[0.992..1.0]	0.78759354	[2787.5044..2787.5044]
Group-1	PC 40:3:0	333.28	20180509_PC_brain_01.mzXML	35.0	2718.9	0.0	0.0	[13.0..13.0]	[1.0..1.0]	[0.994..0.994]	[2702.587..2702.587]	[0.684..0.684]	[0.99..1.0]	[0.994..0.994]	[2702.5867..2702.5867]	[0.684..0.684]	[0.992..1.0]	0.78759354	[2128.5396..2128.5396]
Group-1	PC 40:3:0	335.29	20180509_PC_brain_01.mzXML	25.0	0.0	0.0	0.0	[13.0..13.0]	[1.0..1.0]	[0.946..0.946]	[0.0..0.0]	[0.0..0.0]	[0.0..0.55]	[0.946..0.946]	[0.0..0.0]	[0.0..0.0]	[0.0..0.551]	0.78759354	[0.0..0.0]
Group-1	PC 40:3:0	335.29	20180509_PC_brain_01.mzXML	30.0	710.0	0.0	0.0	[13.0..13.0]	[1.0..1.0]	[0.862..0.862]	[612.02..612.02]	[0.482..0.482]	[0.0..0.55]	[0.862..0.862]	[612.02..612.02]	[0.482..0.482]	[0.0..0.551]	0.78759354	[482.02298..482.02298]
Group-1	PC 40:3:0	335.29	20180509_PC_brain_01.mzXML	35.0	596.7	0.0	0.0	[13.0..13.0]	[1.0..1.0]	[0.843..0.843]	[503.018..503.018]	[0.519..0.519]	[0.0..0.55]	[0.843..0.843]	[503.0181..503.0181]	[0.519..0.519]	[0.0..0.551]	0.78759354	[396.17383..396.17383]
Group-1	PC 40:4:0	255.23	20180509_PC_brain_01.mzXML	25.0	1258.5	0.0	0.0	[0.0..0.0]	[0.0..1.0]	[1.0..1.0]	[1258.5..1258.5]	[0.336..0.365]	[0.09..0.4]	[1.0..1.0]	[1258.5..1258.5]	[0.338..0.347]	[0.092..0.396]	0.78913254	[993.1233..993.1233]
Group-1	PC 40:4:0	255.23	20180509_PC_brain_01.mzXML	30.0	1995.9	0.0	0.0	[0.0..0.0]	[1.0..1.0]	[1.0..1.0]	[1995.9..1995.9]	[0.46..0.46]	[0.09..0.4]	[1.0..1.0]	[1995.9..1995.9]	[0.46..0.46]	[0.092..0.396]	0.78913254	[1575.0297..1575.0297]
Group-1	PC 40:4:0	255.23	20180509_PC_brain_01.mzXML	35.0	1691.0	0.0	0.0	[0.0..0.0]	[0.0..0.0]	[1.0..1.0]	[1691.0..1691.0]	[0.378..0.378]	[0.09..0.4]	[1.0..1.0]	[1691.0..1691.0]	[0.378..0.378]	[0.092..0.396]	0.78913254	[1334.4231..1334.4231]
Group-1	PC 40:4:0	283.26	20180509_PC_brain_01.mzXML	25.0	8521.6	0.0	0.0	[0.0..0.0]	[0.0..1.0]	[0.968..0.988]	[8248.908..8419.34]	[0.23..0.249]	[0.0..0.0]	[0.968..0.968]	[8248.908..8248.908]	[0.226..0.23]	[0.0..0.0]	0.78913254	[6509.482..6643.975]
Group-1	PC 40:4:0	283.26	20180509_PC_brain_01.mzXML	30.0	10479.2	0.0	0.0	[0.0..0.0]	[0.0..1.0]	[0.946..0.958]	[9913.323..10039.074]	[0.24..0.274]	[0.0..0.0]	[0.946..0.946]	[9913.323..9913.323]	[0.238..0.261]	[0.0..0.0]	0.78913254	[7822.926..7922.1597]
Group-1	PC 40:4:0	283.26	20180509_PC_brain_01.mzXML	35.0	9905.1	0.0	0.0	[0.0..0.0]	[0.0..0.0]	[0.937..0.937]	[9281.078..9281.078]	[0.252..0.297]	[0.0..0.0]	[0.937..0.937]	[9281.078..9281.078]	[0.252..0.297]	[0.0..0.0]	0.78913254	[7324.001..7324.001]
Group-1	PC 40:4:0	331.26	20180509_PC_brain_01.mzXML	25.0	26925.3	0.0	0.0	[7.0..10.0]	[0.0..1.0]	[0.926..1.047]	[24932.828..28190.793]	[0.751..0.77]	[1.0..1.0]	[1.028..1.047]	[27679.209..28190.791]	[0.77..0.774]	[1.0..1.0]	0.78913254	[19675.307..22246.271]
Group-1	PC 40:4:0	331.26	20180509_PC_brain_01.mzXML	30.0	25451.4	0.0	0.0	[7.0..10.0]	[0.0..1.0]	[1.03..1.246]	[26214.941..31712.445]	[0.726..0.76]	[1.0..1.0]	[1.103..1.246]	[28072.896..31712.445]	[0.739..0.762]	[1.0..1.0]	0.78913254	[20687.062..25025.322]
Group-1	PC 40:4:0	331.26	20180509_PC_brain_01.mzXML	35.0	16115.9	359.5	0.022307161	[9.1..9.4]	[1.0..1.0]	[1.365..1.712]	[21998.205..27590.422]	[0.703..0.748]	[1.0..1.0]	[1.365..1.712]	[21998.205..27590.422]	[0.703..0.748]	[1.0..1.0]	0.78913254	[17359.498..21772.498]
Group-1	PC 40:4:0	359.3	20180509_PC_brain_01.mzXML	25.0	2608.5	0.0	0.0	[9.0..9.0]	[0.0..1.0]	[0.84..0.954]	[2191.14..2488.509]	[0.635..0.664]	[0.6..0.91]	[0.908..0.944]	[2368.518..2462.424]	[0.653..0.662]	[0.604..0.908]	0.78913254	[1729.0997..1963.7633]
Group-1	PC 40:4:0	359.3	20180509_PC_brain_01.mzXML	30.0	2524.8	0.0	0.0	[9.0..9.0]	[0.0..0.0]	[0.927..0.927]	[2340.49..2340.49]	[0.54..0.54]	[0.6..0.91]	[0.927..0.927]	[2340.4895..2340.4895]	[0.54..0.54]	[0.604..0.908]	0.78913254	[1846.9565..1846.9565]
Group-1	PC 40:4:0	359.3	20180509_PC_brain_01.mzXML	35.0	2237.0	0.0	0.0	[9.0..9.0]	[1.0..1.0]	[1.243..1.243]	[2780.591..2780.591]	[0.622..0.622]	[0.6..0.91]	[1.243..1.243]	[2780.591..2780.591]	[0.622..0.622]	[0.604..0.908]	0.78913254	[2194.255..2194.255]
Group-1	PC 40:5:0	281.25	20180509_PC_brain_01.mzXML	25.0	3192.3	0.0	0.0	[9.0..9.0]	[0.0..1.0]	[0.87..0.964]	[2777.301..3077.377]	[0.466..0.471]	[0.17..0.43]	[0.886..0.91]	[2828.3777..2904.9932]	[0.476..0.498]	[0.169..0.428]	0.7906781	[2195.9512..2433.2148]
Group-1	PC 40:5:0	281.25	20180509_PC_brain_01.mzXML	30.0	2773.2	0.0	0.0	[9.0..9.0]	[0.0..1.0]	[0.856..0.926]	[2373.859..2567.983]	[0.442..0.469]	[0.17..0.43]	[0.868..0.886]	[2407.1375..2457.0552]	[0.444..0.482]	[0.169..0.428]	0.7906781	[1876.9585..2030.4481]
Group-1	PC 40:5:0	281.25	20180509_PC_brain_01.mzXML	35.0	2858.2	0.0	0.0	[9.0..9.0]	[0.0..0.0]	[0.868..0.868]	[2480.918..2480.918]	[0.376..0.43]	[0.17..0.43]	[0.868..0.868]	[2480.9175..2480.9175]	[0.381..0.441]	[0.169..0.428]	0.7906781	[1961.607..1961.607]
Group-1	PC 40:5:0	283.26	20180509_PC_brain_01.mzXML	25.0	6182.6	0.0	0.0	[0.0..0.0]	[0.0..0.0]	[0.968..0.968]	[5984.757..5984.757]	[0.235..0.238]	[0.0..0.0]	[0.968..0.968]	[5984.757..5984.757]	[0.235..0.238]	[0.0..0.0]	0.7906781	[4732.016..4732.016]
Group-1	PC 40:5:0	283.26	20180509_PC_brain_01.mzXML	30.0	7551.1	0.0	0.0	[0.0..0.0]	[0.0..0.0]	[0.946..0.946]	[7143.341..7143.341]	[0.249..0.255]	[0.0..0.0]	[0.946..0.946]	[7143.3403..7143.3403]	[0.249..0.255]	[0.0..0.0]	0.7906781	[5648.0825..5648.0825]
Group-1	PC 40:5:0	283.26	20180509_PC_brain_01.mzXML	35.0	8222.7	0.0	0.0	[0.0..0.0]	[0.0..0.0]	[0.937..0.937]	[7704.67..7704.67]	[0.304..0.313]	[0.0..0.0]	[0.937..0.937]	[7704.67..7704.67]	[0.304..0.313]	[0.0..0.0]	0.7906781	[6091.9136..6091.9136]
Group-1	PC 40:5:0	303.23	20180509_PC_brain_01.mzXML	25.0	2158.1	0.0	0.0	[5.0..8.0]	[0.39999998..0.39999998]	[0.905..0.96]	[1953.081..2071.776]	[0.695..0.708]	[0.86..1.0]	[1.03..1.198]	[2222.843..2585.4038]	[0.722..0.751]	[0.858..1.0]	0.7906781	[1544.2579..1638.1079]
Group-1	PC 40:5:0	303.23	20180509_PC_brain_01.mzXML	30.0	1987.9	0.0	0.0	[5.0..8.0]	[1.0..1.0]	[1.337..1.656]	[2657.822..3291.963]	[0.827..0.856]	[0.86..1.0]	[1.276..1.656]	[2536.5605..3291.9624]	[0.82..0.856]	[0.858..1.0]	0.7906781	[2101.482..2602.8826]
Group-1	PC 40:5:0	303.23	20180509_PC_brain_01.mzXML	35.0	957.0	0.0	0.0	[5.0..8.0]	[0.39999998..1.0]	[1.71..2.6]	[1636.47..2488.2]	[0.634..0.717]	[0.86..1.0]	[1.779..2.6]	[1702.503..2488.2]	[0.643..0.724]	[0.858..1.0]	0.7906781	[1293.921..1967.3652]
Group-1	PC 40:5:0	309.28	20180509_PC_brain_01.mzXML	25.0	925.9	0.0	0.0	[11.0..11.0]	[0.6..0.6]	[0.925..0.925]	[856.458..856.458]	[0.292..0.305]	[0.0..0.14]	[0.925..0.925]	[856.4575..856.4575]	[0.249..0.278]	[0.0..0.142]	0.7906781	[677.1822..677.1822]
Group-1	PC 40:5:0	309.28	20180509_PC_brain_01.mzXML	30.0	675.1	0.0	0.0	[11.0..11.0]	[0.0..0.0]	[0.822..0.822]	[554.932..554.932]	[0.144..0.173]	[0.0..0.14]	[0.822..0.822]	[554.9322..554.9322]	[0.144..0.18]	[0.0..0.142]	0.7906781	[438.7727..438.7727]
Group-1	PC 40:5:0	309.28	20180509_PC_brain_01.mzXML	35.0	1163.7	0.0	0.0	[11.0..11.0]	[0.0..0.6]	[0.812..0.842]	[944.924..979.835]	[0.283..0.366]	[0.0..0.14]	[0.812..0.816]	[944.9243..949.57916]	[0.276..0.357]	[0.0..0.142]	0.7906781	[747.131..774.7344]
Group-1	PC 40:5:0	329.25	20180509_PC_brain_01.mzXML	25.0	13533.1	2375.9	0.17556214	[4.1..4.3]	[1.0..1.0]	[1.416..1.437]	[19162.87..19447.064]	[0.762..0.765]	[1.0..1.0]	[1.416..1.437]	[19162.87..19447.064]	[0.762..0.765]	[1.0..1.0]	0.7906781	[15151.66..15376.368]
Group-1	PC 40:5:0	329.25	20180509_PC_brain_01.mzXML	30.0	8737.1	2395.6	0.27418712	[4.2..4.3]	[1.0..1.0]	[2.388..2.463]	[20864.193..21519.477]	[0.745..0.751]	[1.0..1.0]	[2.388..2.463]	[20864.193..21519.477]	[0.745..0.751]	[1.0..1.0]	0.7906781	[16496.861..17014.979]
Group-1	PC 40:5:0	329.25	20180509_PC_brain_01.mzXML	35.0	3479.4	1477.8	0.42472842	[4.0..4.0]	[1.0..1.0]	[4.856..5.077]	[16895.965..17664.914]	[0.687..0.696]	[1.0..1.0]	[4.856..5.077]	[16895.965..17664.914]	[0.687..0.696]	[1.0..1.0]	0.7906781	[13359.27..13967.26]
Group-1	PC 40:5:0	331.26	20180509_PC_brain_01.mzXML	25.0	3374.7	0.0	0.0	[7.0..10.0]	[0.0..1.0]	[0.926..1.047]	[3124.972..3533.311]	[0.529..0.534]	[0.57..0.83]	[0.846..0.948]	[2854.996..3199.2156]	[0.502..0.524]	[0.572..0.831]	0.7906781	[2470.847..2793.7117]
Group-1	PC 40:5:0	331.26	20180509_PC_brain_01.mzXML	30.0	2605.2	0.0	0.0	[7.0..10.0]	[0.0..1.0]	[1.03..1.246]	[2683.356..3246.079]	[0.531..0.558]	[0.57..0.83]	[0.992..1.179]	[2584.3584..3071.5308]	[0.518..0.556]	[0.572..0.831]	0.7906781	[2121.6707..2566.6038]
Group-1	PC 40:5:0	331.26	20180509_PC_brain_01.mzXML	35.0	2409.8	0.0	0.0	[7.0..10.0]	[1.0..1.0]	[1.365..1.712]	[3289.377..4125.578]	[0.57..0.624]	[0.57..0.83]	[1.307..1.673]	[3149.6086..4031.5955]	[0.559..0.619]	[0.572..0.831]	0.7906781	[2600.8384..3262.004]
Group-1	PC 40:6:0	281.25	20180509_PC_brain_01.mzXML	25.0	8408.5	0.0	0.0	[9.0..9.0]	[0.0..0.0]	[0.87..0.87]	[7315.395..7315.395]	[0.716..0.746]	[1.0..1.0]	[0.87..0.87]	[7315.395..7315.395]	[0.739..0.762]	[1.0..1.0]	0.79223794	[5795.5337..5795.5337]
Group-1	PC 40:6:0	281.25	20180509_PC_brain_01.mzXML	30.0	12459.8	0.0	0.0	[9.0..9.0]	[0.0..0.0]	[0.856..0.856]	[10665.589..10665.589]	[0.734..0.799]	[1.0..1.0]	[0.856..0.856]	[10665.589..10665.589]	[0.755..0.808]	[1.0..1.0]	0.79223794	[8449.684..8449.684]
Group-1	PC 40:6:0	281.25	20180509_PC_brain_01.mzXML	35.0	10485.7	0.0	0.0	[9.0..9.0]	[0.0..0.0]	[0.868..0.868]	[9101.588..9101.588]	[0.792..0.871]	[1.0..1.0]	[0.868..0.868]	[9101.588..9101.588]	[0.811..0.876]	[1.0..1.0]	0.79223794	[7210.623..7210.623]
Group-1	PC 40:6:0	283.26	20180509_PC_brain_01.mzXML	25.0	15397.2	0.0	0.0	[0.0..0.0]	[0.0..0.0]	[0.968..0.968]	[14904.489..14904.489]	[0.247..0.247]	[0.0..0.05]	[0.968..0.968]	[14904.489..14904.489]	[0.247..0.247]	[0.0..0.054]	0.79223794	[11807.902..11807.902]
Group-1	PC 40:6:0	283.26	20180509_PC_brain_01.mzXML	30.0	21033.5	0.0	0.0	[0.0..0.0]	[0.0..0.0]	[0.946..0.946]	[19897.691..19897.691]	[0.288..0.288]	[0.0..0.05]	[0.946..0.946]	[19897.691..19897.691]	[0.288..0.288]	[0.0..0.054]	0.79223794	[15763.706..15763.706]
Group-1	PC 40:6:0	283.26	20180509_PC_brain_01.mzXML	35.0	19544.9	0.0	0.0	[0.0..0.0]	[0.0..0.0]	[0.937..0.937]	[18313.57..18313.57]	[0.333..0.333]	[0.0..0.05]	[0.937..0.937]	[18313.57..18313.57]	[0.333..0.333]	[0.0..0.054]	0.79223794	[14508.706..14508.706]
Group-1	PC 40:6:0	327.23	20180509_PC_brain_01.mzXML	25.0	23461.2	8375.3	0.35698515	[4.0..4.0]	[1.0..1.0]	[1.939..1.939]	[45491.266..45491.266]	[0.753..0.753]	[0.95..1.0]	[1.939..1.939]	[45491.266..45491.266]	[0.753..0.753]	[0.946..1.0]	0.79223794	[36039.906..36039.906]
Group-1	PC 40:6:0	327.23	20180509_PC_brain_01.mzXML	30.0	11698.6	6997.7	0.59816563	[4.0..4.0]	[1.0..1.0]	[4.197..4.197]	[49099.023..49099.023]	[0.712..0.712]	[0.95..1.0]	[4.197..4.197]	[49099.023..49099.023]	[0.712..0.712]	[0.946..1.0]	0.79223794	[38898.11..38898.11]
Group-1	PC 40:6:0	327.23	20180509_PC_brain_01.mzXML	35.0	3199.4	3011.8	0.94136405	[4.0..4.0]	[1.0..1.0]	[11.468..11.468]	[36690.72..36690.72]	[0.667..0.667]	[0.95..1.0]	[11.468..11.468]	[36690.72..36690.72]	[0.667..0.667]	[0.946..1.0]	0.79223794	[29067.781..29067.781]
Group-1	PC 40:6:0	329.25	20180509_PC_brain_01.mzXML	25.0	2024.0	0.0	0.0	[4.0..7.0]	[1.0..1.0]	[1.231..1.437]	[2491.544..2908.488]	[0.254..0.284]	[0.0..0.0]	[1.127..1.274]	[2281.0479..2578.5762]	[0.238..0.261]	[0.0..0.0]	0.79223794	[1973.8956..2304.2146]
Group-1	PC 40:6:0	329.25	20180509_PC_brain_01.mzXML	30.0	1568.1	0.0	0.0	[4.0..7.0]	[1.0..1.0]	[1.71..2.463]	[2681.451..3862.23]	[0.201..0.266]	[0.0..0.0]	[1.612..2.204]	[2527.777..3456.0923]	[0.192..0.245]	[0.0..0.0]	0.79223794	[2124.3474..3059.8054]
Group-1	PC 40:6:0	329.25	20180509_PC_brain_01.mzXML	35.0	470.0	0.0	0.0	[4.0..7.0]	[1.0..1.0]	[2.863..5.077]	[1345.61..2386.19]	[0.129..0.208]	[0.0..0.0]	[2.752..4.527]	[1293.4401..2127.69]	[0.124..0.189]	[0.0..0.0]	0.79223794	[1066.0433..1890.4303]
Group-1	PC 40:7:0	281.25	20180509_PC_brain_01.mzXML	25.0	7611.0	0.0	0.0	[9.0..9.0]	[0.0..0.0]	[0.87..0.87]	[6621.57..6621.57]	[0.401..0.401]	[0.25..0.62]	[0.87..0.87]	[6621.57..6621.57]	[0.401..0.401]	[0.254..0.623]	0.7937967	[5256.1807..5256.1807]
Group-1	PC 40:7:0	281.25	20180509_PC_brain_01.mzXML	30.0	8623.0	0.0	0.0	[9.0..9.0]	[0.0..0.0]	[0.856..0.856]	[7381.288..7381.288]	[0.433..0.433]	[0.25..0.62]	[0.856..0.856]	[7381.288..7381.288]	[0.433..0.433]	[0.254..0.623]	0.7937967	[5859.242..5859.242]
Group-1	PC 40:7:0	281.25	20180509_PC_brain_01.mzXML	35.0	8617.9	0.0	0.0	[9.0..9.0]	[0.0..0.0]	[0.868..0.868]	[7480.338..7480.338]	[0.546..0.546]	[0.25..0.62]	[0.868..0.868]	[7480.3374..7480.3374]	[0.546..0.546]	[0.254..0.623]	0.7937967	[5937.867..5937.867]
Group-1	PC 40:7:0	327.23	20180509_PC_brain_01.mzXML	25.0	5096.4	0.0	0.0	[4.0..4.0]	[1.0..1.0]	[1.939..1.939]	[9881.92..9881.92]	[0.599..0.599]	[0.38..0.75]	[1.939..1.939]	[9881.92..9881.92]	[0.599..0.599]	[0.377..0.746]	0.7937967	[7844.2354..7844.2354]
Group-1	PC 40:7:0	327.23	20180509_PC_brain_01.mzXML	30.0	2300.7	0.0	0.0	[4.0..4.0]	[1.0..1.0]	[4.197..4.197]	[9656.038..9656.038]	[0.567..0.567]	[0.38..0.75]	[4.197..4.197]	[9656.038..9656.038]	[0.567..0.567]	[0.377..0.746]	0.7937967	[7664.931..7664.931]
Group-1	PC 40:7:0	327.23	20180509_PC_brain_01.mzXML	35.0	541.3	0.0	0.0	[4.0..4.0]	[1.0..1.0]	[11.468..11.468]	[6207.629..6207.629]	[0.454..0.454]	[0.38..0.75]	[11.468..11.468]	[6207.6284..6207.6284]	[0.454..0.454]	[0.377..0.746]	0.7937967	[4927.595..4927.595]
Group-1	PC 44:0:0	339.32	20180509_PC_brain_01.mzXML	25.0	815784.9	0.0	0.0	[0.0..0.0]	[0.5..0.5]	[0.984..0.984]	[802732.3..802732.3]	[0.5..0.5]	[0.5..0.5]	[0.984..0.984]	[802732.3..802732.3]	[0.5..0.5]	[0.5..0.5]	0.7430324	[596456.1..596456.1]
Group-1	PC 44:0:0	339.32	20180509_PC_brain_01.mzXML	30.0	1034348.9	0.0	0.0	[0.0..0.0]	[0.5..0.5]	[0.901..0.901]	[931948.4..931948.4]	[0.5..0.5]	[0.5..0.5]	[0.901..0.901]	[931948.4..931948.4]	[0.5..0.5]	[0.5..0.5]	0.7430324	[692467.9..692467.9]
Group-1	PC 44:0:0	339.32	20180509_PC_brain_01.mzXML	35.0	972701.5	0.0	0.0	[0.0..0.0]	[0.5..0.5]	[0.87..0.87]	[846250.3..846250.3]	[0.5..0.5]	[0.5..0.5]	[0.87..0.87]	[846250.3..846250.3]	[0.5..0.5]	[0.5..0.5]	0.7430324	[628791.44..628791.44]
Group-1	PC 44:12:0	327.23	20180509_PC_brain_01.mzXML	25.0	346136.5	138975.9	0.40150607	[4.0..4.0]	[0.5..0.5]	[2.076..2.076]	[718579.4..718579.4]	[0.5..0.5]	[0.5..0.5]	[2.076..2.076]	[718579.4..718579.4]	[0.5..0.5]	[0.5..0.5]	0.75972176	[545920.4..545920.4]
Group-1	PC 44:12:0	327.23	20180509_PC_brain_01.mzXML	30.0	154882.4	96189.8	0.6210505	[4.0..4.0]	[0.5..0.5]	[4.923..4.923]	[762486.06..762486.06]	[0.5..0.5]	[0.5..0.5]	[4.923..4.923]	[762486.06..762486.06]	[0.5..0.5]	[0.5..0.5]	0.75972176	[579277.25..579277.25]
Group-1	PC 44:12:0	327.23	20180509_PC_brain_01.mzXML	35.0	50191.1	44748.6	0.8915644	[4.0..4.0]	[0.5..0.5]	[14.275..14.275]	[716477.94..716477.94]	[0.5..0.5]	[0.5..0.5]	[14.275..14.275]	[716477.94..716477.94]	[0.5..0.5]	[0.5..0.5]	0.75972176	[544323.94..544323.94]
Group-1	PC 24:0:0	199.17	20180509_PC_brain_02.mzXML	25.0	683698.8	0.0	0.0	[0.0..0.0]	[0.5..0.5]	[1.082..1.082]	[739762.1..739762.1]	[0.5..0.5]	[0.5..0.5]	[1.082..1.082]	[739762.1..739762.1]	[0.5..0.5]	[0.5..0.5]	1.004296	[742940.1..742940.1]
Group-1	PC 24:0:0	199.17	20180509_PC_brain_02.mzXML	30.0	737627.8	0.0	0.0	[0.0..0.0]	[0.5..0.5]	[1.155..1.155]	[851960.1..851960.1]	[0.5..0.5]	[0.5..0.5]	[1.155..1.155]	[851960.1..851960.1]	[0.5..0.5]	[0.5..0.5]	1.004296	[855620.06..855620.06]
Group-1	PC 24:0:0	199.17	20180509_PC_brain_02.mzXML	35.0	707781.1	0.0	0.0	[0.0..0.0]	[0.5..0.5]	[1.187..1.187]	[840136.25..840136.25]	[0.5..0.5]	[0.5..0.5]	[1.187..1.187]	[840136.25..840136.25]	[0.5..0.5]	[0.5..0.5]	1.004296	[843745.4..843745.4]
Group-1	PC 25:0:0	199.17	20180509_PC_brain_02.mzXML	25.0	189069.6	0.0	0.0	[0.0..0.0]	[0.0..1.0]	[1.088..1.095]	[205707.73..207031.2]	[0.268..0.268]	[0.0..0.0]	[1.088..1.088]	[205707.73..205707.73]	[0.266..0.266]	[0.0..0.0]	0.98652405	[202935.62..204241.27]
Group-1	PC 25:0:0	199.17	20180509_PC_brain_02.mzXML	30.0	216833.2	0.0	0.0	[0.0..0.0]	[0.0..1.0]	[1.149..1.152]	[249141.36..249791.84]	[0.287..0.288]	[0.0..0.0]	[1.149..1.149]	[249141.36..249141.36]	[0.287..0.287]	[0.0..0.0]	0.98652405	[245783.95..246425.66]
Group-1	PC 25:0:0	199.17	20180509_PC_brain_02.mzXML	35.0	204238.3	0.0	0.0	[0.0..0.0]	[0.0..1.0]	[1.172..1.176]	[239367.3..240184.23]	[0.297..0.297]	[0.0..0.0]	[1.172..1.172]	[239367.3..239367.3]	[0.297..0.297]	[0.0..0.0]	0.98652405	[236141.58..236947.52]
Group-1	PC 25:0:0	213.18	20180509_PC_brain_02.mzXML	25.0	530974.4	0.0	0.0	[0.0..0.0]	[0.0..1.0]	[1.057..1.067]	[561239.94..566549.7]	[0.732..0.732]	[1.0..1.0]	[1.067..1.067]	[566549.7..566549.7]	[0.734..0.734]	[1.0..1.0]	0.98652405	[553676.7..558914.9]
Group-1	PC 25:0:0	213.18	20180509_PC_brain_02.mzXML	30.0	559709.6	0.0	0.0	[0.0..0.0]	[0.0..1.0]	[1.102..1.108]	[616800.0..620158.3]	[0.712..0.713]	[1.0..1.0]	[1.108..1.108]	[620158.3..620158.3]	[0.713..0.713]	[1.0..1.0]	0.98652405	[608488.06..611801.06]
Group-1	PC 25:0:0	213.18	20180509_PC_brain_02.mzXML	35.0	504818.1	0.0	0.0	[0.0..0.0]	[0.0..1.0]	[1.12..1.125]	[565396.25..567920.4]	[0.703..0.703]	[1.0..1.0]	[1.125..1.125]	[567920.4..567920.4]	[0.703..0.703]	[1.0..1.0]	0.98652405	[557777.0..560267.06]
Group-1	PC 30:0:0	227.2	20180509_PC_brain_02.mzXML	25.0	7044.3	0.0	0.0	[0.0..0.0]	[0.0..1.0]	[1.033..1.042]	[7276.762..7340.161]	[0.478..0.48]	[0.38..0.45]	[1.036..1.037]	[7297.8945..7304.9385]	[0.478..0.479]	[0.381..0.45]	0.9069271	[6599.4927..6656.9907]
Group-1	PC 30:0:0	227.2	20180509_PC_brain_02.mzXML	30.0	7884.5	0.0	0.0	[0.0..0.0]	[0.0..1.0]	[1.062..1.068]	[8373.339..8420.646]	[0.454..0.456]	[0.38..0.45]	[1.064..1.065]	[8389.108..8396.993]	[0.455..0.455]	[0.381..0.45]	0.9069271	[7594.009..7636.912]
Group-1	PC 30:0:0	227.2	20180509_PC_brain_02.mzXML	35.0	7595.3	0.0	0.0	[0.0..0.0]	[0.0..1.0]	[1.074..1.079]	[8157.352..8195.328]	[0.467..0.468]	[0.38..0.45]	[1.076..1.076]	[8172.5425..8172.5425]	[0.468..0.468]	[0.381..0.45]	0.9069271	[7398.1235..7432.5654]
Group-1	PC 30:0:0	255.23	20180509_PC_brain_02.mzXML	25.0	7954.9	0.0	0.0	[0.0..0.0]	[0.0..1.0]	[1.0..1.0]	[7954.9..7954.9]	[0.52..0.522]	[0.55..0.62]	[1.0..1.0]	[7954.9..7954.9]	[0.521..0.522]	[0.55..0.619]	0.9069271	[7214.514..7214.514]
Group-1	PC 30:0:0	255.23	20180509_PC_brain_02.mzXML	30.0	10052.1	0.0	0.0	[0.0..0.0]	[0.0..1.0]	[1.0..1.0]	[10052.1..10052.1]	[0.544..0.546]	[0.55..0.62]	[1.0..1.0]	[10052.1..10052.1]	[0.545..0.545]	[0.55..0.619]	0.9069271	[9116.521..9116.521]
Group-1	PC 30:0:0	255.23	20180509_PC_brain_02.mzXML	35.0	9308.7	0.0	0.0	[0.0..0.0]	[0.0..1.0]	[1.0..1.0]	[9308.7..9308.7]	[0.532..0.533]	[0.55..0.62]	[1.0..1.0]	[9308.7..9308.7]	[0.532..0.532]	[0.55..0.619]	0.9069271	[8442.3125..8442.3125]
Group-1	PC 32:0:0	227.2	20180509_PC_brain_02.mzXML	25.0	1162.2	0.0	0.0	[0.0..0.0]	[0.0..1.0]	[1.033..1.042]	[1200.553..1211.013]	[0.749..0.751]	[1.0..1.0]	[1.042..1.042]	[1211.0125..1211.0125]	[0.753..0.753]	[0.998..1.0]	0.87883294	[1055.0851..1064.2776]
Group-1	PC 32:0:0	227.2	20180509_PC_brain_02.mzXML	30.0	1348.6	0.0	0.0	[0.0..0.0]	[0.0..1.0]	[1.062..1.068]	[1432.213..1440.305]	[0.692..0.693]	[1.0..1.0]	[1.068..1.068]	[1440.3047..1440.3047]	[0.695..0.695]	[0.998..1.0]	0.87883294	[1258.6761..1265.7872]
Group-1	PC 32:0:0	227.2	20180509_PC_brain_02.mzXML	35.0	1564.5	0.0	0.0	[0.0..0.0]	[0.0..1.0]	[1.074..1.079]	[1680.273..1688.096]	[0.716..0.717]	[1.0..1.0]	[1.079..1.079]	[1688.0955..1688.0955]	[0.717..0.717]	[0.998..1.0]	0.87883294	[1476.6792..1483.5538]
Group-1	PC 32:0:0	255.23	20180509_PC_brain_02.mzXML	25.0	154423.4	0.0	0.0	[0.0..0.0]	[0.5..0.5]	[1.0..1.0]	[154423.4..154423.4]	[0.5..0.5]	[0.5..0.5]	[1.0..1.0]	[154423.4..154423.4]	[0.5..0.5]	[0.5..0.5]	0.87883294	[135712.38..135712.38]
Group-1	PC 32:0:0	255.23	20180509_PC_brain_02.mzXML	30.0	191949.6	0.0	0.0	[0.0..0.0]	[0.5..0.5]	[1.0..1.0]	[191949.6..191949.6]	[0.5..0.5]	[0.5..0.5]	[1.0..1.0]	[191949.6..191949.6]	[0.5..0.5]	[0.5..0.5]	0.87883294	[168691.62..168691.62]
Group-1	PC 32:0:0	255.23	20180509_PC_brain_02.mzXML	35.0	178363.7	0.0	0.0	[0.0..0.0]	[0.5..0.5]	[1.0..1.0]	[178363.7..178363.7]	[0.5..0.5]	[0.5..0.5]	[1.0..1.0]	[178363.7..178363.7]	[0.5..0.5]	[0.5..0.5]	0.87883294	[156751.89..156751.89]
Group-1	PC 32:0:0	283.26	20180509_PC_brain_02.mzXML	25.0	411.3	0.0	0.0	[0.0..0.0]	[0.0..1.0]	[0.968..0.988]	[398.138..406.364]	[0.249..0.251]	[0.0..0.0]	[0.968..0.968]	[398.1384..398.1384]	[0.247..0.247]	[0.0..0.002]	0.87883294	[349.89713..357.1264]
Group-1	PC 32:0:0	283.26	20180509_PC_brain_02.mzXML	30.0	669.5	0.0	0.0	[0.0..0.0]	[0.0..1.0]	[0.946..0.958]	[633.347..641.381]	[0.307..0.308]	[0.0..0.0]	[0.946..0.946]	[633.347..633.347]	[0.305..0.305]	[0.0..0.002]	0.87883294	[556.6062..563.66675]
Group-1	PC 32:0:0	283.26	20180509_PC_brain_02.mzXML	35.0	709.4	0.0	0.0	[0.0..0.0]	[0.0..1.0]	[0.937..0.945]	[664.708..670.383]	[0.283..0.284]	[0.0..0.0]	[0.937..0.937]	[664.7078..664.7078]	[0.283..0.283]	[0.0..0.002]	0.87883294	[584.1671..589.15466]
Group-1	PC 32:1:0	227.2	20180509_PC_brain_02.mzXML	25.0	4456.2	0.0	0.0	[0.0..0.0]	[0.0..0.0]	[1.042..1.042]	[4643.361..4643.361]	[0.452..0.452]	[0.38..0.43]	[1.042..1.042]	[4643.361..4643.361]	[0.452..0.452]	[0.381..0.428]	0.88078475	[4089.8013..4089.8013]
Group-1	PC 32:1:0	227.2	20180509_PC_brain_02.mzXML	30.0	5012.2	0.0	0.0	[0.0..0.0]	[0.0..0.0]	[1.068..1.068]	[5353.03..5353.03]	[0.472..0.472]	[0.38..0.43]	[1.068..1.068]	[5353.03..5353.03]	[0.472..0.472]	[0.381..0.428]	0.88078475	[4714.8667..4714.8667]
Group-1	PC 32:1:0	227.2	20180509_PC_brain_02.mzXML	35.0	4761.6	0.0	0.0	[0.0..0.0]	[0.0..0.0]	[1.079..1.079]	[5137.767..5137.767]	[0.473..0.473]	[0.38..0.43]	[1.079..1.079]	[5137.7666..5137.7666]	[0.473..0.473]	[0.381..0.428]	0.88078475	[4525.2666..4525.2666]
Group-1	PC 32:1:0	253.22	20180509_PC_brain_02.mzXML	25.0	109817.7	0.0	0.0	[9.0..9.0]	[0.0..1.0]	[0.902..0.981]	[99055.57..107731.17]	[0.563..0.583]	[0.61..0.71]	[0.95..0.958]	[104326.82..105205.36]	[0.575..0.577]	[0.607..0.707]	0.88078475	[87246.63..94887.97]
Group-1	PC 32:1:0	253.22	20180509_PC_brain_02.mzXML	30.0	111701.7	0.0	0.0	[9.0..9.0]	[0.0..1.0]	[0.912..0.97]	[101871.95..108350.66]	[0.545..0.56]	[0.61..0.71]	[0.947..0.953]	[105781.516..106451.73]	[0.554..0.556]	[0.607..0.707]	0.88078475	[89727.266..95433.6]
Group-1	PC 32:1:0	253.22	20180509_PC_brain_02.mzXML	35.0	102185.2	0.0	0.0	[9.0..9.0]	[0.0..1.0]	[0.935..0.969]	[95543.17..99017.46]	[0.54..0.549]	[0.61..0.71]	[0.956..0.959]	[97689.055..97995.61]	[0.546..0.547]	[0.607..0.707]	0.88078475	[84152.97..87213.07]
Group-1	PC 32:1:0	255.23	20180509_PC_brain_02.mzXML	25.0	76970.1	0.0	0.0	[0.0..0.0]	[0.0..1.0]	[1.0..1.0]	[76970.1..76970.1]	[0.417..0.437]	[0.29..0.39]	[1.0..1.0]	[76970.1..76970.1]	[0.423..0.425]	[0.293..0.393]	0.88078475	[67794.09..67794.09]
Group-1	PC 32:1:0	255.23	20180509_PC_brain_02.mzXML	30.0	85019.4	0.0	0.0	[0.0..0.0]	[0.0..1.0]	[1.0..1.0]	[85019.4..85019.4]	[0.44..0.455]	[0.29..0.39]	[1.0..1.0]	[85019.4..85019.4]	[0.444..0.446]	[0.293..0.393]	0.88078475	[74883.79..74883.79]
Group-1	PC 32:1:0	255.23	20180509_PC_brain_02.mzXML	35.0	81239.4	0.0	0.0	[0.0..0.0]	[0.0..1.0]	[1.0..1.0]	[81239.4..81239.4]	[0.451..0.46]	[0.29..0.39]	[1.0..1.0]	[81239.4..81239.4]	[0.453..0.454]	[0.293..0.393]	0.88078475	[71554.42..71554.42]
Group-1	PC 32:1:0	281.25	20180509_PC_brain_02.mzXML	25.0	5847.3	0.0	0.0	[9.0..9.0]	[1.0..1.0]	[0.964..0.964]	[5636.797..5636.797]	[0.548..0.548]	[0.57..0.62]	[0.964..0.964]	[5636.797..5636.797]	[0.548..0.548]	[0.572..0.619]	0.88078475	[4964.8047..4964.8047]
Group-1	PC 32:1:0	281.25	20180509_PC_brain_02.mzXML	30.0	6466.3	0.0	0.0	[9.0..9.0]	[1.0..1.0]	[0.926..0.926]	[5987.794..5987.794]	[0.528..0.528]	[0.57..0.62]	[0.926..0.926]	[5987.7935..5987.7935]	[0.528..0.528]	[0.572..0.619]	0.88078475	[5273.9575..5273.9575]
Group-1	PC 32:1:0	281.25	20180509_PC_brain_02.mzXML	35.0	6277.7	0.0	0.0	[9.0..9.0]	[1.0..1.0]	[0.913..0.913]	[5731.54..5731.54]	[0.527..0.527]	[0.57..0.62]	[0.913..0.913]	[5731.54..5731.54]	[0.527..0.527]	[0.572..0.619]	0.88078475	[5048.2534..5048.2534]
Group-1	PC 32:2:0	253.22	20180509_PC_brain_02.mzXML	25.0	3052.8	0.0	0.0	[9.0..9.0]	[0.5..0.5]	[0.973..0.973]	[2970.375..2970.375]	[0.5..0.5]	[0.5..0.5]	[0.973..0.973]	[2970.3745..2970.3745]	[0.5..0.5]	[0.5..0.5]	0.8827558	[2622.1152..2622.1152]
Group-1	PC 32:2:0	253.22	20180509_PC_brain_02.mzXML	30.0	3579.2	0.0	0.0	[9.0..9.0]	[0.5..0.5]	[0.982..0.982]	[3514.775..3514.775]	[0.5..0.5]	[0.5..0.5]	[0.982..0.982]	[3514.7744..3514.7744]	[0.5..0.5]	[0.5..0.5]	0.8827558	[3102.6875..3102.6875]
Group-1	PC 32:2:0	253.22	20180509_PC_brain_02.mzXML	35.0	3287.8	0.0	0.0	[9.0..9.0]	[0.5..0.5]	[0.987..0.987]	[3245.059..3245.059]	[0.5..0.5]	[0.5..0.5]	[0.987..0.987]	[3245.0586..3245.0586]	[0.5..0.5]	[0.5..0.5]	0.8827558	[2864.5945..2864.5945]
Group-1	PC 34:1:0	253.22	20180509_PC_brain_02.mzXML	25.0	32723.1	0.0	0.0	[9.0..9.0]	[0.0..1.0]	[0.902..0.981]	[29516.236..32101.361]	[0.835..0.843]	[1.0..1.0]	[0.981..0.981]	[32101.361..32101.361]	[0.846..0.846]	[1.0..1.0]	0.854385	[25218.23..27426.922]
Group-1	PC 34:1:0	253.22	20180509_PC_brain_02.mzXML	30.0	37758.9	0.0	0.0	[9.0..9.0]	[0.0..1.0]	[0.912..0.97]	[34436.117..36626.133]	[0.698..0.709]	[1.0..1.0]	[0.97..0.97]	[36626.133..36626.133]	[0.711..0.711]	[1.0..1.0]	0.854385	[29421.701..31292.818]
Group-1	PC 34:1:0	253.22	20180509_PC_brain_02.mzXML	35.0	31447.2	0.0	0.0	[9.0..9.0]	[0.0..1.0]	[0.935..0.969]	[29403.13..30472.336]	[0.698..0.704]	[1.0..1.0]	[0.969..0.969]	[30472.336..30472.336]	[0.705..0.705]	[1.0..1.0]	0.854385	[25121.594..26035.107]
Group-1	PC 34:1:0	255.23	20180509_PC_brain_02.mzXML	25.0	900145.3	0.0	0.0	[0.0..0.0]	[0.0..0.0]	[1.0..1.0]	[900145.4..900145.4]	[0.367..0.367]	[0.17..0.2]	[1.0..1.0]	[900145.3..900145.3]	[0.367..0.367]	[0.169..0.201]	0.854385	[769070.7..769070.7]
Group-1	PC 34:1:0	255.23	20180509_PC_brain_02.mzXML	30.0	1062348.0	0.0	0.0	[0.0..0.0]	[0.0..0.0]	[1.0..1.0]	[1062348.0..1062348.0]	[0.378..0.378]	[0.17..0.2]	[1.0..1.0]	[1062348.0..1062348.0]	[0.378..0.378]	[0.169..0.201]	0.854385	[907654.2..907654.2]
Group-1	PC 34:1:0	255.23	20180509_PC_brain_02.mzXML	35.0	966175.6	0.0	0.0	[0.0..0.0]	[0.0..0.0]	[1.0..1.0]	[966175.6..966175.6]	[0.388..0.388]	[0.17..0.2]	[1.0..1.0]	[966175.6..966175.6]	[0.388..0.388]	[0.169..0.201]	0.854385	[825486.0..825486.0]
Group-1	PC 34:1:0	281.25	20180509_PC_brain_02.mzXML	25.0	1609947.2	0.0	0.0	[9.0..9.0]	[1.0..1.0]	[0.964..0.964]	[1551989.1..1551989.1]	[0.633..0.633]	[0.8..0.83]	[0.964..0.964]	[1551989.1..1551989.1]	[0.633..0.633]	[0.799..0.831]	0.854385	[1325996.2..1325996.2]
Group-1	PC 34:1:0	281.25	20180509_PC_brain_02.mzXML	30.0	1886240.6	0.0	0.0	[9.0..9.0]	[1.0..1.0]	[0.926..0.926]	[1746658.9..1746658.9]	[0.622..0.622]	[0.8..0.83]	[0.926..0.926]	[1746658.9..1746658.9]	[0.622..0.622]	[0.799..0.831]	0.854385	[1492319.1..1492319.1]
Group-1	PC 34:1:0	281.25	20180509_PC_brain_02.mzXML	35.0	1667952.2	0.0	0.0	[9.0..9.0]	[1.0..1.0]	[0.913..0.913]	[1522840.4..1522840.4]	[0.612..0.612]	[0.8..0.83]	[0.913..0.913]	[1522840.4..1522840.4]	[0.612..0.612]	[0.799..0.831]	0.854385	[1301092.0..1301092.0]
Group-1	PC 34:1:0	283.26	20180509_PC_brain_02.mzXML	25.0	6033.5	0.0	0.0	[0.0..0.0]	[0.0..1.0]	[0.968..0.988]	[5840.428..5961.098]	[0.157..0.165]	[0.0..0.0]	[0.968..0.968]	[5840.4277..5840.4277]	[0.154..0.154]	[0.0..0.0]	0.854385	[4989.974..5093.0728]
Group-1	PC 34:1:0	283.26	20180509_PC_brain_02.mzXML	30.0	15725.7	0.0	0.0	[0.0..0.0]	[0.0..1.0]	[0.946..0.958]	[14876.512..15065.221]	[0.291..0.302]	[0.0..0.0]	[0.946..0.946]	[14876.512..14876.512]	[0.289..0.289]	[0.0..0.0]	0.854385	[12710.27..12871.499]
Group-1	PC 34:1:0	283.26	20180509_PC_brain_02.mzXML	35.0	13587.3	0.0	0.0	[0.0..0.0]	[0.0..1.0]	[0.937..0.945]	[12731.3..12839.998]	[0.296..0.302]	[0.0..0.0]	[0.937..0.937]	[12731.3..12731.3]	[0.295..0.295]	[0.0..0.0]	0.854385	[10877.432..10970.302]
Group-1	PC 34:2:0	253.22	20180509_PC_brain_02.mzXML	25.0	23795.5	0.0	0.0	[9.0..9.0]	[0.0..0.0]	[0.902..0.902]	[21463.543..21463.543]	[0.474..0.474]	[0.43..0.44]	[0.902..0.902]	[21463.541..21463.541]	[0.474..0.474]	[0.428..0.435]	0.8562302	[18377.732..18377.732]
Group-1	PC 34:2:0	253.22	20180509_PC_brain_02.mzXML	30.0	26174.6	0.0	0.0	[9.0..9.0]	[0.0..0.0]	[0.912..0.912]	[23871.234..23871.234]	[0.473..0.473]	[0.43..0.44]	[0.912..0.912]	[23871.234..23871.234]	[0.473..0.473]	[0.428..0.435]	0.8562302	[20439.271..20439.271]
Group-1	PC 34:2:0	253.22	20180509_PC_brain_02.mzXML	35.0	22985.6	0.0	0.0	[9.0..9.0]	[0.0..0.0]	[0.935..0.935]	[21491.535..21491.535]	[0.473..0.473]	[0.43..0.44]	[0.935..0.935]	[21491.535..21491.535]	[0.473..0.473]	[0.428..0.435]	0.8562302	[18401.703..18401.703]
Group-1	PC 34:2:0	255.23	20180509_PC_brain_02.mzXML	25.0	27695.8	0.0	0.0	[0.0..0.0]	[0.0..0.0]	[1.0..1.0]	[27695.8..27695.8]	[0.423..0.423]	[0.31..0.38]	[1.0..1.0]	[27695.8..27695.8]	[0.423..0.423]	[0.308..0.375]	0.8562302	[23713.98..23713.98]
Group-1	PC 34:2:0	255.23	20180509_PC_brain_02.mzXML	30.0	32775.5	0.0	0.0	[0.0..0.0]	[0.0..0.0]	[1.0..1.0]	[32775.5..32775.5]	[0.452..0.452]	[0.31..0.38]	[1.0..1.0]	[32775.5..32775.5]	[0.452..0.452]	[0.308..0.375]	0.8562302	[28063.373..28063.373]
Group-1	PC 34:2:0	255.23	20180509_PC_brain_02.mzXML	35.0	30045.4	0.0	0.0	[0.0..0.0]	[0.0..0.0]	[1.0..1.0]	[30045.4..30045.4]	[0.448..0.448]	[0.31..0.38]	[1.0..1.0]	[30045.4..30045.4]	[0.448..0.448]	[0.308..0.375]	0.8562302	[25725.78..25725.78]
Group-1	PC 34:2:0	279.23	20180509_PC_brain_02.mzXML	25.0	39470.3	0.0	0.0	[9.0..9.0]	[1.0..1.0]	[0.956..0.956]	[37733.605..37733.605]	[0.577..0.577]	[0.62..0.69]	[0.956..0.956]	[37733.605..37733.605]	[0.577..0.577]	[0.625..0.692]	0.8562302	[32308.654..32308.654]
Group-1	PC 34:2:0	279.23	20180509_PC_brain_02.mzXML	30.0	41793.7	0.0	0.0	[9.0..9.0]	[1.0..1.0]	[0.952..0.952]	[39787.6..39787.6]	[0.548..0.548]	[0.62..0.69]	[0.952..0.952]	[39787.6..39787.6]	[0.548..0.548]	[0.625..0.692]	0.8562302	[34067.348..34067.348]
Group-1	PC 34:2:0	279.23	20180509_PC_brain_02.mzXML	35.0	37120.4	0.0	0.0	[9.0..9.0]	[1.0..1.0]	[0.996..0.996]	[36971.914..36971.914]	[0.552..0.552]	[0.62..0.69]	[0.996..0.996]	[36971.918..36971.918]	[0.552..0.552]	[0.625..0.692]	0.8562302	[31656.47..31656.47]
Group-1	PC 34:2:0	281.25	20180509_PC_brain_02.mzXML	25.0	24707.9	0.0	0.0	[9.0..9.0]	[1.0..1.0]	[0.964..0.964]	[23818.416..23818.416]	[0.526..0.526]	[0.56..0.57]	[0.964..0.964]	[23818.416..23818.416]	[0.526..0.526]	[0.565..0.572]	0.8562302	[20394.047..20394.047]
Group-1	PC 34:2:0	281.25	20180509_PC_brain_02.mzXML	30.0	28720.0	0.0	0.0	[9.0..9.0]	[1.0..1.0]	[0.926..0.926]	[26594.72..26594.72]	[0.527..0.527]	[0.56..0.57]	[0.926..0.926]	[26594.72..26594.72]	[0.527..0.527]	[0.565..0.572]	0.8562302	[22771.203..22771.203]
Group-1	PC 34:2:0	281.25	20180509_PC_brain_02.mzXML	35.0	26277.3	0.0	0.0	[9.0..9.0]	[1.0..1.0]	[0.913..0.913]	[23991.176..23991.176]	[0.527..0.527]	[0.56..0.57]	[0.913..0.913]	[23991.176..23991.176]	[0.527..0.527]	[0.565..0.572]	0.8562302	[20541.969..20541.969]
Group-1	PC 34:3:0	253.22	20180509_PC_brain_02.mzXML	25.0	839.3	0.0	0.0	[9.0..9.0]	[0.0..0.0]	[0.902..0.902]	[757.049..757.049]	[1.0..1.0]	[0.51..1.0]	[0.902..0.902]	[757.0486..757.0486]	[1.0..1.0]	[0.511..1.0]	0.85807484	[649.6044..649.6044]
Group-1	PC 34:3:0	253.22	20180509_PC_brain_02.mzXML	30.0	797.3	0.0	0.0	[9.0..9.0]	[1.0..1.0]	[0.97..0.97]	[773.381..773.381]	[0.562..0.562]	[0.51..1.0]	[0.97..0.97]	[773.381..773.381]	[0.562..0.562]	[0.511..1.0]	0.85807484	[663.6188..663.6188]
Group-1	PC 34:3:0	253.22	20180509_PC_brain_02.mzXML	35.0	735.6	0.0	0.0	[9.0..9.0]	[0.0..1.0]	[0.935..0.969]	[687.786..712.796]	[0.504..0.507]	[0.51..1.0]	[0.952..0.969]	[700.2912..712.7964]	[0.51..0.511]	[0.511..1.0]	0.85807484	[590.1718..611.6326]
Group-1	PC 34:3:0	255.23	20180509_PC_brain_02.mzXML	25.0	1316.7	0.0	0.0	[0.0..0.0]	[0.9..1.0]	[1.0..1.0]	[1316.7..1316.7]	[0.415..0.425]	[0.11..0.31]	[1.0..1.0]	[1316.7..1316.7]	[0.402..0.43]	[0.11..0.313]	0.85807484	[1129.8271..1129.8271]
Group-1	PC 34:3:0	255.23	20180509_PC_brain_02.mzXML	30.0	1533.8	0.0	0.0	[0.0..0.0]	[0.0..1.0]	[1.0..1.0]	[1533.8..1533.8]	[0.36..0.404]	[0.11..0.31]	[1.0..1.0]	[1533.8..1533.8]	[0.369..0.407]	[0.11..0.313]	0.85807484	[1316.1152..1316.1152]
Group-1	PC 34:3:0	255.23	20180509_PC_brain_02.mzXML	35.0	1095.0	0.0	0.0	[0.0..0.0]	[0.0..0.0]	[1.0..1.0]	[1095.0..1095.0]	[0.354..0.401]	[0.11..0.31]	[1.0..1.0]	[1095.0..1095.0]	[0.358..0.41]	[0.11..0.313]	0.85807484	[939.592..939.592]
Group-1	PC 34:3:0	277.22	20180509_PC_brain_02.mzXML	25.0	1975.5	0.0	0.0	[6.0..9.0]	[0.0..0.1]	[0.903..0.938]	[1783.877..1853.019]	[0.575..0.585]	[0.69..0.89]	[0.882..0.99]	[1742.3911..1955.745]	[0.57..0.598]	[0.687..0.89]	0.85807484	[1530.6995..1590.029]
Group-1	PC 34:3:0	277.22	20180509_PC_brain_02.mzXML	30.0	2195.8	0.0	0.0	[6.0..9.0]	[0.0..1.0]	[1.029..1.242]	[2259.478..2727.184]	[0.596..0.64]	[0.69..0.89]	[1.017..1.196]	[2233.1287..2626.1768]	[0.593..0.631]	[0.687..0.89]	0.85807484	[1938.8015..2340.1277]
Group-1	PC 34:3:0	277.22	20180509_PC_brain_02.mzXML	35.0	1267.3	0.0	0.0	[6.0..9.0]	[1.0..1.0]	[1.289..1.577]	[1633.55..1998.532]	[0.599..0.646]	[0.69..0.89]	[1.241..1.551]	[1572.7195..1965.5824]	[0.59..0.642]	[0.687..0.89]	0.85807484	[1401.7079..1714.8901]
Group-1	PC 34:3:0	279.23	20180509_PC_brain_02.mzXML	25.0	0.0	0.0	0.0	[9.0..9.0]	[1.0..1.0]	[0.956..0.956]	[0.0..0.0]	[0.0..0.0]	[0.0..0.49]	[0.956..0.956]	[0.0..0.0]	[0.0..0.0]	[0.0..0.489]	0.85807484	[0.0..0.0]
Group-1	PC 34:3:0	279.23	20180509_PC_brain_02.mzXML	30.0	681.5	0.0	0.0	[9.0..9.0]	[0.0..0.0]	[0.884..0.884]	[602.446..602.446]	[0.438..0.438]	[0.0..0.49]	[0.884..0.884]	[602.446..602.446]	[0.438..0.438]	[0.0..0.489]	0.85807484	[516.9438..516.9438]
Group-1	PC 34:3:0	279.23	20180509_PC_brain_02.mzXML	35.0	703.5	0.0	0.0	[9.0..9.0]	[0.0..1.0]	[0.951..0.996]	[669.029..700.686]	[0.493..0.496]	[0.0..0.49]	[0.951..0.973]	[669.0285..684.5055]	[0.489..0.49]	[0.0..0.489]	0.85807484	[574.0765..601.241]
Group-1	PC 36:1:0	255.23	20180509_PC_brain_02.mzXML	25.0	40665.7	0.0	0.0	[0.0..0.0]	[0.39999998..0.39999998]	[1.0..1.0]	[40665.7..40665.7]	[0.569..0.569]	[0.62..0.67]	[1.0..1.0]	[40665.7..40665.7]	[0.569..0.569]	[0.622..0.672]	0.8296408	[33737.92..33737.92]
Group-1	PC 36:1:0	255.23	20180509_PC_brain_02.mzXML	30.0	46552.2	0.0	0.0	[0.0..0.0]	[0.0..0.39999998]	[1.0..1.0]	[46552.2..46552.2]	[0.547..0.555]	[0.62..0.67]	[1.0..1.0]	[46552.2..46552.2]	[0.552..0.553]	[0.622..0.672]	0.8296408	[38621.605..38621.605]
Group-1	PC 36:1:0	255.23	20180509_PC_brain_02.mzXML	35.0	46564.0	0.0	0.0	[0.0..0.0]	[0.0..0.0]	[1.0..1.0]	[46564.0..46564.0]	[0.56..0.56]	[0.62..0.67]	[1.0..1.0]	[46564.0..46564.0]	[0.56..0.56]	[0.622..0.672]	0.8296408	[38631.395..38631.395]
Group-1	PC 36:1:0	281.25	20180509_PC_brain_02.mzXML	25.0	859103.6	0.0	0.0	[9.0..9.0]	[0.0..1.0]	[0.87..0.964]	[747420.2..828175.9]	[0.74..0.755]	[1.0..1.0]	[0.964..0.964]	[828175.9..828175.9]	[0.759..0.759]	[1.0..1.0]	0.8296408	[620090.25..687088.5]
Group-1	PC 36:1:0	281.25	20180509_PC_brain_02.mzXML	30.0	1046097.4	0.0	0.0	[9.0..9.0]	[0.0..1.0]	[0.856..0.926]	[895459.4..968686.2]	[0.722..0.735]	[1.0..1.0]	[0.926..0.926]	[968686.2..968686.2]	[0.738..0.738]	[1.0..1.0]	0.8296408	[742909.6..803661.56]
Group-1	PC 36:1:0	281.25	20180509_PC_brain_02.mzXML	35.0	1009670.2	0.0	0.0	[9.0..9.0]	[0.0..1.0]	[0.868..0.913]	[876393.7..921828.9]	[0.714..0.723]	[1.0..1.0]	[0.913..0.913]	[921828.9..921828.9]	[0.725..0.725]	[1.0..1.0]	0.8296408	[727091.94..764786.8]
Group-1	PC 36:1:0	283.26	20180509_PC_brain_02.mzXML	25.0	271472.6	0.0	0.0	[0.0..0.0]	[0.0..1.0]	[0.968..0.988]	[262785.47..268214.9]	[0.245..0.26]	[0.0..0.0]	[0.968..0.968]	[262785.47..262785.47]	[0.241..0.241]	[0.0..0.0]	0.8296408	[218017.55..222522.03]
Group-1	PC 36:1:0	283.26	20180509_PC_brain_02.mzXML	30.0	363780.5	0.0	0.0	[0.0..0.0]	[0.0..1.0]	[0.946..0.958]	[344136.34..348501.72]	[0.265..0.278]	[0.0..0.0]	[0.946..0.946]	[344136.34..344136.34]	[0.262..0.262]	[0.0..0.0]	0.8296408	[285509.56..289131.25]
Group-1	PC 36:1:0	283.26	20180509_PC_brain_02.mzXML	35.0	373829.9	0.0	0.0	[0.0..0.0]	[0.0..1.0]	[0.937..0.945]	[350278.62..353269.25]	[0.277..0.286]	[0.0..0.0]	[0.937..0.937]	[350278.62..350278.62]	[0.275..0.275]	[0.0..0.0]	0.8296408	[290605.4..293086.6]
Group-1	PC 36:1:0	309.28	20180509_PC_brain_02.mzXML	25.0	33360.3	0.0	0.0	[11.0..11.0]	[0.6..0.6]	[0.925..0.925]	[30858.28..30858.28]	[0.431..0.431]	[0.33..0.38]	[0.925..0.925]	[30858.28..30858.28]	[0.431..0.431]	[0.328..0.378]	0.8296408	[25601.287..25601.287]
Group-1	PC 36:1:0	309.28	20180509_PC_brain_02.mzXML	30.0	43087.4	0.0	0.0	[11.0..11.0]	[0.6..1.0]	[0.865..0.894]	[37270.6..38520.133]	[0.445..0.453]	[0.33..0.38]	[0.875..0.876]	[37701.473..37744.56]	[0.447..0.448]	[0.328..0.378]	0.8296408	[30921.209..31957.873]
Group-1	PC 36:1:0	309.28	20180509_PC_brain_02.mzXML	35.0	42547.0	0.0	0.0	[11.0..11.0]	[1.0..1.0]	[0.861..0.861]	[36632.97..36632.97]	[0.44..0.44]	[0.33..0.38]	[0.861..0.861]	[36632.97..36632.97]	[0.44..0.44]	[0.328..0.378]	0.8296408	[30392.203..30392.203]
Group-1	PC 36:2:0	253.22	20180509_PC_brain_02.mzXML	25.0	2283.1	0.0	0.0	[9.0..9.0]	[0.0..0.0]	[0.902..0.902]	[2059.356..2059.356]	[0.54..0.54]	[0.6..0.76]	[0.902..0.902]	[2059.3562..2059.3562]	[0.54..0.54]	[0.6..0.762]	0.8313721	[1712.0914..1712.0914]
Group-1	PC 36:2:0	253.22	20180509_PC_brain_02.mzXML	30.0	2808.9	0.0	0.0	[9.0..9.0]	[0.0..0.0]	[0.912..0.912]	[2561.717..2561.717]	[0.601..0.601]	[0.6..0.76]	[0.912..0.912]	[2561.7168..2561.7168]	[0.601..0.601]	[0.6..0.762]	0.8313721	[2129.7397..2129.7397]
Group-1	PC 36:2:0	253.22	20180509_PC_brain_02.mzXML	35.0	2006.4	0.0	0.0	[9.0..9.0]	[0.0..0.0]	[0.935..0.935]	[1875.984..1875.984]	[0.565..0.565]	[0.6..0.76]	[0.935..0.935]	[1875.984..1875.984]	[0.565..0.565]	[0.6..0.762]	0.8313721	[1559.6407..1559.6407]
Group-1	PC 36:2:0	255.23	20180509_PC_brain_02.mzXML	25.0	13111.7	0.0	0.0	[0.0..0.0]	[0.0..0.0]	[1.0..1.0]	[13111.7..13111.7]	[0.524..0.524]	[0.56..0.67]	[1.0..1.0]	[13111.7..13111.7]	[0.524..0.524]	[0.56..0.669]	0.8313721	[10900.701..10900.701]
Group-1	PC 36:2:0	255.23	20180509_PC_brain_02.mzXML	30.0	16509.0	0.0	0.0	[0.0..0.0]	[0.0..0.0]	[1.0..1.0]	[16509.0..16509.0]	[0.565..0.565]	[0.56..0.67]	[1.0..1.0]	[16509.0..16509.0]	[0.565..0.565]	[0.56..0.669]	0.8313721	[13725.122..13725.122]
Group-1	PC 36:2:0	255.23	20180509_PC_brain_02.mzXML	35.0	14843.8	0.0	0.0	[0.0..0.0]	[0.0..0.0]	[1.0..1.0]	[14843.8..14843.8]	[0.558..0.558]	[0.56..0.67]	[1.0..1.0]	[14843.8..14843.8]	[0.558..0.558]	[0.56..0.669]	0.8313721	[12340.721..12340.721]
Group-1	PC 36:2:0	279.23	20180509_PC_brain_02.mzXML	25.0	36215.1	0.0	0.0	[9.0..9.0]	[0.0..1.0]	[0.867..0.956]	[31398.492..34621.637]	[0.72..0.735]	[1.0..1.0]	[0.956..0.956]	[34621.637..34621.637]	[0.739..0.739]	[1.0..1.0]	0.8313721	[26103.83..28783.46]
Group-1	PC 36:2:0	279.23	20180509_PC_brain_02.mzXML	30.0	42352.1	0.0	0.0	[9.0..9.0]	[0.0..1.0]	[0.884..0.952]	[37439.258..40319.203]	[0.713..0.725]	[1.0..1.0]	[0.952..0.952]	[40319.203..40319.203]	[0.728..0.728]	[1.0..1.0]	0.8313721	[31125.955..33520.258]
Group-1	PC 36:2:0	279.23	20180509_PC_brain_02.mzXML	35.0	37168.7	0.0	0.0	[9.0..9.0]	[0.0..1.0]	[0.951..0.996]	[35347.434..37020.023]	[0.718..0.726]	[1.0..1.0]	[0.996..0.996]	[37020.023..37020.023]	[0.727..0.727]	[1.0..1.0]	0.8313721	[29386.87..30777.416]
Group-1	PC 36:2:0	281.25	20180509_PC_brain_02.mzXML	25.0	262930.4	0.0	0.0	[9.0..9.0]	[0.5..0.5]	[0.915..0.915]	[240581.33..240581.33]	[0.5..0.5]	[0.5..0.5]	[0.915..0.915]	[240581.33..240581.33]	[0.5..0.5]	[0.5..0.5]	0.8313721	[200012.6..200012.6]
Group-1	PC 36:2:0	281.25	20180509_PC_brain_02.mzXML	30.0	313728.7	0.0	0.0	[9.0..9.0]	[0.5..0.5]	[0.911..0.911]	[285806.84..285806.84]	[0.5..0.5]	[0.5..0.5]	[0.911..0.911]	[285806.84..285806.84]	[0.5..0.5]	[0.5..0.5]	0.8313721	[237611.83..237611.83]
Group-1	PC 36:2:0	281.25	20180509_PC_brain_02.mzXML	35.0	285742.1	0.0	0.0	[9.0..9.0]	[0.5..0.5]	[0.917..0.917]	[262025.5..262025.5]	[0.5..0.5]	[0.5..0.5]	[0.917..0.917]	[262025.5..262025.5]	[0.5..0.5]	[0.5..0.5]	0.8313721	[217840.69..217840.69]
Group-1	PC 36:2:0	283.26	20180509_PC_brain_02.mzXML	25.0	12636.0	0.0	0.0	[0.0..0.0]	[0.0..1.0]	[0.968..0.988]	[12231.647..12484.368]	[0.265..0.28]	[0.0..0.0]	[0.968..0.968]	[12231.647..12231.647]	[0.261..0.261]	[0.0..0.0]	0.8313721	[10169.051..10379.155]
Group-1	PC 36:2:0	283.26	20180509_PC_brain_02.mzXML	30.0	15960.3	0.0	0.0	[0.0..0.0]	[0.0..1.0]	[0.946..0.958]	[15098.443..15289.967]	[0.275..0.287]	[0.0..0.0]	[0.946..0.946]	[15098.443..15098.443]	[0.272..0.272]	[0.0..0.0]	0.8313721	[12552.424..12711.651]
Group-1	PC 36:2:0	283.26	20180509_PC_brain_02.mzXML	35.0	14799.1	0.0	0.0	[0.0..0.0]	[0.0..1.0]	[0.937..0.945]	[13866.756..13985.149]	[0.274..0.282]	[0.0..0.0]	[0.937..0.937]	[13866.756..13866.756]	[0.273..0.273]	[0.0..0.0]	0.8313721	[11528.435..11626.862]
Group-1	PC 36:2:0	307.26	20180509_PC_brain_02.mzXML	25.0	12545.8	0.0	0.0	[11.0..11.0]	[1.0..1.0]	[0.951..0.951]	[11931.056..11931.056]	[0.476..0.476]	[0.33..0.44]	[0.951..0.951]	[11931.056..11931.056]	[0.476..0.476]	[0.331..0.44]	0.8313721	[9919.146..9919.146]
Group-1	PC 36:2:0	307.26	20180509_PC_brain_02.mzXML	30.0	14132.1	0.0	0.0	[11.0..11.0]	[1.0..1.0]	[0.9..0.9]	[12718.89..12718.89]	[0.435..0.435]	[0.33..0.44]	[0.9..0.9]	[12718.89..12718.89]	[0.435..0.435]	[0.331..0.44]	0.8313721	[10574.13..10574.13]
Group-1	PC 36:2:0	307.26	20180509_PC_brain_02.mzXML	35.0	12967.0	0.0	0.0	[11.0..11.0]	[1.0..1.0]	[0.906..0.906]	[11748.103..11748.103]	[0.442..0.442]	[0.33..0.44]	[0.906..0.906]	[11748.103..11748.103]	[0.442..0.442]	[0.331..0.44]	0.8313721	[9767.044..9767.044]
Group-1	PC 36:2:0	309.28	20180509_PC_brain_02.mzXML	25.0	1821.4	0.0	0.0	[11.0..11.0]	[1.0..1.0]	[0.964..0.964]	[1755.83..1755.83]	[0.46..0.46]	[0.24..0.4]	[0.964..0.964]	[1755.8296..1755.8296]	[0.46..0.46]	[0.238..0.4]	0.8313721	[1459.7477..1459.7477]
Group-1	PC 36:2:0	309.28	20180509_PC_brain_02.mzXML	30.0	1899.2	0.0	0.0	[11.0..11.0]	[1.0..1.0]	[0.894..0.894]	[1697.885..1697.885]	[0.399..0.399]	[0.24..0.4]	[0.894..0.894]	[1697.8848..1697.8848]	[0.399..0.399]	[0.238..0.4]	0.8313721	[1411.574..1411.574]
Group-1	PC 36:2:0	309.28	20180509_PC_brain_02.mzXML	35.0	1677.5	0.0	0.0	[11.0..11.0]	[1.0..1.0]	[0.861..0.861]	[1444.328..1444.328]	[0.435..0.435]	[0.24..0.4]	[0.861..0.861]	[1444.3275..1444.3275]	[0.435..0.435]	[0.238..0.4]	0.8313721	[1200.7736..1200.7736]
Group-1	PC 36:3:0	255.23	20180509_PC_brain_02.mzXML	25.0	11566.3	0.0	0.0	[0.0..0.0]	[0.0..1.0]	[1.0..1.0]	[11566.3..11566.3]	[0.424..0.456]	[0.18..0.44]	[1.0..1.0]	[11566.3..11566.3]	[0.45..0.479]	[0.179..0.435]	0.8331026	[9635.914..9635.914]
Group-1	PC 36:3:0	255.23	20180509_PC_brain_02.mzXML	30.0	13440.0	0.0	0.0	[0.0..0.0]	[0.0..1.0]	[1.0..1.0]	[13440.0..13440.0]	[0.409..0.475]	[0.18..0.44]	[1.0..1.0]	[13440.0..13440.0]	[0.423..0.483]	[0.179..0.435]	0.8331026	[11196.898..11196.898]
Group-1	PC 36:3:0	255.23	20180509_PC_brain_02.mzXML	35.0	12070.2	0.0	0.0	[0.0..0.0]	[0.0..0.0]	[1.0..1.0]	[12070.2..12070.2]	[0.38..0.467]	[0.18..0.44]	[1.0..1.0]	[12070.2..12070.2]	[0.386..0.479]	[0.179..0.435]	0.8331026	[10055.715..10055.715]
Group-1	PC 36:3:0	279.23	20180509_PC_brain_02.mzXML	25.0	8562.2	0.0	0.0	[9.0..9.0]	[0.0..0.0]	[0.867..0.867]	[7423.427..7423.427]	[0.47..0.47]	[0.43..0.5]	[0.867..0.867]	[7423.4272..7423.4272]	[0.47..0.47]	[0.425..0.497]	0.8331026	[6184.4766..6184.4766]
Group-1	PC 36:3:0	279.23	20180509_PC_brain_02.mzXML	30.0	10434.4	0.0	0.0	[9.0..9.0]	[0.0..0.0]	[0.884..0.884]	[9224.01..9224.01]	[0.499..0.499]	[0.43..0.5]	[0.884..0.884]	[9224.01..9224.01]	[0.499..0.499]	[0.425..0.497]	0.8331026	[7684.5464..7684.5464]
Group-1	PC 36:3:0	279.23	20180509_PC_brain_02.mzXML	35.0	8650.0	0.0	0.0	[9.0..9.0]	[0.0..0.0]	[0.951..0.951]	[8226.15..8226.15]	[0.487..0.487]	[0.43..0.5]	[0.951..0.951]	[8226.149..8226.149]	[0.487..0.487]	[0.425..0.497]	0.8331026	[6853.2266..6853.2266]
Group-1	PC 36:3:0	281.25	20180509_PC_brain_02.mzXML	25.0	8679.8	0.0	0.0	[9.0..9.0]	[1.0..1.0]	[0.964..0.964]	[8367.327..8367.327]	[0.53..0.53]	[0.5..0.57]	[0.964..0.964]	[8367.327..8367.327]	[0.53..0.53]	[0.503..0.575]	0.8331026	[6970.842..6970.842]
Group-1	PC 36:3:0	281.25	20180509_PC_brain_02.mzXML	30.0	9990.9	0.0	0.0	[9.0..9.0]	[1.0..1.0]	[0.926..0.926]	[9251.574..9251.574]	[0.501..0.501]	[0.5..0.57]	[0.926..0.926]	[9251.574..9251.574]	[0.501..0.501]	[0.503..0.575]	0.8331026	[7707.5103..7707.5103]
Group-1	PC 36:3:0	281.25	20180509_PC_brain_02.mzXML	35.0	9509.6	0.0	0.0	[9.0..9.0]	[1.0..1.0]	[0.913..0.913]	[8682.265..8682.265]	[0.513..0.513]	[0.5..0.57]	[0.913..0.913]	[8682.265..8682.265]	[0.513..0.513]	[0.503..0.575]	0.8331026	[7233.217..7233.217]
Group-1	PC 36:3:0	305.25	20180509_PC_brain_02.mzXML	25.0	15295.0	0.0	0.0	[5.0..11.0]	[0.0..1.0]	[0.903..1.028]	[13811.385..15723.26]	[0.544..0.576]	[0.56..0.82]	[0.823..0.925]	[12587.785..14147.875]	[0.521..0.55]	[0.565..0.821]	0.8331026	[11506.3..13099.088]
Group-1	PC 36:3:0	305.25	20180509_PC_brain_02.mzXML	30.0	16021.0	0.0	0.0	[5.0..11.0]	[0.0..1.0]	[0.927..1.213]	[14851.467..19433.475]	[0.525..0.591]	[0.56..0.82]	[0.899..1.143]	[14402.879..18312.004]	[0.517..0.577]	[0.565..0.821]	0.8331026	[12372.796..16190.077]
Group-1	PC 36:3:0	305.25	20180509_PC_brain_02.mzXML	35.0	12522.2	0.0	0.0	[5.0..11.0]	[1.0..1.0]	[1.1..1.574]	[13774.421..19709.943]	[0.533..0.62]	[0.56..0.82]	[1.048..1.533]	[13123.266..19196.533]	[0.521..0.614]	[0.565..0.821]	0.8331026	[11475.505..16420.404]
Group-1	PC 36:4:0	255.23	20180509_PC_brain_02.mzXML	25.0	40922.2	0.0	0.0	[0.0..0.0]	[0.0..0.0]	[1.0..1.0]	[40922.2..40922.2]	[0.243..0.244]	[0.0..0.0]	[1.0..1.0]	[40922.2..40922.2]	[0.243..0.244]	[0.0..0.0]	0.8348496	[34163.883..34163.883]
Group-1	PC 36:4:0	255.23	20180509_PC_brain_02.mzXML	30.0	49911.6	0.0	0.0	[0.0..0.0]	[0.0..0.0]	[1.0..1.0]	[49911.6..49911.6]	[0.263..0.265]	[0.0..0.0]	[1.0..1.0]	[49911.6..49911.6]	[0.263..0.265]	[0.0..0.0]	0.8348496	[41668.68..41668.68]
Group-1	PC 36:4:0	255.23	20180509_PC_brain_02.mzXML	35.0	46604.9	0.0	0.0	[0.0..0.0]	[0.0..0.0]	[1.0..1.0]	[46604.9..46604.9]	[0.281..0.283]	[0.0..0.0]	[1.0..1.0]	[46604.9..46604.9]	[0.281..0.283]	[0.0..0.0]	0.8348496	[38908.082..38908.082]
Group-1	PC 36:4:0	279.23	20180509_PC_brain_02.mzXML	25.0	520.5	0.0	0.0	[9.0..9.0]	[0.5..0.5]	[0.916..0.916]	[476.778..476.778]	[0.5..0.5]	[0.5..0.5]	[0.916..0.916]	[476.778..476.778]	[0.5..0.5]	[0.5..0.5]	0.8348496	[398.03793..398.03793]
Group-1	PC 36:4:0	279.23	20180509_PC_brain_02.mzXML	30.0	721.4	0.0	0.0	[9.0..9.0]	[0.5..0.5]	[0.945..0.945]	[681.723..681.723]	[0.5..0.5]	[0.5..0.5]	[0.945..0.945]	[681.723..681.723]	[0.5..0.5]	[0.5..0.5]	0.8348496	[569.13617..569.13617]
Group-1	PC 36:4:0	279.23	20180509_PC_brain_02.mzXML	35.0	574.4	0.0	0.0	[9.0..9.0]	[0.5..0.5]	[1.005..1.005]	[577.272..577.272]	[0.5..0.5]	[0.5..0.5]	[1.005..1.005]	[577.27203..577.27203]	[0.5..0.5]	[0.5..0.5]	0.8348496	[481.9353..481.9353]
Group-1	PC 36:4:0	303.23	20180509_PC_brain_02.mzXML	25.0	106585.5	5503.9	0.051638354	[5.1..5.1]	[1.0..1.0]	[1.192..1.195]	[127049.92..127369.68]	[0.756..0.757]	[1.0..1.0]	[1.192..1.195]	[127049.92..127369.68]	[0.756..0.757]	[1.0..1.0]	0.8348496	[106067.57..106334.52]
Group-1	PC 36:4:0	303.23	20180509_PC_brain_02.mzXML	30.0	84917.8	7074.6	0.08331116	[5.1..5.2]	[1.0..1.0]	[1.634..1.645]	[138755.66..139689.78]	[0.735..0.737]	[1.0..1.0]	[1.634..1.645]	[138755.67..139689.78]	[0.735..0.737]	[1.0..1.0]	0.8348496	[115840.12..116619.945]
Group-1	PC 36:4:0	303.23	20180509_PC_brain_02.mzXML	35.0	46302.8	5344.9	0.11543362	[5.1..5.2]	[1.0..1.0]	[2.548..2.574]	[117979.54..119183.41]	[0.717..0.719]	[1.0..1.0]	[2.548..2.574]	[117979.54..119183.41]	[0.717..0.719]	[1.0..1.0]	0.8348496	[98495.17..99500.22]
Group-1	PC 38:1:0	255.23	20180509_PC_brain_02.mzXML	25.0	2223.6	0.0	0.0	[0.0..0.0]	[0.0..0.0]	[1.0..1.0]	[2223.6..2223.6]	[0.41..0.41]	[0.28..0.38]	[1.0..1.0]	[2223.6..2223.6]	[0.41..0.41]	[0.276..0.378]	0.80639756	[1793.1057..1793.1057]
Group-1	PC 38:1:0	255.23	20180509_PC_brain_02.mzXML	30.0	3070.1	0.0	0.0	[0.0..0.0]	[0.0..0.0]	[1.0..1.0]	[3070.1..3070.1]	[0.453..0.453]	[0.28..0.38]	[1.0..1.0]	[3070.1..3070.1]	[0.453..0.453]	[0.276..0.378]	0.80639756	[2475.7212..2475.7212]
Group-1	PC 38:1:0	255.23	20180509_PC_brain_02.mzXML	35.0	2319.1	0.0	0.0	[0.0..0.0]	[0.0..0.0]	[1.0..1.0]	[2319.1..2319.1]	[0.438..0.438]	[0.28..0.38]	[1.0..1.0]	[2319.1..2319.1]	[0.438..0.438]	[0.276..0.378]	0.80639756	[1870.1167..1870.1167]
Group-1	PC 38:1:0	281.25	20180509_PC_brain_02.mzXML	25.0	6085.4	0.0	0.0	[9.0..9.0]	[0.0..1.0]	[0.87..0.964]	[5294.298..5866.325]	[0.687..0.698]	[0.91..1.0]	[0.956..0.964]	[5817.642..5866.325]	[0.707..0.708]	[0.913..0.997]	0.80639756	[4269.3086..4730.5903]
Group-1	PC 38:1:0	281.25	20180509_PC_brain_02.mzXML	30.0	6562.3	0.0	0.0	[9.0..9.0]	[0.0..1.0]	[0.856..0.926]	[5617.329..6076.69]	[0.659..0.669]	[0.91..1.0]	[0.92..0.926]	[6037.316..6076.6895]	[0.675..0.675]	[0.913..0.997]	0.80639756	[4529.8003..4900.228]
Group-1	PC 38:1:0	281.25	20180509_PC_brain_02.mzXML	35.0	6805.0	0.0	0.0	[9.0..9.0]	[0.0..1.0]	[0.868..0.913]	[5906.74..6212.965]	[0.68..0.686]	[0.91..1.0]	[0.909..0.913]	[6185.7446..6212.965]	[0.69..0.69]	[0.913..0.997]	0.80639756	[4763.18..5010.1196]
Group-1	PC 38:1:0	283.26	20180509_PC_brain_02.mzXML	25.0	7638.7	0.0	0.0	[0.0..0.0]	[0.0..0.0]	[0.968..0.968]	[7394.262..7394.262]	[0.248..0.248]	[0.0..0.0]	[0.968..0.968]	[7394.2617..7394.2617]	[0.248..0.248]	[0.0..0.0]	0.80639756	[5962.7144..5962.7144]
Group-1	PC 38:1:0	283.26	20180509_PC_brain_02.mzXML	30.0	8576.3	0.0	0.0	[0.0..0.0]	[0.0..0.0]	[0.946..0.946]	[8113.18..8113.18]	[0.243..0.243]	[0.0..0.0]	[0.946..0.946]	[8113.1797..8113.1797]	[0.243..0.243]	[0.0..0.0]	0.80639756	[6542.448..6542.448]
Group-1	PC 38:1:0	283.26	20180509_PC_brain_02.mzXML	35.0	9525.9	0.0	0.0	[0.0..0.0]	[0.0..0.0]	[0.937..0.937]	[8925.769..8925.769]	[0.289..0.289]	[0.0..0.0]	[0.937..0.937]	[8925.769..8925.769]	[0.289..0.289]	[0.0..0.0]	0.80639756	[7197.718..7197.718]
Group-1	PC 38:1:0	309.28	20180509_PC_brain_02.mzXML	25.0	23230.9	0.0	0.0	[11.0..11.0]	[1.0..1.0]	[0.964..0.964]	[22394.588..22394.588]	[0.752..0.752]	[1.0..1.0]	[0.964..0.964]	[22394.588..22394.588]	[0.752..0.752]	[1.0..1.0]	0.80639756	[18058.941..18058.941]
Group-1	PC 38:1:0	309.28	20180509_PC_brain_02.mzXML	30.0	28229.9	0.0	0.0	[11.0..11.0]	[1.0..1.0]	[0.894..0.894]	[25237.531..25237.531]	[0.757..0.757]	[1.0..1.0]	[0.894..0.894]	[25237.531..25237.531]	[0.757..0.757]	[1.0..1.0]	0.80639756	[20351.484..20351.484]
Group-1	PC 38:1:0	309.28	20180509_PC_brain_02.mzXML	35.0	25563.2	0.0	0.0	[11.0..11.0]	[1.0..1.0]	[0.861..0.861]	[22009.914..22009.914]	[0.711..0.711]	[1.0..1.0]	[0.861..0.861]	[22009.914..22009.914]	[0.711..0.711]	[1.0..1.0]	0.80639756	[17748.742..17748.742]
Group-1	PC 38:1:0	311.29	20180509_PC_brain_02.mzXML	25.0	2548.3	0.0	0.0	[0.0..0.0]	[0.0..1.0]	[0.946..0.995]	[2410.692..2535.559]	[0.302..0.313]	[0.0..0.09]	[0.946..0.95]	[2410.692..2420.885]	[0.292..0.293]	[0.003..0.087]	0.80639756	[1943.976..2044.6682]
Group-1	PC 38:1:0	311.29	20180509_PC_brain_02.mzXML	30.0	3222.4	0.0	0.0	[0.0..0.0]	[0.0..1.0]	[0.903..0.934]	[2909.827..3009.722]	[0.331..0.341]	[0.0..0.09]	[0.903..0.906]	[2909.8271..2919.4944]	[0.325..0.325]	[0.003..0.087]	0.80639756	[2346.4775..2427.032]
Group-1	PC 38:1:0	311.29	20180509_PC_brain_02.mzXML	35.0	3138.2	0.0	0.0	[0.0..0.0]	[0.0..1.0]	[0.887..0.908]	[2783.584..2849.486]	[0.314..0.32]	[0.0..0.09]	[0.887..0.889]	[2783.5835..2789.8599]	[0.31..0.31]	[0.003..0.087]	0.80639756	[2244.6748..2297.818]
Group-1	PC 38:1:0	337.31	20180509_PC_brain_02.mzXML	25.0	3364.1	0.0	0.0	[13.0..13.0]	[1.0..1.0]	[0.953..0.953]	[3205.987..3205.987]	[0.59..0.59]	[0.62..0.72]	[0.953..0.953]	[3205.9873..3205.9873]	[0.59..0.59]	[0.622..0.724]	0.80639756	[2585.3003..2585.3003]
Group-1	PC 38:1:0	337.31	20180509_PC_brain_02.mzXML	30.0	4317.3	0.0	0.0	[13.0..13.0]	[1.0..1.0]	[0.858..0.858]	[3704.243..3704.243]	[0.547..0.547]	[0.62..0.72]	[0.858..0.858]	[3704.2432..3704.2432]	[0.547..0.547]	[0.622..0.724]	0.80639756	[2987.0925..2987.0925]
Group-1	PC 38:1:0	337.31	20180509_PC_brain_02.mzXML	35.0	3670.9	0.0	0.0	[13.0..13.0]	[1.0..1.0]	[0.812..0.812]	[2980.771..2980.771]	[0.562..0.562]	[0.62..0.72]	[0.812..0.812]	[2980.7708..2980.7708]	[0.562..0.562]	[0.622..0.724]	0.80639756	[2403.6863..2403.6863]
Group-1	PC 38:2:0	253.22	20180509_PC_brain_02.mzXML	25.0	325.0	0.0	0.0	[9.0..9.0]	[0.0..0.0]	[0.902..0.902]	[293.15..293.15]	[0.352..0.352]	[0.0..0.13]	[0.902..0.902]	[293.15..293.15]	[0.352..0.352]	[0.0..0.132]	0.8080254	[236.87267..236.87267]
Group-1	PC 38:2:0	253.22	20180509_PC_brain_02.mzXML	30.0	0.0	0.0	0.0	[9.0..9.0]	[1.0..1.0]	[0.97..0.97]	[0.0..0.0]	[0.0..0.0]	[0.0..0.13]	[0.97..0.97]	[0.0..0.0]	[0.0..0.0]	[0.0..0.132]	0.8080254	[0.0..0.0]
Group-1	PC 38:2:0	253.22	20180509_PC_brain_02.mzXML	35.0	269.2	0.0	0.0	[9.0..9.0]	[0.0..1.0]	[0.935..0.969]	[251.702..260.855]	[0.235..0.24]	[0.0..0.13]	[0.935..0.939]	[251.70201..252.77881]	[0.229..0.23]	[0.0..0.132]	0.8080254	[203.38162..210.77731]
Group-1	PC 38:2:0	255.23	20180509_PC_brain_02.mzXML	25.0	983.1	0.0	0.0	[0.0..0.0]	[0.0..0.0]	[1.0..1.0]	[983.1..983.1]	[0.357..0.357]	[0.14..0.45]	[1.0..1.0]	[983.1..983.1]	[0.357..0.357]	[0.144..0.455]	0.8080254	[794.36975..794.36975]
Group-1	PC 38:2:0	255.23	20180509_PC_brain_02.mzXML	30.0	1730.5	0.0	0.0	[0.0..0.0]	[0.0..0.0]	[1.0..1.0]	[1730.5..1730.5]	[0.469..0.469]	[0.14..0.45]	[1.0..1.0]	[1730.5..1730.5]	[0.469..0.469]	[0.144..0.455]	0.8080254	[1398.288..1398.288]
Group-1	PC 38:2:0	255.23	20180509_PC_brain_02.mzXML	35.0	1587.7	0.0	0.0	[0.0..0.0]	[0.0..0.0]	[1.0..1.0]	[1587.7..1587.7]	[0.483..0.483]	[0.14..0.45]	[1.0..1.0]	[1587.7..1587.7]	[0.483..0.483]	[0.144..0.455]	0.8080254	[1282.902..1282.902]
Group-1	PC 38:2:0	281.25	20180509_PC_brain_02.mzXML	25.0	20399.6	0.0	0.0	[9.0..9.0]	[0.0..0.0]	[0.87..0.87]	[17747.652..17747.652]	[0.595..0.595]	[0.74..0.83]	[0.87..0.87]	[17747.652..17747.652]	[0.595..0.595]	[0.736..0.829]	0.8080254	[14340.554..14340.554]
Group-1	PC 38:2:0	281.25	20180509_PC_brain_02.mzXML	30.0	24784.1	0.0	0.0	[9.0..9.0]	[0.0..0.0]	[0.856..0.856]	[21215.19..21215.19]	[0.619..0.619]	[0.74..0.83]	[0.856..0.856]	[21215.19..21215.19]	[0.619..0.619]	[0.736..0.829]	0.8080254	[17142.412..17142.412]
Group-1	PC 38:2:0	281.25	20180509_PC_brain_02.mzXML	35.0	22843.1	0.0	0.0	[9.0..9.0]	[0.0..0.0]	[0.868..0.868]	[19827.81..19827.81]	[0.623..0.623]	[0.74..0.83]	[0.868..0.868]	[19827.81..19827.81]	[0.623..0.623]	[0.736..0.829]	0.8080254	[16021.374..16021.374]
Group-1	PC 38:2:0	283.26	20180509_PC_brain_02.mzXML	25.0	2219.2	0.0	0.0	[0.0..0.0]	[0.0..0.0]	[0.968..0.968]	[2148.186..2148.186]	[0.244..0.244]	[0.0..0.03]	[0.968..0.968]	[2148.1855..2148.1855]	[0.244..0.244]	[0.0..0.033]	0.8080254	[1735.7885..1735.7885]
Group-1	PC 38:2:0	283.26	20180509_PC_brain_02.mzXML	30.0	3479.2	0.0	0.0	[0.0..0.0]	[0.0..0.0]	[0.946..0.946]	[3291.323..3291.323]	[0.32..0.32]	[0.0..0.03]	[0.946..0.946]	[3291.323..3291.323]	[0.32..0.32]	[0.0..0.033]	0.8080254	[2659.4727..2659.4727]
Group-1	PC 38:2:0	283.26	20180509_PC_brain_02.mzXML	35.0	2833.4	0.0	0.0	[0.0..0.0]	[0.0..0.0]	[0.937..0.937]	[2654.896..2654.896]	[0.288..0.288]	[0.0..0.03]	[0.937..0.937]	[2654.8958..2654.8958]	[0.288..0.288]	[0.0..0.033]	0.8080254	[2145.2231..2145.2231]
Group-1	PC 38:2:0	307.26	20180509_PC_brain_02.mzXML	25.0	6983.1	0.0	0.0	[11.0..11.0]	[1.0..1.0]	[0.951..0.951]	[6640.928..6640.928]	[0.756..0.756]	[0.97..1.0]	[0.951..0.951]	[6640.928..6640.928]	[0.756..0.756]	[0.967..1.0]	0.8080254	[5366.0386..5366.0386]
Group-1	PC 38:2:0	307.26	20180509_PC_brain_02.mzXML	30.0	7783.5	0.0	0.0	[11.0..11.0]	[1.0..1.0]	[0.9..0.9]	[7005.15..7005.15]	[0.68..0.68]	[0.97..1.0]	[0.9..0.9]	[7005.15..7005.15]	[0.68..0.68]	[0.967..1.0]	0.8080254	[5660.339..5660.339]
Group-1	PC 38:2:0	307.26	20180509_PC_brain_02.mzXML	35.0	7229.2	0.0	0.0	[11.0..11.0]	[1.0..1.0]	[0.906..0.906]	[6549.656..6549.656]	[0.712..0.712]	[0.97..1.0]	[0.906..0.906]	[6549.6553..6549.6553]	[0.712..0.712]	[0.967..1.0]	0.8080254	[5292.288..5292.288]
Group-1	PC 38:2:0	309.28	20180509_PC_brain_02.mzXML	25.0	12514.2	0.0	0.0	[11.0..11.0]	[1.0..1.0]	[0.964..0.964]	[12063.688..12063.688]	[0.405..0.405]	[0.17..0.26]	[0.964..0.964]	[12063.688..12063.688]	[0.405..0.405]	[0.171..0.264]	0.8080254	[9747.768..9747.768]
Group-1	PC 38:2:0	309.28	20180509_PC_brain_02.mzXML	30.0	14590.5	0.0	0.0	[11.0..11.0]	[1.0..1.0]	[0.894..0.894]	[13043.907..13043.907]	[0.381..0.381]	[0.17..0.26]	[0.894..0.894]	[13043.907..13043.907]	[0.381..0.381]	[0.171..0.264]	0.8080254	[10539.809..10539.809]
Group-1	PC 38:2:0	309.28	20180509_PC_brain_02.mzXML	35.0	13956.8	0.0	0.0	[11.0..11.0]	[1.0..1.0]	[0.861..0.861]	[12016.805..12016.805]	[0.377..0.377]	[0.17..0.26]	[0.861..0.861]	[12016.805..12016.805]	[0.377..0.377]	[0.171..0.264]	0.8080254	[9709.884..9709.884]
Group-1	PC 38:2:0	335.29	20180509_PC_brain_02.mzXML	25.0	1871.6	0.0	0.0	[13.0..13.0]	[1.0..1.0]	[0.946..0.946]	[1770.534..1770.534]	[0.643..0.643]	[0.55..0.86]	[0.946..0.946]	[1770.5336..1770.5336]	[0.643..0.643]	[0.545..0.856]	0.8080254	[1430.6361..1430.6361]
Group-1	PC 38:2:0	335.29	20180509_PC_brain_02.mzXML	30.0	2269.3	0.0	0.0	[13.0..13.0]	[1.0..1.0]	[0.862..0.862]	[1956.137..1956.137]	[0.531..0.531]	[0.55..0.86]	[0.862..0.862]	[1956.1366..1956.1366]	[0.531..0.531]	[0.545..0.856]	0.8080254	[1580.608..1580.608]
Group-1	PC 38:2:0	335.29	20180509_PC_brain_02.mzXML	35.0	2016.3	0.0	0.0	[13.0..13.0]	[1.0..1.0]	[0.843..0.843]	[1699.741..1699.741]	[0.517..0.517]	[0.55..0.86]	[0.843..0.843]	[1699.741..1699.741]	[0.517..0.517]	[0.545..0.856]	0.8080254	[1373.4338..1373.4338]
Group-1	PC 38:2:0	337.31	20180509_PC_brain_02.mzXML	25.0	565.1	0.0	0.0	[13.0..13.0]	[1.0..1.0]	[0.953..0.953]	[538.54..538.54]	[0.648..0.648]	[0.87..1.0]	[0.953..0.953]	[538.5403..538.5403]	[0.648..0.648]	[0.868..1.0]	0.8080254	[435.15424..435.15424]
Group-1	PC 38:2:0	337.31	20180509_PC_brain_02.mzXML	30.0	690.7	0.0	0.0	[13.0..13.0]	[0.0..0.0]	[0.785..0.785]	[542.2..542.2]	[1.0..1.0]	[0.87..1.0]	[0.785..0.785]	[542.1995..542.1995]	[1.0..1.0]	[0.868..1.0]	0.8080254	[438.111..438.111]
Group-1	PC 38:2:0	337.31	20180509_PC_brain_02.mzXML	35.0	1046.0	0.0	0.0	[13.0..13.0]	[0.0..1.0]	[0.761..0.812]	[796.006..849.352]	[0.76..0.765]	[0.87..1.0]	[0.805..0.812]	[842.03..849.352]	[0.77..0.771]	[0.868..1.0]	0.8080254	[643.19305..686.298]
Group-1	PC 38:3:0	255.23	20180509_PC_brain_02.mzXML	25.0	1395.5	0.0	0.0	[0.0..0.0]	[0.0..1.0]	[1.0..1.0]	[1395.5..1395.5]	[0.363..0.389]	[0.16..0.47]	[1.0..1.0]	[1395.5..1395.5]	[0.367..0.375]	[0.159..0.473]	0.80966043	[1129.8811..1129.8811]
Group-1	PC 38:3:0	255.23	20180509_PC_brain_02.mzXML	30.0	1486.6	0.0	0.0	[0.0..0.0]	[1.0..1.0]	[1.0..1.0]	[1486.6..1486.6]	[0.415..0.415]	[0.16..0.47]	[1.0..1.0]	[1486.6..1486.6]	[0.415..0.415]	[0.159..0.473]	0.80966043	[1203.6412..1203.6412]
Group-1	PC 38:3:0	255.23	20180509_PC_brain_02.mzXML	35.0	1521.2	0.0	0.0	[0.0..0.0]	[0.0..0.0]	[1.0..1.0]	[1521.2..1521.2]	[0.49..0.49]	[0.16..0.47]	[1.0..1.0]	[1521.2..1521.2]	[0.49..0.49]	[0.159..0.473]	0.80966043	[1231.6554..1231.6554]
Group-1	PC 38:3:0	279.23	20180509_PC_brain_02.mzXML	25.0	599.3	0.0	0.0	[9.0..9.0]	[0.0..0.0]	[0.867..0.867]	[519.593..519.593]	[1.0..1.0]	[0.89..1.0]	[0.867..0.867]	[519.5931..519.5931]	[1.0..1.0]	[0.887..1.0]	0.80966043	[420.69397..420.69397]
Group-1	PC 38:3:0	279.23	20180509_PC_brain_02.mzXML	30.0	823.1	0.0	0.0	[9.0..9.0]	[1.0..1.0]	[0.952..0.952]	[783.591..783.591]	[1.0..1.0]	[0.89..1.0]	[0.952..0.952]	[783.5912..783.5912]	[1.0..1.0]	[0.887..1.0]	0.80966043	[634.44275..634.44275]
Group-1	PC 38:3:0	279.23	20180509_PC_brain_02.mzXML	35.0	751.1	0.0	0.0	[9.0..9.0]	[0.0..1.0]	[0.951..0.996]	[714.296..748.096]	[0.645..0.647]	[0.89..1.0]	[0.991..0.996]	[744.3401..748.0956]	[0.656..0.657]	[0.887..1.0]	0.80966043	[578.3373..605.70337]
Group-1	PC 38:3:0	281.25	20180509_PC_brain_02.mzXML	25.0	4104.7	0.0	0.0	[9.0..9.0]	[0.0..0.0]	[0.87..0.87]	[3571.089..3571.089]	[0.623..0.623]	[0.79..0.9]	[0.87..0.87]	[3571.089..3571.089]	[0.623..0.623]	[0.791..0.905]	0.80966043	[2891.3696..2891.3696]
Group-1	PC 38:3:0	281.25	20180509_PC_brain_02.mzXML	30.0	3986.0	0.0	0.0	[9.0..9.0]	[1.0..1.0]	[0.926..0.926]	[3691.036..3691.036]	[0.656..0.656]	[0.79..0.9]	[0.926..0.926]	[3691.036..3691.036]	[0.656..0.656]	[0.791..0.905]	0.80966043	[2988.4858..2988.4858]
Group-1	PC 38:3:0	281.25	20180509_PC_brain_02.mzXML	35.0	3861.5	0.0	0.0	[9.0..9.0]	[0.0..1.0]	[0.868..0.913]	[3351.782..3525.55]	[0.609..0.611]	[0.79..0.9]	[0.904..0.908]	[3490.796..3506.242]	[0.619..0.619]	[0.791..0.905]	0.80966043	[2713.8052..2854.4978]
Group-1	PC 38:3:0	283.26	20180509_PC_brain_02.mzXML	25.0	4484.6	0.0	0.0	[0.0..0.0]	[0.0..1.0]	[0.968..0.988]	[4341.093..4430.785]	[0.226..0.246]	[0.0..0.0]	[0.968..0.968]	[4341.093..4341.093]	[0.223..0.228]	[0.0..0.0]	0.80966043	[3514.811..3587.4312]
Group-1	PC 38:3:0	283.26	20180509_PC_brain_02.mzXML	30.0	5584.8	0.0	0.0	[0.0..0.0]	[0.8..1.0]	[0.956..0.958]	[5339.069..5350.239]	[0.255..0.282]	[0.0..0.0]	[0.956..0.956]	[5339.0684..5339.0684]	[0.231..0.267]	[0.0..0.0]	0.80966043	[4322.8325..4331.8765]
Group-1	PC 38:3:0	283.26	20180509_PC_brain_02.mzXML	35.0	5000.7	0.0	0.0	[0.0..0.0]	[0.0..0.0]	[0.937..0.937]	[4685.656..4685.656]	[0.196..0.259]	[0.0..0.0]	[0.937..0.937]	[4685.656..4685.656]	[0.196..0.259]	[0.0..0.0]	0.80966043	[3793.7903..3793.7903]
Group-1	PC 38:3:0	305.25	20180509_PC_brain_02.mzXML	25.0	14725.8	0.0	0.0	[5.0..11.0]	[0.0..1.0]	[0.903..1.028]	[13297.397..15138.122]	[0.754..0.774]	[1.0..1.0]	[1.001..1.028]	[14740.526..15138.122]	[0.772..0.777]	[1.0..1.0]	0.80966043	[10766.376..12256.738]
Group-1	PC 38:3:0	305.25	20180509_PC_brain_02.mzXML	30.0	14647.9	0.0	0.0	[5.0..11.0]	[0.0..0.2]	[0.927..1.066]	[13578.604..15614.661]	[0.718..0.745]	[1.0..1.0]	[1.003..1.213]	[14691.845..17767.904]	[0.733..0.769]	[1.0..1.0]	0.80966043	[10994.058..12642.573]
Group-1	PC 38:3:0	305.25	20180509_PC_brain_02.mzXML	35.0	12189.3	0.0	0.0	[5.0..11.0]	[1.0..1.0]	[1.1..1.574]	[13408.23..19185.957]	[0.741..0.804]	[1.0..1.0]	[1.1..1.574]	[13408.23..19185.957]	[0.741..0.804]	[1.0..1.0]	0.80966043	[10856.113..15534.11]
Group-1	PC 38:3:0	307.26	20180509_PC_brain_02.mzXML	25.0	2276.9	0.0	0.0	[11.0..11.0]	[1.0..1.0]	[0.951..0.951]	[2165.332..2165.332]	[0.377..0.377]	[0.1..0.21]	[0.951..0.951]	[2165.3318..2165.3318]	[0.377..0.377]	[0.095..0.209]	0.80966043	[1753.1835..1753.1835]
Group-1	PC 38:3:0	307.26	20180509_PC_brain_02.mzXML	30.0	2343.9	0.0	0.0	[11.0..11.0]	[0.0..0.0]	[0.826..0.826]	[1936.061..1936.061]	[0.344..0.344]	[0.1..0.21]	[0.826..0.826]	[1936.0613..1936.0613]	[0.344..0.344]	[0.095..0.209]	0.80966043	[1567.5522..1567.5522]
Group-1	PC 38:3:0	307.26	20180509_PC_brain_02.mzXML	35.0	2499.6	0.0	0.0	[11.0..11.0]	[0.0..1.0]	[0.854..0.906]	[2134.659..2264.638]	[0.389..0.391]	[0.1..0.21]	[0.859..0.865]	[2147.1565..2162.154]	[0.381..0.381]	[0.095..0.209]	0.80966043	[1728.3484..1833.5875]
Group-1	PC 38:3:0	309.28	20180509_PC_brain_02.mzXML	25.0	0.0	0.0	0.0	[11.0..11.0]	[1.0..1.0]	[0.964..0.964]	[0.0..0.0]	[0.0..0.0]	[0.0..0.11]	[0.964..0.964]	[0.0..0.0]	[0.0..0.0]	[0.0..0.113]	0.80966043	[0.0..0.0]
Group-1	PC 38:3:0	309.28	20180509_PC_brain_02.mzXML	30.0	0.0	0.0	0.0	[11.0..11.0]	[0.0..0.0]	[0.822..0.822]	[0.0..0.0]	[0.0..0.0]	[0.0..0.11]	[0.822..0.822]	[0.0..0.0]	[0.0..0.0]	[0.0..0.113]	0.80966043	[0.0..0.0]
Group-1	PC 38:3:0	309.28	20180509_PC_brain_02.mzXML	35.0	479.2	0.0	0.0	[11.0..11.0]	[0.0..1.0]	[0.812..0.861]	[389.11..412.591]	[0.353..0.355]	[0.0..0.11]	[0.812..0.817]	[389.1104..391.5064]	[0.343..0.344]	[0.0..0.113]	0.80966043	[315.0473..334.05878]
Group-1	PC 38:3:0	333.28	20180509_PC_brain_02.mzXML	25.0	2474.5	0.0	0.0	[13.0..13.0]	[0.0..1.0]	[0.887..0.989]	[2194.882..2447.281]	[0.611..0.637]	[0.53..0.84]	[0.941..0.973]	[2328.5044..2407.6885]	[0.625..0.633]	[0.527..0.841]	0.80966043	[1777.1088..1981.4663]
Group-1	PC 38:3:0	333.28	20180509_PC_brain_02.mzXML	30.0	2414.5	0.0	0.0	[13.0..13.0]	[0.0..0.0]	[0.868..0.868]	[2095.786..2095.786]	[0.585..0.585]	[0.53..0.84]	[0.868..0.868]	[2095.786..2095.786]	[0.585..0.585]	[0.527..0.841]	0.80966043	[1696.875..1696.875]
Group-1	PC 38:3:0	333.28	20180509_PC_brain_02.mzXML	35.0	1590.2	0.0	0.0	[13.0..13.0]	[1.0..1.0]	[0.994..0.994]	[1580.659..1580.659]	[0.51..0.51]	[0.53..0.84]	[0.994..0.994]	[1580.6588..1580.6588]	[0.51..0.51]	[0.527..0.841]	0.80966043	[1279.7969..1279.7969]
Group-1	PC 38:4:0	255.23	20180509_PC_brain_02.mzXML	25.0	11773.0	0.0	0.0	[0.0..0.0]	[0.0..1.0]	[1.0..1.0]	[11773.0..11773.0]	[0.312..0.339]	[0.02..0.17]	[1.0..1.0]	[11773.0..11773.0]	[0.315..0.338]	[0.019..0.165]	0.81129444	[9551.369..9551.369]
Group-1	PC 38:4:0	255.23	20180509_PC_brain_02.mzXML	30.0	14208.5	0.0	0.0	[0.0..0.0]	[0.0..1.0]	[1.0..1.0]	[14208.5..14208.5]	[0.328..0.371]	[0.02..0.17]	[1.0..1.0]	[14208.5..14208.5]	[0.33..0.368]	[0.019..0.165]	0.81129444	[11527.277..11527.277]
Group-1	PC 38:4:0	255.23	20180509_PC_brain_02.mzXML	35.0	13126.2	0.0	0.0	[0.0..0.0]	[0.0..0.0]	[1.0..1.0]	[13126.2..13126.2]	[0.32..0.371]	[0.02..0.17]	[1.0..1.0]	[13126.2..13126.2]	[0.32..0.376]	[0.019..0.165]	0.81129444	[10649.213..10649.213]
Group-1	PC 38:4:0	281.25	20180509_PC_brain_02.mzXML	25.0	2354.9	0.0	0.0	[9.0..9.0]	[0.0..1.0]	[0.87..0.964]	[2048.763..2270.124]	[0.426..0.432]	[0.22..0.46]	[0.891..0.913]	[2098.2158..2150.0237]	[0.443..0.462]	[0.225..0.463]	0.81129444	[1662.15..1841.7385]
Group-1	PC 38:4:0	281.25	20180509_PC_brain_02.mzXML	30.0	2741.3	0.0	0.0	[9.0..9.0]	[0.0..1.0]	[0.856..0.926]	[2346.553..2538.444]	[0.411..0.458]	[0.22..0.46]	[0.871..0.888]	[2387.6724..2434.2744]	[0.418..0.47]	[0.225..0.463]	0.81129444	[1903.7452..2059.4253]
Group-1	PC 38:4:0	281.25	20180509_PC_brain_02.mzXML	35.0	2821.9	0.0	0.0	[9.0..9.0]	[0.0..0.0]	[0.868..0.868]	[2449.409..2449.409]	[0.397..0.486]	[0.22..0.46]	[0.868..0.868]	[2449.409..2449.409]	[0.405..0.498]	[0.225..0.463]	0.81129444	[1987.1919..1987.1919]
Group-1	PC 38:4:0	283.26	20180509_PC_brain_02.mzXML	25.0	40334.9	0.0	0.0	[0.0..0.0]	[0.0..0.0]	[0.968..0.968]	[39044.18..39044.18]	[0.219..0.22]	[0.0..0.0]	[0.968..0.968]	[39044.18..39044.18]	[0.219..0.22]	[0.0..0.0]	0.81129444	[31676.326..31676.326]
Group-1	PC 38:4:0	283.26	20180509_PC_brain_02.mzXML	30.0	50373.2	0.0	0.0	[0.0..0.0]	[0.0..0.0]	[0.946..0.946]	[47653.047..47653.047]	[0.234..0.238]	[0.0..0.0]	[0.946..0.946]	[47653.047..47653.047]	[0.234..0.238]	[0.0..0.0]	0.81129444	[38660.652..38660.652]
Group-1	PC 38:4:0	283.26	20180509_PC_brain_02.mzXML	35.0	50334.2	0.0	0.0	[0.0..0.0]	[0.0..0.0]	[0.937..0.937]	[47163.145..47163.145]	[0.25..0.258]	[0.0..0.0]	[0.937..0.937]	[47163.145..47163.145]	[0.25..0.258]	[0.0..0.0]	0.81129444	[38263.195..38263.195]
Group-1	PC 38:4:0	303.23	20180509_PC_brain_02.mzXML	25.0	116466.4	5575.9	0.04787561	[5.4..5.4]	[1.0..1.0]	[1.187..1.198]	[138245.62..139526.73]	[0.78..0.781]	[1.0..1.0]	[1.187..1.198]	[138245.62..139526.73]	[0.78..0.781]	[1.0..1.0]	0.81129444	[112157.9..113197.266]
Group-1	PC 38:4:0	303.23	20180509_PC_brain_02.mzXML	30.0	94381.1	8466.3	0.08970334	[5.0..5.0]	[1.0..1.0]	[1.613..1.656]	[152236.72..156295.11]	[0.762..0.766]	[1.0..1.0]	[1.613..1.656]	[152236.72..156295.11]	[0.762..0.766]	[1.0..1.0]	0.81129444	[123508.8..126801.34]
Group-1	PC 38:4:0	303.23	20180509_PC_brain_02.mzXML	35.0	54381.8	6547.2	0.120393224	[5.0..5.0]	[1.0..1.0]	[2.495..2.6]	[135682.6..141392.67]	[0.742..0.75]	[1.0..1.0]	[2.495..2.6]	[135682.6..141392.67]	[0.742..0.75]	[1.0..1.0]	0.81129444	[110078.53..114711.09]
Group-1	PC 38:4:0	305.25	20180509_PC_brain_02.mzXML	25.0	2979.2	0.0	0.0	[5.0..11.0]	[0.0..1.0]	[0.903..1.028]	[2690.218..3062.618]	[0.568..0.574]	[0.54..0.78]	[0.82..0.907]	[2442.9438..2702.1343]	[0.538..0.557]	[0.537..0.775]	0.81129444	[2182.5586..2484.6846]
Group-1	PC 38:4:0	305.25	20180509_PC_brain_02.mzXML	30.0	2996.1	0.0	0.0	[5.0..11.0]	[0.0..1.0]	[0.927..1.213]	[2777.385..3634.27]	[0.542..0.589]	[0.54..0.78]	[0.897..1.131]	[2687.502..3388.5894]	[0.53..0.582]	[0.537..0.775]	0.81129444	[2253.2766..2948.4626]
Group-1	PC 38:4:0	305.25	20180509_PC_brain_02.mzXML	35.0	2359.2	0.0	0.0	[5.0..11.0]	[1.0..1.0]	[1.1..1.574]	[2595.12..3713.381]	[0.514..0.603]	[0.54..0.78]	[1.047..1.525]	[2470.0825..3597.7798]	[0.502..0.595]	[0.537..0.775]	0.81129444	[2105.4062..3012.645]
Group-1	PC 38:4:0	331.26	20180509_PC_brain_02.mzXML	25.0	24772.8	0.0	0.0	[7.0..10.0]	[0.0..1.0]	[0.926..1.047]	[22939.613..25937.123]	[0.661..0.688]	[0.83..0.98]	[0.931..1.034]	[23063.477..25615.076]	[0.662..0.685]	[0.835..0.981]	0.81129444	[18610.781..21042.645]
Group-1	PC 38:4:0	331.26	20180509_PC_brain_02.mzXML	30.0	23371.0	0.0	0.0	[7.0..10.0]	[0.0..1.0]	[1.03..1.246]	[24072.129..29120.268]	[0.629..0.672]	[0.83..0.98]	[1.045..1.237]	[24422.693..28909.926]	[0.632..0.67]	[0.835..0.981]	0.81129444	[19529.584..23625.11]
Group-1	PC 38:4:0	331.26	20180509_PC_brain_02.mzXML	35.0	16304.5	0.0	0.0	[7.0..10.0]	[1.0..1.0]	[1.365..1.712]	[22255.643..27913.305]	[0.629..0.68]	[0.83..0.98]	[1.336..1.707]	[21782.81..27831.781]	[0.624..0.68]	[0.835..0.981]	0.81129444	[18055.879..22645.908]
Group-1	PC 38:5:0	255.23	20180509_PC_brain_02.mzXML	25.0	17592.9	0.0	0.0	[0.0..0.0]	[0.0..0.8]	[1.0..1.0]	[17592.9..17592.9]	[0.413..0.473]	[0.09..0.43]	[1.0..1.0]	[17592.9..17592.9]	[0.426..0.476]	[0.089..0.433]	0.81293565	[14301.8955..14301.8955]
Group-1	PC 38:5:0	255.23	20180509_PC_brain_02.mzXML	30.0	18222.2	0.0	0.0	[0.0..0.0]	[0.0..0.8]	[1.0..1.0]	[18222.2..18222.2]	[0.382..0.444]	[0.09..0.43]	[1.0..1.0]	[18222.2..18222.2]	[0.39..0.441]	[0.089..0.433]	0.81293565	[14813.476..14813.476]
Group-1	PC 38:5:0	255.23	20180509_PC_brain_02.mzXML	35.0	16167.3	0.0	0.0	[0.0..0.0]	[0.0..0.0]	[1.0..1.0]	[16167.3..16167.3]	[0.346..0.391]	[0.09..0.43]	[1.0..1.0]	[16167.3..16167.3]	[0.349..0.405]	[0.089..0.433]	0.81293565	[13142.975..13142.975]
Group-1	PC 38:5:0	281.25	20180509_PC_brain_02.mzXML	25.0	9343.2	0.0	0.0	[9.0..9.0]	[0.0..0.0]	[0.87..0.87]	[8128.584..8128.584]	[0.231..0.236]	[0.0..0.0]	[0.87..0.87]	[8128.584..8128.584]	[0.231..0.236]	[0.0..0.0]	0.81293565	[6608.0156..6608.0156]
Group-1	PC 38:5:0	281.25	20180509_PC_brain_02.mzXML	30.0	11208.1	0.0	0.0	[9.0..9.0]	[0.0..0.0]	[0.856..0.856]	[9594.134..9594.134]	[0.248..0.265]	[0.0..0.0]	[0.856..0.856]	[9594.134..9594.134]	[0.248..0.265]	[0.0..0.0]	0.81293565	[7799.413..7799.413]
Group-1	PC 38:5:0	281.25	20180509_PC_brain_02.mzXML	35.0	10239.0	0.0	0.0	[9.0..9.0]	[0.0..0.0]	[0.868..0.868]	[8887.452..8887.452]	[0.257..0.285]	[0.0..0.0]	[0.868..0.868]	[8887.452..8887.452]	[0.257..0.285]	[0.0..0.0]	0.81293565	[7224.927..7224.927]
Group-1	PC 38:5:0	303.23	20180509_PC_brain_02.mzXML	25.0	22625.2	1082.0	0.047822785	[5.4..5.4]	[1.0..1.0]	[1.164..1.198]	[26335.732..27104.988]	[0.764..0.769]	[1.0..1.0]	[1.164..1.198]	[26335.732..27104.988]	[0.764..0.769]	[1.0..1.0]	0.81293565	[21409.254..22034.61]
Group-1	PC 38:5:0	303.23	20180509_PC_brain_02.mzXML	30.0	17572.3	1565.3	0.089077696	[5.0..5.0]	[1.0..1.0]	[1.517..1.656]	[26657.18..29099.73]	[0.735..0.752]	[1.0..1.0]	[1.517..1.656]	[26657.18..29099.73]	[0.735..0.752]	[1.0..1.0]	0.81293565	[21670.57..23656.207]
Group-1	PC 38:5:0	303.23	20180509_PC_brain_02.mzXML	35.0	9873.1	871.0	0.08821951	[6.3..6.3]	[1.0..1.0]	[2.259..2.6]	[22303.332..25670.059]	[0.715..0.743]	[1.0..1.0]	[2.259..2.6]	[22303.332..25670.059]	[0.715..0.743]	[1.0..1.0]	0.81293565	[18131.174..20868.105]
Group-1	PC 38:5:0	329.25	20180509_PC_brain_02.mzXML	25.0	17502.7	3066.7	0.17521298	[4.1..4.3]	[0.2..1.0]	[1.12..1.43]	[19603.023..25028.86]	[0.527..0.587]	[0.57..0.91]	[1.108..1.353]	[19392.992..23681.152]	[0.524..0.574]	[0.567..0.911]	0.81293565	[15935.997..20346.852]
Group-1	PC 38:5:0	329.25	20180509_PC_brain_02.mzXML	30.0	12084.5	2887.2	0.23891762	[4.7..4.8]	[0.2..1.0]	[1.891..2.438]	[22851.79..29462.01]	[0.556..0.618]	[0.57..0.91]	[1.91..2.362]	[23081.395..28543.588]	[0.559..0.61]	[0.567..0.911]	0.81293565	[18577.035..23950.719]
Group-1	PC 38:5:0	329.25	20180509_PC_brain_02.mzXML	35.0	6106.4	1730.5	0.2833912	[5.2..5.3]	[1.0..1.0]	[4.118..5.003]	[25146.154..30550.318]	[0.609..0.654]	[0.57..0.91]	[3.886..4.929]	[23729.469..30098.445]	[0.595..0.651]	[0.567..0.911]	0.81293565	[20442.207..24835.443]
Group-1	PC 38:6:0	255.23	20180509_PC_brain_02.mzXML	25.0	29370.3	0.0	0.0	[0.0..0.0]	[0.0..0.0]	[1.0..1.0]	[29370.3..29370.3]	[0.334..0.334]	[0.09..0.16]	[1.0..1.0]	[29370.3..29370.3]	[0.334..0.334]	[0.087..0.163]	0.81459224	[23924.818..23924.818]
Group-1	PC 38:6:0	255.23	20180509_PC_brain_02.mzXML	30.0	32734.4	0.0	0.0	[0.0..0.0]	[0.0..0.0]	[1.0..1.0]	[32734.4..32734.4]	[0.37..0.37]	[0.09..0.16]	[1.0..1.0]	[32734.4..32734.4]	[0.37..0.37]	[0.087..0.163]	0.81459224	[26665.19..26665.19]
Group-1	PC 38:6:0	255.23	20180509_PC_brain_02.mzXML	35.0	31872.2	0.0	0.0	[0.0..0.0]	[0.0..0.0]	[1.0..1.0]	[31872.2..31872.2]	[0.369..0.369]	[0.09..0.16]	[1.0..1.0]	[31872.2..31872.2]	[0.369..0.369]	[0.087..0.163]	0.81459224	[25962.846..25962.846]
Group-1	PC 38:6:0	327.23	20180509_PC_brain_02.mzXML	25.0	30189.7	10330.4	0.34218296	[4.0..4.0]	[1.0..1.0]	[1.939..1.939]	[58537.83..58537.83]	[0.666..0.666]	[0.84..0.91]	[1.939..1.939]	[58537.83..58537.83]	[0.666..0.666]	[0.837..0.913]	0.81459224	[47684.46..47684.46]
Group-1	PC 38:6:0	327.23	20180509_PC_brain_02.mzXML	30.0	13269.8	8054.3	0.6069647	[4.0..4.0]	[1.0..1.0]	[4.197..4.197]	[55693.35..55693.35]	[0.63..0.63]	[0.84..0.91]	[4.197..4.197]	[55693.35..55693.35]	[0.63..0.63]	[0.837..0.913]	0.81459224	[45367.37..45367.37]
Group-1	PC 38:6:0	327.23	20180509_PC_brain_02.mzXML	35.0	4750.4	3622.6	0.76258844	[4.0..4.0]	[1.0..1.0]	[11.468..11.468]	[54477.59..54477.59]	[0.631..0.631]	[0.84..0.91]	[11.468..11.468]	[54477.59..54477.59]	[0.631..0.631]	[0.837..0.913]	0.81459224	[44377.02..44377.02]
Group-1	PC 40:2:0	281.25	20180509_PC_brain_02.mzXML	25.0	2928.1	0.0	0.0	[9.0..9.0]	[0.0..0.0]	[0.87..0.87]	[2547.447..2547.447]	[0.494..0.494]	[0.49..0.57]	[0.87..0.87]	[2547.447..2547.447]	[0.494..0.494]	[0.485..0.569]	0.7860534	[2002.4294..2002.4294]
Group-1	PC 40:2:0	281.25	20180509_PC_brain_02.mzXML	30.0	3453.4	0.0	0.0	[9.0..9.0]	[0.0..0.0]	[0.856..0.856]	[2956.11..2956.11]	[0.514..0.514]	[0.49..0.57]	[0.856..0.856]	[2956.1104..2956.1104]	[0.514..0.514]	[0.485..0.569]	0.7860534	[2323.6606..2323.6606]
Group-1	PC 40:2:0	281.25	20180509_PC_brain_02.mzXML	35.0	3371.8	0.0	0.0	[9.0..9.0]	[0.0..0.0]	[0.868..0.868]	[2926.723..2926.723]	[0.526..0.526]	[0.49..0.57]	[0.868..0.868]	[2926.7224..2926.7224]	[0.526..0.526]	[0.485..0.569]	0.7860534	[2300.56..2300.56]
Group-1	PC 40:2:0	283.26	20180509_PC_brain_02.mzXML	25.0	338.6	0.0	0.0	[0.0..0.0]	[0.0..0.0]	[0.968..0.968]	[327.765..327.765]	[0.147..0.147]	[0.0..0.06]	[0.968..0.968]	[327.7648..327.7648]	[0.147..0.147]	[0.0..0.056]	0.7860534	[257.64062..257.64062]
Group-1	PC 40:2:0	283.26	20180509_PC_brain_02.mzXML	30.0	753.4	0.0	0.0	[0.0..0.0]	[1.0..1.0]	[0.958..0.958]	[721.757..721.757]	[0.329..0.329]	[0.0..0.06]	[0.958..0.958]	[721.7572..721.7572]	[0.329..0.329]	[0.0..0.056]	0.7860534	[567.3397..567.3397]
Group-1	PC 40:2:0	283.26	20180509_PC_brain_02.mzXML	35.0	715.7	0.0	0.0	[0.0..0.0]	[0.0..1.0]	[0.937..0.945]	[670.611..676.337]	[0.283..0.295]	[0.0..0.06]	[0.937..0.937]	[670.6109..670.6109]	[0.281..0.282]	[0.0..0.056]	0.7860534	[527.136..531.6366]
Group-1	PC 40:2:0	309.28	20180509_PC_brain_02.mzXML	25.0	1188.2	0.0	0.0	[11.0..11.0]	[0.5..0.5]	[0.892..0.892]	[1059.874..1059.874]	[0.5..0.5]	[0.5..0.5]	[0.892..0.892]	[1059.8744..1059.8744]	[0.5..0.5]	[0.5..0.5]	0.7860534	[833.1179..833.1179]
Group-1	PC 40:2:0	309.28	20180509_PC_brain_02.mzXML	30.0	1232.7	0.0	0.0	[11.0..11.0]	[0.5..0.5]	[0.864..0.864]	[1065.053..1065.053]	[0.5..0.5]	[0.5..0.5]	[0.864..0.864]	[1065.0527..1065.0527]	[0.5..0.5]	[0.5..0.5]	0.7860534	[837.1884..837.1884]
Group-1	PC 40:2:0	309.28	20180509_PC_brain_02.mzXML	35.0	1209.0	0.0	0.0	[11.0..11.0]	[0.5..0.5]	[0.854..0.854]	[1032.486..1032.486]	[0.5..0.5]	[0.5..0.5]	[0.854..0.854]	[1032.486..1032.486]	[0.5..0.5]	[0.5..0.5]	0.7860534	[811.5891..811.5891]
Group-1	PC 40:2:0	335.29	20180509_PC_brain_02.mzXML	25.0	2014.6	0.0	0.0	[13.0..13.0]	[1.0..1.0]	[0.946..0.946]	[1905.812..1905.812]	[0.853..0.853]	[0.94..1.0]	[0.946..0.946]	[1905.8115..1905.8115]	[0.853..0.853]	[0.944..1.0]	0.7860534	[1498.0697..1498.0697]
Group-1	PC 40:2:0	335.29	20180509_PC_brain_02.mzXML	30.0	1874.9	0.0	0.0	[13.0..13.0]	[0.0..0.0]	[0.785..0.785]	[1471.797..1471.797]	[0.671..0.671]	[0.94..1.0]	[0.785..0.785]	[1471.7965..1471.7965]	[0.671..0.671]	[0.944..1.0]	0.7860534	[1156.9108..1156.9108]
Group-1	PC 40:2:0	335.29	20180509_PC_brain_02.mzXML	35.0	2032.4	0.0	0.0	[13.0..13.0]	[0.0..1.0]	[0.79..0.843]	[1605.596..1713.313]	[0.705..0.717]	[0.94..1.0]	[0.84..0.843]	[1707.216..1713.3132]	[0.718..0.719]	[0.944..1.0]	0.7860534	[1262.0842..1346.7556]
Group-1	PC 40:2:0	337.31	20180509_PC_brain_02.mzXML	25.0	2741.8	0.0	0.0	[13.0..13.0]	[1.0..1.0]	[0.953..0.953]	[2612.936..2612.936]	[0.506..0.506]	[0.43..0.51]	[0.953..0.953]	[2612.9355..2612.9355]	[0.506..0.506]	[0.431..0.515]	0.7860534	[2053.907..2053.907]
Group-1	PC 40:2:0	337.31	20180509_PC_brain_02.mzXML	30.0	3263.5	0.0	0.0	[13.0..13.0]	[1.0..1.0]	[0.858..0.858]	[2800.083..2800.083]	[0.486..0.486]	[0.43..0.51]	[0.858..0.858]	[2800.083..2800.083]	[0.486..0.486]	[0.431..0.515]	0.7860534	[2201.015..2201.015]
Group-1	PC 40:2:0	337.31	20180509_PC_brain_02.mzXML	35.0	3248.8	0.0	0.0	[13.0..13.0]	[1.0..1.0]	[0.812..0.812]	[2638.026..2638.026]	[0.474..0.474]	[0.43..0.51]	[0.812..0.812]	[2638.0256..2638.0256]	[0.474..0.474]	[0.431..0.515]	0.7860534	[2073.6292..2073.6292]
Group-1	PC 40:3:0	281.25	20180509_PC_brain_02.mzXML	25.0	549.3	0.0	0.0	[9.0..9.0]	[0.0..0.0]	[0.87..0.87]	[477.891..477.891]	[0.57..0.57]	[0.27..0.67]	[0.87..0.87]	[477.891..477.891]	[0.57..0.57]	[0.27..0.674]	0.78759354	[376.38385..376.38385]
Group-1	PC 40:3:0	281.25	20180509_PC_brain_02.mzXML	30.0	635.3	0.0	0.0	[9.0..9.0]	[0.0..0.0]	[0.856..0.856]	[543.817..543.817]	[0.453..0.453]	[0.27..0.67]	[0.856..0.856]	[543.8168..543.8168]	[0.453..0.453]	[0.27..0.674]	0.78759354	[428.30658..428.30658]
Group-1	PC 40:3:0	281.25	20180509_PC_brain_02.mzXML	35.0	316.6	0.0	0.0	[9.0..9.0]	[0.0..0.0]	[0.868..0.868]	[274.809..274.809]	[0.414..0.414]	[0.27..0.67]	[0.868..0.868]	[274.8088..274.8088]	[0.414..0.414]	[0.27..0.674]	0.78759354	[216.43764..216.43764]
Group-1	PC 40:3:0	283.26	20180509_PC_brain_02.mzXML	25.0	806.1	0.0	0.0	[0.0..0.0]	[0.0..0.0]	[0.968..0.968]	[780.305..780.305]	[0.199..0.199]	[0.0..0.26]	[0.968..0.968]	[780.30475..780.30475]	[0.199..0.199]	[0.0..0.262]	0.78759354	[614.563..614.563]
Group-1	PC 40:3:0	283.26	20180509_PC_brain_02.mzXML	30.0	985.4	0.0	0.0	[0.0..0.0]	[0.0..0.0]	[0.946..0.946]	[932.188..932.188]	[0.232..0.232]	[0.0..0.26]	[0.946..0.946]	[932.1884..932.1884]	[0.232..0.232]	[0.0..0.262]	0.78759354	[734.1856..734.1856]
Group-1	PC 40:3:0	283.26	20180509_PC_brain_02.mzXML	35.0	1589.6	0.0	0.0	[0.0..0.0]	[0.0..0.0]	[0.937..0.937]	[1489.455..1489.455]	[0.411..0.411]	[0.0..0.26]	[0.937..0.937]	[1489.4552..1489.4552]	[0.411..0.411]	[0.0..0.262]	0.78759354	[1173.0852..1173.0852]
Group-1	PC 40:3:0	333.28	20180509_PC_brain_02.mzXML	25.0	3166.0	0.0	0.0	[13.0..13.0]	[1.0..1.0]	[0.989..0.989]	[3131.174..3131.174]	[0.801..0.801]	[0.74..1.0]	[0.989..0.989]	[3131.174..3131.174]	[0.801..0.801]	[0.738..1.0]	0.78759354	[2466.0925..2466.0925]
Group-1	PC 40:3:0	333.28	20180509_PC_brain_02.mzXML	30.0	3264.4	0.0	0.0	[13.0..13.0]	[1.0..1.0]	[0.943..0.943]	[3078.329..3078.329]	[0.768..0.768]	[0.74..1.0]	[0.943..0.943]	[3078.329..3078.329]	[0.768..0.768]	[0.738..1.0]	0.78759354	[2424.4722..2424.4722]
Group-1	PC 40:3:0	333.28	20180509_PC_brain_02.mzXML	35.0	2146.2	0.0	0.0	[13.0..13.0]	[1.0..1.0]	[0.994..0.994]	[2133.323..2133.323]	[0.589..0.589]	[0.74..1.0]	[0.994..0.994]	[2133.3228..2133.3228]	[0.589..0.589]	[0.738..1.0]	0.78759354	[1680.1913..1680.1913]
Group-1	PC 40:3:0	335.29	20180509_PC_brain_02.mzXML	25.0	380.7	0.0	0.0	[13.0..13.0]	[1.0..1.0]	[0.946..0.946]	[360.142..360.142]	[0.43..0.43]	[0.33..0.73]	[0.946..0.946]	[360.1422..360.1422]	[0.43..0.43]	[0.326..0.73]	0.78759354	[283.6457..283.6457]
Group-1	PC 40:3:0	335.29	20180509_PC_brain_02.mzXML	30.0	762.1	0.0	0.0	[13.0..13.0]	[1.0..1.0]	[0.862..0.862]	[656.93..656.93]	[0.547..0.547]	[0.33..0.73]	[0.862..0.862]	[656.9302..656.9302]	[0.547..0.547]	[0.326..0.73]	0.78759354	[517.394..517.394]
Group-1	PC 40:3:0	335.29	20180509_PC_brain_02.mzXML	35.0	462.3	0.0	0.0	[13.0..13.0]	[1.0..1.0]	[0.843..0.843]	[389.719..389.719]	[0.586..0.586]	[0.33..0.73]	[0.843..0.843]	[389.71887..389.71887]	[0.586..0.586]	[0.326..0.73]	0.78759354	[306.9401..306.9401]
Group-1	PC 40:4:0	255.23	20180509_PC_brain_02.mzXML	25.0	1113.3	0.0	0.0	[0.0..0.0]	[0.0..1.0]	[1.0..1.0]	[1113.3..1113.3]	[0.316..0.344]	[0.04..0.25]	[1.0..1.0]	[1113.3..1113.3]	[0.317..0.323]	[0.042..0.246]	0.78913254	[878.54126..878.54126]
Group-1	PC 40:4:0	255.23	20180509_PC_brain_02.mzXML	30.0	1539.0	0.0	0.0	[0.0..0.0]	[1.0..1.0]	[1.0..1.0]	[1539.0..1539.0]	[0.402..0.402]	[0.04..0.25]	[1.0..1.0]	[1539.0..1539.0]	[0.402..0.402]	[0.042..0.246]	0.78913254	[1214.475..1214.475]
Group-1	PC 40:4:0	255.23	20180509_PC_brain_02.mzXML	35.0	1183.5	0.0	0.0	[0.0..0.0]	[0.0..0.0]	[1.0..1.0]	[1183.5..1183.5]	[0.334..0.334]	[0.04..0.25]	[1.0..1.0]	[1183.5..1183.5]	[0.334..0.334]	[0.042..0.246]	0.78913254	[933.93835..933.93835]
Group-1	PC 40:4:0	283.26	20180509_PC_brain_02.mzXML	25.0	7204.6	0.0	0.0	[0.0..0.0]	[0.0..1.0]	[0.968..0.988]	[6974.053..7118.145]	[0.242..0.262]	[0.0..0.06]	[0.968..0.969]	[6974.0527..6981.2573]	[0.239..0.249]	[0.0..0.062]	0.78913254	[5503.452..5617.1597]
Group-1	PC 40:4:0	283.26	20180509_PC_brain_02.mzXML	30.0	9039.0	0.0	0.0	[0.0..0.0]	[0.0..1.0]	[0.946..0.958]	[8550.894..8659.362]	[0.251..0.286]	[0.0..0.06]	[0.946..0.947]	[8550.894..8559.934]	[0.249..0.276]	[0.0..0.062]	0.78913254	[6747.788..6833.3843]
Group-1	PC 40:4:0	283.26	20180509_PC_brain_02.mzXML	35.0	9029.6	0.0	0.0	[0.0..0.0]	[0.0..0.0]	[0.937..0.937]	[8460.734..8460.734]	[0.287..0.336]	[0.0..0.06]	[0.937..0.937]	[8460.734..8460.734]	[0.287..0.338]	[0.0..0.062]	0.78913254	[6676.641..6676.641]
Group-1	PC 40:4:0	331.26	20180509_PC_brain_02.mzXML	25.0	21264.1	0.0	0.0	[7.0..10.0]	[0.0..1.0]	[0.926..1.047]	[19690.557..22263.514]	[0.738..0.758]	[0.94..1.0]	[0.99..1.047]	[21051.459..22263.514]	[0.751..0.761]	[0.938..1.0]	0.78913254	[15538.459..17568.863]
Group-1	PC 40:4:0	331.26	20180509_PC_brain_02.mzXML	30.0	20742.4	566.3	0.027301565	[7.4..7.7]	[0.0..1.0]	[1.03..1.246]	[21364.672..25845.031]	[0.714..0.749]	[0.94..1.0]	[1.08..1.246]	[22401.793..25845.031]	[0.724..0.751]	[0.938..1.0]	0.78913254	[16859.557..20395.156]
Group-1	PC 40:4:0	331.26	20180509_PC_brain_02.mzXML	35.0	12260.2	0.0	0.0	[7.0..10.0]	[1.0..1.0]	[1.365..1.712]	[16735.174..20989.463]	[0.664..0.713]	[0.94..1.0]	[1.354..1.712]	[16600.31..20989.463]	[0.662..0.713]	[0.938..1.0]	0.78913254	[13206.27..16563.469]
Group-1	PC 40:4:0	359.3	20180509_PC_brain_02.mzXML	25.0	2521.9	0.0	0.0	[9.0..9.0]	[0.0..1.0]	[0.84..0.954]	[2118.396..2405.893]	[0.656..0.684]	[0.75..0.96]	[0.926..0.949]	[2335.2793..2393.283]	[0.677..0.683]	[0.754..0.958]	0.78913254	[1671.6951..1898.5681]
Group-1	PC 40:4:0	359.3	20180509_PC_brain_02.mzXML	30.0	2474.6	0.0	0.0	[9.0..9.0]	[0.0..0.0]	[0.927..0.927]	[2293.954..2293.954]	[0.598..0.598]	[0.75..0.96]	[0.927..0.927]	[2293.9543..2293.9543]	[0.598..0.598]	[0.754..0.958]	0.78913254	[1810.234..1810.234]
Group-1	PC 40:4:0	359.3	20180509_PC_brain_02.mzXML	35.0	1898.5	0.0	0.0	[9.0..9.0]	[1.0..1.0]	[1.243..1.243]	[2359.836..2359.836]	[0.666..0.666]	[0.75..0.96]	[1.243..1.243]	[2359.8354..2359.8354]	[0.666..0.666]	[0.754..0.958]	0.78913254	[1862.223..1862.223]
Group-1	PC 40:5:0	281.25	20180509_PC_brain_02.mzXML	25.0	2069.7	0.0	0.0	[9.0..9.0]	[0.0..1.0]	[0.87..0.964]	[1800.639..1995.191]	[0.406..0.411]	[0.27..0.56]	[0.895..0.923]	[1852.3815..1910.333]	[0.431..0.444]	[0.266..0.556]	0.7906781	[1423.7258..1577.5536]
Group-1	PC 40:5:0	281.25	20180509_PC_brain_02.mzXML	30.0	2426.2	0.0	0.0	[9.0..9.0]	[0.0..1.0]	[0.856..0.926]	[2076.827..2246.661]	[0.429..0.457]	[0.27..0.56]	[0.875..0.895]	[2122.925..2171.449]	[0.441..0.474]	[0.266..0.556]	0.7906781	[1642.1017..1776.3857]
Group-1	PC 40:5:0	281.25	20180509_PC_brain_02.mzXML	35.0	2639.5	0.0	0.0	[9.0..9.0]	[0.0..0.0]	[0.868..0.868]	[2291.086..2291.086]	[0.465..0.521]	[0.27..0.56]	[0.868..0.868]	[2291.086..2291.086]	[0.474..0.533]	[0.266..0.556]	0.7906781	[1811.5115..1811.5115]
Group-1	PC 40:5:0	283.26	20180509_PC_brain_02.mzXML	25.0	4752.5	0.0	0.0	[0.0..0.0]	[0.0..0.7]	[0.968..0.982]	[4600.42..4666.955]	[0.222..0.262]	[0.0..0.0]	[0.968..0.968]	[4600.42..4600.42]	[0.22..0.224]	[0.0..0.0]	0.7906781	[3637.4512..3690.0588]
Group-1	PC 40:5:0	283.26	20180509_PC_brain_02.mzXML	30.0	5745.7	0.0	0.0	[0.0..0.0]	[0.0..0.0]	[0.946..0.946]	[5435.432..5435.432]	[0.232..0.242]	[0.0..0.0]	[0.946..0.946]	[5435.432..5435.432]	[0.232..0.242]	[0.0..0.0]	0.7906781	[4297.677..4297.677]
Group-1	PC 40:5:0	283.26	20180509_PC_brain_02.mzXML	35.0	5740.9	0.0	0.0	[0.0..0.0]	[0.0..0.7]	[0.937..0.943]	[5379.223..5413.669]	[0.241..0.271]	[0.0..0.0]	[0.937..0.937]	[5379.223..5379.223]	[0.24..0.255]	[0.0..0.0]	0.7906781	[4253.234..4280.469]
Group-1	PC 40:5:0	303.23	20180509_PC_brain_02.mzXML	25.0	2248.5	0.0	0.0	[5.0..8.0]	[0.0..0.0]	[1.005..1.057]	[2259.743..2376.665]	[1.0..1.0]	[1.0..1.0]	[1.12..1.198]	[2518.32..2693.703]	[1.0..1.0]	[1.0..1.0]	0.7906781	[1786.7289..1879.1766]
Group-1	PC 40:5:0	303.23	20180509_PC_brain_02.mzXML	30.0	1767.4	0.0	0.0	[5.0..8.0]	[0.0..0.0]	[1.231..1.483]	[2175.67..2621.054]	[0.776..0.807]	[1.0..1.0]	[1.337..1.656]	[2363.014..2926.8145]	[0.79..0.823]	[1.0..1.0]	0.7906781	[1720.254..2072.4102]
Group-1	PC 40:5:0	303.23	20180509_PC_brain_02.mzXML	35.0	866.4	0.0	0.0	[5.0..8.0]	[0.0..0.0]	[1.709..2.354]	[1480.678..2039.506]	[0.787..0.836]	[1.0..1.0]	[1.814..2.6]	[1571.6497..2252.64]	[0.797..0.849]	[1.0..1.0]	0.7906781	[1170.7394..1612.5925]
Group-1	PC 40:5:0	309.28	20180509_PC_brain_02.mzXML	25.0	0.0	0.0	0.0	[11.0..11.0]	[1.0..1.0]	[0.964..0.964]	[0.0..0.0]	[0.0..0.0]	[0.0..0.0]	[0.964..0.964]	[0.0..0.0]	[0.0..0.0]	[0.0..0.0]	0.7906781	[0.0..0.0]
Group-1	PC 40:5:0	309.28	20180509_PC_brain_02.mzXML	30.0	702.4	0.0	0.0	[11.0..11.0]	[1.0..1.0]	[0.894..0.894]	[627.946..627.946]	[0.193..0.224]	[0.0..0.0]	[0.894..0.894]	[627.9456..627.9456]	[0.177..0.21]	[0.0..0.0]	0.7906781	[496.50284..496.50284]
Group-1	PC 40:5:0	309.28	20180509_PC_brain_02.mzXML	35.0	465.0	0.0	0.0	[11.0..11.0]	[1.0..1.0]	[0.861..0.861]	[400.365..400.365]	[0.164..0.213]	[0.0..0.0]	[0.861..0.861]	[400.365..400.365]	[0.151..0.203]	[0.0..0.0]	0.7906781	[316.55984..316.55984]
Group-1	PC 40:5:0	329.25	20180509_PC_brain_02.mzXML	25.0	11588.0	1909.9	0.16481705	[4.4..4.5]	[0.3..1.0]	[1.117..1.409]	[12943.796..16327.492]	[0.738..0.778]	[1.0..1.0]	[1.375..1.409]	[15933.5..16327.492]	[0.776..0.78]	[1.0..1.0]	0.7906781	[10234.376..12909.791]
Group-1	PC 40:5:0	329.25	20180509_PC_brain_02.mzXML	30.0	7629.3	1754.2	0.22992936	[4.8..4.9]	[1.0..1.0]	[2.237..2.363]	[17066.744..18028.035]	[0.758..0.768]	[1.0..1.0]	[2.237..2.363]	[17066.744..18028.035]	[0.758..0.768]	[1.0..1.0]	0.7906781	[13494.301..14254.372]
Group-1	PC 40:5:0	329.25	20180509_PC_brain_02.mzXML	35.0	3563.6	1141.9	0.3204344	[4.9..4.9]	[0.3..1.0]	[4.054..4.782]	[14446.834..17041.137]	[0.729..0.759]	[1.0..1.0]	[4.413..4.782]	[15726.168..17041.137]	[0.745..0.76]	[1.0..1.0]	0.7906781	[11422.795..13474.052]
Group-1	PC 40:5:0	331.26	20180509_PC_brain_02.mzXML	25.0	2788.0	0.0	0.0	[7.0..10.0]	[0.0..1.0]	[0.926..1.047]	[2581.688..2919.036]	[0.589..0.594]	[0.44..0.73]	[0.832..0.905]	[2319.616..2523.14]	[0.556..0.569]	[0.444..0.734]	0.7906781	[2041.284..2308.0178]
Group-1	PC 40:5:0	331.26	20180509_PC_brain_02.mzXML	30.0	2400.4	0.0	0.0	[7.0..10.0]	[0.0..1.0]	[1.03..1.246]	[2472.412..2990.899]	[0.543..0.571]	[0.44..0.73]	[0.982..1.149]	[2357.1926..2758.0596]	[0.526..0.559]	[0.444..0.734]	0.7906781	[1954.8818..2364.838]
Group-1	PC 40:5:0	331.26	20180509_PC_brain_02.mzXML	35.0	1540.2	0.0	0.0	[7.0..10.0]	[1.0..1.0]	[1.365..1.712]	[2102.373..2636.822]	[0.479..0.535]	[0.44..0.73]	[1.301..1.654]	[2003.8002..2547.4907]	[0.467..0.526]	[0.444..0.734]	0.7906781	[1662.3003..2084.8777]
Group-1	PC 40:6:0	281.25	20180509_PC_brain_02.mzXML	25.0	7769.1	0.0	0.0	[9.0..9.0]	[0.0..0.0]	[0.87..0.87]	[6759.117..6759.117]	[0.692..0.724]	[0.98..1.0]	[0.87..0.87]	[6759.117..6759.117]	[0.719..0.741]	[0.978..1.0]	0.79223794	[5354.829..5354.829]
Group-1	PC 40:6:0	281.25	20180509_PC_brain_02.mzXML	30.0	8575.7	0.0	0.0	[9.0..9.0]	[0.0..0.0]	[0.856..0.856]	[7340.8..7340.8]	[0.744..0.807]	[0.98..1.0]	[0.856..0.856]	[7340.7993..7340.7993]	[0.765..0.816]	[0.978..1.0]	0.79223794	[5815.6597..5815.6597]
Group-1	PC 40:6:0	281.25	20180509_PC_brain_02.mzXML	35.0	10082.9	0.0	0.0	[9.0..9.0]	[0.0..0.0]	[0.868..0.868]	[8751.957..8751.957]	[0.825..0.893]	[0.98..1.0]	[0.868..0.868]	[8751.957..8751.957]	[0.841..0.897]	[0.978..1.0]	0.79223794	[6933.6323..6933.6323]
Group-1	PC 40:6:0	283.26	20180509_PC_brain_02.mzXML	25.0	14505.9	0.0	0.0	[0.0..0.0]	[0.0..0.0]	[0.968..0.968]	[14041.712..14041.712]	[0.246..0.246]	[0.0..0.0]	[0.968..0.968]	[14041.712..14041.712]	[0.246..0.246]	[0.0..0.0]	0.79223794	[11124.377..11124.377]
Group-1	PC 40:6:0	283.26	20180509_PC_brain_02.mzXML	30.0	16654.7	0.0	0.0	[0.0..0.0]	[0.0..0.0]	[0.946..0.946]	[15755.345..15755.345]	[0.258..0.258]	[0.0..0.0]	[0.946..0.946]	[15755.345..15755.345]	[0.258..0.258]	[0.0..0.0]	0.79223794	[12481.982..12481.982]
Group-1	PC 40:6:0	283.26	20180509_PC_brain_02.mzXML	35.0	18301.3	0.0	0.0	[0.0..0.0]	[0.0..0.0]	[0.937..0.937]	[17148.318..17148.318]	[0.303..0.303]	[0.0..0.0]	[0.937..0.937]	[17148.318..17148.318]	[0.303..0.303]	[0.0..0.0]	0.79223794	[13585.548..13585.548]
Group-1	PC 40:6:0	327.23	20180509_PC_brain_02.mzXML	25.0	22246.6	7539.2	0.33889225	[4.0..4.0]	[1.0..1.0]	[1.939..1.939]	[43136.156..43136.156]	[0.754..0.754]	[1.0..1.0]	[1.939..1.939]	[43136.156..43136.156]	[0.754..0.754]	[1.0..1.0]	0.79223794	[34174.098..34174.098]
Group-1	PC 40:6:0	327.23	20180509_PC_brain_02.mzXML	30.0	10769.1	6164.2	0.572397	[4.0..4.0]	[1.0..1.0]	[4.197..4.197]	[45197.91..45197.91]	[0.742..0.742]	[1.0..1.0]	[4.197..4.197]	[45197.91..45197.91]	[0.742..0.742]	[1.0..1.0]	0.79223794	[35807.5..35807.5]
Group-1	PC 40:6:0	327.23	20180509_PC_brain_02.mzXML	35.0	3439.3	2822.4	0.82063204	[4.0..4.0]	[1.0..1.0]	[11.468..11.468]	[39441.895..39441.895]	[0.697..0.697]	[1.0..1.0]	[11.468..11.468]	[39441.895..39441.895]	[0.697..0.697]	[1.0..1.0]	0.79223794	[31247.363..31247.363]
Group-1	PC 40:6:0	329.25	20180509_PC_brain_02.mzXML	25.0	2094.5	0.0	0.0	[4.0..7.0]	[1.0..1.0]	[1.231..1.437]	[2578.329..3009.797]	[0.276..0.308]	[0.0..0.02]	[1.127..1.263]	[2360.5015..2645.3535]	[0.259..0.281]	[0.0..0.022]	0.79223794	[2042.6504..2384.475]
Group-1	PC 40:6:0	329.25	20180509_PC_brain_02.mzXML	30.0	1026.4	0.0	0.0	[4.0..7.0]	[1.0..1.0]	[1.71..2.463]	[1755.144..2528.024]	[0.193..0.256]	[0.0..0.02]	[1.612..2.197]	[1654.5569..2255.001]	[0.184..0.235]	[0.0..0.022]	0.79223794	[1390.4917..2002.7959]
Group-1	PC 40:6:0	329.25	20180509_PC_brain_02.mzXML	35.0	365.6	0.0	0.0	[4.0..7.0]	[1.0..1.0]	[2.863..5.077]	[1046.713..1856.151]	[0.107..0.175]	[0.0..0.02]	[2.752..4.532]	[1006.1312..1656.8993]	[0.103..0.159]	[0.0..0.022]	0.79223794	[829.24554..1470.5134]
Group-1	PC 40:7:0	281.25	20180509_PC_brain_02.mzXML	25.0	6328.9	0.0	0.0	[9.0..9.0]	[0.0..0.3]	[0.87..0.898]	[5506.143..5683.352]	[0.433..0.433]	[0.33..0.66]	[0.879..0.888]	[5563.103..5620.063]	[0.433..0.433]	[0.333..0.663]	0.7937967	[4370.7583..4511.4263]
Group-1	PC 40:7:0	281.25	20180509_PC_brain_02.mzXML	30.0	8252.9	0.0	0.0	[9.0..9.0]	[0.3..0.3]	[0.877..0.877]	[7237.794..7237.794]	[0.462..0.462]	[0.33..0.66]	[0.877..0.877]	[7237.7935..7237.7935]	[0.462..0.462]	[0.333..0.663]	0.7937967	[5745.337..5745.337]
Group-1	PC 40:7:0	281.25	20180509_PC_brain_02.mzXML	35.0	7442.3	0.0	0.0	[9.0..9.0]	[0.0..0.0]	[0.868..0.868]	[6459.916..6459.916]	[0.561..0.561]	[0.33..0.66]	[0.868..0.868]	[6459.916..6459.916]	[0.561..0.561]	[0.333..0.663]	0.7937967	[5127.8604..5127.8604]
Group-1	PC 40:7:0	327.23	20180509_PC_brain_02.mzXML	25.0	3838.9	0.0	0.0	[4.0..4.0]	[0.7..1.0]	[1.877..1.939]	[7205.615..7443.627]	[0.567..0.567]	[0.34..0.67]	[1.898..1.919]	[7286.232..7366.849]	[0.567..0.567]	[0.337..0.667]	0.7937967	[5719.7935..5908.7266]
Group-1	PC 40:7:0	327.23	20180509_PC_brain_02.mzXML	30.0	2075.4	0.0	0.0	[4.0..4.0]	[0.7..0.7]	[4.063..4.063]	[8432.351..8432.351]	[0.538..0.538]	[0.34..0.67]	[4.063..4.063]	[8432.351..8432.351]	[0.538..0.538]	[0.337..0.667]	0.7937967	[6693.5723..6693.5723]
Group-1	PC 40:7:0	327.23	20180509_PC_brain_02.mzXML	35.0	441.4	0.0	0.0	[4.0..4.0]	[1.0..1.0]	[11.468..11.468]	[5061.975..5061.975]	[0.439..0.439]	[0.34..0.67]	[11.468..11.468]	[5061.975..5061.975]	[0.439..0.439]	[0.337..0.667]	0.7937967	[4018.1794..4018.1794]
Group-1	PC 44:0:0	339.32	20180509_PC_brain_02.mzXML	25.0	673212.2	0.0	0.0	[0.0..0.0]	[0.5..0.5]	[0.984..0.984]	[662440.8..662440.8]	[0.5..0.5]	[0.5..0.5]	[0.984..0.984]	[662440.8..662440.8]	[0.5..0.5]	[0.5..0.5]	0.7430324	[492215.0..492215.0]
Group-1	PC 44:0:0	339.32	20180509_PC_brain_02.mzXML	30.0	874245.9	0.0	0.0	[0.0..0.0]	[0.5..0.5]	[0.901..0.901]	[787695.56..787695.56]	[0.5..0.5]	[0.5..0.5]	[0.901..0.901]	[787695.56..787695.56]	[0.5..0.5]	[0.5..0.5]	0.7430324	[585283.3..585283.3]
Group-1	PC 44:0:0	339.32	20180509_PC_brain_02.mzXML	35.0	810835.1	0.0	0.0	[0.0..0.0]	[0.5..0.5]	[0.87..0.87]	[705426.56..705426.56]	[0.5..0.5]	[0.5..0.5]	[0.87..0.87]	[705426.56..705426.56]	[0.5..0.5]	[0.5..0.5]	0.7430324	[524154.78..524154.78]
Group-1	PC 44:12:0	327.23	20180509_PC_brain_02.mzXML	25.0	307111.3	123314.9	0.4015316	[4.0..4.0]	[0.5..0.5]	[2.076..2.076]	[637563.06..637563.06]	[0.5..0.5]	[0.5..0.5]	[2.076..2.076]	[637563.06..637563.06]	[0.5..0.5]	[0.5..0.5]	0.75972176	[484370.53..484370.53]
Group-1	PC 44:12:0	327.23	20180509_PC_brain_02.mzXML	30.0	131119.2	81349.6	0.62042475	[4.0..4.0]	[0.5..0.5]	[4.923..4.923]	[645499.8..645499.8]	[0.5..0.5]	[0.5..0.5]	[4.923..4.923]	[645499.8..645499.8]	[0.5..0.5]	[0.5..0.5]	0.75972176	[490400.25..490400.25]
Group-1	PC 44:12:0	327.23	20180509_PC_brain_02.mzXML	35.0	39558.3	38033.5	0.96145433	[4.0..4.0]	[0.5..0.5]	[14.275..14.275]	[564694.75..564694.75]	[0.5..0.5]	[0.5..0.5]	[14.275..14.275]	[564694.75..564694.75]	[0.5..0.5]	[0.5..0.5]	0.75972176	[429010.84..429010.84]
Group-1	PC 24:0:0	199.17	20180509_PC_brain_03.mzXML	25.0	782381.6	0.0	0.0	[0.0..0.0]	[0.5..0.5]	[1.082..1.082]	[846536.94..846536.94]	[0.5..0.5]	[0.5..0.5]	[1.082..1.082]	[846536.94..846536.94]	[0.5..0.5]	[0.5..0.5]	1.004296	[850173.6..850173.6]
Group-1	PC 24:0:0	199.17	20180509_PC_brain_03.mzXML	30.0	819733.7	0.0	0.0	[0.0..0.0]	[0.5..0.5]	[1.155..1.155]	[946792.4..946792.4]	[0.5..0.5]	[0.5..0.5]	[1.155..1.155]	[946792.4..946792.4]	[0.5..0.5]	[0.5..0.5]	1.004296	[950859.7..950859.7]
Group-1	PC 24:0:0	199.17	20180509_PC_brain_03.mzXML	35.0	724495.3	0.0	0.0	[0.0..0.0]	[0.5..0.5]	[1.187..1.187]	[859975.94..859975.94]	[0.5..0.5]	[0.5..0.5]	[1.187..1.187]	[859975.94..859975.94]	[0.5..0.5]	[0.5..0.5]	1.004296	[863670.4..863670.4]
Group-1	PC 25:0:0	199.17	20180509_PC_brain_03.mzXML	25.0	209273.0	0.0	0.0	[0.0..0.0]	[0.0..1.0]	[1.088..1.095]	[227689.03..229153.94]	[0.27..0.27]	[0.0..0.0]	[1.088..1.088]	[227689.03..227689.03]	[0.268..0.268]	[0.0..0.0]	0.98652405	[224620.7..226065.88]
Group-1	PC 25:0:0	199.17	20180509_PC_brain_03.mzXML	30.0	235721.2	0.0	0.0	[0.0..0.0]	[0.0..1.0]	[1.149..1.152]	[270843.7..271550.8]	[0.284..0.284]	[0.0..0.0]	[1.149..1.149]	[270843.7..270843.7]	[0.283..0.283]	[0.0..0.0]	0.98652405	[267193.8..267891.4]
Group-1	PC 25:0:0	199.17	20180509_PC_brain_03.mzXML	35.0	232820.1	0.0	0.0	[0.0..0.0]	[0.0..1.0]	[1.172..1.176]	[272865.16..273796.44]	[0.299..0.3]	[0.0..0.0]	[1.172..1.172]	[272865.16..272865.16]	[0.299..0.299]	[0.0..0.0]	0.98652405	[269188.06..270106.78]
Group-1	PC 25:0:0	213.18	20180509_PC_brain_03.mzXML	25.0	582118.7	0.0	0.0	[0.0..0.0]	[0.0..1.0]	[1.057..1.067]	[615299.5..621120.7]	[0.73..0.73]	[1.0..1.0]	[1.067..1.067]	[621120.7..621120.7]	[0.732..0.732]	[1.0..1.0]	0.98652405	[607007.7..612750.44]
Group-1	PC 25:0:0	213.18	20180509_PC_brain_03.mzXML	30.0	618758.0	0.0	0.0	[0.0..0.0]	[0.0..1.0]	[1.102..1.108]	[681871.3..685583.9]	[0.716..0.716]	[1.0..1.0]	[1.108..1.108]	[685583.9..685583.9]	[0.717..0.717]	[1.0..1.0]	0.98652405	[672682.44..676345.0]
Group-1	PC 25:0:0	213.18	20180509_PC_brain_03.mzXML	35.0	569609.2	0.0	0.0	[0.0..0.0]	[0.0..1.0]	[1.12..1.125]	[637962.3..640810.3]	[0.7..0.701]	[1.0..1.0]	[1.125..1.125]	[640810.3..640810.3]	[0.701..0.701]	[1.0..1.0]	0.98652405	[629365.2..632174.8]
Group-1	PC 30:0:0	227.2	20180509_PC_brain_03.mzXML	25.0	7794.0	0.0	0.0	[0.0..0.0]	[0.0..1.0]	[1.033..1.042]	[8051.202..8121.349]	[0.46..0.462]	[0.36..0.41]	[1.036..1.037]	[8074.584..8082.3774]	[0.461..0.461]	[0.356..0.405]	0.9069271	[7301.853..7365.471]
Group-1	PC 30:0:0	227.2	20180509_PC_brain_03.mzXML	30.0	8967.8	0.0	0.0	[0.0..0.0]	[0.0..1.0]	[1.062..1.068]	[9523.804..9577.609]	[0.455..0.456]	[0.36..0.41]	[1.064..1.064]	[9541.739..9541.739]	[0.456..0.456]	[0.356..0.405]	0.9069271	[8637.3955..8686.194]
Group-1	PC 30:0:0	227.2	20180509_PC_brain_03.mzXML	35.0	8303.9	0.0	0.0	[0.0..0.0]	[0.0..1.0]	[1.074..1.079]	[8918.389..8959.908]	[0.446..0.447]	[0.36..0.41]	[1.076..1.076]	[8934.997..8934.997]	[0.446..0.446]	[0.356..0.405]	0.9069271	[8088.3286..8125.984]
Group-1	PC 30:0:0	255.23	20180509_PC_brain_03.mzXML	25.0	9447.4	0.0	0.0	[0.0..0.0]	[0.0..1.0]	[1.0..1.0]	[9447.4..9447.4]	[0.538..0.54]	[0.59..0.64]	[1.0..1.0]	[9447.4..9447.4]	[0.539..0.539]	[0.595..0.644]	0.9069271	[8568.104..8568.104]
Group-1	PC 30:0:0	255.23	20180509_PC_brain_03.mzXML	30.0	11403.6	0.0	0.0	[0.0..0.0]	[0.0..1.0]	[1.0..1.0]	[11403.6..11403.6]	[0.544..0.545]	[0.59..0.64]	[1.0..1.0]	[11403.6..11403.6]	[0.544..0.544]	[0.595..0.644]	0.9069271	[10342.233..10342.233]
Group-1	PC 30:0:0	255.23	20180509_PC_brain_03.mzXML	35.0	11090.8	0.0	0.0	[0.0..0.0]	[0.0..1.0]	[1.0..1.0]	[11090.8..11090.8]	[0.553..0.554]	[0.59..0.64]	[1.0..1.0]	[11090.8..11090.8]	[0.554..0.554]	[0.595..0.644]	0.9069271	[10058.547..10058.547]
Group-1	PC 32:0:0	227.2	20180509_PC_brain_03.mzXML	25.0	1460.5	0.0	0.0	[0.0..0.0]	[0.0..1.0]	[1.033..1.042]	[1508.697..1521.841]	[0.797..0.799]	[1.0..1.0]	[1.042..1.042]	[1521.8411..1521.8411]	[0.8..0.8]	[1.0..1.0]	0.87883294	[1325.8922..1337.4441]
Group-1	PC 32:0:0	227.2	20180509_PC_brain_03.mzXML	30.0	1384.6	0.0	0.0	[0.0..0.0]	[0.0..1.0]	[1.062..1.068]	[1470.445..1478.753]	[0.718..0.719]	[1.0..1.0]	[1.068..1.068]	[1478.7527..1478.7527]	[0.72..0.72]	[1.0..1.0]	0.87883294	[1292.2756..1299.5765]
Group-1	PC 32:0:0	227.2	20180509_PC_brain_03.mzXML	35.0	1321.6	0.0	0.0	[0.0..0.0]	[0.0..1.0]	[1.074..1.079]	[1419.398..1426.006]	[0.751..0.752]	[1.0..1.0]	[1.079..1.079]	[1426.0063..1426.0063]	[0.753..0.753]	[1.0..1.0]	0.87883294	[1247.4141..1253.2213]
Group-1	PC 32:0:0	255.23	20180509_PC_brain_03.mzXML	25.0	166642.2	0.0	0.0	[0.0..0.0]	[0.5..0.5]	[1.0..1.0]	[166642.2..166642.2]	[0.5..0.5]	[0.5..0.5]	[1.0..1.0]	[166642.2..166642.2]	[0.5..0.5]	[0.5..0.5]	0.87883294	[146450.66..146450.66]
Group-1	PC 32:0:0	255.23	20180509_PC_brain_03.mzXML	30.0	206250.3	0.0	0.0	[0.0..0.0]	[0.5..0.5]	[1.0..1.0]	[206250.3..206250.3]	[0.5..0.5]	[0.5..0.5]	[1.0..1.0]	[206250.3..206250.3]	[0.5..0.5]	[0.5..0.5]	0.87883294	[181259.55..181259.55]
Group-1	PC 32:0:0	255.23	20180509_PC_brain_03.mzXML	35.0	181552.2	0.0	0.0	[0.0..0.0]	[0.5..0.5]	[1.0..1.0]	[181552.2..181552.2]	[0.5..0.5]	[0.5..0.5]	[1.0..1.0]	[181552.2..181552.2]	[0.5..0.5]	[0.5..0.5]	0.87883294	[159554.06..159554.06]
Group-1	PC 32:0:0	283.26	20180509_PC_brain_03.mzXML	25.0	392.5	0.0	0.0	[0.0..0.0]	[0.0..1.0]	[0.968..0.988]	[379.94..387.79]	[0.201..0.203]	[0.0..0.0]	[0.968..0.968]	[379.94..379.94]	[0.2..0.2]	[0.0..0.0]	0.87883294	[333.90378..340.8026]
Group-1	PC 32:0:0	283.26	20180509_PC_brain_03.mzXML	30.0	607.2	0.0	0.0	[0.0..0.0]	[0.0..1.0]	[0.946..0.958]	[574.411..581.698]	[0.281..0.282]	[0.0..0.0]	[0.946..0.946]	[574.4112..574.4112]	[0.28..0.28]	[0.0..0.0]	0.87883294	[504.8115..511.21503]
Group-1	PC 32:0:0	283.26	20180509_PC_brain_03.mzXML	35.0	499.9	0.0	0.0	[0.0..0.0]	[0.0..1.0]	[0.937..0.945]	[468.406..472.406]	[0.248..0.249]	[0.0..0.0]	[0.937..0.937]	[468.40628..468.40628]	[0.247..0.247]	[0.0..0.0]	0.87883294	[411.65088..415.1655]
Group-1	PC 32:1:0	227.2	20180509_PC_brain_03.mzXML	25.0	4774.5	0.0	0.0	[0.0..0.0]	[0.7..0.7]	[1.035..1.035]	[4941.608..4941.608]	[0.471..0.471]	[0.41..0.43]	[1.035..1.035]	[4941.6074..4941.6074]	[0.471..0.471]	[0.407..0.433]	0.88078475	[4352.492..4352.492]
Group-1	PC 32:1:0	227.2	20180509_PC_brain_03.mzXML	30.0	5488.2	0.0	0.0	[0.0..0.0]	[0.7..1.0]	[1.062..1.064]	[5828.469..5839.445]	[0.464..0.47]	[0.41..0.43]	[1.063..1.063]	[5833.9565..5833.9565]	[0.467..0.467]	[0.407..0.433]	0.88078475	[5133.6265..5143.294]
Group-1	PC 32:1:0	227.2	20180509_PC_brain_03.mzXML	35.0	5143.2	0.0	0.0	[0.0..0.0]	[1.0..1.0]	[1.074..1.074]	[5523.797..5523.797]	[0.475..0.475]	[0.41..0.43]	[1.074..1.074]	[5523.797..5523.797]	[0.475..0.475]	[0.407..0.433]	0.88078475	[4865.276..4865.276]
Group-1	PC 32:1:0	253.22	20180509_PC_brain_03.mzXML	25.0	112518.1	0.0	0.0	[9.0..9.0]	[0.0..1.0]	[0.902..0.981]	[101491.33..110380.26]	[0.557..0.578]	[0.63..0.7]	[0.952..0.957]	[107117.234..107679.83]	[0.57..0.572]	[0.628..0.702]	0.88078475	[89392.016..97221.25]
Group-1	PC 32:1:0	253.22	20180509_PC_brain_03.mzXML	30.0	130722.6	0.0	0.0	[9.0..9.0]	[0.0..1.0]	[0.912..0.97]	[119219.016..126800.93]	[0.563..0.578]	[0.63..0.7]	[0.949..0.953]	[124055.75..124578.64]	[0.573..0.574]	[0.628..0.702]	0.88078475	[105006.29..111684.33]
Group-1	PC 32:1:0	253.22	20180509_PC_brain_03.mzXML	35.0	112173.2	0.0	0.0	[9.0..9.0]	[0.0..1.0]	[0.935..0.969]	[104881.945..108695.83]	[0.548..0.557]	[0.63..0.7]	[0.956..0.959]	[107237.58..107574.1]	[0.554..0.554]	[0.628..0.702]	0.88078475	[92378.414..95737.63]
Group-1	PC 32:1:0	255.23	20180509_PC_brain_03.mzXML	25.0	80643.3	0.0	0.0	[0.0..0.0]	[0.0..1.0]	[1.0..1.0]	[80643.3..80643.3]	[0.422..0.443]	[0.3..0.37]	[1.0..1.0]	[80643.3..80643.3]	[0.428..0.43]	[0.298..0.372]	0.88078475	[71029.38..71029.38]
Group-1	PC 32:1:0	255.23	20180509_PC_brain_03.mzXML	30.0	92571.5	0.0	0.0	[0.0..0.0]	[0.0..1.0]	[1.0..1.0]	[92571.51..92571.51]	[0.422..0.437]	[0.3..0.37]	[1.0..1.0]	[92571.5..92571.5]	[0.426..0.427]	[0.298..0.372]	0.88078475	[81535.56..81535.56]
Group-1	PC 32:1:0	255.23	20180509_PC_brain_03.mzXML	35.0	86451.3	0.0	0.0	[0.0..0.0]	[0.0..1.0]	[1.0..1.0]	[86451.3..86451.3]	[0.443..0.452]	[0.3..0.37]	[1.0..1.0]	[86451.3..86451.3]	[0.446..0.446]	[0.298..0.372]	0.88078475	[76144.984..76144.984]
Group-1	PC 32:1:0	281.25	20180509_PC_brain_03.mzXML	25.0	6192.4	0.0	0.0	[9.0..9.0]	[0.3..0.3]	[0.898..0.898]	[5560.775..5560.775]	[0.529..0.529]	[0.57..0.59]	[0.898..0.898]	[5560.775..5560.775]	[0.529..0.529]	[0.567..0.593]	0.88078475	[4897.8457..4897.8457]
Group-1	PC 32:1:0	281.25	20180509_PC_brain_03.mzXML	30.0	7677.9	0.0	0.0	[9.0..9.0]	[0.0..0.3]	[0.856..0.877]	[6572.282..6733.518]	[0.53..0.536]	[0.57..0.59]	[0.868..0.868]	[6664.417..6664.417]	[0.533..0.533]	[0.567..0.593]	0.88078475	[5788.766..5930.78]
Group-1	PC 32:1:0	281.25	20180509_PC_brain_03.mzXML	35.0	7041.2	0.0	0.0	[9.0..9.0]	[0.0..0.0]	[0.868..0.868]	[6111.762..6111.762]	[0.525..0.525]	[0.57..0.59]	[0.868..0.868]	[6111.7617..6111.7617]	[0.525..0.525]	[0.567..0.593]	0.88078475	[5383.1465..5383.1465]
Group-1	PC 32:2:0	253.22	20180509_PC_brain_03.mzXML	25.0	4053.8	0.0	0.0	[9.0..9.0]	[0.5..0.5]	[0.973..0.973]	[3944.348..3944.348]	[0.5..0.5]	[0.5..0.5]	[0.973..0.973]	[3944.3474..3944.3474]	[0.5..0.5]	[0.5..0.5]	0.8827558	[3481.8958..3481.8958]
Group-1	PC 32:2:0	253.22	20180509_PC_brain_03.mzXML	30.0	3744.6	0.0	0.0	[9.0..9.0]	[0.5..0.5]	[0.982..0.982]	[3677.197..3677.197]	[0.5..0.5]	[0.5..0.5]	[0.982..0.982]	[3677.1973..3677.1973]	[0.5..0.5]	[0.5..0.5]	0.8827558	[3246.0674..3246.0674]
Group-1	PC 32:2:0	253.22	20180509_PC_brain_03.mzXML	35.0	3359.7	0.0	0.0	[9.0..9.0]	[0.5..0.5]	[0.987..0.987]	[3316.024..3316.024]	[0.5..0.5]	[0.5..0.5]	[0.987..0.987]	[3316.024..3316.024]	[0.5..0.5]	[0.5..0.5]	0.8827558	[2927.2393..2927.2393]
Group-1	PC 34:1:0	253.22	20180509_PC_brain_03.mzXML	25.0	35443.2	0.0	0.0	[9.0..9.0]	[0.0..1.0]	[0.902..0.981]	[31969.766..34769.777]	[0.726..0.739]	[1.0..1.0]	[0.981..0.981]	[34769.777..34769.777]	[0.742..0.742]	[1.0..1.0]	0.854385	[27314.49..29706.777]
Group-1	PC 34:1:0	253.22	20180509_PC_brain_03.mzXML	30.0	37097.6	0.0	0.0	[9.0..9.0]	[0.0..1.0]	[0.912..0.97]	[33833.01..35984.676]	[0.778..0.786]	[1.0..1.0]	[0.97..0.97]	[35984.676..35984.676]	[0.788..0.788]	[1.0..1.0]	0.854385	[28906.418..30744.768]
Group-1	PC 34:1:0	253.22	20180509_PC_brain_03.mzXML	35.0	33141.9	0.0	0.0	[9.0..9.0]	[0.0..1.0]	[0.935..0.969]	[30987.676..32114.498]	[0.703..0.708]	[1.0..1.0]	[0.969..0.969]	[32114.498..32114.498]	[0.71..0.71]	[1.0..1.0]	0.854385	[26475.406..27438.146]
Group-1	PC 34:1:0	255.23	20180509_PC_brain_03.mzXML	25.0	939032.2	0.0	0.0	[0.0..0.0]	[0.0..0.0]	[1.0..1.0]	[939032.2..939032.2]	[0.368..0.368]	[0.17..0.24]	[1.0..1.0]	[939032.2..939032.2]	[0.368..0.368]	[0.172..0.235]	0.854385	[802295.06..802295.06]
Group-1	PC 34:1:0	255.23	20180509_PC_brain_03.mzXML	30.0	1109517.6	0.0	0.0	[0.0..0.0]	[0.0..0.0]	[1.0..1.0]	[1109517.6..1109517.6]	[0.376..0.376]	[0.17..0.24]	[1.0..1.0]	[1109517.6..1109517.6]	[0.376..0.376]	[0.172..0.235]	0.854385	[947955.25..947955.25]
Group-1	PC 34:1:0	255.23	20180509_PC_brain_03.mzXML	35.0	1104861.5	0.0	0.0	[0.0..0.0]	[0.0..0.0]	[1.0..1.0]	[1104861.5..1104861.5]	[0.401..0.401]	[0.17..0.24]	[1.0..1.0]	[1104861.5..1104861.5]	[0.401..0.401]	[0.172..0.235]	0.854385	[943977.1..943977.1]
Group-1	PC 34:1:0	281.25	20180509_PC_brain_03.mzXML	25.0	1672101.4	0.0	0.0	[9.0..9.0]	[1.0..1.0]	[0.964..0.964]	[1611905.8..1611905.8]	[0.632..0.632]	[0.76..0.83]	[0.964..0.964]	[1611905.8..1611905.8]	[0.632..0.632]	[0.765..0.828]	0.854385	[1377188.1..1377188.1]
Group-1	PC 34:1:0	281.25	20180509_PC_brain_03.mzXML	30.0	1985478.9	0.0	0.0	[9.0..9.0]	[1.0..1.0]	[0.926..0.926]	[1838553.4..1838553.4]	[0.624..0.624]	[0.76..0.83]	[0.926..0.926]	[1838553.4..1838553.4]	[0.624..0.624]	[0.765..0.828]	0.854385	[1570832.5..1570832.5]
Group-1	PC 34:1:0	281.25	20180509_PC_brain_03.mzXML	35.0	1805168.6	0.0	0.0	[9.0..9.0]	[1.0..1.0]	[0.913..0.913]	[1648118.9..1648118.9]	[0.599..0.599]	[0.76..0.83]	[0.913..0.913]	[1648118.9..1648118.9]	[0.599..0.599]	[0.765..0.828]	0.854385	[1408128.1..1408128.1]
Group-1	PC 34:1:0	283.26	20180509_PC_brain_03.mzXML	25.0	12460.5	0.0	0.0	[0.0..0.0]	[0.0..1.0]	[0.968..0.988]	[12061.764..12310.974]	[0.261..0.274]	[0.0..0.0]	[0.968..0.968]	[12061.764..12061.764]	[0.258..0.258]	[0.0..0.0]	0.854385	[10305.391..10518.312]
Group-1	PC 34:1:0	283.26	20180509_PC_brain_03.mzXML	30.0	10207.6	0.0	0.0	[0.0..0.0]	[0.0..1.0]	[0.946..0.958]	[9656.389..9778.881]	[0.214..0.222]	[0.0..0.0]	[0.946..0.946]	[9656.389..9656.389]	[0.212..0.212]	[0.0..0.0]	0.854385	[8250.273..8354.929]
Group-1	PC 34:1:0	283.26	20180509_PC_brain_03.mzXML	35.0	14002.2	0.0	0.0	[0.0..0.0]	[0.0..1.0]	[0.937..0.945]	[13120.062..13232.079]	[0.292..0.297]	[0.0..0.0]	[0.937..0.937]	[13120.062..13120.062]	[0.29..0.29]	[0.0..0.0]	0.854385	[11209.584..11305.291]
Group-1	PC 34:2:0	253.22	20180509_PC_brain_03.mzXML	25.0	26270.3	0.0	0.0	[9.0..9.0]	[0.0..0.0]	[0.902..0.902]	[23695.812..23695.812]	[0.465..0.465]	[0.4..0.45]	[0.902..0.902]	[23695.812..23695.812]	[0.465..0.465]	[0.401..0.453]	0.8562302	[20289.07..20289.07]
Group-1	PC 34:2:0	253.22	20180509_PC_brain_03.mzXML	30.0	29058.6	0.0	0.0	[9.0..9.0]	[0.0..0.0]	[0.912..0.912]	[26501.443..26501.443]	[0.482..0.482]	[0.4..0.45]	[0.912..0.912]	[26501.443..26501.443]	[0.482..0.482]	[0.401..0.453]	0.8562302	[22691.334..22691.334]
Group-1	PC 34:2:0	253.22	20180509_PC_brain_03.mzXML	35.0	25608.1	0.0	0.0	[9.0..9.0]	[0.0..0.0]	[0.935..0.935]	[23943.572..23943.572]	[0.463..0.463]	[0.4..0.45]	[0.935..0.935]	[23943.572..23943.572]	[0.463..0.463]	[0.401..0.453]	0.8562302	[20501.21..20501.21]
Group-1	PC 34:2:0	255.23	20180509_PC_brain_03.mzXML	25.0	32408.9	0.0	0.0	[0.0..0.0]	[0.0..0.0]	[1.0..1.0]	[32408.9..32408.9]	[0.437..0.437]	[0.34..0.36]	[1.0..1.0]	[32408.9..32408.9]	[0.437..0.437]	[0.34..0.362]	0.8562302	[27749.479..27749.479]
Group-1	PC 34:2:0	255.23	20180509_PC_brain_03.mzXML	30.0	35620.1	0.0	0.0	[0.0..0.0]	[0.0..0.0]	[1.0..1.0]	[35620.1..35620.1]	[0.447..0.447]	[0.34..0.36]	[1.0..1.0]	[35620.1..35620.1]	[0.447..0.447]	[0.34..0.362]	0.8562302	[30499.006..30499.006]
Group-1	PC 34:2:0	255.23	20180509_PC_brain_03.mzXML	35.0	33241.0	0.0	0.0	[0.0..0.0]	[0.0..0.0]	[1.0..1.0]	[33241.0..33241.0]	[0.44..0.44]	[0.34..0.36]	[1.0..1.0]	[33241.0..33241.0]	[0.44..0.44]	[0.34..0.362]	0.8562302	[28461.947..28461.947]
Group-1	PC 34:2:0	279.23	20180509_PC_brain_03.mzXML	25.0	43645.3	0.0	0.0	[9.0..9.0]	[1.0..1.0]	[0.956..0.956]	[41724.906..41724.906]	[0.563..0.563]	[0.64..0.66]	[0.956..0.956]	[41724.906..41724.906]	[0.563..0.563]	[0.638..0.66]	0.8562302	[35726.125..35726.125]
Group-1	PC 34:2:0	279.23	20180509_PC_brain_03.mzXML	30.0	46366.3	0.0	0.0	[9.0..9.0]	[1.0..1.0]	[0.952..0.952]	[44140.72..44140.72]	[0.553..0.553]	[0.64..0.66]	[0.952..0.952]	[44140.72..44140.72]	[0.553..0.553]	[0.638..0.66]	0.8562302	[37794.617..37794.617]
Group-1	PC 34:2:0	279.23	20180509_PC_brain_03.mzXML	35.0	42497.4	0.0	0.0	[9.0..9.0]	[1.0..1.0]	[0.996..0.996]	[42327.41..42327.41]	[0.56..0.56]	[0.64..0.66]	[0.996..0.996]	[42327.41..42327.41]	[0.56..0.56]	[0.638..0.66]	0.8562302	[36242.004..36242.004]
Group-1	PC 34:2:0	281.25	20180509_PC_brain_03.mzXML	25.0	28228.0	0.0	0.0	[9.0..9.0]	[1.0..1.0]	[0.964..0.964]	[27211.793..27211.793]	[0.535..0.535]	[0.55..0.6]	[0.964..0.964]	[27211.791..27211.791]	[0.535..0.535]	[0.547..0.599]	0.8562302	[23299.559..23299.559]
Group-1	PC 34:2:0	281.25	20180509_PC_brain_03.mzXML	30.0	30750.7	0.0	0.0	[9.0..9.0]	[1.0..1.0]	[0.926..0.926]	[28475.146..28475.146]	[0.518..0.518]	[0.55..0.6]	[0.926..0.926]	[28475.146..28475.146]	[0.518..0.518]	[0.547..0.599]	0.8562302	[24381.281..24381.281]
Group-1	PC 34:2:0	281.25	20180509_PC_brain_03.mzXML	35.0	30385.2	0.0	0.0	[9.0..9.0]	[1.0..1.0]	[0.913..0.913]	[27741.686..27741.686]	[0.537..0.537]	[0.55..0.6]	[0.913..0.913]	[27741.686..27741.686]	[0.537..0.537]	[0.547..0.599]	0.8562302	[23753.27..23753.27]
Group-1	PC 34:3:0	253.22	20180509_PC_brain_03.mzXML	25.0	936.3	0.0	0.0	[9.0..9.0]	[0.0..0.0]	[0.902..0.902]	[844.543..844.543]	[0.589..0.589]	[0.53..0.72]	[0.902..0.902]	[844.5426..844.5426]	[0.589..0.589]	[0.532..0.721]	0.85807484	[724.6808..724.6808]
Group-1	PC 34:3:0	253.22	20180509_PC_brain_03.mzXML	30.0	1003.6	0.0	0.0	[9.0..9.0]	[0.0..0.0]	[0.912..0.912]	[915.283..915.283]	[0.528..0.528]	[0.53..0.72]	[0.912..0.912]	[915.2832..915.2832]	[0.528..0.528]	[0.532..0.721]	0.85807484	[785.3815..785.3815]
Group-1	PC 34:3:0	253.22	20180509_PC_brain_03.mzXML	35.0	878.4	0.0	0.0	[9.0..9.0]	[0.0..0.0]	[0.935..0.935]	[821.304..821.304]	[0.512..0.512]	[0.53..0.72]	[0.935..0.935]	[821.304..821.304]	[0.512..0.512]	[0.532..0.721]	0.85807484	[704.74036..704.74036]
Group-1	PC 34:3:0	255.23	20180509_PC_brain_03.mzXML	25.0	1445.0	0.0	0.0	[0.0..0.0]	[0.0..1.0]	[1.0..1.0]	[1445.0..1445.0]	[0.384..0.413]	[0.21..0.43]	[1.0..1.0]	[1445.0..1445.0]	[0.413..0.436]	[0.211..0.428]	0.85807484	[1239.9181..1239.9181]
Group-1	PC 34:3:0	255.23	20180509_PC_brain_03.mzXML	30.0	1610.7	0.0	0.0	[0.0..0.0]	[0.0..1.0]	[1.0..1.0]	[1610.7..1610.7]	[0.421..0.467]	[0.21..0.43]	[1.0..1.0]	[1610.7..1610.7]	[0.437..0.475]	[0.211..0.428]	0.85807484	[1382.1011..1382.1011]
Group-1	PC 34:3:0	255.23	20180509_PC_brain_03.mzXML	35.0	1743.1	0.0	0.0	[0.0..0.0]	[0.0..0.0]	[1.0..1.0]	[1743.1..1743.1]	[0.423..0.473]	[0.21..0.43]	[1.0..1.0]	[1743.1..1743.1]	[0.431..0.485]	[0.211..0.428]	0.85807484	[1495.7102..1495.7102]
Group-1	PC 34:3:0	277.22	20180509_PC_brain_03.mzXML	25.0	2187.6	0.0	0.0	[6.0..9.0]	[0.0..1.0]	[0.938..1.058]	[2051.969..2314.481]	[0.587..0.616]	[0.57..0.79]	[0.853..0.939]	[1866.0228..2054.1565]	[0.564..0.587]	[0.572..0.789]	0.85807484	[1760.7429..1985.9978]
Group-1	PC 34:3:0	277.22	20180509_PC_brain_03.mzXML	30.0	1786.1	0.0	0.0	[6.0..9.0]	[0.0..1.0]	[1.029..1.242]	[1837.897..2218.336]	[0.533..0.579]	[0.57..0.79]	[0.998..1.162]	[1782.5278..2075.448]	[0.525..0.563]	[0.572..0.789]	0.85807484	[1577.0531..1903.4984]
Group-1	PC 34:3:0	277.22	20180509_PC_brain_03.mzXML	35.0	1504.9	0.0	0.0	[6.0..9.0]	[1.0..1.0]	[1.289..1.577]	[1939.816..2373.227]	[0.527..0.577]	[0.57..0.79]	[1.23..1.531]	[1851.0271..2304.002]	[0.515..0.569]	[0.572..0.789]	0.85807484	[1664.5076..2036.4067]
Group-1	PC 34:3:0	279.23	20180509_PC_brain_03.mzXML	25.0	615.5	0.0	0.0	[9.0..9.0]	[1.0..1.0]	[0.956..0.956]	[588.418..588.418]	[0.411..0.411]	[0.28..0.47]	[0.956..0.956]	[588.41797..588.41797]	[0.411..0.411]	[0.279..0.468]	0.85807484	[504.90668..504.90668]
Group-1	PC 34:3:0	279.23	20180509_PC_brain_03.mzXML	30.0	860.8	0.0	0.0	[9.0..9.0]	[1.0..1.0]	[0.952..0.952]	[819.482..819.482]	[0.472..0.472]	[0.28..0.47]	[0.952..0.952]	[819.4816..819.4816]	[0.472..0.472]	[0.279..0.468]	0.85807484	[703.1765..703.1765]
Group-1	PC 34:3:0	279.23	20180509_PC_brain_03.mzXML	35.0	787.0	0.0	0.0	[9.0..9.0]	[1.0..1.0]	[0.996..0.996]	[783.852..783.852]	[0.488..0.488]	[0.28..0.47]	[0.996..0.996]	[783.852..783.852]	[0.488..0.488]	[0.279..0.468]	0.85807484	[672.6037..672.6037]
Group-1	PC 36:1:0	255.23	20180509_PC_brain_03.mzXML	25.0	44461.2	0.0	0.0	[0.0..0.0]	[0.0..0.0]	[1.0..1.0]	[44461.2..44461.2]	[0.551..0.551]	[0.61..0.63]	[1.0..1.0]	[44461.2..44461.2]	[0.551..0.551]	[0.615..0.627]	0.8296408	[36886.824..36886.824]
Group-1	PC 36:1:0	255.23	20180509_PC_brain_03.mzXML	30.0	54505.6	0.0	0.0	[0.0..0.0]	[0.0..0.0]	[1.0..1.0]	[54505.6..54505.6]	[0.549..0.549]	[0.61..0.63]	[1.0..1.0]	[54505.6..54505.6]	[0.549..0.549]	[0.615..0.627]	0.8296408	[45220.07..45220.07]
Group-1	PC 36:1:0	255.23	20180509_PC_brain_03.mzXML	35.0	46370.2	0.0	0.0	[0.0..0.0]	[0.0..0.0]	[1.0..1.0]	[46370.2..46370.2]	[0.543..0.543]	[0.61..0.63]	[1.0..1.0]	[46370.2..46370.2]	[0.543..0.543]	[0.615..0.627]	0.8296408	[38470.61..38470.61]
Group-1	PC 36:1:0	281.25	20180509_PC_brain_03.mzXML	25.0	1043469.3	0.0	0.0	[9.0..9.0]	[0.0..1.0]	[0.87..0.964]	[907818.3..1005904.4]	[0.746..0.761]	[1.0..1.0]	[0.964..0.964]	[1005904.4..1005904.4]	[0.765..0.765]	[1.0..1.0]	0.8296408	[753163.1..834539.4]
Group-1	PC 36:1:0	281.25	20180509_PC_brain_03.mzXML	30.0	1144545.2	0.0	0.0	[9.0..9.0]	[0.0..1.0]	[0.856..0.926]	[979730.75..1059848.9]	[0.724..0.737]	[1.0..1.0]	[0.926..0.926]	[1059848.9..1059848.9]	[0.74..0.74]	[1.0..1.0]	0.8296408	[812824.6..879293.9]
Group-1	PC 36:1:0	281.25	20180509_PC_brain_03.mzXML	35.0	1002957.3	0.0	0.0	[9.0..9.0]	[0.0..1.0]	[0.868..0.913]	[870566.94..915699.94]	[0.718..0.726]	[1.0..1.0]	[0.913..0.913]	[915700.0..915700.0]	[0.728..0.728]	[1.0..1.0]	0.8296408	[722257.8..759702.1]
Group-1	PC 36:1:0	283.26	20180509_PC_brain_03.mzXML	25.0	319198.7	0.0	0.0	[0.0..0.0]	[0.0..1.0]	[0.968..0.988]	[308984.3..315368.28]	[0.239..0.254]	[0.0..0.0]	[0.968..0.968]	[308984.3..308984.3]	[0.235..0.235]	[0.0..0.0]	0.8296408	[256346.0..261642.4]
Group-1	PC 36:1:0	283.26	20180509_PC_brain_03.mzXML	30.0	394307.7	0.0	0.0	[0.0..0.0]	[0.0..1.0]	[0.946..0.958]	[373015.06..377746.78]	[0.263..0.276]	[0.0..0.0]	[0.946..0.946]	[373015.06..373015.06]	[0.26..0.26]	[0.0..0.0]	0.8296408	[309468.53..313394.12]
Group-1	PC 36:1:0	283.26	20180509_PC_brain_03.mzXML	35.0	365230.5	0.0	0.0	[0.0..0.0]	[0.0..1.0]	[0.937..0.945]	[342220.97..345142.8]	[0.274..0.282]	[0.0..0.0]	[0.937..0.937]	[342220.97..342220.97]	[0.272..0.272]	[0.0..0.0]	0.8296408	[283920.47..286344.56]
Group-1	PC 36:1:0	309.28	20180509_PC_brain_03.mzXML	25.0	37619.7	0.0	0.0	[11.0..11.0]	[1.0..1.0]	[0.964..0.964]	[36265.39..36265.39]	[0.449..0.449]	[0.37..0.39]	[0.964..0.964]	[36265.39..36265.39]	[0.449..0.449]	[0.373..0.385]	0.8296408	[30087.248..30087.248]
Group-1	PC 36:1:0	309.28	20180509_PC_brain_03.mzXML	30.0	50096.4	0.0	0.0	[11.0..11.0]	[1.0..1.0]	[0.894..0.894]	[44786.18..44786.18]	[0.451..0.451]	[0.37..0.39]	[0.894..0.894]	[44786.18..44786.18]	[0.451..0.451]	[0.373..0.385]	0.8296408	[37156.44..37156.44]
Group-1	PC 36:1:0	309.28	20180509_PC_brain_03.mzXML	35.0	45318.4	0.0	0.0	[11.0..11.0]	[1.0..1.0]	[0.861..0.861]	[39019.14..39019.14]	[0.457..0.457]	[0.37..0.39]	[0.861..0.861]	[39019.14..39019.14]	[0.457..0.457]	[0.373..0.385]	0.8296408	[32371.871..32371.871]
Group-1	PC 36:2:0	253.22	20180509_PC_brain_03.mzXML	25.0	2757.6	0.0	0.0	[9.0..9.0]	[0.3..0.3]	[0.926..0.926]	[2553.538..2553.538]	[0.583..0.583]	[0.71..0.87]	[0.926..0.926]	[2553.5376..2553.5376]	[0.583..0.583]	[0.707..0.869]	0.8313721	[2122.94..2122.94]
Group-1	PC 36:2:0	253.22	20180509_PC_brain_03.mzXML	30.0	3364.0	0.0	0.0	[9.0..9.0]	[0.0..0.3]	[0.912..0.929]	[3067.968..3125.156]	[0.581..0.582]	[0.71..0.87]	[0.924..0.927]	[3108.3362..3118.428]	[0.584..0.584]	[0.707..0.869]	0.8313721	[2550.6228..2598.1675]
Group-1	PC 36:2:0	253.22	20180509_PC_brain_03.mzXML	35.0	2794.4	0.0	0.0	[9.0..9.0]	[0.0..0.0]	[0.935..0.935]	[2612.764..2612.764]	[0.638..0.638]	[0.71..0.87]	[0.935..0.935]	[2612.764..2612.764]	[0.638..0.638]	[0.707..0.869]	0.8313721	[2172.179..2172.179]
Group-1	PC 36:2:0	255.23	20180509_PC_brain_03.mzXML	25.0	15348.1	0.0	0.0	[0.0..0.0]	[0.0..0.0]	[1.0..1.0]	[15348.1..15348.1]	[0.602..0.602]	[0.72..0.75]	[1.0..1.0]	[15348.1..15348.1]	[0.602..0.602]	[0.721..0.754]	0.8313721	[12759.981..12759.981]
Group-1	PC 36:2:0	255.23	20180509_PC_brain_03.mzXML	30.0	19576.7	0.0	0.0	[0.0..0.0]	[0.0..0.0]	[1.0..1.0]	[19576.7..19576.7]	[0.585..0.585]	[0.72..0.75]	[1.0..1.0]	[19576.7..19576.7]	[0.585..0.585]	[0.721..0.754]	0.8313721	[16275.521..16275.521]
Group-1	PC 36:2:0	255.23	20180509_PC_brain_03.mzXML	35.0	17691.7	0.0	0.0	[0.0..0.0]	[0.0..0.0]	[1.0..1.0]	[17691.7..17691.7]	[0.589..0.589]	[0.72..0.75]	[1.0..1.0]	[17691.7..17691.7]	[0.589..0.589]	[0.721..0.754]	0.8313721	[14708.385..14708.385]
Group-1	PC 36:2:0	279.23	20180509_PC_brain_03.mzXML	25.0	42130.1	0.0	0.0	[9.0..9.0]	[0.0..1.0]	[0.867..0.956]	[36526.797..40276.375]	[0.725..0.74]	[1.0..1.0]	[0.956..0.956]	[40276.375..40276.375]	[0.744..0.744]	[1.0..1.0]	0.8313721	[30367.36..33484.652]
Group-1	PC 36:2:0	279.23	20180509_PC_brain_03.mzXML	30.0	47725.9	0.0	0.0	[9.0..9.0]	[0.0..1.0]	[0.884..0.952]	[42189.695..45435.055]	[0.704..0.717]	[1.0..1.0]	[0.952..0.952]	[45435.055..45435.055]	[0.72..0.72]	[1.0..1.0]	0.8313721	[35075.336..37773.438]
Group-1	PC 36:2:0	279.23	20180509_PC_brain_03.mzXML	35.0	41959.0	0.0	0.0	[9.0..9.0]	[0.0..1.0]	[0.951..0.996]	[39903.008..41791.164]	[0.706..0.713]	[1.0..1.0]	[0.996..0.996]	[41791.164..41791.164]	[0.715..0.715]	[1.0..1.0]	0.8313721	[33174.25..34744.008]
Group-1	PC 36:2:0	281.25	20180509_PC_brain_03.mzXML	25.0	291216.8	0.0	0.0	[9.0..9.0]	[0.5..0.5]	[0.915..0.915]	[266463.38..266463.38]	[0.5..0.5]	[0.5..0.5]	[0.915..0.915]	[266463.38..266463.38]	[0.5..0.5]	[0.5..0.5]	0.8313721	[221530.22..221530.22]
Group-1	PC 36:2:0	281.25	20180509_PC_brain_03.mzXML	30.0	343937.8	0.0	0.0	[9.0..9.0]	[0.5..0.5]	[0.911..0.911]	[313327.3..313327.3]	[0.5..0.5]	[0.5..0.5]	[0.911..0.911]	[313327.34..313327.34]	[0.5..0.5]	[0.5..0.5]	0.8313721	[260491.6..260491.6]
Group-1	PC 36:2:0	281.25	20180509_PC_brain_03.mzXML	35.0	314928.0	0.0	0.0	[9.0..9.0]	[0.5..0.5]	[0.917..0.917]	[288788.97..288788.97]	[0.5..0.5]	[0.5..0.5]	[0.917..0.917]	[288788.97..288788.97]	[0.5..0.5]	[0.5..0.5]	0.8313721	[240091.1..240091.1]
Group-1	PC 36:2:0	283.26	20180509_PC_brain_03.mzXML	25.0	14345.0	0.0	0.0	[0.0..0.0]	[0.0..1.0]	[0.968..0.988]	[13885.96..14172.859]	[0.26..0.275]	[0.0..0.0]	[0.968..0.968]	[13885.96..13885.96]	[0.256..0.256]	[0.0..0.0]	0.8313721	[11544.399..11782.92]
Group-1	PC 36:2:0	283.26	20180509_PC_brain_03.mzXML	30.0	18710.7	0.0	0.0	[0.0..0.0]	[0.0..1.0]	[0.946..0.958]	[17700.32..17924.85]	[0.283..0.296]	[0.0..0.0]	[0.946..0.946]	[17700.32..17700.32]	[0.28..0.28]	[0.0..0.0]	0.8313721	[14715.553..14902.22]
Group-1	PC 36:2:0	283.26	20180509_PC_brain_03.mzXML	35.0	17769.1	0.0	0.0	[0.0..0.0]	[0.0..1.0]	[0.937..0.945]	[16649.646..16791.799]	[0.287..0.294]	[0.0..0.0]	[0.937..0.937]	[16649.646..16649.646]	[0.285..0.285]	[0.0..0.0]	0.8313721	[13842.051..13960.233]
Group-1	PC 36:2:0	307.26	20180509_PC_brain_03.mzXML	25.0	10690.2	0.0	0.0	[11.0..11.0]	[1.0..1.0]	[0.951..0.951]	[10166.38..10166.38]	[0.398..0.398]	[0.25..0.28]	[0.951..0.951]	[10166.38..10166.38]	[0.398..0.398]	[0.246..0.279]	0.8313721	[8452.045..8452.045]
Group-1	PC 36:2:0	307.26	20180509_PC_brain_03.mzXML	30.0	15443.5	0.0	0.0	[11.0..11.0]	[1.0..1.0]	[0.9..0.9]	[13899.149..13899.149]	[0.415..0.415]	[0.25..0.28]	[0.9..0.9]	[13899.149..13899.149]	[0.415..0.415]	[0.246..0.279]	0.8313721	[11555.365..11555.365]
Group-1	PC 36:2:0	307.26	20180509_PC_brain_03.mzXML	35.0	13608.7	0.0	0.0	[11.0..11.0]	[1.0..1.0]	[0.906..0.906]	[12329.482..12329.482]	[0.411..0.411]	[0.25..0.28]	[0.906..0.906]	[12329.482..12329.482]	[0.411..0.411]	[0.246..0.279]	0.8313721	[10250.388..10250.388]
Group-1	PC 36:2:0	309.28	20180509_PC_brain_03.mzXML	25.0	1955.5	0.0	0.0	[11.0..11.0]	[0.7..0.7]	[0.935..0.935]	[1828.393..1828.393]	[0.417..0.417]	[0.13..0.29]	[0.935..0.935]	[1828.3925..1828.3925]	[0.417..0.417]	[0.131..0.293]	0.8313721	[1520.0745..1520.0745]
Group-1	PC 36:2:0	309.28	20180509_PC_brain_03.mzXML	30.0	2526.1	0.0	0.0	[11.0..11.0]	[0.7..1.0]	[0.872..0.894]	[2202.759..2258.334]	[0.418..0.419]	[0.13..0.29]	[0.875..0.878]	[2210.3376..2217.916]	[0.416..0.416]	[0.131..0.293]	0.8313721	[1831.3126..1877.5155]
Group-1	PC 36:2:0	309.28	20180509_PC_brain_03.mzXML	35.0	1718.3	0.0	0.0	[11.0..11.0]	[1.0..1.0]	[0.861..0.861]	[1479.456..1479.456]	[0.362..0.362]	[0.13..0.29]	[0.861..0.861]	[1479.4563..1479.4563]	[0.362..0.362]	[0.131..0.293]	0.8313721	[1229.9786..1229.9786]
Group-1	PC 36:3:0	255.23	20180509_PC_brain_03.mzXML	25.0	12475.6	0.0	0.0	[0.0..0.0]	[0.0..1.0]	[1.0..1.0]	[12475.6..12475.6]	[0.422..0.454]	[0.22..0.51]	[1.0..1.0]	[12475.6..12475.6]	[0.453..0.48]	[0.22..0.505]	0.8331026	[10393.454..10393.454]
Group-1	PC 36:3:0	255.23	20180509_PC_brain_03.mzXML	30.0	13487.4	0.0	0.0	[0.0..0.0]	[0.0..1.0]	[1.0..1.0]	[13487.4..13487.4]	[0.392..0.458]	[0.22..0.51]	[1.0..1.0]	[13487.4..13487.4]	[0.409..0.467]	[0.22..0.505]	0.8331026	[11236.388..11236.388]
Group-1	PC 36:3:0	255.23	20180509_PC_brain_03.mzXML	35.0	12776.6	0.0	0.0	[0.0..0.0]	[0.0..0.8]	[1.0..1.0]	[12776.6..12776.6]	[0.399..0.502]	[0.22..0.51]	[1.0..1.0]	[12776.6..12776.6]	[0.407..0.5]	[0.22..0.505]	0.8331026	[10644.218..10644.218]
Group-1	PC 36:3:0	279.23	20180509_PC_brain_03.mzXML	25.0	10262.7	0.0	0.0	[9.0..9.0]	[0.0..0.0]	[0.867..0.867]	[8897.761..8897.761]	[0.479..0.479]	[0.45..0.55]	[0.867..0.867]	[8897.761..8897.761]	[0.479..0.479]	[0.448..0.551]	0.8331026	[7412.7476..7412.7476]
Group-1	PC 36:3:0	279.23	20180509_PC_brain_03.mzXML	30.0	11206.1	0.0	0.0	[9.0..9.0]	[0.0..0.0]	[0.884..0.884]	[9906.192..9906.192]	[0.489..0.489]	[0.45..0.55]	[0.884..0.884]	[9906.192..9906.192]	[0.489..0.489]	[0.448..0.551]	0.8331026	[8252.874..8252.874]
Group-1	PC 36:3:0	279.23	20180509_PC_brain_03.mzXML	35.0	9863.8	0.0	0.0	[9.0..9.0]	[0.0..0.0]	[0.951..0.951]	[9380.474..9380.474]	[0.519..0.519]	[0.45..0.55]	[0.951..0.951]	[9380.474..9380.474]	[0.519..0.519]	[0.448..0.551]	0.8331026	[7814.896..7814.896]
Group-1	PC 36:3:0	281.25	20180509_PC_brain_03.mzXML	25.0	10059.4	0.0	0.0	[9.0..9.0]	[1.0..1.0]	[0.964..0.964]	[9697.262..9697.262]	[0.521..0.521]	[0.45..0.55]	[0.964..0.964]	[9697.262..9697.262]	[0.521..0.521]	[0.449..0.552]	0.8331026	[8078.814..8078.814]
Group-1	PC 36:3:0	281.25	20180509_PC_brain_03.mzXML	30.0	11176.9	0.0	0.0	[9.0..9.0]	[1.0..1.0]	[0.926..0.926]	[10349.81..10349.81]	[0.511..0.511]	[0.45..0.55]	[0.926..0.926]	[10349.81..10349.81]	[0.511..0.511]	[0.449..0.552]	0.8331026	[8622.453..8622.453]
Group-1	PC 36:3:0	281.25	20180509_PC_brain_03.mzXML	35.0	9514.6	0.0	0.0	[9.0..9.0]	[1.0..1.0]	[0.913..0.913]	[8686.829..8686.829]	[0.481..0.481]	[0.45..0.55]	[0.913..0.913]	[8686.829..8686.829]	[0.481..0.481]	[0.449..0.552]	0.8331026	[7237.02..7237.02]
Group-1	PC 36:3:0	305.25	20180509_PC_brain_03.mzXML	25.0	16623.8	0.0	0.0	[5.0..11.0]	[0.0..1.0]	[0.903..1.028]	[15011.292..17089.268]	[0.546..0.578]	[0.49..0.78]	[0.814..0.907]	[13531.774..15077.787]	[0.52..0.547]	[0.495..0.78]	0.8331026	[12505.946..14237.112]
Group-1	PC 36:3:0	305.25	20180509_PC_brain_03.mzXML	30.0	17229.9	0.0	0.0	[5.0..11.0]	[0.0..1.0]	[0.927..1.213]	[15972.117..20899.871]	[0.542..0.608]	[0.49..0.78]	[0.893..1.131]	[15386.301..19487.018]	[0.533..0.591]	[0.495..0.78]	0.8331026	[13306.412..17411.736]
Group-1	PC 36:3:0	305.25	20180509_PC_brain_03.mzXML	35.0	12221.8	0.0	0.0	[5.0..11.0]	[0.2..1.0]	[1.038..1.574]	[12686.229..19237.113]	[0.498..0.601]	[0.49..0.78]	[1.044..1.525]	[12759.56..18638.244]	[0.5..0.593]	[0.495..0.78]	0.8331026	[10568.929..16026.488]
Group-1	PC 36:4:0	255.23	20180509_PC_brain_03.mzXML	25.0	44147.6	0.0	0.0	[0.0..0.0]	[0.0..0.0]	[1.0..1.0]	[44147.6..44147.6]	[0.24..0.241]	[0.0..0.0]	[1.0..1.0]	[44147.6..44147.6]	[0.24..0.241]	[0.0..0.0]	0.8348496	[36856.605..36856.605]
Group-1	PC 36:4:0	255.23	20180509_PC_brain_03.mzXML	30.0	55464.6	0.0	0.0	[0.0..0.0]	[0.0..0.0]	[1.0..1.0]	[55464.6..55464.6]	[0.268..0.271]	[0.0..0.0]	[1.0..1.0]	[55464.6..55464.6]	[0.268..0.271]	[0.0..0.0]	0.8348496	[46304.6..46304.6]
Group-1	PC 36:4:0	255.23	20180509_PC_brain_03.mzXML	35.0	52409.7	0.0	0.0	[0.0..0.0]	[0.0..0.0]	[1.0..1.0]	[52409.7..52409.7]	[0.28..0.285]	[0.0..0.0]	[1.0..1.0]	[52409.7..52409.7]	[0.28..0.285]	[0.0..0.0]	0.8348496	[43754.215..43754.215]
Group-1	PC 36:4:0	279.23	20180509_PC_brain_03.mzXML	25.0	0.0	0.0	0.0	[9.0..9.0]	[0.5..0.5]	[0.916..0.916]	[0.0..0.0]	[0.5..0.5]	[0.5..0.5]	[0.916..0.916]	[0.0..0.0]	[0.5..0.5]	[0.5..0.5]	0.8348496	[0.0..0.0]
Group-1	PC 36:4:0	279.23	20180509_PC_brain_03.mzXML	30.0	648.3	0.0	0.0	[9.0..9.0]	[0.5..0.5]	[0.945..0.945]	[612.644..612.644]	[0.5..0.5]	[0.5..0.5]	[0.945..0.945]	[612.6435..612.6435]	[0.5..0.5]	[0.5..0.5]	0.8348496	[511.46515..511.46515]
Group-1	PC 36:4:0	279.23	20180509_PC_brain_03.mzXML	35.0	580.3	0.0	0.0	[9.0..9.0]	[0.5..0.5]	[1.005..1.005]	[583.202..583.202]	[0.5..0.5]	[0.5..0.5]	[1.005..1.005]	[583.2015..583.2015]	[0.5..0.5]	[0.5..0.5]	0.8348496	[486.8855..486.8855]
Group-1	PC 36:4:0	303.23	20180509_PC_brain_03.mzXML	25.0	117139.9	5696.2	0.048627328	[5.4..5.4]	[1.0..1.0]	[1.187..1.192]	[139045.06..139630.77]	[0.759..0.76]	[1.0..1.0]	[1.187..1.192]	[139045.06..139630.77]	[0.759..0.76]	[1.0..1.0]	0.8348496	[116081.71..116570.69]
Group-1	PC 36:4:0	303.23	20180509_PC_brain_03.mzXML	30.0	92624.4	7636.9	0.082450196	[5.2..5.3]	[1.0..1.0]	[1.613..1.634]	[149403.16..151348.27]	[0.729..0.732]	[1.0..1.0]	[1.613..1.634]	[149403.16..151348.27]	[0.729..0.732]	[1.0..1.0]	0.8348496	[124729.17..126353.04]
Group-1	PC 36:4:0	303.23	20180509_PC_brain_03.mzXML	35.0	52828.1	6057.2	0.114658676	[5.2..5.3]	[1.0..1.0]	[2.495..2.548]	[131806.11..134606.02]	[0.715..0.72]	[1.0..1.0]	[2.495..2.548]	[131806.11..134606.02]	[0.715..0.72]	[1.0..1.0]	0.8348496	[110038.27..112375.77]
Group-1	PC 38:1:0	255.23	20180509_PC_brain_03.mzXML	25.0	2174.2	0.0	0.0	[0.0..0.0]	[0.0..0.0]	[1.0..1.0]	[2174.2..2174.2]	[0.348..0.348]	[0.12..0.33]	[1.0..1.0]	[2174.2..2174.2]	[0.348..0.348]	[0.122..0.326]	0.80639756	[1753.2695..1753.2695]
Group-1	PC 38:1:0	255.23	20180509_PC_brain_03.mzXML	30.0	2732.3	0.0	0.0	[0.0..0.0]	[1.0..1.0]	[1.0..1.0]	[2732.3..2732.3]	[0.42..0.42]	[0.12..0.33]	[1.0..1.0]	[2732.3..2732.3]	[0.42..0.42]	[0.122..0.326]	0.80639756	[2203.32..2203.32]
Group-1	PC 38:1:0	255.23	20180509_PC_brain_03.mzXML	35.0	2856.4	0.0	0.0	[0.0..0.0]	[0.0..1.0]	[1.0..1.0]	[2856.4..2856.4]	[0.419..0.435]	[0.12..0.33]	[1.0..1.0]	[2856.4..2856.4]	[0.42..0.424]	[0.122..0.326]	0.80639756	[2303.3938..2303.3938]
Group-1	PC 38:1:0	281.25	20180509_PC_brain_03.mzXML	25.0	7068.7	0.0	0.0	[9.0..9.0]	[0.0..1.0]	[0.87..0.964]	[6149.769..6814.227]	[0.7..0.711]	[1.0..1.0]	[0.964..0.964]	[6814.227..6814.227]	[0.721..0.721]	[0.998..1.0]	0.80639756	[4959.1587..5494.976]
Group-1	PC 38:1:0	281.25	20180509_PC_brain_03.mzXML	30.0	8435.8	0.0	0.0	[9.0..9.0]	[0.0..1.0]	[0.856..0.926]	[7221.045..7811.551]	[0.758..0.766]	[1.0..1.0]	[0.926..0.926]	[7811.551..7811.551]	[0.772..0.772]	[0.998..1.0]	0.80639756	[5823.0327..6299.2153]
Group-1	PC 38:1:0	281.25	20180509_PC_brain_03.mzXML	35.0	7401.1	0.0	0.0	[9.0..9.0]	[0.0..1.0]	[0.868..0.913]	[6424.155..6757.204]	[0.711..0.716]	[1.0..1.0]	[0.913..0.913]	[6757.204..6757.204]	[0.721..0.721]	[0.998..1.0]	0.80639756	[5180.4224..5448.993]
Group-1	PC 38:1:0	283.26	20180509_PC_brain_03.mzXML	25.0	8632.4	0.0	0.0	[0.0..0.0]	[0.0..0.0]	[0.968..0.968]	[8356.163..8356.163]	[0.252..0.252]	[0.0..0.0]	[0.968..0.968]	[8356.163..8356.163]	[0.252..0.252]	[0.0..0.0]	0.80639756	[6738.3896..6738.3896]
Group-1	PC 38:1:0	283.26	20180509_PC_brain_03.mzXML	30.0	10702.8	0.0	0.0	[0.0..0.0]	[0.0..0.0]	[0.946..0.946]	[10124.849..10124.849]	[0.272..0.272]	[0.0..0.0]	[0.946..0.946]	[10124.849..10124.849]	[0.272..0.272]	[0.0..0.0]	0.80639756	[8164.6533..8164.6533]
Group-1	PC 38:1:0	283.26	20180509_PC_brain_03.mzXML	35.0	10846.2	0.0	0.0	[0.0..0.0]	[0.0..0.0]	[0.937..0.937]	[10162.89..10162.89]	[0.312..0.312]	[0.0..0.0]	[0.937..0.937]	[10162.89..10162.89]	[0.312..0.312]	[0.0..0.0]	0.80639756	[8195.329..8195.329]
Group-1	PC 38:1:0	309.28	20180509_PC_brain_03.mzXML	25.0	25662.5	0.0	0.0	[11.0..11.0]	[1.0..1.0]	[0.964..0.964]	[24738.65..24738.65]	[0.748..0.748]	[1.0..1.0]	[0.964..0.964]	[24738.65..24738.65]	[0.748..0.748]	[1.0..1.0]	0.80639756	[19949.188..19949.188]
Group-1	PC 38:1:0	309.28	20180509_PC_brain_03.mzXML	30.0	30331.2	0.0	0.0	[11.0..11.0]	[1.0..1.0]	[0.894..0.894]	[27116.092..27116.092]	[0.728..0.728]	[1.0..1.0]	[0.894..0.894]	[27116.092..27116.092]	[0.728..0.728]	[1.0..1.0]	0.80639756	[21866.352..21866.352]
Group-1	PC 38:1:0	309.28	20180509_PC_brain_03.mzXML	35.0	25986.4	0.0	0.0	[11.0..11.0]	[1.0..1.0]	[0.861..0.861]	[22374.293..22374.293]	[0.688..0.688]	[1.0..1.0]	[0.861..0.861]	[22374.291..22374.291]	[0.688..0.688]	[1.0..1.0]	0.80639756	[18042.572..18042.572]
Group-1	PC 38:1:0	311.29	20180509_PC_brain_03.mzXML	25.0	2780.9	0.0	0.0	[0.0..0.0]	[0.0..1.0]	[0.946..0.995]	[2630.731..2766.995]	[0.289..0.3]	[0.0..0.0]	[0.946..0.946]	[2630.7312..2630.7312]	[0.279..0.279]	[0.0..0.002]	0.80639756	[2121.4153..2231.2983]
Group-1	PC 38:1:0	311.29	20180509_PC_brain_03.mzXML	30.0	2554.1	0.0	0.0	[0.0..0.0]	[0.0..1.0]	[0.903..0.934]	[2306.352..2385.53]	[0.234..0.242]	[0.0..0.0]	[0.903..0.903]	[2306.3523..2306.3523]	[0.228..0.228]	[0.0..0.002]	0.80639756	[1859.8369..1923.6852]
Group-1	PC 38:1:0	311.29	20180509_PC_brain_03.mzXML	35.0	2944.7	0.0	0.0	[0.0..0.0]	[0.0..1.0]	[0.887..0.908]	[2611.949..2673.788]	[0.284..0.289]	[0.0..0.0]	[0.887..0.887]	[2611.949..2611.949]	[0.279..0.279]	[0.0..0.002]	0.80639756	[2106.2693..2156.1357]
Group-1	PC 38:1:0	337.31	20180509_PC_brain_03.mzXML	25.0	4271.9	0.0	0.0	[13.0..13.0]	[1.0..1.0]	[0.953..0.953]	[4071.121..4071.121]	[0.652..0.652]	[0.67..0.88]	[0.953..0.953]	[4071.1206..4071.1206]	[0.652..0.652]	[0.674..0.878]	0.80639756	[3282.9417..3282.9417]
Group-1	PC 38:1:0	337.31	20180509_PC_brain_03.mzXML	30.0	4799.3	0.0	0.0	[13.0..13.0]	[0.0..0.0]	[0.785..0.785]	[3767.451..3767.451]	[0.58..0.58]	[0.67..0.88]	[0.785..0.785]	[3767.4504..3767.4504]	[0.58..0.58]	[0.674..0.878]	0.80639756	[3038.0627..3038.0627]
Group-1	PC 38:1:0	337.31	20180509_PC_brain_03.mzXML	35.0	4884.0	0.0	0.0	[13.0..13.0]	[0.0..1.0]	[0.761..0.812]	[3716.724..3965.808]	[0.565..0.581]	[0.67..0.88]	[0.795..0.806]	[3882.78..3936.504]	[0.576..0.58]	[0.674..0.878]	0.80639756	[2997.157..3198.0176]
Group-1	PC 38:2:0	253.22	20180509_PC_brain_03.mzXML	25.0	0.0	0.0	0.0	[9.0..9.0]	[0.0..0.0]	[0.902..0.902]	[0.0..0.0]	[0.0..0.0]	[0.0..0.0]	[0.902..0.902]	[0.0..0.0]	[0.0..0.0]	[0.0..0.0]	0.8080254	[0.0..0.0]
Group-1	PC 38:2:0	253.22	20180509_PC_brain_03.mzXML	30.0	324.5	0.0	0.0	[9.0..9.0]	[0.0..0.0]	[0.912..0.912]	[295.944..295.944]	[0.264..0.264]	[0.0..0.0]	[0.912..0.912]	[295.944..295.944]	[0.264..0.264]	[0.0..0.0]	0.8080254	[239.13028..239.13028]
Group-1	PC 38:2:0	253.22	20180509_PC_brain_03.mzXML	35.0	0.0	0.0	0.0	[9.0..9.0]	[0.0..0.0]	[0.935..0.935]	[0.0..0.0]	[0.0..0.0]	[0.0..0.0]	[0.935..0.935]	[0.0..0.0]	[0.0..0.0]	[0.0..0.0]	0.8080254	[0.0..0.0]
Group-1	PC 38:2:0	255.23	20180509_PC_brain_03.mzXML	25.0	1383.4	0.0	0.0	[0.0..0.0]	[0.0..1.0]	[1.0..1.0]	[1383.4..1383.4]	[0.389..0.417]	[0.22..0.56]	[1.0..1.0]	[1383.4..1383.4]	[0.395..0.404]	[0.224..0.56]	0.8080254	[1117.8224..1117.8224]
Group-1	PC 38:2:0	255.23	20180509_PC_brain_03.mzXML	30.0	1867.3	0.0	0.0	[0.0..0.0]	[1.0..1.0]	[1.0..1.0]	[1867.3..1867.3]	[0.523..0.523]	[0.22..0.56]	[1.0..1.0]	[1867.3..1867.3]	[0.523..0.523]	[0.224..0.56]	0.8080254	[1508.8259..1508.8259]
Group-1	PC 38:2:0	255.23	20180509_PC_brain_03.mzXML	35.0	1435.2	0.0	0.0	[0.0..0.0]	[0.0..0.0]	[1.0..1.0]	[1435.2..1435.2]	[0.453..0.453]	[0.22..0.56]	[1.0..1.0]	[1435.2..1435.2]	[0.453..0.453]	[0.224..0.56]	0.8080254	[1159.6781..1159.6781]
Group-1	PC 38:2:0	281.25	20180509_PC_brain_03.mzXML	25.0	24293.6	0.0	0.0	[9.0..9.0]	[0.0..0.0]	[0.87..0.87]	[21135.432..21135.432]	[0.601..0.601]	[0.75..0.91]	[0.87..0.87]	[21135.432..21135.432]	[0.601..0.601]	[0.751..0.914]	0.8080254	[17077.967..17077.967]
Group-1	PC 38:2:0	281.25	20180509_PC_brain_03.mzXML	30.0	29114.9	0.0	0.0	[9.0..9.0]	[0.0..0.0]	[0.856..0.856]	[24922.355..24922.355]	[0.623..0.623]	[0.75..0.91]	[0.856..0.856]	[24922.355..24922.355]	[0.623..0.623]	[0.751..0.914]	0.8080254	[20137.896..20137.896]
Group-1	PC 38:2:0	281.25	20180509_PC_brain_03.mzXML	35.0	27377.4	0.0	0.0	[9.0..9.0]	[0.0..0.0]	[0.868..0.868]	[23763.582..23763.582]	[0.655..0.655]	[0.75..0.91]	[0.868..0.868]	[23763.582..23763.582]	[0.655..0.655]	[0.751..0.914]	0.8080254	[19201.578..19201.578]
Group-1	PC 38:2:0	283.26	20180509_PC_brain_03.mzXML	25.0	3167.4	0.0	0.0	[0.0..0.0]	[0.0..0.0]	[0.968..0.968]	[3066.043..3066.043]	[0.292..0.292]	[0.0..0.11]	[0.968..0.968]	[3066.043..3066.043]	[0.292..0.292]	[0.0..0.113]	0.8080254	[2477.4407..2477.4407]
Group-1	PC 38:2:0	283.26	20180509_PC_brain_03.mzXML	30.0	3877.6	0.0	0.0	[0.0..0.0]	[0.0..0.0]	[0.946..0.946]	[3668.21..3668.21]	[0.323..0.323]	[0.0..0.11]	[0.946..0.946]	[3668.2097..3668.2097]	[0.323..0.323]	[0.0..0.113]	0.8080254	[2964.0066..2964.0066]
Group-1	PC 38:2:0	283.26	20180509_PC_brain_03.mzXML	35.0	4264.7	0.0	0.0	[0.0..0.0]	[0.0..0.0]	[0.937..0.937]	[3996.024..3996.024]	[0.355..0.355]	[0.0..0.11]	[0.937..0.937]	[3996.024..3996.024]	[0.355..0.355]	[0.0..0.113]	0.8080254	[3228.889..3228.889]
Group-1	PC 38:2:0	307.26	20180509_PC_brain_03.mzXML	25.0	7799.2	0.0	0.0	[11.0..11.0]	[1.0..1.0]	[0.951..0.951]	[7417.039..7417.039]	[0.708..0.708]	[0.89..1.0]	[0.951..0.951]	[7417.039..7417.039]	[0.708..0.708]	[0.887..1.0]	0.8080254	[5993.1562..5993.1562]
Group-1	PC 38:2:0	307.26	20180509_PC_brain_03.mzXML	30.0	8544.9	0.0	0.0	[11.0..11.0]	[1.0..1.0]	[0.9..0.9]	[7690.41..7690.41]	[0.677..0.677]	[0.89..1.0]	[0.9..0.9]	[7690.41..7690.41]	[0.677..0.677]	[0.887..1.0]	0.8080254	[6214.047..6214.047]
Group-1	PC 38:2:0	307.26	20180509_PC_brain_03.mzXML	35.0	8027.4	0.0	0.0	[11.0..11.0]	[1.0..1.0]	[0.906..0.906]	[7272.824..7272.824]	[0.645..0.645]	[0.89..1.0]	[0.906..0.906]	[7272.824..7272.824]	[0.645..0.645]	[0.887..1.0]	0.8080254	[5876.627..5876.627]
Group-1	PC 38:2:0	309.28	20180509_PC_brain_03.mzXML	25.0	14566.4	0.0	0.0	[11.0..11.0]	[1.0..1.0]	[0.964..0.964]	[14042.01..14042.01]	[0.399..0.399]	[0.09..0.25]	[0.964..0.964]	[14042.01..14042.01]	[0.399..0.399]	[0.086..0.249]	0.8080254	[11346.301..11346.301]
Group-1	PC 38:2:0	309.28	20180509_PC_brain_03.mzXML	30.0	16864.2	0.0	0.0	[11.0..11.0]	[1.0..1.0]	[0.894..0.894]	[15076.594..15076.594]	[0.377..0.377]	[0.09..0.25]	[0.894..0.894]	[15076.594..15076.594]	[0.377..0.377]	[0.086..0.249]	0.8080254	[12182.2705..12182.2705]
Group-1	PC 38:2:0	309.28	20180509_PC_brain_03.mzXML	35.0	14509.8	0.0	0.0	[11.0..11.0]	[1.0..1.0]	[0.861..0.861]	[12492.938..12492.938]	[0.345..0.345]	[0.09..0.25]	[0.861..0.861]	[12492.9375..12492.9375]	[0.345..0.345]	[0.086..0.249]	0.8080254	[10094.611..10094.611]
Group-1	PC 38:2:0	335.29	20180509_PC_brain_03.mzXML	25.0	2299.5	0.0	0.0	[13.0..13.0]	[0.0..1.0]	[0.84..0.946]	[1931.58..2175.327]	[0.583..0.611]	[0.44..0.78]	[0.887..0.923]	[2039.6566..2122.4385]	[0.596..0.605]	[0.44..0.776]	0.8080254	[1560.7656..1757.7195]
Group-1	PC 38:2:0	335.29	20180509_PC_brain_03.mzXML	30.0	2172.0	0.0	0.0	[13.0..13.0]	[0.0..0.0]	[0.785..0.785]	[1705.02..1705.02]	[0.477..0.477]	[0.44..0.78]	[0.785..0.785]	[1705.02..1705.02]	[0.477..0.477]	[0.44..0.776]	0.8080254	[1377.6996..1377.6996]
Group-1	PC 38:2:0	335.29	20180509_PC_brain_03.mzXML	35.0	2055.9	0.0	0.0	[13.0..13.0]	[1.0..1.0]	[0.843..0.843]	[1733.124..1733.124]	[0.547..0.547]	[0.44..0.78]	[0.843..0.843]	[1733.1237..1733.1237]	[0.547..0.547]	[0.44..0.776]	0.8080254	[1400.408..1400.408]
Group-1	PC 38:2:0	337.31	20180509_PC_brain_03.mzXML	25.0	670.5	0.0	0.0	[13.0..13.0]	[1.0..1.0]	[0.953..0.953]	[638.987..638.987]	[1.0..1.0]	[1.0..1.0]	[0.953..0.953]	[638.9865..638.9865]	[1.0..1.0]	[1.0..1.0]	0.8080254	[516.3174..516.3174]
Group-1	PC 38:2:0	337.31	20180509_PC_brain_03.mzXML	30.0	961.6	0.0	0.0	[13.0..13.0]	[1.0..1.0]	[0.858..0.858]	[825.053..825.053]	[0.736..0.736]	[1.0..1.0]	[0.858..0.858]	[825.05273..825.05273]	[0.736..0.736]	[1.0..1.0]	0.8080254	[666.66364..666.66364]
Group-1	PC 38:2:0	337.31	20180509_PC_brain_03.mzXML	35.0	857.5	0.0	0.0	[13.0..13.0]	[1.0..1.0]	[0.812..0.812]	[696.29..696.29]	[1.0..1.0]	[1.0..1.0]	[0.812..0.812]	[696.29..696.29]	[1.0..1.0]	[1.0..1.0]	0.8080254	[562.62..562.62]
Group-1	PC 38:3:0	255.23	20180509_PC_brain_03.mzXML	25.0	1685.0	0.0	0.0	[0.0..0.0]	[0.0..0.0]	[1.0..1.0]	[1685.0..1685.0]	[0.414..0.414]	[0.27..0.48]	[1.0..1.0]	[1685.0..1685.0]	[0.414..0.414]	[0.272..0.476]	0.80966043	[1364.2778..1364.2778]
Group-1	PC 38:3:0	255.23	20180509_PC_brain_03.mzXML	30.0	1647.0	0.0	0.0	[0.0..0.0]	[0.0..0.0]	[1.0..1.0]	[1647.0..1647.0]	[0.412..0.412]	[0.27..0.48]	[1.0..1.0]	[1647.0..1647.0]	[0.412..0.412]	[0.272..0.476]	0.80966043	[1333.5107..1333.5107]
Group-1	PC 38:3:0	255.23	20180509_PC_brain_03.mzXML	35.0	2092.1	0.0	0.0	[0.0..0.0]	[0.0..0.0]	[1.0..1.0]	[2092.1..2092.1]	[0.491..0.491]	[0.27..0.48]	[1.0..1.0]	[2092.1..2092.1]	[0.491..0.491]	[0.272..0.476]	0.80966043	[1693.8906..1693.8906]
Group-1	PC 38:3:0	279.23	20180509_PC_brain_03.mzXML	25.0	726.2	0.0	0.0	[9.0..9.0]	[0.0..0.0]	[0.867..0.867]	[629.615..629.615]	[1.0..1.0]	[1.0..1.0]	[0.867..0.867]	[629.6154..629.6154]	[1.0..1.0]	[1.0..1.0]	0.80966043	[509.77466..509.77466]
Group-1	PC 38:3:0	279.23	20180509_PC_brain_03.mzXML	30.0	882.7	0.0	0.0	[9.0..9.0]	[1.0..1.0]	[0.952..0.952]	[840.33..840.33]	[1.0..1.0]	[1.0..1.0]	[0.952..0.952]	[840.33044..840.33044]	[1.0..1.0]	[1.0..1.0]	0.80966043	[680.38226..680.38226]
Group-1	PC 38:3:0	279.23	20180509_PC_brain_03.mzXML	35.0	961.9	0.0	0.0	[9.0..9.0]	[0.0..1.0]	[0.951..0.996]	[914.767..958.052]	[0.801..0.803]	[1.0..1.0]	[0.996..0.996]	[958.0524..958.0524]	[0.81..0.81]	[1.0..1.0]	0.80966043	[740.6506..775.69714]
Group-1	PC 38:3:0	281.25	20180509_PC_brain_03.mzXML	25.0	4112.8	0.0	0.0	[9.0..9.0]	[0.0..0.0]	[0.87..0.87]	[3578.136..3578.136]	[0.655..0.655]	[0.89..1.0]	[0.87..0.87]	[3578.1357..3578.1357]	[0.655..0.655]	[0.886..1.0]	0.80966043	[2897.075..2897.075]
Group-1	PC 38:3:0	281.25	20180509_PC_brain_03.mzXML	30.0	5566.8	0.0	0.0	[9.0..9.0]	[0.0..0.0]	[0.856..0.856]	[4765.181..4765.181]	[0.656..0.656]	[0.89..1.0]	[0.856..0.856]	[4765.1807..4765.1807]	[0.656..0.656]	[0.886..1.0]	0.80966043	[3858.1785..3858.1785]
Group-1	PC 38:3:0	281.25	20180509_PC_brain_03.mzXML	35.0	5014.5	0.0	0.0	[9.0..9.0]	[0.0..0.0]	[0.868..0.868]	[4352.586..4352.586]	[0.704..0.704]	[0.89..1.0]	[0.868..0.868]	[4352.586..4352.586]	[0.704..0.704]	[0.886..1.0]	0.80966043	[3524.1165..3524.1165]
Group-1	PC 38:3:0	283.26	20180509_PC_brain_03.mzXML	25.0	4705.9	0.0	0.0	[0.0..0.0]	[0.0..1.0]	[0.968..0.988]	[4555.311..4649.429]	[0.226..0.246]	[0.0..0.0]	[0.968..0.968]	[4555.311..4555.311]	[0.223..0.228]	[0.0..0.0]	0.80966043	[3688.2551..3764.4587]
Group-1	PC 38:3:0	283.26	20180509_PC_brain_03.mzXML	30.0	6035.0	0.0	0.0	[0.0..0.0]	[0.0..1.0]	[0.946..0.958]	[5709.11..5781.53]	[0.234..0.283]	[0.0..0.0]	[0.946..0.946]	[5709.11..5709.11]	[0.232..0.267]	[0.0..0.0]	0.80966043	[4622.4404..4681.076]
Group-1	PC 38:3:0	283.26	20180509_PC_brain_03.mzXML	35.0	5197.4	0.0	0.0	[0.0..0.0]	[0.0..0.0]	[0.937..0.937]	[4869.964..4869.964]	[0.204..0.269]	[0.0..0.0]	[0.937..0.937]	[4869.9634..4869.9634]	[0.204..0.269]	[0.0..0.0]	0.80966043	[3943.0166..3943.0166]
Group-1	PC 38:3:0	305.25	20180509_PC_brain_03.mzXML	25.0	15449.1	0.0	0.0	[5.0..11.0]	[0.0..1.0]	[0.903..1.028]	[13950.537..15881.675]	[0.754..0.774]	[1.0..1.0]	[1.001..1.028]	[15464.55..15881.675]	[0.772..0.777]	[1.0..1.0]	0.80966043	[11295.197..12858.763]
Group-1	PC 38:3:0	305.25	20180509_PC_brain_03.mzXML	30.0	15608.3	0.0	0.0	[5.0..11.0]	[0.0..1.0]	[0.927..1.213]	[14468.894..18932.87]	[0.717..0.766]	[1.0..1.0]	[1.003..1.213]	[15655.125..18932.87]	[0.733..0.768]	[1.0..1.0]	0.80966043	[11714.891..15329.194]
Group-1	PC 38:3:0	305.25	20180509_PC_brain_03.mzXML	35.0	12060.1	0.0	0.0	[5.0..11.0]	[1.0..1.0]	[1.1..1.574]	[13266.109..18982.598]	[0.731..0.796]	[1.0..1.0]	[1.1..1.574]	[13266.109..18982.598]	[0.731..0.796]	[1.0..1.0]	0.80966043	[10741.045..15369.458]
Group-1	PC 38:3:0	307.26	20180509_PC_brain_03.mzXML	25.0	1986.0	0.0	0.0	[11.0..11.0]	[1.0..1.0]	[0.951..0.951]	[1888.686..1888.686]	[0.345..0.345]	[0.0..0.11]	[0.951..0.951]	[1888.6859..1888.6859]	[0.345..0.345]	[0.0..0.114]	0.80966043	[1529.1942..1529.1942]
Group-1	PC 38:3:0	307.26	20180509_PC_brain_03.mzXML	30.0	2779.4	0.0	0.0	[11.0..11.0]	[1.0..1.0]	[0.9..0.9]	[2501.46..2501.46]	[0.344..0.344]	[0.0..0.11]	[0.9..0.9]	[2501.46..2501.46]	[0.344..0.344]	[0.0..0.114]	0.80966043	[2025.333..2025.333]
Group-1	PC 38:3:0	307.26	20180509_PC_brain_03.mzXML	35.0	2019.7	0.0	0.0	[11.0..11.0]	[1.0..1.0]	[0.906..0.906]	[1829.848..1829.848]	[0.296..0.296]	[0.0..0.11]	[0.906..0.906]	[1829.8481..1829.8481]	[0.296..0.296]	[0.0..0.114]	0.80966043	[1481.5557..1481.5557]
Group-1	PC 38:3:0	309.28	20180509_PC_brain_03.mzXML	25.0	0.0	0.0	0.0	[11.0..11.0]	[1.0..1.0]	[0.964..0.964]	[0.0..0.0]	[0.0..0.0]	[0.0..0.0]	[0.964..0.964]	[0.0..0.0]	[0.0..0.0]	[0.0..0.0]	0.80966043	[0.0..0.0]
Group-1	PC 38:3:0	309.28	20180509_PC_brain_03.mzXML	30.0	0.0	0.0	0.0	[11.0..11.0]	[0.0..0.0]	[0.822..0.822]	[0.0..0.0]	[0.0..0.0]	[0.0..0.0]	[0.822..0.822]	[0.0..0.0]	[0.0..0.0]	[0.0..0.0]	0.80966043	[0.0..0.0]
Group-1	PC 38:3:0	309.28	20180509_PC_brain_03.mzXML	35.0	277.0	0.0	0.0	[11.0..11.0]	[0.0..1.0]	[0.812..0.861]	[224.924..238.497]	[0.197..0.199]	[0.0..0.0]	[0.812..0.812]	[224.924..224.924]	[0.19..0.19]	[0.0..0.0]	0.80966043	[182.11206..193.10158]
Group-1	PC 38:3:0	333.28	20180509_PC_brain_03.mzXML	25.0	2408.2	0.0	0.0	[13.0..13.0]	[1.0..1.0]	[0.989..0.989]	[2381.71..2381.71]	[0.586..0.586]	[0.52..0.73]	[0.989..0.989]	[2381.7097..2381.7097]	[0.586..0.586]	[0.524..0.728]	0.80966043	[1928.3762..1928.3762]
Group-1	PC 38:3:0	333.28	20180509_PC_brain_03.mzXML	30.0	2493.0	0.0	0.0	[13.0..13.0]	[1.0..1.0]	[0.943..0.943]	[2350.899..2350.899]	[0.588..0.588]	[0.52..0.73]	[0.943..0.943]	[2350.899..2350.899]	[0.588..0.588]	[0.524..0.728]	0.80966043	[1903.43..1903.43]
Group-1	PC 38:3:0	333.28	20180509_PC_brain_03.mzXML	35.0	2181.1	0.0	0.0	[13.0..13.0]	[1.0..1.0]	[0.994..0.994]	[2168.014..2168.014]	[0.509..0.509]	[0.52..0.73]	[0.994..0.994]	[2168.0134..2168.0134]	[0.509..0.509]	[0.524..0.728]	0.80966043	[1755.3547..1755.3547]
Group-1	PC 38:4:0	255.23	20180509_PC_brain_03.mzXML	25.0	12218.3	0.0	0.0	[0.0..0.0]	[0.0..1.0]	[1.0..1.0]	[12218.3..12218.3]	[0.3..0.326]	[0.0..0.19]	[1.0..1.0]	[12218.3..12218.3]	[0.3..0.327]	[0.0..0.187]	0.81129444	[9912.639..9912.639]
Group-1	PC 38:4:0	255.23	20180509_PC_brain_03.mzXML	30.0	14621.9	0.0	0.0	[0.0..0.0]	[0.0..1.0]	[1.0..1.0]	[14621.9..14621.9]	[0.306..0.348]	[0.0..0.19]	[1.0..1.0]	[14621.9..14621.9]	[0.306..0.346]	[0.0..0.187]	0.81129444	[11862.666..11862.666]
Group-1	PC 38:4:0	255.23	20180509_PC_brain_03.mzXML	35.0	13919.0	0.0	0.0	[0.0..0.0]	[0.0..0.0]	[1.0..1.0]	[13919.0..13919.0]	[0.331..0.383]	[0.0..0.19]	[1.0..1.0]	[13919.0..13919.0]	[0.331..0.389]	[0.0..0.187]	0.81129444	[11292.407..11292.407]
Group-1	PC 38:4:0	281.25	20180509_PC_brain_03.mzXML	25.0	3574.0	0.0	0.0	[9.0..9.0]	[0.0..1.0]	[0.87..0.964]	[3109.38..3445.336]	[0.532..0.538]	[0.24..0.59]	[0.893..0.925]	[3191.582..3305.95]	[0.555..0.571]	[0.238..0.595]	0.81129444	[2522.6228..2795.182]
Group-1	PC 38:4:0	281.25	20180509_PC_brain_03.mzXML	30.0	3593.1	0.0	0.0	[9.0..9.0]	[0.0..1.0]	[0.856..0.926]	[3075.694..3327.211]	[0.454..0.501]	[0.24..0.59]	[0.873..0.897]	[3136.7764..3223.0107]	[0.465..0.517]	[0.238..0.595]	0.81129444	[2495.2932..2699.3474]
Group-1	PC 38:4:0	281.25	20180509_PC_brain_03.mzXML	35.0	3173.5	0.0	0.0	[9.0..9.0]	[0.0..0.0]	[0.868..0.868]	[2754.598..2754.598]	[0.402..0.49]	[0.24..0.59]	[0.868..0.868]	[2754.598..2754.598]	[0.41..0.504]	[0.238..0.595]	0.81129444	[2234.7898..2234.7898]
Group-1	PC 38:4:0	283.26	20180509_PC_brain_03.mzXML	25.0	43455.0	0.0	0.0	[0.0..0.0]	[0.0..0.0]	[0.968..0.968]	[42064.44..42064.44]	[0.223..0.225]	[0.0..0.0]	[0.968..0.968]	[42064.44..42064.44]	[0.223..0.225]	[0.0..0.0]	0.81129444	[34126.65..34126.65]
Group-1	PC 38:4:0	283.26	20180509_PC_brain_03.mzXML	30.0	54985.6	0.0	0.0	[0.0..0.0]	[0.0..0.0]	[0.946..0.946]	[52016.38..52016.38]	[0.237..0.243]	[0.0..0.0]	[0.946..0.946]	[52016.38..52016.38]	[0.237..0.243]	[0.0..0.0]	0.81129444	[42200.598..42200.598]
Group-1	PC 38:4:0	283.26	20180509_PC_brain_03.mzXML	35.0	53380.2	0.0	0.0	[0.0..0.0]	[0.0..0.0]	[0.937..0.937]	[50017.246..50017.246]	[0.254..0.264]	[0.0..0.0]	[0.937..0.937]	[50017.246..50017.246]	[0.254..0.264]	[0.0..0.0]	0.81129444	[40578.71..40578.71]
Group-1	PC 38:4:0	303.23	20180509_PC_brain_03.mzXML	25.0	122698.1	5587.2	0.045536157	[5.6..5.7]	[1.0..1.0]	[1.179..1.192]	[144661.06..146256.14]	[0.775..0.777]	[1.0..1.0]	[1.179..1.192]	[144661.06..146256.14]	[0.775..0.777]	[1.0..1.0]	0.81129444	[117362.72..118656.8]
Group-1	PC 38:4:0	303.23	20180509_PC_brain_03.mzXML	30.0	102507.1	8068.4	0.078710645	[5.4..5.5]	[1.0..1.0]	[1.581..1.634]	[162063.72..167496.6]	[0.757..0.763]	[1.0..1.0]	[1.581..1.634]	[162063.72..167496.6]	[0.757..0.763]	[1.0..1.0]	0.81129444	[131481.39..135889.05]
Group-1	PC 38:4:0	303.23	20180509_PC_brain_03.mzXML	35.0	57735.6	6630.5	0.11484249	[5.2..5.3]	[1.0..1.0]	[2.417..2.548]	[139546.95..147110.31]	[0.736..0.746]	[1.0..1.0]	[2.417..2.548]	[139546.95..147110.31]	[0.736..0.746]	[1.0..1.0]	0.81129444	[113213.67..119349.79]
Group-1	PC 38:4:0	305.25	20180509_PC_brain_03.mzXML	25.0	2952.1	0.0	0.0	[5.0..11.0]	[0.0..1.0]	[0.903..1.028]	[2665.746..3034.759]	[0.462..0.468]	[0.41..0.76]	[0.811..0.899]	[2394.153..2653.938]	[0.429..0.445]	[0.405..0.762]	0.81129444	[2162.7053..2462.083]
Group-1	PC 38:4:0	305.25	20180509_PC_brain_03.mzXML	30.0	3298.4	0.0	0.0	[5.0..11.0]	[0.0..1.0]	[0.927..1.213]	[3057.617..4000.959]	[0.499..0.546]	[0.41..0.76]	[0.889..1.125]	[2932.2776..3710.7]	[0.483..0.535]	[0.405..0.762]	0.81129444	[2480.6272..3245.9558]
Group-1	PC 38:4:0	305.25	20180509_PC_brain_03.mzXML	35.0	2604.0	0.0	0.0	[5.0..11.0]	[1.0..1.0]	[1.1..1.574]	[2864.4..4098.696]	[0.51..0.598]	[0.41..0.76]	[1.041..1.521]	[2710.764..3960.684]	[0.496..0.59]	[0.405..0.762]	0.81129444	[2323.8718..3325.249]
Group-1	PC 38:4:0	331.26	20180509_PC_brain_03.mzXML	25.0	27291.2	0.0	0.0	[7.0..10.0]	[0.0..1.0]	[0.926..1.047]	[25271.65..28573.887]	[0.674..0.7]	[0.81..1.0]	[0.922..1.047]	[25162.486..28573.887]	[0.673..0.7]	[0.813..1.0]	0.81129444	[20502.748..23181.834]
Group-1	PC 38:4:0	331.26	20180509_PC_brain_03.mzXML	30.0	26653.8	0.0	0.0	[7.0..10.0]	[0.0..1.0]	[1.03..1.246]	[27453.414..33210.637]	[0.652..0.694]	[0.81..1.0]	[1.039..1.246]	[27693.3..33210.637]	[0.654..0.694]	[0.813..1.0]	0.81129444	[22272.803..26943.605]
Group-1	PC 38:4:0	331.26	20180509_PC_brain_03.mzXML	35.0	16422.4	0.0	0.0	[7.0..10.0]	[1.0..1.0]	[1.365..1.712]	[22416.576..28115.15]	[0.617..0.669]	[0.81..1.0]	[1.333..1.712]	[21891.059..28115.15]	[0.611..0.669]	[0.813..1.0]	0.81129444	[18186.443..22809.664]
Group-1	PC 38:5:0	255.23	20180509_PC_brain_03.mzXML	25.0	17422.9	0.0	0.0	[0.0..0.0]	[0.0..0.8]	[1.0..1.0]	[17422.9..17422.9]	[0.399..0.448]	[0.22..0.37]	[1.0..1.0]	[17422.9..17422.9]	[0.429..0.446]	[0.217..0.371]	0.81293565	[14163.697..14163.697]
Group-1	PC 38:5:0	255.23	20180509_PC_brain_03.mzXML	30.0	18691.7	0.0	0.0	[0.0..0.0]	[0.0..0.0]	[1.0..1.0]	[18691.7..18691.7]	[0.398..0.403]	[0.22..0.37]	[1.0..1.0]	[18691.7..18691.7]	[0.415..0.428]	[0.217..0.371]	0.81293565	[15195.148..15195.148]
Group-1	PC 38:5:0	255.23	20180509_PC_brain_03.mzXML	35.0	19160.2	0.0	0.0	[0.0..0.0]	[0.0..0.8]	[1.0..1.0]	[19160.2..19160.2]	[0.394..0.425]	[0.22..0.37]	[1.0..1.0]	[19160.2..19160.2]	[0.403..0.415]	[0.217..0.371]	0.81293565	[15576.009..15576.009]
Group-1	PC 38:5:0	281.25	20180509_PC_brain_03.mzXML	25.0	8861.3	0.0	0.0	[9.0..9.0]	[0.0..0.9]	[0.87..0.955]	[7709.331..8462.541]	[0.241..0.257]	[0.0..0.0]	[0.87..0.87]	[7709.331..7709.331]	[0.225..0.227]	[0.0..0.0]	0.81293565	[6267.19..6879.5015]
Group-1	PC 38:5:0	281.25	20180509_PC_brain_03.mzXML	30.0	10924.9	0.0	0.0	[9.0..9.0]	[0.0..0.0]	[0.856..0.856]	[9351.715..9351.715]	[0.234..0.24]	[0.0..0.0]	[0.856..0.856]	[9351.715..9351.715]	[0.234..0.24]	[0.0..0.0]	0.81293565	[7602.343..7602.343]
Group-1	PC 38:5:0	281.25	20180509_PC_brain_03.mzXML	35.0	12182.2	0.0	0.0	[9.0..9.0]	[0.0..0.9]	[0.868..0.909]	[10574.149..11073.62]	[0.277..0.297]	[0.0..0.0]	[0.868..0.868]	[10574.149..10574.149]	[0.268..0.278]	[0.0..0.0]	0.81293565	[8596.103..9002.141]
Group-1	PC 38:5:0	303.23	20180509_PC_brain_03.mzXML	25.0	22201.2	1104.2	0.04973605	[5.3..5.3]	[0.1..1.0]	[1.005..1.198]	[22312.205..26597.035]	[0.743..0.759]	[1.0..1.0]	[1.185..1.198]	[26308.42..26597.035]	[0.773..0.775]	[1.0..1.0]	0.81293565	[18138.387..21621.678]
Group-1	PC 38:5:0	303.23	20180509_PC_brain_03.mzXML	30.0	18462.6	1630.1	0.08829201	[5.0..5.0]	[1.0..1.0]	[1.602..1.656]	[29577.084..30574.064]	[0.76..0.766]	[1.0..1.0]	[1.602..1.656]	[29577.084..30574.064]	[0.76..0.766]	[1.0..1.0]	0.81293565	[24044.266..24854.748]
Group-1	PC 38:5:0	303.23	20180509_PC_brain_03.mzXML	35.0	11117.4	1206.8	0.10855056	[5.4..5.5]	[0.1..1.0]	[2.252..2.6]	[25036.387..28905.24]	[0.703..0.723]	[1.0..1.0]	[2.469..2.6]	[27448.863..28905.24]	[0.722..0.732]	[1.0..1.0]	0.81293565	[20352.973..23498.102]
Group-1	PC 38:5:0	329.25	20180509_PC_brain_03.mzXML	25.0	18533.8	3086.2	0.16651738	[4.3..4.5]	[0.2..1.0]	[1.159..1.416]	[21480.676..26243.861]	[0.552..0.601]	[0.63..0.78]	[1.17..1.251]	[21684.547..23185.785]	[0.554..0.571]	[0.629..0.783]	0.81293565	[17462.406..21334.57]
Group-1	PC 38:5:0	329.25	20180509_PC_brain_03.mzXML	30.0	11859.0	3183.7	0.26846278	[4.3..4.4]	[1.0..1.0]	[2.337..2.388]	[27714.482..28319.293]	[0.597..0.602]	[0.63..0.78]	[2.105..2.225]	[24963.195..26386.273]	[0.572..0.585]	[0.629..0.783]	0.81293565	[22530.09..23021.762]
Group-1	PC 38:5:0	329.25	20180509_PC_brain_03.mzXML	35.0	6056.2	2176.9	0.3594498	[4.5..4.5]	[0.2..1.0]	[4.276..4.856]	[25896.312..29408.908]	[0.575..0.606]	[0.63..0.78]	[4.458..4.69]	[26998.541..28403.58]	[0.585..0.597]	[0.629..0.783]	0.81293565	[21052.037..23907.55]
Group-1	PC 38:6:0	255.23	20180509_PC_brain_03.mzXML	25.0	33281.5	0.0	0.0	[0.0..0.0]	[0.0..0.0]	[1.0..1.0]	[33281.5..33281.5]	[0.355..0.355]	[0.14..0.23]	[1.0..1.0]	[33281.5..33281.5]	[0.355..0.355]	[0.139..0.233]	0.81459224	[27110.852..27110.852]
Group-1	PC 38:6:0	255.23	20180509_PC_brain_03.mzXML	30.0	36924.6	0.0	0.0	[0.0..0.0]	[0.0..0.0]	[1.0..1.0]	[36924.6..36924.6]	[0.368..0.368]	[0.14..0.23]	[1.0..1.0]	[36924.6..36924.6]	[0.368..0.368]	[0.139..0.233]	0.81459224	[30078.494..30078.494]
Group-1	PC 38:6:0	255.23	20180509_PC_brain_03.mzXML	35.0	33971.2	0.0	0.0	[0.0..0.0]	[0.0..0.0]	[1.0..1.0]	[33971.2..33971.2]	[0.4..0.4]	[0.14..0.23]	[1.0..1.0]	[33971.2..33971.2]	[0.4..0.4]	[0.139..0.233]	0.81459224	[27672.676..27672.676]
Group-1	PC 38:6:0	327.23	20180509_PC_brain_03.mzXML	25.0	31130.9	10905.2	0.35030147	[4.0..4.0]	[1.0..1.0]	[1.939..1.939]	[60362.816..60362.816]	[0.645..0.645]	[0.77..0.86]	[1.939..1.939]	[60362.816..60362.816]	[0.645..0.645]	[0.767..0.861]	0.81459224	[49171.082..49171.082]
Group-1	PC 38:6:0	327.23	20180509_PC_brain_03.mzXML	30.0	15118.3	8914.4	0.58964306	[4.0..4.0]	[1.0..1.0]	[4.197..4.197]	[63451.504..63451.504]	[0.632..0.632]	[0.77..0.86]	[4.197..4.197]	[63451.504..63451.504]	[0.632..0.632]	[0.767..0.861]	0.81459224	[51687.105..51687.105]
Group-1	PC 38:6:0	327.23	20180509_PC_brain_03.mzXML	35.0	4440.8	4123.9	0.928639	[4.0..4.0]	[1.0..1.0]	[11.468..11.468]	[50927.094..50927.094]	[0.6..0.6]	[0.77..0.86]	[11.468..11.468]	[50927.094..50927.094]	[0.6..0.6]	[0.767..0.861]	0.81459224	[41484.816..41484.816]
Group-1	PC 40:2:0	281.25	20180509_PC_brain_03.mzXML	25.0	3073.4	0.0	0.0	[9.0..9.0]	[0.0..0.0]	[0.87..0.87]	[2673.858..2673.858]	[0.487..0.487]	[0.47..0.65]	[0.87..0.87]	[2673.858..2673.858]	[0.487..0.487]	[0.468..0.648]	0.7860534	[2101.7952..2101.7952]
Group-1	PC 40:2:0	281.25	20180509_PC_brain_03.mzXML	30.0	3191.3	0.0	0.0	[9.0..9.0]	[1.0..1.0]	[0.926..0.926]	[2955.144..2955.144]	[0.557..0.557]	[0.47..0.65]	[0.926..0.926]	[2955.1438..2955.1438]	[0.557..0.557]	[0.468..0.648]	0.7860534	[2322.901..2322.901]
Group-1	PC 40:2:0	281.25	20180509_PC_brain_03.mzXML	35.0	3246.0	0.0	0.0	[9.0..9.0]	[0.0..1.0]	[0.868..0.913]	[2817.528..2963.598]	[0.534..0.538]	[0.47..0.65]	[0.889..0.897]	[2885.694..2911.662]	[0.537..0.538]	[0.468..0.648]	0.7860534	[2214.7273..2329.5461]
Group-1	PC 40:2:0	283.26	20180509_PC_brain_03.mzXML	25.0	944.8	0.0	0.0	[0.0..0.0]	[0.0..1.0]	[0.968..0.988]	[914.566..933.462]	[0.317..0.338]	[0.0..0.1]	[0.968..0.97]	[914.5664..916.456]	[0.313..0.315]	[0.0..0.097]	0.7860534	[718.898..733.7513]
Group-1	PC 40:2:0	283.26	20180509_PC_brain_03.mzXML	30.0	669.8	0.0	0.0	[0.0..0.0]	[1.0..1.0]	[0.958..0.958]	[641.668..641.668]	[0.298..0.298]	[0.0..0.1]	[0.958..0.958]	[641.6684..641.6684]	[0.298..0.298]	[0.0..0.097]	0.7860534	[504.38565..504.38565]
Group-1	PC 40:2:0	283.26	20180509_PC_brain_03.mzXML	35.0	662.8	0.0	0.0	[0.0..0.0]	[0.0..0.0]	[0.937..0.937]	[621.044..621.044]	[0.283..0.283]	[0.0..0.1]	[0.937..0.937]	[621.0436..621.0436]	[0.283..0.283]	[0.0..0.097]	0.7860534	[488.17343..488.17343]
Group-1	PC 40:2:0	309.28	20180509_PC_brain_03.mzXML	25.0	1240.7	0.0	0.0	[11.0..11.0]	[0.5..0.5]	[0.892..0.892]	[1106.704..1106.704]	[0.5..0.5]	[0.5..0.5]	[0.892..0.892]	[1106.7043..1106.7043]	[0.5..0.5]	[0.5..0.5]	0.7860534	[869.9287..869.9287]
Group-1	PC 40:2:0	309.28	20180509_PC_brain_03.mzXML	30.0	1897.2	0.0	0.0	[11.0..11.0]	[0.5..0.5]	[0.864..0.864]	[1639.181..1639.181]	[0.5..0.5]	[0.5..0.5]	[0.864..0.864]	[1639.1808..1639.1808]	[0.5..0.5]	[0.5..0.5]	0.7860534	[1288.4836..1288.4836]
Group-1	PC 40:2:0	309.28	20180509_PC_brain_03.mzXML	35.0	1524.6	0.0	0.0	[11.0..11.0]	[0.5..0.5]	[0.854..0.854]	[1302.008..1302.008]	[0.5..0.5]	[0.5..0.5]	[0.854..0.854]	[1302.0083..1302.0083]	[0.5..0.5]	[0.5..0.5]	0.7860534	[1023.44806..1023.44806]
Group-1	PC 40:2:0	335.29	20180509_PC_brain_03.mzXML	25.0	2128.4	0.0	0.0	[13.0..13.0]	[0.0..1.0]	[0.84..0.946]	[1787.856..2013.466]	[0.662..0.683]	[0.9..1.0]	[0.935..0.946]	[1990.054..2013.4663]	[0.685..0.687]	[0.903..1.0]	0.7860534	[1405.3502..1582.692]
Group-1	PC 40:2:0	335.29	20180509_PC_brain_03.mzXML	30.0	1927.0	0.0	0.0	[13.0..13.0]	[0.0..0.0]	[0.785..0.785]	[1512.695..1512.695]	[0.702..0.702]	[0.9..1.0]	[0.785..0.785]	[1512.6951..1512.6951]	[0.702..0.702]	[0.903..1.0]	0.7860534	[1189.0592..1189.0592]
Group-1	PC 40:2:0	335.29	20180509_PC_brain_03.mzXML	35.0	1868.6	0.0	0.0	[13.0..13.0]	[1.0..1.0]	[0.843..0.843]	[1575.23..1575.23]	[0.717..0.717]	[0.9..1.0]	[0.843..0.843]	[1575.2297..1575.2297]	[0.717..0.717]	[0.903..1.0]	0.7860534	[1238.2148..1238.2148]
Group-1	PC 40:2:0	337.31	20180509_PC_brain_03.mzXML	25.0	2952.2	0.0	0.0	[13.0..13.0]	[1.0..1.0]	[0.953..0.953]	[2813.447..2813.447]	[0.513..0.513]	[0.35..0.53]	[0.953..0.953]	[2813.4465..2813.4465]	[0.513..0.513]	[0.352..0.532]	0.7860534	[2211.5193..2211.5193]
Group-1	PC 40:2:0	337.31	20180509_PC_brain_03.mzXML	30.0	2994.2	0.0	0.0	[13.0..13.0]	[0.0..0.0]	[0.785..0.785]	[2350.447..2350.447]	[0.443..0.443]	[0.35..0.53]	[0.785..0.785]	[2350.447..2350.447]	[0.443..0.443]	[0.352..0.532]	0.7860534	[1847.5769..1847.5769]
Group-1	PC 40:2:0	337.31	20180509_PC_brain_03.mzXML	35.0	3180.6	0.0	0.0	[13.0..13.0]	[0.0..1.0]	[0.761..0.812]	[2420.437..2582.647]	[0.462..0.466]	[0.35..0.53]	[0.779..0.788]	[2477.6875..2506.3127]	[0.462..0.463]	[0.352..0.532]	0.7860534	[1902.5924..2030.0986]
Group-1	PC 40:3:0	281.25	20180509_PC_brain_03.mzXML	25.0	544.0	0.0	0.0	[9.0..9.0]	[0.0..1.0]	[0.87..0.964]	[473.28..524.416]	[0.446..0.45]	[0.37..1.0]	[0.905..0.964]	[492.31998..524.416]	[0.457..0.46]	[0.366..1.0]	0.78759354	[372.7523..413.02667]
Group-1	PC 40:3:0	281.25	20180509_PC_brain_03.mzXML	30.0	1083.7	0.0	0.0	[9.0..9.0]	[1.0..1.0]	[0.926..0.926]	[1003.506..1003.506]	[1.0..1.0]	[0.37..1.0]	[0.926..0.926]	[1003.50616..1003.50616]	[1.0..1.0]	[0.366..1.0]	0.78759354	[790.355..790.355]
Group-1	PC 40:3:0	281.25	20180509_PC_brain_03.mzXML	35.0	877.1	0.0	0.0	[9.0..9.0]	[0.0..0.0]	[0.868..0.868]	[761.323..761.323]	[0.641..0.641]	[0.37..1.0]	[0.868..0.868]	[761.32275..761.32275]	[0.641..0.641]	[0.366..1.0]	0.78759354	[599.6129..599.6129]
Group-1	PC 40:3:0	283.26	20180509_PC_brain_03.mzXML	25.0	850.3	0.0	0.0	[0.0..0.0]	[0.0..0.0]	[0.968..0.968]	[823.09..823.09]	[0.22..0.22]	[0.0..0.14]	[0.968..0.968]	[823.0904..823.0904]	[0.22..0.22]	[0.0..0.139]	0.78759354	[648.2607..648.2607]
Group-1	PC 40:3:0	283.26	20180509_PC_brain_03.mzXML	30.0	883.6	0.0	0.0	[0.0..0.0]	[0.0..0.0]	[0.946..0.946]	[835.886..835.886]	[0.22..0.22]	[0.0..0.14]	[0.946..0.946]	[835.88556..835.88556]	[0.22..0.22]	[0.0..0.139]	0.78759354	[658.3381..658.3381]
Group-1	PC 40:3:0	283.26	20180509_PC_brain_03.mzXML	35.0	1371.0	0.0	0.0	[0.0..0.0]	[0.0..0.0]	[0.937..0.937]	[1284.627..1284.627]	[0.365..0.365]	[0.0..0.14]	[0.937..0.937]	[1284.627..1284.627]	[0.365..0.365]	[0.0..0.139]	0.78759354	[1011.7639..1011.7639]
Group-1	PC 40:3:0	333.28	20180509_PC_brain_03.mzXML	25.0	2950.9	0.0	0.0	[13.0..13.0]	[1.0..1.0]	[0.989..0.989]	[2918.44..2918.44]	[0.78..0.78]	[0.86..1.0]	[0.989..0.989]	[2918.4402..2918.4402]	[0.78..0.78]	[0.861..1.0]	0.78759354	[2298.5444..2298.5444]
Group-1	PC 40:3:0	333.28	20180509_PC_brain_03.mzXML	30.0	3145.7	0.0	0.0	[13.0..13.0]	[1.0..1.0]	[0.943..0.943]	[2966.395..2966.395]	[0.78..0.78]	[0.86..1.0]	[0.943..0.943]	[2966.395..2966.395]	[0.78..0.78]	[0.861..1.0]	0.78759354	[2336.3137..2336.3137]
Group-1	PC 40:3:0	333.28	20180509_PC_brain_03.mzXML	35.0	2246.4	0.0	0.0	[13.0..13.0]	[1.0..1.0]	[0.994..0.994]	[2232.922..2232.922]	[0.635..0.635]	[0.86..1.0]	[0.994..0.994]	[2232.9216..2232.9216]	[0.635..0.635]	[0.861..1.0]	0.78759354	[1758.6345..1758.6345]
Group-1	PC 40:3:0	335.29	20180509_PC_brain_03.mzXML	25.0	688.0	0.0	0.0	[13.0..13.0]	[0.0..1.0]	[0.84..0.946]	[577.92..650.848]	[0.55..0.554]	[0.0..0.63]	[0.84..0.907]	[577.92..624.016]	[0.54..0.543]	[0.0..0.634]	0.78759354	[455.16608..512.6037]
Group-1	PC 40:3:0	335.29	20180509_PC_brain_03.mzXML	30.0	0.0	0.0	0.0	[13.0..13.0]	[0.0..0.0]	[0.785..0.785]	[0.0..0.0]	[0.0..0.0]	[0.0..0.63]	[0.785..0.785]	[0.0..0.0]	[0.0..0.0]	[0.0..0.634]	0.78759354	[0.0..0.0]
Group-1	PC 40:3:0	335.29	20180509_PC_brain_03.mzXML	35.0	505.7	0.0	0.0	[13.0..13.0]	[1.0..1.0]	[0.843..0.843]	[426.305..426.305]	[0.359..0.359]	[0.0..0.63]	[0.843..0.843]	[426.3051..426.3051]	[0.359..0.359]	[0.0..0.634]	0.78759354	[335.75516..335.75516]
Group-1	PC 40:4:0	255.23	20180509_PC_brain_03.mzXML	25.0	936.1	0.0	0.0	[0.0..0.0]	[0.0..1.0]	[1.0..1.0]	[936.1..936.1]	[0.273..0.299]	[0.0..0.19]	[1.0..1.0]	[936.1..936.1]	[0.273..0.278]	[0.0..0.191]	0.78913254	[738.707..738.707]
Group-1	PC 40:4:0	255.23	20180509_PC_brain_03.mzXML	30.0	1481.8	0.0	0.0	[0.0..0.0]	[1.0..1.0]	[1.0..1.0]	[1481.8..1481.8]	[0.381..0.381]	[0.0..0.19]	[1.0..1.0]	[1481.8..1481.8]	[0.381..0.381]	[0.0..0.191]	0.78913254	[1169.3367..1169.3367]
Group-1	PC 40:4:0	255.23	20180509_PC_brain_03.mzXML	35.0	1458.4	0.0	0.0	[0.0..0.0]	[0.0..0.0]	[1.0..1.0]	[1458.4..1458.4]	[0.343..0.343]	[0.0..0.19]	[1.0..1.0]	[1458.4..1458.4]	[0.343..0.343]	[0.0..0.191]	0.78913254	[1150.8708..1150.8708]
Group-1	PC 40:4:0	283.26	20180509_PC_brain_03.mzXML	25.0	6870.6	0.0	0.0	[0.0..0.0]	[0.0..1.0]	[0.968..0.988]	[6650.741..6788.153]	[0.228..0.247]	[0.0..0.0]	[0.968..0.968]	[6650.7407..6650.7407]	[0.225..0.228]	[0.0..0.0]	0.78913254	[5248.316..5356.752]
Group-1	PC 40:4:0	283.26	20180509_PC_brain_03.mzXML	30.0	10427.8	0.0	0.0	[0.0..0.0]	[0.0..1.0]	[0.946..0.958]	[9864.698..9989.832]	[0.26..0.296]	[0.0..0.0]	[0.946..0.946]	[9864.698..9864.698]	[0.258..0.282]	[0.0..0.0]	0.78913254	[7784.554..7883.302]
Group-1	PC 40:4:0	283.26	20180509_PC_brain_03.mzXML	35.0	9932.4	0.0	0.0	[0.0..0.0]	[0.0..0.0]	[0.937..0.937]	[9306.659..9306.659]	[0.266..0.312]	[0.0..0.0]	[0.937..0.937]	[9306.659..9306.659]	[0.266..0.312]	[0.0..0.0]	0.78913254	[7344.1875..7344.1875]
Group-1	PC 40:4:0	331.26	20180509_PC_brain_03.mzXML	25.0	21925.5	351.5	0.016031561	[7.6..7.9]	[0.0..1.0]	[0.926..1.047]	[20303.014..22956.0]	[0.753..0.772]	[1.0..1.0]	[1.028..1.047]	[22539.414..22956.0]	[0.772..0.775]	[1.0..1.0]	0.78913254	[16021.768..18115.326]
Group-1	PC 40:4:0	331.26	20180509_PC_brain_03.mzXML	30.0	22820.6	435.0	0.019061726	[8.6..8.9]	[0.0..1.0]	[1.03..1.246]	[23505.217..28434.469]	[0.704..0.74]	[1.0..1.0]	[1.103..1.246]	[25171.123..28434.469]	[0.718..0.742]	[1.0..1.0]	0.78913254	[18548.732..22438.564]
Group-1	PC 40:4:0	331.26	20180509_PC_brain_03.mzXML	35.0	15025.8	0.0	0.0	[7.0..10.0]	[1.0..1.0]	[1.365..1.712]	[20510.217..25724.17]	[0.688..0.734]	[1.0..1.0]	[1.365..1.712]	[20510.217..25724.17]	[0.688..0.734]	[1.0..1.0]	0.78913254	[16185.279..20299.78]
Group-1	PC 40:4:0	359.3	20180509_PC_brain_03.mzXML	25.0	2611.5	0.0	0.0	[9.0..9.0]	[0.0..1.0]	[0.84..0.954]	[2193.66..2491.371]	[0.701..0.727]	[0.81..1.0]	[0.932..0.954]	[2433.918..2491.371]	[0.722..0.727]	[0.809..1.0]	0.78913254	[1731.0884..1966.0219]
Group-1	PC 40:4:0	359.3	20180509_PC_brain_03.mzXML	30.0	2592.0	0.0	0.0	[9.0..9.0]	[0.0..0.0]	[0.927..0.927]	[2402.784..2402.784]	[0.619..0.619]	[0.81..1.0]	[0.927..0.927]	[2402.784..2402.784]	[0.619..0.619]	[0.809..1.0]	0.78913254	[1896.115..1896.115]
Group-1	PC 40:4:0	359.3	20180509_PC_brain_03.mzXML	35.0	2250.1	0.0	0.0	[9.0..9.0]	[1.0..1.0]	[1.243..1.243]	[2796.875..2796.875]	[0.657..0.657]	[0.81..1.0]	[1.243..1.243]	[2796.8745..2796.8745]	[0.657..0.657]	[0.809..1.0]	0.78913254	[2207.1047..2207.1047]
Group-1	PC 40:5:0	281.25	20180509_PC_brain_03.mzXML	25.0	2291.2	0.0	0.0	[9.0..9.0]	[0.0..1.0]	[0.87..0.964]	[1993.344..2208.717]	[0.431..0.436]	[0.33..0.75]	[0.901..0.941]	[2064.371..2156.019]	[0.467..0.467]	[0.328..0.748]	0.7906781	[1576.0934..1746.3839]
Group-1	PC 40:5:0	281.25	20180509_PC_brain_03.mzXML	30.0	2957.0	0.0	0.0	[9.0..9.0]	[0.0..1.0]	[0.856..0.926]	[2531.192..2738.182]	[0.468..0.496]	[0.33..0.75]	[0.879..0.909]	[2599.2031..2687.9128]	[0.487..0.513]	[0.328..0.748]	0.7906781	[2001.3582..2165.0205]
Group-1	PC 40:5:0	281.25	20180509_PC_brain_03.mzXML	35.0	3574.2	0.0	0.0	[9.0..9.0]	[0.0..0.0]	[0.868..0.868]	[3102.406..3102.406]	[0.537..0.593]	[0.33..0.75]	[0.868..0.868]	[3102.4055..3102.4055]	[0.547..0.604]	[0.328..0.748]	0.7906781	[2453.004..2453.004]
Group-1	PC 40:5:0	283.26	20180509_PC_brain_03.mzXML	25.0	5336.1	0.0	0.0	[0.0..0.0]	[0.0..0.8]	[0.968..0.984]	[5165.345..5250.723]	[0.229..0.269]	[0.0..0.0]	[0.968..0.968]	[5165.3447..5165.3447]	[0.226..0.235]	[0.0..0.0]	0.7906781	[4084.1248..4151.6313]
Group-1	PC 40:5:0	283.26	20180509_PC_brain_03.mzXML	30.0	6826.2	0.0	0.0	[0.0..0.0]	[0.0..0.0]	[0.946..0.946]	[6457.586..6457.586]	[0.252..0.275]	[0.0..0.0]	[0.946..0.946]	[6457.5854..6457.5854]	[0.252..0.275]	[0.0..0.0]	0.7906781	[5105.871..5105.871]
Group-1	PC 40:5:0	283.26	20180509_PC_brain_03.mzXML	35.0	6911.5	0.0	0.0	[0.0..0.0]	[0.0..0.8]	[0.937..0.944]	[6476.075..6524.456]	[0.256..0.306]	[0.0..0.0]	[0.937..0.937]	[6476.075..6476.075]	[0.254..0.289]	[0.0..0.0]	0.7906781	[5120.4907..5158.744]
Group-1	PC 40:5:0	303.23	20180509_PC_brain_03.mzXML	25.0	1936.2	0.0	0.0	[5.0..8.0]	[0.3..0.3]	[0.911..0.965]	[1763.878..1868.433]	[0.742..0.753]	[1.0..1.0]	[1.12..1.198]	[2168.544..2319.5674]	[0.78..0.791]	[1.0..1.0]	0.7906781	[1394.6598..1477.329]
Group-1	PC 40:5:0	303.23	20180509_PC_brain_03.mzXML	30.0	1699.3	0.0	0.0	[5.0..8.0]	[0.0..0.3]	[1.231..1.443]	[2091.838..2452.09]	[0.739..0.764]	[1.0..1.0]	[1.337..1.656]	[2271.964..2814.041]	[0.755..0.792]	[1.0..1.0]	0.7906781	[1653.9707..1938.8138]
Group-1	PC 40:5:0	303.23	20180509_PC_brain_03.mzXML	35.0	935.4	0.0	0.0	[5.0..8.0]	[0.0..0.0]	[1.709..2.354]	[1598.599..2201.932]	[0.718..0.778]	[1.0..1.0]	[1.814..2.6]	[1696.8157..2432.04]	[0.73..0.795]	[1.0..1.0]	0.7906781	[1263.9769..1741.0192]
Group-1	PC 40:5:0	309.28	20180509_PC_brain_03.mzXML	25.0	655.4	0.0	0.0	[11.0..11.0]	[0.7..0.7]	[0.935..0.935]	[612.799..612.799]	[0.247..0.258]	[0.0..0.0]	[0.935..0.935]	[612.799..612.799]	[0.209..0.22]	[0.0..0.0]	0.7906781	[484.52676..484.52676]
Group-1	PC 40:5:0	309.28	20180509_PC_brain_03.mzXML	30.0	847.1	0.0	0.0	[11.0..11.0]	[0.7..1.0]	[0.872..0.894]	[738.671..757.307]	[0.236..0.261]	[0.0..0.0]	[0.872..0.872]	[738.67114..738.67114]	[0.208..0.245]	[0.0..0.0]	0.7906781	[584.0511..598.7863]
Group-1	PC 40:5:0	309.28	20180509_PC_brain_03.mzXML	35.0	728.9	0.0	0.0	[11.0..11.0]	[1.0..1.0]	[0.861..0.861]	[627.583..627.583]	[0.222..0.282]	[0.0..0.0]	[0.861..0.861]	[627.58295..627.58295]	[0.205..0.27]	[0.0..0.0]	0.7906781	[496.21603..496.21603]
Group-1	PC 40:5:0	329.25	20180509_PC_brain_03.mzXML	25.0	12726.7	1915.6	0.1505182	[4.7..4.8]	[0.2..1.0]	[1.101..1.389]	[14012.097..17677.387]	[0.731..0.771]	[1.0..1.0]	[1.32..1.389]	[16799.244..17677.387]	[0.765..0.774]	[1.0..1.0]	0.7906781	[11079.058..13977.122]
Group-1	PC 40:5:0	329.25	20180509_PC_brain_03.mzXML	30.0	8373.4	1717.7	0.20513768	[5.2..5.2]	[1.0..1.0]	[2.036..2.287]	[17048.244..19149.967]	[0.725..0.748]	[1.0..1.0]	[2.036..2.287]	[17048.244..19149.967]	[0.725..0.748]	[1.0..1.0]	0.7906781	[13479.672..15141.458]
Group-1	PC 40:5:0	329.25	20180509_PC_brain_03.mzXML	35.0	4167.6	1007.7	0.24179384	[5.6..5.7]	[0.2..1.0]	[3.531..4.561]	[14715.796..19008.424]	[0.694..0.744]	[1.0..1.0]	[3.823..4.561]	[15932.735..19008.424]	[0.711..0.746]	[1.0..1.0]	0.7906781	[11635.457..15029.544]
Group-1	PC 40:5:0	331.26	20180509_PC_brain_03.mzXML	25.0	2780.8	0.0	0.0	[7.0..10.0]	[0.0..1.0]	[0.926..1.047]	[2575.021..2911.498]	[0.564..0.569]	[0.25..0.67]	[0.846..0.884]	[2352.557..2458.2273]	[0.533..0.533]	[0.252..0.672]	0.7906781	[2036.0127..2302.0576]
Group-1	PC 40:5:0	331.26	20180509_PC_brain_03.mzXML	30.0	2498.4	0.0	0.0	[7.0..10.0]	[0.0..1.0]	[1.03..1.246]	[2573.352..3113.006]	[0.504..0.532]	[0.25..0.67]	[0.987..1.135]	[2465.9207..2835.6838]	[0.487..0.513]	[0.252..0.672]	0.7906781	[2034.6929..2461.386]
Group-1	PC 40:5:0	331.26	20180509_PC_brain_03.mzXML	35.0	1560.5	0.0	0.0	[7.0..10.0]	[1.0..1.0]	[1.365..1.712]	[2130.083..2671.576]	[0.407..0.463]	[0.25..0.67]	[1.301..1.644]	[2030.2104..2565.4622]	[0.396..0.453]	[0.252..0.672]	0.7906781	[1684.2096..2112.3567]
Group-1	PC 40:6:0	281.25	20180509_PC_brain_03.mzXML	25.0	8390.1	0.0	0.0	[9.0..9.0]	[0.0..0.0]	[0.87..0.87]	[7299.387..7299.387]	[0.709..0.739]	[1.0..1.0]	[0.87..0.87]	[7299.3867..7299.3867]	[0.733..0.756]	[1.0..1.0]	0.79223794	[5782.851..5782.851]
Group-1	PC 40:6:0	281.25	20180509_PC_brain_03.mzXML	30.0	12315.3	0.0	0.0	[9.0..9.0]	[0.0..0.0]	[0.856..0.856]	[10541.896..10541.896]	[0.83..0.876]	[1.0..1.0]	[0.856..0.856]	[10541.896..10541.896]	[0.845..0.882]	[1.0..1.0]	0.79223794	[8351.69..8351.69]
Group-1	PC 40:6:0	281.25	20180509_PC_brain_03.mzXML	35.0	11223.3	0.0	0.0	[9.0..9.0]	[0.0..0.0]	[0.868..0.868]	[9741.824..9741.824]	[1.0..1.0]	[1.0..1.0]	[0.868..0.868]	[9741.824..9741.824]	[1.0..1.0]	[1.0..1.0]	0.79223794	[7717.8423..7717.8423]
Group-1	PC 40:6:0	283.26	20180509_PC_brain_03.mzXML	25.0	15120.0	0.0	0.0	[0.0..0.0]	[0.0..0.0]	[0.968..0.968]	[14636.16..14636.16]	[0.245..0.245]	[0.0..0.06]	[0.968..0.968]	[14636.16..14636.16]	[0.245..0.245]	[0.0..0.059]	0.79223794	[11595.321..11595.321]
Group-1	PC 40:6:0	283.26	20180509_PC_brain_03.mzXML	30.0	18400.4	0.0	0.0	[0.0..0.0]	[0.0..0.0]	[0.946..0.946]	[17406.78..17406.78]	[0.272..0.272]	[0.0..0.06]	[0.946..0.946]	[17406.78..17406.78]	[0.272..0.272]	[0.0..0.059]	0.79223794	[13790.311..13790.311]
Group-1	PC 40:6:0	283.26	20180509_PC_brain_03.mzXML	35.0	18485.7	0.0	0.0	[0.0..0.0]	[0.0..0.0]	[0.937..0.937]	[17321.1..17321.1]	[0.335..0.335]	[0.0..0.06]	[0.937..0.937]	[17321.1..17321.1]	[0.335..0.335]	[0.0..0.059]	0.79223794	[13722.433..13722.433]
Group-1	PC 40:6:0	327.23	20180509_PC_brain_03.mzXML	25.0	23258.4	7931.2	0.3410037	[4.0..4.0]	[1.0..1.0]	[1.939..1.939]	[45098.04..45098.04]	[0.755..0.755]	[0.94..1.0]	[1.939..1.939]	[45098.04..45098.04]	[0.755..0.755]	[0.941..1.0]	0.79223794	[35728.38..35728.38]
Group-1	PC 40:6:0	327.23	20180509_PC_brain_03.mzXML	30.0	11111.1	5643.3	0.5078975	[4.0..4.0]	[1.0..1.0]	[4.197..4.197]	[46633.285..46633.285]	[0.728..0.728]	[0.94..1.0]	[4.197..4.197]	[46633.285..46633.285]	[0.728..0.728]	[0.941..1.0]	0.79223794	[36944.66..36944.66]
Group-1	PC 40:6:0	327.23	20180509_PC_brain_03.mzXML	35.0	3001.4	3514.1	1.1708204	[4.0..4.0]	[1.0..1.0]	[11.468..11.468]	[34420.055..34420.055]	[0.665..0.665]	[0.94..1.0]	[11.468..11.468]	[34420.055..34420.055]	[0.665..0.665]	[0.941..1.0]	0.79223794	[27268.873..27268.873]
Group-1	PC 40:6:0	329.25	20180509_PC_brain_03.mzXML	25.0	2089.3	0.0	0.0	[4.0..7.0]	[1.0..1.0]	[1.231..1.437]	[2571.928..3002.324]	[0.261..0.291]	[0.0..0.0]	[1.127..1.274]	[2354.641..2661.7683]	[0.244..0.267]	[0.0..0.0]	0.79223794	[2037.5791..2378.5552]
Group-1	PC 40:6:0	329.25	20180509_PC_brain_03.mzXML	30.0	875.2	0.0	0.0	[4.0..7.0]	[1.0..1.0]	[1.71..2.463]	[1496.592..2155.618]	[0.124..0.17]	[0.0..0.0]	[1.612..2.204]	[1410.8224..1928.9408]	[0.118..0.155]	[0.0..0.0]	0.79223794	[1185.657..1707.7621]
Group-1	PC 40:6:0	329.25	20180509_PC_brain_03.mzXML	35.0	0.0	0.0	0.0	[4.0..7.0]	[1.0..1.0]	[2.863..5.077]	[0.0..0.0]	[0.0..0.0]	[0.0..0.0]	[2.752..4.527]	[0.0..0.0]	[0.0..0.0]	[0.0..0.0]	0.79223794	[0.0..0.0]
Group-1	PC 40:7:0	281.25	20180509_PC_brain_03.mzXML	25.0	6627.3	0.0	0.0	[9.0..9.0]	[0.0..0.0]	[0.87..0.87]	[5765.751..5765.751]	[0.378..0.378]	[0.2..0.68]	[0.87..0.87]	[5765.751..5765.751]	[0.378..0.378]	[0.196..0.684]	0.7937967	[4576.8345..4576.8345]
Group-1	PC 40:7:0	281.25	20180509_PC_brain_03.mzXML	30.0	8205.7	0.0	0.0	[9.0..9.0]	[0.0..0.0]	[0.856..0.856]	[7024.08..7024.08]	[0.449..0.449]	[0.2..0.68]	[0.856..0.856]	[7024.0796..7024.0796]	[0.449..0.449]	[0.196..0.684]	0.7937967	[5575.691..5575.691]
Group-1	PC 40:7:0	281.25	20180509_PC_brain_03.mzXML	35.0	7544.0	0.0	0.0	[9.0..9.0]	[0.0..0.0]	[0.868..0.868]	[6548.192..6548.192]	[0.569..0.569]	[0.2..0.68]	[0.868..0.868]	[6548.192..6548.192]	[0.569..0.569]	[0.196..0.684]	0.7937967	[5197.933..5197.933]
Group-1	PC 40:7:0	327.23	20180509_PC_brain_03.mzXML	25.0	4896.4	0.0	0.0	[4.0..4.0]	[1.0..1.0]	[1.939..1.939]	[9494.119..9494.119]	[0.622..0.622]	[0.32..0.8]	[1.939..1.939]	[9494.119..9494.119]	[0.622..0.622]	[0.316..0.804]	0.7937967	[7536.401..7536.401]
Group-1	PC 40:7:0	327.23	20180509_PC_brain_03.mzXML	30.0	2054.6	0.0	0.0	[4.0..4.0]	[1.0..1.0]	[4.197..4.197]	[8623.156..8623.156]	[0.551..0.551]	[0.32..0.8]	[4.197..4.197]	[8623.156..8623.156]	[0.551..0.551]	[0.316..0.804]	0.7937967	[6845.0337..6845.0337]
Group-1	PC 40:7:0	327.23	20180509_PC_brain_03.mzXML	35.0	432.6	0.0	0.0	[4.0..4.0]	[1.0..1.0]	[11.468..11.468]	[4961.057..4961.057]	[0.431..0.431]	[0.32..0.8]	[11.468..11.468]	[4961.057..4961.057]	[0.431..0.431]	[0.316..0.804]	0.7937967	[3938.0706..3938.0706]
Group-1	PC 44:0:0	339.32	20180509_PC_brain_03.mzXML	25.0	725224.8	0.0	0.0	[0.0..0.0]	[0.5..0.5]	[0.984..0.984]	[713621.25..713621.25]	[0.5..0.5]	[0.5..0.5]	[0.984..0.984]	[713621.25..713621.25]	[0.5..0.5]	[0.5..0.5]	0.7430324	[530243.7..530243.7]
Group-1	PC 44:0:0	339.32	20180509_PC_brain_03.mzXML	30.0	870169.1	0.0	0.0	[0.0..0.0]	[0.5..0.5]	[0.901..0.901]	[784022.4..784022.4]	[0.5..0.5]	[0.5..0.5]	[0.901..0.901]	[784022.4..784022.4]	[0.5..0.5]	[0.5..0.5]	0.7430324	[582554.06..582554.06]
Group-1	PC 44:0:0	339.32	20180509_PC_brain_03.mzXML	35.0	805181.6	0.0	0.0	[0.0..0.0]	[0.5..0.5]	[0.87..0.87]	[700508.06..700508.06]	[0.5..0.5]	[0.5..0.5]	[0.87..0.87]	[700508.0..700508.0]	[0.5..0.5]	[0.5..0.5]	0.7430324	[520500.2..520500.2]
Group-1	PC 44:12:0	327.23	20180509_PC_brain_03.mzXML	25.0	308817.6	125743.0	0.40717563	[4.0..4.0]	[0.5..0.5]	[2.076..2.076]	[641105.4..641105.4]	[0.5..0.5]	[0.5..0.5]	[2.076..2.076]	[641105.3..641105.3]	[0.5..0.5]	[0.5..0.5]	0.75972176	[487061.66..487061.66]
Group-1	PC 44:12:0	327.23	20180509_PC_brain_03.mzXML	30.0	140276.6	83526.3	0.59544003	[4.0..4.0]	[0.5..0.5]	[4.923..4.923]	[690581.6..690581.6]	[0.5..0.5]	[0.5..0.5]	[4.923..4.923]	[690581.6..690581.6]	[0.5..0.5]	[0.5..0.5]	0.75972176	[524649.9..524649.9]
Group-1	PC 44:12:0	327.23	20180509_PC_brain_03.mzXML	35.0	45516.7	41054.6	0.9019679	[4.0..4.0]	[0.5..0.5]	[14.275..14.275]	[649750.9..649750.9]	[0.5..0.5]	[0.5..0.5]	[14.275..14.275]	[649750.9..649750.9]	[0.5..0.5]	[0.5..0.5]	0.75972176	[493629.88..493629.88]
